# SSTK version 0.8.0
# 6
mtllib original-6.mtl
o Component_7_1/Component_7/mesh4/mesh4-geometry#mesh4-geometry
v -0.518042 0.205167 0.214462
v -0.518042 0.205743 -0.714737
v -0.518042 0.205167 -0.714737
v -0.518042 0.205743 0.214462
v 0.520279 0.205167 -0.714737
v -0.517182 0.205167 0.235645
v -0.517113 0.212804 -0.714737
v 0.520279 0.205743 -0.714737
v 0.213637 0.205167 -0.261875
v -0.516051 0.205167 0.256815
v -0.517182 0.205743 0.235645
v -0.517113 0.212804 0.214443
v 0.520279 0.205743 0.214462
v 0.245327 0.205167 -0.239317
v 0.178354 0.205167 -0.281128
v -0.514647 0.205167 0.277969
v -0.516051 0.205743 0.256815
v -0.516254 0.212804 0.235601
v -0.514387 0.219384 -0.714737
v 0.519349 0.212804 -0.714737
v 0.520279 0.205167 0.214462
v 0.519349 0.212804 0.214443
v 0.273606 0.205167 -0.213811
v 0.245327 0.205743 -0.239317
v 0.213637 0.205743 -0.261875
v 0.139295 0.205167 -0.296722
v -0.512972 0.205167 0.299103
v -0.514647 0.205743 0.277969
v -0.515123 0.212804 0.256759
v -0.513531 0.219384 0.235473
v -0.514387 0.219384 0.214387
v 0.519419 0.205167 0.235645
v 0.51849 0.212804 0.235601
v 0.298655 0.205167 -0.185712
v 0.273606 0.205743 -0.213811
v 0.178354 0.205743 -0.281128
v 0.139295 0.205743 -0.296722
v 0.09628 0.205167 -0.3083
v -0.511025 0.205167 0.320214
v -0.512972 0.205743 0.299103
v -0.51372 0.212804 0.277901
v -0.512402 0.219384 0.256596
v -0.510051 0.225034 -0.714737
v 0.516624 0.219384 -0.714737
v 0.516624 0.219384 0.214387
v 0.519419 0.205743 0.235645
v 0.33979 0.205167 -0.123158
v 0.515768 0.219384 0.235473
v 0.320655 0.205167 -0.155376
v 0.24591 0.212804 -0.240043
v 0.274266 0.212804 -0.214468
v 0.214131 0.212804 -0.262664
v 0.049127 0.205167 -0.315508
v -0.508808 0.205167 0.341298
v -0.512046 0.212804 0.299024
v -0.511002 0.219384 0.277703
v -0.5092 0.225034 0.235269
v -0.508074 0.225034 0.256337
v -0.510051 0.225034 0.214299
v 0.518287 0.205743 0.256815
v 0.356239 0.205167 -0.089414
v 0.517359 0.212804 0.256759
v 0.514639 0.219384 0.256596
v 0.320655 0.205743 -0.155376
v 0.298655 0.205743 -0.185712
v 0.29938 0.212804 -0.186296
v 0.17875 0.212804 -0.281971
v 0.13959 0.212804 -0.297605
v 0.09628 0.205743 -0.3083
v -0.002347 0.205167 -0.31799
v -0.50632 0.205167 0.362352
v -0.511025 0.205743 0.320214
v -0.5101 0.212804 0.320123
v -0.50933 0.219384 0.298791
v -0.506677 0.225034 0.277388
v -0.504401 0.22937 0.214185
v 0.512288 0.225034 -0.714737
v 0.512288 0.225034 0.214299
v 0.511437 0.225034 0.235269
v 0.518287 0.205167 0.256815
v 0.356239 0.205743 -0.089414
v 0.510311 0.225034 0.256337
v 0.247619 0.219384 -0.242173
v 0.276202 0.219384 -0.216392
v 0.301506 0.219384 -0.188007
v 0.215579 0.219384 -0.264979
v 0.049127 0.205743 -0.315508
v -0.05382 0.205167 -0.315508
v -0.503562 0.205167 0.383372
v -0.50632 0.205743 0.362352
v -0.508808 0.205743 0.341298
v -0.507388 0.219384 0.319855
v -0.50501 0.225034 0.29842
v -0.503556 0.22937 0.235004
v -0.502434 0.22937 0.255999
v -0.504401 0.22937 -0.714737
v 0.516884 0.205167 0.277969
v 0.515956 0.212804 0.277901
v 0.33979 0.205743 -0.123158
v 0.370186 0.205743 -0.054499
v 0.513238 0.219384 0.277703
v 0.508914 0.225034 0.277389
v 0.321433 0.212804 -0.155887
v 0.323712 0.219384 -0.157386
v 0.179912 0.219384 -0.284441
v 0.140452 0.219384 -0.300196
v 0.096472 0.212804 -0.309212
v 0.04922 0.212804 -0.316435
v -0.002347 0.205743 -0.31799
v -0.100974 0.205167 -0.3083
v -0.500534 0.205167 0.404355
v -0.507884 0.212804 0.341195
v -0.505176 0.219384 0.340892
v -0.503073 0.225034 0.319429
v -0.501042 0.22937 0.276978
v -0.497821 0.232095 0.214051
v 0.506638 0.22937 -0.714737
v 0.506638 0.22937 0.214185
v 0.505793 0.22937 0.235004
v 0.516884 0.205743 0.277969
v 0.515208 0.205167 0.299103
v 0.35709 0.212804 -0.08979
v 0.370186 0.205167 -0.054499
v 0.37106 0.212804 -0.054815
v 0.340608 0.212804 -0.1236
v 0.50467 0.22937 0.255999
v 0.250337 0.225034 -0.24556
v 0.279281 0.225034 -0.219453
v 0.327339 0.225034 -0.159771
v 0.217883 0.225034 -0.268661
v -0.05382 0.205743 -0.315508
v -0.143989 0.205167 -0.296722
v -0.497237 0.205167 0.425298
v -0.503562 0.205743 0.383372
v -0.505398 0.212804 0.362237
v -0.500867 0.225034 0.340411
v -0.49938 0.22937 0.297938
v -0.496983 0.232095 0.234695
v -0.495865 0.232095 0.255606
v -0.497821 0.232095 -0.714737
v 0.515208 0.205743 0.299103
v 0.514282 0.212804 0.299024
v 0.511567 0.219384 0.298791
v 0.381811 0.205743 -0.018769
v 0.382703 0.212804 -0.019031
v 0.507247 0.225034 0.29842
v 0.503278 0.22937 0.276978
v 0.343009 0.219384 -0.124895
v 0.304887 0.225034 -0.190729
v 0.346828 0.225034 -0.126955
v 0.181761 0.225034 -0.288372
v 0.141824 0.225034 -0.304316
v 0.097034 0.219384 -0.311883
v 0.049492 0.219384 -0.31915
v -0.002347 0.212804 -0.318921
v -0.100974 0.205743 -0.3083
v -0.143989 0.205743 -0.296722
v -0.183047 0.205167 -0.281128
v -0.493671 0.205167 0.446196
v -0.500534 0.205743 0.404355
v -0.502641 0.212804 0.383245
v -0.502693 0.219384 0.3619
v -0.498391 0.225034 0.361363
v -0.49745 0.22937 0.318874
v -0.494479 0.232095 0.2765
v -0.49076 0.233025 0.213908
v 0.500058 0.232095 -0.714737
v 0.500058 0.232095 0.214051
v 0.49922 0.232095 0.234695
v 0.513262 0.205167 0.320214
v 0.359583 0.219384 -0.090895
v 0.373624 0.219384 -0.055744
v 0.381811 0.205167 -0.018769
v 0.385319 0.219384 -0.019798
v 0.498102 0.232095 0.255606
v 0.220885 0.22937 -0.273459
v 0.253879 0.22937 -0.249974
v 0.283294 0.22937 -0.223443
v 0.309294 0.22937 -0.194277
v 0.332065 0.22937 -0.162879
v 0.184171 0.22937 -0.293494
v -0.053913 0.212804 -0.316435
v -0.21833 0.205167 -0.261875
v -0.489837 0.205167 0.467047
v -0.497237 0.205743 0.425298
v -0.499615 0.212804 0.404217
v -0.499941 0.219384 0.382873
v -0.495251 0.22937 0.339784
v -0.492825 0.232095 0.297376
v -0.48993 0.233025 0.234363
v -0.488817 0.233025 0.255183
v -0.49076 0.233025 -0.714737
v 0.512337 0.212804 0.320123
v 0.509625 0.219384 0.319855
v 0.50531 0.225034 0.319429
v 0.513262 0.205743 0.320214
v 0.511045 0.205167 0.341298
v 0.508557 0.205167 0.362352
v 0.391296 0.205167 0.017421
v 0.392202 0.212804 0.017209
v 0.394856 0.219384 0.016586
v 0.501617 0.22937 0.297938
v 0.496716 0.232095 0.276501
v 0.363551 0.225034 -0.092651
v 0.351805 0.22937 -0.12964
v 0.143612 0.22937 -0.309686
v 0.097928 0.225034 -0.316132
v 0.049925 0.225034 -0.32347
v -0.002347 0.219384 -0.321649
v -0.101165 0.212804 -0.309212
v -0.144283 0.212804 -0.297605
v -0.183047 0.205743 -0.281128
v -0.21833 0.205743 -0.261875
v -0.250021 0.205167 -0.239317
v -0.481213 0.205167 0.504443
v -0.489837 0.205743 0.467047
v -0.493671 0.205743 0.446196
v -0.49632 0.212804 0.425147
v -0.49692 0.219384 0.40381
v -0.495646 0.225034 0.382282
v -0.492784 0.22937 0.360664
v -0.490902 0.232095 0.318228
v -0.487437 0.233025 0.275988
v 0.492997 0.233025 -0.714737
v 0.492997 0.233025 0.213908
v 0.492167 0.233025 0.234363
v 0.377703 0.225034 -0.05722
v 0.389481 0.225034 -0.02102
v 0.505799 0.205167 0.383372
v 0.391296 0.205743 0.017421
v 0.499474 0.205167 0.425298
v 0.399078 0.225034 0.015595
v 0.491054 0.233025 0.255183
v 0.224381 0.232095 -0.279047
v 0.186976 0.232095 -0.299458
v 0.258004 0.232095 -0.255114
v 0.287967 0.232095 -0.228089
v 0.314426 0.232095 -0.198408
v 0.337568 0.232095 -0.166498
v 0.145694 0.232095 -0.31594
v 0.099093 0.22937 -0.32167
v -0.054185 0.219384 -0.31915
v -0.278299 0.205167 -0.213811
v -0.469744 0.205167 0.541068
v -0.492756 0.212804 0.446034
v -0.49363 0.219384 0.424706
v -0.492633 0.225034 0.403163
v -0.488712 0.232095 0.339054
v -0.485789 0.233025 0.296773
v 0.228133 0.233025 -0.285044
v 0.510121 0.212804 0.341195
v 0.507412 0.219384 0.340892
v 0.503103 0.225034 0.340411
v 0.499687 0.22937 0.318874
v 0.511045 0.205743 0.341298
v 0.508557 0.205743 0.362352
v 0.505799 0.205743 0.383372
v 0.502771 0.205167 0.404355
v 0.398824 0.205743 0.053715
v 0.495908 0.205167 0.446196
v 0.399739 0.212804 0.053547
v 0.40242 0.219384 0.053055
v 0.406686 0.225034 0.052273
v 0.495061 0.232095 0.297376
v 0.489673 0.233025 0.275988
v 0.368721 0.22937 -0.09494
v 0.357601 0.232095 -0.132767
v 0.100449 0.232095 -0.328119
v 0.05049 0.22937 -0.3291
v -0.002347 0.225034 -0.32599
v -0.101727 0.219384 -0.311883
v -0.145145 0.219384 -0.300196
v -0.183443 0.212804 -0.281971
v -0.250021 0.205743 -0.239317
v -0.303348 0.205167 -0.185712
v -0.455499 0.205167 0.576704
v -0.469744 0.205743 0.541068
v -0.481213 0.205743 0.504443
v -0.488927 0.212804 0.466859
v -0.490072 0.219384 0.445558
v -0.489351 0.225034 0.424004
v -0.490048 0.22937 0.381511
v -0.486254 0.232095 0.35985
v -0.483875 0.233025 0.317535
v 0.262431 0.233025 -0.26063
v 0.189987 0.233025 -0.305859
v 0.395852 0.233025 -0.063789
v 0.408 0.233025 -0.026454
v 0.383019 0.22937 -0.059144
v 0.394905 0.22937 -0.022612
v 0.502771 0.205743 0.404355
v 0.398824 0.205167 0.053715
v 0.499474 0.205743 0.425298
v 0.495908 0.205743 0.446196
v 0.492074 0.205167 0.467047
v 0.404581 0.22937 0.014304
v 0.147928 0.233025 -0.322651
v 0.292982 0.233025 -0.233075
v 0.319934 0.233025 -0.202841
v 0.343474 0.233025 -0.170381
v 0.101905 0.233025 -0.33504
v 0.051147 0.232095 -0.335655
v -0.002347 0.22937 -0.331647
v -0.054618 0.225034 -0.32347
v -0.218824 0.212804 -0.262664
v -0.278299 0.205743 -0.213811
v -0.303348 0.205743 -0.185712
v -0.325349 0.205167 -0.155376
v -0.438561 0.205167 0.611142
v -0.480315 0.212804 0.5042
v -0.486257 0.219384 0.466306
v -0.485803 0.225034 0.444802
v -0.487046 0.22937 0.40232
v -0.481694 0.233025 0.33827
v 0.381202 0.233025 -0.100466
v 0.507634 0.212804 0.362237
v 0.50493 0.219384 0.3619
v 0.500627 0.225034 0.361363
v 0.497488 0.22937 0.339784
v 0.493139 0.232095 0.318228
v 0.504878 0.212804 0.383245
v 0.501851 0.212804 0.404217
v 0.404576 0.205167 0.089757
v 0.405497 0.212804 0.089629
v 0.408197 0.219384 0.089256
v 0.412493 0.225034 0.088661
v 0.412245 0.22937 0.051253
v 0.488026 0.233025 0.296773
v 0.417866 0.233025 0.011188
v 0.374741 0.232095 -0.097606
v 0.36382 0.233025 -0.136123
v 0.051852 0.233025 -0.342691
v -0.002347 0.232095 -0.338234
v -0.055183 0.22937 -0.3291
v -0.102621 0.225034 -0.316132
v -0.146517 0.225034 -0.304316
v -0.184606 0.219384 -0.284441
v -0.250603 0.212804 -0.240043
v -0.325349 0.205743 -0.155376
v -0.344483 0.205167 -0.123158
v -0.419031 0.205167 0.644179
v -0.455499 0.205743 0.576704
v -0.468867 0.212804 0.540756
v -0.477683 0.219384 0.503485
v -0.482011 0.225034 0.465426
v -0.483776 0.22937 0.42309
v -0.48353 0.232095 0.380613
v -0.479247 0.233025 0.358976
v 0.389209 0.232095 -0.061385
v 0.401221 0.232095 -0.024465
v 0.498556 0.212804 0.425147
v 0.483449 0.205167 0.504443
v 0.404576 0.205743 0.089757
v 0.494992 0.212804 0.446034
v 0.492074 0.205743 0.467047
v 0.410989 0.232095 0.012801
v -0.002347 0.233025 -0.345304
v -0.05584 0.232095 -0.335655
v -0.220272 0.219384 -0.264979
v -0.278959 0.212804 -0.214468
v -0.304073 0.212804 -0.186296
v -0.326126 0.212804 -0.155887
v -0.360932 0.205167 -0.089414
v -0.418148 0.205167 0.224298
v -0.419031 0.205743 0.644179
v -0.438561 0.205743 0.611142
v -0.454649 0.212804 0.576325
v -0.466298 0.219384 0.539841
v -0.473495 0.225034 0.502348
v -0.480239 0.22937 0.443816
v -0.480539 0.232095 0.401339
v 0.502178 0.219384 0.382873
v 0.497883 0.225034 0.382282
v 0.49502 0.22937 0.360664
v 0.490948 0.232095 0.339054
v 0.486112 0.233025 0.317535
v 0.499156 0.219384 0.40381
v 0.495867 0.219384 0.424706
v 0.483449 0.205743 0.504443
v 0.408733 0.205743 0.125192
v 0.47198 0.205167 0.541068
v 0.409658 0.212804 0.125101
v 0.412371 0.219384 0.124834
v 0.491163 0.212804 0.466859
v 0.416687 0.225034 0.124409
v 0.418091 0.22937 0.087886
v 0.418719 0.232095 0.050066
v -0.056546 0.233025 -0.342691
v -0.103786 0.22937 -0.32167
v -0.186454 0.225034 -0.288372
v -0.252312 0.219384 -0.242173
v -0.345301 0.212804 -0.1236
v -0.344483 0.205743 -0.123158
v -0.360932 0.205743 -0.089414
v -0.374879 0.205167 -0.054499
v -0.417684 0.205167 0.192818
v -0.417684 0.205167 0.255779
v -0.397023 0.205743 0.675619
v -0.437743 0.212804 0.610699
v -0.452157 0.219384 0.575217
v -0.46221 0.225034 0.538387
v -0.476476 0.22937 0.46428
v -0.477282 0.232095 0.422025
v -0.476535 0.233025 0.379649
v 0.492309 0.219384 0.445558
v 0.408733 0.205167 0.125192
v 0.488494 0.219384 0.466306
v 0.482551 0.212804 0.5042
v 0.425666 0.233025 0.048792
v -0.105142 0.232095 -0.328119
v -0.148305 0.22937 -0.309686
v -0.222576 0.225034 -0.268661
v -0.280895 0.219384 -0.216392
v -0.306199 0.219384 -0.188007
v -0.328406 0.219384 -0.157386
v -0.347702 0.219384 -0.124895
v -0.374879 0.205743 -0.054499
v -0.386504 0.205167 -0.018769
v -0.41617 0.205167 0.159664
v -0.418148 0.205743 0.224298
v -0.41617 0.205167 0.288933
v -0.418249 0.212804 0.643675
v -0.397023 0.205167 0.675619
v -0.396282 0.212804 0.675057
v -0.435343 0.219384 0.609403
v -0.448193 0.225034 0.573453
v -0.468038 0.22937 0.500867
v -0.47376 0.232095 0.442667
v -0.473557 0.233025 0.400286
v 0.494869 0.225034 0.403163
v 0.492285 0.22937 0.381511
v 0.488491 0.232095 0.35985
v 0.483931 0.233025 0.33827
v 0.491588 0.225034 0.424004
v 0.48804 0.225034 0.444802
v 0.47198 0.205743 0.541068
v 0.411477 0.205167 0.159664
v 0.412405 0.212804 0.159606
v 0.457735 0.205167 0.576704
v 0.415126 0.219384 0.159436
v 0.419453 0.225034 0.159165
v 0.479919 0.219384 0.503485
v 0.471104 0.212804 0.540756
v 0.422311 0.22937 0.123855
v 0.42461 0.232095 0.086984
v -0.106598 0.233025 -0.33504
v -0.188864 0.22937 -0.293494
v -0.25503 0.225034 -0.24556
v -0.361783 0.212804 -0.08979
v -0.364277 0.219384 -0.090895
v -0.375753 0.212804 -0.054815
v -0.386504 0.205743 -0.018769
v -0.39599 0.205167 0.017421
v -0.413426 0.205167 0.125192
v -0.41617 0.205743 0.159664
v -0.417684 0.205743 0.192818
v -0.413426 0.205167 0.323405
v -0.417684 0.205743 0.255779
v -0.403517 0.205167 0.394882
v -0.372668 0.205167 0.705279
v -0.371972 0.212804 0.704661
v -0.415956 0.219384 0.642198
v -0.431526 0.225034 0.60734
v -0.456883 0.22937 0.536491
v -0.470032 0.232095 0.462945
v -0.470314 0.233025 0.420882
v 0.484247 0.225034 0.465426
v 0.411477 0.205743 0.159664
v 0.475732 0.225034 0.502348
v 0.468534 0.219384 0.539841
v 0.481484 0.233025 0.358976
v 0.431606 0.233025 0.086016
v -0.152622 0.233025 -0.322651
v -0.150387 0.232095 -0.31594
v -0.225578 0.22937 -0.273459
v -0.283974 0.225034 -0.219453
v -0.332032 0.225034 -0.159771
v -0.351521 0.225034 -0.126955
v -0.368244 0.225034 -0.092651
v -0.387396 0.212804 -0.019031
v -0.403517 0.205167 0.053715
v -0.409269 0.205167 0.089757
v -0.413426 0.205743 0.125192
v -0.419078 0.212804 0.224298
v -0.409269 0.205167 0.35884
v -0.413426 0.205743 0.323405
v -0.41617 0.205743 0.288933
v -0.418613 0.212804 0.255807
v -0.394109 0.219384 0.673408
v -0.39599 0.205167 0.431176
v -0.372668 0.205743 0.705279
v -0.374879 0.205167 0.503096
v -0.369932 0.219384 0.702851
v -0.412308 0.225034 0.639848
v -0.443027 0.22937 0.571154
v -0.461684 0.232095 0.499142
v -0.466807 0.233025 0.441435
v 0.489282 0.22937 0.40232
v 0.485767 0.232095 0.380613
v 0.486012 0.22937 0.42309
v 0.482476 0.22937 0.443816
v 0.456885 0.212804 0.576325
v 0.457735 0.205743 0.576704
v 0.412991 0.205167 0.192818
v 0.440798 0.205167 0.611142
v 0.41392 0.212804 0.19279
v 0.416645 0.219384 0.192708
v 0.420979 0.225034 0.192577
v 0.425094 0.22937 0.158811
v 0.464447 0.225034 0.538387
v 0.454393 0.219384 0.575217
v 0.42886 0.232095 0.123211
v 0.478771 0.233025 0.379649
v -0.194681 0.233025 -0.305859
v -0.19167 0.232095 -0.299458
v -0.258572 0.22937 -0.249974
v -0.30958 0.225034 -0.190729
v -0.378317 0.219384 -0.055744
v -0.382396 0.225034 -0.05722
v -0.390013 0.219384 -0.019798
v -0.396895 0.212804 0.017209
v -0.39599 0.205743 0.017421
v -0.403517 0.205743 0.053715
v -0.418613 0.212804 0.19279
v -0.417098 0.212804 0.159606
v -0.409269 0.205743 0.35884
v -0.386504 0.205167 0.467365
v -0.39599 0.205743 0.431176
v -0.346109 0.205743 0.732982
v -0.360932 0.205167 0.53801
v -0.345463 0.212804 0.732313
v -0.343568 0.219384 0.730351
v -0.390653 0.225034 0.670786
v -0.426552 0.22937 0.604651
v -0.450679 0.232095 0.534283
v -0.463116 0.233025 0.461512
v 0.478713 0.22937 0.46428
v 0.440798 0.205743 0.611142
v 0.412991 0.205743 0.192818
v 0.470275 0.22937 0.500867
v 0.450429 0.225034 0.573453
v 0.435888 0.233025 0.122519
v 0.475794 0.233025 0.400286
v -0.232826 0.233025 -0.285044
v -0.229074 0.232095 -0.279047
v -0.287987 0.22937 -0.223443
v -0.313987 0.22937 -0.194277
v -0.336758 0.22937 -0.162879
v -0.356498 0.22937 -0.12964
v -0.373414 0.22937 -0.09494
v -0.399549 0.219384 0.016586
v -0.409269 0.205743 0.089757
v -0.414351 0.212804 0.125101
v -0.421803 0.219384 0.224298
v -0.421338 0.219384 0.255889
v -0.417098 0.212804 0.288991
v -0.414351 0.212804 0.323496
v -0.366687 0.225034 0.699971
v -0.403517 0.205743 0.394882
v -0.346109 0.205167 0.732982
v -0.360932 0.205743 0.53801
v -0.374879 0.205743 0.503096
v -0.407555 0.22937 0.636786
v -0.437011 0.232095 0.568477
v -0.454864 0.233025 0.497291
v 0.482776 0.232095 0.401339
v 0.479519 0.232095 0.422025
v 0.475997 0.232095 0.442667
v 0.439979 0.212804 0.610699
v 0.43758 0.219384 0.609403
v 0.413455 0.205167 0.224298
v 0.421267 0.205167 0.644179
v 0.421267 0.205743 0.644179
v 0.414384 0.212804 0.224298
v 0.41711 0.219384 0.224298
v 0.421446 0.225034 0.224298
v 0.426627 0.22937 0.192406
v 0.431661 0.232095 0.1584
v 0.459119 0.22937 0.536491
v 0.433763 0.225034 0.60734
v 0.472551 0.233025 0.420882
v -0.267124 0.233025 -0.26063
v -0.262697 0.232095 -0.255114
v -0.394174 0.225034 -0.02102
v -0.387712 0.22937 -0.059144
v -0.403772 0.225034 0.015595
v -0.404432 0.212804 0.053547
v -0.407113 0.219384 0.053055
v -0.421338 0.219384 0.192708
v -0.419819 0.219384 0.159436
v -0.41019 0.212804 0.358967
v -0.386504 0.205743 0.467365
v -0.404432 0.212804 0.39505
v -0.317502 0.205743 0.758566
v -0.316909 0.212804 0.757849
v -0.344483 0.205167 0.571755
v -0.344483 0.205743 0.571755
v -0.31517 0.219384 0.755748
v -0.340553 0.225034 0.727231
v -0.386149 0.22937 0.667368
v -0.420759 0.232095 0.60152
v -0.444022 0.233025 0.531914
v -0.445433 0.233025 0.224298
v 0.472268 0.232095 0.462945
v 0.420485 0.212804 0.643675
v 0.413455 0.205743 0.224298
v 0.46392 0.232095 0.499142
v 0.445263 0.22937 0.571154
v 0.43871 0.233025 0.157959
v 0.469044 0.233025 0.441435
v -0.297675 0.233025 -0.233075
v -0.29266 0.232095 -0.228089
v -0.319119 0.232095 -0.198408
v -0.342261 0.232095 -0.166498
v -0.362294 0.232095 -0.132767
v -0.379434 0.232095 -0.097606
v -0.411379 0.225034 0.052273
v -0.41019 0.212804 0.089629
v -0.417064 0.219384 0.124834
v -0.426139 0.225034 0.224298
v -0.425672 0.225034 0.25602
v -0.419819 0.219384 0.289161
v -0.417064 0.219384 0.323763
v -0.396895 0.212804 0.431388
v -0.317502 0.205167 0.758566
v -0.325349 0.205167 0.603973
v -0.375753 0.212804 0.503412
v -0.361783 0.212804 0.538387
v -0.387396 0.212804 0.467627
v -0.362459 0.22937 0.696217
v -0.40202 0.232095 0.63322
v -0.430555 0.233025 0.565604
v -0.444957 0.233025 0.256602
v -0.444957 0.233025 0.191995
v 0.418193 0.219384 0.642198
v 0.414545 0.225034 0.639848
v 0.412991 0.205167 0.255779
v 0.39926 0.205743 0.675619
v 0.398519 0.212804 0.675057
v 0.412991 0.205743 0.255779
v 0.41392 0.212804 0.255807
v 0.416645 0.219384 0.255889
v 0.427097 0.22937 0.224298
v 0.433205 0.232095 0.192208
v 0.452916 0.232095 0.534283
v 0.428788 0.22937 0.604651
v 0.465352 0.233025 0.461512
v -0.324627 0.233025 -0.202841
v -0.399598 0.22937 -0.022612
v -0.393902 0.232095 -0.061385
v -0.409274 0.22937 0.014304
v -0.41289 0.219384 0.089256
v -0.417186 0.225034 0.088661
v -0.425672 0.225034 0.192577
v -0.424147 0.225034 0.159165
v -0.41289 0.219384 0.359341
v -0.407113 0.219384 0.395542
v -0.287017 0.205743 0.781879
v -0.286481 0.212804 0.781119
v -0.284908 0.219384 0.77889
v -0.345301 0.212804 0.572196
v -0.312404 0.225034 0.752405
v -0.336625 0.22937 0.723164
v -0.380903 0.232095 0.663387
v -0.414542 0.233025 0.598161
v -0.436299 0.233025 0.362581
v -0.443403 0.233025 0.290638
v -0.443403 0.233025 0.157959
v -0.438371 0.232095 0.224298
v 0.396346 0.219384 0.673408
v 0.39926 0.205167 0.675619
v 0.420979 0.225034 0.25602
v 0.426627 0.22937 0.25619
v 0.457101 0.233025 0.497291
v 0.439247 0.232095 0.568477
v 0.440263 0.233025 0.191995
v -0.348167 0.233025 -0.170381
v -0.368514 0.233025 -0.136123
v -0.385895 0.233025 -0.100466
v -0.416938 0.22937 0.051253
v -0.42138 0.225034 0.124409
v -0.43132 0.22937 0.192406
v -0.43132 0.22937 0.25619
v -0.424147 0.225034 0.289432
v -0.42138 0.225034 0.324188
v -0.399549 0.219384 0.432011
v -0.303348 0.205167 0.634309
v -0.287017 0.205167 0.781879
v -0.282407 0.225034 0.775345
v -0.325349 0.205743 0.603973
v -0.378317 0.219384 0.50434
v -0.390013 0.219384 0.468395
v -0.364277 0.219384 0.539491
v -0.357534 0.232095 0.691846
v -0.396079 0.233025 0.629393
v -0.422559 0.233025 0.437409
v -0.430359 0.233025 0.399805
v -0.440581 0.233025 0.326078
v -0.437898 0.232095 0.256389
v -0.440581 0.233025 0.122519
v -0.437898 0.232095 0.192208
v 0.39289 0.225034 0.670786
v 0.409792 0.22937 0.636786
v 0.411477 0.205743 0.288933
v 0.411477 0.205167 0.288933
v 0.374905 0.205167 0.705279
v 0.374209 0.212804 0.704661
v 0.372169 0.219384 0.702851
v 0.412405 0.212804 0.288991
v 0.415126 0.219384 0.289161
v 0.433205 0.232095 0.256389
v 0.433678 0.232095 0.224298
v 0.446259 0.233025 0.531914
v 0.422996 0.232095 0.60152
v -0.405915 0.232095 -0.024465
v -0.400546 0.233025 -0.063789
v -0.415682 0.232095 0.012801
v -0.422784 0.22937 0.087886
v -0.429787 0.22937 0.158811
v -0.427004 0.22937 0.123855
v -0.43179 0.22937 0.224298
v -0.429787 0.22937 0.289785
v -0.417186 0.225034 0.359936
v -0.411379 0.225034 0.396324
v -0.303348 0.205743 0.634309
v -0.254832 0.205743 0.802784
v -0.254356 0.212804 0.801985
v -0.252959 0.219384 0.799642
v -0.250737 0.225034 0.795916
v -0.347702 0.219384 0.573492
v -0.326126 0.212804 0.604484
v -0.3088 0.22937 0.748048
v -0.33205 0.232095 0.718428
v -0.375274 0.233025 0.659116
v -0.400546 0.233025 0.512386
v -0.412693 0.233025 0.475051
v -0.429303 0.232095 0.361613
v -0.433553 0.232095 0.325386
v -0.436355 0.232095 0.290196
v -0.436299 0.233025 0.086016
v -0.436355 0.232095 0.1584
v 0.368924 0.225034 0.699971
v 0.408733 0.205167 0.323405
v 0.374905 0.205743 0.705279
v 0.398824 0.205167 0.394882
v 0.419453 0.225034 0.289432
v 0.425094 0.22937 0.289785
v 0.431661 0.232095 0.290196
v 0.432791 0.233025 0.565604
v 0.44074 0.233025 0.224298
v -0.423412 0.232095 0.050066
v -0.427004 0.22937 0.324741
v -0.422784 0.22937 0.36071
v -0.403772 0.225034 0.433001
v -0.278299 0.205167 0.662408
v -0.254832 0.205167 0.802784
v -0.279147 0.22937 0.770725
v -0.382396 0.225034 0.505817
v -0.394174 0.225034 0.469616
v -0.368244 0.225034 0.541248
v -0.352249 0.233025 0.687155
v -0.385895 0.233025 0.549063
v -0.415682 0.232095 0.435796
v -0.423412 0.232095 0.398531
v -0.430359 0.233025 0.048792
v -0.433553 0.232095 0.123211
v 0.388385 0.22937 0.667368
v 0.404256 0.232095 0.63322
v 0.404576 0.205167 0.35884
v 0.348346 0.205743 0.732982
v 0.391296 0.205167 0.431176
v 0.347699 0.212804 0.732313
v 0.345804 0.219384 0.730351
v 0.408733 0.205743 0.323405
v 0.409658 0.212804 0.323496
v 0.412371 0.219384 0.323763
v 0.440263 0.233025 0.256602
v 0.43871 0.233025 0.290638
v 0.416779 0.233025 0.598161
v -0.412693 0.233025 -0.026454
v -0.422559 0.233025 0.011188
v -0.429303 0.232095 0.086984
v -0.416938 0.22937 0.397343
v -0.409274 0.22937 0.434292
v -0.278299 0.205743 0.662408
v -0.221139 0.205743 0.821158
v -0.220725 0.212804 0.820325
v -0.219512 0.219384 0.817882
v -0.217583 0.225034 0.813996
v -0.247842 0.22937 0.791059
v -0.304073 0.212804 0.634893
v -0.351521 0.225034 0.575552
v -0.328406 0.219384 0.605983
v -0.304602 0.232095 0.742975
v -0.327141 0.233025 0.713345
v -0.368514 0.233025 0.584719
v -0.393902 0.232095 0.509981
v -0.405915 0.232095 0.473062
v 0.364695 0.22937 0.696217
v 0.404576 0.205743 0.35884
v 0.348346 0.205167 0.732982
v 0.381811 0.205167 0.467365
v 0.391296 0.205743 0.431176
v 0.34279 0.225034 0.727231
v 0.416687 0.225034 0.324188
v 0.422311 0.22937 0.324741
v 0.42886 0.232095 0.325386
v 0.435888 0.233025 0.326078
v 0.431606 0.233025 0.362581
v -0.399598 0.22937 0.471208
v -0.250021 0.205167 0.687914
v -0.221139 0.205167 0.821158
v -0.275351 0.232095 0.765344
v -0.373414 0.22937 0.543537
v -0.387712 0.22937 0.507741
v -0.356498 0.22937 0.578237
v -0.348167 0.233025 0.618978
v -0.379434 0.232095 0.546202
v 0.38314 0.232095 0.663387
v 0.398316 0.233025 0.629393
v 0.319739 0.205167 0.758566
v 0.370186 0.205167 0.503096
v 0.319739 0.205743 0.758566
v 0.398824 0.205743 0.394882
v 0.319146 0.212804 0.757849
v 0.317407 0.219384 0.755748
v 0.405497 0.212804 0.358967
v 0.408197 0.219384 0.359341
v 0.425666 0.233025 0.399805
v -0.278959 0.212804 0.663064
v -0.250021 0.205743 0.687914
v -0.186135 0.205743 0.836892
v -0.185786 0.212804 0.83603
v -0.184764 0.219384 0.833501
v -0.183139 0.225034 0.829478
v -0.215068 0.22937 0.808931
v -0.244469 0.232095 0.785403
v -0.306199 0.219384 0.636604
v -0.336758 0.22937 0.611475
v -0.332032 0.225034 0.608368
v -0.300097 0.233025 0.737531
v -0.324627 0.233025 0.651438
v -0.362294 0.232095 0.581364
v 0.408 0.233025 0.475051
v 0.359771 0.232095 0.691846
v 0.338861 0.22937 0.723164
v 0.33979 0.205167 0.571755
v 0.356239 0.205167 0.53801
v 0.381811 0.205743 0.467365
v 0.399739 0.212804 0.39505
v 0.314641 0.225034 0.752405
v 0.412493 0.225034 0.359936
v 0.418091 0.22937 0.36071
v 0.42461 0.232095 0.361613
v 0.417866 0.233025 0.437409
v -0.21833 0.205167 0.710471
v -0.186135 0.205167 0.836892
v -0.271277 0.233025 0.759571
v -0.342261 0.232095 0.615094
v 0.377511 0.233025 0.659116
v 0.395852 0.233025 0.512386
v 0.289254 0.205167 0.781879
v 0.320655 0.205167 0.603973
v 0.370186 0.205743 0.503096
v 0.289254 0.205743 0.781879
v 0.392202 0.212804 0.431388
v 0.288717 0.212804 0.781119
v 0.287145 0.219384 0.77889
v 0.40242 0.219384 0.395542
v 0.418719 0.232095 0.398531
v -0.280895 0.219384 0.664989
v -0.250603 0.212804 0.68864
v -0.21833 0.205743 0.710471
v -0.150027 0.205743 0.849895
v -0.149745 0.212804 0.849008
v -0.14892 0.219384 0.846408
v -0.147608 0.225034 0.842272
v -0.18102 0.22937 0.824236
v -0.21214 0.232095 0.803033
v -0.240851 0.233025 0.779334
v -0.30958 0.225034 0.639326
v -0.313987 0.22937 0.642873
v -0.319119 0.232095 0.647005
v -0.297675 0.233025 0.681671
v 0.410989 0.232095 0.435796
v 0.401221 0.232095 0.473062
v 0.354486 0.233025 0.687155
v 0.334287 0.232095 0.718428
v 0.311036 0.22937 0.748048
v 0.298655 0.205167 0.634309
v 0.356239 0.205743 0.53801
v 0.33979 0.205743 0.571755
v 0.382703 0.212804 0.467627
v 0.284643 0.225034 0.775345
v 0.406686 0.225034 0.396324
v 0.412245 0.22937 0.397343
v -0.183047 0.205167 0.729725
v -0.283974 0.225034 0.66805
v -0.150027 0.205167 0.849895
v -0.267124 0.233025 0.709227
v 0.381202 0.233025 0.549063
v 0.389209 0.232095 0.509981
v 0.36382 0.233025 0.584719
v 0.257069 0.205167 0.802784
v 0.273606 0.205167 0.662408
v 0.298655 0.205743 0.634309
v 0.320655 0.205743 0.603973
v 0.37106 0.212804 0.503412
v 0.257069 0.205743 0.802784
v 0.394856 0.219384 0.432011
v 0.256593 0.212804 0.801985
v 0.255196 0.219384 0.799642
v -0.25503 0.225034 0.694156
v -0.252312 0.219384 0.690769
v -0.218824 0.212804 0.711261
v -0.183047 0.205743 0.729725
v -0.113027 0.205743 0.860088
v -0.112815 0.212804 0.859182
v -0.112192 0.219384 0.856527
v -0.111201 0.225034 0.852302
v -0.145898 0.22937 0.836883
v -0.178553 0.232095 0.818131
v -0.208998 0.233025 0.796704
v -0.232826 0.233025 0.733641
v -0.287987 0.22937 0.67204
v -0.29266 0.232095 0.676686
v 0.404581 0.22937 0.434292
v 0.394905 0.22937 0.471208
v 0.343474 0.233025 0.618978
v 0.329377 0.233025 0.713345
v 0.306838 0.232095 0.742975
v 0.281384 0.22937 0.770725
v 0.35709 0.212804 0.538387
v 0.340608 0.212804 0.572196
v 0.385319 0.219384 0.468395
v 0.252974 0.225034 0.795916
v 0.399078 0.225034 0.433001
v -0.143989 0.205167 0.745318
v -0.258572 0.22937 0.69857
v -0.143989 0.205743 0.745318
v -0.113027 0.205167 0.860088
v -0.262697 0.232095 0.703711
v 0.374741 0.232095 0.546202
v 0.383019 0.22937 0.507741
v 0.357601 0.232095 0.581364
v 0.223376 0.205167 0.821158
v 0.245327 0.205167 0.687914
v 0.273606 0.205743 0.662408
v 0.321433 0.212804 0.604484
v 0.373624 0.219384 0.50434
v 0.223376 0.205743 0.821158
v 0.222962 0.212804 0.820325
v 0.221749 0.219384 0.817882
v -0.220272 0.219384 0.713575
v -0.225578 0.22937 0.722056
v -0.183443 0.212804 0.730567
v -0.144283 0.212804 0.746202
v -0.075355 0.205743 0.867412
v -0.075212 0.212804 0.866492
v -0.074795 0.219384 0.863797
v -0.074131 0.225034 0.859509
v -0.109909 0.22937 0.846797
v -0.143907 0.232095 0.830606
v -0.175906 0.233025 0.811579
v -0.194681 0.233025 0.754456
v -0.229074 0.232095 0.727644
v 0.389481 0.225034 0.469616
v 0.337568 0.232095 0.615094
v 0.319934 0.233025 0.651438
v 0.302333 0.233025 0.737531
v 0.277587 0.232095 0.765344
v 0.250078 0.22937 0.791059
v 0.245327 0.205743 0.687914
v 0.29938 0.212804 0.634893
v 0.359583 0.219384 0.539491
v 0.343009 0.219384 0.573492
v 0.219819 0.225034 0.813996
v -0.100974 0.205167 0.756897
v -0.222576 0.225034 0.717257
v -0.100974 0.205743 0.756897
v -0.075355 0.205167 0.867412
v 0.368721 0.22937 0.543537
v 0.377703 0.225034 0.505817
v 0.351805 0.22937 0.578237
v 0.188372 0.205167 0.836892
v 0.213637 0.205167 0.710471
v 0.213637 0.205743 0.710471
v 0.24591 0.212804 0.68864
v 0.274266 0.212804 0.663064
v 0.323712 0.219384 0.605983
v 0.188372 0.205743 0.836892
v 0.188023 0.212804 0.83603
v 0.187001 0.219384 0.833501
v -0.184606 0.219384 0.733038
v -0.188864 0.22937 0.74209
v -0.19167 0.232095 0.748055
v -0.145145 0.219384 0.748792
v -0.101165 0.212804 0.757808
v -0.037231 0.205743 0.871824
v -0.03716 0.212804 0.870896
v -0.036951 0.219384 0.868177
v -0.036618 0.225034 0.863851
v -0.073266 0.22937 0.853922
v -0.108406 0.232095 0.840387
v -0.14177 0.233025 0.823871
v -0.152622 0.233025 0.771248
v 0.332065 0.22937 0.611475
v 0.314426 0.232095 0.647005
v 0.292982 0.233025 0.681671
v 0.273513 0.233025 0.759571
v 0.246706 0.232095 0.785403
v 0.217305 0.22937 0.808931
v 0.214131 0.212804 0.711261
v 0.301506 0.219384 0.636604
v 0.363551 0.225034 0.541248
v 0.346828 0.225034 0.575552
v 0.185375 0.225034 0.829478
v -0.05382 0.205167 0.764105
v -0.05382 0.205743 0.764105
v -0.186454 0.225034 0.736968
v -0.053913 0.212804 0.765031
v -0.037231 0.205167 0.871824
v 0.152263 0.205167 0.849895
v 0.178354 0.205167 0.729725
v 0.178354 0.205743 0.729725
v 0.247619 0.219384 0.690769
v 0.215579 0.219384 0.713575
v 0.276202 0.219384 0.664989
v 0.327339 0.225034 0.608368
v 0.152263 0.205743 0.849895
v 0.151982 0.212804 0.849008
v 0.151157 0.219384 0.846408
v -0.146517 0.225034 0.752913
v -0.148305 0.22937 0.758283
v -0.150387 0.232095 0.764537
v -0.101727 0.219384 0.760479
v -0.054185 0.219384 0.767747
v 0.001118 0.205743 0.873297
v 0.001118 0.212804 0.872367
v 0.001118 0.219384 0.869639
v 0.001118 0.225034 0.8653
v -0.036184 0.22937 0.858213
v -0.072258 0.232095 0.847414
v -0.106792 0.233025 0.833507
v 0.309294 0.22937 0.642873
v 0.287967 0.232095 0.676686
v 0.262431 0.233025 0.709227
v 0.243087 0.233025 0.779334
v 0.214377 0.232095 0.803033
v 0.183257 0.22937 0.824236
v 0.17875 0.212804 0.730567
v 0.279281 0.225034 0.66805
v 0.304887 0.225034 0.639326
v 0.149845 0.225034 0.842272
v -0.002347 0.205167 0.766587
v -0.002347 0.205743 0.766587
v -0.002347 0.212804 0.767517
v 0.001118 0.205167 0.873297
v -0.106598 0.233025 0.783636
v 0.115264 0.205167 0.860088
v 0.139295 0.205167 0.745318
v 0.139295 0.205743 0.745318
v 0.13959 0.212804 0.746202
v 0.250337 0.225034 0.694156
v 0.217883 0.225034 0.717257
v 0.179912 0.219384 0.733038
v 0.115264 0.205743 0.860088
v 0.115051 0.212804 0.859182
v 0.114428 0.219384 0.856527
v -0.103786 0.22937 0.770267
v -0.105142 0.232095 0.776716
v -0.102621 0.225034 0.764729
v -0.054618 0.225034 0.772067
v -0.002347 0.219384 0.770246
v 0.039468 0.205743 0.871824
v 0.039397 0.212804 0.870896
v 0.039187 0.219384 0.868177
v 0.038854 0.225034 0.863851
v 0.001118 0.22937 0.859646
v -0.035679 0.232095 0.851647
v -0.071177 0.233025 0.840431
v 0.283294 0.22937 0.67204
v 0.258004 0.232095 0.703711
v 0.228133 0.233025 0.733641
v 0.211234 0.233025 0.796704
v 0.18079 0.232095 0.818131
v 0.148135 0.22937 0.836883
v 0.140452 0.219384 0.748792
v 0.253879 0.22937 0.69857
v 0.113438 0.225034 0.852302
v 0.039468 0.205167 0.871824
v 0.049127 0.205167 0.764105
v 0.049127 0.205743 0.764105
v 0.04922 0.212804 0.765031
v 0.03842 0.22937 0.858213
v -0.056546 0.233025 0.791287
v 0.077591 0.205167 0.867412
v 0.09628 0.205167 0.756897
v 0.09628 0.205743 0.756897
v 0.096472 0.212804 0.757808
v 0.220885 0.22937 0.722056
v 0.181761 0.225034 0.736968
v 0.141824 0.225034 0.752913
v 0.077591 0.205743 0.867412
v 0.077449 0.212804 0.866492
v 0.077032 0.219384 0.863797
v -0.055183 0.22937 0.777696
v -0.05584 0.232095 0.784252
v -0.002347 0.225034 0.774587
v 0.049492 0.219384 0.767747
v 0.076368 0.225034 0.859509
v 0.075503 0.22937 0.853922
v 0.037915 0.232095 0.851647
v 0.001118 0.232095 0.853061
v -0.035136 0.233025 0.844602
v 0.224381 0.232095 0.727644
v 0.189987 0.233025 0.754456
v 0.178142 0.233025 0.811579
v 0.146144 0.232095 0.830606
v 0.112146 0.22937 0.846797
v 0.097034 0.219384 0.760479
v 0.184171 0.22937 0.74209
v -0.002347 0.22937 0.780244
v 0.074495 0.232095 0.847414
v -0.002347 0.233025 0.7939
v 0.186976 0.232095 0.748055
v 0.143612 0.22937 0.758283
v 0.097928 0.225034 0.764729
v -0.002347 0.232095 0.786831
v 0.049925 0.225034 0.772067
v 0.110642 0.232095 0.840387
v 0.037373 0.233025 0.844602
v 0.073414 0.233025 0.840431
v 0.001118 0.233025 0.845995
v 0.147928 0.233025 0.771248
v 0.144007 0.233025 0.823871
v 0.145694 0.232095 0.764537
v 0.099093 0.22937 0.770267
v 0.05049 0.22937 0.777696
v 0.109028 0.233025 0.833507
v 0.051147 0.232095 0.784252
v 0.100449 0.232095 0.776716
v 0.051852 0.233025 0.791287
v 0.101905 0.233025 0.783636
vt -0.051979 2.611484
vt 0.411603 2.298598
vt 0.761233 2.816622
vt -0.062258 2.619046
vt 0.411916 2.299062
vt 0.432044 2.816128
vt -0.072439 2.626739
vt -0.051657 2.611942
vt 0.297651 3.129508
vt 0.43146 2.839534
vt 0.429768 2.792042
vt -0.08252 2.634563
vt -0.061923 2.619495
vt 0.412834 2.300422
vt 0.76092 2.816158
vt 0.297348 3.129038
vt 0.428258 2.862231
vt 0.424396 2.767304
vt -0.0925 2.642515
vt -0.072099 2.627184
vt -0.060943 2.62081
vt -0.050711 2.613283
vt 0.286794 3.136212
vt 0.286503 3.135734
vt 0.422674 2.884189
vt 0.415688 2.741945
vt -0.102377 2.650594
vt -0.082174 2.635002
vt -0.071101 2.628486
vt 0.414293 2.302585
vt 0.760002 2.814798
vt 0.296458 3.12766
vt 0.405316 2.925775
vt 0.28565 3.134333
vt 0.414947 2.905381
vt 0.432019 2.83958
vt 0.428807 2.862339
vt 0.432604 2.816108
vt 0.403407 2.715993
vt -0.112149 2.6588
vt -0.092148 2.64295
vt -0.08116 2.636292
vt -0.059383 2.622902
vt -0.069514 2.630558
vt -0.049208 2.615416
vt 0.275851 3.142776
vt 0.39402 2.945345
vt 0.275566 3.142294
vt 0.274731 3.140882
vt 0.423209 2.884355
vt 0.430322 2.791956
vt 0.424936 2.767154
vt 0.387312 2.689477
vt -0.121815 2.667131
vt -0.10202 2.651025
vt -0.091118 2.644227
vt -0.079547 2.638343
vt -0.047248 2.618197
vt 0.758543 2.812635
vt 0.295042 3.125467
vt 0.284293 3.132103
vt 0.273403 3.138636
vt 0.433657 2.839716
vt 0.430419 2.862657
vt 0.424778 2.884839
vt 0.434246 2.816051
vt 0.368742 2.664632
vt -0.131374 2.675585
vt -0.100973 2.652288
vt -0.089478 2.646257
vt -0.05735 2.625628
vt -0.067447 2.633258
vt 0.416196 2.305404
vt 0.264824 3.149199
vt 0.264546 3.148714
vt 0.381297 2.96406
vt 0.263729 3.147291
vt 0.26243 3.145027
vt 0.415464 2.905596
vt 0.416979 2.906229
vt 0.431946 2.791703
vt 0.426519 2.766712
vt 0.416208 2.741734
vt 0.4039 2.715727
vt 0.349268 2.643534
vt -0.140823 2.684161
vt -0.111787 2.659227
vt -0.110724 2.660476
vt -0.099308 2.654298
vt -0.077445 2.641017
vt -0.044966 2.621434
vt 0.75664 2.809816
vt 0.293196 3.122609
vt 0.282525 3.129198
vt 0.253716 3.15548
vt 0.394494 2.945642
vt 0.381749 2.964389
vt 0.405812 2.926035
vt 0.271672 3.135708
vt 0.436262 2.839931
vt 0.432983 2.863162
vt 0.41939 2.907235
vt 0.436859 2.815961
vt 0.329007 2.625972
vt -0.150161 2.692858
vt -0.121447 2.667553
vt -0.109033 2.662464
vt -0.087342 2.648903
vt -0.054983 2.628804
vt -0.065039 2.636403
vt 0.418412 2.308686
vt 0.253444 3.154991
vt 0.252646 3.153558
vt 0.367385 2.981891
vt 0.367817 2.982248
vt 0.251376 3.151278
vt 0.260737 3.142078
vt 0.407267 2.926797
vt 0.427275 2.885609
vt 0.409581 2.928008
vt 0.43453 2.791302
vt 0.429037 2.766008
vt 0.417729 2.741115
vt 0.405347 2.714949
vt 0.387777 2.689163
vt 0.308075 2.611737
vt -0.159386 2.701674
vt -0.131 2.676002
vt -0.120368 2.668788
vt -0.118652 2.670754
vt -0.097137 2.656916
vt -0.074996 2.64413
vt -0.042516 2.624909
vt 0.754424 2.806534
vt 0.291047 3.119282
vt 0.280466 3.125815
vt 0.242528 3.161617
vt 0.395885 2.946515
vt 0.383076 2.965356
vt 0.369081 2.983294
vt 0.269657 3.132298
vt 0.440264 2.815843
vt 0.439657 2.840212
vt 0.436325 2.863821
vt 0.430529 2.886614
vt 0.422532 2.908546
vt 0.437896 2.79078
vt 0.369172 2.664274
vt 0.286588 2.600617
vt -0.168498 2.710608
vt -0.140444 2.684573
vt -0.129906 2.677224
vt -0.106829 2.665054
vt -0.084854 2.651985
vt -0.052442 2.632211
vt -0.062455 2.639777
vt 0.420789 2.312209
vt 0.242263 3.161125
vt 0.241483 3.159682
vt 0.240242 3.157385
vt 0.231263 3.16761
vt 0.219921 3.173459
vt 0.352524 2.998809
vt 0.352935 2.999189
vt 0.35414 3.000304
vt 0.249721 3.148306
vt 0.258766 3.138643
vt 0.398097 2.947903
vt 0.412596 2.929587
vt 0.432318 2.765092
vt 0.42015 2.74013
vt 0.407648 2.71371
vt 0.389138 2.688244
vt 0.349658 2.643131
vt 0.329349 2.625528
vt 0.264663 2.592402
vt -0.184251 2.727503
vt -0.149777 2.693265
vt -0.139334 2.685781
vt -0.128164 2.679167
vt -0.116415 2.673316
vt -0.09461 2.659966
vt -0.072369 2.647471
vt 0.752047 2.803011
vt 0.288741 3.115711
vt 0.278256 3.122184
vt 0.385186 2.966894
vt 0.371091 2.98496
vt 0.208505 3.179161
vt 0.185459 3.190123
vt 0.356056 3.002077
vt 0.267494 3.12864
vt 0.444229 2.815706
vt 0.441817 2.790171
vt 0.44361 2.840539
vt 0.440217 2.864588
vt 0.434318 2.887783
vt 0.426191 2.910074
vt 0.436139 2.764025
vt 0.423306 2.738846
vt 0.370436 2.663223
vt 0.242416 2.586882
vt -0.198661 2.745558
vt -0.158997 2.702076
vt -0.148651 2.694459
vt -0.137567 2.687702
vt -0.104263 2.668071
vt -0.082184 2.655292
vt 0.448484 2.815558
vt 0.231003 3.167115
vt 0.230242 3.165662
vt 0.229031 3.16335
vt 0.238626 3.154393
vt 0.197017 3.184716
vt 0.336952 3.014786
vt 0.173832 3.195381
vt 0.337344 3.015186
vt 0.338492 3.016358
vt 0.340319 3.018223
vt 0.247794 3.144846
vt 0.25665 3.134956
vt 0.40098 2.949711
vt 0.416108 2.931426
vt 0.42698 2.737351
vt 0.410646 2.712096
vt 0.391304 2.686783
vt 0.350801 2.641952
vt 0.33035 2.624225
vt 0.308362 2.611255
vt 0.219963 2.583847
vt -0.211643 2.764664
vt -0.168097 2.710999
vt -0.157856 2.703255
vt -0.14686 2.696357
vt -0.125895 2.6817
vt -0.11381 2.6763
vt -0.091898 2.663238
vt 0.447853 2.84089
vt 0.446024 2.789518
vt 0.394575 2.973737
vt 0.380038 2.992369
vt 0.387936 2.968898
vt 0.373712 2.98713
vt 0.162138 3.200489
vt 0.358552 3.004388
vt 0.440239 2.76288
vt 0.444393 2.865411
vt 0.438384 2.889038
vt 0.430117 2.911712
vt 0.430923 2.735747
vt 0.414138 2.710217
vt 0.394126 2.684878
vt 0.372445 2.661553
vt 0.286816 2.600104
vt 0.19742 2.583086
vt -0.223121 2.784711
vt -0.183827 2.727869
vt -0.166923 2.712145
vt -0.156041 2.70513
vt -0.135265 2.690206
vt -0.101509 2.671308
vt 0.40794 2.954077
vt 0.219668 3.17296
vt 0.218925 3.171497
vt 0.217744 3.16917
vt 0.227453 3.160337
vt 0.236743 3.150909
vt 0.208258 3.178659
vt 0.196777 3.18421
vt 0.320907 3.029792
vt 0.321281 3.030208
vt 0.322377 3.03143
vt 0.32412 3.033373
vt 0.342699 3.020653
vt 0.245726 3.141133
vt 0.364581 3.009966
vt 0.404337 2.951817
vt 0.419876 2.933399
vt 0.417886 2.7082
vt 0.397412 2.68266
vt 0.375063 2.659376
vt 0.35262 2.640075
vt 0.331944 2.622154
vt 0.309203 2.609843
vt 0.26483 2.591867
vt 0.174903 2.584388
vt -0.233027 2.805579
vt -0.19821 2.74589
vt -0.182584 2.728942
vt -0.165054 2.713967
vt -0.144526 2.698831
vt -0.123252 2.68465
vt -0.111015 2.679501
vt 0.391138 2.971232
vt 0.376763 2.989657
vt 0.185225 3.189614
vt 0.140577 3.208778
vt 0.173604 3.194869
vt 0.36146 3.007078
vt 0.400939 2.680279
vt 0.378113 2.65684
vt 0.287483 2.598603
vt 0.242521 2.586332
vt 0.22001 2.583289
vt 0.197413 2.582526
vt 0.152529 2.587544
vt -0.02325 2.664634
vt -0.211169 2.764961
vt -0.196889 2.746864
vt -0.180607 2.730648
vt -0.153676 2.707574
vt -0.132585 2.693121
vt 0.207535 3.177186
vt 0.206384 3.174844
vt 0.216205 3.166137
vt 0.225615 3.156829
vt 0.234723 3.147169
vt 0.196072 3.182729
vt 0.184539 3.188124
vt 0.304628 3.043798
vt 0.118443 3.215389
vt 0.304985 3.044229
vt 0.306032 3.045492
vt 0.161925 3.199971
vt 0.307697 3.047502
vt 0.326391 3.035905
vt 0.345471 3.023483
vt 0.381385 2.654119
vt 0.354991 2.637629
vt 0.310541 2.607598
vt 0.265316 2.590297
vt 0.174848 2.583831
vt 0.130414 2.592343
vt -0.007388 2.654266
vt -0.038799 2.675466
vt -0.241303 2.827145
vt -0.222625 2.78497
vt -0.209776 2.765831
vt -0.194787 2.748413
vt -0.162618 2.716342
vt -0.141809 2.701712
vt -0.120415 2.687816
vt 0.172938 3.19337
vt 0.161302 3.198453
vt 0.140396 3.208248
vt 0.348446 3.02652
vt 0.357752 2.634781
vt 0.334021 2.619453
vt 0.288544 2.596213
vt 0.24283 2.584718
vt 0.220148 2.581652
vt 0.197393 2.580884
vt 0.174686 2.582197
vt 0.108673 2.598574
vt 0.009663 2.643857
vt -0.05483 2.687385
vt -0.232513 2.805799
vt -0.240773 2.827326
vt -0.22117 2.78573
vt -0.207561 2.767214
vt -0.178031 2.732872
vt -0.150921 2.71042
vt -0.129708 2.69625
vt 0.194951 3.180372
vt 0.204884 3.171792
vt 0.214413 3.162605
vt 0.223643 3.153064
vt 0.183449 3.185753
vt 0.171878 3.190986
vt 0.288354 3.056775
vt 0.288695 3.057218
vt 0.095867 3.220282
vt 0.289696 3.058518
vt 0.291289 3.060586
vt 0.139866 3.206695
vt 0.118303 3.214847
vt 0.309867 3.050122
vt 0.329036 3.038853
vt 0.360714 2.631724
vt 0.312286 2.604671
vt 0.266091 2.587801
vt 0.15243 2.586993
vt 0.152142 2.585377
vt 0.130277 2.5918
vt 0.087424 2.606028
vt 0.027785 2.633618
vt -0.071104 2.700362
vt -0.103428 2.729374
vt -0.247899 2.849284
vt -0.247357 2.849423
vt -0.231004 2.806446
vt -0.218856 2.78694
vt -0.192047 2.750433
vt -0.159782 2.719108
vt -0.138892 2.704803
vt 0.160311 3.196038
vt 0.139023 3.204223
vt 0.117894 3.213257
vt 0.212489 3.158815
vt 0.331875 3.042018
vt 0.339036 2.612934
vt 0.33644 2.616309
vt 0.289928 2.5931
vt 0.24332 2.582151
vt 0.197362 2.578271
vt 0.174428 2.579598
vt 0.151682 2.582806
vt 0.108503 2.598041
vt 0.066782 2.614493
vt 0.046864 2.62376
vt -0.023563 2.66417
vt -0.087383 2.714368
vt -0.039126 2.675012
vt -0.239219 2.827855
vt -0.119001 2.74535
vt -0.147773 2.7801
vt -0.245766 2.849831
vt -0.228603 2.807474
vt -0.204675 2.769018
vt -0.17503 2.735461
vt -0.147965 2.713474
vt 0.19349 3.177301
vt 0.203137 3.168237
vt 0.182027 3.182663
vt 0.170496 3.187878
vt 0.09577 3.21973
vt 0.272323 3.068694
vt 0.072982 3.223428
vt 0.27265 3.069148
vt 0.273608 3.070479
vt 0.275133 3.072598
vt 0.293364 3.063281
vt 0.117244 3.210728
vt 0.095484 3.218114
vt 0.312394 3.053172
vt 0.201262 3.164423
vt 0.316496 2.597605
vt 0.314317 2.601263
vt 0.267101 2.584547
vt 0.220367 2.579048
vt 0.129877 2.590208
vt 0.12924 2.587676
vt 0.108005 2.596477
vt 0.087225 2.605505
vt -0.007687 2.653792
vt 0.009379 2.643374
vt -0.133862 2.762269
vt -0.252777 2.871862
vt -0.160496 2.798815
vt -0.252226 2.87196
vt -0.250609 2.872244
vt -0.236746 2.828696
vt -0.215839 2.788517
vt -0.188857 2.752785
vt -0.156739 2.722076
vt 0.15902 3.192891
vt 0.137925 3.201001
vt 0.095029 3.215542
vt 0.315106 3.056446
vt 0.189964 3.169886
vt 0.293267 2.585583
vt 0.291538 2.589474
vt 0.243959 2.578806
vt 0.220653 2.575655
vt 0.197321 2.574867
vt 0.174091 2.576211
vt 0.151083 2.579456
vt 0.086642 2.603971
vt 0.027519 2.633126
vt -0.024481 2.662811
vt -0.040084 2.67368
vt -0.055172 2.686942
vt -0.071461 2.699931
vt -0.243237 2.85048
vt -0.225475 2.808815
vt -0.201314 2.771118
vt -0.17181 2.73824
vt 0.191789 3.173724
vt 0.180372 3.179065
vt 0.168888 3.184259
vt 0.072927 3.22287
vt 0.072767 3.221237
vt 0.256773 3.079525
vt 0.049924 3.224808
vt 0.257086 3.079989
vt 0.258004 3.081349
vt 0.259464 3.083512
vt 0.27712 3.075358
vt 0.295781 3.066419
vt 0.116395 3.207431
vt 0.07251 3.218638
vt 0.178596 3.175204
vt 0.269538 2.576692
vt 0.268276 2.580758
vt 0.107213 2.59399
vt 0.12841 2.584376
vt 0.085714 2.601531
vt 0.066558 2.613981
vt 0.0659 2.612477
vt -0.008563 2.652405
vt 0.008548 2.64196
vt -0.087757 2.713951
vt -0.10382 2.728974
vt -0.255908 2.894749
vt -0.255351 2.894804
vt -0.171792 2.818384
vt -0.253717 2.894964
vt -0.248037 2.872698
vt -0.233524 2.829792
vt -0.212327 2.790352
vt -0.185433 2.755308
vt -0.032437 2.651022
vt 0.157516 3.189227
vt 0.049912 3.224248
vt 0.136646 3.19725
vt 0.094436 3.21219
vt 0.298375 3.069787
vt 0.167161 3.180375
vt 0.245503 2.570729
vt 0.244704 2.57491
vt 0.220986 2.571704
vt 0.197274 2.570903
vt 0.1737 2.572267
vt 0.150386 2.575555
vt 0.064854 2.610086
vt 0.046617 2.623258
vt 0.026739 2.631682
vt -0.025941 2.660647
vt -0.041609 2.671562
vt -0.056173 2.685642
vt -0.072508 2.698667
vt -0.119411 2.74497
vt -0.181423 2.838779
vt -0.148225 2.77977
vt -0.16097 2.798517
vt -0.134293 2.761912
vt -0.23994 2.851326
vt -0.221832 2.810376
vt -0.197706 2.773371
vt -0.048393 2.662137
vt -0.01616 2.640382
vt 0.049877 3.222607
vt 0.049821 3.219996
vt 0.240911 3.089894
vt 0.026827 3.224416
vt 0.026858 3.223856
vt 0.24121 3.090367
vt 0.242087 3.091754
vt 0.261367 3.086332
vt 0.279434 3.078573
vt 0.115408 3.203593
vt 0.072177 3.21525
vt 0.155902 3.185294
vt 0.221344 2.567463
vt 0.106181 2.590747
vt 0.127443 2.580533
vt 0.084505 2.598351
vt 0.045894 2.621785
vt 0.044744 2.619442
vt -0.009957 2.650199
vt 0.007226 2.639709
vt -0.088853 2.71273
vt -0.104968 2.727802
vt -0.257274 2.917809
vt -0.256714 2.91782
vt -0.255073 2.917854
vt -0.172288 2.818124
vt -0.251118 2.895218
vt -0.244685 2.873288
vt -0.229772 2.831069
vt -0.208557 2.792323
vt -0.098351 2.702142
vt -0.064851 2.674373
vt 0.001343 2.629696
vt -0.030059 2.654545
vt 0.026949 3.222217
vt 0.243481 3.093961
vt 0.245298 3.096836
vt 0.135273 3.193225
vt 0.093746 3.208288
vt 0.281917 3.082023
vt 0.197222 2.566649
vt 0.17328 2.568034
vt 0.149637 2.571368
vt 0.063491 2.606969
vt 0.025498 2.629386
vt -0.011774 2.647324
vt -0.043596 2.668801
vt -0.057765 2.683574
vt -0.074173 2.696657
vt -0.120616 2.743856
vt -0.18915 2.85997
vt -0.252462 2.917909
vt -0.149552 2.778804
vt -0.135557 2.760865
vt -0.162361 2.797645
vt -0.236101 2.852311
vt -0.217922 2.812051
vt -0.131057 2.734194
vt -0.114922 2.71764
vt -0.081582 2.687714
vt -0.04591 2.665587
vt 0.019975 2.61917
vt -0.01389 2.643975
vt 0.027094 3.21961
vt 0.049748 3.216593
vt 0.223861 3.100303
vt 0.003829 3.222252
vt 0.003903 3.221697
vt 0.004119 3.220069
vt 0.224145 3.100785
vt 0.224976 3.1022
vt 0.247414 3.100184
vt 0.263583 3.089615
vt 0.114348 3.199474
vt 0.071788 3.211306
vt 0.104979 2.586972
vt 0.126406 2.576409
vt 0.083098 2.594647
vt 0.043246 2.616388
vt 0.005503 2.636776
vt 0.02388 2.626394
vt -0.027843 2.657828
vt -0.05984 2.680879
vt -0.090596 2.710787
vt -0.106795 2.725937
vt -0.256866 2.940905
vt -0.256307 2.940874
vt -0.254668 2.940782
vt -0.252061 2.940635
vt -0.173743 2.817363
vt -0.18194 2.838563
vt -0.247731 2.89555
vt -0.240782 2.873976
vt -0.225746 2.832439
vt -0.161051 2.770423
vt -0.146515 2.751791
vt -0.095513 2.705306
vt -0.07887 2.690988
vt -0.062257 2.677741
vt 0.039628 2.609015
vt 0.003497 2.633361
vt 0.004463 3.217481
vt 0.205739 3.110541
vt 0.166742 3.129666
vt 0.226298 3.10445
vt 0.228021 3.107383
vt 0.230027 3.110798
vt 0.093006 3.204099
vt 0.265961 3.093138
vt 0.061903 2.603339
vt -0.076343 2.694038
vt -0.092867 2.708255
vt -0.122532 2.742083
vt -0.194734 2.881929
vt -0.249059 2.917979
vt -0.151662 2.777266
vt -0.137568 2.7592
vt -0.164573 2.796257
vt -0.231981 2.853368
vt -0.174416 2.790082
vt -0.127937 2.737081
vt -0.111947 2.720677
vt 0.0602 2.599444
vt 0.021996 2.62291
vt 0.027282 3.216211
vt 0.049663 3.212631
vt 0.18666 3.120399
vt -0.018936 3.21833
vt 0.1461 3.138132
vt -0.018819 3.217782
vt -0.018479 3.216176
vt 0.206005 3.111034
vt 0.206785 3.112477
vt 0.249684 3.103778
vt 0.23218 3.114464
vt 0.071371 3.207073
vt 0.103689 2.582921
vt 0.081587 2.590673
vt 0.041501 2.612831
vt -0.109175 2.723507
vt -0.125029 2.739772
vt -0.254688 2.963902
vt -0.254133 2.963828
vt -0.252505 2.96361
vt -0.249917 2.963264
vt -0.248663 2.940445
vt -0.189685 2.859805
vt -0.176057 2.816151
vt -0.183455 2.837931
vt -0.243786 2.895936
vt -0.236593 2.874713
vt -0.186352 2.810761
vt -0.157614 2.772928
vt -0.14324 2.754503
vt 0.004912 3.214107
vt 0.124851 3.145585
vt -0.017937 3.213621
vt 0.208026 3.114773
vt 0.209644 3.117766
vt 0.211528 3.12125
vt 0.213549 3.12499
vt 0.193896 3.135144
vt -0.140188 2.75703
vt -0.197937 2.904626
vt -0.245097 2.918061
vt -0.167456 2.794449
vt -0.154412 2.775262
vt -0.179072 2.814572
vt -0.196593 2.832447
vt -0.170813 2.792342
vt 0.027502 3.212254
vt 0.049572 3.208379
vt -0.041332 3.212672
vt 0.10311 3.151817
vt -0.041174 3.212135
vt -0.040711 3.21056
vt 0.186907 3.120902
vt 0.187629 3.122375
vt 0.173324 3.144715
vt -0.195284 2.881821
vt -0.250751 2.986664
vt -0.250203 2.986547
vt -0.248597 2.986206
vt -0.246043 2.985662
vt -0.246544 2.962813
vt -0.244705 2.940223
vt -0.191255 2.859321
vt -0.189008 2.835613
vt -0.185866 2.836925
vt -0.239553 2.89635
vt -0.204861 2.855122
vt -0.182584 2.812734
vt 0.129835 3.161239
vt 0.005435 3.210178
vt -0.017231 3.210292
vt 0.058621 3.159771
vt 0.080995 3.156615
vt 0.166966 3.130179
vt -0.039975 3.208054
vt 0.188779 3.124718
vt 0.190278 3.127772
vt 0.192023 3.131328
vt 0.151937 3.153486
vt -0.19852 2.928032
vt -0.240844 2.91815
vt -0.192667 2.834086
vt 0.027737 3.208007
vt 0.107118 3.16775
vt -0.063228 3.205313
vt 0.036104 3.161074
vt 0.146299 3.138655
vt -0.06303 3.20479
vt -0.062447 3.203255
vt 0.167624 3.131682
vt 0.17162 3.14082
vt -0.196896 2.881503
vt -0.198495 2.90458
vt -0.245079 3.009057
vt -0.244542 3.008898
vt -0.242967 3.008434
vt -0.240462 3.007697
vt -0.242714 2.984954
vt -0.242615 2.962288
vt -0.240459 2.939984
vt -0.193751 2.85855
vt -0.197005 2.857546
vt -0.200794 2.856377
vt -0.210869 2.878749
vt 0.150426 3.149512
vt 0.128545 3.157188
vt 0.005995 3.205962
vt -0.016408 3.206415
vt -0.039015 3.204789
vt 0.013561 3.160313
vt 0.12502 3.146119
vt -0.061521 3.200813
vt 0.16867 3.134074
vt 0.170033 3.137191
vt -0.196245 2.952118
vt -0.19946 2.880997
vt -0.214329 2.90327
vt 0.083887 3.172791
vt 0.106081 3.163626
vt 0.060244 3.176126
vt -0.084495 3.196296
vt -0.008893 3.157277
vt 0.103247 3.15236
vt 0.146882 3.140189
vt -0.084257 3.195789
vt -0.083559 3.194303
vt -0.202738 2.904229
vt -0.200133 2.904444
vt -0.19908 2.928051
vt -0.237706 3.030948
vt -0.237182 3.030749
vt -0.235648 3.030166
vt -0.233207 3.029238
vt -0.237197 3.006735
vt -0.238838 2.984129
vt -0.238399 2.961725
vt -0.21496 2.928602
vt -0.202801 2.880339
vt -0.206693 2.879572
vt 0.149018 3.145809
vt 0.127343 3.153412
vt 0.036301 3.177511
vt -0.015526 3.202254
vt -0.037898 3.200986
vt -0.060313 3.197631
vt 0.081093 3.157167
vt 0.058676 3.160329
vt 0.125518 3.147682
vt -0.082448 3.19194
vt 0.147809 3.142629
vt -0.190872 2.976855
vt -0.206133 2.903948
vt -0.210087 2.903621
vt 0.083138 3.168605
vt 0.105114 3.159783
vt 0.059824 3.171893
vt -0.105008 3.185673
vt -0.03114 3.151758
vt 0.036111 3.161634
vt 0.103647 3.153951
vt -0.104731 3.185186
vt -0.103921 3.183758
vt -0.200722 2.928108
vt -0.20674 2.928317
vt -0.196799 2.952204
vt -0.191412 2.977006
vt -0.228674 3.052209
vt -0.228168 3.051971
vt -0.226683 3.051271
vt -0.22432 3.050159
vt -0.230025 3.028028
vt -0.233395 3.005615
vt -0.234678 2.983244
vt -0.2125 2.954642
vt -0.210705 2.928454
vt 0.12631 3.15017
vt 0.03625 3.173257
vt 0.01218 3.176697
vt -0.036699 3.196906
vt -0.058907 3.193925
vt -0.081 3.18886
vt 0.013514 3.160871
vt 0.081382 3.158783
vt 0.058838 3.161962
vt -0.102632 3.181487
vt -0.182165 3.002215
vt -0.203335 2.928199
vt 0.082441 3.164703
vt 0.104284 3.156484
vt 0.059432 3.167949
vt -0.124644 3.173507
vt -0.053065 3.143543
vt -0.031306 3.152293
vt -0.008998 3.157828
vt 0.03613 3.163276
vt -0.124332 3.173043
vt -0.123414 3.171681
vt -0.198422 2.952456
vt -0.204373 2.95338
vt -0.208293 2.953989
vt -0.192995 2.977448
vt -0.182684 3.002426
vt -0.218038 3.072715
vt -0.217552 3.072438
vt -0.216124 3.071627
vt -0.213854 3.070336
vt -0.221241 3.048709
vt -0.226321 3.02662
vt -0.229316 3.004413
vt -0.206716 2.981279
vt 0.036203 3.169292
vt 0.012538 3.172456
vt -0.011979 3.173431
vt -0.057399 3.189949
vt -0.079313 3.185273
vt -0.100952 3.178527
vt -0.053292 3.144055
vt 0.013376 3.162508
vt 0.081842 3.161353
vt 0.059096 3.164562
vt -0.121954 3.169516
vt -0.169883 3.028167
vt -0.201006 2.952857
vt -0.170376 3.028432
vt -0.14329 3.159871
vt -0.074551 3.132423
vt -0.031793 3.153862
vt -0.053959 3.145557
vt -0.009306 3.159442
vt 0.036162 3.165888
vt -0.142942 3.159432
vt -0.141923 3.158145
vt -0.195513 2.978151
vt -0.198794 2.979067
vt -0.202615 2.980134
vt -0.184206 3.003045
vt -0.171823 3.029211
vt -0.20586 3.092344
vt -0.205396 3.092031
vt -0.204035 3.091112
vt -0.201871 3.089651
vt -0.210895 3.068654
vt -0.217655 3.04702
vt -0.222345 3.025109
vt 0.01287 3.168505
vt -0.01118 3.16925
vt -0.036014 3.167467
vt -0.077504 3.181424
vt -0.098995 3.17508
vt -0.120052 3.166694
vt -0.074838 3.132904
vt -0.009796 3.162009
vt 0.013156 3.165111
vt -0.140302 3.156098
vt -0.153789 3.054683
vt -0.154253 3.054996
vt -0.197399 3.008412
vt -0.160834 3.144844
vt -0.095483 3.118187
vt -0.095825 3.118632
vt -0.032567 3.156359
vt -0.055021 3.147946
vt -0.075679 3.134316
vt -0.160454 3.144433
vt -0.159339 3.143228
vt -0.189782 3.005314
vt -0.193456 3.006808
vt -0.186627 3.00403
vt -0.174124 3.03045
vt -0.155614 3.055915
vt -0.192212 3.110981
vt -0.191773 3.110633
vt -0.190487 3.109612
vt -0.188441 3.10799
vt -0.19905 3.087747
vt -0.20745 3.066696
vt -0.213807 3.045208
vt -0.010436 3.165354
vt -0.034752 3.163401
vt -0.059743 3.158577
vt -0.096896 3.171381
vt -0.117837 3.163407
vt -0.138188 3.15343
vt -0.096827 3.119934
vt -0.033577 3.159612
vt -0.157565 3.141311
vt -0.135218 3.079528
vt -0.135649 3.079886
vt -0.185774 3.105875
vt -0.184362 3.03596
vt -0.177173 3.128515
vt -0.115744 3.100626
vt -0.116134 3.101028
vt -0.056404 3.15106
vt -0.077018 3.136562
vt -0.098421 3.122006
vt -0.176763 3.128134
vt -0.175558 3.127019
vt -0.177123 3.032064
vt -0.180615 3.033943
vt -0.15778 3.057377
vt -0.136912 3.080936
vt -0.173643 3.125244
vt -0.171146 3.12293
vt -0.182669 3.103412
vt -0.195764 3.08553
vt -0.203752 3.064594
vt -0.058014 3.154686
vt -0.082972 3.146555
vt -0.11546 3.15988
vt -0.135728 3.150323
vt -0.155253 3.138813
vt -0.117278 3.102208
vt -0.078762 3.139489
vt -0.160602 3.059282
vt -0.168239 3.120237
vt -0.167415 3.06388
vt -0.080793 3.142897
vt -0.100498 3.124706
vt -0.119097 3.104085
vt -0.163889 3.0615
vt -0.138921 3.082607
vt -0.152561 3.135904
vt -0.179336 3.100769
vt -0.165119 3.117346
vt -0.192239 3.083151
vt -0.105512 3.131225
vt -0.133087 3.146989
vt -0.102917 3.127851
vt -0.121467 3.106531
vt -0.14154 3.084784
vt -0.149673 3.132783
vt -0.144589 3.08732
vt -0.124228 3.109379
vt -0.147862 3.09004
vt -0.12719 3.112436
vn -0.999794298958536 0.0 0.02028200606472636
vn -0.9978589320009054 0.06540299554311302 0.0
vn -1.0 0.0 0.0
vn -0.9976527660793855 0.06541698466161597 0.02023799525477755
vn 0.0 0.0 -1.0
vn 0.0 -1.0 0.0
vn -0.9988962528920947 0.0 0.04697101189172304
vn -0.965925849201117 0.2588189595935754 0.0
vn -0.9967574997917787 0.06540403279473483 0.04687002350145588
vn -0.9657137793069037 0.25886894084107603 0.01958999552312816
vn 0.9976527660793855 0.06541698466161597 0.02023799525477755
vn 1.0 0.0 0.0
vn 0.9978589320009054 0.06540299554311302 0.0
vn -0.9960733708212518 0.06540402434881096 0.059667022213022156
vn -0.998210619613449 0.0 0.059795977213640994
vn -0.9648583569783611 0.2588240957597567 0.04537001678600187
vn -0.8660253028382762 0.5000001748438417 0.0
vn 0.9997943192358767 0.0 0.020281006475756824
vn 0.9657137793069037 0.25886894084107603 0.01958999552312816
vn -0.624529103371129 0.06551101084328532 0.7782491288146393
vn -0.5303941184802471 0.0 0.8477511893719536
vn -0.6258740908606519 0.0 0.7799241132247114
vn -0.5292539733316869 0.0655189966985963 0.8459299573748594
vn -0.4256560226532012 0.0 0.9048850481575311
vn -0.995224895070459 0.06540399310426116 0.07245499236085316
vn -0.9973604080700944 0.0 0.07261002970839972
vn -0.9641961080111825 0.258824028993987 0.05775800647016769
vn -0.865064933401681 0.5000079615061385 0.0406779968683434
vn -0.8658028550498955 0.5000769162786299 0.01756399705948844
vn 0.965925849201117 0.2588189595935754 0.0
vn 0.9988963467284696 0.0 0.046969016303488535
vn 0.9648584007535376 0.25882410750248597 0.04536901884400315
vn -0.7076388303984527 0.06549998430145705 0.7035318313827873
vn -0.7091617857055239 0.0 0.7050457869492962
vn -0.42474176927077695 0.065519964408091 0.9029405095025322
vn -0.3152159581681658 0.06551499130560458 0.9467558743574565
vn -0.31589504652170897 0.0 0.948794139728449
vn -0.9942122448143561 0.06540401610505422 0.08523102098724655
vn -0.996345635195585 0.0 0.08541296872668784
vn -0.9633748496668114 0.2588239596109125 0.0701359890553849
vn -0.8644711328860806 0.5000080768609975 0.051784007960212305
vn -0.7071067811865475 0.7071067811865475 0.0
vn 0.8658028702564193 0.5000769250617282 0.01756299736812346
vn 0.9967575529837422 0.06540397066825517 0.04686897898065026
vn 0.8650649685903565 0.5000079818452104 0.040676998523058776
vn -0.7789767541012259 0.0 0.6270528020589002
vn -0.6044800733034895 0.2592210314349589 0.7532650913462032
vn -0.6849299409778772 0.259176977666073 0.6809539413204988
vn -0.5122601963511637 0.259248099370723 0.8187673138364372
vn -0.20583398434375316 0.0 0.9785869255662348
vn -0.995166497404243 0.0 0.09820204908336044
vn -0.9623946419844478 0.2588239037162316 0.08250296930848856
vn -0.8637348720752607 0.5000079259455815 0.06288199068676902
vn -0.7063190557547097 0.7071140558174644 0.03321300262173473
vn -0.7058341667487538 0.7071141670511455 0.04228100998861481
vn -0.706888559495109 0.7071795593137695 0.014339991063886625
vn 0.8660253028382762 0.5000001748438417 0.0
vn 0.996073430253513 0.06540402825124342 0.059666025772715556
vn 0.9641961637007566 0.2588240439430205 0.05775700980595703
vn 0.8644711776514385 0.5000081027531756 0.05178301064156502
vn -0.8337439370886031 0.06547099505978818 0.5482559586305258
vn -0.8355363231349624 0.0 0.5494352124883405
vn -0.7773047166452768 0.06548597612807419 0.6257067719080235
vn -0.7523699489328914 0.2591249824118925 0.6056349588925285
vn -0.4111028694908926 0.25925191769764017 0.8739467225560434
vn -0.30509593156088827 0.2592319418490976 0.9163597944421938
vn -0.20539204078008025 0.06550401300565953 0.9764851938787132
vn -0.09976500272627827 0.0 0.9950110271906667
vn -0.9938231958060467 0.0 0.11097502186463389
vn -0.9930356958451293 0.06540397996754888 0.09799196998624007
vn -0.9612557014109555 0.25882391960309137 0.09485597053546355
vn -0.8628559837351649 0.5000079905748495 0.07396999860566543
vn -0.7052330363427749 0.7071140364397085 0.051343002645858865
vn -0.499819980851647 0.8660699668204273 0.010138999611569673
vn 0.706888569631525 0.7071795694543583 0.014338991270123494
vn 0.7063190792133359 0.7071140793024948 0.03321200372470966
vn 0.9982107389893874 0.0 0.0597939843651607
vn -0.9124280338086527 0.06544700242504063 0.40397001496850315
vn -0.8800878356590136 0.0 0.47481091133737985
vn -0.9143885201450324 0.0 0.4048377875482695
vn 0.7058341667487538 0.7071141670511455 0.04228100998861481
vn -0.5417972842412874 0.5006232626402991 0.6751533542034339
vn -0.6139247651486514 0.5005558085169172 0.6103607665120265
vn -0.6743997997002544 0.5004748513567391 0.5428718387646448
vn -0.4591310907954778 0.5006650990090367 0.7338481451221541
vn -0.09955099465779513 0.06548999648561064 0.9928749467193532
vn 0.0 0.0 1.0
vn -0.990191366869435 0.06540402423242439 0.1234640457438695
vn -0.9923160450030221 0.0 0.12372900561129613
vn -0.9916953275520622 0.0654040216026249 0.11073703657589552
vn -0.8618349054937751 0.5000079451706319 0.08504499067422187
vn -0.7045152567828243 0.7071142577301123 0.06039602201323655
vn -0.49944004501827916 0.8660300780617898 0.023485002116879285
vn -0.4990978489947246 0.8660297379771134 0.029896990954472236
vn -0.5000001748438417 0.8660253028382762 0.0
vn 0.7071067811865475 0.7071067811865475 0.0
vn 0.9973604804880021 0.0 0.07260903498010081
vn 0.9633749172335742 0.2588239777636565 0.07013499397449245
vn -0.8782007341559441 0.06545798018492338 0.4737918565763567
vn -0.9382824571796461 0.06543803188478704 0.33962316548193716
vn 0.8637349263881942 0.5000079573868236 0.06288099464096736
vn 0.7052330725512087 0.7071140727447176 0.051342005281834587
vn -0.8070094663543615 0.25907214971252773 0.5306763066670473
vn -0.7234060414927632 0.5003930287012941 0.475700027284965
vn -0.3684639642435216 0.500671951413795 0.7833019239868182
vn -0.2734560986628415 0.5006411806311204 0.8213282963348919
vn -0.19880003658070108 0.25919304769346935 0.9451441739136325
vn -0.09635703823939457 0.2591431028412201 0.961020381381975
vn 0.0 0.06547899657030869 0.9978539477339085
vn 0.09976500272627827 0.0 0.9950110271906667
vn -0.9906451652425993 0.0 0.1364630227624435
vn -0.9599582092761921 0.258824056425074 0.10719302336867112
vn -0.860671635463897 0.5000077882224961 0.09610695929405005
vn -0.7036818800781924 0.7071138794933094 0.06943898816617378
vn -0.49867205547502524 0.8660300963419565 0.03630500403876836
vn -0.2587160437384087 0.9659391633012058 0.0052480008872242655
vn 0.5000001748438417 0.8660253028382762 0.0
vn 0.499819980851647 0.8660699668204273 0.010138999611569673
vn 0.49944005674738134 0.8660300984000774 0.023484002668299312
vn 0.995224967178974 0.06540399784307431 0.07245399761057587
vn -0.8831918517063597 0.25898195651524986 0.3910249343443773
vn -0.9402977680224572 0.0 0.34035291603273365
vn -0.9082253020462684 0.25894808611773207 0.3287441093296247
vn -0.850051170684767 0.2590240520103513 0.45860609208513153
vn 0.4990978489947246 0.8660297379771134 0.029896990954472236
vn -0.4421920606994872 0.7076940971448216 0.5510310756397653
vn -0.5010820687602401 0.7076300971034855 0.49817306836105657
vn -0.590503932333863 0.7074769189298709 0.3883059555038288
vn -0.37471191264323467 0.7077338350056767 0.5989188603737627
vn 0.09955099465779513 0.06548999648561064 0.9928749467193532
vn 0.20583398434375316 0.0 0.9785869255662348
vn -0.9888108149213307 0.0 0.14917497207847558
vn -0.9885240380418654 0.06540400251697502 0.13617100524033696
vn -0.9585023334874616 0.25882409005151663 0.11951304158164189
vn -0.7027319951792587 0.707113995149198 0.07846999946169565
vn -0.498164967479543 0.8660299434651341 0.042705997212131044
vn -0.2585280660846942 0.9659272469093886 0.01215700310756116
vn -0.25835103680133276 0.9659271375934328 0.01547600220451003
vn -0.2588189595935754 0.965925849201117 0.0
vn 0.9942123295516154 0.06540402167947468 0.08523002825120214
vn 0.9623947213843627 0.25882392506983753 0.08250197611547508
vn 0.8628560475601952 0.5000080275601932 0.07396900407713453
vn 0.996345635195585 0.0 0.08541296872668784
vn -0.9574788164522859 0.06543098745694641 0.2809859461352803
vn -0.9268133015021476 0.2589210842297611 0.2719870884802701
vn 0.7045158029902852 0.7071138022637846 0.06039498311123972
vn 0.49867282490478176 0.8660296959175415 0.03630398725285529
vn -0.7620168995151242 0.5003179340245794 0.4111109457880363
vn -0.5504712121238473 0.7075542726557378 0.4431121707530862
vn -0.6220524266220511 0.7074064851604025 0.33559923016393095
vn -0.30071492458762283 0.707739822515153 0.6392768396840919
vn -0.22318002482364602 0.7077110787165848 0.670325074558251
vn -0.17818795489047765 0.5005808732744642 0.8471527855373693
vn -0.08636997603384645 0.5005028611192344 0.8614157609722342
vn 0.0 0.25909987508785093 0.9658505343630867
vn 0.20539204078008025 0.06550401300565953 0.9764851938787132
vn 0.3152159581681658 0.06551499130560458 0.9467558743574565
vn 0.31589504652170897 0.0 0.948794139728449
vn -0.9868133927453943 0.0 0.16186206442006237
vn -0.9866937316800232 0.06540398221414165 0.14885495952061106
vn -0.9568883949610294 0.25882410683109575 0.13181305440657437
vn -0.8593662263897497 0.5000081317211595 0.10715202822791961
vn -0.7016661018563145 0.7071141026471655 0.08748901270021206
vn -0.49757583911484937 0.8660297199797277 0.049099984124111706
vn -0.2581310310610379 0.9659271162304999 0.018793002261371282
vn -0.08714798320815391 0.9961938080514032 0.001767999659338101
vn 0.2588189595935754 0.965925849201117 0.0
vn 0.2587160437384087 0.9659391633012058 0.0052480008872242655
vn 0.2585280692274923 0.9659272586516893 0.012156003255080072
vn 0.9951666047746373 0.0 0.09820096099998708
vn -0.791749834280443 0.5002538952928687 0.3505399266291966
vn -0.8142126820520452 0.5002008046728745 0.2947148849145966
vn -0.9595348348040983 0.0 0.28158995152077415
vn -0.830893653201264 0.5001587912435173 0.24383789822683719
vn 0.25835103680133276 0.9659271375934328 0.01547600220451003
vn -0.2648440067586867 0.8664090221103253 0.4233120108027108
vn -0.3125469765574149 0.8663849350168004 0.38947597078735574
vn -0.3541869886932889 0.866345972343638 0.35213098875892246
vn -0.38911900778179653 0.8662990173246812 0.31322900626411015
vn -0.4174399939245783 0.8662519873925687 0.2745019960048978
vn -0.21254195158741235 0.8664128026493808 0.45183489708151053
vn 0.09635703823939457 0.2591431028412201 0.961020381381975
vn 0.4256560226532012 0.0 0.9048850481575311
vn -0.9846532664014236 0.0 0.1745220472175571
vn -0.9847005874883314 0.06540397260090816 0.16151493233801714
vn -0.955116593536371 0.25882388985376426 0.14409193867959916
vn -0.8579192046030308 0.5000081192457005 0.11818002818446273
vn -0.49690391222565844 0.8660298470223362 0.05548699019864001
vn -0.25786805802173784 0.965927217338961 0.02210600497397305
vn -0.08708504062021707 0.9961924646671102 0.004095001910085201
vn -0.08702603477086754 0.9961923980242694 0.0052130020828317185
vn -0.06540299554311302 0.9978589320009054 0.0
vn 0.961255792591302 0.2588239441539519 0.0948549795332855
vn 0.8618349054937751 0.5000079451706319 0.08504499067422187
vn 0.7036819289407951 0.7071139285942248 0.06943799298801279
vn 0.9930357931541414 0.06540398637657999 0.09799097958882402
vn -0.9735687970123874 0.0 0.22839395238020851
vn -0.9403742458552364 0.25890006768787815 0.22060605767613758
vn -0.8430646849531092 0.5001258131067695 0.19777792609188607
vn 0.498164967479543 0.8660299434651341 0.042705997212131044
vn 0.25813103591196657 0.96592713438269 0.018792002614399745
vn -0.6463517338618198 0.7073457087472814 0.2861668821695226
vn -0.43976402904795425 0.8662090572161419 0.23725401567145846
vn -0.1577450159660837 0.8663950876917501 0.47378904795432386
vn -0.1454339507726521 0.70765376046915 0.6914297659607437
vn -0.07049699495689189 0.7075799493822088 0.7031079497021197
vn 0.0 0.5004350479664516 0.8657740829840169
vn 0.19880003658070108 0.25919304769346935 0.9451441739136325
vn 0.30509593156088827 0.2592319418490976 0.9163597944421938
vn 0.42474176927077695 0.065519964408091 0.9029405095025322
vn 0.5292539733316869 0.0655189966985963 0.8459299573748594
vn 0.5303941184802471 0.0 0.8477511893719536
vn -0.977115030100029 0.06541900201523244 0.2024020062349939
vn -0.9792125358837236 0.0 0.20283690386161832
vn -0.9825450559338351 0.06540400372328656 0.17414800991381105
vn -0.9531872899305455 0.2588240787264026 0.1563460475557063
vn -0.8563308625721806 0.5000079197564854 0.1291879792673333
vn -0.7004848797722879 0.7071138786345198 0.09649298343842803
vn -0.49615001540645054 0.8660300268919648 0.06186400192100084
vn -0.2575630461869822 0.9659271732129739 0.025416004557674378
vn -0.08695104146848322 0.996192475101738 0.0063300030188897126
vn 0.06540299554311302 0.9978589320009054 0.0
vn 0.08714798320815391 0.9961938080514032 0.001767999659338101
vn 0.08708504062021707 0.9961924646671102 0.004095001910085201
vn 0.9938233060951408 0.0 0.11097403417973034
vn -0.6647130514534452 0.707296054749668 0.2406010186242036
vn -0.6783497124703425 0.7072567002176414 0.19907191562010157
vn -0.971483056768614 0.06542500382311026 0.22790401331757137
vn -0.6883014957973135 0.7072254819348931 0.16147188171672272
vn 0.08702603477086754 0.9961923980242694 0.0052130020828317185
vn -0.13704906505706957 0.9660404585785484 0.21905110398336444
vn -0.10998395918935969 0.9660416415406551 0.2338099132425095
vn -0.16173704816740272 0.9660332876973146 0.20154606002304554
vn -0.18329092900282226 0.9660216258144938 0.18222692941495902
vn -0.20137591865985263 0.966007609808353 0.1621019345234754
vn -0.21604093670628002 0.9659937169918962 0.14206495837909294
vn -0.081629015200875 0.9660361798943081 0.24517504565625586
vn -0.1027970514790287 0.8663604338586859 0.48872524474535534
vn 0.08636997603384645 0.5005028611192344 0.8614157609722342
vn 0.6258740908606519 0.0 0.7799241132247114
vn -0.9650741090509678 0.0 0.2619770296027511
vn -0.9511007594656973 0.2588239345431765 0.16857495736723002
vn -0.854600922982941 0.500007954939035 0.14017598736727035
vn -0.6991878917304137 0.7071138905030689 0.10548098366621805
vn -0.2572150670253681 0.965927251702322 0.028722007484410193
vn -0.08686303802217508 0.9961924360589277 0.007446003259305992
vn -0.04615998549570396 0.9962056869742907 0.07377997681700667
vn 0.9599582092761921 0.258824056425074 0.10719302336867112
vn 0.8606717181799773 0.5000078362764608 0.09610596853087448
vn 0.7027319951792587 0.707113995149198 0.07846999946169565
vn 0.49757583911484937 0.8660297199797277 0.049099984124111706
vn 0.9916953275520622 0.0654040216026249 0.11073703657589552
vn 0.990191366869435 0.06540402423242439 0.1234640457438695
vn 0.9923160450030221 0.0 0.12372900561129613
vn 0.9885240380418654 0.06540400251697502 0.13617100524033696
vn 0.9906451652425993 0.0 0.1364630227624435
vn -0.9814887230425697 0.06542098153944467 0.1799999492074415
vn -0.9500634956489514 0.25888386256881984 0.17423690750453263
vn -0.8517620995177603 0.5001000584304441 0.15620901825107214
vn -0.6954143261417459 0.7072013316697231 0.12753505981255406
vn 0.25786805802173784 0.965927217338961 0.02210600497397305
vn 0.08695104146848322 0.996192475101738 0.0063300030188897126
vn -0.45696200756637684 0.8661720143420762 0.2023160033499482
vn -0.22760293868161444 0.9659807397556471 0.12279296691841245
vn -0.05319699661119184 0.9660259384612517 0.2529109838888119
vn -0.04983200320208005 0.8663150556672417 0.49700603193636594
vn 0.0 0.7075171621258075 0.706696161937677
vn 0.17818795489047765 0.5005808732744642 0.8471527855373693
vn 0.2734560986628415 0.5006411806311204 0.8213282963348919
vn 0.4111028694908926 0.25925191769764017 0.8739467225560434
vn 0.624529103371129 0.06551101084328532 0.7782491288146393
vn 0.7091617857055239 0.0 0.7050457869492962
vn -0.9401066811656935 0.06545097780250107 0.33453788654249866
vn -0.9421267455419637 0.0 0.33525690945080877
vn -0.9630046203441703 0.06545097419654762 0.2614158969391557
vn -0.9458307327815746 0.25887992686060624 0.19592194464765017
vn -0.8527302343793326 0.5000081374310055 0.1511390415417047
vn -0.6977752023810047 0.707114205089666 0.11445203319538623
vn -0.4953149060174728 0.8660298356769166 0.06823098705364888
vn -0.25682506131917376 0.9659272306233643 0.032023007645765975
vn -0.08676003951118169 0.9961924536736181 0.008561003898746047
vn -0.05447599253523696 0.9962048634915511 0.06788399069795899
vn -0.03704399310290922 0.9962058145199434 0.07875098533763081
vn -0.08193502653507231 0.9961963226232124 0.029657009604572182
vn -0.08362004205984648 0.9961955010740107 0.024540012343322343
vn -0.46996014917829887 0.8661412749371032 0.17010805399698267
vn -0.4796150555360693 0.8661171002903032 0.14075001629786738
vn 0.9866937316800232 0.06540398221414165 0.14885495952061106
vn 0.9888109624266673 0.0 0.14917399433161208
vn -0.9835959015361536 0.0 0.18038598194228178
vn 0.9847005874883314 0.06540397260090816 0.16151493233801714
vn 0.9868135786716445 0.0 0.1618609308921145
vn 0.9825450559338351 0.06540400372328656 0.17414800991381105
vn 0.9846532664014236 0.0 0.1745220472175571
vn -0.48666200484910016 0.8660980086298006 0.11416800113756975
vn -0.02749400531593895 0.9962051926152966 0.0825790159665715
vn -0.06173603056585585 0.9962034932259507 0.06137803038860773
vn -0.0678289878570861 0.9962018216574753 0.0545999902253739
vn -0.0727690152354684 0.996200208571969 0.04785201001865654
vn -0.017917998934452475 0.9962039407577459 0.0851859949341592
vn -0.025789010533510612 0.9660123945673602 0.2572061050557262
vn 0.0 0.866276553887614 0.49956474273571355
vn 0.07049699495689189 0.7075799493822088 0.7031079497021197
vn 0.5122601963511637 0.259248099370723 0.8187673138364372
vn 0.7076388303984527 0.06549998430145705 0.7035318313827873
vn 0.7773047166452768 0.06548597612807419 0.6257067719080235
vn 0.7789767541012259 0.0 0.6270528020589002
vn -0.9136240699032074 0.0 0.4065600311067222
vn -0.9321439477118528 0.2589969854716941 0.2530379858059611
vn -0.8479698289064169 0.5000938990968145 0.17565096455917187
vn -0.6962479882626516 0.7071139880794726 0.12340399791965528
vn -0.49439789748660656 0.8660298204287352 0.07458598453459751
vn -0.08664303829891733 0.9961924403480379 0.009675004276652539
vn -0.07966603275047379 0.9961974095338507 0.03527101449981101
vn 0.9585023334874616 0.25882409005151663 0.11951304158164189
vn 0.8593662263897497 0.5000081317211595 0.10715202822791961
vn 0.7016661018563145 0.7071141026471655 0.08748901270021206
vn 0.49690393979710995 0.8660298950752884 0.05548599327753922
vn 0.2575630461869822 0.9659271732129739 0.025416004557674378
vn 0.9568883949610294 0.25882410683109575 0.13181305440657437
vn 0.9551167311604662 0.25882392714806307 0.144090959442291
vn -0.9905597086150179 0.0 0.13708195967570252
vn -0.9567933909597329 0.2588711057785091 0.13240905410427042
vn 0.9792125358837236 0.0 0.20283690386161832
vn -0.8578036684259208 0.5000808066995525 0.11870995411404117
vn -0.700355999136461 0.7071829991280434 0.09692099988049624
vn -0.4916991966514453 0.8660833463836082 0.0901750360648364
vn 0.08686303802217508 0.9961924360589277 0.007446003259305992
vn -0.08485098391009126 0.9961948110960787 0.019904996225505272
vn -0.2365118830638237 0.9659695224054669 0.10471394822734231
vn -0.0766649730849643 0.9961986502611145 0.041360985479256394
vn -0.008686003699851836 0.9962024243379921 0.0866330369018262
vn 0.0 0.9660008326297443 0.2585389552052858
vn 0.04983200320208005 0.8663150556672417 0.49700603193636594
vn 0.1454339507726521 0.70765376046915 0.6914297659607437
vn 0.22318002482364602 0.7077110787165848 0.670325074558251
vn 0.3684639642435216 0.500671951413795 0.7833019239868182
vn 0.6044800733034895 0.2592210314349589 0.7532650913462032
vn 0.8337439370886031 0.06547099505978818 0.5482559586305258
vn 0.8355363231349624 0.0 0.5494352124883405
vn -0.8797347200464632 0.0 0.47546484869522254
vn -0.9116651554525972 0.0654510111603802 0.40568806917590694
vn -0.9099797743714528 0.25899693578197674 0.3238169197099285
vn -0.8356241793776125 0.5002771073909963 0.2268370486935265
vn -0.6923207608939124 0.7071957557565511 0.14340895047100258
vn -0.49339895090656016 0.8660299138295949 0.08092999194742556
vn -0.2563930292879056 0.965927110338343 0.0353190040345075
vn -0.08651203519409796 0.996192405262609 0.010787004388278105
vn -0.24324512773522577 0.9659605072544913 0.08804604623558816
vn -0.24824803951898095 0.9659531537715438 0.07285201159742172
vn 0.9531872899305455 0.2588240787264026 0.1563460475557063
vn -0.988437989781034 0.06541699932368639 0.13678799858581725
vn 0.9511007594656973 0.2588239345431765 0.16857495736723002
vn 0.977115030100029 0.06541900201523244 0.2024020062349939
vn -0.2518989060743465 0.9659476398266879 0.059093977965602805
vn 0.0 0.9962010591295156 0.08708300516881169
vn 0.025789010533510612 0.9660123945673602 0.2572061050557262
vn 0.4591310907954778 0.5006650990090367 0.7338481451221541
vn 0.6849299409778772 0.259176977666073 0.6809539413204988
vn 0.7523699489328914 0.2591249824118925 0.6056349588925285
vn 0.8070094663543615 0.25907214971252773 0.5306763066670473
vn 0.8800878356590136 0.0 0.47481091133737985
vn -0.8388549206183239 0.06545099380630742 0.5404059488608471
vn -0.840657417328506 0.0 0.5415672688508476
vn -0.8778480213224897 0.06545100158977223 0.4744460115240566
vn -0.8824497668223868 0.2589969315629189 0.39268689623682096
vn -0.8157548288146829 0.5002768950174049 0.2902879390833725
vn -0.6821585632859793 0.7073675471473317 0.18517788145017655
vn -0.49231893445733843 0.8660298847050161 0.0872599883830347
vn -0.2559180451779842 0.9659271705180362 0.03860900681576418
vn 0.8579192046030308 0.5000081192457005 0.11818002818446273
vn 0.7004848797722879 0.7071138786345198 0.09649298343842803
vn 0.49615004610003177 0.8660300804676218 0.06186300574803219
vn 0.2572150670253681 0.965927251702322 0.028722007484410193
vn 0.08676003951118169 0.9961924536736181 0.008561003898746047
vn 0.8563308625721806 0.5000079197564854 0.1291879792673333
vn 0.8546010427770562 0.5000080250279022 0.14017500701646
vn 0.9630046203441703 0.06545097419654762 0.2614158969391557
vn 0.9650741090509678 0.0 0.2619770296027511
vn -0.9930591763246238 0.06541401161471672 0.09774701735566868
vn -0.9612691568762554 0.2588610422453489 0.09461801544137745
vn -0.8618229929097823 0.5000649958859653 0.08482999930210348
vn 0.9458307327815746 0.25887992686060624 0.19592194464765017
vn -0.7036450654921194 0.7071680658200244 0.06926000644640988
vn -0.49519997274320393 0.8660719523296689 0.06852999622797187
vn -0.25451001675630375 0.9659430635952784 0.046676003073031234
vn 0.008686003699851836 0.9962024243379921 0.0866330369018262
vn 0.1027970514790287 0.8663604338586859 0.48872524474535534
vn 0.30071492458762283 0.707739822515153 0.6392768396840919
vn 0.5417972842412874 0.5006232626402991 0.6751533542034339
vn 0.850051170684767 0.2590240520103513 0.45860609208513153
vn 0.8782007341559441 0.06545798018492338 0.4737918565763567
vn 0.9124280338086527 0.06544700242504063 0.40397001496850315
vn 0.9143885201450324 0.0 0.4048377875482695
vn -0.7949150782888051 0.06545100644607371 0.6031800594053974
vn -0.849716415194484 0.2589971265530199 0.4592412243977164
vn -0.7910757550904993 0.5002768451190653 0.3520258910161451
vn -0.6659379807234266 0.7073679795241732 0.23697499314040327
vn -0.48951393151774003 0.8660798788367324 0.10139898581443477
vn -0.2554010536605332 0.9659272029442243 0.041892008801637425
vn -0.08636603776662426 0.9961924356206026 0.011897005202388783
vn 0.8527302343793326 0.5000081374310055 0.1511390415417047
vn 0.9421267455419637 0.0 0.33525690945080877
vn -0.9951906515191264 0.0 0.09795696569890511
vn 0.8479698289064169 0.5000938990968145 0.17565096455917187
vn 0.9321439477118528 0.2589969854716941 0.2530379858059611
vn -0.08573002866534016 0.9961943330950644 0.01572300525726262
vn 0.05319699661119184 0.9660259384612517 0.2529109838888119
vn 0.1577450159660837 0.8663950876917501 0.47378904795432386
vn 0.37471191264323467 0.7077338350056767 0.5989188603737627
vn 0.6139247651486514 0.5005558085169172 0.6103607665120265
vn 0.6743997997002544 0.5004748513567391 0.5428718387646448
vn 0.7234060414927632 0.5003930287012941 0.475700027284965
vn 0.7620168995151242 0.5003179340245794 0.4111109457880363
vn 0.9382824571796461 0.06543803188478704 0.33962316548193716
vn 0.9402977680224572 0.0 0.34035291603273365
vn 0.9995446615037578 0.0 0.030173989781564995
vn 0.9978584708575922 0.06541003086490772 0.0
vn 0.9995446615037578 0.0 -0.030173989781564995
vn -0.811972734289274 0.2589969152456045 0.5230878288242438
vn -0.7966235889614531 0.0 0.6044756881051329
vn -0.7694411073408892 0.2589970361313842 0.5838500814500112
vn -0.7617317908002949 0.5002768626054822 0.41168888693501465
vn -0.6457916172675139 0.7073675807741298 0.2873748296854896
vn -0.4822700467365513 0.8661850839415676 0.13091601268700576
vn -0.25484204423370194 0.9659271676588909 0.045169007840120665
vn -0.0862060385632024 0.9961924456343377 0.01300500581762787
vn 0.6991878917304137 0.7071138905030689 0.10548098366621805
vn 0.49531493981304714 0.8660298947665489 0.06822999170920346
vn 0.25682506131917376 0.9659272306233643 0.032023007645765975
vn 0.08664303829891733 0.9961924403480379 0.009675004276652539
vn 0.6977752023810047 0.707114205089666 0.11445203319538623
vn 0.6962479882626516 0.7071139880794726 0.12340399791965528
vn 0.9401066811656935 0.06545097780250107 0.33453788654249866
vn -0.9980455916916475 0.0 0.062489974434856765
vn -0.9640286935560536 0.258853917715918 0.060359980812862826
vn -0.8643017875650184 0.5000538770927727 0.05411598669894138
vn -0.7056743377425228 0.7071573384523011 0.044184021146897165
vn 0.8356241793776125 0.5002771073909963 0.2268370486935265
vn 0.9099797743714528 0.25899693578197674 0.3238169197099285
vn -0.49753012994170226 0.8660632261927935 0.048972012790193455
vn -0.2563239565069548 0.9659398360993425 0.03547199398111236
vn 0.017917998934452475 0.9962039407577459 0.0851859949341592
vn 0.21254195158741235 0.8664128026493808 0.45183489708151053
vn 0.4421920606994872 0.7076940971448216 0.5510310756397653
vn 0.8831918517063597 0.25898195651524986 0.3910249343443773
vn 0.791749834280443 0.5002538952928687 0.3505399266291966
vn 0.9082253020462684 0.25894808611773207 0.3287441093296247
vn 0.9574788164522859 0.06543098745694641 0.2809859461352803
vn 0.9595348348040983 0.0 0.28158995152077415
vn 0.9959081270061797 0.06541200834186313 0.06235600795213748
vn 0.9980455916916475 0.0 0.062489974434856765
vn 0.9974040548482479 0.06541100359701661 0.03010900165572414
vn 0.9974040548482479 0.0654110035970166 -0.030109001655724173
vn 0.9980455916916475 0.0 -0.062489974434856765
vn -0.7478922108817008 0.0 0.6638201871760769
vn -0.7223730420063549 0.25899701506080647 0.6411690372843011
vn -0.7278962251670891 0.5002771547555089 0.4689241450567829
vn -0.6218366329442462 0.7073675824573089 0.33608080161929105
vn -0.47080294577998194 0.8661849002458218 0.1675359807057197
vn -0.2533790449493199 0.9659421713576735 0.05248600931099242
vn -0.08603203758701829 0.9961924352320871 0.014111006165036221
vn 0.6923207608939124 0.7071957557565511 0.14340895047100258
vn 0.9136240699032074 0.0 0.4065600311067222
vn -0.9959081270061797 0.06541200834186313 0.06235600795213748
vn 0.6821585632859793 0.7073675471473317 0.18517788145017655
vn 0.8157548288146829 0.5002768950174049 0.2902879390833725
vn 0.08651203519409796 0.996192405262609 0.010787004388278105
vn -0.08634199114126899 0.9961938977900133 0.011948998774026592
vn 0.02749400531593895 0.9962051926152966 0.0825790159665715
vn 0.081629015200875 0.9660361798943081 0.24517504565625586
vn 0.2648440067586867 0.8664090221103253 0.4233120108027108
vn 0.5010820687602401 0.7076300971034855 0.49817306836105657
vn 0.590503932333863 0.7074769189298709 0.3883059555038288
vn 0.6220524266220511 0.7074064851604025 0.33559923016393095
vn 0.6463517338618198 0.7073457087472814 0.2861668821695226
vn 0.9268133015021476 0.2589210842297611 0.2719870884802701
vn 0.9735687970123874 0.0 0.22839395238020851
vn 0.9930591763246238 0.06541401161471672 0.09774701735566868
vn 0.9951906515191264 0.0 0.09795696569890511
vn 0.965918879943052 0.25884496782738436 0.0
vn 0.9930591763246238 0.06541401161471667 -0.09774701735566871
vn 0.9951906515191264 0.0 -0.09795696569890511
vn 0.9959081270061797 0.06541200834186311 -0.0623560079521375
vn 0.9654782478320223 0.25884806644462466 -0.029145007481334993
vn -0.6897687668185345 0.5002768308776939 0.5233948230624845
vn -0.7462886677034771 0.06545097085694736 0.6623967050576656
vn -0.6475739802340996 0.5002769847300459 0.5747789824560213
vn -0.5942148152960781 0.7073677801239554 0.3828048810100974
vn -0.4565591359188164 0.8661852578655552 0.20316706048335065
vn -0.24960786659661213 0.9659734837336776 0.06775796378663021
vn -0.0858440347915213 0.9961924037444108 0.015215006166452842
vn 0.49439789748660656 0.8660298204287352 0.07458598453459751
vn 0.2563930292879056 0.965927110338343 0.0353190040345075
vn 0.49339899083708744 0.8660299839169573 0.0809289984970674
vn 0.4923189774168367 0.8660299602743406 0.08725899599734252
vn 0.8824497668223868 0.2589969315629189 0.39268689623682096
vn 0.9116651554525972 0.0654510111603802 0.40568806917590694
vn -0.9995446615037578 0.0 0.030173989781564995
vn -0.9654782478320223 0.25884806644462466 0.029145007481334882
vn -0.8656050661274688 0.5000450382006921 0.0261310019962648
vn -0.7067428026509343 0.7071488025375638 0.021334994042470277
vn -0.4989692349701567 0.8660564078355851 0.031241014711740747
vn 0.6659379807234266 0.7073679795241732 0.23697499314040327
vn 0.7910757550904993 0.5002768451190653 0.3520258910161451
vn -0.257532052691836 0.9659371976336687 0.025349005186482823
vn 0.08636603776662426 0.9961924356206026 0.011897005202388783
vn 0.03704399310290922 0.9962058145199434 0.07875098533763081
vn 0.10998395918935969 0.9660416415406551 0.2338099132425095
vn 0.3125469765574149 0.8663849350168004 0.38947597078735574
vn 0.5504712121238473 0.7075542726557378 0.4431121707530862
vn 0.8142126820520452 0.5002008046728745 0.2947148849145966
vn 0.6647130514534452 0.707296054749668 0.2406010186242036
vn 0.830893653201264 0.5001587912435173 0.24383789822683719
vn 0.9403742458552364 0.25890006768787815 0.22060605767613758
vn 0.971483056768614 0.06542500382311026 0.22790401331757137
vn 0.9814887230425697 0.06542098153944467 0.1799999492074415
vn 0.9835959015361536 0.0 0.18038598194228178
vn 0.9905597086150179 0.0 0.13708195967570252
vn 0.9654782478320223 0.25884806644462466 0.029145007481334882
vn 0.9640286935560536 0.258853917715918 0.060359980812862826
vn 0.988437989781034 0.06541699932368632 -0.1367879985858173
vn 0.9905597086150179 0.0 -0.13708195967570252
vn 0.9835959015361536 0.0 -0.18038598194228178
vn 0.971483056768614 0.06542500382311014 -0.22790401331757137
vn 0.9735687970123874 0.0 -0.22839395238020851
vn -0.6932617201618435 0.06545097358042547 0.7177077102941116
vn -0.6710449854725473 0.2589969943929743 0.694707984960267
vn -0.6015609493106719 0.5002769578451646 0.622773947523201
vn -0.5630899034399439 0.7073678786987982 0.4272709267305195
vn -0.4396240108143112 0.8661850213072857 0.23760100584474708
vn -0.2436728663301181 0.9659734701028407 0.08671095243359264
vn -0.08535001320637926 0.9961941541431258 0.017680002735662177
vn 0.48951393151774003 0.8660798788367324 0.10139898581443477
vn 0.8778480213224897 0.06545100158977223 0.4744460115240566
vn -0.9974040548482479 0.06541100359701661 0.03010900165572414
vn 0.8797347200464632 0.0 0.47546484869522254
vn 0.4822700467365513 0.8661850839415676 0.13091601268700576
vn 0.6457916172675139 0.7073675807741298 0.2873748296854896
vn -0.0867489657706866 0.9961936069230004 0.008538996630691692
vn 0.0862060385632024 0.9961924456343377 0.01300500581762787
vn 0.04615998549570396 0.9962056869742907 0.07377997681700667
vn 0.13704906505706957 0.9660404585785484 0.21905110398336444
vn 0.3541869886932889 0.866345972343638 0.35213098875892246
vn 0.38911900778179653 0.8662990173246812 0.31322900626411015
vn 0.4174399939245783 0.8662519873925687 0.2745019960048978
vn 0.43976402904795425 0.8662090572161419 0.23725401567145846
vn 0.45696200756637684 0.8661720143420762 0.2023160033499482
vn 0.8430646849531092 0.5001258131067695 0.19777792609188607
vn 0.988437989781034 0.06541699932368639 0.13678799858581725
vn 0.9612691568762554 0.2588610422453489 0.09461801544137745
vn 0.8660017983579997 0.500040883569244 0.0
vn 0.8656050661274688 0.5000450382006921 -0.026131001996265023
vn 0.9640286935560536 0.258853917715918 -0.06035998081286294
vn 0.9612691568762554 0.2588610422453489 -0.09461801544137756
vn -0.5286446052585775 0.7073674718053693 0.4692186496322189
vn 0.9595348348040983 0.0 -0.28158995152077415
vn 0.9814887230425697 0.06542098153944458 -0.17999994920744153
vn -0.6947511686505193 0.0 0.7192501745976415
vn 0.9402977680224572 0.0 -0.34035291603273365
vn 0.9124280338086529 0.06544700242504047 -0.4039700149685032
vn 0.9143885201450324 0.0 -0.4048377875482695
vn 0.9382824571796461 0.06543803188478689 -0.33962316548193716
vn -0.4200960282730939 0.8661850582955557 0.2706340182140758
vn -0.23630087184391102 0.9659734761111891 0.10515294297105268
vn -0.0840769879575698 0.9961978573135949 0.02282299673103937
vn 0.2559180550586001 0.9659272078110507 0.03860800830618549
vn 0.2554010536605332 0.9659272029442243 0.041892008801637425
vn 0.25484204423370194 0.9659271676588909 0.045169007840120665
vn 0.849716415194484 0.2589971265530199 0.4592412243977164
vn 0.7617317908002949 0.5002768626054822 0.41168888693501465
vn 0.8388549206183239 0.06545099380630742 0.5404059488608471
vn -0.965918879943052 0.25884496782738436 0.0
vn -0.8660017983579997 0.500040883569244 0.0
vn -0.7070682801231849 0.7071452801536905 0.0
vn -0.49972800100420334 0.8660510017403295 0.015086000030315122
vn -0.25827900422195776 0.9659350157896569 0.016171000264339045
vn 0.47080294577998194 0.8661849002458218 0.1675359807057197
vn 0.6218366329442462 0.7073675824573089 0.33608080161929105
vn 0.08603203758701829 0.9961924352320871 0.014111006165036221
vn 0.05447599253523696 0.9962048634915511 0.06788399069795899
vn 0.16173704816740272 0.9660332876973146 0.20154606002304554
vn 0.6783497124703425 0.7072567002176414 0.19907191562010157
vn 0.46996014917829887 0.8661412749371032 0.17010805399698267
vn 0.6883014957973135 0.7072254819348931 0.16147188171672272
vn 0.9500634956489514 0.25888386256881984 0.17423690750453263
vn 0.8517620995177603 0.5001000584304441 0.15620901825107214
vn 0.8656050661274688 0.5000450382006921 0.0261310019962648
vn 0.8643017875650184 0.5000538770927727 0.05411598669894138
vn 0.9567933909597329 0.25887110577850897 -0.13240905410427053
vn 0.9574788164522859 0.06543098745694628 -0.2809859461352803
vn 0.9500634956489514 0.25888386256881973 -0.17423690750453277
vn -0.6361469076381553 0.06545099049720426 0.7687868883802241
vn -0.6157602936841712 0.2589971235275422 0.7441503549192476
vn 0.8782007341559441 0.06545798018492316 -0.4737918565763567
vn -0.5520008376734133 0.5002768528838577 0.6670968038272052
vn -0.49108186216586325 0.707367801459924 0.5083988573054248
vn -0.3980910422878204 0.8661850920118156 0.30207103208795
vn -0.2275349094950498 0.9659736157715131 0.12297495108512403
vn -0.08207798760060246 0.9961978495058965 0.0292069955877431
vn 0.08717400873810516 0.996193099855911 0.0
vn 0.2533790449493199 0.9659421713576735 0.05248600931099242
vn 0.811972734289274 0.2589969152456045 0.5230878288242438
vn -0.9978584708575922 0.06541003086490772 0.0
vn 0.840657417328506 0.0 0.5415672688508476
vn 0.24960786659661213 0.9659734837336776 0.06775796378663021
vn 0.4565591359188164 0.8661852578655552 0.20316706048335065
vn -0.0870010288382793 0.996193330208756 0.00544700180552049
vn 0.0858440347915213 0.9961924037444108 0.015215006166452842
vn 0.06173603056585585 0.9962034932259507 0.06137803038860773
vn 0.18329092900282226 0.9660216258144938 0.18222692941495902
vn 0.20137591865985263 0.966007609808353 0.1621019345234754
vn 0.21604093670628002 0.9659937169918962 0.14206495837909294
vn 0.22760293868161444 0.9659807397556471 0.12279296691841245
vn 0.2365118830638237 0.9659695224054669 0.10471394822734231
vn 0.6954143261417459 0.7072013316697231 0.12753505981255406
vn 0.9567933909597329 0.2588711057785091 0.13240905410427042
vn 0.8618229929097823 0.5000649958859653 0.08482999930210348
vn 0.7070682801231849 0.7071452801536905 0.0
vn 0.7067428026509343 0.7071488025375638 -0.02133499404247059
vn 0.8643017875650184 0.5000538770927727 -0.054115986698941604
vn 0.8618229929097823 0.5000649958859653 -0.0848299993021037
vn 0.9403742458552364 0.2589000676878781 -0.22060605767613767
vn -0.6375132939287596 0.0 0.7704393552149988
vn 0.8800878356590136 0.0 -0.47481091133737985
vn 0.9082253020462684 0.2589480861177319 -0.32874410932962483
vn 0.8831918517063598 0.2589819565152497 -0.39102493434437746
vn 0.9268133015021476 0.258921084229761 -0.2719870884802702
vn -0.3737391058761926 0.8661852453807867 0.3317260939743666
vn -0.21742793597824497 0.9659737155685983 0.14007095875604203
vn -0.07959498707417313 0.9961978382224652 0.035418994248132676
vn 0.08713301874065883 0.9961932142622558 -0.0026300005656634345
vn 0.08713301874065883 0.9961932142622558 0.0026300005656629917
vn 0.7278962251670891 0.5002771547555089 0.4689241450567829
vn 0.5942148152960781 0.7073677801239554 0.3828048810100974
vn -0.9995446615037578 0.0 -0.030173989781564995
vn 0.7949150782888051 0.06545100644607371 0.6031800594053974
vn 0.7694411073408892 0.2589970361313842 0.5838500814500112
vn -0.9974040548482479 0.0654110035970166 -0.030109001655724173
vn -0.9654782478320223 0.25884806644462466 -0.029145007481334993
vn -0.8656050661274688 0.5000450382006921 -0.026131001996265023
vn -0.49995903197688074 0.8660490553916332 0.0
vn -0.2586719125144579 0.9659336733111447 0.007808997358915331
vn 0.2436728663301181 0.9659734701028407 0.08671095243359264
vn 0.4396240108143112 0.8661850213072857 0.23760100584474708
vn 0.08535001320637926 0.9961941541431258 0.017680002735662177
vn 0.0678289878570861 0.9962018216574753 0.0545999902253739
vn 0.4796150555360693 0.8661171002903032 0.14075001629786738
vn 0.24324512773522577 0.9659605072544913 0.08804604623558816
vn 0.48666200484910016 0.8660980086298006 0.11416800113756975
vn 0.8578036684259208 0.5000808066995525 0.11870995411404117
vn 0.700355999136461 0.7071829991280434 0.09692099988049624
vn 0.7067428026509343 0.7071488025375638 0.021334994042470277
vn 0.7056743377425228 0.7071573384523011 0.044184021146897165
vn 0.8578036684259208 0.5000808066995525 -0.1187099541140414
vn 0.8517620995177599 0.5001000584304439 -0.15620901825107233
vn -0.575281010570501 0.0654510012026296 0.8153330149813365
vn -0.5568449075473261 0.25899695699886843 0.789204868968721
vn -0.4991859551928211 0.5002769550948926 0.7074859364957113
vn 0.8355363231349624 0.0 -0.5494352124883405
vn 0.850051170684767 0.2590240520103511 -0.4586060920851317
vn -0.4506237675854444 0.707367635166748 0.5445817191255157
vn -0.3471830799927268 0.8661851995734239 0.359426082813576
vn -0.20603893209359692 0.9659736816339635 0.15634194847275074
vn -0.07664199105388748 0.9961978837178126 0.04142199516497626
vn 0.08634199114126899 0.9961938977900133 -0.011948998774027034
vn 0.0870010288382793 0.996193330208756 -0.005447001805520932
vn 0.0870010288382793 0.996193330208756 0.00544700180552049
vn 0.25879295117379736 0.9659328177584385 0.0
vn 0.6897687668185345 0.5002768308776939 0.5233948230624845
vn 0.7966235889614531 0.0 0.6044756881051329
vn -0.7067428026509343 0.7071488025375638 -0.02133499404247059
vn -0.49972800100420334 0.8660510017403295 -0.015086000030315508
vn 0.0840769879575698 0.9961978573135949 0.02282299673103937
vn 0.23630087184391102 0.9659734761111891 0.10515294297105268
vn -0.08713301874065883 0.9961932142622558 0.0026300005656629917
vn 0.0727690152354684 0.996200208571969 0.04785201001865654
vn 0.0766649730849643 0.9961986502611145 0.041360985479256394
vn 0.07966603275047379 0.9961974095338507 0.03527101449981101
vn 0.4916991966514453 0.8660833463836082 0.0901750360648364
vn 0.7036450654921194 0.7071680658200244 0.06926000644640988
vn 0.49972800100420334 0.8660510017403295 0.015086000030315122
vn 0.49972800100420334 0.8660510017403295 -0.015086000030315508
vn 0.7056743377425228 0.7071573384523011 -0.044184021146897484
vn 0.7036450654921194 0.7071680658200244 -0.06926000644641019
vn 0.8430646849531092 0.5001258131067695 -0.1977779260918863
vn -0.5765170724929908 0.0 0.8170851027427385
vn -0.4075080559718467 0.7073680971580761 0.5775530793277872
vn 0.8337439370886031 0.06547099505978793 -0.5482559586305258
vn 0.8142126820520452 0.5002008046728743 -0.29471488491459685
vn 0.830893653201264 0.5001587912435171 -0.24383789822683746
vn 0.791749834280443 0.5002538952928686 -0.35053992662919686
vn -0.193435898034839 0.965973490809909 0.17169090949719545
vn -0.07323798877228761 0.9961978472783989 0.047180992766941834
vn 0.08485098391009126 0.9961948110960787 -0.019904996225505713
vn 0.08573002866534016 0.9961943330950644 -0.01572300525726306
vn 0.0867489657706866 0.9961936069230004 -0.008538996630692134
vn 0.2586719125144579 0.9659336733111447 -0.007808997358915761
vn 0.0867489657706866 0.9961936069230004 0.008538996630691692
vn 0.2586719125144579 0.9659336733111447 0.007808997358915331
vn 0.5630899034399439 0.7073678786987982 0.4272709267305195
vn 0.4200960282730939 0.8661850582955557 0.2706340182140758
vn -0.9959081270061797 0.06541200834186311 -0.0623560079521375
vn 0.7478922108817008 0.0 0.6638201871760769
vn 0.7223730420063549 0.25899701506080647 0.6411690372843011
vn 0.6475739802340996 0.5002769847300459 0.5747789824560213
vn -0.9640286935560536 0.258853917715918 -0.06035998081286294
vn -0.8643017875650184 0.5000538770927727 -0.054115986698941604
vn -0.2586719125144579 0.9659336733111447 -0.007808997358915761
vn -0.25879295117379736 0.9659328177584385 0.0
vn 0.08207798760060246 0.9961978495058965 0.0292069955877431
vn 0.2275349094950498 0.9659736157715131 0.12297495108512403
vn 0.24824803951898095 0.9659531537715438 0.07285201159742172
vn 0.08193502653507231 0.9961963226232124 0.029657009604572182
vn 0.2518989060743465 0.9659476398266879 0.059093977965602805
vn 0.49519997274320393 0.8660719523296689 0.06852999622797187
vn 0.4989692349701567 0.8660564078355851 0.031241014711740747
vn 0.49753012994170226 0.8660632261927935 0.048972012790193455
vn 0.49995903197688074 0.8660490553916332 0.0
vn 0.4989692349701567 0.8660564078355851 -0.031241014711741136
vn 0.700355999136461 0.7071829991280434 -0.09692099988049656
vn 0.6954143261417459 0.7072013316697231 -0.12753505981255436
vn 0.7773047166452768 0.06548597612807391 -0.6257067719080235
vn 0.7789767541012259 0.0 -0.6270528020589002
vn -0.5110220687148427 0.0654510088009034 0.8570721152466383
vn -0.49464594396626327 0.2589969706606955 0.8296059060218335
vn -0.44342775444551924 0.5002767229645875 0.7437035881634683
vn -0.36198982951658604 0.7073676668567874 0.6071197140697523
vn 0.7620168995151242 0.5003179340245792 -0.4111109457880365
vn 0.8070094663543615 0.2590721497125275 -0.5306763066670475
vn -0.31857999033523904 0.866184973722547 0.38500698832004304
vn -0.1796909064762084 0.9659734972394218 0.18602790317798923
vn -0.0694019868465203 0.9961978111946316 0.05266199001918441
vn 0.08193502653507231 0.9961963226232124 -0.029657009604572623
vn 0.08362004205984648 0.9961955010740107 -0.024540012343322783
vn 0.2563239565069548 0.9659398360993425 -0.03547199398111279
vn 0.257532052691836 0.9659371976336687 -0.025349005186483253
vn 0.25827900422195776 0.9659350157896569 -0.016171000264339475
vn 0.08634199114126899 0.9961938977900133 0.011948998774026592
vn 0.25827900422195776 0.9659350157896569 0.016171000264339045
vn 0.5286446052585775 0.7073674718053693 0.4692186496322189
vn -0.9980455916916475 0.0 -0.062489974434856765
vn 0.7462886677034771 0.06545097085694736 0.6623967050576656
vn -0.7056743377425228 0.7071573384523011 -0.044184021146897484
vn -0.4989692349701567 0.8660564078355851 -0.031241014711741136
vn -0.25827900422195776 0.9659350157896569 -0.016171000264339475
vn 0.07959498707417313 0.9961978382224652 0.035418994248132676
vn -0.08717400873810516 0.996193099855911 0.0
vn 0.25451001675630375 0.9659430635952784 0.046676003073031234
vn 0.49753012994170226 0.8660632261927935 -0.04897201279019384
vn 0.49519997274320393 0.8660719523296689 -0.06852999622797225
vn 0.6883014957973133 0.707225481934893 -0.161471881716723
vn 0.7091617857055239 0.0 -0.7050457869492962
vn -0.5121199606190008 0.0 0.8589139339512388
vn -0.2880989624729518 0.8661848871729295 0.4083169468136586
vn 0.6647130514534452 0.7072960547496678 -0.240601018624204
vn 0.6783497124703425 0.7072567002176413 -0.1990719156201019
vn 0.6463517338618198 0.7073457087472812 -0.2861668821695229
vn -0.06515599023429061 0.9961978506878849 0.0578319913320259
vn 0.07966603275047379 0.9961974095338507 -0.035271014499811446
vn 0.25189890607434645 0.9659476398266877 -0.059093977965603214
vn 0.25451001675630375 0.9659430635952784 -0.046676003073031665
vn 0.08573002866534016 0.9961943330950644 0.01572300525726262
vn 0.257532052691836 0.9659371976336687 0.025349005186482823
vn 0.3980910422878204 0.8661850920118156 0.30207103208795
vn 0.21742793597824497 0.9659737155685983 0.14007095875604203
vn -0.9951906515191264 0.0 -0.09795696569890511
vn 0.6932617201618435 0.06545097358042547 0.7177077102941116
vn 0.6710449854725473 0.2589969943929743 0.694707984960267
vn 0.6015609493106719 0.5002769578451646 0.622773947523201
vn -0.9930591763246238 0.06541401161471667 -0.09774701735566871
vn -0.9612691568762554 0.2588610422453489 -0.09461801544137756
vn -0.8618229929097823 0.5000649958859653 -0.0848299993021037
vn -0.08713301874065883 0.9961932142622558 -0.0026300005656634345
vn -0.0870010288382793 0.996193330208756 -0.005447001805520932
vn 0.07664199105388748 0.9961978837178126 0.04142199516497626
vn 0.08362004205984648 0.9961955010740107 0.024540012343322343
vn 0.08485098391009126 0.9961948110960787 0.019904996225505272
vn 0.2563239565069548 0.9659398360993425 0.03547199398111236
vn 0.4916991966514452 0.866083346383608 -0.09017503606483676
vn 0.48666200484910016 0.8660980086298006 -0.11416800113757015
vn 0.7076388303984527 0.06549998430145673 -0.7035318313827873
vn -0.4437509204685266 0.06545098826951516 0.893756839815998
vn -0.4295301223873238 0.2589970737968239 0.8651152464999176
vn -0.38505404872069937 0.5002770632998109 0.775536098128201
vn -0.3143378313728869 0.7073676205313272 0.6331056603692932
vn -0.2559190078379036 0.8661850265282163 0.4292190131454761
vn 0.7523699489328914 0.25912498241189225 -0.6056349588925287
vn 0.6220524266220511 0.7074064851604024 -0.33559923016393134
vn 0.7234060414927632 0.5003930287012939 -0.4757000272849652
vn -0.16488693167631097 0.9659735997325004 0.1992669174303821
vn -0.060525992349484796 0.9961978740800985 0.06266099207961955
vn 0.0766649730849643 0.9961986502611145 -0.04136098547925684
vn 0.24324512773522577 0.9659605072544913 -0.08804604623558858
vn 0.24824803951898095 0.9659531537715438 -0.07285201159742213
vn 0.3737391058761926 0.8661852453807867 0.3317260939743666
vn -0.988437989781034 0.06541699932368632 -0.1367879985858173
vn -0.9905597086150179 0.0 -0.13708195967570252
vn 0.6947511686505193 0.0 0.7192501745976415
vn -0.9835959015361536 0.0 -0.18038598194228178
vn -0.971483056768614 0.06542500382311014 -0.22790401331757137
vn -0.9735687970123874 0.0 -0.22839395238020851
vn 0.49108186216586325 0.707367801459924 0.5083988573054248
vn -0.7036450654921194 0.7071680658200244 -0.06926000644641019
vn -0.49753012994170226 0.8660632261927935 -0.04897201279019384
vn -0.257532052691836 0.9659371976336687 -0.025349005186483253
vn -0.0867489657706866 0.9961936069230004 -0.008538996630692134
vn -0.08634199114126899 0.9961938977900133 -0.011948998774027034
vn 0.47961505553606926 0.8661171002903031 -0.14075001629786774
vn 0.6258740908606519 0.0 -0.7799241132247114
vn -0.4447050388329798 0.0 0.8956770782132129
vn -0.14911091998553613 0.9659734816486262 0.21133188659712085
vn 0.45696200756637684 0.8661720143420762 -0.20231600334994856
vn 0.46996014917829887 0.8661412749371032 -0.17010805399698306
vn 0.43976402904795425 0.8662090572161419 -0.2372540156714588
vn 0.0727690152354684 0.996200208571969 -0.04785201001865698
vn 0.23651188306382367 0.9659695224054667 -0.10471394822734274
vn 0.20603893209359692 0.9659736816339635 0.15634194847275074
vn 0.07323798877228761 0.9961978472783989 0.047180992766941834
vn 0.6375132939287596 0.0 0.7704393552149988
vn 0.6361469076381553 0.06545099049720426 0.7687868883802241
vn -0.9814887230425697 0.06542098153944458 -0.17999994920744153
vn -0.9595348348040983 0.0 -0.28158995152077415
vn 0.6157602936841712 0.2589971235275422 0.7441503549192476
vn 0.5520008376734133 0.5002768528838577 0.6670968038272052
vn -0.9567933909597329 0.25887110577850897 -0.13240905410427053
vn -0.8578036684259208 0.5000808066995525 -0.1187099541140414
vn -0.08573002866534016 0.9961943330950644 -0.01572300525726306
vn 0.6849299409778772 0.2591769776660727 -0.680953941320499
vn 0.624529103371129 0.06551101084328498 -0.7782491288146393
vn -0.3738628867655477 0.0654509801764067 0.9251717197868076
vn -0.36188209563423207 0.2589970684449055 0.8955232366590614
vn -0.3244108392113224 0.5002767520463942 0.8027956021081059
vn -0.2648309516860993 0.707367870952769 0.655358880440924
vn -0.22222901267294318 0.8661850493955033 0.4475910255245502
vn -0.13245495243536892 0.9659736531184406 0.22214992022586671
vn 0.6743997997002544 0.500474851356739 -0.542871838764645
vn 0.4174399939245783 0.8662519873925687 -0.27450199600489816
vn 0.590503932333863 0.7074769189298707 -0.3883059555038291
vn -0.055539993301766136 0.9961978798565505 0.067119991905195
vn 0.0678289878570861 0.9962018216574753 -0.054599990225374345
vn 0.22760293868161438 0.9659807397556469 -0.12279296691841288
vn -0.08362004205984648 0.9961955010740107 -0.024540012343322783
vn 0.193435898034839 0.965973490809909 0.17169090949719545
vn 0.3471830799927268 0.8661851995734239 0.359426082813576
vn -0.9402977680224572 0.0 -0.34035291603273365
vn -0.9574788164522859 0.06543098745694628 -0.2809859461352803
vn -0.9500634956489514 0.25888386256881973 -0.17423690750453277
vn 0.4506237675854444 0.707367635166748 0.5445817191255157
vn -0.700355999136461 0.7071829991280434 -0.09692099988049656
vn -0.49519997274320393 0.8660719523296689 -0.06852999622797225
vn -0.2563239565069548 0.9659398360993425 -0.03547199398111279
vn -0.08485098391009126 0.9961948110960787 -0.019904996225505713
vn 0.5303941184802471 0.0 -0.8477511893719536
vn -0.3746659480795458 0.0 0.9271598715160481
vn -0.050225993266302 0.9961978664417535 0.0711839904565052
vn 0.21604093670628002 0.9659937169918962 -0.1420649583790934
vn 0.0694019868465203 0.9961978111946316 0.05266199001918441
vn -0.08193502653507231 0.9961963226232124 -0.029657009604572623
vn 0.5765170724929908 0.0 0.8170851027427385
vn -0.9143885201450324 0.0 -0.4048377875482695
vn -0.9382824571796461 0.06543803188478689 -0.33962316548193716
vn 0.575281010570501 0.0654510012026296 0.8153330149813365
vn -0.9403742458552364 0.2589000676878781 -0.22060605767613767
vn 0.5568449075473261 0.25899695699886843 0.789204868968721
vn 0.4991859551928211 0.5002769550948926 0.7074859364957113
vn -0.8517620995177599 0.5001000584304439 -0.15620901825107233
vn -0.25451001675630375 0.9659430635952784 -0.046676003073031665
vn 0.6139247651486515 0.500555808516917 -0.6103607665120269
vn 0.6044800733034895 0.2592210314349585 -0.7532650913462035
vn 0.5292539733316869 0.06551899669859593 -0.8459299573748594
vn -0.301771037871815 0.06545100821400408 0.9511311193655362
vn -0.29209998250175107 0.2589969844847863 0.9206509448484068
vn -0.261853869370433 0.5002767504297514 0.825321588276461
vn -0.21376390352580696 0.7073676807565494 0.6737476959296483
vn -0.1872300253271689 0.8661851171714674 0.4633230626751047
vn -0.11501894068946338 0.9659735018871985 0.23165888054304395
vn -0.044615993926782095 0.9961978643955635 0.07482798981426485
vn 0.5504712121238473 0.7075542726557376 -0.4431121707530865
vn 0.3891190077817965 0.8662990173246811 -0.31322900626411043
vn 0.20137591865985263 0.966007609808353 -0.16210193452347582
vn 0.06173603056585585 0.9962034932259507 -0.061378030388608174
vn -0.25189890607434645 0.9659476398266877 -0.059093977965603214
vn -0.24824803951898095 0.9659531537715438 -0.07285201159742213
vn 0.06515599023429061 0.9961978506878849 0.0578319913320259
vn 0.1796909064762084 0.9659734972394218 0.18602790317798923
vn 0.31857999033523904 0.866184973722547 0.38500698832004304
vn -0.8800878356590136 0.0 -0.47481091133737985
vn -0.9124280338086529 0.06544700242504047 -0.4039700149685032
vn -0.8355363231349624 0.0 -0.5494352124883405
vn -0.8782007341559441 0.06545798018492316 -0.4737918565763567
vn -0.9268133015021476 0.258921084229761 -0.2719870884802702
vn 0.4075080559718467 0.7073680971580761 0.5775530793277872
vn -0.6954143261417459 0.7072013316697231 -0.12753505981255436
vn -0.4916991966514452 0.866083346383608 -0.09017503606483676
vn 0.50108206876024 0.7076300971034852 -0.49817306836105685
vn 0.4256560226532012 0.0 -0.9048850481575311
vn -0.30241902537507426 0.0 0.9531750799780648
vn 0.05447599253523696 0.9962048634915511 -0.06788399069795943
vn -0.07966603275047379 0.9961974095338507 -0.035271014499811446
vn -0.24324512773522577 0.9659605072544913 -0.08804604623558858
vn -0.0766649730849643 0.9961986502611145 -0.04136098547925684
vn 0.5121199606190008 0.0 0.8589139339512388
vn -0.7773047166452768 0.06548597612807391 -0.6257067719080235
vn -0.7789767541012259 0.0 -0.6270528020589002
vn -0.8337439370886031 0.06547099505978793 -0.5482559586305258
vn -0.9082253020462684 0.2589480861177319 -0.32874410932962483
vn 0.5110220687148427 0.0654510088009034 0.8570721152466383
vn -0.8430646849531092 0.5001258131067695 -0.1977779260918863
vn 0.49464594396626327 0.2589969706606955 0.8296059060218335
vn 0.44342775444551924 0.5002767229645875 0.7437035881634683
vn 0.4421920606994872 0.7076940971448215 -0.5510310756397656
vn 0.5417972842412875 0.5006232626402989 -0.6751533542034341
vn 0.5122601963511638 0.25924809937072274 -0.8187673138364373
vn 0.42474176927077695 0.0655199644080906 -0.9029405095025322
vn -0.22789888526536062 0.06545096704901367 0.9714825109116246
vn -0.22059598194146213 0.2589969787978609 0.9403499230206076
vn -0.19775393201161665 0.5002768280033555 0.8429807101807526
vn -0.16143593862077635 0.7073677310531811 0.688163738354691
vn -0.15112599432695697 0.8661849674847163 0.4763239821195123
vn -0.09690396736793368 0.965973674711801 0.23980091924789315
vn -0.038741995453065343 0.9961978830817404 0.07803099084193209
vn 0.04615998549570396 0.9962056869742907 -0.0737799768170071
vn 0.35418698869328885 0.8663459723436377 -0.35213098875892274
vn 0.18329092900282226 0.9660216258144938 -0.18222692941495944
vn -0.48666200484910016 0.8660980086298006 -0.11416800113757015
vn -0.47961505553606926 0.8661171002903031 -0.14075001629786774
vn -0.0727690152354684 0.996200208571969 -0.04785201001865698
vn 0.060525992349484796 0.9961978740800985 0.06266099207961955
vn 0.16488693167631097 0.9659735997325004 0.1992669174303821
vn 0.2880989624729518 0.8661848871729295 0.4083169468136586
vn -0.7091617857055239 0.0 -0.7050457869492962
vn -0.8831918517063598 0.2589819565152497 -0.39102493434437746
vn -0.850051170684767 0.2590240520103511 -0.4586060920851317
vn -0.830893653201264 0.5001587912435171 -0.24383789822683746
vn 0.36198982951658604 0.7073676668567874 0.6071197140697523
vn -0.6883014957973133 0.707225481934893 -0.161471881716723
vn 0.3125469765574149 0.8663849350168004 -0.3894759707873561
vn 0.3152159581681658 0.06551499130560415 -0.9467558743574565
vn -0.2283889908392036 0.0 0.9735699609496229
vn 0.1617370481674027 0.9660332876973143 -0.20154606002304593
vn -0.23651188306382367 0.9659695224054667 -0.10471394822734274
vn -0.46996014917829887 0.8661412749371032 -0.17010805399698306
vn -0.22760293868161438 0.9659807397556469 -0.12279296691841288
vn 0.4447050388329798 0.0 0.8956770782132129
vn -0.7076388303984527 0.06549998430145673 -0.7035318313827873
vn -0.8070094663543615 0.2590721497125275 -0.5306763066670475
vn -0.8142126820520452 0.5002008046728743 -0.29471488491459685
vn 0.4437509204685266 0.06545098826951516 0.893756839815998
vn 0.4295301223873238 0.2589970737968239 0.8651152464999176
vn 0.38505404872069937 0.5002770632998109 0.775536098128201
vn 0.31589504652170897 0.0 -0.948794139728449
vn 0.4591310907954779 0.5006650990090363 -0.7338481451221543
vn 0.2648440067586867 0.8664090221103251 -0.4233120108027112
vn 0.41110286949089275 0.2592519176976399 -0.8739467225560437
vn 0.30509593156088827 0.25923194184909715 -0.9163597944421938
vn -0.15268307611902146 0.06545103263012977 0.9861054916156194
vn -0.14779005792447716 0.25899710151069655 0.9545043741061314
vn -0.1324869317163855 0.500276742157934 0.8556695589888786
vn -0.10815500130148323 0.7073680085121132 0.6985220084056645
vn -0.11413099100408151 0.8661849317264403 0.48651596165232674
vn -0.07821796616682607 0.9659735821682176 0.24652989336351752
vn -0.032640994627929236 0.9961978360452757 0.08077398670617776
vn 0.03704399310290922 0.9962058145199434 -0.07875098533763125
vn 0.13704906505706957 0.9660404585785484 -0.2190511039833649
vn -0.6783497124703425 0.7072567002176413 -0.1990719156201019
vn -0.21604093670628002 0.9659937169918962 -0.1420649583790934
vn -0.0678289878570861 0.9962018216574753 -0.054599990225374345
vn 0.055539993301766136 0.9961978798565505 0.067119991905195
vn 0.14911091998553613 0.9659734816486262 0.21133188659712085
vn 0.2559190078379036 0.8661850265282163 0.4292190131454761
vn -0.624529103371129 0.06551101084328498 -0.7782491288146393
vn -0.6258740908606519 0.0 -0.7799241132247114
vn -0.7523699489328914 0.25912498241189225 -0.6056349588925287
vn -0.791749834280443 0.5002538952928686 -0.35053992662919686
vn -0.7620168995151242 0.5003179340245792 -0.4111109457880365
vn 0.3143378313728869 0.7073676205313272 0.6331056603692932
vn 0.20583398434375316 0.0 -0.9785869255662348
vn 0.37471191264323467 0.7077338350056763 -0.5989188603737631
vn 0.20539204078008025 0.0655040130056591 -0.9764851938787132
vn -0.15301107342261072 0.0 0.98822447420111
vn -0.45696200756637684 0.8661720143420762 -0.20231600334994856
vn -0.6647130514534452 0.7072960547496678 -0.240601018624204
vn -0.43976402904795425 0.8662090572161419 -0.2372540156714588
vn 0.3746659480795458 0.0 0.9271598715160481
vn -0.5292539733316869 0.06551899669859593 -0.8459299573748594
vn -0.6044800733034895 0.2592210314349585 -0.7532650913462035
vn -0.6849299409778772 0.2591769776660727 -0.680953941320499
vn -0.7234060414927632 0.5003930287012939 -0.4757000272849652
vn 0.3738628867655477 0.0654509801764067 0.9251717197868076
vn 0.36188209563423207 0.2589970684449055 0.8955232366590614
vn 0.3244108392113224 0.5002767520463942 0.8027956021081059
vn 0.36846396424352174 0.5006719514137947 -0.7833019239868185
vn 0.21254195158741238 0.8664128026493806 -0.4518348970815109
vn 0.10998395918935969 0.9660416415406551 -0.23380991324250994
vn 0.2734560986628415 0.5006411806311201 -0.8213282963348923
vn 0.19880003658070114 0.25919304769346896 -0.9451441739136328
vn -0.07656699210265115 0.06545099324918878 0.9949138973816013
vn -0.07411403291015833 0.25899711500704714 0.9630304276313487
vn -0.06643997720119219 0.5002768283305363 0.8633127037551597
vn -0.05423798034654596 0.7073677436811006 0.7047617446253994
vn -0.07646299990384778 0.8661849989107724 0.49383899937899717
vn -0.0590709731303335 0.9659735606067407 0.2518048854612858
vn -0.026346996558911224 0.9961978698900915 0.08303998915443815
vn 0.027494005315938944 0.9962051926152963 -0.08257901596657191
vn -0.4174399939245783 0.8662519873925687 -0.27450199600489816
vn -0.20137591865985263 0.966007609808353 -0.16210193452347582
vn -0.06173603056585585 0.9962034932259507 -0.061378030388608174
vn 0.050225993266302 0.9961978664417535 0.0711839904565052
vn 0.13245495243536892 0.9659736531184406 0.22214992022586671
vn 0.22222901267294318 0.8661850493955033 0.4475910255245502
vn -0.5303941184802471 0.0 -0.8477511893719536
vn -0.5122601963511638 0.25924809937072274 -0.8187673138364373
vn -0.6743997997002544 0.500474851356739 -0.542871838764645
vn -0.6463517338618198 0.7073457087472812 -0.2861668821695229
vn -0.6220524266220511 0.7074064851604024 -0.33559923016393134
vn 0.2648309516860993 0.707367870952769 0.655358880440924
vn 0.09955099465779513 0.06548999648561021 -0.9928749467193532
vn 0.30071492458762283 0.7077398225151527 -0.6392768396840922
vn 0.09635703823939458 0.2591431028412197 -0.9610203813819751
vn -0.07673198118040969 0.0 0.9970517554591284
vn 0.30241902537507426 0.0 0.9531750799780648
vn -0.4256560226532012 0.0 -0.9048850481575311
vn -0.42474176927077695 0.0655199644080906 -0.9029405095025322
vn -0.5417972842412875 0.5006232626402989 -0.6751533542034341
vn -0.4591310907954779 0.5006650990090363 -0.7338481451221543
vn -0.6139247651486515 0.500555808516917 -0.6103607665120269
vn -0.590503932333863 0.7074769189298707 -0.3883059555038291
vn 0.301771037871815 0.06545100821400408 0.9511311193655362
vn 0.29209998250175107 0.2589969844847863 0.9206509448484068
vn 0.261853869370433 0.5002767504297514 0.825321588276461
vn 0.09976500272627827 0.0 -0.9950110271906667
vn 0.22318002482364602 0.7077110787165843 -0.6703250745582514
vn 0.15774501596608376 0.86639508769175 -0.47378904795432436
vn 0.081629015200875 0.9660361798943081 -0.2451750456562563
vn 0.17818795489047762 0.5005808732744638 -0.8471527855373696
vn 0.08636997603384644 0.5005028611192339 -0.8614157609722344
vn 0.0 0.06545098592355636 0.9978557853926759
vn 0.0 0.25899703148199776 0.9658781174058727
vn 0.0 0.5002767481895144 0.8658655641731717
vn 0.0 0.7073677329192157 0.7068457331163067
vn -0.03834500276563342 0.8661850624736 0.49825003593628503
vn -0.03957498509357019 0.9659736361535407 0.25559490372687466
vn -0.019896997320849596 0.9961978658609701 0.08481698857930822
vn -0.3891190077817965 0.8662990173246811 -0.31322900626411043
vn -0.18329092900282226 0.9660216258144938 -0.18222692941495944
vn -0.05447599253523696 0.9962048634915511 -0.06788399069795943
vn 0.044615993926782095 0.9961978643955635 0.07482798981426485
vn 0.11501894068946338 0.9659735018871985 0.23165888054304395
vn 0.1872300253271689 0.8661851171714674 0.4633230626751047
vn -0.41110286949089275 0.2592519176976399 -0.8739467225560437
vn -0.50108206876024 0.7076300971034852 -0.49817306836105685
vn -0.5504712121238473 0.7075542726557376 -0.4431121707530865
vn 0.21376390352580696 0.7073676807565494 0.6737476959296483
vn 0.0 0.06547899657030824 -0.9978539477339085
vn 0.0 0.25909987508785054 -0.9658505343630868
vn 0.017917998934452475 0.9962039407577459 -0.08518599493415963
vn 0.2283889908392036 0.0 0.9735699609496229
vn -0.3152159581681658 0.06551499130560415 -0.9467558743574565
vn -0.30509593156088827 0.25923194184909715 -0.9163597944421938
vn -0.4421920606994872 0.7076940971448215 -0.5510310756397656
vn -0.37471191264323467 0.7077338350056763 -0.5989188603737631
vn -0.36846396424352174 0.5006719514137947 -0.7833019239868185
vn 0.22789888526536062 0.06545096704901367 0.9714825109116246
vn 0.22059598194146213 0.2589969787978609 0.9403499230206076
vn 0.19775393201161665 0.5002768280033555 0.8429807101807526
vn 0.10279705147902872 0.8663604338586857 -0.4887252447453558
vn 0.05319699661119183 0.9660259384612516 -0.25291098388881234
vn 0.1454339507726521 0.7076537604691496 -0.691429765960744
vn 0.07049699495689189 0.7075799493822085 -0.70310794970212
vn 0.0 0.5004350479664511 -0.865774082984017
vn 0.07656699210265115 0.06545099324918878 0.9949138973816013
vn 0.07411403291015833 0.25899711500704714 0.9630304276313487
vn 0.06643997720119219 0.5002768283305363 0.8633127037551597
vn 0.05423798034654596 0.7073677436811006 0.7047617446253994
vn 0.0 0.8661852031403764 0.49972311719657814
vn -0.01984599310077985 0.9659736641909057 0.25787791035185437
vn -0.013329997860935415 0.9961978401401456 0.08609398618449894
vn -0.35418698869328885 0.8663459723436377 -0.35213098875892274
vn -0.1617370481674027 0.9660332876973143 -0.20154606002304593
vn -0.04615998549570396 0.9962056869742907 -0.0737799768170071
vn 0.038741995453065343 0.9961978830817404 0.07803099084193209
vn 0.09690396736793368 0.965973674711801 0.23980091924789315
vn 0.15112599432695697 0.8661849674847163 0.4763239821195123
vn -0.31589504652170897 0.0 -0.948794139728449
vn -0.2734560986628415 0.5006411806311201 -0.8213282963348923
vn -0.3125469765574149 0.8663849350168004 -0.3894759707873561
vn 0.16143593862077635 0.7073677310531811 0.688163738354691
vn -0.09976500272627827 0.0 -0.9950110271906667
vn -0.09955099465779513 0.06548999648561021 -0.9928749467193532
vn -0.09635703823939458 0.2591431028412197 -0.9610203813819751
vn 0.07673198118040969 0.0 0.9970517554591284
vn 0.03834500276563342 0.8661850624736 0.49825003593628503
vn 0.008686003699851836 0.9962024243379921 -0.08663303690182662
vn 0.15301107342261072 0.0 0.98822447420111
vn -0.20583398434375316 0.0 -0.9785869255662348
vn -0.20539204078008025 0.0655040130056591 -0.9764851938787132
vn -0.19880003658070114 0.25919304769346896 -0.9451441739136328
vn -0.2648440067586867 0.8664090221103251 -0.4233120108027112
vn -0.30071492458762283 0.7077398225151527 -0.6392768396840922
vn -0.22318002482364602 0.7077110787165843 -0.6703250745582514
vn 0.15268307611902146 0.06545103263012977 0.9861054916156194
vn 0.14779005792447716 0.25899710151069655 0.9545043741061314
vn 0.1324869317163855 0.500276742157934 0.8556695589888786
vn 0.049832003202080054 0.8663150556672414 -0.4970060319363664
vn 0.02578901053351061 0.9660123945673601 -0.25720610505572666
vn 0.0 0.7075171621258072 -0.7066961619376774
vn -0.08636997603384644 0.5005028611192339 -0.8614157609722344
vn 0.10815500130148323 0.7073680085121132 0.6985220084056645
vn 0.07646299990384778 0.8661849989107724 0.49383899937899717
vn 0.01984599310077985 0.9659736641909057 0.25787791035185437
vn 0.0 0.9659735481384485 0.2586408790133857
vn -0.00668499891302595 0.9961978380192409 0.08686298587616628
vn -0.13704906505706957 0.9660404585785484 -0.2190511039833649
vn -0.03704399310290922 0.9962058145199434 -0.07875098533763125
vn 0.032640994627929236 0.9961978360452757 0.08077398670617776
vn 0.07821796616682607 0.9659735821682176 0.24652989336351752
vn 0.11413099100408151 0.8661849317264403 0.48651596165232674
vn -0.17818795489047762 0.5005808732744638 -0.8471527855373696
vn -0.21254195158741238 0.8664128026493806 -0.4518348970815109
vn 0.0 0.8662765538876137 -0.49956474273571394
vn 0.03957498509357019 0.9659736361535407 0.25559490372687466
vn 0.0 0.9962010591295156 -0.08708300516881214
vn -0.10998395918935969 0.9660416415406551 -0.23380991324250994
vn -0.15774501596608376 0.86639508769175 -0.47378904795432436
vn -0.1454339507726521 0.7076537604691496 -0.691429765960744
vn 0.0 0.9660008326297441 -0.2585389552052862
vn -0.07049699495689189 0.7075799493822085 -0.70310794970212
vn 0.0590709731303335 0.9659735606067407 0.2518048854612858
vn 0.00668499891302595 0.9961978380192409 0.08686298587616628
vn 0.013329997860935415 0.9961978401401456 0.08609398618449894
vn 0.0 0.9961978258626428 0.08711998477125354
vn -0.027494005315938944 0.9962051926152963 -0.08257901596657191
vn 0.026346996558911224 0.9961978698900915 0.08303998915443815
vn -0.081629015200875 0.9660361798943081 -0.2451750456562563
vn -0.10279705147902872 0.8663604338586857 -0.4887252447453558
vn -0.049832003202080054 0.8663150556672414 -0.4970060319363664
vn 0.019896997320849596 0.9961978658609701 0.08481698857930822
vn -0.02578901053351061 0.9660123945673601 -0.25720610505572666
vn -0.05319699661119183 0.9660259384612516 -0.25291098388881234
vn -0.008686003699851836 0.9962024243379921 -0.08663303690182662
vn -0.017917998934452475 0.9962039407577459 -0.08518599493415963
vn 0.9978589320009054 -0.06540299554311302 0.0
vn 0.999794298958536 0.0 -0.02028200606472636
vn 0.9976527660793855 -0.06541698466161597 -0.02023799525477755
vn 0.0 1.0 0.0
vn 0.9988962528920947 0.0 -0.04697101189172304
vn 0.965925849201117 -0.2588189595935754 0.0
vn 0.9967574997917787 -0.06540403279473483 -0.04687002350145588
vn 0.9657137793069037 -0.25886894084107603 -0.01958999552312816
vn -0.9978589320009054 -0.06540299554311302 0.0
vn -0.9976527660793855 -0.06541698466161597 -0.02023799525477755
vn 0.998210619613449 0.0 -0.059795977213640994
vn 0.9960733708212518 -0.06540402434881096 -0.059667022213022156
vn 0.9648583569783611 -0.2588240957597567 -0.04537001678600187
vn 0.8660253028382762 -0.5000001748438417 0.0
vn -0.9997943192358767 0.0 -0.020281006475756824
vn -0.9657137793069037 -0.25886894084107603 -0.01958999552312816
vn 0.624529103371129 -0.06551101084328532 -0.7782491288146393
vn 0.5292539733316869 -0.0655189966985963 -0.8459299573748594
vn 0.9973604080700944 0.0 -0.07261002970839972
vn 0.995224895070459 -0.06540399310426116 -0.07245499236085316
vn 0.9641961080111825 -0.258824028993987 -0.05775800647016769
vn 0.865064933401681 -0.5000079615061385 -0.0406779968683434
vn 0.8658028550498955 -0.5000769162786299 -0.01756399705948844
vn -0.965925849201117 -0.2588189595935754 0.0
vn -0.9988963467284696 0.0 -0.046969016303488535
vn -0.9648584007535376 -0.25882410750248597 -0.04536901884400315
vn 0.7076388303984527 -0.06549998430145705 -0.7035318313827873
vn 0.42474176927077695 -0.065519964408091 -0.9029405095025322
vn 0.3152159581681658 -0.06551499130560458 -0.9467558743574565
vn 0.996345635195585 0.0 -0.08541296872668784
vn 0.9942122448143561 -0.06540401610505422 -0.08523102098724655
vn 0.9633748496668114 -0.2588239596109125 -0.0701359890553849
vn 0.8644711328860806 -0.5000080768609975 -0.051784007960212305
vn 0.7071067811865475 -0.7071067811865475 0.0
vn -0.8658028702564193 -0.5000769250617282 -0.01756299736812346
vn -0.9967575529837422 -0.06540397066825517 -0.04686897898065026
vn -0.8650649685903565 -0.5000079818452104 -0.040676998523058776
vn 0.6044800733034895 -0.2592210314349589 -0.7532650913462032
vn 0.6849299409778772 -0.259176977666073 -0.6809539413204988
vn 0.5122601963511637 -0.259248099370723 -0.8187673138364372
vn 0.995166497404243 0.0 -0.09820204908336044
vn 0.9623946419844478 -0.2588239037162316 -0.08250296930848856
vn 0.8637348720752607 -0.5000079259455815 -0.06288199068676902
vn 0.7063190557547097 -0.7071140558174644 -0.03321300262173473
vn 0.7058341667487538 -0.7071141670511455 -0.04228100998861481
vn 0.706888559495109 -0.7071795593137695 -0.014339991063886625
vn -0.8660253028382762 -0.5000001748438417 0.0
vn -0.996073430253513 -0.06540402825124342 -0.059666025772715556
vn -0.9641961637007566 -0.2588240439430205 -0.05775700980595703
vn -0.8644711776514385 -0.5000081027531756 -0.05178301064156502
vn 0.8337439370886031 -0.06547099505978818 -0.5482559586305258
vn 0.7773047166452768 -0.06548597612807419 -0.6257067719080235
vn 0.7523699489328914 -0.2591249824118925 -0.6056349588925285
vn 0.4111028694908926 -0.25925191769764017 -0.8739467225560434
vn 0.30509593156088827 -0.2592319418490976 -0.9163597944421938
vn 0.20539204078008025 -0.06550401300565953 -0.9764851938787132
vn 0.9930356958451293 -0.06540397996754888 -0.09799196998624007
vn 0.9938231958060467 0.0 -0.11097502186463389
vn 0.9612557014109555 -0.25882391960309137 -0.09485597053546355
vn 0.8628559837351649 -0.5000079905748495 -0.07396999860566543
vn 0.7052330363427749 -0.7071140364397085 -0.051343002645858865
vn 0.499819980851647 -0.8660699668204273 -0.010138999611569673
vn -0.706888569631525 -0.7071795694543583 -0.014338991270123494
vn -0.7063190792133359 -0.7071140793024948 -0.03321200372470966
vn -0.9982107389893874 0.0 -0.0597939843651607
vn 0.9124280338086527 -0.06544700242504063 -0.40397001496850315
vn -0.7058341667487538 -0.7071141670511455 -0.04228100998861481
vn 0.5417972842412874 -0.5006232626402991 -0.6751533542034339
vn 0.6139247651486514 -0.5005558085169172 -0.6103607665120265
vn 0.6743997997002544 -0.5004748513567391 -0.5428718387646448
vn 0.4591310907954778 -0.5006650990090367 -0.7338481451221541
vn 0.09955099465779513 -0.06548999648561064 -0.9928749467193532
vn 0.9923160450030221 0.0 -0.12372900561129613
vn 0.990191366869435 -0.06540402423242439 -0.1234640457438695
vn 0.9916953275520622 -0.0654040216026249 -0.11073703657589552
vn 0.8618349054937751 -0.5000079451706319 -0.08504499067422187
vn 0.7045152567828243 -0.7071142577301123 -0.06039602201323655
vn 0.49944004501827916 -0.8660300780617898 -0.023485002116879285
vn 0.4990978489947246 -0.8660297379771134 -0.029896990954472236
vn 0.5000001748438417 -0.8660253028382762 0.0
vn -0.7071067811865475 -0.7071067811865475 0.0
vn -0.9973604804880021 0.0 -0.07260903498010081
vn -0.9633749172335742 -0.2588239777636565 -0.07013499397449245
vn 0.8782007341559441 -0.06545798018492338 -0.4737918565763567
vn 0.9382824571796461 -0.06543803188478704 -0.33962316548193716
vn -0.8637349263881942 -0.5000079573868236 -0.06288099464096736
vn -0.7052330725512087 -0.7071140727447176 -0.051342005281834587
vn 0.8070094663543615 -0.25907214971252773 -0.5306763066670473
vn 0.7234060414927632 -0.5003930287012941 -0.475700027284965
vn 0.3684639642435216 -0.500671951413795 -0.7833019239868182
vn 0.2734560986628415 -0.5006411806311204 -0.8213282963348919
vn 0.19880003658070108 -0.25919304769346935 -0.9451441739136325
vn 0.09635703823939457 -0.2591431028412201 -0.961020381381975
vn 0.0 -0.06547899657030869 -0.9978539477339085
vn 0.9906451652425993 0.0 -0.1364630227624435
vn 0.9599582092761921 -0.258824056425074 -0.10719302336867112
vn 0.860671635463897 -0.5000077882224961 -0.09610695929405005
vn 0.7036818800781924 -0.7071138794933094 -0.06943898816617378
vn 0.49867205547502524 -0.8660300963419565 -0.03630500403876836
vn 0.2587160437384087 -0.9659391633012058 -0.0052480008872242655
vn -0.5000001748438417 -0.8660253028382762 0.0
vn -0.499819980851647 -0.8660699668204273 -0.010138999611569673
vn -0.49944005674738134 -0.8660300984000774 -0.023484002668299312
vn -0.995224967178974 -0.06540399784307431 -0.07245399761057587
vn 0.8831918517063597 -0.25898195651524986 -0.3910249343443773
vn 0.9082253020462684 -0.25894808611773207 -0.3287441093296247
vn 0.850051170684767 -0.2590240520103513 -0.45860609208513153
vn -0.4990978489947246 -0.8660297379771134 -0.029896990954472236
vn 0.4421920606994872 -0.7076940971448216 -0.5510310756397653
vn 0.5010820687602401 -0.7076300971034855 -0.49817306836105657
vn 0.590503932333863 -0.7074769189298709 -0.3883059555038288
vn 0.37471191264323467 -0.7077338350056767 -0.5989188603737627
vn -0.09955099465779513 -0.06548999648561064 -0.9928749467193532
vn 0.9885240380418654 -0.06540400251697502 -0.13617100524033696
vn 0.9888108149213307 0.0 -0.14917497207847558
vn 0.9585023334874616 -0.25882409005151663 -0.11951304158164189
vn 0.7027319951792587 -0.707113995149198 -0.07846999946169565
vn 0.498164967479543 -0.8660299434651341 -0.042705997212131044
vn 0.2585280660846942 -0.9659272469093886 -0.01215700310756116
vn 0.25835103680133276 -0.9659271375934328 -0.01547600220451003
vn 0.2588189595935754 -0.965925849201117 0.0
vn -0.9942123295516154 -0.06540402167947468 -0.08523002825120214
vn -0.9623947213843627 -0.25882392506983753 -0.08250197611547508
vn -0.8628560475601952 -0.5000080275601932 -0.07396900407713453
vn -0.996345635195585 0.0 -0.08541296872668784
vn 0.9574788164522859 -0.06543098745694641 -0.2809859461352803
vn 0.9268133015021476 -0.2589210842297611 -0.2719870884802701
vn -0.7045158029902852 -0.7071138022637846 -0.06039498311123972
vn -0.49867282490478176 -0.8660296959175415 -0.03630398725285529
vn 0.7620168995151242 -0.5003179340245794 -0.4111109457880363
vn 0.5504712121238473 -0.7075542726557378 -0.4431121707530862
vn 0.6220524266220511 -0.7074064851604025 -0.33559923016393095
vn 0.30071492458762283 -0.707739822515153 -0.6392768396840919
vn 0.22318002482364602 -0.7077110787165848 -0.670325074558251
vn 0.17818795489047765 -0.5005808732744642 -0.8471527855373693
vn 0.08636997603384645 -0.5005028611192344 -0.8614157609722342
vn 0.0 -0.25909987508785093 -0.9658505343630867
vn -0.20539204078008025 -0.06550401300565953 -0.9764851938787132
vn -0.3152159581681658 -0.06551499130560458 -0.9467558743574565
vn 0.9866937316800232 -0.06540398221414165 -0.14885495952061106
vn 0.9868133927453943 0.0 -0.16186206442006237
vn 0.9568883949610294 -0.25882410683109575 -0.13181305440657437
vn 0.8593662263897497 -0.5000081317211595 -0.10715202822791961
vn 0.7016661018563145 -0.7071141026471655 -0.08748901270021206
vn 0.49757583911484937 -0.8660297199797277 -0.049099984124111706
vn 0.2581310310610379 -0.9659271162304999 -0.018793002261371282
vn 0.08714798320815391 -0.9961938080514032 -0.001767999659338101
vn -0.2588189595935754 -0.965925849201117 0.0
vn -0.2587160437384087 -0.9659391633012058 -0.0052480008872242655
vn -0.2585280692274923 -0.9659272586516893 -0.012156003255080072
vn -0.9951666047746373 0.0 -0.09820096099998708
vn 0.791749834280443 -0.5002538952928687 -0.3505399266291966
vn 0.8142126820520452 -0.5002008046728745 -0.2947148849145966
vn 0.830893653201264 -0.5001587912435173 -0.24383789822683719
vn -0.25835103680133276 -0.9659271375934328 -0.01547600220451003
vn 0.2648440067586867 -0.8664090221103253 -0.4233120108027108
vn 0.3125469765574149 -0.8663849350168004 -0.38947597078735574
vn 0.3541869886932889 -0.866345972343638 -0.35213098875892246
vn 0.38911900778179653 -0.8662990173246812 -0.31322900626411015
vn 0.4174399939245783 -0.8662519873925687 -0.2745019960048978
vn 0.21254195158741235 -0.8664128026493808 -0.45183489708151053
vn -0.09635703823939457 -0.2591431028412201 -0.961020381381975
vn 0.9847005874883314 -0.06540397260090816 -0.16151493233801714
vn 0.9846532664014236 0.0 -0.1745220472175571
vn 0.955116593536371 -0.25882388985376426 -0.14409193867959916
vn 0.8579192046030308 -0.5000081192457005 -0.11818002818446273
vn 0.49690391222565844 -0.8660298470223362 -0.05548699019864001
vn 0.25786805802173784 -0.965927217338961 -0.02210600497397305
vn 0.08708504062021707 -0.9961924646671102 -0.004095001910085201
vn 0.08702603477086754 -0.9961923980242694 -0.0052130020828317185
vn 0.06540299554311302 -0.9978589320009054 0.0
vn -0.961255792591302 -0.2588239441539519 -0.0948549795332855
vn -0.8618349054937751 -0.5000079451706319 -0.08504499067422187
vn -0.7036819289407951 -0.7071139285942248 -0.06943799298801279
vn -0.9930357931541414 -0.06540398637657999 -0.09799097958882402
vn 0.9403742458552364 -0.25890006768787815 -0.22060605767613758
vn 0.8430646849531092 -0.5001258131067695 -0.19777792609188607
vn -0.498164967479543 -0.8660299434651341 -0.042705997212131044
vn -0.25813103591196657 -0.96592713438269 -0.018792002614399745
vn 0.6463517338618198 -0.7073457087472814 -0.2861668821695226
vn 0.43976402904795425 -0.8662090572161419 -0.23725401567145846
vn 0.1577450159660837 -0.8663950876917501 -0.47378904795432386
vn 0.1454339507726521 -0.70765376046915 -0.6914297659607437
vn 0.07049699495689189 -0.7075799493822088 -0.7031079497021197
vn 0.0 -0.5004350479664516 -0.8657740829840169
vn -0.19880003658070108 -0.25919304769346935 -0.9451441739136325
vn -0.30509593156088827 -0.2592319418490976 -0.9163597944421938
vn -0.42474176927077695 -0.065519964408091 -0.9029405095025322
vn -0.5292539733316869 -0.0655189966985963 -0.8459299573748594
vn 0.9792125358837236 0.0 -0.20283690386161832
vn 0.977115030100029 -0.06541900201523244 -0.2024020062349939
vn 0.9825450559338351 -0.06540400372328656 -0.17414800991381105
vn 0.9531872899305455 -0.2588240787264026 -0.1563460475557063
vn 0.8563308625721806 -0.5000079197564854 -0.1291879792673333
vn 0.7004848797722879 -0.7071138786345198 -0.09649298343842803
vn 0.49615001540645054 -0.8660300268919648 -0.06186400192100084
vn 0.2575630461869822 -0.9659271732129739 -0.025416004557674378
vn 0.08695104146848322 -0.996192475101738 -0.0063300030188897126
vn -0.06540299554311302 -0.9978589320009054 0.0
vn -0.08714798320815391 -0.9961938080514032 -0.001767999659338101
vn -0.08708504062021707 -0.9961924646671102 -0.004095001910085201
vn -0.9938233060951408 0.0 -0.11097403417973034
vn 0.6647130514534452 -0.707296054749668 -0.2406010186242036
vn 0.6783497124703425 -0.7072567002176414 -0.19907191562010157
vn 0.971483056768614 -0.06542500382311026 -0.22790401331757137
vn 0.6883014957973135 -0.7072254819348931 -0.16147188171672272
vn -0.08702603477086754 -0.9961923980242694 -0.0052130020828317185
vn 0.13704906505706957 -0.9660404585785484 -0.21905110398336444
vn 0.10998395918935969 -0.9660416415406551 -0.2338099132425095
vn 0.16173704816740272 -0.9660332876973146 -0.20154606002304554
vn 0.18329092900282226 -0.9660216258144938 -0.18222692941495902
vn 0.20137591865985263 -0.966007609808353 -0.1621019345234754
vn 0.21604093670628002 -0.9659937169918962 -0.14206495837909294
vn 0.081629015200875 -0.9660361798943081 -0.24517504565625586
vn 0.1027970514790287 -0.8663604338586859 -0.48872524474535534
vn -0.08636997603384645 -0.5005028611192344 -0.8614157609722342
vn 0.9650741090509678 0.0 -0.2619770296027511
vn 0.9511007594656973 -0.2588239345431765 -0.16857495736723002
vn 0.854600922982941 -0.500007954939035 -0.14017598736727035
vn 0.6991878917304137 -0.7071138905030689 -0.10548098366621805
vn 0.2572150670253681 -0.965927251702322 -0.028722007484410193
vn 0.08686303802217508 -0.9961924360589277 -0.007446003259305992
vn 0.04615998549570396 -0.9962056869742907 -0.07377997681700667
vn -0.9599582092761921 -0.258824056425074 -0.10719302336867112
vn -0.8606717181799773 -0.5000078362764608 -0.09610596853087448
vn -0.7027319951792587 -0.707113995149198 -0.07846999946169565
vn -0.49757583911484937 -0.8660297199797277 -0.049099984124111706
vn -0.9916953275520622 -0.0654040216026249 -0.11073703657589552
vn -0.9923160450030221 0.0 -0.12372900561129613
vn -0.990191366869435 -0.06540402423242439 -0.1234640457438695
vn -0.9906451652425993 0.0 -0.1364630227624435
vn -0.9885240380418654 -0.06540400251697502 -0.13617100524033696
vn 0.9814887230425697 -0.06542098153944467 -0.1799999492074415
vn 0.9500634956489514 -0.25888386256881984 -0.17423690750453263
vn 0.8517620995177603 -0.5001000584304441 -0.15620901825107214
vn 0.6954143261417459 -0.7072013316697231 -0.12753505981255406
vn -0.25786805802173784 -0.965927217338961 -0.02210600497397305
vn -0.08695104146848322 -0.996192475101738 -0.0063300030188897126
vn 0.45696200756637684 -0.8661720143420762 -0.2023160033499482
vn 0.22760293868161444 -0.9659807397556471 -0.12279296691841245
vn 0.05319699661119184 -0.9660259384612517 -0.2529109838888119
vn 0.04983200320208005 -0.8663150556672417 -0.49700603193636594
vn 0.0 -0.7075171621258075 -0.706696161937677
vn -0.17818795489047765 -0.5005808732744642 -0.8471527855373693
vn -0.2734560986628415 -0.5006411806311204 -0.8213282963348919
vn -0.4111028694908926 -0.25925191769764017 -0.8739467225560434
vn -0.624529103371129 -0.06551101084328532 -0.7782491288146393
vn 0.9421267455419637 0.0 -0.33525690945080877
vn 0.9401066811656935 -0.06545097780250107 -0.33453788654249866
vn 0.9630046203441703 -0.06545097419654762 -0.2614158969391557
vn 0.9458307327815746 -0.25887992686060624 -0.19592194464765017
vn 0.8527302343793326 -0.5000081374310055 -0.1511390415417047
vn 0.6977752023810047 -0.707114205089666 -0.11445203319538623
vn 0.4953149060174728 -0.8660298356769166 -0.06823098705364888
vn 0.25682506131917376 -0.9659272306233643 -0.032023007645765975
vn 0.08676003951118169 -0.9961924536736181 -0.008561003898746047
vn 0.05447599253523696 -0.9962048634915511 -0.06788399069795899
vn 0.03704399310290922 -0.9962058145199434 -0.07875098533763081
vn 0.08193502653507231 -0.9961963226232124 -0.029657009604572182
vn 0.08362004205984648 -0.9961955010740107 -0.024540012343322343
vn 0.46996014917829887 -0.8661412749371032 -0.17010805399698267
vn 0.4796150555360693 -0.8661171002903032 -0.14075001629786738
vn -0.9866937316800232 -0.06540398221414165 -0.14885495952061106
vn -0.9888109624266673 0.0 -0.14917399433161208
vn -0.9868135786716445 0.0 -0.1618609308921145
vn -0.9847005874883314 -0.06540397260090816 -0.16151493233801714
vn -0.9846532664014236 0.0 -0.1745220472175571
vn -0.9825450559338351 -0.06540400372328656 -0.17414800991381105
vn 0.48666200484910016 -0.8660980086298006 -0.11416800113756975
vn 0.02749400531593895 -0.9962051926152966 -0.0825790159665715
vn 0.06173603056585585 -0.9962034932259507 -0.06137803038860773
vn 0.0678289878570861 -0.9962018216574753 -0.0545999902253739
vn 0.0727690152354684 -0.996200208571969 -0.04785201001865654
vn 0.017917998934452475 -0.9962039407577459 -0.0851859949341592
vn 0.025789010533510612 -0.9660123945673602 -0.2572061050557262
vn 0.0 -0.866276553887614 -0.49956474273571355
vn -0.07049699495689189 -0.7075799493822088 -0.7031079497021197
vn -0.5122601963511637 -0.259248099370723 -0.8187673138364372
vn -0.7076388303984527 -0.06549998430145705 -0.7035318313827873
vn -0.7773047166452768 -0.06548597612807419 -0.6257067719080235
vn 0.9136240699032074 0.0 -0.4065600311067222
vn 0.9321439477118528 -0.2589969854716941 -0.2530379858059611
vn 0.8479698289064169 -0.5000938990968145 -0.17565096455917187
vn 0.6962479882626516 -0.7071139880794726 -0.12340399791965528
vn 0.49439789748660656 -0.8660298204287352 -0.07458598453459751
vn 0.08664303829891733 -0.9961924403480379 -0.009675004276652539
vn 0.07966603275047379 -0.9961974095338507 -0.03527101449981101
vn -0.9585023334874616 -0.25882409005151663 -0.11951304158164189
vn -0.8593662263897497 -0.5000081317211595 -0.10715202822791961
vn -0.7016661018563145 -0.7071141026471655 -0.08748901270021206
vn -0.49690393979710995 -0.8660298950752884 -0.05548599327753922
vn -0.2575630461869822 -0.9659271732129739 -0.025416004557674378
vn -0.9568883949610294 -0.25882410683109575 -0.13181305440657437
vn -0.9551167311604662 -0.25882392714806307 -0.144090959442291
vn 0.9567933909597329 -0.2588711057785091 -0.13240905410427042
vn -0.9792125358837236 0.0 -0.20283690386161832
vn 0.8578036684259208 -0.5000808066995525 -0.11870995411404117
vn 0.700355999136461 -0.7071829991280434 -0.09692099988049624
vn 0.4916991966514453 -0.8660833463836082 -0.0901750360648364
vn -0.08686303802217508 -0.9961924360589277 -0.007446003259305992
vn 0.08485098391009126 -0.9961948110960787 -0.019904996225505272
vn 0.2365118830638237 -0.9659695224054669 -0.10471394822734231
vn 0.0766649730849643 -0.9961986502611145 -0.041360985479256394
vn 0.008686003699851836 -0.9962024243379921 -0.0866330369018262
vn 0.0 -0.9660008326297443 -0.2585389552052858
vn -0.04983200320208005 -0.8663150556672417 -0.49700603193636594
vn -0.1454339507726521 -0.70765376046915 -0.6914297659607437
vn -0.22318002482364602 -0.7077110787165848 -0.670325074558251
vn -0.3684639642435216 -0.500671951413795 -0.7833019239868182
vn -0.6044800733034895 -0.2592210314349589 -0.7532650913462032
vn -0.8337439370886031 -0.06547099505978818 -0.5482559586305258
vn 0.9116651554525972 -0.0654510111603802 -0.40568806917590694
vn 0.8797347200464632 0.0 -0.47546484869522254
vn 0.9099797743714528 -0.25899693578197674 -0.3238169197099285
vn 0.8356241793776125 -0.5002771073909963 -0.2268370486935265
vn 0.6923207608939124 -0.7071957557565511 -0.14340895047100258
vn 0.49339895090656016 -0.8660299138295949 -0.08092999194742556
vn 0.2563930292879056 -0.965927110338343 -0.0353190040345075
vn 0.08651203519409796 -0.996192405262609 -0.010787004388278105
vn 0.24324512773522577 -0.9659605072544913 -0.08804604623558816
vn 0.24824803951898095 -0.9659531537715438 -0.07285201159742172
vn -0.9531872899305455 -0.2588240787264026 -0.1563460475557063
vn 0.988437989781034 -0.06541699932368639 -0.13678799858581725
vn -0.9511007594656973 -0.2588239345431765 -0.16857495736723002
vn -0.977115030100029 -0.06541900201523244 -0.2024020062349939
vn 0.2518989060743465 -0.9659476398266879 -0.059093977965602805
vn 0.0 -0.9962010591295156 -0.08708300516881169
vn -0.025789010533510612 -0.9660123945673602 -0.2572061050557262
vn -0.4591310907954778 -0.5006650990090367 -0.7338481451221541
vn -0.6849299409778772 -0.259176977666073 -0.6809539413204988
vn -0.7523699489328914 -0.2591249824118925 -0.6056349588925285
vn -0.8070094663543615 -0.25907214971252773 -0.5306763066670473
vn 0.840657417328506 0.0 -0.5415672688508476
vn 0.8388549206183239 -0.06545099380630742 -0.5404059488608471
vn 0.8778480213224897 -0.06545100158977223 -0.4744460115240566
vn 0.8824497668223868 -0.2589969315629189 -0.39268689623682096
vn 0.8157548288146829 -0.5002768950174049 -0.2902879390833725
vn 0.6821585632859793 -0.7073675471473317 -0.18517788145017655
vn 0.49231893445733843 -0.8660298847050161 -0.0872599883830347
vn 0.2559180451779842 -0.9659271705180362 -0.03860900681576418
vn -0.8579192046030308 -0.5000081192457005 -0.11818002818446273
vn -0.7004848797722879 -0.7071138786345198 -0.09649298343842803
vn -0.49615004610003177 -0.8660300804676218 -0.06186300574803219
vn -0.2572150670253681 -0.965927251702322 -0.028722007484410193
vn -0.08676003951118169 -0.9961924536736181 -0.008561003898746047
vn -0.8563308625721806 -0.5000079197564854 -0.1291879792673333
vn -0.8546010427770562 -0.5000080250279022 -0.14017500701646
vn -0.9650741090509678 0.0 -0.2619770296027511
vn -0.9630046203441703 -0.06545097419654762 -0.2614158969391557
vn 0.9930591763246238 -0.06541401161471672 -0.09774701735566868
vn 0.9612691568762554 -0.2588610422453489 -0.09461801544137745
vn 0.8618229929097823 -0.5000649958859653 -0.08482999930210348
vn -0.9458307327815746 -0.25887992686060624 -0.19592194464765017
vn 0.7036450654921194 -0.7071680658200244 -0.06926000644640988
vn 0.49519997274320393 -0.8660719523296689 -0.06852999622797187
vn 0.25451001675630375 -0.9659430635952784 -0.046676003073031234
vn -0.008686003699851836 -0.9962024243379921 -0.0866330369018262
vn -0.1027970514790287 -0.8663604338586859 -0.48872524474535534
vn -0.30071492458762283 -0.707739822515153 -0.6392768396840919
vn -0.5417972842412874 -0.5006232626402991 -0.6751533542034339
vn -0.850051170684767 -0.2590240520103513 -0.45860609208513153
vn -0.8782007341559441 -0.06545798018492338 -0.4737918565763567
vn -0.9124280338086527 -0.06544700242504063 -0.40397001496850315
vn 0.7949150782888051 -0.06545100644607371 -0.6031800594053974
vn 0.849716415194484 -0.2589971265530199 -0.4592412243977164
vn 0.7910757550904993 -0.5002768451190653 -0.3520258910161451
vn 0.6659379807234266 -0.7073679795241732 -0.23697499314040327
vn 0.48951393151774003 -0.8660798788367324 -0.10139898581443477
vn 0.2554010536605332 -0.9659272029442243 -0.041892008801637425
vn 0.08636603776662426 -0.9961924356206026 -0.011897005202388783
vn -0.8527302343793326 -0.5000081374310055 -0.1511390415417047
vn -0.9421267455419637 0.0 -0.33525690945080877
vn -0.8479698289064169 -0.5000938990968145 -0.17565096455917187
vn -0.9321439477118528 -0.2589969854716941 -0.2530379858059611
vn 0.08573002866534016 -0.9961943330950644 -0.01572300525726262
vn -0.05319699661119184 -0.9660259384612517 -0.2529109838888119
vn -0.1577450159660837 -0.8663950876917501 -0.47378904795432386
vn -0.37471191264323467 -0.7077338350056767 -0.5989188603737627
vn -0.6139247651486514 -0.5005558085169172 -0.6103607665120265
vn -0.6743997997002544 -0.5004748513567391 -0.5428718387646448
vn -0.7234060414927632 -0.5003930287012941 -0.475700027284965
vn -0.7620168995151242 -0.5003179340245794 -0.4111109457880363
vn -0.9382824571796461 -0.06543803188478704 -0.33962316548193716
vn -0.9978584708575922 -0.06541003086490772 0.0
vn 0.811972734289274 -0.2589969152456045 -0.5230878288242438
vn 0.7966235889614531 0.0 -0.6044756881051329
vn 0.7694411073408892 -0.2589970361313842 -0.5838500814500112
vn 0.7617317908002949 -0.5002768626054822 -0.41168888693501465
vn 0.6457916172675139 -0.7073675807741298 -0.2873748296854896
vn 0.4822700467365513 -0.8661850839415676 -0.13091601268700576
vn 0.25484204423370194 -0.9659271676588909 -0.045169007840120665
vn 0.0862060385632024 -0.9961924456343377 -0.01300500581762787
vn -0.6991878917304137 -0.7071138905030689 -0.10548098366621805
vn -0.49531493981304714 -0.8660298947665489 -0.06822999170920346
vn -0.25682506131917376 -0.9659272306233643 -0.032023007645765975
vn -0.08664303829891733 -0.9961924403480379 -0.009675004276652539
vn -0.6977752023810047 -0.707114205089666 -0.11445203319538623
vn -0.6962479882626516 -0.7071139880794726 -0.12340399791965528
vn -0.9401066811656935 -0.06545097780250107 -0.33453788654249866
vn 0.9640286935560536 -0.258853917715918 -0.060359980812862826
vn 0.8643017875650184 -0.5000538770927727 -0.05411598669894138
vn 0.7056743377425228 -0.7071573384523011 -0.044184021146897165
vn -0.8356241793776125 -0.5002771073909963 -0.2268370486935265
vn -0.9099797743714528 -0.25899693578197674 -0.3238169197099285
vn 0.49753012994170226 -0.8660632261927935 -0.048972012790193455
vn 0.2563239565069548 -0.9659398360993425 -0.03547199398111236
vn -0.017917998934452475 -0.9962039407577459 -0.0851859949341592
vn -0.21254195158741235 -0.8664128026493808 -0.45183489708151053
vn -0.4421920606994872 -0.7076940971448216 -0.5510310756397653
vn -0.8831918517063597 -0.25898195651524986 -0.3910249343443773
vn -0.791749834280443 -0.5002538952928687 -0.3505399266291966
vn -0.9082253020462684 -0.25894808611773207 -0.3287441093296247
vn -0.9574788164522859 -0.06543098745694641 -0.2809859461352803
vn -0.9959081270061797 -0.06541200834186313 -0.06235600795213748
vn -0.9974040548482479 -0.06541100359701661 -0.03010900165572414
vn -0.9974040548482479 -0.0654110035970166 0.030109001655724173
vn 0.7478922108817008 0.0 -0.6638201871760769
vn 0.7223730420063549 -0.25899701506080647 -0.6411690372843011
vn 0.7278962251670891 -0.5002771547555089 -0.4689241450567829
vn 0.6218366329442462 -0.7073675824573089 -0.33608080161929105
vn 0.47080294577998194 -0.8661849002458218 -0.1675359807057197
vn 0.2533790449493199 -0.9659421713576735 -0.05248600931099242
vn 0.08603203758701829 -0.9961924352320871 -0.014111006165036221
vn -0.6923207608939124 -0.7071957557565511 -0.14340895047100258
vn -0.9136240699032074 0.0 -0.4065600311067222
vn 0.9959081270061797 -0.06541200834186313 -0.06235600795213748
vn -0.6821585632859793 -0.7073675471473317 -0.18517788145017655
vn -0.8157548288146829 -0.5002768950174049 -0.2902879390833725
vn -0.08651203519409796 -0.996192405262609 -0.010787004388278105
vn 0.08634199114126899 -0.9961938977900133 -0.011948998774026592
vn -0.02749400531593895 -0.9962051926152966 -0.0825790159665715
vn -0.081629015200875 -0.9660361798943081 -0.24517504565625586
vn -0.2648440067586867 -0.8664090221103253 -0.4233120108027108
vn -0.5010820687602401 -0.7076300971034855 -0.49817306836105657
vn -0.590503932333863 -0.7074769189298709 -0.3883059555038288
vn -0.6220524266220511 -0.7074064851604025 -0.33559923016393095
vn -0.6463517338618198 -0.7073457087472814 -0.2861668821695226
vn -0.9268133015021476 -0.2589210842297611 -0.2719870884802701
vn -0.9930591763246238 -0.06541401161471672 -0.09774701735566868
vn -0.965918879943052 -0.25884496782738436 0.0
vn -0.9930591763246238 -0.06541401161471667 0.09774701735566871
vn -0.9959081270061797 -0.06541200834186311 0.0623560079521375
vn -0.9654782478320223 -0.25884806644462466 0.029145007481334993
vn 0.6897687668185345 -0.5002768308776939 -0.5233948230624845
vn 0.7462886677034771 -0.06545097085694736 -0.6623967050576656
vn 0.6475739802340996 -0.5002769847300459 -0.5747789824560213
vn 0.5942148152960781 -0.7073677801239554 -0.3828048810100974
vn 0.4565591359188164 -0.8661852578655552 -0.20316706048335065
vn 0.24960786659661213 -0.9659734837336776 -0.06775796378663021
vn 0.0858440347915213 -0.9961924037444108 -0.015215006166452842
vn -0.49439789748660656 -0.8660298204287352 -0.07458598453459751
vn -0.2563930292879056 -0.965927110338343 -0.0353190040345075
vn -0.49339899083708744 -0.8660299839169573 -0.0809289984970674
vn -0.4923189774168367 -0.8660299602743406 -0.08725899599734252
vn -0.8824497668223868 -0.2589969315629189 -0.39268689623682096
vn -0.9116651554525972 -0.0654510111603802 -0.40568806917590694
vn 0.9654782478320223 -0.25884806644462466 -0.029145007481334882
vn 0.8656050661274688 -0.5000450382006921 -0.0261310019962648
vn 0.7067428026509343 -0.7071488025375638 -0.021334994042470277
vn 0.4989692349701567 -0.8660564078355851 -0.031241014711740747
vn -0.6659379807234266 -0.7073679795241732 -0.23697499314040327
vn -0.7910757550904993 -0.5002768451190653 -0.3520258910161451
vn 0.257532052691836 -0.9659371976336687 -0.025349005186482823
vn -0.08636603776662426 -0.9961924356206026 -0.011897005202388783
vn -0.03704399310290922 -0.9962058145199434 -0.07875098533763081
vn -0.10998395918935969 -0.9660416415406551 -0.2338099132425095
vn -0.3125469765574149 -0.8663849350168004 -0.38947597078735574
vn -0.5504712121238473 -0.7075542726557378 -0.4431121707530862
vn -0.8142126820520452 -0.5002008046728745 -0.2947148849145966
vn -0.6647130514534452 -0.707296054749668 -0.2406010186242036
vn -0.830893653201264 -0.5001587912435173 -0.24383789822683719
vn -0.9403742458552364 -0.25890006768787815 -0.22060605767613758
vn -0.971483056768614 -0.06542500382311026 -0.22790401331757137
vn -0.9814887230425697 -0.06542098153944467 -0.1799999492074415
vn -0.9654782478320223 -0.25884806644462466 -0.029145007481334882
vn -0.9640286935560536 -0.258853917715918 -0.060359980812862826
vn -0.988437989781034 -0.06541699932368632 0.1367879985858173
vn -0.971483056768614 -0.06542500382311014 0.22790401331757137
vn 0.6932617201618435 -0.06545097358042547 -0.7177077102941116
vn 0.6710449854725473 -0.2589969943929743 -0.694707984960267
vn 0.6015609493106719 -0.5002769578451646 -0.622773947523201
vn 0.5630899034399439 -0.7073678786987982 -0.4272709267305195
vn 0.4396240108143112 -0.8661850213072857 -0.23760100584474708
vn 0.2436728663301181 -0.9659734701028407 -0.08671095243359264
vn 0.08535001320637926 -0.9961941541431258 -0.017680002735662177
vn -0.48951393151774003 -0.8660798788367324 -0.10139898581443477
vn -0.8778480213224897 -0.06545100158977223 -0.4744460115240566
vn 0.9974040548482479 -0.06541100359701661 -0.03010900165572414
vn -0.8797347200464632 0.0 -0.47546484869522254
vn -0.4822700467365513 -0.8661850839415676 -0.13091601268700576
vn -0.6457916172675139 -0.7073675807741298 -0.2873748296854896
vn 0.0867489657706866 -0.9961936069230004 -0.008538996630691692
vn -0.0862060385632024 -0.9961924456343377 -0.01300500581762787
vn -0.04615998549570396 -0.9962056869742907 -0.07377997681700667
vn -0.13704906505706957 -0.9660404585785484 -0.21905110398336444
vn -0.3541869886932889 -0.866345972343638 -0.35213098875892246
vn -0.38911900778179653 -0.8662990173246812 -0.31322900626411015
vn -0.4174399939245783 -0.8662519873925687 -0.2745019960048978
vn -0.43976402904795425 -0.8662090572161419 -0.23725401567145846
vn -0.45696200756637684 -0.8661720143420762 -0.2023160033499482
vn -0.8430646849531092 -0.5001258131067695 -0.19777792609188607
vn -0.988437989781034 -0.06541699932368639 -0.13678799858581725
vn -0.9612691568762554 -0.2588610422453489 -0.09461801544137745
vn -0.8660017983579997 -0.500040883569244 0.0
vn -0.8656050661274688 -0.5000450382006921 0.026131001996265023
vn -0.9640286935560536 -0.258853917715918 0.06035998081286294
vn -0.9612691568762554 -0.2588610422453489 0.09461801544137756
vn 0.5286446052585775 -0.7073674718053693 -0.4692186496322189
vn -0.9814887230425697 -0.06542098153944458 0.17999994920744153
vn 0.6947511686505193 0.0 -0.7192501745976415
vn -0.9124280338086529 -0.06544700242504047 0.4039700149685032
vn -0.9382824571796461 -0.06543803188478689 0.33962316548193716
vn 0.4200960282730939 -0.8661850582955557 -0.2706340182140758
vn 0.23630087184391102 -0.9659734761111891 -0.10515294297105268
vn 0.0840769879575698 -0.9961978573135949 -0.02282299673103937
vn -0.2559180550586001 -0.9659272078110507 -0.03860800830618549
vn -0.2554010536605332 -0.9659272029442243 -0.041892008801637425
vn -0.25484204423370194 -0.9659271676588909 -0.045169007840120665
vn -0.849716415194484 -0.2589971265530199 -0.4592412243977164
vn -0.7617317908002949 -0.5002768626054822 -0.41168888693501465
vn -0.8388549206183239 -0.06545099380630742 -0.5404059488608471
vn 0.965918879943052 -0.25884496782738436 0.0
vn 0.8660017983579997 -0.500040883569244 0.0
vn 0.7070682801231849 -0.7071452801536905 0.0
vn 0.49972800100420334 -0.8660510017403295 -0.015086000030315122
vn 0.25827900422195776 -0.9659350157896569 -0.016171000264339045
vn -0.47080294577998194 -0.8661849002458218 -0.1675359807057197
vn -0.6218366329442462 -0.7073675824573089 -0.33608080161929105
vn -0.08603203758701829 -0.9961924352320871 -0.014111006165036221
vn -0.05447599253523696 -0.9962048634915511 -0.06788399069795899
vn -0.16173704816740272 -0.9660332876973146 -0.20154606002304554
vn -0.6783497124703425 -0.7072567002176414 -0.19907191562010157
vn -0.46996014917829887 -0.8661412749371032 -0.17010805399698267
vn -0.6883014957973135 -0.7072254819348931 -0.16147188171672272
vn -0.9500634956489514 -0.25888386256881984 -0.17423690750453263
vn -0.8517620995177603 -0.5001000584304441 -0.15620901825107214
vn -0.8656050661274688 -0.5000450382006921 -0.0261310019962648
vn -0.8643017875650184 -0.5000538770927727 -0.05411598669894138
vn -0.9567933909597329 -0.25887110577850897 0.13240905410427053
vn -0.9574788164522859 -0.06543098745694628 0.2809859461352803
vn -0.9500634956489514 -0.25888386256881973 0.17423690750453277
vn 0.6361469076381553 -0.06545099049720426 -0.7687868883802241
vn 0.6157602936841712 -0.2589971235275422 -0.7441503549192476
vn -0.8782007341559441 -0.06545798018492316 0.4737918565763567
vn 0.5520008376734133 -0.5002768528838577 -0.6670968038272052
vn 0.49108186216586325 -0.707367801459924 -0.5083988573054248
vn 0.3980910422878204 -0.8661850920118156 -0.30207103208795
vn 0.2275349094950498 -0.9659736157715131 -0.12297495108512403
vn 0.08207798760060246 -0.9961978495058965 -0.0292069955877431
vn -0.08717400873810516 -0.996193099855911 0.0
vn -0.2533790449493199 -0.9659421713576735 -0.05248600931099242
vn -0.811972734289274 -0.2589969152456045 -0.5230878288242438
vn 0.9978584708575922 -0.06541003086490772 0.0
vn -0.840657417328506 0.0 -0.5415672688508476
vn -0.24960786659661213 -0.9659734837336776 -0.06775796378663021
vn -0.4565591359188164 -0.8661852578655552 -0.20316706048335065
vn 0.0870010288382793 -0.996193330208756 -0.00544700180552049
vn -0.0858440347915213 -0.9961924037444108 -0.015215006166452842
vn -0.06173603056585585 -0.9962034932259507 -0.06137803038860773
vn -0.18329092900282226 -0.9660216258144938 -0.18222692941495902
vn -0.20137591865985263 -0.966007609808353 -0.1621019345234754
vn -0.21604093670628002 -0.9659937169918962 -0.14206495837909294
vn -0.22760293868161444 -0.9659807397556471 -0.12279296691841245
vn -0.2365118830638237 -0.9659695224054669 -0.10471394822734231
vn -0.6954143261417459 -0.7072013316697231 -0.12753505981255406
vn -0.9567933909597329 -0.2588711057785091 -0.13240905410427042
vn -0.8618229929097823 -0.5000649958859653 -0.08482999930210348
vn -0.7070682801231849 -0.7071452801536905 0.0
vn -0.7067428026509343 -0.7071488025375638 0.02133499404247059
vn -0.8643017875650184 -0.5000538770927727 0.054115986698941604
vn -0.8618229929097823 -0.5000649958859653 0.0848299993021037
vn -0.9403742458552364 -0.2589000676878781 0.22060605767613767
vn 0.6375132939287596 0.0 -0.7704393552149988
vn -0.9082253020462684 -0.2589480861177319 0.32874410932962483
vn -0.8831918517063598 -0.2589819565152497 0.39102493434437746
vn -0.9268133015021476 -0.258921084229761 0.2719870884802702
vn 0.3737391058761926 -0.8661852453807867 -0.3317260939743666
vn 0.21742793597824497 -0.9659737155685983 -0.14007095875604203
vn 0.07959498707417313 -0.9961978382224652 -0.035418994248132676
vn -0.08713301874065883 -0.9961932142622558 0.0026300005656634345
vn -0.08713301874065883 -0.9961932142622558 -0.0026300005656629917
vn -0.7278962251670891 -0.5002771547555089 -0.4689241450567829
vn -0.5942148152960781 -0.7073677801239554 -0.3828048810100974
vn -0.7949150782888051 -0.06545100644607371 -0.6031800594053974
vn -0.7694411073408892 -0.2589970361313842 -0.5838500814500112
vn 0.9974040548482479 -0.0654110035970166 0.030109001655724173
vn 0.9654782478320223 -0.25884806644462466 0.029145007481334993
vn 0.8656050661274688 -0.5000450382006921 0.026131001996265023
vn 0.49995903197688074 -0.8660490553916332 0.0
vn 0.2586719125144579 -0.9659336733111447 -0.007808997358915331
vn -0.2436728663301181 -0.9659734701028407 -0.08671095243359264
vn -0.4396240108143112 -0.8661850213072857 -0.23760100584474708
vn -0.08535001320637926 -0.9961941541431258 -0.017680002735662177
vn -0.0678289878570861 -0.9962018216574753 -0.0545999902253739
vn -0.4796150555360693 -0.8661171002903032 -0.14075001629786738
vn -0.24324512773522577 -0.9659605072544913 -0.08804604623558816
vn -0.48666200484910016 -0.8660980086298006 -0.11416800113756975
vn -0.8578036684259208 -0.5000808066995525 -0.11870995411404117
vn -0.700355999136461 -0.7071829991280434 -0.09692099988049624
vn -0.7067428026509343 -0.7071488025375638 -0.021334994042470277
vn -0.7056743377425228 -0.7071573384523011 -0.044184021146897165
vn -0.8578036684259208 -0.5000808066995525 0.1187099541140414
vn -0.8517620995177599 -0.5001000584304439 0.15620901825107233
vn 0.575281010570501 -0.0654510012026296 -0.8153330149813365
vn 0.5568449075473261 -0.25899695699886843 -0.789204868968721
vn 0.4991859551928211 -0.5002769550948926 -0.7074859364957113
vn -0.850051170684767 -0.2590240520103511 0.4586060920851317
vn 0.4506237675854444 -0.707367635166748 -0.5445817191255157
vn 0.3471830799927268 -0.8661851995734239 -0.359426082813576
vn 0.20603893209359692 -0.9659736816339635 -0.15634194847275074
vn 0.07664199105388748 -0.9961978837178126 -0.04142199516497626
vn -0.08634199114126899 -0.9961938977900133 0.011948998774027034
vn -0.0870010288382793 -0.996193330208756 0.005447001805520932
vn -0.0870010288382793 -0.996193330208756 -0.00544700180552049
vn -0.25879295117379736 -0.9659328177584385 0.0
vn -0.6897687668185345 -0.5002768308776939 -0.5233948230624845
vn -0.7966235889614531 0.0 -0.6044756881051329
vn 0.7067428026509343 -0.7071488025375638 0.02133499404247059
vn 0.49972800100420334 -0.8660510017403295 0.015086000030315508
vn -0.0840769879575698 -0.9961978573135949 -0.02282299673103937
vn -0.23630087184391102 -0.9659734761111891 -0.10515294297105268
vn 0.08713301874065883 -0.9961932142622558 -0.0026300005656629917
vn -0.0727690152354684 -0.996200208571969 -0.04785201001865654
vn -0.0766649730849643 -0.9961986502611145 -0.041360985479256394
vn -0.07966603275047379 -0.9961974095338507 -0.03527101449981101
vn -0.4916991966514453 -0.8660833463836082 -0.0901750360648364
vn -0.7036450654921194 -0.7071680658200244 -0.06926000644640988
vn -0.49972800100420334 -0.8660510017403295 -0.015086000030315122
vn -0.49972800100420334 -0.8660510017403295 0.015086000030315508
vn -0.7056743377425228 -0.7071573384523011 0.044184021146897484
vn -0.7036450654921194 -0.7071680658200244 0.06926000644641019
vn -0.8430646849531092 -0.5001258131067695 0.1977779260918863
vn 0.5765170724929908 0.0 -0.8170851027427385
vn 0.4075080559718467 -0.7073680971580761 -0.5775530793277872
vn -0.8337439370886031 -0.06547099505978793 0.5482559586305258
vn -0.8142126820520452 -0.5002008046728743 0.29471488491459685
vn -0.830893653201264 -0.5001587912435171 0.24383789822683746
vn -0.791749834280443 -0.5002538952928686 0.35053992662919686
vn 0.193435898034839 -0.965973490809909 -0.17169090949719545
vn 0.07323798877228761 -0.9961978472783989 -0.047180992766941834
vn -0.08485098391009126 -0.9961948110960787 0.019904996225505713
vn -0.08573002866534016 -0.9961943330950644 0.01572300525726306
vn -0.0867489657706866 -0.9961936069230004 0.008538996630692134
vn -0.2586719125144579 -0.9659336733111447 0.007808997358915761
vn -0.0867489657706866 -0.9961936069230004 -0.008538996630691692
vn -0.2586719125144579 -0.9659336733111447 -0.007808997358915331
vn -0.5630899034399439 -0.7073678786987982 -0.4272709267305195
vn -0.4200960282730939 -0.8661850582955557 -0.2706340182140758
vn 0.9959081270061797 -0.06541200834186311 0.0623560079521375
vn -0.7478922108817008 0.0 -0.6638201871760769
vn -0.7223730420063549 -0.25899701506080647 -0.6411690372843011
vn -0.6475739802340996 -0.5002769847300459 -0.5747789824560213
vn 0.9640286935560536 -0.258853917715918 0.06035998081286294
vn 0.8643017875650184 -0.5000538770927727 0.054115986698941604
vn 0.2586719125144579 -0.9659336733111447 0.007808997358915761
vn 0.25879295117379736 -0.9659328177584385 0.0
vn -0.08207798760060246 -0.9961978495058965 -0.0292069955877431
vn -0.2275349094950498 -0.9659736157715131 -0.12297495108512403
vn -0.24824803951898095 -0.9659531537715438 -0.07285201159742172
vn -0.08193502653507231 -0.9961963226232124 -0.029657009604572182
vn -0.2518989060743465 -0.9659476398266879 -0.059093977965602805
vn -0.49519997274320393 -0.8660719523296689 -0.06852999622797187
vn -0.4989692349701567 -0.8660564078355851 -0.031241014711740747
vn -0.49753012994170226 -0.8660632261927935 -0.048972012790193455
vn -0.49995903197688074 -0.8660490553916332 0.0
vn -0.4989692349701567 -0.8660564078355851 0.031241014711741136
vn -0.700355999136461 -0.7071829991280434 0.09692099988049656
vn -0.6954143261417459 -0.7072013316697231 0.12753505981255436
vn -0.7773047166452768 -0.06548597612807391 0.6257067719080235
vn 0.5110220687148427 -0.0654510088009034 -0.8570721152466383
vn 0.49464594396626327 -0.2589969706606955 -0.8296059060218335
vn 0.44342775444551924 -0.5002767229645875 -0.7437035881634683
vn 0.36198982951658604 -0.7073676668567874 -0.6071197140697523
vn -0.7620168995151242 -0.5003179340245792 0.4111109457880365
vn -0.8070094663543615 -0.2590721497125275 0.5306763066670475
vn 0.31857999033523904 -0.866184973722547 -0.38500698832004304
vn 0.1796909064762084 -0.9659734972394218 -0.18602790317798923
vn 0.0694019868465203 -0.9961978111946316 -0.05266199001918441
vn -0.08193502653507231 -0.9961963226232124 0.029657009604572623
vn -0.08362004205984648 -0.9961955010740107 0.024540012343322783
vn -0.2563239565069548 -0.9659398360993425 0.03547199398111279
vn -0.257532052691836 -0.9659371976336687 0.025349005186483253
vn -0.25827900422195776 -0.9659350157896569 0.016171000264339475
vn -0.08634199114126899 -0.9961938977900133 -0.011948998774026592
vn -0.25827900422195776 -0.9659350157896569 -0.016171000264339045
vn -0.5286446052585775 -0.7073674718053693 -0.4692186496322189
vn -0.7462886677034771 -0.06545097085694736 -0.6623967050576656
vn 0.7056743377425228 -0.7071573384523011 0.044184021146897484
vn 0.4989692349701567 -0.8660564078355851 0.031241014711741136
vn 0.25827900422195776 -0.9659350157896569 0.016171000264339475
vn -0.07959498707417313 -0.9961978382224652 -0.035418994248132676
vn 0.08717400873810516 -0.996193099855911 0.0
vn -0.25451001675630375 -0.9659430635952784 -0.046676003073031234
vn -0.49753012994170226 -0.8660632261927935 0.04897201279019384
vn -0.49519997274320393 -0.8660719523296689 0.06852999622797225
vn -0.6883014957973133 -0.707225481934893 0.161471881716723
vn 0.5121199606190008 0.0 -0.8589139339512388
vn 0.2880989624729518 -0.8661848871729295 -0.4083169468136586
vn -0.6647130514534452 -0.7072960547496678 0.240601018624204
vn -0.6783497124703425 -0.7072567002176413 0.1990719156201019
vn -0.6463517338618198 -0.7073457087472812 0.2861668821695229
vn 0.06515599023429061 -0.9961978506878849 -0.0578319913320259
vn -0.07966603275047379 -0.9961974095338507 0.035271014499811446
vn -0.25189890607434645 -0.9659476398266877 0.059093977965603214
vn -0.25451001675630375 -0.9659430635952784 0.046676003073031665
vn -0.08573002866534016 -0.9961943330950644 -0.01572300525726262
vn -0.257532052691836 -0.9659371976336687 -0.025349005186482823
vn -0.3980910422878204 -0.8661850920118156 -0.30207103208795
vn -0.21742793597824497 -0.9659737155685983 -0.14007095875604203
vn -0.6932617201618435 -0.06545097358042547 -0.7177077102941116
vn -0.6710449854725473 -0.2589969943929743 -0.694707984960267
vn -0.6015609493106719 -0.5002769578451646 -0.622773947523201
vn 0.9930591763246238 -0.06541401161471667 0.09774701735566871
vn 0.9612691568762554 -0.2588610422453489 0.09461801544137756
vn 0.8618229929097823 -0.5000649958859653 0.0848299993021037
vn 0.08713301874065883 -0.9961932142622558 0.0026300005656634345
vn 0.0870010288382793 -0.996193330208756 0.005447001805520932
vn -0.07664199105388748 -0.9961978837178126 -0.04142199516497626
vn -0.08362004205984648 -0.9961955010740107 -0.024540012343322343
vn -0.08485098391009126 -0.9961948110960787 -0.019904996225505272
vn -0.2563239565069548 -0.9659398360993425 -0.03547199398111236
vn -0.4916991966514452 -0.866083346383608 0.09017503606483676
vn -0.48666200484910016 -0.8660980086298006 0.11416800113757015
vn -0.7076388303984527 -0.06549998430145673 0.7035318313827873
vn 0.4437509204685266 -0.06545098826951516 -0.893756839815998
vn 0.4295301223873238 -0.2589970737968239 -0.8651152464999176
vn 0.38505404872069937 -0.5002770632998109 -0.775536098128201
vn 0.3143378313728869 -0.7073676205313272 -0.6331056603692932
vn 0.2559190078379036 -0.8661850265282163 -0.4292190131454761
vn -0.7523699489328914 -0.25912498241189225 0.6056349588925287
vn -0.6220524266220511 -0.7074064851604024 0.33559923016393134
vn -0.7234060414927632 -0.5003930287012939 0.4757000272849652
vn 0.16488693167631097 -0.9659735997325004 -0.1992669174303821
vn 0.060525992349484796 -0.9961978740800985 -0.06266099207961955
vn -0.0766649730849643 -0.9961986502611145 0.04136098547925684
vn -0.24324512773522577 -0.9659605072544913 0.08804604623558858
vn -0.24824803951898095 -0.9659531537715438 0.07285201159742213
vn -0.3737391058761926 -0.8661852453807867 -0.3317260939743666
vn 0.988437989781034 -0.06541699932368632 0.1367879985858173
vn -0.6947511686505193 0.0 -0.7192501745976415
vn 0.971483056768614 -0.06542500382311014 0.22790401331757137
vn -0.49108186216586325 -0.707367801459924 -0.5083988573054248
vn 0.7036450654921194 -0.7071680658200244 0.06926000644641019
vn 0.49753012994170226 -0.8660632261927935 0.04897201279019384
vn 0.257532052691836 -0.9659371976336687 0.025349005186483253
vn 0.0867489657706866 -0.9961936069230004 0.008538996630692134
vn 0.08634199114126899 -0.9961938977900133 0.011948998774027034
vn -0.47961505553606926 -0.8661171002903031 0.14075001629786774
vn 0.4447050388329798 0.0 -0.8956770782132129
vn 0.14911091998553613 -0.9659734816486262 -0.21133188659712085
vn -0.45696200756637684 -0.8661720143420762 0.20231600334994856
vn -0.46996014917829887 -0.8661412749371032 0.17010805399698306
vn -0.43976402904795425 -0.8662090572161419 0.2372540156714588
vn -0.0727690152354684 -0.996200208571969 0.04785201001865698
vn -0.23651188306382367 -0.9659695224054667 0.10471394822734274
vn -0.20603893209359692 -0.9659736816339635 -0.15634194847275074
vn -0.07323798877228761 -0.9961978472783989 -0.047180992766941834
vn -0.6375132939287596 0.0 -0.7704393552149988
vn -0.6361469076381553 -0.06545099049720426 -0.7687868883802241
vn 0.9814887230425697 -0.06542098153944458 0.17999994920744153
vn -0.6157602936841712 -0.2589971235275422 -0.7441503549192476
vn -0.5520008376734133 -0.5002768528838577 -0.6670968038272052
vn 0.9567933909597329 -0.25887110577850897 0.13240905410427053
vn 0.8578036684259208 -0.5000808066995525 0.1187099541140414
vn 0.08573002866534016 -0.9961943330950644 0.01572300525726306
vn -0.6849299409778772 -0.2591769776660727 0.680953941320499
vn -0.624529103371129 -0.06551101084328498 0.7782491288146393
vn 0.3738628867655477 -0.0654509801764067 -0.9251717197868076
vn 0.36188209563423207 -0.2589970684449055 -0.8955232366590614
vn 0.3244108392113224 -0.5002767520463942 -0.8027956021081059
vn 0.2648309516860993 -0.707367870952769 -0.655358880440924
vn 0.22222901267294318 -0.8661850493955033 -0.4475910255245502
vn 0.13245495243536892 -0.9659736531184406 -0.22214992022586671
vn -0.6743997997002544 -0.500474851356739 0.542871838764645
vn -0.4174399939245783 -0.8662519873925687 0.27450199600489816
vn -0.590503932333863 -0.7074769189298707 0.3883059555038291
vn 0.055539993301766136 -0.9961978798565505 -0.067119991905195
vn -0.0678289878570861 -0.9962018216574753 0.054599990225374345
vn -0.22760293868161438 -0.9659807397556469 0.12279296691841288
vn 0.08362004205984648 -0.9961955010740107 0.024540012343322783
vn -0.193435898034839 -0.965973490809909 -0.17169090949719545
vn -0.3471830799927268 -0.8661851995734239 -0.359426082813576
vn 0.9574788164522859 -0.06543098745694628 0.2809859461352803
vn 0.9500634956489514 -0.25888386256881973 0.17423690750453277
vn -0.4506237675854444 -0.707367635166748 -0.5445817191255157
vn 0.700355999136461 -0.7071829991280434 0.09692099988049656
vn 0.49519997274320393 -0.8660719523296689 0.06852999622797225
vn 0.2563239565069548 -0.9659398360993425 0.03547199398111279
vn 0.08485098391009126 -0.9961948110960787 0.019904996225505713
vn 0.3746659480795458 0.0 -0.9271598715160481
vn 0.050225993266302 -0.9961978664417535 -0.0711839904565052
vn -0.21604093670628002 -0.9659937169918962 0.1420649583790934
vn -0.0694019868465203 -0.9961978111946316 -0.05266199001918441
vn 0.08193502653507231 -0.9961963226232124 0.029657009604572623
vn -0.5765170724929908 0.0 -0.8170851027427385
vn 0.9382824571796461 -0.06543803188478689 0.33962316548193716
vn -0.575281010570501 -0.0654510012026296 -0.8153330149813365
vn 0.9403742458552364 -0.2589000676878781 0.22060605767613767
vn -0.5568449075473261 -0.25899695699886843 -0.789204868968721
vn -0.4991859551928211 -0.5002769550948926 -0.7074859364957113
vn 0.8517620995177599 -0.5001000584304439 0.15620901825107233
vn 0.25451001675630375 -0.9659430635952784 0.046676003073031665
vn -0.6139247651486515 -0.500555808516917 0.6103607665120269
vn -0.6044800733034895 -0.2592210314349585 0.7532650913462035
vn -0.5292539733316869 -0.06551899669859593 0.8459299573748594
vn 0.301771037871815 -0.06545100821400408 -0.9511311193655362
vn 0.29209998250175107 -0.2589969844847863 -0.9206509448484068
vn 0.261853869370433 -0.5002767504297514 -0.825321588276461
vn 0.21376390352580696 -0.7073676807565494 -0.6737476959296483
vn 0.1872300253271689 -0.8661851171714674 -0.4633230626751047
vn 0.11501894068946338 -0.9659735018871985 -0.23165888054304395
vn 0.044615993926782095 -0.9961978643955635 -0.07482798981426485
vn -0.5504712121238473 -0.7075542726557376 0.4431121707530865
vn -0.3891190077817965 -0.8662990173246811 0.31322900626411043
vn -0.20137591865985263 -0.966007609808353 0.16210193452347582
vn -0.06173603056585585 -0.9962034932259507 0.061378030388608174
vn 0.25189890607434645 -0.9659476398266877 0.059093977965603214
vn 0.24824803951898095 -0.9659531537715438 0.07285201159742213
vn -0.06515599023429061 -0.9961978506878849 -0.0578319913320259
vn -0.1796909064762084 -0.9659734972394218 -0.18602790317798923
vn -0.31857999033523904 -0.866184973722547 -0.38500698832004304
vn 0.9124280338086529 -0.06544700242504047 0.4039700149685032
vn 0.8782007341559441 -0.06545798018492316 0.4737918565763567
vn 0.9268133015021476 -0.258921084229761 0.2719870884802702
vn -0.4075080559718467 -0.7073680971580761 -0.5775530793277872
vn 0.6954143261417459 -0.7072013316697231 0.12753505981255436
vn 0.4916991966514452 -0.866083346383608 0.09017503606483676
vn -0.50108206876024 -0.7076300971034852 0.49817306836105685
vn 0.30241902537507426 0.0 -0.9531750799780648
vn -0.05447599253523696 -0.9962048634915511 0.06788399069795943
vn 0.07966603275047379 -0.9961974095338507 0.035271014499811446
vn 0.24324512773522577 -0.9659605072544913 0.08804604623558858
vn 0.0766649730849643 -0.9961986502611145 0.04136098547925684
vn -0.5121199606190008 0.0 -0.8589139339512388
vn 0.7773047166452768 -0.06548597612807391 0.6257067719080235
vn 0.8337439370886031 -0.06547099505978793 0.5482559586305258
vn 0.9082253020462684 -0.2589480861177319 0.32874410932962483
vn -0.5110220687148427 -0.0654510088009034 -0.8570721152466383
vn 0.8430646849531092 -0.5001258131067695 0.1977779260918863
vn -0.49464594396626327 -0.2589969706606955 -0.8296059060218335
vn -0.44342775444551924 -0.5002767229645875 -0.7437035881634683
vn -0.4421920606994872 -0.7076940971448215 0.5510310756397656
vn -0.5417972842412875 -0.5006232626402989 0.6751533542034341
vn -0.5122601963511638 -0.25924809937072274 0.8187673138364373
vn -0.42474176927077695 -0.0655199644080906 0.9029405095025322
vn 0.22789888526536062 -0.06545096704901367 -0.9714825109116246
vn 0.22059598194146213 -0.2589969787978609 -0.9403499230206076
vn 0.19775393201161665 -0.5002768280033555 -0.8429807101807526
vn 0.16143593862077635 -0.7073677310531811 -0.688163738354691
vn 0.15112599432695697 -0.8661849674847163 -0.4763239821195123
vn 0.09690396736793368 -0.965973674711801 -0.23980091924789315
vn 0.038741995453065343 -0.9961978830817404 -0.07803099084193209
vn -0.04615998549570396 -0.9962056869742907 0.0737799768170071
vn -0.35418698869328885 -0.8663459723436377 0.35213098875892274
vn -0.18329092900282226 -0.9660216258144938 0.18222692941495944
vn 0.48666200484910016 -0.8660980086298006 0.11416800113757015
vn 0.47961505553606926 -0.8661171002903031 0.14075001629786774
vn 0.0727690152354684 -0.996200208571969 0.04785201001865698
vn -0.060525992349484796 -0.9961978740800985 -0.06266099207961955
vn -0.16488693167631097 -0.9659735997325004 -0.1992669174303821
vn -0.2880989624729518 -0.8661848871729295 -0.4083169468136586
vn 0.8831918517063598 -0.2589819565152497 0.39102493434437746
vn 0.850051170684767 -0.2590240520103511 0.4586060920851317
vn 0.830893653201264 -0.5001587912435171 0.24383789822683746
vn -0.36198982951658604 -0.7073676668567874 -0.6071197140697523
vn 0.6883014957973133 -0.707225481934893 0.161471881716723
vn -0.3125469765574149 -0.8663849350168004 0.3894759707873561
vn -0.3152159581681658 -0.06551499130560415 0.9467558743574565
vn 0.2283889908392036 0.0 -0.9735699609496229
vn -0.1617370481674027 -0.9660332876973143 0.20154606002304593
vn 0.23651188306382367 -0.9659695224054667 0.10471394822734274
vn 0.46996014917829887 -0.8661412749371032 0.17010805399698306
vn 0.22760293868161438 -0.9659807397556469 0.12279296691841288
vn -0.4447050388329798 0.0 -0.8956770782132129
vn 0.7076388303984527 -0.06549998430145673 0.7035318313827873
vn 0.8070094663543615 -0.2590721497125275 0.5306763066670475
vn 0.8142126820520452 -0.5002008046728743 0.29471488491459685
vn -0.4437509204685266 -0.06545098826951516 -0.893756839815998
vn -0.4295301223873238 -0.2589970737968239 -0.8651152464999176
vn -0.38505404872069937 -0.5002770632998109 -0.775536098128201
vn -0.4591310907954779 -0.5006650990090363 0.7338481451221543
vn -0.2648440067586867 -0.8664090221103251 0.4233120108027112
vn -0.41110286949089275 -0.2592519176976399 0.8739467225560437
vn -0.30509593156088827 -0.25923194184909715 0.9163597944421938
vn 0.15268307611902146 -0.06545103263012977 -0.9861054916156194
vn 0.14779005792447716 -0.25899710151069655 -0.9545043741061314
vn 0.1324869317163855 -0.500276742157934 -0.8556695589888786
vn 0.10815500130148323 -0.7073680085121132 -0.6985220084056645
vn 0.11413099100408151 -0.8661849317264403 -0.48651596165232674
vn 0.07821796616682607 -0.9659735821682176 -0.24652989336351752
vn 0.032640994627929236 -0.9961978360452757 -0.08077398670617776
vn -0.03704399310290922 -0.9962058145199434 0.07875098533763125
vn -0.13704906505706957 -0.9660404585785484 0.2190511039833649
vn 0.6783497124703425 -0.7072567002176413 0.1990719156201019
vn 0.21604093670628002 -0.9659937169918962 0.1420649583790934
vn 0.0678289878570861 -0.9962018216574753 0.054599990225374345
vn -0.055539993301766136 -0.9961978798565505 -0.067119991905195
vn -0.14911091998553613 -0.9659734816486262 -0.21133188659712085
vn -0.2559190078379036 -0.8661850265282163 -0.4292190131454761
vn 0.624529103371129 -0.06551101084328498 0.7782491288146393
vn 0.7523699489328914 -0.25912498241189225 0.6056349588925287
vn 0.791749834280443 -0.5002538952928686 0.35053992662919686
vn 0.7620168995151242 -0.5003179340245792 0.4111109457880365
vn -0.3143378313728869 -0.7073676205313272 -0.6331056603692932
vn -0.37471191264323467 -0.7077338350056763 0.5989188603737631
vn -0.20539204078008025 -0.0655040130056591 0.9764851938787132
vn 0.15301107342261072 0.0 -0.98822447420111
vn 0.45696200756637684 -0.8661720143420762 0.20231600334994856
vn 0.6647130514534452 -0.7072960547496678 0.240601018624204
vn 0.43976402904795425 -0.8662090572161419 0.2372540156714588
vn -0.3746659480795458 0.0 -0.9271598715160481
vn 0.5292539733316869 -0.06551899669859593 0.8459299573748594
vn 0.6044800733034895 -0.2592210314349585 0.7532650913462035
vn 0.6849299409778772 -0.2591769776660727 0.680953941320499
vn 0.7234060414927632 -0.5003930287012939 0.4757000272849652
vn -0.3738628867655477 -0.0654509801764067 -0.9251717197868076
vn -0.36188209563423207 -0.2589970684449055 -0.8955232366590614
vn -0.3244108392113224 -0.5002767520463942 -0.8027956021081059
vn -0.36846396424352174 -0.5006719514137947 0.7833019239868185
vn -0.21254195158741238 -0.8664128026493806 0.4518348970815109
vn -0.10998395918935969 -0.9660416415406551 0.23380991324250994
vn -0.2734560986628415 -0.5006411806311201 0.8213282963348923
vn -0.19880003658070114 -0.25919304769346896 0.9451441739136328
vn 0.07656699210265115 -0.06545099324918878 -0.9949138973816013
vn 0.07411403291015833 -0.25899711500704714 -0.9630304276313487
vn 0.06643997720119219 -0.5002768283305363 -0.8633127037551597
vn 0.05423798034654596 -0.7073677436811006 -0.7047617446253994
vn 0.07646299990384778 -0.8661849989107724 -0.49383899937899717
vn 0.0590709731303335 -0.9659735606067407 -0.2518048854612858
vn 0.026346996558911224 -0.9961978698900915 -0.08303998915443815
vn -0.027494005315938944 -0.9962051926152963 0.08257901596657191
vn 0.4174399939245783 -0.8662519873925687 0.27450199600489816
vn 0.20137591865985263 -0.966007609808353 0.16210193452347582
vn 0.06173603056585585 -0.9962034932259507 0.061378030388608174
vn -0.050225993266302 -0.9961978664417535 -0.0711839904565052
vn -0.13245495243536892 -0.9659736531184406 -0.22214992022586671
vn -0.22222901267294318 -0.8661850493955033 -0.4475910255245502
vn 0.5122601963511638 -0.25924809937072274 0.8187673138364373
vn 0.6743997997002544 -0.500474851356739 0.542871838764645
vn 0.6463517338618198 -0.7073457087472812 0.2861668821695229
vn 0.6220524266220511 -0.7074064851604024 0.33559923016393134
vn -0.2648309516860993 -0.707367870952769 -0.655358880440924
vn -0.09955099465779513 -0.06548999648561021 0.9928749467193532
vn -0.30071492458762283 -0.7077398225151527 0.6392768396840922
vn -0.09635703823939458 -0.2591431028412197 0.9610203813819751
vn 0.07673198118040969 0.0 -0.9970517554591284
vn -0.30241902537507426 0.0 -0.9531750799780648
vn 0.42474176927077695 -0.0655199644080906 0.9029405095025322
vn 0.5417972842412875 -0.5006232626402989 0.6751533542034341
vn 0.4591310907954779 -0.5006650990090363 0.7338481451221543
vn 0.6139247651486515 -0.500555808516917 0.6103607665120269
vn 0.590503932333863 -0.7074769189298707 0.3883059555038291
vn -0.301771037871815 -0.06545100821400408 -0.9511311193655362
vn -0.29209998250175107 -0.2589969844847863 -0.9206509448484068
vn -0.261853869370433 -0.5002767504297514 -0.825321588276461
vn -0.22318002482364602 -0.7077110787165843 0.6703250745582514
vn -0.15774501596608376 -0.86639508769175 0.47378904795432436
vn -0.081629015200875 -0.9660361798943081 0.2451750456562563
vn -0.17818795489047762 -0.5005808732744638 0.8471527855373696
vn -0.08636997603384644 -0.5005028611192339 0.8614157609722344
vn 0.0 -0.06545098592355636 -0.9978557853926759
vn 0.0 -0.25899703148199776 -0.9658781174058727
vn 0.0 -0.5002767481895144 -0.8658655641731717
vn 0.0 -0.7073677329192157 -0.7068457331163067
vn 0.03834500276563342 -0.8661850624736 -0.49825003593628503
vn 0.03957498509357019 -0.9659736361535407 -0.25559490372687466
vn 0.019896997320849596 -0.9961978658609701 -0.08481698857930822
vn 0.3891190077817965 -0.8662990173246811 0.31322900626411043
vn 0.18329092900282226 -0.9660216258144938 0.18222692941495944
vn 0.05447599253523696 -0.9962048634915511 0.06788399069795943
vn -0.044615993926782095 -0.9961978643955635 -0.07482798981426485
vn -0.11501894068946338 -0.9659735018871985 -0.23165888054304395
vn -0.1872300253271689 -0.8661851171714674 -0.4633230626751047
vn 0.41110286949089275 -0.2592519176976399 0.8739467225560437
vn 0.50108206876024 -0.7076300971034852 0.49817306836105685
vn 0.5504712121238473 -0.7075542726557376 0.4431121707530865
vn -0.21376390352580696 -0.7073676807565494 -0.6737476959296483
vn 0.0 -0.06547899657030824 0.9978539477339085
vn 0.0 -0.25909987508785054 0.9658505343630868
vn -0.017917998934452475 -0.9962039407577459 0.08518599493415963
vn -0.2283889908392036 0.0 -0.9735699609496229
vn 0.3152159581681658 -0.06551499130560415 0.9467558743574565
vn 0.30509593156088827 -0.25923194184909715 0.9163597944421938
vn 0.4421920606994872 -0.7076940971448215 0.5510310756397656
vn 0.37471191264323467 -0.7077338350056763 0.5989188603737631
vn 0.36846396424352174 -0.5006719514137947 0.7833019239868185
vn -0.22789888526536062 -0.06545096704901367 -0.9714825109116246
vn -0.22059598194146213 -0.2589969787978609 -0.9403499230206076
vn -0.19775393201161665 -0.5002768280033555 -0.8429807101807526
vn -0.10279705147902872 -0.8663604338586857 0.4887252447453558
vn -0.05319699661119183 -0.9660259384612516 0.25291098388881234
vn -0.1454339507726521 -0.7076537604691496 0.691429765960744
vn -0.07049699495689189 -0.7075799493822085 0.70310794970212
vn 0.0 -0.5004350479664511 0.865774082984017
vn -0.07656699210265115 -0.06545099324918878 -0.9949138973816013
vn -0.07411403291015833 -0.25899711500704714 -0.9630304276313487
vn -0.06643997720119219 -0.5002768283305363 -0.8633127037551597
vn -0.05423798034654596 -0.7073677436811006 -0.7047617446253994
vn 0.0 -0.8661852031403764 -0.49972311719657814
vn 0.01984599310077985 -0.9659736641909057 -0.25787791035185437
vn 0.013329997860935415 -0.9961978401401456 -0.08609398618449894
vn 0.35418698869328885 -0.8663459723436377 0.35213098875892274
vn 0.1617370481674027 -0.9660332876973143 0.20154606002304593
vn 0.04615998549570396 -0.9962056869742907 0.0737799768170071
vn -0.038741995453065343 -0.9961978830817404 -0.07803099084193209
vn -0.09690396736793368 -0.965973674711801 -0.23980091924789315
vn -0.15112599432695697 -0.8661849674847163 -0.4763239821195123
vn 0.2734560986628415 -0.5006411806311201 0.8213282963348923
vn 0.3125469765574149 -0.8663849350168004 0.3894759707873561
vn -0.16143593862077635 -0.7073677310531811 -0.688163738354691
vn 0.09955099465779513 -0.06548999648561021 0.9928749467193532
vn 0.09635703823939458 -0.2591431028412197 0.9610203813819751
vn -0.07673198118040969 0.0 -0.9970517554591284
vn -0.03834500276563342 -0.8661850624736 -0.49825003593628503
vn -0.008686003699851836 -0.9962024243379921 0.08663303690182662
vn -0.15301107342261072 0.0 -0.98822447420111
vn 0.20539204078008025 -0.0655040130056591 0.9764851938787132
vn 0.19880003658070114 -0.25919304769346896 0.9451441739136328
vn 0.2648440067586867 -0.8664090221103251 0.4233120108027112
vn 0.30071492458762283 -0.7077398225151527 0.6392768396840922
vn 0.22318002482364602 -0.7077110787165843 0.6703250745582514
vn -0.15268307611902146 -0.06545103263012977 -0.9861054916156194
vn -0.14779005792447716 -0.25899710151069655 -0.9545043741061314
vn -0.1324869317163855 -0.500276742157934 -0.8556695589888786
vn -0.049832003202080054 -0.8663150556672414 0.4970060319363664
vn -0.02578901053351061 -0.9660123945673601 0.25720610505572666
vn 0.0 -0.7075171621258072 0.7066961619376774
vn 0.08636997603384644 -0.5005028611192339 0.8614157609722344
vn -0.10815500130148323 -0.7073680085121132 -0.6985220084056645
vn -0.07646299990384778 -0.8661849989107724 -0.49383899937899717
vn -0.01984599310077985 -0.9659736641909057 -0.25787791035185437
vn 0.0 -0.9659735481384485 -0.2586408790133857
vn 0.00668499891302595 -0.9961978380192409 -0.08686298587616628
vn 0.13704906505706957 -0.9660404585785484 0.2190511039833649
vn 0.03704399310290922 -0.9962058145199434 0.07875098533763125
vn -0.032640994627929236 -0.9961978360452757 -0.08077398670617776
vn -0.07821796616682607 -0.9659735821682176 -0.24652989336351752
vn -0.11413099100408151 -0.8661849317264403 -0.48651596165232674
vn 0.17818795489047762 -0.5005808732744638 0.8471527855373696
vn 0.21254195158741238 -0.8664128026493806 0.4518348970815109
vn 0.0 -0.8662765538876137 0.49956474273571394
vn -0.03957498509357019 -0.9659736361535407 -0.25559490372687466
vn 0.0 -0.9962010591295156 0.08708300516881214
vn 0.10998395918935969 -0.9660416415406551 0.23380991324250994
vn 0.15774501596608376 -0.86639508769175 0.47378904795432436
vn 0.1454339507726521 -0.7076537604691496 0.691429765960744
vn 0.0 -0.9660008326297441 0.2585389552052862
vn 0.07049699495689189 -0.7075799493822085 0.70310794970212
vn -0.0590709731303335 -0.9659735606067407 -0.2518048854612858
vn -0.00668499891302595 -0.9961978380192409 -0.08686298587616628
vn -0.013329997860935415 -0.9961978401401456 -0.08609398618449894
vn 0.0 -0.9961978258626428 -0.08711998477125354
vn 0.027494005315938944 -0.9962051926152963 0.08257901596657191
vn -0.026346996558911224 -0.9961978698900915 -0.08303998915443815
vn 0.081629015200875 -0.9660361798943081 0.2451750456562563
vn 0.10279705147902872 -0.8663604338586857 0.4887252447453558
vn 0.049832003202080054 -0.8663150556672414 0.4970060319363664
vn -0.019896997320849596 -0.9961978658609701 -0.08481698857930822
vn 0.02578901053351061 -0.9660123945673601 0.25720610505572666
vn 0.05319699661119183 -0.9660259384612516 0.25291098388881234
vn 0.008686003699851836 -0.9962024243379921 0.08663303690182662
vn 0.017917998934452475 -0.9962039407577459 0.08518599493415963
usemtl material_0_0
f 1/1/1 2/2/2 3/2/3
f 2/2/2 1/1/1 4/1/4
f 2/2/5 5/3/5 3/2/5
f 3/2/6 6/4/6 1/1/6
f 6/4/7 4/1/4 1/1/1
f 4/1/4 7/5/8 2/2/2
f 5/3/5 2/2/5 8/3/5
f 5/3/6 9/6/6 3/2/6
f 3/2/6 10/7/6 6/4/6
f 4/1/4 6/4/7 11/4/9
f 7/5/8 4/1/4 12/8/10
f 8/3/5 2/2/5 7/5/5
f 13/9/11 5/3/12 8/3/13
f 5/3/6 14/10/6 9/6/6
f 3/2/6 9/6/6 15/11/6
f 3/2/6 16/12/6 10/7/6
f 17/7/14 6/4/7 10/7/15
f 6/4/7 17/7/14 11/4/9
f 18/13/16 4/1/4 11/4/9
f 4/1/4 18/13/16 12/8/10
f 12/8/10 19/14/17 7/5/8
f 8/3/5 7/5/5 20/15/5
f 5/3/12 13/9/11 21/9/18
f 8/3/13 22/16/19 13/9/11
f 5/3/6 23/17/6 14/10/6
f 24/10/20 9/6/21 14/10/22
f 25/6/23 15/11/24 9/6/21
f 3/2/6 15/11/6 26/18/6
f 3/2/6 27/19/6 16/12/6
f 28/12/25 10/7/15 16/12/26
f 10/7/15 28/12/25 17/7/14
f 29/20/27 11/4/9 17/7/14
f 11/4/9 29/20/27 18/13/16
f 30/21/28 12/8/10 18/13/16
f 19/14/17 12/8/10 31/22/29
f 20/15/5 7/5/5 19/14/5
f 22/16/19 8/3/13 20/15/30
f 13/9/11 32/23/31 21/9/18
f 32/23/6 5/3/6 21/9/6
f 33/24/32 13/9/11 22/16/19
f 5/3/6 34/25/6 23/17/6
f 35/17/33 14/10/22 23/17/34
f 9/6/21 24/10/20 25/6/23
f 14/10/22 35/17/33 24/10/20
f 15/11/24 25/6/23 36/11/35
f 15/11/24 37/18/36 26/18/37
f 3/2/6 26/18/6 38/26/6
f 3/2/6 39/27/6 27/19/6
f 40/19/38 16/12/26 27/19/39
f 16/12/26 40/19/38 28/12/25
f 41/28/40 17/7/14 28/12/25
f 17/7/14 41/28/40 29/20/27
f 42/29/41 18/13/16 29/20/27
f 12/8/10 30/21/28 31/22/29
f 18/13/16 42/29/41 30/21/28
f 31/22/29 43/30/42 19/14/17
f 20/15/5 19/14/5 44/31/5
f 20/15/30 45/32/43 22/16/19
f 32/23/31 13/9/11 46/23/44
f 5/3/6 32/23/6 47/33/6
f 13/9/11 33/24/32 46/23/44
f 22/16/19 48/34/45 33/24/32
f 5/3/6 49/35/6 34/25/6
f 34/25/46 35/17/33 23/17/34
f 50/36/47 25/6/23 24/10/20
f 51/37/48 24/10/20 35/17/33
f 52/38/49 36/11/35 25/6/23
f 37/18/36 15/11/24 36/11/35
f 37/18/36 38/26/50 26/18/37
f 3/2/6 38/26/6 53/39/6
f 3/2/6 54/40/6 39/27/6
f 39/27/51 40/19/38 27/19/39
f 55/41/52 28/12/25 40/19/38
f 28/12/25 55/41/52 41/28/40
f 56/42/53 29/20/27 41/28/40
f 29/20/27 56/42/53 42/29/41
f 57/43/54 31/22/29 30/21/28
f 58/44/55 30/21/28 42/29/41
f 43/30/42 31/22/29 59/45/56
f 44/31/5 19/14/5 43/30/5
f 45/32/43 20/15/30 44/31/57
f 48/34/45 22/16/19 45/32/43
f 60/46/58 32/23/31 46/23/44
f 47/33/6 32/23/6 61/47/6
f 5/3/6 47/33/6 49/35/6
f 62/48/59 46/23/44 33/24/32
f 63/49/60 33/24/32 48/34/45
f 64/35/61 34/25/46 49/35/62
f 35/17/33 34/25/46 65/25/63
f 25/6/23 50/36/47 52/38/49
f 24/10/20 51/37/48 50/36/47
f 35/17/33 66/50/64 51/37/48
f 36/11/35 52/38/49 67/51/65
f 36/11/35 68/52/66 37/18/36
f 38/26/50 37/18/36 69/26/67
f 69/26/67 53/39/68 38/26/50
f 3/2/6 53/39/6 70/53/6
f 3/2/6 71/54/6 54/40/6
f 54/40/69 72/27/70 39/27/51
f 40/19/38 39/27/51 72/27/70
f 40/19/38 73/55/71 55/41/52
f 74/56/72 41/28/40 55/41/52
f 41/28/40 74/56/72 56/42/53
f 75/57/73 42/29/41 56/42/53
f 31/22/29 57/43/54 59/45/56
f 30/21/28 58/44/55 57/43/54
f 42/29/41 75/57/73 58/44/55
f 76/58/74 43/30/42 59/45/56
f 44/31/5 43/30/5 77/59/5
f 44/31/57 78/60/75 45/32/43
f 45/32/43 79/61/76 48/34/45
f 32/23/31 60/46/58 80/46/77
f 46/23/44 62/48/59 60/46/58
f 61/47/6 32/23/6 80/46/6
f 81/47/78 47/33/79 61/47/80
f 47/33/79 64/35/61 49/35/62
f 33/24/32 63/49/60 62/48/59
f 48/34/45 82/62/81 63/49/60
f 34/25/46 64/35/61 65/25/63
f 66/50/64 35/17/33 65/25/63
f 83/63/82 52/38/49 50/36/47
f 84/64/83 50/36/47 51/37/48
f 85/65/84 51/37/48 66/50/64
f 86/66/85 67/51/65 52/38/49
f 68/52/66 36/11/35 67/51/65
f 68/52/66 69/26/67 37/18/36
f 53/39/68 69/26/67 87/39/86
f 87/39/86 70/53/87 53/39/68
f 3/2/6 70/53/6 88/67/6
f 3/2/6 89/68/6 71/54/6
f 90/54/88 54/40/69 71/54/89
f 72/27/70 54/40/69 91/40/90
f 73/55/71 40/19/38 72/27/70
f 92/69/91 55/41/52 73/55/71
f 55/41/52 92/69/91 74/56/72
f 93/70/92 56/42/53 74/56/72
f 56/42/53 93/70/92 75/57/73
f 57/43/54 76/58/74 59/45/56
f 58/44/55 94/71/93 57/43/54
f 75/57/73 95/72/94 58/44/55
f 43/30/42 76/58/74 96/73/95
f 77/59/5 43/30/5 96/73/5
f 78/60/75 44/31/57 77/59/96
f 79/61/76 45/32/43 78/60/75
f 82/62/81 48/34/45 79/61/76
f 60/46/58 97/74/97 80/46/77
f 98/75/98 60/46/58 62/48/59
f 61/47/6 80/46/6 97/74/6
f 47/33/79 81/47/78 99/33/99
f 61/47/80 100/76/100 81/47/78
f 64/35/61 47/33/79 99/33/99
f 101/77/101 62/48/59 63/49/60
f 102/78/102 63/49/60 82/62/81
f 103/79/103 65/25/63 64/35/61
f 65/25/63 103/79/103 66/50/64
f 52/38/49 83/63/82 86/66/85
f 50/36/47 84/64/83 83/63/82
f 51/37/48 85/65/84 84/64/83
f 66/50/64 104/80/104 85/65/84
f 67/51/65 86/66/85 105/81/105
f 67/51/65 106/82/106 68/52/66
f 69/26/67 68/52/66 107/83/107
f 69/26/67 108/84/108 87/39/86
f 70/53/87 87/39/86 109/53/109
f 109/53/109 88/67/110 70/53/87
f 3/2/6 88/67/6 110/85/6
f 3/2/6 111/86/6 89/68/6
f 89/68/111 90/54/88 71/54/89
f 54/40/69 90/54/88 91/40/90
f 112/87/112 72/27/70 91/40/90
f 72/27/70 112/87/112 73/55/71
f 73/55/71 113/88/113 92/69/91
f 114/89/114 74/56/72 92/69/91
f 74/56/72 114/89/114 93/70/92
f 93/70/92 115/90/115 75/57/73
f 76/58/74 57/43/54 94/71/93
f 94/71/93 58/44/55 95/72/94
f 95/72/94 75/57/73 115/90/115
f 116/91/116 96/73/95 76/58/74
f 77/59/5 96/73/5 117/92/5
f 117/92/117 78/60/75 77/59/96
f 118/93/118 79/61/76 78/60/75
f 119/94/119 82/62/81 79/61/76
f 97/74/97 60/46/58 120/74/120
f 60/46/58 98/75/98 120/74/120
f 62/48/59 101/77/101 98/75/98
f 61/47/6 97/74/6 121/95/6
f 122/96/121 99/33/99 81/47/78
f 100/76/100 61/47/80 123/76/122
f 124/97/123 81/47/78 100/76/100
f 125/98/124 64/35/61 99/33/99
f 63/49/60 102/78/102 101/77/101
f 126/99/125 102/78/102 82/62/81
f 64/35/61 125/98/124 103/79/103
f 104/80/104 66/50/64 103/79/103
f 127/100/126 86/66/85 83/63/82
f 84/64/83 127/100/126 83/63/82
f 85/65/84 128/101/127 84/64/83
f 129/102/128 85/65/84 104/80/104
f 130/103/129 105/81/105 86/66/85
f 106/82/106 67/51/65 105/81/105
f 106/82/106 107/83/107 68/52/66
f 108/84/108 69/26/67 107/83/107
f 108/84/108 109/53/109 87/39/86
f 88/67/110 109/53/109 131/67/130
f 131/67/130 110/85/131 88/67/110
f 3/2/6 110/85/6 132/104/6
f 3/2/6 133/105/6 111/86/6
f 111/86/132 134/68/133 89/68/111
f 90/54/88 89/68/111 134/68/133
f 135/106/134 91/40/90 90/54/88
f 91/40/90 135/106/134 112/87/112
f 113/88/113 73/55/71 112/87/112
f 136/107/135 92/69/91 113/88/113
f 92/69/91 136/107/135 114/89/114
f 114/89/114 137/108/136 93/70/92
f 115/90/115 93/70/92 137/108/136
f 94/71/93 116/91/116 76/58/74
f 95/72/94 138/109/137 94/71/93
f 115/90/115 139/110/138 95/72/94
f 96/73/95 116/91/116 140/111/139
f 117/92/5 96/73/5 140/111/5
f 78/60/75 117/92/117 118/93/118
f 79/61/76 118/93/118 119/94/119
f 82/62/81 119/94/119 126/99/125
f 141/95/140 97/74/97 120/74/120
f 142/112/141 120/74/120 98/75/98
f 143/113/142 98/75/98 101/77/101
f 97/74/97 141/95/140 121/95/143
f 61/47/6 121/95/6 123/76/6
f 99/33/99 122/96/121 125/98/124
f 81/47/78 124/97/123 122/96/121
f 123/76/122 144/114/144 100/76/100
f 100/76/100 145/115/145 124/97/123
f 146/116/146 101/77/101 102/78/102
f 102/78/102 126/99/125 147/117/147
f 148/118/148 103/79/103 125/98/124
f 103/79/103 148/118/148 104/80/104
f 86/66/85 127/100/126 130/103/129
f 127/100/126 84/64/83 128/101/127
f 128/101/127 85/65/84 149/119/149
f 85/65/84 129/102/128 149/119/149
f 104/80/104 150/120/150 129/102/128
f 105/81/105 130/103/129 151/121/151
f 105/81/105 152/122/152 106/82/106
f 107/83/107 106/82/106 153/123/153
f 107/83/107 154/124/154 108/84/108
f 109/53/109 108/84/108 155/125/155
f 155/125/155 131/67/130 109/53/109
f 110/85/131 131/67/130 156/85/156
f 110/85/131 157/104/157 132/104/158
f 3/2/6 132/104/6 158/126/6
f 3/2/6 159/127/6 133/105/6
f 133/105/159 160/86/160 111/86/132
f 134/68/133 111/86/132 160/86/160
f 161/128/161 90/54/88 134/68/133
f 90/54/88 161/128/161 135/106/134
f 162/129/162 112/87/112 135/106/134
f 112/87/112 162/129/162 113/88/113
f 113/88/113 163/130/163 136/107/135
f 136/107/135 164/131/164 114/89/114
f 137/108/136 114/89/114 164/131/164
f 137/108/136 165/132/165 115/90/115
f 116/91/116 94/71/93 138/109/137
f 138/109/137 95/72/94 139/110/138
f 139/110/138 115/90/115 165/132/165
f 166/133/166 140/111/139 116/91/116
f 117/92/5 140/111/5 167/134/5
f 167/134/167 118/93/118 117/92/117
f 168/135/168 119/94/119 118/93/118
f 169/136/169 126/99/125 119/94/119
f 120/74/120 142/112/141 141/95/140
f 98/75/98 143/113/142 142/112/141
f 101/77/101 146/116/146 143/113/142
f 141/95/140 170/137/170 121/95/143
f 123/76/6 121/95/6 170/137/6
f 171/138/171 125/98/124 122/96/121
f 172/139/172 122/96/121 124/97/123
f 144/114/144 123/76/122 173/114/173
f 145/115/145 100/76/100 144/114/144
f 174/140/174 124/97/123 145/115/145
f 147/117/147 146/116/146 102/78/102
f 175/141/175 147/117/147 126/99/125
f 125/98/124 171/138/171 148/118/148
f 150/120/150 104/80/104 148/118/148
f 127/100/126 176/142/176 130/103/129
f 128/101/127 177/143/177 127/100/126
f 149/119/149 178/144/178 128/101/127
f 129/102/128 179/145/179 149/119/149
f 150/120/150 180/146/180 129/102/128
f 130/103/129 181/147/181 151/121/151
f 152/122/152 105/81/105 151/121/151
f 152/122/152 153/123/153 106/82/106
f 154/124/154 107/83/107 153/123/153
f 154/124/154 155/125/155 108/84/108
f 131/67/130 155/125/155 182/148/182
f 182/148/182 156/85/156 131/67/130
f 157/104/157 110/85/131 156/85/156
f 157/104/157 158/126/183 132/104/158
f 3/2/6 158/126/6 183/149/6
f 3/2/6 184/150/6 159/127/6
f 159/127/184 185/105/185 133/105/159
f 160/86/160 133/105/159 185/105/185
f 186/151/186 134/68/133 160/86/160
f 134/68/133 186/151/186 161/128/161
f 187/152/187 135/106/134 161/128/161
f 135/106/134 187/152/187 162/129/162
f 163/130/163 113/88/113 162/129/162
f 163/130/163 188/153/188 136/107/135
f 164/131/164 136/107/135 188/153/188
f 164/131/164 189/154/189 137/108/136
f 165/132/165 137/108/136 189/154/189
f 138/109/137 166/133/166 116/91/116
f 139/110/138 190/155/190 138/109/137
f 165/132/165 191/156/191 139/110/138
f 140/111/139 166/133/166 192/157/192
f 167/134/5 140/111/5 192/157/5
f 118/93/118 167/134/167 168/135/168
f 119/94/119 168/135/168 169/136/169
f 126/99/125 169/136/169 175/141/175
f 193/158/193 141/95/140 142/112/141
f 194/159/194 142/112/141 143/113/142
f 195/160/195 143/113/142 146/116/146
f 170/137/170 141/95/140 196/137/196
f 123/76/6 170/137/6 197/161/6
f 122/96/121 172/139/172 171/138/171
f 124/97/123 174/140/174 172/139/172
f 123/76/6 198/162/6 173/114/6
f 199/163/197 144/114/144 173/114/173
f 144/114/144 200/164/198 145/115/145
f 145/115/145 201/165/199 174/140/174
f 146/116/146 147/117/147 202/166/200
f 147/117/147 175/141/175 203/167/201
f 204/168/202 148/118/148 171/138/171
f 148/118/148 204/168/202 150/120/150
f 176/142/176 127/100/126 177/143/177
f 181/147/181 130/103/129 176/142/176
f 177/143/177 128/101/127 178/144/178
f 178/144/178 149/119/149 179/145/179
f 179/145/179 129/102/128 180/146/180
f 180/146/180 150/120/150 205/169/203
f 206/170/204 151/121/151 181/147/181
f 151/121/151 206/170/204 152/122/152
f 153/123/153 152/122/152 207/171/205
f 153/123/153 208/172/206 154/124/154
f 155/125/155 154/124/154 209/173/207
f 209/173/207 182/148/182 155/125/155
f 156/85/156 182/148/182 210/174/208
f 156/85/156 211/175/209 157/104/157
f 158/126/183 157/104/157 212/126/210
f 158/126/183 213/149/211 183/149/212
f 3/2/6 183/149/6 214/176/6
f 3/2/6 215/177/6 184/150/6
f 216/150/213 159/127/184 184/150/214
f 185/105/185 159/127/184 217/127/215
f 218/178/216 160/86/160 185/105/185
f 160/86/160 218/178/216 186/151/186
f 219/179/217 161/128/161 186/151/186
f 161/128/161 219/179/217 187/152/187
f 220/180/218 162/129/162 187/152/187
f 162/129/162 220/180/218 163/130/163
f 188/153/188 163/130/163 221/181/219
f 188/153/188 222/182/220 164/131/164
f 189/154/189 164/131/164 222/182/220
f 189/154/189 223/183/221 165/132/165
f 166/133/166 138/109/137 190/155/190
f 190/155/190 139/110/138 191/156/191
f 191/156/191 165/132/165 223/183/221
f 190/155/190 192/157/192 166/133/166
f 167/134/5 192/157/5 224/184/5
f 224/184/222 168/135/168 167/134/167
f 225/185/223 169/136/169 168/135/168
f 226/186/224 175/141/175 169/136/169
f 141/95/140 193/158/193 196/137/196
f 142/112/141 194/159/194 193/158/193
f 143/113/142 195/160/195 194/159/194
f 202/166/200 195/160/195 146/116/146
f 196/137/196 197/161/225 170/137/170
f 123/76/6 197/161/6 198/162/6
f 227/187/226 171/138/171 172/139/172
f 228/188/227 172/139/172 174/140/174
f 173/114/6 198/162/6 229/189/6
f 144/114/144 199/163/197 230/163/228
f 173/114/6 231/190/6 199/163/6
f 200/164/198 144/114/144 230/163/228
f 201/165/199 145/115/145 200/164/198
f 232/191/229 174/140/174 201/165/199
f 203/167/201 202/166/200 147/117/147
f 233/192/230 203/167/201 175/141/175
f 171/138/171 227/187/226 204/168/202
f 204/168/202 205/169/203 150/120/150
f 177/143/177 234/193/231 176/142/176
f 176/142/176 235/194/232 181/147/181
f 178/144/178 236/195/233 177/143/177
f 179/145/179 237/196/234 178/144/178
f 180/146/180 238/197/235 179/145/179
f 205/169/203 239/198/236 180/146/180
f 181/147/181 240/199/237 206/170/204
f 241/200/238 152/122/152 206/170/204
f 152/122/152 241/200/238 207/171/205
f 208/172/206 153/123/153 207/171/205
f 208/172/206 209/173/207 154/124/154
f 182/148/182 209/173/207 242/201/239
f 242/201/239 210/174/208 182/148/182
f 211/175/209 156/85/156 210/174/208
f 211/175/209 212/126/210 157/104/157
f 213/149/211 158/126/183 212/126/210
f 213/149/211 214/176/240 183/149/212
f 3/2/6 214/176/6 243/202/6
f 3/2/6 244/203/6 215/177/6
f 215/177/241 216/150/213 184/150/214
f 159/127/184 216/150/213 217/127/215
f 245/204/242 185/105/185 217/127/215
f 185/105/185 245/204/242 218/178/216
f 246/205/243 186/151/186 218/178/216
f 186/151/186 246/205/243 219/179/217
f 247/206/244 187/152/187 219/179/217
f 187/152/187 247/206/244 220/180/218
f 220/180/218 221/181/219 163/130/163
f 221/181/219 248/207/245 188/153/188
f 222/182/220 188/153/188 248/207/245
f 222/182/220 249/208/246 189/154/189
f 223/183/221 189/154/189 249/208/246
f 191/156/191 192/157/192 190/155/190
f 223/183/221 192/157/192 191/156/191
f 250/209/247 224/184/222 192/157/192
f 168/135/168 224/184/222 225/185/223
f 169/136/169 225/185/223 226/186/224
f 175/141/175 226/186/224 233/192/230
f 251/210/248 196/137/196 193/158/193
f 252/211/249 193/158/193 194/159/194
f 253/212/250 194/159/194 195/160/195
f 195/160/195 202/166/200 254/213/251
f 197/161/225 196/137/196 255/161/252
f 197/161/225 256/162/253 198/162/254
f 172/139/172 228/188/227 227/187/226
f 174/140/174 232/191/229 228/188/227
f 198/162/254 257/189/255 229/189/256
f 173/114/6 229/189/6 258/214/6
f 199/163/197 259/215/257 230/163/228
f 173/114/6 258/214/6 231/190/6
f 199/163/6 231/190/6 260/216/6
f 230/163/228 261/217/258 200/164/198
f 200/164/198 262/218/259 201/165/199
f 201/165/199 263/219/260 232/191/229
f 202/166/200 203/167/201 264/220/261
f 203/167/201 233/192/230 265/221/262
f 227/187/226 266/222/263 204/168/202
f 205/169/203 204/168/202 266/222/263
f 234/193/231 177/143/177 236/195/233
f 235/194/232 176/142/176 234/193/231
f 240/199/237 181/147/181 235/194/232
f 236/195/233 178/144/178 237/196/234
f 237/196/234 179/145/179 238/197/235
f 238/197/235 180/146/180 239/198/236
f 239/198/236 205/169/203 267/223/264
f 268/224/265 206/170/204 240/199/237
f 206/170/204 268/224/265 241/200/238
f 269/225/266 207/171/205 241/200/238
f 207/171/205 269/225/266 208/172/206
f 209/173/207 208/172/206 270/226/267
f 270/226/267 242/201/239 209/173/207
f 210/174/208 242/201/239 271/227/268
f 210/174/208 272/228/269 211/175/209
f 212/126/210 211/175/209 273/229/270
f 273/229/270 213/149/211 212/126/210
f 214/176/240 213/149/211 274/176/271
f 274/176/271 243/202/272 214/176/240
f 3/2/6 243/202/6 275/230/6
f 3/2/6 276/231/6 244/203/6
f 277/203/273 215/177/241 244/203/274
f 216/150/213 215/177/241 278/177/275
f 279/232/276 217/127/215 216/150/213
f 217/127/215 279/232/276 245/204/242
f 280/233/277 218/178/216 245/204/242
f 218/178/216 280/233/277 246/205/243
f 281/234/278 219/179/217 246/205/243
f 219/179/217 281/234/278 247/206/244
f 247/206/244 282/235/279 220/180/218
f 221/181/219 220/180/218 282/235/279
f 248/207/245 221/181/219 283/236/280
f 248/207/245 284/237/281 222/182/220
f 249/208/246 222/182/220 284/237/281
f 249/208/246 192/157/192 223/183/221
f 285/238/282 224/184/222 250/209/247
f 250/209/247 192/157/192 286/239/283
f 224/184/222 287/240/284 225/185/223
f 225/185/223 288/241/285 226/186/224
f 226/186/224 288/241/285 233/192/230
f 196/137/196 251/210/248 255/161/252
f 193/158/193 252/211/249 251/210/248
f 194/159/194 253/212/250 252/211/249
f 254/213/251 253/212/250 195/160/195
f 264/220/261 254/213/251 202/166/200
f 256/162/253 197/161/225 255/161/252
f 257/189/255 198/162/254 256/162/253
f 228/188/227 289/242/286 227/187/226
f 232/191/229 290/243/287 228/188/227
f 291/214/288 229/189/256 257/189/255
f 229/189/256 291/214/288 258/214/289
f 259/215/257 199/163/197 292/215/290
f 261/217/258 230/163/228 259/215/257
f 258/214/289 293/190/291 231/190/292
f 231/190/292 294/216/293 260/216/294
f 199/163/6 260/216/6 295/244/6
f 262/218/259 200/164/198 261/217/258
f 263/219/260 201/165/199 262/218/259
f 263/219/260 296/245/295 232/191/229
f 265/221/262 264/220/261 203/167/201
f 233/192/230 288/241/285 265/221/262
f 266/222/263 227/187/226 289/242/286
f 266/222/263 267/223/264 205/169/203
f 236/195/233 250/209/247 234/193/231
f 234/193/231 286/239/283 235/194/232
f 235/194/232 297/246/296 240/199/237
f 237/196/234 285/238/282 236/195/233
f 238/197/235 298/247/297 237/196/234
f 239/198/236 299/248/298 238/197/235
f 267/223/264 300/249/299 239/198/236
f 240/199/237 301/250/300 268/224/265
f 302/251/301 241/200/238 268/224/265
f 241/200/238 302/251/301 269/225/266
f 303/252/302 208/172/206 269/225/266
f 208/172/206 303/252/302 270/226/267
f 242/201/239 270/226/267 304/253/303
f 304/253/303 271/227/268 242/201/239
f 272/228/269 210/174/208 271/227/268
f 272/228/269 273/229/270 211/175/209
f 213/149/211 273/229/270 305/254/304
f 305/254/304 274/176/271 213/149/211
f 243/202/272 274/176/271 306/202/305
f 243/202/272 307/230/306 275/230/307
f 3/2/6 275/230/6 308/255/6
f 3/2/6 309/256/6 276/231/6
f 276/231/308 277/203/273 244/203/274
f 215/177/241 277/203/273 278/177/275
f 310/257/309 216/150/213 278/177/275
f 216/150/213 310/257/309 279/232/276
f 311/258/310 245/204/242 279/232/276
f 245/204/242 311/258/310 280/233/277
f 312/259/311 246/205/243 280/233/277
f 246/205/243 312/259/311 281/234/278
f 281/234/278 313/260/312 247/206/244
f 282/235/279 247/206/244 313/260/312
f 282/235/279 283/236/280 221/181/219
f 283/236/280 314/261/313 248/207/245
f 284/237/281 248/207/245 314/261/313
f 284/237/281 192/157/192 249/208/246
f 298/247/297 224/184/222 285/238/282
f 250/209/247 236/195/233 285/238/282
f 286/239/283 192/157/192 297/246/296
f 286/239/283 234/193/231 250/209/247
f 287/240/284 224/184/222 315/262/314
f 225/185/223 287/240/284 288/241/285
f 316/263/315 255/161/252 251/210/248
f 317/264/316 251/210/248 252/211/249
f 318/265/317 252/211/249 253/212/250
f 253/212/250 254/213/251 319/266/318
f 254/213/251 264/220/261 320/267/319
f 255/161/252 316/263/315 256/162/253
f 256/162/253 321/268/320 257/189/255
f 289/242/286 228/188/227 290/243/287
f 290/243/287 232/191/229 296/245/295
f 257/189/255 322/269/321 291/214/288
f 293/190/291 258/214/289 291/214/288
f 199/163/6 295/244/6 292/215/6
f 323/270/322 259/215/257 292/215/290
f 259/215/257 324/271/323 261/217/258
f 294/216/293 231/190/292 293/190/291
f 294/216/293 295/244/324 260/216/294
f 261/217/258 325/272/325 262/218/259
f 262/218/259 326/273/326 263/219/260
f 296/245/295 263/219/260 327/274/327
f 264/220/261 265/221/262 328/275/328
f 265/221/262 288/241/285 329/276/329
f 289/242/286 330/277/330 266/222/263
f 267/223/264 266/222/263 330/277/330
f 297/246/296 235/194/232 286/239/283
f 301/250/300 240/199/237 297/246/296
f 285/238/282 237/196/234 298/247/297
f 298/247/297 238/197/235 299/248/298
f 299/248/298 239/198/236 300/249/299
f 300/249/299 267/223/264 331/278/331
f 332/279/332 268/224/265 301/250/300
f 268/224/265 332/279/332 302/251/301
f 333/280/333 269/225/266 302/251/301
f 269/225/266 333/280/333 303/252/302
f 334/281/334 270/226/267 303/252/302
f 270/226/267 334/281/334 304/253/303
f 271/227/268 304/253/303 335/282/335
f 271/227/268 336/283/336 272/228/269
f 273/229/270 272/228/269 337/284/337
f 337/284/337 305/254/304 273/229/270
f 274/176/271 305/254/304 338/285/338
f 338/285/338 306/202/305 274/176/271
f 307/230/306 243/202/272 306/202/305
f 339/255/339 275/230/307 307/230/306
f 275/230/307 339/255/339 308/255/340
f 3/2/6 308/255/6 340/286/6
f 3/2/6 341/287/6 309/256/6
f 309/256/341 342/231/342 276/231/308
f 277/203/273 276/231/308 342/231/342
f 343/288/343 278/177/275 277/203/273
f 278/177/275 343/288/343 310/257/309
f 344/289/344 279/232/276 310/257/309
f 279/232/276 344/289/344 311/258/310
f 345/290/345 280/233/277 311/258/310
f 280/233/277 345/290/345 312/259/311
f 312/259/311 346/291/346 281/234/278
f 313/260/312 281/234/278 346/291/346
f 313/260/312 347/292/347 282/235/279
f 283/236/280 282/235/279 347/292/347
f 314/261/313 283/236/280 348/293/348
f 314/261/313 192/157/192 284/237/281
f 299/248/298 224/184/222 298/247/297
f 297/246/296 192/157/192 301/250/300
f 315/262/314 224/184/222 331/278/331
f 315/262/314 349/294/349 287/240/284
f 287/240/284 350/295/350 288/241/285
f 251/210/248 317/264/316 316/263/315
f 252/211/249 318/265/317 317/264/316
f 319/266/318 318/265/317 253/212/250
f 320/267/319 319/266/318 254/213/251
f 328/275/328 320/267/319 264/220/261
f 321/268/320 256/162/253 316/263/315
f 322/269/321 257/189/255 321/268/320
f 290/243/287 349/294/349 289/242/286
f 296/245/295 350/295/350 290/243/287
f 351/296/351 291/214/288 322/269/321
f 291/214/288 351/296/351 293/190/291
f 292/215/6 295/244/6 352/297/6
f 259/215/257 323/270/322 353/270/352
f 292/215/6 352/297/6 323/270/6
f 324/271/323 259/215/257 353/270/352
f 325/272/325 261/217/258 324/271/323
f 293/190/291 354/298/353 294/216/293
f 295/244/324 294/216/293 355/244/354
f 326/273/326 262/218/259 325/272/325
f 326/273/326 327/274/327 263/219/260
f 327/274/327 356/299/355 296/245/295
f 265/221/262 329/276/329 328/275/328
f 288/241/285 356/299/355 329/276/329
f 330/277/330 289/242/286 349/294/349
f 330/277/330 331/278/331 267/223/264
f 300/249/299 224/184/222 299/248/298
f 331/278/331 224/184/222 300/249/299
f 301/250/300 192/157/192 332/279/332
f 357/300/356 302/251/301 332/279/332
f 302/251/301 357/300/356 333/280/333
f 358/301/357 303/252/302 333/280/333
f 303/252/302 358/301/357 334/281/334
f 334/281/334 335/282/335 304/253/303
f 336/283/336 271/227/268 335/282/335
f 336/283/336 337/284/337 272/228/269
f 305/254/304 337/284/337 359/302/358
f 359/302/358 338/285/338 305/254/304
f 306/202/305 338/285/338 360/303/359
f 306/202/305 361/304/360 307/230/306
f 307/230/306 362/305/361 339/255/339
f 339/255/339 340/286/362 308/255/340
f 3/2/6 340/286/6 363/306/6
f 3/2/6 364/307/6 341/287/6
f 365/287/363 309/256/341 341/287/364
f 342/231/342 309/256/341 366/256/365
f 367/308/366 277/203/273 342/231/342
f 277/203/273 367/308/366 343/288/343
f 368/309/367 310/257/309 343/288/343
f 310/257/309 368/309/367 344/289/344
f 369/310/368 311/258/310 344/289/344
f 311/258/310 369/310/368 345/290/345
f 345/290/345 370/311/369 312/259/311
f 346/291/346 312/259/311 370/311/369
f 346/291/346 371/312/370 313/260/312
f 347/292/347 313/260/312 371/312/370
f 347/292/347 348/293/348 283/236/280
f 348/293/348 192/157/192 314/261/313
f 331/278/331 330/277/330 315/262/314
f 349/294/349 315/262/314 330/277/330
f 350/295/350 287/240/284 349/294/349
f 356/299/355 288/241/285 350/295/350
f 372/313/371 316/263/315 317/264/316
f 373/314/372 317/264/316 318/265/317
f 318/265/317 319/266/318 374/315/373
f 319/266/318 320/267/319 375/316/374
f 320/267/319 328/275/328 376/317/375
f 316/263/315 372/313/371 321/268/320
f 321/268/320 377/318/376 322/269/321
f 349/294/349 290/243/287 350/295/350
f 350/295/350 296/245/295 356/299/355
f 322/269/321 378/319/377 351/296/351
f 354/298/353 293/190/291 351/296/351
f 295/244/324 379/297/378 352/297/379
f 323/270/322 380/320/380 353/270/352
f 323/270/6 352/297/6 381/321/6
f 353/270/352 382/322/381 324/271/323
f 324/271/323 383/323/382 325/272/325
f 384/324/383 294/216/293 354/298/353
f 294/216/293 384/324/383 355/244/354
f 379/297/378 295/244/324 355/244/354
f 325/272/325 385/325/384 326/273/326
f 327/274/327 326/273/326 386/326/385
f 356/299/355 327/274/327 387/327/386
f 328/275/328 329/276/329 376/317/375
f 387/327/386 329/276/329 356/299/355
f 332/279/332 192/157/192 357/300/356
f 388/328/387 333/280/333 357/300/356
f 333/280/333 388/328/387 358/301/357
f 358/301/357 389/329/388 334/281/334
f 335/282/335 334/281/334 389/329/388
f 389/329/388 336/283/336 335/282/335
f 337/284/337 336/283/336 390/330/389
f 390/330/389 359/302/358 337/284/337
f 338/285/338 359/302/358 391/331/390
f 391/331/390 360/303/359 338/285/338
f 361/304/360 306/202/305 360/303/359
f 362/305/361 307/230/306 361/304/360
f 392/332/391 339/255/339 362/305/361
f 340/286/362 339/255/339 393/286/392
f 340/286/362 394/306/393 363/306/394
f 3/2/6 363/306/6 395/333/6
f 3/2/6 396/334/6 364/307/6
f 397/335/6 341/287/6 364/307/6
f 309/256/341 365/287/363 366/256/365
f 341/287/364 398/336/395 365/287/363
f 399/337/396 342/231/342 366/256/365
f 342/231/342 399/337/396 367/308/366
f 400/338/397 343/288/343 367/308/366
f 343/288/343 400/338/397 368/309/367
f 401/339/398 344/289/344 368/309/367
f 344/289/344 401/339/398 369/310/368
f 369/310/368 402/340/399 345/290/345
f 370/311/369 345/290/345 402/340/399
f 370/311/369 403/341/400 346/291/346
f 371/312/370 346/291/346 403/341/400
f 371/312/370 404/342/401 347/292/347
f 348/293/348 347/292/347 404/342/401
f 404/342/401 192/157/192 348/293/348
f 317/264/316 373/314/372 372/313/371
f 374/315/373 373/314/372 318/265/317
f 375/316/374 374/315/373 319/266/318
f 376/317/375 375/316/374 320/267/319
f 377/318/376 321/268/320 372/313/371
f 378/319/377 322/269/321 377/318/376
f 405/343/402 351/296/351 378/319/377
f 351/296/351 405/343/402 354/298/353
f 379/297/378 381/321/403 352/297/379
f 380/320/380 323/270/322 406/320/404
f 382/322/381 353/270/352 380/320/380
f 323/270/6 381/321/6 406/320/6
f 383/323/382 324/271/323 382/322/381
f 385/325/384 325/272/325 383/323/382
f 354/298/353 407/344/405 384/324/383
f 408/345/406 355/244/354 384/324/383
f 355/244/354 408/345/406 379/297/378
f 385/325/384 386/326/385 326/273/326
f 386/326/385 387/327/386 327/274/327
f 376/317/375 329/276/329 409/346/407
f 329/276/329 387/327/386 409/346/407
f 357/300/356 192/157/192 388/328/387
f 388/328/387 410/347/408 358/301/357
f 389/329/388 358/301/357 410/347/408
f 336/283/336 389/329/388 411/348/409
f 411/348/409 390/330/389 336/283/336
f 359/302/358 390/330/389 412/349/410
f 412/349/410 391/331/390 359/302/358
f 360/303/359 391/331/390 413/350/411
f 360/303/359 414/351/412 361/304/360
f 361/304/360 415/352/413 362/305/361
f 339/255/339 392/332/391 393/286/392
f 362/305/361 416/353/414 392/332/391
f 394/306/393 340/286/362 393/286/392
f 417/333/415 363/306/394 394/306/393
f 363/306/394 417/333/415 395/333/416
f 3/2/6 395/333/6 418/354/6
f 3/2/6 419/355/6 396/334/6
f 396/334/417 420/307/418 364/307/12
f 421/356/6 341/287/6 397/335/6
f 420/307/418 397/335/419 364/307/12
f 422/357/420 366/256/365 365/287/363
f 398/336/395 341/287/364 423/336/421
f 424/358/422 365/287/363 398/336/395
f 366/256/365 422/357/420 399/337/396
f 425/359/423 367/308/366 399/337/396
f 367/308/366 425/359/423 400/338/397
f 426/360/424 368/309/367 400/338/397
f 368/309/367 426/360/424 401/339/398
f 401/339/398 427/361/425 369/310/368
f 402/340/399 369/310/368 427/361/425
f 402/340/399 428/362/426 370/311/369
f 403/341/400 370/311/369 428/362/426
f 403/341/400 429/363/427 371/312/370
f 404/342/401 371/312/370 429/363/427
f 429/363/427 192/157/192 404/342/401
f 430/364/428 372/313/371 373/314/372
f 373/314/372 374/315/373 431/365/429
f 374/315/373 375/316/374 432/366/430
f 375/316/374 376/317/375 433/367/431
f 372/313/371 430/364/428 377/318/376
f 377/318/376 434/368/432 378/319/377
f 378/319/377 435/369/433 405/343/402
f 407/344/405 354/298/353 405/343/402
f 381/321/403 379/297/378 436/321/434
f 437/370/435 380/320/380 406/320/404
f 380/320/380 438/371/436 382/322/381
f 406/320/6 381/321/6 439/372/6
f 382/322/381 440/373/437 383/323/382
f 383/323/382 441/374/438 385/325/384
f 442/375/439 384/324/383 407/344/405
f 384/324/383 442/375/439 408/345/406
f 443/376/440 379/297/378 408/345/406
f 386/326/385 385/325/384 444/377/441
f 387/327/386 386/326/385 445/378/442
f 376/317/375 409/346/407 433/367/431
f 445/378/442 409/346/407 387/327/386
f 388/328/387 192/157/192 446/379/443
f 410/347/408 388/328/387 446/379/443
f 410/347/408 411/348/409 389/329/388
f 390/330/389 411/348/409 447/380/444
f 447/380/444 412/349/410 390/330/389
f 391/331/390 412/349/410 448/381/445
f 448/381/445 413/350/411 391/331/390
f 414/351/412 360/303/359 413/350/411
f 415/352/413 361/304/360 414/351/412
f 416/353/414 362/305/361 415/352/413
f 449/382/446 393/286/392 392/332/391
f 450/383/447 392/332/391 416/353/414
f 393/286/392 449/382/446 394/306/393
f 394/306/393 451/384/448 417/333/415
f 452/354/449 395/333/416 417/333/415
f 395/333/416 452/354/449 418/354/450
f 3/2/6 418/354/6 453/385/6
f 3/2/6 454/386/6 419/355/6
f 455/355/451 396/334/417 419/355/452
f 420/307/418 396/334/417 456/334/453
f 457/387/6 341/287/6 421/356/6
f 458/335/454 421/356/455 397/335/419
f 397/335/419 420/307/418 458/335/454
f 365/287/363 424/358/422 422/357/420
f 459/388/6 423/336/6 341/287/6
f 460/389/456 398/336/395 423/336/421
f 398/336/395 461/390/457 424/358/422
f 462/391/458 399/337/396 422/357/420
f 399/337/396 462/391/458 425/359/423
f 463/392/459 400/338/397 425/359/423
f 400/338/397 463/392/459 426/360/424
f 426/360/424 464/393/460 401/339/398
f 427/361/425 401/339/398 464/393/460
f 427/361/425 465/394/461 402/340/399
f 428/362/426 402/340/399 465/394/461
f 428/362/426 466/395/462 403/341/400
f 429/363/427 403/341/400 466/395/462
f 466/395/462 192/157/192 429/363/427
f 431/365/429 430/364/428 373/314/372
f 432/366/430 431/365/429 374/315/373
f 433/367/431 432/366/430 375/316/374
f 434/368/432 377/318/376 430/364/428
f 435/369/433 378/319/377 434/368/432
f 467/396/463 405/343/402 435/369/433
f 405/343/402 467/396/463 407/344/405
f 379/297/378 443/376/440 436/321/434
f 436/321/434 439/372/464 381/321/403
f 380/320/380 437/370/435 468/370/465
f 406/320/6 439/372/6 437/370/6
f 438/371/436 380/320/380 468/370/465
f 440/373/437 382/322/381 438/371/436
f 441/374/438 383/323/382 440/373/437
f 441/374/438 444/377/441 385/325/384
f 407/344/405 469/397/466 442/375/439
f 470/398/467 408/345/406 442/375/439
f 408/345/406 470/398/467 443/376/440
f 444/377/441 445/378/442 386/326/385
f 433/367/431 409/346/407 471/399/468
f 409/346/407 445/378/442 472/400/469
f 446/379/443 192/157/192 473/401/470
f 446/379/443 474/402/471 410/347/408
f 411/348/409 410/347/408 474/402/471
f 474/402/471 447/380/444 411/348/409
f 412/349/410 447/380/444 475/403/472
f 475/403/472 448/381/445 412/349/410
f 413/350/411 448/381/445 476/404/473
f 476/404/473 414/351/412 413/350/411
f 414/351/412 477/405/474 415/352/413
f 415/352/413 478/406/475 416/353/414
f 392/332/391 450/383/447 449/382/446
f 416/353/414 479/407/476 450/383/447
f 451/384/448 394/306/393 449/382/446
f 480/408/477 417/333/415 451/384/448
f 417/333/415 480/408/477 452/354/449
f 452/354/449 453/385/478 418/354/450
f 3/2/6 453/385/6 481/409/6
f 3/2/6 482/410/6 454/386/6
f 483/386/479 419/355/452 454/386/480
f 396/334/417 455/355/451 456/334/453
f 419/355/452 483/386/479 455/355/451
f 456/334/453 484/411/481 420/307/418
f 485/412/6 341/287/6 457/387/6
f 421/356/455 486/387/482 457/387/483
f 421/356/455 458/335/454 487/356/484
f 420/307/418 488/413/485 458/335/454
f 489/414/486 422/357/420 424/358/422
f 490/415/6 423/336/6 459/388/6
f 459/388/6 341/287/6 485/412/6
f 398/336/395 460/389/456 491/389/487
f 492/416/6 460/389/6 423/336/6
f 461/390/457 398/336/395 491/389/487
f 493/417/488 424/358/422 461/390/457
f 422/357/420 489/414/486 462/391/458
f 494/418/489 425/359/423 462/391/458
f 425/359/423 494/418/489 463/392/459
f 463/392/459 495/419/490 426/360/424
f 464/393/460 426/360/424 495/419/490
f 464/393/460 496/420/491 427/361/425
f 465/394/461 427/361/425 496/420/491
f 465/394/461 497/421/492 428/362/426
f 466/395/462 428/362/426 497/421/492
f 497/421/492 192/157/192 466/395/462
f 430/364/428 431/365/429 498/422/493
f 431/365/429 432/366/430 499/423/494
f 432/366/430 433/367/431 471/399/468
f 498/422/493 434/368/432 430/364/428
f 500/424/495 435/369/433 434/368/432
f 501/425/496 467/396/463 435/369/433
f 469/397/466 407/344/405 467/396/463
f 502/426/497 436/321/434 443/376/440
f 439/372/464 436/321/434 503/372/498
f 504/427/499 468/370/465 437/370/435
f 437/370/6 439/372/6 505/428/6
f 468/370/465 506/429/500 438/371/436
f 438/371/436 507/430/501 440/373/437
f 440/373/437 508/431/502 441/374/438
f 444/377/441 441/374/438 509/432/503
f 510/433/504 442/375/439 469/397/466
f 442/375/439 510/433/504 470/398/467
f 511/434/505 443/376/440 470/398/467
f 445/378/442 444/377/441 512/435/506
f 471/399/468 409/346/407 513/436/507
f 512/435/506 472/400/469 445/378/442
f 513/436/507 409/346/407 472/400/469
f 473/401/470 192/157/192 514/437/508
f 474/402/471 446/379/443 473/401/470
f 447/380/444 474/402/471 515/438/509
f 515/438/509 475/403/472 447/380/444
f 448/381/445 475/403/472 516/439/510
f 516/439/510 476/404/473 448/381/445
f 414/351/412 476/404/473 517/440/511
f 477/405/474 414/351/412 517/440/511
f 478/406/475 415/352/413 477/405/474
f 479/407/476 416/353/414 478/406/475
f 518/441/512 449/382/446 450/383/447
f 519/442/513 450/383/447 479/407/476
f 449/382/446 518/441/512 451/384/448
f 451/384/448 520/443/514 480/408/477
f 521/444/515 452/354/449 480/408/477
f 453/385/478 452/354/449 522/385/516
f 453/385/478 523/409/517 481/409/518
f 3/2/6 481/409/6 482/410/6
f 482/410/519 483/386/479 454/386/480
f 455/355/451 524/445/520 456/334/453
f 483/386/479 525/446/521 455/355/451
f 484/411/481 456/334/453 524/445/520
f 488/413/485 420/307/418 484/411/481
f 457/387/483 526/412/522 485/412/523
f 486/387/482 421/356/455 487/356/484
f 526/412/522 457/387/483 486/387/482
f 488/413/485 487/356/484 458/335/454
f 424/358/422 493/417/488 489/414/486
f 527/447/6 423/336/6 490/415/6
f 459/388/524 528/415/525 490/415/526
f 526/412/522 459/388/524 485/412/523
f 460/389/456 529/448/527 491/389/487
f 530/449/6 460/389/6 492/416/6
f 492/416/6 423/336/6 527/447/6
f 491/389/487 531/450/528 461/390/457
f 461/390/457 532/451/529 493/417/488
f 533/452/530 462/391/458 489/414/486
f 462/391/458 533/452/530 494/418/489
f 494/418/489 534/453/531 463/392/459
f 495/419/490 463/392/459 534/453/531
f 495/419/490 535/454/532 464/393/460
f 496/420/491 464/393/460 535/454/532
f 496/420/491 536/455/533 465/394/461
f 497/421/492 465/394/461 536/455/533
f 536/455/533 192/157/192 497/421/492
f 499/423/494 498/422/493 431/365/429
f 471/399/468 499/423/494 432/366/430
f 434/368/432 498/422/493 500/424/495
f 435/369/433 500/424/495 501/425/496
f 467/396/463 501/425/496 537/456/534
f 537/456/534 469/397/466 467/396/463
f 436/321/434 502/426/497 503/372/498
f 443/376/440 511/434/505 502/426/497
f 538/428/535 439/372/464 503/372/498
f 468/370/465 504/427/499 539/427/536
f 437/370/6 505/428/6 504/427/6
f 439/372/464 538/428/535 505/428/537
f 506/429/500 468/370/465 539/427/536
f 507/430/501 438/371/436 506/429/500
f 508/431/502 440/373/437 507/430/501
f 508/431/502 509/432/503 441/374/438
f 509/432/503 512/435/506 444/377/441
f 540/457/538 510/433/504 469/397/466
f 541/458/539 470/398/467 510/433/504
f 470/398/467 541/458/539 511/434/505
f 499/423/494 471/399/468 513/436/507
f 472/400/469 512/435/506 542/459/540
f 513/436/507 472/400/469 543/460/541
f 514/437/508 192/157/192 544/461/542
f 515/438/509 473/401/470 514/437/508
f 473/401/470 515/438/509 474/402/471
f 475/403/472 515/438/509 545/462/543
f 545/462/543 516/439/510 475/403/472
f 476/404/473 516/439/510 546/463/544
f 546/463/544 517/440/511 476/404/473
f 547/464/545 477/405/474 517/440/511
f 548/465/546 478/406/475 477/405/474
f 549/466/547 479/407/476 478/406/475
f 450/383/447 519/442/513 518/441/512
f 550/467/548 519/442/513 479/407/476
f 520/443/514 451/384/448 518/441/512
f 551/468/549 480/408/477 520/443/514
f 452/354/449 521/444/515 522/385/516
f 480/408/477 551/468/549 521/444/515
f 523/409/517 453/385/478 522/385/516
f 523/409/517 482/410/519 481/409/518
f 483/386/479 482/410/519 552/410/550
f 524/445/520 455/355/451 525/446/521
f 525/446/521 483/386/479 553/469/551
f 524/445/520 554/470/552 484/411/481
f 484/411/481 555/471/553 488/413/485
f 556/472/554 486/387/482 487/356/484
f 557/473/555 526/412/522 486/387/482
f 487/356/484 488/413/485 556/472/554
f 558/474/556 489/414/486 493/417/488
f 528/415/525 527/447/557 490/415/526
f 528/415/525 459/388/524 559/388/558
f 459/388/524 526/412/522 559/388/558
f 529/448/527 460/389/456 560/448/559
f 531/450/528 491/389/487 529/448/527
f 530/449/6 560/448/6 460/389/6
f 492/416/560 561/449/561 530/449/562
f 527/447/557 562/416/563 492/416/560
f 532/451/529 461/390/457 531/450/528
f 532/451/529 558/474/556 493/417/488
f 489/414/486 558/474/556 533/452/530
f 533/452/530 563/475/564 494/418/489
f 534/453/531 494/418/489 563/475/564
f 534/453/531 564/476/565 495/419/490
f 535/454/532 495/419/490 564/476/565
f 535/454/532 565/477/566 496/420/491
f 536/455/533 496/420/491 565/477/566
f 565/477/566 192/157/192 536/455/533
f 498/422/493 499/423/494 566/478/567
f 566/478/567 500/424/495 498/422/493
f 567/479/568 501/425/496 500/424/495
f 568/480/569 537/456/534 501/425/496
f 469/397/466 537/456/534 540/457/538
f 569/481/570 503/372/498 502/426/497
f 570/482/571 502/426/497 511/434/505
f 503/372/498 569/481/570 538/428/535
f 571/483/3 539/427/536 504/427/499
f 504/427/6 505/428/6 572/484/6
f 573/484/572 505/428/537 538/428/535
f 539/427/536 574/485/573 506/429/500
f 506/429/500 575/486/574 507/430/501
f 507/430/501 576/487/575 508/431/502
f 509/432/503 508/431/502 577/488/576
f 512/435/506 509/432/503 578/489/577
f 510/433/504 540/457/538 579/490/578
f 579/490/578 541/458/539 510/433/504
f 580/491/579 511/434/505 541/458/539
f 513/436/507 566/478/567 499/423/494
f 578/489/577 542/459/540 512/435/506
f 581/492/580 472/400/469 542/459/540
f 543/460/541 472/400/469 581/492/580
f 566/478/567 513/436/507 543/460/541
f 544/461/542 192/157/192 582/493/581
f 545/462/543 514/437/508 544/461/542
f 514/437/508 545/462/543 515/438/509
f 516/439/510 545/462/543 583/494/582
f 583/494/582 546/463/544 516/439/510
f 517/440/511 546/463/544 547/464/545
f 477/405/474 547/464/545 548/465/546
f 478/406/475 548/465/546 549/466/547
f 479/407/476 549/466/547 550/467/548
f 584/495/583 518/441/512 519/442/513
f 519/442/513 550/467/548 585/496/584
f 518/441/512 584/495/583 520/443/514
f 520/443/514 586/497/585 551/468/549
f 587/498/586 522/385/516 521/444/515
f 588/499/587 521/444/515 551/468/549
f 522/385/516 587/498/586 523/409/517
f 482/410/519 523/409/517 552/410/550
f 552/410/550 553/469/551 483/386/479
f 525/446/521 589/500/588 524/445/520
f 553/469/551 590/501/589 525/446/521
f 554/470/552 524/445/520 589/500/588
f 555/471/553 484/411/481 554/470/552
f 555/471/553 556/472/554 488/413/485
f 486/387/482 556/472/554 557/473/555
f 526/412/522 557/473/555 591/502/590
f 527/447/557 528/415/525 592/447/591
f 593/503/592 528/415/525 559/388/558
f 591/502/590 559/388/558 526/412/522
f 560/448/559 594/504/593 529/448/527
f 529/448/527 595/505/594 531/450/528
f 596/506/6 560/448/6 530/449/6
f 561/449/561 492/416/560 562/416/563
f 597/506/595 530/449/562 561/449/561
f 562/416/563 527/447/557 592/447/591
f 531/450/528 598/507/596 532/451/529
f 558/474/556 532/451/529 599/508/597
f 558/474/556 600/509/598 533/452/530
f 563/475/564 533/452/530 600/509/598
f 563/475/564 601/510/599 534/453/531
f 564/476/565 534/453/531 601/510/599
f 564/476/565 602/511/600 535/454/532
f 565/477/566 535/454/532 602/511/600
f 603/512/601 192/157/192 565/477/566
f 500/424/495 566/478/567 567/479/568
f 501/425/496 567/479/568 568/480/569
f 537/456/534 568/480/569 604/513/602
f 604/513/602 540/457/538 537/456/534
f 502/426/497 570/482/571 569/481/570
f 511/434/505 580/491/579 570/482/571
f 605/514/603 538/428/535 569/481/570
f 539/427/536 571/483/3 606/483/604
f 504/427/6 572/484/6 571/483/6
f 505/428/537 573/484/572 572/484/605
f 538/428/535 605/514/603 573/484/572
f 574/485/573 539/427/536 606/483/604
f 575/486/574 506/429/500 574/485/573
f 576/487/575 507/430/501 575/486/574
f 576/487/575 577/488/576 508/431/502
f 577/488/576 578/489/577 509/432/503
f 607/515/606 579/490/578 540/457/538
f 541/458/539 579/490/578 608/516/607
f 608/516/607 580/491/579 541/458/539
f 542/459/540 578/489/577 609/517/608
f 581/492/580 542/459/540 610/518/609
f 567/479/568 543/460/541 581/492/580
f 543/460/541 567/479/568 566/478/567
f 582/493/581 192/157/192 611/519/610
f 583/494/582 544/461/542 582/493/581
f 544/461/542 583/494/582 545/462/543
f 546/463/544 583/494/582 612/520/611
f 612/520/611 547/464/545 546/463/544
f 613/521/612 548/465/546 547/464/545
f 614/522/613 549/466/547 548/465/546
f 615/523/614 550/467/548 549/466/547
f 585/496/584 584/495/583 519/442/513
f 616/524/615 585/496/584 550/467/548
f 586/497/585 520/443/514 584/495/583
f 617/525/616 551/468/549 586/497/585
f 521/444/515 588/499/587 587/498/586
f 551/468/549 617/525/616 588/499/587
f 618/526/617 523/409/517 587/498/586
f 523/409/517 618/526/617 552/410/550
f 553/469/551 552/410/550 618/526/617
f 589/500/588 525/446/521 590/501/589
f 590/501/589 553/469/551 619/527/618
f 589/500/588 620/528/619 554/470/552
f 554/470/552 621/529/620 555/471/553
f 556/472/554 555/471/553 622/530/621
f 622/530/621 557/473/555 556/472/554
f 623/531/622 591/502/590 557/473/555
f 624/532/623 592/447/591 528/415/525
f 528/415/525 593/503/592 624/532/623
f 559/388/558 591/502/590 593/503/592
f 594/504/593 560/448/559 625/504/624
f 595/505/594 529/448/527 594/504/593
f 598/507/596 531/450/528 595/505/594
f 626/533/6 560/448/6 596/506/6
f 530/449/562 597/506/595 596/506/625
f 627/534/626 561/449/561 562/416/563
f 628/535/627 597/506/595 561/449/561
f 629/536/628 562/416/563 592/447/591
f 598/507/596 599/508/597 532/451/529
f 599/508/597 630/537/629 558/474/556
f 600/509/598 558/474/556 630/537/629
f 600/509/598 631/538/630 563/475/564
f 601/510/599 563/475/564 631/538/630
f 601/510/599 632/539/631 564/476/565
f 602/511/600 564/476/565 632/539/631
f 602/511/600 633/540/632 565/477/566
f 634/541/633 192/157/192 603/512/601
f 565/477/566 633/540/632 603/512/601
f 581/492/580 568/480/569 567/479/568
f 610/518/609 604/513/602 568/480/569
f 540/457/538 604/513/602 607/515/606
f 635/542/634 569/481/570 570/482/571
f 636/543/635 570/482/571 580/491/579
f 569/481/570 635/542/634 605/514/603
f 637/544/636 606/483/604 571/483/3
f 572/484/6 637/544/6 571/483/6
f 638/545/637 572/484/605 573/484/572
f 639/546/638 573/484/572 605/514/603
f 640/544/639 574/485/573 606/483/604
f 641/547/640 575/486/574 574/485/573
f 642/548/641 576/487/575 575/486/574
f 577/488/576 576/487/575 643/549/642
f 578/489/577 577/488/576 644/550/643
f 579/490/578 607/515/606 645/551/644
f 645/551/644 608/516/607 579/490/578
f 580/491/579 608/516/607 646/552/645
f 644/550/643 609/517/608 578/489/577
f 647/553/646 542/459/540 609/517/608
f 610/518/609 542/459/540 647/553/646
f 568/480/569 581/492/580 610/518/609
f 611/519/610 192/157/192 648/554/647
f 612/520/611 582/493/581 611/519/610
f 582/493/581 612/520/611 583/494/582
f 547/464/545 612/520/611 613/521/612
f 548/465/546 613/521/612 614/522/613
f 549/466/547 614/522/613 615/523/614
f 550/467/548 615/523/614 616/524/615
f 584/495/583 585/496/584 649/555/648
f 585/496/584 616/524/615 650/556/649
f 649/555/648 586/497/585 584/495/583
f 651/557/650 617/525/616 586/497/585
f 652/558/651 587/498/586 588/499/587
f 653/559/652 588/499/587 617/525/616
f 587/498/586 652/558/651 618/526/617
f 618/526/617 619/527/618 553/469/551
f 590/501/589 654/560/653 589/500/588
f 619/527/618 655/561/654 590/501/589
f 620/528/619 589/500/588 654/560/653
f 621/529/620 554/470/552 620/528/619
f 621/529/620 622/530/621 555/471/553
f 557/473/555 622/530/621 623/531/622
f 591/502/590 623/531/622 656/562/655
f 592/447/591 624/532/623 629/536/628
f 657/563/656 624/532/623 593/503/592
f 656/562/655 593/503/592 591/502/590
f 626/533/6 625/504/6 560/448/6
f 625/504/624 658/564/657 594/504/593
f 594/504/593 659/565/658 595/505/594
f 595/505/594 660/566/659 598/507/596
f 597/506/595 626/533/660 596/506/625
f 561/449/561 627/534/626 628/535/627
f 562/416/563 629/536/628 627/534/626
f 597/506/595 628/535/627 661/567/661
f 599/508/597 598/507/596 662/568/662
f 630/537/629 599/508/597 663/569/663
f 630/537/629 664/570/664 600/509/598
f 631/538/630 600/509/598 664/570/664
f 631/538/630 665/571/665 601/510/599
f 632/539/631 601/510/599 665/571/665
f 632/539/631 666/572/666 602/511/600
f 602/511/600 667/573/667 633/540/632
f 668/574/668 192/157/192 634/541/633
f 669/575/669 634/541/633 603/512/601
f 633/540/632 669/575/669 603/512/601
f 604/513/602 610/518/609 647/553/646
f 647/553/646 607/515/606 604/513/602
f 570/482/571 636/543/635 635/542/634
f 646/552/645 636/543/635 580/491/579
f 670/576/670 605/514/603 635/542/634
f 606/483/604 637/544/636 640/544/639
f 637/544/6 572/484/6 671/545/6
f 572/484/605 638/545/637 671/545/671
f 573/484/572 639/546/638 638/545/637
f 605/514/603 670/576/670 639/546/638
f 574/485/573 640/544/639 641/547/640
f 575/486/574 641/547/640 642/548/641
f 576/487/575 642/548/641 672/577/672
f 576/487/575 673/578/673 643/549/642
f 643/549/642 644/550/643 577/488/576
f 674/579/674 645/551/644 607/515/606
f 608/516/607 645/551/644 675/580/675
f 675/580/675 646/552/645 608/516/607
f 609/517/608 644/550/643 676/581/676
f 647/553/646 609/517/608 674/579/674
f 648/554/647 192/157/192 677/582/677
f 613/521/612 611/519/610 648/554/647
f 611/519/610 613/521/612 612/520/611
f 648/554/647 614/522/613 613/521/612
f 677/582/677 615/523/614 614/522/613
f 678/583/678 616/524/615 615/523/614
f 650/556/649 649/555/648 585/496/584
f 679/584/679 650/556/649 616/524/615
f 586/497/585 649/555/648 651/557/650
f 617/525/616 651/557/650 680/585/680
f 588/499/587 653/559/652 652/558/651
f 680/585/680 653/559/652 617/525/616
f 619/527/618 618/526/617 652/558/651
f 654/560/653 590/501/589 655/561/654
f 655/561/654 619/527/618 681/586/681
f 682/587/682 620/528/619 654/560/653
f 620/528/619 683/588/683 621/529/620
f 622/530/621 621/529/620 684/589/684
f 684/589/684 623/531/622 622/530/621
f 685/590/685 656/562/655 623/531/622
f 686/591/686 629/536/628 624/532/623
f 624/532/623 657/563/656 686/591/686
f 593/503/592 656/562/655 657/563/656
f 687/592/6 625/504/6 626/533/6
f 658/564/657 625/504/624 688/564/687
f 659/565/658 594/504/593 658/564/657
f 660/566/659 595/505/594 659/565/658
f 689/593/688 598/507/596 660/566/659
f 626/533/660 597/506/595 690/533/689
f 691/594/690 628/535/627 627/534/626
f 692/595/691 627/534/626 629/536/628
f 693/596/692 661/567/661 628/535/627
f 661/567/661 690/533/689 597/506/595
f 598/507/596 689/593/688 662/568/662
f 662/568/662 663/569/663 599/508/597
f 663/569/663 694/597/693 630/537/629
f 664/570/664 630/537/629 694/597/693
f 664/570/664 695/598/694 631/538/630
f 665/571/665 631/538/630 695/598/694
f 665/571/665 696/599/695 632/539/631
f 632/539/631 697/600/696 666/572/666
f 602/511/600 666/572/666 698/601/697
f 602/511/600 698/601/697 667/573/667
f 667/573/667 699/602/698 633/540/632
f 700/603/699 192/157/192 668/574/668
f 701/604/700 668/574/668 634/541/633
f 634/541/633 669/575/669 701/604/700
f 669/575/669 633/540/632 699/602/698
f 607/515/606 647/553/646 674/579/674
f 702/605/701 635/542/634 636/543/635
f 636/543/635 646/552/645 703/606/702
f 635/542/634 702/605/701 670/576/670
f 637/544/636 704/607/703 640/544/639
f 637/544/6 671/545/6 705/607/6
f 638/545/637 706/608/704 671/545/671
f 707/609/705 638/545/637 639/546/638
f 708/610/706 639/546/638 670/576/670
f 704/607/703 641/547/640 640/544/639
f 709/611/707 642/548/641 641/547/640
f 710/612/708 672/577/672 642/548/641
f 673/578/673 576/487/575 672/577/672
f 711/613/709 643/549/642 673/578/673
f 644/550/643 643/549/642 712/614/710
f 645/551/644 674/579/674 713/615/711
f 713/615/711 675/580/675 645/551/644
f 646/552/645 675/580/675 714/616/712
f 712/614/710 676/581/676 644/550/643
f 674/579/674 609/517/608 676/581/676
f 677/582/677 192/157/192 678/583/678
f 614/522/613 648/554/647 677/582/677
f 615/523/614 677/582/677 678/583/678
f 616/524/615 678/583/678 679/584/679
f 649/555/648 650/556/649 715/617/713
f 650/556/649 679/584/679 716/618/714
f 715/617/713 651/557/650 649/555/648
f 717/619/715 680/585/680 651/557/650
f 681/586/681 652/558/651 653/559/652
f 653/559/652 680/585/680 718/620/716
f 652/558/651 681/586/681 619/527/618
f 719/621/717 654/560/653 655/561/654
f 720/622/718 655/561/654 681/586/681
f 620/528/619 682/587/682 721/623/719
f 654/560/653 719/621/717 682/587/682
f 683/588/683 620/528/619 721/623/719
f 722/624/720 621/529/620 683/588/683
f 621/529/620 722/624/720 684/589/684
f 623/531/622 684/589/684 685/590/685
f 656/562/655 685/590/685 723/625/721
f 629/536/628 686/591/686 692/595/691
f 724/626/722 686/591/686 657/563/656
f 723/625/721 657/563/656 656/562/655
f 687/592/6 688/564/6 625/504/6
f 626/533/660 725/592/723 687/592/724
f 688/564/687 726/627/725 658/564/657
f 658/564/657 727/628/726 659/565/658
f 659/565/658 728/629/727 660/566/659
f 660/566/659 729/630/728 689/593/688
f 725/592/723 626/533/660 690/533/689
f 628/535/627 691/594/690 693/596/692
f 627/534/626 692/595/691 691/594/690
f 661/567/661 693/596/692 730/631/729
f 690/533/689 661/567/661 731/632/730
f 689/593/688 732/633/731 662/568/662
f 663/569/663 662/568/662 732/633/731
f 694/597/693 663/569/663 733/634/732
f 694/597/693 734/635/733 664/570/664
f 695/598/694 664/570/664 734/635/733
f 695/598/694 735/636/734 665/571/665
f 665/571/665 736/637/735 696/599/695
f 632/539/631 696/599/695 697/600/696
f 697/600/696 737/638/736 666/572/666
f 666/572/666 738/639/737 698/601/697
f 698/601/697 739/640/738 667/573/667
f 699/602/698 667/573/667 739/640/738
f 740/641/739 192/157/192 700/603/699
f 741/642/740 700/603/699 668/574/668
f 668/574/668 701/604/700 741/642/740
f 721/623/719 701/604/700 669/575/669
f 699/602/698 721/623/719 669/575/669
f 703/606/702 702/605/701 636/543/635
f 714/616/712 703/606/702 646/552/645
f 742/643/741 670/576/670 702/605/701
f 704/607/703 637/544/636 705/607/742
f 705/607/6 671/545/6 743/644/6
f 706/608/704 638/545/637 744/608/743
f 745/645/6 671/545/6 706/608/6
f 638/545/637 707/609/705 744/608/743
f 639/546/638 708/610/706 707/609/705
f 670/576/670 742/643/741 708/610/706
f 641/547/640 704/607/703 709/611/707
f 642/548/641 709/611/707 710/612/708
f 672/577/672 710/612/708 746/646/744
f 672/577/672 747/647/745 673/578/673
f 643/549/642 711/613/709 712/614/710
f 673/578/673 748/648/746 711/613/709
f 674/579/674 676/581/676 713/615/711
f 675/580/675 713/615/711 749/649/747
f 749/649/747 714/616/712 675/580/675
f 676/581/676 712/614/710 750/650/748
f 678/583/678 192/157/192 679/584/679
f 716/618/714 715/617/713 650/556/649
f 679/584/679 192/157/192 716/618/714
f 651/557/650 715/617/713 717/619/715
f 680/585/680 717/619/715 751/651/749
f 718/620/716 681/586/681 653/559/652
f 751/651/749 718/620/716 680/585/680
f 655/561/654 720/622/718 719/621/717
f 681/586/681 718/620/716 720/622/718
f 701/604/700 721/623/719 682/587/682
f 741/642/740 682/587/682 719/621/717
f 721/623/719 699/602/698 683/588/683
f 683/588/683 739/640/738 722/624/720
f 752/652/750 684/589/684 722/624/720
f 684/589/684 752/652/750 685/590/685
f 685/590/685 753/653/751 723/625/721
f 754/654/752 692/595/691 686/591/686
f 686/591/686 724/626/722 754/654/752
f 657/563/656 723/625/721 724/626/722
f 755/655/6 688/564/6 687/592/6
f 725/592/723 755/655/753 687/592/724
f 726/627/725 688/564/687 756/627/754
f 727/628/726 658/564/657 726/627/725
f 728/629/727 659/565/658 727/628/726
f 729/630/728 660/566/659 728/629/727
f 729/630/728 757/656/755 689/593/688
f 731/632/730 725/592/723 690/533/689
f 758/657/756 693/596/692 691/594/690
f 759/658/757 691/594/690 692/595/691
f 760/659/758 730/631/729 693/596/692
f 730/631/729 731/632/730 661/567/661
f 732/633/731 689/593/688 757/656/755
f 732/633/731 733/634/732 663/569/663
f 733/634/732 761/660/759 694/597/693
f 734/635/733 694/597/693 761/660/759
f 734/635/733 762/661/760 695/598/694
f 695/598/694 762/661/760 735/636/734
f 665/571/665 735/636/734 736/637/735
f 736/637/735 763/662/761 696/599/695
f 696/599/695 764/663/762 697/600/696
f 737/638/736 697/600/696 764/663/762
f 738/639/737 666/572/666 737/638/736
f 739/640/738 698/601/697 738/639/737
f 739/640/738 683/588/683 699/602/698
f 765/664/763 192/157/192 740/641/739
f 766/665/764 740/641/739 700/603/699
f 700/603/699 741/642/740 766/665/764
f 682/587/682 741/642/740 701/604/700
f 702/605/701 703/606/702 767/666/765
f 703/606/702 714/616/712 768/667/766
f 767/666/765 742/643/741 702/605/701
f 743/644/767 704/607/703 705/607/742
f 743/644/6 671/545/6 769/668/6
f 770/669/768 706/608/704 744/608/743
f 769/668/6 671/545/6 745/645/6
f 745/645/6 706/608/6 771/670/6
f 772/671/769 744/608/743 707/609/705
f 773/672/770 707/609/705 708/610/706
f 742/643/741 773/672/770 708/610/706
f 774/644/771 709/611/707 704/607/703
f 775/673/772 710/612/708 709/611/707
f 776/674/773 746/646/744 710/612/708
f 747/647/745 672/577/672 746/646/744
f 748/648/746 673/578/673 747/647/745
f 777/675/774 712/614/710 711/613/709
f 778/676/775 711/613/709 748/648/746
f 713/615/711 676/581/676 750/650/748
f 713/615/711 777/675/774 749/649/747
f 714/616/712 749/649/747 779/677/776
f 712/614/710 777/675/774 750/650/748
f 715/617/713 716/618/714 780/678/777
f 716/618/714 192/157/192 780/678/777
f 780/678/777 717/619/715 715/617/713
f 781/679/778 751/651/749 717/619/715
f 718/620/716 751/651/749 782/680/779
f 766/665/764 719/621/717 720/622/718
f 782/680/779 720/622/718 718/620/716
f 719/621/717 766/665/764 741/642/740
f 738/639/737 722/624/720 739/640/738
f 722/624/720 738/639/737 752/652/750
f 753/653/751 685/590/685 752/652/750
f 783/681/780 723/625/721 753/653/751
f 692/595/691 754/654/752 759/658/757
f 724/626/722 784/682/781 754/654/752
f 723/625/721 783/681/780 724/626/722
f 755/655/6 756/627/6 688/564/6
f 755/655/753 725/592/723 785/655/782
f 756/627/754 786/683/783 726/627/725
f 726/627/725 787/684/784 727/628/726
f 727/628/726 788/685/785 728/629/727
f 728/629/727 789/686/786 729/630/728
f 757/656/755 729/630/728 790/687/787
f 725/592/723 731/632/730 791/688/788
f 693/596/692 758/657/756 760/659/758
f 691/594/690 759/658/757 758/657/756
f 730/631/729 760/659/758 792/689/789
f 731/632/730 730/631/729 793/690/790
f 757/656/755 794/691/791 732/633/731
f 733/634/732 732/633/731 794/691/791
f 761/660/759 733/634/732 795/692/792
f 761/660/759 796/693/793 734/635/733
f 734/635/733 796/693/793 762/661/760
f 762/661/760 797/694/794 735/636/734
f 735/636/734 798/695/795 736/637/735
f 763/662/761 736/637/735 798/695/795
f 764/663/762 696/599/695 763/662/761
f 764/663/762 753/653/751 737/638/736
f 737/638/736 752/652/750 738/639/737
f 781/679/778 192/157/192 765/664/763
f 782/680/779 765/664/763 740/641/739
f 740/641/739 766/665/764 782/680/779
f 768/667/766 767/666/765 703/606/702
f 779/677/776 768/667/766 714/616/712
f 742/643/741 767/666/765 799/696/796
f 704/607/703 743/644/767 774/644/771
f 800/668/797 743/644/767 769/668/798
f 706/608/704 770/669/768 801/669/799
f 744/608/743 772/671/769 770/669/768
f 745/645/800 800/668/797 769/668/798
f 771/670/6 706/608/6 802/697/6
f 803/670/801 745/645/800 771/670/802
f 707/609/705 773/672/770 772/671/769
f 773/672/770 742/643/741 804/698/803
f 709/611/707 774/644/771 775/673/772
f 710/612/708 775/673/772 776/674/773
f 746/646/744 776/674/773 805/699/804
f 746/646/744 806/700/805 747/647/745
f 747/647/745 807/701/806 748/648/746
f 711/613/709 778/676/775 777/675/774
f 748/648/746 808/702/807 778/676/775
f 777/675/774 713/615/711 750/650/748
f 749/649/747 777/675/774 778/676/775
f 749/649/747 809/703/808 779/677/776
f 780/678/777 192/157/192 781/679/778
f 717/619/715 780/678/777 781/679/778
f 751/651/749 781/679/778 765/664/763
f 765/664/763 782/680/779 751/651/749
f 720/622/718 782/680/779 766/665/764
f 752/652/750 737/638/736 753/653/751
f 753/653/751 764/663/762 783/681/780
f 754/654/752 810/704/809 759/658/757
f 784/682/781 724/626/722 783/681/780
f 810/704/809 754/654/752 784/682/781
f 811/705/6 756/627/6 755/655/6
f 791/688/788 785/655/782 725/592/723
f 785/655/782 811/705/810 755/655/753
f 786/683/783 756/627/754 812/683/811
f 787/684/784 726/627/725 786/683/783
f 788/685/785 727/628/726 787/684/784
f 789/686/786 728/629/727 788/685/785
f 789/686/786 790/687/787 729/630/728
f 790/687/787 813/706/812 757/656/755
f 793/690/790 791/688/788 731/632/730
f 758/657/756 814/707/813 760/659/758
f 759/658/757 815/708/814 758/657/756
f 760/659/758 816/709/815 792/689/789
f 792/689/789 793/690/790 730/631/729
f 794/691/791 757/656/755 813/706/812
f 794/691/791 795/692/792 733/634/732
f 795/692/792 817/710/816 761/660/759
f 761/660/759 817/710/816 796/693/793
f 796/693/793 818/711/817 762/661/760
f 797/694/794 762/661/760 818/711/817
f 798/695/795 735/636/734 797/694/794
f 798/695/795 784/682/781 763/662/761
f 763/662/761 783/681/780 764/663/762
f 767/666/765 768/667/766 819/712/818
f 768/667/766 779/677/776 820/713/819
f 819/712/818 799/696/796 767/666/765
f 799/696/796 804/698/803 742/643/741
f 743/644/767 800/668/797 774/644/771
f 770/669/768 821/714/820 801/669/799
f 822/715/6 706/608/6 801/669/6
f 772/671/769 823/714/821 770/669/768
f 800/668/797 745/645/800 824/645/822
f 802/697/6 706/608/6 822/715/6
f 802/697/823 803/670/801 771/670/802
f 745/645/800 803/670/801 824/645/822
f 773/672/770 825/716/824 772/671/769
f 804/698/803 826/717/825 773/672/770
f 800/668/797 775/673/772 774/644/771
f 827/718/826 776/674/773 775/673/772
f 828/719/827 805/699/804 776/674/773
f 806/700/805 746/646/744 805/699/804
f 807/701/806 747/647/745 806/700/805
f 808/702/807 748/648/746 807/701/806
f 749/649/747 778/676/775 808/702/807
f 749/649/747 808/702/807 809/703/808
f 779/677/776 809/703/808 829/720/828
f 815/708/814 759/658/757 810/704/809
f 783/681/780 763/662/761 784/682/781
f 784/682/781 798/695/795 810/704/809
f 811/705/6 812/683/6 756/627/6
f 785/655/782 791/688/788 830/721/829
f 811/705/810 785/655/782 831/705/830
f 812/683/811 832/722/831 786/683/783
f 786/683/783 833/723/832 787/684/784
f 787/684/784 834/724/833 788/685/785
f 788/685/785 835/725/834 789/686/786
f 790/687/787 789/686/786 836/726/835
f 813/706/812 790/687/787 837/727/836
f 791/688/788 793/690/790 838/728/837
f 814/707/813 758/657/756 815/708/814
f 816/709/815 760/659/758 814/707/813
f 839/729/838 792/689/789 816/709/815
f 793/690/790 792/689/789 840/730/839
f 813/706/812 841/731/840 794/691/791
f 795/692/792 794/691/791 841/731/840
f 795/692/792 842/732/841 817/710/816
f 817/710/816 843/733/842 796/693/793
f 818/711/817 796/693/793 843/733/842
f 818/711/817 815/708/814 797/694/794
f 797/694/794 810/704/809 798/695/795
f 820/713/819 819/712/818 768/667/766
f 779/677/776 844/734/843 820/713/819
f 799/696/796 819/712/818 845/735/844
f 804/698/803 799/696/796 846/736/845
f 821/714/820 770/669/768 823/714/821
f 847/737/6 801/669/6 821/714/6
f 822/715/6 801/669/6 848/738/6
f 823/714/821 772/671/769 825/716/824
f 824/645/822 827/718/826 800/668/797
f 822/715/846 849/697/847 802/697/823
f 803/670/801 802/697/823 849/697/847
f 803/670/801 850/739/848 824/645/822
f 825/716/824 773/672/770 826/717/825
f 826/717/825 804/698/803 851/740/849
f 775/673/772 800/668/797 827/718/826
f 776/674/773 827/718/826 828/719/827
f 805/699/804 828/719/827 852/741/850
f 805/699/804 853/742/851 806/700/805
f 806/700/805 854/743/852 807/701/806
f 807/701/806 809/703/808 808/702/807
f 854/743/852 829/720/828 809/703/808
f 779/677/776 829/720/828 855/744/853
f 810/704/809 797/694/794 815/708/814
f 856/745/6 812/683/6 811/705/6
f 838/728/837 830/721/829 791/688/788
f 830/721/829 831/705/830 785/655/782
f 831/705/830 856/745/854 811/705/810
f 832/722/831 812/683/811 857/722/855
f 833/723/832 786/683/783 832/722/831
f 834/724/833 787/684/784 833/723/832
f 835/725/834 788/685/785 834/724/833
f 835/725/834 836/726/835 789/686/786
f 836/726/835 837/727/836 790/687/787
f 837/727/836 858/746/856 813/706/812
f 840/730/839 838/728/837 793/690/790
f 815/708/814 818/711/817 814/707/813
f 814/707/813 843/733/842 816/709/815
f 792/689/789 839/729/838 840/730/839
f 816/709/815 859/747/857 839/729/838
f 841/731/840 813/706/812 858/746/856
f 841/731/840 842/732/841 795/692/792
f 842/732/841 859/747/857 817/710/816
f 843/733/842 817/710/816 859/747/857
f 843/733/842 814/707/813 818/711/817
f 819/712/818 820/713/819 860/748/858
f 779/677/776 855/744/853 844/734/843
f 820/713/819 844/734/843 861/749/859
f 860/748/858 845/735/844 819/712/818
f 845/735/844 846/736/845 799/696/796
f 846/736/845 851/740/849 804/698/803
f 823/714/821 862/750/860 821/714/820
f 848/738/6 801/669/6 847/737/6
f 847/737/6 821/714/6 863/751/6
f 848/738/861 864/715/862 822/715/846
f 825/716/824 865/750/863 823/714/821
f 827/718/826 824/645/822 850/739/848
f 849/697/847 822/715/846 864/715/862
f 849/697/847 866/752/864 803/670/801
f 850/739/848 803/670/801 866/752/864
f 826/717/825 867/753/865 825/716/824
f 851/740/849 868/754/866 826/717/825
f 850/739/848 828/719/827 827/718/826
f 869/755/867 852/741/850 828/719/827
f 853/742/851 805/699/804 852/741/850
f 854/743/852 806/700/805 853/742/851
f 809/703/808 807/701/806 854/743/852
f 829/720/828 854/743/852 870/756/868
f 870/756/868 855/744/853 829/720/828
f 856/745/6 857/722/6 812/683/6
f 830/721/829 838/728/837 871/757/869
f 831/705/830 830/721/829 872/758/870
f 856/745/854 831/705/830 873/745/871
f 857/722/855 874/759/872 832/722/831
f 832/722/831 875/760/873 833/723/832
f 833/723/832 876/761/874 834/724/833
f 834/724/833 877/762/875 835/725/834
f 836/726/835 835/725/834 878/763/876
f 837/727/836 836/726/835 879/764/877
f 858/746/856 837/727/836 880/765/878
f 838/728/837 840/730/839 881/766/879
f 859/747/857 816/709/815 843/733/842
f 882/767/880 840/730/839 839/729/838
f 883/768/881 839/729/838 859/747/857
f 858/746/856 884/769/882 841/731/840
f 841/731/840 884/769/882 842/732/841
f 859/747/857 842/732/841 883/768/881
f 820/713/819 861/749/859 860/748/858
f 885/770/883 844/734/843 855/744/853
f 886/771/884 861/749/859 844/734/843
f 845/735/844 860/748/858 887/772/885
f 846/736/845 845/735/844 888/773/886
f 851/740/849 846/736/845 889/774/887
f 862/750/860 823/714/821 865/750/863
f 890/775/6 821/714/6 862/750/6
f 847/737/888 891/738/889 848/738/861
f 863/751/6 821/714/6 890/775/6
f 863/751/890 892/737/891 847/737/888
f 864/715/862 848/738/861 891/738/889
f 865/750/863 825/716/824 867/753/865
f 864/715/862 893/776/892 849/697/847
f 866/752/864 849/697/847 893/776/892
f 866/752/864 869/755/867 850/739/848
f 867/753/865 826/717/825 868/754/866
f 868/754/866 851/740/849 894/777/893
f 828/719/827 850/739/848 869/755/867
f 852/741/850 869/755/867 895/778/894
f 852/741/850 896/779/895 853/742/851
f 853/742/851 870/756/868 854/743/852
f 855/744/853 870/756/868 885/770/883
f 897/780/6 857/722/6 856/745/6
f 838/728/837 898/781/896 871/757/869
f 871/757/869 872/758/870 830/721/829
f 872/758/870 873/745/871 831/705/830
f 873/745/871 897/780/897 856/745/854
f 874/759/872 857/722/855 899/759/898
f 875/760/873 832/722/831 874/759/872
f 876/761/874 833/723/832 875/760/873
f 877/762/875 834/724/833 876/761/874
f 877/762/875 878/763/876 835/725/834
f 878/763/876 879/764/877 836/726/835
f 879/764/877 880/765/878 837/727/836
f 880/765/878 900/782/899 858/746/856
f 840/730/839 882/767/880 881/766/879
f 898/781/896 838/728/837 881/766/879
f 839/729/838 883/768/881 882/767/880
f 858/746/856 900/782/899 884/769/882
f 884/769/882 883/768/881 842/732/841
f 860/748/858 861/749/859 901/783/900
f 844/734/843 885/770/883 886/771/884
f 861/749/859 886/771/884 902/784/901
f 860/748/858 903/785/902 887/772/885
f 887/772/885 888/773/886 845/735/844
f 888/773/886 889/774/887 846/736/845
f 889/774/887 894/777/893 851/740/849
f 865/750/863 904/786/903 862/750/860
f 890/775/6 862/750/6 905/787/6
f 891/738/889 847/737/888 892/737/891
f 906/775/904 863/751/890 890/775/905
f 892/737/891 863/751/890 907/751/906
f 891/738/889 908/788/907 864/715/862
f 867/753/865 909/786/908 865/750/863
f 893/776/892 864/715/862 908/788/907
f 893/776/892 910/789/909 866/752/864
f 869/755/867 866/752/864 910/789/909
f 868/754/866 911/790/910 867/753/865
f 894/777/893 912/791/911 868/754/866
f 910/789/909 895/778/894 869/755/867
f 896/779/895 852/741/850 895/778/894
f 870/756/868 853/742/851 896/779/895
f 896/779/895 885/770/883 870/756/868
f 897/780/6 899/759/6 857/722/6
f 913/792/912 871/757/869 898/781/896
f 872/758/870 871/757/869 914/793/913
f 873/745/871 872/758/870 915/794/914
f 897/780/897 873/745/871 916/780/915
f 899/759/898 917/795/916 874/759/872
f 874/759/872 918/796/917 875/760/873
f 875/760/873 919/797/918 876/761/874
f 876/761/874 920/798/919 877/762/875
f 878/763/876 877/762/875 921/799/920
f 879/764/877 878/763/876 922/800/921
f 880/765/878 879/764/877 923/801/922
f 880/765/878 924/802/923 900/782/899
f 925/803/924 881/766/879 882/767/880
f 881/766/879 925/803/924 898/781/896
f 926/804/925 882/767/880 883/768/881
f 900/782/899 926/804/925 884/769/882
f 883/768/881 884/769/882 926/804/925
f 902/784/901 901/783/900 861/749/859
f 860/748/858 901/783/900 903/785/902
f 927/805/926 886/771/884 885/770/883
f 928/806/927 902/784/901 886/771/884
f 887/772/885 903/785/902 929/807/928
f 888/773/886 887/772/885 930/808/929
f 889/774/887 888/773/886 931/809/930
f 894/777/893 889/774/887 932/810/931
f 904/786/903 865/750/863 909/786/908
f 905/787/6 862/750/6 904/786/6
f 905/787/932 906/775/904 890/775/905
f 892/737/891 933/811/933 891/738/889
f 863/751/890 906/775/904 907/751/906
f 907/751/906 934/812/934 892/737/891
f 908/788/907 891/738/889 933/811/933
f 909/786/908 867/753/865 911/790/910
f 908/788/907 935/813/935 893/776/892
f 910/789/909 893/776/892 935/813/935
f 911/790/910 868/754/866 912/791/911
f 912/791/911 894/777/893 936/814/936
f 895/778/894 910/789/909 937/815/937
f 895/778/894 927/805/926 896/779/895
f 885/770/883 896/779/895 927/805/926
f 938/816/6 899/759/6 897/780/6
f 871/757/869 913/792/912 914/793/913
f 898/781/896 939/817/938 913/792/912
f 914/793/913 915/794/914 872/758/870
f 915/794/914 916/780/915 873/745/871
f 940/816/939 897/780/897 916/780/915
f 917/795/916 899/759/898 941/795/940
f 918/796/917 874/759/872 917/795/916
f 919/797/918 875/760/873 918/796/917
f 920/798/919 876/761/874 919/797/918
f 920/798/919 921/799/920 877/762/875
f 921/799/920 922/800/921 878/763/876
f 922/800/921 923/801/922 879/764/877
f 923/801/922 924/802/923 880/765/878
f 924/802/923 942/818/941 900/782/899
f 882/767/880 926/804/925 925/803/924
f 939/817/938 898/781/896 925/803/924
f 926/804/925 900/782/899 942/818/941
f 901/783/900 902/784/901 943/819/942
f 943/819/942 903/785/902 901/783/900
f 886/771/884 927/805/926 928/806/927
f 902/784/901 928/806/927 944/820/943
f 945/821/944 929/807/928 903/785/902
f 887/772/885 929/807/928 930/808/929
f 930/808/929 931/809/930 888/773/886
f 931/809/930 932/810/931 889/774/887
f 932/810/931 936/814/936 894/777/893
f 909/786/908 946/822/945 904/786/903
f 905/787/6 904/786/6 947/823/6
f 906/775/904 905/787/932 948/787/946
f 933/811/933 892/737/891 934/812/934
f 906/775/904 949/824/947 907/751/906
f 934/812/934 907/751/906 949/824/947
f 933/811/933 950/825/948 908/788/907
f 911/790/910 951/822/949 909/786/908
f 935/813/935 908/788/907 950/825/948
f 935/813/935 937/815/937 910/789/909
f 912/791/911 952/826/950 911/790/910
f 936/814/936 953/827/951 912/791/911
f 927/805/926 895/778/894 937/815/937
f 938/816/6 941/795/6 899/759/6
f 897/780/897 940/816/939 938/816/952
f 913/792/912 954/828/953 914/793/913
f 955/829/954 913/792/912 939/817/938
f 915/794/914 914/793/913 954/828/953
f 916/780/915 915/794/914 956/830/955
f 916/780/915 957/831/956 940/816/939
f 941/795/940 958/832/957 917/795/916
f 917/795/916 959/833/958 918/796/917
f 918/796/917 960/834/959 919/797/918
f 919/797/918 961/835/960 920/798/919
f 921/799/920 920/798/919 962/836/961
f 922/800/921 921/799/920 963/837/962
f 923/801/922 922/800/921 964/838/963
f 923/801/922 965/839/964 924/802/923
f 942/818/941 924/802/923 966/840/965
f 942/818/941 925/803/924 926/804/925
f 925/803/924 942/818/941 939/817/938
f 944/820/943 943/819/942 902/784/901
f 903/785/902 943/819/942 945/821/944
f 937/815/937 928/806/927 927/805/926
f 967/841/966 944/820/943 928/806/927
f 929/807/928 945/821/944 968/842/967
f 930/808/929 929/807/928 969/843/968
f 931/809/930 930/808/929 970/844/969
f 932/810/931 931/809/930 971/845/970
f 936/814/936 932/810/931 972/846/971
f 946/822/945 909/786/908 951/822/949
f 947/823/6 904/786/6 946/822/6
f 973/823/972 905/787/932 947/823/973
f 905/787/932 973/823/972 948/787/946
f 948/787/946 974/847/974 906/775/904
f 934/812/934 975/848/975 933/811/933
f 949/824/947 906/775/904 974/847/974
f 949/824/947 976/849/976 934/812/934
f 950/825/948 933/811/933 975/848/975
f 951/822/949 911/790/910 952/826/950
f 950/825/948 967/841/966 935/813/935
f 937/815/937 935/813/935 967/841/966
f 952/826/950 912/791/911 953/827/951
f 953/827/951 936/814/936 977/850/977
f 978/851/6 941/795/6 938/816/6
f 940/816/939 978/851/978 938/816/952
f 954/828/953 913/792/912 979/852/979
f 913/792/912 955/829/954 979/852/979
f 939/817/938 966/840/965 955/829/954
f 954/828/953 956/830/955 915/794/914
f 957/831/956 916/780/915 956/830/955
f 957/831/956 980/851/980 940/816/939
f 958/832/957 941/795/940 981/832/981
f 959/833/958 917/795/916 958/832/957
f 960/834/959 918/796/917 959/833/958
f 961/835/960 919/797/918 960/834/959
f 961/835/960 962/836/961 920/798/919
f 962/836/961 963/837/962 921/799/920
f 963/837/962 964/838/963 922/800/921
f 964/838/963 965/839/964 923/801/922
f 965/839/964 966/840/965 924/802/923
f 966/840/965 939/817/938 942/818/941
f 943/819/942 944/820/943 982/853/982
f 982/853/982 945/821/944 943/819/942
f 928/806/927 937/815/937 967/841/966
f 944/820/943 967/841/966 983/854/983
f 984/855/984 968/842/967 945/821/944
f 968/842/967 969/843/968 929/807/928
f 930/808/929 969/843/968 970/844/969
f 970/844/969 971/845/970 931/809/930
f 971/845/970 972/846/971 932/810/931
f 972/846/971 977/850/977 936/814/936
f 951/822/949 985/856/985 946/822/945
f 947/823/6 946/822/6 986/857/6
f 947/823/973 987/857/986 973/823/972
f 988/858/987 948/787/946 973/823/972
f 974/847/974 948/787/946 989/859/988
f 975/848/975 934/812/934 976/849/976
f 974/847/974 990/860/989 949/824/947
f 976/849/976 949/824/947 990/860/989
f 975/848/975 983/854/983 950/825/948
f 952/826/950 991/856/990 951/822/949
f 967/841/966 950/825/948 983/854/983
f 953/827/951 992/861/991 952/826/950
f 977/850/977 993/862/992 953/827/951
f 978/851/6 981/832/6 941/795/6
f 978/851/978 940/816/939 980/851/980
f 979/852/979 994/863/993 954/828/953
f 995/864/994 979/852/979 955/829/954
f 996/865/995 955/829/954 966/840/965
f 956/830/955 954/828/953 994/863/993
f 956/830/955 997/866/996 957/831/956
f 980/851/980 957/831/956 998/867/997
f 981/832/981 999/868/998 958/832/957
f 958/832/957 1000/869/999 959/833/958
f 959/833/958 1001/870/1000 960/834/959
f 960/834/959 1002/871/1001 961/835/960
f 962/836/961 961/835/960 1003/872/1002
f 963/837/962 962/836/961 1004/873/1003
f 964/838/963 963/837/962 1005/874/1004
f 964/838/963 1006/875/1005 965/839/964
f 966/840/965 965/839/964 996/865/995
f 983/854/983 982/853/982 944/820/943
f 945/821/944 982/853/982 984/855/984
f 968/842/967 984/855/984 1007/876/1006
f 969/843/968 968/842/967 1008/877/1007
f 970/844/969 969/843/968 1009/878/1008
f 971/845/970 970/844/969 1010/879/1009
f 972/846/971 971/845/970 1011/880/1010
f 977/850/977 972/846/971 1012/881/1011
f 985/856/985 951/822/949 991/856/990
f 986/857/6 946/822/6 985/856/6
f 987/857/986 947/823/973 986/857/1012
f 1013/882/1013 973/823/972 987/857/986
f 948/787/946 988/858/987 989/859/988
f 973/823/972 1013/882/1013 988/858/987
f 989/859/988 1014/883/1014 974/847/974
f 976/849/976 1015/884/1015 975/848/975
f 990/860/989 974/847/974 1014/883/1014
f 990/860/989 1016/885/1016 976/849/976
f 983/854/983 975/848/975 1015/884/1015
f 991/856/990 952/826/950 992/861/991
f 992/861/991 953/827/951 993/862/992
f 993/862/992 977/850/977 1017/886/1017
f 1018/887/6 981/832/6 978/851/6
f 1019/887/1018 978/851/978 980/851/980
f 994/863/993 979/852/979 1020/888/1019
f 979/852/979 995/864/994 1020/888/1019
f 955/829/954 996/865/995 995/864/994
f 997/866/996 956/830/955 994/863/993
f 997/866/996 998/867/997 957/831/956
f 1021/889/1020 980/851/980 998/867/997
f 999/868/998 981/832/981 1022/868/1021
f 1000/869/999 958/832/957 999/868/998
f 1001/870/1000 959/833/958 1000/869/999
f 1002/871/1001 960/834/959 1001/870/1000
f 1002/871/1001 1003/872/1002 961/835/960
f 1003/872/1002 1004/873/1003 962/836/961
f 1004/873/1003 1005/874/1004 963/837/962
f 1005/874/1004 1006/875/1005 964/838/963
f 1006/875/1005 996/865/995 965/839/964
f 982/853/982 983/854/983 1015/884/1015
f 1015/884/1015 984/855/984 982/853/982
f 1016/885/1016 1007/876/1006 984/855/984
f 1007/876/1006 1008/877/1007 968/842/967
f 1008/877/1007 1009/878/1008 969/843/968
f 970/844/969 1009/878/1008 1010/879/1009
f 1010/879/1009 1011/880/1010 971/845/970
f 1011/880/1010 1012/881/1011 972/846/971
f 1012/881/1011 1017/886/1017 977/850/977
f 991/856/990 1023/890/1022 985/856/985
f 986/857/6 985/856/6 1024/891/6
f 1024/891/1023 987/857/986 986/857/1012
f 1025/891/1024 1013/882/1013 987/857/986
f 1026/892/1025 989/859/988 988/858/987
f 1027/893/1026 988/858/987 1013/882/1013
f 1014/883/1014 989/859/988 1028/894/1027
f 1015/884/1015 976/849/976 1016/885/1016
f 1014/883/1014 1029/895/1028 990/860/989
f 1016/885/1016 990/860/989 1029/895/1028
f 992/861/991 1030/890/1029 991/856/990
f 993/862/992 1031/896/1030 992/861/991
f 1017/886/1017 1032/897/1031 993/862/992
f 1018/887/6 1022/868/6 981/832/6
f 978/851/978 1019/887/1018 1018/887/1032
f 980/851/980 1021/889/1020 1019/887/1018
f 1033/898/1033 994/863/993 1020/888/1019
f 1034/899/1034 1020/888/1019 995/864/994
f 1035/900/1035 995/864/994 996/865/995
f 994/863/993 1033/898/1033 997/866/996
f 998/867/997 997/866/996 1036/901/1036
f 998/867/997 1037/902/1037 1021/889/1020
f 1022/868/1021 1038/903/1038 999/868/998
f 999/868/998 1039/904/1039 1000/869/999
f 1000/869/999 1040/905/1040 1001/870/1000
f 1001/870/1000 1041/906/1041 1002/871/1001
f 1003/872/1002 1002/871/1001 1042/907/1042
f 1004/873/1003 1003/872/1002 1043/908/1043
f 1005/874/1004 1004/873/1003 1044/909/1044
f 1044/909/1044 1006/875/1005 1005/874/1004
f 996/865/995 1006/875/1005 1035/900/1035
f 984/855/984 1015/884/1015 1016/885/1016
f 1007/876/1006 1016/885/1016 1029/895/1028
f 1008/877/1007 1007/876/1006 1045/910/1045
f 1009/878/1008 1008/877/1007 1046/911/1046
f 1010/879/1009 1009/878/1008 1047/912/1047
f 1011/880/1010 1010/879/1009 1048/913/1048
f 1012/881/1011 1011/880/1010 1049/914/1049
f 1017/886/1017 1012/881/1011 1050/915/1050
f 1023/890/1022 991/856/990 1030/890/1029
f 1024/891/6 985/856/6 1023/890/6
f 987/857/986 1024/891/1023 1025/891/1024
f 1013/882/1013 1025/891/1024 1051/916/1051
f 989/859/988 1026/892/1025 1028/894/1027
f 988/858/987 1027/893/1026 1026/892/1025
f 1051/916/1051 1027/893/1026 1013/882/1013
f 1052/917/1052 1014/883/1014 1028/894/1027
f 1029/895/1028 1014/883/1014 1053/918/1053
f 1030/890/1029 992/861/991 1031/896/1030
f 1031/896/1030 993/862/992 1032/897/1031
f 1032/897/1031 1017/886/1017 1054/919/1054
f 1055/920/6 1022/868/6 1018/887/6
f 1019/887/1018 1055/920/5 1018/887/1032
f 1021/889/1020 1056/920/1055 1019/887/1018
f 1020/888/1019 1034/899/1034 1033/898/1033
f 995/864/994 1035/900/1035 1034/899/1034
f 1033/898/1033 1036/901/1036 997/866/996
f 1037/902/1037 998/867/997 1036/901/1036
f 1037/902/1037 1057/921/1056 1021/889/1020
f 1038/903/1038 1022/868/1021 1058/903/87
f 1039/904/1039 999/868/998 1038/903/1038
f 1040/905/1040 1000/869/999 1039/904/1039
f 1041/906/1041 1001/870/1000 1040/905/1040
f 1041/906/1041 1042/907/1042 1002/871/1001
f 1042/907/1042 1043/908/1043 1003/872/1002
f 1043/908/1043 1044/909/1044 1004/873/1003
f 1044/909/1044 1059/922/1057 1006/875/1005
f 1059/922/1057 1035/900/1035 1006/875/1005
f 1029/895/1028 1045/910/1045 1007/876/1006
f 1045/910/1045 1046/911/1046 1008/877/1007
f 1046/911/1046 1047/912/1047 1009/878/1008
f 1010/879/1009 1047/912/1047 1048/913/1048
f 1048/913/1048 1049/914/1049 1011/880/1010
f 1049/914/1049 1050/915/1050 1012/881/1011
f 1050/915/1050 1054/919/1054 1017/886/1017
f 1030/890/1029 1060/923/1058 1023/890/1022
f 1024/891/6 1023/890/6 1061/924/6
f 1024/891/1023 1062/924/1059 1025/891/1024
f 1025/891/1024 1063/925/1060 1051/916/1051
f 1064/926/1061 1028/894/1027 1026/892/1025
f 1065/927/1062 1026/892/1025 1027/893/1026
f 1027/893/1026 1051/916/1051 1066/928/1063
f 1014/883/1014 1052/917/1052 1053/918/1053
f 1028/894/1027 1064/926/1061 1052/917/1052
f 1045/910/1045 1029/895/1028 1053/918/1053
f 1031/896/1030 1067/923/1064 1030/890/1029
f 1032/897/1031 1068/929/1065 1031/896/1030
f 1054/919/1054 1069/930/1066 1032/897/1031
f 1055/920/6 1058/903/6 1022/868/6
f 1055/920/5 1019/887/1018 1056/920/1055
f 1056/920/1055 1021/889/1020 1057/921/1056
f 1070/931/1067 1033/898/1033 1034/899/1034
f 1071/932/1068 1034/899/1034 1035/900/1035
f 1036/901/1036 1033/898/1033 1072/933/1069
f 1036/901/1036 1073/934/1070 1037/902/1037
f 1057/921/1056 1037/902/1037 1074/935/1071
f 1058/903/87 1075/936/1072 1038/903/1038
f 1038/903/1038 1076/937/1073 1039/904/1039
f 1039/904/1039 1077/938/1074 1040/905/1040
f 1040/905/1040 1078/939/1075 1041/906/1041
f 1042/907/1042 1041/906/1041 1079/940/1076
f 1043/908/1043 1042/907/1042 1080/941/1077
f 1044/909/1044 1043/908/1043 1081/942/1078
f 1081/942/1078 1059/922/1057 1044/909/1044
f 1035/900/1035 1059/922/1057 1071/932/1068
f 1046/911/1046 1045/910/1045 1082/943/1079
f 1047/912/1047 1046/911/1046 1083/944/1080
f 1048/913/1048 1047/912/1047 1084/945/1081
f 1049/914/1049 1048/913/1048 1085/946/1082
f 1050/915/1050 1049/914/1049 1086/947/1083
f 1054/919/1054 1050/915/1050 1087/948/1084
f 1060/923/1058 1030/890/1029 1067/923/1064
f 1061/924/6 1023/890/6 1060/923/6
f 1062/924/1059 1024/891/1023 1061/924/1085
f 1063/925/1060 1025/891/1024 1062/924/1059
f 1088/949/1086 1051/916/1051 1063/925/1060
f 1026/892/1025 1065/927/1062 1064/926/1061
f 1066/928/1063 1065/927/1062 1027/893/1026
f 1051/916/1051 1088/949/1086 1066/928/1063
f 1082/943/1079 1053/918/1053 1052/917/1052
f 1089/950/1087 1052/917/1052 1064/926/1061
f 1053/918/1053 1082/943/1079 1045/910/1045
f 1067/923/1064 1031/896/1030 1068/929/1065
f 1068/929/1065 1032/897/1031 1069/930/1066
f 1069/930/1066 1054/919/1054 1090/951/1088
f 1055/920/6 1091/936/6 1058/903/6
f 1056/920/1055 1092/952/1089 1055/920/5
f 1057/921/1056 1093/952/1090 1056/920/1055
f 1033/898/1033 1070/931/1067 1072/933/1069
f 1034/899/1034 1071/932/1068 1070/931/1067
f 1073/934/1070 1036/901/1036 1072/933/1069
f 1073/934/1070 1074/935/1071 1037/902/1037
f 1074/935/1071 1094/953/1091 1057/921/1056
f 1075/936/1072 1058/903/87 1091/936/1092
f 1076/937/1073 1038/903/1038 1075/936/1072
f 1077/938/1074 1039/904/1039 1076/937/1073
f 1078/939/1075 1040/905/1040 1077/938/1074
f 1095/954/1093 1041/906/1041 1078/939/1075
f 1041/906/1041 1095/954/1093 1079/940/1076
f 1079/940/1076 1080/941/1077 1042/907/1042
f 1080/941/1077 1081/942/1078 1043/908/1043
f 1081/942/1078 1096/955/1094 1059/922/1057
f 1096/955/1094 1071/932/1068 1059/922/1057
f 1082/943/1079 1083/944/1080 1046/911/1046
f 1083/944/1080 1084/945/1081 1047/912/1047
f 1048/913/1048 1084/945/1081 1085/946/1082
f 1085/946/1082 1086/947/1083 1049/914/1049
f 1086/947/1083 1087/948/1084 1050/915/1050
f 1087/948/1084 1090/951/1088 1054/919/1054
f 1067/923/1064 1097/956/1095 1060/923/1058
f 1061/924/6 1060/923/6 1098/957/6
f 1098/957/1096 1062/924/1059 1061/924/1085
f 1099/957/1097 1063/925/1060 1062/924/1059
f 1100/958/1098 1088/949/1086 1063/925/1060
f 1101/959/1099 1064/926/1061 1065/927/1062
f 1065/927/1062 1066/928/1063 1102/960/1100
f 1103/961/1101 1066/928/1063 1088/949/1086
f 1052/917/1052 1089/950/1087 1082/943/1079
f 1064/926/1061 1101/959/1099 1089/950/1087
f 1068/929/1065 1104/956/1102 1067/923/1064
f 1069/930/1066 1105/962/1103 1068/929/1065
f 1090/951/1088 1106/963/1104 1069/930/1066
f 1092/952/6 1091/936/6 1055/920/6
f 1092/952/1089 1056/920/1055 1093/952/1090
f 1093/952/1090 1057/921/1056 1094/953/1091
f 1107/964/1105 1072/933/1069 1070/931/1067
f 1108/965/1106 1070/931/1067 1071/932/1068
f 1072/933/1069 1107/964/1105 1073/934/1070
f 1074/935/1071 1073/934/1070 1109/966/1107
f 1094/953/1091 1074/935/1071 1110/967/1108
f 1091/936/1092 1104/956/1102 1075/936/1072
f 1075/936/1072 1105/962/1103 1076/937/1073
f 1076/937/1073 1106/963/1104 1077/938/1074
f 1077/938/1074 1111/968/1109 1078/939/1075
f 1078/939/1075 1112/969/1110 1095/954/1093
f 1113/970/1111 1079/940/1076 1095/954/1093
f 1080/941/1077 1079/940/1076 1114/971/1112
f 1081/942/1078 1080/941/1077 1115/972/1113
f 1115/972/1113 1096/955/1094 1081/942/1078
f 1071/932/1068 1096/955/1094 1108/965/1106
f 1083/944/1080 1082/943/1079 1089/950/1087
f 1084/945/1081 1083/944/1080 1116/973/1114
f 1085/946/1082 1084/945/1081 1117/974/1115
f 1086/947/1083 1085/946/1082 1118/975/1116
f 1087/948/1084 1086/947/1083 1119/976/1117
f 1090/951/1088 1087/948/1084 1120/977/1118
f 1097/956/1095 1067/923/1064 1104/956/1102
f 1098/957/6 1060/923/6 1097/956/6
f 1062/924/1059 1098/957/1096 1099/957/1097
f 1063/925/1060 1099/957/1097 1100/958/1098
f 1088/949/1086 1100/958/1098 1121/978/1119
f 1065/927/1062 1122/979/1120 1101/959/1099
f 1066/928/1063 1103/961/1101 1102/960/1100
f 1122/979/1120 1065/927/1062 1102/960/1100
f 1121/978/1119 1103/961/1101 1088/949/1086
f 1116/973/1114 1089/950/1087 1101/959/1099
f 1104/956/1102 1068/929/1065 1105/962/1103
f 1105/962/1103 1069/930/1066 1106/963/1104
f 1106/963/1104 1090/951/1088 1111/968/1109
f 1092/952/6 1097/956/6 1091/936/6
f 1093/952/1090 1098/957/1096 1092/952/1089
f 1094/953/1091 1099/957/1097 1093/952/1090
f 1070/931/1067 1108/965/1106 1107/964/1105
f 1123/980/1121 1073/934/1070 1107/964/1105
f 1073/934/1070 1123/980/1121 1109/966/1107
f 1109/966/1107 1110/967/1108 1074/935/1071
f 1110/967/1108 1100/958/1098 1094/953/1091
f 1104/956/1102 1091/936/1092 1097/956/1095
f 1105/962/1103 1075/936/1072 1104/956/1102
f 1106/963/1104 1076/937/1073 1105/962/1103
f 1111/968/1109 1077/938/1074 1106/963/1104
f 1112/969/1110 1078/939/1075 1111/968/1109
f 1124/981/1122 1095/954/1093 1112/969/1110
f 1079/940/1076 1113/970/1111 1114/971/1112
f 1095/954/1093 1124/981/1122 1113/970/1111
f 1114/971/1112 1115/972/1113 1080/941/1077
f 1115/972/1113 1125/982/1123 1096/955/1094
f 1125/982/1123 1108/965/1106 1096/955/1094
f 1089/950/1087 1116/973/1114 1083/944/1080
f 1116/973/1114 1117/974/1115 1084/945/1081
f 1085/946/1082 1117/974/1115 1118/975/1116
f 1118/975/1116 1119/976/1117 1086/947/1083
f 1119/976/1117 1120/977/1118 1087/948/1084
f 1120/977/1118 1111/968/1109 1090/951/1088
f 1098/957/6 1097/956/6 1092/952/6
f 1098/957/1096 1093/952/1090 1099/957/1097
f 1099/957/1097 1094/953/1091 1100/958/1098
f 1100/958/1098 1110/967/1108 1121/978/1119
f 1126/983/1124 1101/959/1099 1122/979/1120
f 1127/984/1125 1102/960/1100 1103/961/1101
f 1102/960/1100 1127/984/1125 1122/979/1120
f 1103/961/1101 1121/978/1119 1128/985/1126
f 1101/959/1099 1126/983/1124 1116/973/1114
f 1129/986/1127 1107/964/1105 1108/965/1106
f 1107/964/1105 1129/986/1127 1123/980/1121
f 1123/980/1121 1130/987/1128 1109/966/1107
f 1110/967/1108 1109/966/1107 1130/987/1128
f 1111/968/1109 1120/977/1118 1112/969/1110
f 1112/969/1110 1131/988/1129 1124/981/1122
f 1132/989/1130 1114/971/1112 1113/970/1111
f 1133/990/1131 1113/970/1111 1124/981/1122
f 1115/972/1113 1114/971/1112 1134/991/1132
f 1134/991/1132 1125/982/1123 1115/972/1113
f 1108/965/1106 1125/982/1123 1129/986/1127
f 1117/974/1115 1116/973/1114 1126/983/1124
f 1118/975/1116 1117/974/1115 1135/992/1133
f 1119/976/1117 1118/975/1116 1136/993/1134
f 1120/977/1118 1119/976/1117 1131/988/1129
f 1130/987/1128 1121/978/1119 1110/967/1108
f 1122/979/1120 1137/994/1135 1126/983/1124
f 1103/961/1101 1138/995/1136 1127/984/1125
f 1137/994/1135 1122/979/1120 1127/984/1125
f 1121/978/1119 1130/987/1128 1128/985/1126
f 1138/995/1136 1103/961/1101 1128/985/1126
f 1129/986/1127 1139/996/1137 1123/980/1121
f 1130/987/1128 1123/980/1121 1139/996/1137
f 1131/988/1129 1112/969/1110 1120/977/1118
f 1140/997/1138 1124/981/1122 1131/988/1129
f 1114/971/1112 1132/989/1130 1134/991/1132
f 1113/970/1111 1133/990/1131 1132/989/1130
f 1124/981/1122 1140/997/1138 1133/990/1131
f 1132/989/1130 1125/982/1123 1134/991/1132
f 1125/982/1123 1141/998/1139 1129/986/1127
f 1126/983/1124 1135/992/1133 1117/974/1115
f 1118/975/1116 1135/992/1133 1136/993/1134
f 1136/993/1134 1131/988/1129 1119/976/1117
f 1135/992/1133 1126/983/1124 1137/994/1135
f 1142/999/1140 1127/984/1125 1138/995/1136
f 1127/984/1125 1142/999/1140 1137/994/1135
f 1139/996/1137 1128/985/1126 1130/987/1128
f 1128/985/1126 1139/996/1137 1138/995/1136
f 1139/996/1137 1129/986/1127 1141/998/1139
f 1131/988/1129 1136/993/1134 1140/997/1138
f 1133/990/1131 1143/1000/1141 1132/989/1130
f 1140/997/1138 1144/1001/1142 1133/990/1131
f 1132/989/1130 1143/1000/1141 1125/982/1123
f 1141/998/1139 1125/982/1123 1143/1000/1141
f 1136/993/1134 1135/992/1133 1144/1001/1142
f 1137/994/1135 1144/1001/1142 1135/992/1133
f 1138/995/1136 1141/998/1139 1142/999/1140
f 1144/1001/1142 1137/994/1135 1142/999/1140
f 1141/998/1139 1138/995/1136 1139/996/1137
f 1136/993/1134 1144/1001/1142 1140/997/1138
f 1133/990/1131 1144/1001/1142 1143/1000/1141
f 1143/1000/1141 1142/999/1140 1141/998/1139
f 1142/999/1140 1143/1000/1141 1144/1001/1142
usemtl material_1_0
f 3//12 2//1143 1//1144
f 4//1145 1//1144 2//1143
f 3//87 5//87 2//87
f 1//1146 6//1146 3//1146
f 1//1144 4//1145 6//1147
f 2//1143 7//1148 4//1145
f 8//87 2//87 5//87
f 3//1146 9//1146 5//1146
f 6//1146 10//1146 3//1146
f 11//1149 6//1147 4//1145
f 12//1150 4//1145 7//1148
f 7//87 2//87 8//87
f 8//1151 5//3 13//1152
f 9//1146 14//1146 5//1146
f 15//1146 9//1146 3//1146
f 10//1146 16//1146 3//1146
f 10//1153 6//1147 17//1154
f 11//1149 17//1154 6//1147
f 11//1149 4//1145 18//1155
f 12//1150 18//1155 4//1145
f 7//1148 19//1156 12//1150
f 20//87 7//87 8//87
f 21//1157 13//1152 5//3
f 13//1152 22//1158 8//1151
f 14//1146 23//1146 5//1146
f 14//810 9//854 24//1159
f 9//854 15//897 25//1160
f 26//1146 15//1146 3//1146
f 16//1146 27//1146 3//1146
f 16//1161 10//1153 28//1162
f 17//1154 28//1162 10//1153
f 17//1154 11//1149 29//1163
f 18//1155 29//1163 11//1149
f 18//1155 12//1150 30//1164
f 31//1165 12//1150 19//1156
f 19//87 7//87 20//87
f 20//1166 8//1151 22//1158
f 21//1157 32//1167 13//1152
f 21//1146 5//1146 32//1146
f 22//1158 13//1152 33//1168
f 23//1146 34//1146 5//1146
f 23//753 14//810 35//1169
f 25//1160 24//1159 9//854
f 24//1159 35//1169 14//810
f 36//1170 25//1160 15//897
f 26//952 37//1171 15//897
f 38//1146 26//1146 3//1146
f 27//1146 39//1146 3//1146
f 27//1172 16//1161 40//1173
f 28//1162 40//1173 16//1161
f 28//1162 17//1154 41//1174
f 29//1163 41//1174 17//1154
f 29//1163 18//1155 42//1175
f 31//1165 30//1164 12//1150
f 30//1164 42//1175 18//1155
f 19//1156 43//1176 31//1165
f 44//87 19//87 20//87
f 22//1158 45//1177 20//1166
f 46//1178 13//1152 32//1167
f 47//1146 32//1146 5//1146
f 46//1178 33//1168 13//1152
f 33//1168 48//1179 22//1158
f 34//1146 49//1146 5//1146
f 23//753 35//1169 34//724
f 24//1159 25//1160 50//1180
f 35//1169 24//1159 51//1181
f 25//1160 36//1170 52//1182
f 36//1170 15//897 37//1171
f 26//952 38//978 37//1171
f 53//1146 38//1146 3//1146
f 39//1146 54//1146 3//1146
f 27//1172 40//1173 39//1183
f 40//1173 28//1162 55//1184
f 41//1174 55//1184 28//1162
f 41//1174 29//1163 56//1185
f 42//1175 56//1185 29//1163
f 30//1164 31//1165 57//1186
f 42//1175 30//1164 58//1187
f 59//1188 31//1165 43//1176
f 43//87 19//87 44//87
f 44//1189 20//1166 45//1177
f 45//1177 22//1158 48//1179
f 46//1178 32//1167 60//1190
f 61//1146 32//1146 47//1146
f 49//1146 47//1146 5//1146
f 33//1168 46//1178 62//1191
f 48//1179 33//1168 63//1192
f 49//660 34//724 64//1193
f 65//1194 34//724 35//1169
f 52//1182 50//1180 25//1160
f 50//1180 51//1181 24//1159
f 51//1181 66//1195 35//1169
f 67//1196 52//1182 36//1170
f 37//1171 68//1197 36//1170
f 69//1198 37//1171 38//978
f 38//978 53//1032 69//1198
f 70//1146 53//1146 3//1146
f 54//1146 71//1146 3//1146
f 39//1183 72//1199 54//1200
f 72//1199 39//1183 40//1173
f 55//1184 73//1201 40//1173
f 55//1184 41//1174 74//1202
f 56//1185 74//1202 41//1174
f 56//1185 42//1175 75//1203
f 59//1188 57//1186 31//1165
f 57//1186 58//1187 30//1164
f 58//1187 75//1203 42//1175
f 59//1188 43//1176 76//1204
f 77//87 43//87 44//87
f 45//1177 78//1205 44//1189
f 48//1179 79//1206 45//1177
f 80//1207 60//1190 32//1167
f 60//1190 62//1191 46//1178
f 80//1146 32//1146 61//1146
f 61//562 47//625 81//1208
f 49//660 64//1193 47//625
f 62//1191 63//1192 33//1168
f 63//1192 82//1209 48//1179
f 65//1194 64//1193 34//724
f 65//1194 35//1169 66//1195
f 50//1180 52//1182 83//1210
f 51//1181 50//1180 84//1211
f 66//1195 51//1181 85//1212
f 52//1182 67//1196 86//1213
f 67//1196 36//1170 68//1197
f 37//1171 69//1198 68//1197
f 87//1214 69//1198 53//1032
f 53//1032 70//5 87//1214
f 88//1146 70//1146 3//1146
f 71//1146 89//1146 3//1146
f 71//1215 54//1200 90//1216
f 91//1217 54//1200 72//1199
f 72//1199 40//1173 73//1201
f 73//1201 55//1184 92//1218
f 74//1202 92//1218 55//1184
f 74//1202 56//1185 93//1219
f 75//1203 93//1219 56//1185
f 59//1188 76//1204 57//1186
f 57//1186 94//1220 58//1187
f 58//1187 95//1221 75//1203
f 96//1222 76//1204 43//1176
f 96//87 43//87 77//87
f 77//1223 44//1189 78//1205
f 78//1205 45//1177 79//1206
f 79//1206 48//1179 82//1209
f 80//1207 97//1224 60//1190
f 62//1191 60//1190 98//1225
f 97//1146 80//1146 61//1146
f 99//1226 81//1208 47//625
f 81//1208 100//1227 61//562
f 99//1226 47//625 64//1193
f 63//1192 62//1191 101//1228
f 82//1209 63//1192 102//1229
f 64//1193 65//1194 103//1230
f 66//1195 103//1230 65//1194
f 86//1213 83//1210 52//1182
f 83//1210 84//1211 50//1180
f 84//1211 85//1212 51//1181
f 85//1212 104//1231 66//1195
f 105//1232 86//1213 67//1196
f 68//1197 106//1233 67//1196
f 107//1234 68//1197 69//1198
f 87//1214 108//1235 69//1198
f 109//1236 87//1214 70//5
f 70//5 88//1089 109//1236
f 110//1146 88//1146 3//1146
f 89//1146 111//1146 3//1146
f 71//1215 90//1216 89//1237
f 91//1217 90//1216 54//1200
f 91//1217 72//1199 112//1238
f 73//1201 112//1238 72//1199
f 92//1218 113//1239 73//1201
f 92//1218 74//1202 114//1240
f 93//1219 114//1240 74//1202
f 75//1203 115//1241 93//1219
f 94//1220 57//1186 76//1204
f 95//1221 58//1187 94//1220
f 115//1241 75//1203 95//1221
f 76//1204 96//1222 116//1242
f 117//87 96//87 77//87
f 77//1223 78//1205 117//1243
f 78//1205 79//1206 118//1244
f 79//1206 82//1209 119//1245
f 120//1246 60//1190 97//1224
f 120//1246 98//1225 60//1190
f 98//1225 101//1228 62//1191
f 121//1146 97//1146 61//1146
f 81//1208 99//1226 122//1247
f 123//560 61//562 100//1227
f 100//1227 81//1208 124//1248
f 99//1226 64//1193 125//1249
f 101//1228 102//1229 63//1192
f 82//1209 102//1229 126//1250
f 103//1230 125//1249 64//1193
f 103//1230 66//1195 104//1231
f 83//1210 86//1213 127//1251
f 83//1210 127//1251 84//1211
f 84//1211 128//1252 85//1212
f 104//1231 85//1212 129//1253
f 86//1213 105//1232 130//1254
f 105//1232 67//1196 106//1233
f 68//1197 107//1234 106//1233
f 107//1234 69//1198 108//1235
f 87//1214 109//1236 108//1235
f 131//1255 109//1236 88//1089
f 88//1089 110//1096 131//1255
f 132//1146 110//1146 3//1146
f 111//1146 133//1146 3//1146
f 89//1237 134//1256 111//1257
f 134//1256 89//1237 90//1216
f 90//1216 91//1217 135//1258
f 112//1238 135//1258 91//1217
f 112//1238 73//1201 113//1239
f 113//1239 92//1218 136//1259
f 114//1240 136//1259 92//1218
f 93//1219 137//1260 114//1240
f 137//1260 93//1219 115//1241
f 76//1204 116//1242 94//1220
f 94//1220 138//1261 95//1221
f 95//1221 139//1262 115//1241
f 140//1263 116//1242 96//1222
f 140//87 96//87 117//87
f 118//1244 117//1243 78//1205
f 119//1245 118//1244 79//1206
f 126//1250 119//1245 82//1209
f 120//1246 97//1224 141//1264
f 98//1225 120//1246 142//1265
f 101//1228 98//1225 143//1266
f 121//1267 141//1264 97//1224
f 123//1146 121//1146 61//1146
f 125//1249 122//1247 99//1226
f 122//1247 124//1248 81//1208
f 100//1227 144//1268 123//560
f 124//1248 145//1269 100//1227
f 102//1229 101//1228 146//1270
f 147//1271 126//1250 102//1229
f 125//1249 103//1230 148//1272
f 104//1231 148//1272 103//1230
f 130//1254 127//1251 86//1213
f 128//1252 84//1211 127//1251
f 149//1273 85//1212 128//1252
f 149//1273 129//1253 85//1212
f 129//1253 150//1274 104//1231
f 151//1275 130//1254 105//1232
f 106//1233 152//1276 105//1232
f 153//1277 106//1233 107//1234
f 108//1235 154//1278 107//1234
f 155//1279 108//1235 109//1236
f 109//1236 131//1255 155//1279
f 156//1280 131//1255 110//1096
f 132//1085 157//1281 110//1096
f 158//1146 132//1146 3//1146
f 133//1146 159//1146 3//1146
f 111//1257 160//1282 133//1283
f 160//1282 111//1257 134//1256
f 134//1256 90//1216 161//1284
f 135//1258 161//1284 90//1216
f 135//1258 112//1238 162//1285
f 113//1239 162//1285 112//1238
f 136//1259 163//1286 113//1239
f 114//1240 164//1287 136//1259
f 164//1287 114//1240 137//1260
f 115//1241 165//1288 137//1260
f 138//1261 94//1220 116//1242
f 139//1262 95//1221 138//1261
f 165//1288 115//1241 139//1262
f 116//1242 140//1263 166//1289
f 167//87 140//87 117//87
f 117//1243 118//1244 167//1290
f 118//1244 119//1245 168//1291
f 119//1245 126//1250 169//1292
f 141//1264 142//1265 120//1246
f 142//1265 143//1266 98//1225
f 143//1266 146//1270 101//1228
f 121//1267 170//1293 141//1264
f 170//1146 121//1146 123//1146
f 122//1247 125//1249 171//1294
f 124//1248 122//1247 172//1295
f 173//557 123//560 144//1268
f 144//1268 100//1227 145//1269
f 145//1269 124//1248 174//1296
f 102//1229 146//1270 147//1271
f 126//1250 147//1271 175//1297
f 148//1272 171//1294 125//1249
f 148//1272 104//1231 150//1274
f 130//1254 176//1298 127//1251
f 127//1251 177//1299 128//1252
f 128//1252 178//1300 149//1273
f 149//1273 179//1301 129//1253
f 129//1253 180//1302 150//1274
f 151//1275 181//1303 130//1254
f 151//1275 105//1232 152//1276
f 106//1233 153//1277 152//1276
f 153//1277 107//1234 154//1278
f 108//1235 155//1279 154//1278
f 182//1304 155//1279 131//1255
f 131//1255 156//1280 182//1304
f 156//1280 110//1096 157//1281
f 132//1085 158//1023 157//1281
f 183//1146 158//1146 3//1146
f 159//1146 184//1146 3//1146
f 133//1283 185//1305 159//1306
f 185//1305 133//1283 160//1282
f 160//1282 134//1256 186//1307
f 161//1284 186//1307 134//1256
f 161//1284 135//1258 187//1308
f 162//1285 187//1308 135//1258
f 162//1285 113//1239 163//1286
f 136//1259 188//1309 163//1286
f 188//1309 136//1259 164//1287
f 137//1260 189//1310 164//1287
f 189//1310 137//1260 165//1288
f 116//1242 166//1289 138//1261
f 138//1261 190//1311 139//1262
f 139//1262 191//1312 165//1288
f 192//1313 166//1289 140//1263
f 192//87 140//87 167//87
f 168//1291 167//1290 118//1244
f 169//1292 168//1291 119//1245
f 175//1297 169//1292 126//1250
f 142//1265 141//1264 193//1314
f 143//1266 142//1265 194//1315
f 146//1270 143//1266 195//1316
f 196//1317 141//1264 170//1293
f 197//1146 170//1146 123//1146
f 171//1294 172//1295 122//1247
f 172//1295 174//1296 124//1248
f 173//1146 198//1146 123//1146
f 173//557 144//1268 199//526
f 145//1269 200//1318 144//1268
f 174//1296 201//1319 145//1269
f 202//1320 147//1271 146//1270
f 203//1321 175//1297 147//1271
f 171//1294 148//1272 204//1322
f 150//1274 204//1322 148//1272
f 177//1299 127//1251 176//1298
f 176//1298 130//1254 181//1303
f 178//1300 128//1252 177//1299
f 179//1301 149//1273 178//1300
f 180//1302 129//1253 179//1301
f 205//1323 150//1274 180//1302
f 181//1303 151//1275 206//1324
f 152//1276 206//1324 151//1275
f 207//1325 152//1276 153//1277
f 154//1278 208//1326 153//1277
f 209//1327 154//1278 155//1279
f 155//1279 182//1304 209//1327
f 210//1328 182//1304 156//1280
f 157//1281 211//1329 156//1280
f 212//1330 157//1281 158//1023
f 183//1012 213//1331 158//1023
f 214//1146 183//1146 3//1146
f 184//1146 215//1146 3//1146
f 184//1332 159//1306 216//1333
f 217//1334 159//1306 185//1305
f 185//1305 160//1282 218//1335
f 186//1307 218//1335 160//1282
f 186//1307 161//1284 219//1336
f 187//1308 219//1336 161//1284
f 187//1308 162//1285 220//1337
f 163//1286 220//1337 162//1285
f 221//1338 163//1286 188//1309
f 164//1287 222//1339 188//1309
f 222//1339 164//1287 189//1310
f 165//1288 223//1340 189//1310
f 190//1311 138//1261 166//1289
f 191//1312 139//1262 190//1311
f 223//1340 165//1288 191//1312
f 166//1289 192//1313 190//1311
f 224//87 192//87 167//87
f 167//1290 168//1291 224//1341
f 168//1291 169//1292 225//1342
f 169//1292 175//1297 226//1343
f 196//1317 193//1314 141//1264
f 193//1314 194//1315 142//1265
f 194//1315 195//1316 143//1266
f 146//1270 195//1316 202//1320
f 170//1293 197//1344 196//1317
f 198//1146 197//1146 123//1146
f 172//1295 171//1294 227//1345
f 174//1296 172//1295 228//1346
f 229//1146 198//1146 173//1146
f 230//1347 199//526 144//1268
f 199//1146 231//1146 173//1146
f 230//1347 144//1268 200//1318
f 200//1318 145//1269 201//1319
f 201//1319 174//1296 232//1348
f 147//1271 202//1320 203//1321
f 175//1297 203//1321 233//1349
f 204//1322 227//1345 171//1294
f 150//1274 205//1323 204//1322
f 176//1298 234//1350 177//1299
f 181//1303 235//1351 176//1298
f 177//1299 236//1352 178//1300
f 178//1300 237//1353 179//1301
f 179//1301 238//1354 180//1302
f 180//1302 239//1355 205//1323
f 206//1324 240//1356 181//1303
f 206//1324 152//1276 241//1357
f 207//1325 241//1357 152//1276
f 207//1325 153//1277 208//1326
f 154//1278 209//1327 208//1326
f 242//1358 209//1327 182//1304
f 182//1304 210//1328 242//1358
f 210//1328 156//1280 211//1329
f 157//1281 212//1330 211//1329
f 212//1330 158//1023 213//1331
f 183//1012 214//973 213//1331
f 243//1146 214//1146 3//1146
f 215//1146 244//1146 3//1146
f 184//1332 216//1333 215//1359
f 217//1334 216//1333 159//1306
f 217//1334 185//1305 245//1360
f 218//1335 245//1360 185//1305
f 218//1335 186//1307 246//1361
f 219//1336 246//1361 186//1307
f 219//1336 187//1308 247//1362
f 220//1337 247//1362 187//1308
f 163//1286 221//1338 220//1337
f 188//1309 248//1363 221//1338
f 248//1363 188//1309 222//1339
f 189//1310 249//1364 222//1339
f 249//1364 189//1310 223//1340
f 190//1311 192//1313 191//1312
f 191//1312 192//1313 223//1340
f 192//1313 224//1341 250//1365
f 225//1342 224//1341 168//1291
f 226//1343 225//1342 169//1292
f 233//1349 226//1343 175//1297
f 193//1314 196//1317 251//1366
f 194//1315 193//1314 252//1367
f 195//1316 194//1315 253//1368
f 254//1369 202//1320 195//1316
f 255//1370 196//1317 197//1344
f 198//1371 256//1372 197//1344
f 227//1345 228//1346 172//1295
f 228//1346 232//1348 174//1296
f 229//1373 257//1374 198//1371
f 258//1146 229//1146 173//1146
f 230//1347 259//1375 199//526
f 231//1146 258//1146 173//1146
f 260//1146 231//1146 199//1146
f 200//1318 261//1376 230//1347
f 201//1319 262//1377 200//1318
f 232//1348 263//1378 201//1319
f 264//1379 203//1321 202//1320
f 265//1380 233//1349 203//1321
f 204//1322 266//1381 227//1345
f 266//1381 204//1322 205//1323
f 236//1352 177//1299 234//1350
f 234//1350 176//1298 235//1351
f 235//1351 181//1303 240//1356
f 237//1353 178//1300 236//1352
f 238//1354 179//1301 237//1353
f 239//1355 180//1302 238//1354
f 267//1382 205//1323 239//1355
f 240//1356 206//1324 268//1383
f 241//1357 268//1383 206//1324
f 241//1357 207//1325 269//1384
f 208//1326 269//1384 207//1325
f 270//1385 208//1326 209//1327
f 209//1327 242//1358 270//1385
f 271//1386 242//1358 210//1328
f 211//1329 272//1387 210//1328
f 273//1388 211//1329 212//1330
f 212//1330 213//1331 273//1388
f 274//1389 213//1331 214//973
f 214//973 243//932 274//1389
f 275//1146 243//1146 3//1146
f 244//1146 276//1146 3//1146
f 244//1390 215//1359 277//1391
f 278//1392 215//1359 216//1333
f 216//1333 217//1334 279//1393
f 245//1360 279//1393 217//1334
f 245//1360 218//1335 280//1394
f 246//1361 280//1394 218//1335
f 246//1361 219//1336 281//1395
f 247//1362 281//1395 219//1336
f 220//1337 282//1396 247//1362
f 282//1396 220//1337 221//1338
f 283//1397 221//1338 248//1363
f 222//1339 284//1398 248//1363
f 284//1398 222//1339 249//1364
f 223//1340 192//1313 249//1364
f 250//1365 224//1341 285//1399
f 286//1400 192//1313 250//1365
f 225//1342 287//1401 224//1341
f 226//1343 288//1402 225//1342
f 233//1349 288//1402 226//1343
f 255//1370 251//1366 196//1317
f 251//1366 252//1367 193//1314
f 252//1367 253//1368 194//1315
f 195//1316 253//1368 254//1369
f 202//1320 254//1369 264//1379
f 255//1370 197//1344 256//1372
f 256//1372 198//1371 257//1374
f 227//1345 289//1403 228//1346
f 228//1346 290//1404 232//1348
f 257//1374 229//1373 291//1405
f 258//1406 291//1405 229//1373
f 292//524 199//526 259//1375
f 259//1375 230//1347 261//1376
f 231//1407 293//1408 258//1406
f 260//1409 294//1410 231//1407
f 295//1146 260//1146 199//1146
f 261//1376 200//1318 262//1377
f 262//1377 201//1319 263//1378
f 232//1348 296//1411 263//1378
f 203//1321 264//1379 265//1380
f 265//1380 288//1402 233//1349
f 289//1403 227//1345 266//1381
f 205//1323 267//1382 266//1381
f 234//1350 250//1365 236//1352
f 235//1351 286//1400 234//1350
f 240//1356 297//1412 235//1351
f 236//1352 285//1399 237//1353
f 237//1353 298//1413 238//1354
f 238//1354 299//1414 239//1355
f 239//1355 300//1415 267//1382
f 268//1383 301//1416 240//1356
f 268//1383 241//1357 302//1417
f 269//1384 302//1417 241//1357
f 269//1384 208//1326 303//1418
f 270//1385 303//1418 208//1326
f 304//1419 270//1385 242//1358
f 242//1358 271//1386 304//1419
f 271//1386 210//1328 272//1387
f 211//1329 273//1388 272//1387
f 305//1420 273//1388 213//1331
f 213//1331 274//1389 305//1420
f 306//1421 274//1389 243//932
f 275//905 307//1422 243//932
f 308//1146 275//1146 3//1146
f 276//1146 309//1146 3//1146
f 244//1390 277//1391 276//1423
f 278//1392 277//1391 215//1359
f 278//1392 216//1333 310//1424
f 279//1393 310//1424 216//1333
f 279//1393 245//1360 311//1425
f 280//1394 311//1425 245//1360
f 280//1394 246//1361 312//1426
f 281//1395 312//1426 246//1361
f 247//1362 313//1427 281//1395
f 313//1427 247//1362 282//1396
f 221//1338 283//1397 282//1396
f 248//1363 314//1428 283//1397
f 314//1428 248//1363 284//1398
f 249//1364 192//1313 284//1398
f 285//1399 224//1341 298//1413
f 285//1399 236//1352 250//1365
f 297//1412 192//1313 286//1400
f 250//1365 234//1350 286//1400
f 315//1429 224//1341 287//1401
f 288//1402 287//1401 225//1342
f 251//1366 255//1370 316//1430
f 252//1367 251//1366 317//1431
f 253//1368 252//1367 318//1432
f 319//1433 254//1369 253//1368
f 320//1434 264//1379 254//1369
f 256//1372 316//1430 255//1370
f 257//1374 321//1435 256//1372
f 290//1404 228//1346 289//1403
f 296//1411 232//1348 290//1404
f 291//1405 322//1436 257//1374
f 291//1405 258//1406 293//1408
f 292//1146 295//1146 199//1146
f 292//524 259//1375 323//523
f 261//1376 324//1437 259//1375
f 293//1408 231//1407 294//1410
f 260//1409 295//1438 294//1410
f 262//1377 325//1439 261//1376
f 263//1378 326//1440 262//1377
f 327//1441 263//1378 296//1411
f 328//1442 265//1380 264//1379
f 329//1443 288//1402 265//1380
f 266//1381 330//1444 289//1403
f 330//1444 266//1381 267//1382
f 286//1400 235//1351 297//1412
f 297//1412 240//1356 301//1416
f 298//1413 237//1353 285//1399
f 299//1414 238//1354 298//1413
f 300//1415 239//1355 299//1414
f 331//1445 267//1382 300//1415
f 301//1416 268//1383 332//1446
f 302//1417 332//1446 268//1383
f 302//1417 269//1384 333//1447
f 303//1418 333//1447 269//1384
f 303//1418 270//1385 334//1448
f 304//1419 334//1448 270//1385
f 335//1449 304//1419 271//1386
f 272//1387 336//1450 271//1386
f 337//1451 272//1387 273//1388
f 273//1388 305//1420 337//1451
f 338//1452 305//1420 274//1389
f 274//1389 306//1421 338//1452
f 306//1421 243//932 307//1422
f 307//1422 275//905 339//1453
f 308//890 339//1453 275//905
f 340//1146 308//1146 3//1146
f 309//1146 341//1146 3//1146
f 276//1423 342//1454 309//1455
f 342//1454 276//1423 277//1391
f 277//1391 278//1392 343//1456
f 310//1424 343//1456 278//1392
f 310//1424 279//1393 344//1457
f 311//1425 344//1457 279//1393
f 311//1425 280//1394 345//1458
f 312//1426 345//1458 280//1394
f 281//1395 346//1459 312//1426
f 346//1459 281//1395 313//1427
f 282//1396 347//1460 313//1427
f 347//1460 282//1396 283//1397
f 348//1461 283//1397 314//1428
f 284//1398 192//1313 314//1428
f 298//1413 224//1341 299//1414
f 301//1416 192//1313 297//1412
f 331//1445 224//1341 315//1429
f 287//1401 349//1462 315//1429
f 288//1402 350//1463 287//1401
f 316//1430 317//1431 251//1366
f 317//1431 318//1432 252//1367
f 253//1368 318//1432 319//1433
f 254//1369 319//1433 320//1434
f 264//1379 320//1434 328//1442
f 316//1430 256//1372 321//1435
f 321//1435 257//1374 322//1436
f 289//1403 349//1462 290//1404
f 290//1404 350//1463 296//1411
f 322//1436 291//1405 351//1464
f 293//1408 351//1464 291//1405
f 352//1146 295//1146 292//1146
f 353//1465 323//523 259//1375
f 323//1146 352//1146 292//1146
f 353//1465 259//1375 324//1437
f 324//1437 261//1376 325//1439
f 294//1410 354//1466 293//1408
f 355//1467 294//1410 295//1438
f 325//1439 262//1377 326//1440
f 263//1378 327//1441 326//1440
f 296//1411 356//1468 327//1441
f 328//1442 329//1443 265//1380
f 329//1443 356//1468 288//1402
f 349//1462 289//1403 330//1444
f 267//1382 331//1445 330//1444
f 299//1414 224//1341 300//1415
f 300//1415 224//1341 331//1445
f 332//1446 192//1313 301//1416
f 332//1446 302//1417 357//1469
f 333//1447 357//1469 302//1417
f 333//1447 303//1418 358//1470
f 334//1448 358//1470 303//1418
f 304//1419 335//1449 334//1448
f 335//1449 271//1386 336//1450
f 272//1387 337//1451 336//1450
f 359//1471 337//1451 305//1420
f 305//1420 338//1452 359//1471
f 360//1472 338//1452 306//1421
f 307//1422 361//1473 306//1421
f 339//1453 362//1474 307//1422
f 308//890 340//888 339//1453
f 363//1146 340//1146 3//1146
f 341//1146 364//1146 3//1146
f 341//1475 309//1455 365//1476
f 366//1477 309//1455 342//1454
f 342//1454 277//1391 367//1478
f 343//1456 367//1478 277//1391
f 343//1456 310//1424 368//1479
f 344//1457 368//1479 310//1424
f 344//1457 311//1425 369//1480
f 345//1458 369//1480 311//1425
f 312//1426 370//1481 345//1458
f 370//1481 312//1426 346//1459
f 313//1427 371//1482 346//1459
f 371//1482 313//1427 347//1460
f 283//1397 348//1461 347//1460
f 314//1428 192//1313 348//1461
f 315//1429 330//1444 331//1445
f 330//1444 315//1429 349//1462
f 349//1462 287//1401 350//1463
f 350//1463 288//1402 356//1468
f 317//1431 316//1430 372//1483
f 318//1432 317//1431 373//1484
f 374//1485 319//1433 318//1432
f 375//1486 320//1434 319//1433
f 376//1487 328//1442 320//1434
f 321//1435 372//1483 316//1430
f 322//1436 377//1488 321//1435
f 350//1463 290//1404 349//1462
f 356//1468 296//1411 350//1463
f 351//1464 378//1489 322//1436
f 351//1464 293//1408 354//1466
f 352//1490 379//1491 295//1438
f 353//1465 380//1492 323//523
f 381//1146 352//1146 323//1146
f 324//1437 382//1493 353//1465
f 325//1439 383//1494 324//1437
f 354//1466 294//1410 384//1495
f 355//1467 384//1495 294//1410
f 355//1467 295//1438 379//1491
f 326//1440 385//1496 325//1439
f 386//1497 326//1440 327//1441
f 387//1498 327//1441 356//1468
f 376//1487 329//1443 328//1442
f 356//1468 329//1443 387//1498
f 357//1469 192//1313 332//1446
f 357//1469 333//1447 388//1499
f 358//1470 388//1499 333//1447
f 334//1448 389//1500 358//1470
f 389//1500 334//1448 335//1449
f 335//1449 336//1450 389//1500
f 390//1501 336//1450 337//1451
f 337//1451 359//1471 390//1501
f 391//1502 359//1471 338//1452
f 338//1452 360//1472 391//1502
f 360//1472 306//1421 361//1473
f 361//1473 307//1422 362//1474
f 362//1474 339//1453 392//1503
f 393//1504 339//1453 340//888
f 363//861 394//1505 340//888
f 395//1146 363//1146 3//1146
f 364//1146 396//1146 3//1146
f 364//1146 341//1146 397//1146
f 366//1477 365//1476 309//1455
f 365//1476 398//1506 341//1475
f 366//1477 342//1454 399//1507
f 367//1478 399//1507 342//1454
f 367//1478 343//1456 400//1508
f 368//1479 400//1508 343//1456
f 368//1479 344//1457 401//1509
f 369//1480 401//1509 344//1457
f 345//1458 402//1510 369//1480
f 402//1510 345//1458 370//1481
f 346//1459 403//1511 370//1481
f 403//1511 346//1459 371//1482
f 347//1460 404//1512 371//1482
f 404//1512 347//1460 348//1461
f 348//1461 192//1313 404//1512
f 372//1483 373//1484 317//1431
f 318//1432 373//1484 374//1485
f 319//1433 374//1485 375//1486
f 320//1434 375//1486 376//1487
f 372//1483 321//1435 377//1488
f 377//1488 322//1436 378//1489
f 378//1489 351//1464 405//1513
f 354//1466 405//1513 351//1464
f 352//1490 381//1514 379//1491
f 406//483 323//523 380//1492
f 380//1492 353//1465 382//1493
f 406//1146 381//1146 323//1146
f 382//1493 324//1437 383//1494
f 383//1494 325//1439 385//1496
f 384//1495 407//1515 354//1466
f 384//1495 355//1467 408//1516
f 379//1491 408//1516 355//1467
f 326//1440 386//1497 385//1496
f 327//1441 387//1498 386//1497
f 409//1517 329//1443 376//1487
f 409//1517 387//1498 329//1443
f 388//1499 192//1313 357//1469
f 358//1470 410//1518 388//1499
f 410//1518 358//1470 389//1500
f 411//1519 389//1500 336//1450
f 336//1450 390//1501 411//1519
f 412//1520 390//1501 359//1471
f 359//1471 391//1502 412//1520
f 413//1521 391//1502 360//1472
f 361//1473 414//1522 360//1472
f 362//1474 415//1523 361//1473
f 393//1504 392//1503 339//1453
f 392//1503 416//1524 362//1474
f 393//1504 340//888 394//1505
f 394//1505 363//861 417//1525
f 395//846 417//1525 363//861
f 418//1146 395//1146 3//1146
f 396//1146 419//1146 3//1146
f 364//3 420//1526 396//636
f 397//1146 341//1146 421//1146
f 364//3 397//499 420//1526
f 365//1476 366//1477 422//1527
f 423//1528 341//1475 398//1506
f 398//1506 365//1476 424//1529
f 399//1507 422//1527 366//1477
f 399//1507 367//1478 425//1530
f 400//1508 425//1530 367//1478
f 400//1508 368//1479 426//1531
f 401//1509 426//1531 368//1479
f 369//1480 427//1532 401//1509
f 427//1532 369//1480 402//1510
f 370//1481 428//1533 402//1510
f 428//1533 370//1481 403//1511
f 371//1482 429//1534 403//1511
f 429//1534 371//1482 404//1512
f 404//1512 192//1313 429//1534
f 373//1484 372//1483 430//1535
f 431//1536 374//1485 373//1484
f 432//1537 375//1486 374//1485
f 433//1538 376//1487 375//1486
f 377//1488 430//1535 372//1483
f 378//1489 434//1539 377//1488
f 405//1513 435//1540 378//1489
f 405//1513 354//1466 407//1515
f 436//1541 379//1491 381//1514
f 406//483 380//1492 437//455
f 382//1493 438//1542 380//1492
f 439//1146 381//1146 406//1146
f 383//1494 440//1543 382//1493
f 385//1496 441//1544 383//1494
f 407//1515 384//1495 442//1545
f 408//1516 442//1545 384//1495
f 408//1516 379//1491 443//1546
f 444//1547 385//1496 386//1497
f 445//1548 386//1497 387//1498
f 433//1538 409//1517 376//1487
f 387//1498 409//1517 445//1548
f 446//1549 192//1313 388//1499
f 446//1549 388//1499 410//1518
f 389//1500 411//1519 410//1518
f 447//1550 411//1519 390//1501
f 390//1501 412//1520 447//1550
f 448//1551 412//1520 391//1502
f 391//1502 413//1521 448//1551
f 413//1521 360//1472 414//1522
f 414//1522 361//1473 415//1523
f 415//1523 362//1474 416//1524
f 392//1503 393//1504 449//1552
f 416//1524 392//1503 450//1553
f 394//1505 449//1552 393//1504
f 417//1525 451//1554 394//1505
f 417//1525 395//846 452//1555
f 418//823 452//1555 395//846
f 453//1146 418//1146 3//1146
f 419//1146 454//1146 3//1146
f 419//742 396//636 455//1556
f 456//1557 396//636 420//1526
f 421//1146 341//1146 457//1146
f 397//499 421//435 458//1558
f 458//1558 420//1526 397//499
f 422//1527 424//1529 365//1476
f 341//1146 423//1146 459//1146
f 423//1528 398//1506 460//1559
f 424//1529 461//1560 398//1506
f 422//1527 399//1507 462//1561
f 425//1530 462//1561 399//1507
f 425//1530 400//1508 463//1562
f 426//1531 463//1562 400//1508
f 401//1509 464//1563 426//1531
f 464//1563 401//1509 427//1532
f 402//1510 465//1564 427//1532
f 465//1564 402//1510 428//1533
f 403//1511 466//1565 428//1533
f 466//1565 403//1511 429//1534
f 429//1534 192//1313 466//1565
f 373//1484 430//1535 431//1536
f 374//1485 431//1536 432//1537
f 375//1486 432//1537 433//1538
f 430//1535 377//1488 434//1539
f 434//1539 378//1489 435//1540
f 435//1540 405//1513 467//1566
f 407//1515 467//1566 405//1513
f 436//1541 443//1546 379//1491
f 381//1514 439//1567 436//1541
f 468//1568 437//455 380//1492
f 437//1146 439//1146 406//1146
f 468//1568 380//1492 438//1542
f 438//1542 382//1493 440//1543
f 440//1543 383//1494 441//1544
f 385//1496 444//1547 441//1544
f 442//1545 469//1569 407//1515
f 442//1545 408//1516 470//1570
f 443//1546 470//1570 408//1516
f 386//1497 445//1548 444//1547
f 471//1571 409//1517 433//1538
f 472//1572 445//1548 409//1517
f 473//1573 192//1313 446//1549
f 410//1518 474//1574 446//1549
f 474//1574 410//1518 411//1519
f 411//1519 447//1550 474//1574
f 475//1575 447//1550 412//1520
f 412//1520 448//1551 475//1575
f 476//1576 448//1551 413//1521
f 413//1521 414//1522 476//1576
f 415//1523 477//1577 414//1522
f 416//1524 478//1578 415//1523
f 449//1552 450//1553 392//1503
f 450//1553 479//1579 416//1524
f 449//1552 394//1505 451//1554
f 451//1554 417//1525 480//1580
f 452//1555 480//1580 417//1525
f 418//823 453//802 452//1555
f 481//1146 453//1146 3//1146
f 454//1146 482//1146 3//1146
f 454//767 419//742 483//1581
f 456//1557 455//1556 396//636
f 455//1556 483//1581 419//742
f 420//1526 484//1582 456//1557
f 457//1146 341//1146 485//1146
f 457//404 486//1583 421//435
f 487//1584 458//1558 421//435
f 458//1558 488//1585 420//1526
f 424//1529 422//1527 489//1586
f 459//1146 423//1146 490//1146
f 485//1146 341//1146 459//1146
f 491//1587 460//1559 398//1506
f 423//1146 460//1146 492//1146
f 491//1587 398//1506 461//1560
f 461//1560 424//1529 493//1588
f 462//1561 489//1586 422//1527
f 462//1561 425//1530 494//1589
f 463//1562 494//1589 425//1530
f 426//1531 495//1590 463//1562
f 495//1590 426//1531 464//1563
f 427//1532 496//1591 464//1563
f 496//1591 427//1532 465//1564
f 428//1533 497//1592 465//1564
f 497//1592 428//1533 466//1565
f 466//1565 192//1313 497//1592
f 498//1593 431//1536 430//1535
f 499//1594 432//1537 431//1536
f 471//1571 433//1538 432//1537
f 430//1535 434//1539 498//1593
f 434//1539 435//1540 500//1595
f 435//1540 467//1566 501//1596
f 467//1566 407//1515 469//1569
f 443//1546 436//1541 502//1597
f 503//1598 436//1541 439//1567
f 437//455 468//1568 504//419
f 505//1146 439//1146 437//1146
f 438//1542 506//1599 468//1568
f 440//1543 507//1600 438//1542
f 441//1544 508//1601 440//1543
f 509//1602 441//1544 444//1547
f 469//1569 442//1545 510//1603
f 470//1570 510//1603 442//1545
f 470//1570 443//1546 511//1604
f 512//1605 444//1547 445//1548
f 513//1606 409//1517 471//1571
f 445//1548 472//1572 512//1605
f 472//1572 409//1517 513//1606
f 514//1607 192//1313 473//1573
f 473//1573 446//1549 474//1574
f 515//1608 474//1574 447//1550
f 447//1550 475//1575 515//1608
f 516//1609 475//1575 448//1551
f 448//1551 476//1576 516//1609
f 517//1610 476//1576 414//1522
f 517//1610 414//1522 477//1577
f 477//1577 415//1523 478//1578
f 478//1578 416//1524 479//1579
f 450//1553 449//1552 518//1611
f 479//1579 450//1553 519//1612
f 451//1554 518//1611 449//1552
f 480//1580 520//1613 451//1554
f 480//1580 452//1555 521//1614
f 522//1615 452//1555 453//802
f 481//800 523//1616 453//802
f 482//1146 481//1146 3//1146
f 454//767 483//1581 482//798
f 456//1557 524//1617 455//1556
f 455//1556 525//1618 483//1581
f 524//1617 456//1557 484//1582
f 484//1582 420//1526 488//1585
f 485//322 526//1619 457//404
f 487//1584 421//435 486//1583
f 486//1583 457//404 526//1619
f 458//1558 487//1584 488//1585
f 489//1586 493//1588 424//1529
f 490//1146 423//1146 527//1146
f 490//197 528//1620 459//290
f 485//322 459//290 526//1619
f 491//1587 529//1621 460//1559
f 492//1146 460//1146 530//1146
f 527//1146 423//1146 492//1146
f 461//1560 531//1622 491//1587
f 493//1588 532//1623 461//1560
f 489//1586 462//1561 533//1624
f 494//1589 533//1624 462//1561
f 463//1562 534//1625 494//1589
f 534//1625 463//1562 495//1590
f 464//1563 535//1626 495//1590
f 535//1626 464//1563 496//1591
f 465//1564 536//1627 496//1591
f 536//1627 465//1564 497//1592
f 497//1592 192//1313 536//1627
f 431//1536 498//1593 499//1594
f 432//1537 499//1594 471//1571
f 500//1595 498//1593 434//1539
f 501//1596 500//1595 435//1540
f 537//1628 501//1596 467//1566
f 467//1566 469//1569 537//1628
f 503//1598 502//1597 436//1541
f 502//1597 511//1604 443//1546
f 503//1598 439//1567 538//1629
f 539//1630 504//419 468//1568
f 504//1146 505//1146 437//1146
f 505//1631 538//1629 439//1567
f 539//1630 468//1568 506//1599
f 506//1599 438//1542 507//1600
f 507//1600 440//1543 508//1601
f 441//1544 509//1602 508//1601
f 444//1547 512//1605 509//1602
f 469//1569 510//1603 540//1632
f 510//1603 470//1570 541//1633
f 511//1604 541//1633 470//1570
f 513//1606 471//1571 499//1594
f 542//1634 512//1605 472//1572
f 543//1635 472//1572 513//1606
f 544//1636 192//1313 514//1607
f 514//1607 473//1573 515//1608
f 474//1574 515//1608 473//1573
f 545//1637 515//1608 475//1575
f 475//1575 516//1609 545//1637
f 546//1638 516//1609 476//1576
f 476//1576 517//1610 546//1638
f 517//1610 477//1577 547//1639
f 477//1577 478//1578 548//1640
f 478//1578 479//1579 549//1641
f 518//1611 519//1612 450//1553
f 479//1579 519//1612 550//1642
f 518//1611 451//1554 520//1613
f 520//1613 480//1580 551//1643
f 522//1615 521//1614 452//1555
f 521//1614 551//1643 480//1580
f 522//1615 453//802 523//1616
f 481//800 482//798 523//1616
f 552//1644 482//798 483//1581
f 525//1618 455//1556 524//1617
f 553//1645 483//1581 525//1618
f 484//1582 554//1646 524//1617
f 488//1585 555//1647 484//1582
f 487//1584 486//1583 556//1648
f 486//1583 526//1619 557//1649
f 556//1648 488//1585 487//1584
f 493//1588 489//1586 558//1650
f 490//197 527//173 528//1620
f 559//1651 459//290 528//1620
f 559//1651 526//1619 459//290
f 560//1652 460//1559 529//1621
f 529//1621 491//1587 531//1622
f 460//1146 560//1146 530//1146
f 530//80 561//1653 492//122
f 492//122 562//1654 527//173
f 531//1622 461//1560 532//1623
f 493//1588 558//1650 532//1623
f 533//1624 558//1650 489//1586
f 494//1589 563//1655 533//1624
f 563//1655 494//1589 534//1625
f 495//1590 564//1656 534//1625
f 564//1656 495//1590 535//1626
f 496//1591 565//1657 535//1626
f 565//1657 496//1591 536//1627
f 536//1627 192//1313 565//1657
f 566//1658 499//1594 498//1593
f 498//1593 500//1595 566//1658
f 500//1595 501//1596 567//1659
f 501//1596 537//1628 568//1660
f 540//1632 537//1628 469//1569
f 502//1597 503//1598 569//1661
f 511//1604 502//1597 570//1662
f 538//1629 569//1661 503//1598
f 504//419 539//1630 571//12
f 572//1146 505//1146 504//1146
f 538//1629 505//1631 573//1663
f 506//1599 574//1664 539//1630
f 507//1600 575//1665 506//1599
f 508//1601 576//1666 507//1600
f 577//1667 508//1601 509//1602
f 578//1668 509//1602 512//1605
f 579//1669 540//1632 510//1603
f 510//1603 541//1633 579//1669
f 541//1633 511//1604 580//1670
f 499//1594 566//1658 513//1606
f 512//1605 542//1634 578//1668
f 542//1634 472//1572 581//1671
f 581//1671 472//1572 543//1635
f 543//1635 513//1606 566//1658
f 582//1672 192//1313 544//1636
f 544//1636 514//1607 545//1637
f 515//1608 545//1637 514//1607
f 583//1673 545//1637 516//1609
f 516//1609 546//1638 583//1673
f 547//1639 546//1638 517//1610
f 548//1640 547//1639 477//1577
f 549//1641 548//1640 478//1578
f 550//1642 549//1641 479//1579
f 519//1612 518//1611 584//1674
f 585//1675 550//1642 519//1612
f 520//1613 584//1674 518//1611
f 551//1643 586//1676 520//1613
f 521//1614 522//1615 587//1677
f 551//1643 521//1614 588//1678
f 523//1616 587//1677 522//1615
f 552//1644 523//1616 482//798
f 483//1581 553//1645 552//1644
f 524//1617 589//1679 525//1618
f 525//1618 590//1680 553//1645
f 589//1679 524//1617 554//1646
f 554//1646 484//1582 555//1647
f 488//1585 556//1648 555//1647
f 557//1649 556//1648 486//1583
f 591//1681 557//1649 526//1619
f 592//1682 528//1620 527//173
f 559//1651 528//1620 593//1683
f 526//1619 559//1651 591//1681
f 529//1621 594//1684 560//1652
f 531//1622 595//1685 529//1621
f 530//1146 560//1146 596//1146
f 562//1654 492//122 561//1653
f 561//1653 530//80 597//1686
f 592//1682 527//173 562//1654
f 532//1623 598//1687 531//1622
f 599//1688 532//1623 558//1650
f 533//1624 600//1689 558//1650
f 600//1689 533//1624 563//1655
f 534//1625 601//1690 563//1655
f 601//1690 534//1625 564//1656
f 535//1626 602//1691 564//1656
f 602//1691 535//1626 565//1657
f 565//1657 192//1313 603//1692
f 567//1659 566//1658 500//1595
f 568//1660 567//1659 501//1596
f 604//1693 568//1660 537//1628
f 537//1628 540//1632 604//1693
f 569//1661 570//1662 502//1597
f 570//1662 580//1670 511//1604
f 569//1661 538//1629 605//1694
f 606//1695 571//12 539//1630
f 571//1146 572//1146 504//1146
f 572//1696 573//1663 505//1631
f 573//1663 605//1694 538//1629
f 606//1695 539//1630 574//1664
f 574//1664 506//1599 575//1665
f 575//1665 507//1600 576//1666
f 508//1601 577//1667 576//1666
f 509//1602 578//1668 577//1667
f 540//1632 579//1669 607//1697
f 608//1698 579//1669 541//1633
f 541//1633 580//1670 608//1698
f 609//1699 578//1668 542//1634
f 610//1700 542//1634 581//1671
f 581//1671 543//1635 567//1659
f 566//1658 567//1659 543//1635
f 611//1701 192//1313 582//1672
f 582//1672 544//1636 583//1673
f 545//1637 583//1673 544//1636
f 612//1702 583//1673 546//1638
f 546//1638 547//1639 612//1702
f 547//1639 548//1640 613//1703
f 548//1640 549//1641 614//1704
f 549//1641 550//1642 615//1705
f 519//1612 584//1674 585//1675
f 550//1642 585//1675 616//1706
f 584//1674 520//1613 586//1676
f 586//1676 551//1643 617//1707
f 587//1677 588//1678 521//1614
f 588//1678 617//1707 551//1643
f 587//1677 523//1616 618//1708
f 552//1644 618//1708 523//1616
f 618//1708 552//1644 553//1645
f 590//1680 525//1618 589//1679
f 619//1709 553//1645 590//1680
f 554//1646 620//1710 589//1679
f 555//1647 621//1711 554//1646
f 622//1712 555//1647 556//1648
f 556//1648 557//1649 622//1712
f 557//1649 591//1681 623//1713
f 528//1620 592//1682 624//1714
f 624//1714 593//1683 528//1620
f 593//1683 591//1681 559//1651
f 625//1715 560//1652 594//1684
f 594//1684 529//1621 595//1685
f 595//1685 531//1622 598//1687
f 596//1146 560//1146 626//1146
f 596//79 597//1686 530//80
f 562//1654 561//1653 627//1716
f 561//1653 597//1686 628//1717
f 592//1682 562//1654 629//1718
f 532//1623 599//1688 598//1687
f 558//1650 630//1719 599//1688
f 630//1719 558//1650 600//1689
f 563//1655 631//1720 600//1689
f 631//1720 563//1655 601//1690
f 564//1656 632//1721 601//1690
f 632//1721 564//1656 602//1691
f 565//1657 633//1722 602//1691
f 603//1692 192//1313 634//1723
f 603//1692 633//1722 565//1657
f 567//1659 568//1660 581//1671
f 568//1660 604//1693 610//1700
f 607//1697 604//1693 540//1632
f 570//1662 569//1661 635//1724
f 580//1670 570//1662 636//1725
f 605//1694 635//1724 569//1661
f 571//12 606//1695 637//417
f 571//1146 637//1146 572//1146
f 573//1663 572//1696 638//1726
f 605//1694 573//1663 639//1727
f 606//1695 574//1664 640//1728
f 574//1664 575//1665 641//1729
f 575//1665 576//1666 642//1730
f 643//1731 576//1666 577//1667
f 644//1732 577//1667 578//1668
f 645//1733 607//1697 579//1669
f 579//1669 608//1698 645//1733
f 646//1734 608//1698 580//1670
f 578//1668 609//1699 644//1732
f 609//1699 542//1634 647//1735
f 647//1735 542//1634 610//1700
f 610//1700 581//1671 568//1660
f 648//1736 192//1313 611//1701
f 611//1701 582//1672 612//1702
f 583//1673 612//1702 582//1672
f 613//1703 612//1702 547//1639
f 614//1704 613//1703 548//1640
f 615//1705 614//1704 549//1641
f 616//1706 615//1705 550//1642
f 649//1737 585//1675 584//1674
f 650//1738 616//1706 585//1675
f 584//1674 586//1676 649//1737
f 586//1676 617//1707 651//1739
f 588//1678 587//1677 652//1740
f 617//1707 588//1678 653//1741
f 618//1708 652//1740 587//1677
f 553//1645 619//1709 618//1708
f 589//1679 654//1742 590//1680
f 590//1680 655//1743 619//1709
f 654//1742 589//1679 620//1710
f 620//1710 554//1646 621//1711
f 555//1647 622//1712 621//1711
f 623//1713 622//1712 557//1649
f 656//1744 623//1713 591//1681
f 629//1718 624//1714 592//1682
f 593//1683 624//1714 657//1745
f 591//1681 593//1683 656//1744
f 560//1146 625//1146 626//1146
f 594//1684 658//1746 625//1715
f 595//1685 659//1747 594//1684
f 598//1687 660//1748 595//1685
f 596//79 626//62 597//1686
f 628//1717 627//1716 561//1653
f 627//1716 629//1718 562//1654
f 661//1749 628//1717 597//1686
f 662//1750 598//1687 599//1688
f 663//1751 599//1688 630//1719
f 600//1689 664//1752 630//1719
f 664//1752 600//1689 631//1720
f 601//1690 665//1753 631//1720
f 665//1753 601//1690 632//1721
f 602//1691 666//1754 632//1721
f 633//1722 667//1755 602//1691
f 634//1723 192//1313 668//1756
f 603//1692 634//1723 669//1757
f 603//1692 669//1757 633//1722
f 647//1735 610//1700 604//1693
f 604//1693 607//1697 647//1735
f 635//1724 636//1725 570//1662
f 580//1670 636//1725 646//1734
f 635//1724 605//1694 670//1758
f 640//1728 637//417 606//1695
f 671//1146 572//1146 637//1146
f 671//1759 638//1726 572//1696
f 638//1726 639//1727 573//1663
f 639//1727 670//1758 605//1694
f 641//1729 640//1728 574//1664
f 642//1730 641//1729 575//1665
f 672//1760 642//1730 576//1666
f 643//1731 673//1761 576//1666
f 577//1667 644//1732 643//1731
f 607//1697 645//1733 674//1762
f 675//1763 645//1733 608//1698
f 608//1698 646//1734 675//1763
f 676//1764 644//1732 609//1699
f 674//1762 609//1699 647//1735
f 677//1765 192//1313 648//1736
f 648//1736 611//1701 613//1703
f 612//1702 613//1703 611//1701
f 613//1703 614//1704 648//1736
f 614//1704 615//1705 677//1765
f 615//1705 616//1706 678//1766
f 585//1675 649//1737 650//1738
f 616//1706 650//1738 679//1767
f 651//1739 649//1737 586//1676
f 680//1768 651//1739 617//1707
f 652//1740 653//1741 588//1678
f 617//1707 653//1741 680//1768
f 652//1740 618//1708 619//1709
f 655//1743 590//1680 654//1742
f 681//1769 619//1709 655//1743
f 654//1742 620//1710 682//1770
f 621//1711 683//1771 620//1710
f 684//1772 621//1711 622//1712
f 622//1712 623//1713 684//1772
f 623//1713 656//1744 685//1773
f 624//1714 629//1718 686//1774
f 686//1774 657//1745 624//1714
f 657//1745 656//1744 593//1683
f 626//1146 625//1146 687//1146
f 688//1775 625//1715 658//1746
f 658//1746 594//1684 659//1747
f 659//1747 595//1685 660//1748
f 660//1748 598//1687 689//1776
f 690//1777 597//1686 626//62
f 627//1716 628//1717 691//1778
f 629//1718 627//1716 692//1779
f 628//1717 661//1749 693//1780
f 597//1686 690//1777 661//1749
f 662//1750 689//1776 598//1687
f 599//1688 663//1751 662//1750
f 630//1719 694//1781 663//1751
f 694//1781 630//1719 664//1752
f 631//1720 695//1782 664//1752
f 695//1782 631//1720 665//1753
f 632//1721 696//1783 665//1753
f 666//1754 697//1784 632//1721
f 698//1785 666//1754 602//1691
f 667//1755 698//1785 602//1691
f 633//1722 699//1786 667//1755
f 668//1756 192//1313 700//1787
f 634//1723 668//1756 701//1788
f 701//1788 669//1757 634//1723
f 699//1786 633//1722 669//1757
f 674//1762 647//1735 607//1697
f 636//1725 635//1724 702//1789
f 703//1790 646//1734 636//1725
f 670//1758 702//1789 635//1724
f 640//1728 704//1791 637//417
f 705//1146 671//1146 637//1146
f 671//1759 706//1792 638//1726
f 639//1727 638//1726 707//1793
f 670//1758 639//1727 708//1794
f 640//1728 641//1729 704//1791
f 641//1729 642//1730 709//1795
f 642//1730 672//1760 710//1796
f 672//1760 576//1666 673//1761
f 673//1761 643//1731 711//1797
f 712//1798 643//1731 644//1732
f 713//1799 674//1762 645//1733
f 645//1733 675//1763 713//1799
f 714//1800 675//1763 646//1734
f 644//1732 676//1764 712//1798
f 676//1764 609//1699 674//1762
f 678//1766 192//1313 677//1765
f 677//1765 648//1736 614//1704
f 678//1766 677//1765 615//1705
f 679//1767 678//1766 616//1706
f 715//1801 650//1738 649//1737
f 716//1802 679//1767 650//1738
f 649//1737 651//1739 715//1801
f 651//1739 680//1768 717//1803
f 653//1741 652//1740 681//1769
f 718//1804 680//1768 653//1741
f 619//1709 681//1769 652//1740
f 655//1743 654//1742 719//1805
f 681//1769 655//1743 720//1806
f 721//1807 682//1770 620//1710
f 682//1770 719//1805 654//1742
f 721//1807 620//1710 683//1771
f 683//1771 621//1711 722//1808
f 684//1772 722//1808 621//1711
f 685//1773 684//1772 623//1713
f 723//1809 685//1773 656//1744
f 692//1779 686//1774 629//1718
f 657//1745 686//1774 724//1810
f 656//1744 657//1745 723//1809
f 625//1146 688//1146 687//1146
f 687//46 725//1811 626//62
f 658//1746 726//1812 688//1775
f 659//1747 727//1813 658//1746
f 660//1748 728//1814 659//1747
f 689//1776 729//1815 660//1748
f 690//1777 626//62 725//1811
f 693//1780 691//1778 628//1717
f 691//1778 692//1779 627//1716
f 730//1816 693//1780 661//1749
f 731//1817 661//1749 690//1777
f 662//1750 732//1818 689//1776
f 732//1818 662//1750 663//1751
f 733//1819 663//1751 694//1781
f 664//1752 734//1820 694//1781
f 734//1820 664//1752 695//1782
f 665//1753 735//1821 695//1782
f 696//1783 736//1822 665//1753
f 697//1784 696//1783 632//1721
f 666//1754 737//1823 697//1784
f 698//1785 738//1824 666//1754
f 667//1755 739//1825 698//1785
f 739//1825 667//1755 699//1786
f 700//1787 192//1313 740//1826
f 668//1756 700//1787 741//1827
f 741//1827 701//1788 668//1756
f 669//1757 701//1788 721//1807
f 669//1757 721//1807 699//1786
f 636//1725 702//1789 703//1790
f 646//1734 703//1790 714//1800
f 702//1789 670//1758 742//1828
f 705//452 637//417 704//1791
f 743//1146 671//1146 705//1146
f 744//1829 638//1726 706//1792
f 706//1146 671//1146 745//1146
f 744//1829 707//1793 638//1726
f 707//1793 708//1794 639//1727
f 708//1794 742//1828 670//1758
f 709//1795 704//1791 641//1729
f 710//1796 709//1795 642//1730
f 746//1830 710//1796 672//1760
f 673//1761 747//1831 672//1760
f 712//1798 711//1797 643//1731
f 711//1797 748//1832 673//1761
f 713//1799 676//1764 674//1762
f 749//1833 713//1799 675//1763
f 675//1763 714//1800 749//1833
f 750//1834 712//1798 676//1764
f 679//1767 192//1313 678//1766
f 650//1738 715//1801 716//1802
f 716//1802 192//1313 679//1767
f 717//1803 715//1801 651//1739
f 751//1835 717//1803 680//1768
f 653//1741 681//1769 718//1804
f 680//1768 718//1804 751//1835
f 719//1805 720//1806 655//1743
f 720//1806 718//1804 681//1769
f 682//1770 721//1807 701//1788
f 719//1805 682//1770 741//1827
f 683//1771 699//1786 721//1807
f 722//1808 739//1825 683//1771
f 722//1808 684//1772 752//1836
f 685//1773 752//1836 684//1772
f 723//1809 753//1837 685//1773
f 686//1774 692//1779 754//1838
f 754//1838 724//1810 686//1774
f 724//1810 723//1809 657//1745
f 687//1146 688//1146 755//1146
f 687//46 755//34 725//1811
f 756//1839 688//1775 726//1812
f 726//1812 658//1746 727//1813
f 727//1813 659//1747 728//1814
f 728//1814 660//1748 729//1815
f 689//1776 757//1840 729//1815
f 690//1777 725//1811 731//1817
f 691//1778 693//1780 758//1841
f 692//1779 691//1778 759//1842
f 693//1780 730//1816 760//1843
f 661//1749 731//1817 730//1816
f 757//1840 689//1776 732//1818
f 663//1751 733//1819 732//1818
f 694//1781 761//1844 733//1819
f 761//1844 694//1781 734//1820
f 695//1782 762//1845 734//1820
f 735//1821 762//1845 695//1782
f 736//1822 735//1821 665//1753
f 696//1783 763//1846 736//1822
f 697//1784 764//1847 696//1783
f 764//1847 697//1784 737//1823
f 737//1823 666//1754 738//1824
f 738//1824 698//1785 739//1825
f 699//1786 683//1771 739//1825
f 740//1826 192//1313 765//1848
f 700//1787 740//1826 766//1849
f 766//1849 741//1827 700//1787
f 701//1788 741//1827 682//1770
f 767//1850 703//1790 702//1789
f 768//1851 714//1800 703//1790
f 702//1789 742//1828 767//1850
f 705//452 704//1791 743//480
f 769//1146 671//1146 743//1146
f 744//1829 706//1792 770//1852
f 745//1146 671//1146 769//1146
f 771//1146 706//1146 745//1146
f 707//1793 744//1829 772//1853
f 708//1794 707//1793 773//1854
f 708//1794 773//1854 742//1828
f 704//1791 709//1795 774//1855
f 709//1795 710//1796 775//1856
f 710//1796 746//1830 776//1857
f 746//1830 672//1760 747//1831
f 747//1831 673//1761 748//1832
f 711//1797 712//1798 777//1858
f 748//1832 711//1797 778//1859
f 750//1834 676//1764 713//1799
f 749//1833 777//1858 713//1799
f 779//1860 749//1833 714//1800
f 750//1834 777//1858 712//1798
f 780//1861 716//1802 715//1801
f 780//1861 192//1313 716//1802
f 715//1801 717//1803 780//1861
f 717//1803 751//1835 781//1862
f 782//1863 751//1835 718//1804
f 720//1806 719//1805 766//1849
f 718//1804 720//1806 782//1863
f 741//1827 766//1849 719//1805
f 739//1825 722//1808 738//1824
f 752//1836 738//1824 722//1808
f 752//1836 685//1773 753//1837
f 753//1837 723//1809 783//1864
f 759//1842 754//1838 692//1779
f 754//1838 784//1865 724//1810
f 724//1810 783//1864 723//1809
f 688//1146 756//1146 755//1146
f 785//1866 725//1811 755//34
f 726//1812 786//1867 756//1839
f 727//1813 787//1868 726//1812
f 728//1814 788//1869 727//1813
f 729//1815 789//1870 728//1814
f 790//1871 729//1815 757//1840
f 791//1872 731//1817 725//1811
f 760//1843 758//1841 693//1780
f 758//1841 759//1842 691//1778
f 792//1873 760//1843 730//1816
f 793//1874 730//1816 731//1817
f 732//1818 794//1875 757//1840
f 794//1875 732//1818 733//1819
f 795//1876 733//1819 761//1844
f 734//1820 796//1877 761//1844
f 762//1845 796//1877 734//1820
f 735//1821 797//1878 762//1845
f 736//1822 798//1879 735//1821
f 798//1879 736//1822 763//1846
f 763//1846 696//1783 764//1847
f 737//1823 753//1837 764//1847
f 738//1824 752//1836 737//1823
f 765//1848 192//1313 781//1862
f 740//1826 765//1848 782//1863
f 782//1863 766//1849 740//1826
f 703//1790 767//1850 768//1851
f 714//1800 768//1851 779//1860
f 799//1880 767//1850 742//1828
f 774//1855 743//480 704//1791
f 769//519 743//480 800//1881
f 801//1882 770//1852 706//1792
f 770//1852 772//1853 744//1829
f 769//519 800//1881 745//518
f 802//1146 706//1146 771//1146
f 771//478 745//518 803//1883
f 772//1853 773//1854 707//1793
f 804//1884 742//1828 773//1854
f 775//1856 774//1855 709//1795
f 776//1857 775//1856 710//1796
f 805//1885 776//1857 746//1830
f 747//1831 806//1886 746//1830
f 748//1832 807//1887 747//1831
f 777//1858 778//1859 711//1797
f 778//1859 808//1888 748//1832
f 750//1834 713//1799 777//1858
f 778//1859 777//1858 749//1833
f 779//1860 809//1889 749//1833
f 781//1862 192//1313 780//1861
f 781//1862 780//1861 717//1803
f 765//1848 781//1862 751//1835
f 751//1835 782//1863 765//1848
f 766//1849 782//1863 720//1806
f 753//1837 737//1823 752//1836
f 783//1864 764//1847 753//1837
f 759//1842 810//1890 754//1838
f 783//1864 724//1810 784//1865
f 784//1865 754//1838 810//1890
f 755//1146 756//1146 811//1146
f 725//1811 785//1866 791//1872
f 755//34 811//22 785//1866
f 812//1891 756//1839 786//1867
f 786//1867 726//1812 787//1868
f 787//1868 727//1813 788//1869
f 788//1869 728//1814 789//1870
f 729//1815 790//1871 789//1870
f 757//1840 813//1892 790//1871
f 731//1817 791//1872 793//1874
f 760//1843 814//1893 758//1841
f 758//1841 815//1894 759//1842
f 792//1873 816//1895 760//1843
f 730//1816 793//1874 792//1873
f 813//1892 757//1840 794//1875
f 733//1819 795//1876 794//1875
f 761//1844 817//1896 795//1876
f 796//1877 817//1896 761//1844
f 762//1845 818//1897 796//1877
f 818//1897 762//1845 797//1878
f 797//1878 735//1821 798//1879
f 763//1846 784//1865 798//1879
f 764//1847 783//1864 763//1846
f 819//1898 768//1851 767//1850
f 820//1899 779//1860 768//1851
f 767//1850 799//1880 819//1898
f 742//1828 804//1884 799//1880
f 774//1855 800//1881 743//480
f 801//1882 821//1900 770//1852
f 801//1146 706//1146 822//1146
f 770//1852 823//1901 772//1853
f 824//1902 745//518 800//1881
f 822//1146 706//1146 802//1146
f 771//478 803//1883 802//450
f 824//1902 803//1883 745//518
f 772//1853 825//1903 773//1854
f 773//1854 826//1904 804//1884
f 774//1855 775//1856 800//1881
f 775//1856 776//1857 827//1905
f 776//1857 805//1885 828//1906
f 805//1885 746//1830 806//1886
f 806//1886 747//1831 807//1887
f 807//1887 748//1832 808//1888
f 808//1888 778//1859 749//1833
f 809//1889 808//1888 749//1833
f 829//1907 809//1889 779//1860
f 810//1890 759//1842 815//1894
f 784//1865 763//1846 783//1864
f 810//1890 798//1879 784//1865
f 756//1146 812//1146 811//1146
f 830//1908 791//1872 785//1866
f 831//1909 785//1866 811//22
f 786//1867 832//1910 812//1891
f 787//1868 833//1911 786//1867
f 788//1869 834//1912 787//1868
f 789//1870 835//1913 788//1869
f 836//1914 789//1870 790//1871
f 837//1915 790//1871 813//1892
f 838//1916 793//1874 791//1872
f 815//1894 758//1841 814//1893
f 814//1893 760//1843 816//1895
f 816//1895 792//1873 839//1917
f 840//1918 792//1873 793//1874
f 794//1875 841//1919 813//1892
f 841//1919 794//1875 795//1876
f 817//1896 842//1920 795//1876
f 796//1877 843//1921 817//1896
f 843//1921 796//1877 818//1897
f 797//1878 815//1894 818//1897
f 798//1879 810//1890 797//1878
f 768//1851 819//1898 820//1899
f 820//1899 844//1922 779//1860
f 845//1923 819//1898 799//1880
f 846//1924 799//1880 804//1884
f 823//1901 770//1852 821//1900
f 821//1146 801//1146 847//1146
f 848//1146 801//1146 822//1146
f 825//1903 772//1853 823//1901
f 800//1881 827//1905 824//1902
f 802//450 849//1925 822//416
f 849//1925 802//450 803//1883
f 824//1902 850//1926 803//1883
f 826//1904 773//1854 825//1903
f 851//1927 804//1884 826//1904
f 827//1905 800//1881 775//1856
f 828//1906 827//1905 776//1857
f 852//1928 828//1906 805//1885
f 806//1886 853//1929 805//1885
f 807//1887 854//1930 806//1886
f 808//1888 809//1889 807//1887
f 809//1889 829//1907 854//1930
f 855//1931 829//1907 779//1860
f 815//1894 797//1878 810//1890
f 811//1146 812//1146 856//1146
f 791//1872 830//1908 838//1916
f 785//1866 831//1909 830//1908
f 811//22 856//21 831//1909
f 857//1932 812//1891 832//1910
f 832//1910 786//1867 833//1911
f 833//1911 787//1868 834//1912
f 834//1912 788//1869 835//1913
f 789//1870 836//1914 835//1913
f 790//1871 837//1915 836//1914
f 813//1892 858//1933 837//1915
f 793//1874 838//1916 840//1918
f 814//1893 818//1897 815//1894
f 816//1895 843//1921 814//1893
f 840//1918 839//1917 792//1873
f 839//1917 859//1934 816//1895
f 858//1933 813//1892 841//1919
f 795//1876 842//1920 841//1919
f 817//1896 859//1934 842//1920
f 859//1934 817//1896 843//1921
f 818//1897 814//1893 843//1921
f 860//1935 820//1899 819//1898
f 844//1922 855//1931 779//1860
f 861//1936 844//1922 820//1899
f 819//1898 845//1923 860//1935
f 799//1880 846//1924 845//1923
f 804//1884 851//1927 846//1924
f 821//1900 862//1937 823//1901
f 847//1146 801//1146 848//1146
f 863//1146 821//1146 847//1146
f 822//416 864//1938 848//394
f 823//1901 865//1939 825//1903
f 850//1926 824//1902 827//1905
f 864//1938 822//416 849//1925
f 803//1883 866//1940 849//1925
f 866//1940 803//1883 850//1926
f 825//1903 867//1941 826//1904
f 826//1904 868//1942 851//1927
f 827//1905 828//1906 850//1926
f 828//1906 852//1928 869//1943
f 852//1928 805//1885 853//1929
f 853//1929 806//1886 854//1930
f 854//1930 807//1887 809//1889
f 870//1944 854//1930 829//1907
f 829//1907 855//1931 870//1944
f 812//1146 857//1146 856//1146
f 871//1945 838//1916 830//1908
f 872//1946 830//1908 831//1909
f 873//1947 831//1909 856//21
f 832//1910 874//1948 857//1932
f 833//1911 875//1949 832//1910
f 834//1912 876//1950 833//1911
f 835//1913 877//1951 834//1912
f 878//1952 835//1913 836//1914
f 879//1953 836//1914 837//1915
f 880//1954 837//1915 858//1933
f 881//1955 840//1918 838//1916
f 843//1921 816//1895 859//1934
f 839//1917 840//1918 882//1956
f 859//1934 839//1917 883//1957
f 841//1919 884//1958 858//1933
f 842//1920 884//1958 841//1919
f 883//1957 842//1920 859//1934
f 860//1935 861//1936 820//1899
f 855//1931 844//1922 885//1959
f 844//1922 861//1936 886//1960
f 887//1961 860//1935 845//1923
f 888//1962 845//1923 846//1924
f 889//1963 846//1924 851//1927
f 865//1939 823//1901 862//1937
f 862//1146 821//1146 890//1146
f 848//394 891//1964 847//362
f 890//1146 821//1146 863//1146
f 847//362 892//1965 863//340
f 891//1964 848//394 864//1938
f 867//1941 825//1903 865//1939
f 849//1925 893//1966 864//1938
f 893//1966 849//1925 866//1940
f 850//1926 869//1943 866//1940
f 868//1942 826//1904 867//1941
f 894//1967 851//1927 868//1942
f 869//1943 850//1926 828//1906
f 895//1968 869//1943 852//1928
f 853//1929 896//1969 852//1928
f 854//1930 870//1944 853//1929
f 885//1959 870//1944 855//1931
f 856//1146 857//1146 897//1146
f 871//1945 898//1970 838//1916
f 830//1908 872//1946 871//1945
f 831//1909 873//1947 872//1946
f 856//21 897//24 873//1947
f 899//1971 857//1932 874//1948
f 874//1948 832//1910 875//1949
f 875//1949 833//1911 876//1950
f 876//1950 834//1912 877//1951
f 835//1913 878//1952 877//1951
f 836//1914 879//1953 878//1952
f 837//1915 880//1954 879//1953
f 858//1933 900//1972 880//1954
f 881//1955 882//1956 840//1918
f 881//1955 838//1916 898//1970
f 882//1956 883//1957 839//1917
f 884//1958 900//1972 858//1933
f 842//1920 883//1957 884//1958
f 901//1973 861//1936 860//1935
f 886//1960 885//1959 844//1922
f 902//1974 886//1960 861//1936
f 887//1961 903//1975 860//1935
f 845//1923 888//1962 887//1961
f 846//1924 889//1963 888//1962
f 851//1927 894//1967 889//1963
f 862//1937 904//1976 865//1939
f 905//1146 862//1146 890//1146
f 892//1965 847//362 891//1964
f 890//307 863//340 906//1977
f 907//1978 863//340 892//1965
f 864//1938 908//1979 891//1964
f 865//1939 909//1980 867//1941
f 908//1979 864//1938 893//1966
f 866//1940 910//1981 893//1966
f 910//1981 866//1940 869//1943
f 867//1941 911//1982 868//1942
f 868//1942 912//1983 894//1967
f 869//1943 895//1968 910//1981
f 895//1968 852//1928 896//1969
f 896//1969 853//1929 870//1944
f 870//1944 885//1959 896//1969
f 857//1146 899//1146 897//1146
f 898//1970 871//1945 913//1984
f 914//1985 871//1945 872//1946
f 915//1986 872//1946 873//1947
f 916//1987 873//1947 897//24
f 874//1948 917//1988 899//1971
f 875//1949 918//1989 874//1948
f 876//1950 919//1990 875//1949
f 877//1951 920//1991 876//1950
f 921//1992 877//1951 878//1952
f 922//1993 878//1952 879//1953
f 923//1994 879//1953 880//1954
f 900//1972 924//1995 880//1954
f 882//1956 881//1955 925//1996
f 898//1970 925//1996 881//1955
f 883//1957 882//1956 926//1997
f 884//1958 926//1997 900//1972
f 926//1997 884//1958 883//1957
f 861//1936 901//1973 902//1974
f 903//1975 901//1973 860//1935
f 885//1959 886//1960 927//1998
f 886//1960 902//1974 928//1999
f 929//2000 903//1975 887//1961
f 930//2001 887//1961 888//1962
f 931//2002 888//1962 889//1963
f 932//2003 889//1963 894//1967
f 909//1980 865//1939 904//1976
f 904//1146 862//1146 905//1146
f 890//307 906//1977 905//272
f 891//1964 933//2004 892//1965
f 907//1978 906//1977 863//340
f 892//1965 934//2005 907//1978
f 933//2004 891//1964 908//1979
f 911//1982 867//1941 909//1980
f 893//1966 935//2006 908//1979
f 935//2006 893//1966 910//1981
f 912//1983 868//1942 911//1982
f 936//2007 894//1967 912//1983
f 937//2008 910//1981 895//1968
f 896//1969 927//1998 895//1968
f 927//1998 896//1969 885//1959
f 897//1146 899//1146 938//1146
f 914//1985 913//1984 871//1945
f 913//1984 939//2009 898//1970
f 872//1946 915//1986 914//1985
f 873//1947 916//1987 915//1986
f 916//1987 897//24 940//2010
f 941//2011 899//1971 917//1988
f 917//1988 874//1948 918//1989
f 918//1989 875//1949 919//1990
f 919//1990 876//1950 920//1991
f 877//1951 921//1992 920//1991
f 878//1952 922//1993 921//1992
f 879//1953 923//1994 922//1993
f 880//1954 924//1995 923//1994
f 900//1972 942//2012 924//1995
f 925//1996 926//1997 882//1956
f 925//1996 898//1970 939//2009
f 942//2012 900//1972 926//1997
f 943//2013 902//1974 901//1973
f 901//1973 903//1975 943//2013
f 928//1999 927//1998 886//1960
f 944//2014 928//1999 902//1974
f 903//1975 929//2000 945//2015
f 930//2001 929//2000 887//1961
f 888//1962 931//2002 930//2001
f 889//1963 932//2003 931//2002
f 894//1967 936//2007 932//2003
f 904//1976 946//2016 909//1980
f 947//1146 904//1146 905//1146
f 948//2017 905//272 906//1977
f 934//2005 892//1965 933//2004
f 907//1978 949//2018 906//1977
f 949//2018 907//1978 934//2005
f 908//1979 950//2019 933//2004
f 909//1980 951//2020 911//1982
f 950//2019 908//1979 935//2006
f 910//1981 937//2008 935//2006
f 911//1982 952//2021 912//1983
f 912//1983 953//2022 936//2007
f 937//2008 895//1968 927//1998
f 899//1146 941//1146 938//1146
f 938//37 940//2010 897//24
f 914//1985 954//2023 913//1984
f 939//2009 913//1984 955//2024
f 954//2023 914//1985 915//1986
f 956//2025 915//1986 916//1987
f 940//2010 957//2026 916//1987
f 917//1988 958//2027 941//2011
f 918//1989 959//2028 917//1988
f 919//1990 960//2029 918//1989
f 920//1991 961//2030 919//1990
f 962//2031 920//1991 921//1992
f 963//2032 921//1992 922//1993
f 964//2033 922//1993 923//1994
f 924//1995 965//2034 923//1994
f 966//2035 924//1995 942//2012
f 926//1997 925//1996 942//2012
f 939//2009 942//2012 925//1996
f 902//1974 943//2013 944//2014
f 945//2015 943//2013 903//1975
f 927//1998 928//1999 937//2008
f 928//1999 944//2014 967//2036
f 968//2037 945//2015 929//2000
f 969//2038 929//2000 930//2001
f 970//2039 930//2001 931//2002
f 971//2040 931//2002 932//2003
f 972//2041 932//2003 936//2007
f 951//2020 909//1980 946//2016
f 946//1146 904//1146 947//1146
f 947//240 905//272 973//2042
f 948//2017 973//2042 905//272
f 906//1977 974//2043 948//2017
f 933//2004 975//2044 934//2005
f 974//2043 906//1977 949//2018
f 934//2005 976//2045 949//2018
f 975//2044 933//2004 950//2019
f 952//2021 911//1982 951//2020
f 935//2006 967//2036 950//2019
f 967//2036 935//2006 937//2008
f 953//2022 912//1983 952//2021
f 977//2046 936//2007 953//2022
f 938//1146 941//1146 978//1146
f 938//37 978//50 940//2010
f 979//2047 913//1984 954//2023
f 979//2047 955//2024 913//1984
f 955//2024 966//2035 939//2009
f 915//1986 956//2025 954//2023
f 956//2025 916//1987 957//2026
f 940//2010 980//2048 957//2026
f 981//2049 941//2011 958//2027
f 958//2027 917//1988 959//2028
f 959//2028 918//1989 960//2029
f 960//2029 919//1990 961//2030
f 920//1991 962//2031 961//2030
f 921//1992 963//2032 962//2031
f 922//1993 964//2033 963//2032
f 923//1994 965//2034 964//2033
f 924//1995 966//2035 965//2034
f 942//2012 939//2009 966//2035
f 982//2050 944//2014 943//2013
f 943//2013 945//2015 982//2050
f 967//2036 937//2008 928//1999
f 983//2051 967//2036 944//2014
f 945//2015 968//2037 984//2052
f 929//2000 969//2038 968//2037
f 970//2039 969//2038 930//2001
f 931//2002 971//2040 970//2039
f 932//2003 972//2041 971//2040
f 936//2007 977//2046 972//2041
f 946//2016 985//2053 951//2020
f 986//1146 946//1146 947//1146
f 973//2042 987//2054 947//240
f 973//2042 948//2017 988//2055
f 989//2056 948//2017 974//2043
f 976//2045 934//2005 975//2044
f 949//2018 990//2057 974//2043
f 990//2057 949//2018 976//2045
f 950//2019 983//2051 975//2044
f 951//2020 991//2058 952//2021
f 983//2051 950//2019 967//2036
f 952//2021 992//2059 953//2022
f 953//2022 993//2060 977//2046
f 941//1146 981//1146 978//1146
f 980//2048 940//2010 978//50
f 954//2023 994//2061 979//2047
f 955//2024 979//2047 995//2062
f 966//2035 955//2024 996//2063
f 994//2061 954//2023 956//2025
f 957//2026 997//2064 956//2025
f 998//2065 957//2026 980//2048
f 958//2027 999//2066 981//2049
f 959//2028 1000//2067 958//2027
f 960//2029 1001//2068 959//2028
f 961//2030 1002//2069 960//2029
f 1003//2070 961//2030 962//2031
f 1004//2071 962//2031 963//2032
f 1005//2072 963//2032 964//2033
f 965//2034 1006//2073 964//2033
f 996//2063 965//2034 966//2035
f 944//2014 982//2050 983//2051
f 984//2052 982//2050 945//2015
f 1007//2074 984//2052 968//2037
f 1008//2075 968//2037 969//2038
f 1009//2076 969//2038 970//2039
f 1010//2077 970//2039 971//2040
f 1011//2078 971//2040 972//2041
f 1012//2079 972//2041 977//2046
f 991//2058 951//2020 985//2053
f 985//1146 946//1146 986//1146
f 986//212 947//240 987//2054
f 987//2054 973//2042 1013//2080
f 989//2056 988//2055 948//2017
f 988//2055 1013//2080 973//2042
f 974//2043 1014//2081 989//2056
f 975//2044 1015//2082 976//2045
f 1014//2081 974//2043 990//2057
f 976//2045 1016//2083 990//2057
f 1015//2082 975//2044 983//2051
f 992//2059 952//2021 991//2058
f 993//2060 953//2022 992//2059
f 1017//2084 977//2046 993//2060
f 978//1146 981//1146 1018//1146
f 980//2048 978//50 1019//2085
f 1020//2086 979//2047 994//2061
f 1020//2086 995//2062 979//2047
f 995//2062 996//2063 955//2024
f 994//2061 956//2025 997//2064
f 957//2026 998//2065 997//2064
f 998//2065 980//2048 1021//2087
f 1022//2088 981//2049 999//2066
f 999//2066 958//2027 1000//2067
f 1000//2067 959//2028 1001//2068
f 1001//2068 960//2029 1002//2069
f 961//2030 1003//2070 1002//2069
f 962//2031 1004//2071 1003//2070
f 963//2032 1005//2072 1004//2071
f 964//2033 1006//2073 1005//2072
f 965//2034 996//2063 1006//2073
f 1015//2082 983//2051 982//2050
f 982//2050 984//2052 1015//2082
f 984//2052 1007//2074 1016//2083
f 968//2037 1008//2075 1007//2074
f 969//2038 1009//2076 1008//2075
f 1010//2077 1009//2076 970//2039
f 971//2040 1011//2078 1010//2077
f 972//2041 1012//2079 1011//2078
f 977//2046 1017//2084 1012//2079
f 985//2053 1023//2089 991//2058
f 1024//1146 985//1146 986//1146
f 986//212 987//2054 1024//183
f 987//2054 1013//2080 1025//2090
f 988//2055 989//2056 1026//2091
f 1013//2080 988//2055 1027//2092
f 1028//2093 989//2056 1014//2081
f 1016//2083 976//2045 1015//2082
f 990//2057 1029//2094 1014//2081
f 1029//2094 990//2057 1016//2083
f 991//2058 1030//2095 992//2059
f 992//2059 1031//2096 993//2060
f 993//2060 1032//2097 1017//2084
f 981//1146 1022//1146 1018//1146
f 1018//68 1019//2085 978//50
f 1019//2085 1021//2087 980//2048
f 1020//2086 994//2061 1033//2098
f 995//2062 1020//2086 1034//2099
f 996//2063 995//2062 1035//2100
f 997//2064 1033//2098 994//2061
f 1036//2101 997//2064 998//2065
f 1021//2087 1037//2102 998//2065
f 999//2066 1038//2103 1022//2088
f 1000//2067 1039//2104 999//2066
f 1001//2068 1040//2105 1000//2067
f 1002//2069 1041//2106 1001//2068
f 1042//2107 1002//2069 1003//2070
f 1043//2108 1003//2070 1004//2071
f 1044//2109 1004//2071 1005//2072
f 1005//2072 1006//2073 1044//2109
f 1035//2100 1006//2073 996//2063
f 1016//2083 1015//2082 984//2052
f 1029//2094 1016//2083 1007//2074
f 1045//2110 1007//2074 1008//2075
f 1046//2111 1008//2075 1009//2076
f 1047//2112 1009//2076 1010//2077
f 1048//2113 1010//2077 1011//2078
f 1049//2114 1011//2078 1012//2079
f 1050//2115 1012//2079 1017//2084
f 1030//2095 991//2058 1023//2089
f 1023//1146 985//1146 1024//1146
f 1025//2090 1024//183 987//2054
f 1051//2116 1025//2090 1013//2080
f 1028//2093 1026//2091 989//2056
f 1026//2091 1027//2092 988//2055
f 1013//2080 1027//2092 1051//2116
f 1028//2093 1014//2081 1052//2117
f 1053//2118 1014//2081 1029//2094
f 1031//2096 992//2059 1030//2095
f 1032//2097 993//2060 1031//2096
f 1054//2119 1017//2084 1032//2097
f 1018//1146 1022//1146 1055//1146
f 1018//68 1055//87 1019//2085
f 1019//2085 1056//2120 1021//2087
f 1033//2098 1034//2099 1020//2086
f 1034//2099 1035//2100 995//2062
f 997//2064 1036//2101 1033//2098
f 1036//2101 998//2065 1037//2102
f 1021//2087 1057//2121 1037//2102
f 1058//5 1022//2088 1038//2103
f 1038//2103 999//2066 1039//2104
f 1039//2104 1000//2067 1040//2105
f 1040//2105 1001//2068 1041//2106
f 1002//2069 1042//2107 1041//2106
f 1003//2070 1043//2108 1042//2107
f 1004//2071 1044//2109 1043//2108
f 1006//2073 1059//2122 1044//2109
f 1006//2073 1035//2100 1059//2122
f 1007//2074 1045//2110 1029//2094
f 1008//2075 1046//2111 1045//2110
f 1009//2076 1047//2112 1046//2111
f 1048//2113 1047//2112 1010//2077
f 1011//2078 1049//2114 1048//2113
f 1012//2079 1050//2115 1049//2114
f 1017//2084 1054//2119 1050//2115
f 1023//2089 1060//2123 1030//2095
f 1061//1146 1023//1146 1024//1146
f 1025//2090 1062//2124 1024//183
f 1051//2116 1063//2125 1025//2090
f 1026//2091 1028//2093 1064//2126
f 1027//2092 1026//2091 1065//2127
f 1066//2128 1051//2116 1027//2092
f 1053//2118 1052//2117 1014//2081
f 1052//2117 1064//2126 1028//2093
f 1053//2118 1029//2094 1045//2110
f 1030//2095 1067//2129 1031//2096
f 1031//2096 1068//2130 1032//2097
f 1032//2097 1069//2131 1054//2119
f 1022//1146 1058//1146 1055//1146
f 1056//2120 1019//2085 1055//87
f 1057//2121 1021//2087 1056//2120
f 1034//2099 1033//2098 1070//2132
f 1035//2100 1034//2099 1071//2133
f 1072//2134 1033//2098 1036//2101
f 1037//2102 1073//2135 1036//2101
f 1074//2136 1037//2102 1057//2121
f 1038//2103 1075//2137 1058//5
f 1039//2104 1076//2138 1038//2103
f 1040//2105 1077//2139 1039//2104
f 1041//2106 1078//2140 1040//2105
f 1079//2141 1041//2106 1042//2107
f 1080//2142 1042//2107 1043//2108
f 1081//2143 1043//2108 1044//2109
f 1044//2109 1059//2122 1081//2143
f 1071//2133 1059//2122 1035//2100
f 1082//2144 1045//2110 1046//2111
f 1083//2145 1046//2111 1047//2112
f 1084//2146 1047//2112 1048//2113
f 1085//2147 1048//2113 1049//2114
f 1086//2148 1049//2114 1050//2115
f 1087//2149 1050//2115 1054//2119
f 1067//2129 1030//2095 1060//2123
f 1060//1146 1023//1146 1061//1146
f 1061//158 1024//183 1062//2124
f 1062//2124 1025//2090 1063//2125
f 1063//2125 1051//2116 1088//2150
f 1064//2126 1065//2127 1026//2091
f 1027//2092 1065//2127 1066//2128
f 1066//2128 1088//2150 1051//2116
f 1052//2117 1053//2118 1082//2144
f 1064//2126 1052//2117 1089//2151
f 1045//2110 1082//2144 1053//2118
f 1068//2130 1031//2096 1067//2129
f 1069//2131 1032//2097 1068//2130
f 1090//2152 1054//2119 1069//2131
f 1058//1146 1091//1146 1055//1146
f 1055//87 1092//110 1056//2120
f 1056//2120 1093//2153 1057//2121
f 1072//2134 1070//2132 1033//2098
f 1070//2132 1071//2133 1034//2099
f 1072//2134 1036//2101 1073//2135
f 1037//2102 1074//2136 1073//2135
f 1057//2121 1094//2154 1074//2136
f 1091//2155 1058//5 1075//2137
f 1075//2137 1038//2103 1076//2138
f 1076//2138 1039//2104 1077//2139
f 1077//2139 1040//2105 1078//2140
f 1078//2140 1041//2106 1095//2156
f 1079//2141 1095//2156 1041//2106
f 1042//2107 1080//2142 1079//2141
f 1043//2108 1081//2143 1080//2142
f 1059//2122 1096//2157 1081//2143
f 1059//2122 1071//2133 1096//2157
f 1046//2111 1083//2145 1082//2144
f 1047//2112 1084//2146 1083//2145
f 1085//2147 1084//2146 1048//2113
f 1049//2114 1086//2148 1085//2147
f 1050//2115 1087//2149 1086//2148
f 1054//2119 1090//2152 1087//2149
f 1060//2123 1097//2158 1067//2129
f 1098//1146 1060//1146 1061//1146
f 1061//158 1062//2124 1098//131
f 1062//2124 1063//2125 1099//2159
f 1063//2125 1088//2150 1100//2160
f 1065//2127 1064//2126 1101//2161
f 1102//2162 1066//2128 1065//2127
f 1088//2150 1066//2128 1103//2163
f 1082//2144 1089//2151 1052//2117
f 1089//2151 1101//2161 1064//2126
f 1067//2129 1104//2164 1068//2130
f 1068//2130 1105//2165 1069//2131
f 1069//2131 1106//2166 1090//2152
f 1055//1146 1091//1146 1092//1146
f 1093//2153 1056//2120 1092//110
f 1094//2154 1057//2121 1093//2153
f 1070//2132 1072//2134 1107//2167
f 1071//2133 1070//2132 1108//2168
f 1073//2135 1107//2167 1072//2134
f 1109//2169 1073//2135 1074//2136
f 1110//2170 1074//2136 1094//2154
f 1075//2137 1104//2164 1091//2155
f 1076//2138 1105//2165 1075//2137
f 1077//2139 1106//2166 1076//2138
f 1078//2140 1111//2171 1077//2139
f 1095//2156 1112//2172 1078//2140
f 1095//2156 1079//2141 1113//2173
f 1114//2174 1079//2141 1080//2142
f 1115//2175 1080//2142 1081//2143
f 1081//2143 1096//2157 1115//2175
f 1108//2168 1096//2157 1071//2133
f 1089//2151 1082//2144 1083//2145
f 1116//2176 1083//2145 1084//2146
f 1117//2177 1084//2146 1085//2147
f 1118//2178 1085//2147 1086//2148
f 1119//2179 1086//2148 1087//2149
f 1120//2180 1087//2149 1090//2152
f 1104//2164 1067//2129 1097//2158
f 1097//1146 1060//1146 1098//1146
f 1099//2159 1098//131 1062//2124
f 1100//2160 1099//2159 1063//2125
f 1121//2181 1100//2160 1088//2150
f 1101//2161 1122//2182 1065//2127
f 1102//2162 1103//2163 1066//2128
f 1102//2162 1065//2127 1122//2182
f 1088//2150 1103//2163 1121//2181
f 1101//2161 1089//2151 1116//2176
f 1105//2165 1068//2130 1104//2164
f 1106//2166 1069//2131 1105//2165
f 1111//2171 1090//2152 1106//2166
f 1091//1146 1097//1146 1092//1146
f 1092//110 1098//131 1093//2153
f 1093//2153 1099//2159 1094//2154
f 1107//2167 1108//2168 1070//2132
f 1107//2167 1073//2135 1123//2183
f 1109//2169 1123//2183 1073//2135
f 1074//2136 1110//2170 1109//2169
f 1094//2154 1100//2160 1110//2170
f 1097//2158 1091//2155 1104//2164
f 1104//2164 1075//2137 1105//2165
f 1105//2165 1076//2138 1106//2166
f 1106//2166 1077//2139 1111//2171
f 1111//2171 1078//2140 1112//2172
f 1112//2172 1095//2156 1124//2184
f 1114//2174 1113//2173 1079//2141
f 1113//2173 1124//2184 1095//2156
f 1080//2142 1115//2175 1114//2174
f 1096//2157 1125//2185 1115//2175
f 1096//2157 1108//2168 1125//2185
f 1083//2145 1116//2176 1089//2151
f 1084//2146 1117//2177 1116//2176
f 1118//2178 1117//2177 1085//2147
f 1086//2148 1119//2179 1118//2178
f 1087//2149 1120//2180 1119//2179
f 1090//2152 1111//2171 1120//2180
f 1092//1146 1097//1146 1098//1146
f 1099//2159 1093//2153 1098//131
f 1100//2160 1094//2154 1099//2159
f 1121//2181 1110//2170 1100//2160
f 1122//2182 1101//2161 1126//2186
f 1103//2163 1102//2162 1127//2187
f 1122//2182 1127//2187 1102//2162
f 1128//2188 1121//2181 1103//2163
f 1116//2176 1126//2186 1101//2161
f 1108//2168 1107//2167 1129//2189
f 1123//2183 1129//2189 1107//2167
f 1109//2169 1130//2190 1123//2183
f 1130//2190 1109//2169 1110//2170
f 1112//2172 1120//2180 1111//2171
f 1124//2184 1131//2191 1112//2172
f 1113//2173 1114//2174 1132//2192
f 1124//2184 1113//2173 1133//2193
f 1134//2194 1114//2174 1115//2175
f 1115//2175 1125//2185 1134//2194
f 1129//2189 1125//2185 1108//2168
f 1126//2186 1116//2176 1117//2177
f 1135//2195 1117//2177 1118//2178
f 1136//2196 1118//2178 1119//2179
f 1131//2191 1119//2179 1120//2180
f 1110//2170 1121//2181 1130//2190
f 1126//2186 1137//2197 1122//2182
f 1127//2187 1138//2198 1103//2163
f 1127//2187 1122//2182 1137//2197
f 1128//2188 1130//2190 1121//2181
f 1128//2188 1103//2163 1138//2198
f 1123//2183 1139//2199 1129//2189
f 1139//2199 1123//2183 1130//2190
f 1120//2180 1112//2172 1131//2191
f 1131//2191 1124//2184 1140//2200
f 1134//2194 1132//2192 1114//2174
f 1132//2192 1133//2193 1113//2173
f 1133//2193 1140//2200 1124//2184
f 1134//2194 1125//2185 1132//2192
f 1129//2189 1141//2201 1125//2185
f 1117//2177 1135//2195 1126//2186
f 1136//2196 1135//2195 1118//2178
f 1119//2179 1131//2191 1136//2196
f 1137//2197 1126//2186 1135//2195
f 1138//2198 1127//2187 1142//2202
f 1137//2197 1142//2202 1127//2187
f 1130//2190 1128//2188 1139//2199
f 1138//2198 1139//2199 1128//2188
f 1141//2201 1129//2189 1139//2199
f 1140//2200 1136//2196 1131//2191
f 1132//2192 1143//2203 1133//2193
f 1133//2193 1144//2204 1140//2200
f 1125//2185 1143//2203 1132//2192
f 1143//2203 1125//2185 1141//2201
f 1144//2204 1135//2195 1136//2196
f 1135//2195 1144//2204 1137//2197
f 1142//2202 1141//2201 1138//2198
f 1142//2202 1137//2197 1144//2204
f 1139//2199 1138//2198 1141//2201
f 1140//2200 1144//2204 1136//2196
f 1143//2203 1144//2204 1133//2193
f 1141//2201 1142//2202 1143//2203
f 1144//2204 1143//2203 1142//2202
