# SSTK version 0.8.0
# 7
mtllib original-7.mtl
o Component_2_1/Component_2/mesh5/mesh5-geometry#mesh5-geometry
v -0.334428 -0.293798 -0.169427
v -0.397694 -0.126247 -0.256947
v -0.334718 -0.293796 -0.305754
v -0.397984 -0.126245 -0.10435
v -0.397396 -0.12625 -0.409543
v -0.272269 -0.460617 -0.235062
v -0.459558 0.040566 -0.207721
v -0.334161 -0.2938 -0.033099
v -0.458959 0.040557 -0.376726
v -0.335015 -0.293793 -0.442082
v -0.272853 -0.460609 -0.354981
v -0.271733 -0.460624 -0.115143
v -0.460142 0.040573 -0.038715
v -0.39825 -0.126243 0.048247
v -0.458375 0.040549 -0.545732
v -0.397106 -0.126252 -0.56214
v -0.214369 -0.62521 -0.302399
v -0.214369 -0.62521 -0.199314
v -0.518042 0.205167 -0.157218
v -0.518042 0.205167 -0.343058
v -0.396989 -0.128234 0.063182
v -0.332685 -0.296699 -0.021384
v -0.518042 0.205167 -0.528897
v -0.335305 -0.293791 -0.57841
v -0.273453 -0.4606 -0.474899
v -0.214369 -0.62521 -0.405483
v -0.270047 -0.464465 -0.106609
v -0.518042 0.205167 0.028622
v -0.460679 0.040581 0.13029
v -0.459627 0.039532 0.148408
v -0.518042 0.205167 -0.714737
v -0.457838 0.040542 -0.714737
v -0.39684 -0.126254 -0.714737
v -0.214369 -0.62521 -0.508568
v -0.208747 -0.639849 -0.182942
v -0.212492 -0.630099 -0.193846
v -0.458354 0.038484 0.166515
v -0.395564 -0.130224 0.07811
v -0.331101 -0.299597 -0.009673
v -0.335572 -0.293789 -0.714737
v -0.274037 -0.460592 -0.594818
v -0.210614 -0.634988 -0.188378
v -0.214369 -0.62521 -0.611652
v -0.26831 -0.468305 -0.098078
v -0.518042 0.205167 0.214462
v -0.517182 0.205167 0.235645
v -0.516051 0.205167 0.256815
v -0.26653 -0.472123 -0.089576
v -0.214369 -0.62521 -0.714737
v -0.514647 0.205167 0.277969
v -0.456863 0.037441 0.184603
v -0.393978 -0.132203 0.093015
v -0.329416 -0.302478 0.002012
v -0.274574 -0.460585 -0.714737
v -0.206516 -0.644644 -0.177579
v -0.264404 -0.475888 -0.081137
v 0.216606 -0.62521 -0.199314
v -0.208747 -0.639849 -0.714737
v -0.204284 -0.649438 -0.172216
v -0.327404 -0.30532 0.013644
v 0.216606 -0.62521 -0.302399
v 0.214717 -0.630128 -0.193814
v -0.512972 0.205167 0.299103
v -0.455083 0.036411 0.202661
v -0.392083 -0.134157 0.10788
v 0.210983 -0.639849 -0.714737
v -0.202131 -0.654066 -0.16704
v -0.262227 -0.479653 -0.072703
v -0.325285 -0.308162 0.025267
v 0.216606 -0.62521 -0.508568
v 0.274506 -0.460617 -0.235062
v 0.21285 -0.634988 -0.188378
v 0.273969 -0.460624 -0.115143
v 0.204367 -0.654066 -0.714737
v 0.216606 -0.62521 -0.714737
v -0.199519 -0.658798 -0.161748
v -0.260061 -0.483283 -0.064426
v -0.390025 -0.136109 0.12273
v 0.216606 -0.62521 -0.611652
v 0.216606 -0.62521 -0.405483
v 0.27509 -0.460609 -0.354981
v 0.210983 -0.639849 -0.182942
v 0.272275 -0.464488 -0.106583
v -0.511025 0.205167 0.320214
v -0.453083 0.035382 0.220701
v -0.202131 -0.654066 -0.714737
v -0.196908 -0.66353 -0.156456
v -0.257473 -0.486998 -0.056061
v -0.323106 -0.310903 0.036767
v -0.387833 -0.137997 0.137491
v 0.276273 -0.460592 -0.594818
v 0.27569 -0.4606 -0.474899
v 0.336954 -0.293796 -0.305754
v 0.336664 -0.293798 -0.169427
v 0.208701 -0.644754 -0.177456
v 0.270546 -0.468305 -0.098078
v 0.336398 -0.2938 -0.033099
v 0.19679 -0.667795 -0.714737
v 0.204367 -0.654066 -0.16704
v 0.27681 -0.460585 -0.714737
v -0.194553 -0.667795 -0.151685
v -0.254833 -0.490713 -0.047702
v -0.450878 0.034384 0.238684
v 0.337252 -0.293793 -0.442082
v 0.206534 -0.64941 -0.172248
v 0.268767 -0.472123 -0.089576
v 0.334914 -0.296716 -0.021364
v -0.508808 0.205167 0.341298
v -0.194553 -0.667795 -0.714737
v -0.191517 -0.672499 -0.146424
v -0.252351 -0.494051 -0.039774
v -0.317873 -0.316511 0.059868
v -0.320543 -0.313707 0.048324
v -0.385297 -0.139924 0.15228
v 0.337808 -0.293789 -0.714737
v 0.337542 -0.293791 -0.57841
v 0.399633 -0.12625 -0.409543
v 0.39993 -0.126247 -0.256947
v 0.40022 -0.126245 -0.10435
v 0.266599 -0.475977 -0.081037
v 0.333337 -0.299597 -0.009673
v 0.400487 -0.126243 0.048247
v 0.188286 -0.680971 -0.714737
v 0.201618 -0.659047 -0.16147
v -0.188482 -0.677203 -0.141164
v -0.249266 -0.497744 -0.031456
v -0.315252 -0.319033 0.071082
v -0.448367 0.033367 0.256665
v 0.399343 -0.126252 -0.56214
v 0.264474 -0.47963 -0.072729
v 0.331653 -0.302478 0.002012
v 0.399221 -0.128245 0.063195
v -0.50632 0.205167 0.362352
v -0.186049 -0.680971 -0.714737
v 0.19679 -0.667795 -0.151685
v 0.262297 -0.483283 -0.064426
v 0.199204 -0.663421 -0.156577
v -0.186049 -0.680971 -0.136949
v -0.312113 -0.32182 0.082575
v -0.382597 -0.141852 0.167048
v -0.379835 -0.143596 0.181589
v -0.445636 0.032351 0.274618
v 0.399076 -0.126254 -0.714737
v 0.460611 0.040549 -0.545732
v 0.461195 0.040557 -0.376726
v 0.461795 0.040566 -0.207721
v 0.462379 0.040573 -0.038715
v 0.329609 -0.305387 0.013719
v 0.3978 -0.130224 0.07811
v 0.462915 0.040581 0.13029
v 0.178897 -0.693531 -0.714737
v 0.188286 -0.680971 -0.136949
v 0.259598 -0.4872 -0.055835
v -0.17666 -0.693531 -0.122902
v -0.243433 -0.504373 -0.015696
v -0.24613 -0.501438 -0.023147
v -0.376641 -0.145512 0.196298
v -0.503562 0.205167 0.383372
v 0.460074 0.040542 -0.714737
v 0.327529 -0.308145 0.025248
v 0.396214 -0.132203 0.093015
v 0.461861 0.039527 0.148414
v -0.17666 -0.693531 -0.714737
v 0.193465 -0.672946 -0.145924
v 0.257118 -0.490625 -0.047801
v 0.325342 -0.310903 0.036767
v -0.171545 -0.699473 -0.116255
v -0.234188 -0.514343 0.002931
v -0.308868 -0.324608 0.094052
v -0.442736 0.031422 0.292444
v -0.439488 0.030412 0.31033
v -0.500534 0.205167 0.404355
v 0.520279 0.205167 -0.714737
v 0.520279 0.205167 -0.528897
v 0.520279 0.205167 -0.343058
v 0.520279 0.205167 -0.157218
v 0.520279 0.205167 0.028622
v 0.3943 -0.1342 0.107928
v 0.460591 0.038484 0.166515
v 0.520279 0.205167 0.214462
v 0.168666 -0.705415 -0.714737
v 0.178897 -0.693531 -0.122902
v 0.254588 -0.494051 -0.039774
v 0.190876 -0.676959 -0.141437
v 0.322696 -0.313857 0.048493
v -0.166429 -0.705415 -0.109609
v -0.227873 -0.518949 0.015406
v -0.305883 -0.32683 0.104876
v -0.296795 -0.334327 0.128218
v -0.373285 -0.147427 0.210981
v 0.392267 -0.136098 0.122718
v 0.4591 0.037441 0.184603
v 0.519419 0.205167 0.235645
v -0.166429 -0.705415 -0.714737
v 0.24567 -0.504373 -0.015696
v 0.251269 -0.498107 -0.03105
v 0.248495 -0.50124 -0.023368
v 0.320146 -0.316445 0.059795
v 0.39007 -0.137997 0.137491
v -0.155406 -0.716569 -0.097135
v -0.221033 -0.523559 0.027691
v -0.289173 -0.337819 0.146772
v -0.370004 -0.148974 0.225222
v -0.436022 0.029402 0.32818
v 0.45731 0.036391 0.202684
v 0.518287 0.205167 0.256815
v 0.157643 -0.716569 -0.714737
v 0.168666 -0.705415 -0.109609
v 0.236425 -0.514343 0.002931
v 0.173781 -0.699473 -0.116255
v 0.317489 -0.319033 0.071082
v 0.387479 -0.140023 0.15239
v -0.149524 -0.721753 -0.091337
v -0.208892 -0.532402 0.044472
v -0.280456 -0.341312 0.164935
v -0.361078 -0.154037 0.253324
v -0.352116 -0.156487 0.27804
v -0.432453 0.028569 0.345794
v -0.497237 0.205167 0.425298
v -0.493671 0.205167 0.446196
v 0.455322 0.035387 0.220695
v 0.516884 0.205167 0.277969
v -0.155406 -0.716569 -0.714737
v 0.308119 -0.32683 0.104876
v 0.3112 -0.32446 0.093887
v 0.314175 -0.322091 0.082878
v 0.384857 -0.141809 0.167
v 0.453115 0.034384 0.238684
v -0.143642 -0.726937 -0.085538
v -0.200432 -0.536412 0.055568
v -0.267099 -0.347965 0.186152
v -0.341472 -0.158936 0.30216
v -0.423684 0.02598 0.378611
v -0.489837 0.205167 0.467047
v 0.515208 0.205167 0.299103
v 0.145878 -0.726937 -0.714737
v 0.157643 -0.716569 -0.097135
v 0.230109 -0.518949 0.015406
v 0.299031 -0.334327 0.128218
v 0.382071 -0.143596 0.181589
v 0.450577 0.03332 0.256717
v -0.131193 -0.736473 -0.074873
v -0.143642 -0.726937 -0.714737
v -0.191504 -0.540429 0.066356
v -0.255833 -0.351006 0.202771
v -0.326868 -0.163437 0.327855
v -0.413416 0.024643 0.409406
v -0.400895 0.023311 0.439403
v -0.481213 0.205167 0.504443
v 0.513262 0.205167 0.320214
v 0.15176 -0.721753 -0.091337
v 0.223269 -0.523559 0.027691
v 0.37224 -0.148974 0.225222
v 0.375583 -0.147331 0.210873
v 0.378764 -0.145688 0.196495
v 0.447884 0.032371 0.274596
v 0.511045 0.205167 0.341298
v -0.118117 -0.74513 -0.065191
v -0.131193 -0.736473 -0.714737
v -0.176805 -0.547985 0.080748
v -0.24359 -0.354052 0.218757
v -0.312722 -0.16558 0.350071
v -0.385075 0.021001 0.469534
v -0.469744 0.205167 0.541068
v 0.133429 -0.736473 -0.714737
v 0.145878 -0.726937 -0.085538
v 0.211129 -0.532402 0.044472
v 0.291409 -0.337819 0.146772
v 0.363314 -0.154037 0.253324
v 0.444972 0.031422 0.292444
v 0.508557 0.205167 0.362352
v -0.111298 -0.748999 -0.060864
v -0.118117 -0.74513 -0.714737
v -0.161183 -0.55484 0.093964
v -0.226444 -0.359737 0.236983
v -0.297076 -0.167718 0.371324
v -0.368123 0.019826 0.497273
v -0.455499 0.205167 0.576704
v -0.438561 0.205167 0.611142
v 0.133429 -0.736473 -0.074873
v 0.202668 -0.536412 0.055568
v 0.282692 -0.341312 0.164935
v 0.43469 0.028569 0.345794
v 0.438289 0.029448 0.328128
v 0.44167 0.030327 0.310424
v 0.505799 0.205167 0.383372
v -0.104478 -0.752868 -0.056537
v -0.150248 -0.557824 0.102426
v 0.120354 -0.74513 -0.714737
v -0.208049 -0.364896 0.253839
v -0.277417 -0.171569 0.393422
v -0.349162 0.018659 0.523725
v -0.419031 0.205167 0.644179
v 0.120354 -0.74513 -0.065191
v 0.19374 -0.540429 0.066356
v 0.269336 -0.347965 0.186152
v 0.354352 -0.156487 0.27804
v 0.425921 0.02598 0.378611
v 0.502771 0.205167 0.404355
v -0.090339 -0.759649 -0.048952
v -0.104478 -0.752868 -0.714737
v -0.138958 -0.56082 0.110449
v -0.192635 -0.367162 0.26661
v 0.106714 -0.752868 -0.714737
v -0.256177 -0.175067 0.413952
v -0.327055 0.016679 0.549658
v -0.397023 0.205167 0.675619
v 0.179042 -0.547985 0.080748
v 0.258069 -0.351006 0.202771
v 0.343709 -0.158936 0.30216
v 0.492074 0.205167 0.467047
v 0.495908 0.205167 0.446196
v 0.499474 0.205167 0.425298
v 0.113534 -0.748999 -0.060864
v -0.075767 -0.765443 -0.042472
v -0.090339 -0.759649 -0.714737
v -0.12141 -0.566193 0.12065
v -0.176481 -0.369434 0.278481
v -0.236164 -0.17667 0.431091
v -0.303043 0.014877 0.573827
v -0.372668 0.205167 0.705279
v 0.16342 -0.55484 0.093964
v 0.245826 -0.354052 0.218757
v 0.329105 -0.163437 0.327855
v 0.415652 0.024643 0.409406
v 0.483449 0.205167 0.504443
v 0.106714 -0.752868 -0.056537
v -0.060831 -0.770221 -0.037128
v -0.075767 -0.765443 -0.714737
v -0.103226 -0.57078 0.129463
v 0.092575 -0.759649 -0.714737
v -0.155223 -0.373477 0.29137
v -0.215014 -0.178267 0.446861
v -0.278552 0.013992 0.595276
v -0.346109 0.205167 0.732982
v 0.22868 -0.359737 0.236983
v 0.314958 -0.16558 0.350071
v 0.403132 0.023311 0.439403
v 0.092575 -0.759649 -0.048952
v 0.152484 -0.557824 0.102426
v -0.053216 -0.772091 -0.035037
v -0.060831 -0.770221 -0.714737
v -0.0845 -0.574559 0.136845
v 0.078003 -0.765443 -0.714737
v -0.133109 -0.376929 0.302585
v -0.189948 -0.181006 0.462462
v -0.252537 0.01312 0.614893
v -0.317502 0.205167 0.758566
v 0.210286 -0.364896 0.253839
v 0.299312 -0.167718 0.371324
v 0.387312 0.021001 0.469534
v 0.47198 0.205167 0.541068
v 0.078003 -0.765443 -0.042472
v 0.141194 -0.56082 0.110449
v -0.045602 -0.773961 -0.032945
v -0.071503 -0.575997 0.141059
v 0.063067 -0.770221 -0.714737
v -0.110257 -0.379774 0.312065
v -0.163797 -0.183347 0.476101
v -0.223761 0.011711 0.633182
v -0.287017 0.205167 0.781879
v 0.279654 -0.171569 0.393422
v 0.37036 0.019826 0.497273
v 0.457735 0.205167 0.576704
v 0.063067 -0.770221 -0.037128
v 0.123647 -0.566193 0.12065
v 0.194872 -0.367162 0.26661
v -0.030152 -0.776645 -0.029943
v -0.045602 -0.773961 -0.714737
v -0.058338 -0.577451 0.14473
v -0.091403 -0.380866 0.318491
v 0.047838 -0.773961 -0.714737
v -0.136709 -0.18528 0.487699
v -0.19368 0.010504 0.649222
v -0.254832 0.205167 0.802784
v 0.258414 -0.175067 0.413952
v 0.351398 0.018659 0.523725
v 0.440798 0.205167 0.611142
v 0.055453 -0.772091 -0.035037
v 0.105463 -0.57078 0.129463
v 0.178717 -0.369434 0.278481
v -0.014554 -0.778261 -0.028137
v -0.030152 -0.776645 -0.714737
v -0.03869 -0.579582 0.148583
v -0.072198 -0.381967 0.323802
v -0.11184 -0.186057 0.496367
v -0.162466 0.009505 0.662919
v -0.221139 0.205167 0.821158
v 0.329292 0.016679 0.549658
v 0.421267 0.205167 0.644179
v 0.047838 -0.773961 -0.032945
v 0.086736 -0.574559 0.136845
v 0.15746 -0.373477 0.29137
v 0.238401 -0.17667 0.431091
v 0.001118 -0.7788 -0.027533
v -0.014554 -0.778261 -0.714737
v -0.018837 -0.580865 0.150903
v 0.032388 -0.776645 -0.714737
v -0.047982 -0.38357 0.328527
v -0.086432 -0.186826 0.50334
v -0.13174 0.009073 0.673799
v -0.186135 0.205167 0.836892
v 0.30528 0.014877 0.573827
v 0.39926 0.205167 0.675619
v 0.032388 -0.776645 -0.029943
v 0.073739 -0.575997 0.141059
v 0.135345 -0.376929 0.302585
v 0.217251 -0.178267 0.446861
v 0.01679 -0.778261 -0.028137
v 0.001118 -0.7788 -0.714737
v 0.001118 -0.581294 0.151678
v 0.01679 -0.778261 -0.714737
v -0.023499 -0.384535 0.331372
v -0.057525 -0.187908 0.508942
v -0.100291 0.008657 0.682413
v -0.150027 0.205167 0.849895
v 0.374905 0.205167 0.705279
v 0.060574 -0.577451 0.14473
v 0.112493 -0.379774 0.312065
v 0.192185 -0.181006 0.462462
v 0.280789 0.013992 0.595276
v 0.021074 -0.580865 0.150903
v 0.001118 -0.384857 0.332322
v -0.028286 -0.188559 0.512315
v -0.066816 0.008104 0.688885
v -0.113027 0.205167 0.860088
v 0.348346 0.205167 0.732982
v 0.040927 -0.579582 0.148583
v 0.09364 -0.380866 0.318491
v 0.166034 -0.183347 0.476101
v 0.254774 0.01312 0.614893
v 0.025736 -0.384535 0.331372
v 0.001118 -0.188776 0.513442
v -0.032948 0.007772 0.692784
v -0.075355 0.205167 0.867412
v 0.074434 -0.381967 0.323802
v 0.138946 -0.18528 0.487699
v 0.225998 0.011711 0.633182
v 0.319739 0.205167 0.758566
v 0.050219 -0.38357 0.328527
v 0.030523 -0.188559 0.512315
v 0.001118 0.007661 0.694086
v -0.037231 0.205167 0.871824
v 0.114077 -0.186057 0.496367
v 0.195916 0.010504 0.649222
v 0.289254 0.205167 0.781879
v 0.059761 -0.187908 0.508942
v 0.035184 0.007772 0.692784
v 0.001118 0.205167 0.873297
v 0.088668 -0.186826 0.50334
v 0.164703 0.009505 0.662919
v 0.257069 0.205167 0.802784
v 0.069053 0.008104 0.688885
v 0.039468 0.205167 0.871824
v 0.133977 0.009073 0.673799
v 0.223376 0.205167 0.821158
v 0.102528 0.008657 0.682413
v 0.077591 0.205167 0.867412
v 0.188372 0.205167 0.836892
v 0.115264 0.205167 0.860088
v 0.152263 0.205167 0.849895
vt -0.987794 0.630221
vt -1.060912 0.529074
vt -0.98813 0.472666
vt -1.061247 0.705432
vt -1.060568 0.352716
vt -0.915957 0.554367
vt -1.132409 0.585965
vt -0.987487 0.787777
vt -1.131716 0.390643
vt -0.988474 0.315111
vt -0.916632 0.415775
vt -0.915337 0.692958
vt -1.133084 0.781287
vt -1.061555 0.88179
vt -1.131041 0.195322
vt -1.060233 0.176358
vt -0.849042 0.476544
vt -0.849042 0.595681
vt -1.2 0.644332
vt -1.2 0.429554
vt -1.060098 0.899051
vt -0.98578 0.801317
vt -1.2 0.214777
vt -0.988809 0.157555
vt -0.917325 0.277183
vt -0.849042 0.357408
vt -0.913389 0.702821
vt -1.2 0.859109
vt -1.133704 0.976608
vt -1.132489 0.997547
vt -1.2 0
vt -1.130421 0
vt -1.059925 0
vt -0.849042 0.238272
vt -0.842543 0.614602
vt -0.846871 0.602
vt -1.131018 1.018473
vt -1.05845 0.916303
vt -0.983949 0.814851
vt -0.989117 0
vt -0.918 0.138592
vt -0.844701 0.60832
vt -0.849042 0.119136
vt -0.911381 0.712681
vt -1.2 1.073886
vt -1.199006 1.098367
vt -1.197698 1.122834
vt -0.909325 0.722507
vt -0.849042 0
vt -1.196076 1.147282
vt -1.129295 1.039378
vt -1.056617 0.933529
vt -0.982002 0.828355
vt -0.91862 0
vt -0.839965 0.6208
vt -0.906867 0.732259
vt -0.350958 0.595681
vt -0.842543 0
vt -0.837386 0.626998
vt -0.979677 0.841799
vt -0.350958 0.476544
vt -0.353141 0.602037
vt -1.19414 1.171707
vt -1.127237 1.060248
vt -1.054428 0.950708
vt -0.357456 0
vt -0.834897 0.63298
vt -0.904351 0.742006
vt -0.977228 0.855232
vt -0.350958 0.238272
vt -0.284043 0.554367
vt -0.355299 0.60832
vt -0.284663 0.692958
vt -0.365103 0
vt -0.350958 0
vt -0.831879 0.639096
vt -0.901848 0.751572
vt -1.052049 0.967871
vt -0.350958 0.119136
vt -0.350958 0.357408
vt -0.283368 0.415775
vt -0.357456 0.614602
vt -0.286621 0.702851
vt -1.191891 1.196105
vt -1.124926 1.081097
vt -0.834897 0
vt -0.828861 0.645212
vt -0.898856 0.76124
vt -0.974709 0.868522
vt -1.049516 0.984931
vt -0.282 0.138592
vt -0.282675 0.277183
vt -0.21187 0.472666
vt -0.212205 0.630221
vt -0.360094 0.620942
vt -0.288619 0.712681
vt -0.212513 0.787777
vt -0.37386 0
vt -0.365103 0.63298
vt -0.28138 0
vt -0.82614 0.650726
vt -0.895806 0.7709
vt -1.122377 1.10188
vt -0.211526 0.315111
vt -0.362598 0.626961
vt -0.290675 0.722507
vt -0.214228 0.801339
vt -1.189328 1.220472
vt -0.82614 0
vt -0.822631 0.656806
vt -0.892938 0.780063
vt -0.968662 0.89522
vt -0.971747 0.881879
vt -1.046584 1.002022
vt -0.210883 0
vt -0.211191 0.157555
vt -0.139432 0.352716
vt -0.139088 0.529074
vt -0.138753 0.705432
vt -0.293181 0.732374
vt -0.21605 0.814851
vt -0.138445 0.88179
vt -0.383688 0
vt -0.36828 0.639418
vt -0.819123 0.662886
vt -0.889372 0.789676
vt -0.965633 0.90818
vt -1.119475 1.122661
vt -0.139767 0.176358
vt -0.295637 0.741976
vt -0.217997 0.828355
vt -0.139907 0.899065
vt -1.186453 1.244805
vt -0.816312 0
vt -0.37386 0.650726
vt -0.298152 0.751572
vt -0.37107 0.645072
vt -0.816312 0.667757
vt -0.962005 0.921464
vt -1.043464 1.01909
vt -1.040272 1.035895
vt -1.11632 1.14341
vt -0.140075 0
vt -0.068958 0.195322
vt -0.068284 0.390643
vt -0.06759 0.585965
vt -0.066916 0.781287
vt -0.220359 0.841885
vt -0.14155 0.916303
vt -0.066295 0.976608
vt -0.394539 0
vt -0.383688 0.667757
vt -0.301272 0.761501
vt -0.80546 0.683991
vt -0.882631 0.807891
vt -0.885748 0.799279
vt -1.036581 1.052894
vt -1.183265 1.269098
vt -0.069579 0
vt -0.222763 0.85521
vt -0.143383 0.933529
vt -0.067514 0.997554
vt -0.80546 0
vt -0.377702 0.657384
vt -0.304138 0.770786
vt -0.22529 0.868522
vt -0.799549 0.691672
vt -0.871947 0.829418
vt -0.958255 0.934727
vt -1.112967 1.164011
vt -1.109214 1.184682
vt -1.179766 1.293349
vt 0 0
vt 0 0.214777
vt 0 0.429554
vt 0 0.644332
vt 0 0.859109
vt -0.145595 0.950764
vt -0.068982 1.018473
vt 0 1.073886
vt -0.406363 0
vt -0.394539 0.683991
vt -0.307062 0.780063
vt -0.380695 0.66257
vt -0.228349 0.882074
vt -0.793637 0.699353
vt -0.864648 0.843835
vt -0.954805 0.947237
vt -0.944302 0.974213
vt -1.032702 1.069863
vt -0.147945 0.967857
vt -0.070705 1.039378
vt -0.000994 1.098367
vt -0.793637 0
vt -0.317369 0.807891
vt -0.310898 0.790145
vt -0.314104 0.799023
vt -0.231296 0.895135
vt -0.150484 0.984931
vt -0.780897 0.71377
vt -0.856742 0.858033
vt -0.935493 0.995656
vt -1.02891 1.086322
vt -1.105209 1.205311
vt -0.072773 1.060275
vt -0.002302 1.122834
vt -0.419103 0
vt -0.406363 0.699353
vt -0.328053 0.829418
vt -0.400451 0.691672
vt -0.234366 0.90818
vt -0.153478 1.002149
vt -0.774099 0.720471
vt -0.842711 0.877427
vt -0.925418 1.016647
vt -1.018594 1.1188
vt -1.008237 1.147365
vt -1.101084 1.225668
vt -1.175955 1.317552
vt -1.171834 1.341705
vt -0.075071 1.08109
vt -0.003924 1.147282
vt -0.780897 0
vt -0.245195 0.947237
vt -0.241635 0.934536
vt -0.238196 0.921814
vt -0.156509 1.019035
vt -0.077622 1.10188
vt -0.767301 0.727172
vt -0.832934 0.890251
vt -0.909982 1.041168
vt -0.995936 1.17524
vt -1.090949 1.263595
vt -1.167403 1.365802
vt -0.00586 1.171707
vt -0.432699 0
vt -0.419103 0.71377
vt -0.335352 0.843835
vt -0.255698 0.974213
vt -0.159728 1.035895
vt -0.080555 1.122722
vt -0.752913 0.739498
vt -0.767301 0
vt -0.822615 0.902719
vt -0.896961 1.060375
vt -0.979058 1.204936
vt -1.079082 1.299186
vt -1.064612 1.333854
vt -1.157435 1.409022
vt -0.008109 1.196105
vt -0.425901 0.720471
vt -0.343257 0.858033
vt -0.17109 1.086322
vt -0.167226 1.069739
vt -0.163551 1.053122
vt -0.083667 1.143384
vt -0.010672 1.220472
vt -0.737802 0.750688
vt -0.752913 0
vt -0.805628 0.919351
vt -0.882812 1.07885
vt -0.962709 1.230612
vt -1.046328 1.368677
vt -1.144181 1.451349
vt -0.447087 0
vt -0.432699 0.727172
vt -0.357288 0.877427
vt -0.264507 0.995656
vt -0.181405 1.1188
vt -0.087032 1.164011
vt -0.013547 1.244805
vt -0.72992 0.755689
vt -0.737802 0
vt -0.787574 0.934625
vt -0.862996 1.099914
vt -0.944626 1.255174
vt -1.026736 1.400735
vt -1.127718 1.492534
vt -1.108143 1.532334
vt -0.447087 0.739498
vt -0.367066 0.890251
vt -0.274581 1.016647
vt -0.098916 1.225668
vt -0.094757 1.205252
vt -0.090849 1.184791
vt -0.016735 1.269098
vt -0.722039 0.76069
vt -0.774936 0.944405
vt -0.462198 0
vt -0.841738 1.119395
vt -0.921907 1.280713
vt -1.004822 1.431305
vt -1.085571 1.570515
vt -0.462198 0.750688
vt -0.377384 0.902719
vt -0.290018 1.041168
vt -0.191763 1.147365
vt -0.10905 1.263595
vt -0.020234 1.293349
vt -0.705698 0.769456
vt -0.722039 0
vt -0.761888 0.953678
vt -0.823923 1.134155
vt -0.477961 0
vt -0.897359 1.30444
vt -0.979274 1.461276
vt -1.060137 1.606852
vt -0.394371 0.919351
vt -0.303038 1.060375
vt -0.204064 1.17524
vt -0.032597 1.365802
vt -0.028166 1.341705
vt -0.024045 1.317552
vt -0.470079 0.755689
vt -0.688857 0.776945
vt -0.705698 0
vt -0.741607 0.965466
vt -0.805253 1.147874
vt -0.87423 1.324248
vt -0.951523 1.489209
vt -1.031989 1.64113
vt -0.412426 0.934625
vt -0.317188 1.07885
vt -0.220942 1.204936
vt -0.120918 1.299186
vt -0.042564 1.409022
vt -0.477961 0.76069
vt -0.671595 0.783121
vt -0.688857 0
vt -0.720592 0.975653
vt -0.494302 0
vt -0.780686 1.16277
vt -0.849787 1.342472
vt -0.923218 1.513998
vt -1.001294 1.673146
vt -0.337004 1.099914
vt -0.237291 1.230612
vt -0.135388 1.333854
vt -0.494302 0.769456
vt -0.425064 0.944405
vt -0.662795 0.785538
vt -0.671595 0
vt -0.698949 0.984184
vt -0.511143 0
vt -0.755128 1.175731
vt -0.820817 1.360503
vt -0.893152 1.536669
vt -0.968233 1.702714
vt -0.358262 1.119395
vt -0.255374 1.255174
vt -0.153672 1.368677
vt -0.055819 1.451349
vt -0.511143 0.776945
vt -0.438112 0.953678
vt -0.653995 0.787955
vt -0.683929 0.989054
vt -0.528404 0
vt -0.728717 1.186687
vt -0.790595 1.376266
vt -0.859896 1.557807
vt -0.933001 1.729657
vt -0.278093 1.280713
vt -0.173263 1.400735
vt -0.072282 1.492534
vt -0.528404 0.783121
vt -0.458392 0.965466
vt -0.376076 1.134155
vt -0.636139 0.791424
vt -0.653995 0
vt -0.668714 0.993296
vt -0.706928 1.194114
vt -0.546005 0
vt -0.759288 1.38967
vt -0.82513 1.576344
vt -0.895805 1.753817
vt -0.302641 1.30444
vt -0.195177 1.431305
vt -0.091857 1.532334
vt -0.537205 0.785538
vt -0.479408 0.975653
vt -0.394747 1.147874
vt -0.618112 0.793512
vt -0.636139 0
vt -0.646007 0.99775
vt -0.684732 1.200252
vt -0.730547 1.399687
vt -0.789056 1.592174
vt -0.856865 1.775052
vt -0.220726 1.461276
vt -0.114428 1.570515
vt -0.546005 0.787955
vt -0.50105 0.984184
vt -0.419314 1.16277
vt -0.325769 1.324248
vt -0.6 0.79421
vt -0.618112 0
vt -0.623063 1.000431
vt -0.563861 0
vt -0.656746 1.205712
vt -0.701182 1.407746
vt -0.753546 1.604747
vt -0.816411 1.793237
vt -0.248477 1.489209
vt -0.139863 1.606852
vt -0.563861 0.791424
vt -0.516071 0.989054
vt -0.444872 1.175731
vt -0.350213 1.342472
vt -0.581887 0.793512
vt -0.6 0
vt -0.6 1.001326
vt -0.581887 0
vt -0.62845 1.209
vt -0.667774 1.41422
vt -0.7172 1.614703
vt -0.77468 1.808264
vt -0.16801 1.64113
vt -0.531286 0.993296
vt -0.471282 1.186687
vt -0.379182 1.360503
vt -0.276781 1.513998
vt -0.576937 1.000431
vt -0.6 1.210098
vt -0.633983 1.418119
vt -0.678513 1.622183
vt -0.731919 1.820044
vt -0.198705 1.673146
vt -0.553993 0.99775
vt -0.493072 1.194114
vt -0.409405 1.376266
vt -0.306847 1.536669
vt -0.571549 1.209
vt -0.6 1.419421
vt -0.63937 1.626689
vt -0.688381 1.828508
vt -0.515268 1.200252
vt -0.440711 1.38967
vt -0.340104 1.557807
vt -0.231766 1.702714
vt -0.543254 1.205712
vt -0.566017 1.418119
vt -0.6 1.628193
vt -0.644321 1.833607
vt -0.469452 1.399687
vt -0.37487 1.576344
vt -0.266998 1.729657
vt -0.532226 1.41422
vt -0.560629 1.626689
vt -0.6 1.83531
vt -0.498817 1.407746
vt -0.410943 1.592174
vt -0.304194 1.753817
vt -0.521487 1.622183
vt -0.555679 1.833607
vt -0.446454 1.604747
vt -0.343134 1.775052
vt -0.4828 1.614703
vt -0.511619 1.828508
vt -0.383589 1.793237
vt -0.46808 1.820044
vt -0.42532 1.808264
vn -0.9359108728232918 -0.35223295213665246 0.001668999773207225
vn -0.9368841510140263 -0.34963705635712755 -0.001420000228886228
vn -0.9367494163655362 -0.34999615556597574 0.0017950007978404145
vn -0.9361358322369848 -0.35163593698403267 -0.0013679997548434438
vn -0.9376478296462825 -0.34758393685026084 -0.001397999746008556
vn -0.9400700244037481 -0.34096600885130723 0.0032450000842386565
vn -0.9399303986292662 -0.3413571447713026 -0.0024790010513568877
vn -0.9326505635639394 -0.3605018313023063 0.014189993359758766
vn -0.939575352959534 -0.3423331286003737 -0.002487000934263139
vn -0.937615491117966 -0.34766918210725317 0.0018250009559257908
vn -0.939899157285088 -0.34143505713660083 0.003417000571809542
vn -0.9367366941658233 -0.34970288582587306 0.01523999502431015
vn -0.940275681899149 -0.3404058848386662 -0.002339999208364286
vn -0.9333758695765987 -0.3586129498899402 0.01436099799329489
vn -0.939238484770693 -0.34325717716588744 -0.002362001219103471
vn -0.9383909731573267 -0.3455729901148848 -0.0012999999628134247
vn -0.9954838845905736 -0.09492298899529375 0.0012089998598370484
vn -0.9883433054480398 0.009039002793508798 0.1519730469673534
vn -0.9427424716641697 -0.3335198130873778 -0.0010799993947419747
vn -0.9416405672500986 -0.33661820278088617 -0.0011080006674663765
vn -0.9290818898675683 -0.36824495634861365 0.03467699588942391
vn -0.9298945748941427 -0.36654183243360683 0.030710985960322502
vn -0.9405368558378135 -0.33968994793351764 -0.0010779998347678955
vn -0.9384564321832172 -0.34539315906239393 0.001758000809604465
vn -0.9397315442734036 -0.34189619801932636 0.003408001973845527
vn -0.995259799347185 -0.09724398039478895 0.0012409997498039485
vn -0.9355490618084542 -0.35202102325679774 0.028795001902385136
vn -0.9437809580503531 -0.3305699853066603 -0.0009939999558181208
vn -0.9387946276788184 -0.3440768635408634 0.016605993414147424
vn -0.9333440185096121 -0.3567990070758596 0.039540000784137615
vn -0.9396580095074596 -0.34211200346148923 -0.0014840000150150362
vn -0.9390340127192158 -0.34381500465697423 -0.0025230000341739593
vn -0.9388647336150081 -0.3442859023154305 -0.0004789998640928324
vn -0.9950303236888896 -0.0995650323890579 0.001208000392969258
vn -0.9590993355184225 -0.22532507882469746 0.17133905993895418
vn -0.9677165579849183 -0.16326692542605287 0.192011912296467
vn -0.931104049264251 -0.3612490191135055 0.05044200266886129
vn -0.927188781338314 -0.37198091227463587 0.0441719895827885
vn -0.9285010100955916 -0.36935800401602964 0.03821700041553353
vn -0.9389832026950393 -0.3439530742479543 0.002613000564059423
vn -0.9395637444076905 -0.34235890686709214 0.0032169991248702716
vn -0.9674013930741301 -0.16331606635851584 0.19355207864399981
vn -0.9948070295164224 -0.10177300301965593 0.0011090000329046085
vn -0.9348498495153622 -0.3534699431012409 0.03338799462546824
vn -0.9410553058910179 -0.33771710977530206 0.019028006185073516
vn -0.9368958894533184 -0.3472119590315954 0.04086499517823742
vn -0.9345006830650815 -0.3520708805955331 0.05248398220011301
vn -0.9314156548602675 -0.360505866413134 0.05000398147082817
vn -0.9875760178059957 0.15714200283327034 0.0
vn -0.9319368121057147 -0.35691892803908376 0.06405198708603191
vn -0.9283925447790483 -0.3663042149466439 0.06251803668546975
vn -0.9243004140968456 -0.3773531690584085 0.05721302563207065
vn -0.9253900602128197 -0.37533402442204744 0.05270300342925288
vn -0.939445877856543 -0.34268595544517433 0.0027889996373841276
vn -0.9542280555413227 -0.19480701133883982 0.22693401320880816
vn -0.9263209909345597 -0.3699639963793474 0.07110599930412122
vn 0.9785639422177581 0.10033599407536045 0.17984798938033622
vn -0.9206199097792532 -0.39045996173492564 0.0
vn -0.9538295321119146 -0.19504190432485036 0.22840288796007427
vn -0.921114807911659 -0.3829169201468967 0.07015798536932549
vn 0.9954838845905736 -0.09492298899529375 0.0012089998598370484
vn 0.9680372571402549 -0.16300704329964813 0.19061105063211548
vn -0.9287907550658359 -0.36256790438614284 0.07676097975713447
vn -0.9250196724057286 -0.3722438681704158 0.07598097309145722
vn -0.9205536060210917 -0.383873835709519 0.07226296907286507
vn 0.0 0.0 -1.0
vn -0.9433925517654651 -0.26474215484071595 0.19980511686075228
vn -0.9252651912366053 -0.3717000768240949 0.07565301563619392
vn -0.9192095811898261 -0.38604782410893046 0.07759396464664596
vn 0.9950303236888896 -0.0995650323890579 0.001208000392969258
vn 0.9400700244037481 -0.34096600885130723 0.0032450000842386565
vn 0.9677239109839202 -0.16313498499402904 0.19208698233087979
vn 0.9382432860530641 -0.34569210539514367 0.014018004273830898
vn -0.9379201431768036 -0.22731303470013295 0.26198203999247843
vn -0.9223447710786679 -0.37590190670303775 0.08931897783147912
vn -0.9180693970600508 -0.38792516777553776 0.08162503530238656
vn 0.9948070295164224 -0.10177300301965593 0.0011090000329046085
vn 0.995259799347185 -0.09724398039478895 0.0012409997498039485
vn 0.939899157285088 -0.34143505713660083 0.003417000571809542
vn 0.9609611512485704 -0.2224430350109793 0.1645380258971356
vn 0.9357983301010476 -0.3514581239761722 0.027544009716096128
vn -0.9257396476779061 -0.36773686004507755 0.08817996644007801
vn -0.9221448584318711 -0.37700394212217075 0.0866999866897758
vn 0.891597914768593 -0.45282795671236636 0.0
vn 0.9206199097792532 -0.39045996173492564 0.0
vn 0.9875760178059957 0.15714200283327034 0.0
vn -0.891597914768593 -0.45282795671236636 0.0
vn -0.9374230662172243 -0.22773601608670338 0.26339001860521316
vn -0.9141379286871888 -0.3893169696289951 0.1130669911795314
vn -0.916142760869822 -0.39072189801436963 0.08954797662632462
vn -0.9147054788704841 -0.39339577587304886 0.09248594730855125
vn 0.9395637444076905 -0.34235890686709214 0.0032169991248702716
vn 0.9397315442734036 -0.34189619801932636 0.003408001973845527
vn 0.9367494163655362 -0.34999615556597574 0.0017950007978404145
vn 0.9359108728232918 -0.35223295213665246 0.001668999773207225
vn 0.9546120041291741 -0.19443100084101123 0.22563800097599718
vn 0.9351046978667859 -0.35290888597480446 0.03216398960778455
vn 0.9332857983888236 -0.3588989224695865 0.01300699719018983
vn 0.9456664468880244 -0.26162012363228127 0.19305409123043518
vn 0.939445877856543 -0.34268595544517433 0.0027889996373841276
vn -0.9245636416974494 -0.3048368818644522 0.22859691141025598
vn -0.912694102916762 -0.3913550441297843 0.11760401326120579
vn -0.9187198825830128 -0.38240295112699396 0.09859898739855733
vn 0.937615491117966 -0.34766918210725317 0.0018250009559257908
vn 0.9542213179265575 -0.19473506488164494 0.22702407563966717
vn 0.9305643953796802 -0.36220515389430186 0.05345402271163026
vn 0.9300621409341869 -0.3661840554886065 0.02989400452989872
vn -0.9225174169212319 -0.37289516852572113 0.09955304499186408
vn 0.8583562447809185 -0.5130541463097239 0.0
vn -0.8583562447809185 -0.5130541463097239 0.0
vn -0.9161242558181147 -0.20903305837029473 0.3420840955234051
vn -0.906897859644417 -0.39946493817701334 0.13402997925691898
vn -0.9073201224401366 -0.40397505451522525 0.11650901572254327
vn -0.90931573070755 -0.4014038811248603 0.10963496753177371
vn -0.9096454026828257 -0.400463177277479 0.1103380488445687
vn 0.9389832026950393 -0.3439530742479543 0.002613000564059423
vn 0.9384564321832172 -0.34539315906239393 0.001758000809604465
vn 0.9376478296462825 -0.34758393685026084 -0.001397999746008556
vn 0.9368841510140263 -0.34963705635712755 -0.001420000228886228
vn 0.9361358322369848 -0.35163593698403267 -0.0013679997548434438
vn 0.9266407397247223 -0.36939189624503405 0.06990398036533788
vn 0.9286739741048553 -0.36900398971069287 0.03742599895641354
vn 0.9331588974393106 -0.35922196051899413 0.013192998549997267
vn 0.9383589870483001 -0.22683999686904088 0.26081799640005965
vn -0.9178552881377666 -0.26141508206474245 0.29867009376002396
vn -0.8994987606029342 -0.408394891307756 0.15529195866982726
vn -0.9022371111474987 -0.41091505062103906 0.13083201611732798
vn -0.914961956327037 -0.38734398151129756 0.11317799459778821
vn 0.9383909731573267 -0.3455729901148848 -0.0012999999628134247
vn 0.9255905001577712 -0.3711282005451153 0.07447204024216943
vn 0.9248420124529979 -0.37635900506767406 0.05496500074010383
vn 0.9291940464629557 -0.36801401840198944 0.03411900170606962
vn -0.918645681606189 -0.378863868689405 0.11203696116906044
vn 0.9273060615814703 -0.30146502001999115 0.22186101473356873
vn 0.8210534544491075 -0.5708513159634365 0.0
vn 0.9195810327614543 -0.3810750135763693 0.09566900340835192
vn 0.9378975598719775 -0.22729689333618455 0.26207687701495075
vn -0.9013512090873657 -0.34649908037774746 0.25981606026979837
vn -0.8961591780439944 -0.41855908315702484 0.14733302927131892
vn -0.9066267490756692 -0.4049508879229731 0.11850196720257065
vn -0.9020661442236997 -0.4111410657338555 0.13130002099244606
vn -0.9110583430435958 -0.3937171482475269 0.12230904605340082
vn 0.9388647336150081 -0.3442859023154305 -0.0004789998640928324
vn 0.939238484770693 -0.34325717716588744 -0.002362001219103471
vn 0.939575352959534 -0.3423331286003737 -0.002487000934263139
vn 0.9399303986292662 -0.3413571447713026 -0.0024790010513568877
vn 0.940275681899149 -0.3404058848386662 -0.002339999208364286
vn 0.92131497059393 -0.38257098778929066 0.06941299778451077
vn 0.9273070814222019 -0.3717500326415131 0.043629003830844934
vn 0.9377549681561863 -0.34696098821807253 0.015286999480891803
vn -0.8210534544491075 -0.5708513159634365 0.0
vn 0.9055948528109636 -0.3419049444291681 0.2509959592048771
vn 0.9149701918262658 -0.3873370812063896 0.11313502371909973
vn -0.8737799795098596 -0.38834199089338034 0.2927439931351535
vn -0.8874280525206559 -0.4238650250856045 0.1811350107201137
vn -0.896224017298468 -0.4141700079941024 0.1588890030667962
vn -0.896550066145225 -0.41858103088186316 0.14487201068829525
vn -0.9149484636070457 -0.3843027747006428 0.12320992776758506
vn 0.9390340127192158 -0.34381500465697423 -0.0025230000341739593
vn 0.919410163425171 -0.3857120685603263 0.07688401366613473
vn 0.9239272791064622 -0.37803111419830243 0.058744017745806856
vn 0.9334209749231792 -0.3566409904186616 0.039146998948296395
vn 0.7798648764191122 -0.6259479008094867 0.0
vn 0.9188868167822569 -0.26030694809714244 0.2964579408889606
vn 0.913100075244928 -0.3907580322008076 0.11643200959469666
vn 0.9149191475975136 -0.39306806341092426 0.09176301480348611
vn -0.861720937522649 -0.33381897579712355 0.3821019722964618
vn -0.8627583468323763 -0.44979818082070416 0.23093209283564384
vn -0.8922680644342483 -0.42393803061426205 0.1553520112185906
vn -0.9066842299709639 -0.4005321015907748 0.13227903355119225
vn -0.9019488820607209 -0.40605394690418634 0.14699798077847187
vn -0.9110968646934702 -0.38970094212571216 0.1342969800556242
vn 0.9396580095074596 -0.34211200346148923 -0.0014840000150150362
vn 0.9405368558378135 -0.33968994793351764 -0.0010779998347678955
vn 0.9416405672500986 -0.33661820278088617 -0.0011080006674663765
vn 0.9427424716641697 -0.3335198130873778 -0.0010799993947419747
vn 0.9437809580503531 -0.3305699853066603 -0.0009939999558181208
vn 0.9206855095969939 -0.38365179564792545 0.07175996177706663
vn 0.9311873838220165 -0.36108814883532986 0.05005402063154585
vn 0.9401467009746375 -0.3399098918874272 0.024195992304163493
vn -0.7798648764191122 -0.6259479008094867 0.0
vn 0.8801264445709022 -0.3824851932015433 0.2812161420483555
vn 0.9055005190620897 -0.4013967868063819 0.13765692688636474
vn 0.9161090474975071 -0.20903601083789028 0.3421230177380527
vn 0.9099577368980427 -0.40000988434255874 0.10940296836761328
vn -0.8404578712717004 -0.4297369341795623 0.3300859494425546
vn -0.8389456509961649 -0.47087080411637355 0.27285688649074036
vn -0.882822040641155 -0.43481402001688124 0.17765700817852947
vn -0.8582811211880155 -0.4601210649684087 0.22724903208722483
vn -0.8927177577914216 -0.4228578852719055 0.15571195775286023
vn 0.9182027857718376 -0.38770990954244233 0.08114598106763059
vn 0.928125716348118 -0.36679588790059137 0.0635879805663716
vn 0.9362098013901332 -0.3486079260454508 0.044538990551388276
vn 0.7349861400442725 -0.6780821292017812 0.0
vn 0.8869014108438702 -0.42452019665265883 0.1821770843908213
vn 0.8988857964032891 -0.410818906949939 0.15242096547680775
vn 0.8980063325708697 -0.41026915194054175 0.15894605886465074
vn 0.9075450071355725 -0.4036550031737374 0.11586500091098864
vn 0.9146583309833541 -0.39303714222660774 0.0944560341803863
vn -0.8018132343463891 -0.4711331376983377 0.3675991074383907
vn -0.8212668334479244 -0.4842779017889357 0.3016549388246864
vn -0.8289787632495019 -0.4853008614014908 0.2779879206086072
vn -0.8825334424684993 -0.43514972509859945 0.1782678873810805
vn -0.8981982786207001 -0.41001912718774797 0.1585060491685049
vn 0.9251125284198458 -0.3720878103266126 0.0756139614554528
vn 0.9337728884524312 -0.35343495777901596 0.05614199329333411
vn -0.7349861400442725 -0.6780821292017812 0.0
vn 0.8457762796149529 -0.42611414087399735 0.32107510614792933
vn 0.8637420158868071 -0.44891100825682023 0.22897300421150063
vn 0.8660514254526305 -0.33090216255754706 0.37477818411188946
vn 0.9013863688023082 -0.41205216859117927 0.1331000544578985
vn 0.9092962974190467 -0.4014331313035801 0.10968903587786366
vn -0.784222730269383 -0.4025078615588535 0.47220983758510715
vn -0.7832600658024641 -0.5102270428646858 0.3552070298412992
vn -0.8038982209237219 -0.5035381383801042 0.31653908698985955
vn -0.8578903881933437 -0.46051220838067003 0.22793110313827777
vn -0.8254817409803799 -0.4881198468377784 0.28340591107290725
vn -0.8872970525022553 -0.4240430250910506 0.18136001073125357
vn -0.9057298391274504 -0.3969969294868011 0.14848197362715398
vn -0.902148253625936 -0.4016651129223383 0.1574600442676146
vn 0.9222411517469549 -0.37685006200747956 0.08634401420717487
vn 0.9308144879070197 -0.35893818814539724 0.06890403611757596
vn 0.6866289946082459 -0.7270079942911698 0.0
vn 0.8826986285485788 -0.4349648169609715 0.1779009251369049
vn 0.8930491824745255 -0.42271208637171265 0.15420003150731026
vn 0.8960773378454142 -0.41917615804075914 0.14607105507274218
vn 0.9067708902675806 -0.40475195101914796 0.11807798571085255
vn 0.9195363271416583 -0.38043213534560405 0.09861203508301283
vn -0.7597773467799351 -0.5084952320889722 0.4051801849335978
vn -0.6866289946082459 -0.7270079942911698 0.0
vn -0.7485032684470029 -0.530150190135749 0.3983511428666714
vn -0.7657501900266763 -0.5275321309110709 0.3678810912924633
vn -0.7943311385913346 -0.5102880890327771 0.32961205750923367
vn -0.8623674465710613 -0.45024323315536696 0.231524119893176
vn -0.8936678647371232 -0.4122109376089938 0.1773129731624424
vn 0.927884371127378 -0.3641011456301104 0.08038003214972853
vn 0.8119800128252244 -0.46470900734007864 0.35317700557843096
vn 0.8430590118723787 -0.46736500658166774 0.26612300374767733
vn 0.8586559689887816 -0.45978598339436966 0.2265099918193654
vn 0.9014960456256176 -0.4118990208466219 0.13283100672271034
vn 0.9146689746247963 -0.38852998922120685 0.11146799690759923
vn -0.7120979996492918 -0.5462649997309644 0.44103399978279084
vn -0.6350231125330908 -0.7724931368942934 0.0
vn -0.7294670849533769 -0.5388760627572403 0.4212960490639301
vn -0.7227230855248868 -0.5504740651414533 0.4179110494543429
vn -0.7552491331764899 -0.5338270941321419 0.38029906705985184
vn -0.8279452049023885 -0.48002811879881346 0.2899650717614348
vn -0.7918829590204538 -0.5058269738237076 0.3421409822943758
vn -0.8711838551874758 -0.43696292736584336 0.22383496279303652
vn 0.9247902813693355 -0.3692401123420598 0.09178602792608691
vn 0.7894569081743251 -0.40084995337514034 0.4648409459320287
vn 0.6350231125330908 -0.7724931368942934 0.0
vn 0.820376651677582 -0.4850577940500824 0.30282187142534317
vn 0.8825481840316141 -0.4351250907335987 0.17825503717027905
vn 0.8924159766178092 -0.42376098889703845 0.15498499593923828
vn 0.896653492132916 -0.41819676313216586 0.1453409176784916
vn 0.9111666646492709 -0.3935688551487805 0.12197895510620282
vn 0.9210995523489504 -0.3750828177111077 0.1043479492872743
vn -0.6541049547094475 -0.5844399595330863 0.4801839667518233
vn -0.5804119889509873 -0.8143229844981408 0.0
vn -0.6891643642837648 -0.5573522946095338 0.46304524475999315
vn -0.6947410361150715 -0.5628540292591231 0.44780602327852503
vn -0.7094848179540234 -0.5572728570099332 0.4313678893157589
vn -0.751422172722672 -0.5300051218275211 0.3930130903383925
vn -0.8363801757460758 -0.46857509846029 0.28443905976833267
vn 0.7650876912072272 -0.5064907955780769 0.39762783951564706
vn 0.7854089675649666 -0.5089119789834623 0.35233698544953995
vn 0.8313848811992659 -0.48336593092943014 0.2741469608257729
vn 0.8580729470581879 -0.46032197159882565 0.22762798595569522
vn 0.9064812216161029 -0.40002809779868126 0.13516403304483934
vn 0.917523219204581 -0.3805180909092074 0.11557302761143982
vn -0.6262237681657418 -0.49473781684314655 0.6025597769263864
vn -0.5230542426143208 -0.8522993953319217 0.0
vn -0.6273910221826648 -0.5822570205868618 0.5170660182819036
vn -0.6569857766734908 -0.5778298035806595 0.48423383539635734
vn -0.6733748240034121 -0.572858850274766 0.4673318778558198
vn -0.7049098418781664 -0.5537088757948073 0.44329290056276416
vn -0.7982319687332544 -0.49700998053211937 0.3403039866702932
vn -0.7573531971549673 -0.5221951359383775 0.3920821020672183
vn 0.7224732632747237 -0.541880197465244 0.4294161564824967
vn 0.5804119889509873 -0.8143229844981408 0.0
vn 0.7535809985719639 -0.5271979990009598 0.39265499925591885
vn 0.8047929056513164 -0.5029129410417591 0.3152569630413251
vn 0.8872956231585305 -0.424017819916278 0.18142592294697557
vn 0.89799233782074 -0.4111231546627098 0.15680405898899255
vn 0.9020946650441941 -0.40587684929430085 0.14659194556910146
vn 0.9137800480483838 -0.3859300202929728 0.12674400666445362
vn -0.5942652728138783 -0.6163842829682205 0.5166422371788812
vn -0.5777822422442114 -0.598536250945653 0.5549072326535073
vn -0.5965159069969139 -0.5993069065617677 0.5338539167665756
vn -0.6330238908220625 -0.5877818986249707 0.5037789131130065
vn -0.6618841402016371 -0.572300121225769 0.48413010254941746
vn -0.7112231268587469 -0.5463640974533336 0.4423210788954911
vn 0.6698610240808344 -0.57833402079053 0.4656350167391136
vn 0.7263281603075428 -0.5407291193440666 0.42433409365457603
vn 0.7652798430717315 -0.527853891758292 0.3683979244563295
vn 0.8270280372658843 -0.48688602193908453 0.28101001266231157
vn 0.8625950382103733 -0.4499660199321451 0.2312150102421316
vn 0.9100435353496352 -0.39113280029527014 0.13724392992594361
vn -0.5264369620317884 -0.6484109532346584 0.5499339603371145
vn -0.46322211491430365 -0.8862422198554522 0.0
vn -0.5537980392905878 -0.604201042866555 0.5729300406479557
vn -0.5386321176887067 -0.6164411346896286 0.5743481254924947
vn 0.5230542426143208 -0.8522993953319217 0.0
vn -0.5761859361444852 -0.6063179328051219 0.5480769392596508
vn -0.6173893083949886 -0.58844529393703 0.5220752607842281
vn -0.6646380423676856 -0.567243036159192 0.48630403099969466
vn 0.6888431238395389 -0.5576481002534267 0.4631670832677226
vn 0.7255876739902662 -0.5489837533391846 0.4148968135850366
vn 0.7957471306764109 -0.5092950836356815 0.32772705381884976
vn 0.8877911084450221 -0.4190600511888169 0.19030402324592338
vn 0.9007762711084767 -0.40338612140794594 0.16087804841979533
vn 0.9051649894308411 -0.3977319953558824 0.14995199824908562
vn 0.6327230869823469 -0.49418506793710837 0.5961900819600449
vn -0.4516088915626214 -0.6773108373685437 0.5807748605481325
vn -0.401196924399863 -0.9159918273937223 0.0
vn -0.49933123590660156 -0.6185182922159435 0.6067152866396714
vn -0.5053508575704183 -0.6241538240866384 0.5958628320602557
vn 0.46322211491430365 -0.8862422198554522 0.0
vn -0.5180279376530103 -0.6225049250787353 0.5866299293964525
vn -0.5641110323613584 -0.605164034716446 0.5617430322255135
vn -0.617659157236894 -0.5847751488656437 0.525866133869233
vn 0.6296478899158356 -0.5814868983360376 0.515185909927737
vn 0.6957718676193261 -0.5623768929996518 0.4468039149890847
vn 0.7540603385169905 -0.5344822399427607 0.3817351713706913
vn 0.8290272497051179 -0.47911514431070096 0.28837908686051505
vn 0.8602560966717144 -0.4475520502938882 0.24424702744738347
vn 0.60125566001377 -0.6151116521787559 0.5100287115989913
vn -0.3666119332639861 -0.7030538720199513 0.6093528890767619
vn -0.3372738497909085 -0.9414065807329051 0.0
vn -0.4297347859124141 -0.6342386840315627 0.6427046798139276
vn -0.45884097519368094 -0.6340669657204383 0.6224339663493534
vn -0.47632492767554296 -0.6320159040356603 0.611285907183272
vn -0.5077528994664591 -0.620591877124682 0.5975388816891058
vn -0.566862128730436 -0.6007771364322976 0.5636791280075989
vn 0.6565391138402812 -0.5780631002329708 0.48456108402023423
vn 0.7112802796125127 -0.5563612187120361 0.42958416887451034
vn 0.7932718552905681 -0.5048129079115329 0.3404169379008076
vn 0.5409418846565971 -0.6448308625046644 0.5399768848623613
vn 0.5838869996143425 -0.5964259996060605 0.5507739996362139
vn -0.32461005581670394 -0.5874441010110216 0.7413081274679435
vn -0.2717539348870856 -0.9623667694145438 0.0
vn -0.3477840967156407 -0.6491911805342495 0.6764591881172385
vn -0.39432176786658957 -0.6462836195390845 0.6533206153964737
vn 0.401196924399863 -0.9159918273937223 0.0
vn -0.4293502083868916 -0.6410743111480566 0.6361463087562307
vn -0.4590070178374721 -0.6317900245519924 0.624623024273476
vn -0.5121809059151933 -0.6160218868401778 0.5984878900610766
vn 0.5943554207036379 -0.6001144247800438 0.5353543789408274
vn 0.6756012182698989 -0.5718351847456821 0.46536815034883955
vn 0.750287475678659 -0.530560336372707 0.3944292500662518
vn 0.8246901258848339 -0.47772707292265454 0.3027590462146582
vn 0.467465080706217 -0.6740791163774101 0.5719210987401847
vn 0.5478227701275877 -0.6063377455740655 0.5764067581334347
vn -0.27791295230500007 -0.7222218760533754 0.6333718913016756
vn -0.28543503294448525 -0.6575870758977181 0.6972130804712927
vn -0.32068199111454354 -0.6576659817773911 0.6816439811130091
vn 0.3372738497909085 -0.9414065807329051 0.0
vn -0.3689960983490967 -0.6511951735640493 0.6631641767541665
vn -0.40915407205347043 -0.6411341129059709 0.6492611143371648
vn -0.45966704181430385 -0.6286330571845515 0.6273170570648399
vn 0.6326079616152479 -0.5879089643274488 0.5041529694095113
vn 0.7061437506409137 -0.5530358047076067 0.4421678438581813
vn 0.7858646431978864 -0.5048387707906291 0.3571478378459899
vn 0.38713687364744914 -0.6995507716827548 0.6006278039689313
vn 0.497341083006731 -0.6192341033507995 0.6076191014122443
vn 0.541800915820669 -0.6154969043705609 0.5723769110700926
vn -0.18494006362974946 -0.7374322537180349 0.6496082235016455
vn -0.20494893050900265 -0.9787726681325016 0.0
vn -0.2491530816979318 -0.6609952167420194 0.7078192320957339
vn -0.2552671054807293 -0.6654062749572414 0.7014792898632276
vn 0.2717539348870856 -0.9623667694145438 0.0
vn -0.303137980620238 -0.6602839577877176 0.6871189560721431
vn -0.35184196636584475 -0.6501999378444648 0.6733849356281071
vn -0.4078720117430433 -0.6386550183875167 0.6525030187862149
vn 0.5732246931729666 -0.6072486749611249 0.5501477055252674
vn 0.6641792175868078 -0.5712231871341747 0.48225515798802143
vn 0.741786003528676 -0.5304870025235267 0.4102890019517449
vn 0.33240403698842746 -0.5875170653762586 0.7377880820977424
vn 0.42708915064760977 -0.6349842239786596 0.6437312270639998
vn 0.5060109726726252 -0.6239929663009487 0.5954709678412937
vn -0.08840894836348687 -0.7466715638957736 0.6592916149312853
vn -0.1371739955085805 -0.9905469675670164 0.0
vn -0.174621031008245 -0.667881118598666 0.7234931284739421
vn -0.21177600405085145 -0.669108012798698 0.7123520136258696
vn 0.20494893050900265 -0.9787726681325016 0.0
vn -0.23999099742141675 -0.6672279928309687 0.7051319924237095
vn -0.292057006618888 -0.6580200149127077 0.6940550157293691
vn -0.35233711304755705 -0.6474732077421356 0.6757492168145091
vn 0.6170928931843149 -0.588445898142966 0.5224249095708683
vn 0.6966998537452986 -0.5529568839205383 0.45699890406451527
vn 0.2905068602457531 -0.7211436530791455 0.6289336974386246
vn 0.34674990721580534 -0.6494758262116578 0.6767168189224462
vn 0.4571228867320481 -0.6345338427723684 0.6232218455753059
vn 0.5199131942630018 -0.6219542323901325 0.5855452187860843
vn 0.009895001959086892 -0.7495461484007826 0.6618781310436095
vn -0.06874999448432567 -0.997633919961829 0.0
vn -0.08917194551020635 -0.672816588865793 0.7344155512248657
vn -0.15071596784769065 -0.6733508563537403 0.7237978455918603
vn -0.19101306197095078 -0.6712012177598599 0.7162422323726539
vn -0.23180696621077598 -0.6645259031357209 0.7104018964486306
vn -0.295987087656737 -0.6548391939309832 0.695397205942261
vn 0.5614699238284686 -0.6058979178011674 0.5635949235401818
vn 0.6507621092444207 -0.5722670960673438 0.49901808377092144
vn 0.2040209544051982 -0.7359888355204973 0.6455198557385934
vn 0.29236591594466504 -0.6565978112278279 0.6952708001093262
vn 0.3922049283618153 -0.6467458818686416 0.6541368805186392
vn 0.4786378544297376 -0.6313998079695641 0.6101148144430643
vn 0.10801803472186276 -0.7459312397759058 0.6572052112553634
vn 0.0 -1.0 0.0
vn -0.0023899994252326927 -0.6745658377746929 0.7382108224688081
vn -0.076540994074273 -0.6766659476132008 0.7323009433059956
vn 0.1371739955085805 -0.9905469675670164 0.0
vn -0.134068947710037 -0.6745417369132592 0.7259607168586787
vn -0.17854300966399775 -0.6688310362018183 0.7216560390610777
vn -0.2375619251023195 -0.6613347914967143 0.7114777756878126
vn 0.6010020317758797 -0.5897630311816568 0.5394220285200525
vn 0.24153001022638082 -0.6620840280326381 0.7094420300377763
vn 0.317027046705379 -0.6582560969762699 0.6827831005896623
vn 0.42800382445298335 -0.6413387369530468 0.6367867388200624
vn 0.5089961372940915 -0.620183167285129 0.5969051610062355
vn 0.06874999448432567 -0.997633919961829 0.0
vn 0.08449795817259158 -0.6730626668266584 0.7347426362944031
vn -0.001655000126035712 -0.6778210516191252 0.735225055990699
vn -0.0678049882268175 -0.6769708824555247 0.7328798727478802
vn -0.12267198098069221 -0.6718698958319556 0.7304398867511481
vn -0.18207100668464607 -0.6661430244571083 0.723259026554094
vn 0.5474008550608631 -0.6060718395261377 0.5770868472006964
vn 0.17025295652165678 -0.6683458293212056 0.7241048150817567
vn 0.25855901758640926 -0.6650130452321936 0.700646047655844
vn 0.36740501929060104 -0.6514540342045948 0.6637930348524544
vn 0.4614318887227141 -0.6311248478001588 0.6235078496370474
vn 0.07328101541323423 -0.6767971423510962 0.7325131540698743
vn -0.0011469997840262696 -0.6778038723732706 0.7352418615580145
vn -0.061839981262859556 -0.6738477958281918 0.7362777769122852
vn -0.12642093071338442 -0.6693266331669377 0.7321335987447735
vn 0.21076999185605846 -0.6692329741415074 0.7125329724684393
vn 0.29966597695793473 -0.6607449491936708 0.6881979470827415
vn 0.4081740674954653 -0.6412421060354826 0.6497711074458346
vn 0.4955198511594858 -0.619947813784753 0.6083788172597613
vn 0.14760307530459899 -0.6736043436615723 0.724203369476342
vn 0.06553800067379618 -0.6770370069606173 0.7330250075362303
vn -0.0007909998358568728 -0.6745148600290749 0.7382608468009239
vn -0.06837499168303746 -0.6712629183492616 0.738058910224365
vn 0.24185894774166372 -0.6670068558801776 0.7047028477352246
vn 0.35070379576402166 -0.6503106212848915 0.6738716075639082
vn 0.4441177625538341 -0.6313806624343129 0.6357026601235709
vn 0.13187807527945566 -0.6746703851195069 0.7262424145581711
vn 0.06027299177746861 -0.6738749080689803 0.7363828995415472
vn -0.010161999116932476 -0.6720049416034448 0.7404769356532976
vn 0.1916419765241468 -0.6711279177878415 0.716142912273573
vn 0.28930700249339236 -0.6583250056737739 0.6949170059891424
vn 0.38905803699222347 -0.641332060978817 0.6613070628780706
vn 0.12114793636118747 -0.6719216470406592 0.7306466161925295
vn 0.04808800231091709 -0.6715600322724895 0.7393880355320325
vn 0.23298699988234156 -0.664359999664498 0.7101709996413638
vn 0.33308908368347995 -0.6497631632429438 0.683271171661313
vn 0.1794969309135293 -0.6687087426210758 0.7215327222896849
vn 0.1062439629152856 -0.6699247661611262 0.734787743520546
vn 0.2750270899518874 -0.6570722149056875 0.701866229556267
vn 0.16417402543868512 -0.6670791033635814 0.7266721125974894
vn 0.2197010266174401 -0.6628630803078555 0.7157820867191526
vn 0.9367494163655362 0.34999615556597574 -0.0017950007978404145
vn 0.9368841510140263 0.34963705635712755 0.001420000228886228
vn 0.9359108728232918 0.35223295213665246 -0.001668999773207225
vn 0.9361358322369848 0.35163593698403267 0.0013679997548434438
vn 0.9376478296462825 0.34758393685026084 0.001397999746008556
vn 0.9400700244037481 0.34096600885130723 -0.0032450000842386565
vn 0.9399303986292662 0.3413571447713026 0.0024790010513568877
vn 0.9326505635639394 0.3605018313023063 -0.014189993359758766
vn 0.939575352959534 0.3423331286003737 0.002487000934263139
vn 0.937615491117966 0.34766918210725317 -0.0018250009559257908
vn 0.939899157285088 0.34143505713660083 -0.003417000571809542
vn 0.9367366941658233 0.34970288582587306 -0.01523999502431015
vn 0.940275681899149 0.3404058848386662 0.002339999208364286
vn 0.9333758695765987 0.3586129498899402 -0.01436099799329489
vn 0.939238484770693 0.34325717716588744 0.002362001219103471
vn 0.9383909731573267 0.3455729901148848 0.0012999999628134247
vn 0.9954838845905736 0.09492298899529375 -0.0012089998598370484
vn 0.9883433054480398 -0.009039002793508798 -0.1519730469673534
vn 0.9427424716641697 0.3335198130873778 0.0010799993947419747
vn 0.9416405672500986 0.33661820278088617 0.0011080006674663765
vn 0.9290818898675683 0.36824495634861365 -0.03467699588942391
vn 0.9298945748941427 0.36654183243360683 -0.030710985960322502
vn 0.9405368558378135 0.33968994793351764 0.0010779998347678955
vn 0.9384564321832172 0.34539315906239393 -0.001758000809604465
vn 0.9397315442734036 0.34189619801932636 -0.003408001973845527
vn 0.995259799347185 0.09724398039478895 -0.0012409997498039485
vn 0.9355490618084542 0.35202102325679774 -0.028795001902385136
vn 0.9437809580503531 0.3305699853066603 0.0009939999558181208
vn 0.9387946276788184 0.3440768635408634 -0.016605993414147424
vn 0.9333440185096121 0.3567990070758596 -0.039540000784137615
vn 0.9396580095074596 0.34211200346148923 0.0014840000150150362
vn 0.9390340127192158 0.34381500465697423 0.0025230000341739593
vn 0.9388647336150081 0.3442859023154305 0.0004789998640928324
vn 0.9950303236888896 0.0995650323890579 -0.001208000392969258
vn 0.9590993355184225 0.22532507882469746 -0.17133905993895418
vn 0.9677165579849183 0.16326692542605287 -0.192011912296467
vn 0.931104049264251 0.3612490191135055 -0.05044200266886129
vn 0.927188781338314 0.37198091227463587 -0.0441719895827885
vn 0.9285010100955916 0.36935800401602964 -0.03821700041553353
vn 0.9389832026950393 0.3439530742479543 -0.002613000564059423
vn 0.9395637444076905 0.34235890686709214 -0.0032169991248702716
vn 0.9674013930741301 0.16331606635851584 -0.19355207864399981
vn 0.9948070295164224 0.10177300301965593 -0.0011090000329046085
vn 0.9348498495153622 0.3534699431012409 -0.03338799462546824
vn 0.9410553058910179 0.33771710977530206 -0.019028006185073516
vn 0.9368958894533184 0.3472119590315954 -0.04086499517823742
vn 0.9345006830650815 0.3520708805955331 -0.05248398220011301
vn 0.9314156548602675 0.360505866413134 -0.05000398147082817
vn 0.9875760178059957 -0.15714200283327034 0.0
vn 0.9319368121057147 0.35691892803908376 -0.06405198708603191
vn 0.9283925447790483 0.3663042149466439 -0.06251803668546975
vn 0.9243004140968456 0.3773531690584085 -0.05721302563207065
vn 0.9253900602128197 0.37533402442204744 -0.05270300342925288
vn 0.939445877856543 0.34268595544517433 -0.0027889996373841276
vn 0.9542280555413227 0.19480701133883982 -0.22693401320880816
vn 0.9263209909345597 0.3699639963793474 -0.07110599930412122
vn -0.9785639422177581 -0.10033599407536045 -0.17984798938033622
vn 0.9206199097792532 0.39045996173492564 0.0
vn 0.9538295321119146 0.19504190432485036 -0.22840288796007427
vn 0.921114807911659 0.3829169201468967 -0.07015798536932549
vn -0.9954838845905736 0.09492298899529375 -0.0012089998598370484
vn -0.9680372571402549 0.16300704329964813 -0.19061105063211548
vn 0.9287907550658359 0.36256790438614284 -0.07676097975713447
vn 0.9250196724057286 0.3722438681704158 -0.07598097309145722
vn 0.9205536060210917 0.383873835709519 -0.07226296907286507
vn 0.0 0.0 1.0
vn 0.9433925517654651 0.26474215484071595 -0.19980511686075228
vn 0.9252651912366053 0.3717000768240949 -0.07565301563619392
vn 0.9192095811898261 0.38604782410893046 -0.07759396464664596
vn -0.9950303236888896 0.0995650323890579 -0.001208000392969258
vn -0.9400700244037481 0.34096600885130723 -0.0032450000842386565
vn -0.9677239109839202 0.16313498499402904 -0.19208698233087979
vn -0.9382432860530641 0.34569210539514367 -0.014018004273830898
vn 0.9379201431768036 0.22731303470013295 -0.26198203999247843
vn 0.9223447710786679 0.37590190670303775 -0.08931897783147912
vn 0.9180693970600508 0.38792516777553776 -0.08162503530238656
vn -0.9948070295164224 0.10177300301965593 -0.0011090000329046085
vn -0.995259799347185 0.09724398039478895 -0.0012409997498039485
vn -0.939899157285088 0.34143505713660083 -0.003417000571809542
vn -0.9609611512485704 0.2224430350109793 -0.1645380258971356
vn -0.9357983301010476 0.3514581239761722 -0.027544009716096128
vn 0.9257396476779061 0.36773686004507755 -0.08817996644007801
vn 0.9221448584318711 0.37700394212217075 -0.0866999866897758
vn -0.9206199097792532 0.39045996173492564 0.0
vn -0.891597914768593 0.45282795671236636 0.0
vn -0.9875760178059957 -0.15714200283327034 0.0
vn 0.891597914768593 0.45282795671236636 0.0
vn 0.9374230662172243 0.22773601608670338 -0.26339001860521316
vn 0.9141379286871888 0.3893169696289951 -0.1130669911795314
vn 0.916142760869822 0.39072189801436963 -0.08954797662632462
vn 0.9147054788704841 0.39339577587304886 -0.09248594730855125
vn -0.9395637444076905 0.34235890686709214 -0.0032169991248702716
vn -0.9397315442734036 0.34189619801932636 -0.003408001973845527
vn -0.9367494163655362 0.34999615556597574 -0.0017950007978404145
vn -0.9359108728232918 0.35223295213665246 -0.001668999773207225
vn -0.9546120041291741 0.19443100084101123 -0.22563800097599718
vn -0.9351046978667859 0.35290888597480446 -0.03216398960778455
vn -0.9332857983888236 0.3588989224695865 -0.01300699719018983
vn -0.9456664468880244 0.26162012363228127 -0.19305409123043518
vn -0.939445877856543 0.34268595544517433 -0.0027889996373841276
vn 0.9245636416974494 0.3048368818644522 -0.22859691141025598
vn 0.912694102916762 0.3913550441297843 -0.11760401326120579
vn 0.9187198825830128 0.38240295112699396 -0.09859898739855733
vn -0.937615491117966 0.34766918210725317 -0.0018250009559257908
vn -0.9542213179265575 0.19473506488164494 -0.22702407563966717
vn -0.9305643953796802 0.36220515389430186 -0.05345402271163026
vn -0.9300621409341869 0.3661840554886065 -0.02989400452989872
vn 0.9225174169212319 0.37289516852572113 -0.09955304499186408
vn -0.8583562447809185 0.5130541463097239 0.0
vn 0.8583562447809185 0.5130541463097239 0.0
vn 0.9161242558181147 0.20903305837029473 -0.3420840955234051
vn 0.906897859644417 0.39946493817701334 -0.13402997925691898
vn 0.9073201224401366 0.40397505451522525 -0.11650901572254327
vn 0.90931573070755 0.4014038811248603 -0.10963496753177371
vn 0.9096454026828257 0.400463177277479 -0.1103380488445687
vn -0.9389832026950393 0.3439530742479543 -0.002613000564059423
vn -0.9384564321832172 0.34539315906239393 -0.001758000809604465
vn -0.9376478296462825 0.34758393685026084 0.001397999746008556
vn -0.9368841510140263 0.34963705635712755 0.001420000228886228
vn -0.9361358322369848 0.35163593698403267 0.0013679997548434438
vn -0.9266407397247223 0.36939189624503405 -0.06990398036533788
vn -0.9286739741048553 0.36900398971069287 -0.03742599895641354
vn -0.9331588974393106 0.35922196051899413 -0.013192998549997267
vn -0.9383589870483001 0.22683999686904088 -0.26081799640005965
vn 0.9178552881377666 0.26141508206474245 -0.29867009376002396
vn 0.8994987606029342 0.408394891307756 -0.15529195866982726
vn 0.9022371111474987 0.41091505062103906 -0.13083201611732798
vn 0.914961956327037 0.38734398151129756 -0.11317799459778821
vn -0.9383909731573267 0.3455729901148848 0.0012999999628134247
vn -0.9255905001577712 0.3711282005451153 -0.07447204024216943
vn -0.9248420124529979 0.37635900506767406 -0.05496500074010383
vn -0.9291940464629557 0.36801401840198944 -0.03411900170606962
vn 0.918645681606189 0.378863868689405 -0.11203696116906044
vn -0.8210534544491075 0.5708513159634365 0.0
vn -0.9273060615814703 0.30146502001999115 -0.22186101473356873
vn -0.9195810327614543 0.3810750135763693 -0.09566900340835192
vn -0.9378975598719775 0.22729689333618455 -0.26207687701495075
vn 0.9013512090873657 0.34649908037774746 -0.25981606026979837
vn 0.8961591780439944 0.41855908315702484 -0.14733302927131892
vn 0.9066267490756692 0.4049508879229731 -0.11850196720257065
vn 0.9020661442236997 0.4111410657338555 -0.13130002099244606
vn 0.9110583430435958 0.3937171482475269 -0.12230904605340082
vn -0.9388647336150081 0.3442859023154305 0.0004789998640928324
vn -0.939238484770693 0.34325717716588744 0.002362001219103471
vn -0.939575352959534 0.3423331286003737 0.002487000934263139
vn -0.9399303986292662 0.3413571447713026 0.0024790010513568877
vn -0.940275681899149 0.3404058848386662 0.002339999208364286
vn -0.92131497059393 0.38257098778929066 -0.06941299778451077
vn -0.9273070814222019 0.3717500326415131 -0.043629003830844934
vn -0.9377549681561863 0.34696098821807253 -0.015286999480891803
vn 0.8210534544491075 0.5708513159634365 0.0
vn -0.9055948528109636 0.3419049444291681 -0.2509959592048771
vn -0.9149701918262658 0.3873370812063896 -0.11313502371909973
vn 0.8737799795098596 0.38834199089338034 -0.2927439931351535
vn 0.8874280525206559 0.4238650250856045 -0.1811350107201137
vn 0.896224017298468 0.4141700079941024 -0.1588890030667962
vn 0.896550066145225 0.41858103088186316 -0.14487201068829525
vn 0.9149484636070457 0.3843027747006428 -0.12320992776758506
vn -0.9390340127192158 0.34381500465697423 0.0025230000341739593
vn -0.919410163425171 0.3857120685603263 -0.07688401366613473
vn -0.9239272791064622 0.37803111419830243 -0.058744017745806856
vn -0.9334209749231792 0.3566409904186616 -0.039146998948296395
vn -0.7798648764191122 0.6259479008094867 0.0
vn -0.9188868167822569 0.26030694809714244 -0.2964579408889606
vn -0.913100075244928 0.3907580322008076 -0.11643200959469666
vn -0.9149191475975136 0.39306806341092426 -0.09176301480348611
vn 0.861720937522649 0.33381897579712355 -0.3821019722964618
vn 0.8627583468323763 0.44979818082070416 -0.23093209283564384
vn 0.8922680644342483 0.42393803061426205 -0.1553520112185906
vn 0.9066842299709639 0.4005321015907748 -0.13227903355119225
vn 0.9019488820607209 0.40605394690418634 -0.14699798077847187
vn 0.9110968646934702 0.38970094212571216 -0.1342969800556242
vn -0.9396580095074596 0.34211200346148923 0.0014840000150150362
vn -0.9405368558378135 0.33968994793351764 0.0010779998347678955
vn -0.9416405672500986 0.33661820278088617 0.0011080006674663765
vn -0.9427424716641697 0.3335198130873778 0.0010799993947419747
vn -0.9437809580503531 0.3305699853066603 0.0009939999558181208
vn -0.9206855095969939 0.38365179564792545 -0.07175996177706663
vn -0.9311873838220165 0.36108814883532986 -0.05005402063154585
vn -0.9401467009746375 0.3399098918874272 -0.024195992304163493
vn 0.7798648764191122 0.6259479008094867 0.0
vn -0.8801264445709022 0.3824851932015433 -0.2812161420483555
vn -0.9055005190620897 0.4013967868063819 -0.13765692688636474
vn -0.9161090474975071 0.20903601083789028 -0.3421230177380527
vn -0.9099577368980427 0.40000988434255874 -0.10940296836761328
vn 0.8404578712717004 0.4297369341795623 -0.3300859494425546
vn 0.8389456509961649 0.47087080411637355 -0.27285688649074036
vn 0.882822040641155 0.43481402001688124 -0.17765700817852947
vn 0.8582811211880155 0.4601210649684087 -0.22724903208722483
vn 0.8927177577914216 0.4228578852719055 -0.15571195775286023
vn -0.9182027857718376 0.38770990954244233 -0.08114598106763059
vn -0.928125716348118 0.36679588790059137 -0.0635879805663716
vn -0.9362098013901332 0.3486079260454508 -0.044538990551388276
vn -0.7349861400442725 0.6780821292017812 0.0
vn -0.8869014108438702 0.42452019665265883 -0.1821770843908213
vn -0.8988857964032891 0.410818906949939 -0.15242096547680775
vn -0.8980063325708697 0.41026915194054175 -0.15894605886465074
vn -0.9075450071355725 0.4036550031737374 -0.11586500091098864
vn -0.9146583309833541 0.39303714222660774 -0.0944560341803863
vn 0.8018132343463891 0.4711331376983377 -0.3675991074383907
vn 0.8212668334479244 0.4842779017889357 -0.3016549388246864
vn 0.8289787632495019 0.4853008614014908 -0.2779879206086072
vn 0.8825334424684993 0.43514972509859945 -0.1782678873810805
vn 0.8981982786207001 0.41001912718774797 -0.1585060491685049
vn -0.9251125284198458 0.3720878103266126 -0.0756139614554528
vn -0.9337728884524312 0.35343495777901596 -0.05614199329333411
vn 0.7349861400442725 0.6780821292017812 0.0
vn -0.8457762796149529 0.42611414087399735 -0.32107510614792933
vn -0.8637420158868071 0.44891100825682023 -0.22897300421150063
vn -0.8660514254526305 0.33090216255754706 -0.37477818411188946
vn -0.9013863688023082 0.41205216859117927 -0.1331000544578985
vn -0.9092962974190467 0.4014331313035801 -0.10968903587786366
vn 0.784222730269383 0.4025078615588535 -0.47220983758510715
vn 0.7832600658024641 0.5102270428646858 -0.3552070298412992
vn 0.8038982209237219 0.5035381383801042 -0.31653908698985955
vn 0.8578903881933437 0.46051220838067003 -0.22793110313827777
vn 0.8254817409803799 0.4881198468377784 -0.28340591107290725
vn 0.8872970525022553 0.4240430250910506 -0.18136001073125357
vn 0.9057298391274504 0.3969969294868011 -0.14848197362715398
vn 0.902148253625936 0.4016651129223383 -0.1574600442676146
vn -0.9222411517469549 0.37685006200747956 -0.08634401420717487
vn -0.9308144879070197 0.35893818814539724 -0.06890403611757596
vn -0.6866289946082459 0.7270079942911698 0.0
vn -0.8826986285485788 0.4349648169609715 -0.1779009251369049
vn -0.8930491824745255 0.42271208637171265 -0.15420003150731026
vn -0.8960773378454142 0.41917615804075914 -0.14607105507274218
vn -0.9067708902675806 0.40475195101914796 -0.11807798571085255
vn -0.9195363271416583 0.38043213534560405 -0.09861203508301283
vn 0.7597773467799351 0.5084952320889722 -0.4051801849335978
vn 0.6866289946082459 0.7270079942911698 0.0
vn 0.7485032684470029 0.530150190135749 -0.3983511428666714
vn 0.7657501900266763 0.5275321309110709 -0.3678810912924633
vn 0.7943311385913346 0.5102880890327771 -0.32961205750923367
vn 0.8623674465710613 0.45024323315536696 -0.231524119893176
vn 0.8936678647371232 0.4122109376089938 -0.1773129731624424
vn -0.927884371127378 0.3641011456301104 -0.08038003214972853
vn -0.8119800128252244 0.46470900734007864 -0.35317700557843096
vn -0.8430590118723787 0.46736500658166774 -0.26612300374767733
vn -0.8586559689887816 0.45978598339436966 -0.2265099918193654
vn -0.9014960456256176 0.4118990208466219 -0.13283100672271034
vn -0.9146689746247963 0.38852998922120685 -0.11146799690759923
vn 0.7120979996492918 0.5462649997309644 -0.44103399978279084
vn 0.6350231125330908 0.7724931368942934 0.0
vn 0.7294670849533769 0.5388760627572403 -0.4212960490639301
vn 0.7227230855248868 0.5504740651414533 -0.4179110494543429
vn 0.7552491331764899 0.5338270941321419 -0.38029906705985184
vn 0.8279452049023885 0.48002811879881346 -0.2899650717614348
vn 0.7918829590204538 0.5058269738237076 -0.3421409822943758
vn 0.8711838551874758 0.43696292736584336 -0.22383496279303652
vn -0.9247902813693355 0.3692401123420598 -0.09178602792608691
vn -0.6350231125330908 0.7724931368942934 0.0
vn -0.7894569081743251 0.40084995337514034 -0.4648409459320287
vn -0.820376651677582 0.4850577940500824 -0.30282187142534317
vn -0.8825481840316141 0.4351250907335987 -0.17825503717027905
vn -0.8924159766178092 0.42376098889703845 -0.15498499593923828
vn -0.896653492132916 0.41819676313216586 -0.1453409176784916
vn -0.9111666646492709 0.3935688551487805 -0.12197895510620282
vn -0.9210995523489504 0.3750828177111077 -0.1043479492872743
vn 0.6541049547094475 0.5844399595330863 -0.4801839667518233
vn 0.5804119889509873 0.8143229844981408 0.0
vn 0.6891643642837648 0.5573522946095338 -0.46304524475999315
vn 0.6947410361150715 0.5628540292591231 -0.44780602327852503
vn 0.7094848179540234 0.5572728570099332 -0.4313678893157589
vn 0.751422172722672 0.5300051218275211 -0.3930130903383925
vn 0.8363801757460758 0.46857509846029 -0.28443905976833267
vn -0.7650876912072272 0.5064907955780769 -0.39762783951564706
vn -0.7854089675649666 0.5089119789834623 -0.35233698544953995
vn -0.8313848811992659 0.48336593092943014 -0.2741469608257729
vn -0.8580729470581879 0.46032197159882565 -0.22762798595569522
vn -0.9064812216161029 0.40002809779868126 -0.13516403304483934
vn -0.917523219204581 0.3805180909092074 -0.11557302761143982
vn 0.6262237681657418 0.49473781684314655 -0.6025597769263864
vn 0.5230542426143208 0.8522993953319217 0.0
vn 0.6273910221826648 0.5822570205868618 -0.5170660182819036
vn 0.6569857766734908 0.5778298035806595 -0.48423383539635734
vn 0.6733748240034121 0.572858850274766 -0.4673318778558198
vn 0.7049098418781664 0.5537088757948073 -0.44329290056276416
vn 0.7982319687332544 0.49700998053211937 -0.3403039866702932
vn 0.7573531971549673 0.5221951359383775 -0.3920821020672183
vn -0.5804119889509873 0.8143229844981408 0.0
vn -0.7224732632747237 0.541880197465244 -0.4294161564824967
vn -0.7535809985719639 0.5271979990009598 -0.39265499925591885
vn -0.8047929056513164 0.5029129410417591 -0.3152569630413251
vn -0.8872956231585305 0.424017819916278 -0.18142592294697557
vn -0.89799233782074 0.4111231546627098 -0.15680405898899255
vn -0.9020946650441941 0.40587684929430085 -0.14659194556910146
vn -0.9137800480483838 0.3859300202929728 -0.12674400666445362
vn 0.5942652728138783 0.6163842829682205 -0.5166422371788812
vn 0.5777822422442114 0.598536250945653 -0.5549072326535073
vn 0.5965159069969139 0.5993069065617677 -0.5338539167665756
vn 0.6330238908220625 0.5877818986249707 -0.5037789131130065
vn 0.6618841402016371 0.572300121225769 -0.48413010254941746
vn 0.7112231268587469 0.5463640974533336 -0.4423210788954911
vn -0.6698610240808344 0.57833402079053 -0.4656350167391136
vn -0.7263281603075428 0.5407291193440666 -0.42433409365457603
vn -0.7652798430717315 0.527853891758292 -0.3683979244563295
vn -0.8270280372658843 0.48688602193908453 -0.28101001266231157
vn -0.8625950382103733 0.4499660199321451 -0.2312150102421316
vn -0.9100435353496352 0.39113280029527014 -0.13724392992594361
vn 0.5264369620317884 0.6484109532346584 -0.5499339603371145
vn 0.46322211491430365 0.8862422198554522 0.0
vn 0.5537980392905878 0.604201042866555 -0.5729300406479557
vn 0.5386321176887067 0.6164411346896286 -0.5743481254924947
vn -0.5230542426143208 0.8522993953319217 0.0
vn 0.5761859361444852 0.6063179328051219 -0.5480769392596508
vn 0.6173893083949886 0.58844529393703 -0.5220752607842281
vn 0.6646380423676856 0.567243036159192 -0.48630403099969466
vn -0.6888431238395389 0.5576481002534267 -0.4631670832677226
vn -0.7255876739902662 0.5489837533391846 -0.4148968135850366
vn -0.7957471306764109 0.5092950836356815 -0.32772705381884976
vn -0.8877911084450221 0.4190600511888169 -0.19030402324592338
vn -0.9007762711084767 0.40338612140794594 -0.16087804841979533
vn -0.9051649894308411 0.3977319953558824 -0.14995199824908562
vn -0.6327230869823469 0.49418506793710837 -0.5961900819600449
vn 0.4516088915626214 0.6773108373685437 -0.5807748605481325
vn 0.401196924399863 0.9159918273937223 0.0
vn 0.49933123590660156 0.6185182922159435 -0.6067152866396714
vn 0.5053508575704183 0.6241538240866384 -0.5958628320602557
vn -0.46322211491430365 0.8862422198554522 0.0
vn 0.5180279376530103 0.6225049250787353 -0.5866299293964525
vn 0.5641110323613584 0.605164034716446 -0.5617430322255135
vn 0.617659157236894 0.5847751488656437 -0.525866133869233
vn -0.6296478899158356 0.5814868983360376 -0.515185909927737
vn -0.6957718676193261 0.5623768929996518 -0.4468039149890847
vn -0.7540603385169905 0.5344822399427607 -0.3817351713706913
vn -0.8290272497051179 0.47911514431070096 -0.28837908686051505
vn -0.8602560966717144 0.4475520502938882 -0.24424702744738347
vn -0.60125566001377 0.6151116521787559 -0.5100287115989913
vn 0.3666119332639861 0.7030538720199513 -0.6093528890767619
vn 0.3372738497909085 0.9414065807329051 0.0
vn 0.4297347859124141 0.6342386840315627 -0.6427046798139276
vn 0.45884097519368094 0.6340669657204383 -0.6224339663493534
vn 0.47632492767554296 0.6320159040356603 -0.611285907183272
vn 0.5077528994664591 0.620591877124682 -0.5975388816891058
vn 0.566862128730436 0.6007771364322976 -0.5636791280075989
vn -0.6565391138402812 0.5780631002329708 -0.48456108402023423
vn -0.7112802796125127 0.5563612187120361 -0.42958416887451034
vn -0.7932718552905681 0.5048129079115329 -0.3404169379008076
vn -0.5409418846565971 0.6448308625046644 -0.5399768848623613
vn -0.5838869996143425 0.5964259996060605 -0.5507739996362139
vn 0.32461005581670394 0.5874441010110216 -0.7413081274679435
vn 0.2717539348870856 0.9623667694145438 0.0
vn 0.3477840967156407 0.6491911805342495 -0.6764591881172385
vn 0.39432176786658957 0.6462836195390845 -0.6533206153964737
vn -0.401196924399863 0.9159918273937223 0.0
vn 0.4293502083868916 0.6410743111480566 -0.6361463087562307
vn 0.4590070178374721 0.6317900245519924 -0.624623024273476
vn 0.5121809059151933 0.6160218868401778 -0.5984878900610766
vn -0.5943554207036379 0.6001144247800438 -0.5353543789408274
vn -0.6756012182698989 0.5718351847456821 -0.46536815034883955
vn -0.750287475678659 0.530560336372707 -0.3944292500662518
vn -0.8246901258848339 0.47772707292265454 -0.3027590462146582
vn -0.467465080706217 0.6740791163774101 -0.5719210987401847
vn -0.5478227701275877 0.6063377455740655 -0.5764067581334347
vn 0.27791295230500007 0.7222218760533754 -0.6333718913016756
vn 0.28543503294448525 0.6575870758977181 -0.6972130804712927
vn 0.32068199111454354 0.6576659817773911 -0.6816439811130091
vn -0.3372738497909085 0.9414065807329051 0.0
vn 0.3689960983490967 0.6511951735640493 -0.6631641767541665
vn 0.40915407205347043 0.6411341129059709 -0.6492611143371648
vn 0.45966704181430385 0.6286330571845515 -0.6273170570648399
vn -0.6326079616152479 0.5879089643274488 -0.5041529694095113
vn -0.7061437506409137 0.5530358047076067 -0.4421678438581813
vn -0.7858646431978864 0.5048387707906291 -0.3571478378459899
vn -0.38713687364744914 0.6995507716827548 -0.6006278039689313
vn -0.497341083006731 0.6192341033507995 -0.6076191014122443
vn -0.541800915820669 0.6154969043705609 -0.5723769110700926
vn 0.18494006362974946 0.7374322537180349 -0.6496082235016455
vn 0.20494893050900265 0.9787726681325016 0.0
vn 0.2491530816979318 0.6609952167420194 -0.7078192320957339
vn 0.2552671054807293 0.6654062749572414 -0.7014792898632276
vn -0.2717539348870856 0.9623667694145438 0.0
vn 0.303137980620238 0.6602839577877176 -0.6871189560721431
vn 0.35184196636584475 0.6501999378444648 -0.6733849356281071
vn 0.4078720117430433 0.6386550183875167 -0.6525030187862149
vn -0.5732246931729666 0.6072486749611249 -0.5501477055252674
vn -0.6641792175868078 0.5712231871341747 -0.48225515798802143
vn -0.741786003528676 0.5304870025235267 -0.4102890019517449
vn -0.33240403698842746 0.5875170653762586 -0.7377880820977424
vn -0.42708915064760977 0.6349842239786596 -0.6437312270639998
vn -0.5060109726726252 0.6239929663009487 -0.5954709678412937
vn 0.08840894836348687 0.7466715638957736 -0.6592916149312853
vn 0.1371739955085805 0.9905469675670164 0.0
vn 0.174621031008245 0.667881118598666 -0.7234931284739421
vn 0.21177600405085145 0.669108012798698 -0.7123520136258696
vn -0.20494893050900265 0.9787726681325016 0.0
vn 0.23999099742141675 0.6672279928309687 -0.7051319924237095
vn 0.292057006618888 0.6580200149127077 -0.6940550157293691
vn 0.35233711304755705 0.6474732077421356 -0.6757492168145091
vn -0.6170928931843149 0.588445898142966 -0.5224249095708683
vn -0.6966998537452986 0.5529568839205383 -0.45699890406451527
vn -0.2905068602457531 0.7211436530791455 -0.6289336974386246
vn -0.34674990721580534 0.6494758262116578 -0.6767168189224462
vn -0.4571228867320481 0.6345338427723684 -0.6232218455753059
vn -0.5199131942630018 0.6219542323901325 -0.5855452187860843
vn -0.009895001959086892 0.7495461484007826 -0.6618781310436095
vn 0.06874999448432567 0.997633919961829 0.0
vn 0.08917194551020635 0.672816588865793 -0.7344155512248657
vn 0.15071596784769065 0.6733508563537403 -0.7237978455918603
vn 0.19101306197095078 0.6712012177598599 -0.7162422323726539
vn 0.23180696621077598 0.6645259031357209 -0.7104018964486306
vn 0.295987087656737 0.6548391939309832 -0.695397205942261
vn -0.5614699238284686 0.6058979178011674 -0.5635949235401818
vn -0.6507621092444207 0.5722670960673438 -0.49901808377092144
vn -0.2040209544051982 0.7359888355204973 -0.6455198557385934
vn -0.29236591594466504 0.6565978112278279 -0.6952708001093262
vn -0.3922049283618153 0.6467458818686416 -0.6541368805186392
vn -0.4786378544297376 0.6313998079695641 -0.6101148144430643
vn -0.10801803472186276 0.7459312397759058 -0.6572052112553634
vn 0.0 1.0 0.0
vn 0.0023899994252326927 0.6745658377746929 -0.7382108224688081
vn 0.076540994074273 0.6766659476132008 -0.7323009433059956
vn -0.1371739955085805 0.9905469675670164 0.0
vn 0.134068947710037 0.6745417369132592 -0.7259607168586787
vn 0.17854300966399775 0.6688310362018183 -0.7216560390610777
vn 0.2375619251023195 0.6613347914967143 -0.7114777756878126
vn -0.6010020317758797 0.5897630311816568 -0.5394220285200525
vn -0.24153001022638082 0.6620840280326381 -0.7094420300377763
vn -0.317027046705379 0.6582560969762699 -0.6827831005896623
vn -0.42800382445298335 0.6413387369530468 -0.6367867388200624
vn -0.5089961372940915 0.620183167285129 -0.5969051610062355
vn -0.06874999448432567 0.997633919961829 0.0
vn -0.08449795817259158 0.6730626668266584 -0.7347426362944031
vn 0.001655000126035712 0.6778210516191252 -0.735225055990699
vn 0.0678049882268175 0.6769708824555247 -0.7328798727478802
vn 0.12267198098069221 0.6718698958319556 -0.7304398867511481
vn 0.18207100668464607 0.6661430244571083 -0.723259026554094
vn -0.5474008550608631 0.6060718395261377 -0.5770868472006964
vn -0.17025295652165678 0.6683458293212056 -0.7241048150817567
vn -0.25855901758640926 0.6650130452321936 -0.700646047655844
vn -0.36740501929060104 0.6514540342045948 -0.6637930348524544
vn -0.4614318887227141 0.6311248478001588 -0.6235078496370474
vn -0.07328101541323423 0.6767971423510962 -0.7325131540698743
vn 0.0011469997840262696 0.6778038723732706 -0.7352418615580145
vn 0.061839981262859556 0.6738477958281918 -0.7362777769122852
vn 0.12642093071338442 0.6693266331669377 -0.7321335987447735
vn -0.21076999185605846 0.6692329741415074 -0.7125329724684393
vn -0.29966597695793473 0.6607449491936708 -0.6881979470827415
vn -0.4081740674954653 0.6412421060354826 -0.6497711074458346
vn -0.4955198511594858 0.619947813784753 -0.6083788172597613
vn -0.14760307530459899 0.6736043436615723 -0.724203369476342
vn -0.06553800067379618 0.6770370069606173 -0.7330250075362303
vn 0.0007909998358568728 0.6745148600290749 -0.7382608468009239
vn 0.06837499168303746 0.6712629183492616 -0.738058910224365
vn -0.24185894774166372 0.6670068558801776 -0.7047028477352246
vn -0.35070379576402166 0.6503106212848915 -0.6738716075639082
vn -0.4441177625538341 0.6313806624343129 -0.6357026601235709
vn -0.13187807527945566 0.6746703851195069 -0.7262424145581711
vn -0.06027299177746861 0.6738749080689803 -0.7363828995415472
vn 0.010161999116932476 0.6720049416034448 -0.7404769356532976
vn -0.1916419765241468 0.6711279177878415 -0.716142912273573
vn -0.28930700249339236 0.6583250056737739 -0.6949170059891424
vn -0.38905803699222347 0.641332060978817 -0.6613070628780706
vn -0.12114793636118747 0.6719216470406592 -0.7306466161925295
vn -0.04808800231091709 0.6715600322724895 -0.7393880355320325
vn -0.23298699988234156 0.664359999664498 -0.7101709996413638
vn -0.33308908368347995 0.6497631632429438 -0.683271171661313
vn -0.1794969309135293 0.6687087426210758 -0.7215327222896849
vn -0.1062439629152856 0.6699247661611262 -0.734787743520546
vn -0.2750270899518874 0.6570722149056875 -0.701866229556267
vn -0.16417402543868512 0.6670791033635814 -0.7266721125974894
vn -0.2197010266174401 0.6628630803078555 -0.7157820867191526
usemtl material_0_0
f 1/1/1 2/2/2 3/3/3
f 4/4/4 2/2/2 1/1/1
f 2/2/2 5/5/5 3/3/3
f 1/1/1 3/3/3 6/6/6
f 4/4/4 7/7/7 2/2/2
f 8/8/8 4/4/4 1/1/1
f 2/2/2 9/9/9 5/5/5
f 3/3/3 5/5/5 10/10/10
f 6/6/6 3/3/3 11/11/11
f 12/12/12 1/1/1 6/6/6
f 13/13/13 7/7/7 4/4/4
f 7/7/7 9/9/9 2/2/2
f 14/14/14 4/4/4 8/8/8
f 8/8/8 1/1/1 12/12/12
f 9/9/9 15/15/15 5/5/5
f 5/5/5 16/16/16 10/10/10
f 3/3/3 10/10/10 11/11/11
f 6/6/6 11/11/11 17/17/17
f 12/12/12 6/6/6 18/18/18
f 13/13/13 19/19/19 7/7/7
f 14/14/14 13/13/13 4/4/4
f 7/7/7 20/20/20 9/9/9
f 21/21/21 14/14/14 8/8/8
f 22/22/22 8/8/8 12/12/12
f 9/9/9 23/23/23 15/15/15
f 5/5/5 15/15/15 16/16/16
f 10/10/10 16/16/16 24/24/24
f 11/11/11 10/10/10 25/25/25
f 17/17/17 11/11/11 26/26/26
f 18/18/18 6/6/6 17/17/17
f 27/27/27 12/12/12 18/18/18
f 28/28/28 19/19/19 13/13/13
f 19/19/19 20/20/20 7/7/7
f 29/29/29 13/13/13 14/14/14
f 20/20/20 23/23/23 9/9/9
f 30/30/30 14/14/14 21/21/21
f 21/21/21 8/8/8 22/22/22
f 22/22/22 12/12/12 27/27/27
f 23/23/23 31/31/31 15/15/15
f 15/15/15 32/32/32 16/16/16
f 16/16/16 33/33/33 24/24/24
f 10/10/10 24/24/24 25/25/25
f 11/11/11 25/25/25 26/26/26
f 26/26/26 17/17/17 34/34/34
f 26/26/26 35/35/35 17/17/17
f 18/18/18 34/34/34 17/17/17
f 17/17/17 36/36/36 18/18/18
f 27/27/27 18/18/18 36/36/36
f 29/29/29 28/28/28 13/13/13
f 30/30/30 29/29/29 14/14/14
f 37/37/37 30/30/30 21/21/21
f 38/38/38 21/21/21 22/22/22
f 39/39/39 22/22/22 27/27/27
f 15/15/15 31/31/31 32/32/32
f 16/16/16 32/32/32 33/33/33
f 24/24/24 33/33/33 40/40/40
f 25/25/25 24/24/24 41/41/41
f 26/26/26 25/25/25 34/34/34
f 34/34/34 35/35/35 26/26/26
f 17/17/17 35/35/35 42/42/42
f 18/18/18 43/43/43 34/34/34
f 17/17/17 42/42/42 36/36/36
f 42/42/42 18/18/18 36/36/36
f 44/44/44 27/27/27 36/36/36
f 45/45/45 28/28/28 29/29/29
f 46/46/46 29/29/29 30/30/30
f 47/47/47 30/30/30 37/37/37
f 37/37/37 21/21/21 38/38/38
f 38/38/38 22/22/22 39/39/39
f 39/39/39 27/27/27 44/44/44
f 24/24/24 40/40/40 41/41/41
f 25/25/25 41/41/41 34/34/34
f 43/43/43 35/35/35 34/34/34
f 35/35/35 18/18/18 42/42/42
f 48/48/48 42/42/42 35/35/35
f 18/18/18 49/49/49 43/43/43
f 34/34/34 41/41/41 43/43/43
f 44/44/44 36/36/36 42/42/42
f 46/46/46 45/45/45 29/29/29
f 47/47/47 46/46/46 30/30/30
f 50/50/50 47/47/47 37/37/37
f 51/51/51 37/37/37 38/38/38
f 52/52/52 38/38/38 39/39/39
f 53/53/53 39/39/39 44/44/44
f 41/41/41 40/40/40 54/54/54
f 49/49/49 35/35/35 43/43/43
f 55/55/55 18/18/18 35/35/35
f 48/48/48 44/44/44 42/42/42
f 56/56/56 48/48/48 35/35/35
f 57/57/57 49/49/49 18/18/18
f 43/43/43 54/54/54 49/49/49
f 41/41/41 54/54/54 43/43/43
f 50/50/50 37/37/37 51/51/51
f 51/51/51 38/38/38 52/52/52
f 52/52/52 39/39/39 53/53/53
f 53/53/53 44/44/44 48/48/48
f 35/35/35 49/49/49 58/58/58
f 59/59/59 18/18/18 55/55/55
f 35/35/35 59/59/59 55/55/55
f 56/56/56 35/35/35 55/55/55
f 60/60/60 48/48/48 56/56/56
f 61/61/61 49/49/49 57/57/57
f 18/18/18 62/62/62 57/57/57
f 63/63/63 50/50/50 51/51/51
f 64/64/64 51/51/51 52/52/52
f 65/65/65 52/52/52 53/53/53
f 60/60/60 53/53/53 48/48/48
f 66/66/66 58/58/66 49/49/66
f 58/58/58 59/59/59 35/35/35
f 67/67/67 18/18/18 59/59/59
f 68/68/68 55/55/55 59/59/59
f 68/68/68 56/56/56 55/55/55
f 69/69/69 60/60/60 56/56/56
f 70/70/70 49/49/49 61/61/61
f 57/57/57 61/61/61 71/71/71
f 62/62/62 61/61/61 57/57/57
f 62/62/62 18/18/18 72/72/72
f 73/73/73 62/62/62 57/57/57
f 63/63/63 51/51/51 64/64/64
f 64/64/64 52/52/52 65/65/65
f 65/65/65 53/53/53 60/60/60
f 74/74/66 58/58/66 66/66/66
f 66/66/66 49/49/66 75/75/66
f 58/58/58 67/67/67 59/59/59
f 76/76/74 18/18/18 67/67/67
f 77/77/75 59/59/59 67/67/67
f 77/77/75 68/68/68 59/59/59
f 69/69/69 56/56/56 68/68/68
f 78/78/76 60/60/60 69/69/69
f 79/79/77 49/49/49 70/70/70
f 61/61/61 80/80/78 70/70/70
f 71/71/71 61/61/61 81/81/79
f 73/73/73 57/57/57 71/71/71
f 82/82/80 61/61/61 62/62/62
f 72/72/72 18/18/18 82/82/80
f 83/83/81 72/72/72 62/62/62
f 82/82/80 62/62/62 72/72/72
f 83/83/81 62/62/62 73/73/73
f 84/84/82 63/63/63 64/64/64
f 85/85/83 64/64/64 65/65/65
f 78/78/76 65/65/65 60/60/60
f 74/74/66 86/86/66 58/58/66
f 82/82/80 74/74/84 66/66/85
f 49/49/49 79/79/77 75/75/86
f 79/79/77 66/66/85 75/75/86
f 67/67/67 58/58/58 86/86/87
f 87/87/88 18/18/18 76/76/74
f 67/67/67 87/87/88 76/76/74
f 88/88/89 67/67/67 76/76/74
f 88/88/89 77/77/75 67/67/67
f 89/89/90 68/68/68 77/77/75
f 89/89/90 69/69/69 68/68/68
f 90/90/91 78/78/76 69/69/69
f 70/70/70 79/79/77 91/91/92
f 82/82/80 79/79/77 70/70/70
f 61/61/61 80/80/78 81/81/79
f 82/82/80 80/80/78 61/61/61
f 80/80/78 70/70/70 92/92/93
f 82/82/80 70/70/70 80/80/78
f 71/71/71 81/81/79 93/93/94
f 73/73/73 71/71/71 94/94/95
f 82/82/80 18/18/18 95/95/96
f 96/96/97 82/82/80 72/72/72
f 96/96/97 72/72/72 83/83/81
f 97/97/98 83/83/81 73/73/73
f 84/84/82 64/64/64 85/85/83
f 85/85/83 65/65/65 78/78/76
f 98/98/66 86/86/66 74/74/66
f 74/74/84 82/82/80 99/99/99
f 66/66/85 79/79/77 82/82/80
f 79/79/77 75/75/86 100/100/100
f 86/86/87 101/101/101 67/67/67
f 101/101/101 18/18/18 87/87/88
f 102/102/102 76/76/74 87/87/88
f 67/67/67 101/101/101 87/87/88
f 102/102/102 88/88/89 76/76/74
f 88/88/89 89/89/90 77/77/75
f 90/90/91 69/69/69 89/89/90
f 103/103/103 78/78/76 90/90/91
f 91/91/92 79/79/77 100/100/100
f 92/92/93 70/70/70 91/91/92
f 81/81/79 80/80/78 92/92/93
f 93/93/94 81/81/79 104/104/104
f 94/94/95 71/71/71 93/93/94
f 97/97/98 73/73/73 94/94/95
f 95/95/96 18/18/18 105/105/105
f 106/106/106 95/95/96 82/82/80
f 99/99/99 82/82/80 95/95/96
f 106/106/106 82/82/80 96/96/97
f 107/107/107 96/96/97 83/83/81
f 107/107/107 83/83/81 97/97/98
f 108/108/108 84/84/82 85/85/83
f 103/103/103 85/85/83 78/78/76
f 98/98/66 109/109/66 86/86/66
f 99/99/99 98/98/109 74/74/84
f 101/101/101 86/86/87 109/109/110
f 110/110/111 18/18/18 101/101/101
f 111/111/112 87/87/88 101/101/101
f 111/111/112 102/102/102 87/87/88
f 112/112/113 88/88/89 102/102/102
f 89/89/90 88/88/89 113/113/114
f 113/113/114 90/90/91 89/89/90
f 114/114/115 103/103/103 90/90/91
f 91/91/92 100/100/100 115/115/116
f 92/92/93 91/91/92 116/116/117
f 81/81/79 92/92/93 104/104/104
f 93/93/94 104/104/104 117/117/118
f 94/94/95 93/93/94 118/118/119
f 97/97/98 94/94/95 119/119/120
f 105/105/105 18/18/18 99/99/99
f 120/120/121 105/105/105 95/95/96
f 99/99/99 95/95/96 105/105/105
f 120/120/121 95/95/96 106/106/106
f 121/121/122 106/106/106 96/96/97
f 121/121/122 96/96/97 107/107/107
f 122/122/123 107/107/107 97/97/98
f 108/108/108 85/85/83 103/103/103
f 123/123/66 109/109/66 98/98/66
f 98/98/109 99/99/99 124/124/124
f 109/109/110 110/110/111 101/101/101
f 125/125/125 18/18/18 110/110/111
f 126/126/126 101/101/101 110/110/111
f 126/126/126 111/111/112 101/101/101
f 127/127/127 102/102/102 111/111/112
f 112/112/113 113/113/114 88/88/89
f 127/127/127 112/112/113 102/102/102
f 90/90/91 113/113/114 114/114/115
f 103/103/103 114/114/115 128/128/128
f 116/116/117 91/91/92 115/115/116
f 104/104/104 92/92/93 116/116/117
f 117/117/118 104/104/104 129/129/129
f 118/118/119 93/93/94 117/117/118
f 119/119/120 94/94/95 118/118/119
f 122/122/123 97/97/98 119/119/120
f 99/99/99 18/18/18 124/124/124
f 130/130/130 99/99/99 105/105/105
f 130/130/130 105/105/105 120/120/121
f 131/131/131 120/120/121 106/106/106
f 131/131/131 106/106/106 121/121/122
f 132/132/132 121/121/122 107/107/107
f 132/132/132 107/107/107 122/122/123
f 133/133/133 108/108/108 103/103/103
f 123/123/66 134/134/66 109/109/66
f 135/135/134 123/123/135 98/98/109
f 136/136/136 124/124/124 99/99/99
f 98/98/109 124/124/124 137/137/137
f 109/109/110 138/138/138 110/110/111
f 138/138/138 18/18/18 125/125/125
f 110/110/111 138/138/138 125/125/125
f 125/125/125 126/126/126 110/110/111
f 139/139/139 111/111/112 126/126/126
f 139/139/139 127/127/127 111/111/112
f 140/140/140 113/113/114 112/112/113
f 141/141/141 112/112/113 127/127/127
f 140/140/140 114/114/115 113/113/114
f 142/142/142 128/128/128 114/114/115
f 133/133/133 103/103/103 128/128/128
f 116/116/117 115/115/116 143/143/143
f 104/104/104 116/116/117 129/129/129
f 117/117/118 129/129/129 144/144/144
f 118/118/119 117/117/118 145/145/145
f 119/119/120 118/118/119 146/146/146
f 122/122/123 119/119/120 147/147/147
f 124/124/124 18/18/18 137/137/137
f 136/136/136 99/99/99 130/130/130
f 148/148/148 130/130/130 120/120/121
f 148/148/148 120/120/121 131/131/131
f 149/149/149 131/131/131 121/121/122
f 149/149/149 121/121/122 132/132/132
f 150/150/150 132/132/132 122/122/123
f 151/151/66 134/134/66 123/123/66
f 138/138/138 109/109/110 134/134/151
f 123/123/135 135/135/134 152/152/152
f 98/98/109 137/137/137 135/135/134
f 153/153/153 124/124/124 136/136/136
f 153/153/153 137/137/137 124/124/124
f 154/154/154 18/18/18 138/138/138
f 155/155/155 125/125/125 138/138/138
f 126/126/126 125/125/125 156/156/156
f 156/156/156 139/139/139 126/126/126
f 157/157/157 127/127/127 139/139/139
f 141/141/141 140/140/140 112/112/113
f 157/157/157 141/141/141 127/127/127
f 142/142/142 114/114/115 140/140/140
f 158/158/158 128/128/128 142/142/142
f 158/158/158 133/133/133 128/128/128
f 129/129/129 116/116/117 143/143/143
f 144/144/144 129/129/129 159/159/159
f 145/145/145 117/117/118 144/144/144
f 146/146/146 118/118/119 145/145/145
f 147/147/147 119/119/120 146/146/146
f 150/150/150 122/122/123 147/147/147
f 137/137/137 18/18/18 135/135/134
f 160/160/160 136/136/136 130/130/130
f 160/160/160 130/130/130 148/148/148
f 161/161/161 148/148/148 131/131/131
f 161/161/161 131/131/131 149/149/149
f 162/162/162 149/149/149 132/132/132
f 162/162/162 132/132/132 150/150/150
f 151/151/66 163/163/66 134/134/66
f 152/152/152 151/151/163 123/123/135
f 134/134/151 154/154/154 138/138/138
f 152/152/152 135/135/134 164/164/164
f 165/165/165 135/135/134 137/137/137
f 166/166/166 153/153/153 136/136/136
f 165/165/165 137/137/137 153/153/153
f 167/167/167 18/18/18 154/154/154
f 168/168/168 138/138/138 154/154/154
f 155/155/155 156/156/156 125/125/125
f 168/168/168 155/155/155 138/138/138
f 139/139/139 156/156/156 169/169/169
f 169/169/169 157/157/157 139/139/139
f 170/170/170 140/140/140 141/141/141
f 171/171/171 141/141/141 157/157/157
f 170/170/170 142/142/142 140/140/140
f 172/172/172 158/158/158 142/142/142
f 129/129/129 143/143/143 159/159/159
f 144/144/144 159/159/159 173/173/173
f 145/145/145 144/144/144 174/174/174
f 146/146/146 145/145/145 175/175/175
f 147/147/147 146/146/146 176/176/176
f 150/150/150 147/147/147 177/177/177
f 135/135/134 18/18/18 164/164/164
f 166/166/166 136/136/136 160/160/160
f 178/178/178 160/160/160 148/148/148
f 178/178/178 148/148/148 161/161/161
f 179/179/179 161/161/161 149/149/149
f 179/179/179 149/149/149 162/162/162
f 180/180/180 162/162/162 150/150/150
f 181/181/66 163/163/66 151/151/66
f 154/154/154 134/134/151 163/163/181
f 151/151/163 152/152/152 182/182/182
f 183/183/183 164/164/164 135/135/134
f 152/152/152 164/164/164 184/184/184
f 183/183/183 135/135/134 165/165/165
f 153/153/153 166/166/166 185/185/185
f 185/185/185 165/165/165 153/153/153
f 186/186/186 18/18/18 167/167/167
f 154/154/154 186/186/186 167/167/167
f 187/187/187 154/154/154 167/167/167
f 187/187/187 168/168/168 154/154/154
f 188/188/188 156/156/156 155/155/155
f 189/189/189 155/155/155 168/168/168
f 188/188/188 169/169/169 156/156/156
f 157/157/157 169/169/169 190/190/190
f 171/171/171 170/170/170 141/141/141
f 190/190/190 171/171/171 157/157/157
f 172/172/172 142/142/142 170/170/170
f 174/174/174 144/144/144 173/173/173
f 175/175/175 145/145/145 174/174/174
f 176/176/176 146/146/146 175/175/175
f 177/177/177 147/147/147 176/176/176
f 180/180/180 150/150/150 177/177/177
f 164/164/164 18/18/18 184/184/184
f 191/191/191 166/166/166 160/160/160
f 191/191/191 160/160/160 178/178/178
f 192/192/192 178/178/178 161/161/161
f 192/192/192 161/161/161 179/179/179
f 193/193/193 179/179/179 162/162/162
f 193/193/193 162/162/162 180/180/180
f 181/181/66 194/194/66 163/163/66
f 182/182/182 181/181/194 151/151/163
f 163/163/181 186/186/186 154/154/154
f 195/195/195 182/182/182 152/152/152
f 152/152/152 18/18/18 182/182/182
f 196/196/196 164/164/164 183/183/183
f 196/196/196 184/184/184 164/164/164
f 197/197/197 152/152/152 184/184/184
f 184/184/184 18/18/18 152/152/152
f 198/198/198 183/183/183 165/165/165
f 199/199/199 185/185/185 166/166/166
f 198/198/198 165/165/165 185/185/185
f 200/200/200 18/18/18 186/186/186
f 201/201/201 167/167/167 186/186/186
f 201/201/201 187/187/187 167/167/167
f 202/202/202 168/168/168 187/187/187
f 189/189/189 188/188/188 155/155/155
f 202/202/202 189/189/189 168/168/168
f 203/203/203 169/169/169 188/188/188
f 203/203/203 190/190/190 169/169/169
f 171/171/171 172/172/172 170/170/170
f 171/171/171 190/190/190 204/204/204
f 199/199/199 166/166/166 191/191/191
f 205/205/205 191/191/191 178/178/178
f 205/205/205 178/178/178 192/192/192
f 206/206/206 192/192/192 179/179/179
f 206/206/206 179/179/179 193/193/193
f 207/207/66 194/194/66 181/181/66
f 186/186/186 163/163/181 194/194/207
f 181/181/194 182/182/182 208/208/208
f 209/209/209 182/182/182 195/195/195
f 195/195/195 152/152/152 197/197/197
f 182/182/182 18/18/18 210/210/210
f 211/211/211 196/196/196 183/183/183
f 184/184/184 196/196/196 197/197/197
f 211/211/211 183/183/183 198/198/198
f 185/185/185 199/199/199 212/212/212
f 212/212/212 198/198/198 185/185/185
f 213/213/213 18/18/18 200/200/200
f 194/194/207 200/200/200 186/186/186
f 214/214/214 186/186/186 200/200/200
f 214/214/214 201/201/201 186/186/186
f 215/215/215 187/187/187 201/201/201
f 215/215/215 202/202/202 187/187/187
f 216/216/216 188/188/188 189/189/189
f 217/217/217 189/189/189 202/202/202
f 216/216/216 203/203/203 188/188/188
f 218/218/218 190/190/190 203/203/203
f 172/172/172 171/171/171 219/219/219
f 218/218/218 204/204/204 190/190/190
f 220/220/220 171/171/171 204/204/204
f 221/221/221 199/199/199 191/191/191
f 221/221/221 191/191/191 205/205/205
f 222/222/222 205/205/205 192/192/192
f 222/222/222 192/192/192 206/206/206
f 207/207/66 223/223/66 194/194/66
f 208/208/208 207/207/223 181/181/194
f 208/208/208 182/182/182 210/210/210
f 209/209/209 210/210/210 182/182/182
f 224/224/224 209/209/209 195/195/195
f 225/225/225 195/195/195 197/197/197
f 210/210/210 18/18/18 208/208/208
f 226/226/226 196/196/196 211/211/211
f 226/226/226 197/197/197 196/196/196
f 227/227/227 211/211/211 198/198/198
f 228/228/228 212/212/212 199/199/199
f 227/227/227 198/198/198 212/212/212
f 229/229/229 18/18/18 213/213/213
f 223/223/230 213/213/213 200/200/200
f 230/230/231 200/200/200 213/213/213
f 200/200/200 194/194/207 223/223/230
f 230/230/231 214/214/214 200/200/200
f 231/231/232 201/201/201 214/214/214
f 231/231/232 215/215/215 201/201/201
f 232/232/233 202/202/202 215/215/215
f 217/217/217 216/216/216 189/189/189
f 232/232/233 217/217/217 202/202/202
f 233/233/234 203/203/203 216/216/216
f 233/233/234 218/218/218 203/203/203
f 220/220/220 219/219/219 171/171/171
f 234/234/235 204/204/204 218/218/218
f 234/234/235 220/220/220 204/204/204
f 228/228/228 199/199/199 221/221/221
f 235/235/236 221/221/221 205/205/205
f 235/235/236 205/205/205 222/222/222
f 236/236/66 223/223/66 207/207/66
f 207/207/223 208/208/208 237/237/237
f 238/238/238 208/208/208 210/210/210
f 238/238/238 210/210/210 209/209/209
f 239/239/239 209/209/209 224/224/224
f 224/224/224 195/195/195 225/225/225
f 197/197/197 226/226/226 225/225/225
f 208/208/208 18/18/18 237/237/237
f 240/240/240 226/226/226 211/211/211
f 240/240/240 211/211/211 227/227/227
f 212/212/212 228/228/228 241/241/241
f 241/241/241 227/227/227 212/212/212
f 242/242/242 18/18/18 229/229/229
f 213/213/213 243/243/243 229/229/229
f 244/244/244 213/213/213 229/229/229
f 243/243/243 213/213/213 223/223/230
f 244/244/244 230/230/231 213/213/213
f 245/245/245 214/214/214 230/230/231
f 245/245/245 231/231/232 214/214/214
f 246/246/246 215/215/215 231/231/232
f 246/246/246 232/232/233 215/215/215
f 247/247/247 216/216/216 217/217/217
f 248/248/248 217/217/217 232/232/233
f 247/247/247 233/233/234 216/216/216
f 249/249/249 218/218/218 233/233/234
f 249/249/249 234/234/235 218/218/218
f 250/250/250 228/228/228 221/221/221
f 250/250/250 221/221/221 235/235/236
f 236/236/66 243/243/66 223/223/66
f 207/207/223 251/251/251 236/236/252
f 252/252/253 237/237/237 208/208/208
f 251/251/251 207/207/223 237/237/237
f 252/252/253 208/208/208 238/238/238
f 239/239/239 238/238/238 209/209/209
f 253/253/254 239/239/239 224/224/224
f 254/254/255 224/224/224 225/225/225
f 255/255/256 225/225/225 226/226/226
f 237/237/237 18/18/18 251/251/251
f 255/255/256 226/226/226 240/240/240
f 256/256/257 240/240/240 227/227/227
f 257/257/258 241/241/241 228/228/228
f 256/256/257 227/227/227 241/241/241
f 258/258/259 18/18/18 242/242/242
f 229/229/229 259/259/260 242/242/242
f 260/260/261 229/229/229 242/242/242
f 259/259/260 229/229/229 243/243/243
f 260/260/261 244/244/244 229/229/229
f 261/261/262 230/230/231 244/244/244
f 261/261/262 245/245/245 230/230/231
f 262/262/263 231/231/232 245/245/245
f 262/262/263 246/246/246 231/231/232
f 263/263/264 232/232/233 246/246/246
f 248/248/248 247/247/247 217/217/217
f 263/263/264 248/248/248 232/232/233
f 264/264/265 233/233/234 247/247/247
f 264/264/265 249/249/249 233/233/234
f 257/257/258 228/228/228 250/250/250
f 265/265/66 243/243/66 236/236/66
f 236/236/252 251/251/251 266/266/266
f 267/267/267 237/237/237 252/252/253
f 267/267/267 251/251/251 237/237/237
f 268/268/268 252/252/253 238/238/238
f 268/268/268 238/238/238 239/239/239
f 269/269/269 239/239/239 253/253/254
f 253/253/254 224/224/224 254/254/255
f 254/254/255 225/225/225 255/255/256
f 251/251/251 18/18/18 266/266/266
f 270/270/270 255/255/256 240/240/240
f 270/270/270 240/240/240 256/256/257
f 271/271/271 241/241/241 257/257/258
f 271/271/271 256/256/257 241/241/241
f 272/272/272 18/18/18 258/258/259
f 242/242/242 273/273/273 258/258/259
f 274/274/274 242/242/242 258/258/259
f 273/273/273 242/242/242 259/259/260
f 274/274/274 260/260/261 242/242/242
f 265/265/66 259/259/66 243/243/66
f 275/275/275 244/244/244 260/260/261
f 275/275/275 261/261/262 244/244/244
f 276/276/276 245/245/245 261/261/262
f 276/276/276 262/262/263 245/245/245
f 277/277/277 246/246/246 262/262/263
f 277/277/277 263/263/264 246/246/246
f 278/278/278 247/247/247 248/248/248
f 279/279/279 248/248/248 263/263/264
f 278/278/278 264/264/265 247/247/247
f 236/236/252 280/280/280 265/265/281
f 281/281/282 266/266/266 251/251/251
f 280/280/280 236/236/252 266/266/266
f 282/282/283 267/267/267 252/252/253
f 281/281/282 251/251/251 267/267/267
f 282/282/283 252/252/253 268/268/268
f 269/269/269 268/268/268 239/239/239
f 283/283/284 269/269/269 253/253/254
f 284/284/285 253/253/254 254/254/255
f 285/285/286 254/254/255 255/255/256
f 266/266/266 18/18/18 280/280/280
f 285/285/286 255/255/256 270/270/270
f 286/286/287 270/270/270 256/256/257
f 286/286/287 256/256/257 271/271/271
f 287/287/288 18/18/18 272/272/272
f 273/273/273 272/272/272 258/258/259
f 288/288/289 258/258/259 272/272/272
f 274/274/274 258/258/259 288/288/289
f 289/289/66 273/273/66 259/259/66
f 290/290/290 260/260/261 274/274/274
f 289/289/66 259/259/66 265/265/66
f 290/290/290 275/275/275 260/260/261
f 291/291/291 261/261/262 275/275/275
f 291/291/291 276/276/276 261/261/262
f 292/292/292 262/262/263 276/276/276
f 292/292/292 277/277/277 262/262/263
f 293/293/293 263/263/264 277/277/277
f 279/279/279 278/278/278 248/248/248
f 293/293/293 279/279/279 263/263/264
f 294/294/294 265/265/281 280/280/280
f 295/295/295 266/266/266 281/281/282
f 295/295/295 280/280/280 266/266/266
f 296/296/296 267/267/267 282/282/283
f 296/296/296 281/281/282 267/267/267
f 297/297/297 282/282/283 268/268/268
f 297/297/297 268/268/268 269/269/269
f 298/298/298 269/269/269 283/283/284
f 283/283/284 253/253/254 284/284/285
f 254/254/255 285/285/286 284/284/285
f 280/280/280 18/18/18 294/294/294
f 299/299/299 285/285/286 270/270/270
f 299/299/299 270/270/270 286/286/287
f 300/300/300 18/18/18 287/287/288
f 272/272/272 301/301/301 287/287/288
f 302/302/302 272/272/272 287/287/288
f 301/301/301 272/272/272 273/273/273
f 288/288/289 272/272/272 302/302/302
f 303/303/303 274/274/274 288/288/289
f 304/304/66 273/273/66 289/289/66
f 290/290/290 274/274/274 303/303/303
f 265/265/281 294/294/294 289/289/304
f 305/305/305 275/275/275 290/290/290
f 305/305/305 291/291/291 275/275/275
f 306/306/306 276/276/276 291/291/291
f 306/306/306 292/292/292 276/276/276
f 307/307/307 277/277/277 292/292/292
f 307/307/307 293/293/293 277/277/277
f 308/308/308 294/294/294 280/280/280
f 309/309/309 295/295/295 281/281/282
f 308/308/308 280/280/280 295/295/295
f 310/310/310 296/296/296 282/282/283
f 309/309/309 281/281/282 296/296/296
f 310/310/310 282/282/283 297/297/297
f 298/298/298 297/297/297 269/269/269
f 311/311/311 298/298/298 283/283/284
f 312/312/312 283/283/284 284/284/285
f 313/313/313 284/284/285 285/285/286
f 294/294/294 18/18/18 314/314/314
f 285/285/286 299/299/299 313/313/313
f 315/315/315 18/18/18 300/300/300
f 287/287/288 316/316/316 300/300/300
f 317/317/317 287/287/288 300/300/300
f 316/316/316 287/287/288 301/301/301
f 302/302/302 287/287/288 317/317/317
f 304/304/66 301/301/66 273/273/66
f 318/318/318 288/288/289 302/302/302
f 303/303/303 288/288/289 318/318/318
f 289/289/304 314/314/314 304/304/319
f 319/319/320 290/290/290 303/303/303
f 314/314/314 289/289/304 294/294/294
f 305/305/305 290/290/290 319/319/320
f 320/320/321 291/291/291 305/305/305
f 306/306/306 291/291/291 320/320/321
f 321/321/322 292/292/292 306/306/306
f 321/321/322 307/307/307 292/292/292
f 322/322/323 294/294/294 308/308/308
f 323/323/324 295/295/295 309/309/309
f 323/323/324 308/308/308 295/295/295
f 324/324/325 296/296/296 310/310/310
f 324/324/325 309/309/309 296/296/296
f 325/325/326 310/310/310 297/297/297
f 325/325/326 297/297/297 298/298/298
f 326/326/327 298/298/298 311/311/311
f 311/311/311 283/283/284 312/312/312
f 312/312/312 284/284/285 313/313/313
f 314/314/314 18/18/18 327/327/328
f 322/322/323 314/314/314 294/294/294
f 328/328/329 18/18/18 315/315/315
f 300/300/300 329/329/330 315/315/315
f 330/330/331 300/300/300 315/315/315
f 329/329/330 300/300/300 316/316/316
f 317/317/317 300/300/300 330/330/331
f 331/331/66 316/316/66 301/301/66
f 332/332/332 302/302/302 317/317/317
f 331/331/66 301/301/66 304/304/66
f 318/318/318 302/302/302 332/332/332
f 333/333/333 303/303/303 318/318/318
f 304/304/319 314/314/314 327/327/328
f 319/319/320 303/303/303 333/333/333
f 334/334/334 305/305/305 319/319/320
f 320/320/321 305/305/305 334/334/334
f 335/335/335 306/306/306 320/320/321
f 321/321/322 306/306/306 335/335/335
f 336/336/336 322/322/323 308/308/308
f 337/337/337 323/323/324 309/309/309
f 336/336/336 308/308/308 323/323/324
f 338/338/338 324/324/325 310/310/310
f 337/337/337 309/309/309 324/324/325
f 338/338/338 310/310/310 325/325/326
f 326/326/327 325/325/326 298/298/298
f 327/327/328 18/18/18 339/339/339
f 340/340/340 327/327/328 314/314/314
f 314/314/314 322/322/323 340/340/340
f 341/341/341 18/18/18 328/328/329
f 315/315/315 342/342/342 328/328/329
f 343/343/343 315/315/315 328/328/329
f 342/342/342 315/315/315 329/329/330
f 330/330/331 315/315/315 343/343/343
f 344/344/66 329/329/66 316/316/66
f 345/345/344 317/317/317 330/330/331
f 344/344/66 316/316/66 331/331/66
f 332/332/332 317/317/317 345/345/344
f 304/304/319 339/339/339 331/331/345
f 346/346/346 318/318/318 332/332/332
f 333/333/333 318/318/318 346/346/346
f 339/339/339 304/304/319 327/327/328
f 347/347/347 319/319/320 333/333/333
f 334/334/334 319/319/320 347/347/347
f 348/348/348 320/320/321 334/334/334
f 335/335/335 320/320/321 348/348/348
f 349/349/349 322/322/323 336/336/336
f 350/350/350 323/323/324 337/337/337
f 350/350/350 336/336/336 323/323/324
f 351/351/351 324/324/325 338/338/338
f 351/351/351 337/337/337 324/324/325
f 352/352/352 338/338/338 325/325/326
f 352/352/352 325/325/326 326/326/327
f 339/339/339 18/18/18 353/353/353
f 339/339/339 327/327/328 354/354/354
f 327/327/328 340/340/340 354/354/354
f 340/340/340 322/322/323 349/349/349
f 355/355/355 18/18/18 341/341/341
f 342/342/342 341/341/341 328/328/329
f 356/356/356 328/328/329 341/341/341
f 343/343/343 328/328/329 356/356/356
f 357/357/66 342/342/66 329/329/66
f 358/358/357 330/330/331 343/343/343
f 357/357/66 329/329/66 344/344/66
f 345/345/344 330/330/331 358/358/357
f 331/331/345 353/353/353 344/344/358
f 359/359/359 332/332/332 345/345/344
f 353/353/353 331/331/345 339/339/339
f 346/346/346 332/332/332 359/359/359
f 360/360/360 333/333/333 346/346/346
f 347/347/347 333/333/333 360/360/360
f 361/361/361 334/334/334 347/347/347
f 348/348/348 334/334/334 361/361/361
f 362/362/362 349/349/349 336/336/336
f 363/363/363 350/350/350 337/337/337
f 362/362/362 336/336/336 350/350/350
f 364/364/364 351/351/351 338/338/338
f 363/363/363 337/337/337 351/351/351
f 364/364/364 338/338/338 352/352/352
f 353/353/353 18/18/18 365/365/365
f 353/353/353 339/339/339 366/366/366
f 339/339/339 354/354/354 366/366/366
f 354/354/354 340/340/340 367/367/367
f 340/340/340 349/349/349 367/367/367
f 368/368/368 18/18/18 355/355/355
f 341/341/341 369/369/369 355/355/355
f 370/370/370 341/341/341 355/355/355
f 369/369/369 341/341/341 342/342/342
f 356/356/356 341/341/341 370/370/370
f 371/371/371 343/343/343 356/356/356
f 372/372/66 342/342/66 357/357/66
f 358/358/357 343/343/343 371/371/371
f 344/344/358 365/365/365 357/357/372
f 373/373/373 345/345/344 358/358/357
f 365/365/365 344/344/358 353/353/353
f 359/359/359 345/345/344 373/373/373
f 374/374/374 346/346/346 359/359/359
f 360/360/360 346/346/346 374/374/374
f 375/375/375 347/347/347 360/360/360
f 361/361/361 347/347/347 375/375/375
f 376/376/376 349/349/349 362/362/362
f 377/377/377 350/350/350 363/363/363
f 377/377/377 362/362/362 350/350/350
f 378/378/378 351/351/351 364/364/364
f 378/378/378 363/363/363 351/351/351
f 365/365/365 18/18/18 379/379/379
f 380/380/380 365/365/365 353/353/353
f 366/366/366 380/380/380 353/353/353
f 366/366/366 354/354/354 381/381/381
f 354/354/354 367/367/367 381/381/381
f 367/367/367 349/349/349 376/376/376
f 382/382/382 18/18/18 368/368/368
f 355/355/355 383/383/383 368/368/368
f 384/384/384 355/355/355 368/368/368
f 383/383/383 355/355/355 369/369/369
f 370/370/370 355/355/355 384/384/384
f 372/372/66 369/369/66 342/342/66
f 385/385/385 356/356/356 370/370/370
f 371/371/371 356/356/356 385/385/385
f 357/357/372 379/379/379 372/372/386
f 386/386/387 358/358/357 371/371/371
f 379/379/379 357/357/372 365/365/365
f 373/373/373 358/358/357 386/386/387
f 387/387/388 359/359/359 373/373/373
f 374/374/374 359/359/359 387/387/388
f 388/388/389 360/360/360 374/374/374
f 375/375/375 360/360/360 388/388/389
f 389/389/390 376/376/376 362/362/362
f 390/390/391 377/377/377 363/363/363
f 389/389/390 362/362/362 377/377/377
f 390/390/391 363/363/363 378/378/378
f 379/379/379 18/18/18 391/391/392
f 392/392/393 379/379/379 365/365/365
f 380/380/380 392/392/393 365/365/365
f 380/380/380 366/366/366 393/393/394
f 366/366/366 381/381/381 393/393/394
f 381/381/381 367/367/367 394/394/395
f 367/367/367 376/376/376 394/394/395
f 395/395/396 18/18/18 382/382/382
f 368/368/368 396/396/397 382/382/382
f 397/397/398 368/368/368 382/382/382
f 396/396/397 368/368/368 383/383/383
f 384/384/384 368/368/368 397/397/398
f 398/398/66 383/383/66 369/369/66
f 399/399/399 370/370/370 384/384/384
f 398/398/66 369/369/66 372/372/66
f 385/385/385 370/370/370 399/399/399
f 400/400/400 371/371/371 385/385/385
f 372/372/386 379/379/379 391/391/392
f 386/386/387 371/371/371 400/400/400
f 401/401/401 373/373/373 386/386/387
f 387/387/388 373/373/373 401/401/401
f 402/402/402 374/374/374 387/387/388
f 388/388/389 374/374/374 402/402/402
f 376/376/376 389/389/390 403/403/403
f 404/404/404 377/377/377 390/390/391
f 404/404/404 389/389/390 377/377/377
f 391/391/392 18/18/18 405/405/405
f 406/406/406 391/391/392 379/379/379
f 392/392/393 406/406/406 379/379/379
f 407/407/407 392/392/393 380/380/380
f 393/393/394 407/407/407 380/380/380
f 393/393/394 381/381/381 408/408/408
f 381/381/381 394/394/395 408/408/408
f 394/394/395 376/376/376 403/403/403
f 409/409/409 18/18/18 395/395/396
f 382/382/382 410/410/410 395/395/396
f 411/411/411 382/382/382 395/395/396
f 410/410/410 382/382/382 396/396/397
f 397/397/398 382/382/382 411/411/411
f 412/412/66 396/396/66 383/383/66
f 413/413/412 384/384/384 397/397/398
f 412/412/66 383/383/66 398/398/66
f 399/399/399 384/384/384 413/413/412
f 372/372/386 405/405/405 398/398/413
f 414/414/414 385/385/385 399/399/399
f 400/400/400 385/385/385 414/414/414
f 405/405/405 372/372/386 391/391/392
f 415/415/415 386/386/387 400/400/400
f 401/401/401 386/386/387 415/415/415
f 416/416/416 387/387/388 401/401/401
f 402/402/402 387/387/388 416/416/416
f 403/403/403 389/389/390 417/417/417
f 417/417/417 389/389/390 404/404/404
f 405/405/405 18/18/18 409/409/409
f 418/418/418 405/405/405 391/391/392
f 406/406/406 418/418/418 391/391/392
f 419/419/419 406/406/406 392/392/393
f 407/407/407 419/419/419 392/392/393
f 407/407/407 393/393/394 420/420/420
f 393/393/394 408/408/408 420/420/420
f 408/408/408 394/394/395 421/421/421
f 394/394/395 403/403/403 421/421/421
f 395/395/396 412/412/422 409/409/409
f 422/422/423 395/395/396 409/409/409
f 412/412/422 395/395/396 410/410/410
f 422/422/423 411/411/411 395/395/396
f 396/396/66 412/412/66 410/410/66
f 423/423/424 397/397/398 411/411/411
f 413/413/412 397/397/398 423/423/424
f 398/398/413 409/409/409 412/412/422
f 424/424/425 399/399/399 413/413/412
f 409/409/409 398/398/413 405/405/405
f 414/414/414 399/399/399 424/424/425
f 425/425/426 400/400/400 414/414/414
f 415/415/415 400/400/400 425/425/426
f 426/426/427 401/401/401 415/415/415
f 416/416/416 401/401/401 426/426/427
f 403/403/403 417/417/417 427/427/428
f 428/428/429 409/409/409 405/405/405
f 418/418/418 428/428/429 405/405/405
f 429/429/430 418/418/418 406/406/406
f 419/419/419 429/429/430 406/406/406
f 430/430/431 419/419/419 407/407/407
f 420/420/420 430/430/431 407/407/407
f 420/420/420 408/408/408 431/431/432
f 408/408/408 421/421/421 431/431/432
f 421/421/421 403/403/403 427/427/428
f 428/428/429 422/422/423 409/409/409
f 432/432/433 411/411/411 422/422/423
f 432/432/433 423/423/424 411/411/411
f 433/433/434 413/413/412 423/423/424
f 424/424/425 413/413/412 433/433/434
f 434/434/435 414/414/414 424/424/425
f 425/425/426 414/414/414 434/434/435
f 435/435/436 415/415/415 425/425/426
f 426/426/427 415/415/415 435/435/436
f 436/436/437 428/428/429 418/418/418
f 429/429/430 436/436/437 418/418/418
f 437/437/438 429/429/430 419/419/419
f 430/430/431 437/437/438 419/419/419
f 438/438/439 430/430/431 420/420/420
f 420/420/420 431/431/432 438/438/439
f 431/431/432 421/421/421 439/439/440
f 421/421/421 427/427/428 439/439/440
f 440/440/441 422/422/423 428/428/429
f 440/440/441 432/432/433 422/422/423
f 441/441/442 423/423/424 432/432/433
f 441/441/442 433/433/434 423/423/424
f 442/442/443 424/424/425 433/433/434
f 434/434/435 424/424/425 442/442/443
f 443/443/444 425/425/426 434/434/435
f 435/435/436 425/425/426 443/443/444
f 436/436/437 440/440/441 428/428/429
f 444/444/445 436/436/437 429/429/430
f 437/437/438 444/444/445 429/429/430
f 445/445/446 437/437/438 430/430/431
f 438/438/439 445/445/446 430/430/431
f 446/446/447 438/438/439 431/431/432
f 431/431/432 439/439/440 446/446/447
f 447/447/448 432/432/433 440/440/441
f 447/447/448 441/441/442 432/432/433
f 448/448/449 433/433/434 441/441/442
f 448/448/449 442/442/443 433/433/434
f 449/449/450 434/434/435 442/442/443
f 443/443/444 434/434/435 449/449/450
f 450/450/451 440/440/441 436/436/437
f 444/444/445 450/450/451 436/436/437
f 451/451/452 444/444/445 437/437/438
f 445/445/446 451/451/452 437/437/438
f 452/452/453 445/445/446 438/438/439
f 452/452/453 438/438/439 446/446/447
f 450/450/451 447/447/448 440/440/441
f 453/453/454 441/441/442 447/447/448
f 453/453/454 448/448/449 441/441/442
f 454/454/455 442/442/443 448/448/449
f 449/449/450 442/442/443 454/454/455
f 455/455/456 450/450/451 444/444/445
f 451/451/452 455/455/456 444/444/445
f 456/456/457 451/451/452 445/445/446
f 456/456/457 445/445/446 452/452/453
f 457/457/458 447/447/448 450/450/451
f 457/457/458 453/453/454 447/447/448
f 458/458/459 448/448/449 453/453/454
f 454/454/455 448/448/449 458/458/459
f 455/455/456 457/457/458 450/450/451
f 459/459/460 455/455/456 451/451/452
f 459/459/460 451/451/452 456/456/457
f 460/460/461 453/453/454 457/457/458
f 458/458/459 453/453/454 460/460/461
f 461/461/462 457/457/458 455/455/456
f 461/461/462 455/455/456 459/459/460
f 460/460/461 457/457/458 461/461/462
usemtl material_1_0
f 3//463 2//464 1//465
f 1//465 2//464 4//466
f 3//463 5//467 2//464
f 6//468 3//463 1//465
f 2//464 7//469 4//466
f 1//465 4//466 8//470
f 5//467 9//471 2//464
f 10//472 5//467 3//463
f 11//473 3//463 6//468
f 6//468 1//465 12//474
f 4//466 7//469 13//475
f 2//464 9//471 7//469
f 8//470 4//466 14//476
f 12//474 1//465 8//470
f 5//467 15//477 9//471
f 10//472 16//478 5//467
f 11//473 10//472 3//463
f 17//479 11//473 6//468
f 18//480 6//468 12//474
f 7//469 19//481 13//475
f 4//466 13//475 14//476
f 9//471 20//482 7//469
f 8//470 14//476 21//483
f 12//474 8//470 22//484
f 15//477 23//485 9//471
f 16//478 15//477 5//467
f 24//486 16//478 10//472
f 25//487 10//472 11//473
f 26//488 11//473 17//479
f 17//479 6//468 18//480
f 18//480 12//474 27//489
f 13//475 19//481 28//490
f 7//469 20//482 19//481
f 14//476 13//475 29//491
f 9//471 23//485 20//482
f 21//483 14//476 30//492
f 22//484 8//470 21//483
f 27//489 12//474 22//484
f 15//477 31//493 23//485
f 16//478 32//494 15//477
f 24//486 33//495 16//478
f 25//487 24//486 10//472
f 26//488 25//487 11//473
f 34//496 17//479 26//488
f 17//479 35//497 26//488
f 17//479 34//496 18//480
f 18//480 36//498 17//479
f 36//498 18//480 27//489
f 13//475 28//490 29//491
f 14//476 29//491 30//492
f 21//483 30//492 37//499
f 22//484 21//483 38//500
f 27//489 22//484 39//501
f 32//494 31//493 15//477
f 33//495 32//494 16//478
f 40//502 33//495 24//486
f 41//503 24//486 25//487
f 34//496 25//487 26//488
f 26//488 35//497 34//496
f 42//504 35//497 17//479
f 34//496 43//505 18//480
f 36//498 42//504 17//479
f 36//498 18//480 42//504
f 36//498 27//489 44//506
f 29//491 28//490 45//507
f 30//492 29//491 46//508
f 37//499 30//492 47//509
f 38//500 21//483 37//499
f 39//501 22//484 38//500
f 44//506 27//489 39//501
f 41//503 40//502 24//486
f 34//496 41//503 25//487
f 34//496 35//497 43//505
f 42//504 18//480 35//497
f 35//497 42//504 48//510
f 43//505 49//511 18//480
f 43//505 41//503 34//496
f 42//504 36//498 44//506
f 29//491 45//507 46//508
f 30//492 46//508 47//509
f 37//499 47//509 50//512
f 38//500 37//499 51//513
f 39//501 38//500 52//514
f 44//506 39//501 53//515
f 54//516 40//502 41//503
f 43//505 35//497 49//511
f 35//497 18//480 55//517
f 42//504 44//506 48//510
f 35//497 48//510 56//518
f 18//480 49//511 57//519
f 49//511 54//516 43//505
f 43//505 54//516 41//503
f 51//513 37//499 50//512
f 52//514 38//500 51//513
f 53//515 39//501 52//514
f 48//510 44//506 53//515
f 58//520 49//511 35//497
f 55//517 18//480 59//521
f 55//517 59//521 35//497
f 55//517 35//497 56//518
f 56//518 48//510 60//522
f 57//519 49//511 61//523
f 57//519 62//524 18//480
f 51//513 50//512 63//525
f 52//514 51//513 64//526
f 53//515 52//514 65//527
f 48//510 53//515 60//522
f 49//528 58//528 66//528
f 35//497 59//521 58//520
f 59//521 18//480 67//529
f 59//521 55//517 68//530
f 55//517 56//518 68//530
f 56//518 60//522 69//531
f 61//523 49//511 70//532
f 71//533 61//523 57//519
f 57//519 61//523 62//524
f 72//534 18//480 62//524
f 57//519 62//524 73//535
f 64//526 51//513 63//525
f 65//527 52//514 64//526
f 60//522 53//515 65//527
f 66//528 58//528 74//528
f 75//528 49//528 66//528
f 59//521 67//529 58//520
f 67//529 18//480 76//536
f 67//529 59//521 77//537
f 59//521 68//530 77//537
f 68//530 56//518 69//531
f 69//531 60//522 78//538
f 70//532 49//511 79//539
f 70//532 80//540 61//523
f 81//541 61//523 71//533
f 71//533 57//519 73//535
f 62//524 61//523 82//542
f 82//542 18//480 72//534
f 62//524 72//534 83//543
f 72//534 62//524 82//542
f 73//535 62//524 83//543
f 64//526 63//525 84//544
f 65//527 64//526 85//545
f 60//522 65//527 78//538
f 58//528 86//528 74//528
f 66//546 74//547 82//542
f 75//548 79//539 49//511
f 75//548 66//546 79//539
f 86//549 58//520 67//529
f 76//536 18//480 87//550
f 76//536 87//550 67//529
f 76//536 67//529 88//551
f 67//529 77//537 88//551
f 77//537 68//530 89//552
f 68//530 69//531 89//552
f 69//531 78//538 90//553
f 91//554 79//539 70//532
f 70//532 79//539 82//542
f 81//541 80//540 61//523
f 61//523 80//540 82//542
f 92//555 70//532 80//540
f 80//540 70//532 82//542
f 93//556 81//541 71//533
f 94//557 71//533 73//535
f 95//558 18//480 82//542
f 72//534 82//542 96//559
f 83//543 72//534 96//559
f 73//535 83//543 97//560
f 85//545 64//526 84//544
f 78//538 65//527 85//545
f 74//528 86//528 98//528
f 99//561 82//542 74//547
f 82//542 79//539 66//546
f 100//562 75//548 79//539
f 67//529 101//563 86//549
f 87//550 18//480 101//563
f 87//550 76//536 102//564
f 87//550 101//563 67//529
f 76//536 88//551 102//564
f 77//537 89//552 88//551
f 89//552 69//531 90//553
f 90//553 78//538 103//565
f 100//562 79//539 91//554
f 91//554 70//532 92//555
f 92//555 80//540 81//541
f 104//566 81//541 93//556
f 93//556 71//533 94//557
f 94//557 73//535 97//560
f 105//567 18//480 95//558
f 82//542 95//558 106//568
f 95//558 82//542 99//561
f 96//559 82//542 106//568
f 83//543 96//559 107//569
f 97//560 83//543 107//569
f 85//545 84//544 108//570
f 78//538 85//545 103//565
f 86//528 109//528 98//528
f 74//547 98//571 99//561
f 109//572 86//549 101//563
f 101//563 18//480 110//573
f 101//563 87//550 111//574
f 87//550 102//564 111//574
f 102//564 88//551 112//575
f 113//576 88//551 89//552
f 89//552 90//553 113//576
f 90//553 103//565 114//577
f 115//578 100//562 91//554
f 116//579 91//554 92//555
f 104//566 92//555 81//541
f 117//580 104//566 93//556
f 118//581 93//556 94//557
f 119//582 94//557 97//560
f 99//561 18//480 105//567
f 95//558 105//567 120//583
f 105//567 95//558 99//561
f 106//568 95//558 120//583
f 96//559 106//568 121//584
f 107//569 96//559 121//584
f 97//560 107//569 122//585
f 103//565 85//545 108//570
f 98//528 109//528 123//528
f 124//586 99//561 98//571
f 101//563 110//573 109//572
f 110//573 18//480 125//587
f 110//573 101//563 126//588
f 101//563 111//574 126//588
f 111//574 102//564 127//589
f 88//551 113//576 112//575
f 102//564 112//575 127//589
f 114//577 113//576 90//553
f 128//590 114//577 103//565
f 115//578 91//554 116//579
f 116//579 92//555 104//566
f 129//591 104//566 117//580
f 117//580 93//556 118//581
f 118//581 94//557 119//582
f 119//582 97//560 122//585
f 124//586 18//480 99//561
f 105//567 99//561 130//592
f 120//583 105//567 130//592
f 106//568 120//583 131//593
f 121//584 106//568 131//593
f 107//569 121//584 132//594
f 122//585 107//569 132//594
f 103//565 108//570 133//595
f 109//528 134//528 123//528
f 98//571 123//596 135//597
f 99//561 124//586 136//598
f 137//599 124//586 98//571
f 110//573 138//600 109//572
f 125//587 18//480 138//600
f 125//587 138//600 110//573
f 110//573 126//588 125//587
f 126//588 111//574 139//601
f 111//574 127//589 139//601
f 112//575 113//576 140//602
f 127//589 112//575 141//603
f 113//576 114//577 140//602
f 114//577 128//590 142//604
f 128//590 103//565 133//595
f 143//605 115//578 116//579
f 129//591 116//579 104//566
f 144//606 129//591 117//580
f 145//607 117//580 118//581
f 146//608 118//581 119//582
f 147//609 119//582 122//585
f 137//599 18//480 124//586
f 130//592 99//561 136//598
f 120//583 130//592 148//610
f 131//593 120//583 148//610
f 121//584 131//593 149//611
f 132//594 121//584 149//611
f 122//585 132//594 150//612
f 123//528 134//528 151//528
f 134//613 109//572 138//600
f 152//614 135//597 123//596
f 135//597 137//599 98//571
f 136//598 124//586 153//615
f 124//586 137//599 153//615
f 138//600 18//480 154//616
f 138//600 125//587 155//617
f 156//618 125//587 126//588
f 126//588 139//601 156//618
f 139//601 127//589 157//619
f 112//575 140//602 141//603
f 127//589 141//603 157//619
f 140//602 114//577 142//604
f 142//604 128//590 158//620
f 128//590 133//595 158//620
f 143//605 116//579 129//591
f 159//621 129//591 144//606
f 144//606 117//580 145//607
f 145//607 118//581 146//608
f 146//608 119//582 147//609
f 147//609 122//585 150//612
f 135//597 18//480 137//599
f 130//592 136//598 160//622
f 148//610 130//592 160//622
f 131//593 148//610 161//623
f 149//611 131//593 161//623
f 132//594 149//611 162//624
f 150//612 132//594 162//624
f 134//528 163//528 151//528
f 123//596 151//625 152//614
f 138//600 154//616 134//613
f 164//626 135//597 152//614
f 137//599 135//597 165//627
f 136//598 153//615 166//628
f 153//615 137//599 165//627
f 154//616 18//480 167//629
f 154//616 138//600 168//630
f 125//587 156//618 155//617
f 138//600 155//617 168//630
f 169//631 156//618 139//601
f 139//601 157//619 169//631
f 141//603 140//602 170//632
f 157//619 141//603 171//633
f 140//602 142//604 170//632
f 142//604 158//620 172//634
f 159//621 143//605 129//591
f 173//635 159//621 144//606
f 174//636 144//606 145//607
f 175//637 145//607 146//608
f 176//638 146//608 147//609
f 177//639 147//609 150//612
f 164//626 18//480 135//597
f 160//622 136//598 166//628
f 148//610 160//622 178//640
f 161//623 148//610 178//640
f 149//611 161//623 179//641
f 162//624 149//611 179//641
f 150//612 162//624 180//642
f 151//528 163//528 181//528
f 163//643 134//613 154//616
f 182//644 152//614 151//625
f 135//597 164//626 183//645
f 184//646 164//626 152//614
f 165//627 135//597 183//645
f 185//647 166//628 153//615
f 153//615 165//627 185//647
f 167//629 18//480 186//648
f 167//629 186//648 154//616
f 167//629 154//616 187//649
f 154//616 168//630 187//649
f 155//617 156//618 188//650
f 168//630 155//617 189//651
f 156//618 169//631 188//650
f 190//652 169//631 157//619
f 141//603 170//632 171//633
f 157//619 171//633 190//652
f 170//632 142//604 172//634
f 173//635 144//606 174//636
f 174//636 145//607 175//637
f 175//637 146//608 176//638
f 176//638 147//609 177//639
f 177//639 150//612 180//642
f 184//646 18//480 164//626
f 160//622 166//628 191//653
f 178//640 160//622 191//653
f 161//623 178//640 192//654
f 179//641 161//623 192//654
f 162//624 179//641 193//655
f 180//642 162//624 193//655
f 163//528 194//528 181//528
f 151//625 181//656 182//644
f 154//616 186//648 163//643
f 152//614 182//644 195//657
f 182//644 18//480 152//614
f 183//645 164//626 196//658
f 164//626 184//646 196//658
f 184//646 152//614 197//659
f 152//614 18//480 184//646
f 165//627 183//645 198//660
f 166//628 185//647 199//661
f 185//647 165//627 198//660
f 186//648 18//480 200//662
f 186//648 167//629 201//663
f 167//629 187//649 201//663
f 187//649 168//630 202//664
f 155//617 188//650 189//651
f 168//630 189//651 202//664
f 188//650 169//631 203//665
f 169//631 190//652 203//665
f 170//632 172//634 171//633
f 204//666 190//652 171//633
f 191//653 166//628 199//661
f 178//640 191//653 205//667
f 192//654 178//640 205//667
f 179//641 192//654 206//668
f 193//655 179//641 206//668
f 181//528 194//528 207//528
f 194//669 163//643 186//648
f 208//670 182//644 181//656
f 195//657 182//644 209//671
f 197//659 152//614 195//657
f 210//672 18//480 182//644
f 183//645 196//658 211//673
f 197//659 196//658 184//646
f 198//660 183//645 211//673
f 212//674 199//661 185//647
f 185//647 198//660 212//674
f 200//662 18//480 213//675
f 186//648 200//662 194//669
f 200//662 186//648 214//676
f 186//648 201//663 214//676
f 201//663 187//649 215//677
f 187//649 202//664 215//677
f 189//651 188//650 216//678
f 202//664 189//651 217//679
f 188//650 203//665 216//678
f 203//665 190//652 218//680
f 219//681 171//633 172//634
f 190//652 204//666 218//680
f 204//666 171//633 220//682
f 191//653 199//661 221//683
f 205//667 191//653 221//683
f 192//654 205//667 222//684
f 206//668 192//654 222//684
f 194//528 223//528 207//528
f 181//656 207//685 208//670
f 210//672 182//644 208//670
f 182//644 210//672 209//671
f 195//657 209//671 224//686
f 197//659 195//657 225//687
f 208//670 18//480 210//672
f 211//673 196//658 226//688
f 196//658 197//659 226//688
f 198//660 211//673 227//689
f 199//661 212//674 228//690
f 212//674 198//660 227//689
f 213//675 18//480 229//691
f 200//662 213//675 223//692
f 213//675 200//662 230//693
f 223//692 194//669 200//662
f 200//662 214//676 230//693
f 214//676 201//663 231//694
f 201//663 215//677 231//694
f 215//677 202//664 232//695
f 189//651 216//678 217//679
f 202//664 217//679 232//695
f 216//678 203//665 233//696
f 203//665 218//680 233//696
f 171//633 219//681 220//682
f 218//680 204//666 234//697
f 204//666 220//682 234//697
f 221//683 199//661 228//690
f 205//667 221//683 235//698
f 222//684 205//667 235//698
f 207//528 223//528 236//528
f 237//699 208//670 207//685
f 210//672 208//670 238//700
f 209//671 210//672 238//700
f 224//686 209//671 239//701
f 225//687 195//657 224//686
f 225//687 226//688 197//659
f 237//699 18//480 208//670
f 211//673 226//688 240//702
f 227//689 211//673 240//702
f 241//703 228//690 212//674
f 212//674 227//689 241//703
f 229//691 18//480 242//704
f 229//691 243//705 213//675
f 229//691 213//675 244//706
f 223//692 213//675 243//705
f 213//675 230//693 244//706
f 230//693 214//676 245//707
f 214//676 231//694 245//707
f 231//694 215//677 246//708
f 215//677 232//695 246//708
f 217//679 216//678 247//709
f 232//695 217//679 248//710
f 216//678 233//696 247//709
f 233//696 218//680 249//711
f 218//680 234//697 249//711
f 221//683 228//690 250//712
f 235//698 221//683 250//712
f 223//528 243//528 236//528
f 236//713 251//714 207//685
f 208//670 237//699 252//715
f 237//699 207//685 251//714
f 238//700 208//670 252//715
f 209//671 238//700 239//701
f 224//686 239//701 253//716
f 225//687 224//686 254//717
f 226//688 225//687 255//718
f 251//714 18//480 237//699
f 240//702 226//688 255//718
f 227//689 240//702 256//719
f 228//690 241//703 257//720
f 241//703 227//689 256//719
f 242//704 18//480 258//721
f 242//704 259//722 229//691
f 242//704 229//691 260//723
f 243//705 229//691 259//722
f 229//691 244//706 260//723
f 244//706 230//693 261//724
f 230//693 245//707 261//724
f 245//707 231//694 262//725
f 231//694 246//708 262//725
f 246//708 232//695 263//726
f 217//679 247//709 248//710
f 232//695 248//710 263//726
f 247//709 233//696 264//727
f 233//696 249//711 264//727
f 250//712 228//690 257//720
f 236//528 243//528 265//528
f 266//728 251//714 236//713
f 252//715 237//699 267//729
f 237//699 251//714 267//729
f 238//700 252//715 268//730
f 239//701 238//700 268//730
f 253//716 239//701 269//731
f 254//717 224//686 253//716
f 255//718 225//687 254//717
f 266//728 18//480 251//714
f 240//702 255//718 270//732
f 256//719 240//702 270//732
f 257//720 241//703 271//733
f 241//703 256//719 271//733
f 258//721 18//480 272//734
f 258//721 273//735 242//704
f 258//721 242//704 274//736
f 259//722 242//704 273//735
f 242//704 260//723 274//736
f 243//528 259//528 265//528
f 260//723 244//706 275//737
f 244//706 261//724 275//737
f 261//724 245//707 276//738
f 245//707 262//725 276//738
f 262//725 246//708 277//739
f 246//708 263//726 277//739
f 248//710 247//709 278//740
f 263//726 248//710 279//741
f 247//709 264//727 278//740
f 265//742 280//743 236//713
f 251//714 266//728 281//744
f 266//728 236//713 280//743
f 252//715 267//729 282//745
f 267//729 251//714 281//744
f 268//730 252//715 282//745
f 239//701 268//730 269//731
f 253//716 269//731 283//746
f 254//717 253//716 284//747
f 255//718 254//717 285//748
f 280//743 18//480 266//728
f 270//732 255//718 285//748
f 256//719 270//732 286//749
f 271//733 256//719 286//749
f 272//734 18//480 287//750
f 258//721 272//734 273//735
f 272//734 258//721 288//751
f 288//751 258//721 274//736
f 259//528 273//528 289//528
f 274//736 260//723 290//752
f 265//528 259//528 289//528
f 260//723 275//737 290//752
f 275//737 261//724 291//753
f 261//724 276//738 291//753
f 276//738 262//725 292//754
f 262//725 277//739 292//754
f 277//739 263//726 293//755
f 248//710 278//740 279//741
f 263//726 279//741 293//755
f 280//743 265//742 294//756
f 281//744 266//728 295//757
f 266//728 280//743 295//757
f 282//745 267//729 296//758
f 267//729 281//744 296//758
f 268//730 282//745 297//759
f 269//731 268//730 297//759
f 283//746 269//731 298//760
f 284//747 253//716 283//746
f 284//747 285//748 254//717
f 294//756 18//480 280//743
f 270//732 285//748 299//761
f 286//749 270//732 299//761
f 287//750 18//480 300//762
f 287//750 301//763 272//734
f 287//750 272//734 302//764
f 273//735 272//734 301//763
f 302//764 272//734 288//751
f 288//751 274//736 303//765
f 289//528 273//528 304//528
f 303//765 274//736 290//752
f 289//766 294//756 265//742
f 290//752 275//737 305//767
f 275//737 291//753 305//767
f 291//753 276//738 306//768
f 276//738 292//754 306//768
f 292//754 277//739 307//769
f 277//739 293//755 307//769
f 280//743 294//756 308//770
f 281//744 295//757 309//771
f 295//757 280//743 308//770
f 282//745 296//758 310//772
f 296//758 281//744 309//771
f 297//759 282//745 310//772
f 269//731 297//759 298//760
f 283//746 298//760 311//773
f 284//747 283//746 312//774
f 285//748 284//747 313//775
f 314//776 18//480 294//756
f 313//775 299//761 285//748
f 300//762 18//480 315//777
f 300//762 316//778 287//750
f 300//762 287//750 317//779
f 301//763 287//750 316//778
f 317//779 287//750 302//764
f 273//528 301//528 304//528
f 302//764 288//751 318//780
f 318//780 288//751 303//765
f 304//781 314//776 289//766
f 303//765 290//752 319//782
f 294//756 289//766 314//776
f 319//782 290//752 305//767
f 305//767 291//753 320//783
f 320//783 291//753 306//768
f 306//768 292//754 321//784
f 292//754 307//769 321//784
f 308//770 294//756 322//785
f 309//771 295//757 323//786
f 295//757 308//770 323//786
f 310//772 296//758 324//787
f 296//758 309//771 324//787
f 297//759 310//772 325//788
f 298//760 297//759 325//788
f 311//773 298//760 326//789
f 312//774 283//746 311//773
f 313//775 284//747 312//774
f 327//790 18//480 314//776
f 294//756 314//776 322//785
f 315//777 18//480 328//791
f 315//777 329//792 300//762
f 315//777 300//762 330//793
f 316//778 300//762 329//792
f 330//793 300//762 317//779
f 301//528 316//528 331//528
f 317//779 302//764 332//794
f 304//528 301//528 331//528
f 332//794 302//764 318//780
f 318//780 303//765 333//795
f 327//790 314//776 304//781
f 333//795 303//765 319//782
f 319//782 305//767 334//796
f 334//796 305//767 320//783
f 320//783 306//768 335//797
f 335//797 306//768 321//784
f 308//770 322//785 336//798
f 309//771 323//786 337//799
f 323//786 308//770 336//798
f 310//772 324//787 338//800
f 324//787 309//771 337//799
f 325//788 310//772 338//800
f 298//760 325//788 326//789
f 339//801 18//480 327//790
f 314//776 327//790 340//802
f 340//802 322//785 314//776
f 328//791 18//480 341//803
f 328//791 342//804 315//777
f 328//791 315//777 343//805
f 329//792 315//777 342//804
f 343//805 315//777 330//793
f 316//528 329//528 344//528
f 330//793 317//779 345//806
f 331//528 316//528 344//528
f 345//806 317//779 332//794
f 331//807 339//801 304//781
f 332//794 318//780 346//808
f 346//808 318//780 333//795
f 327//790 304//781 339//801
f 333//795 319//782 347//809
f 347//809 319//782 334//796
f 334//796 320//783 348//810
f 348//810 320//783 335//797
f 336//798 322//785 349//811
f 337//799 323//786 350//812
f 323//786 336//798 350//812
f 338//800 324//787 351//813
f 324//787 337//799 351//813
f 325//788 338//800 352//814
f 326//789 325//788 352//814
f 353//815 18//480 339//801
f 354//816 327//790 339//801
f 354//816 340//802 327//790
f 349//811 322//785 340//802
f 341//803 18//480 355//817
f 328//791 341//803 342//804
f 341//803 328//791 356//818
f 356//818 328//791 343//805
f 329//528 342//528 357//528
f 343//805 330//793 358//819
f 344//528 329//528 357//528
f 358//819 330//793 345//806
f 344//820 353//815 331//807
f 345//806 332//794 359//821
f 339//801 331//807 353//815
f 359//821 332//794 346//808
f 346//808 333//795 360//822
f 360//822 333//795 347//809
f 347//809 334//796 361//823
f 361//823 334//796 348//810
f 336//798 349//811 362//824
f 337//799 350//812 363//825
f 350//812 336//798 362//824
f 338//800 351//813 364//826
f 351//813 337//799 363//825
f 352//814 338//800 364//826
f 365//827 18//480 353//815
f 366//828 339//801 353//815
f 366//828 354//816 339//801
f 367//829 340//802 354//816
f 367//829 349//811 340//802
f 355//817 18//480 368//830
f 355//817 369//831 341//803
f 355//817 341//803 370//832
f 342//804 341//803 369//831
f 370//832 341//803 356//818
f 356//818 343//805 371//833
f 357//528 342//528 372//528
f 371//833 343//805 358//819
f 357//834 365//827 344//820
f 358//819 345//806 373//835
f 353//815 344//820 365//827
f 373//835 345//806 359//821
f 359//821 346//808 374//836
f 374//836 346//808 360//822
f 360//822 347//809 375//837
f 375//837 347//809 361//823
f 362//824 349//811 376//838
f 363//825 350//812 377//839
f 350//812 362//824 377//839
f 364//826 351//813 378//840
f 351//813 363//825 378//840
f 379//841 18//480 365//827
f 353//815 365//827 380//842
f 353//815 380//842 366//828
f 381//843 354//816 366//828
f 381//843 367//829 354//816
f 376//838 349//811 367//829
f 368//830 18//480 382//844
f 368//830 383//845 355//817
f 368//830 355//817 384//846
f 369//831 355//817 383//845
f 384//846 355//817 370//832
f 342//528 369//528 372//528
f 370//832 356//818 385//847
f 385//847 356//818 371//833
f 372//848 379//841 357//834
f 371//833 358//819 386//849
f 365//827 357//834 379//841
f 386//849 358//819 373//835
f 373//835 359//821 387//850
f 387//850 359//821 374//836
f 374//836 360//822 388//851
f 388//851 360//822 375//837
f 362//824 376//838 389//852
f 363//825 377//839 390//853
f 377//839 362//824 389//852
f 378//840 363//825 390//853
f 391//854 18//480 379//841
f 365//827 379//841 392//855
f 365//827 392//855 380//842
f 393//856 366//828 380//842
f 393//856 381//843 366//828
f 394//857 367//829 381//843
f 394//857 376//838 367//829
f 382//844 18//480 395//858
f 382//844 396//859 368//830
f 382//844 368//830 397//860
f 383//845 368//830 396//859
f 397//860 368//830 384//846
f 369//528 383//528 398//528
f 384//846 370//832 399//861
f 372//528 369//528 398//528
f 399//861 370//832 385//847
f 385//847 371//833 400//862
f 391//854 379//841 372//848
f 400//862 371//833 386//849
f 386//849 373//835 401//863
f 401//863 373//835 387//850
f 387//850 374//836 402//864
f 402//864 374//836 388//851
f 403//865 389//852 376//838
f 390//853 377//839 404//866
f 377//839 389//852 404//866
f 405//867 18//480 391//854
f 379//841 391//854 406//868
f 379//841 406//868 392//855
f 380//842 392//855 407//869
f 380//842 407//869 393//856
f 408//870 381//843 393//856
f 408//870 394//857 381//843
f 403//865 376//838 394//857
f 395//858 18//480 409//871
f 395//858 410//872 382//844
f 395//858 382//844 411//873
f 396//859 382//844 410//872
f 411//873 382//844 397//860
f 383//528 396//528 412//528
f 397//860 384//846 413//874
f 398//528 383//528 412//528
f 413//874 384//846 399//861
f 398//875 405//867 372//848
f 399//861 385//847 414//876
f 414//876 385//847 400//862
f 391//854 372//848 405//867
f 400//862 386//849 415//877
f 415//877 386//849 401//863
f 401//863 387//850 416//878
f 416//878 387//850 402//864
f 417//879 389//852 403//865
f 404//866 389//852 417//879
f 409//871 18//480 405//867
f 391//854 405//867 418//880
f 391//854 418//880 406//868
f 392//855 406//868 419//881
f 392//855 419//881 407//869
f 420//882 393//856 407//869
f 420//882 408//870 393//856
f 421//883 394//857 408//870
f 421//883 403//865 394//857
f 409//871 412//884 395//858
f 409//871 395//858 422//885
f 410//872 395//858 412//884
f 395//858 411//873 422//885
f 410//528 412//528 396//528
f 411//873 397//860 423//886
f 423//886 397//860 413//874
f 412//884 409//871 398//875
f 413//874 399//861 424//887
f 405//867 398//875 409//871
f 424//887 399//861 414//876
f 414//876 400//862 425//888
f 425//888 400//862 415//877
f 415//877 401//863 426//889
f 426//889 401//863 416//878
f 427//890 417//879 403//865
f 405//867 409//871 428//891
f 405//867 428//891 418//880
f 406//868 418//880 429//892
f 406//868 429//892 419//881
f 407//869 419//881 430//893
f 407//869 430//893 420//882
f 431//894 408//870 420//882
f 431//894 421//883 408//870
f 427//890 403//865 421//883
f 409//871 422//885 428//891
f 422//885 411//873 432//895
f 411//873 423//886 432//895
f 423//886 413//874 433//896
f 433//896 413//874 424//887
f 424//887 414//876 434//897
f 434//897 414//876 425//888
f 425//888 415//877 435//898
f 435//898 415//877 426//889
f 418//880 428//891 436//899
f 418//880 436//899 429//892
f 419//881 429//892 437//900
f 419//881 437//900 430//893
f 420//882 430//893 438//901
f 438//901 431//894 420//882
f 439//902 421//883 431//894
f 439//902 427//890 421//883
f 428//891 422//885 440//903
f 422//885 432//895 440//903
f 432//895 423//886 441//904
f 423//886 433//896 441//904
f 433//896 424//887 442//905
f 442//905 424//887 434//897
f 434//897 425//888 443//906
f 443//906 425//888 435//898
f 428//891 440//903 436//899
f 429//892 436//899 444//907
f 429//892 444//907 437//900
f 430//893 437//900 445//908
f 430//893 445//908 438//901
f 431//894 438//901 446//909
f 446//909 439//902 431//894
f 440//903 432//895 447//910
f 432//895 441//904 447//910
f 441//904 433//896 448//911
f 433//896 442//905 448//911
f 442//905 434//897 449//912
f 449//912 434//897 443//906
f 436//899 440//903 450//913
f 436//899 450//913 444//907
f 437//900 444//907 451//914
f 437//900 451//914 445//908
f 438//901 445//908 452//915
f 446//909 438//901 452//915
f 440//903 447//910 450//913
f 447//910 441//904 453//916
f 441//904 448//911 453//916
f 448//911 442//905 454//917
f 454//917 442//905 449//912
f 444//907 450//913 455//918
f 444//907 455//918 451//914
f 445//908 451//914 456//919
f 452//915 445//908 456//919
f 450//913 447//910 457//920
f 447//910 453//916 457//920
f 453//916 448//911 458//921
f 458//921 448//911 454//917
f 450//913 457//920 455//918
f 451//914 455//918 459//922
f 456//919 451//914 459//922
f 457//920 453//916 460//923
f 460//923 453//916 458//921
f 455//918 457//920 461//924
f 459//922 455//918 461//924
f 461//924 457//920 460//923
