# SSTK version 0.8.0
# 7
mtllib original-7.mtl
o mesh5/mesh5-geometry#mesh5-geometry
v 0.053503 -0.173954 -0.184154
v 0.041762 -0.160000 -0.205184
v 0.042893 -0.181818 -0.141233
v 0.053888 -0.154350 -0.248482
v 0.008029 -0.116873 -0.289399
v 0.048042 -0.188726 -0.124739
v 0.066237 -0.142402 -0.319411
v 0.042047 -0.204733 -0.076271
v 0.060030 -0.158081 -0.266864
v 0.051593 -0.137449 -0.298691
v 0.033890 -0.207781 -0.074579
v 0.043212 -0.203488 -0.083238
v 0.054582 -0.173954 -0.203661
v 0.070964 -0.124420 -0.350432
v 0.062577 -0.142350 -0.364902
v 0.026252 -0.204724 -0.089576
v 0.038145 -0.216282 -0.049882
v 0.038602 -0.216282 -0.051240
v 0.048536 -0.189258 -0.132475
v 0.059752 -0.158062 -0.285392
v 0.063703 -0.118345 -0.335183
v 0.073177 -0.123079 -0.379394
v 0.070855 -0.120555 -0.411560
v 0.028850 -0.197152 -0.099415
v 0.034696 -0.227277 -0.031771
v 0.034546 -0.207781 -0.077256
v 0.044125 -0.181818 -0.156367
v 0.052562 -0.154350 -0.291758
v 0.088998 -0.099337 -0.371048
v 0.080569 -0.112672 -0.329759
v 0.080355 -0.098227 -0.427040
v 0.064512 -0.123079 -0.436422
v 0.026521 -0.204724 -0.089830
v 0.034091 -0.183412 -0.133857
v 0.043111 -0.160000 -0.229568
v 0.083528 -0.100222 -0.394873
v 0.072010 -0.115703 -0.303710
v 0.067781 -0.098227 -0.486018
v 0.050376 -0.124420 -0.450969
v 0.046668 -0.137449 -0.356326
v 0.100627 -0.097364 -0.318650
v 0.097755 -0.071656 -0.428747
v 0.088964 -0.111498 -0.281993
v 0.076152 -0.096544 -0.459898
v 0.108826 -0.071144 -0.372359
v 0.077112 -0.115703 -0.259889
v 0.092773 -0.071157 -0.461869
v 0.086316 -0.070737 -0.493076
v 0.053359 -0.100222 -0.507557
v 0.122147 -0.070831 -0.304177
v 0.134399 -0.045820 -0.386408
v 0.109396 -0.097269 -0.259996
v 0.093415 -0.112673 -0.233489
v 0.115273 -0.045519 -0.482670
v 0.075833 -0.071157 -0.519216
v 0.031005 -0.099478 -0.526668
v 0.059087 -0.071656 -0.539533
v 0.024673 -0.118345 -0.452192
v 0.078967 -0.118347 -0.221068
v 0.092248 -0.045521 -0.540180
v 0.004711 -0.112672 -0.496456
v 0.154353 -0.045518 -0.285487
v 0.127203 -0.070942 -0.273889
v 0.163296 -0.021714 -0.455546
v 0.112855 -0.097893 -0.233616
v 0.117808 -0.099479 -0.207517
v 0.104836 -0.124421 -0.171108
v 0.106160 -0.045521 -0.513700
v 0.033840 -0.071470 -0.553270
v -0.014408 -0.115703 -0.464901
v 0.192687 -0.021290 -0.310631
v 0.133191 -0.071074 -0.247375
v 0.179389 -0.021558 -0.382016
v 0.153565 -0.021602 -0.494239
v 0.077534 -0.137450 -0.172169
v 0.141005 -0.021602 -0.525812
v 0.071030 -0.045521 -0.560343
v 0.004447 -0.097892 -0.538159
v 0.004268 -0.071074 -0.559130
v 0.039993 -0.045521 -0.572441
v -0.036853 -0.111497 -0.488523
v -0.022585 -0.097364 -0.536836
v 0.200487 -0.021602 -0.268221
v 0.236001 0.000280 -0.419901
v 0.213334 0.000314 -0.501470
v 0.131810 -0.100224 -0.179338
v 0.128586 -0.142065 -0.113685
v 0.088938 -0.154421 -0.125743
v 0.121787 -0.021602 -0.552740
v 0.092949 -0.021602 -0.573245
v -0.041576 -0.115703 -0.442074
v 0.160903 -0.045521 -0.259259
v 0.254473 0.000601 -0.295129
v 0.247575 0.000483 -0.356108
v 0.224539 0.000314 -0.466586
v 0.142575 -0.071471 -0.220580
v 0.162642 -0.098228 -0.146734
v 0.159184 -0.071657 -0.191524
v 0.142367 -0.123081 -0.132291
v 0.065558 -0.160158 -0.136603
v 0.169209 0.000314 -0.560727
v 0.004032 -0.045521 -0.576474
v -0.057379 -0.111497 -0.449980
v -0.060254 -0.097364 -0.505912
v -0.045637 -0.097364 -0.525239
v 0.171289 -0.045521 -0.232088
v 0.261327 0.000314 -0.245632
v 0.322509 0.021039 -0.387932
v 0.302992 0.020728 -0.470202
v 0.196172 0.000314 -0.533451
v 0.108477 -0.173559 -0.073573
v 0.183157 -0.119294 -0.097835
v 0.073951 -0.182519 -0.086801
v 0.051529 -0.021602 -0.585548
v -0.030267 -0.047869 -0.571269
v 0.003811 -0.021602 -0.589649
v -0.050194 -0.115703 -0.401370
v -0.050963 -0.070941 -0.543954
v 0.209142 -0.021602 -0.240840
v 0.323461 0.020451 -0.274947
v 0.326255 0.020935 -0.328957
v 0.312959 0.020728 -0.433857
v 0.266581 0.020728 -0.537735
v 0.289214 0.020728 -0.505435
v 0.186843 -0.071158 -0.158230
v 0.153820 -0.157596 -0.067641
v 0.167893 -0.139541 -0.083366
v 0.054332 -0.184201 -0.104924
v 0.128604 0.000314 -0.581497
v 0.070514 0.000314 -0.593959
v -0.064913 -0.111497 -0.396054
v -0.073635 -0.097370 -0.450618
v -0.068839 -0.097364 -0.480531
v 0.222613 -0.021689 -0.210136
v 0.323511 0.020229 -0.216459
v 0.411008 0.040140 -0.363441
v 0.403130 0.040140 -0.435067
v 0.375834 0.040140 -0.507222
v 0.187690 -0.045521 -0.202334
v 0.200505 -0.095704 -0.110152
v 0.220001 -0.070527 -0.120364
v 0.212403 -0.045521 -0.167997
v 0.127966 -0.189310 -0.037249
v 0.202164 -0.138699 -0.050627
v 0.089110 -0.204310 -0.037226
v 0.061180 -0.209126 -0.054349
v 0.174562 0.020728 -0.586261
v 0.230045 0.020728 -0.565284
v -0.063080 -0.045521 -0.560343
v -0.043921 -0.021602 -0.585548
v -0.055380 -0.115703 -0.352689
v -0.078624 -0.070941 -0.498234
v -0.067907 -0.070941 -0.524190
v 0.269469 0.000314 -0.214918
v 0.393568 0.039966 -0.246700
v 0.405906 0.040050 -0.300445
v 0.409819 0.040140 -0.330962
v 0.409066 0.040140 -0.398561
v 0.392340 0.040140 -0.471705
v 0.235596 -0.094862 -0.070039
v 0.168483 -0.175563 -0.026814
v 0.218803 -0.118032 -0.060957
v 0.046111 -0.204437 -0.081073
v 0.299823 0.040140 -0.567554
v 0.003679 0.000314 -0.598113
v -0.085383 -0.021602 -0.573245
v -0.084440 -0.045521 -0.540180
v -0.063162 0.000314 -0.593959
v -0.072880 -0.111497 -0.337540
v -0.082454 -0.097364 -0.384827
v 0.283577 0.000771 -0.178267
v 0.378501 0.040140 -0.179027
v 0.476829 0.061490 -0.330547
v 0.480106 0.061490 -0.398506
v 0.463436 0.061490 -0.472039
v 0.347150 0.040140 -0.539783
v 0.241709 -0.045521 -0.128517
v 0.130800 -0.213737 0.002649
v 0.185638 -0.157406 -0.039372
v 0.102336 -0.219445 -0.008860
v 0.247906 -0.118031 -0.019930
v 0.072388 -0.232954 -0.006409
v 0.052711 -0.228363 -0.033108
v 0.095086 0.020728 -0.598848
v 0.003612 0.020728 -0.603043
v -0.062610 -0.115703 -0.303710
v -0.090721 -0.070941 -0.434607
v -0.085449 -0.070941 -0.467802
v 0.267256 -0.021602 -0.134130
v 0.332937 0.020519 -0.137097
v 0.435091 0.061490 -0.214982
v 0.460181 0.061379 -0.271233
v 0.480402 0.061490 -0.363199
v 0.474823 0.061490 -0.435206
v 0.411388 0.061490 -0.540480
v 0.444827 0.061490 -0.507745
v 0.271743 -0.045433 -0.083746
v 0.184100 -0.182381 0.003397
v 0.211829 -0.157448 -0.006723
v 0.230058 -0.138698 -0.013751
v 0.041780 -0.215907 -0.068700
v 0.123382 0.040140 -0.601389
v 0.227388 0.040140 -0.588701
v -0.114292 -0.021602 -0.552740
v -0.121270 0.000314 -0.581497
v -0.080797 -0.111498 -0.281993
v -0.093410 -0.097376 -0.318661
v -0.102366 -0.070842 -0.370692
v -0.107831 -0.045528 -0.482566
v -0.098523 -0.045521 -0.513700
v 0.315520 0.000314 -0.088251
v 0.417833 0.061490 -0.177802
v 0.371230 0.040140 -0.135865
v 0.470503 0.061490 -0.301809
v 0.503533 0.087715 -0.363118
v 0.498723 0.087720 -0.435254
v 0.467826 0.087722 -0.507921
v 0.265327 -0.094862 -0.025111
v 0.282404 -0.070316 -0.029145
v 0.137770 -0.223121 0.025460
v 0.107516 -0.235607 0.016259
v 0.082643 -0.243321 0.010538
v 0.250235 -0.138698 0.028983
v 0.063220 -0.249617 0.008591
v 0.049341 -0.231662 -0.030348
v 0.269583 0.061490 -0.589658
v 0.355510 0.061490 -0.568399
v -0.087862 0.020728 -0.598848
v -0.133596 -0.021602 -0.525812
v -0.161903 0.000314 -0.560727
v -0.167343 0.020728 -0.586261
v -0.067712 -0.115703 -0.259889
v -0.121939 -0.045521 -0.413855
v 0.292505 -0.021602 -0.086980
v 0.348878 0.020642 -0.030266
v 0.430944 0.087715 -0.177394
v 0.400640 0.061490 -0.134411
v 0.467197 0.087659 -0.244387
v 0.366341 0.040140 -0.086041
v 0.491885 0.087715 -0.301619
v 0.499165 0.087715 -0.330408
v 0.503788 0.087729 -0.398488
v 0.487135 0.087730 -0.472156
v 0.287108 -0.094862 0.025914
v 0.315807 -0.021497 -0.033581
v 0.161753 -0.216201 0.048633
v 0.208695 -0.176858 0.036021
v 0.269066 -0.118031 0.026974
v 0.040697 -0.207420 -0.077478
v 0.003590 0.040140 -0.605618
v 0.374074 0.087728 -0.568681
v -0.116201 0.040140 -0.601389
v -0.085248 -0.112673 -0.233489
v -0.102203 -0.097285 -0.259991
v -0.115086 -0.070891 -0.303127
v -0.135116 -0.045525 -0.348406
v 0.481557 0.087715 -0.274338
v 0.499188 0.130261 -0.330337
v 0.503571 0.132613 -0.363004
v 0.498324 0.176218 -0.436310
v 0.432801 0.087739 -0.540714
v 0.467463 0.173679 -0.508192
v 0.319987 -0.045521 0.026393
v 0.131653 -0.241197 0.050811
v 0.121491 -0.237771 0.031437
v 0.230714 -0.157518 0.031852
v 0.097227 -0.246537 0.021375
v 0.089537 -0.253855 0.020557
v 0.283040 -0.118031 0.079174
v 0.061640 -0.249553 0.006263
v 0.060965 -0.239051 -0.006929
v 0.048860 -0.201110 -0.061949
v 0.003590 0.061490 -0.606666
v 0.146001 0.061490 -0.602414
v -0.188900 0.000314 -0.533451
v -0.222833 0.020728 -0.565284
v -0.069567 -0.118347 -0.221068
v -0.172217 -0.021556 -0.381974
v -0.156123 -0.021718 -0.455210
v -0.146242 -0.021602 -0.494239
v 0.347064 0.000377 0.028600
v 0.365292 0.040140 -0.029071
v 0.467251 0.144871 -0.244453
v 0.410443 0.087715 -0.133926
v 0.481564 0.140298 -0.274298
v 0.386297 0.061490 -0.084321
v 0.503489 0.175999 -0.399461
v 0.486738 0.176256 -0.472617
v 0.304151 -0.070316 0.025741
v 0.194658 -0.197948 0.077411
v 0.156859 -0.229039 0.076140
v 0.109326 -0.249597 0.033641
v 0.239131 -0.161207 0.075867
v 0.075491 -0.252324 0.010325
v 0.263480 -0.138698 0.077031
v 0.040697 -0.161549 -0.123100
v 0.153543 0.087730 -0.602756
v 0.283652 0.087773 -0.589978
v 0.373859 0.177063 -0.568697
v -0.220208 0.040140 -0.588701
v -0.206097 0.000314 -0.501470
v -0.259377 0.020728 -0.537735
v -0.292642 0.040140 -0.567554
v -0.097101 -0.124421 -0.171108
v -0.110628 -0.099479 -0.207517
v -0.105674 -0.097893 -0.233616
v -0.120023 -0.070942 -0.273889
v -0.147173 -0.045518 -0.285487
v -0.185507 -0.021290 -0.310631
v 0.369461 0.040058 0.034638
v 0.377591 0.061490 -0.027048
v 0.430940 0.145041 -0.177387
v 0.410444 0.145039 -0.133930
v 0.392949 0.087715 -0.083748
v 0.491883 0.140762 -0.301516
v 0.498734 0.176703 -0.331447
v 0.503074 0.178834 -0.364395
v 0.494229 0.334542 -0.409121
v 0.478142 0.332936 -0.476159
v 0.432470 0.175805 -0.540800
v 0.318849 -0.070316 0.086120
v 0.301616 -0.094861 0.082306
v 0.347847 -0.021602 0.094565
v 0.138364 -0.245618 0.073828
v 0.096814 -0.259930 0.020073
v 0.270581 -0.138698 0.129846
v 0.061098 -0.180597 -0.068709
v 0.048860 -0.130408 -0.139430
v -0.138820 0.061490 -0.602414
v -0.262403 0.061490 -0.589658
v -0.068134 -0.137450 -0.172169
v -0.126010 -0.071074 -0.247375
v -0.240392 0.000483 -0.356118
v -0.228825 0.000283 -0.419892
v 0.368123 0.020728 0.102419
v 0.448318 0.172075 -0.218218
v 0.481378 0.173146 -0.276283
v 0.499956 0.230485 -0.370862
v 0.489347 0.333251 -0.442275
v 0.427966 0.268646 -0.540942
v 0.459304 0.330473 -0.509794
v 0.309530 -0.094861 0.143335
v 0.358893 0.000314 0.098582
v 0.334379 -0.045521 0.090309
v 0.243118 -0.163158 0.119999
v 0.184046 -0.212147 0.111239
v 0.141987 -0.250767 0.099939
v 0.124047 -0.260171 0.067891
v 0.118170 -0.254248 0.049298
v 0.102027 -0.258467 0.031117
v 0.086101 -0.248601 -0.000484
v 0.290585 -0.118031 0.136091
v 0.074692 -0.223120 -0.029532
v 0.040697 -0.093236 -0.205416
v -0.146362 0.087730 -0.602756
v 0.003590 0.087783 -0.607015
v 0.152893 0.212058 -0.602742
v 0.283009 0.195426 -0.590011
v 0.369203 0.287523 -0.568148
v -0.282019 0.020728 -0.505435
v -0.339970 0.040140 -0.539783
v -0.080737 -0.154421 -0.125743
v -0.122016 -0.141994 -0.113202
v -0.124629 -0.100224 -0.179338
v -0.193307 -0.021602 -0.268222
v -0.247292 0.000601 -0.295129
v -0.217330 0.000314 -0.466586
v 0.376141 0.040140 0.106137
v 0.377308 0.061490 0.037896
v 0.467835 0.170430 -0.248753
v 0.427019 0.167023 -0.179339
v 0.408015 0.166658 -0.138396
v 0.392949 0.145042 -0.083749
v 0.381691 0.087718 -0.026374
v 0.491139 0.178303 -0.302377
v 0.483779 0.404044 -0.444579
v 0.493885 0.335681 -0.377502
v 0.453815 0.404044 -0.511139
v 0.366441 0.000314 0.171612
v 0.342587 -0.045521 0.158681
v 0.161031 -0.232574 0.107101
v 0.110081 -0.264412 0.042926
v 0.097161 -0.255305 0.002458
v 0.292459 -0.118031 0.197148
v 0.074692 -0.187323 -0.070273
v 0.061098 -0.135913 -0.119640
v 0.061098 -0.091651 -0.179643
v 0.048860 -0.061160 -0.250487
v -0.348329 0.061490 -0.568399
v -0.295804 0.020728 -0.470202
v -0.368654 0.040140 -0.507222
v -0.404207 0.061490 -0.540480
v -0.056083 -0.160158 -0.136603
v -0.135187 -0.123081 -0.132291
v -0.155462 -0.098228 -0.146734
v -0.152004 -0.071657 -0.191524
v -0.135395 -0.071471 -0.220580
v -0.153723 -0.045521 -0.259259
v -0.319075 0.020935 -0.328956
v -0.315329 0.021039 -0.387938
v 0.381701 0.061490 0.108880
v 0.382150 0.040140 0.181130
v 0.379897 0.087715 0.038685
v 0.467199 0.189277 -0.256564
v 0.414117 0.175232 -0.182558
v 0.479520 0.207366 -0.285623
v 0.487873 0.236230 -0.314027
v 0.494533 0.248435 -0.342092
v 0.488703 0.404044 -0.411575
v 0.488494 0.404044 -0.380433
v 0.472543 0.404044 -0.478186
v 0.422363 0.373321 -0.541198
v 0.327002 -0.070316 0.151043
v 0.355872 -0.021602 0.165715
v 0.206934 -0.195382 0.159496
v 0.250581 -0.158451 0.176977
v 0.162056 -0.236417 0.141073
v 0.127242 -0.267048 0.088965
v 0.097227 -0.237407 -0.028208
v 0.104688 -0.263917 0.006843
v 0.106036 -0.268649 0.029504
v 0.272325 -0.138698 0.186886
v 0.086937 -0.229412 -0.029119
v 0.074692 -0.144189 -0.122522
v 0.086937 -0.195034 -0.071836
v 0.040697 -0.049793 -0.308439
v -0.276471 0.087773 -0.589978
v -0.145712 0.212061 -0.602742
v 0.003590 0.216235 -0.606964
v 0.280679 0.262246 -0.589356
v -0.366894 0.087728 -0.568681
v -0.065537 -0.182519 -0.086801
v -0.100251 -0.174586 -0.072622
v -0.175976 -0.119294 -0.097835
v -0.164108 -0.045521 -0.232088
v -0.254147 0.000314 -0.245632
v -0.316281 0.020450 -0.274948
v -0.305775 0.020728 -0.433857
v 0.374974 0.020728 0.176655
v 0.450376 0.189763 -0.238760
v 0.425987 0.180516 -0.212608
v 0.391101 0.166536 -0.091782
v 0.381691 0.145040 -0.026374
v 0.379897 0.145032 0.038686
v 0.482762 0.460768 -0.413773
v 0.489049 0.343711 -0.348960
v 0.466782 0.460768 -0.479795
v 0.362891 0.404044 -0.567743
v 0.414734 0.460768 -0.542372
v 0.329114 -0.070316 0.219562
v 0.311528 -0.094861 0.208271
v 0.358172 -0.021602 0.239862
v 0.183942 -0.215736 0.150908
v 0.142888 -0.256376 0.128592
v 0.128046 -0.274564 0.112066
v 0.118396 -0.280479 0.072776
v 0.115456 -0.271861 0.056932
v 0.111161 -0.277598 0.038987
v 0.269497 -0.138698 0.247604
v 0.061098 -0.055647 -0.245831
v 0.048638 -0.034085 -0.371492
v 0.061098 -0.035741 -0.315318
v 0.151223 0.336958 -0.600541
v 0.276995 0.376744 -0.587803
v -0.385159 0.040140 -0.471705
v -0.437647 0.061490 -0.507745
v -0.044554 -0.184201 -0.104924
v -0.146615 -0.157596 -0.067641
v -0.160713 -0.139541 -0.083366
v -0.179663 -0.071158 -0.158230
v -0.201961 -0.021602 -0.240840
v -0.398725 0.040050 -0.300445
v -0.403828 0.040140 -0.363441
v -0.395949 0.040140 -0.435067
v 0.387023 0.061490 0.184272
v 0.377400 0.020728 0.253664
v 0.383554 0.087715 0.109794
v 0.449681 0.207488 -0.250592
v 0.428623 0.191536 -0.230454
v 0.401065 0.182989 -0.211668
v 0.385555 0.173702 -0.115883
v 0.379475 0.166536 -0.038606
v 0.466207 0.207366 -0.265572
v 0.383551 0.145015 0.109743
v 0.477176 0.247897 -0.293252
v 0.477880 0.460768 -0.446477
v 0.484331 0.404044 -0.352412
v 0.448284 0.460768 -0.512351
v 0.308288 -0.094861 0.276386
v 0.368811 0.000314 0.247483
v 0.344801 -0.045521 0.230324
v 0.212322 -0.189556 0.215078
v 0.182047 -0.218119 0.192696
v 0.141428 -0.262179 0.159236
v 0.104688 -0.247175 -0.027247
v 0.289420 -0.118031 0.261763
v 0.086937 -0.153368 -0.125529
v 0.074692 -0.101492 -0.183065
v 0.074692 -0.067007 -0.248687
v 0.040197 -0.044176 -0.406540
v -0.275828 0.195430 -0.590011
v -0.366678 0.177063 -0.568697
v -0.144042 0.336968 -0.600540
v 0.003590 0.345227 -0.604512
v -0.425620 0.087739 -0.540714
v -0.456256 0.061490 -0.472039
v -0.460645 0.087722 -0.507921
v -0.052296 -0.209126 -0.054349
v -0.081588 -0.204187 -0.037345
v -0.120793 -0.188929 -0.037680
v -0.194984 -0.138699 -0.050627
v -0.193324 -0.095704 -0.110152
v -0.212820 -0.070527 -0.120364
v -0.205223 -0.045521 -0.167997
v -0.180510 -0.045521 -0.202334
v -0.215432 -0.021689 -0.210136
v -0.316330 0.020229 -0.216459
v -0.386388 0.039966 -0.246701
v -0.402639 0.040140 -0.330962
v -0.401885 0.040140 -0.398561
v 0.388647 0.087715 0.185320
v 0.389526 0.061490 0.262443
v 0.384622 0.040140 0.258886
v 0.381711 0.177562 -0.181645
v 0.380523 0.174675 -0.147973
v 0.464792 0.234793 -0.272895
v 0.378058 0.166536 0.088514
v 0.469656 0.382615 -0.307713
v 0.478426 0.392016 -0.327748
v 0.469119 0.524480 -0.448948
v 0.482611 0.460768 -0.383059
v 0.478608 0.460768 -0.355710
v 0.355171 0.496702 -0.568514
v 0.271860 0.460768 -0.587717
v 0.440129 0.523953 -0.514165
v 0.364968 0.000314 0.324674
v 0.341211 -0.045521 0.304054
v 0.248660 -0.157952 0.233763
v 0.160393 -0.240370 0.177422
v 0.119140 -0.289932 0.090097
v 0.097161 -0.163899 -0.128724
v 0.109642 -0.257323 -0.028623
v 0.104688 -0.215382 -0.074956
v 0.109729 -0.274289 0.012092
v 0.280691 -0.118031 0.328340
v 0.086937 -0.112136 -0.186667
v 0.047018 -0.047006 -0.486829
v 0.060698 -0.035511 -0.442014
v 0.060998 -0.029755 -0.382560
v -0.273498 0.262245 -0.589356
v 0.149015 0.404044 -0.599714
v -0.035879 -0.204437 -0.081073
v -0.161020 -0.175800 -0.026598
v -0.211623 -0.118032 -0.060957
v -0.228416 -0.094862 -0.070039
v -0.262288 0.000314 -0.214918
v -0.453001 0.061379 -0.271233
v -0.469648 0.061490 -0.330547
v -0.472925 0.061490 -0.398506
v 0.380613 0.040140 0.337783
v 0.429808 0.207853 -0.241972
v 0.382189 0.193146 -0.224792
v 0.357803 0.183424 -0.199665
v 0.364079 0.174680 -0.120742
v 0.372827 0.173702 -0.075304
v 0.376336 0.166536 0.022023
v 0.388648 0.145026 0.185330
v 0.460522 0.317394 -0.283704
v 0.473387 0.528069 -0.416899
v 0.473982 0.523938 -0.386218
v 0.457526 0.530453 -0.481781
v 0.404159 0.548326 -0.544286
v 0.325689 -0.070316 0.290730
v 0.354441 -0.021602 0.315616
v 0.241176 -0.158078 0.292104
v 0.200625 -0.195945 0.255553
v 0.155617 -0.244550 0.214808
v 0.126743 -0.282400 0.136740
v 0.117932 -0.299884 0.108536
v 0.114688 -0.299181 0.061366
v 0.113972 -0.287886 0.049695
v 0.112498 -0.286096 0.018048
v 0.261377 -0.138698 0.310325
v 0.074692 -0.048508 -0.316175
v 0.034580 -0.059928 -0.468910
v 0.074667 -0.045292 -0.380518
v -0.362022 0.287520 -0.568148
v -0.425289 0.175802 -0.540800
v -0.141835 0.404044 -0.599714
v -0.269814 0.376739 -0.587803
v 0.003590 0.404044 -0.603710
v -0.460282 0.173677 -0.508192
v -0.467643 0.061490 -0.435206
v -0.479954 0.087729 -0.472156
v -0.043356 -0.228363 -0.033108
v -0.064177 -0.232888 -0.006470
v -0.094287 -0.219617 -0.008686
v -0.123074 -0.213677 0.002617
v -0.178432 -0.157406 -0.039372
v -0.240726 -0.118031 -0.019930
v -0.234528 -0.045521 -0.128517
v -0.276396 0.000770 -0.178267
v -0.371321 0.040140 -0.179027
v -0.427910 0.061490 -0.214982
v -0.463322 0.061490 -0.301809
v -0.473221 0.061490 -0.363199
v 0.391161 0.087715 0.263628
v 0.373466 0.020728 0.331854
v 0.448531 0.230485 -0.257781
v 0.402535 0.208250 -0.236799
v 0.428910 0.230485 -0.248764
v 0.341767 0.177586 -0.146476
v 0.365654 0.173702 -0.027964
v 0.381013 0.166536 0.159274
v 0.461432 0.472116 -0.315903
v 0.454745 0.404044 -0.293096
v 0.446934 0.261149 -0.262799
v 0.447375 0.661124 -0.454589
v 0.471937 0.460768 -0.333104
v 0.340942 0.617431 -0.571299
v 0.264884 0.549826 -0.588828
v 0.147229 0.460768 -0.599497
v 0.419889 0.658591 -0.518813
v 0.315853 -0.070316 0.363203
v 0.298983 -0.094861 0.346197
v 0.343727 -0.021602 0.391873
v 0.176605 -0.220644 0.235707
v 0.137235 -0.268297 0.190737
v 0.123003 -0.290624 0.162087
v 0.104688 -0.176236 -0.132169
v 0.109729 -0.189995 -0.135625
v 0.245680 -0.140403 0.371618
v 0.097161 -0.123984 -0.190539
v 0.086937 -0.079067 -0.251718
v 0.086937 -0.061884 -0.317149
v 0.044619 -0.093298 -0.533232
v 0.036878 -0.060814 -0.511669
v 0.060845 -0.060734 -0.487518
v 0.003590 0.460768 -0.603423
v -0.491542 0.087720 -0.435254
v -0.031245 -0.215907 -0.068700
v -0.176828 -0.182316 0.003336
v -0.204623 -0.157448 -0.006723
v -0.222878 -0.138698 -0.013751
v -0.264562 -0.045434 -0.083746
v -0.260075 -0.021602 -0.134130
v -0.325756 0.020519 -0.137097
v -0.460016 0.087659 -0.244387
v -0.484704 0.087714 -0.301619
v -0.496353 0.087714 -0.363118
v 0.391163 0.145014 0.263611
v 0.387091 0.088138 0.343091
v 0.385466 0.061490 0.341760
v 0.362171 0.020728 0.410215
v 0.355128 0.208337 -0.233935
v 0.329175 0.193170 -0.217692
v 0.309639 0.183436 -0.179635
v 0.358020 0.173713 0.078394
v 0.381573 0.166536 0.232712
v 0.440546 0.380871 -0.277592
v 0.451683 0.664189 -0.422696
v 0.452491 0.660102 -0.392812
v 0.471055 0.518102 -0.359358
v 0.464281 0.522223 -0.338249
v 0.436604 0.664370 -0.487051
v 0.388018 0.663988 -0.547736
v 0.144228 0.530365 -0.600103
v 0.282788 -0.094861 0.416227
v 0.353932 0.000314 0.402146
v 0.330901 -0.045521 0.378660
v 0.208349 -0.177936 0.327132
v 0.167133 -0.223396 0.278432
v 0.129939 -0.274851 0.221963
v 0.112531 -0.313017 0.051754
v 0.104688 -0.137437 -0.194771
v 0.112518 -0.265951 -0.037967
v 0.265499 -0.118031 0.395278
v 0.097161 -0.092176 -0.255009
v 0.051075 -0.098601 -0.522322
v 0.030184 -0.059813 -0.482249
v 0.062083 -0.113148 -0.512914
v 0.074628 -0.084366 -0.479583
v 0.074592 -0.056654 -0.436708
v -0.420785 0.268650 -0.540942
v -0.355711 0.404044 -0.567743
v -0.264679 0.460768 -0.587717
v -0.479558 0.176257 -0.472617
v -0.491143 0.176219 -0.436310
v -0.039774 -0.231662 -0.030348
v -0.054536 -0.249612 0.008589
v -0.074117 -0.243337 0.010547
v -0.099226 -0.235607 0.016259
v -0.129682 -0.223245 0.025543
v -0.243054 -0.138698 0.028983
v -0.258147 -0.094862 -0.025111
v -0.275223 -0.070316 -0.029145
v -0.308339 0.000314 -0.088251
v -0.364049 0.040140 -0.135865
v -0.410652 0.061490 -0.177802
v -0.423763 0.087714 -0.177394
v -0.474376 0.087715 -0.274338
v -0.491984 0.087714 -0.330408
v -0.496607 0.087729 -0.398488
v 0.373804 0.061490 0.421211
v 0.369099 0.040140 0.416814
v 0.406382 0.230485 -0.243561
v 0.377935 0.231760 -0.241064
v 0.304509 0.177596 -0.101773
v 0.341015 0.174675 -0.055369
v 0.447475 0.481130 -0.301541
v 0.433666 0.471244 -0.288920
v 0.427506 0.276164 -0.255780
v 0.442350 0.703900 -0.455594
v 0.457609 0.606294 -0.364483
v 0.331639 0.704289 -0.573367
v 0.251031 0.702935 -0.592258
v 0.135423 0.702284 -0.603508
v 0.414971 0.703900 -0.519692
v 0.334725 0.000314 0.478860
v 0.312956 -0.045521 0.452932
v 0.187967 -0.199212 0.303032
v 0.147304 -0.249078 0.251889
v 0.114464 -0.310273 0.127450
v 0.113203 -0.299016 0.024557
v 0.110194 -0.323567 0.086415
v 0.112497 -0.170007 -0.197692
v 0.113194 -0.282073 -0.033937
v 0.243068 -0.118031 0.460981
v 0.086937 -0.060138 -0.378551
v 0.040766 -0.092748 -0.542105
v 0.053001 -0.171479 -0.529693
v 0.037569 -0.092464 -0.545402
v 0.031954 -0.060566 -0.518092
v 0.086937 -0.073377 -0.431515
v -0.415182 0.373320 -0.541198
v -0.452123 0.330466 -0.509794
v -0.140048 0.460768 -0.599497
v -0.470962 0.332933 -0.476159
v -0.030087 -0.207420 -0.077478
v -0.154062 -0.216129 0.048644
v -0.201012 -0.177213 0.036157
v -0.261885 -0.118031 0.026974
v -0.279927 -0.094862 0.025914
v -0.308627 -0.021498 -0.033581
v -0.285325 -0.021602 -0.086980
v -0.341698 0.020642 -0.030266
v -0.359160 0.040140 -0.086041
v -0.393459 0.061490 -0.134411
v -0.460070 0.144870 -0.244453
v -0.474384 0.140296 -0.274298
v -0.492007 0.130257 -0.330337
v -0.496391 0.132611 -0.363004
v 0.387083 0.145039 0.343086
v 0.349060 0.040140 0.494971
v 0.404596 0.263192 -0.247964
v 0.296495 0.208340 -0.231222
v 0.322885 0.230525 -0.239239
v 0.273234 0.193188 -0.208413
v 0.261110 0.183451 -0.155389
v 0.316823 0.174681 0.024517
v 0.352807 0.173702 0.139961
v 0.438012 0.655760 -0.335912
v 0.419675 0.404044 -0.270355
v 0.447020 0.703900 -0.423911
v 0.447341 0.703900 -0.394927
v 0.448424 0.668943 -0.368919
v 0.432083 0.703900 -0.488135
v 0.383934 0.703900 -0.548631
v 0.003590 0.537013 -0.604053
v 0.298733 -0.070316 0.435638
v 0.325079 -0.021602 0.467533
v 0.225302 -0.140728 0.430869
v 0.172187 -0.200743 0.349386
v 0.135031 -0.254072 0.287325
v 0.116494 -0.299305 0.187213
v 0.108427 -0.321032 0.146196
v 0.108771 -0.326830 0.038570
v 0.109729 -0.152053 -0.199022
v 0.104688 -0.106684 -0.258648
v 0.097161 -0.076172 -0.318300
v 0.097161 -0.075155 -0.376661
v 0.041099 -0.167358 -0.539868
v 0.026369 -0.059523 -0.482852
v 0.085794 -0.142367 -0.495660
v -0.347990 0.496701 -0.568514
v -0.407553 0.460768 -0.542372
v -0.137048 0.530365 -0.600103
v -0.496309 0.176000 -0.399461
v -0.039259 -0.201110 -0.061949
v -0.052161 -0.239050 -0.006929
v -0.052871 -0.249553 0.006263
v -0.080853 -0.253859 0.020564
v -0.088685 -0.246537 0.021375
v -0.113202 -0.237771 0.031437
v -0.123363 -0.241197 0.050811
v -0.223508 -0.157518 0.031852
v -0.275859 -0.118031 0.079174
v -0.312806 -0.045521 0.026392
v -0.423759 0.145041 -0.177387
v -0.484702 0.140759 -0.301516
v 0.375384 0.089246 0.422702
v 0.342512 0.020728 0.487734
v 0.376111 0.166536 0.307235
v 0.352556 0.261149 -0.242915
v 0.266264 0.177596 -0.051863
v 0.341078 0.173687 0.215552
v 0.444815 0.657837 -0.349504
v 0.428051 0.653335 -0.324655
v 0.419465 0.614423 -0.310438
v 0.414365 0.478901 -0.280216
v 0.397736 0.375426 -0.259254
v 0.441764 0.730827 -0.424514
v 0.426994 0.730827 -0.488187
v 0.379418 0.730827 -0.548156
v 0.248816 0.730827 -0.591251
v 0.003590 0.701574 -0.607210
v 0.273455 -0.070316 0.506691
v 0.258876 -0.094861 0.484994
v 0.297545 -0.021602 0.541494
v 0.190817 -0.178548 0.378913
v 0.153148 -0.226458 0.319358
v 0.119165 -0.281964 0.251780
v 0.106882 -0.308512 0.211217
v 0.112059 -0.301123 -0.019175
v 0.108771 -0.316386 -0.016496
v 0.103049 -0.340932 0.045672
v 0.109729 -0.122075 -0.262249
v 0.113199 -0.147083 -0.279294
v 0.197992 -0.138761 0.493659
v 0.104688 -0.091677 -0.319685
v 0.082191 -0.190472 -0.507124
v 0.046402 -0.237774 -0.529715
v 0.032483 -0.092228 -0.546221
v 0.027925 -0.060321 -0.518652
v 0.096502 -0.113962 -0.464499
v -0.446634 0.404044 -0.511139
v -0.257701 0.549846 -0.588828
v -0.482167 0.333251 -0.442275
v -0.487048 0.334548 -0.409122
v -0.030087 -0.161549 -0.123100
v -0.066722 -0.252324 0.010325
v -0.100784 -0.249597 0.033641
v -0.148872 -0.229039 0.076140
v -0.187754 -0.197459 0.077304
v -0.231713 -0.161392 0.075881
v -0.256300 -0.138698 0.077031
v -0.296970 -0.070316 0.025741
v -0.339884 0.000377 0.028601
v -0.358111 0.040140 -0.029071
v -0.379116 0.061490 -0.084322
v -0.403262 0.087715 -0.133926
v -0.474197 0.173145 -0.276283
v -0.403264 0.145039 -0.133930
v -0.441138 0.172075 -0.218218
v -0.491554 0.176702 -0.331447
v -0.495893 0.178837 -0.364395
v 0.375372 0.145039 0.422678
v 0.355004 0.088455 0.501399
v 0.353507 0.061490 0.499785
v 0.313485 0.020728 0.563400
v 0.363617 0.166536 0.381889
v 0.378336 0.305432 -0.248519
v 0.239090 0.208337 -0.228213
v 0.264374 0.230485 -0.238475
v 0.308249 0.261149 -0.241560
v 0.221762 0.193183 -0.197754
v 0.216256 0.183441 -0.129478
v 0.439927 0.703900 -0.352425
v 0.423185 0.703900 -0.329200
v 0.393826 0.460768 -0.269731
v 0.437139 0.730827 -0.455917
v 0.444561 0.703900 -0.370484
v 0.327993 0.730827 -0.572621
v 0.134891 0.730827 -0.602429
v -0.128243 0.702284 -0.603508
v 0.003590 0.730827 -0.606155
v 0.410086 0.730827 -0.519472
v 0.226421 -0.094861 0.551019
v 0.306365 0.000314 0.553778
v 0.286460 -0.045521 0.525662
v 0.167021 -0.179240 0.427269
v 0.132494 -0.231500 0.356433
v 0.104543 -0.289756 0.279054
v 0.104393 -0.336188 0.098991
v 0.112057 -0.272248 -0.080387
v 0.112498 -0.137830 -0.265426
v 0.112065 -0.174533 -0.252612
v 0.212623 -0.118031 0.523848
v 0.097161 -0.088308 -0.426343
v 0.036591 -0.167123 -0.541918
v 0.059653 -0.240826 -0.521235
v 0.038322 -0.236881 -0.533364
v 0.023338 -0.059351 -0.483209
v 0.097161 -0.153855 -0.484669
v 0.097161 -0.201044 -0.491975
v -0.333761 0.617430 -0.571299
v -0.396978 0.548324 -0.544286
v -0.441104 0.460768 -0.512351
v -0.465362 0.404044 -0.478187
v -0.476598 0.404044 -0.444579
v -0.492775 0.230485 -0.370862
v -0.039259 -0.130408 -0.139430
v -0.052304 -0.180597 -0.068709
v -0.088044 -0.259929 0.020069
v -0.130074 -0.245618 0.073828
v -0.263401 -0.138698 0.129846
v -0.294435 -0.094862 0.082306
v -0.311669 -0.070316 0.086120
v -0.340667 -0.021602 0.094565
v -0.362280 0.040058 0.034638
v -0.370410 0.061490 -0.027048
v -0.385768 0.087714 -0.083748
v -0.460655 0.170430 -0.248753
v -0.400834 0.166658 -0.138396
v -0.419839 0.167023 -0.179339
v -0.483958 0.178303 -0.302378
v 0.354989 0.145039 0.501390
v 0.323538 0.061490 0.576468
v 0.319473 0.040140 0.571248
v 0.320846 0.326081 -0.246025
v 0.348852 0.350290 -0.249432
v 0.225206 0.177582 -0.002079
v 0.284240 0.174675 0.106422
v 0.432962 0.703900 -0.339185
v 0.412832 0.668943 -0.317329
v 0.397008 0.655138 -0.307226
v 0.389484 0.528800 -0.280058
v 0.373051 0.404044 -0.257467
v 0.426896 0.751013 -0.455571
v 0.442111 0.730827 -0.395830
v 0.439423 0.730827 -0.371717
v 0.320328 0.751013 -0.569644
v 0.131788 0.751013 -0.598776
v 0.400481 0.751013 -0.517697
v 0.267873 0.000314 0.625859
v 0.250499 -0.045521 0.595637
v 0.150769 -0.202471 0.392270
v 0.099513 -0.332096 0.164131
v 0.095828 -0.348782 0.111067
v 0.103049 -0.331422 -0.013684
v 0.112498 -0.123904 -0.321762
v 0.112059 -0.153699 -0.320581
v 0.176020 -0.118031 0.580926
v 0.163553 -0.138751 0.547138
v 0.109729 -0.107790 -0.320956
v 0.104688 -0.091208 -0.374848
v 0.104688 -0.104074 -0.421103
v 0.083840 -0.247820 -0.501828
v 0.050173 -0.298732 -0.513208
v 0.039098 -0.298475 -0.518608
v 0.028441 -0.092084 -0.546695
v 0.024595 -0.060170 -0.518996
v 0.104688 -0.164984 -0.474754
v -0.243851 0.702934 -0.592258
v -0.432949 0.523948 -0.514165
v -0.459601 0.460768 -0.479795
v -0.486704 0.335684 -0.377503
v -0.030087 -0.093236 -0.205416
v -0.065898 -0.223120 -0.029532
v -0.077312 -0.248602 -0.000485
v -0.093334 -0.258467 0.031117
v -0.109628 -0.254248 0.049298
v -0.115505 -0.260171 0.067891
v -0.133698 -0.250767 0.099939
v -0.176092 -0.212416 0.111315
v -0.235680 -0.163350 0.119940
v -0.283405 -0.118031 0.136091
v -0.302350 -0.094862 0.143335
v -0.327199 -0.045521 0.090308
v -0.351713 0.000314 0.098582
v -0.360942 0.020728 0.102419
v -0.460018 0.189277 -0.256564
v -0.385768 0.145042 -0.083749
v -0.406936 0.175232 -0.182557
v -0.472339 0.207366 -0.285623
v -0.480692 0.236232 -0.314028
v 0.324894 0.116377 0.578208
v 0.279314 0.040140 0.644637
v 0.300679 0.173691 0.337633
v 0.211371 0.230429 -0.237682
v 0.189382 0.208339 -0.224680
v 0.234973 0.261149 -0.240483
v 0.290118 0.350290 -0.246449
v 0.175788 0.193174 -0.186653
v 0.171356 0.183425 -0.104188
v 0.428175 0.730827 -0.341160
v 0.406766 0.728777 -0.323316
v 0.364694 0.520965 -0.271779
v 0.369490 0.460768 -0.263690
v 0.431414 0.751013 -0.424879
v 0.431762 0.751013 -0.396858
v 0.416990 0.751013 -0.487117
v 0.370538 0.751013 -0.545733
v 0.243022 0.751013 -0.587851
v -0.127710 0.730827 -0.602429
v 0.239147 -0.070316 0.575020
v 0.260174 -0.021602 0.612656
v 0.123303 -0.205141 0.429680
v 0.098123 -0.266105 0.350175
v 0.087333 -0.343368 0.181160
v 0.108732 -0.283262 -0.090164
v 0.094600 -0.345727 -0.010813
v 0.103049 -0.303816 -0.079000
v 0.094600 -0.354637 0.052571
v 0.113196 -0.140424 -0.383564
v 0.108771 -0.182457 -0.269200
v 0.137261 -0.180519 0.469866
v 0.109729 -0.107610 -0.372845
v 0.022557 -0.237193 -0.535334
v 0.071929 -0.300480 -0.498225
v 0.024350 -0.299044 -0.520713
v 0.024925 -0.091991 -0.547024
v 0.020700 -0.059235 -0.483449
v 0.104688 -0.129068 -0.455417
v 0.097161 -0.251997 -0.487927
v -0.324459 0.704288 -0.573367
v -0.380837 0.663992 -0.547736
v -0.412708 0.658592 -0.518813
v -0.241636 0.730827 -0.591251
v -0.481523 0.404044 -0.411575
v -0.487352 0.248437 -0.342092
v -0.481313 0.404044 -0.380433
v -0.039259 -0.061160 -0.250487
v -0.052304 -0.091651 -0.179643
v -0.052304 -0.135913 -0.119640
v -0.065898 -0.187323 -0.070273
v -0.088367 -0.255305 0.002458
v -0.101388 -0.264412 0.042926
v -0.153044 -0.232574 0.107101
v -0.285279 -0.118031 0.197148
v -0.335407 -0.045521 0.158681
v -0.359261 0.000314 0.171612
v -0.368960 0.040140 0.106137
v -0.370127 0.061490 0.037896
v -0.374510 0.087718 -0.026374
v -0.383920 0.166536 -0.091782
v -0.418806 0.180516 -0.212608
v -0.443196 0.189763 -0.238760
v 0.343080 0.166536 0.455721
v 0.324894 0.145039 0.578208
v 0.324894 0.087714 0.578208
v 0.274088 0.020728 0.636202
v 0.317486 0.404044 -0.251328
v 0.346222 0.404044 -0.253748
v 0.175704 0.177574 0.044579
v 0.236501 0.174675 0.187193
v 0.434942 0.730827 -0.354027
v 0.418626 0.730827 -0.331517
v 0.390965 0.727683 -0.315378
v 0.376051 0.662717 -0.300308
v 0.351516 0.656269 -0.291562
v 0.342920 0.460768 -0.259259
v 0.412069 0.765744 -0.425248
v 0.398297 0.765744 -0.484672
v 0.353945 0.765744 -0.540637
v 0.232196 0.765744 -0.580851
v 0.003590 0.751013 -0.602417
v -0.124608 0.751013 -0.598776
v 0.197900 -0.070316 0.637291
v 0.187402 -0.094862 0.611117
v 0.215245 -0.021602 0.677532
v 0.110235 -0.234197 0.390451
v 0.087033 -0.299285 0.306849
v 0.078342 -0.330404 0.257075
v 0.108771 -0.213424 -0.209933
v 0.083132 -0.367547 0.059066
v 0.112498 -0.123673 -0.370384
v 0.112059 -0.152037 -0.363013
v 0.108771 -0.166780 -0.318549
v 0.126395 -0.138248 0.591966
v 0.101837 -0.182895 0.504366
v 0.019176 -0.167234 -0.543521
v 0.086937 -0.301673 -0.485502
v 0.061250 -0.348694 -0.484255
v 0.040434 -0.349142 -0.495451
v 0.021051 -0.060061 -0.519246
v 0.109729 -0.143215 -0.446982
v 0.104688 -0.208248 -0.481259
v 0.104688 -0.255284 -0.477074
v 0.097161 -0.302325 -0.474936
v -0.450345 0.530454 -0.481781
v -0.470699 0.460768 -0.446477
v -0.475581 0.460768 -0.413773
v -0.481868 0.343710 -0.348960
v -0.030087 -0.049793 -0.308439
v -0.065898 -0.144189 -0.122522
v -0.078143 -0.195034 -0.071836
v -0.078143 -0.229412 -0.029119
v -0.088433 -0.237407 -0.028208
v -0.095894 -0.263917 0.006843
v -0.097267 -0.268649 0.029504
v -0.118701 -0.267048 0.088965
v -0.154069 -0.236417 0.141073
v -0.199501 -0.195382 0.159496
v -0.243053 -0.158738 0.176867
v -0.265145 -0.138698 0.186886
v -0.319822 -0.070316 0.151043
v -0.348691 -0.021602 0.165715
v -0.374969 0.040140 0.181129
v -0.374520 0.061490 0.108880
v -0.372716 0.087714 0.038685
v -0.459026 0.207366 -0.265572
v -0.372294 0.166536 -0.038606
v -0.378374 0.173702 -0.115883
v -0.393884 0.182989 -0.211668
v -0.421442 0.191536 -0.230454
v -0.442501 0.207488 -0.250592
v -0.469995 0.247894 -0.293252
v 0.313491 0.166536 0.527774
v 0.284046 0.145039 0.652119
v 0.284046 0.087714 0.652119
v 0.282863 0.061490 0.650248
v 0.226722 0.020728 0.702573
v 0.163461 0.230476 -0.236497
v 0.144590 0.208339 -0.221074
v 0.196179 0.301871 -0.242106
v 0.273296 0.404044 -0.249443
v 0.131046 0.193158 -0.176222
v 0.122469 0.183411 -0.081654
v 0.231045 0.173695 0.450286
v 0.424815 0.751013 -0.356107
v 0.408960 0.751013 -0.334274
v 0.388590 0.751022 -0.322303
v 0.334473 0.573563 -0.273991
v 0.407755 0.765744 -0.454552
v 0.429157 0.751013 -0.373328
v 0.306006 0.765744 -0.563467
v 0.003590 0.765744 -0.594758
v 0.125991 0.765744 -0.591282
v 0.382535 0.765744 -0.513869
v 0.143797 -0.094862 0.662106
v 0.221595 0.000314 0.691574
v 0.207264 -0.045521 0.659433
v 0.081399 -0.239733 0.418952
v 0.067599 -0.311607 0.338225
v 0.073427 -0.356130 0.197457
v 0.084203 -0.361114 0.122244
v 0.103049 -0.266425 -0.146082
v 0.103049 -0.227560 -0.210733
v 0.094600 -0.318121 -0.078539
v 0.112498 -0.135203 -0.409715
v 0.108771 -0.163829 -0.358161
v 0.112059 -0.160951 -0.395934
v 0.103049 -0.178656 -0.315963
v 0.135115 -0.118031 0.629259
v 0.109729 -0.119948 -0.415620
v -0.011601 -0.299092 -0.520922
v -0.013297 -0.237199 -0.535371
v 0.083936 -0.348242 -0.468184
v 0.022080 -0.350201 -0.497782
v 0.020066 -0.091919 -0.547262
v 0.017056 -0.059149 -0.483628
v 0.109729 -0.175823 -0.464635
v 0.109729 -0.215021 -0.470399
v -0.320813 0.730827 -0.572621
v -0.376754 0.703899 -0.548631
v -0.407791 0.703899 -0.519692
v -0.429424 0.664371 -0.487052
v -0.461939 0.524481 -0.448949
v -0.477150 0.404044 -0.352412
v -0.052304 -0.035741 -0.315318
v -0.039037 -0.034085 -0.371492
v -0.052304 -0.055647 -0.245831
v -0.102392 -0.277598 0.038987
v -0.106763 -0.271861 0.056932
v -0.109702 -0.280479 0.072776
v -0.119504 -0.274564 0.112066
v -0.134598 -0.256376 0.128592
v -0.176257 -0.215736 0.150908
v -0.262317 -0.138698 0.247604
v -0.304348 -0.094862 0.208271
v -0.321934 -0.070316 0.219562
v -0.350992 -0.021602 0.239862
v -0.367794 0.020728 0.176655
v -0.372717 0.145032 0.038686
v -0.374510 0.145039 -0.026374
v -0.457611 0.234792 -0.272895
v -0.373342 0.174675 -0.147973
v -0.374530 0.177562 -0.181645
v -0.462475 0.382612 -0.307713
v -0.471246 0.392013 -0.327748
v 0.284046 0.116377 0.652119
v 0.233961 0.061490 0.717512
v 0.231033 0.040140 0.711544
v 0.124671 0.261149 -0.238011
v 0.205303 0.404044 -0.247807
v 0.281566 0.462111 -0.254127
v 0.108010 0.177595 0.087374
v 0.149454 0.174675 0.275298
v 0.418246 0.751013 -0.343615
v 0.370088 0.729307 -0.307555
v 0.345361 0.728287 -0.299293
v 0.327990 0.664282 -0.286776
v 0.338828 0.518102 -0.266333
v 0.375854 0.776308 -0.452854
v 0.412402 0.765744 -0.398494
v 0.408321 0.765749 -0.366673
v 0.282136 0.776308 -0.553172
v 0.116330 0.776307 -0.578791
v -0.235842 0.751013 -0.587851
v 0.352624 0.776308 -0.507489
v 0.169879 0.000314 0.747392
v 0.158947 -0.045521 0.713621
v 0.089377 -0.209495 0.459609
v 0.075081 -0.273730 0.379466
v 0.058847 -0.371468 0.216482
v 0.071157 -0.373629 0.131883
v 0.094600 -0.280247 -0.146620
v 0.083132 -0.358796 -0.007958
v 0.083132 -0.330954 -0.077860
v 0.113200 -0.176949 -0.436853
v 0.103049 -0.195533 -0.268759
v 0.091765 -0.118031 0.665894
v 0.077472 -0.159666 0.579790
v -0.015027 -0.167272 -0.543384
v 0.072819 -0.388502 -0.451986
v 0.043241 -0.388914 -0.468312
v 0.024369 -0.391230 -0.470470
v 0.010648 -0.091872 -0.547383
v 0.014885 -0.059989 -0.519411
v 0.112498 -0.185792 -0.454200
v 0.104688 -0.302518 -0.464342
v -0.372237 0.730827 -0.548156
v -0.313148 0.751013 -0.569644
v -0.440194 0.661123 -0.454589
v -0.475430 0.460768 -0.383059
v -0.471427 0.460768 -0.355710
v -0.029587 -0.044176 -0.406540
v -0.065898 -0.067007 -0.248687
v -0.065898 -0.101492 -0.183065
v -0.078144 -0.153368 -0.125529
v -0.095894 -0.247175 -0.027247
v -0.133138 -0.262179 0.159236
v -0.174362 -0.218119 0.192696
v -0.205145 -0.189392 0.215262
v -0.282239 -0.118031 0.261763
v -0.301107 -0.094862 0.276386
v -0.337621 -0.045521 0.230324
v -0.361630 0.000314 0.247482
v -0.370219 0.020728 0.253664
v -0.379842 0.061490 0.184272
v -0.376373 0.087714 0.109794
v -0.376371 0.145014 0.109743
v -0.365646 0.173702 -0.075304
v -0.356899 0.174680 -0.120742
v -0.375008 0.193146 -0.224792
v -0.350622 0.183424 -0.199665
v -0.422628 0.207853 -0.241972
v -0.453341 0.317393 -0.283705
v 0.273838 0.166536 0.597095
v 0.234937 0.116377 0.719501
v 0.177078 0.040140 0.768376
v 0.119169 0.230497 -0.235441
v 0.101005 0.208325 -0.218017
v 0.129474 0.301871 -0.240501
v 0.228542 0.460768 -0.252067
v 0.314461 0.460768 -0.256226
v 0.082224 0.193175 -0.167500
v 0.070859 0.183405 -0.065767
v 0.135416 0.173696 0.541724
v 0.396921 0.765756 -0.343977
v 0.348748 0.751005 -0.306830
v 0.373754 0.765749 -0.328570
v 0.302048 0.624830 -0.275949
v 0.310712 0.518102 -0.262591
v 0.380682 0.776322 -0.413007
v 0.367143 0.776308 -0.480596
v 0.326291 0.776308 -0.532144
v 0.214151 0.776307 -0.569184
v -0.118811 0.765744 -0.591282
v -0.225015 0.765744 -0.580851
v 0.151805 -0.070316 0.690168
v 0.165035 -0.021602 0.732638
v 0.040918 -0.244394 0.463243
v 0.060000 -0.285992 0.392676
v 0.061379 -0.346481 0.286730
v 0.070400 -0.371428 -0.005327
v 0.058841 -0.391741 0.067510
v 0.112498 -0.156554 -0.438180
v 0.108771 -0.171042 -0.388216
v 0.112059 -0.178015 -0.419020
v 0.094512 -0.207444 -0.268078
v 0.103049 -0.174268 -0.352967
v 0.085619 -0.138698 0.625278
v 0.065646 -0.183739 0.530268
v -0.013741 -0.350190 -0.497744
v -0.030937 -0.298432 -0.518607
v -0.029530 -0.236881 -0.533364
v -0.001854 -0.091875 -0.547378
v 0.097161 -0.347644 -0.455415
v 0.086937 -0.388210 -0.441545
v -0.013652 -0.391273 -0.470662
v 0.009993 -0.059103 -0.483723
v 0.109729 -0.258057 -0.466095
v 0.109729 -0.302179 -0.453544
v 0.104688 -0.346373 -0.445206
v -0.424902 0.703899 -0.488135
v -0.435169 0.703899 -0.455594
v -0.466206 0.528070 -0.416899
v -0.466801 0.523939 -0.386218
v -0.052204 -0.029755 -0.382560
v -0.051905 -0.035511 -0.442014
v -0.037770 -0.047006 -0.486829
v -0.078144 -0.112137 -0.186667
v -0.088367 -0.163899 -0.128724
v -0.095894 -0.215382 -0.074956
v -0.100848 -0.257323 -0.028623
v -0.100935 -0.274289 0.012092
v -0.110447 -0.289932 0.090097
v -0.152406 -0.240370 0.177422
v -0.241454 -0.157952 0.233763
v -0.273511 -0.118031 0.328339
v -0.334031 -0.045521 0.304053
v -0.357787 0.000314 0.324674
v -0.377442 0.040140 0.258886
v -0.382346 0.061490 0.262442
v -0.381466 0.087714 0.185320
v -0.370877 0.166536 0.088513
v -0.441350 0.230485 -0.257781
v -0.369156 0.166536 0.022023
v -0.358474 0.173702 -0.027964
v -0.395354 0.208249 -0.236799
v -0.334586 0.177585 -0.146476
v -0.421730 0.230485 -0.248764
v -0.439753 0.261148 -0.262800
v -0.447564 0.404044 -0.293096
v -0.454252 0.472116 -0.315903
v 0.226432 0.166536 0.660291
v 0.234937 0.145039 0.719501
v 0.234937 0.087714 0.719501
v 0.173790 0.020728 0.758949
v 0.074795 0.230502 -0.234791
v 0.136898 0.460768 -0.248854
v 0.086307 0.301871 -0.239774
v 0.253133 0.518102 -0.257978
v 0.179995 0.460768 -0.250328
v 0.024320 0.177608 0.109486
v 0.045286 0.174685 0.328389
v 0.336834 0.765748 -0.313765
v 0.322347 0.729347 -0.293244
v 0.299954 0.668943 -0.281467
v 0.340209 0.784790 -0.438640
v 0.322738 0.784787 -0.492206
v 0.293106 0.784787 -0.521953
v 0.192499 0.784787 -0.555184
v -0.109149 0.776307 -0.578791
v 0.003590 0.776307 -0.581994
v 0.102954 -0.070316 0.730319
v 0.097585 -0.094862 0.700800
v 0.111823 -0.021602 0.774489
v 0.056666 -0.267021 0.423096
v 0.051762 -0.324705 0.366128
v 0.044000 -0.381057 0.306887
v 0.058331 -0.386770 0.139345
v 0.094600 -0.240538 -0.211069
v 0.083132 -0.292529 -0.146846
v 0.103049 -0.179709 -0.380393
v 0.108771 -0.185853 -0.408894
v 0.112059 -0.200801 -0.431945
v 0.094600 -0.189335 -0.313126
v 0.094707 -0.183397 -0.347674
v 0.044847 -0.139732 0.643320
v 0.033586 -0.180423 0.547069
v -0.031318 -0.166834 -0.540824
v -0.011272 -0.091919 -0.547262
v 0.097161 -0.387029 -0.432318
v 0.087270 -0.424814 -0.413784
v 0.070303 -0.423856 -0.425808
v 0.041449 -0.421535 -0.441619
v 0.022579 -0.422948 -0.443792
v 0.004801 -0.059965 -0.519467
v 0.112558 -0.240611 -0.458612
v -0.363357 0.751013 -0.545733
v -0.402905 0.730827 -0.519472
v -0.419814 0.730827 -0.488187
v -0.444502 0.664187 -0.422696
v -0.464756 0.460768 -0.333104
v -0.065873 -0.045292 -0.380518
v -0.065898 -0.048508 -0.316175
v -0.023970 -0.059928 -0.468910
v -0.103704 -0.286096 0.018048
v -0.105203 -0.287886 0.049695
v -0.105919 -0.299182 0.061366
v -0.109239 -0.299885 0.108536
v -0.118201 -0.282400 0.136740
v -0.147630 -0.244551 0.214808
v -0.193023 -0.196127 0.255447
v -0.233971 -0.158078 0.292104
v -0.254197 -0.138698 0.310325
v -0.318508 -0.070316 0.290730
v -0.347261 -0.021602 0.315615
v -0.373432 0.040140 0.337783
v -0.381468 0.145026 0.185330
v -0.347947 0.208337 -0.233935
v -0.321995 0.193170 -0.217692
v -0.302459 0.183436 -0.179635
v -0.433366 0.380859 -0.277591
v 0.180055 0.145039 0.776736
v 0.180055 0.087714 0.776736
v 0.179311 0.061490 0.774646
v 0.117692 0.020728 0.801765
v 0.040095 0.261149 -0.237007
v 0.043597 0.208397 -0.215566
v 0.200847 0.518102 -0.255200
v 0.278015 0.561255 -0.264481
v 0.022128 0.193203 -0.162905
v 0.016938 0.183436 -0.059543
v 0.035424 0.173700 0.583564
v 0.173584 0.166536 0.713967
v 0.375644 0.776322 -0.369467
v 0.364344 0.776329 -0.349489
v 0.280282 0.765744 -0.298214
v 0.341901 0.776315 -0.335545
v 0.284469 0.729310 -0.284765
v 0.273569 0.665551 -0.276547
v 0.340822 0.784787 -0.394062
v 0.253492 0.784787 -0.540818
v 0.003590 0.784787 -0.566676
v 0.104737 0.784787 -0.563803
v -0.298826 0.765744 -0.563467
v 0.050745 -0.094862 0.724017
v 0.115071 0.000314 0.789784
v 0.107742 -0.045521 0.754775
v 0.045042 -0.336561 0.383501
v 0.048161 -0.400150 0.139068
v 0.083132 -0.252028 -0.211120
v 0.058159 -0.384427 -0.003131
v 0.070400 -0.343714 -0.076688
v 0.070400 -0.305302 -0.146190
v 0.113195 -0.255061 -0.447217
v 0.083132 -0.198822 -0.310345
v 0.047825 -0.118031 0.687875
v -0.031641 -0.349142 -0.495451
v -0.037608 -0.237774 -0.529715
v -0.023690 -0.092228 -0.546221
v -0.016131 -0.091991 -0.547024
v -0.005284 -0.059989 -0.519411
v -0.015537 -0.422999 -0.443728
v 0.000617 -0.059103 -0.483723
v 0.109729 -0.344635 -0.434567
v -0.393301 0.751013 -0.517697
v -0.346765 0.765744 -0.540637
v -0.439839 0.703899 -0.423911
v -0.445310 0.660103 -0.392812
v -0.463874 0.518102 -0.359358
v -0.457100 0.522222 -0.338249
v -0.078144 -0.061884 -0.317149
v -0.052051 -0.060734 -0.487518
v -0.027277 -0.060814 -0.511669
v -0.035825 -0.093298 -0.533232
v -0.078144 -0.079067 -0.251718
v -0.088367 -0.123984 -0.190539
v -0.095894 -0.176236 -0.132169
v -0.100935 -0.189995 -0.135625
v -0.114461 -0.290624 0.162087
v -0.128946 -0.268297 0.190737
v -0.168920 -0.220644 0.235707
v -0.238375 -0.140537 0.371476
v -0.291803 -0.094862 0.346197
v -0.308673 -0.070316 0.363203
v -0.336547 -0.021602 0.391873
v -0.366286 0.020728 0.331854
v -0.383981 0.087714 0.263628
v -0.373832 0.166536 0.159274
v -0.333835 0.174675 -0.055369
v -0.371843 0.230404 -0.240797
v -0.297328 0.177595 -0.101773
v -0.399202 0.230485 -0.243561
v -0.420325 0.276164 -0.255781
v -0.426485 0.471241 -0.288920
v -0.440294 0.481132 -0.301541
v 0.180055 0.116377 0.776736
v 0.121394 0.061490 0.818037
v 0.119897 0.040140 0.811537
v 0.003594 0.230624 -0.234428
v 0.062545 0.460768 -0.247329
v 0.144690 0.545832 -0.254307
v 0.034209 0.301871 -0.239366
v 0.222871 0.573563 -0.261213
v 0.245490 0.621894 -0.267970
v -0.046840 0.177583 0.106201
v -0.047212 0.173702 0.577908
v 0.117604 0.166536 0.754732
v 0.306928 0.776314 -0.322003
v 0.301549 0.750985 -0.293889
v -0.206971 0.776307 -0.569184
v -0.274955 0.776307 -0.553172
v 0.059517 0.000314 0.815219
v 0.055840 -0.045521 0.779467
v 0.025594 -0.202733 0.493951
v 0.042881 -0.347796 0.395609
v 0.040919 -0.413879 0.167814
v 0.048162 -0.398592 -0.001580
v 0.058159 -0.357798 -0.074746
v 0.048162 -0.405516 0.066984
v 0.103049 -0.192320 -0.398862
v 0.108771 -0.205698 -0.420376
v 0.112049 -0.244498 -0.434988
v 0.070392 -0.230142 -0.264559
v 0.093258 -0.187502 -0.370443
v 0.003590 -0.118031 0.695201
v 0.003596 -0.161201 0.597128
v -0.034448 -0.388914 -0.468312
v -0.049421 -0.299437 -0.508098
v -0.019647 -0.092084 -0.546695
v -0.028775 -0.092464 -0.545402
v -0.044207 -0.171479 -0.529693
v -0.011450 -0.060061 -0.519246
v -0.006446 -0.059149 -0.483628
v 0.104688 -0.385457 -0.422341
v 0.097161 -0.419556 -0.408598
v 0.072893 -0.460395 -0.391292
v 0.045475 -0.458529 -0.405068
v 0.025445 -0.445802 -0.422008
v 0.112519 -0.322702 -0.433729
v 0.109663 -0.397583 -0.402688
v -0.429959 0.730827 -0.455917
v -0.440160 0.703899 -0.394927
v -0.434583 0.730827 -0.424514
v -0.450429 0.606289 -0.364483
v -0.065798 -0.056654 -0.436709
v -0.053289 -0.113148 -0.512914
v -0.065835 -0.084366 -0.479583
v -0.019574 -0.059813 -0.482249
v -0.042281 -0.098601 -0.522322
v -0.088367 -0.092176 -0.255009
v -0.095894 -0.137437 -0.194771
v -0.103724 -0.265951 -0.037966
v -0.103773 -0.312991 0.052535
v -0.121649 -0.274851 0.221963
v -0.159448 -0.223396 0.278432
v -0.201068 -0.177936 0.327132
v -0.258319 -0.118031 0.395278
v -0.275608 -0.094862 0.416227
v -0.323721 -0.045521 0.378660
v -0.346752 0.000314 0.402146
v -0.354991 0.020728 0.410214
v -0.378285 0.061490 0.341760
v -0.379911 0.088137 0.343091
v -0.383982 0.145013 0.263611
v -0.374392 0.166536 0.232711
v -0.350839 0.173713 0.078393
v -0.315704 0.230525 -0.239239
v -0.289314 0.208339 -0.231222
v -0.266053 0.193188 -0.208413
v -0.253930 0.183451 -0.155389
v -0.397415 0.263191 -0.247964
v -0.412495 0.404044 -0.270355
v -0.430831 0.655763 -0.335913
v 0.121893 0.116377 0.820204
v 0.061938 0.040140 0.837433
v -0.087185 0.261242 -0.237320
v -0.032749 0.193135 -0.163275
v 0.035972 0.641991 -0.256424
v 0.120334 0.668943 -0.260501
v -0.052454 0.308572 -0.239792
v 0.195721 0.624670 -0.263304
v 0.163657 0.599116 -0.258886
v -0.057008 0.183433 -0.064504
v -0.101243 0.174694 0.305324
v 0.003590 0.166536 0.787343
v 0.060803 0.166536 0.779190
v 0.328913 0.784790 -0.358057
v 0.245445 0.776334 -0.306065
v 0.247758 0.750984 -0.283265
v 0.286397 0.784787 -0.336915
v 0.270392 0.703899 -0.279463
v -0.185318 0.784787 -0.555184
v -0.097556 0.784787 -0.563803
v 0.053438 -0.070316 0.754410
v 0.057888 -0.021602 0.799599
v 0.003615 -0.197337 0.500075
v 0.039344 -0.461015 0.330959
v 0.041014 -0.415993 0.321131
v 0.040020 -0.417359 0.215617
v 0.042163 -0.419251 0.062720
v 0.094386 -0.197893 -0.388966
v 0.103049 -0.209439 -0.408997
v 0.108771 -0.230476 -0.423238
v 0.112068 -0.319464 -0.408656
v 0.070400 -0.209699 -0.307038
v 0.070497 -0.201182 -0.337800
v 0.003590 -0.138698 0.652335
v -0.052456 -0.348695 -0.484255
v -0.050859 -0.240826 -0.521235
v -0.018324 -0.060321 -0.518652
v -0.031972 -0.092748 -0.542105
v -0.022353 -0.060566 -0.518092
v -0.014994 -0.060170 -0.518996
v -0.010090 -0.059235 -0.483449
v 0.104688 -0.418379 -0.398424
v 0.097161 -0.444301 -0.387209
v 0.085884 -0.468165 -0.375114
v -0.018650 -0.445799 -0.421636
v -0.034593 -0.421820 -0.440534
v 0.113204 -0.359288 -0.399574
v -0.375354 0.765744 -0.513869
v -0.409810 0.751013 -0.487117
v -0.419715 0.751013 -0.455571
v -0.441243 0.668943 -0.368919
v -0.078143 -0.073377 -0.431515
v -0.078144 -0.060138 -0.378551
v -0.103703 -0.170008 -0.197690
v -0.104400 -0.282074 -0.033937
v -0.104410 -0.299016 0.024557
v -0.101425 -0.323567 0.086415
v -0.105771 -0.310273 0.127450
v -0.139317 -0.249078 0.251889
v -0.180535 -0.199212 0.303033
v -0.235888 -0.118031 0.460980
v -0.305776 -0.045521 0.452932
v -0.327544 0.000314 0.478860
v -0.361919 0.040140 0.416813
v -0.366624 0.061490 0.421211
v -0.309643 0.174681 0.024516
v -0.345375 0.261149 -0.242915
v -0.259084 0.177596 -0.051863
v -0.390555 0.375429 -0.259254
v -0.412284 0.614425 -0.310438
v -0.407185 0.478902 -0.280216
v -0.420871 0.653336 -0.324655
v -0.437634 0.657838 -0.349504
v 0.121893 0.145039 0.820204
v 0.121893 0.087714 0.820204
v 0.060832 0.020728 0.827454
v -0.067615 0.230502 -0.234791
v -0.046959 0.208338 -0.215890
v 0.015700 0.460768 -0.247026
v 0.081745 0.611893 -0.255773
v 0.221581 0.669345 -0.269528
v -0.109204 0.177575 0.083471
v -0.128231 0.173696 0.541727
v -0.053622 0.166536 0.779190
v 0.062939 0.145039 0.846284
v 0.233253 0.784787 -0.322381
v 0.211674 0.765745 -0.286056
v 0.226433 0.730550 -0.275143
v 0.242867 0.703899 -0.275006
v -0.326037 0.784787 -0.467975
v -0.246311 0.784787 -0.540818
v -0.319111 0.776307 -0.532144
v 0.003590 -0.070316 0.762441
v 0.003590 -0.094862 0.731756
v 0.003590 -0.021602 0.807969
v 0.039068 -0.472959 0.256949
v 0.039068 -0.447280 0.199656
v 0.039233 -0.440718 0.144096
v 0.039723 -0.429890 0.082402
v 0.048162 -0.374604 -0.071757
v 0.058159 -0.320598 -0.144079
v 0.058159 -0.280725 -0.207555
v 0.108771 -0.260084 -0.418055
v 0.108716 -0.310340 -0.398395
v 0.058159 -0.224548 -0.302624
v 0.070789 -0.201612 -0.358851
v 0.070983 -0.208390 -0.371829
v -0.037668 -0.139730 0.643323
v -0.026355 -0.180423 0.547069
v -0.064026 -0.388502 -0.451986
v -0.072825 -0.301277 -0.490484
v -0.012728 -0.059351 -0.483209
v -0.015759 -0.059523 -0.482852
v -0.073397 -0.190472 -0.507124
v 0.075026 -0.475175 -0.378322
v 0.058808 -0.471477 -0.390043
v 0.024818 -0.460763 -0.409298
v -0.015578 -0.460763 -0.409380
v -0.061509 -0.423856 -0.425808
v 0.112517 -0.402238 -0.385474
v -0.391117 0.765744 -0.484672
v -0.345444 0.776307 -0.507489
v -0.434930 0.730827 -0.395830
v -0.437380 0.703899 -0.370484
v -0.088367 -0.075155 -0.376661
v -0.088367 -0.076172 -0.318300
v -0.077000 -0.142367 -0.495660
v -0.095894 -0.106684 -0.258648
v -0.100935 -0.152054 -0.199022
v -0.099977 -0.326830 0.038570
v -0.099734 -0.321032 0.146196
v -0.107952 -0.299305 0.187212
v -0.127043 -0.254072 0.287325
v -0.164755 -0.200743 0.349385
v -0.217982 -0.140899 0.430636
v -0.291553 -0.070316 0.435638
v -0.317899 -0.021602 0.467533
v -0.341880 0.040140 0.494971
v -0.379903 0.145039 0.343085
v -0.345626 0.173702 0.139961
v -0.372685 0.261148 -0.244535
v -0.301069 0.261148 -0.241560
v -0.257194 0.230485 -0.238476
v -0.231909 0.208337 -0.228213
v -0.214581 0.193183 -0.197754
v -0.209076 0.183441 -0.129478
v -0.386645 0.460768 -0.269731
v -0.416004 0.703899 -0.329200
v -0.432747 0.703899 -0.352425
v 0.062944 0.088752 0.846311
v 0.062689 0.061490 0.844072
v 0.003590 0.020728 0.836017
v -0.111989 0.230496 -0.235441
v -0.122293 0.301871 -0.240501
v -0.077961 0.193138 -0.167852
v -0.008099 0.640418 -0.256087
v 0.080691 0.668943 -0.258628
v 0.171334 0.668943 -0.264241
v -0.037996 0.460768 -0.247190
v -0.115288 0.183411 -0.081654
v -0.168528 0.177574 0.044577
v -0.223864 0.173695 0.450286
v -0.110424 0.166536 0.754731
v -0.055759 0.145039 0.846284
v 0.156242 0.784788 -0.308704
v 0.154613 0.776316 -0.292165
v 0.175335 0.751016 -0.272836
v 0.061257 0.784787 -0.300556
v -0.285926 0.784787 -0.521953
v -0.043565 -0.094862 0.724017
v 0.003590 0.000314 0.823697
v 0.003590 -0.045521 0.787698
v 0.038164 -0.532126 0.309198
v 0.039520 -0.447301 0.243131
v 0.039210 -0.430992 0.127029
v 0.039769 -0.432078 0.001387
v 0.042163 -0.414724 -0.000882
v 0.042163 -0.395531 -0.067445
v 0.048162 -0.340450 -0.139943
v 0.058159 -0.246076 -0.261595
v 0.094007 -0.212461 -0.397521
v 0.103049 -0.231415 -0.411136
v 0.103049 -0.258597 -0.405622
v 0.108771 -0.373143 -0.360762
v 0.112073 -0.401647 -0.355992
v 0.059714 -0.211415 -0.351565
v -0.040645 -0.118031 0.687875
v -0.018313 -0.202733 0.493951
v -0.075141 -0.348242 -0.468184
v -0.075046 -0.247820 -0.501828
v 0.109605 -0.447941 -0.358937
v 0.105354 -0.450522 -0.367976
v 0.096702 -0.476368 -0.355196
v 0.086937 -0.481636 -0.364707
v 0.030434 -0.471357 -0.402741
v -0.036681 -0.458530 -0.405067
v 0.113204 -0.441337 -0.335359
v -0.424233 0.751013 -0.424879
v -0.432242 0.730827 -0.371717
v -0.424582 0.751013 -0.396858
v -0.087708 -0.113962 -0.464499
v -0.095894 -0.091677 -0.319685
v -0.100935 -0.122075 -0.262249
v -0.104405 -0.147083 -0.279294
v -0.094255 -0.340932 0.045672
v -0.099977 -0.316386 -0.016496
v -0.103265 -0.301123 -0.019175
v -0.098341 -0.308512 0.211217
v -0.110875 -0.281964 0.251780
v -0.145463 -0.226458 0.319358
v -0.183536 -0.178548 0.378913
v -0.251696 -0.094862 0.484994
v -0.190764 -0.138835 0.493542
v -0.266275 -0.070316 0.506691
v -0.290365 -0.021602 0.541494
v -0.335332 0.020728 0.487734
v -0.368204 0.089246 0.422702
v -0.368930 0.166536 0.307235
v -0.333897 0.173687 0.215551
v -0.371156 0.305430 -0.248519
v -0.277060 0.174675 0.106422
v -0.313665 0.326081 -0.246026
v -0.218024 0.177582 -0.002078
v -0.365870 0.404044 -0.257467
v -0.405652 0.668943 -0.317329
v -0.389827 0.655137 -0.307225
v -0.382304 0.528804 -0.280059
v -0.425781 0.703899 -0.339185
v 0.003590 0.061490 0.852750
v 0.003590 0.040140 0.846066
v -0.156281 0.230476 -0.236497
v -0.093825 0.208325 -0.218017
v -0.129717 0.460768 -0.248854
v -0.188999 0.301871 -0.242106
v 0.042902 0.704371 -0.258775
v 0.122534 0.705023 -0.261995
v 0.181379 0.703899 -0.267122
v -0.229320 0.174675 0.187193
v -0.219252 0.166536 0.660291
v -0.166404 0.166536 0.713967
v 0.003590 0.145039 0.854978
v 0.143699 0.765753 -0.277633
v 0.171028 0.730806 -0.268160
v -0.309551 0.784787 -0.499833
v -0.081988 0.784787 -0.301800
v -0.052337 0.000314 0.815219
v -0.048660 -0.045521 0.779467
v 0.038277 -0.528735 0.256992
v 0.038164 -0.585843 0.308860
v 0.039305 -0.496970 0.182951
v 0.039732 -0.480507 0.135134
v 0.039546 -0.445967 0.075288
v 0.048170 -0.271161 -0.253339
v 0.093709 -0.231552 -0.398561
v 0.103049 -0.329970 -0.372990
v 0.058547 -0.213781 -0.332120
v 0.062138 -0.222978 -0.370624
v -0.084585 -0.118031 0.665894
v -0.070269 -0.159666 0.579790
v -0.035293 -0.218919 0.475582
v -0.078476 -0.424814 -0.413784
v -0.078143 -0.388210 -0.441545
v -0.088367 -0.302325 -0.474936
v -0.088367 -0.201044 -0.491975
v 0.075637 -0.502052 -0.370268
v 0.063445 -0.482585 -0.383318
v 0.048464 -0.482872 -0.391943
v -0.009517 -0.471440 -0.403817
v -0.026952 -0.471433 -0.400716
v -0.064099 -0.460395 -0.391292
v 0.112498 -0.451031 -0.337282
v -0.359962 0.776307 -0.480596
v -0.400574 0.765744 -0.454552
v -0.404888 0.765744 -0.425248
v -0.088367 -0.088308 -0.426343
v -0.088367 -0.153855 -0.484669
v -0.103271 -0.174534 -0.252610
v -0.103704 -0.137831 -0.265426
v -0.095624 -0.336188 0.098991
v -0.103263 -0.272247 -0.080389
v -0.096253 -0.289756 0.279054
v -0.124779 -0.231514 0.356432
v -0.159740 -0.179240 0.427269
v -0.219241 -0.094862 0.551019
v -0.205443 -0.118031 0.523848
v -0.279280 -0.045521 0.525662
v -0.299184 0.000314 0.553778
v -0.306305 0.020728 0.563400
v -0.346327 0.061490 0.499785
v -0.347823 0.088455 0.501399
v -0.368192 0.145039 0.422677
v -0.356436 0.166536 0.381889
v -0.341671 0.350290 -0.249432
v -0.227792 0.261149 -0.240483
v -0.282937 0.350290 -0.246449
v -0.204190 0.230429 -0.237682
v -0.182201 0.208339 -0.224680
v -0.168607 0.193174 -0.186653
v -0.164175 0.183425 -0.104188
v -0.362309 0.460768 -0.263690
v -0.357513 0.520966 -0.271779
v -0.399585 0.728776 -0.323317
v -0.420994 0.730827 -0.341160
v 0.003590 0.116377 0.854978
v -0.054758 0.040140 0.837433
v -0.137410 0.208339 -0.221075
v -0.198123 0.404044 -0.247807
v -0.123865 0.193158 -0.176222
v -0.030802 0.703899 -0.258845
v -0.042914 0.599116 -0.254398
v -0.293498 0.173691 0.337634
v -0.266658 0.166536 0.597095
v -0.172875 0.145039 0.776736
v -0.114713 0.145039 0.820204
v 0.082439 0.776311 -0.286451
v 0.105334 0.751018 -0.267108
v 0.100287 0.730932 -0.262630
v -0.295345 0.784787 -0.343095
v 0.003589 0.776319 -0.284636
v -0.046258 -0.070316 0.754410
v -0.050707 -0.021602 0.799599
v 0.038325 -0.538003 0.205522
v 0.041455 -0.480706 0.090417
v 0.040584 -0.449910 0.007653
v 0.042163 -0.366891 -0.133210
v 0.061917 -0.235855 -0.370710
v 0.103049 -0.291333 -0.392793
v 0.103049 -0.370264 -0.347263
v 0.108771 -0.409869 -0.331465
v 0.112062 -0.452441 -0.300957
v 0.048162 -0.245949 -0.296521
v 0.048870 -0.231647 -0.325706
v 0.060491 -0.215704 -0.362801
v -0.078439 -0.138698 0.625278
v -0.058378 -0.183739 0.530268
v -0.088367 -0.387029 -0.432318
v -0.088367 -0.347644 -0.455415
v -0.088367 -0.251997 -0.487927
v 0.109546 -0.486513 -0.305962
v 0.104791 -0.480583 -0.333156
v 0.097012 -0.497471 -0.343219
v 0.087487 -0.502476 -0.357273
v 0.032257 -0.481375 -0.400160
v 0.022445 -0.481547 -0.402238
v -0.050014 -0.471477 -0.390043
v 0.113207 -0.493161 -0.239213
v -0.368673 0.776307 -0.452854
v -0.421977 0.751013 -0.373328
v -0.427762 0.730827 -0.354027
v -0.095894 -0.104074 -0.421103
v -0.095894 -0.091208 -0.374848
v -0.095894 -0.164984 -0.474754
v -0.100935 -0.107790 -0.320956
v -0.103265 -0.153700 -0.320581
v -0.103704 -0.123904 -0.321762
v -0.094255 -0.331423 -0.013684
v -0.087059 -0.348782 0.111067
v -0.090820 -0.332096 0.164131
v -0.143337 -0.202471 0.392270
v -0.168840 -0.118031 0.580926
v -0.156366 -0.138784 0.547077
v -0.243319 -0.045521 0.595637
v -0.260692 0.000314 0.625859
v -0.312292 0.040140 0.571248
v -0.316358 0.061490 0.576468
v -0.347809 0.145039 0.501390
v -0.310305 0.404044 -0.251328
v -0.335739 0.460768 -0.259259
v -0.383784 0.727683 -0.315378
v -0.368871 0.662716 -0.300308
v -0.344335 0.656268 -0.291562
v -0.411445 0.730827 -0.331517
v 0.003590 0.087714 0.854978
v -0.053652 0.020728 0.827454
v -0.172814 0.460768 -0.250328
v -0.020440 0.730859 -0.260485
v -0.074565 0.611893 -0.255773
v -0.306310 0.166536 0.527774
v -0.276866 0.145039 0.652119
v -0.114713 0.116377 0.820204
v -0.055764 0.088752 0.846311
v 0.048129 0.765743 -0.272295
v -0.327920 0.784791 -0.366278
v -0.191519 0.784788 -0.315072
v -0.075257 0.776311 -0.286451
v -0.095773 -0.070316 0.730320
v -0.090405 -0.094862 0.700800
v -0.104643 -0.021602 0.774489
v 0.038141 -0.599540 0.153842
v 0.039945 -0.545943 0.150923
v 0.042695 -0.533489 0.105141
v 0.045011 -0.472967 0.012748
v 0.040123 -0.408111 -0.098009
v 0.041664 -0.435562 -0.083755
v 0.042163 -0.334023 -0.194422
v 0.083132 -0.255390 -0.382973
v 0.094600 -0.256921 -0.393789
v 0.094600 -0.288257 -0.380774
v 0.094600 -0.367504 -0.334379
v 0.103049 -0.407969 -0.316660
v 0.108771 -0.439733 -0.299313
v 0.042171 -0.276091 -0.289180
v 0.050994 -0.224772 -0.344877
v 0.052056 -0.229549 -0.356126
v 0.049578 -0.248953 -0.352794
v -0.119225 -0.138234 0.591998
v -0.094556 -0.182895 0.504366
v -0.077090 -0.468165 -0.375114
v -0.095894 -0.346373 -0.445206
v -0.095894 -0.255284 -0.477074
v 0.086938 -0.548598 -0.351023
v 0.063808 -0.521875 -0.377850
v 0.030629 -0.596921 -0.393446
v -0.013486 -0.481514 -0.402136
v -0.039670 -0.482870 -0.391943
v -0.066232 -0.475175 -0.378322
v 0.112487 -0.486457 -0.280140
v -0.405221 0.765744 -0.398494
v -0.417635 0.751013 -0.356107
v -0.401141 0.765749 -0.366674
v -0.095894 -0.129068 -0.455417
v -0.100935 -0.107610 -0.372845
v -0.099977 -0.182457 -0.269200
v -0.104403 -0.140424 -0.383565
v -0.099938 -0.283262 -0.090165
v -0.094255 -0.303816 -0.079000
v -0.085806 -0.345727 -0.010813
v -0.085806 -0.354637 0.052571
v -0.078715 -0.343390 0.180681
v -0.090136 -0.266105 0.350175
v -0.115870 -0.205141 0.429680
v -0.231967 -0.070316 0.575020
v -0.129980 -0.180519 0.469865
v -0.252994 -0.021602 0.612655
v -0.272134 0.040140 0.644637
v -0.317713 0.116377 0.578208
v -0.339042 0.404044 -0.253748
v -0.266115 0.404044 -0.249443
v -0.327293 0.573563 -0.273991
v -0.401779 0.751013 -0.334274
v -0.381409 0.751022 -0.322303
v -0.055509 0.061490 0.844072
v -0.110512 0.020728 0.801765
v -0.221361 0.460768 -0.252067
v -0.137509 0.545832 -0.254307
v -0.063028 0.703899 -0.259542
v 0.037643 0.730827 -0.260726
v -0.113154 0.668943 -0.260501
v -0.335900 0.166536 0.455721
v -0.227756 0.145039 0.719501
v 0.041874 0.751020 -0.264646
v -0.334647 0.784790 -0.419169
v -0.357163 0.776329 -0.349489
v -0.251249 0.784787 -0.328460
v -0.147427 0.776316 -0.292165
v -0.052328 0.765746 -0.272702
v -0.136617 -0.094862 0.662106
v -0.107890 0.000314 0.789784
v -0.100562 -0.045521 0.754775
v 0.038164 -0.599540 0.308774
v 0.038901 -0.577666 0.138698
v 0.047925 -0.522369 0.056612
v 0.047082 -0.497095 0.042088
v 0.060446 -0.258317 -0.362236
v 0.094600 -0.326661 -0.360716
v 0.108771 -0.458905 -0.265650
v 0.111969 -0.488352 -0.217478
v 0.045718 -0.242970 -0.339746
v -0.127935 -0.118031 0.629259
v -0.081945 -0.209495 0.459609
v -0.088367 -0.444301 -0.387209
v -0.088367 -0.419556 -0.408598
v -0.095894 -0.302518 -0.464342
v -0.095894 -0.208248 -0.481259
v 0.104902 -0.501881 -0.319608
v 0.097188 -0.544505 -0.333117
v 0.075270 -0.597098 -0.360116
v 0.041569 -0.596940 -0.387409
v 0.021890 -0.596906 -0.395806
v -0.004799 -0.500509 -0.402527
v -0.023480 -0.481359 -0.400155
v -0.054650 -0.482585 -0.383318
v 0.112498 -0.531967 -0.255759
v -0.373502 0.776322 -0.413008
v -0.100935 -0.143215 -0.446982
v -0.099977 -0.166780 -0.318549
v -0.099977 -0.213425 -0.209932
v -0.103265 -0.152037 -0.363013
v -0.103704 -0.123673 -0.370384
v -0.074338 -0.367547 0.059066
v -0.069800 -0.330404 0.257075
v -0.102550 -0.234197 0.390451
v -0.078743 -0.299285 0.306849
v -0.190720 -0.070316 0.637291
v -0.180222 -0.094862 0.611117
v -0.208065 -0.021602 0.677532
v -0.266907 0.020728 0.636201
v -0.317713 0.087714 0.578208
v -0.317713 0.145039 0.578208
v -0.274387 0.462110 -0.254127
v -0.331647 0.518102 -0.266333
v -0.362907 0.729307 -0.307555
v -0.338181 0.728287 -0.299293
v -0.320810 0.664279 -0.286776
v -0.411066 0.751013 -0.343615
v -0.114214 0.061490 0.818037
v -0.112717 0.040140 0.811537
v -0.193666 0.518102 -0.255200
v -0.093106 0.730932 -0.262630
v -0.227756 0.116377 0.719501
v -0.172875 0.116377 0.776736
v -0.114713 0.087714 0.820204
v -0.029681 0.751013 -0.264736
v -0.368464 0.776322 -0.369467
v -0.334721 0.776315 -0.335545
v -0.299748 0.776314 -0.322004
v -0.238261 0.776334 -0.306064
v -0.136515 0.765753 -0.277632
v -0.162699 0.000314 0.747392
v -0.151767 -0.045521 0.713621
v 0.039200 -0.599530 0.105890
v 0.043514 -0.572721 0.097508
v 0.042498 -0.599531 0.079891
v 0.048294 -0.549504 0.064710
v 0.057439 -0.508164 0.004435
v 0.042163 -0.402454 -0.179061
v 0.047895 -0.450217 -0.112350
v 0.040169 -0.350994 -0.219895
v 0.081778 -0.287191 -0.367595
v 0.083132 -0.323636 -0.349495
v 0.094600 -0.406154 -0.302527
v 0.103049 -0.438837 -0.282231
v 0.103049 -0.458624 -0.245025
v 0.108579 -0.479965 -0.208408
v 0.112067 -0.524238 -0.187568
v 0.043052 -0.256828 -0.318446
v 0.052820 -0.274487 -0.347396
v -0.073715 -0.239733 0.418952
v -0.078143 -0.481636 -0.364707
v -0.087908 -0.476368 -0.355196
v -0.095894 -0.418379 -0.398424
v -0.095894 -0.385457 -0.422341
v -0.100935 -0.302179 -0.453544
v -0.100935 -0.215021 -0.470399
v 0.109729 -0.526230 -0.287409
v 0.086905 -0.597182 -0.345585
v 0.063804 -0.597040 -0.370842
v 0.014758 -0.525637 -0.400913
v -0.025906 -0.596919 -0.391657
v -0.055014 -0.521875 -0.377850
v -0.066843 -0.502052 -0.370268
v 0.113206 -0.597973 -0.204165
v -0.389740 0.765756 -0.343976
v -0.100935 -0.119948 -0.415620
v -0.100935 -0.175823 -0.464635
v -0.099977 -0.163829 -0.358161
v -0.094255 -0.178656 -0.315963
v -0.094255 -0.227560 -0.210733
v -0.103265 -0.160951 -0.395934
v -0.103704 -0.135203 -0.409715
v -0.085806 -0.318121 -0.078539
v -0.094255 -0.266425 -0.146082
v -0.075434 -0.361114 0.122244
v -0.064734 -0.356130 0.197457
v -0.059309 -0.311607 0.338225
v -0.200083 -0.045521 0.659433
v -0.214415 0.000314 0.691574
v -0.219542 0.020728 0.702573
v -0.275683 0.061490 0.650248
v -0.276866 0.087714 0.652119
v -0.307280 0.460768 -0.256226
v -0.303531 0.518102 -0.262591
v -0.294867 0.624831 -0.275949
v -0.366573 0.765749 -0.328570
v -0.341568 0.751004 -0.306830
v -0.169898 0.040140 0.768375
v -0.245952 0.518102 -0.257978
v -0.156476 0.599116 -0.258886
v -0.115354 0.705023 -0.261995
v -0.086064 0.751016 -0.266347
v -0.276866 0.116377 0.652119
v -0.172875 0.087714 0.776736
v -0.204491 0.765745 -0.286056
v -0.144624 -0.070316 0.690168
v -0.157855 -0.021602 0.732638
v 0.045834 -0.592338 0.070080
v 0.048828 -0.574929 0.061219
v 0.058694 -0.557791 0.030053
v 0.057079 -0.487571 -0.025794
v 0.057439 -0.474044 -0.073307
v 0.040164 -0.311197 -0.279506
v 0.083132 -0.364980 -0.322601
v 0.083132 -0.404495 -0.289607
v 0.094372 -0.438497 -0.264784
v 0.108678 -0.498862 -0.170915
v 0.041108 -0.285700 -0.311333
v 0.043941 -0.264680 -0.335024
v 0.045718 -0.288573 -0.329565
v -0.042427 -0.245896 0.444965
v -0.096560 -0.450522 -0.367976
v -0.100869 -0.397582 -0.402689
v -0.100935 -0.344635 -0.434567
v -0.100935 -0.258057 -0.466095
v 0.104688 -0.548756 -0.309488
v 0.097151 -0.597289 -0.326530
v 0.000309 -0.596902 -0.396362
v -0.015371 -0.596915 -0.395515
v -0.038813 -0.596969 -0.383045
v 0.112495 -0.597769 -0.240671
v 0.109697 -0.597585 -0.273366
v -0.103704 -0.185792 -0.454200
v -0.094255 -0.195533 -0.268759
v -0.104406 -0.176949 -0.436853
v -0.085806 -0.280247 -0.146620
v -0.074338 -0.330954 -0.077860
v -0.074338 -0.358796 -0.007958
v -0.062388 -0.373629 0.131883
v -0.050154 -0.371468 0.216482
v -0.067094 -0.273730 0.379466
v -0.223853 0.040140 0.711544
v -0.226780 0.061490 0.717512
v -0.315167 0.729346 -0.293244
v -0.292774 0.668943 -0.281467
v -0.329654 0.765747 -0.313766
v -0.166609 0.020728 0.758949
v -0.215690 0.573563 -0.261213
v -0.188541 0.624670 -0.263304
v -0.164153 0.668943 -0.264241
v -0.163845 0.730806 -0.268160
v -0.168152 0.751015 -0.272836
v -0.273101 0.765744 -0.298214
v 0.057979 -0.532495 0.022036
v 0.070130 -0.494133 -0.055672
v 0.042163 -0.375807 -0.230676
v 0.048162 -0.430060 -0.176889
v 0.057979 -0.462213 -0.128500
v 0.042163 -0.345124 -0.272588
v 0.059673 -0.317314 -0.331097
v 0.060188 -0.353052 -0.307691
v 0.103414 -0.482473 -0.175822
v 0.108791 -0.544236 -0.142341
v 0.112053 -0.598187 -0.166009
v 0.050994 -0.308211 -0.327077
v -0.042655 -0.281940 0.408202
v -0.078693 -0.502476 -0.357273
v -0.088218 -0.497471 -0.343219
v -0.095997 -0.480583 -0.333156
v -0.103725 -0.322702 -0.433729
v -0.103764 -0.240611 -0.458612
v 0.104668 -0.597424 -0.302299
v -0.055010 -0.597041 -0.370842
v -0.066475 -0.597098 -0.360116
v -0.103704 -0.156554 -0.438180
v -0.094255 -0.174268 -0.352967
v -0.085718 -0.207444 -0.268078
v -0.099977 -0.171042 -0.388216
v -0.103265 -0.178015 -0.419020
v -0.061606 -0.371428 -0.005327
v -0.050048 -0.391741 0.067510
v -0.052838 -0.346481 0.286730
v -0.270834 0.561258 -0.264482
v -0.277289 0.729309 -0.284765
v -0.266388 0.665551 -0.276547
v -0.172131 0.061490 0.774646
v -0.238309 0.621894 -0.267970
v -0.174199 0.703899 -0.267122
v -0.227756 0.087714 0.719501
v -0.240577 0.750984 -0.283265
v 0.048304 -0.599437 0.063119
v 0.070355 -0.537341 -0.009307
v 0.058159 -0.585843 0.038205
v 0.070220 -0.514192 -0.027580
v 0.048162 -0.405794 -0.227340
v 0.058159 -0.446707 -0.181771
v 0.070355 -0.469450 -0.143575
v 0.070400 -0.433541 -0.238775
v 0.094600 -0.458355 -0.225335
v 0.094360 -0.473091 -0.179776
v 0.103049 -0.495882 -0.143858
v 0.103049 -0.515729 -0.122660
v 0.048870 -0.338733 -0.302738
v -0.078143 -0.548598 -0.351023
v -0.100752 -0.486513 -0.305961
v -0.100811 -0.447941 -0.358936
v -0.094255 -0.179709 -0.380393
v -0.085913 -0.183397 -0.347674
v -0.085806 -0.189335 -0.313126
v -0.085806 -0.240538 -0.211069
v -0.099977 -0.185853 -0.408894
v -0.103265 -0.200801 -0.431945
v -0.074338 -0.292529 -0.146846
v -0.049562 -0.386770 0.139345
v -0.034142 -0.374329 0.340638
v -0.038913 -0.325326 0.371393
v -0.294369 0.750985 -0.293890
v -0.214401 0.669345 -0.269528
v -0.219250 0.730550 -0.275143
v 0.070494 -0.599199 0.014684
v 0.083132 -0.560740 -0.029346
v 0.070220 -0.480833 -0.096174
v 0.083132 -0.516092 -0.057901
v 0.043052 -0.314636 -0.305362
v 0.070400 -0.400278 -0.279027
v 0.071969 -0.455232 -0.195635
v 0.094600 -0.482863 -0.145339
v 0.094273 -0.496558 -0.110688
v 0.103221 -0.545550 -0.105356
v 0.108764 -0.598408 -0.126483
v -0.088394 -0.544505 -0.333117
v -0.096108 -0.501881 -0.319608
v -0.103723 -0.402237 -0.385474
v -0.104401 -0.255061 -0.447217
v -0.078111 -0.597182 -0.345585
v -0.074338 -0.198822 -0.310345
v -0.074338 -0.252028 -0.211120
v -0.061606 -0.305302 -0.146190
v -0.061606 -0.343714 -0.076688
v -0.049365 -0.384427 -0.003131
v -0.039090 -0.400752 0.138627
v -0.038259 -0.389675 0.218044
v -0.263212 0.703899 -0.279463
v -0.235686 0.703899 -0.275006
v 0.083094 -0.599031 -0.015568
v 0.083132 -0.538856 -0.040330
v 0.083132 -0.483005 -0.119936
v 0.048162 -0.373307 -0.269391
v 0.058159 -0.424056 -0.230461
v 0.058159 -0.390786 -0.271913
v 0.094642 -0.545294 -0.068653
v 0.103033 -0.598628 -0.087225
v -0.100935 -0.526230 -0.287409
v -0.103704 -0.451031 -0.337282
v -0.104410 -0.359288 -0.399574
v -0.084464 -0.187501 -0.370443
v -0.061599 -0.230142 -0.264559
v -0.094255 -0.192320 -0.398862
v -0.103255 -0.244498 -0.434988
v -0.099977 -0.205698 -0.420376
v -0.049365 -0.357798 -0.074746
v -0.039368 -0.398592 -0.001580
v -0.039368 -0.405516 0.066984
v -0.032227 -0.413460 0.170551
v -0.031279 -0.427225 0.322037
v 0.094600 -0.515919 -0.088828
v -0.088357 -0.597289 -0.326530
v -0.095894 -0.548756 -0.309488
v -0.103704 -0.531967 -0.255759
v -0.103693 -0.486457 -0.280139
v -0.104410 -0.441337 -0.335358
v -0.103274 -0.319464 -0.408656
v -0.061704 -0.201182 -0.337800
v -0.085592 -0.197893 -0.388966
v -0.061606 -0.209699 -0.307038
v -0.094255 -0.209439 -0.408997
v -0.099977 -0.230476 -0.423238
v -0.033369 -0.419251 0.062720
v -0.031302 -0.417359 0.215617
v -0.030593 -0.463581 0.259403
v 0.094591 -0.598837 -0.049827
v -0.095874 -0.597424 -0.302299
v -0.100903 -0.597585 -0.273366
v -0.104413 -0.493161 -0.239213
v -0.103279 -0.401647 -0.355993
v -0.061995 -0.201612 -0.358851
v -0.062190 -0.208390 -0.371829
v -0.049365 -0.224548 -0.302624
v -0.049365 -0.280725 -0.207555
v -0.099923 -0.310340 -0.398395
v -0.099977 -0.260084 -0.418055
v -0.049365 -0.320598 -0.144079
v -0.039368 -0.374604 -0.071757
v -0.030458 -0.440718 0.144096
v -0.030325 -0.447280 0.199656
v -0.029814 -0.480870 0.312566
v -0.103701 -0.597769 -0.240671
v -0.103268 -0.452441 -0.300957
v -0.099977 -0.373143 -0.360762
v -0.050920 -0.211415 -0.351565
v -0.085213 -0.212461 -0.397521
v -0.049365 -0.246076 -0.261595
v -0.094255 -0.258597 -0.405622
v -0.094255 -0.231415 -0.411136
v -0.039368 -0.340450 -0.139943
v -0.033369 -0.395531 -0.067445
v -0.033369 -0.414724 -0.000882
v -0.030932 -0.429890 0.082402
v -0.030429 -0.430992 0.127029
v -0.029452 -0.553197 0.192455
v -0.030530 -0.496967 0.182959
v -0.104412 -0.597973 -0.204165
v -0.103175 -0.488352 -0.217478
v -0.099977 -0.439733 -0.299313
v -0.099977 -0.409869 -0.331465
v -0.049754 -0.213781 -0.332120
v -0.053344 -0.222978 -0.370624
v -0.039376 -0.271161 -0.253339
v -0.084915 -0.231552 -0.398561
v -0.094255 -0.329970 -0.372990
v -0.030975 -0.432078 0.001387
v -0.030946 -0.480531 0.135115
v -0.030753 -0.445974 0.075259
v -0.029385 -0.532127 0.309198
v -0.103273 -0.524236 -0.187569
v -0.099785 -0.479965 -0.208407
v -0.099977 -0.458905 -0.265650
v -0.094255 -0.407969 -0.316660
v -0.051697 -0.215704 -0.362801
v -0.040076 -0.231647 -0.325706
v -0.053123 -0.235855 -0.370710
v -0.039368 -0.245949 -0.296521
v -0.094255 -0.370264 -0.347263
v -0.094255 -0.291333 -0.392793
v -0.033369 -0.366891 -0.133211
v -0.032661 -0.480705 0.090416
v -0.029371 -0.599540 0.308774
v -0.031153 -0.545943 0.150903
v -0.033901 -0.533489 0.105141
v -0.103259 -0.598187 -0.166008
v -0.099884 -0.498863 -0.170915
v -0.094255 -0.458624 -0.245025
v -0.043262 -0.229549 -0.356126
v -0.042200 -0.224772 -0.344877
v -0.040784 -0.248953 -0.352794
v -0.033377 -0.276091 -0.289179
v -0.033369 -0.334023 -0.194422
v -0.074338 -0.255390 -0.382973
v -0.085806 -0.367504 -0.334379
v -0.085806 -0.288257 -0.380774
v -0.085806 -0.256921 -0.393789
v -0.031329 -0.408111 -0.098009
v -0.031790 -0.449910 0.007653
v -0.036217 -0.472967 0.012748
v -0.029370 -0.599540 0.153329
v -0.030107 -0.577666 0.138698
v -0.099997 -0.544237 -0.142341
v -0.094620 -0.482472 -0.175822
v -0.094255 -0.438837 -0.282231
v -0.036924 -0.242970 -0.339746
v -0.051652 -0.258318 -0.362236
v -0.085806 -0.326661 -0.360716
v -0.032870 -0.435563 -0.083751
v -0.039131 -0.522369 0.056612
v -0.038288 -0.497095 0.042088
v -0.033704 -0.599531 0.079891
v -0.034720 -0.572721 0.097509
v -0.099970 -0.598408 -0.126483
v -0.094255 -0.515729 -0.122660
v -0.094255 -0.495882 -0.143858
v -0.085578 -0.438497 -0.264784
v -0.085806 -0.406154 -0.302527
v -0.034258 -0.256828 -0.318446
v -0.044026 -0.274487 -0.347396
v -0.031375 -0.350994 -0.219894
v -0.072984 -0.287190 -0.367595
v -0.074338 -0.323636 -0.349495
v -0.033369 -0.402454 -0.179061
v -0.039500 -0.549504 0.064710
v -0.048645 -0.508164 0.004435
v -0.030406 -0.599530 0.105890
v -0.037040 -0.592338 0.070080
v -0.094239 -0.598628 -0.087225
v -0.094427 -0.545551 -0.105356
v -0.085479 -0.496558 -0.110688
v -0.085566 -0.473091 -0.179776
v -0.085806 -0.458355 -0.225335
v -0.074338 -0.404495 -0.289607
v -0.032314 -0.285700 -0.311333
v -0.036924 -0.288573 -0.329565
v -0.035147 -0.264680 -0.335024
v -0.031370 -0.311197 -0.279506
v -0.074338 -0.364980 -0.322601
v -0.039102 -0.450217 -0.112351
v -0.049900 -0.557791 0.030053
v -0.040034 -0.574929 0.061219
v -0.048285 -0.487571 -0.025794
v -0.085848 -0.545294 -0.068653
v -0.085806 -0.482863 -0.145339
v -0.063175 -0.455233 -0.195635
v -0.050879 -0.317314 -0.331097
v -0.042200 -0.308211 -0.327077
v -0.033369 -0.345124 -0.272587
v -0.051394 -0.353052 -0.307691
v -0.033369 -0.375807 -0.230676
v -0.039368 -0.430060 -0.176889
v -0.048645 -0.474044 -0.073307
v -0.049185 -0.532495 0.022036
v -0.061336 -0.494133 -0.055672
v -0.039510 -0.599437 0.063118
v -0.085806 -0.515919 -0.088828
v -0.074338 -0.483005 -0.119936
v -0.061606 -0.433541 -0.238775
v -0.040076 -0.338733 -0.302738
v -0.039368 -0.405794 -0.227340
v -0.049365 -0.446707 -0.181771
v -0.049185 -0.462213 -0.128500
v -0.049365 -0.585843 0.038205
v -0.061561 -0.537341 -0.009307
v -0.061426 -0.514192 -0.027580
v -0.085797 -0.598837 -0.049827
v -0.074338 -0.516092 -0.057901
v -0.061561 -0.469450 -0.143575
v -0.061606 -0.400278 -0.279027
v -0.034258 -0.314636 -0.305362
v -0.061700 -0.599199 0.014684
v -0.074338 -0.560740 -0.029346
v -0.061426 -0.480833 -0.096174
v -0.074300 -0.599031 -0.015568
v -0.074338 -0.538856 -0.040330
v -0.049365 -0.424056 -0.230461
v -0.049365 -0.390786 -0.271912
v -0.039368 -0.373307 -0.269391
vn 0.8015598351540267 0.5573368853800585 0.21651195547291371
vn 0.4698308947830273 0.8419458114492033 0.2653039405861179
vn 0.3530720719161985 0.8876711808070982 0.2956010602100995
vn -0.3530720719161985 -0.8876711808070982 -0.2956010602100995
vn -0.4698308947830273 -0.8419458114492033 -0.2653039405861179
vn -0.8015598351540267 -0.5573368853800585 -0.21651195547291371
vn 0.5323040207074252 0.8100100315106058 0.24604100957136468
vn -0.5323040207074252 -0.8100100315106058 -0.24604100957136468
vn 0.6546540513939456 -0.7515970590045051 -0.08080800634387336
vn -0.6546540513939456 0.7515970590045051 0.08080800634387336
vn 0.943403886545312 0.2790089664461047 0.17928497843901056
vn -0.943403886545312 -0.2790089664461047 -0.17928497843901056
vn 0.9937150781050146 -0.014384001130568173 0.11101100872535462
vn -0.9937150781050146 0.014384001130568173 -0.11101100872535462
vn 0.4008769114434939 0.8350268155367515 0.37686591674769027
vn -0.4008769114434939 -0.8350268155367515 -0.37686591674769027
vn 0.9526090017332722 -0.3041820005534592 0.00306600000557852
vn -0.9526090017332722 0.3041820005534592 -0.00306600000557852
vn 0.5767718365607646 0.7485047878969766 0.32722290727518527
vn -0.5767718365607646 -0.7485047878969766 -0.32722290727518527
vn -0.3891929421126137 0.8388228752360112 0.3806639433811914
vn 0.3891929421126137 -0.8388228752360112 -0.3806639433811914
vn 0.6259030124761249 -0.7585020151192208 -0.18143900361662385
vn -0.6259030124761249 0.7585020151192208 0.18143900361662385
vn 0.9846594390700807 -0.1691370754200147 0.04287701911931726
vn -0.9846594390700807 0.1691370754200147 -0.04287701911931726
vn 0.9450089841904724 -0.19671699670902312 0.26126699562913386
vn -0.9450089841904724 0.19671699670902312 -0.26126699562913386
vn 0.4355187671170717 -0.8840125272960857 -0.16983890918282882
vn -0.4355187671170717 0.8840125272960857 0.16983890918282882
vn -0.43673910155801227 0.8116631887417448 0.38789409019973875
vn 0.43673910155801227 -0.8116631887417448 -0.38789409019973875
vn -0.41055988646337416 0.8380987682313605 0.35920890066402533
vn 0.41055988646337416 -0.8380987682313605 -0.35920890066402533
vn 0.7183057746502746 -0.6651637913221875 -0.20394593601727534
vn -0.7183057746502746 0.6651637913221875 0.20394593601727534
vn 0.6015070135020281 -0.7864610176536906 -0.14024400314805735
vn -0.6015070135020281 0.7864610176536906 0.14024400314805735
vn 0.4535511770965753 -0.8785293430363448 -0.1499250585407245
vn -0.4535511770965753 0.8785293430363448 0.1499250585407245
vn 0.5178380719385878 -0.8007451112403194 0.30108304182676
vn -0.5178380719385878 0.8007451112403194 -0.30108304182676
vn 0.9378426898939253 -0.3466378853810824 -0.01712499433746751
vn -0.9378426898939253 0.3466378853810824 0.01712499433746751
vn 0.8403231447750854 -0.5252050904849668 -0.1342260231251325
vn -0.8403231447750854 0.5252050904849668 0.1342260231251325
vn 0.6344140608983602 -0.6844610657024472 -0.3592100344811118
vn 0.6352206662522911 -0.6840076406194018 -0.3586478115648756
vn -0.6352206662522911 0.6840076406194018 0.3586478115648756
vn -0.6344140608983602 0.6844610657024472 0.3592100344811118
vn -0.48640994390915415 0.7916639087084899 0.36969395736837424
vn 0.48640994390915415 -0.7916639087084899 -0.36969395736837424
vn 0.9691738952807664 -0.2436319736755667 0.036679996036726586
vn -0.9691738952807664 0.2436319736755667 -0.036679996036726586
vn -0.8476921544524916 0.5163730940849935 0.12156002214866363
vn 0.8476921544524916 -0.5163730940849935 -0.12156002214866363
vn 0.2549178973978612 -0.8895066419816541 -0.3792028473742977
vn -0.2549178973978612 0.8895066419816541 0.3792028473742977
vn -0.40344011079979863 -0.8783902412389328 -0.25625507037726175
vn 0.40344011079979863 0.8783902412389328 0.25625507037726175
vn -0.428767058125167 -0.8786501191128935 -0.2100780284789149
vn 0.428767058125167 0.8786501191128935 0.2100780284789149
vn -0.4859900131846662 -0.8553040232039707 -0.1796350048734081
vn 0.4859900131846662 0.8553040232039707 0.1796350048734081
vn 0.7601738094928654 -0.645979838111013 -0.06961198255454336
vn -0.7601738094928654 0.645979838111013 0.06961198255454336
vn 0.3778228341473358 -0.9257925936053772 -0.012568994482596194
vn -0.3778228341473358 0.9257925936053772 0.012568994482596194
vn 0.8647119222684547 -0.49095095586694776 -0.10602099046945565
vn -0.8647119222684547 0.49095095586694776 0.10602099046945565
vn 0.6410635243679025 -0.7282414596869111 -0.2422848202386616
vn -0.6410635243679025 0.7282414596869111 0.2422848202386616
vn 0.6336061132203537 -0.6849141223886852 -0.3597720642883956
vn -0.6336061132203537 0.6849141223886852 0.3597720642883956
vn -0.6762538589980419 0.6490818646635244 0.3483869273597656
vn -0.6770600616415821 0.6485650590473112 0.34778303166321217
vn 0.6770600616415821 -0.6485650590473112 -0.34778303166321217
vn 0.6762538589980419 -0.6490818646635244 -0.3483869273597656
vn 0.39506292382219665 -0.8438918372769941 -0.36300393000395564
vn -0.39506292382219665 0.8438918372769941 0.36300393000395564
vn -0.19253405271804502 -0.918489251492954 -0.3454100945772693
vn 0.19253405271804502 0.918489251492954 0.3454100945772693
vn -0.573441041894744 -0.7944110580384824 -0.20019101462565597
vn 0.573441041894744 0.7944110580384824 0.20019101462565597
vn 0.7869768445508402 -0.6021308810629051 -0.13455797342116996
vn -0.7869768445508402 0.6021308810629051 0.13455797342116996
vn 0.2808418630154829 -0.959607531938106 -0.016769991820203917
vn -0.2808418630154829 0.959607531938106 0.016769991820203917
vn 0.6943191267028375 -0.6505371187132769 -0.30777005616342396
vn -0.6943191267028375 0.6505371187132769 0.30777005616342396
vn 0.02750098605719611 -0.9673385095662712 -0.2519918722419173
vn -0.02750098605719611 0.9673385095662712 0.2519918722419173
vn -0.5111209531256107 -0.8455159224585838 -0.15446098583453827
vn 0.5111209531256107 0.8455159224585838 0.15446098583453827
vn -0.6778660705492539 0.648047067445826 0.34717803613272974
vn 0.6778660705492539 -0.648047067445826 -0.34717803613272974
vn 0.2849139340291834 -0.8737107976953462 -0.39427590870680407
vn -0.2763580708432951 -0.9407622411606684 -0.1964500503591913
vn 0.2763580708432951 0.9407622411606684 0.1964500503591913
vn -0.2849139340291834 0.8737107976953462 0.39427590870680407
vn 0.6869232122462537 -0.7188102220987355 -0.10699703306005554
vn -0.6869232122462537 0.7188102220987355 0.10699703306005554
vn 0.7592562615239662 -0.6367372193225811 -0.13452004633510178
vn -0.7592562615239662 0.6367372193225811 0.13452004633510178
vn 0.35812681946204855 -0.9329405296884711 -0.03697498136026974
vn -0.35812681946204855 0.9329405296884711 0.03697498136026974
vn 0.8236255550985977 -0.539731708450773 -0.17415690592490593
vn -0.8236255550985977 0.539731708450773 0.17415690592490593
vn 0.7527761456584344 -0.6423971243006437 -0.14371502780814216
vn -0.7527761456584344 0.6423971243006437 0.14371502780814216
vn 0.26497603712288037 -0.9638511350345895 -0.027905003909463627
vn -0.26497603712288037 0.9638511350345895 0.027905003909463627
vn 0.7525628195843741 -0.6427508459101444 -0.14324996565797374
vn -0.7525628195843741 0.6427508459101444 0.14324996565797374
vn 0.7361786605900601 -0.6398827049866261 -0.22043389837051777
vn -0.7361786605900601 0.6398827049866261 0.22043389837051777
vn 0.5053160185668268 -0.7566370278011149 -0.4149170152452964
vn -0.5053160185668268 0.7566370278011149 0.4149170152452964
vn 0.7323497924971377 -0.6684808105936767 -0.1296039632782128
vn -0.7323497924971377 0.6684808105936767 0.1296039632782128
vn 0.5770710059014167 -0.8088910082721239 -0.11262500115175976
vn -0.5770710059014167 0.8088910082721239 0.11262500115175976
vn 0.6786961134260794 -0.7266561214413244 -0.1065010177988245
vn -0.6786961134260794 0.7266561214413244 0.1065010177988245
vn 0.389950874291362 -0.9172457043070915 -0.08123197381321243
vn -0.389950874291362 0.9172457043070915 0.08123197381321243
vn 0.5940169865101714 -0.7907769820418502 -0.1477009966457844
vn -0.5940169865101714 0.7907769820418502 0.1477009966457844
vn 0.6452020562664609 -0.6722660586266448 -0.3630050316567629
vn -0.6452020562664609 0.6722660586266448 0.3630050316567629
vn 0.21094599339675768 -0.8362069738242134 -0.506220984153765
vn -0.21094599339675768 0.8362069738242134 0.506220984153765
vn 0.4771529139648044 -0.6757428781571504 -0.561868898689709
vn -0.4771529139648044 0.6757428781571504 0.561868898689709
vn -0.11776805552282277 -0.9844134641106967 -0.130617061580604
vn 0.11776805552282277 0.9844134641106967 0.130617061580604
vn 0.3321939345124569 -0.9251258176239523 -0.18381896376257664
vn -0.3321939345124569 0.9251258176239523 0.18381896376257664
vn 0.5320101800469057 -0.742801251384413 -0.40646213755798855
vn -0.5320101800469057 0.742801251384413 0.40646213755798855
vn -0.009403000194200165 -0.9806590202535509 -0.19549800403762055
vn 0.009403000194200165 0.9806590202535509 0.19549800403762055
vn 0.5815238295527737 -0.8041317643053957 -0.12329696386111053
vn -0.5815238295527737 0.8041317643053957 0.12329696386111053
vn 0.716319369177846 -0.6828763519419292 -0.14341007391091817
vn -0.716319369177846 0.6828763519419292 0.14341007391091817
vn 0.39613691087356256 -0.9131797945446142 -0.09580297844538631
vn -0.39613691087356256 0.9131797945446142 0.09580297844538631
vn 0.6786779703370225 -0.7211309684815294 -0.1391629939176033
vn -0.6786779703370225 0.7211309684815294 0.1391629939176033
vn 0.6004649491661408 -0.7640329353188846 -0.23599898002091738
vn -0.6004649491661408 0.7640329353188846 0.23599898002091738
vn 0.4557569694440029 -0.8025319461946486 -0.38500397418760207
vn -0.4557569694440029 0.8025319461946486 0.38500397418760207
vn 0.5772280303206346 -0.7826560411113574 -0.23293201223545318
vn -0.5772280303206346 0.7826560411113574 0.23293201223545318
vn 0.2542089270789087 -0.6474048142887185 -0.7185017938941975
vn -0.2542089270789087 0.6474048142887185 0.7185017938941975
vn -0.05226401266584529 -0.9911962402099951 -0.12164902948085536
vn 0.05226401266584529 0.9911962402099951 0.12164902948085536
vn 0.41316905156122846 -0.9076651132716211 -0.07372500920047645
vn -0.41316905156122846 0.9076651132716211 0.07372500920047645
vn 0.6803262422842876 -0.7090962525301387 -0.18530706599332467
vn -0.6803262422842876 0.7090962525301387 0.18530706599332467
vn 0.38775501914521066 -0.9187550453630721 -0.07439900367341391
vn -0.38775501914521066 0.9187550453630721 0.07439900367341391
vn 0.4110478144678561 -0.9016695930188975 -0.13428193938998056
vn -0.4110478144678561 0.9016695930188975 0.13428193938998056
vn 0.40877810353941896 -0.8196062075980824 -0.4014301016782435
vn -0.40877810353941896 0.8196062075980824 0.4014301016782435
vn 0.41914288270853906 -0.8779817543086932 -0.23122993529343344
vn -0.41914288270853906 0.8779817543086932 0.23122993529343344
vn 0.3900801430866888 -0.6808332497388729 -0.6199222273958838
vn -0.3900801430866888 0.6808332497388729 0.6199222273958838
vn 0.07732604326002834 -0.8106774535332227 -0.5803643246846223
vn -0.07732604326002834 0.8106774535332227 0.5803643246846223
vn 0.060634978666010954 -0.6066297865615933 -0.7926687211051083
vn -0.060634978666010954 0.6066297865615933 0.7926687211051083
vn 0.19833794617684053 -0.5838568415582064 -0.7872567863613678
vn -0.19833794617684053 0.5838568415582064 0.7872567863613678
vn -0.1513080038131887 -0.9728820245180866 -0.1749470044089272
vn 0.1513080038131887 0.9728820245180866 0.1749470044089272
vn -0.1570500572895156 -0.8157212975629478 -0.5567172030821222
vn 0.1570500572895156 0.8157212975629478 0.5567172030821222
vn 0.4355827354190685 -0.8927314577385616 -0.11531792995377742
vn -0.4355827354190685 0.8927314577385616 0.11531792995377742
vn 0.2802659316833657 -0.9580387664718518 -0.060105985348777376
vn -0.2802659316833657 0.9580387664718518 0.060105985348777376
vn 0.29275605943036437 -0.9479831924434514 -0.12498702537274388
vn -0.29275605943036437 0.9479831924434514 0.12498702537274388
vn 0.5629624293091197 -0.7308675573517722 -0.38588329427046786
vn -0.5629624293091197 0.7308675573517722 0.38588329427046786
vn 0.41667175101620285 -0.7876395293429891 -0.4538817287812386
vn -0.41667175101620285 0.7876395293429891 0.4538817287812386
vn 0.39910995035052566 -0.8180738982312041 -0.41408494848762867
vn -0.39910995035052566 0.8180738982312041 0.41408494848762867
vn 0.39274115735452536 -0.8272343314372917 -0.4017931609812749
vn -0.39274115735452536 0.8272343314372917 0.4017931609812749
vn 0.3080441823400307 -0.680128402587164 -0.665232393769797
vn -0.3080441823400307 0.680128402587164 0.665232393769797
vn -0.17847696265735827 -0.9799567949641513 -0.08849098148507836
vn 0.17847696265735827 0.9799567949641513 0.08849098148507836
vn 0.5540359560934832 -0.8140199354901437 -0.1744009861789842
vn -0.5540359560934832 0.8140199354901437 0.1744009861789842
vn 0.3121888782373078 -0.9492436297675286 -0.03840098502250534
vn -0.3121888782373078 0.9492436297675286 0.03840098502250534
vn 0.2936958923039387 -0.9550746497813531 -0.03968798544671628
vn -0.2936958923039387 0.9550746497813531 0.03968798544671628
vn 0.28548494148515674 -0.9549378042697606 -0.08119198335836526
vn -0.28548494148515674 0.9549378042697606 0.08119198335836526
vn 0.6120821507166792 -0.7367981814262593 -0.28720007071900555
vn -0.6120821507166792 0.7367981814262593 0.28720007071900555
vn 0.5348211978662307 -0.6929162563561959 -0.4835631789024519
vn -0.5348211978662307 0.6929162563561959 0.4835631789024519
vn 0.5679911456451604 -0.7280261866815908 -0.38388009843512355
vn -0.5679911456451604 0.7280261866815908 0.38388009843512355
vn 0.4867970933185249 -0.736952141273002 -0.46896708990053093
vn -0.4867970933185249 0.736952141273002 0.46896708990053093
vn 0.43485505140204433 -0.7964090941395424 -0.4202780496789699
vn -0.43485505140204433 0.7964090941395424 0.4202780496789699
vn 0.2961540514153093 -0.854250148306381 -0.4272580741762809
vn -0.2961540514153093 0.854250148306381 0.4272580741762809
vn 0.0010769996083540103 -0.5226108099549651 -0.8525706899665617
vn -0.0010769996083540103 0.5226108099549651 0.8525706899665617
vn -0.36849184219082287 -0.9251566037952931 -0.09109896098624082
vn 0.36849184219082287 0.9251566037952931 0.09109896098624082
vn -0.585406083763421 -0.7411961060547936 -0.32852404700719534
vn 0.585406083763421 0.7411961060547936 0.32852404700719534
vn -0.41221596686690637 -0.7727399378887116 -0.4826499612055632
vn 0.41221596686690637 0.7727399378887116 0.4826499612055632
vn 0.5399349861169218 -0.8062839792684232 -0.2416119937875518
vn -0.5399349861169218 0.8062839792684232 0.2416119937875518
vn 0.3509128642750013 -0.9326236392826964 -0.08410296747091305
vn -0.3509128642750013 0.9326236392826964 0.08410296747091305
vn 0.22924601609891668 -0.9729330683247136 -0.029112002044405186
vn -0.22924601609891668 0.9729330683247136 0.029112002044405186
vn 0.23019993022583624 -0.9701577059428186 -0.0761709769123902
vn -0.23019993022583624 0.9701577059428186 0.0761709769123902
vn 0.2951839885740184 -0.9290859640369411 -0.22285799137361323
vn -0.2951839885740184 0.9290859640369411 0.22285799137361323
vn 0.36501795968924383 -0.8037109112421902 -0.46990494810605005
vn -0.36501795968924383 0.8037109112421902 0.46990494810605005
vn 0.5146348550919683 -0.6952178042444218 -0.5018198587003442
vn -0.5146348550919683 0.6952178042444218 0.5018198587003442
vn 0.45576290406419756 -0.7739858370798681 -0.4395749074716897
vn -0.45576290406419756 0.7739858370798681 0.4395749074716897
vn 0.15879999244548754 -0.5022029761089493 -0.8500439595612849
vn -0.15879999244548754 0.5022029761089493 0.8500439595612849
vn -0.1912400841688912 -0.5684542501889921 -0.8001793521762144
vn 0.1912400841688912 0.5684542501889921 0.8001793521762144
vn -0.00017799990084260185 -0.4426377534222896 -0.8967005004801232
vn 0.00017799990084260185 0.4426377534222896 0.8967005004801232
vn -0.27219888123407393 -0.9613475805444344 -0.041455981911909405
vn 0.27219888123407393 0.9613475805444344 0.041455981911909405
vn -0.496643095754288 -0.5997371156311261 -0.6274241209692646
vn 0.496643095754288 0.5997371156311261 0.6274241209692646
vn 0.4340209850397309 -0.8857159694702568 -0.16472099432223233
vn -0.4340209850397309 0.8857159694702568 0.16472099432223233
vn 0.27004500175664276 -0.9628460062633133 0.0018070000117543213
vn -0.27004500175664276 0.9628460062633133 -0.0018070000117543213
vn 0.24133204676762116 -0.9704391880609432 -0.002574000498814533
vn -0.24133204676762116 0.9704391880609432 0.002574000498814533
vn 0.2282859946493188 -0.9722199772126224 -0.051708998788018865
vn -0.2282859946493188 0.9722199772126224 0.051708998788018865
vn 0.24284497781137684 -0.9383669142618881 -0.24595497752721796
vn -0.24284497781137684 0.9383669142618881 0.24595497752721796
vn 0.23284795824698853 -0.964217827101778 -0.12675097727171417
vn -0.23284795824698853 0.964217827101778 0.12675097727171417
vn 0.5477239383783218 -0.7013969210893438 -0.4561149486847908
vn -0.5477239383783218 0.7013969210893438 0.4561149486847908
vn 0.4106349595536903 -0.7684599243090063 -0.49076295166132405
vn -0.4106349595536903 0.7684599243090063 0.49076295166132405
vn 0.4572078115600105 -0.7400376949905666 -0.4932597967010438
vn -0.4572078115600105 0.7400376949905666 0.4932597967010438
vn 0.5125108215204438 -0.7412907418488798 -0.43338284907639946
vn -0.5125108215204438 0.7412907418488798 0.43338284907639946
vn 0.23782806251204425 -0.6735751770462275 -0.6998101839419821
vn -0.23782806251204425 0.6735751770462275 0.6998101839419821
vn 0.12263903854527192 -0.4248011335143798 -0.8969412819073439
vn -0.12263903854527192 0.4248011335143798 0.8969412819073439
vn -0.3641968210215255 -0.9301265429047698 -0.04717297681762479
vn 0.3641968210215255 0.9301265429047698 0.04717297681762479
vn -0.7453680141619925 -0.6556400124571604 -0.12067600229284423
vn 0.7453680141619925 0.6556400124571604 0.12067600229284423
vn -0.7455051614085946 -0.6412461388355754 -0.181729039345977
vn 0.7455051614085946 0.6412461388355754 0.181729039345977
vn 0.45738421862948003 -0.8589594105822669 -0.23019211003173998
vn -0.45738421862948003 0.8589594105822669 0.23019211003173998
vn 0.3327978877524498 -0.9424056821412243 -0.033422988726946073
vn -0.3327978877524498 0.9424056821412243 0.033422988726946073
vn 0.2620160416414268 -0.9650631533746038 0.0008390001333395704
vn -0.2620160416414268 0.9650631533746038 -0.0008390001333395704
vn 0.24829210077855632 -0.9670413925096092 -0.056409022895693925
vn -0.24829210077855632 0.9670413925096092 0.056409022895693925
vn 0.2536438809267812 -0.9519985530839081 -0.17135791955595808
vn -0.2536438809267812 0.9519985530839081 0.17135791955595808
vn 0.5229072233488872 -0.7854633354942406 -0.33108214141481435
vn -0.5229072233488872 0.7854633354942406 0.33108214141481435
vn 0.5603740028388547 -0.6568060033273792 -0.5045660025561315
vn -0.5603740028388547 0.6568060033273792 0.5045660025561315
vn 0.5825431623181018 -0.6621611845026316 -0.4713661313400632
vn -0.5825431623181018 0.6621611845026316 0.4713661313400632
vn 0.5444713487596008 -0.7357394712758619 -0.40278825800489304
vn -0.5444713487596008 0.7357394712758619 0.40278825800489304
vn 0.3493828659966731 -0.7835086994907803 -0.5138538029150089
vn -0.3493828659966731 0.7835086994907803 0.5138538029150089
vn 0.5312669373777104 -0.7092969163926945 -0.4633069453883921
vn -0.5312669373777104 0.7092969163926945 0.4633069453883921
vn 0.3776299127501293 -0.7792058199676328 -0.5002338844229756
vn -0.3776299127501293 0.7792058199676328 0.5002338844229756
vn 0.5309560445567711 -0.722212060606594 -0.44327803719900805
vn -0.5309560445567711 0.722212060606594 0.44327803719900805
vn 0.19293612221272424 -0.6117343874947061 -0.7671744859560918
vn -0.19293612221272424 0.6117343874947061 0.7671744859560918
vn 0.23771800684841815 -0.8570070246895155 -0.4571970131713891
vn -0.23771800684841815 0.8570070246895155 0.4571970131713891
vn -0.40124997954407593 -0.6576059664749198 -0.6376149674940711
vn 0.40124997954407593 0.6576059664749198 0.6376149674940711
vn -0.15842401528625477 -0.5036340485953996 -0.8492670819453602
vn 0.15842401528625477 0.5036340485953996 0.8492670819453602
vn -0.2685790161444195 -0.962587057861591 -0.035937002160191446
vn 0.2685790161444195 0.962587057861591 0.035937002160191446
vn -0.7738605382279302 -0.5836964059668285 -0.24584217098574795
vn 0.7738605382279302 0.5836964059668285 0.24584217098574795
vn -0.6881978717677584 -0.5926308895748003 -0.4185359220139998
vn 0.6881978717677584 0.5926308895748003 0.4185359220139998
vn 0.3763391728033213 -0.9191294220358346 -0.11649005348863387
vn -0.3763391728033213 0.9191294220358346 0.11649005348863387
vn 0.3178110964949321 -0.9452142869893135 0.07460602265214496
vn -0.3178110964949321 0.9452142869893135 -0.07460602265214496
vn 0.28149890626496155 -0.9581226809590931 0.052528982508613195
vn -0.28149890626496155 0.9581226809590931 -0.052528982508613195
vn 0.2640709145865406 -0.9642886881018385 0.020343993419756522
vn -0.2640709145865406 0.9642886881018385 -0.020343993419756522
vn 0.25040000850032923 -0.9677590328525164 -0.027245000924886274
vn -0.25040000850032923 0.9677590328525164 0.027245000924886274
vn 0.24811196801539204 -0.964147875709777 -0.09412398786628946
vn -0.24811196801539204 0.964147875709777 0.09412398786628946
vn 0.6292878435785695 -0.6189368461515061 -0.47001488316888523
vn -0.6292878435785695 0.6189368461515061 0.47001488316888523
vn 0.4514141082534045 -0.7670161839377895 -0.4559731093466966
vn -0.4514141082534045 0.7670161839377895 0.4559731093466966
vn 0.5847160993499979 -0.6575361117229565 -0.47513508073092126
vn -0.5847160993499979 0.6575361117229565 0.47513508073092126
vn 0.6001989760991769 -0.6772009730328419 -0.4256289830508159
vn -0.6001989760991769 0.6772009730328419 0.4256289830508159
vn 0.24066601660294737 -0.7675370529504641 -0.594110040986168
vn -0.24066601660294737 0.7675370529504641 0.594110040986168
vn 0.000008000000720824098 -0.29816902686592484 -0.9545130860044965
vn -0.000008000000720824098 0.29816902686592484 0.9545130860044965
vn -0.30722594055101815 -0.6823598679616723 -0.6633228716453785
vn 0.30722594055101815 0.6823598679616723 0.6633228716453785
vn -0.5409530169875478 -0.7276270228496715 -0.4218160132462886
vn 0.5409530169875478 0.7276270228496715 0.4218160132462886
vn -0.12250993070656513 -0.42562875925805715 -0.8965664928886866
vn 0.12250993070656513 0.42562875925805715 0.8965664928886866
vn -0.34703504482356984 -0.9364141209486603 -0.05191600670554994
vn 0.34703504482356984 0.9364141209486603 0.05191600670554994
vn -0.7027782440225694 -0.703277244195835 -0.10725603724203776
vn 0.7027782440225694 0.703277244195835 0.10725603724203776
vn 0.44440782132453815 -0.8814186456230605 -0.16000893566794053
vn -0.44440782132453815 0.8814186456230605 0.16000893566794053
vn 0.4351681692724001 -0.8948073480635721 0.0997420387978152
vn -0.4351681692724001 0.8948073480635721 -0.0997420387978152
vn 0.5509007990245389 -0.829739697300642 0.08966796728801048
vn -0.5509007990245389 0.829739697300642 -0.08966796728801048
vn 0.5352069031933897 -0.8437308473885093 -0.04088799260430342
vn -0.5352069031933897 0.8437308473885093 0.04088799260430342
vn 0.5182820942970302 -0.8280081506490585 -0.21397703893130715
vn -0.5182820942970302 0.8280081506490585 0.21397703893130715
vn 0.2543569898300447 -0.9110709635726503 -0.32442598702847625
vn -0.2543569898300447 0.9110709635726503 0.32442598702847625
vn 0.5921949263602694 -0.689225914294418 -0.41745994808865006
vn -0.5921949263602694 0.689225914294418 0.41745994808865006
vn 0.4178489844464075 -0.7701069713343085 -0.482013982057994
vn -0.4178489844464075 0.7701069713343085 0.482013982057994
vn 0.48643589244076657 -0.7420168359274812 -0.46129289800030965
vn -0.48643589244076657 0.7420168359274812 0.46129289800030965
vn 0.3302940604986474 -0.7611561394179381 -0.5581641022366955
vn -0.3302940604986474 0.7611561394179381 0.5581641022366955
vn 0.6664926526994336 -0.641057665953271 -0.38056880169059665
vn -0.6664926526994336 0.641057665953271 0.38056880169059665
vn 0.4117460774560324 -0.7408141393590056 -0.5307160998361994
vn -0.4117460774560324 0.7408141393590056 0.5307160998361994
vn 0.6450797224319313 -0.6304127287429172 -0.4318008142026268
vn -0.6450797224319313 0.6304127287429172 0.4318008142026268
vn 0.09545203401557925 -0.3022131076975887 -0.9484493379923118
vn -0.09545203401557925 0.3022131076975887 0.9484493379923118
vn 0.000002000000762602436 -0.21110508049459342 -0.9774633727078326
vn -0.000002000000762602436 0.21110508049459342 0.9774633727078326
vn -0.26043006677883523 -0.9650722474614448 -0.028491007305594018
vn 0.26043006677883523 0.9650722474614448 0.028491007305594018
vn -0.7783118064412717 -0.6140858472827025 -0.13087896745164831
vn 0.7783118064412717 0.6140858472827025 0.13087896745164831
vn -0.7867668555012325 -0.5986528900505224 -0.1503749723819097
vn 0.7867668555012325 0.5986528900505224 0.1503749723819097
vn 0.5772389382972014 -0.7467629201762753 -0.3303639646864068
vn -0.5772389382972014 0.7467629201762753 0.3303639646864068
vn 0.48976812287573573 -0.8706012184212493 -0.04669801171585568
vn -0.48976812287573573 0.8706012184212493 0.04669801171585568
vn 0.6271447863537576 -0.7260837526487205 0.2819429039519368
vn -0.6271447863537576 0.7260837526487205 -0.2819429039519368
vn 0.6002399010909767 -0.7644938740247987 0.2350769612634337
vn -0.6002399010909767 0.7644938740247987 -0.2350769612634337
vn 0.5419208397575539 -0.8399847516220057 0.027338991916038804
vn -0.5419208397575539 0.8399847516220057 -0.027338991916038804
vn 0.5262811211430864 -0.8419571938076229 -0.1188960273683232
vn -0.5262811211430864 0.8419571938076229 0.1188960273683232
vn 0.4202330112542604 -0.6782820181650708 -0.602775016142918
vn -0.4202330112542604 0.6782820181650708 0.602775016142918
vn 0.49043107178783424 -0.7886591154415636 -0.37080205427689644
vn -0.49043107178783424 0.7886591154415636 0.37080205427689644
vn 0.664023999364861 -0.6345709993930327 -0.39546399962173884
vn -0.664023999364861 0.6345709993930327 0.39546399962173884
vn 0.5194359141414061 -0.7694618728141187 -0.37163793857122723
vn -0.5194359141414061 0.7694618728141187 0.37163793857122723
vn 0.5703597996275044 -0.7364927412635169 -0.36368687223355123
vn -0.5703597996275044 0.7364927412635169 0.36368687223355123
vn 0.6175628875606441 -0.6915408740915103 -0.3746829317816724
vn -0.6175628875606441 0.6915408740915103 0.3746829317816724
vn 0.4309470039002859 -0.7866370071194582 -0.44213900400157924
vn -0.4309470039002859 0.7866370071194582 0.44213900400157924
vn 0.07822202462159857 -0.20567906474068362 -0.9754883070501131
vn -0.07822202462159857 0.20567906474068362 0.9754883070501131
vn 0.17206909904076503 -0.4727592721141693 -0.8642284974388315
vn -0.17206909904076503 0.4727592721141693 0.8642284974388315
vn -0.39085198483865635 -0.8284059678657189 -0.4012209844364379
vn 0.39085198483865635 0.8284059678657189 0.4012209844364379
vn -0.23740804382920874 -0.6744891245211583 -0.6990721290595626
vn 0.23740804382920874 0.6744891245211583 0.6990721290595626
vn -0.33986210391200455 -0.9398502873569197 -0.03428101048133506
vn 0.33986210391200455 0.9398502873569197 0.03428101048133506
vn -0.6769220327586273 -0.7281250352365198 -0.10775200521449697
vn 0.6769220327586273 0.7281250352365198 0.10775200521449697
vn -0.7478390001921946 -0.6495020001669221 -0.13741900003531682
vn 0.7478390001921946 0.6495020001669221 0.13741900003531682
vn -0.6012781718209742 -0.7847462242487206 -0.1504590429951072
vn 0.6012781718209742 0.7847462242487206 0.1504590429951072
vn -0.589519735081681 -0.7707216536531811 -0.24177389135167326
vn 0.589519735081681 0.7707216536531811 0.24177389135167326
vn 0.6306083561585564 -0.7426744194518619 -0.22531712725588252
vn -0.6306083561585564 0.7426744194518619 0.22531712725588252
vn 0.6788549020093385 -0.6737749027426212 0.2918619578706048
vn -0.6788549020093385 0.6737749027426212 -0.2918619578706048
vn 0.519939224601835 -0.8513903677811363 0.0692650299209061
vn -0.519939224601835 0.8513903677811363 -0.0692650299209061
vn 0.5587680575986526 -0.8148770839987565 0.15412201588712923
vn -0.5587680575986526 0.8148770839987565 -0.15412201588712923
vn 0.9126450257753775 -0.402831011376955 0.0693270019579678
vn -0.9126450257753775 0.402831011376955 -0.0693270019579678
vn 0.8618799795057872 -0.4686089888571813 -0.19382599539110876
vn -0.8618799795057872 0.4686089888571813 0.19382599539110876
vn 0.7278918056729307 -0.3959838942832037 -0.5597948505501893
vn -0.7278918056729307 0.3959838942832037 0.5597948505501893
vn 0.7113947654923113 -0.5887768059127018 -0.3837438735007718
vn -0.7113947654923113 0.5887768059127018 0.3837438735007718
vn 0.7493053547474645 -0.5580532642020095 -0.3565361687967411
vn -0.7493053547474645 0.5580532642020095 0.3565361687967411
vn 0.5018639825351338 -0.7537479737695709 -0.424259985235753
vn -0.5018639825351338 0.7537479737695709 0.424259985235753
vn 0.42299803800616387 -0.7101840638096858 -0.5627710505646999
vn -0.42299803800616387 0.7101840638096858 0.5627710505646999
vn 0.34386897710761133 -0.6490519567906654 -0.6785909548241661
vn -0.34386897710761133 0.6490519567906654 0.6785909548241661
vn 0.6762699570933777 -0.6927739560462648 -0.25044598411020474
vn -0.6762699570933777 0.6927739560462648 0.25044598411020474
vn 0.43672689512157725 -0.6948918331241782 -0.5713098628019526
vn -0.43672689512157725 0.6948918331241782 0.5713098628019526
vn -0.7697663726651599 0.4961582402039066 0.401605194428166
vn -0.9059906992410356 0.3915018700343203 0.16095694656761428
vn -0.5959459924487684 0.6946649911978998 0.40285099489547527
vn 0.5959459924487684 -0.6946649911978998 -0.40285099489547527
vn 0.9059906992410356 -0.3915018700343203 -0.16095694656761428
vn 0.7697663726651599 -0.4961582402039066 -0.401605194428166
vn 0.1688599567477941 -0.24411793747102903 -0.9549307554016805
vn -0.1688599567477941 0.24411793747102903 0.9549307554016805
vn 0.2987808795179792 -0.4712408099743022 -0.8298566653641017
vn -0.2987808795179792 0.4712408099743022 0.8298566653641017
vn -0.09543201796546082 -0.30256805695965217 -0.9483381785284725
vn 0.09543201796546082 0.30256805695965217 0.9483381785284725
vn -0.41734304374882153 -0.8787040921119187 -0.2317410242927178
vn 0.41734304374882153 0.8787040921119187 0.2317410242927178
vn -0.29550690936538526 -0.8546597378682066 -0.4268868690699755
vn 0.29550690936538526 0.8546597378682066 0.4268868690699755
vn -0.19280903123786133 -0.6121170991718535 -0.7669011242491124
vn 0.19280903123786133 0.6121170991718535 0.7669011242491124
vn -0.2504229344014705 -0.9677727464909945 -0.02653799304834731
vn 0.2504229344014705 0.9677727464909945 0.02653799304834731
vn -0.5804839775175658 -0.8059019687870145 -0.11644899548987245
vn 0.5804839775175658 0.8059019687870145 0.11644899548987245
vn 0.6673710349498884 -0.6709340351364808 -0.32320801692624285
vn -0.6673710349498884 0.6709340351364808 0.32320801692624285
vn 0.7502257985591484 -0.6516168250363445 -0.11205696991192335
vn -0.7502257985591484 0.6516168250363445 0.11205696991192335
vn 0.8787030563099296 -0.21114901353106272 0.4281320274359855
vn -0.8787030563099296 0.21114901353106272 -0.4281320274359855
vn 0.7693663835365468 -0.5904642943521337 0.24377712152524114
vn -0.7693663835365468 0.5904642943521337 -0.24377712152524114
vn 0.8612721531096561 -0.27651204915596617 0.4263230757880993
vn -0.8612721531096561 0.27651204915596617 -0.4263230757880993
vn 0.6841643010651985 -0.7274923201316109 0.05171202275577704
vn -0.6841643010651985 0.7274923201316109 -0.05171202275577704
vn 0.9039581304226365 -0.3255140469650074 0.2773090400100125
vn -0.9039581304226365 0.3255140469650074 -0.2773090400100125
vn 0.9227155999945696 -0.3420388517231116 0.1777789229312535
vn -0.9227155999945696 0.3420388517231116 -0.1777789229312535
vn 0.9696187763177005 -0.23598894555948038 -0.06440998514119788
vn -0.9696187763177005 0.23598894555948038 0.06440998514119788
vn 0.8971224767534389 -0.22434511922263659 -0.3805792022493564
vn -0.8971224767534389 0.22434511922263659 0.3805792022493564
vn 0.7718272018042821 -0.5797711515887243 -0.26105206825546595
vn -0.7718272018042821 0.5797711515887243 0.26105206825546595
vn 0.7564918215870986 -0.5923098603081781 -0.27728893460349224
vn -0.7564918215870986 0.5923098603081781 0.27728893460349224
vn 0.5857522025830201 -0.7610152631979352 -0.2788370964361055
vn -0.5857522025830201 0.7610152631979352 0.2788370964361055
vn 0.5993632796168205 -0.7631363560207453 -0.2416331127274311
vn -0.5993632796168205 0.7631363560207453 0.2416331127274311
vn 0.7291219688282137 -0.6327889729466899 -0.2606899888548516
vn -0.7291219688282137 0.6327889729466899 0.2606899888548516
vn 0.24510005587178962 -0.8442331924471992 -0.47665110865501603
vn -0.24510005587178962 0.8442331924471992 0.47665110865501603
vn -0.8974816835691051 0.2996848943381674 0.32359788590701016
vn 0.8974816835691051 -0.2996848943381674 -0.32359788590701016
vn 0 -0.09033098187486427 -0.9959118001678278
vn 0 0.09033098187486427 0.9959118001678278
vn 0.3303019109874455 -0.16192195636390058 -0.9298827494073266
vn -0.3303019109874455 0.16192195636390058 0.9298827494073266
vn -0.07821801063729818 -0.20576202798271157 -0.9754711326596934
vn 0.07821801063729818 0.20576202798271157 0.9754711326596934
vn -0.37274988049473007 -0.9245047035996792 -0.07967797445488713
vn 0.37274988049473007 0.9245047035996792 0.07967797445488713
vn -0.6689191166237168 -0.735811128286106 -0.10549501839268897
vn 0.6689191166237168 0.735811128286106 0.10549501839268897
vn -0.7315383789497805 -0.6695553468414768 -0.12863606663575106
vn 0.7315383789497805 0.6695553468414768 0.12863606663575106
vn -0.5744502148524628 -0.8110243033345005 -0.1106640413899087
vn 0.5744502148524628 0.8110243033345005 0.1106640413899087
vn 0.8767574661852201 -0.3008361599591414 0.37522519951291994
vn -0.8767574661852201 0.3008361599591414 -0.37522519951291994
vn 0.9820168434483604 0.004137999340326363 0.18874796991008416
vn -0.9820168434483604 -0.004137999340326363 -0.18874796991008416
vn 0.9975350463564522 0.006673000310100989 0.06985200324609252
vn -0.9975350463564522 -0.006673000310100989 -0.06985200324609252
vn 0.9743578588633001 0.02458299643912869 -0.22365696760306694
vn -0.9743578588633001 -0.02458299643912869 0.22365696760306694
vn 0.5557577371697238 -0.14215893276985783 -0.8190996126294552
vn -0.5557577371697238 0.14215893276985783 0.8190996126294552
vn 0.7891595540287006 0.018161989736263075 -0.6139196530605959
vn -0.7891595540287006 -0.018161989736263075 0.6139196530605959
vn 0.832724996131576 -0.5033789976615529 -0.2306049989287246
vn -0.832724996131576 0.5033789976615529 0.2306049989287246
vn 0.6251511485215521 -0.6800611615669097 -0.3830180909963
vn -0.6251511485215521 0.6800611615669097 0.3830180909963
vn 0.5237987986839941 -0.701025730568874 -0.4839398140033337
vn -0.5237987986839941 0.701025730568874 0.4839398140033337
vn 0.6338876117737494 -0.7335585507300025 -0.2451088498823957
vn -0.6338876117737494 0.7335585507300025 0.2451088498823957
vn 0.4583931719657723 -0.5689372134362666 -0.6827782561436281
vn -0.4583931719657723 0.5689372134362666 0.6827782561436281
vn 0.6052108997253377 0.11111098159052314 -0.7882728693946262
vn -0.6052108997253377 -0.11111098159052314 0.7882728693946262
vn 0.752782935199695 -0.640976944824066 -0.14988798709749288
vn -0.752782935199695 0.640976944824066 0.14988798709749288
vn 0.6997928848235478 -0.5203799143524981 -0.48938191945434945
vn -0.6997928848235478 0.5203799143524981 0.48938191945434945
vn -0.2923039575077768 0.7419898921369371 0.6033319122936464
vn 0.2923039575077768 -0.7419898921369371 -0.6033319122936464
vn -0.8339679744601481 0.3937209879424916 0.38662798815971144
vn 0.8339679744601481 -0.3937209879424916 -0.38662798815971144
vn 0 -0.04083998772439979 -0.9991656996728173
vn 0 0.04083998772439979 0.9991656996728173
vn 0.06602899052711854 -0.07465698928929825 -0.9950208572488455
vn -0.06602899052711854 0.07465698928929825 0.9950208572488455
vn -0.29471415103087345 -0.9292374762022698 -0.2228481142019997
vn 0.29471415103087345 0.9292374762022698 0.2228481142019997
vn -0.23754610410151483 -0.8571793756478002 -0.456963200258226
vn 0.23754610410151483 0.8571793756478002 0.456963200258226
vn -0.3126560398391041 -0.9321861187805611 -0.18241502324359757
vn 0.3126560398391041 0.9321861187805611 0.18241502324359757
vn -0.4039428646052414 -0.9114206945073283 -0.07837397373038095
vn 0.4039428646052414 0.9114206945073283 0.07837397373038095
vn -0.3956528258659101 -0.9133575980145126 -0.09610795770111935
vn 0.3956528258659101 0.9133575980145126 0.09610795770111935
vn -0.41002679166338996 -0.9020445416667746 -0.1348839314648176
vn 0.41002679166338996 0.9020445416667746 0.1348839314648176
vn 0.8629120646247812 -0.47682703571029317 -0.1673880125359399
vn -0.8629120646247812 0.47682703571029317 0.1673880125359399
vn 0.8195458863634143 -0.5726759205939076 -0.019667997272875153
vn -0.8195458863634143 0.5726759205939076 0.019667997272875153
vn 0.8831216920868705 0.04393898468003845 0.46708183714517326
vn -0.8831216920868705 -0.04393898468003845 -0.46708183714517326
vn 0.9123248137771903 -0.16887296552982273 0.3730219238591456
vn -0.9123248137771903 0.16887296552982273 -0.3730219238591456
vn 0.9194408096348571 0.009321998069931685 0.3931179186071056
vn -0.9194408096348571 -0.009321998069931685 -0.3931179186071056
vn 0.8581087387312429 -0.47805585444611715 0.1873819429477347
vn -0.8581087387312429 0.47805585444611715 -0.1873819429477347
vn 0.9986682600272833 0.031042008082532872 -0.041208010729495974
vn -0.9986682600272833 -0.031042008082532872 0.041208010729495974
vn 0.9195420682189894 0.02180800161789217 -0.39238602911033577
vn -0.9195420682189894 -0.02180800161789217 0.39238602911033577
vn 0.805544579368494 -0.5340537211329742 -0.2566798659693812
vn -0.805544579368494 0.5340537211329742 0.2566798659693812
vn 0.6265480168008853 -0.7635710204751572 -0.15619500418836926
vn -0.6265480168008853 0.7635710204751572 0.15619500418836926
vn 0.6543519406443925 -0.7248169342525838 -0.21555498044722432
vn -0.6543519406443925 0.7248169342525838 0.21555498044722432
vn 0.6070268034587145 -0.5123488341132584 -0.6074678033159291
vn -0.6070268034587145 0.5123488341132584 0.6074678033159291
vn 0.6556308626601003 -0.7411368447485229 -0.14444496974203216
vn -0.6556308626601003 0.7411368447485229 0.14444496974203216
vn 0.2383679334957134 0.9635167311803148 0.121721966039759
vn 0.23377493310800085 0.9596937253947162 -0.15600395536126838
vn -0.23377493310800085 -0.9596937253947162 0.15600395536126838
vn -0.2383679334957134 -0.9635167311803148 -0.121721966039759
vn 0.7013269761531299 -0.6982259762585716 -0.14359999511724142
vn -0.7013269761531299 0.6982259762585716 0.14359999511724142
vn -0.16723596235677785 0.9070967958211515 0.38627391305342174
vn 0.16723596235677785 -0.9070967958211515 -0.38627391305342174
vn -0.8465985429291895 0.3923447881766371 0.35963380583699744
vn 0.8465985429291895 -0.3923447881766371 -0.35963380583699744
vn 0.06413899363965701 -0.023471997672399245 -0.997664901066565
vn -0.06413899363965701 0.023471997672399245 0.997664901066565
vn 0.16352798868484475 -0.03265999774012397 -0.9859979317748615
vn -0.16352798868484475 0.03265999774012397 0.9859979317748615
vn 0.3316901037971272 0.006744002110428098 -0.9433642952108087
vn -0.3316901037971272 -0.006744002110428098 0.9433642952108087
vn -0.17205396048325308 -0.472873891391992 -0.8641688015207571
vn 0.17205396048325308 0.472873891391992 0.8641688015207571
vn -0.292420913542553 -0.9480597196957565 -0.12519096298592036
vn 0.292420913542553 0.9480597196957565 0.12519096298592036
vn -0.24269492440418322 -0.9384157076976287 -0.24591692340057925
vn 0.24269492440418322 0.9384157076976287 0.24591692340057925
vn -0.24063201713047355 -0.7675910546444251 -0.5940540422904118
vn 0.24063201713047355 0.7675910546444251 0.5940540422904118
vn -0.4438901487278607 -0.8082582708114244 -0.38688512962801247
vn 0.4438901487278607 0.8082582708114244 0.38688512962801247
vn -0.5929140973158882 -0.7701301264026231 -0.2352710386153918
vn 0.5929140973158882 0.7701301264026231 0.2352710386153918
vn -0.6701810146303867 -0.7292370159196088 -0.1380970030147268
vn 0.6701810146303867 0.7292370159196088 0.1380970030147268
vn -0.7162893236063381 -0.6829003085217954 -0.1434460648062931
vn 0.7162893236063381 0.6829003085217954 0.1434460648062931
vn -0.5814539116315134 -0.804239877772839 -0.12292098131865524
vn 0.5814539116315134 0.804239877772839 0.12292098131865524
vn -0.4139937733407481 -0.9072825032679555 -0.07380795959055934
vn 0.4139937733407481 0.9072825032679555 0.07380795959055934
vn 0.9021359324318257 -0.42493396817329687 -0.07471199440422135
vn -0.9021359324318257 0.42493396817329687 0.07471199440422135
vn 0.9373652447287559 -0.3437460897457564 0.05643601473440122
vn -0.9373652447287559 0.3437460897457564 -0.05643601473440122
vn 0.8839044024196683 0.12191505550488942 0.451497205555437
vn -0.8839044024196683 -0.12191505550488942 -0.451497205555437
vn 0.9239821661130668 0.05995901077940187 0.37770606790381417
vn -0.9239821661130668 -0.05995901077940187 -0.37770606790381417
vn 0.9564803628767625 -0.14205605389430143 0.2548830966994792
vn -0.9564803628767625 0.14205605389430143 -0.2548830966994792
vn 0.9535582247112667 0.015434003637108205 0.300813070888263
vn -0.9535582247112667 -0.015434003637108205 -0.300813070888263
vn 0.9796509494887085 0.05292199727131538 0.19360599001757858
vn -0.9796509494887085 -0.05292199727131538 -0.19360599001757858
vn 0.9966169571529464 0.04093999823988715 0.07126399693618268
vn -0.9966169571529464 -0.04093999823988715 -0.07126399693618268
vn 0.9955015463829001 0.06542097018982959 -0.06853296877179481
vn -0.9955015463829001 -0.06542097018982959 0.06853296877179481
vn 0.9142179968203499 0.05089399982299077 -0.4020139986017953
vn -0.9142179968203499 -0.05089399982299077 0.4020139986017953
vn 0.5359746688226944 0.015460990446695796 -0.8440924784375289
vn -0.5359746688226944 -0.015460990446695796 0.8440924784375289
vn 0.8322920329966346 -0.5329670211297445 -0.1524340060433226
vn -0.8322920329966346 0.5329670211297445 0.1524340060433226
vn 0.8007690843938591 -0.5786390609833526 -0.15474401630862764
vn -0.8007690843938591 0.5786390609833526 0.15474401630862764
vn 0.8829877345138838 -0.45052586454130966 -0.1317539603858063
vn -0.8829877345138838 0.45052586454130966 0.1317539603858063
vn 0.7007968059588522 -0.6567898181437912 -0.2784079229126155
vn -0.7007968059588522 0.6567898181437912 0.2784079229126155
vn 0.6509961657944227 0.7508321912204652 -0.11160202842258485
vn -0.6509961657944227 -0.7508321912204652 0.11160202842258485
vn 0.7018048545376248 -0.7099278528539792 -0.0589269877862636
vn -0.7018048545376248 0.7099278528539792 0.0589269877862636
vn -0.1636860047948542 0.7360070215598539 0.6568870192421918
vn 0.1636860047948542 -0.7360070215598539 -0.6568870192421918
vn -0.7372342263541651 0.5242591609641012 0.4261901308538154
vn 0.7372342263541651 -0.5242591609641012 -0.4261901308538154
vn -0.06602899052711854 -0.07465698928929825 -0.9950208572488455
vn 0.06602899052711854 0.07465698928929825 0.9950208572488455
vn -0.1688599567477941 -0.24411793747102903 -0.9549307554016805
vn 0.1688599567477941 0.24411793747102903 0.9549307554016805
vn -0.38955416521930586 -0.8259703503139231 -0.40745617281197866
vn 0.38955416521930586 0.8259703503139231 0.40745617281197866
vn -0.6803240770657552 -0.7090980803252168 -0.18530802099132335
vn 0.6803240770657552 0.7090980803252168 0.18530802099132335
vn -0.29368997778573147 -0.9550759277594921 -0.039700996997076465
vn 0.29368997778573147 0.9550759277594921 0.039700996997076465
vn -0.28020391280700063 -0.9580527018760808 -0.060172981275555336
vn 0.28020391280700063 0.9580527018760808 0.060172981275555336
vn 0.918072329380541 -0.3835721376157348 -0.10007803590540378
vn -0.918072329380541 0.3835721376157348 0.10007803590540378
vn 0.6671610522397132 0.5261260411964598 0.527340041291518
vn -0.6671610522397132 -0.5261260411964598 -0.527340041291518
vn 0.9054566555666174 0.09781096279296127 0.4130148428902162
vn -0.9054566555666174 -0.09781096279296127 -0.4130148428902162
vn 0.9950175336667343 0.06666196875764241 0.07413696525434785
vn -0.9950175336667343 -0.06666196875764241 -0.07413696525434785
vn 0.9710670628911603 0.0577660037412154 -0.23171501500702343
vn -0.9710670628911603 -0.0577660037412154 0.23171501500702343
vn 0.5823887906924181 0.027004990294543434 -0.8124617080053768
vn -0.5823887906924181 -0.027004990294543434 0.8124617080053768
vn 0.7608886534476351 0.03937498206637333 -0.6476867050062998
vn -0.7608886534476351 -0.03937498206637333 0.6476867050062998
vn 0.8019508690454435 -0.5939149030166738 -0.06434198949327583
vn -0.8019508690454435 0.5939149030166738 0.06434198949327583
vn 0.9041188762347236 -0.4091119439964653 -0.12327398312496408
vn -0.9041188762347236 0.4091119439964653 0.12327398312496408
vn 0.8612242969807623 -0.4860371676028986 -0.14852805121775375
vn -0.8612242969807623 0.4860371676028986 0.14852805121775375
vn 0.6538728996713846 -0.7538448843319344 -0.064560990093924
vn -0.6538728996713846 0.7538448843319344 0.064560990093924
vn 0.663025936591849 -0.7422719290131986 -0.09710299071360463
vn -0.663025936591849 0.7422719290131986 0.09710299071360463
vn 0.7533928747281033 -0.6291318953898446 -0.19129096819271446
vn -0.7533928747281033 0.6291318953898446 0.19129096819271446
vn 0.8171949873048759 -0.46462299278208175 -0.3410539947017263
vn -0.8171949873048759 0.46462299278208175 0.3410539947017263
vn 0.734857113125015 -0.4871180749876928 -0.471912072646858
vn -0.734857113125015 0.4871180749876928 0.471912072646858
vn 0.7624626101968086 0.11134594307523639 -0.6373796741445051
vn -0.7624626101968086 -0.11134594307523639 0.6373796741445051
vn 0.31391605006082435 0.8225561311746817 0.4741920756203649
vn -0.31391605006082435 -0.8225561311746817 -0.4741920756203649
vn 0.7549407317073231 -0.6528717679808402 -0.06182997802671189
vn -0.7549407317073231 0.6528717679808402 0.06182997802671189
vn 0.34207988435067843 0.7229447555890469 0.6002767970602556
vn -0.34207988435067843 -0.7229447555890469 -0.6002767970602556
vn -0.760305446219976 0.553328324745999 0.3402401996855008
vn 0.760305446219976 -0.553328324745999 -0.3402401996855008
vn -0.06413899363965701 -0.023471997672399245 -0.997664901066565
vn 0.06413899363965701 0.023471997672399245 0.997664901066565
vn 0 -0.0042090005981787765 -0.9999911421177512
vn 0 0.0042090005981787765 0.9999911421177512
vn 0.06810997001370689 0.007374996753062741 -0.9976505607714679
vn -0.06810997001370689 -0.007374996753062741 0.9976505607714679
vn 0.17726901028151426 0.009346000542063592 -0.9841180570783569
vn -0.17726901028151426 -0.009346000542063592 0.9841180570783569
vn 0.32788899336188737 0.019644999602287192 -0.9445119808783551
vn -0.32788899336188737 -0.019644999602287192 0.9445119808783551
vn -0.2327639802773269 -0.9642369182977989 -0.12675998925930992
vn 0.2327639802773269 0.9642369182977989 0.12675998925930992
vn -0.25433090934414504 -0.9110896752435097 -0.32439388437030736
vn 0.25433090934414504 0.9110896752435097 0.32439388437030736
vn -0.3837539770206207 -0.8219169507832035 -0.42093397479426403
vn 0.3837539770206207 0.8219169507832035 0.42093397479426403
vn -0.4121450535304334 -0.788773102447829 -0.4560410592317569
vn 0.4121450535304334 0.788773102447829 0.4560410592317569
vn -0.5604468644943328 -0.7337268225984496 -0.38411490712813295
vn 0.5604468644943328 0.7337268225984496 0.38411490712813295
vn -0.4355819251513508 -0.8927318465965436 -0.11531798018422146
vn 0.4355819251513508 0.8927318465965436 0.11531798018422146
vn -0.31218797569913287 -0.9492439261103811 -0.03840099701084752
vn 0.31218797569913287 0.9492439261103811 0.03840099701084752
vn -0.2853240899860963 -0.9549743011817524 -0.08132802564939963
vn 0.2853240899860963 0.9549743011817524 0.08132802564939963
vn 0.9488419737128079 -0.3048739915536186 -0.08216299772371534
vn -0.9488419737128079 0.3048739915536186 0.08216299772371534
vn 0.9750000697378576 -0.22042801576633486 -0.02804200200573236
vn -0.9750000697378576 0.22042801576633486 0.02804200200573236
vn 0.860831038638402 0.14586500654715084 0.4875380218831447
vn -0.860831038638402 -0.14586500654715084 -0.4875380218831447
vn 0.7227529184120415 0.561124936657415 0.4034439544572319
vn -0.7227529184120415 -0.561124936657415 -0.4034439544572319
vn 0.787885963098574 0.5195759756651401 0.3305699845174247
vn -0.787885963098574 -0.5195759756651401 -0.3305699845174247
vn 0.9610324122440713 0.10694404587467422 0.2549111093465654
vn -0.9610324122440713 -0.10694404587467422 -0.2549111093465654
vn 0.99252703069241 -0.0522300016151345 0.11028200341030556
vn -0.99252703069241 0.0522300016151345 -0.11028200341030556
vn 0.941169046808573 0.08802300437778014 0.3262710162269262
vn -0.941169046808573 -0.08802300437778014 -0.3262710162269262
vn 0.9693061004545276 0.08098200839261142 -0.2321370240576378
vn -0.9693061004545276 -0.08098200839261142 0.2321370240576378
vn 0.9933226443761537 0.07108797454947888 0.09086596746867193
vn -0.9933226443761537 -0.07108797454947888 -0.09086596746867193
vn 0.7921720059298035 0.05671400042453278 -0.6076570045486165
vn -0.7921720059298035 -0.05671400042453278 0.6076570045486165
vn 0.9131037681182406 -0.40311089763040364 -0.06118098446315223
vn -0.9131037681182406 0.40311089763040364 0.06118098446315223
vn 0.8656809491230665 -0.49633397082995706 -0.06518499616901281
vn -0.8656809491230665 0.49633397082995706 0.06518499616901281
vn 0.6912319558299338 -0.7093889546696925 -0.13771599119987976
vn -0.6912319558299338 0.7093889546696925 0.13771599119987976
vn 0.8881531949420983 -0.03068200673444032 -0.45852210064171467
vn -0.8881531949420983 0.03068200673444032 0.45852210064171467
vn 0.5276469388053583 0.7807119094557703 0.33477996117339426
vn -0.5276469388053583 -0.7807119094557703 -0.33477996117339426
vn 0.7435926028941431 -0.6686076429388755 0.0058189968924410385
vn -0.7435926028941431 0.6686076429388755 -0.0058189968924410385
vn 0.4511069244718506 0.6794078862477662 0.5787119031071424
vn -0.4511069244718506 -0.6794078862477662 -0.5787119031071424
vn -0.01917999414655438 0.7791107622271182 0.6265928087733029
vn 0.01917999414655438 -0.7791107622271182 -0.6265928087733029
vn 0.02569099653266627 0.8466378857352187 0.5315489282605672
vn -0.02569099653266627 -0.8466378857352187 -0.5315489282605672
vn -0.6427786162464968 0.7080055773045124 0.2925128253631678
vn 0.6427786162464968 -0.7080055773045124 -0.2925128253631678
vn -0.2987800759349659 -0.47124211976619973 -0.8298562109079828
vn 0.2987800759349659 0.47124211976619973 0.8298562109079828
vn -0.23015196782429684 -0.9701658643688813 -0.07621198934541243
vn 0.23015196782429684 0.9701658643688813 0.07621198934541243
vn -0.2536260295771084 -0.9520031110197532 -0.17135901998337622
vn 0.2536260295771084 0.9520031110197532 0.17135901998337622
vn -0.4202330112542604 -0.6782820181650708 -0.602775016142918
vn 0.4202330112542604 0.6782820181650708 0.602775016142918
vn -0.41367100623112646 -0.8032470120993098 -0.4285680064555201
vn 0.41367100623112646 0.8032470120993098 0.4285680064555201
vn -0.48513673134251073 -0.736807591973015 -0.470910739220536
vn 0.48513673134251073 0.736807591973015 0.470910739220536
vn -0.5339028284541123 -0.6936187771365077 -0.48357084462605304
vn 0.5339028284541123 0.6936187771365077 0.48357084462605304
vn -0.5679911456451604 -0.7280261866815908 -0.38388009843512355
vn 0.5679911456451604 0.7280261866815908 0.38388009843512355
vn -0.6120819749263685 -0.7367979698174401 -0.2872009882349555
vn 0.6120819749263685 0.7367979698174401 0.2872009882349555
vn -0.5540351664241555 -0.8140202445199147 -0.17440205238785575
vn 0.5540351664241555 0.8140202445199147 0.17440205238785575
vn -0.24133110500825455 -0.9704394222586636 -0.0025740011200024
vn 0.24133110500825455 0.9704394222586636 0.0025740011200024
vn -0.2292400549768151 -0.9729342333310618 -0.02912000698361937
vn 0.2292400549768151 0.9729342333310618 0.02912000698361937
vn 0.9837418963583698 -0.1660389825070469 -0.06843199279038205
vn -0.9837418963583698 0.1660389825070469 0.06843199279038205
vn 0.957207198925385 -0.28436505909632614 -0.05376701117378084
vn -0.957207198925385 0.28436505909632614 0.05376701117378084
vn 0.9979534595082751 -0.05989902758054354 -0.02238301030627067
vn -0.9979534595082751 0.05989902758054354 0.02238301030627067
vn 0.7607080221396466 0.3374080098199227 0.5545080161384016
vn -0.7607080221396466 -0.3374080098199227 -0.5545080161384016
vn 0.26795400467043834 0.9391200163688619 0.21506800374863555
vn -0.26795400467043834 -0.9391200163688619 -0.21506800374863555
vn 0.8623450747683394 0.1776080153992371 0.4741480411102965
vn -0.8623450747683394 -0.1776080153992371 -0.4741480411102965
vn 0.9350574316961096 0.10080793873152398 0.33986079344133896
vn -0.9350574316961096 -0.10080793873152398 -0.33986079344133896
vn 0.9783203443717569 0.07656302695041989 0.19242506773421308
vn -0.9783203443717569 -0.07656302695041989 -0.19242506773421308
vn 0.9935499807723241 0.08890899827938864 -0.07038199863793236
vn -0.9935499807723241 -0.08890899827938864 0.07038199863793236
vn 0.9926468833198252 0.09423598892307844 0.07597199106991084
vn -0.9926468833198252 -0.09423598892307844 -0.07597199106991084
vn 0.910908219344904 0.07055401698926833 -0.4065320978921279
vn -0.910908219344904 -0.07055401698926833 0.4065320978921279
vn 0.5509428110712745 0.03190998905746052 -0.8339327140286766
vn -0.5509428110712745 -0.03190998905746052 0.8339327140286766
vn 0.8385277815128105 -0.5408788590683524 -0.0657359828718018
vn -0.8385277815128105 0.5408788590683524 0.0657359828718018
vn 0.8932691601247641 -0.4448980797511022 -0.06431101152820011
vn -0.8932691601247641 0.4448980797511022 0.06431101152820011
vn 0.6597728605088572 -0.7512458411693672 -0.018150996162462508
vn -0.6597728605088572 0.7512458411693672 0.018150996162462508
vn 0.6602788508281682 -0.7510018303318081 0.005299998802610989
vn -0.6602788508281682 0.7510018303318081 -0.005299998802610989
vn 0.7225376631385693 -0.6873796795299205 -0.07381396558646114
vn -0.7225376631385693 0.6873796795299205 0.07381396558646114
vn 0.8595902615982846 -0.4566711389782922 -0.22925106976775958
vn -0.8595902615982846 0.4566711389782922 0.22925106976775958
vn 0.6116072037799092 0.6609902202337156 0.4347741448613347
vn -0.6116072037799092 -0.6609902202337156 -0.4347741448613347
vn 0.775824916359484 0.600435935267906 0.19383597910283515
vn -0.775824916359484 -0.600435935267906 -0.19383597910283515
vn 0.8445600453372513 0.5168690277463055 -0.13987400750864662
vn -0.8445600453372513 -0.5168690277463055 0.13987400750864662
vn 0.6933350067998831 -0.7205960070672454 0.005288000051861901
vn -0.6933350067998831 0.7205960070672454 -0.005288000051861901
vn 0.43116907838266505 0.7235761315396404 0.5390090979870119
vn -0.43116907838266505 -0.7235761315396404 -0.5390090979870119
vn 0.5522930837624324 0.6616351003455717 0.5071600769174248
vn -0.5522930837624324 -0.6616351003455717 -0.5071600769174248
vn 0.5415401224433186 0.6562001483681825 0.525486118813476
vn -0.5415401224433186 -0.6562001483681825 -0.525486118813476
vn -0.7234660432068404 0.6733460402135734 0.15232200909697544
vn 0.7234660432068404 -0.6733460402135734 -0.15232200909697544
vn -0.16352701542607645 -0.03266000308093233 -0.9859980930126556
vn 0.16352701542607645 0.03266000308093233 0.9859980930126556
vn -0.06810996951136225 0.007375996698220863 -0.9976505534133028
vn 0.06810996951136225 -0.007375996698220863 0.9976505534133028
vn 0 0.012470003073956121 -0.9999222464888636
vn 0 -0.012470003073956121 0.9999222464888636
vn 0.14972292046263921 0.017365990774658703 -0.9885754748386956
vn -0.14972292046263921 -0.017365990774658703 0.9885754748386956
vn -0.3303019109874455 -0.16192195636390058 -0.9298827494073266
vn 0.3303019109874455 0.16192195636390058 0.9298827494073266
vn -0.43412602951275675 -0.7818520531518679 -0.44748403042086055
vn 0.43412602951275675 0.7818520531518679 0.44748403042086055
vn -0.3581150364140341 -0.8054170818968266 -0.4722890480235338
vn 0.3581150364140341 0.8054170818968266 0.4722890480235338
vn -0.5145901528811551 -0.695205206540631 -0.5018831491059927
vn 0.5145901528811551 0.695205206540631 0.5018831491059927
vn -0.539934855661934 -0.8062837844602161 -0.24161293541083081
vn 0.539934855661934 0.8062837844602161 0.24161293541083081
vn -0.35091198741471724 -0.9326239665519084 -0.08410299698368832
vn 0.35091198741471724 0.9326239665519084 0.08410299698368832
vn -0.2700440746805642 -0.9628462662746904 0.00180700049972494
vn 0.2700440746805642 0.9628462662746904 -0.00180700049972494
vn -0.22827302751957063 -0.9722221172067306 -0.05172600623585514
vn 0.22827302751957063 0.9722221172067306 0.05172600623585514
vn 0.9335756419061256 -0.35368786433508764 -0.05780497782760447
vn -0.9335756419061256 0.35368786433508764 0.05780497782760447
vn 0.48635584492522044 0.5735938171093538 0.6591267898371271
vn -0.48635584492522044 -0.5735938171093538 -0.6591267898371271
vn 0.2625548611833432 0.8760365368264647 0.40450578613178
vn -0.2625548611833432 -0.8760365368264647 -0.40450578613178
vn 0.7890817004551742 0.5707397833403705 0.22716991376359116
vn -0.7890817004551742 -0.5707397833403705 -0.22716991376359116
vn 0.9906007113454336 0.08161497621792986 0.1097689680140409
vn -0.9906007113454336 -0.08161497621792986 -0.1097689680140409
vn 0.9954594297867151 0.09518304109500131 0.000844000364394725
vn -0.9954594297867151 -0.09518304109500131 -0.000844000364394725
vn 0.9905311369652072 0.11725901621393298 -0.07140300987321614
vn -0.9905311369652072 -0.11725901621393298 0.07140300987321614
vn 0.9742263859583696 0.08098103208218081 0.21053508340749
vn -0.9742263859583696 -0.08098103208218081 -0.21053508340749
vn 0.9096345250553783 0.09489795045123084 -0.4044247888389534
vn -0.9096345250553783 -0.09489795045123084 0.4044247888389534
vn 0.3213760326985668 0.01968200200255545 -0.9467470963272616
vn -0.3213760326985668 -0.01968200200255545 0.9467470963272616
vn 0.5652511308731746 0.044436010288315266 -0.823721190717013
vn -0.5652511308731746 -0.044436010288315266 0.823721190717013
vn 0.828050387349641 -0.5606112622456007 0.006897003226315285
vn -0.828050387349641 0.5606112622456007 -0.006897003226315285
vn 0.7914899665745879 -0.6111489741905682 0.0063689997310306425
vn -0.7914899665745879 0.6111489741905682 -0.0063689997310306425
vn 0.8855992253172832 -0.4643841181502477 0.007836001993663204
vn -0.8855992253172832 0.4643841181502477 -0.007836001993663204
vn 0.6827661574018556 -0.7296771682165102 -0.03743800863079119
vn -0.6827661574018556 0.7296771682165102 0.03743800863079119
vn 0.7844215291283703 -0.6101426337443 -0.11139493313198115
vn -0.7844215291283703 0.6101426337443 0.11139493313198115
vn 0.88047376583231 -0.4540738792361163 -0.13631896374509045
vn -0.88047376583231 0.4540738792361163 0.13631896374509045
vn 0.9587768296929662 -0.19623696514252903 -0.20551896349377258
vn -0.9587768296929662 0.19623696514252903 0.20551896349377258
vn 0.9379817621691265 -0.11357797120162752 -0.3275519169472567
vn -0.9379817621691265 0.11357797120162752 0.3275519169472567
vn 0.965103392437177 0.2268190922307858 -0.13087605321774765
vn -0.965103392437177 -0.2268190922307858 0.13087605321774765
vn 0.6777262141865934 -0.732953231640377 0.05887901860795118
vn -0.6777262141865934 0.732953231640377 -0.05887901860795118
vn 0.09776596694142152 0.9210676885502243 0.37692987254495464
vn -0.09776596694142152 -0.9210676885502243 -0.37692987254495464
vn -0.6154591347947972 0.7879921725821247 0.016685003654266648
vn 0.6154591347947972 -0.7879921725821247 -0.016685003654266648
vn 0.154251927318977 0.9705915426729023 0.1848199129158349
vn -0.154251927318977 -0.9705915426729023 -0.1848199129158349
vn 0.0621479802453354 0.01685099464365966 -0.997924682794721
vn -0.0621479802453354 -0.01685099464365966 0.997924682794721
vn 0.1601230386568286 0.01492400360294614 -0.9869842382772701
vn -0.1601230386568286 -0.01492400360294614 0.9869842382772701
vn -0.24810405210719064 -0.964150202492293 -0.09412101976744003
vn 0.24810405210719064 0.964150202492293 0.09412101976744003
vn -0.49043107178783424 -0.7886591154415636 -0.37080205427689644
vn 0.49043107178783424 0.7886591154415636 0.37080205427689644
vn -0.48425621752358344 -0.7539193386538575 -0.44396119942342005
vn 0.48425621752358344 0.7539193386538575 0.44396119942342005
vn -0.4101770766746132 -0.7687911437105261 -0.49062709171317626
vn 0.4101770766746132 0.7687911437105261 0.49062709171317626
vn -0.4568960443991038 -0.740168071926206 -0.49335304794183166
vn 0.4568960443991038 0.740168071926206 0.49335304794183166
vn -0.5477239383783218 -0.7013969210893438 -0.4561149486847908
vn 0.5477239383783218 0.7013969210893438 0.4561149486847908
vn -0.434020173413446 -0.8857163538893684 -0.16472106581456228
vn 0.434020173413446 0.8857163538893684 0.16472106581456228
vn -0.2814989210516682 -0.9581227312878109 0.05252798526816069
vn 0.2814989210516682 0.9581227312878109 -0.05252798526816069
vn -0.2620160416414268 -0.9650631533746038 0.0008390001333395704
vn 0.2620160416414268 0.9650631533746038 -0.0008390001333395704
vn -0.24828805123709996 -0.9670421995602994 -0.056413011641475115
vn 0.24828805123709996 0.9670421995602994 0.056413011641475115
vn 0.9891471786810461 -0.1378880249083019 -0.0507420091661135
vn -0.9891471786810461 0.1378880249083019 0.0507420091661135
vn 0.92906705341346 -0.3698120212610484 0.008572000492817098
vn -0.92906705341346 0.3698120212610484 -0.008572000492817098
vn 0.9976556001292404 -0.03418298629910291 -0.059285976237563
vn -0.9976556001292404 0.03418298629910291 0.059285976237563
vn 0.5138363638527963 0.37285026401909377 0.7726285471061942
vn -0.5138363638527963 -0.37285026401909377 -0.7726285471061942
vn 0.24127409042411735 0.6756602532223079 0.6966132610750255
vn -0.24127409042411735 -0.6756602532223079 -0.6966132610750255
vn 0.09931302737837089 0.9240242547327315 0.3692101017829321
vn -0.09931302737837089 -0.9240242547327315 -0.3692101017829321
vn 0.2859159104368551 0.9528117015317813 0.10198996805164773
vn -0.2859159104368551 -0.9528117015317813 -0.10198996805164773
vn 0.8056042495307184 0.5815591801342038 0.11309603503076728
vn -0.8056042495307184 -0.5815591801342038 -0.11309603503076728
vn 0.7298600867420517 0.2764310328531389 0.6252120743048964
vn -0.7298600867420517 -0.2764310328531389 -0.6252120743048964
vn 0.9961628222736107 0.06446198849927322 -0.05919698943860685
vn -0.9961628222736107 -0.06446198849927322 0.05919698943860685
vn 0.8484974302481253 0.12132906152240339 0.5151032611937344
vn -0.8484974302481253 -0.12132906152240339 -0.5151032611937344
vn 0.9668073375497225 0.10835503783092204 -0.2313930807882472
vn -0.9668073375497225 -0.10835503783092204 0.2313930807882472
vn 0.9720557622964291 0.09929297571919653 0.21271694798284205
vn -0.9720557622964291 -0.09929297571919653 -0.21271694798284205
vn 0.7762000329527969 0.07224400306704712 -0.6263340265903853
vn -0.7762000329527969 -0.07224400306704712 0.6263340265903853
vn 0.7738443086567631 -0.6295452511014132 0.06955402774242923
vn -0.7738443086567631 0.6295452511014132 -0.06955402774242923
vn 0.9099650173607677 -0.41460300791000354 0.008247000157340303
vn -0.9099650173607677 0.41460300791000354 -0.008247000157340303
vn 0.8579148658555842 -0.513738919671275 0.00737599884668142
vn -0.8579148658555842 0.513738919671275 -0.00737599884668142
vn 0.6513716846163286 -0.757371633292862 0.04585997779533772
vn -0.6513716846163286 0.757371633292862 -0.04585997779533772
vn 0.6958569902406058 -0.7179989899300644 0.016139999773636348
vn -0.6958569902406058 0.7179989899300644 -0.016139999773636348
vn 0.802110317030556 -0.5955722353972925 -0.04373501728607233
vn -0.802110317030556 0.5955722353972925 0.04373501728607233
vn 0.8157548835877076 0.5008759285225056 0.28925295872215956
vn -0.8157548835877076 -0.5008759285225056 -0.28925295872215956
vn 0.7255369531150782 -0.6851869557225352 0.06414799585469234
vn -0.7255369531150782 0.6851869557225352 -0.06414799585469234
vn 0.6587609570520808 0.6093379602742129 0.4412949712297754
vn -0.6587609570520808 -0.6093379602742129 -0.4412949712297754
vn 0.6337500813085564 0.6596960846373637 0.40393305182360423
vn -0.6337500813085564 -0.6596960846373637 -0.40393305182360423
vn 0.6774700755186098 0.6834290761828684 0.27195403031512555
vn -0.6774700755186098 -0.6834290761828684 -0.27195403031512555
vn -0.7554771949002982 0.6529161684412936 -0.05435701402318721
vn 0.7554771949002982 -0.6529161684412936 0.05435701402318721
vn -0.17726901028151426 0.009346000542063592 -0.9841180570783569
vn 0.17726901028151426 -0.009346000542063592 0.9841180570783569
vn -0.3316909937786379 0.006743999873506377 -0.9433639823057935
vn 0.3316909937786379 -0.006743999873506377 0.9433639823057935
vn -0.0621479802453354 0.01685099464365966 -0.997924682794721
vn 0.0621479802453354 -0.01685099464365966 0.997924682794721
vn 0 0.015289001779563691 -0.9998831163814023
vn 0 -0.015289001779563691 0.9998831163814023
vn -0.5557571250417548 -0.14215803198463658 -0.8191001842922382
vn 0.5557571250417548 0.14215803198463658 0.8191001842922382
vn -0.5182819833963186 -0.8280079734739368 -0.2139779931450013
vn 0.5182819833963186 0.8280079734739368 0.2139779931450013
vn -0.7278912162616077 -0.3959831176493735 -0.5597961663193843
vn 0.7278912162616077 0.3959831176493735 0.5597961663193843
vn -0.5016698505124402 -0.7364277805592825 -0.4538738647546861
vn 0.5016698505124402 0.7364277805592825 0.4538738647546861
vn -0.36742201898157323 -0.7831130404567954 -0.50173202592023
vn 0.36742201898157323 0.7831130404567954 0.50173202592023
vn -0.3482621572710466 -0.7852283545997821 -0.5119862312068907
vn 0.3482621572710466 0.7852283545997821 0.5119862312068907
vn -0.5311444070474525 -0.7094615437024474 -0.4631953549740652
vn 0.5311444070474525 0.7094615437024474 0.4631953549740652
vn -0.5603729488004072 -0.656806939989523 -0.5045659538993247
vn 0.5603729488004072 0.656806939989523 0.5045659538993247
vn -0.5825431623181018 -0.6621611845026316 -0.4713661313400632
vn 0.5825431623181018 0.6621611845026316 0.4713661313400632
vn -0.5444713487596008 -0.7357394712758619 -0.40278825800489304
vn 0.5444713487596008 0.7357394712758619 0.40278825800489304
vn -0.5229070502233945 -0.7854630754409828 -0.33108303179936815
vn 0.5229070502233945 0.7854630754409828 0.33108303179936815
vn -0.45738421862948003 -0.8589594105822669 -0.23019211003173998
vn 0.45738421862948003 0.8589594105822669 0.23019211003173998
vn -0.3327969985067399 -0.9424059957714244 -0.033422999850031214
vn 0.3327969985067399 0.9424059957714244 0.033422999850031214
vn -0.31780989709936924 -0.9452146939579633 0.07460597584404355
vn 0.31780989709936924 0.9452146939579633 -0.07460597584404355
vn -0.2640709145865406 -0.9642886881018385 0.020343993419756522
vn 0.2640709145865406 0.9642886881018385 -0.020343993419756522
vn -0.2503990712001096 -0.967759275179002 -0.027245007747023913
vn 0.2503990712001096 0.967759275179002 0.027245007747023913
vn 0.9982638028848454 -0.031047993869325816 -0.0500539901164402
vn -0.9982638028848454 0.031047993869325816 0.0500539901164402
vn 0.9895245200892769 -0.14405507571464743 0.009453004968453423
vn -0.9895245200892769 0.14405507571464743 -0.009453004968453423
vn 0.9573876657932572 -0.28866589923194813 0.008991996861056235
vn -0.9573876657932572 0.28866589923194813 -0.008991996861056235
vn 0.0929930278999119 0.985858295778729 0.1394120418266164
vn -0.0929930278999119 -0.985858295778729 -0.1394120418266164
vn 0.0689550219796581 0.9959583174652501 0.05755201834491042
vn -0.0689550219796581 -0.9959583174652501 -0.05755201834491042
vn 0.7178686830718145 0.17829692128460098 0.6729597028984513
vn -0.7178686830718145 -0.17829692128460098 -0.6729597028984513
vn 0.8283504831720001 0.5593976509782091 -0.03016198118120672
vn -0.8283504831720001 -0.5593976509782091 0.03016198118120672
vn 0.8450597321731489 0.11142396468612979 0.5229328342656158
vn -0.8450597321731489 -0.11142396468612979 -0.5229328342656158
vn 0.9294421346812871 0.10498701521319696 0.353716051255405
vn -0.9294421346812871 -0.10498701521319696 -0.353716051255405
vn 0.9645471763375664 0.13039302383832446 -0.2294480419474654
vn -0.9645471763375664 -0.13039302383832446 0.2294480419474654
vn 0.9896741736774413 0.12247202149255569 0.07446901306853104
vn -0.9896741736774413 -0.12247202149255569 -0.07446901306853104
vn 0.9691286733634733 0.12586095757964116 0.2120109285435307
vn -0.9691286733634733 -0.12586095757964116 -0.2120109285435307
vn 0.321030956626955 0.017614997620117312 -0.9469048720679525
vn -0.321030956626955 -0.017614997620117312 0.9469048720679525
vn 0.1491629480819058 0.004865998306326545 -0.9888006558351371
vn -0.1491629480819058 -0.004865998306326545 0.9888006558351371
vn 0.7769086973898484 0.08717696604409901 -0.623548757124377
vn -0.7769086973898484 -0.08717696604409901 0.623548757124377
vn 0.8970598376317356 -0.4334999215363046 0.08579898447034223
vn -0.8970598376317356 0.4334999215363046 -0.08579898447034223
vn 0.8416304350531921 -0.5343652762225669 0.07817904041208536
vn -0.8416304350531921 0.5343652762225669 -0.07817904041208536
vn 0.6485088589733334 -0.7592468348919236 0.05459398812782868
vn -0.6485088589733334 0.7592468348919236 -0.05459398812782868
vn 0.7396649084953202 -0.6728939167556258 -0.01046899870486993
vn -0.7396649084953202 0.6728939167556258 0.01046899870486993
vn 0.9596642440133787 -0.2513580639126974 -0.12595103202551008
vn -0.9596642440133787 0.2513580639126974 0.12595103202551008
vn 0.7808431184402452 0.5137190779221998 0.35549505392238273
vn -0.7808431184402452 -0.5137190779221998 -0.35549505392238273
vn 0.9231002663726207 0.34209309871542504 0.17566505069044142
vn -0.9231002663726207 -0.34209309871542504 -0.17566505069044142
vn 0.8550972630403575 0.42895913195406915 0.2912090895801524
vn -0.8550972630403575 -0.42895913195406915 -0.2912090895801524
vn 0.9269341036423618 0.3670440410399306 0.07792200871261622
vn -0.9269341036423618 -0.3670440410399306 -0.07792200871261622
vn 0.700090038332381 -0.703052038494561 0.12486700683690571
vn -0.700090038332381 0.703052038494561 -0.12486700683690571
vn 0.7131728853367859 0.6031019030338869 0.357284942556089
vn -0.7131728853367859 -0.6031019030338869 -0.357284942556089
vn -0.03816100541174613 0.8683941231500188 -0.49440407011317644
vn 0.03816100541174613 -0.8683941231500188 0.49440407011317644
vn 0.41363401828138313 0.8829170390222852 -0.2221810098197341
vn -0.41363401828138313 -0.8829170390222852 0.2221810098197341
vn 0.25492393608726327 0.966956757571401 -0.0029009992726816464
vn -0.25492393608726327 -0.966956757571401 0.0029009992726816464
vn -0.1497219428798919 0.017365993374736082 -0.9885756228505632
vn 0.1497219428798919 -0.017365993374736082 0.9885756228505632
vn 0.056318991923237624 0.00936999865623944 -0.9983688568229341
vn -0.056318991923237624 -0.00936999865623944 0.9983688568229341
vn -0.5636820983859275 -0.6986331219404835 -0.44065207691208136
vn 0.5636820983859275 0.6986331219404835 0.44065207691208136
vn -0.450190995929148 -0.7684479930513091 -0.4547699958877426
vn 0.450190995929148 0.7684479930513091 0.4547699958877426
vn -0.5847151634229409 -0.6575361837757999 -0.47513613279652916
vn 0.5847151634229409 0.6575361837757999 0.47513613279652916
vn -0.6292878435785695 -0.6189368461515061 -0.47001488316888523
vn 0.6292878435785695 0.6189368461515061 0.47001488316888523
vn -0.3763391728033213 -0.9191294220358346 -0.11649005348863387
vn 0.3763391728033213 0.9191294220358346 0.11649005348863387
vn -0.6002409996821724 -0.7644929995952009 0.23507699987552658
vn 0.6002409996821724 0.7644929995952009 -0.23507699987552658
vn -0.5509008484224069 -0.829739771701282 0.08966697532858328
vn 0.5509008484224069 0.829739771701282 -0.08966697532858328
vn -0.535206189639375 -0.8437312989589422 -0.04088801448783248
vn 0.535206189639375 0.8437312989589422 0.04088801448783248
vn 0.9485170398652234 -0.3028220127273066 0.09281300390083774
vn -0.9485170398652234 0.3028220127273066 -0.09281300390083774
vn 0.27371795010655975 0.41981092347666177 0.8653538422628834
vn -0.27371795010655975 -0.41981092347666177 -0.8653538422628834
vn 0.09634099989426574 0.7482949991787461 0.6563329992796746
vn -0.09634099989426574 -0.7482949991787461 -0.6563329992796746
vn 0.09689099939976027 0.9543549940877708 0.2825219982497765
vn -0.09689099939976027 -0.9543549940877708 -0.2825219982497765
vn 0.06730699266639875 0.9971288913553347 0.03469499621972037
vn -0.06730699266639875 -0.9971288913553347 -0.03469499621972037
vn 0.24915907877950372 0.966920305722361 0.05463401727426848
vn -0.24915907877950372 -0.966920305722361 -0.05463401727426848
vn 0.8336693017962618 0.5521861998966863 0.009268003355105992
vn -0.8336693017962618 -0.5521861998966863 -0.009268003355105992
vn 0.9793630067483009 0.1979310013638436 -0.04088300028170428
vn -0.9793630067483009 -0.1979310013638436 0.04088300028170428
vn 0.7190789645253187 0.12245099395906388 0.6840549662531751
vn -0.7190789645253187 -0.12245099395906388 -0.6840549662531751
vn 0.9863515977062263 0.14710894000008642 -0.07395596983628729
vn -0.9863515977062263 -0.14710894000008642 0.07395596983628729
vn 0.9859409476992849 0.14695599220449915 0.0795259957814244
vn -0.9859409476992849 -0.14695599220449915 -0.0795259957814244
vn 0.9097082712595818 0.12073903600233342 -0.39730711847024613
vn -0.9097082712595818 -0.12073903600233342 0.39730711847024613
vn 0.5515771903948263 0.051065017626753674 -0.8325592873849458
vn -0.5515771903948263 -0.051065017626753674 0.8325592873849458
vn 0.8101609014419068 -0.5815219292564077 0.07396999100136607
vn -0.8101609014419068 0.5815219292564077 -0.07396999100136607
vn 0.8701719514539784 -0.4858629728941914 0.08208499542056022
vn -0.8701719514539784 0.4858629728941914 -0.08208499542056022
vn 0.6318648200515594 -0.7682747812034404 0.10247297081677785
vn -0.6318648200515594 0.7682747812034404 -0.10247297081677785
vn 0.6592560539334105 -0.7458130610145962 0.09562600782311606
vn -0.6592560539334105 0.7458130610145962 -0.09562600782311606
vn 0.7465259421438686 -0.6633779485878794 0.051270996026472185
vn -0.7465259421438686 0.6633779485878794 -0.051270996026472185
vn 0.8842607672546383 -0.4630158781300698 -0.06082098399137184
vn -0.8842607672546383 0.4630158781300698 0.06082098399137184
vn 0.9494007143590716 -0.31017190668029837 -0.04931198516377653
vn -0.9494007143590716 0.31017190668029837 0.04931198516377653
vn 0.9925992739504893 -0.09413302598005982 -0.07671802117363977
vn -0.9925992739504893 0.09413302598005982 0.07671802117363977
vn 0.9925199735265151 0.05123499863340893 -0.1108109970443383
vn -0.9925199735265151 -0.05123499863340893 0.1108109970443383
vn 0.9899053839477465 0.1412650547914986 0.011468004448015505
vn -0.9899053839477465 -0.1412650547914986 -0.011468004448015505
vn 0.6533757947792688 -0.7483367649526975 0.11442096406118163
vn -0.6533757947792688 0.7483367649526975 -0.11442096406118163
vn 0.7110561458113214 0.694257142366467 0.11138302284053929
vn -0.7110561458113214 -0.694257142366467 -0.11138302284053929
vn -0.8566409460376186 0.509835967883904 -0.07895299502651404
vn 0.8566409460376186 -0.509835967883904 0.07895299502651404
vn 0.7698227744500432 0.637148813322115 -0.03760698898154857
vn -0.7698227744500432 -0.637148813322115 0.03760698898154857
vn -0.32788899336188737 0.019644999602287192 -0.9445119808783551
vn 0.32788899336188737 -0.019644999602287192 0.9445119808783551
vn -0.5359751295213535 0.01546000373599557 -0.8440922039795482
vn 0.5359751295213535 -0.01546000373599557 0.8440922039795482
vn -0.05631799509512523 0.009369999183943604 -0.9983689130495592
vn 0.05631799509512523 -0.009369999183943604 0.9983689130495592
vn -0.16012206429574685 0.014924005992616637 -0.9869843963157681
vn 0.16012206429574685 -0.014924005992616637 0.9869843963157681
vn 0 0.00934600303907791 -0.999956325159851
vn 0 -0.00934600303907791 0.999956325159851
vn -0.789159176801269 0.01816200406897058 -0.6139201375411483
vn 0.789159176801269 -0.01816200406897058 0.6139201375411483
vn -0.5262811211430864 -0.8419571938076229 -0.1188960273683232
vn 0.5262811211430864 0.8419571938076229 0.1188960273683232
vn -0.8971226719245416 -0.22434491795763925 -0.3805788608232875
vn 0.8971226719245416 0.22434491795763925 0.3805788608232875
vn -0.6070381195507062 -0.6559051291746247 -0.44865708835898455
vn 0.6070381195507062 0.6559051291746247 0.44865708835898455
vn -0.39768314306454805 -0.7469852687242637 -0.5327861916672031
vn 0.39768314306454805 0.7469852687242637 0.5327861916672031
vn -0.3284001474553117 -0.7640233430549621 -0.55535724936157
vn 0.3284001474553117 0.7640233430549621 0.55535724936157
vn -0.4154210177760735 -0.7730670330799255 -0.4793670205123552
vn 0.4154210177760735 0.7730670330799255 0.4793670205123552
vn -0.4859357966764873 -0.7426406892669469 -0.46081580718710335
vn 0.4859357966764873 0.7426406892669469 0.46081580718710335
vn -0.6664926526994336 -0.641057665953271 -0.38056880169059665
vn 0.6664926526994336 0.641057665953271 0.38056880169059665
vn -0.5921949263602694 -0.689225914294418 -0.41745994808865006
vn 0.5921949263602694 0.689225914294418 0.41745994808865006
vn -0.4444077502151391 -0.881418504587851 -0.1600099100644554
vn 0.4444077502151391 0.881418504587851 0.1600099100644554
vn -0.4351669692517558 -0.8948079367742157 0.09974199295238044
vn 0.4351669692517558 0.8948079367742157 -0.09974199295238044
vn -0.6271452417134248 -0.7260832798459826 0.2819431086661108
vn 0.6271452417134248 0.7260832798459826 -0.2819431086661108
vn -0.5587688314946234 -0.8148767542613213 0.15412095352244443
vn 0.5587688314946234 0.8148767542613213 -0.15412095352244443
vn -0.5419208397575539 -0.8399847516220057 0.027338991916038804
vn 0.5419208397575539 0.8399847516220057 -0.027338991916038804
vn 0.9994620631190296 -0.0313550019801625 0.009615000607216146
vn -0.9994620631190296 0.0313550019801625 -0.009615000607216146
vn 0.9171016964902879 -0.3886458713798077 0.08876297062438784
vn -0.9171016964902879 0.3886458713798077 -0.08876297062438784
vn 0.5257050883316049 0.2218450372755153 0.8212301379872056
vn -0.5257050883316049 -0.2218450372755153 -0.8212301379872056
vn 0.12891600453416935 0.3917950137800184 0.9109760320403942
vn -0.12891600453416935 -0.3917950137800184 -0.9109760320403942
vn 0.31441700299922387 0.21709300207085 0.9241280088152571
vn -0.31441700299922387 -0.21709300207085 -0.9241280088152571
vn 0.07786999158906797 0.9937348926642157 0.0801699913406395
vn -0.07786999158906797 -0.9937348926642157 -0.0801699913406395
vn 0.30045491250303547 0.953601722296915 0.019250994393822697
vn -0.30045491250303547 -0.953601722296915 -0.019250994393822697
vn 0.7127031388951649 0.7012391366610026 -0.01783000347480041
vn -0.7127031388951649 -0.7012391366610026 0.01783000347480041
vn 0.834526950805055 0.14149299165905904 0.5324889686100425
vn -0.834526950805055 -0.14149299165905904 -0.5324889686100425
vn 0.6984649841165572 0.1341099969502715 0.7029659840142023
vn -0.6984649841165572 -0.1341099969502715 -0.7029659840142023
vn 0.5363911864681142 0.14573705066323536 0.8312912889855818
vn -0.5363911864681142 -0.14573705066323536 -0.8312912889855818
vn 0.9652930225868915 0.1318430030849945 -0.2254480052752579
vn -0.9652930225868915 -0.1318430030849945 0.2254480052752579
vn 0.9208247653453342 0.13049896674482198 0.36749390635117235
vn -0.9208247653453342 -0.13049896674482198 -0.36749390635117235
vn 0.3258969735909398 0.01476899880319444 -0.9452899233984341
vn -0.3258969735909398 -0.01476899880319444 0.9452899233984341
vn 0.15965798219063204 -0.004330999516889804 -0.9871628898849472
vn -0.15965798219063204 0.004330999516889804 0.9871628898849472
vn 0.060745018354869396 -0.00017100005166958933 -0.9981533016045427
vn -0.060745018354869396 0.00017100005166958933 0.9981533016045427
vn 0.7825996000928802 0.08833895485893824 -0.6162256851096797
vn -0.7825996000928802 -0.08833895485893824 0.6162256851096797
vn 0.7854288558757817 -0.6016248896033469 0.14542697331451626
vn -0.7854288558757817 0.6016248896033469 -0.14542697331451626
vn 0.7477384295575316 -0.6500263734243331 0.13547307782598633
vn -0.7477384295575316 0.6500263734243331 -0.13547307782598633
vn 0.8472758757635238 -0.5054989258784452 0.16307797608779648
vn -0.8472758757635238 0.5054989258784452 -0.16307797608779648
vn 0.6989830157417968 -0.7109550160114182 0.07723800173947691
vn -0.6989830157417968 0.7109550160114182 -0.07723800173947691
vn 0.8026240112993409 -0.5959280083894746 0.02577800036290256
vn -0.8026240112993409 0.5959280083894746 -0.02577800036290256
vn 0.8711417442336925 -0.4907948559031422 0.015246995523497908
vn -0.8711417442336925 0.4907948559031422 -0.015246995523497908
vn 0.8978821990174073 0.3688260817510477 0.24036405327717913
vn -0.8978821990174073 -0.3688260817510477 -0.24036405327717913
vn 0.9560909859325554 0.24826099634721183 0.15574499770844602
vn -0.9560909859325554 -0.24826099634721183 -0.15574499770844602
vn 0.6217257879355872 -0.7648397391208578 0.1687519424404096
vn -0.6217257879355872 0.7648397391208578 -0.1687519424404096
vn 0.82631879170613 0.4897878765369814 0.27803792991373677
vn -0.82631879170613 -0.4897878765369814 -0.27803792991373677
vn 0.7543867823613307 0.6133448230515774 0.23389893252075258
vn -0.7543867823613307 -0.6133448230515774 -0.23389893252075258
vn 0.7784537656041034 0.6209178130388805 0.09203697228725778
vn -0.7784537656041034 -0.6209178130388805 -0.09203697228725778
vn 0.8205567579398949 0.27264491957112397 -0.5023458518105072
vn -0.8205567579398949 -0.27264491957112397 0.5023458518105072
vn -0.9617342717606577 0.2679360757116454 -0.0572490161770571
vn 0.9617342717606577 -0.2679360757116454 0.0572490161770571
vn 0.7083550929369026 0.4738330621673758 -0.5231780686414902
vn -0.7083550929369026 -0.4738330621673758 0.5231780686414902
vn 0 -0.0015119997836742047 -0.9999988569276739
vn 0 0.0015119997836742047 0.9999988569276739
vn -0.8618799795057872 -0.4686089888571813 -0.19382599539110876
vn 0.8618799795057872 0.4686089888571813 0.19382599539110876
vn -0.3940009101321457 -0.8016838171435582 -0.4495178974692499
vn 0.3940009101321457 0.8016838171435582 0.4495178974692499
vn -0.5170599489845412 -0.7717749238532168 -0.3701519634791436
vn 0.5170599489845412 0.7717749238532168 0.3701519634791436
vn -0.5696351150079173 -0.7372421488473617 -0.3633040733501918
vn 0.5696351150079173 0.7372421488473617 0.3633040733501918
vn -0.6173957668071933 -0.6917437387256722 -0.3745838585182052
vn 0.6173957668071933 0.6917437387256722 0.3745838585182052
vn -0.664023999364861 -0.6345709993930327 -0.39546399962173884
vn 0.664023999364861 0.6345709993930327 0.39546399962173884
vn -0.5772387475980835 -0.7467626734724916 -0.330364855545521
vn 0.5772387475980835 0.7467626734724916 0.330364855545521
vn -0.4897676964832162 -0.8706014604745125 -0.04669797106052933
vn 0.4897676964832162 0.8706014604745125 0.04669797106052933
vn -0.8612722622316055 -0.27651008418903816 0.4263241298029274
vn 0.8612722622316055 0.27651008418903816 -0.4263241298029274
vn -0.9039588582077366 -0.32551294894101945 0.27730795650230927
vn 0.9039588582077366 0.32551294894101945 -0.27730795650230927
vn -0.9126450257753775 -0.402831011376955 0.0693270019579678
vn 0.9126450257753775 0.402831011376955 -0.0693270019579678
vn 0.989884215180559 0.14158103077681702 0.009168001992935937
vn -0.989884215180559 -0.14158103077681702 -0.009168001992935937
vn 0.995091222672583 -0.037064008293851154 0.09175902053301008
vn -0.995091222672583 0.037064008293851154 -0.09175902053301008
vn 0.9835881560811908 -0.15207402413194449 0.09709701540788965
vn -0.9835881560811908 0.15207402413194449 -0.09709701540788965
vn 0.896937541981652 -0.40491479323152846 0.17761490930150248
vn -0.896937541981652 0.40491479323152846 -0.17761490930150248
vn 0.05372499099969478 0.4649509221088706 0.8837048519569154
vn -0.05372499099969478 -0.4649509221088706 -0.8837048519569154
vn 0.07985704023953351 0.846211426401391 0.5268292654664365
vn -0.07985704023953351 -0.846211426401391 -0.5268292654664365
vn 0.07739802591096716 0.9810533284326735 0.17760605945816754
vn -0.07739802591096716 -0.9810533284326735 -0.17760605945816754
vn 0.1792060566774189 0.9838003111460817 0.004705001488048922
vn -0.1792060566774189 -0.9838003111460817 -0.004705001488048922
vn 0.6207599320376544 0.7838139141860979 0.01711299812642646
vn -0.6207599320376544 -0.7838139141860979 -0.01711299812642646
vn 0.5402897873182089 0.134701946975397 0.8306276730284646
vn -0.5402897873182089 -0.134701946975397 -0.8306276730284646
vn 0.9888387091776342 0.12741696252603976 -0.07721997728922188
vn -0.9888387091776342 -0.12741696252603976 0.07721997728922188
vn 0.9878325459912786 0.14427193369249028 0.058072973309609574
vn -0.9878325459912786 -0.14427193369249028 -0.058072973309609574
vn 0.9666874747021689 0.14997991850093437 0.20741588729023747
vn -0.9666874747021689 -0.14997991850093437 -0.20741588729023747
vn 0.9218901762073395 0.1545350295373647 0.35529906791080446
vn -0.9218901762073395 -0.1545350295373647 -0.35529906791080446
vn 0.9144583318967677 0.10551503829600432 -0.3906821417955696
vn -0.9144583318967677 -0.10551503829600432 0.3906821417955696
vn 0.5586470289633353 0.04466400231562778 -0.8282020429385502
vn -0.5586470289633353 -0.04466400231562778 0.8282020429385502
vn 0.06096300204905799 -0.009788000328989157 -0.9980920335473711
vn -0.06096300204905799 0.009788000328989157 0.9980920335473711
vn 0.7135468913032696 -0.6697358979771292 0.20568096866800323
vn -0.7135468913032696 0.6697358979771292 -0.20568096866800323
vn 0.8746930906208329 -0.4535160469856254 0.17098301771435437
vn -0.8746930906208329 0.4535160469856254 -0.17098301771435437
vn 0.8163582926036816 -0.5565881994954394 0.15417105525884736
vn -0.8163582926036816 0.5565881994954394 -0.15417105525884736
vn 0.6056209256836551 -0.778765904436863 0.16354497993123304
vn -0.6056209256836551 0.778765904436863 -0.16354497993123304
vn 0.6910731956397397 -0.7086642006196746 0.14217204024827035
vn -0.6910731956397397 0.7086642006196746 -0.14217204024827035
vn 0.7886322085818116 -0.6070581605581024 0.09767102583257338
vn -0.7886322085818116 0.6070581605581024 -0.09767102583257338
vn 0.9838121357690356 -0.17567102424313003 -0.03540300488572126
vn -0.9838121357690356 0.17567102424313003 0.03540300488572126
vn 0.913776995624379 0.3553619982983491 0.1967979990576329
vn -0.913776995624379 -0.3553619982983491 -0.1967979990576329
vn 0.9882467236531485 0.13608696194553183 0.06963298052828869
vn -0.9882467236531485 -0.13608696194553183 -0.06963298052828869
vn 0.6644119886770911 -0.7234579876708291 0.18752399680421591
vn -0.6644119886770911 0.7234579876708291 -0.18752399680421591
vn 0.8461480303170613 0.49936601789203494 0.18619100667113087
vn -0.8461480303170613 -0.49936601789203494 -0.18619100667113087
vn 0.8555369935210185 0.42758399676190656 -0.29193899778914595
vn 0.9783939617717027 0.2009969921465452 0.04842999810771898
vn -0.9783939617717027 -0.2009969921465452 -0.04842999810771898
vn -0.8555369935210185 -0.42758399676190656 0.29193899778914595
vn 0.8392124466961198 0.21304011339702184 -0.5003362663190587
vn -0.8392124466961198 -0.21304011339702184 0.5003362663190587
vn 0.9271850518175926 0.3166200176949434 0.20019901118852254
vn -0.9271850518175926 -0.3166200176949434 -0.20019901118852254
vn 0.7064620304350914 0.24623701060813702 -0.6635350285857532
vn -0.7064620304350914 -0.24623701060813702 0.6635350285857532
vn 0.823426785125985 0.3954568968051409 -0.4069178938143824
vn -0.823426785125985 -0.3954568968051409 0.4069178938143824
vn 0.8286787529323671 0.5177258456418742 -0.2127239365771122
vn -0.8286787529323671 -0.5177258456418742 0.2127239365771122
vn -0.5823881298687819 0.027005006021941662 -0.8124621811738055
vn 0.5823881298687819 -0.027005006021941662 0.8124621811738055
vn -0.3213760326985668 0.01968200200255545 -0.9467470963272616
vn 0.3213760326985668 -0.01968200200255545 0.9467470963272616
vn -0.1491629480819058 0.004865998306326545 -0.9888006558351371
vn 0.1491629480819058 -0.004865998306326545 0.9888006558351371
vn -0.9195416873494426 0.021808992584791204 -0.39238686658574135
vn 0.9195416873494426 -0.021808992584791204 0.39238686658574135
vn -0.9743576169878908 0.02458399033623202 -0.2236579120818813
vn 0.9743576169878908 -0.02458399033623202 0.2236579120818813
vn 0.885005081798811 0.43056803979632924 0.17713601637223997
vn 0.7533128600894755 0.5062769059707177 0.41976592203814195
vn 0.5908658880793759 0.6915638690053674 0.4154719213021473
vn -0.5908658880793759 -0.6915638690053674 -0.4154719213021473
vn -0.7533128600894755 -0.5062769059707177 -0.41976592203814195
vn -0.885005081798811 -0.43056803979632924 -0.17713601637223997
vn -0.5691709748343904 -0.39991798231782655 -0.7184079682359517
vn 0.5691709748343904 0.39991798231782655 0.7184079682359517
vn -0.34174096428755846 -0.6532089317386903 -0.6756709293913782
vn 0.34174096428755846 0.6532089317386903 0.6756709293913782
vn -0.41956327466341165 -0.7145504677741858 -0.5598073664729744
vn 0.41956327466341165 0.7145504677741858 0.5598073664729744
vn -0.49780622340527825 -0.7577293400534706 -0.4219421893590475
vn 0.49780622340527825 0.7577293400534706 0.4219421893590475
vn -0.6760559035738153 -0.6930179011545171 -0.2503489642926047
vn 0.6760559035738153 0.6930179011545171 0.2503489642926047
vn -0.711395184344925 -0.5887761525704671 -0.38374409944019705
vn 0.711395184344925 0.5887761525704671 0.38374409944019705
vn -0.7493049365949429 -0.5580539527783135 -0.35653596983046243
vn 0.7493049365949429 0.5580539527783135 0.35653596983046243
vn -0.6306088164042606 -0.7426737837776147 -0.22531793440083364
vn 0.6306088164042606 0.7426737837776147 0.22531793440083364
vn -0.5199380522667754 -0.8513910855860932 0.06926500696286497
vn 0.5199380522667754 0.8513910855860932 -0.06926500696286497
vn -0.6788549020093385 -0.6737749027426212 0.2918619578706048
vn 0.6788549020093385 0.6737749027426212 -0.2918619578706048
vn -0.8787032418468447 -0.21114805811460485 0.4281321178354612
vn 0.8787032418468447 0.21114805811460485 -0.4281321178354612
vn -0.8767579612411616 -0.3008349867009881 0.3752249834124294
vn 0.8767579612411616 0.3008349867009881 -0.3752249834124294
vn -0.9227159155987176 -0.34203796871361747 0.17777898373846812
vn 0.9227159155987176 0.34203796871361747 -0.17777898373846812
vn -0.9696190051365566 -0.2359880012501464 -0.06441000034121203
vn 0.9696190051365566 0.2359880012501464 0.06441000034121203
vn 0.9679101448080796 -0.1582510236757792 0.19520902920502978
vn -0.9679101448080796 0.1582510236757792 -0.19520902920502978
vn 0.9298379183769713 -0.317377972139928 0.18620598365446694
vn -0.9298379183769713 0.317377972139928 -0.18620598365446694
vn 0.1580630717402607 0.20166009152768796 0.966617438719723
vn -0.1580630717402607 -0.20166009152768796 -0.966617438719723
vn 0.06984102156949491 0.17301805343438462 0.982439303413654
vn -0.06984102156949491 -0.17301805343438462 -0.982439303413654
vn 0.05479297598372336 0.9973965628317071 0.04688097945162606
vn -0.05479297598372336 -0.9973965628317071 -0.04688097945162606
vn 0.04510802270751967 0.9988435028209424 0.01664100837713587
vn -0.04510802270751967 -0.9988435028209424 -0.01664100837713587
vn 0.6693768487054537 0.16265396323646727 0.7248988361562089
vn -0.6693768487054537 -0.16265396323646727 -0.7248988361562089
vn 0.534689970521206 0.15611899139276977 0.8305019542123523
vn -0.534689970521206 -0.15611899139276977 -0.8305019542123523
vn 0.35585998319700374 0.13470599363945235 0.9247799563337411
vn -0.35585998319700374 -0.13470599363945235 -0.9247799563337411
vn 0.9642001874766921 0.14498502819052922 -0.2220300431709707
vn -0.9642001874766921 -0.14498502819052922 0.2220300431709707
vn 0.9672748706003946 0.15827097882690547 0.19831697346965288
vn -0.9672748706003946 -0.15827097882690547 -0.19831697346965288
vn 0.3440701193032379 0.04778301656833402 -0.9377273251485667
vn -0.3440701193032379 -0.04778301656833402 0.9377273251485667
vn 0.17530005686804886 0.01664600540003183 -0.9843743193350184
vn -0.17530005686804886 -0.01664600540003183 0.9843743193350184
vn 0.06231102122179775 0.011429003892473887 -0.9979913398944513
vn -0.06231102122179775 -0.011429003892473887 0.9979913398944513
vn 0.7855398697586787 0.10961098182666527 -0.6090258990244278
vn -0.7855398697586787 -0.10961098182666527 0.6090258990244278
vn 0.8426437974276128 -0.4695548871185492 0.26357093663729075
vn -0.8426437974276128 0.4695548871185492 -0.26357093663729075
vn 0.7832999944836098 -0.5750789959500062 0.23606199833753325
vn -0.7832999944836098 0.5750789959500062 -0.23606199833753325
vn 0.6420322172316376 -0.7506242539737594 0.15607005280631114
vn -0.6420322172316376 0.7506242539737594 -0.15607005280631114
vn 0.736678037443504 -0.6652950338152842 0.12119400615998836
vn -0.736678037443504 0.6652950338152842 -0.12119400615998836
vn 0.9218676875440627 -0.38727386873819175 0.013375995466367531
vn -0.9218676875440627 0.38727386873819175 -0.013375995466367531
vn 0.9991197487149204 -0.03463799128832113 -0.02366299404860394
vn -0.9991197487149204 0.03463799128832113 0.02366299404860394
vn 0.9364808135382603 -0.35058893019459564 0.009543998099704194
vn -0.9364808135382603 0.35058893019459564 -0.009543998099704194
vn 0.9924017717491073 0.10835697507806111 0.05828798659385207
vn -0.9924017717491073 -0.10835697507806111 -0.05828798659385207
vn 0.9995689438212282 -0.027141998474538295 -0.011190999371032283
vn -0.9995689438212282 0.027141998474538295 0.011190999371032283
vn 0.6159842468973153 -0.7461222990589346 0.2527151012926553
vn -0.6159842468973153 0.7461222990589346 -0.2527151012926553
vn 0.8018999982678959 0.5939759987170118 -0.06441199986086994
vn -0.8018999982678959 -0.5939759987170118 0.06441199986086994
vn 0.813291451463903 0.2601241443967736 -0.520473288918446
vn -0.813291451463903 -0.2601241443967736 0.520473288918446
vn 0.6740961145690484 0.022393003805904216 -0.7383041254818107
vn -0.6740961145690484 -0.022393003805904216 0.7383041254818107
vn -0.9500985084258097 0.21754688744279244 -0.22357588432343237
vn 0.9500985084258097 -0.21754688744279244 0.22357588432343237
vn -0.9779373742747967 0.2021870773807498 -0.05252502010230072
vn 0.9779373742747967 -0.2021870773807498 0.05252502010230072
vn 0.8223587083172303 0.5263138133215235 -0.2161479233343985
vn -0.8223587083172303 -0.5263138133215235 0.2161479233343985
vn -0.5509421146089188 0.03191000663803214 -0.8339331734777156
vn 0.5509421146089188 -0.03191000663803214 0.8339331734777156
vn -0.7608886534476351 0.03937498206637333 -0.6476867050062998
vn 0.7608886534476351 -0.03937498206637333 0.6476867050062998
vn -0.060745018354869396 -0.00017100005166958933 -0.9981533016045427
vn 0.060745018354869396 0.00017100005166958933 0.9981533016045427
vn -0.9142176758193838 0.050892981953402784 -0.4020148574459589
vn 0.9142176758193838 -0.050892981953402784 0.4020148574459589
vn 0.8771112097958169 0.326032077983459 0.35267408435594805
vn -0.8771112097958169 -0.326032077983459 -0.35267408435594805
vn -0.23219697268469805 -0.8468579003769128 -0.47845194371563454
vn 0.23219697268469805 0.8468579003769128 0.47845194371563454
vn -0.5812521154642911 -0.7649801519614098 -0.27740105510503177
vn 0.5812521154642911 0.7649801519614098 0.27740105510503177
vn -0.5971088324121745 -0.7651507852486025 -0.2408429324037076
vn 0.5971088324121745 0.7651507852486025 0.2408429324037076
vn -0.7291228985888552 -0.6327879119877502 -0.26068996374154807
vn 0.7291228985888552 0.6327879119877502 0.26068996374154807
vn -0.7718265528339261 -0.5797716641030061 -0.2610528487562044
vn 0.7718265528339261 0.5797716641030061 0.2610528487562044
vn -0.756491611820046 -0.592309696067019 -0.2772898577137373
vn 0.756491611820046 0.592309696067019 0.2772898577137373
vn -0.6673702646333846 -0.6709342660466237 -0.32320912816262604
vn 0.6673702646333846 0.6709342660466237 0.32320912816262604
vn -0.7502257985591484 -0.6516168250363445 -0.11205696991192335
vn 0.7502257985591484 0.6516168250363445 0.11205696991192335
vn -0.6841627736964381 -0.7274937593636553 0.051711982894997385
vn 0.6841627736964381 0.7274937593636553 -0.051711982894997385
vn -0.7693659292529593 -0.5904649457037985 0.24377697758348896
vn 0.7693659292529593 0.5904649457037985 -0.24377697758348896
vn -0.883121433186624 0.043940021553354705 0.46708222911206354
vn 0.883121433186624 -0.043940021553354705 -0.46708222911206354
vn -0.9194408010633738 0.009322997982811027 0.39311791494226533
vn 0.9194408010633738 -0.009322997982811027 -0.39311791494226533
vn -0.9820170288015778 0.004138000121363366 0.188747005535761
vn 0.9820170288015778 -0.004138000121363366 -0.188747005535761
vn -0.9975350396994015 0.0066740002656085155 0.06985200277993514
vn 0.9975350396994015 -0.0066740002656085155 -0.06985200277993514
vn 0.9362461925011313 0.3356920690214855 0.1037010213219174
vn -0.9362461925011313 -0.3356920690214855 -0.1037010213219174
vn 0.8994041034593593 -0.3285910377981579 0.28827103316010705
vn -0.8994041034593593 0.3285910377981579 -0.28827103316010705
vn 0.1853699490713745 0.12593496540056914 0.9745657322473602
vn -0.1853699490713745 -0.12593496540056914 -0.9745657322473602
vn 0.046980006470415794 0.5705110785747844 0.8199451129285885
vn -0.046980006470415794 -0.5705110785747844 -0.8199451129285885
vn 0.026257004958294514 0.19259903636982745 0.9809261852351756
vn -0.026257004958294514 -0.19259903636982745 -0.9809261852351756
vn 0.07135297361674342 0.9143716619047398 0.39853885263749694
vn -0.07135297361674342 -0.9143716619047398 -0.39853885263749694
vn 0.0609249848846959 0.9907947541868243 0.12088797000806124
vn -0.0609249848846959 -0.9907947541868243 -0.12088797000806124
vn 0.026527011632906227 0.9996034383566919 0.009449004143677645
vn -0.026527011632906227 -0.9996034383566919 -0.009449004143677645
vn 0.09871196889813387 0.9950466864837246 0.011748996298162298
vn -0.09871196889813387 -0.9950466864837246 -0.011748996298162298
vn 0.8079318645154931 0.14628897546836475 0.5708289042759966
vn -0.8079318645154931 -0.14628897546836475 -0.5708289042759966
vn 0.389605213567416 0.1377080754865611 0.910628499173442
vn -0.389605213567416 -0.1377080754865611 -0.910628499173442
vn 0.9853596969773057 0.15172895333956082 -0.07774697609086481
vn -0.9853596969773057 -0.15172895333956082 0.07774697609086481
vn 0.9866266491067879 0.15469094498425254 0.051366981731361915
vn -0.9866266491067879 -0.15469094498425254 -0.051366981731361915
vn 0.9740632955060099 0.13051903959615432 0.18483905607546472
vn -0.9740632955060099 -0.13051903959615432 -0.18483905607546472
vn 0.9124207497435521 0.13251696365358356 -0.3872048937984242
vn -0.9124207497435521 -0.13251696365358356 0.3872048937984242
vn 0.5599060441676301 0.07354000580113022 -0.8252860651018685
vn -0.5599060441676301 -0.07354000580113022 0.8252860651018685
vn 0 -0.015283003180561184 -0.999883208086716
vn 0 0.015283003180561184 0.999883208086716
vn 0.7507293194826894 -0.6225882649505863 0.220883093999692
vn -0.7507293194826894 0.6225882649505863 -0.220883093999692
vn 0.8133012050255333 -0.5253071324249544 0.25018706306978966
vn -0.8133012050255333 0.5253071324249544 -0.25018706306978966
vn 0.5630112564274763 -0.7949823620803641 0.22587910287824184
vn -0.5630112564274763 0.7949823620803641 -0.22587910287824184
vn 0.6110602846817483 -0.7595313538516888 0.222974103879534
vn -0.6110602846817483 0.7595313538516888 -0.222974103879534
vn 0.7137573597573541 -0.674151339794608 0.1899220957270277
vn -0.7137573597573541 0.674151339794608 -0.1899220957270277
vn 0.8446433392096777 -0.5288072123695479 0.08331003345739935
vn -0.8446433392096777 0.5288072123695479 -0.08331003345739935
vn 0.877407411078191 -0.4733592217757111 0.07802103655399538
vn -0.877407411078191 0.4733592217757111 -0.07802103655399538
vn 0.9479538331369151 -0.316642944263089 -0.03347799410705341
vn -0.9479538331369151 0.316642944263089 0.03347799410705341
vn 0.9680840410462802 0.22092100936694054 0.118352005018066
vn -0.9680840410462802 -0.22092100936694054 -0.118352005018066
vn 0.9251169350035993 0.35719897490409386 0.12871499095680694
vn -0.9251169350035993 -0.35719897490409386 -0.12871499095680694
vn 0.8600477638958501 0.5057068611710959 0.06766398142458199
vn -0.8600477638958501 -0.5057068611710959 -0.06766398142458199
vn 0.8704696298898842 0.4888367921542171 -0.057629975496632777
vn -0.8704696298898842 -0.4888367921542171 0.057629975496632777
vn 0.6013307483686909 0.2510748949358493 -0.7585266825888869
vn -0.6013307483686909 -0.2510748949358493 0.7585266825888869
vn 0.6121618424586397 -0.04466898850432544 -0.7894697968280003
vn -0.6121618424586397 0.04466898850432544 0.7894697968280003
vn 0.734515046380954 0.511302032286168 -0.4461590281727125
vn 0.9897976665302937 0.13483895457181996 0.04603298449116793
vn -0.9897976665302937 -0.13483895457181996 -0.04603298449116793
vn -0.734515046380954 -0.511302032286168 0.4461590281727125
vn 0.970624474483096 0.18953309265194823 0.1482070724500077
vn -0.970624474483096 -0.18953309265194823 -0.1482070724500077
vn 0.7594910701762185 0.20374001882537499 -0.6177890570830936
vn -0.7594910701762185 -0.20374001882537499 0.6177890570830936
vn -0.3210318535655268 0.017614991965152454 -0.9469045680818897
vn 0.3210318535655268 -0.017614991965152454 0.9469045680818897
vn -0.5652511308731746 0.044436010288315266 -0.823721190717013
vn 0.5652511308731746 -0.044436010288315266 0.823721190717013
vn -0.06096300204905799 -0.009788000328989157 -0.9980920335473711
vn 0.06096300204905799 0.009788000328989157 0.9980920335473711
vn -0.9986682290261092 0.031043007119140213 -0.04120800945029569
vn 0.9986682290261092 -0.031043007119140213 0.04120800945029569
vn 0.8084979002459183 0.4197339482123891 0.4124979491051813
vn -0.8084979002459183 -0.4197339482123891 -0.4124979491051813
vn 0.27764310128394415 0.7445482716105143 0.6070932214670406
vn -0.27764310128394415 -0.7445482716105143 -0.6070932214670406
vn -0.6838078825228416 -0.5286219091835567 -0.5029569135927642
vn 0.6838078825228416 0.5286219091835567 0.5029569135927642
vn -0.6042571514187036 0.10445302617452171 -0.7899131979416083
vn 0.6042571514187036 -0.10445302617452171 0.7899131979416083
vn -0.4550088239584851 -0.574787777616376 -0.6801367368571879
vn 0.4550088239584851 0.574787777616376 0.6801367368571879
vn -0.5190248754561033 -0.7062488305303165 -0.48148288446458476
vn 0.5190248754561033 0.7062488305303165 0.48148288446458476
vn -0.619485160406101 -0.6858551775915904 -0.3818910988847937
vn 0.619485160406101 0.6858551775915904 0.3818910988847937
vn -0.6329892116301669 -0.7344332455464129 -0.24481108184880446
vn 0.6329892116301669 0.7344332455464129 0.24481108184880446
vn -0.7527823890478252 -0.640977331265503 -0.14988907746464392
vn 0.7527823890478252 0.640977331265503 0.14988907746464392
vn -0.832724996131576 -0.5033789976615529 -0.2306049989287246
vn 0.832724996131576 0.5033789976615529 0.2306049989287246
vn -0.883904478211898 0.12191806596037363 0.45149624426946716
vn 0.883904478211898 -0.12191806596037363 -0.45149624426946716
vn -0.9535589038378803 0.015432998443651565 0.30081096966456883
vn 0.9535589038378803 -0.015432998443651565 -0.30081096966456883
vn 0.979879974148317 -0.021940999421141638 0.19837799476629264
vn -0.979879974148317 0.021940999421141638 -0.19837799476629264
vn 0.8646232159578323 -0.42108010517361216 0.2740770684565119
vn -0.8646232159578323 0.42108010517361216 -0.2740770684565119
vn 0.52484084500245 0.8489427492877174 0.06195398170356715
vn -0.52484084500245 -0.8489427492877174 -0.06195398170356715
vn 0.046159990232685584 0.08231498258239826 0.9955367893474244
vn -0.046159990232685584 -0.08231498258239826 -0.9955367893474244
vn 0.0389260082767991 0.9986792123481849 0.03353500713051601
vn -0.0389260082767991 -0.9986792123481849 -0.03353500713051601
vn 0.08629601006384127 0.9961621161724327 0.01463000170615112
vn -0.08629601006384127 -0.9961621161724327 -0.01463000170615112
vn 0.9284345537062594 0.14494293032667474 0.34205383557647107
vn -0.9284345537062594 -0.14494293032667474 -0.34205383557647107
vn 0.6250850852747383 0.15524202117827307 0.7649631043570388
vn -0.6250850852747383 -0.15524202117827307 -0.7649631043570388
vn 0.5103240181609012 0.17361500617843714 0.8422750299740421
vn -0.5103240181609012 -0.17361500617843714 -0.8422750299740421
vn 0.4006572148016055 0.16489608840460906 0.9012674831903563
vn -0.4006572148016055 -0.16489608840460906 -0.9012674831903563
vn 0.24049811480925792 0.1176150561472063 0.9634974599554907
vn -0.24049811480925792 -0.1176150561472063 -0.9634974599554907
vn 0.9428399613793903 0.3247499866975913 -0.07476799693735331
vn -0.9428399613793903 -0.3247499866975913 0.07476799693735331
vn 0.8774208452133249 0.3034339464709188 -0.371564934451864
vn -0.8774208452133249 -0.3034339464709188 0.371564934451864
vn 0.5480963094221039 0.21899712363256174 -0.8072364557169938
vn -0.5480963094221039 -0.21899712363256174 0.8072364557169938
vn 0.1619040234045235 0.1290780186592618 -0.9783281414251697
vn -0.1619040234045235 -0.1290780186592618 0.9783281414251697
vn 0 0.008433003724078736 -0.9999644415918947
vn 0 -0.008433003724078736 0.9999644415918947
vn 0.7060279095458281 -0.6409529178830403 0.30117096141488225
vn -0.7060279095458281 0.6409529178830403 -0.30117096141488225
vn 0.6673708042581697 -0.6909337973470743 0.2778969184920119
vn -0.6673708042581697 0.6909337973470743 -0.2778969184920119
vn 0.768766187866107 -0.5399991319614941 0.34263608373118914
vn -0.768766187866107 0.5399991319614941 -0.34263608373118914
vn 0.5651749250877641 -0.7945368946865252 0.22200997057324623
vn -0.5651749250877641 0.7945368946865252 -0.22200997057324623
vn 0.6626350072727506 -0.7163820078626508 0.21843000239737836
vn -0.6626350072727506 0.7163820078626508 -0.21843000239737836
vn 0.7570430274674141 -0.6305450228777502 0.17116900621043943
vn -0.7570430274674141 0.6305450228777502 -0.17116900621043943
vn 0.7992335376857421 -0.5816523913076502 0.15134810181969663
vn -0.7992335376857421 0.5816523913076502 -0.15134810181969663
vn 0.9866779122858175 -0.15362798634270303 -0.05352699524153065
vn -0.9866779122858175 0.15362798634270303 0.05352699524153065
vn 0.9502810284143536 -0.29736600889154124 -0.09240900276312172
vn -0.9502810284143536 0.29736600889154124 0.09240900276312172
vn 0.8861692905545763 -0.46250215164384295 -0.028209009249086953
vn -0.8861692905545763 0.46250215164384295 0.028209009249086953
vn 0.9707738854482028 0.2259299733401517 0.08095499044727125
vn -0.9707738854482028 -0.2259299733401517 -0.08095499044727125
vn 0.9998851130140212 -0.014880001681842048 -0.002889000326535062
vn -0.9998851130140212 0.014880001681842048 0.002889000326535062
vn 0.5137681405441198 -0.8086322212058219 0.2866290784089714
vn -0.5137681405441198 0.8086322212058219 -0.2866290784089714
vn 0.9300620136095974 0.3643990053322506 0.04688300068603903
vn -0.9300620136095974 -0.3643990053322506 -0.04688300068603903
vn 0.666492895750522 0.03279099487099711 -0.7447898835036995
vn -0.666492895750522 -0.03279099487099711 0.7447898835036995
vn 0.4816130143287098 -0.1406620041849055 -0.8650220257357031
vn -0.4816130143287098 0.1406620041849055 0.8650220257357031
vn 0.38389308845780734 0.33354107685554457 -0.8610321984016451
vn -0.38389308845780734 -0.33354107685554457 0.8610321984016451
vn -0.9793766574488729 0.12478595635431002 -0.1589019444217505
vn 0.9793766574488729 -0.12478595635431002 0.1589019444217505
vn -0.9862158642641613 0.1588209781409938 -0.046412993612040855
vn 0.9862158642641613 -0.1588209781409938 0.046412993612040855
vn 0.8608864657788744 0.33275218003411844 -0.3849032082502051
vn -0.8608864657788744 -0.33275218003411844 0.3849032082502051
vn -0.7921720508566552 0.05671300364091838 -0.6076570390109756
vn 0.7921720508566552 -0.05671300364091838 0.6076570390109756
vn -0.15965798149907368 -0.004331999498014206 -0.9871628856090523
vn 0.15965798149907368 0.004331999498014206 0.9871628856090523
vn -0.9710672879015866 0.05776601712644246 -0.23171406869848138
vn 0.9710672879015866 -0.05776601712644246 0.23171406869848138
vn -0.9955014812557615 0.06542196590937481 -0.06853296428826973
vn 0.9955014812557615 -0.06542196590937481 0.06853296428826973
vn 0.8193358094610217 0.42241290176662377 0.3876289098557448
vn -0.8193358094610217 -0.42241290176662377 -0.3876289098557448
vn 0.15605906024520733 0.9095613511280413 0.38515414868532166
vn -0.15605906024520733 -0.9095613511280413 -0.38515414868532166
vn -0.23998001991042314 0.9636290799494172 0.1175950097565058
vn 0.23998001991042314 -0.9636290799494172 -0.1175950097565058
vn -0.6025569692656787 -0.5191899735179372 -0.6061079690845547
vn 0.6025569692656787 0.5191899735179372 0.6061079690845547
vn -0.6489039779002775 -0.7298169751446237 -0.21515299267253482
vn 0.6489039779002775 0.7298169751446237 0.21515299267253482
vn -0.6229627970456064 -0.7666547502323562 -0.15542794936329224
vn 0.6229627970456064 0.7666547502323562 0.15542794936329224
vn -0.6544522539834794 -0.7422302880488681 -0.14417505595225968
vn 0.6544522539834794 0.7422302880488681 0.14417505595225968
vn -0.701036730847865 -0.6985297318103882 -0.1435399448900738
vn 0.701036730847865 0.6985297318103882 0.1435399448900738
vn -0.8055440215027896 -0.5340540142557709 -0.25668100685171463
vn 0.8055440215027896 0.5340540142557709 0.25668100685171463
vn -0.8629127314663458 -0.4768258516144406 -0.16738794790979947
vn 0.8629127314663458 0.4768258516144406 0.16738794790979947
vn -0.8195438055476838 -0.5726788641210746 -0.019668995333157822
vn 0.8195438055476838 0.5726788641210746 0.019668995333157822
vn -0.8581084893007461 -0.4780567154867818 0.1873808884811405
vn 0.8581084893007461 0.4780567154867818 -0.1873808884811405
vn -0.9123248137771903 -0.16887296552982273 0.3730219238591456
vn 0.9123248137771903 0.16887296552982273 -0.3730219238591456
vn -0.9054567441297311 0.09780997236017715 0.4130148832873797
vn 0.9054567441297311 -0.09780997236017715 -0.4130148832873797
vn -0.923981761717608 0.059959984537131354 0.3777069025945014
vn 0.923981761717608 -0.059959984537131354 -0.3777069025945014
vn -0.667161958955864 0.5261259676324683 0.5273389675578442
vn 0.667161958955864 -0.5261259676324683 -0.5273389675578442
vn -0.9796511391545559 0.052922007517307044 0.19360502750062808
vn 0.9796511391545559 -0.052922007517307044 -0.19360502750062808
vn -0.9966169163509557 0.040940996563699456 0.07126399401859944
vn 0.9966169163509557 -0.040940996563699456 -0.07126399401859944
vn 0.9144686684297241 0.3603478693441923 0.1841099332449723
vn -0.9144686684297241 -0.3603478693441923 -0.1841099332449723
vn 0.9479368707312797 -0.04034799449780496 0.3158919569222906
vn -0.9479368707312797 0.04034799449780496 -0.3158919569222906
vn 0.9384141082887715 -0.16549701909761244 0.3032980349992304
vn -0.9384141082887715 0.16549701909761244 -0.3032980349992304
vn 0.8192089615913887 -0.43259497971778493 0.37650798234742355
vn -0.8192089615913887 0.43259497971778493 -0.37650798234742355
vn 0.4885047869889996 0.8663696222222076 0.10376295475448491
vn -0.4885047869889996 -0.8663696222222076 -0.10376295475448491
vn 0.12027599057493318 0.0964719924402618 0.9880419225750618
vn -0.12027599057493318 -0.0964719924402618 -0.9880419225750618
vn 0.05050797853196709 0.6670647164692054 0.7432856840720619
vn -0.05050797853196709 -0.6670647164692054 -0.7432856840720619
vn 0.019617006926236708 0.22750908032732745 0.9735783437442872
vn -0.019617006926236708 -0.22750908032732745 -0.9735783437442872
vn 0.02302900273324341 0.07221600857110169 0.9971231183455586
vn -0.02302900273324341 -0.07221600857110169 -0.9971231183455586
vn 0.06556097875896748 0.9489756925423639 0.30845890006272575
vn -0.06556097875896748 -0.9489756925423639 -0.30845890006272575
vn 0.04908901254700594 0.9945142541948923 0.09236702360873737
vn -0.04908901254700594 -0.9945142541948923 -0.09236702360873737
vn 0.9220170660528441 0.15616401118751203 0.3542560253787256
vn -0.9220170660528441 -0.15616401118751203 -0.3542560253787256
vn 0.6368399218540148 0.1484329817859382 0.7565729071617009
vn -0.6368399218540148 -0.1484329817859382 -0.7565729071617009
vn 0.27835595439179817 0.1426559766260339 0.9498248443726368
vn -0.27835595439179817 -0.1426559766260339 -0.9498248443726368
vn 0.9242222431379503 0.3175530835396534 -0.21206905578965002
vn -0.9242222431379503 -0.3175530835396534 0.21206905578965002
vn 0.9716766070297677 0.1542609376130329 0.17901992759988045
vn -0.9716766070297677 -0.1542609376130329 -0.17901992759988045
vn 0.3262459950546001 0.16455999750551753 -0.9308509858896955
vn -0.3262459950546001 -0.16455999750551753 0.9308509858896955
vn 0.06262398267545333 0.11322596867671966 -0.9915937256815832
vn -0.06262398267545333 -0.11322596867671966 0.9915937256815832
vn -0.06231002510402876 0.011429004604621385 -0.9979914020798389
vn 0.06231002510402876 -0.011429004604621385 0.9979914020798389
vn 0 0.10995901353722015 -0.9939361223649745
vn 0 -0.10995901353722015 0.9939361223649745
vn 0.7608666693110587 0.27335488119411744 -0.5885227442154176
vn -0.7608666693110587 -0.27335488119411744 0.5885227442154176
vn 0.6112590756491222 -0.7112580880249507 0.3470940429561877
vn -0.6112590756491222 0.7112580880249507 -0.3470940429561877
vn 0.7965737680612516 -0.4848318588312859 0.36112089485226373
vn -0.7965737680612516 0.4848318588312859 -0.36112089485226373
vn 0.7379498378584174 -0.5932028696620731 0.3217769292995025
vn -0.7379498378584174 0.5932028696620731 -0.3217769292995025
vn 0.5098633097078938 -0.81370149426929 0.2791581695699358
vn -0.5098633097078938 0.81370149426929 -0.2791581695699358
vn 0.6284859664143394 -0.7197089615394741 0.29499898423554954
vn -0.6284859664143394 0.7197089615394741 -0.29499898423554954
vn 0.733657280874141 -0.6388372445731365 0.23159008866219802
vn -0.733657280874141 0.6388372445731365 -0.23159008866219802
vn 0.8869363791117234 -0.45988719657399535 0.04298401837307114
vn -0.8869363791117234 0.45988719657399535 -0.04298401837307114
vn 0.984016452405112 -0.15938607327832185 -0.07942103651410795
vn -0.984016452405112 0.15938607327832185 0.07942103651410795
vn 0.9936777867125512 0.10575797729963428 0.03767899191241251
vn -0.9936777867125512 -0.10575797729963428 -0.03767899191241251
vn 0.9851659696524555 -0.15425799524815967 -0.07518299768402542
vn -0.9851659696524555 0.15425799524815967 0.07518299768402542
vn 0.5583841998898533 -0.7687852752090335 0.31173111159321143
vn -0.5583841998898533 0.7687852752090335 -0.31173111159321143
vn 0.8764106754288159 0.43555883869451617 -0.20540892392856497
vn -0.8764106754288159 -0.43555883869451617 0.20540892392856497
vn 0.18815400219237044 -0.0736520008581929 -0.979374011411666
vn -0.18815400219237044 0.0736520008581929 0.979374011411666
vn 0.5622907842979867 -0.12286795286626487 -0.8177606862964301
vn -0.5622907842979867 0.12286795286626487 0.8177606862964301
vn 0.2675270667766369 -0.16588104140507404 -0.9491642369180673
vn -0.2675270667766369 0.16588104140507404 0.9491642369180673
vn 0.7281308908571923 0.5047279243440659 -0.46376193048464237
vn 0.9934577129235466 0.10666096917850418 0.04080698820812877
vn -0.9934577129235466 -0.10666096917850418 -0.04080698820812877
vn -0.7281308908571923 -0.5047279243440659 0.46376193048464237
vn 0.9806304050862462 0.15262606304793183 0.1227570507094137
vn -0.9806304050862462 -0.15262606304793183 -0.1227570507094137
vn 0.8218844203524833 0.17475708937944895 -0.5421862773009714
vn -0.8218844203524833 -0.17475708937944895 0.5421862773009714
vn 0.777720516751125 0.021117014031056956 -0.6282554174400531
vn -0.777720516751125 -0.021117014031056956 0.6282554174400531
vn -0.3258969784039486 0.014767999021376635 -0.9452899373589464
vn 0.3258969784039486 -0.014767999021376635 0.9452899373589464
vn -0.5515771903948263 0.051065017626753674 -0.8325592873849458
vn 0.5515771903948263 -0.051065017626753674 0.8325592873849458
vn -0.7761991492778586 0.072244013893898 -0.6263351204561557
vn 0.7761991492778586 -0.072244013893898 0.6263351204561557
vn -0.9109082836127046 0.07055302196679274 -0.40653212657440707
vn 0.9109082836127046 -0.07055302196679274 0.40653212657440707
vn -0.9693058754422644 0.0809819895936531 -0.23213797016980847
vn 0.9693058754422644 -0.0809819895936531 0.23213797016980847
vn -0.9950175311633851 0.06666303558627111 0.07413603957553361
vn 0.9950175311633851 -0.06666303558627111 -0.07413603957553361
vn 0.7067991087194939 0.5487220844041631 0.4464740686764234
vn -0.7067991087194939 -0.5487220844041631 -0.4464740686764234
vn 0.14600603050781727 0.7379291541895748 0.6588951376754947
vn -0.14600603050781727 -0.7379291541895748 -0.6588951376754947
vn -0.6526399623762862 0.7489559568238137 -0.11456899339526941
vn 0.6526399623762862 -0.7489559568238137 0.11456899339526941
vn -0.6949509088026407 -0.6629899129968337 -0.2783659634704547
vn 0.6949509088026407 0.6629899129968337 0.2783659634704547
vn -0.7015250707228505 -0.7102050715979075 -0.05891800593970139
vn 0.7015250707228505 0.7102050715979075 0.05891800593970139
vn -0.8007681383531274 -0.5786400999748412 -0.15474502673615181
vn 0.8007681383531274 0.5786400999748412 0.15474502673615181
vn -0.8322915894123499 -0.5329677370753549 -0.15243392480101
vn 0.8322915894123499 0.5329677370753549 0.15243392480101
vn -0.8829876181763694 -0.45052580518254715 -0.1317549430262106
vn 0.8829876181763694 0.45052580518254715 0.1317549430262106
vn -0.9021358650310123 -0.42493393642542604 -0.07471298882215331
vn 0.9021358650310123 0.42493393642542604 0.07471298882215331
vn -0.9373649225127318 -0.3437469715841578 0.05643599533471856
vn 0.9373649225127318 0.3437469715841578 -0.05643599533471856
vn -0.9564807197674502 -0.14205395838061124 0.25488292532364676
vn 0.9564807197674502 0.14205395838061124 -0.25488292532364676
vn -0.8608311642031299 0.14586402782349292 0.48753809299765644
vn 0.8608311642031299 -0.14586402782349292 -0.48753809299765644
vn -0.7878850255786877 0.5195780168681005 0.33056901073192324
vn 0.7878850255786877 -0.5195780168681005 -0.33056901073192324
vn -0.7227510380766939 0.5611280295619087 0.40344302125458936
vn 0.7227510380766939 -0.5611280295619087 -0.40344302125458936
vn -0.9411694367286022 0.08802204084465698 0.32627015139835785
vn 0.9411694367286022 -0.08802204084465698 -0.32627015139835785
vn 0.862181189193181 0.4214920924903381 0.2810480616719288
vn -0.862181189193181 -0.4214920924903381 -0.2810480616719288
vn 0.8924643110144957 -0.1706460594683704 0.4175971455282458
vn -0.8924643110144957 0.1706460594683704 -0.4175971455282458
vn 0.8530847650327626 -0.33914590658820803 0.39651789078610095
vn -0.8530847650327626 0.33914590658820803 -0.39651789078610095
vn 0.04460500534151662 0.06790600813184659 0.996694119355623
vn -0.04460500534151662 -0.06790600813184659 -0.996694119355623
vn 0.08958401092064992 0.08124400990397015 0.9926601210092467
vn -0.08958401092064992 -0.08124400990397015 -0.9926601210092467
vn 0.02798800056219497 0.9992090200711117 0.0282490005674379
vn -0.02798800056219497 -0.9992090200711117 -0.0282490005674379
vn 0.017629006071060525 0.9998013443106465 0.009300003202726575
vn -0.017629006071060525 -0.9998013443106465 -0.009300003202726575
vn 0.7985834271935343 0.15383708229347684 0.5818923112769743
vn -0.7985834271935343 -0.15383708229347684 -0.5818923112769743
vn 0.48699999576480457 0.14496799873928562 0.8612869925098178
vn -0.48699999576480457 -0.14496799873928562 -0.8612869925098178
vn 0.3999558669385048 0.1607539465186979 0.9023266998045292
vn -0.3999558669385048 -0.1607539465186979 -0.9023266998045292
vn 0.3131131220543368 0.1685620657070229 0.9346373643301275
vn -0.3131131220543368 -0.1685620657070229 -0.9346373643301275
vn 0.17098404151792254 0.10745002609074966 0.9793972378148177
vn -0.17098404151792254 -0.10745002609074966 -0.9793972378148177
vn 0.7545050194005877 0.6330180162767923 -0.17323500445439155
vn -0.7545050194005877 -0.6330180162767923 0.17323500445439155
vn 0.9435060642711635 0.32805002234660424 0.046685003180159244
vn -0.9435060642711635 -0.32805002234660424 -0.046685003180159244
vn 0.9293410067419043 0.32819900238091965 0.16914700122707702
vn -0.9293410067419043 -0.32819900238091965 -0.16914700122707702
vn 0.297849034444009 0.4256670492252048 -0.8544550988113295
vn -0.297849034444009 -0.4256670492252048 0.8544550988113295
vn 0.05940798502491229 0.33229191623852283 -0.9413037627237077
vn -0.05940798502491229 -0.33229191623852283 0.9413037627237077
vn 0.6404030759024982 0.5846810692981587 -0.49802805902778313
vn -0.6404030759024982 -0.5846810692981587 0.49802805902778313
vn 0.7405291214686315 -0.49400008103059306 0.4556100747334988
vn -0.7405291214686315 0.49400008103059306 -0.4556100747334988
vn 0.684381073171975 -0.606006064792354 0.40543704334811453
vn -0.684381073171975 0.606006064792354 -0.40543704334811453
vn 0.5584618940349373 -0.7746938530061163 0.2965969437223664
vn -0.5584618940349373 0.7746938530061163 -0.2965969437223664
vn 0.8185968880736645 -0.5585429236307106 0.13389898169206033
vn -0.8185968880736645 0.5585429236307106 -0.13389898169206033
vn 0.8117357306089019 -0.5785138080083652 0.08004297343610267
vn -0.8117357306089019 0.5785138080083652 -0.08004297343610267
vn 0.883205444861421 -0.45006022669066764 -0.1318860664296437
vn -0.883205444861421 0.45006022669066764 0.1318860664296437
vn 0.9932816909717382 0.11485296426712359 0.014151995597053067
vn -0.9932816909717382 -0.11485296426712359 -0.014151995597053067
vn 0.9818669765206152 -0.18704399552721696 -0.030850999262260103
vn -0.9818669765206152 0.18704399552721696 0.030850999262260103
vn 0.489727150995392 -0.7931482445478668 0.362054111630532
vn -0.489727150995392 0.7931482445478668 -0.362054111630532
vn 0.43393411679143057 -0.8413732264518484 0.32216808671010233
vn -0.43393411679143057 0.8413732264518484 -0.32216808671010233
vn 0.972169393156076 0.23254409404340864 0.028459011509139685
vn -0.972169393156076 -0.23254409404340864 -0.028459011509139685
vn 0.9337331401827675 0.35487205327747773 -0.04699200705498096
vn -0.9337331401827675 -0.35487205327747773 0.04699200705498096
vn 0.9351281370738979 0.31891504674752785 -0.1543650226272897
vn -0.9351281370738979 -0.31891504674752785 0.1543650226272897
vn 0.6617669592844583 -0.12731099216712763 -0.7388209545436728
vn -0.6617669592844583 0.12731099216712763 0.7388209545436728
vn 0.4730251482132294 -0.28463308918424196 -0.8338052612566604
vn -0.4730251482132294 0.28463308918424196 0.8338052612566604
vn 0.303343909486741 -0.2900469134543644 -0.9076647291665002
vn -0.303343909486741 0.2900469134543644 0.9076647291665002
vn 0.3551120551075359 0.33118505139445964 -0.8741921356602058
vn -0.3551120551075359 -0.33118505139445964 0.8741921356602058
vn -0.9864937769429309 0.09911897758811143 -0.13040497051400501
vn 0.9864937769429309 -0.09911897758811143 0.13040497051400501
vn -0.9900098634949746 0.13581198127390579 -0.03788899477577101
vn 0.9900098634949746 -0.13581198127390579 0.03788899477577101
vn 0.900644183469795 0.13229802695036777 -0.4139290843212954
vn -0.900644183469795 -0.13229802695036777 0.4139290843212954
vn -0.17529909343330227 0.016644008871151125 -0.984374524665363
vn 0.17529909343330227 -0.016644008871151125 0.984374524665363
vn -0.7769087651179853 0.08717597364417919 -0.6235488114831399
vn 0.7769087651179853 -0.08717597364417919 0.6235488114831399
vn -0.9096343524902022 0.09489803677370819 -0.40442515671781176
vn 0.9096343524902022 -0.09489803677370819 0.40442515671781176
vn -0.9933225737623951 0.07108896949551645 0.09086596100915191
vn 0.9933225737623951 -0.07108896949551645 -0.09086596100915191
vn 0.7252949631905562 0.5862339702480405 0.3609389816819863
vn -0.7252949631905562 -0.5862339702480405 -0.3609389816819863
vn -0.34206516021822764 0.7229463386173001 0.6002832811637507
vn 0.34206516021822764 -0.7229463386173001 -0.6002832811637507
vn -0.31401310943060456 0.8226152866736623 0.47402516519329574
vn 0.31401310943060456 -0.8226152866736623 -0.47402516519329574
vn -0.7612168106191768 0.10351897424582829 -0.6401818407311002
vn 0.7612168106191768 -0.10351897424582829 0.6401818407311002
vn -0.7298330191252745 -0.4945050129585039 -0.4720260123694419
vn 0.7298330191252745 0.4945050129585039 0.4720260123694419
vn -0.812664260443903 -0.47157915113241794 -0.3423301097104848
vn 0.812664260443903 0.47157915113241794 0.3423301097104848
vn -0.7479939966785327 -0.6352929971789815 -0.19211399914691793
vn 0.7479939966785327 0.6352929971789815 0.19211399914691793
vn -0.6587712182555521 -0.7460482471710476 -0.0971210321768833
vn 0.6587712182555521 0.7460482471710476 0.0971210321768833
vn -0.6519771242492484 -0.7555021439783238 -0.06436101226547253
vn 0.6519771242492484 0.7555021439783238 0.06436101226547253
vn -0.7549406850289976 -0.6528717276134847 -0.061830974203319275
vn 0.7549406850289976 0.6528717276134847 0.061830974203319275
vn -0.801950460570707 -0.593915341093399 -0.06434303695305331
vn 0.801950460570707 0.593915341093399 0.06434303695305331
vn -0.8612241690643496 -0.48603709541249346 -0.1485290291572911
vn 0.8612241690643496 0.48603709541249346 0.1485290291572911
vn -0.9041188762347236 -0.4091119439964653 -0.12327398312496408
vn 0.9041188762347236 0.4091119439964653 0.12327398312496408
vn -0.9180728386698285 -0.38357093259623665 -0.10007798241359801
vn 0.9180728386698285 0.38357093259623665 0.10007798241359801
vn -0.7607081136570274 0.3374060504116729 0.5545090828489311
vn 0.7607081136570274 -0.3374060504116729 -0.5545090828489311
vn -0.9610322066887382 0.1069460230008301 0.254911054823599
vn 0.9610322066887382 -0.1069460230008301 -0.254911054823599
vn -0.26795400467043834 0.9391200163688619 0.21506800374863555
vn 0.26795400467043834 -0.9391200163688619 -0.21506800374863555
vn -0.8623442563672244 0.17760905280158065 0.47414914096029326
vn 0.8623442563672244 -0.17760905280158065 -0.47414914096029326
vn -0.9350576552232673 0.10080896282947399 0.3398598746860405
vn 0.9350576552232673 -0.10080896282947399 -0.3398598746860405
vn 0.9010592055942518 0.00004200000958302597 0.4336960989562333
vn -0.9010592055942518 -0.00004200000958302597 -0.4336960989562333
vn 0.7941334414136372 -0.3445451915130862 0.5006402782774714
vn -0.7941334414136372 0.3445451915130862 -0.5006402782774714
vn 0.049050991648235516 0.9986128299692039 0.019141996740750143
vn -0.049050991648235516 -0.9986128299692039 -0.019141996740750143
vn 0.028105000430709137 0.3077100047156556 0.9510650145750716
vn -0.028105000430709137 -0.3077100047156556 -0.9510650145750716
vn 0.054757997795333545 0.7372859703153929 0.673357972889262
vn -0.054757997795333545 -0.7372859703153929 -0.673357972889262
vn 0.018687996415455748 0.06902598676012653 0.9974398086810885
vn -0.018687996415455748 -0.06902598676012653 -0.9974398086810885
vn 0.027534008837041553 0.061612019774380695 0.9977203202183882
vn -0.027534008837041553 -0.061612019774380695 -0.9977203202183882
vn 0.05635597840008198 0.9659436297765772 0.25254090320702527
vn -0.05635597840008198 -0.9659436297765772 -0.25254090320702527
vn 0.037022982933538 0.9962665407516167 0.07798896404947475
vn -0.037022982933538 -0.9962665407516167 -0.07798896404947475
vn 0.7675179227750368 0.3068349691273408 0.5628219433708289
vn -0.7675179227750368 -0.3068349691273408 -0.5628219433708289
vn 0.48124428702163774 0.2391531426346835 0.8433325029767265
vn -0.48124428702163774 -0.2391531426346835 -0.8433325029767265
vn 0.2174700335389923 0.15182202341452544 0.9641871487003283
vn -0.2174700335389923 -0.15182202341452544 -0.9641871487003283
vn 0.2010720045295491 0.13274100299025637 0.9705410218633778
vn -0.2010720045295491 -0.13274100299025637 -0.9705410218633778
vn 0.7658530677469825 0.6401160566243488 -0.06099600539567624
vn -0.7658530677469825 -0.6401160566243488 0.06099600539567624
vn 0.7637112023327086 0.6443961707221555 0.03871401025663974
vn -0.7637112023327086 -0.6443961707221555 -0.03871401025663974
vn 0.7232157335959398 0.6190077719820297 -0.30624888719002746
vn -0.7232157335959398 -0.6190077719820297 0.30624888719002746
vn 0.48043290999234406 0.5117909041175186 -0.7122178665681318
vn -0.48043290999234406 -0.5117909041175186 0.7122178665681318
vn 0.15206305499186504 0.3624731310842633 -0.9195053325285891
vn -0.15206305499186504 -0.3624731310842633 0.9195053325285891
vn -0.06262397558476408 0.11322695585615894 -0.9915936134069775
vn 0.06262397558476408 -0.11322695585615894 0.9915936134069775
vn 0.6520106205504677 -0.6578456171546846 0.37698978060388655
vn -0.6520106205504677 0.6578456171546846 -0.37698978060388655
vn 0.7134121102475058 -0.5521040853196877 0.43153706668780145
vn -0.7134121102475058 0.5521040853196877 -0.43153706668780145
vn 0.5021490254373638 -0.7854570397888984 0.3618060183280078
vn -0.5021490254373638 0.7854570397888984 -0.3618060183280078
vn 0.6846339953783782 -0.6435119956559724 0.3422989976893105
vn -0.6846339953783782 0.6435119956559724 -0.3422989976893105
vn 0.7708953350257892 -0.6145552670814752 0.1674580727761219
vn -0.7708953350257892 0.6145552670814752 -0.1674580727761219
vn 0.9450191527462931 -0.2873380464433141 -0.15612702523528155
vn -0.9450191527462931 0.2873380464433141 0.15612702523528155
vn 0.7817747280745618 -0.6015387907661972 -0.16425394286739686
vn -0.7817747280745618 0.6015387907661972 0.16425394286739686
vn 0.8696468227946939 -0.4447329093781184 -0.21430595633152275
vn -0.8696468227946939 0.4447329093781184 0.21430595633152275
vn 0.7967419931284987 -0.6038779947918543 -0.023098999800782814
vn -0.7967419931284987 0.6038779947918543 0.023098999800782814
vn 0.9995856887820429 -0.028422991150588352 0.004536998587419315
vn -0.9995856887820429 0.028422991150588352 -0.004536998587419315
vn 0.9335168364600003 -0.3313869419453208 -0.13685397602496469
vn -0.9335168364600003 0.3313869419453208 0.13685397602496469
vn 0.43873889047784376 -0.835656791395439 0.3304329175142061
vn -0.43873889047784376 0.835656791395439 -0.3304329175142061
vn 0.9732592617999637 0.22759806122229348 -0.031073008358422808
vn -0.9732592617999637 -0.22759806122229348 0.031073008358422808
vn 0.05859199279057799 -0.17175997886588035 -0.9833948789986763
vn -0.05859199279057799 0.17175997886588035 0.9833948789986763
vn 0.5708568131797173 -0.2638909136382819 -0.7774857455577242
vn -0.5708568131797173 0.2638909136382819 0.7774857455577242
vn 0.09491205968290488 -0.32062920161907965 -0.9424375926266207
vn -0.09491205968290488 0.32062920161907965 0.9424375926266207
vn 0.28018512195536405 0.26298011446659064 -0.9232214018478972
vn -0.28018512195536405 -0.26298011446659064 0.9232214018478972
vn 0.7224576857172484 0.500806782139582 -0.47670479262440285
vn 0.9952708420475441 0.09140598549359702 0.032876994782322734
vn -0.9952708420475441 -0.09140598549359702 -0.032876994782322734
vn -0.7224576857172484 -0.500806782139582 0.47670479262440285
vn 0.9853436557988289 0.13489495287836833 0.10440896352776284
vn -0.9853436557988289 -0.13489495287836833 -0.10440896352776284
vn 0.9270788464581412 0.24248895983922433 -0.2858739526538457
vn -0.9270788464581412 -0.24248895983922433 0.2858739526538457
vn 0.7533252934541584 -0.1099830428433526 -0.6483862525756718
vn -0.7533252934541584 0.1099830428433526 0.6483862525756718
vn -0.3440701193032379 0.04778301656833402 -0.9377273251485667
vn 0.3440701193032379 -0.04778301656833402 0.9377273251485667
vn -0.5586470539144711 0.044663004310382275 -0.8282020799289583
vn 0.5586470539144711 -0.044663004310382275 0.8282020799289583
vn -0.7825996000928802 0.08833895485893824 -0.6162256851096797
vn 0.7825996000928802 -0.08833895485893824 0.6162256851096797
vn -0.16190400250619302 0.12907900199807865 -0.9783280151440286
vn 0.16190400250619302 -0.12907900199807865 0.9783280151440286
vn -0.993549910843803 0.08890899202175198 -0.07038299368418234
vn 0.993549910843803 -0.08890899202175198 0.07038299368418234
vn -0.9783201561178972 0.07656301221773502 0.19242603070686742
vn 0.9783201561178972 -0.07656301221773502 -0.19242603070686742
vn -0.9926467324911719 0.09423597460430351 0.07597397952573708
vn 0.9926467324911719 -0.09423597460430351 -0.07597397952573708
vn 0.6082320510057337 0.7335330615133515 0.3032870254333479
vn -0.6082320510057337 -0.7335330615133515 -0.3032870254333479
vn -0.0425020114964344 0.846143228874582 0.5312581437008319
vn 0.0425020114964344 -0.846143228874582 -0.5312581437008319
vn 0.00475100211688073 0.7792153471911634 0.6267382792527039
vn -0.00475100211688073 -0.7792153471911634 -0.6267382792527039
vn -0.45110802745962314 0.6794070413565269 0.5787120352270708
vn 0.45110802745962314 -0.6794070413565269 -0.5787120352270708
vn -0.5278788873627986 0.7807278334106548 0.33437692865166185
vn 0.5278788873627986 -0.7807278334106548 -0.33437692865166185
vn -0.8864742305790692 -0.0375980097795443 -0.4612481199743416
vn 0.8864742305790692 0.0375980097795443 0.4612481199743416
vn -0.6858930134455609 -0.7145240140068144 -0.13786300270252866
vn 0.6858930134455609 0.7145240140068144 0.13786300270252866
vn -0.7435931043922998 -0.668607093865088 0.005818000816783227
vn 0.7435931043922998 0.668607093865088 -0.005818000816783227
vn -0.865680892693233 -0.4963339384761859 -0.06518599191977319
vn 0.865680892693233 0.4963339384761859 0.06518599191977319
vn -0.9131037122532158 -0.40311087296748904 -0.061181980719694946
vn 0.9131037122532158 0.40311087296748904 0.061181980719694946
vn -0.948841684435234 -0.304874898605028 -0.08216297267432533
vn 0.948841684435234 0.304874898605028 0.08216297267432533
vn -0.9750000697378576 -0.22042801576633486 -0.02804200200573236
vn 0.9750000697378576 0.22042801576633486 0.02804200200573236
vn -0.9925271919890197 -0.05222901010289346 0.11028102133215628
vn 0.9925271919890197 0.05222901010289346 -0.11028102133215628
vn -0.7890818797103947 0.5707399129949874 0.22716896536979778
vn 0.7890818797103947 -0.5707399129949874 -0.22716896536979778
vn -0.2625561460587119 0.8760354873342968 0.40450722502540953
vn 0.2625561460587119 -0.8760354873342968 -0.40450722502540953
vn -0.48635688735319205 0.5735928671481637 0.6591268473373416
vn 0.48635688735319205 -0.5735928671481637 -0.6591268473373416
vn 0.3611541888869405 0.9244154834777439 0.12257106410578662
vn -0.3611541888869405 -0.9244154834777439 -0.12257106410578662
vn 0.8004207264730724 0.46794084009107195 0.37464387197334625
vn -0.8004207264730724 -0.46794084009107195 -0.37464387197334625
vn 0.9045114093412534 -0.03741201693099925 0.42480519224775726
vn -0.9045114093412534 0.03741201693099925 -0.42480519224775726
vn 0.7614081666201096 -0.4414170965959761 0.474772103895103
vn -0.7614081666201096 0.4414170965959761 -0.474772103895103
vn 0.06577997908733105 0.08109097421968299 0.9945336838193934
vn -0.06577997908733105 -0.08109097421968299 -0.9945336838193934
vn 0.11015496068096489 0.0936809665612405 0.98948964680866
vn -0.11015496068096489 -0.0936809665612405 -0.98948964680866
vn 0.018931998171320522 0.9994839034578555 0.025951997493245
vn -0.018931998171320522 -0.9994839034578555 -0.025951997493245
vn 0.011346998774189461 0.9998948919818605 0.009024999025034142
vn -0.011346998774189461 -0.9998948919818605 -0.009024999025034142
vn 0.883294061841186 0.32394402267996963 0.3388980237269293
vn -0.883294061841186 -0.32394402267996963 -0.3388980237269293
vn 0.6032302046021475 0.27457609313004844 0.7488132539806506
vn -0.6032302046021475 -0.27457609313004844 -0.7488132539806506
vn 0.39513098469855296 0.18950799266130297 0.898864965191455
vn -0.39513098469855296 -0.18950799266130297 -0.898864965191455
vn 0.3300328680703775 0.14510194199594542 0.9327506271358096
vn -0.3300328680703775 -0.14510194199594542 -0.9327506271358096
vn 0.2591959588645678 0.15031597614425501 0.9540558485875328
vn -0.2591959588645678 -0.15031597614425501 -0.9540558485875328
vn 0.13482096681207043 0.11739797110096657 0.9838907578025291
vn -0.13482096681207043 -0.11739797110096657 -0.9838907578025291
vn 0.48643020597769826 0.8727743695742033 -0.04062701720341232
vn -0.48643020597769826 -0.8727743695742033 0.04062701720341232
vn 0.44815892462617357 0.8734808530931983 -0.19022296800725755
vn -0.44815892462617357 -0.8734808530931983 0.19022296800725755
vn 0.3289849502872524 0.8046128784153596 -0.4943349253013021
vn -0.3289849502872524 -0.8046128784153596 0.4943349253013021
vn 0.12003997212756198 0.6707348442600825 -0.7319188300535907
vn -0.12003997212756198 -0.6707348442600825 0.7319188300535907
vn 0 0.32525600042088154 -0.9456260012236402
vn 0 -0.32525600042088154 0.9456260012236402
vn -0.05940800476568062 0.33229102665622123 -0.9413040755109451
vn 0.05940800476568062 -0.33229102665622123 0.9413040755109451
vn 0.5880130347812661 -0.673557039841237 0.4478410264900213
vn -0.5880130347812661 0.673557039841237 -0.4478410264900213
vn 0.5471478932752574 -0.7311048573932595 0.40757192050045526
vn -0.5471478932752574 0.7311048573932595 -0.40757192050045526
vn 0.6481663006763145 -0.5607622601306634 0.5151952389926867
vn -0.6481663006763145 0.5607622601306634 -0.5151952389926867
vn 0.5772071647842996 -0.726196207318517 0.3734581066168894
vn -0.5772071647842996 0.726196207318517 -0.3734581066168894
vn 0.758684218965022 -0.6001601732131528 0.2533890731310109
vn -0.758684218965022 0.6001601732131528 -0.2533890731310109
vn 0.7922943278562145 -0.5737842374354092 0.20746408584990114
vn -0.7922943278562145 0.5737842374354092 -0.20746408584990114
vn 0.9453927815887672 -0.2852169341071949 -0.15774596355642753
vn -0.9453927815887672 0.2852169341071949 0.15774596355642753
vn 0.7242197334144029 -0.6893197462611034 -0.018548993172107744
vn -0.7242197334144029 0.6893197462611034 0.018548993172107744
vn 0.9941086438695892 0.10725096157831515 -0.01565999438994893
vn -0.9941086438695892 -0.10725096157831515 0.01565999438994893
vn 0.9848910357013159 -0.17231000624606552 0.017289000626708958
vn -0.9848910357013159 0.17231000624606552 -0.017289000626708958
vn 0.9336587486679686 -0.35133390542426307 -0.06961198126111856
vn -0.9336587486679686 0.35133390542426307 0.06961198126111856
vn 0.3543261697509764 -0.8614794127185176 0.36373917426056895
vn -0.3543261697509764 0.8614794127185176 -0.36373917426056895
vn 0.39795981559242843 -0.8384416114809201 0.3723488274601092
vn -0.39795981559242843 0.8384416114809201 -0.3723488274601092
vn 0.0296920039369076 -0.07485700992540367 -0.9967521321608691
vn -0.0296920039369076 0.07485700992540367 0.9967521321608691
vn 0.653657950663207 -0.24306598165386634 -0.7166939459053764
vn -0.653657950663207 0.24306598165386634 0.7166939459053764
vn 0.4817389495874668 -0.4145529566182789 -0.7720579192064594
vn -0.4817389495874668 0.4145529566182789 0.7720579192064594
vn 0.2673241826613398 -0.4554953112377748 -0.8491535802225939
vn -0.2673241826613398 0.4554953112377748 0.8491535802225939
vn -0.9900066742789476 0.08728697128180563 -0.11075996355898113
vn 0.9900066742789476 -0.08728697128180563 0.11075996355898113
vn -0.985212337653508 0.17079705853583413 -0.0136020046617002
vn 0.985212337653508 -0.17079705853583413 0.0136020046617002
vn 0.9695507330773874 0.15807295648165168 -0.18704094850660521
vn -0.9695507330773874 -0.15807295648165168 0.18704094850660521
vn 0.8692997348140712 0.011782996405515124 -0.4941448492576777
vn -0.8692997348140712 -0.011782996405515124 0.4941448492576777
vn 0.854526243202476 -0.09133302599383944 -0.5113151455228676
vn -0.854526243202476 0.09133302599383944 0.5113151455228676
vn 0.742464013946073 -0.21776100409031374 -0.6335040118994226
vn -0.742464013946073 0.21776100409031374 0.6335040118994226
vn -0.9097088051231104 0.12073897413542055 -0.3973059148895333
vn 0.9097088051231104 -0.12073897413542055 0.3973059148895333
vn -0.9668073375497225 0.10835503783092204 -0.2313930807882472
vn 0.9668073375497225 -0.10835503783092204 0.2313930807882472
vn -0.9905311369652072 0.11725901621393298 -0.07140300987321614
vn 0.9905311369652072 -0.11725901621393298 0.07140300987321614
vn -0.9742263859583696 0.08098103208218081 0.21053508340749
vn 0.9742263859583696 -0.08098103208218081 -0.21053508340749
vn 0.6869139287749287 0.7089409264909826 0.159849983425396
vn -0.6869139287749287 -0.7089409264909826 -0.159849983425396
vn -0.5522930837624324 0.6616351003455717 0.5071600769174248
vn 0.5522930837624324 -0.6616351003455717 -0.5071600769174248
vn -0.5415391311364242 0.6562001589021687 0.5254871272493509
vn 0.5415391311364242 -0.6562001589021687 -0.5254871272493509
vn -0.4311730924844824 0.7235841552051999 0.5389951156117698
vn 0.4311730924844824 -0.7235841552051999 -0.5389951156117698
vn -0.6116132250189688 0.6609892431849276 0.4347671599554328
vn 0.6116132250189688 -0.6609892431849276 -0.4347671599554328
vn -0.7760888624592157 0.6002498936219225 0.19335496573305608
vn 0.7760888624592157 -0.6002498936219225 -0.19335496573305608
vn -0.8453899808667116 0.5148189883483595 -0.14239799677717727
vn 0.8453899808667116 -0.5148189883483595 0.14239799677717727
vn -0.8556618056860714 -0.46312589482782623 -0.23099194754358277
vn 0.8556618056860714 0.46312589482782623 0.23099194754358277
vn -0.7174928704903961 -0.6925688749892516 -0.07451398655000324
vn 0.7174928704903961 0.6925688749892516 0.07451398655000324
vn -0.6566164059348332 -0.7540004661398203 -0.01839001136911329
vn 0.6566164059348332 0.7540004661398203 0.01839001136911329
vn -0.6591697925181009 -0.7519757633062661 0.005256998345294152
vn 0.6591697925181009 0.7519757633062661 -0.005256998345294152
vn -0.6930832048307218 -0.7208382130333132 0.005286001562201185
vn 0.6930832048307218 0.7208382130333132 -0.005286001562201185
vn -0.838526975977041 -0.5408799845043295 -0.06573699811670089
vn 0.838526975977041 0.5408799845043295 0.06573699811670089
vn -0.8932697021602592 -0.44489685165962456 -0.06431197855668574
vn 0.8932697021602592 0.44489685165962456 0.06431197855668574
vn -0.9572080992639207 -0.2843620294887705 -0.05376700557571948
vn 0.9572080992639207 0.2843620294887705 0.05376700557571948
vn -0.9837419636772962 -0.1660389938693423 -0.06843099747332237
vn 0.9837419636772962 0.1660389938693423 0.06843099747332237
vn -0.9979534595082751 -0.05989902758054354 -0.02238301030627067
vn 0.9979534595082751 0.05989902758054354 0.02238301030627067
vn -0.7298596304247217 0.2764308600251228 0.6252126834142598
vn 0.7298596304247217 -0.2764308600251228 -0.6252126834142598
vn -0.8056043406410057 0.581559245905982 0.11309504782100714
vn 0.8056043406410057 -0.581559245905982 -0.11309504782100714
vn -0.2859171011131711 0.9528113369570248 0.1019900360682729
vn 0.2859171011131711 -0.9528113369570248 -0.1019900360682729
vn -0.09931302737837089 0.9240242547327315 0.3692101017829321
vn 0.09931302737837089 -0.9240242547327315 -0.3692101017829321
vn -0.24127503221094274 0.6756600902026549 0.696613092999944
vn 0.24127503221094274 -0.6756600902026549 -0.696613092999944
vn -0.5138370998249415 0.37285007243489543 0.7726281501011896
vn 0.5138370998249415 -0.37285007243489543 -0.7726281501011896
vn -0.8484975044037829 0.12133092913220218 0.5151026991352976
vn 0.8484975044037829 -0.12133092913220218 -0.5151026991352976
vn 0.3269578653940902 0.9320616162777681 0.15607593574479928
vn -0.3269578653940902 -0.9320616162777681 -0.15607593574479928
vn 0.7272973802795352 0.5052072641560229 0.46454724289625465
vn -0.7272973802795352 -0.5052072641560229 -0.46454724289625465
vn 0.8428682978857237 -0.03804701344653994 0.5367731897058775
vn -0.8428682978857237 0.03804701344653994 -0.5367731897058775
vn 0.8310447423254761 -0.17429594595763317 0.5281908362286465
vn -0.8310447423254761 0.17429594595763317 -0.5281908362286465
vn 0.6918927905879542 -0.44696086472038693 0.5670188283829887
vn -0.6918927905879542 0.44696086472038693 -0.5670188283829887
vn 0.03105398738337304 0.31069387377116303 0.9500026140325415
vn -0.03105398738337304 -0.31069387377116303 -0.9500026140325415
vn 0.048452025912295735 0.7850934198704284 0.6174793302298867
vn -0.048452025912295735 -0.7850934198704284 -0.6174793302298867
vn 0.021177993068560483 0.05661098147153994 0.9981716733039547
vn -0.021177993068560483 -0.05661098147153994 -0.9981716733039547
vn 0.033972011100798075 0.06929902264436001 0.9970173257884256
vn -0.033972011100798075 -0.06929902264436001 -0.9970173257884256
vn 0.042252015949885514 0.9749123680236388 0.21854208249834065
vn -0.042252015949885514 -0.9749123680236388 -0.21854208249834065
vn 0.024992990375363715 0.9972266159745862 0.07010297300380619
vn -0.024992990375363715 -0.9972266159745862 -0.07010297300380619
vn 0.029301013990739404 0.9993484771720228 0.021073010062006688
vn -0.029301013990739404 -0.9993484771720228 -0.021073010062006688
vn 0.7348811870092814 0.6126021558922597 0.2909780740468005
vn -0.7348811870092814 -0.6126021558922597 -0.2909780740468005
vn 0.5169702254277594 0.5244352286829156 0.6765422950100531
vn -0.5169702254277594 -0.5244352286829156 -0.6765422950100531
vn 0.37122188978015386 0.4529168655240204 0.8105927593261292
vn -0.37122188978015386 -0.4529168655240204 -0.8105927593261292
vn 0.18481493922638945 0.14899295100591078 0.9714136805652349
vn -0.18481493922638945 -0.14899295100591078 -0.9714136805652349
vn 0.4613291004115189 0.8808661917267135 -0.10606702308623235
vn -0.4613291004115189 -0.8808661917267135 0.10606702308623235
vn 0.7543850441277543 0.6420390375560746 0.1367080079967353
vn -0.7543850441277543 -0.6420390375560746 -0.1367080079967353
vn 0.22133810768101556 0.7336843569375265 -0.6424303125424228
vn -0.22133810768101556 -0.7336843569375265 0.6424303125424228
vn 0 0.6283880350188096 -0.7779000433508148
vn 0 -0.6283880350188096 0.7779000433508148
vn 0.04842201087408378 0.6367031429838044 -0.7695871728254411
vn -0.04842201087408378 -0.6367031429838044 0.7695871728254411
vn 0.40981804570926317 0.853662095213634 -0.3214190358496347
vn -0.40981804570926317 -0.853662095213634 0.3214190358496347
vn 0.4616438791324154 -0.7547978023788653 0.46600987798930954
vn -0.4616438791324154 0.7547978023788653 -0.46600987798930954
vn 0.6726660941675422 -0.5018050702484496 0.5437940761265536
vn -0.6726660941675422 0.5018050702484496 -0.5437940761265536
vn 0.6208019273649371 -0.6176799277302174 0.48277994351378417
vn -0.6208019273649371 0.6176799277302174 -0.48277994351378417
vn 0.6232601865801323 -0.6529091954559054 0.43041412884943836
vn -0.6232601865801323 0.6529091954559054 -0.43041412884943836
vn 0.818518337109302 -0.501747206646135 0.27978111522871524
vn -0.818518337109302 0.501747206646135 -0.27978111522871524
vn 0.7855811341592008 -0.5974871020370636 0.16084602746880425
vn -0.7855811341592008 0.5974871020370636 -0.16084602746880425
vn 0.7481481416603677 -0.6554581241096965 0.1031940195395829
vn -0.7481481416603677 0.6554581241096965 -0.1031940195395829
vn 0.8761819717093989 -0.41717798652994875 -0.24138699220597631
vn -0.8761819717093989 0.41717798652994875 0.24138699220597631
vn 0.8600071181452058 -0.44194606071322806 -0.2550910350436436
vn -0.8600071181452058 0.44194606071322806 0.2550910350436436
vn 0.770781760411391 -0.5740928215498761 -0.2762479141315262
vn -0.770781760411391 0.5740928215498761 0.2762479141315262
vn 0.9933857575910567 0.10254897497569454 -0.051656987394508476
vn -0.9933857575910567 -0.10254897497569454 0.051656987394508476
vn 0.9310348333964521 -0.36396993486958784 0.02645799526548761
vn -0.9310348333964521 0.36396993486958784 -0.02645799526548761
vn 0.9827040365973732 -0.1661740061885694 0.08172500304356173
vn -0.9827040365973732 0.1661740061885694 -0.08172500304356173
vn 0.8254030321370678 -0.5492800213862181 -0.13038900507669612
vn -0.8254030321370678 0.5492800213862181 0.13038900507669612
vn 0.40761011111840373 -0.8181162230262851 0.4056351105799996
vn -0.40761011111840373 0.8181162230262851 -0.4056351105799996
vn 0.9734015554261964 0.20498390637936173 -0.10232795326458317
vn -0.9734015554261964 -0.20498390637936173 0.10232795326458317
vn -0.03924898780428166 -0.32103790024487167 -0.9462527059737813
vn 0.03924898780428166 0.32103790024487167 0.9462527059737813
vn -0.0624250116174518 -0.1724330320902211 -0.9830411829464387
vn 0.0624250116174518 0.1724330320902211 0.9830411829464387
vn 0.6089880424559072 -0.3633800253332208 -0.7050450491525698
vn -0.6089880424559072 0.3633800253332208 0.7050450491525698
vn 0.0474509966929978 -0.4825829663673463 -0.8745639390490176
vn -0.0474509966929978 0.4825829663673463 0.8745639390490176
vn 0.027570998330217675 0.3908109763313158 -0.9200579442785324
vn -0.027570998330217675 -0.3908109763313158 0.9200579442785324
vn 0.04423201112010593 0.7246821821880225 -0.6876621728810426
vn 0.9934175269277324 0.1143289455557688 0.007106996615599294
vn -0.9934175269277324 -0.1143289455557688 -0.007106996615599294
vn -0.04423201112010593 -0.7246821821880225 0.6876621728810426
vn 0.9745805622740609 0.19831291092916423 0.10423395318406012
vn -0.9745805622740609 -0.19831291092916423 -0.10423395318406012
vn 0.9578955646763174 0.08664896062165234 -0.2737298756011596
vn -0.9578955646763174 -0.08664896062165234 0.2737298756011596
vn 0.940285894952206 0.008030999102784939 -0.3402909619830362
vn -0.940285894952206 -0.008030999102784939 0.3402909619830362
vn -0.32624588767992196 0.16456194334454183 -0.9308506795263177
vn 0.32624588767992196 -0.16456194334454183 0.9308506795263177
vn -0.559907233930691 0.07353903072479746 -0.8252853448063523
vn 0.559907233930691 -0.07353903072479746 0.8252853448063523
vn -0.7855407310988488 0.10961096247869433 -0.6090247915226276
vn 0.7855407310988488 -0.10961096247869433 0.6090247915226276
vn -0.9144589494130468 0.1055139941630716 -0.39068097838791954
vn 0.9144589494130468 -0.1055139941630716 0.39068097838791954
vn -0.9645470505668629 0.13039400683597124 -0.22944801202892706
vn 0.9645470505668629 -0.13039400683597124 0.22944801202892706
vn -0.9720552936409376 0.09929302999469124 0.21271906425871645
vn 0.9720552936409376 -0.09929302999469124 -0.21271906425871645
vn -0.16816797149452226 0.9683178358643308 0.18460796870784452
vn 0.16816797149452226 -0.9683178358643308 -0.18460796870784452
vn 0.5833711481862077 0.8120152062656928 0.017590004468160912
vn -0.5833711481862077 -0.8120152062656928 -0.017590004468160912
vn -0.11111299034633715 0.9197549200903162 0.3764369672945933
vn 0.11111299034633715 -0.9197549200903162 -0.3764369672945933
vn -0.9653778198624463 0.22450595810764118 -0.13282597521494094
vn 0.9653778198624463 -0.22450595810764118 0.13282597521494094
vn -0.9363378775766396 -0.11931498439992469 -0.3302049568266954
vn 0.9363378775766396 0.11931498439992469 0.3302049568266954
vn -0.9573361011559672 -0.20084002122156108 -0.2077760219544468
vn 0.9573361011559672 0.20084002122156108 0.2077760219544468
vn -0.8772406288987821 -0.4597278055202382 -0.13819994153694568
vn 0.8772406288987821 0.4597278055202382 0.13819994153694568
vn -0.7795390621280964 -0.6161510491063164 -0.11259100897333503
vn 0.7795390621280964 0.6161510491063164 0.11259100897333503
vn -0.6782900199237523 -0.7338230215549509 -0.037768001109378564
vn 0.6782900199237523 0.7338230215549509 0.037768001109378564
vn -0.6775153199129857 -0.7331503461830446 0.05885202778908058
vn 0.6775153199129857 0.7331503461830446 -0.05885202778908058
vn -0.7914899716151914 -0.6111489780826702 0.006367999771627477
vn 0.7914899716151914 0.6111489780826702 -0.006367999771627477
vn -0.828050387349641 -0.5606112622456007 0.006897003226315285
vn 0.828050387349641 0.5606112622456007 -0.006897003226315285
vn -0.8855994410310637 -0.46438370689224195 0.007835995054109444
vn 0.8855994410310637 0.46438370689224195 -0.007835995054109444
vn -0.9335763022934559 -0.35368611452411297 -0.05780501871735488
vn 0.9335763022934559 0.35368611452411297 0.05780501871735488
vn -0.9954591463693374 0.09518601399586699 0.0008430001239522395
vn 0.9954591463693374 -0.09518601399586699 -0.0008430001239522395
vn -0.9906008200821423 0.08161498517667963 0.10976798006339245
vn 0.9906008200821423 -0.08161498517667963 -0.10976798006339245
vn -0.717869038174123 0.1782980094813534 0.6729590357859436
vn 0.717869038174123 -0.1782980094813534 -0.6729590357859436
vn -0.06895502594812591 0.9959583747841867 0.057551021656741495
vn 0.06895502594812591 -0.9959583747841867 -0.057551021656741495
vn -0.0929930278999119 0.985858295778729 0.1394120418266164
vn 0.0929930278999119 -0.985858295778729 -0.1394120418266164
vn -0.8450609960235654 0.11142299947569896 0.5229309975393482
vn 0.8450609960235654 -0.11142299947569896 -0.5229309975393482
vn -0.9294426971550882 0.10498596579190334 0.3537148847473293
vn 0.9294426971550882 -0.10498596579190334 -0.3537148847473293
vn 0.8433300212025819 -0.0000010000000252608268 0.537396013510942
vn -0.8433300212025819 0.0000010000000252608268 -0.537396013510942
vn 0.7558660537507709 -0.17606101251996326 0.6306100448436278
vn -0.7558660537507709 0.17606101251996326 -0.6306100448436278
vn 0.7216021433708144 -0.34883206930735783 0.5980021188134647
vn -0.7216021433708144 0.34883206930735783 -0.5980021188134647
vn 0.018452991196984198 0.06948196685356592 0.9974125241834715
vn -0.018452991196984198 -0.06948196685356592 -0.9974125241834715
vn 0.02676601155112906 0.05812502508441196 0.9979504306750819
vn -0.02676601155112906 -0.05812502508441196 -0.9979504306750819
vn 0.05842402704691298 0.09331004319710115 0.9939214601275983
vn -0.05842402704691298 -0.09331004319710115 -0.9939214601275983
vn 0.010549998340453743 0.999640842753509 0.024634996124841733
vn -0.010549998340453743 -0.999640842753509 -0.024634996124841733
vn 0.006677002874643989 0.9999384305025851 0.008863003815781213
vn -0.006677002874643989 -0.9999384305025851 -0.008863003815781213
vn 0.6386258802458441 0.6064998862700616 0.4736189111877006
vn -0.6386258802458441 -0.6064998862700616 -0.4736189111877006
vn 0.3335859452672241 0.2271039627381473 0.9149558498795463
vn -0.3335859452672241 -0.2271039627381473 -0.9149558498795463
vn 0.2775541097593495 0.17201806802490227 0.9451843737751249
vn -0.2775541097593495 -0.17201806802490227 -0.9451843737751249
vn 0.2207639838289284 0.12791399063023637 0.9669029291738795
vn -0.2207639838289284 -0.12791399063023637 -0.9669029291738795
vn 0.15988305222788607 0.13972404564268318 0.9771973192142602
vn -0.15988305222788607 -0.13972404564268318 -0.9771973192142602
vn 0.2667599734391109 0.9617509042399098 -0.062243993802459
vn -0.2667599734391109 -0.9617509042399098 0.062243993802459
vn 0.46265523459564195 0.8861484493336481 0.02628801332969562
vn -0.46265523459564195 -0.8861484493336481 -0.02628801332969562
vn 0.468963173269497 0.875828323595416 0.11401004212369727
vn -0.468963173269497 -0.875828323595416 -0.11401004212369727
vn 0.14445591508305983 0.8939194745185306 -0.42431175057265363
vn -0.14445591508305983 -0.8939194745185306 0.42431175057265363
vn 0.034680976603631494 0.8322314385627131 -0.5533426267057829
vn -0.034680976603631494 -0.8322314385627131 0.5533426267057829
vn -0.15206294475409762 0.362474868309461 -0.9195046659352802
vn 0.15206294475409762 -0.362474868309461 0.9195046659352802
vn 0.244826874822744 0.9490925147395614 -0.1981998986625977
vn -0.244826874822744 -0.9490925147395614 0.1981998986625977
vn 0.5802697316366265 -0.5119057632536216 0.6334347070488677
vn -0.5802697316366265 0.5119057632536216 -0.6334347070488677
vn 0.5339522787933769 -0.6323683301795111 0.5612532930481001
vn -0.5339522787933769 0.6323683301795111 -0.5612532930481001
vn 0.5143480071142045 -0.7649370105802263 0.3877080053625831
vn -0.5143480071142045 0.7649370105802263 -0.3877080053625831
vn 0.731189105328895 -0.5669240816662703 0.3794200546560318
vn -0.731189105328895 0.5669240816662703 -0.3794200546560318
vn 0.8195272663902495 -0.558292181474857 0.12917004198718096
vn -0.8195272663902495 0.558292181474857 -0.12917004198718096
vn 0.7433150903770857 -0.6607790803418205 0.10418101266700532
vn -0.7433150903770857 0.6607790803418205 -0.10418101266700532
vn 0.750718283288102 -0.5697602150024762 -0.33435812617206895
vn -0.750718283288102 0.5697602150024762 0.33435812617206895
vn 0.6963501643860099 -0.6939081638095317 -0.18327004326419782
vn -0.6963501643860099 0.6939081638095317 0.18327004326419782
vn 0.6743143106900531 -0.6669763073090709 -0.3169271460240579
vn -0.6743143106900531 0.6669763073090709 0.3169271460240579
vn 0.9996163972371391 -0.01602200636697837 0.02259100897743154
vn -0.9996163972371391 0.01602200636697837 -0.02259100897743154
vn 0.843621930583416 -0.48892195976954717 -0.22193998173789142
vn -0.843621930583416 0.48892195976954717 0.22193998173789142
vn 0.2954498399050818 -0.8450535420922288 0.4456387585224596
vn -0.2954498399050818 0.8450535420922288 -0.4456387585224596
vn 0.2252490774959448 -0.8990083092998166 0.37556212921048254
vn -0.2252490774959448 0.8990083092998166 -0.37556212921048254
vn -0.0792750097205041 -0.0719320088201234 -0.9942541219129623
vn 0.0792750097205041 0.0719320088201234 0.9942541219129623
vn 0.4807681231877128 -0.5003651282090734 -0.7200671845035586
vn -0.4807681231877128 0.5003651282090734 0.7200671845035586
vn 0.3230949688604316 -0.5596969460569705 -0.7631179264514611
vn -0.3230949688604316 0.5596969460569705 0.7631179264514611
vn 0.10144405316024833 -0.5960873123706965 -0.7964854173863452
vn -0.10144405316024833 0.5960873123706965 0.7964854173863452
vn 0.002159000065108966 0.4223140127357241 -0.9064470273357232
vn -0.002159000065108966 -0.4223140127357241 0.9064470273357232
vn -0.02627099921561365 0.8882249734798233 -0.458656986305649
vn 0.02627099921561365 -0.8882249734798233 0.458656986305649
vn -0.9472607578512899 0.3165319190847976 0.05004598720672098
vn 0.9472607578512899 -0.3165319190847976 -0.05004598720672098
vn 0.9905961651561688 0.03970600661994483 -0.13093002182917876
vn -0.9905961651561688 -0.03970600661994483 0.13093002182917876
vn 0.8514891108694241 -0.17423502268653382 -0.4945790643974131
vn -0.8514891108694241 0.17423502268653382 0.4945790643974131
vn -0.5480961893902863 0.2189980756730463 -0.8072362789340864
vn 0.5480961893902863 -0.2189980756730463 0.8072362789340864
vn -0.2978489076594067 0.42566786803233986 -0.8544547350977117
vn 0.2978489076594067 -0.42566786803233986 0.8544547350977117
vn -0.9652932402098742 0.1318430328086814 -0.2254470561017178
vn 0.9652932402098742 -0.1318430328086814 0.2254470561017178
vn -0.9896741736774413 0.12247202149255569 0.07446901306853104
vn 0.9896741736774413 -0.12247202149255569 -0.07446901306853104
vn -0.9691286733634733 0.12586095757964116 0.2120109285435307
vn 0.9691286733634733 -0.12586095757964116 -0.2120109285435307
vn 0.7263310794250342 0.6847390748769067 -0.059796006538753325
vn -0.7263310794250342 -0.6847390748769067 0.059796006538753325
vn -0.6774718048281921 0.6834278031123378 0.2719529216535022
vn 0.6774718048281921 -0.6834278031123378 -0.2719529216535022
vn -0.6337510977513612 0.6596951017530295 0.4039330623036503
vn 0.6337510977513612 -0.6596951017530295 -0.4039330623036503
vn -0.6587609570520808 0.6093379602742129 0.4412949712297754
vn 0.6587609570520808 -0.6093379602742129 -0.4412949712297754
vn -0.8157548835877076 0.5008759285225056 0.28925295872215956
vn 0.8157548835877076 -0.5008759285225056 -0.28925295872215956
vn -0.7978671384642689 -0.6011331043224515 -0.04524400785178167
vn 0.7978671384642689 0.6011331043224515 0.04524400785178167
vn -0.6916649681799538 -0.7220519667820001 0.015508999286508346
vn 0.6916649681799538 0.7220519667820001 -0.015508999286508346
vn -0.6489460773345841 -0.7594640905049612 0.04564300543925429
vn 0.6489460773345841 0.7594640905049612 -0.04564300543925429
vn -0.7255369531150782 -0.6851869557225352 0.06414799585469234
vn 0.7255369531150782 0.6851869557225352 -0.06414799585469234
vn -0.7738438214866323 -0.6295458547738607 0.06955398395501047
vn 0.7738438214866323 0.6295458547738607 -0.06955398395501047
vn -0.8579148658555842 -0.513738919671275 0.00737599884668142
vn 0.8579148658555842 0.513738919671275 -0.00737599884668142
vn -0.9099655665976083 -0.4146018025316348 0.008246996072084444
vn 0.9099655665976083 0.4146018025316348 -0.008246996072084444
vn -0.92906705341346 -0.3698120212610484 0.008572000492817098
vn 0.92906705341346 0.3698120212610484 -0.008572000492817098
vn -0.9891472288718797 -0.1378880319049502 -0.0507410117406089
vn 0.9891472288718797 0.1378880319049502 0.0507410117406089
vn -0.9976556342315773 -0.03418198746792858 -0.05928597826410436
vn 0.9976556342315773 0.03418198746792858 0.05928597826410436
vn -0.9961626938423932 0.06446398018783678 -0.059196981806579986
vn 0.9961626938423932 -0.06446398018783678 0.059196981806579986
vn -0.24915907877950372 0.966920305722361 0.05463401727426848
vn 0.24915907877950372 -0.966920305722361 -0.05463401727426848
vn -0.06730599953178582 0.9971289930634721 0.03469399975865141
vn 0.06730599953178582 -0.9971289930634721 -0.03469399975865141
vn -0.09634099103445963 0.7482959303632097 0.6563319389214247
vn 0.09634099103445963 -0.7482959303632097 -0.6563319389214247
vn -0.09689102677356201 0.954355263713686 0.2825210780680717
vn 0.09689102677356201 -0.954355263713686 -0.2825210780680717
vn -0.27371702502786477 0.41981103838626355 0.8653540791253846
vn 0.27371702502786477 -0.41981103838626355 -0.8653540791253846
vn -0.7190810022039833 0.1224500003753091 0.6840530020966225
vn 0.7190810022039833 -0.1224500003753091 -0.6840530020966225
vn 0.23507688958946504 0.9597775492132262 0.15351192789876514
vn -0.23507688958946504 -0.9597775492132262 -0.15351192789876514
vn 0.7667029776835769 -9.999999710355544e-7 0.6420019813132487
vn -0.7667029776835769 9.999999710355544e-7 -0.6420019813132487
vn 0.6231368921596273 -0.3547059386144184 0.6970538793675174
vn -0.6231368921596273 0.3547059386144184 -0.6970538793675174
vn 0.02624500065321183 0.3983590099147573 0.9168540228195801
vn -0.02624500065321183 -0.3983590099147573 -0.9168540228195801
vn 0.03372698685448784 0.8168496816226878 0.5758637755499392
vn -0.03372698685448784 -0.8168496816226878 -0.5758637755499392
vn 0.021769003237279597 0.0547430081408605 0.9982631484522231
vn -0.021769003237279597 -0.0547430081408605 -0.9982631484522231
vn 0.03693999470483684 0.0732009895070047 0.9966328571376734
vn -0.03693999470483684 -0.0732009895070047 -0.9966328571376734
vn 0.08645097896712776 0.10289997496521067 0.9909277589147376
vn -0.08645097896712776 -0.10289997496521067 -0.9909277589147376
vn 0.02478600978061096 0.9798703866588906 0.19809007816675667
vn -0.02478600978061096 -0.9798703866588906 -0.19809007816675667
vn 0.012420005719010299 0.9977494594313048 0.06589203034114569
vn -0.012420005719010299 -0.9977494594313048 -0.06589203034114569
vn 0.0165399990881416 0.9996309448898476 0.021549998811938042
vn -0.0165399990881416 -0.9996309448898476 -0.021549998811938042
vn 0.40535016606368734 0.8505543484547514 0.3350351372570558
vn -0.40535016606368734 -0.8505543484547514 -0.3350351372570558
vn 0.27281200779778575 0.4068790116298228 0.8717930249184606
vn -0.27281200779778575 -0.4068790116298228 -0.8717930249184606
vn 0.29106999757873425 0.7925959934067902 0.5357889955430395
vn -0.29106999757873425 -0.7925959934067902 -0.5357889955430395
vn 0.16218897089981418 0.1331809761044714 0.9777308245740847
vn -0.16218897089981418 -0.1331809761044714 -0.9777308245740847
vn 0.11296894711100153 0.12598794101586128 0.985578538578847
vn -0.11296894711100153 -0.12598794101586128 -0.985578538578847
vn 0.26841108777299 0.9632963150070979 0.003962001295612489
vn -0.26841108777299 -0.9632963150070979 -0.003962001295612489
vn 0.25674096825577847 0.9602378812733151 -0.10966898644019815
vn -0.25674096825577847 -0.9602378812733151 0.10966898644019815
vn 0.20115800260529787 0.930643012053223 -0.3056780039589884
vn -0.20115800260529787 -0.930643012053223 0.3056780039589884
vn 0.08304499448668451 0.855526943201996 -0.5110549660713173
vn -0.08304499448668451 -0.855526943201996 0.5110549660713173
vn -0.04842200443952325 0.6367020583753943 -0.7695880705589156
vn 0.04842200443952325 -0.6367020583753943 0.7695880705589156
vn -0.12003996478292035 0.6707338032214872 -0.7319197852708685
vn 0.12003996478292035 -0.6707338032214872 0.7319197852708685
vn 0.5038210261616631 -0.6921090359388008 0.5168650268389924
vn -0.5038210261616631 0.6921090359388008 -0.5168650268389924
vn 0.5591389513420533 -0.57219795020562 0.5999609477896006
vn -0.5591389513420533 0.57219795020562 -0.5999609477896006
vn 0.3492960180968525 -0.696341036077082 0.6269780324834191
vn -0.3492960180968525 0.696341036077082 -0.6269780324834191
vn 0.7742992503038877 -0.5169751671200046 0.36496211797949807
vn -0.7742992503038877 0.5169751671200046 -0.36496211797949807
vn 0.8765482827043977 -0.45344014624353957 0.16141605205991338
vn -0.8765482827043977 0.45344014624353957 -0.16141605205991338
vn 0.6896409059598827 -0.6987599047164071 -0.19007897408064292
vn -0.6896409059598827 0.6987599047164071 0.19007897408064292
vn 0.7575289084170331 -0.6526919210915096 -0.01196699855322601
vn -0.7575289084170331 0.6526919210915096 0.01196699855322601
vn 0.9933999004831896 0.0733499926519448 -0.08818399116590456
vn -0.9933999004831896 -0.0733499926519448 0.08818399116590456
vn 0.9331283729896813 -0.32835913125157407 0.14646405854455188
vn -0.9331283729896813 0.32835913125157407 -0.14646405854455188
vn 0.9859931721948485 -0.1119700195545579 0.12361302158790355
vn -0.9859931721948485 0.1119700195545579 -0.12361302158790355
vn 0.6950039844176634 -0.6462159855115146 -0.3152369929322293
vn -0.6950039844176634 0.6462159855115146 0.3152369929322293
vn 0.8177702559355526 -0.5752671800399594 0.017874005593983593
vn -0.8177702559355526 0.5752671800399594 -0.017874005593983593
vn 0.2570999744893849 -0.8855849121282844 0.38683196161679373
vn -0.2570999744893849 0.8855849121282844 -0.38683196161679373
vn 0.262430023393407 -0.8355360744809424 0.4827110430295882
vn -0.262430023393407 0.8355360744809424 -0.4827110430295882
vn -0.08077398278165424 -0.46723290040137466 -0.8804368123199461
vn 0.08077398278165424 0.46723290040137466 0.8804368123199461
vn -0.26338203141449856 -0.29879503563833154 -0.917252109403876
vn 0.26338203141449856 0.29879503563833154 0.917252109403876
vn -0.2400338987934484 -0.15504793462645514 -0.9583025959466492
vn 0.2400338987934484 0.15504793462645514 0.9583025959466492
vn -0.004036001319447749 0.33664411005554234 -0.9416233078350711
vn 0.004036001319447749 -0.33664411005554234 0.9416233078350711
vn 0.728570116265957 -0.3098230494418759 -0.6108970974875776
vn -0.728570116265957 0.3098230494418759 0.6108970974875776
vn 0.5813730658480613 -0.45498405153286137 -0.6745330763996443
vn -0.5813730658480613 0.45498405153286137 0.6745330763996443
vn -0.06349598608126865 -0.5917338702881033 -0.8036288238393576
vn 0.06349598608126865 0.5917338702881033 0.8036288238393576
vn 0.019529999340969946 0.7612579743117308 -0.6481549781283346
vn -0.019529999340969946 -0.7612579743117308 0.6481549781283346
vn 0.9238785144577365 0.3641682027854814 0.11760106548564242
vn -0.9238785144577365 -0.3641682027854814 -0.11760106548564242
vn 0.9356296027163171 -0.06534697225260316 -0.3468818527082731
vn -0.9356296027163171 0.06534697225260316 0.3468818527082731
vn 0.9340257562762849 -0.11962096878622802 -0.3365809121729248
vn -0.9340257562762849 0.11962096878622802 0.3365809121729248
vn 0.8480050975943684 -0.24119502775841364 -0.47192405431232687
vn -0.8480050975943684 0.24119502775841364 0.47192405431232687
vn -0.9124209821252168 0.13251799740390627 -0.38720399241448017
vn 0.9124209821252168 -0.13251799740390627 0.38720399241448017
vn -0.9642001874766921 0.14498502819052922 -0.2220300431709707
vn 0.9642001874766921 -0.14498502819052922 0.2220300431709707
vn -0.9863515977062263 0.14710894000008642 -0.07395596983628729
vn 0.9863515977062263 -0.14710894000008642 0.07395596983628729
vn -0.9859410261067328 0.14695600389124808 0.07952500210574259
vn 0.9859410261067328 -0.14695600389124808 -0.07952500210574259
vn -0.26401492143154726 0.9645137129694424 -0.003068999086693415
vn 0.26401492143154726 -0.9645137129694424 0.003068999086693415
vn -0.4195808251231542 0.8803066330975151 -0.2213869077282805
vn 0.4195808251231542 -0.8803066330975151 0.2213869077282805
vn 0.02276198872330386 0.8693435693116544 -0.4936837554202417
vn -0.02276198872330386 -0.8693435693116544 0.4936837554202417
vn -0.7131733154526736 0.6031012667653189 0.3572851580352994
vn 0.7131733154526736 -0.6031012667653189 -0.3572851580352994
vn -0.7808435087238716 0.5137186767883452 0.35549477633662147
vn 0.7808435087238716 -0.5137186767883452 -0.35549477633662147
vn -0.8550971452498062 0.4289600728646655 0.29120804946562284
vn 0.8550971452498062 -0.4289600728646655 -0.29120804946562284
vn -0.9231002663726207 0.34209309871542504 0.17566505069044142
vn 0.9231002663726207 -0.34209309871542504 -0.17566505069044142
vn -0.9270486880824697 0.36685387656726487 0.07745297393994449
vn 0.9270486880824697 -0.36685387656726487 -0.07745297393994449
vn -0.9584163422812062 -0.2550660910922794 -0.12798204570649216
vn 0.9584163422812062 0.2550660910922794 0.12798204570649216
vn -0.7350032459104447 -0.6779672268278721 -0.011431003824477457
vn 0.7350032459104447 0.6779672268278721 0.011431003824477457
vn -0.6475349063748772 -0.7600818901020477 0.0545349921149495
vn 0.6475349063748772 0.7600818901020477 -0.0545349921149495
vn -0.7000777510944006 -0.7030637500327588 0.12486995560374373
vn 0.7000777510944006 0.7030637500327588 -0.12486995560374373
vn -0.8416307925085782 -0.5343648682603734 0.07817798072639377
vn 0.8416307925085782 0.5343648682603734 -0.07817798072639377
vn -0.8970603034733093 -0.43349914665170236 0.08579802902526354
vn 0.8970603034733093 0.43349914665170236 -0.08579802902526354
vn -0.9573882271303312 -0.28866406848252735 0.00899100213302104
vn 0.9573882271303312 0.28866406848252735 -0.00899100213302104
vn -0.9895246834758424 -0.14405395392074882 0.009452996976223043
vn 0.9895246834758424 0.14405395392074882 -0.009452996976223043
vn -0.998263883845016 -0.03104699638746484 -0.0500529941759841
vn 0.998263883845016 0.03104699638746484 0.0500529941759841
vn -0.8283489287433574 0.5593999518790198 -0.03016199740538957
vn 0.8283489287433574 -0.5593999518790198 0.03016199740538957
vn -0.5257062436906601 0.22184510283609923 0.8212293806801465
vn 0.5257062436906601 -0.22184510283609923 -0.8212293806801465
vn -0.8336668504347616 0.5521899009335514 0.009267998337261128
vn 0.8336668504347616 -0.5521899009335514 -0.009267998337261128
vn -0.30045491250303547 0.953601722296915 0.019250994393822697
vn 0.30045491250303547 -0.953601722296915 -0.019250994393822697
vn -0.12885299309753862 0.391801979011756 0.9109819512000648
vn 0.12885299309753862 -0.391801979011756 -0.9109819512000648
vn -0.07787098552510893 0.9937348152816085 0.08016998509776427
vn 0.07787098552510893 -0.9937348152816085 -0.08016998509776427
vn -0.314416170114286 0.21709211745728757 0.9241284999980119
vn 0.314416170114286 -0.21709211745728757 -0.9241284999980119
vn -0.5363911864681142 0.14573705066323536 0.8312912889855818
vn 0.5363911864681142 -0.14573705066323536 -0.8312912889855818
vn -0.698466080930571 0.13410901553907825 0.7029650814518658
vn 0.698466080930571 -0.13410901553907825 -0.7029650814518658
vn -0.8345282612002931 0.141492044285814 0.5324871666639831
vn 0.8345282612002931 -0.141492044285814 -0.5324871666639831
vn 0.21018202610313796 0.9613071193876224 0.17807902211616955
vn -0.21018202610313796 -0.9613071193876224 -0.17807902211616955
vn 0.6499578952241959 0.5315599143104224 0.5431379124440031
vn -0.6499578952241959 -0.5315599143104224 -0.5431379124440031
vn 0.766137632938185 -0.03852698154145802 0.6415206926430191
vn -0.766137632938185 0.03852698154145802 -0.6415206926430191
vn 0.5972508083485174 -0.45472685408295066 0.6606927879906555
vn -0.5972508083485174 0.45472685408295066 -0.6606927879906555
vn 0.014351996675618692 0.37289191362631 0.9277637851002439
vn -0.014351996675618692 -0.37289191362631 -0.9277637851002439
vn 0.028565004574942935 0.05538900887104876 0.9980561598476894
vn -0.028565004574942935 -0.05538900887104876 -0.9980561598476894
vn 0.013596994162410548 0.05388497686559457 0.9984545713340901
vn -0.013596994162410548 -0.05388497686559457 -0.9984545713340901
vn 0.06331197117504742 0.0938359572779526 0.9935725476419224
vn -0.06331197117504742 -0.0938359572779526 -0.9935725476419224
vn 0.03771999089975154 0.06385998459326948 0.9972457594065117
vn -0.03771999089975154 -0.06385998459326948 -0.9972457594065117
vn 0.0029500003773788226 0.9996531278806347 0.02617100334792604
vn -0.0029500003773788226 -0.9996531278806347 -0.02617100334792604
vn 0.0013270003286588758 0.9999612476609329 0.008703002155477386
vn -0.0013270003286588758 -0.9999612476609329 -0.008703002155477386
vn 0.22465205747117062 0.7359711882783813 0.6386531633821891
vn -0.22465205747117062 -0.7359711882783813 -0.6386531633821891
vn 0.24015998951149303 0.20197499117914616 0.9494889585329697
vn -0.24015998951149303 -0.20197499117914616 -0.9494889585329697
vn 0.18585095283419362 0.11589797058706884 0.9757187523791994
vn -0.18585095283419362 -0.11589797058706884 -0.9757187523791994
vn 0.15895408113995943 0.9869855038182295 -0.024356012432809597
vn -0.15895408113995943 -0.9869855038182295 0.024356012432809597
vn 0.10146197347266905 0.9933767402806919 -0.05392698590073724
vn -0.10146197347266905 -0.9933767402806919 0.05392698590073724
vn 0.13300803658625962 0.9706702670003656 -0.20027005508789086
vn -0.13300803658625962 -0.9706702670003656 0.20027005508789086
vn 0.057300992306454135 0.9336388746445182 -0.35360295252332574
vn -0.057300992306454135 -0.9336388746445182 0.35360295252332574
vn -0.034681005466229764 0.8322311311717041 -0.5533430872149007
vn 0.034681005466229764 -0.8322311311717041 0.5533430872149007
vn 0 0.8262101209803046 -0.5633620824919888
vn 0 -0.8262101209803046 0.5633620824919888
vn 0.3772600410789049 -0.7171200780854168 0.5860150638097185
vn -0.3772600410789049 0.7171200780854168 -0.5860150638097185
vn 0.34327494951284054 -0.7812698850947404 0.5213249233261424
vn -0.34327494951284054 0.7812698850947404 -0.5213249233261424
vn 0.4235541177971933 -0.5905861642514846 0.6868841910335101
vn -0.4235541177971933 0.5905861642514846 -0.6868841910335101
vn 0.6812438853163485 -0.5428629086120229 0.4911279173213232
vn -0.6812438853163485 0.5428629086120229 -0.4911279173213232
vn 0.8627548269184577 -0.4085269180433806 0.2979259402315934
vn -0.8627548269184577 0.4085269180433806 -0.2979259402315934
vn 0.9672485182431341 -0.245052877946666 0.06617696703927926
vn -0.9672485182431341 0.245052877946666 -0.06617696703927926
vn 0.7658460417918368 -0.6373880347819473 0.08494900463562469
vn -0.7658460417918368 0.6373880347819473 -0.08494900463562469
vn 0.7312212211399769 -0.5851321769589178 -0.3506221060370819
vn -0.7312212211399769 0.5851321769589178 0.3506221060370819
vn 0.6617811028851307 -0.6447721002407919 -0.3825110594678517
vn -0.6617811028851307 0.6447721002407919 0.3825110594678517
vn 0.8287558345550748 -0.5191808963556683 0.20884195830877947
vn -0.8287558345550748 0.5191808963556683 -0.20884195830877947
vn 0.9391582446958342 -0.2322920605232397 0.2530260659254439
vn -0.9391582446958342 0.2322920605232397 -0.2530260659254439
vn 0.9812647649782856 -0.05209298752326219 0.18548795557397055
vn -0.9812647649782856 0.05209298752326219 -0.18548795557397055
vn 0.6720666428218767 -0.7122556214629473 -0.20252989236298582
vn -0.6720666428218767 0.7122556214629473 0.20252989236298582
vn 0.6774319197886783 -0.7351189129582503 -0.02619499689838174
vn -0.6774319197886783 0.7351189129582503 0.02619499689838174
vn 0.12777003553924032 -0.9063722521074771 0.40269611200993893
vn -0.12777003553924032 0.9063722521074771 -0.40269611200993893
vn -0.05133897019155012 -0.8986034782525508 0.43574774699599855
vn 0.05133897019155012 0.8986034782525508 -0.43574774699599855
vn -0.5056880670077188 -0.051362006805877054 -0.8611861141140572
vn 0.5056880670077188 0.051362006805877054 0.8611861141140572
vn -0.02842599290059495 0.39107490232886005 -0.919919770249606
vn 0.02842599290059495 -0.39107490232886005 0.919919770249606
vn 0.7042685503299563 -0.3910397503241318 -0.5925316216731245
vn -0.7042685503299563 0.3910397503241318 0.5925316216731245
vn 0.5306460735058951 -0.539704074760623 -0.6535550905314378
vn -0.5306460735058951 0.539704074760623 0.6535550905314378
vn 0.3821892504722025 -0.6022603946984049 -0.7008664593210446
vn -0.3821892504722025 0.6022603946984049 0.7008664593210446
vn 0.2126280494222064 -0.6501351511141813 -0.7294611695523268
vn -0.2126280494222064 0.6501351511141813 0.7294611695523268
vn 0.054743018295749325 -0.6612582210001389 -0.748158250043133
vn -0.054743018295749325 0.6612582210001389 0.748158250043133
vn -0.02536599503804405 0.8887278261519678 -0.45773291046081416
vn 0.02536599503804405 -0.8887278261519678 0.45773291046081416
vn -0.0022480005255230123 0.7783051819471479 -0.6278821467822241
vn 0.0022480005255230123 -0.7783051819471479 0.6278821467822241
vn -0.8938629391341929 0.43213897057436207 0.11943599186724538
vn 0.8938629391341929 -0.43213897057436207 -0.11943599186724538
vn 0.9839531025333302 -0.026728002785205 -0.17641401838331192
vn -0.9839531025333302 0.026728002785205 0.17641401838331192
vn -0.4804326641111453 0.5117916421868842 -0.712217502061498
vn 0.4804326641111453 -0.5117916421868842 0.712217502061498
vn -0.7608679859657902 0.27335499495796733 -0.5885209891447304
vn 0.7608679859657902 -0.27335499495796733 0.5885209891447304
vn -0.8774211114522302 0.30343303854282566 -0.37156504719712413
vn 0.8774211114522302 -0.30343303854282566 0.37156504719712413
vn -0.9888389115295754 0.12741598860021947 -0.07721899309129418
vn 0.9888389115295754 -0.12741598860021947 0.07721899309129418
vn -0.9208257143856909 0.1304979595231931 0.3674918860143245
vn 0.9208257143856909 -0.1304979595231931 -0.3674918860143245
vn -0.7698232649416507 0.6371482192803317 -0.03760701294279405
vn 0.7698232649416507 -0.6371482192803317 0.03760701294279405
vn -0.7110566402100529 0.6942566487107372 0.1113829436409689
vn 0.7110566402100529 -0.6942566487107372 -0.1113829436409689
vn 0.8392883626225887 0.5342962308478122 -0.1006110434699664
vn -0.8392883626225887 -0.5342962308478122 0.1006110434699664
vn -0.9899547888263317 0.1409519699326223 0.011047997643280093
vn 0.9899547888263317 -0.1409519699326223 -0.011047997643280093
vn -0.9924240045373626 0.04956600022661579 -0.1124180005139751
vn 0.9924240045373626 -0.04956600022661579 0.1124180005139751
vn -0.9923158877090442 -0.09600798913568853 -0.07804899116793765
vn 0.9923158877090442 0.09600798913568853 0.07804899116793765
vn -0.9482764399959879 -0.31333081496269855 -0.05094696991330134
vn 0.9482764399959879 0.31333081496269855 0.05094696991330134
vn -0.8815077373896282 -0.4679888605812253 -0.06269398132280755
vn 0.8815077373896282 0.4679888605812253 0.06269398132280755
vn -0.7423802657732964 -0.6681142391859426 0.04994901788182638
vn 0.7423802657732964 0.6681142391859426 -0.04994901788182638
vn -0.6565020735922453 -0.7483150838842547 0.09502401065195445
vn 0.6565020735922453 0.7483150838842547 -0.09502401065195445
vn -0.630913949256855 -0.7690759381447629 0.10232199177044701
vn 0.630913949256855 0.7690759381447629 -0.10232199177044701
vn -0.6531907408511972 -0.748506703035264 0.11436595462611689
vn 0.6531907408511972 0.748506703035264 -0.11436595462611689
vn -0.8101600866753865 -0.5815230622145389 0.07397000791371856
vn 0.8101600866753865 0.5815230622145389 -0.07397000791371856
vn -0.8701726170379858 -0.4858617861727609 0.08208496387449733
vn 0.8701726170379858 0.4858617861727609 -0.08208496387449733
vn -0.9485175154456827 -0.302820845302648 0.09281195258660842
vn 0.9485175154456827 0.302820845302648 -0.09281195258660842
vn -0.9793628129015668 0.19793196218688364 -0.040882992189673
vn 0.9793628129015668 -0.19793196218688364 0.040882992189673
vn -0.053957016720580626 0.4652291441684859 0.8835442737989269
vn 0.053957016720580626 -0.4652291441684859 -0.8835442737989269
vn -0.07985704023953351 0.846211426401391 0.5268292654664365
vn 0.07985704023953351 -0.846211426401391 -0.5268292654664365
vn -0.07739802591096716 0.9810533284326735 0.17760605945816754
vn 0.07739802591096716 -0.9810533284326735 -0.17760605945816754
vn -0.540289860096011 0.13470096512019963 0.8306277849151926
vn 0.540289860096011 -0.13470096512019963 -0.8306277849151926
vn 0.5509609840502308 0.5545809839454352 0.6236039819472887
vn -0.5509609840502308 -0.5545809839454352 -0.6236039819472887
vn 0.6621759024085228 -0.03920999422123165 0.7483218897123282
vn -0.6621759024085228 0.03920999422123165 -0.7483218897123282
vn 0.6527371719926774 -0.1789290471468262 0.7361511939718163
vn -0.6527371719926774 0.1789290471468262 -0.7361511939718163
vn 0.4532380243005839 -0.468942025142562 0.7580690406442516
vn -0.4532380243005839 0.468942025142562 -0.7580690406442516
vn 0.004493999552404407 0.06793099323417509 0.9976799006325834
vn -0.004493999552404407 -0.06793099323417509 -0.9976799006325834
vn 0.010000997866692372 0.8590268167614385 0.5118328908211938
vn -0.010000997866692372 -0.8590268167614385 -0.5118328908211938
vn 0.055149011181959494 0.07596501540259191 0.9955842018636778
vn -0.055149011181959494 -0.07596501540259191 -0.9955842018636778
vn 0.10445702583274796 0.11437902828650887 0.9879302443201192
vn -0.10445702583274796 -0.11437902828650887 -0.9879302443201192
vn 0.007370001565248468 0.9854032092809412 0.17007703612113506
vn -0.007370001565248468 -0.9854032092809412 -0.17007703612113506
vn 0.0005609999951243491 0.9979049913272079 0.06469399943774468
vn -0.0005609999951243491 -0.9979049913272079 -0.06469399943774468
vn 0.005622000353609778 0.9996800628773787 0.024661001551115613
vn -0.005622000353609778 -0.9996800628773787 -0.024661001551115613
vn 0.1432920042957511 0.9758370292546188 0.16495300494512644
vn -0.1432920042957511 -0.9758370292546188 -0.16495300494512644
vn 0.24977990308978754 0.9640136259796559 0.09103696467925791
vn -0.24977990308978754 -0.9640136259796559 -0.09103696467925791
vn 0.22224807931546425 0.9420643362020963 0.25123808966136324
vn -0.22224807931546425 -0.9420643362020963 -0.25123808966136324
vn 0.16747809002837388 0.669649359972119 0.7235473889451742
vn -0.16747809002837388 -0.669649359972119 -0.7235473889451742
vn 0.17107606924262536 0.9157803706598906 0.36342714709625923
vn -0.17107606924262536 -0.9157803706598906 -0.36342714709625923
vn 0.1870399513650365 0.1478149615644933 0.9711677474726249
vn -0.1870399513650365 -0.1478149615644933 -0.9711677474726249
vn 0.15560205075918665 0.10250203343734732 0.9824873204987149
vn -0.15560205075918665 -0.10250203343734732 -0.9824873204987149
vn 0.06903199497433289 0.9975679273750625 0.009633999298625831
vn -0.06903199497433289 -0.9975679273750625 -0.009633999298625831
vn 0.049154017477844564 0.9882373513905821 -0.14481305149162008
vn -0.049154017477844564 -0.9882373513905821 0.14481305149162008
vn 0 0.9184879459263201 -0.3954489767189306
vn 0 -0.9184879459263201 0.3954489767189306
vn 0.006742999246624966 0.9941568889258395 -0.10773398796320519
vn -0.006742999246624966 -0.9941568889258395 0.10773398796320519
vn -0.22133794528869744 0.7336848186445075 -0.6424298412013204
vn 0.22133794528869744 -0.7336848186445075 0.6424298412013204
vn 0.18293707100539147 -0.8052073125340323 0.5640702189388211
vn -0.18293707100539147 0.8052073125340323 -0.5640702189388211
vn 0.44072191402265526 -0.5268088972285501 0.7267988582139121
vn -0.44072191402265526 0.5268088972285501 -0.7267988582139121
vn 0.4044827790816784 -0.6520246438805374 0.6412936497415364
vn -0.4044827790816784 0.6520246438805374 -0.6412936497415364
vn 0.8589726566158709 -0.508524796711405 0.05973697611946147
vn -0.8589726566158709 0.508524796711405 -0.05973697611946147
vn 0.638357883103596 -0.6549138800718537 -0.4044589259352862
vn -0.638357883103596 0.6549138800718537 0.4044589259352862
vn 0.7545288773022966 -0.6376828963032042 -0.15506997478329826
vn -0.7545288773022966 0.6376828963032042 0.15506997478329826
vn 0.6769119890143954 -0.666284989186861 -0.31281699492329323
vn -0.6769119890143954 0.666284989186861 0.31281699492329323
vn 0.6684618840920616 -0.640444888950068 -0.3781389344326053
vn -0.6684618840920616 0.640444888950068 0.3781389344326053
vn 0.9996472643202667 0.0026080006895906754 0.026430006988451573
vn -0.9996472643202667 -0.0026080006895906754 -0.026430006988451573
vn 0.5838208328675908 -0.7719087790230037 -0.2516149279693244
vn -0.5838208328675908 0.7719087790230037 0.2516149279693244
vn 0.15630496123754672 -0.8661837851929444 0.47465188228990757
vn -0.15630496123754672 0.8661837851929444 -0.47465188228990757
vn -0.29511095257287023 -0.4617169257977095 -0.836496865567018
vn 0.29511095257287023 0.4617169257977095 0.836496865567018
vn -0.4903171758616027 -0.14105805059315882 -0.8600533084745154
vn 0.4903171758616027 0.14105805059315882 0.8600533084745154
vn -0.14610299048796513 0.28855998121330323 -0.9462489383944648
vn 0.14610299048796513 -0.28855998121330323 0.9462489383944648
vn -0.32356799757809357 0.34147499744405985 -0.8824389933949441
vn 0.32356799757809357 -0.34147499744405985 0.8824389933949441
vn -0.022494000026306735 0.7614400008905042 -0.6478450007576545
vn 0.022494000026306735 -0.7614400008905042 0.6478450007576545
vn -0.08237400542428726 -0.6652930438092156 -0.7420240488619143
vn 0.08237400542428726 0.6652930438092156 0.7420240488619143
vn 0.014122007822259969 0.8887764922983238 -0.45812325375706
vn -0.014122007822259969 -0.8887764922983238 0.45812325375706
vn 0.8964881967482518 0.43287409500094004 0.0944930207379604
vn -0.8964881967482518 -0.43287409500094004 -0.0944930207379604
vn 0.9375627654265133 -0.1609139597401368 -0.3083549228511498
vn -0.9375627654265133 0.1609139597401368 0.3083549228511498
vn -0.640404040217375 0.5846800367179075 -0.49802803127616124
vn 0.640404040217375 -0.5846800367179075 0.49802803127616124
vn -0.3289849502872524 0.8046128784153596 -0.4943349253013021
vn 0.3289849502872524 -0.8046128784153596 0.4943349253013021
vn -0.9853596969773057 0.15172895333956082 -0.07774697609086481
vn 0.9853596969773057 -0.15172895333956082 0.07774697609086481
vn -0.9878326885072614 0.14427095450711924 0.058072981687878646
vn 0.9878326885072614 -0.14427095450711924 -0.058072981687878646
vn -0.9666876752079794 0.14997994960907002 0.20741493031181008
vn 0.9666876752079794 -0.14997994960907002 -0.20741493031181008
vn -0.9218911238809718 0.15453402076581943 0.3552970477437546
vn 0.9218911238809718 -0.15453402076581943 -0.3552970477437546
vn -0.7784542489598286 0.6209171985774239 0.09203702943464334
vn 0.7784542489598286 -0.6209171985774239 -0.09203702943464334
vn -0.703572667524352 0.4774067743998112 -0.5263727512607727
vn 0.703572667524352 -0.4774067743998112 0.5263727512607727
vn 0.9551432472775448 0.285193073833787 -0.07978902065662205
vn -0.9551432472775448 -0.285193073833787 0.07978902065662205
vn -0.8196629789227766 0.28015799279587755 -0.49966398715139054
vn 0.8196629789227766 -0.28015799279587755 0.49966398715139054
vn -0.7543876759600101 0.6133437365440814 0.23389889953097148
vn 0.7543876759600101 -0.6133437365440814 -0.23389889953097148
vn -0.82631879170613 0.4897878765369814 0.27803792991373677
vn 0.82631879170613 -0.4897878765369814 -0.27803792991373677
vn -0.8978816520359099 0.36882685706523627 0.2403649068492425
vn 0.8978816520359099 -0.36882685706523627 -0.2403649068492425
vn -0.9560903648666209 0.24826209474266756 0.15574705943674932
vn 0.9560903648666209 -0.24826209474266756 -0.15574705943674932
vn -0.8688339419010762 -0.49492196690456913 0.013409999103273281
vn 0.8688339419010762 0.49492196690456913 -0.013409999103273281
vn -0.7989219821564771 -0.6009519865780379 0.024090999461939447
vn 0.7989219821564771 0.6009519865780379 -0.024090999461939447
vn -0.6951468876159593 -0.7148028844381844 0.07633898765831489
vn 0.6951468876159593 0.7148028844381844 -0.07633898765831489
vn -0.6213942355566181 -0.7651282900429744 0.16866506393714276
vn 0.6213942355566181 0.7651282900429744 -0.16866506393714276
vn -0.7477370165691049 -0.6500280144039711 0.1354730030019462
vn 0.7477370165691049 0.6500280144039711 -0.1354730030019462
vn -0.7854281144620184 -0.6016260876761794 0.14542602119322634
vn 0.7854281144620184 0.6016260876761794 -0.14542602119322634
vn -0.8472767243546607 -0.5054978355459104 0.1630769469460223
vn 0.8472767243546607 0.5054978355459104 -0.1630769469460223
vn -0.917101777894484 -0.38864590587696857 0.08876197850344902
vn 0.917101777894484 0.38864590587696857 -0.08876197850344902
vn -0.9994620944566683 -0.031354002963188576 0.009615000908689735
vn 0.9994620944566683 0.031354002963188576 -0.009615000908689735
vn -0.7127026391199028 0.7012396449242401 -0.017829990971705966
vn 0.7127026391199028 -0.7012396449242401 0.017829990971705966
vn -0.04510902067322081 0.998843457764568 0.01664100762648424
vn 0.04510902067322081 -0.998843457764568 -0.01664100762648424
vn -0.07093996880117612 0.1788279213529279 0.9813195684235994
vn 0.07093996880117612 -0.1788279213529279 -0.9813195684235994
vn -0.05479297598372336 0.9973965628317071 0.04688097945162606
vn 0.05479297598372336 -0.9973965628317071 -0.04688097945162606
vn -0.1595470103359343 0.20172501306835172 0.966360062603706
vn 0.1595470103359343 -0.20172501306835172 -0.966360062603706
vn -0.35585998319700374 0.13470599363945235 0.9247799563337411
vn 0.35585998319700374 -0.13470599363945235 -0.9247799563337411
vn -0.5346906846272294 0.15611890791750435 0.8305015101512522
vn 0.5346906846272294 -0.15611890791750435 -0.8305015101512522
vn -0.6693768487054537 0.16265396323646727 0.7248988361562089
vn 0.6693768487054537 -0.16265396323646727 -0.7248988361562089
vn 0.6624580286294492 -0.0000010000000433833362 0.7490990323738136
vn -0.6624580286294492 0.0000010000000433833362 -0.7490990323738136
vn 0.4974418097748061 -0.18443492947080556 0.8476646758471562
vn -0.4974418097748061 0.18443492947080556 -0.8476646758471562
vn 0.47393987562634443 -0.3643969043731551 0.8016207896346917
vn -0.47393987562634443 0.3643969043731551 -0.8016207896346917
vn -0.0009739996658334341 0.38272286869278144 0.9238626830347781
vn 0.0009739996658334341 -0.38272286869278144 -0.9238626830347781
vn 0.012338000884141175 0.05045600361567713 0.9986500715632667
vn -0.012338000884141175 -0.05045600361567713 -0.9986500715632667
vn 0.04880399171696282 0.06362498920153571 0.9967798308260429
vn -0.04880399171696282 -0.06362498920153571 -0.9967798308260429
vn 0.004090998126425562 0.05246197597373183 0.9986145426596096
vn -0.004090998126425562 -0.05246197597373183 -0.9986145426596096
vn 0.07573901183384282 0.08999501406127185 0.9930581551603834
vn -0.07573901183384282 -0.08999501406127185 -0.9930581551603834
vn 0.10251399918132321 0.09992399920200674 0.989699992096256
vn -0.10251399918132321 -0.09992399920200674 -0.989699992096256
vn -0.004205000702262509 0.9997011669566069 0.02408100402168476
vn 0.004205000702262509 -0.9997011669566069 -0.02408100402168476
vn -0.005829999149901652 0.9997478542222772 0.021684996838013483
vn 0.005829999149901652 -0.9997478542222772 -0.021684996838013483
vn 0.10867301930304678 0.9763141734178205 0.18708503323098222
vn -0.10867301930304678 -0.9763141734178205 -0.18708503323098222
vn 0.13429898370275214 0.8868198923839691 0.4421699463424594
vn -0.13429898370275214 -0.8868198923839691 -0.4421699463424594
vn 0.21092991556213508 0.3645248540761733 0.9069896369207837
vn -0.21092991556213508 -0.3645248540761733 -0.9069896369207837
vn -0.08304498065259788 0.8555258006838999 -0.5110568809365368
vn 0.08304498065259788 -0.8555258006838999 0.5110568809365368
vn -0.14445598292053677 0.8939188943092936 -0.4243129498322097
vn 0.14445598292053677 -0.8939188943092936 0.4243129498322097
vn 0.24045592059076787 -0.5447468201003888 0.803387734685663
vn -0.24045592059076787 0.5447468201003888 -0.803387734685663
vn 0.2195089866366226 -0.6735759589937074 0.705769957033785
vn -0.2195089866366226 0.6735759589937074 -0.705769957033785
vn -0.2986288781652658 -0.7552236918835236 0.5834877619484194
vn 0.2986288781652658 0.7552236918835236 -0.5834877619484194
vn 0.9814489940617429 -0.19089999884495956 0.017749999892603584
vn -0.9814489940617429 0.19089999884495956 -0.017749999892603584
vn 0.8796515811852268 -0.46500977860215437 -0.09989495243857607
vn -0.8796515811852268 0.46500977860215437 0.09989495243857607
vn 0.7612920403446728 -0.591711031357727 -0.26516501405242043
vn -0.7612920403446728 0.591711031357727 0.26516501405242043
vn 0.8603421623908889 -0.5096780962025141 -0.006293001187813637
vn -0.8603421623908889 0.5096780962025141 0.006293001187813637
vn 0.8472302226097702 -0.36612809620017 0.38490410113356577
vn -0.8472302226097702 0.36612809620017 -0.38490410113356577
vn 0.9389878668191349 -0.10773798471903796 0.32664095367104695
vn -0.9389878668191349 0.10773798471903796 -0.32664095367104695
vn 0.9783374438148322 0.03899397783191036 0.2033108844176934
vn -0.9783374438148322 -0.03899397783191036 -0.2033108844176934
vn 0.651329072520937 -0.6641130739443459 -0.36704804086823245
vn -0.651329072520937 0.6641130739443459 0.36704804086823245
vn 0.6520259016089729 -0.7228298909246162 0.22886496546416474
vn -0.6520259016089729 0.7228298909246162 -0.22886496546416474
vn 0.0000010000000504010035 -0.8743260440669081 0.4853390244615725
vn -0.0000010000000504010035 0.8743260440669081 -0.4853390244615725
vn 0.0000010000005860275152 -0.9289085443656472 0.3703092170112629
vn -0.0000010000005860275152 0.9289085443656472 -0.3703092170112629
vn -0.29964498602680556 -0.5722739733134344 -0.7633579644027108
vn 0.29964498602680556 0.5722739733134344 0.7633579644027108
vn -0.5008519487706115 -0.28016297134367185 -0.8189359162355537
vn 0.5008519487706115 0.28016297134367185 0.8189359162355537
vn -0.356933141355903 0.3351581327323666 -0.871933345310959
vn 0.356933141355903 -0.3351581327323666 0.871933345310959
vn -0.6365290867140452 0.3211640437520203 -0.7012020955244173
vn 0.6365290867140452 -0.3211640437520203 0.7012020955244173
vn -0.6751480787192323 0.022432002615470875 -0.7373410859706576
vn 0.6751480787192323 -0.022432002615470875 0.7373410859706576
vn -0.04644400992682763 0.7252501550131717 -0.6869171468199693
vn 0.04644400992682763 -0.7252501550131717 0.6869171468199693
vn 0.01430899856021433 0.888504910597752 -0.4586439538507888
vn -0.01430899856021433 -0.888504910597752 0.4586439538507888
vn 0.8370477249005437 -0.30026090131791966 -0.45737784968073625
vn -0.8370477249005437 0.30026090131791966 0.45737784968073625
vn 0.6798429337360523 -0.4563609555187279 -0.5740629440463747
vn -0.6798429337360523 0.4563609555187279 0.5740629440463747
vn 0.41475894173591216 -0.5797729185552453 -0.701311901481815
vn -0.41475894173591216 0.5797729185552453 0.701311901481815
vn 0.27923690620727093 -0.590880801529376 -0.7568927457677169
vn -0.27923690620727093 0.590880801529376 0.7568927457677169
vn 0.07308403524339589 -0.6692113227145231 -0.7394693565951335
vn -0.07308403524339589 0.6692113227145231 0.7394693565951335
vn -0.9205187066256721 0.36351688414518807 0.1431809543674497
vn 0.9205187066256721 -0.36351688414518807 -0.1431809543674497
vn 0.9866354261649314 -0.0700780302693357 -0.1471040635397752
vn -0.9866354261649314 0.0700780302693357 0.1471040635397752
vn 0.93255597171278 -0.20597699375209985 -0.2965009910062356
vn -0.93255597171278 0.20597699375209985 0.2965009910062356
vn -0.9242225839284876 0.3175508570432409 -0.2120709045287752
vn 0.9242225839284876 -0.3175508570432409 0.2120709045287752
vn -0.9866269543492652 0.1546889928426178 0.0513669976232748
vn 0.9866269543492652 -0.1546889928426178 -0.0513669976232748
vn -0.9428405737526059 0.32474819762102924 -0.0747680454990611
vn 0.9428405737526059 -0.32474819762102924 0.0747680454990611
vn -0.9672752542526867 0.1582710416022609 0.19831505212801073
vn 0.9672752542526867 -0.1582710416022609 -0.19831505212801073
vn -0.8286784396405465 0.5177262746704289 -0.21272411285697887
vn 0.8286784396405465 -0.5177262746704289 0.21272411285697887
vn -0.705712796474576 0.24726792868868155 -0.663948808519183
vn 0.705712796474576 -0.24726792868868155 0.663948808519183
vn -0.8234271107554827 0.39545605319101784 -0.40691805473271997
vn 0.8234271107554827 -0.39545605319101784 0.40691805473271997
vn -0.9752355992699232 0.20942991394400945 0.07109597078624508
vn -0.852395932615547 0.44077296515557624 -0.2813189777608916
vn 0.852395932615547 -0.44077296515557624 0.2813189777608916
vn 0.9752355992699232 -0.20942991394400945 -0.07109597078624508
vn -0.9160239310375989 0.3295869751872103 0.22863198278755625
vn 0.9160239310375989 -0.3295869751872103 -0.22863198278755625
vn -0.8396620488427229 0.21554901253837874 -0.4985040289977309
vn 0.8396620488427229 -0.21554901253837874 0.4985040289977309
vn -0.8461480303170613 0.49936601789203494 0.18619100667113087
vn 0.8461480303170613 -0.49936601789203494 -0.18619100667113087
vn -0.9137763260601233 0.355363126803181 0.19679907022323442
vn 0.9137763260601233 -0.355363126803181 -0.19679907022323442
vn -0.9882467924672071 0.1360869714216029 0.069631985377215
vn 0.9882467924672071 -0.1360869714216029 -0.069631985377215
vn -0.9836816068672979 -0.17630792953775667 -0.03586098566799861
vn 0.9836816068672979 0.17630792953775667 0.03586098566799861
vn -0.7855498778497529 -0.611341904938481 0.09577298510763704
vn 0.7855498778497529 0.611341904938481 -0.09577298510763704
vn -0.6876635610503921 -0.7122235453732555 0.14091291005242937
vn 0.6876635610503921 0.7122235453732555 -0.14091291005242937
vn -0.6041929461561396 -0.7799639304919576 0.16311698546350412
vn 0.6041929461561396 0.7799639304919576 -0.16311698546350412
vn -0.6643758214131458 -0.7234938055219973 0.1875139495955069
vn 0.6643758214131458 0.7234938055219973 -0.1875139495955069
vn -0.7135470380659517 -0.6697360357287441 0.20568001097251454
vn 0.7135470380659517 0.6697360357287441 -0.20568001097251454
vn -0.8163584184621671 -0.5565882853050017 0.15417007902698596
vn 0.8163584184621671 0.5565882853050017 -0.15417007902698596
vn -0.8746934750896056 -0.45351572784166533 0.1709818973924262
vn 0.8746934750896056 0.45351572784166533 -0.1709818973924262
vn -0.896937541981652 -0.40491479323152846 0.17761490930150248
vn 0.896937541981652 0.40491479323152846 -0.17761490930150248
vn -0.9835883056589658 -0.15207304725807547 0.09709703017378066
vn 0.9835883056589658 0.15207304725807547 -0.09709703017378066
vn -0.995091259554165 -0.03706300966731288 0.09175902393392224
vn 0.995091259554165 0.03706300966731288 -0.09175902393392224
vn -0.989884215180559 0.14158103077681702 0.009168001992935937
vn 0.989884215180559 -0.14158103077681702 -0.009168001992935937
vn -0.6207599320376544 0.7838139141860979 0.01711299812642646
vn 0.6207599320376544 -0.7838139141860979 -0.01711299812642646
vn -0.1792070245626541 0.9838001348426072 0.004705000644881767
vn 0.1792070245626541 -0.9838001348426072 -0.004705000644881767
vn -0.02595600613400197 0.19341704570890172 0.9807732317793001
vn 0.02595600613400197 -0.19341704570890172 -0.9807732317793001
vn -0.04697999475195905 0.5705099362694794 0.8199459084054878
vn 0.04697999475195905 -0.5705099362694794 -0.8199459084054878
vn -0.07135399696231771 0.9143719610733576 0.39853798303344157
vn 0.07135399696231771 -0.9143719610733576 -0.39853798303344157
vn -0.06092497751957085 0.9907946344112137 0.12088895539373679
vn 0.06092497751957085 -0.9907946344112137 -0.12088895539373679
vn -0.17665394402923823 0.12380496077382794 0.9764556906212928
vn 0.17665394402923823 -0.12380496077382794 -0.9764556906212928
vn -0.38960406422506644 0.13770702270059124 0.9106291501144959
vn 0.38960406422506644 -0.13770702270059124 -0.9106291501144959
vn -0.8079332523329449 0.14628804568854314 0.5708271782802014
vn 0.8079332523329449 -0.14628804568854314 -0.5708271782802014
vn 0.5187630411425797 0.0000670000053135138 0.8549180678026996
vn -0.5187630411425797 -0.0000670000053135138 -0.8549180678026996
vn 0.2595440856971888 -0.3770561244977317 0.8890812935600216
vn -0.2595440856971888 0.3770561244977317 -0.8890812935600216
vn -0.014855003533166452 0.07025801671041436 0.9974182372294728
vn 0.014855003533166452 -0.07025801671041436 -0.9974182372294728
vn -0.00860099708060276 0.9820886666541199 0.18822293611234686
vn 0.00860099708060276 -0.9820886666541199 -0.18822293611234686
vn 0.015324995470966447 0.04720398604968984 0.9987677048317269
vn -0.015324995470966447 -0.04720398604968984 -0.9987677048317269
vn 0.05535597566308279 0.053625976423666184 0.9970255616637904
vn -0.05535597566308279 -0.053625976423666184 -0.9970255616637904
vn -0.008084999078673981 0.053522993900787345 0.9985338862120774
vn 0.008084999078673981 -0.053522993900787345 -0.9985338862120774
vn 0.08818904799094968 0.07963304333492018 0.9929155403274081
vn -0.08818904799094968 -0.07963304333492018 -0.9929155403274081
vn 0.06879400118652453 0.06907000119128463 0.9952370171653505
vn -0.06879400118652453 -0.06907000119128463 -0.9952370171653505
vn -0.011978002630195987 0.9977442190901873 0.06605301450428604
vn 0.011978002630195987 -0.9977442190901873 -0.06605301450428604
vn -0.0048800024565304155 0.9999495033617074 0.008785004422258358
vn 0.0048800024565304155 -0.9999495033617074 -0.008785004422258358
vn -0.0003299998914039836 0.9817466769278385 0.19019293741150886
vn 0.0003299998914039836 -0.9817466769278385 -0.19019293741150886
vn 0.04850299316549222 0.9842448613110507 0.17002797604152986
vn -0.04850299316549222 -0.9842448613110507 -0.17002797604152986
vn 0.1409909303095398 0.979269515956501 0.14543992811044323
vn -0.1409909303095398 -0.979269515956501 -0.14543992811044323
vn 0.09675798872943661 0.8618198996135003 0.49789994200362253
vn -0.09675798872943661 -0.8618198996135003 -0.49789994200362253
vn 0.1572209582344938 0.36866590206446886 0.9161697566209108
vn -0.1572209582344938 -0.36866590206446886 -0.9161697566209108
vn 0.054517001301593426 0.9878440235847764 0.14557500347560348
vn -0.054517001301593426 -0.9878440235847764 -0.14557500347560348
vn 0.17371992454563578 0.09854095719923703 0.979852574406026
vn -0.17371992454563578 -0.09854095719923703 -0.979852574406026
vn -0.057300992306454135 0.9336388746445182 -0.35360295252332574
vn 0.057300992306454135 -0.9336388746445182 0.35360295252332574
vn -0.012242994335008674 0.9806105462588574 -0.1955839095008032
vn 0.012242994335008674 -0.9806105462588574 0.1955839095008032
vn 0.2047950641421313 -0.73890423142595 0.641934201054786
vn -0.2047950641421313 0.73890423142595 -0.641934201054786
vn 0.23151894999353284 -0.6075198687799753 0.7598148358853318
vn -0.23151894999353284 0.6075198687799753 -0.7598148358853318
vn 0.329108907485689 -0.7516167887164166 0.5716288393120118
vn -0.329108907485689 0.7516167887164166 -0.5716288393120118
vn 0.9242120122508924 -0.19407600257257454 0.32888700435956164
vn 0.8144400503238451 -0.3067100189514594 0.4925610304351007
vn -0.8144400503238451 0.3067100189514594 -0.4925610304351007
vn -0.9242120122508924 0.19407600257257454 -0.32888700435956164
vn 0.9980591086856487 -0.06211800676446495 -0.00440100047925579
vn -0.9980591086856487 0.06211800676446495 0.00440100047925579
vn 0.9534429599601637 -0.30156498733577863 0.002253999905343209
vn -0.9534429599601637 0.30156498733577863 -0.002253999905343209
vn 0.7409420597803191 -0.47102803800325027 0.47868303862086703
vn -0.7409420597803191 0.47102803800325027 -0.47868303862086703
vn 0.8569631396768621 -0.16133902629673086 0.4894730797794685
vn -0.8569631396768621 0.16133902629673086 -0.4894730797794685
vn 0.93443947235133 0.008086004087407287 0.3560301799702752
vn -0.93443947235133 -0.008086004087407287 -0.3560301799702752
vn 0.9840822902777481 0.08122102395801258 0.15806704662551785
vn -0.9840822902777481 -0.08122102395801258 -0.15806704662551785
vn 0.6462370738616706 -0.7140960816176162 -0.2691550307630762
vn -0.6462370738616706 0.7140960816176162 0.2691550307630762
vn 0.639386919530284 -0.7635779039002907 -0.09018398864994008
vn -0.639386919530284 0.7635779039002907 0.09018398864994008
vn 0.000004000000715488192 -0.9138481634618635 0.4060560726320681
vn -0.000004000000715488192 0.9138481634618635 -0.4060560726320681
vn -0.4881831025921779 -0.4118950865601732 -0.7694281616961146
vn 0.4881831025921779 0.4118950865601732 0.7694281616961146
vn -0.5678719853895058 -0.12274799684187801 -0.8139129790592401
vn 0.5678719853895058 0.12274799684187801 0.8139129790592401
vn -0.7334628941224385 0.5108159262621941 -0.44844093526621026
vn 0.7334628941224385 -0.5108159262621941 0.44844093526621026
vn -0.8122119940732891 0.2655789980620702 -0.5194029962099163
vn 0.8122119940732891 -0.2655789980620702 0.5194029962099163
vn -0.12872097226591103 0.7290858429119105 -0.6722088551665678
vn 0.12872097226591103 -0.7290858429119105 0.6722088551665678
vn -0.7281417414962571 0.506747820095181 -0.46153683614591373
vn 0.7281417414962571 -0.506747820095181 0.46153683614591373
vn -0.992742633065514 0.1150329574818712 0.035063987039756724
vn 0.992742633065514 -0.1150329574818712 -0.035063987039756724
vn 0.9483198797317096 0.3164539598665202 0.02337299703577834
vn -0.9483198797317096 -0.3164539598665202 -0.02337299703577834
vn 0.8226667790012944 -0.3582119037710416 -0.4414788814024538
vn -0.8226667790012944 0.3582119037710416 0.4414788814024538
vn 0.671943977911186 -0.504600983412252 -0.5420969821796464
vn -0.671943977911186 0.504600983412252 0.5420969821796464
vn 0.5711879281234292 -0.5240829340509798 -0.6317289205051329
vn -0.5711879281234292 0.5240829340509798 0.6317289205051329
vn -0.1142930431170015 -0.6687342522797098 -0.7346642771517836
vn 0.1142930431170015 0.6687342522797098 0.7346642771517836
vn -0.236703103677284 -0.6507342850252583 -0.7214683160071599
vn 0.236703103677284 0.6507342850252583 0.7214683160071599
vn 0.9994535482765822 0.01747599210136889 0.028056987319072284
vn -0.9994535482765822 -0.01747599210136889 -0.028056987319072284
vn -0.40981896415662017 0.8536609253375382 -0.3214209718880407
vn 0.40981896415662017 -0.8536609253375382 0.3214209718880407
vn -0.7232168891243503 0.6190049051009844 -0.3062519530488228
vn 0.7232168891243503 -0.6190049051009844 0.3062519530488228
vn -0.7545050194005877 0.6330180162767923 -0.17323500445439155
vn 0.7545050194005877 -0.6330180162767923 0.17323500445439155
vn -0.9740636538840751 0.1305179536228027 0.1848379343211788
vn 0.9740636538840751 -0.1305179536228027 -0.1848379343211788
vn -0.8223591411357549 0.5263130903274393 -0.21614803709597766
vn 0.8223591411357549 -0.5263130903274393 0.21614803709597766
vn -0.8018999982678959 0.5939759987170118 -0.06441199986086994
vn 0.8018999982678959 -0.5939759987170118 0.06441199986086994
vn 0.9760947050071431 0.20212293891491995 -0.0799089758501127
vn -0.9760947050071431 -0.20212293891491995 0.0799089758501127
vn 0.9404249733497673 0.22611399359226875 -0.2539159928044017
vn -0.9404249733497673 -0.22611399359226875 0.2539159928044017
vn -0.9924017139035285 0.10835696876209905 0.058288983196046355
vn 0.9924017139035285 -0.10835696876209905 -0.058288983196046355
vn -0.9995720570055961 -0.027030001541521027 -0.01118400063782358
vn 0.9995720570055961 0.027030001541521027 0.01118400063782358
vn -0.9991096269864868 -0.034755987023993684 -0.023915991071062067
vn 0.9991096269864868 0.034755987023993684 0.023915991071062067
vn -0.9360879386356934 -0.3516579769474138 0.0087199994283691
vn 0.9360879386356934 0.3516579769474138 -0.0087199994283691
vn -0.9209107789823606 -0.3895939064978633 0.011828997161052764
vn 0.9209107789823606 0.3895939064978633 -0.011828997161052764
vn -0.7330593824470759 -0.6695643493208513 0.11961406240428728
vn 0.7330593824470759 0.6695643493208513 -0.11961406240428728
vn -0.6394113464903887 -0.7530284080582982 0.15524608412624552
vn 0.6394113464903887 0.7530284080582982 -0.15524608412624552
vn -0.6159588211881041 -0.7461497833938686 0.25269592664276197
vn 0.6159588211881041 0.7461497833938686 -0.25269592664276197
vn -0.7832999944836098 -0.5750789959500062 0.23606199833753325
vn 0.7832999944836098 0.5750789959500062 -0.23606199833753325
vn -0.8426441930948881 -0.4695541075999796 0.2635710603982378
vn 0.8426441930948881 0.4695541075999796 -0.2635710603982378
vn -0.9298391122450703 -0.3173750383117715 0.18620502247764747
vn 0.9298391122450703 0.3173750383117715 -0.18620502247764747
vn -0.9679107032453992 -0.15824895148198673 0.19520794015062115
vn 0.9679107032453992 0.15824895148198673 -0.19520794015062115
vn -0.026527011632906227 0.9996034383566919 0.009449004143677645
vn 0.026527011632906227 -0.9996034383566919 -0.009449004143677645
vn -0.04970201970792332 0.08671703438517515 0.994992394535955
vn 0.04970201970792332 -0.08671703438517515 -0.994992394535955
vn -0.03892600697139545 0.9986791788569654 0.03353600600608145
vn 0.03892600697139545 -0.9986791788569654 -0.03353600600608145
vn -0.2404990569700246 0.11761502786094494 0.9634972282356593
vn 0.2404990569700246 -0.11761502786094494 -0.9634972282356593
vn -0.5103228487581912 0.1736149485466132 0.8422757503789842
vn 0.5103228487581912 -0.1736149485466132 -0.8422757503789842
vn -0.40065714873457864 0.16489706121417005 0.9012673345743804
vn 0.40065714873457864 -0.16489706121417005 -0.9012673345743804
vn -0.6250856945428863 0.15524192413880114 0.7649626261900121
vn 0.6250856945428863 -0.15524192413880114 -0.7649626261900121
vn -0.9284353234237509 0.1449420504910793 0.3420521191550738
vn 0.9284353234237509 -0.1449420504910793 -0.3420521191550738
vn 0.4144211443489188 0.5739011998981441 0.7063232460226713
vn -0.4144211443489188 -0.5739011998981441 -0.7063232460226713
vn 0.5042932158995707 -0.040369017282908676 0.8625883692939994
vn -0.5042932158995707 0.040369017282908676 -0.8625883692939994
vn 0.24817809723756254 -0.4821681889161855 0.8401913291916483
vn -0.24817809723756254 0.4821681889161855 -0.8401913291916483
vn -0.015033004582037943 0.42636712995608117 0.9044252756675094
vn 0.015033004582037943 -0.42636712995608117 -0.9044252756675094
vn -0.015240992758312592 0.8347206033863556 0.5504627384501692
vn 0.015240992758312592 -0.8347206033863556 -0.5504627384501692
vn 0.0019079992513832847 0.049654980517524414 0.9987646081277917
vn -0.0019079992513832847 -0.049654980517524414 -0.9987646081277917
vn 0.03060699434843432 0.0532729901631697 0.998110815699354
vn -0.03060699434843432 -0.0532729901631697 -0.998110815699354
vn 0.11856298388409038 0.0774819894681061 0.9899188654433074
vn -0.11856298388409038 -0.0774819894681061 -0.9899188654433074
vn -0.01223500214096039 0.9995691749111267 0.02667900466846628
vn 0.01223500214096039 -0.9995691749111267 -0.02667900466846628
vn -0.019152993349612613 0.9995156529437372 0.024527991483282118
vn 0.019152993349612613 -0.9995156529437372 -0.024527991483282118
vn -0.04853299201239229 0.9842468380116843 0.17000797201992043
vn 0.04853299201239229 -0.9842468380116843 -0.17000797201992043
vn 0.22447904821260503 0.5880521262992029 0.7770481668909267
vn -0.22447904821260503 -0.5880521262992029 -0.7770481668909267
vn 0.07128801659410566 0.9504482212410857 0.30259907043765844
vn -0.07128801659410566 -0.9504482212410857 -0.30259907043765844
vn 0.11095697450708324 0.660305848291447 0.7427548293483839
vn -0.11095697450708324 -0.660305848291447 -0.7427548293483839
vn 0.14078705662604382 0.1543290620727815 0.977937393336767
vn -0.14078705662604382 -0.1543290620727815 -0.977937393336767
vn 0.14584993207996313 0.0907619577335727 0.9851345412382205
vn -0.14584993207996313 -0.0907619577335727 -0.9851345412382205
vn -0.06995001961356855 0.9971862796050889 -0.02695400755774283
vn 0.06995001961356855 -0.9971862796050889 0.02695400755774283
vn -0.03500598596433525 0.9940516014345934 -0.10313095864959865
vn 0.03500598596433525 -0.9940516014345934 0.10313095864959865
vn -0.20115908785765893 0.9306424064646743 -0.30567913350753023
vn 0.20115908785765893 -0.9306424064646743 0.30567913350753023
vn 0 -0.7492149358844362 0.6623269433200495
vn 0 0.7492149358844362 -0.6623269433200495
vn 0 -0.8140099331286799 0.5808509522828056
vn 0 0.8140099331286799 -0.5808509522828056
vn 0 -0.6169911002669235 0.7869701278901322
vn 0 0.6169911002669235 -0.7869701278901322
vn 0.9995688950442719 -0.029203996933551277 0.0030249996823720183
vn 0.9983767063480016 -0.05411298408377739 0.01776899477361521
vn -0.9983767063480016 0.05411298408377739 -0.01776899477361521
vn -0.9995688950442719 0.029203996933551277 -0.0030249996823720183
vn 0.9998839734490813 -0.013063999653098554 -0.007833999791975976
vn -0.9998839734490813 0.013063999653098554 0.007833999791975976
vn 0.9999413379432314 -0.009612003248502005 0.004993001687450112
vn -0.9999413379432314 0.009612003248502005 -0.004993001687450112
vn 0.9939444192528021 -0.10946304617228886 0.009609004053146002
vn -0.9939444192528021 0.10946304617228886 -0.009609004053146002
vn 0.8921018261231263 -0.4163189188565363 -0.17559296577570524
vn -0.8921018261231263 0.4163189188565363 0.17559296577570524
vn 0.7730169730209352 -0.5482369808659814 -0.3191879888600204
vn -0.7730169730209352 0.5482369808659814 0.3191879888600204
vn 0.7753552404260671 -0.5340341655960098 -0.3370931045275316
vn -0.7753552404260671 0.5340341655960098 0.3370931045275316
vn 0.9388300921982832 0.09459200928945595 0.331135032519283
vn -0.9388300921982832 -0.09459200928945595 -0.331135032519283
vn 0.9354029785671119 0.1476039966179496 0.3213009926380305
vn -0.9354029785671119 -0.1476039966179496 -0.3213009926380305
vn 0.7826678093871482 -0.5714498608276892 -0.24673093991053752
vn -0.7826678093871482 0.5714498608276892 0.24673093991053752
vn 0.6562091731273609 -0.7306181927586579 0.18864404976987173
vn -0.6562091731273609 0.7306181927586579 -0.18864404976987173
vn 0.6904606240156385 -0.5481187015267015 0.4720487429499393
vn -0.6904606240156385 0.5481187015267015 -0.4720487429499393
vn -0.12776498810987133 -0.9063819156498369 0.4026759625259697
vn 0.12776498810987133 0.9063819156498369 -0.4026759625259697
vn -0.0005710000720319491 -0.9134471152318177 0.4069570513378385
vn 0.0005710000720319491 0.9134471152318177 -0.4069570513378385
vn -0.480768892049367 -0.5003648876493315 -0.7200668383180105
vn 0.480768892049367 0.5003648876493315 0.7200668383180105
vn -0.6053602210939378 -0.2556890933845774 -0.7537652752954805
vn 0.6053602210939378 0.2556890933845774 0.7537652752954805
vn 0.9825461009227193 0.09843301011059642 -0.15784201621282243
vn -0.9825461009227193 -0.09843301011059642 0.15784201621282243
vn -0.06597403431848108 0.890031462978022 -0.4511002346540576
vn 0.06597403431848108 -0.890031462978022 0.4511002346540576
vn -0.9879883466644238 0.13580304765044587 0.07373302587137495
vn 0.9879883466644238 -0.13580304765044587 -0.07373302587137495
vn -0.6664939479341613 0.03279099743840033 -0.7447889418178348
vn 0.6664939479341613 -0.03279099743840033 0.7447889418178348
vn 0.9865873230117022 0.08660102835344115 -0.13836804530212052
vn -0.9865873230117022 -0.08660102835344115 0.13836804530212052
vn -0.9938879461670548 0.09212199501030438 0.06082999670520418
vn 0.9938879461670548 -0.09212199501030438 -0.06082999670520418
vn -0.9712629520336946 0.19846899019850991 0.131370993512178
vn 0.9712629520336946 -0.19846899019850991 -0.131370993512178
vn 0.9845169222615624 0.17034698654923214 -0.041331996736384304
vn -0.9845169222615624 -0.17034698654923214 0.041331996736384304
vn 0.536931158093765 -0.38751411409947867 -0.7493582206406924
vn -0.536931158093765 0.38751411409947867 0.7493582206406924
vn 0.4198808442658038 -0.41119584748707705 -0.8090846999097314
vn -0.4198808442658038 0.41119584748707705 0.8090846999097314
vn 0.09573100785707492 -0.5434990446074139 -0.8339330684446425
vn -0.09573100785707492 0.5434990446074139 0.8339330684446425
vn -0.10018201257364481 -0.5673240712037138 -0.8173781025874974
vn 0.10018201257364481 0.5673240712037138 0.8173781025874974
vn -0.382897790479918 -0.6020416705652961 -0.7006676165975879
vn 0.382897790479918 0.6020416705652961 0.7006676165975879
vn 0.9883337189752537 -0.09587797273786933 -0.11833796635155078
vn -0.9883337189752537 0.09587797273786933 0.11833796635155078
vn -0.4481592308341067 0.8734804499050015 -0.19022409797903653
vn 0.4481592308341067 -0.8734804499050015 0.19022409797903653
vn -0.2390410826268354 0.9526103292788671 -0.18813006502895524
vn 0.2390410826268354 -0.9526103292788671 0.18813006502895524
vn -0.9435065276307446 0.3280488357614073 0.04668397662753297
vn 0.9435065276307446 -0.3280488357614073 -0.04668397662753297
vn -0.9716774045982961 0.15425806423176008 0.1790180745416201
vn 0.9716774045982961 -0.15425806423176008 -0.1790180745416201
vn -0.8704700554071617 0.48883603111539203 -0.057630003668265005
vn 0.8704700554071617 -0.48883603111539203 0.057630003668265005
vn -0.860047503577742 0.5057072961033399 0.06766403961886319
vn 0.860047503577742 -0.5057072961033399 -0.06766403961886319
vn -0.7594912249146253 0.20373906033498876 -0.617789182951189
vn 0.7594912249146253 -0.20373906033498876 0.617789182951189
vn -0.9660340071447875 0.19002600140543227 0.17512400129521716
vn 0.9660340071447875 -0.19002600140543227 -0.17512400129521716
vn -0.9251163413161864 0.35720013178686966 0.12871604748902224
vn 0.9251163413161864 -0.35720013178686966 -0.12871604748902224
vn -0.9680831074664277 0.22092402452466683 0.1183540131384206
vn 0.9680831074664277 -0.22092402452466683 -0.1183540131384206
vn -0.9478839783304246 -0.3168289927569725 -0.0336949992296987
vn 0.9478839783304246 0.3168289927569725 0.0336949992296987
vn -0.8765478304506844 -0.4751679080889932 0.0766769851684871
vn 0.8765478304506844 0.4751679080889932 -0.0766769851684871
vn -0.8427157557388736 -0.5321598457534911 0.08146197638824945
vn 0.8427157557388736 0.5321598457534911 -0.08146197638824945
vn -0.7107440544529471 -0.6778440519323461 0.18807001440879648
vn 0.7107440544529471 0.6778440519323461 -0.18807001440879648
vn -0.6088202185576699 -0.7616272734131968 0.2219500796768745
vn 0.6088202185576699 0.7616272734131968 -0.2219500796768745
vn -0.5625001048224668 -0.7954071482249313 0.2256570420514192
vn 0.5625001048224668 0.7954071482249313 -0.2256570420514192
vn -0.7507288520872871 -0.6225888773341272 0.22088295648042922
vn 0.7507288520872871 0.6225888773341272 -0.22088295648042922
vn -0.8133012050255333 -0.5253071324249544 0.25018706306978966
vn 0.8133012050255333 0.5253071324249544 -0.25018706306978966
vn -0.8994048493384579 -0.32858994495708155 0.28826995171118375
vn 0.8994048493384579 0.32858994495708155 -0.28826995171118375
vn -0.9362462895903846 0.3356921038329407 0.10370003207546195
vn 0.9362462895903846 -0.3356921038329407 -0.10370003207546195
vn -0.09871295915362244 0.995046588260255 0.011748995138390403
vn 0.09871295915362244 -0.995046588260255 -0.011748995138390403
vn -0.09354397120244612 0.10504896766062753 0.9900576952102904
vn 0.09354397120244612 -0.10504896766062753 -0.9900576952102904
vn -0.023030003866116165 0.07221501212295153 0.9971231673900716
vn 0.023030003866116165 -0.07221501212295153 -0.9971231673900716
vn -0.019616992290582395 0.22750791059009098 0.9735786173865992
vn 0.019616992290582395 -0.22750791059009098 -0.9735786173865992
vn -0.05050897598041167 0.6670646827767984 0.7432856465298517
vn 0.05050897598041167 -0.6670646827767984 -0.7432856465298517
vn -0.0655599830574341 0.9489757547576508 0.3084589202854344
vn 0.0655599830574341 -0.9489757547576508 -0.3084589202854344
vn -0.049090010137456314 0.9945142053746634 0.09236701907448439
vn 0.049090010137456314 -0.9945142053746634 -0.09236701907448439
vn -0.27835591468253346 0.1426569562749361 0.9498247088740223
vn 0.27835591468253346 -0.1426569562749361 -0.9498247088740223
vn -0.6368400163817542 0.14843200381819052 0.7565730194617063
vn 0.6368400163817542 -0.14843200381819052 -0.7565730194617063
vn -0.9220176865518425 0.15616294691100965 0.35425487956788587
vn 0.9220176865518425 -0.15616294691100965 -0.35425487956788587
vn 0.2772169914823695 -0.04126099873223542 0.9599209705059488
vn -0.2772169914823695 0.04126099873223542 -0.9599209705059488
vn 0.2730210140504808 -0.18915700973458763 0.9432280485413461
vn -0.2730210140504808 0.18915700973458763 -0.9432280485413461
vn 0 -0.4901922054248907 0.8716143652675085
vn 0 0.4901922054248907 -0.8716143652675085
vn -0.026259997198058452 0.39702995763690563 0.9174299021102349
vn 0.026259997198058452 -0.39702995763690563 -0.9174299021102349
vn -0.021319991183332672 0.05559797700801713 0.9982255871938761
vn 0.021319991183332672 -0.05559797700801713 -0.9982255871938761
vn -0.026023991471093612 0.9798346788763836 0.19810793507360203
vn 0.026023991471093612 -0.9798346788763836 -0.19810793507360203
vn -0.0011610004355372045 0.04587801721065944 0.9989463747443138
vn 0.0011610004355372045 -0.04587801721065944 -0.9989463747443138
vn 0.03632401471148321 0.044171017889574844 0.9983634043442491
vn -0.03632401471148321 -0.044171017889574844 -0.9983634043442491
vn 0.08753598621509658 0.059832990577680656 0.9943628434107348
vn -0.08753598621509658 -0.059832990577680656 -0.9943628434107348
vn -0.011013002072597627 0.050404009485808435 0.9986681879448767
vn 0.011013002072597627 -0.050404009485808435 -0.9986681879448767
vn -0.024902990902316513 0.997220635690438 0.07021997434689278
vn 0.024902990902316513 -0.997220635690438 -0.07021997434689278
vn -0.01884000254071581 0.9994861347882104 0.025933003497260475
vn 0.01884000254071581 -0.9994861347882104 -0.025933003497260475
vn -0.02926399335465998 0.9993497730651809 0.021062995216963153
vn 0.02926399335465998 -0.9993497730651809 -0.021062995216963153
vn -0.10884901688319135 0.9762811514275641 0.18715502902896397
vn 0.10884901688319135 -0.9762811514275641 -0.18715502902896397
vn -0.22448004024725451 0.5880531054326386 0.7770471393175713
vn 0.22448004024725451 -0.5880531054326386 -0.7770471393175713
vn 0.037642014615192565 0.961022373134307 0.27389610634511424
vn -0.037642014615192565 -0.961022373134307 -0.27389610634511424
vn 0.06039199449934642 0.8419749233108226 0.5361259511683105
vn -0.06039199449934642 -0.8419749233108226 -0.5361259511683105
vn 0.10443200035579982 0.32750900111582293 0.9390590031993741
vn -0.10443200035579982 -0.32750900111582293 -0.9390590031993741
vn 0.0108760013668905 0.9697361218759586 0.24391303065486988
vn -0.0108760013668905 -0.9697361218759586 -0.24391303065486988
vn -0.13371496455871962 0.9698687429353539 -0.2036539460213249
vn 0.13371496455871962 -0.9698687429353539 0.2036539460213249
vn -0.18293610447072303 -0.8052074598359947 0.5640703221279612
vn 0.18293610447072303 0.8052074598359947 -0.5640703221279612
vn 0 -0.5503270991882139 0.8349491504870736
vn 0 0.5503270991882139 -0.8349491504870736
vn 0 -0.6808079610891029 0.7324619581368702
vn 0 0.6808079610891029 -0.7324619581368702
vn 0.9877838022965734 -0.040203991953232154 0.15055496986665162
vn -0.9877838022965734 0.040203991953232154 -0.15055496986665162
vn 0.9996303104552338 -0.02457800763319301 -0.011626003610688506
vn -0.9996303104552338 0.02457800763319301 0.011626003610688506
vn 0.9991246088562804 -0.04183198362334635 -0.0003179998755073754
vn -0.9991246088562804 0.04183198362334635 0.0003179998755073754
vn 0.9984551687783767 -0.05553600938778005 -0.0017400002941288168
vn -0.9984551687783767 0.05553600938778005 0.0017400002941288168
vn 0.9681187068411145 -0.24651592535178443 -0.04445298653905989
vn -0.9681187068411145 0.24651592535178443 0.04445298653905989
vn 0.9726211067106443 -0.21819702393937868 -0.07998900877595463
vn -0.9726211067106443 0.21819702393937868 0.07998900877595463
vn 0.9044041423269956 -0.3738690588361523 -0.20560903235690167
vn -0.9044041423269956 0.3738690588361523 0.20560903235690167
vn 0.7954152090140658 -0.5235821375835288 -0.30524808021111705
vn -0.7954152090140658 0.5235821375835288 0.30524808021111705
vn 0.7135321524297494 -0.20237104323192362 0.6707591432922788
vn -0.7135321524297494 0.20237104323192362 -0.6707591432922788
vn 0.8568188397144862 0.02734599488437143 0.5148919036789232
vn -0.8568188397144862 -0.02734599488437143 -0.5148919036789232
vn 0.8623227603997737 0.14522795964776336 0.4850858652167282
vn -0.8623227603997737 -0.14522795964776336 -0.4850858652167282
vn 0.9379168939994524 0.1982909775897498 0.2845919678362715
vn -0.9379168939994524 -0.1982909775897498 -0.2845919678362715
vn 0.9799368718017271 0.13112598284570665 0.15009898036360242
vn -0.9799368718017271 -0.13112598284570665 -0.15009898036360242
vn 0.7993900158479073 -0.5881050116591819 0.12291500243678981
vn -0.7993900158479073 0.5881050116591819 -0.12291500243678981
vn -0.15630604620931035 -0.8661812560722343 0.47465614032427667
vn 0.15630604620931035 0.8661812560722343 -0.47465614032427667
vn 0.23812886816558468 -0.8820655116652933 0.4065157749421564
vn -0.23812886816558468 0.8820655116652933 -0.4065157749421564
vn -0.6086298932158944 -0.36941593518597965 -0.702211876796937
vn 0.6086298932158944 0.36941593518597965 0.702211876796937
vn -0.6649680931537242 -0.11872401663175167 -0.7373751032970419
vn 0.6649680931537242 0.11872401663175167 0.7373751032970419
vn -0.9767554584102488 0.15308591511717493 0.15004491680334273
vn 0.9767554584102488 -0.15308591511717493 -0.15004491680334273
vn 0.9845761681144258 0.15849802706322347 -0.07408201264935653
vn -0.9845761681144258 -0.15849802706322347 0.07408201264935653
vn -0.9819778995986567 0.13535998616025424 0.13189798651422296
vn 0.9819778995986567 -0.13535998616025424 -0.13189798651422296
vn 0.9886136732765811 0.13537595526008175 -0.06569897828737815
vn -0.9886136732765811 -0.13537595526008175 0.06569897828737815
vn 0.9339246366982504 -0.258284899525773 -0.24713090386473793
vn -0.9339246366982504 0.258284899525773 0.24713090386473793
vn 0.8431889910984538 -0.39434299583692095 -0.3654119961423457
vn -0.8431889910984538 0.39434299583692095 0.3654119961423457
vn 0.7681344158707738 -0.40571121965353363 -0.495346268182276
vn -0.7681344158707738 0.40571121965353363 0.495346268182276
vn 0.7204240476855898 -0.2973010196786523 -0.6265790414738949
vn -0.7204240476855898 0.2973010196786523 0.6265790414738949
vn 0.24426699777057512 -0.3124459971483052 -0.917992991621478
vn -0.24426699777057512 0.3124459971483052 0.917992991621478
vn -0.2821149948653661 -0.594189989185445 -0.7532259862909106
vn 0.2821149948653661 0.594189989185445 0.7532259862909106
vn 0.999573408390793 0.02288500935001575 0.018146007413825035
vn -0.999573408390793 -0.02288500935001575 -0.018146007413825035
vn -0.7658535279291797 0.6401156054338226 -0.06099496240280812
vn 0.7658535279291797 -0.6401156054338226 0.06099496240280812
vn -0.9293420580889918 0.32819602051405694 0.16914701057261888
vn 0.9293420580889918 -0.32819602051405694 -0.16914701057261888
vn -0.7637121703410544 0.6443951437281644 0.038712008634463016
vn 0.7637121703410544 -0.6443951437281644 -0.038712008634463016
vn -0.8608870111144817 0.332751004295982 -0.3849030049692902
vn 0.8608870111144817 -0.332751004295982 0.3849030049692902
vn -0.9300616746956402 0.36439987254515427 0.04688298360190586
vn 0.9300616746956402 -0.36439987254515427 -0.04688298360190586
vn -0.9707735875314959 0.22593090400502935 0.08095596560291049
vn 0.9707735875314959 -0.22593090400502935 -0.08095596560291049
vn -0.9998851278918153 -0.014879001903121178 -0.0028890003695219526
vn 0.9998851278918153 0.014879001903121178 0.0028890003695219526
vn -0.8861044062377597 -0.46261421208715336 -0.028409013024214544
vn 0.8861044062377597 0.46261421208715336 0.028409013024214544
vn -0.9502937783097914 -0.2973299306370979 -0.09239397844578093
vn 0.9502937783097914 0.2973299306370979 0.09239397844578093
vn -0.9866664751419215 -0.15368191824877167 -0.05358297149649235
vn 0.9866664751419215 0.15368191824877167 0.05358297149649235
vn -0.7976988071312092 -0.5842388587418694 0.14947096386069036
vn 0.7976988071312092 0.5842388587418694 -0.14947096386069036
vn -0.7545362873029504 -0.6340872414398595 0.1691400644030516
vn 0.7545362873029504 0.6340872414398595 -0.1691400644030516
vn -0.6597311763771743 -0.7195031923570456 0.21695605800255882
vn 0.6597311763771743 0.7195031923570456 -0.21695605800255882
vn -0.5639209870374304 -0.795573981712539 0.22148399490885806
vn 0.5639209870374304 0.795573981712539 -0.22148399490885806
vn -0.667370989718149 -0.6909339893551257 0.2778959957185952
vn 0.667370989718149 0.6909339893551257 -0.2778959957185952
vn -0.5136010432005264 -0.8087780680287525 0.2865170240998073
vn 0.5136010432005264 0.8087780680287525 -0.2865170240998073
vn -0.7060276696497306 -0.6409537000978339 0.3011698590826557
vn 0.7060276696497306 0.6409537000978339 -0.3011698590826557
vn -0.7687670119969937 -0.5399980084269391 0.3426360053470061
vn 0.7687670119969937 0.5399980084269391 -0.3426360053470061
vn -0.8646232159578323 -0.42108010517361216 0.2740770684565119
vn 0.8646232159578323 0.42108010517361216 -0.2740770684565119
vn -0.9798801900335731 -0.021940004254946157 0.19837703847235388
vn 0.9798801900335731 0.021940004254946157 -0.19837703847235388
vn -0.5248408775181611 0.8489428018826659 0.06195298554206461
vn 0.5248408775181611 -0.8489428018826659 -0.06195298554206461
vn -0.08629601006384127 0.9961621161724327 0.01463000170615112
vn 0.08629601006384127 -0.9961621161724327 -0.01463000170615112
vn -0.12126698384317638 0.0940229874729889 0.9881568683444106
vn 0.12126698384317638 -0.0940229874729889 -0.9881568683444106
vn -0.017629006071060525 0.9998013443106465 0.009300003202726575
vn 0.017629006071060525 -0.9998013443106465 -0.009300003202726575
vn -0.04460600335196285 0.06790600510286462 0.9966940748975758
vn 0.04460600335196285 -0.06790600510286462 -0.9966940748975758
vn -0.027988999778844923 0.9992089921047503 0.028248999776790754
vn 0.027988999778844923 -0.9992089921047503 -0.028248999776790754
vn -0.17098501228236684 0.10745000771845646 0.9793970703530323
vn 0.17098501228236684 -0.10745000771845646 -0.9793970703530323
vn -0.48699999576480457 0.14496799873928562 0.8612869925098178
vn 0.48699999576480457 -0.14496799873928562 -0.8612869925098178
vn -0.3999558669385048 0.1607539465186979 0.9023266998045292
vn 0.3999558669385048 -0.1607539465186979 -0.9023266998045292
vn -0.3131131220543368 0.1685620657070229 0.9346373643301275
vn 0.3131131220543368 -0.1685620657070229 -0.9346373643301275
vn -0.7985840351596594 0.1538350067729708 0.5818920256192517
vn 0.7985840351596594 -0.1538350067729708 -0.5818920256192517
vn 0 -0.1932410609789658 0.9811513096111748
vn 0 0.1932410609789658 -0.9811513096111748
vn 0 -0.3807300891867956 0.9246862166096209
vn 0 0.3807300891867956 -0.9246862166096209
vn -0.03107601112931601 0.31077811129960625 0.9499743402162714
vn 0.03107601112931601 -0.31077811129960625 -0.9499743402162714
vn -0.03402199885439426 0.8168189724956634 0.5758899806083452
vn 0.03402199885439426 -0.8168189724956634 -0.5758899806083452
vn -0.027947985798500132 0.05521097194507602 0.9980834928334837
vn 0.027947985798500132 -0.05521097194507602 -0.9980834928334837
vn -0.02120200076720501 0.056472002043467445 0.9981790361196081
vn 0.02120200076720501 -0.056472002043467445 -0.9981790361196081
vn 0.01830300608420393 0.054384018078093344 0.9983523318678447
vn -0.01830300608420393 -0.054384018078093344 -0.9983523318678447
vn 0.06480898935596689 0.05727199059382064 0.9962528363784364
vn -0.06480898935596689 -0.05727199059382064 -0.9962528363784364
vn 0.10973903957179505 0.0715150257882512 0.9913843574922723
vn -0.10973903957179505 -0.0715150257882512 -0.9913843574922723
vn -0.011179002998315205 0.9998962681817141 0.00908200243587988
vn 0.011179002998315205 -0.9998962681817141 -0.00908200243587988
vn -0.21018298192647125 0.9613069173377023 0.178078984687078
vn 0.21018298192647125 -0.9613069173377023 -0.178078984687078
vn -0.1432920042957511 0.9758370292546188 0.16495300494512644
vn 0.1432920042957511 -0.9758370292546188 -0.16495300494512644
vn -0.0000019999997827080354 0.5932179355492475 0.8050419125354213
vn 0.0000019999997827080354 -0.5932179355492475 -0.8050419125354213
vn 0.06617399876396897 0.6407409880319194 0.7648999857128158
vn -0.06617399876396897 -0.6407409880319194 -0.7648999857128158
vn 0.09834600165275374 0.13175300221417488 0.9863920165768111
vn -0.09834600165275374 -0.13175300221417488 -0.9863920165768111
vn -0.09886197495880865 0.9921277486995297 -0.07686898052951226
vn 0.09886197495880865 -0.9921277486995297 0.07686898052951226
vn -0.015755002121245754 0.9610141293904706 0.27605003716724175
vn 0.015755002121245754 -0.9610141293904706 -0.27605003716724175
vn -0.24045592059076787 -0.5447468201003888 0.803387734685663
vn 0.24045592059076787 0.5447468201003888 -0.803387734685663
vn -0.2195089866366226 -0.6735759589937074 0.705769957033785
vn 0.2195089866366226 0.6735759589937074 -0.705769957033785
vn 0.9999622487686393 -0.008610002141979378 0.0011700002910703666
vn -0.9999622487686393 0.008610002141979378 -0.0011700002910703666
vn 0.9989568727418933 -0.0007779999008898313 0.045656994183710234
vn -0.9989568727418933 0.0007779999008898313 -0.045656994183710234
vn 0.9998418669945447 -0.0013079998260013765 0.017734997640775494
vn -0.9998418669945447 0.0013079998260013765 -0.017734997640775494
vn 0.9995635411834473 0.018732991401240455 0.02284298951468189
vn -0.9995635411834473 -0.018732991401240455 -0.02284298951468189
vn 0.9986379689034127 0.05070299842115935 0.012304999616834632
vn -0.9986379689034127 -0.05070299842115935 -0.012304999616834632
vn 0.9122400854727949 -0.3522400330033075 -0.20915301959669774
vn -0.9122400854727949 0.3522400330033075 0.20915301959669774
vn 0.7485589025514855 0.06774099118137657 0.6595989141324295
vn -0.7485589025514855 -0.06774099118137657 -0.6595989141324295
vn 0.8651940905719828 0.2516640263451982 0.4337100454025048
vn -0.8651940905719828 -0.2516640263451982 -0.4337100454025048
vn 0.7801691033607107 -0.6135380812845982 -0.12209501617575945
vn -0.7801691033607107 0.6135380812845982 0.12209501617575945
vn 0.7765275202967781 -0.1866058847234107 0.6018166282251846
vn -0.7765275202967781 0.1866058847234107 -0.6018166282251846
vn -0.29544910856190854 -0.8450483105105236 0.44564916375247815
vn 0.29544910856190854 0.8450483105105236 -0.44564916375247815
vn -0.22520401245141758 -0.8990860497100196 0.37540302075584564
vn 0.22520401245141758 0.8990860497100196 -0.37540302075584564
vn -0.24255294420058032 -0.8308438088639885 0.5008658847755658
vn 0.24255294420058032 0.8308438088639885 -0.5008658847755658
vn -0.5306471387268343 -0.5397041410946021 -0.6535541708583626
vn 0.5306471387268343 0.5397041410946021 0.6535541708583626
vn -0.5813730658480613 -0.45498405153286137 -0.6745330763996443
vn 0.5813730658480613 0.45498405153286137 0.6745330763996443
vn -0.7395823074189136 -0.21870809090942678 -0.6365412645882982
vn 0.7395823074189136 0.21870809090942678 0.6365412645882982
vn -0.7777200445664706 0.021116001210031505 -0.628256036001585
vn 0.7777200445664706 -0.021116001210031505 0.628256036001585
vn 0.6782661287735847 -0.14389702731986034 -0.7205891368089048
vn -0.6782661287735847 0.14389702731986034 0.7205891368089048
vn 0.5346638713211249 -0.20531995058513994 -0.8197428027104741
vn -0.5346638713211249 0.20531995058513994 0.8197428027104741
vn 0.4765880984666857 -0.1386200286399403 -0.8681291793620179
vn -0.4765880984666857 0.1386200286399403 0.8681291793620179
vn -0.04684898931348909 -0.3128489286374466 -0.9486467836084759
vn 0.04684898931348909 0.3128489286374466 0.9486467836084759
vn -0.283373978199899 -0.31481697578097334 -0.9058639303114376
vn 0.283373978199899 0.31481697578097334 0.9058639303114376
vn -0.41475976971030104 -0.5797726780891366 -0.7013116106063041
vn 0.41475976971030104 0.5797726780891366 0.7013116106063041
vn 0.9886269895625706 -0.11981899873501091 -0.09088499904048164
vn -0.9886269895625706 0.11981899873501091 0.09088499904048164
vn -0.2571221324538009 0.960206494640421 -0.10904905617549053
vn 0.2571221324538009 -0.960206494640421 0.10904905617549053
vn -0.4613271686211083 0.8808673219685165 -0.10606603876852293
vn 0.4613271686211083 -0.8808673219685165 0.10606603876852293
vn -0.48642901804773303 0.8727750323821363 -0.04062700150736317
vn 0.48642901804773303 -0.8727750323821363 0.04062700150736317
vn -0.8764110571569019 0.43555802840578894 -0.20540901339616
vn 0.8764110571569019 -0.43555802840578894 0.20540901339616
vn -0.8218848884878986 0.17475597628937298 -0.5421859264370317
vn 0.8218848884878986 -0.17475597628937298 0.5421859264370317
vn -0.9851661956889992 -0.1542570306409254 -0.07518201493381862
vn 0.9851661956889992 0.1542570306409254 0.07518201493381862
vn -0.9936777867125512 0.10575797729963428 0.03767899191241251
vn 0.9936777867125512 -0.10575797729963428 -0.03767899191241251
vn -0.8866700657802814 -0.46047003416135224 0.04223200313310786
vn 0.8866700657802814 0.46047003416135224 -0.04223200313310786
vn -0.984016452405112 -0.15938607327832185 -0.07942103651410795
vn 0.984016452405112 0.15938607327832185 0.07942103651410795
vn -0.7317971199675367 -0.6417021051977642 0.22954603763074743
vn 0.7317971199675367 0.6417021051977642 -0.22954603763074743
vn -0.6262083150567542 -0.7223763634406427 0.29331814757367675
vn 0.6262083150567542 0.7223763634406427 -0.29331814757367675
vn -0.5088898283268087 -0.8145107252260751 0.2785739060235264
vn 0.5088898283268087 0.8145107252260751 -0.2785739060235264
vn -0.6112580145231851 -0.711259016899159 0.3470940082467801
vn 0.6112580145231851 0.711259016899159 -0.3470940082467801
vn -0.5583823130476391 -0.7687874310077247 0.3117291747657112
vn 0.5583823130476391 0.7687874310077247 -0.3117291747657112
vn -0.7379509684965048 -0.5932019746759117 0.3217759862632224
vn 0.7379509684965048 0.5932019746759117 -0.3217759862632224
vn -0.7965737680612516 -0.4848318588312859 0.36112089485226373
vn 0.7965737680612516 0.4848318588312859 -0.36112089485226373
vn -0.8192089615913887 -0.43259497971778493 0.37650798234742355
vn 0.8192089615913887 0.43259497971778493 -0.37650798234742355
vn -0.9384146675901234 -0.16549594137721063 0.30329689256467723
vn 0.9384146675901234 0.16549594137721063 -0.30329689256467723
vn -0.9479372084234509 -0.040347008871118056 0.31589106945513495
vn 0.9479372084234509 0.040347008871118056 -0.31589106945513495
vn -0.9144681751549649 0.3603490690203664 0.18411003526397937
vn 0.9144681751549649 -0.3603490690203664 -0.18411003526397937
vn -0.4885040256257006 0.8663700454476078 0.10376300544314819
vn 0.4885040256257006 -0.8663700454476078 -0.10376300544314819
vn -0.08958401092064992 0.08124400990397015 0.9926601210092467
vn 0.08958401092064992 -0.08124400990397015 -0.9926601210092467
vn -0.018723000363123236 0.06899900133820093 0.9974410193448702
vn 0.018723000363123236 -0.06899900133820093 -0.9974410193448702
vn -0.027535008079199348 0.06161201807792352 0.9977202927466415
vn 0.027535008079199348 -0.06161201807792352 -0.9977202927466415
vn -0.028105000430709137 0.3077100047156556 0.9510650145750716
vn 0.028105000430709137 -0.3077100047156556 -0.9510650145750716
vn -0.05475800129584812 0.73728501744785 0.6733590159350414
vn 0.05475800129584812 -0.73728501744785 -0.6733590159350414
vn -0.05635702966130428 0.9659435083863448 0.25254113291508523
vn 0.05635702966130428 -0.9659435083863448 -0.25254113291508523
vn -0.03702398444976319 0.9962665815636403 0.07798796724470991
vn 0.03702398444976319 -0.9962665815636403 -0.07798796724470991
vn -0.20107296409933031 0.13274097629969792 0.9705408267143184
vn 0.20107296409933031 -0.13274097629969792 -0.9705408267143184
vn -0.2174700335389923 0.15182202341452544 0.9641871487003283
vn 0.2174700335389923 -0.15182202341452544 -0.9641871487003283
vn -0.4812450554254775 0.23915302754349477 0.8433320971274066
vn 0.4812450554254775 -0.23915302754349477 -0.8433320971274066
vn -0.7675179227750368 0.3068349691273408 0.5628219433708289
vn 0.7675179227750368 -0.3068349691273408 -0.5628219433708289
vn 0 0.000163999997794306 0.9999999865520002
vn 0 -0.000163999997794306 -0.9999999865520002
vn -0.2595440856971888 -0.3770561244977317 0.8890812935600216
vn 0.2595440856971888 0.3770561244977317 -0.8890812935600216
vn -0.048452993646407816 0.7850928970515602 0.6174799190304813
vn 0.048452993646407816 -0.7850928970515602 -0.6174799190304813
vn -0.02676601155112906 0.05812502508441196 0.9979504306750819
vn 0.02676601155112906 -0.05812502508441196 -0.9979504306750819
vn -0.042241986936730924 0.9749226985066645 0.2184979324298528
vn 0.042241986936730924 -0.9749226985066645 -0.2184979324298528
vn -0.012162004874453475 0.05078802035551229 0.9986354002466574
vn 0.012162004874453475 -0.05078802035551229 -0.9986354002466574
vn -0.015963996033578055 0.048906987848546635 0.9986757518685542
vn 0.015963996033578055 -0.048906987848546635 -0.9986757518685542
vn -0.049050991648235516 0.9986128299692039 0.019141996740750143
vn 0.049050991648235516 -0.9986128299692039 -0.019141996740750143
vn -0.23507711521108732 0.9597774703860936 0.15351207523613322
vn 0.23507711521108732 -0.9597774703860936 -0.15351207523613322
vn -0.5509610220786614 0.5545820222237656 0.6236030249896446
vn 0.5509610220786614 -0.5545820222237656 -0.6236030249896446
vn -0.41442007825640126 0.5739021083719539 0.7063231333774821
vn 0.41442007825640126 -0.5739021083719539 -0.7063231333774821
vn 0.02972699684498481 0.8183359131475589 0.5739709390827458
vn -0.02972699684498481 -0.8183359131475589 -0.5739709390827458
vn 0.055317987268290104 0.36266891652994493 0.9302747858926314
vn -0.055317987268290104 -0.36266891652994493 -0.9302747858926314
vn 0.053227972356751696 0.1473409234804265 0.9876524870756536
vn -0.053227972356751696 -0.1473409234804265 -0.9876524870756536
vn -0.07111696536821537 0.9864605196239309 0.14777692803716097
vn 0.07111696536821537 -0.9864605196239309 -0.14777692803716097
vn -0.0010660001657838256 0.8281171287883716 0.5605540871770983
vn 0.0010660001657838256 -0.8281171287883716 -0.5605540871770983
vn -0.20479410608255524 -0.7389043827496139 0.6419343325195025
vn 0.20479410608255524 0.7389043827496139 -0.6419343325195025
vn -0.23151894999353284 -0.6075198687799753 0.7598148358853318
vn 0.23151894999353284 0.6075198687799753 -0.7598148358853318
vn 0.9996813836527967 -0.018608007141289313 0.01705500654528639
vn -0.9996813836527967 0.018608007141289313 -0.01705500654528639
vn 0.996107913187207 0.06720399414303775 0.057031995029547804
vn -0.996107913187207 -0.06720399414303775 -0.057031995029547804
vn 0.9922454771337553 0.12270305900331388 0.019821009531182508
vn -0.9922454771337553 -0.12270305900331388 -0.019821009531182508
vn 0.9824806874518198 -0.1675109467111748 -0.0816809740155302
vn -0.9824806874518198 0.1675109467111748 0.0816809740155302
vn 0.6990579027316921 0.09413398690200957 0.7088419013703271
vn -0.6990579027316921 -0.09413398690200957 -0.7088419013703271
vn 0.8728923446092366 0.20016007902121305 0.4449661756682311
vn -0.8728923446092366 -0.20016007902121305 -0.4449661756682311
vn 0.868632748128679 0.2903209158176884 0.4014858835839657
vn -0.868632748128679 -0.2903209158176884 -0.4014858835839657
vn 0.9383375669474603 0.23652389084176603 0.25214888363066956
vn -0.9383375669474603 -0.23652389084176603 -0.25214888363066956
vn 0.9717033983333707 0.20752608507180803 0.11280704624334041
vn -0.9717033983333707 -0.20752608507180803 -0.11280704624334041
vn 0.9215879281304291 -0.3464489729823511 -0.17506798634741125
vn -0.9215879281304291 0.3464489729823511 0.17506798634741125
vn 0.9184388723691509 -0.3837549466714975 -0.09592798666936833
vn -0.9184388723691509 0.3837549466714975 0.09592798666936833
vn 0.805892176760783 -0.45152409903527496 0.38296708399828594
vn -0.805892176760783 0.45152409903527496 -0.38296708399828594
vn -0.25704896659880244 -0.8856158849221939 0.3867949497394805
vn 0.25704896659880244 0.8856158849221939 -0.3867949497394805
vn -0.2221139517837307 -0.8799288089859549 0.41998890882923734
vn 0.2221139517837307 0.8799288089859549 -0.41998890882923734
vn -0.7042680463239365 -0.39104002572104946 -0.5925320389743887
vn 0.7042680463239365 0.39104002572104946 0.5925320389743887
vn -0.7285698969117382 -0.30982195616205505 -0.6108979135616168
vn 0.7285698969117382 0.30982195616205505 0.6108979135616168
vn -0.7533243725061878 -0.10998305438476398 -0.6483873206165868
vn 0.7533243725061878 0.10998305438476398 0.6483873206165868
vn 0.9680891495184765 -0.17642302724800937 -0.17798402748910125
vn -0.9680891495184765 0.17642302724800937 0.17798402748910125
vn 0.9165637244874016 -0.2561129230142596 -0.30711090768462485
vn -0.9165637244874016 0.2561129230142596 0.30711090768462485
vn 0.8743988136944878 -0.18061696151648984 -0.45033790404786406
vn -0.8743988136944878 0.18061696151648984 0.45033790404786406
vn 0.8066406568075458 -0.13374594309659676 -0.5757107550587299
vn -0.8066406568075458 0.13374594309659676 0.5757107550587299
vn 0.31412607223816763 -0.10716802464495101 -0.9433132169295206
vn -0.31412607223816763 0.10716802464495101 0.9433132169295206
vn 0.0892539632934226 -0.08209796623639712 -0.9926195917753505
vn -0.0892539632934226 0.08209796623639712 0.9926195917753505
vn -0.42364471435574125 -0.41062772313250306 -0.8074094556007249
vn 0.42364471435574125 0.41062772313250306 0.8074094556007249
vn 0.9997182775348287 0.02075500576186021 0.01151500319671503
vn -0.9997182775348287 -0.02075500576186021 -0.01151500319671503
vn -0.26848592986007364 0.9615077488133448 -0.05846498472646301
vn 0.26848592986007364 -0.9615077488133448 0.05846498472646301
vn -0.7543860625050369 0.6420380531963861 0.13670701132692836
vn 0.7543860625050369 -0.6420380531963861 -0.13670701132692836
vn -0.8832940486315217 0.32394301783533114 0.3388990186587638
vn 0.8832940486315217 -0.32394301783533114 -0.3388990186587638
vn -0.9351281370738979 0.31891504674752785 -0.1543650226272897
vn 0.9351281370738979 -0.31891504674752785 0.1543650226272897
vn -0.9337330963043029 0.3548720366011489 -0.0469930048468117
vn 0.9337330963043029 -0.3548720366011489 0.0469930048468117
vn -0.9006439298195762 0.13229698969108833 -0.41392996774554336
vn 0.9006439298195762 -0.13229698969108833 0.41392996774554336
vn -0.9721691947498136 0.23254504658459116 0.02845800570085062
vn 0.9721691947498136 -0.23254504658459116 -0.02845800570085062
vn -0.9818673438234937 -0.1870420654970927 -0.03085101080319294
vn 0.9818673438234937 0.1870420654970927 0.03085101080319294
vn -0.9932817050281556 0.11485296589246434 0.014150995797621881
vn 0.9932817050281556 -0.11485296589246434 -0.014150995797621881
vn -0.8832050473654048 -0.45006102413632326 -0.13188600707291498
vn 0.8832050473654048 0.45006102413632326 0.13188600707291498
vn -0.8114850834734174 -0.5789530595540096 0.07940600816809933
vn 0.8114850834734174 0.5789530595540096 -0.07940600816809933
vn -0.8178788841531894 -0.5598819206966507 0.13268898120553585
vn 0.8178788841531894 0.5598819206966507 -0.13268898120553585
vn -0.5567066521956792 -0.7763925149462105 0.295452815414877
vn 0.5567066521956792 0.7763925149462105 -0.295452815414877
vn -0.4897621161615476 -0.7931211881121093 0.36206608587466327
vn 0.4897621161615476 0.7931211881121093 -0.36206608587466327
vn -0.4337039148645804 -0.8415658348019053 0.3219749367968089
vn 0.4337039148645804 0.8415658348019053 -0.3219749367968089
vn -0.684381073171975 -0.606006064792354 0.40543704334811453
vn 0.684381073171975 0.606006064792354 -0.40543704334811453
vn -0.7405299389059122 -0.4939989592448406 0.45560996241195173
vn 0.7405299389059122 0.4939989592448406 -0.45560996241195173
vn -0.8530842034652987 -0.3391470808884538 0.3965180945717576
vn 0.8530842034652987 0.3391470808884538 -0.3965180945717576
vn -0.8924644633096595 -0.17064508858786112 0.4175972167893873
vn 0.8924644633096595 0.17064508858786112 -0.4175972167893873
vn -0.862181189193181 0.4214920924903381 0.2810480616719288
vn 0.862181189193181 -0.4214920924903381 -0.2810480616719288
vn -0.06578097475991061 0.08109096888548208 0.9945336183985184
vn 0.06578097475991061 -0.08109096888548208 -0.9945336183985184
vn -0.13482096681207043 0.11739797110096657 0.9838907578025291
vn 0.13482096681207043 -0.11739797110096657 -0.9838907578025291
vn -0.39513182856952495 0.18950791778077572 0.8988646100218308
vn 0.39513182856952495 -0.18950791778077572 -0.8988646100218308
vn -0.3300328680703775 0.14510194199594542 0.9327506271358096
vn 0.3300328680703775 -0.14510194199594542 -0.9327506271358096
vn -0.2591959588645678 0.15031597614425501 0.9540558485875328
vn 0.2591959588645678 -0.15031597614425501 -0.9540558485875328
vn -0.603228830706567 0.2745749229417941 0.7488147898485285
vn 0.603228830706567 -0.2745749229417941 -0.7488147898485285
vn 0.0000010000002849131218 -0.042363012069774796 0.9991022846572698
vn -0.0000010000002849131218 0.042363012069774796 -0.9991022846572698
vn -0.24817809723756254 -0.4821681889161855 0.8401913291916483
vn 0.24817809723756254 0.4821681889161855 -0.8401913291916483
vn -0.037718992322733666 0.06385998700203514 0.997245797022107
vn 0.037718992322733666 -0.06385998700203514 -0.997245797022107
vn -0.012762006319638617 0.13364206617843138 0.9909474907088958
vn 0.012762006319638617 -0.13364206617843138 -0.9909474907088958
vn -0.031230987083459803 0.04972397943511089 0.9982745871326835
vn 0.031230987083459803 -0.04972397943511089 -0.9982745871326835
vn -0.32695817013910383 0.9320614850164952 0.15607608121725366
vn 0.32695817013910383 -0.9320614850164952 -0.15607608121725366
vn -0.727297012843338 0.5052080089214682 0.4645470082034358
vn 0.727297012843338 -0.5052080089214682 -0.4645470082034358
vn -0.5187630409994011 0.00007100000561115385 0.8549180675667424
vn 0.5187630409994011 -0.00007100000561115385 -0.8549180675667424
vn -0.27721700292048107 -0.041260000434674315 0.9599210101127678
vn 0.27721700292048107 0.041260000434674315 -0.9599210101127678
vn 0.01840699474927665 0.6070168268442256 0.7944757733702569
vn -0.01840699474927665 -0.6070168268442256 -0.7944757733702569
vn -0.1311989514615793 0.9892236340263973 0.06498797595702059
vn 0.1311989514615793 -0.9892236340263973 -0.06498797595702059
vn -0.043505977616506576 0.9632095044360615 0.2652068635530931
vn 0.043505977616506576 -0.9632095044360615 -0.2652068635530931
vn -0.03033601566670564 0.8174154221453122 0.5752492970812487
vn 0.03033601566670564 -0.8174154221453122 -0.5752492970812487
vn -0.3772600410789049 -0.7171200780854168 0.5860150638097185
vn 0.3772600410789049 0.7171200780854168 -0.5860150638097185
vn -0.34327494951284054 -0.7812698850947404 0.5213249233261424
vn 0.34327494951284054 0.7812698850947404 -0.5213249233261424
vn -0.4235549383988096 -0.590585914106077 0.6868839001006432
vn 0.4235549383988096 0.590585914106077 -0.6868839001006432
vn 0.9999178888006377 -0.009241998972211217 0.008876999012802308
vn -0.9999178888006377 0.009241998972211217 -0.008876999012802308
vn 0.9969352931239426 -0.04223501241815136 0.06585001936155477
vn -0.9969352931239426 0.04223501241815136 -0.06585001936155477
vn 0.9956212964054646 0.01215400361835678 0.09268502759317099
vn -0.9956212964054646 -0.01215400361835678 -0.09268502759317099
vn 0.95800527107242 0.2711530767241297 0.0932840263951855
vn -0.95800527107242 -0.2711530767241297 -0.0932840263951855
vn 0.9997463125602362 -0.020917006539483488 -0.008354002611791613
vn -0.9997463125602362 0.020917006539483488 0.008354002611791613
vn 0.9876285285542391 0.15007908031859327 0.04545502432639919
vn -0.9876285285542391 -0.15007908031859327 -0.04545502432639919
vn 0.9846405217730151 -0.1515819263786468 -0.08663695792156607
vn -0.9846405217730151 0.1515819263786468 0.08663695792156607
vn 0.6595562541125636 0.24964209618162594 0.7089882731576367
vn -0.6595562541125636 -0.24964209618162594 -0.7089882731576367
vn 0.7521127066125483 0.20127792148461784 0.6275457552041757
vn -0.7521127066125483 -0.20127792148461784 -0.6275457552041757
vn 0.7596950997650663 0.2760310362490881 0.5887870773209961
vn -0.7596950997650663 -0.2760310362490881 -0.5887870773209961
vn 0.7597908244571885 0.3838759113089357 0.5247448787624327
vn -0.7597908244571885 -0.3838759113089357 -0.5247448787624327
vn 0.8597688573514617 0.3531299414104505 0.3689129387918148
vn -0.8597688573514617 -0.3531299414104505 -0.3689129387918148
vn 0.918806606741209 0.3184938636813113 0.2331439002119841
vn -0.918806606741209 -0.3184938636813113 -0.2331439002119841
vn 0.985985733369774 -0.14824995991025122 -0.07651197930963337
vn -0.985985733369774 0.14824995991025122 0.07651197930963337
vn 0.9174546670516333 -0.38837185905813026 0.0862799686886167
vn -0.9174546670516333 0.38837185905813026 -0.0862799686886167
vn 0.9062555032687427 -0.24795613769690036 0.34237219012874515
vn -0.9062555032687427 0.24795613769690036 -0.34237219012874515
vn 0.8608571560329562 0.08816201597963122 0.5011510908351469
vn -0.8608571560329562 -0.08816201597963122 -0.5011510908351469
vn -0.3542631139896663 -0.861530277210765 0.36368011701973335
vn 0.3542631139896663 0.861530277210765 -0.36368011701973335
vn -0.3534139149472407 -0.8587297933376835 0.37105491070175023
vn 0.3534139149472407 0.8587297933376835 -0.37105491070175023
vn -0.5711889012168864 -0.5240819093637101 -0.63172889074692
vn 0.5711889012168864 0.5240819093637101 0.63172889074692
vn -0.8480038117821828 -0.24119594646560072 -0.4719258952541715
vn 0.8480038117821828 0.24119594646560072 0.4719258952541715
vn -0.8545250215041225 -0.09133400229842009 -0.5113170128672928
vn 0.8545250215041225 0.09133400229842009 0.5113170128672928
vn 0.8106580072614691 -0.07450000066733363 -0.5807610052021667
vn -0.8106580072614691 0.07450000066733363 0.5807610052021667
vn 0.607483089015111 -0.08496801245044856 -0.7897751157265459
vn -0.607483089015111 0.08496801245044856 0.7897751157265459
vn 0.3986650552513925 -0.06090300844060923 -0.91507212682077
vn -0.3986650552513925 0.06090300844060923 0.91507212682077
vn -0.11469005279430929 -0.08677103994258423 -0.9896044555363122
vn 0.11469005279430929 0.08677103994258423 0.9896044555363122
vn -0.48745287586502273 -0.14806396229396193 -0.8605037808637048
vn 0.48745287586502273 0.14806396229396193 0.8605037808637048
vn -0.5369341116959986 -0.3875120806124025 -0.7493571558854133
vn 0.5369341116959986 0.3875120806124025 0.7493571558854133
vn 0.9951314248809061 -0.07233403088370823 -0.06694202858154116
vn -0.9951314248809061 0.07233403088370823 0.06694202858154116
vn -0.46265604486931067 0.8861480859404177 0.026286002549269417
vn 0.46265604486931067 -0.8861480859404177 -0.026286002549269417
vn -0.7348807593394511 0.6126017993836639 0.29097990470918905
vn 0.7348807593394511 -0.6126017993836639 -0.29097990470918905
vn -0.4689628160045856 0.8758286563726353 0.11400895526910841
vn 0.4689628160045856 -0.8758286563726353 -0.11400895526910841
vn -0.9270790712641075 0.24248801863993355 -0.28587402197499395
vn 0.9270790712641075 -0.24248801863993355 0.28587402197499395
vn -0.9732590100450061 0.22759900234904928 -0.031074000320714706
vn 0.9732590100450061 -0.22759900234904928 0.031074000320714706
vn -0.9335159614448582 -0.3313889863133037 -0.13685499434775208
vn 0.9335159614448582 0.3313889863133037 0.13685499434775208
vn -0.9995857171927508 -0.028421991958723275 0.004536998716372083
vn 0.9995857171927508 0.028421991958723275 -0.004536998716372083
vn -0.9450196787666029 -0.2873369023277384 -0.15612594692928689
vn 0.9450196787666029 0.2873369023277384 0.15612594692928689
vn -0.8696468227946939 -0.4447329093781184 -0.21430595633152275
vn 0.8696468227946939 0.4447329093781184 0.21430595633152275
vn -0.781773351737891 -0.6015402706468641 -0.1642550739021524
vn 0.781773351737891 0.6015402706468641 0.1642550739021524
vn -0.7966960888857942 -0.6039320673794968 -0.023268002595964798
vn 0.7966960888857942 0.6039320673794968 0.023268002595964798
vn -0.7703041301737059 -0.6156501040387199 0.16615202807803345
vn 0.7703041301737059 0.6156501040387199 -0.16615202807803345
vn -0.6828409077280557 -0.6465269126351475 0.34019295402989913
vn 0.6828409077280557 0.6465269126351475 -0.34019295402989913
vn -0.5008991520767624 -0.7868222388851693 0.360570109471806
vn 0.5008991520767624 0.7868222388851693 -0.360570109471806
vn -0.6520100456680892 -0.6578460460768545 0.3769900264051362
vn 0.6520100456680892 0.6578460460768545 -0.3769900264051362
vn -0.4380617634018103 -0.8362445483423508 0.32984382185057515
vn 0.4380617634018103 0.8362445483423508 -0.32984382185057515
vn -0.7134129951676971 -0.5521029962603304 0.431536997076984
vn 0.7134129951676971 0.5521029962603304 -0.431536997076984
vn -0.7941331677983707 -0.34454607280173166 0.5006401057840139
vn 0.7941331677983707 0.34454607280173166 -0.5006401057840139
vn -0.9010597844331862 0.0000429999897127164 0.43369489624414653
vn 0.9010597844331862 -0.0000429999897127164 -0.43369489624414653
vn -0.11015496068096489 0.0936809665612405 0.98948964680866
vn 0.11015496068096489 -0.0936809665612405 -0.98948964680866
vn -0.033972011100798075 0.06929902264436001 0.9970173257884256
vn 0.033972011100798075 -0.06929902264436001 -0.9970173257884256
vn -0.18481496676241735 0.14899197320491325 0.9714138252985248
vn 0.18481496676241735 -0.14899197320491325 -0.9714138252985248
vn -0.516971229286872 0.5244342325968601 0.6765423000597693
vn 0.516971229286872 -0.5244342325968601 -0.6765423000597693
vn -0.3712239150771564 0.45291689638870436 0.8105918145653901
vn 0.3712239150771564 -0.45291689638870436 -0.8105918145653901
vn -0.2730209624065177 -0.18915797395398937 0.943227870122719
vn 0.2730209624065177 0.18915797395398937 -0.943227870122719
vn -0.4532380243005839 -0.468942025142562 0.7580690406442516
vn 0.4532380243005839 0.468942025142562 -0.7580690406442516
vn -0.036940993340075154 0.07320098680292447 0.99663282032157
vn 0.036940993340075154 -0.07320098680292447 -0.99663282032157
vn -0.04880399171696282 0.06362498920153571 0.9967798308260429
vn 0.04880399171696282 -0.06362498920153571 -0.9967798308260429
vn -0.03600699233150165 0.057189987820106404 0.9977137875144232
vn 0.03600699233150165 -0.057189987820106404 -0.9977137875144232
vn 0.017048999362316294 0.132225995054351 0.9910729629308989
vn -0.017048999362316294 -0.132225995054351 -0.9910729629308989
vn -0.05589898021886367 0.05315198119095206 0.997020647181375
vn 0.05589898021886367 -0.05315198119095206 -0.997020647181375
vn -0.36115510272155465 0.9244152629268484 0.12257003486198731
vn 0.36115510272155465 -0.9244152629268484 -0.12257003486198731
vn -0.6499579027487562 0.5315609204641399 0.5431369187320585
vn 0.6499579027487562 -0.5315609204641399 -0.5431369187320585
vn 0.017469002948182735 0.28559504819888054 0.9581911617105825
vn -0.017469002948182735 -0.28559504819888054 -0.9581911617105825
vn -0.15897798503627736 0.9872389070766359 -0.009237999130477773
vn 0.15897798503627736 -0.9872389070766359 0.009237999130477773
vn -0.21116104703454475 0.9463552107935489 0.24458705447993825
vn 0.21116104703454475 -0.9463552107935489 -0.24458705447993825
vn -0.07872197925089643 0.9531387487769639 0.29211192300675637
vn 0.07872197925089643 -0.9531387487769639 -0.29211192300675637
vn -0.06298597618784127 0.8416326818166165 0.5363647972246451
vn 0.06298597618784127 -0.8416326818166165 -0.5363647972246451
vn -0.022919004172852007 0.6291201145435948 0.7769701414625781
vn 0.022919004172852007 -0.6291201145435948 -0.7769701414625781
vn -0.4616438791324154 -0.7547978023788653 0.46600987798930954
vn 0.4616438791324154 0.7547978023788653 -0.46600987798930954
vn -0.4407221461987986 -0.5268081747557344 0.7267992410978815
vn 0.4407221461987986 0.5268081747557344 -0.7267992410978815
vn -0.40448304281433006 -0.6520240690164254 0.6412940678806599
vn 0.40448304281433006 0.6520240690164254 -0.6412940678806599
vn 0.9999999888995003 0 -0.00014899999834602553
vn -0.9999999888995003 0 0.00014899999834602553
vn 0.996201375417563 -0.06512602454268188 0.057805021783768756
vn -0.996201375417563 0.06512602454268188 -0.057805021783768756
vn 0.9773774513090292 0.10444404822757257 0.18391508492372965
vn -0.9773774513090292 -0.10444404822757257 -0.18391508492372965
vn 0.9754217236181955 0.1736279508032216 0.13566796155903124
vn -0.9754217236181955 -0.1736279508032216 -0.13566796155903124
vn 0.6757786653119138 0.26493686878660383 0.6878456593355796
vn -0.6757786653119138 -0.26493686878660383 -0.6878456593355796
vn 0.7650759627281777 0.3240609842128833 0.5564559728914132
vn -0.7650759627281777 -0.3240609842128833 -0.5564559728914132
vn 0.889281907839719 0.4169769567868038 0.18790398052666604
vn -0.889281907839719 -0.4169769567868038 -0.18790398052666604
vn 0.9860209742165379 0.14460099621882858 0.0827839978352813
vn -0.9860209742165379 -0.14460099621882858 -0.0827839978352813
vn 0.9819435245970853 -0.1345580718867945 0.13297007103841507
vn -0.9819435245970853 0.1345580718867945 -0.13297007103841507
vn -0.4076390000745979 -0.8180880001497103 0.40566300007423617
vn 0.4076390000745979 0.8180880001497103 -0.40566300007423617
vn -0.3959928478874945 -0.8053966906234314 0.44105083057939737
vn 0.3959928478874945 0.8053966906234314 -0.44105083057939737
vn -0.671941838540123 -0.5046028787497456 -0.5420978697401317
vn 0.671941838540123 0.5046028787497456 0.5420978697401317
vn -0.6798411575800601 -0.4563621057799564 -0.5740641330620538
vn 0.6798411575800601 0.4563621057799564 0.5740641330620538
vn -0.8514878452842468 -0.1742359683412402 -0.4945809101344095
vn 0.8514878452842468 0.1742359683412402 0.4945809101344095
vn -0.8692983870543236 0.011783005246372578 -0.49414722001860445
vn 0.8692983870543236 -0.011783005246372578 0.49414722001860445
vn 0.9587832101317452 -0.10294502256194826 -0.26483405804236265
vn -0.9587832101317452 0.10294502256194826 0.26483405804236265
vn 0.9121405827281599 -0.06582196988879227 -0.40455781492920384
vn -0.9121405827281599 0.06582196988879227 0.40455781492920384
vn 0.720735071245386 -0.07345300726090344 -0.6893080681387953
vn -0.720735071245386 0.07345300726090344 0.6893080681387953
vn 0.5524711441270336 -0.06868601791860446 -0.8306972167098261
vn -0.5524711441270336 0.06868601791860446 0.8306972167098261
vn 0.16143497066121468 -0.06017898906322174 -0.9850468209800696
vn -0.16143497066121468 0.06017898906322174 0.9850468209800696
vn -0.06585698583538223 -0.0449349903353157 -0.9968167856031735
vn 0.06585698583538223 0.0449349903353157 0.9968167856031735
vn -0.3004401558611828 -0.09445204899946869 -0.9491124923769102
vn 0.3004401558611828 0.09445204899946869 0.9491124923769102
vn -0.5346603569340268 -0.20532213707105104 -0.819744547253445
vn 0.5346603569340268 0.20532213707105104 0.819744547253445
vn 0.9977069601565735 -0.02288599908604763 -0.06369499745634033
vn -0.9977069601565735 0.02288599908604763 0.06369499745634033
vn -0.26632008670624424 0.963851313802569 0.008016002609782632
vn 0.26632008670624424 -0.963851313802569 -0.008016002609782632
vn -0.9695507330773874 0.15807295648165168 -0.18704094850660521
vn 0.9695507330773874 -0.15807295648165168 0.18704094850660521
vn -0.9336582923597347 -0.35133511001480994 -0.06961202179785952
vn 0.9336582923597347 0.35133511001480994 0.06961202179785952
vn -0.9453929307201905 -0.28521697909887267 -0.1577449884402111
vn 0.9453929307201905 0.28521697909887267 0.1577449884402111
vn -0.9848916088592393 -0.17230693156986648 0.017286993134627587
vn 0.9848916088592393 0.17230693156986648 -0.017286993134627587
vn -0.9941085216818176 0.10725194839541569 -0.01566099246466828
vn 0.9941085216818176 -0.10725194839541569 0.01566099246466828
vn -0.7241730033909402 -0.6893650032279517 -0.018691000087520764
vn 0.7241730033909402 0.6893650032279517 0.018691000087520764
vn -0.7912673823571083 -0.5758102782436857 0.20576309942907456
vn 0.7912673823571083 0.5758102782436857 -0.20576309942907456
vn -0.5755339532260697 -0.7284289408002181 0.3716879697927339
vn 0.5755339532260697 0.7284289408002181 -0.3716879697927339
vn -0.7570378109400503 -0.6031228493782295 0.25126993724873303
vn 0.7570378109400503 0.6031228493782295 -0.25126993724873303
vn -0.5880123805399794 -0.673557435901592 0.44784128982640625
vn 0.5880123805399794 0.673557435901592 -0.44784128982640625
vn -0.5471476702730459 -0.7311045594153234 0.4075727543849125
vn 0.5471476702730459 0.7311045594153234 -0.4075727543849125
vn -0.6481659667439015 -0.5607619712284256 0.5151959735663255
vn 0.6481659667439015 0.5607619712284256 -0.5151959735663255
vn -0.7614092590733514 -0.44141515019373756 0.47477216154362917
vn 0.7614092590733514 0.44141515019373756 -0.47477216154362917
vn -0.9045116588775122 -0.037409985891406435 0.4248048397914694
vn 0.9045116588775122 0.037409985891406435 -0.4248048397914694
vn -0.8004210263454583 0.46794101540204475 0.37464301233118774
vn 0.8004210263454583 -0.46794101540204475 -0.37464301233118774
vn -0.058425023633920055 0.09331003774550393 0.993921402058185
vn 0.058425023633920055 -0.09331003774550393 -0.993921402058185
vn -0.15988500110240708 0.13972400096339677 0.9771970067377734
vn 0.15988500110240708 -0.13972400096339677 -0.9771970067377734
vn -0.3335868339870508 0.22710388697939402 0.9149555446628796
vn 0.3335868339870508 -0.22710388697939402 -0.9149555446628796
vn -0.2775541097593495 0.17201806802490227 0.9451843737751249
vn 0.2775541097593495 -0.17201806802490227 -0.9451843737751249
vn -0.22076300432662377 0.127915002506942 0.966903018949849
vn 0.22076300432662377 -0.127915002506942 -0.966903018949849
vn -0.638624090998511 0.6065000864211131 0.47362106748698124
vn 0.638624090998511 -0.6065000864211131 -0.47362106748698124
vn -0.49744223143878286 -0.1844350858098271 0.8476643943823087
vn 0.49744223143878286 0.1844350858098271 -0.8476643943823087
vn -0.47393987562634443 -0.3643969043731551 0.8016207896346917
vn 0.47393987562634443 0.3643969043731551 -0.8016207896346917
vn -0.055149011181959494 0.07596501540259191 0.9955842018636778
vn 0.055149011181959494 -0.07596501540259191 -0.9955842018636778
vn -0.05594799317722656 0.14099698280563028 0.98842787946271
vn 0.05594799317722656 -0.14099698280563028 -0.98842787946271
vn -0.7667029776839601 0 0.6420019813135696
vn 0.7667029776839601 0 -0.6420019813135696
vn -0.6624580286297804 0 0.749099032374188
vn 0.6624580286297804 0 -0.749099032374188
vn -0.5042940023023542 -0.04036700018429573 0.8625880039381455
vn 0.5042940023023542 0.04036700018429573 -0.8625880039381455
vn -0.012016997739903364 0.3588059325175804 0.9333348244630696
vn 0.012016997739903364 -0.3588059325175804 -0.9333348244630696
vn -0.26000807353523375 0.9607172717091365 0.09704702744674733
vn 0.26000807353523375 -0.9607172717091365 -0.09704702744674733
vn -0.17629695636985837 0.9087267751074167 0.3783319063700533
vn 0.17629695636985837 -0.9087267751074167 -0.3783319063700533
vn -0.1367759830503793 0.8881448899388715 0.43873794563050056
vn 0.1367759830503793 -0.8881448899388715 -0.43873794563050056
vn -0.09972599791143845 0.8622009819429249 0.4966529895985967
vn 0.09972599791143845 -0.8622009819429249 -0.4966529895985967
vn -0.06647799297842856 0.6406439323335896 0.7649549192035535
vn 0.06647799297842856 -0.6406439323335896 -0.7649549192035535
vn -0.5802697316366265 -0.5119057632536216 0.6334347070488677
vn 0.5802697316366265 0.5119057632536216 -0.6334347070488677
vn -0.5339529936881416 -0.6323679925247782 0.5612529933654282
vn 0.5339529936881416 0.6323679925247782 -0.5612529933654282
vn 0.9926356588073595 -0.0964339668533369 0.07331397480023163
vn -0.9926356588073595 0.0964339668533369 -0.07331397480023163
vn 0.9905128078514296 -0.06941998653328757 0.11859697699349325
vn -0.9905128078514296 0.06941998653328757 -0.11859697699349325
vn 0.9791275176128753 -0.10473094840216406 0.1741859141837597
vn -0.9791275176128753 0.10473094840216406 -0.1741859141837597
vn 0.9785168664745332 0.030919995780750383 0.20383497218529312
vn -0.9785168664745332 -0.030919995780750383 -0.20383497218529312
vn 0.925777402190193 0.28264012278878836 0.2510991090862652
vn -0.925777402190193 -0.28264012278878836 -0.2510991090862652
vn 0.9856649357967452 0.15496798990585034 0.06670499565503688
vn -0.9856649357967452 -0.15496798990585034 -0.06670499565503688
vn 0.909368115974906 0.4007300511065092 0.11164701423873548
vn -0.909368115974906 -0.4007300511065092 -0.11164701423873548
vn 0.999953625118956 0.008040996985442854 0.005299998013039068
vn -0.999953625118956 -0.008040996985442854 -0.005299998013039068
vn 0.6512386820529795 0.3363938357661778 0.6802406678936624
vn -0.6512386820529795 -0.3363938357661778 -0.6802406678936624
vn 0.6698602729784997 0.3817801555813625 0.6368132595113268
vn -0.6698602729784997 -0.3817801555813625 -0.6368132595113268
vn 0.7402531583368366 0.4710541007563631 0.47972210261041015
vn -0.7402531583368366 -0.4710541007563631 -0.47972210261041015
vn 0.8209419375997953 0.4722639641029813 0.32096897560298876
vn -0.8209419375997953 -0.4722639641029813 -0.32096897560298876
vn 0.7618739065096969 0.5955849269151825 0.2546109687564354
vn -0.7618739065096969 -0.5955849269151825 -0.2546109687564354
vn 0.9019974205974364 0.4004501867281635 0.16137007524615757
vn -0.9019974205974364 -0.4004501867281635 -0.16137007524615757
vn 0.9973163186286522 0.03764401202673673 0.06279402006181352
vn -0.9973163186286522 -0.03764401202673673 -0.06279402006181352
vn 0.9878295413088678 -0.15371192862503535 -0.02377898895840742
vn -0.9878295413088678 0.15371192862503535 0.02377898895840742
vn 0.7248892049889101 0.2983910843809822 0.6208851755779706
vn -0.7248892049889101 -0.2983910843809822 -0.6208851755779706
vn -0.5668371995604562 -0.6741442373389249 0.4735241667087105
vn 0.5668371995604562 0.6741442373389249 -0.4735241667087105
vn -0.7204240476855898 -0.2973010196786523 -0.6265790414738949
vn 0.7204240476855898 0.2973010196786523 0.6265790414738949
vn -0.76813300212504 -0.40571300112240494 -0.4953470013703776
vn 0.76813300212504 0.40571300112240494 0.4953470013703776
vn -0.8226651114896402 -0.3582130485459311 -0.4414810598306211
vn 0.8226651114896402 0.3582130485459311 0.4414810598306211
vn -0.8370467913686245 -0.30026192516062516 -0.4573788859996991
vn 0.8370467913686245 0.30026192516062516 0.4573788859996991
vn -0.934024999927613 -0.11962099999072931 -0.33658299997391483
vn 0.934024999927613 0.11962099999072931 0.33658299997391483
vn -0.940285139145756 0.008031001188447798 -0.3402930503574201
vn 0.940285139145756 -0.008031001188447798 0.3402930503574201
vn 0.9868682343062315 -0.04734801124155553 -0.15443203666587624
vn -0.9868682343062315 0.04734801124155553 0.15443203666587624
vn 0.8460108011984832 -0.06187798545947942 -0.5295628755596232
vn -0.8460108011984832 0.06187798545947942 0.5295628755596232
vn 0.6394939932913885 -0.07140399925093618 -0.7654729919698057
vn -0.6394939932913885 0.07140399925093618 0.7654729919698057
vn 0.05299597737281584 -0.05627897597110519 -0.9970075743172385
vn -0.05299597737281584 0.05627897597110519 0.9970075743172385
vn -0.4501818820485359 -0.06257298360534838 -0.8907417666181164
vn 0.4501818820485359 0.06257298360534838 0.8907417666181164
vn -0.6080242994201199 -0.08502504187037944 -0.7893523887147063
vn 0.6080242994201199 0.08502504187037944 0.7893523887147063
vn -0.6782671574794086 -0.14389703340987303 -0.7205881673054595
vn 0.6782671574794086 0.14389703340987303 0.7205881673054595
vn 0.9999926934007873 0.001326999593139996 0.003584998900834129
vn -0.9999926934007873 -0.001326999593139996 -0.003584998900834129
vn -0.4053500302569488 0.85055406348876 0.3350360250084302
vn 0.4053500302569488 -0.85055406348876 -0.3350360250084302
vn -0.9734017549573332 0.20498294839790657 -0.10232797424011246
vn 0.9734017549573332 -0.20498294839790657 0.10232797424011246
vn -0.9578952200347837 0.08664901990384544 -0.2737310628778116
vn 0.9578952200347837 -0.08664901990384544 0.2737310628778116
vn -0.9310343859855227 -0.3639711508940991 0.026457010968470432
vn 0.9310343859855227 0.3639711508940991 -0.026457010968470432
vn -0.8254016990470397 -0.5492817997242024 -0.13038995245800666
vn 0.8254016990470397 0.5492817997242024 0.13038995245800666
vn -0.8600065186880264 -0.44194675265970756 -0.2550918572350761
vn 0.8600065186880264 0.44194675265970756 0.2550918572350761
vn -0.982704116908385 -0.16617401976905963 0.08172400972237909
vn 0.982704116908385 0.16617401976905963 -0.08172400972237909
vn -0.9933857575910567 0.10254897497569454 -0.051656987394508476
vn 0.9933857575910567 -0.10254897497569454 0.051656987394508476
vn -0.7707809120149786 -0.5740939344668939 -0.2762479684661582
vn 0.7707809120149786 0.5740939344668939 0.2762479684661582
vn -0.8761819717093989 -0.41717798652994875 -0.24138699220597631
vn 0.8761819717093989 0.41717798652994875 0.24138699220597631
vn -0.7479686774976669 -0.6557497172597998 0.10264095574420588
vn 0.7479686774976669 0.6557497172597998 -0.10264095574420588
vn -0.785240824861869 -0.5982448665689755 0.15968696438382252
vn 0.785240824861869 0.5982448665689755 -0.15968696438382252
vn -0.8117899371690848 -0.4975299614921775 0.3057139763383504
vn 0.8117899371690848 0.4975299614921775 -0.3057139763383504
vn -0.6208013127594698 -0.6176803111871104 0.4827802432245063
vn 0.6208013127594698 0.6176803111871104 -0.4827802432245063
vn -0.6726660941675422 -0.5018050702484496 0.5437940761265536
vn 0.6726660941675422 0.5018050702484496 -0.5437940761265536
vn -0.6918930998367221 -0.4469600644941073 0.5670190818180243
vn 0.6918930998367221 0.4469600644941073 -0.5670190818180243
vn -0.8310447423254761 -0.17429594595763317 0.5281908362286465
vn 0.8310447423254761 0.17429594595763317 -0.5281908362286465
vn -0.8428685874584924 -0.03804698137792867 0.5367727372769164
vn 0.8428685874584924 0.03804698137792867 -0.5367727372769164
vn -0.08645197149298581 0.10289996606935896 0.9909276732475991
vn 0.08645197149298581 -0.10289996606935896 -0.9909276732475991
vn -0.11297004568916265 0.12598805095411345 0.9855783986034659
vn 0.11297004568916265 -0.12598805095411345 -0.9855783986034659
vn -0.1621889492992558 0.13318195836692656 0.9777306943584996
vn 0.1621889492992558 -0.13318195836692656 -0.9777306943584996
vn -0.29106999757873425 0.7925959934067902 0.5357889955430395
vn 0.29106999757873425 -0.7925959934067902 -0.5357889955430395
vn -0.27281200779778575 0.4068790116298228 0.8717930249184606
vn 0.27281200779778575 -0.4068790116298228 -0.8717930249184606
vn -0.6231368921596273 -0.3547059386144184 0.6970538793675174
vn 0.6231368921596273 0.3547059386144184 -0.6970538793675174
vn -0.06331197117504742 0.0938359572779526 0.9935725476419224
vn 0.06331197117504742 -0.0938359572779526 -0.9935725476419224
vn -0.06879400118652453 0.06907000119128463 0.9952370171653505
vn 0.06879400118652453 -0.06907000119128463 -0.9952370171653505
vn -0.0696660252306006 0.05981702166363535 0.9957753606350487
vn 0.0696660252306006 -0.05981702166363535 -0.9957753606350487
vn -0.047305014409038615 0.33204310113984564 0.9420772869553722
vn 0.047305014409038615 -0.33204310113984564 -0.9420772869553722
vn -0.8433300212030037 0 0.5373960135112107
vn 0.8433300212030037 0 -0.5373960135112107
vn -0.6621759543350234 -0.03920799729613835 0.7483219483942236
vn 0.6621759543350234 0.03920799729613835 -0.7483219483942236
vn -0.11095500827779871 0.6603070492622092 0.7427540554131685
vn 0.11095500827779871 -0.6603070492622092 -0.7427540554131685
vn -0.5038220327330667 -0.6921090449659802 0.5168640335803989
vn 0.5038220327330667 0.6921090449659802 -0.5168640335803989
vn -0.5591402941053559 -0.5721973009732847 0.5999603155765091
vn 0.5591402941053559 0.5721973009732847 -0.5999603155765091
vn 0.9722951401514932 -0.04395400633575075 0.2295870330938253
vn -0.9722951401514932 0.04395400633575075 -0.2295870330938253
vn 0.960085682148326 0.0018559993855417469 0.27969990740088574
vn -0.960085682148326 -0.0018559993855417469 -0.27969990740088574
vn 0.9355357566138559 0.1042529728778628 0.33749691219782724
vn -0.9355357566138559 -0.1042529728778628 -0.33749691219782724
vn 0.8724448485252662 0.44728392234212483 0.19691896581073534
vn -0.8724448485252662 -0.44728392234212483 -0.19691896581073534
vn 0.7768024268573233 0.6092523347876009 0.1593410875588282
vn -0.7768024268573233 -0.6092523347876009 -0.1593410875588282
vn 0.999844439455224 0.00314100138054422 0.017356007628374897
vn -0.999844439455224 -0.00314100138054422 -0.017356007628374897
vn 0.6657118733836108 0.44356491563529166 0.6000648858694698
vn -0.6657118733836108 -0.44356491563529166 -0.6000648858694698
vn 0.6554831293763231 0.5260941038380968 0.5418181069416304
vn -0.6554831293763231 -0.5260941038380968 -0.5418181069416304
vn 0.6882599074118422 0.6058309185006011 0.3990829463133704
vn -0.6882599074118422 -0.6058309185006011 -0.3990829463133704
vn 0.9702998032455368 0.19767695991566311 0.13943497172579766
vn -0.9702998032455368 -0.19767695991566311 -0.13943497172579766
vn 0.9951003629644164 0.019544007128707196 0.09691903535136999
vn -0.9951003629644164 -0.019544007128707196 -0.09691903535136999
vn 0.965941082622257 0.05143800439977555 0.2535980216916345
vn -0.965941082622257 -0.05143800439977555 -0.2535980216916345
vn 0.8957257229874579 0.2070019359824876 0.39347887831254424
vn -0.8957257229874579 -0.2070019359824876 -0.39347887831254424
vn -0.5952702579446475 -0.5502072384177781 0.5855982537535398
vn 0.5952702579446475 0.5502072384177781 -0.5855982537535398
vn -0.8431877289413275 -0.39434487323036826 -0.36541288253110504
vn 0.8431877289413275 0.39434487323036826 0.36541288253110504
vn -0.9325553727830231 -0.20597808233841594 -0.29650211852481834
vn 0.9325553727830231 0.20597808233841594 0.29650211852481834
vn -0.9375619153766027 -0.1609149854759749 -0.3083569721680093
vn 0.9375619153766027 0.1609149854759749 0.3083569721680093
vn -0.9356287678700637 -0.06534798378713447 -0.34688391393793816
vn 0.9356287678700637 0.06534798378713447 0.34688391393793816
vn 0.9714939539793609 -0.04497499786948938 -0.23275898897397418
vn -0.9714939539793609 0.04497499786948938 0.23275898897397418
vn 0.9210183420160802 -0.04885601814246577 -0.386443143503949
vn -0.9210183420160802 0.04885601814246577 0.386443143503949
vn -0.009229999988130221 -0.0664659999145245 -0.9977459987168987
vn 0.009229999988130221 0.0664659999145245 0.9977459987168987
vn -0.193079080062381 -0.060529025099031054 -0.979314406083575
vn 0.193079080062381 0.060529025099031054 0.979314406083575
vn -0.5765591639659543 -0.07037202001289032 -0.81401923149652
vn 0.5765591639659543 0.07037202001289032 0.81401923149652
vn 0.9985498063981867 -0.012070997659638975 -0.05246498982793136
vn -0.9985498063981867 0.012070997659638975 0.05246498982793136
vn 0.9907285672270697 -0.02519798899294123 -0.13349894168460455
vn -0.9907285672270697 0.02519798899294123 0.13349894168460455
vn -0.9905960354568999 0.039706001421216816 -0.130931004686479
vn 0.9905960354568999 -0.039706001421216816 0.130931004686479
vn -0.8436206301154595 -0.48892378563190214 -0.22194090269025463
vn 0.8436206301154595 0.48892378563190214 0.22194090269025463
vn -0.9996163812207732 -0.01602300611064694 0.022591008615466823
vn 0.9996163812207732 0.01602300611064694 -0.022591008615466823
vn -0.7507178555585202 -0.5697608903754512 -0.33435793566803484
vn 0.7507178555585202 0.5697608903754512 0.33435793566803484
vn -0.6743138609382896 -0.6669768624513767 -0.31692693464111593
vn 0.6743138609382896 0.6669768624513767 0.31692693464111593
vn -0.6963491660855631 -0.6939091655036009 -0.18327004371156022
vn 0.6963491660855631 0.6939091655036009 0.18327004371156022
vn -0.7431277763746792 -0.6610718010673288 0.10365896880648119
vn 0.7431277763746792 0.6610718010673288 -0.10365896880648119
vn -0.8209048982775758 -0.5573109309408203 0.12457798456291987
vn 0.8209048982775758 0.5573109309408203 -0.12457798456291987
vn -0.6940732571003986 -0.5949052203663198 0.40540115016973516
vn 0.6940732571003986 0.5949052203663198 -0.40540115016973516
vn -0.7216030541801242 -0.3488320261913561 0.5980010448997141
vn 0.7216030541801242 0.3488320261913561 -0.5980010448997141
vn -0.7558669590732066 -0.17606099046709003 0.6306089658553631
vn 0.7558669590732066 0.17606099046709003 -0.6306089658553631
vn -0.2401608833277098 0.20197590187831269 0.9494885387300346
vn 0.2401608833277098 -0.20197590187831269 -0.9494885387300346
vn -0.18584998737474617 0.1158979921267597 0.9757189337169759
vn 0.18584998737474617 -0.1158979921267597 -0.9757189337169759
vn -0.2246518921337569 0.7359716466244026 0.6386526933519411
vn 0.2246518921337569 -0.7359716466244026 -0.6386526933519411
vn -0.5972509313612393 -0.45472794774062125 0.6606919240703153
vn 0.5972509313612393 0.45472794774062125 -0.6606919240703153
vn -0.07573802438598154 0.08999402897610191 0.9930583197429831
vn 0.07573802438598154 -0.08999402897610191 -0.9930583197429831
vn -0.0881889604267121 0.07963296426606885 0.9929155544461246
vn 0.0881889604267121 -0.07963296426606885 -0.9929155544461246
vn -0.08753697855226114 0.05983298534011242 0.9943627563677307
vn 0.08753697855226114 -0.05983298534011242 -0.9943627563677307
vn -0.09834402099600817 0.1317530281286814 0.9863922105903207
vn 0.09834402099600817 -0.1317530281286814 -0.9863922105903207
vn -0.10366004763009243 0.3282281508154539 0.938893431406139
vn 0.10366004763009243 -0.3282281508154539 -0.938893431406139
vn -0.16747798690313817 0.669650947632963 0.7235459434183478
vn 0.16747798690313817 -0.669650947632963 -0.7235459434183478
vn 0.9430372451515224 0.17006604421028948 0.2859340743312887
vn -0.9430372451515224 -0.17006604421028948 -0.2859340743312887
vn 0.7757121651301326 0.5700841213569553 0.27069305762392626
vn -0.7757121651301326 -0.5700841213569553 -0.27069305762392626
vn 0.9870166511163249 0.13626395183438061 0.08503096994385329
vn -0.9870166511163249 -0.13626395183438061 -0.08503096994385329
vn 0.928236231113678 0.3452650859646297 0.13845403447249757
vn -0.928236231113678 -0.3452650859646297 -0.13845403447249757
vn 0.7565380946709136 0.632979079209108 0.16427902055738525
vn -0.7565380946709136 -0.632979079209108 -0.16427902055738525
vn 0.9779249931579478 0.15242799893353748 0.14292799900000427
vn -0.9779249931579478 -0.15242799893353748 -0.14292799900000427
vn 0.6680872700913698 0.385494155845874 0.6364382572964469
vn -0.6680872700913698 -0.385494155845874 -0.6364382572964469
vn 0.6772467687087549 0.44827184690756977 0.5834288007491805
vn -0.6772467687087549 -0.44827184690756977 -0.5834288007491805
vn 0.8133718944731372 0.5445139293547674 0.20476997343314549
vn -0.8133718944731372 -0.5445139293547674 -0.20476997343314549
vn 0.9907861060492921 0.0562070060161453 0.12322201318913054
vn -0.9907861060492921 -0.0562070060161453 -0.12322201318913054
vn 0.9976840171801188 0.01879800032370155 0.06537000112567141
vn -0.9976840171801188 -0.01879800032370155 -0.06537000112567141
vn 0.7617769233736249 0.33604496619757446 0.5538679442869803
vn -0.7617769233736249 -0.33604496619757446 -0.5538679442869803
vn -0.8580289761356404 -0.41282398851812663 0.30555299150165466
vn 0.8580289761356404 0.41282398851812663 -0.30555299150165466
vn -0.8066410133136099 -0.13374700220749414 -0.5757100095020937
vn 0.8066410133136099 0.13374700220749414 0.5757100095020937
vn -0.8743982624030232 -0.18061905420297342 -0.45033813514446824
vn 0.8743982624030232 0.18061905420297342 0.45033813514446824
vn -0.9165630950865516 -0.2561150265700144 -0.3071110318604679
vn 0.9165630950865516 0.2561150265700144 0.3071110318604679
vn -0.9866352118843744 -0.07007901504978543 -0.14710503159147095
vn 0.9866352118843744 0.07007901504978543 0.14710503159147095
vn -0.9839527553652686 -0.026727993354766805 -0.17641595613867658
vn 0.9839527553652686 0.026727993354766805 0.17641595613867658
vn 0.9650089573798979 -0.036564998385088546 -0.25965498853220786
vn -0.9650089573798979 0.036564998385088546 0.25965498853220786
vn -0.641539907877442 -0.07124598976936142 -0.7637738903251322
vn 0.641539907877442 0.07124598976936142 0.7637738903251322
vn -0.7207370259414884 -0.07345300264379384 -0.6893060248101923
vn 0.7207370259414884 0.07345300264379384 0.6893060248101923
vn -0.9933998128807453 0.07334998618361455 -0.08818498338925762
vn 0.9933998128807453 -0.07334998618361455 0.08818498338925762
vn -0.8177689984253858 -0.5752689988923195 0.01787299996558541
vn 0.8177689984253858 0.5752689988923195 -0.01787299996558541
vn -0.6950039844176634 -0.6462159855115146 -0.3152369929322293
vn 0.6950039844176634 0.6462159855115146 0.3152369929322293
vn -0.9331282032572733 -0.3283600715245479 0.14646303190309362
vn 0.9331282032572733 0.3283600715245479 -0.14646303190309362
vn -0.9859929513895627 -0.11197199447966887 0.1236129939057559
vn 0.9859929513895627 0.11197199447966887 -0.1236129939057559
vn -0.6896419122478997 -0.6987589110878255 -0.19007897581378258
vn 0.6896419122478997 0.6987589110878255 0.19007897581378258
vn -0.7579990522219674 -0.6521390449287949 -0.012333000849676099
vn 0.7579990522219674 0.6521390449287949 0.012333000849676099
vn -0.8773477789224251 -0.45329188577771184 0.1574399603276539
vn 0.8773477789224251 0.45329188577771184 -0.1574399603276539
vn -0.10445801492156735 0.11437901633875748 0.987930141123361
vn 0.10445801492156735 -0.11437901633875748 -0.987930141123361
vn -0.1870399513650365 0.1478149615644933 0.9711677474726249
vn 0.1870399513650365 -0.1478149615644933 -0.9711677474726249
vn -0.15560205075918665 0.10250203343734732 0.9824873204987149
vn 0.15560205075918665 -0.10250203343734732 -0.9824873204987149
vn -0.6527378627197773 -0.1789279623688592 0.7361508451768194
vn 0.6527378627197773 0.1789279623688592 -0.7361508451768194
vn -0.10251399918132321 0.09992399920200674 0.989699992096256
vn 0.10251399918132321 -0.09992399920200674 -0.989699992096256
vn -0.10974002752933187 0.07151501794022365 0.991384248698188
vn 0.10974002752933187 -0.07151501794022365 -0.991384248698188
vn -0.7661381244311843 -0.03852700625730658 0.6415201041915338
vn 0.7661381244311843 0.03852700625730658 -0.6415201041915338
vn -0.1572209582344938 0.36866590206446886 0.9161697566209108
vn 0.1572209582344938 -0.36866590206446886 -0.9161697566209108
vn 0.9318447550413423 0.031801991640052464 0.3614609049809771
vn -0.9318447550413423 -0.031801991640052464 -0.3614609049809771
vn 0.9100588809834174 0.2254059705216344 0.3478289545112802
vn -0.9100588809834174 -0.2254059705216344 -0.3478289545112802
vn 0.919343203150048 0.07468601650359487 0.3863030853625611
vn -0.919343203150048 -0.07468601650359487 -0.3863030853625611
vn 0.8802820028503532 0.34976000113252287 0.3205800010380381
vn -0.8802820028503532 -0.34976000113252287 -0.3205800010380381
vn 0.9219330496746759 0.3283700176929053 0.2054570110702296
vn -0.9219330496746759 -0.3283700176929053 -0.2054570110702296
vn 0.7822642595709696 0.5821421931664547 0.22175007358112175
vn -0.7822642595709696 -0.5821421931664547 -0.22175007358112175
vn 0.5946980652131066 0.7768590851884298 0.20694002269252698
vn -0.5946980652131066 -0.7768590851884298 -0.20694002269252698
vn 0.6667722231496974 0.6225522083505161 0.40968713711063176
vn -0.6667722231496974 -0.6225522083505161 -0.40968713711063176
vn 0.6011170276817404 0.74070703410993 0.3000190138160261
vn -0.6011170276817404 -0.74070703410993 -0.3000190138160261
vn 0.5532589133801314 0.7976138751231886 0.24024296238684417
vn -0.5532589133801314 -0.7976138751231886 -0.24024296238684417
vn 0.9196568091477807 0.33465893054974527 0.20551095735124036
vn -0.9196568091477807 -0.33465893054974527 -0.20551095735124036
vn 0.9627132989696987 0.1766070548451527 0.20492206363835183
vn -0.9627132989696987 -0.1766070548451527 -0.20492206363835183
vn 0.8382060934679475 0.33515903737341857 0.43020804797228696
vn -0.8382060934679475 -0.33515903737341857 -0.43020804797228696
vn -0.8106580072614691 -0.07450000066733363 -0.5807610052021667
vn 0.8106580072614691 0.07450000066733363 0.5807610052021667
vn -0.9680888064200135 -0.1764239647220911 -0.17798496440995212
vn 0.9680888064200135 0.1764239647220911 0.17798496440995212
vn -0.9339242676940199 -0.258286074033452 -0.247131070836054
vn 0.9339242676940199 0.258286074033452 0.247131070836054
vn -0.8287552641947891 -0.5191821655075131 0.20884106657540993
vn 0.8287552641947891 0.5191821655075131 -0.20884106657540993
vn -0.6774319020430153 -0.735118893701448 -0.026195996212046286
vn 0.6774319020430153 0.735118893701448 0.026195996212046286
vn -0.6720656158121202 -0.7122565928368543 -0.20252988422331855
vn 0.6720656158121202 0.7122565928368543 0.20252988422331855
vn -0.7312216864551331 -0.5851317490979002 -0.35062184965478577
vn 0.7312216864551331 0.5851317490979002 0.35062184965478577
vn -0.9391588379382954 -0.2322919599155868 0.25302395633806335
vn 0.9391588379382954 0.2322919599155868 -0.25302395633806335
vn -0.9812647649782856 -0.05209298752326219 0.18548795557397055
vn 0.9812647649782856 0.05209298752326219 -0.18548795557397055
vn -0.6617806761871546 -0.6447726845092564 -0.38251081283540145
vn 0.6617806761871546 0.6447726845092564 0.38251081283540145
vn -0.7674623290833125 -0.6355382725150566 0.08421803611219619
vn 0.7674623290833125 0.6355382725150566 -0.08421803611219619
vn -0.972197900839708 -0.22293197726183125 0.07164199269280364
vn 0.972197900839708 0.22293197726183125 -0.07164199269280364
vn -0.9182511011045023 -0.28566803145362324 0.2742420301955575
vn 0.9182511011045023 0.28566803145362324 -0.2742420301955575
vn -0.21093209478014327 0.364524163795142 0.9069894075462585
vn 0.21093209478014327 -0.364524163795142 -0.9069894075462585
vn -0.11856396063997283 0.07748297427774863 0.9899186713737834
vn 0.11856396063997283 -0.07748297427774863 -0.9899186713737834
vn -0.1407859604937756 0.15432795669372926 0.9779377255789775
vn 0.1407859604937756 -0.15432795669372926 -0.9779377255789775
vn 0.90816805191452 0.10910200623670718 0.4041380231021466
vn -0.90816805191452 -0.10910200623670718 -0.4041380231021466
vn 0.9224604786860833 0.15712508153583976 0.3526731830102737
vn -0.9224604786860833 -0.15712508153583976 -0.3526731830102737
vn 0.6337134113951565 0.744048483022667 0.21165813740459188
vn -0.6337134113951565 -0.744048483022667 -0.21165813740459188
vn 0.879378821207794 0.33470393194917486 0.3386239311521745
vn -0.879378821207794 -0.33470393194917486 -0.3386239311521745
vn 0.9528867466722334 0.179020952406749 0.244863934902197
vn -0.9528867466722334 -0.179020952406749 -0.244863934902197
vn 0.6638690644278319 0.5347210518941456 0.5228300507401361
vn -0.6638690644278319 -0.5347210518941456 -0.5228300507401361
vn 0.5799761357628598 0.7593361777480909 0.2950190690591045
vn -0.5799761357628598 -0.7593361777480909 -0.2950190690591045
vn 0.6522045667318455 0.7185185226786038 0.241578839515969
vn -0.6522045667318455 -0.7185185226786038 -0.241578839515969
vn 0.8221017981164862 0.4983558776187621 0.275299932394604
vn -0.8221017981164862 -0.4983558776187621 -0.275299932394604
vn 0.9781296954065478 0.0879379726157678 0.18849194130286467
vn -0.9781296954065478 -0.0879379726157678 -0.18849194130286467
vn 0.9929541233224274 0.03283300407777725 0.11386001414113
vn -0.9929541233224274 -0.03283300407777725 -0.11386001414113
vn -0.9121400457141797 -0.06582200329883425 -0.4045590202754872
vn 0.9121400457141797 0.06582200329883425 0.4045590202754872
vn -0.9587828575104963 -0.10294598470068356 -0.2648349606415552
vn 0.9587828575104963 0.10294598470068356 0.2648349606415552
vn -0.9883338137341794 -0.0958769819305942 -0.11833797769749431
vn 0.9883338137341794 0.0958769819305942 0.11833797769749431
vn -0.9996472643202667 0.0026080006895906754 0.026430006988451573
vn 0.9996472643202667 -0.0026080006895906754 -0.026430006988451573
vn -0.846010068915983 -0.06187800504058237 -0.5295640431382886
vn 0.846010068915983 0.06187800504058237 0.5295640431382886
vn -0.5838208328675908 -0.7719087790230037 -0.2516149279693244
vn 0.5838208328675908 0.7719087790230037 0.2516149279693244
vn -0.6383570324141751 -0.6549140332548982 -0.40446002053746943
vn 0.6383570324141751 0.6549140332548982 0.40446002053746943
vn -0.6684631181344892 -0.640444113182816 -0.37813806682664497
vn 0.6684631181344892 0.640444113182816 0.37813806682664497
vn -0.6769137353579192 -0.6662837395137576 -0.3128158777034054
vn 0.6769137353579192 0.6662837395137576 0.3128158777034054
vn -0.7545297891376256 -0.6376818217921876 -0.155069956663846
vn 0.7545297891376256 0.6376818217921876 0.155069956663846
vn -0.8595387192914612 -0.5076638342069183 0.058911980760498896
vn 0.8595387192914612 0.5076638342069183 -0.058911980760498896
vn -0.8850895491570789 -0.4584842844682672 0.08005404966983062
vn 0.8850895491570789 0.4584842844682672 -0.08005404966983062
vn -0.17371897184276278 0.09853998402814777 0.9798528411805653
vn 0.17371897184276278 -0.09853998402814777 -0.9798528411805653
vn -0.14584994531751122 0.09076096597163252 0.9851346306504382
vn 0.14584994531751122 -0.09076096597163252 -0.9851346306504382
vn 0.9299159206818951 0.11925598982794146 0.34789997032552544
vn -0.9299159206818951 -0.11925598982794146 -0.34789997032552544
vn 0.9131093262001471 0.21823407796217412 0.3443911230306512
vn -0.9131093262001471 -0.21823407796217412 -0.3443911230306512
vn 0.5644440350288333 0.788365048925148 0.24471101518652152
vn -0.5644440350288333 -0.788365048925148 -0.24471101518652152
vn 0.8962320801997795 0.324682029054335 0.3022410270461907
vn -0.8962320801997795 -0.324682029054335 -0.3022410270461907
vn 0.7944393227783791 0.5155312094588262 0.32108213045473294
vn -0.7944393227783791 -0.5155312094588262 -0.32108213045473294
vn 0.770031313850197 0.4666061901798563 0.4351211773471608
vn -0.770031313850197 -0.4666061901798563 -0.4351211773471608
vn 0.9475817622972497 0.14774196293863773 0.28330392893265177
vn -0.9475817622972497 -0.14774196293863773 -0.28330392893265177
vn 0.9808038250403062 0.06006398928554625 0.1855159669069227
vn -0.9808038250403062 -0.06006398928554625 -0.1855159669069227
vn -0.9868682343062315 -0.04734801124155553 -0.15443203666587624
vn 0.9868682343062315 0.04734801124155553 0.15443203666587624
vn -0.9886271978693048 -0.1198180239810407 -0.09088401819002911
vn 0.9886271978693048 0.1198180239810407 0.09088401819002911
vn -0.9994535657425172 0.017474992407204817 0.02805698780938173
vn 0.9994535657425172 -0.017474992407204817 -0.02805698780938173
vn -0.6520257287553972 -0.7228306993003232 0.22886290479236468
vn 0.6520257287553972 0.7228306993003232 -0.22886290479236468
vn -0.6513303199162715 -0.6641123261944558 -0.3670471802838927
vn 0.6513303199162715 0.6641123261944558 0.3670471802838927
vn -0.8472299124146471 -0.3661289621501391 0.384903960209208
vn 0.8472299124146471 0.3661289621501391 -0.384903960209208
vn -0.9783376427209414 0.038993985759788886 0.20330992575326173
vn 0.9783376427209414 -0.038993985759788886 -0.20330992575326173
vn -0.9389881735306643 -0.1077380199106344 0.3266400603650485
vn 0.9389881735306643 0.1077380199106344 -0.3266400603650485
vn -0.7612929112431485 -0.5917099310143181 -0.26516496908521364
vn 0.7612929112431485 0.5917099310143181 0.26516496908521364
vn -0.8796509459247792 -0.46501097141414893 -0.09989499385910539
vn 0.8796509459247792 0.46501097141414893 0.09989499385910539
vn -0.8603335563996578 -0.50968773719768 -0.006676996557244758
vn 0.8603335563996578 0.50968773719768 0.006676996557244758
vn -0.9766761118973002 -0.2132220244287421 0.02530100289872337
vn 0.9766761118973002 0.2132220244287421 -0.02530100289872337
vn -0.9990622463642846 -0.036759009064607336 -0.022878005641613942
vn 0.9990622463642846 0.036759009064607336 0.022878005641613942
vn 0.9206472043003834 0.26630405909540705 0.28546606334763847
vn -0.9206472043003834 -0.26630405909540705 -0.28546606334763847
vn -0.9210176301723525 -0.04885598038225135 -0.38644484482600205
vn 0.9210176301723525 0.04885598038225135 0.38644484482600205
vn -0.9714936841616257 -0.04497598537803963 -0.23275992432836437
vn 0.9714936841616257 0.04497598537803963 0.23275992432836437
vn -0.9977069601565735 -0.02288599908604763 -0.06369499745634033
vn 0.9977069601565735 0.02288599908604763 0.06369499745634033
vn -0.9951314914965602 -0.07233403572586139 -0.06694103306225135
vn 0.9951314914965602 0.07233403572586139 0.06694103306225135
vn -0.999573408390793 0.02288500935001575 0.018146007413825035
vn 0.999573408390793 -0.02288500935001575 -0.018146007413825035
vn -0.9840824458283203 0.0812210367963462 0.15806607161019032
vn 0.9840824458283203 -0.0812210367963462 -0.15806607161019032
vn -0.639386919530284 -0.7635779039002907 -0.09018398864994008
vn 0.639386919530284 0.7635779039002907 0.09018398864994008
vn -0.7409417107756825 -0.47102881613535075 0.4786828131476364
vn 0.7409417107756825 0.47102881613535075 -0.4786828131476364
vn -0.6462378301764754 -0.7140958123442143 -0.2691539292695867
vn 0.6462378301764754 0.7140958123442143 0.2691539292695867
vn -0.8569631396768621 -0.16133902629673086 0.4894730797794685
vn 0.8569631396768621 0.16133902629673086 -0.4894730797794685
vn -0.9344399318620442 0.008085999410380993 0.35602897403890216
vn 0.9344399318620442 -0.008085999410380993 -0.35602897403890216
vn -0.9534646768427487 -0.30149689781382455 0.0021749992628286455
vn 0.9534646768427487 0.30149689781382455 -0.0021749992628286455
vn -0.9982690240927242 -0.05875900141811915 0.0025170000607465264
vn 0.9982690240927242 0.05875900141811915 -0.0025170000607465264
vn -0.9996665761384625 -0.02529098927654695 0.00520599779264178
vn 0.9996665761384625 0.02529098927654695 -0.00520599779264178
vn 0.9586557934173681 0.09357797983469608 0.2687419420882676
vn -0.9586557934173681 -0.09357797983469608 -0.2687419420882676
vn -0.9650087068101343 -0.03656498889079014 -0.25965592111109037
vn 0.9650087068101343 0.03656498889079014 0.25965592111109037
vn -0.9907285672270697 -0.02519798899294123 -0.13349894168460455
vn 0.9907285672270697 0.02519798899294123 0.13349894168460455
vn -0.9997183097947572 0.020754006431294013 0.01151400356798301
vn 0.9997183097947572 -0.020754006431294013 -0.01151400356798301
vn -0.9799374229636216 0.13112405659617088 0.15009706478535942
vn 0.9799374229636216 -0.13112405659617088 -0.15009706478535942
vn -0.656210915132576 -0.730616905509687 0.18864297560289972
vn 0.656210915132576 0.730616905509687 -0.18864297560289972
vn -0.690461002469779 -0.5481180019606182 0.47204900168851915
vn 0.690461002469779 0.5481180019606182 -0.47204900168851915
vn -0.782668063533474 -0.5714490463876639 -0.24673202002859604
vn 0.782668063533474 0.5714490463876639 0.24673202002859604
vn -0.7753560533158101 -0.5340330367217149 -0.33709302317952844
vn 0.7753560533158101 0.5340330367217149 0.33709302317952844
vn -0.9354029785671119 0.1476039966179496 0.3213009926380305
vn 0.9354029785671119 -0.1476039966179496 -0.3213009926380305
vn -0.9388300921982832 0.09459200928945595 0.331135032519283
vn 0.9388300921982832 -0.09459200928945595 -0.331135032519283
vn -0.7730169730209352 -0.5482369808659814 -0.3191879888600204
vn 0.7730169730209352 0.5482369808659814 0.3191879888600204
vn -0.8921014547241168 -0.4163197455344168 -0.17559289267300368
vn 0.8921014547241168 0.4163197455344168 0.17559289267300368
vn -0.9999366600200935 -0.010204996530286465 0.004746998386013701
vn 0.9999366600200935 0.010204996530286465 -0.004746998386013701
vn -0.9999313138094934 -0.011331003556020736 -0.0029960009402381213
vn 0.9999313138094934 0.011331003556020736 0.0029960009402381213
vn -0.9998126596893239 -0.01860399366767604 0.005341998181720346
vn 0.9998126596893239 0.01860399366767604 -0.005341998181720346
vn -0.9985498467325957 -0.012071998147069133 -0.05246399194730249
vn 0.9985498467325957 0.012071998147069133 0.05246399194730249
vn -0.9717042783107206 0.20752305943772553 0.11280503230905799
vn 0.9717042783107206 -0.20752305943772553 -0.11280503230905799
vn -0.9379173469028638 0.1982900733405715 0.2845911052603087
vn 0.9379173469028638 -0.1982900733405715 -0.2845911052603087
vn -0.7993901141045533 -0.5881050839458315 0.12291401754468652
vn 0.7993901141045533 0.5881050839458315 -0.12291401754468652
vn -0.7135331219092849 -0.20237103457570144 0.6707581146010458
vn 0.7135331219092849 0.20237103457570144 -0.6707581146010458
vn -0.7954166029046662 -0.5235807386131147 -0.30524684761180704
vn 0.7954166029046662 0.5235807386131147 0.30524684761180704
vn -0.8623227603997737 0.14522795964776336 0.4850858652167282
vn 0.8623227603997737 -0.14522795964776336 -0.4850858652167282
vn -0.8568181326830105 0.02734600423467937 0.5148930797340315
vn 0.8568181326830105 -0.02734600423467937 -0.5148930797340315
vn -0.9044041423269956 -0.3738690588361523 -0.20560903235690167
vn 0.9044041423269956 0.3738690588361523 0.20560903235690167
vn -0.9726213189332816 -0.21819607154890372 -0.07998902622928593
vn 0.9726213189332816 0.21819607154890372 0.07998902622928593
vn -0.9681187068411145 -0.24651592535178443 -0.04445298653905989
vn 0.9681187068411145 0.24651592535178443 0.04445298653905989
vn -0.9938670676132758 -0.11018500749594141 0.00935500063642537
vn 0.9938670676132758 0.11018500749594141 -0.00935500063642537
vn -0.9991004701623049 -0.042402019953780457 -0.0005650002658810046
vn 0.9991004701623049 0.042402019953780457 0.0005650002658810046
vn -0.9997811902818734 -0.015664002981228158 0.013864002638645753
vn 0.9997811902818734 0.015664002981228158 -0.013864002638645753
vn -0.9997690833357554 -0.0007200000600156123 0.02147700179021556
vn 0.9997690833357554 0.0007200000600156123 -0.02147700179021556
vn -0.9999926934007873 0.001326999593139996 0.003584998900834129
vn 0.9999926934007873 -0.001326999593139996 -0.003584998900834129
vn -0.9860212593739125 0.14459903803692653 0.0827840217764226
vn 0.9860212593739125 -0.14459903803692653 -0.0827840217764226
vn -0.9188068993750305 0.31849296511960784 0.23314397446677285
vn 0.9188068993750305 -0.31849296511960784 -0.23314397446677285
vn -0.9383378035477414 0.23652395048087785 0.2521479472098071
vn 0.9383378035477414 -0.23652395048087785 -0.2521479472098071
vn -0.7801691033607107 -0.6135380812845982 -0.12209501617575945
vn 0.7801691033607107 0.6135380812845982 0.12209501617575945
vn -0.7765281325281264 -0.1866050318474171 0.6018161027104585
vn 0.7765281325281264 0.1866050318474171 -0.6018161027104585
vn -0.9122400854727949 -0.3522400330033075 -0.20915301959669774
vn 0.9122400854727949 0.3522400330033075 0.20915301959669774
vn -0.7485589025514855 0.06774099118137657 0.6595989141324295
vn 0.7485589025514855 -0.06774099118137657 -0.6595989141324295
vn -0.8651940905719828 0.2516640263451982 0.4337100454025048
vn 0.8651940905719828 -0.2516640263451982 -0.4337100454025048
vn -0.9984559288994567 -0.05552199604625104 -0.00175099987531044
vn 0.9984559288994567 0.05552199604625104 0.00175099987531044
vn -0.9995740270539712 0.01854800050201091 0.022533000609866943
vn 0.9995740270539712 -0.01854800050201091 -0.022533000609866943
vn -0.9986393801016937 0.05070201929818089 0.01219400464127684
vn 0.9986393801016937 -0.05070201929818089 -0.01219400464127684
vn -0.9999895689940888 -0.004359998120795435 0.0013609994133950878
vn 0.9999895689940888 0.004359998120795435 -0.0013609994133950878
vn -0.9973163186286522 0.03764401202673673 0.06279402006181352
vn 0.9973163186286522 -0.03764401202673673 -0.06279402006181352
vn -0.9019983294062421 0.4004481462420879 0.1613700589317109
vn 0.9019983294062421 -0.4004481462420879 -0.1613700589317109
vn -0.8892830257345171 0.41697501206663146 0.18790300543763125
vn 0.8892830257345171 -0.41697501206663146 -0.18790300543763125
vn -0.8597682929428819 0.3531311203199151 0.36891312569720836
vn 0.8597682929428819 -0.3531311203199151 -0.36891312569720836
vn -0.8058924853908019 -0.451524271954054 0.38296623066139596
vn 0.8058924853908019 0.451524271954054 -0.38296623066139596
vn -0.918439224824306 -0.3837540939389842 -0.09592802348217584
vn 0.918439224824306 0.3837540939389842 0.09592802348217584
vn -0.6990589753752985 0.09413299668411802 0.7088409750307227
vn 0.6990589753752985 -0.09413299668411802 -0.7088409750307227
vn -0.9215877667894804 -0.34644891233007447 -0.17506895569828126
vn 0.9215877667894804 0.34644891233007447 0.17506895569828126
vn -0.868632748128679 0.2903209158176884 0.4014858835839657
vn 0.868632748128679 -0.2903209158176884 -0.4014858835839657
vn -0.8728931457928076 0.20015903343106484 0.44496507431918536
vn 0.8728931457928076 -0.20015903343106484 -0.44496507431918536
vn -0.9824808520275876 -0.16750997477115706 -0.08168098769794574
vn 0.9824808520275876 0.16750997477115706 0.08168098769794574
vn -0.9961162945984494 0.06714501985794111 0.056955016844277874
vn 0.9961162945984494 -0.06714501985794111 -0.056955016844277874
vn -0.9999994524863546 -0.0010010004529392939 0.00030500013800847594
vn 0.9999994524863546 0.0010010004529392939 -0.00030500013800847594
vn -0.9968539548514885 -0.04300499805226069 0.0665789969845707
vn 0.9968539548514885 0.04300499805226069 -0.0665789969845707
vn -0.9956271343190699 0.012118001634827569 0.09262701249621845
vn 0.9956271343190699 -0.012118001634827569 -0.09262701249621845
vn -0.9976840171801188 0.01879800032370155 0.06537000112567141
vn 0.9976840171801188 -0.01879800032370155 -0.06537000112567141
vn -0.9702998597567496 0.1976759714287078 0.13943597984648273
vn 0.9702998597567496 -0.1976759714287078 -0.13943597984648273
vn -0.761873292979193 0.5955852290329393 0.2546120979113558
vn 0.761873292979193 -0.5955852290329393 -0.2546120979113558
vn -0.9062559922456206 -0.24795599787836461 0.3423709970705025
vn 0.9062559922456206 0.24795599787836461 -0.3423709970705025
vn -0.9174550233648274 -0.38837100989064466 0.08628000219729276
vn 0.9174550233648274 0.38837100989064466 -0.08628000219729276
vn -0.8608579222709896 0.08816099203972387 0.5011499547499197
vn 0.8608579222709896 -0.08816099203972387 -0.5011499547499197
vn -0.9859854839242591 -0.14825107276201493 -0.07651303755279935
vn 0.9859854839242591 0.14825107276201493 0.07651303755279935
vn -0.9846404059830774 -0.15158206249972256 -0.08663803572225574
vn 0.9846404059830774 0.15158206249972256 0.08663803572225574
vn -0.6595560894592262 0.24964303386045988 0.7089880961639614
vn 0.6595560894592262 -0.24964303386045988 -0.7089880961639614
vn -0.7597901100730806 0.38387705561342467 0.5247450760213991
vn 0.7597901100730806 -0.38387705561342467 -0.5247450760213991
vn -0.7596950997650663 0.2760310362490881 0.5887870773209961
vn 0.7596950997650663 -0.2760310362490881 -0.5887870773209961
vn -0.7521119695169025 0.20127999184212195 0.6275459745655623
vn 0.7521119695169025 -0.20127999184212195 -0.6275459745655623
vn -0.9997462916480302 -0.02091800610224346 -0.008354002437046659
vn 0.9997462916480302 0.02091800610224346 0.008354002437046659
vn -0.992245692994765 0.12270196203546667 0.0198169938685339
vn 0.992245692994765 -0.12270196203546667 -0.0198169938685339
vn -0.9580051006719712 0.27115402849422254 0.09328300980264564
vn 0.9580051006719712 -0.27115402849422254 -0.09328300980264564
vn -0.999806589044583 -0.01348999445514127 0.014310994117681738
vn 0.999806589044583 0.01348999445514127 -0.014310994117681738
vn -0.9962722179873741 -0.06463701414277417 0.05712901250000068
vn 0.9962722179873741 0.06463701414277417 -0.05712901250000068
vn -0.9907859839621475 0.05620699909017729 0.12322299800538937
vn 0.9907859839621475 -0.05620699909017729 -0.12322299800538937
vn -0.8133718944731372 0.5445139293547674 0.20476997343314549
vn 0.8133718944731372 -0.5445139293547674 -0.20476997343314549
vn -0.8209419375997953 0.4722639641029813 0.32096897560298876
vn 0.8209419375997953 -0.4722639641029813 -0.32096897560298876
vn -0.9819435261554317 -0.13455707209980258 0.13297107124997468
vn 0.9819435261554317 0.13455707209980258 -0.13297107124997468
vn -0.6757798525039675 0.2649359421749549 0.6878448498706555
vn 0.6757798525039675 -0.2649359421749549 -0.6878448498706555
vn -0.7650766253172034 0.32405984129740256 0.5564557274856122
vn 0.7650766253172034 -0.32405984129740256 -0.5564557274856122
vn -0.9876285531441055 0.15007893209627726 0.045454979433740154
vn 0.9876285531441055 -0.15007893209627726 -0.045454979433740154
vn -0.9773774960423021 0.10444394614636522 0.1839149051693613
vn 0.9773774960423021 -0.10444394614636522 -0.1839149051693613
vn -0.9754220253112267 0.1736270045054472 0.13566700352042319
vn 0.9754220253112267 -0.1736270045054472 -0.13566700352042319
vn -0.9791264451442735 -0.10473404761566986 0.17419007919275045
vn 0.9791264451442735 0.10473404761566986 -0.17419007919275045
vn -0.9905125339696028 -0.06942203742431974 0.11859806393433592
vn 0.9905125339696028 0.06942203742431974 -0.11859806393433592
vn -0.9929540102641656 0.0328330003393947 0.1138610011769812
vn 0.9929540102641656 -0.0328330003393947 -0.1138610011769812
vn -0.9627132989696987 0.1766070548451527 0.20492206363835183
vn 0.9627132989696987 -0.1766070548451527 -0.20492206363835183
vn -0.9196574246891599 0.33465715454153033 0.20551109490309324
vn 0.9196574246891599 -0.33465715454153033 -0.20551109490309324
vn -0.6882599074118422 0.6058309185006011 0.3990829463133704
vn 0.6882599074118422 -0.6058309185006011 -0.3990829463133704
vn -0.7402528096373522 0.47105487886401387 0.47972187663521787
vn 0.7402528096373522 -0.47105487886401387 -0.47972187663521787
vn -0.987829588286049 -0.15371193593495355 -0.02377699009007362
vn 0.987829588286049 0.15371193593495355 0.02377699009007362
vn -0.7248919613364385 0.2983889840848271 0.6208829668839662
vn 0.7248919613364385 -0.2983889840848271 -0.6208829668839662
vn -0.999953625118956 0.008040996985442854 0.005299998013039068
vn 0.999953625118956 -0.008040996985442854 -0.005299998013039068
vn -0.651238106164519 0.336394054838795 0.6802411108925749
vn 0.651238106164519 -0.336394054838795 -0.6802411108925749
vn -0.6698608242653852 0.3817798998419652 0.6368128329353594
vn 0.6698608242653852 -0.3817798998419652 -0.6368128329353594
vn -0.985665154291107 0.154967024257765 0.06670401044151311
vn 0.985665154291107 -0.154967024257765 -0.06670401044151311
vn -0.9785168967297785 0.03091899673688651 0.2038349784877671
vn 0.9785168967297785 -0.03091899673688651 -0.2038349784877671
vn -0.9257777775874703 0.28263993209746024 0.25109793967523386
vn 0.9257777775874703 -0.28263993209746024 -0.25109793967523386
vn -0.9926610287266179 -0.09626000278566826 0.07319900211830592
vn 0.9926610287266179 0.09626000278566826 -0.07319900211830592
vn -0.9722951401514932 -0.04395400633575075 0.2295870330938253
vn 0.9722951401514932 0.04395400633575075 -0.2295870330938253
vn -0.980803883950801 0.06006299289331703 0.185515978049658
vn 0.980803883950801 -0.06006299289331703 -0.185515978049658
vn -0.9781296954065478 0.0879379726157678 0.18849194130286467
vn 0.9781296954065478 -0.0879379726157678 -0.18849194130286467
vn -0.8221025319631858 0.4983547162782686 0.2752998432671638
vn 0.8221025319631858 -0.4983547162782686 -0.2752998432671638
vn -0.5532570842823608 0.7976151215075005 0.24024303659826682
vn 0.5532570842823608 -0.7976151215075005 -0.24024303659826682
vn -0.6011146795139908 0.7407086050890903 0.3000198400435651
vn 0.6011146795139908 -0.7407086050890903 -0.3000198400435651
vn -0.6554831293763231 0.5260941038380968 0.5418181069416304
vn 0.6554831293763231 -0.5260941038380968 -0.5418181069416304
vn -0.9951002665197303 0.01954400523451069 0.09692002595828787
vn 0.9951002665197303 -0.01954400523451069 -0.09692002595828787
vn -0.8957262608529917 0.20700106028275395 0.39347811458851645
vn 0.8957262608529917 -0.20700106028275395 -0.39347811458851645
vn -0.965941082622257 0.05143800439977555 0.2535980216916345
vn 0.965941082622257 -0.05143800439977555 -0.2535980216916345
vn -0.999844439455224 0.00314100138054422 0.017356007628374897
vn 0.999844439455224 -0.00314100138054422 -0.017356007628374897
vn -0.6657118733836108 0.44356491563529166 0.6000648858694698
vn 0.6657118733836108 -0.44356491563529166 -0.6000648858694698
vn -0.9093687549624375 0.400728892020008 0.11164596991599271
vn 0.9093687549624375 -0.400728892020008 -0.11164596991599271
vn -0.9355360723538947 0.10425300806287574 0.33749602610177487
vn 0.9355360723538947 -0.10425300806287574 -0.33749602610177487
vn -0.960085682148326 0.0018559993855417469 0.27969990740088574
vn 0.960085682148326 -0.0018559993855417469 -0.27969990740088574
vn -0.8724452387555779 0.4472831224046342 0.1969190538893681
vn 0.8724452387555779 -0.4472831224046342 -0.1969190538893681
vn -0.9475817622972497 0.14774196293863773 0.28330392893265177
vn 0.9475817622972497 -0.14774196293863773 -0.28330392893265177
vn -0.6522047242902942 0.7185186962570632 0.2415778978765891
vn 0.6522047242902942 -0.7185186962570632 -0.2415778978765891
vn -0.5799767993901197 0.7593357373511292 0.29501889795504616
vn 0.5799767993901197 -0.7593357373511292 -0.29501889795504616
vn -0.6680878237504383 0.38549389830209696 0.6364378321000849
vn 0.6680878237504383 -0.38549389830209696 -0.6364378321000849
vn -0.7617784429072567 0.33604419538018443 0.5538663220246197
vn 0.7617784429072567 -0.33604419538018443 -0.5538663220246197
vn -0.9779249931579478 0.15242799893353748 0.14292799900000427
vn 0.9779249931579478 -0.15242799893353748 -0.14292799900000427
vn -0.6772474674248501 0.44827130938934373 0.5834284026725042
vn 0.6772474674248501 -0.44827130938934373 -0.5834284026725042
vn -0.9870168695371058 0.13626298198889644 0.08502998876082188
vn 0.9870168695371058 -0.13626298198889644 -0.08502998876082188
vn -0.928236818495375 0.345263932488133 0.13845297292732375
vn 0.928236818495375 -0.345263932488133 -0.13845297292732375
vn -0.7768028234350686 0.6092518615188952 0.1593409637822812
vn 0.7768028234350686 -0.6092518615188952 -0.1593409637822812
vn -0.9430377858559469 0.17006496138182295 0.28593293507064244
vn 0.9430377858559469 -0.17006496138182295 -0.28593293507064244
vn -0.7757121651301326 0.5700841213569553 0.27069305762392626
vn 0.7757121651301326 -0.5700841213569553 -0.27069305762392626
vn -0.9318447846753891 0.031800992651634094 0.36146091647597056
vn 0.9318447846753891 -0.031800992651634094 -0.36146091647597056
vn -0.9206474494721629 0.2663031300126817 0.2854661393683144
vn 0.9206474494721629 -0.2663031300126817 -0.2854661393683144
vn -0.5644440350288333 0.788365048925148 0.24471101518652152
vn 0.5644440350288333 -0.788365048925148 -0.24471101518652152
vn -0.6667737490777496 0.6225507657198721 0.40968684582544623
vn 0.6667737490777496 -0.6225507657198721 -0.40968684582544623
vn -0.8382066718098814 0.33515786877281645 0.430207831557104
vn 0.8382066718098814 -0.33515786877281645 -0.430207831557104
vn -0.9219328602566544 0.32836995022683596 0.20545796885740264
vn 0.9219328602566544 -0.32836995022683596 -0.20545796885740264
vn -0.7822651030219739 0.5821410766662384 0.22175002920381565
vn 0.7822651030219739 -0.5821410766662384 -0.22175002920381565
vn -0.7565403865858057 0.6329763234456036 0.16427908394523713
vn 0.7565403865858057 -0.6329763234456036 -0.16427908394523713
vn -0.9193437817639006 0.07468498227109421 0.3863019082986981
vn 0.9193437817639006 -0.07468498227109421 -0.3863019082986981
vn -0.9100590861157102 0.2254050213292892 0.34782903291384565
vn 0.9100590861157102 -0.2254050213292892 -0.34782903291384565
vn -0.8802828437264817 0.3497579379087029 0.32057994308856985
vn 0.8802828437264817 -0.3497579379087029 -0.32057994308856985
vn -0.9586561407566156 0.09357701373963316 0.2687410394584436
vn 0.9586561407566156 -0.09357701373963316 -0.2687410394584436
vn -0.8793794133176549 0.3347031573140352 0.33862315915647784
vn 0.8793794133176549 -0.3347031573140352 -0.33862315915647784
vn -0.594698188279692 0.7768592459513455 0.20693906551629787
vn 0.594698188279692 -0.7768592459513455 -0.20693906551629787
vn -0.6638699707956967 0.5347209764770899 0.522828977000231
vn 0.6638699707956967 -0.5347209764770899 -0.522828977000231
vn -0.9528867466722334 0.179020952406749 0.244863934902197
vn 0.9528867466722334 -0.179020952406749 -0.244863934902197
vn -0.9081686932519991 0.10910096314946478 0.4041368634965333
vn 0.9081686932519991 -0.10910096314946478 -0.4041368634965333
vn -0.9224606277526195 0.1571249365942086 0.3526728576833055
vn 0.9224606277526195 -0.1571249365942086 -0.3526728576833055
vn -0.6337118699598028 0.7440498473180108 0.2116579565669453
vn 0.6337118699598028 -0.7440498473180108 -0.2116579565669453
vn -0.9299158097834158 0.11925697560568993 0.34789992883620713
vn 0.9299158097834158 -0.11925697560568993 -0.34789992883620713
vn -0.9131094924313371 0.21823387869069483 0.3443908085640511
vn 0.9131094924313371 -0.21823387869069483 -0.3443908085640511
vn -0.7944393227783791 0.5155312094588262 0.32108213045473294
vn 0.7944393227783791 -0.5155312094588262 -0.32108213045473294
vn -0.7700317209016684 0.4666058308785138 0.4351208422902618
vn 0.7700317209016684 -0.4666058308785138 -0.4351208422902618
vn -0.8962318093213254 0.3246819309219784 0.3022419356962216
vn 0.8962318093213254 -0.3246819309219784 -0.3022419356962216
vn 0.9624158574142516 -0.2064539694130209 0.17644397385912136
vn 0.8271850851384428 -0.37603203870328766 0.41757004297860756
vn 0.9055817088623191 -0.2536309184595751 0.33998989069581753
vn -0.9055817088623191 0.2536309184595751 -0.33998989069581753
vn -0.8271850851384428 0.37603203870328766 -0.41757004297860756
vn -0.9624158574142516 0.2064539694130209 -0.17644397385912136
vn 0.9219281186664464 -0.31387604040071415 0.22700302921881022
vn -0.9219281186664464 0.31387604040071415 -0.22700302921881022
vn 0.940180645863163 -0.3020808862155161 0.1575039406731593
vn -0.940180645863163 0.3020808862155161 -0.1575039406731593
vn 0.9913457108086368 -0.07329597861839345 0.10890996822922433
vn -0.9913457108086368 0.07329597861839345 -0.10890996822922433
vn 0.977609332040178 -0.18747006367328062 0.09557703246226666
vn -0.977609332040178 0.18747006367328062 -0.09557703246226666
vn 0.9971231348559274 -0.06327500855762912 0.04173400564431596
vn -0.9971231348559274 0.06327500855762912 -0.04173400564431596
vn 0.9983606116922084 -0.056710977942524624 0.007742996988396738
vn -0.9983606116922084 0.056710977942524624 -0.007742996988396738
usemtl material_0_0
f 1//1 2//2 3//3
f 3//4 2//5 1//6
f 4//7 2//2 1//1
f 1//6 2//5 4//8
f 3//3 2//2 5//9
f 5//10 2//5 3//4
f 1//1 3//3 6//11
f 6//12 3//4 1//6
f 4//7 5//9 2//2
f 2//5 5//10 4//8
f 7//13 4//7 1//1
f 1//6 4//8 7//14
f 3//3 5//9 8//15
f 8//16 5//10 3//4
f 6//11 3//3 8//15
f 8//16 3//4 6//12
f 9//17 1//1 6//11
f 6//12 1//6 9//18
f 4//7 10//19 5//9
f 5//10 10//20 4//8
f 7//13 10//19 4//7
f 4//8 10//20 7//14
f 7//13 1//1 9//17
f 9//18 1//6 7//14
f 8//15 5//9 11//21
f 11//22 5//10 8//16
f 6//11 8//15 12//23
f 12//24 8//16 6//12
f 9//17 6//11 13//25
f 13//26 6//12 9//18
f 14//27 5//9 10//19
f 10//20 5//10 14//28
f 14//27 10//19 7//13
f 7//14 10//20 14//28
f 15//29 7//13 9//17
f 9//18 7//14 15//30
f 11//21 5//9 16//31
f 16//32 5//10 11//22
f 8//15 11//21 17//33
f 17//34 11//22 8//16
f 12//23 8//15 18//35
f 18//36 8//16 12//24
f 19//37 6//11 12//23
f 12//24 6//12 19//38
f 13//25 6//11 19//37
f 19//38 6//12 13//26
f 20//39 9//17 13//25
f 13//26 9//18 20//40
f 14//27 21//41 5//9
f 5//10 21//42 14//28
f 22//43 14//27 7//13
f 7//14 14//28 22//44
f 23//45 7//13 15//29
f 15//30 7//14 23//46
f 15//29 9//17 20//39
f 20//40 9//18 15//30
f 24//47 16//47 5//48
f 5//49 16//50 24//50
f 25//51 11//21 16//31
f 16//32 11//22 25//52
f 17//33 11//21 25//51
f 25//52 11//22 17//34
f 8//53 17//53 25//53
f 25//54 17//54 8//54
f 8//55 25//55 18//55
f 18//56 25//56 8//56
f 12//23 18//35 26//57
f 26//58 18//36 12//24
f 19//37 12//23 27//59
f 27//60 12//24 19//38
f 13//61 19//37 27//59
f 27//60 19//38 13//62
f 20//39 13//61 28//63
f 28//64 13//62 20//40
f 29//65 21//41 14//27
f 14//28 21//42 29//66
f 30//67 5//9 21//41
f 21//42 5//10 30//68
f 31//69 14//27 22//43
f 22//44 14//28 31//70
f 23//45 22//43 7//13
f 7//14 22//44 23//46
f 32//71 23//45 15//29
f 15//30 23//46 32//72
f 15//29 20//39 28//63
f 28//64 20//40 15//30
f 25//73 16//47 24//47
f 24//50 16//50 25//74
f 5//75 33//76 24//76
f 24//77 33//77 5//78
f 18//35 25//79 26//57
f 26//58 25//80 18//36
f 12//23 26//57 34//81
f 34//82 26//58 12//24
f 27//59 12//23 34//81
f 34//82 12//24 27//60
f 13//61 27//59 35//83
f 35//84 27//60 13//62
f 13//61 35//83 28//63
f 28//64 35//84 13//62
f 29//65 30//67 21//41
f 21//42 30//68 29//66
f 36//85 29//65 14//27
f 14//28 29//66 36//86
f 30//67 37//87 5//9
f 5//10 37//88 30//68
f 31//69 36//85 14//27
f 14//28 36//86 31//70
f 31//69 22//43 23//45
f 23//46 22//44 31//70
f 38//89 23//45 32//71
f 32//72 23//46 38//90
f 32//71 15//29 39//91
f 39//92 15//30 32//72
f 15//29 28//63 40//93
f 40//94 28//64 15//30
f 24//76 33//76 25//95
f 25//96 33//77 24//77
f 26//57 33//97 5//98
f 5//99 33//100 26//58
f 25//79 33//97 26//57
f 26//58 33//100 25//80
f 26//57 5//98 34//81
f 34//82 5//99 26//58
f 27//59 34//81 5//98
f 5//99 34//82 27//60
f 27//59 5//98 35//83
f 35//84 5//99 27//60
f 28//63 35//83 5//98
f 5//99 35//84 28//64
f 41//101 30//67 29//65
f 29//66 30//68 41//102
f 42//103 29//65 36//85
f 36//86 29//66 42//104
f 41//101 37//87 30//67
f 30//68 37//88 41//102
f 43//105 5//9 37//87
f 37//88 5//10 43//106
f 42//103 36//85 31//69
f 31//70 36//86 42//104
f 44//107 31//69 23//45
f 23//46 31//70 44//108
f 38//89 44//107 23//45
f 23//46 44//108 38//90
f 38//89 32//71 39//91
f 39//92 32//72 38//90
f 15//29 40//93 39//91
f 39//92 40//94 15//30
f 28//63 5//98 40//93
f 40//94 5//99 28//64
f 45//109 41//101 29//65
f 29//66 41//102 45//110
f 42//103 45//109 29//65
f 29//66 45//110 42//104
f 41//101 43//105 37//87
f 37//88 43//106 41//102
f 43//105 46//111 5//9
f 5//10 46//112 43//106
f 47//113 42//103 31//69
f 31//70 42//104 47//114
f 48//115 31//69 44//107
f 44//108 31//70 48//116
f 48//115 44//107 38//89
f 38//90 44//108 48//116
f 38//89 39//91 49//117
f 49//118 39//92 38//90
f 39//91 40//93 5//98
f 5//99 40//94 39//92
f 45//109 50//119 41//101
f 41//102 50//120 45//110
f 51//121 45//109 42//103
f 42//104 45//110 51//122
f 52//123 43//105 41//101
f 41//102 43//106 52//124
f 52//123 46//111 43//105
f 43//106 46//112 52//124
f 53//125 5//9 46//111
f 46//112 5//10 53//126
f 54//127 42//103 47//113
f 47//114 42//104 54//128
f 48//115 47//113 31//69
f 31//70 47//114 48//116
f 55//129 48//115 38//89
f 38//90 48//116 55//130
f 49//117 39//91 56//131
f 56//132 39//92 49//118
f 57//133 38//89 49//117
f 49//118 38//90 57//134
f 39//91 5//98 58//135
f 58//136 5//99 39//92
f 51//121 50//119 45//109
f 45//110 50//120 51//122
f 41//101 50//119 52//123
f 52//124 50//120 41//102
f 51//121 42//103 54//127
f 54//128 42//104 51//122
f 52//123 53//125 46//111
f 46//112 53//126 52//124
f 53//125 59//137 5//9
f 5//10 59//138 53//126
f 54//127 47//113 48//115
f 48//116 47//114 54//128
f 60//139 48//115 55//129
f 55//130 48//116 60//140
f 55//129 38//89 57//133
f 57//134 38//90 55//130
f 39//91 58//135 56//131
f 56//132 58//136 39//92
f 57//133 49//117 56//131
f 56//132 49//118 57//134
f 58//135 5//98 61//141
f 61//142 5//99 58//136
f 62//143 50//119 51//121
f 51//122 50//120 62//144
f 50//119 63//145 52//123
f 52//124 63//146 50//120
f 64//147 51//121 54//127
f 54//128 51//122 64//148
f 65//149 53//125 52//123
f 52//124 53//126 65//150
f 66//151 59//137 53//125
f 53//126 59//138 66//152
f 67//153 5//9 59//137
f 59//138 5//10 67//154
f 54//127 48//115 68//155
f 68//156 48//116 54//128
f 68//155 48//115 60//139
f 60//140 48//116 68//156
f 60//139 55//129 57//133
f 57//134 55//130 60//140
f 56//131 58//135 61//141
f 61//142 58//136 56//132
f 57//133 56//131 69//157
f 69//158 56//132 57//134
f 5//98 70//159 61//141
f 61//142 70//160 5//99
f 62//143 63//145 50//119
f 50//120 63//146 62//144
f 71//161 62//143 51//121
f 51//122 62//144 71//162
f 63//145 72//163 52//123
f 52//124 72//164 63//146
f 73//165 51//121 64//147
f 64//148 51//122 73//166
f 64//147 54//127 74//167
f 74//168 54//128 64//148
f 66//151 53//125 65//149
f 65//150 53//126 66//152
f 52//123 72//163 65//149
f 65//150 72//164 52//124
f 66//151 67//153 59//137
f 59//138 67//154 66//152
f 67//153 75//169 5//9
f 5//10 75//170 67//154
f 76//171 54//127 68//155
f 68//156 54//128 76//172
f 76//171 68//155 60//139
f 60//140 68//156 76//172
f 60//139 57//133 77//173
f 77//174 57//134 60//140
f 56//131 61//141 78//175
f 78//176 61//142 56//132
f 79//177 69//157 56//131
f 56//132 69//158 79//178
f 80//179 57//133 69//157
f 69//158 57//134 80//180
f 5//98 81//181 70//159
f 70//160 81//182 5//99
f 61//141 70//159 82//183
f 82//184 70//160 61//142
f 62//143 72//163 63//145
f 63//146 72//164 62//144
f 83//185 62//143 71//161
f 71//162 62//144 83//186
f 71//161 51//121 73//165
f 73//166 51//122 71//162
f 84//187 73//165 64//147
f 64//148 73//166 84//188
f 74//167 54//127 76//171
f 76//172 54//128 74//168
f 85//189 64//147 74//167
f 74//168 64//148 85//190
f 72//163 66//151 65//149
f 65//150 66//152 72//164
f 86//191 67//153 66//151
f 66//152 67//154 86//192
f 87//193 75//169 67//153
f 67//154 75//170 87//194
f 88//195 5//9 75//169
f 75//170 5//10 88//196
f 76//171 60//139 89//197
f 89//198 60//140 76//172
f 77//173 57//133 80//179
f 80//180 57//134 77//174
f 90//199 60//139 77//173
f 77//174 60//140 90//200
f 61//141 82//183 78//175
f 78//176 82//184 61//142
f 79//177 56//131 78//175
f 78//176 56//132 79//178
f 80//179 69//157 79//177
f 79//178 69//158 80//180
f 5//98 91//201 81//181
f 81//182 91//202 5//99
f 70//159 81//181 82//183
f 82//184 81//182 70//160
f 92//203 72//163 62//143
f 62//144 72//164 92//204
f 83//185 92//203 62//143
f 62//144 92//204 83//186
f 93//205 83//185 71//161
f 71//162 83//186 93//206
f 94//207 71//161 73//165
f 73//166 71//162 94//208
f 94//207 73//165 84//187
f 84//188 73//166 94//208
f 84//187 64//147 95//209
f 95//210 64//148 84//188
f 85//189 74//167 76//171
f 76//172 74//168 85//190
f 95//209 64//147 85//189
f 85//190 64//148 95//210
f 96//211 66//151 72//163
f 72//164 66//152 96//212
f 97//213 67//153 86//191
f 86//192 67//154 97//214
f 98//215 86//191 66//151
f 66//152 86//192 98//216
f 87//193 88//195 75//169
f 75//170 88//196 87//194
f 99//217 87//193 67//153
f 67//154 87//194 99//218
f 88//195 100//219 5//9
f 5//10 100//220 88//196
f 89//197 60//139 90//199
f 90//200 60//140 89//198
f 101//221 76//171 89//197
f 89//198 76//172 101//222
f 90//199 77//173 80//179
f 80//180 77//174 90//200
f 79//177 78//175 82//183
f 82//184 78//176 79//178
f 102//223 80//179 79//177
f 79//178 80//180 102//224
f 5//98 103//225 91//201
f 91//202 103//226 5//99
f 81//181 91//201 104//227
f 104//228 91//202 81//182
f 82//183 81//181 105//229
f 105//230 81//182 82//184
f 106//231 72//163 92//203
f 92//204 72//164 106//232
f 83//185 106//231 92//203
f 92//204 106//232 83//186
f 107//233 83//185 93//205
f 93//206 83//186 107//234
f 93//205 71//161 94//207
f 94//208 71//162 93//206
f 108//235 94//207 84//187
f 84//188 94//208 108//236
f 109//237 84//187 95//209
f 95//210 84//188 109//238
f 85//189 76//171 110//239
f 110//240 76//172 85//190
f 109//237 95//209 85//189
f 85//190 95//210 109//238
f 98//215 66//151 96//211
f 96//212 66//152 98//216
f 106//231 96//211 72//163
f 72//164 96//212 106//232
f 97//213 99//217 67//153
f 67//154 99//218 97//214
f 97//213 86//191 98//215
f 98//216 86//192 97//214
f 87//193 111//241 88//195
f 88//196 111//242 87//194
f 112//243 87//193 99//217
f 99//218 87//194 112//244
f 111//241 100//219 88//195
f 88//196 100//220 111//242
f 113//245 5//9 100//219
f 100//220 5//10 113//246
f 101//221 89//197 90//199
f 90//200 89//198 101//222
f 110//239 76//171 101//221
f 101//222 76//172 110//240
f 90//199 80//179 114//247
f 114//248 80//180 90//200
f 115//249 79//177 82//183
f 82//184 79//178 115//250
f 116//251 80//179 102//223
f 102//224 80//180 116//252
f 102//223 79//177 115//249
f 115//250 79//178 102//224
f 5//98 117//253 103//225
f 103//226 117//254 5//99
f 91//201 103//225 104//227
f 104//228 103//226 91//202
f 81//181 104//227 105//229
f 105//230 104//228 81//182
f 118//255 82//183 105//229
f 105//230 82//184 118//256
f 119//257 106//231 83//185
f 83//186 106//232 119//258
f 107//233 119//257 83//185
f 83//186 119//258 107//234
f 120//259 107//233 93//205
f 93//206 107//234 120//260
f 121//261 93//205 94//207
f 94//208 93//206 121//262
f 121//261 94//207 108//235
f 108//236 94//208 121//262
f 108//235 84//187 122//263
f 122//264 84//188 108//236
f 122//263 84//187 109//237
f 109//238 84//188 122//264
f 123//265 85//189 110//239
f 110//240 85//190 123//266
f 109//237 85//189 124//267
f 124//268 85//190 109//238
f 106//231 98//215 96//211
f 96//212 98//216 106//232
f 112//243 99//217 97//213
f 97//214 99//218 112//244
f 125//269 97//213 98//215
f 98//216 97//214 125//270
f 126//271 111//241 87//193
f 87//194 111//242 126//272
f 112//243 127//273 87//193
f 87//194 127//274 112//244
f 111//241 113//245 100//219
f 100//220 113//246 111//242
f 113//245 128//275 5//9
f 5//10 128//276 113//246
f 101//221 90//199 129//277
f 129//278 90//200 101//222
f 123//265 110//239 101//221
f 101//222 110//240 123//266
f 114//247 80//179 116//251
f 116//252 80//180 114//248
f 130//279 90//199 114//247
f 114//248 90//200 130//280
f 115//249 82//183 118//255
f 118//256 82//184 115//250
f 116//251 102//223 115//249
f 115//250 102//224 116//252
f 5//98 131//281 117//253
f 117//254 131//282 5//99
f 117//253 132//283 103//225
f 103//226 132//284 117//254
f 103//225 133//285 104//227
f 104//228 133//286 103//226
f 118//255 105//229 104//227
f 104//228 105//230 118//256
f 134//287 106//231 119//257
f 119//258 106//232 134//288
f 107//233 134//287 119//257
f 119//258 134//288 107//234
f 135//289 107//233 120//259
f 120//260 107//234 135//290
f 121//261 120//259 93//205
f 93//206 120//260 121//262
f 136//291 121//261 108//235
f 108//236 121//262 136//292
f 137//293 108//235 122//263
f 122//264 108//236 137//294
f 137//293 122//263 109//237
f 109//238 122//264 137//294
f 124//267 85//189 123//265
f 123//266 85//190 124//268
f 138//295 109//237 124//267
f 124//268 109//238 138//296
f 139//297 98//215 106//231
f 106//232 98//216 139//298
f 140//299 112//243 97//213
f 97//214 112//244 140//300
f 141//301 97//213 125//269
f 125//270 97//214 141//302
f 142//303 125//269 98//215
f 98//216 125//270 142//304
f 126//271 143//305 111//241
f 111//242 143//306 126//272
f 127//273 126//271 87//193
f 87//194 126//272 127//274
f 144//307 127//273 112//243
f 112//244 127//274 144//308
f 111//241 145//309 113//245
f 113//246 145//310 111//242
f 145//309 128//275 113//245
f 113//246 128//276 145//310
f 5//9 128//275 146//311
f 146//312 128//276 5//10
f 129//277 90//199 130//279
f 130//280 90//200 129//278
f 147//313 101//221 129//277
f 129//278 101//222 147//314
f 123//265 101//221 148//315
f 148//316 101//222 123//266
f 130//279 114//247 116//251
f 116//252 114//248 130//280
f 149//317 115//249 118//255
f 118//256 115//250 149//318
f 116//251 115//249 150//319
f 150//320 115//250 116//252
f 5//98 151//321 131//281
f 131//282 151//322 5//99
f 117//253 131//281 132//283
f 132//284 131//282 117//254
f 103//225 132//283 133//285
f 133//286 132//284 103//226
f 104//227 133//285 152//323
f 152//324 133//286 104//228
f 118//255 104//227 153//325
f 153//326 104//228 118//256
f 134//287 139//297 106//231
f 106//232 139//298 134//288
f 154//327 134//287 107//233
f 107//234 134//288 154//328
f 135//289 154//327 107//233
f 107//234 154//328 135//290
f 155//329 135//289 120//259
f 120//260 135//290 155//330
f 156//331 120//259 121//261
f 121//262 120//260 156//332
f 136//291 157//333 121//261
f 121//262 157//334 136//292
f 136//291 108//235 158//335
f 158//336 108//236 136//292
f 158//335 108//235 137//293
f 137//294 108//236 158//336
f 137//293 109//237 159//337
f 159//338 109//238 137//294
f 138//295 124//267 123//265
f 123//266 124//268 138//296
f 159//337 109//237 138//295
f 138//296 109//238 159//338
f 142//303 98//215 139//297
f 139//298 98//216 142//304
f 160//339 112//243 140//299
f 140//300 112//244 160//340
f 141//301 140//299 97//213
f 97//214 140//300 141//302
f 141//301 125//269 142//303
f 142//304 125//270 141//302
f 161//341 143//305 126//271
f 126//272 143//306 161//342
f 143//305 145//309 111//241
f 111//242 145//310 143//306
f 144//307 126//271 127//273
f 127//274 126//272 144//308
f 162//343 144//307 112//243
f 112//244 144//308 162//344
f 145//309 146//311 128//275
f 128//276 146//312 145//310
f 146//311 163//345 5//9
f 5//10 163//346 146//312
f 147//313 129//277 130//279
f 130//280 129//278 147//314
f 148//315 101//221 147//313
f 147//314 101//222 148//316
f 164//347 123//265 148//315
f 148//316 123//266 164//348
f 130//279 116//251 165//349
f 165//350 116//252 130//280
f 166//351 115//249 149//317
f 149//318 115//250 166//352
f 118//255 167//353 149//317
f 149//318 167//354 118//256
f 166//351 150//319 115//249
f 115//250 150//320 166//352
f 168//355 116//251 150//319
f 150//320 116//252 168//356
f 5//98 169//357 151//321
f 151//322 169//358 5//99
f 151//321 170//359 131//281
f 131//282 170//360 151//322
f 131//281 170//359 132//283
f 132//284 170//360 131//282
f 152//323 133//285 132//283
f 132//284 133//286 152//324
f 153//325 104//227 152//323
f 152//324 104//228 153//326
f 118//255 153//325 167//353
f 167//354 153//326 118//256
f 134//287 142//303 139//297
f 139//298 142//304 134//288
f 171//361 134//287 154//327
f 154//328 134//288 171//362
f 135//289 171//361 154//327
f 154//328 171//362 135//290
f 155//329 172//363 135//289
f 135//290 172//364 155//330
f 156//331 155//329 120//259
f 120//260 155//330 156//332
f 157//333 156//331 121//261
f 121//262 156//332 157//334
f 173//365 157//333 136//291
f 136//292 157//334 173//366
f 174//367 136//291 158//335
f 158//336 136//292 174//368
f 174//367 158//335 137//293
f 137//294 158//336 174//368
f 175//369 137//293 159//337
f 159//338 137//294 175//370
f 138//295 123//265 176//371
f 176//372 123//266 138//296
f 175//369 159//337 138//295
f 138//296 159//338 175//370
f 160//339 162//343 112//243
f 112//244 162//344 160//340
f 160//339 140//299 141//301
f 141//302 140//300 160//340
f 177//373 141//301 142//303
f 142//304 141//302 177//374
f 161//341 178//375 143//305
f 143//306 178//376 161//342
f 179//377 161//341 126//271
f 126//272 161//342 179//378
f 143//305 180//379 145//309
f 145//310 180//380 143//306
f 144//307 179//377 126//271
f 126//272 179//378 144//308
f 181//381 144//307 162//343
f 162//344 144//308 181//382
f 145//309 182//383 146//311
f 146//312 182//384 145//310
f 182//383 163//345 146//311
f 146//312 163//346 182//384
f 5//9 163//345 183//385
f 183//386 163//346 5//10
f 147//313 130//279 184//387
f 184//388 130//280 147//314
f 164//347 148//315 147//313
f 147//314 148//316 164//348
f 176//371 123//265 164//347
f 164//348 123//266 176//372
f 165//349 116//251 168//355
f 168//356 116//252 165//350
f 185//389 130//279 165//349
f 165//350 130//280 185//390
f 149//317 167//353 166//351
f 166//352 167//354 149//318
f 168//355 150//319 166//351
f 166//352 150//320 168//356
f 5//98 186//391 169//357
f 169//358 186//392 5//99
f 151//321 169//357 170//359
f 170//360 169//358 151//322
f 132//283 170//359 187//393
f 187//394 170//360 132//284
f 152//323 132//283 188//395
f 188//396 132//284 152//324
f 167//353 153//325 152//323
f 152//324 153//326 167//354
f 189//397 142//303 134//287
f 134//288 142//304 189//398
f 171//361 189//397 134//287
f 134//288 189//398 171//362
f 190//399 171//361 135//289
f 135//290 171//362 190//400
f 191//401 172//363 155//329
f 155//330 172//364 191//402
f 172//363 190//399 135//289
f 135//290 190//400 172//364
f 192//403 155//329 156//331
f 156//332 155//330 192//404
f 173//365 156//331 157//333
f 157//334 156//332 173//366
f 193//405 173//365 136//291
f 136//292 173//366 193//406
f 193//405 136//291 174//367
f 174//368 136//292 193//406
f 174//367 137//293 194//407
f 194//408 137//294 174//368
f 194//407 137//293 175//369
f 175//370 137//294 194//408
f 195//409 138//295 176//371
f 176//372 138//296 195//410
f 175//369 138//295 196//411
f 196//412 138//296 175//370
f 181//381 162//343 160//339
f 160//340 162//344 181//382
f 141//301 197//413 160//339
f 160//340 197//414 141//302
f 197//413 141//301 177//373
f 177//374 141//302 197//414
f 189//397 177//373 142//303
f 142//304 177//374 189//398
f 198//415 178//375 161//341
f 161//342 178//376 198//416
f 178//375 180//379 143//305
f 143//306 180//380 178//376
f 199//417 161//341 179//377
f 179//378 161//342 199//418
f 180//379 182//383 145//309
f 145//310 182//384 180//380
f 199//417 179//377 144//307
f 144//308 179//378 199//418
f 181//381 200//419 144//307
f 144//308 200//420 181//382
f 182//383 183//385 163//345
f 163//346 183//386 182//384
f 183//385 201//421 5//9
f 5//10 201//422 183//386
f 184//387 130//279 185//389
f 185//390 130//280 184//388
f 202//423 147//313 184//387
f 184//388 147//314 202//424
f 164//347 147//313 203//425
f 203//426 147//314 164//348
f 195//409 176//371 164//347
f 164//348 176//372 195//410
f 185//389 165//349 168//355
f 168//356 165//350 185//390
f 167//353 204//427 166//351
f 166//352 204//428 167//354
f 168//355 166//351 205//429
f 205//430 166//352 168//356
f 5//98 206//431 186//391
f 186//392 206//432 5//99
f 186//391 207//433 169//357
f 169//358 207//434 186//392
f 169//357 207//433 170//359
f 170//360 207//434 169//358
f 187//393 170//359 208//435
f 208//436 170//360 187//394
f 188//395 132//283 187//393
f 187//394 132//284 188//396
f 152//323 188//395 209//437
f 209//438 188//396 152//324
f 152//323 210//439 167//353
f 167//354 210//440 152//324
f 211//441 189//397 171//361
f 171//362 189//398 211//442
f 190//399 211//441 171//361
f 171//362 211//442 190//400
f 191//401 212//443 172//363
f 172//364 212//444 191//402
f 192//403 191//401 155//329
f 155//330 191//402 192//404
f 172//363 213//445 190//399
f 190//400 213//446 172//364
f 214//447 192//403 156//331
f 156//332 192//404 214//448
f 173//365 214//447 156//331
f 156//332 214//448 173//366
f 193//405 215//449 173//365
f 173//366 215//450 193//406
f 174//367 215//449 193//405
f 193//406 215//450 174//368
f 216//451 174//367 194//407
f 194//408 174//368 216//452
f 175//369 216//451 194//407
f 194//408 216//452 175//370
f 196//411 138//295 195//409
f 195//410 138//296 196//412
f 217//453 175//369 196//411
f 196//412 175//370 217//454
f 160//339 218//455 181//381
f 181//382 218//456 160//340
f 197//413 219//457 160//339
f 160//340 219//458 197//414
f 197//413 177//373 189//397
f 189//398 177//374 197//414
f 198//415 220//459 178//375
f 178//376 220//460 198//416
f 199//417 198//415 161//341
f 161//342 198//416 199//418
f 178//375 221//461 180//379
f 180//380 221//462 178//376
f 180//379 222//463 182//383
f 182//384 222//464 180//380
f 200//419 199//417 144//307
f 144//308 199//418 200//420
f 223//465 200//419 181//381
f 181//382 200//420 223//466
f 182//383 224//467 183//385
f 183//386 224//468 182//384
f 201//421 183//385 224//467
f 224//468 183//386 201//422
f 225//469 5//470 201//471
f 201//472 5//473 225//474
f 202//423 184//387 185//389
f 185//390 184//388 202//424
f 203//425 147//313 202//423
f 202//424 147//314 203//426
f 226//475 164//347 203//425
f 203//426 164//348 226//476
f 195//409 164//347 227//477
f 227//478 164//348 195//410
f 185//389 168//355 228//479
f 228//480 168//356 185//390
f 167//353 229//481 204//427
f 204//428 229//482 167//354
f 166//351 204//427 230//483
f 230//484 204//428 166//352
f 166//351 230//483 205//429
f 205//430 230//484 166//352
f 231//485 168//355 205//429
f 205//430 168//356 231//486
f 5//98 232//487 206//431
f 206//432 232//488 5//99
f 186//391 206//431 207//433
f 207//434 206//432 186//392
f 170//359 207//433 208//435
f 208//436 207//434 170//360
f 187//393 208//435 233//489
f 233//490 208//436 187//394
f 209//437 188//395 187//393
f 187//394 188//396 209//438
f 210//439 152//323 209//437
f 209//438 152//324 210//440
f 167//353 210//439 229//481
f 229//482 210//440 167//354
f 211//441 234//491 189//397
f 189//398 234//492 211//442
f 235//493 211//441 190//399
f 190//400 211//442 235//494
f 191//401 236//495 212//443
f 212//444 236//496 191//402
f 212//443 237//497 172//363
f 172//364 237//498 212//444
f 192//403 238//499 191//401
f 191//402 238//500 192//404
f 237//497 213//445 172//363
f 172//364 213//446 237//498
f 213//445 239//501 190//399
f 190//400 239//502 213//446
f 214//447 240//503 192//403
f 192//404 240//504 214//448
f 173//365 240//503 214//447
f 214//448 240//504 173//366
f 215//449 241//505 173//365
f 173//366 241//506 215//450
f 174//367 242//507 215//449
f 215//450 242//508 174//368
f 216//451 242//507 174//367
f 174//368 242//508 216//452
f 243//509 216//451 175//369
f 175//370 216//452 243//510
f 217//453 196//411 195//409
f 195//410 196//412 217//454
f 217//453 243//509 175//369
f 175//370 243//510 217//454
f 160//339 219//457 218//455
f 218//456 219//458 160//340
f 218//455 244//511 181//381
f 181//382 244//512 218//456
f 197//413 245//513 219//457
f 219//458 245//514 197//414
f 189//397 234//491 197//413
f 197//414 234//492 189//398
f 198//415 246//515 220//459
f 220//460 246//516 198//416
f 220//459 221//461 178//375
f 178//376 221//462 220//460
f 199//417 247//517 198//415
f 198//416 247//518 199//418
f 221//461 222//463 180//379
f 180//380 222//464 221//462
f 222//463 224//467 182//383
f 182//384 224//468 222//464
f 223//465 199//417 200//419
f 200//420 199//418 223//466
f 181//381 248//519 223//465
f 223//466 248//520 181//382
f 224//467 225//521 201//421
f 201//422 225//522 224//468
f 5//470 225//469 249//523
f 249//524 225//474 5//473
f 202//423 185//389 250//525
f 250//526 185//390 202//424
f 226//475 203//425 202//423
f 202//424 203//426 226//476
f 227//477 164//347 226//475
f 226//476 164//348 227//478
f 251//527 195//409 227//477
f 227//478 195//410 251//528
f 228//479 168//355 231//485
f 231//486 168//356 228//480
f 252//529 185//389 228//479
f 228//480 185//390 252//530
f 204//427 229//481 230//483
f 230//484 229//482 204//428
f 205//429 230//483 231//485
f 231//486 230//484 205//430
f 5//98 253//531 232//487
f 232//488 253//532 5//99
f 232//487 254//533 206//431
f 206//432 254//534 232//488
f 206//431 254//533 207//433
f 207//434 254//534 206//432
f 208//435 207//433 255//535
f 255//536 207//434 208//436
f 208//435 256//537 233//489
f 233//490 256//538 208//436
f 187//393 233//489 209//437
f 209//438 233//490 187//394
f 210//439 209//437 229//481
f 229//482 209//438 210//440
f 245//513 234//491 211//441
f 211//442 234//492 245//514
f 211//441 235//493 245//513
f 245//514 235//494 211//442
f 239//501 235//493 190//399
f 190//400 235//494 239//502
f 238//499 236//495 191//401
f 191//402 236//496 238//500
f 212//443 236//495 237//497
f 237//498 236//496 212//444
f 257//539 238//499 192//403
f 192//404 238//500 257//540
f 237//497 239//501 213//445
f 213//446 239//502 237//498
f 240//503 257//539 192//403
f 192//404 257//540 240//504
f 173//365 241//505 240//503
f 240//504 241//506 173//366
f 215//449 258//541 241//505
f 241//506 258//542 215//450
f 242//507 259//543 215//449
f 215//450 259//544 242//508
f 260//545 242//507 216//451
f 216//452 242//508 260//546
f 243//509 260//545 216//451
f 216//452 260//546 243//510
f 261//547 217//453 195//409
f 195//410 217//454 261//548
f 262//549 243//509 217//453
f 217//454 243//510 262//550
f 219//457 244//511 218//455
f 218//456 244//512 219//458
f 181//381 244//511 248//519
f 248//520 244//512 181//382
f 234//491 245//513 197//413
f 197//414 245//514 234//492
f 245//513 263//551 219//457
f 219//458 263//552 245//514
f 247//517 246//515 198//415
f 198//416 246//516 247//518
f 246//515 264//553 220//459
f 220//460 264//554 246//516
f 220//459 265//555 221//461
f 221//462 265//556 220//460
f 266//557 247//517 199//417
f 199//418 247//518 266//558
f 221//461 267//559 222//463
f 222//464 267//560 221//462
f 222//463 268//561 224//467
f 224//468 268//562 222//464
f 223//465 266//557 199//417
f 199//418 266//558 223//466
f 248//519 269//563 223//465
f 223//466 269//564 248//520
f 225//521 224//467 270//565
f 270//566 224//468 225//522
f 271//567 249//523 225//469
f 225//474 249//524 271//568
f 5//470 249//523 272//569
f 272//570 249//524 5//473
f 250//525 185//389 252//529
f 252//530 185//390 250//526
f 273//571 202//423 250//525
f 250//526 202//424 273//572
f 226//475 202//423 274//573
f 274//574 202//424 226//476
f 251//527 227//477 226//475
f 226//476 227//478 251//528
f 261//547 195//409 251//527
f 251//528 195//410 261//548
f 252//529 228//479 231//485
f 231//486 228//480 252//530
f 229//481 275//575 230//483
f 230//484 275//576 229//482
f 230//483 276//577 231//485
f 231//486 276//578 230//484
f 5//98 277//579 253//531
f 253//532 277//580 5//99
f 232//487 253//531 254//533
f 254//534 253//532 232//488
f 207//433 254//533 255//535
f 255//536 254//534 207//434
f 208//435 255//535 256//537
f 256//538 255//536 208//436
f 233//489 256//537 278//581
f 278//582 256//538 233//490
f 209//437 233//489 279//583
f 279//584 233//490 209//438
f 209//437 280//585 229//481
f 229//482 280//586 209//438
f 245//513 235//493 281//587
f 281//588 235//494 245//514
f 239//501 282//589 235//493
f 235//494 282//590 239//502
f 283//591 236//495 238//499
f 238//500 236//496 283//592
f 236//495 284//593 237//497
f 237//498 284//594 236//496
f 257//539 285//595 238//499
f 238//500 285//596 257//540
f 237//497 286//597 239//501
f 239//502 286//598 237//498
f 240//503 285//595 257//539
f 257//540 285//596 240//504
f 241//505 258//541 240//503
f 240//504 258//542 241//506
f 215//449 259//543 258//541
f 258//542 259//544 215//450
f 287//599 259//543 242//507
f 242//508 259//544 287//600
f 260//545 287//599 242//507
f 242//508 287//600 260//546
f 288//601 260//545 243//509
f 243//510 260//546 288//602
f 262//549 217//453 261//547
f 261//548 217//454 262//550
f 262//549 288//601 243//509
f 243//510 288//602 262//550
f 219//457 289//603 244//511
f 244//512 289//604 219//458
f 244//511 269//563 248//519
f 248//520 269//564 244//512
f 245//513 281//587 263//551
f 263//552 281//588 245//514
f 219//457 263//551 289//603
f 289//604 263//552 219//458
f 247//517 290//605 246//515
f 246//516 290//606 247//518
f 246//515 291//607 264//553
f 264//554 291//608 246//516
f 220//459 264//553 265//555
f 265//556 264//554 220//460
f 265//555 292//609 221//461
f 221//462 292//610 265//556
f 293//611 247//517 266//557
f 266//558 247//518 293//612
f 292//609 267//559 221//461
f 221//462 267//560 292//610
f 222//463 267//559 268//561
f 268//562 267//560 222//464
f 268//561 294//613 224//614
f 224//615 294//616 268//562
f 223//465 293//611 266//557
f 266//558 293//612 223//466
f 223//465 269//563 295//617
f 295//618 269//564 223//466
f 294//613 270//619 224//614
f 224//615 270//620 294//616
f 225//469 270//619 271//567
f 271//568 270//620 225//474
f 249//523 271//567 272//569
f 272//570 271//568 249//524
f 5//470 272//569 296//621
f 296//622 272//570 5//473
f 273//571 250//525 252//529
f 252//530 250//526 273//572
f 274//573 202//423 273//571
f 273//572 202//424 274//574
f 297//623 226//475 274//573
f 274//574 226//476 297//624
f 298//625 251//527 226//475
f 226//476 251//528 298//626
f 299//627 261//547 251//527
f 251//528 261//548 299//628
f 252//529 231//485 300//629
f 300//630 231//486 252//530
f 229//481 301//631 275//575
f 275//576 301//632 229//482
f 230//483 275//575 302//633
f 302//634 275//576 230//484
f 230//483 302//633 276//577
f 276//578 302//634 230//484
f 231//485 276//577 303//635
f 303//636 276//578 231//486
f 5//98 304//637 277//579
f 277//580 304//638 5//99
f 277//579 305//639 253//531
f 253//532 305//640 277//580
f 253//531 306//641 254//533
f 254//534 306//642 253//532
f 255//535 254//533 307//643
f 307//644 254//534 255//536
f 255//535 308//645 256//537
f 256//538 308//646 255//536
f 256//537 309//647 278//581
f 278//582 309//648 256//538
f 233//489 278//581 279//583
f 279//584 278//582 233//490
f 209//437 279//583 280//585
f 280//586 279//584 209//438
f 229//481 280//585 301//631
f 301//632 280//586 229//482
f 235//493 310//649 281//587
f 281//588 310//650 235//494
f 239//501 311//651 282//589
f 282//590 311//652 239//502
f 235//493 282//589 310//649
f 310//650 282//590 235//494
f 283//591 312//653 236//495
f 236//496 312//654 283//592
f 285//595 283//591 238//499
f 238//500 283//592 285//596
f 236//495 313//655 284//593
f 284//594 313//656 236//496
f 237//497 284//593 314//657
f 314//658 284//594 237//498
f 237//497 314//657 286//597
f 286//598 314//658 237//498
f 239//501 286//597 311//651
f 311//652 286//598 239//502
f 240//503 315//659 285//595
f 285//596 315//660 240//504
f 258//541 315//659 240//503
f 240//504 315//660 258//542
f 259//543 316//661 258//541
f 258//542 316//662 259//544
f 287//599 317//663 259//543
f 259//544 317//664 287//600
f 260//545 318//665 287//599
f 287//600 318//666 260//546
f 319//667 260//545 288//601
f 288//602 260//546 319//668
f 320//669 262//549 261//547
f 261//548 262//550 320//670
f 262//549 319//667 288//601
f 288//602 319//668 262//550
f 289//603 321//671 244//511
f 244//512 321//672 289//604
f 244//511 322//673 269//563
f 269//564 322//674 244//512
f 263//551 281//587 323//675
f 323//676 281//588 263//552
f 289//603 263//551 321//671
f 321//672 263//552 289//604
f 293//611 290//605 247//517
f 247//518 290//606 293//612
f 290//605 291//607 246//515
f 246//516 291//608 290//606
f 291//607 324//677 264//553
f 264//554 324//678 291//608
f 264//553 292//609 265//555
f 265//556 292//610 264//554
f 267//559 292//609 268//561
f 268//562 292//610 267//560
f 325//679 294//613 268//561
f 268//562 294//616 325//680
f 295//617 293//611 223//465
f 223//466 293//612 295//618
f 295//617 269//563 326//681
f 326//682 269//564 295//618
f 294//613 271//567 270//619
f 270//620 271//568 294//616
f 327//683 272//569 271//567
f 271//568 272//570 327//684
f 296//621 272//569 327//683
f 327//684 272//570 296//622
f 5//470 296//621 328//685
f 328//686 296//622 5//473
f 273//571 252//529 329//687
f 329//688 252//530 273//572
f 297//623 274//573 273//571
f 273//572 274//574 297//624
f 298//625 226//475 297//623
f 297//624 226//476 298//626
f 299//627 251//527 298//625
f 298//626 251//528 299//628
f 299//627 320//669 261//547
f 261//548 320//670 299//628
f 300//629 231//485 303//635
f 303//636 231//486 300//630
f 330//689 252//529 300//629
f 300//630 252//530 330//690
f 275//575 301//631 302//633
f 302//634 301//632 275//576
f 276//577 302//633 303//635
f 303//636 302//634 276//578
f 5//98 331//691 304//637
f 304//638 331//692 5//99
f 277//579 304//637 305//639
f 305//640 304//638 277//580
f 253//531 305//639 306//641
f 306//642 305//640 253//532
f 254//533 306//641 332//693
f 332//694 306//642 254//534
f 307//643 254//533 332//693
f 332//694 254//534 307//644
f 255//535 307//643 308//645
f 308//646 307//644 255//536
f 256//537 308//645 309//647
f 309//648 308//646 256//538
f 278//581 309//647 333//695
f 333//696 309//648 278//582
f 279//583 278//581 334//697
f 334//698 278//582 279//584
f 280//585 279//583 301//631
f 301//632 279//584 280//586
f 281//587 310//649 335//699
f 335//700 310//650 281//588
f 282//589 311//651 310//649
f 310//650 311//652 282//590
f 283//591 336//701 312//653
f 312//654 336//702 283//592
f 236//495 312//653 313//655
f 313//656 312//654 236//496
f 337//703 283//591 285//595
f 285//596 283//592 337//704
f 313//655 314//657 284//593
f 284//594 314//658 313//656
f 286//597 314//657 311//651
f 311//652 314//658 286//598
f 315//659 337//703 285//595
f 285//596 337//704 315//660
f 316//661 315//659 258//541
f 258//542 315//660 316//662
f 317//663 316//661 259//543
f 259//544 316//662 317//664
f 287//599 338//705 317//663
f 317//664 338//706 287//600
f 339//707 318//665 260//545
f 260//546 318//666 339//708
f 318//665 338//705 287//599
f 287//600 338//706 318//666
f 319//667 339//707 260//545
f 260//546 339//708 319//668
f 340//709 262//549 320//669
f 320//670 262//550 340//710
f 341//711 319//667 262//549
f 262//550 319//668 341//712
f 244//511 321//671 322//673
f 322//674 321//672 244//512
f 269//563 322//673 342//713
f 342//714 322//674 269//564
f 281//587 343//715 323//675
f 323//676 343//716 281//588
f 263//551 323//675 344//717
f 344//718 323//676 263//552
f 263//551 344//717 321//671
f 321//672 344//718 263//552
f 345//719 290//605 293//611
f 293//612 290//606 345//720
f 290//605 346//721 291//607
f 291//608 346//722 290//606
f 291//607 347//723 324//677
f 324//678 347//724 291//608
f 264//553 324//677 348//725
f 348//726 324//678 264//554
f 292//609 264//553 349//727
f 349//728 264//554 292//610
f 292//609 350//729 268//561
f 268//562 350//730 292//610
f 325//679 351//731 294//613
f 294//616 351//732 325//680
f 350//729 325//679 268//561
f 268//562 325//680 350//730
f 326//681 293//611 295//617
f 295//618 293//612 326//682
f 269//563 352//733 326//681
f 326//682 352//734 269//564
f 351//731 271//567 294//613
f 294//616 271//568 351//732
f 353//735 327//683 271//567
f 271//568 327//684 353//736
f 328//685 296//621 327//683
f 327//684 296//622 328//686
f 5//470 328//685 354//737
f 354//738 328//686 5//473
f 329//687 252//529 330//689
f 330//690 252//530 329//688
f 355//739 273//571 329//687
f 329//688 273//572 355//740
f 356//741 297//623 273//571
f 273//572 297//624 356//742
f 357//743 298//625 297//623
f 297//624 298//626 357//744
f 358//745 299//627 298//625
f 298//626 299//628 358//746
f 359//747 320//669 299//627
f 299//628 320//670 359//748
f 330//689 300//629 303//635
f 303//636 300//630 330//690
f 301//631 360//749 302//633
f 302//634 360//750 301//632
f 302//633 361//751 303//635
f 303//636 361//752 302//634
f 5//98 362//753 331//691
f 331//692 362//754 5//99
f 331//691 363//755 304//637
f 304//638 363//756 331//692
f 304//637 364//757 305//639
f 305//640 364//758 304//638
f 332//693 306//641 305//639
f 305//640 306//642 332//694
f 307//643 332//693 308//645
f 308//646 332//694 307//644
f 308//645 365//759 309//647
f 309//648 365//760 308//646
f 309//647 366//761 333//695
f 333//696 366//762 309//648
f 278//581 333//695 334//697
f 334//698 333//696 278//582
f 279//583 334//697 367//763
f 367//764 334//698 279//584
f 279//583 367//763 301//631
f 301//632 367//764 279//584
f 310//649 368//765 335//699
f 335//700 368//766 310//650
f 281//587 335//699 343//715
f 343//716 335//700 281//588
f 311//651 369//767 310//649
f 310//650 369//768 311//652
f 370//769 336//701 283//591
f 283//592 336//702 370//770
f 336//701 371//771 312//653
f 312//654 371//772 336//702
f 312//653 372//773 313//655
f 313//656 372//774 312//654
f 337//703 370//769 283//591
f 283//592 370//770 337//704
f 313//655 373//775 314//657
f 314//658 373//776 313//656
f 314//657 374//777 311//651
f 311//652 374//778 314//658
f 375//779 337//703 315//659
f 315//660 337//704 375//780
f 316//661 375//779 315//659
f 315//660 375//780 316//662
f 338//705 316//661 317//663
f 317//664 316//662 338//706
f 376//781 318//665 339//707
f 339//708 318//666 376//782
f 318//665 377//783 338//705
f 338//706 377//784 318//666
f 319//667 376//781 339//707
f 339//708 376//782 319//668
f 341//711 262//549 340//709
f 340//710 262//550 341//712
f 359//747 340//709 320//669
f 320//670 340//710 359//748
f 378//785 319//667 341//711
f 341//712 319//668 378//786
f 322//673 321//671 342//713
f 342//714 321//672 322//674
f 269//563 342//713 352//733
f 352//734 342//714 269//564
f 323//675 343//715 379//787
f 379//788 343//716 323//676
f 344//717 323//675 380//789
f 380//790 323//676 344//718
f 321//671 344//717 380//789
f 380//790 344//718 321//672
f 345//719 346//721 290//605
f 290//606 346//722 345//720
f 326//681 345//719 293//611
f 293//612 345//720 326//682
f 346//721 381//791 291//607
f 291//608 381//792 346//722
f 291//607 381//791 347//723
f 347//724 381//792 291//608
f 348//725 324//677 347//723
f 347//724 324//678 348//726
f 349//727 264//553 348//725
f 348//726 264//554 349//728
f 292//609 349//727 382//793
f 382//794 349//728 292//610
f 350//729 292//609 382//793
f 382//794 292//610 350//730
f 383//795 351//731 325//679
f 325//680 351//732 383//796
f 325//679 350//729 382//793
f 382//794 350//730 325//680
f 326//681 352//733 384//797
f 384//798 352//734 326//682
f 351//731 353//735 271//567
f 271//568 353//736 351//732
f 385//799 327//683 353//735
f 353//736 327//684 385//800
f 386//801 328//685 327//683
f 327//684 328//686 386//802
f 387//803 354//737 328//685
f 328//686 354//738 387//804
f 5//470 354//737 388//805
f 388//806 354//738 5//473
f 355//739 329//687 330//689
f 330//690 329//688 355//740
f 356//741 273//571 355//739
f 355//740 273//572 356//742
f 357//743 297//623 356//741
f 356//742 297//624 357//744
f 357//743 358//745 298//625
f 298//626 358//746 357//744
f 359//747 299//627 358//745
f 358//746 299//628 359//748
f 330//689 303//635 389//807
f 389//808 303//636 330//690
f 301//631 390//809 360//749
f 360//750 390//810 301//632
f 302//633 360//749 391//811
f 391//812 360//750 302//634
f 302//633 391//811 361//751
f 361//752 391//812 302//634
f 303//635 361//751 392//813
f 392//814 361//752 303//636
f 5//98 393//815 362//753
f 362//754 393//816 5//99
f 331//691 362//753 363//755
f 363//756 362//754 331//692
f 304//637 363//755 394//817
f 394//818 363//756 304//638
f 304//637 395//819 364//757
f 364//758 395//820 304//638
f 305//639 364//757 396//821
f 396//822 364//758 305//640
f 305//639 397//823 332//693
f 332//694 397//824 305//640
f 332//693 398//825 308//645
f 308//646 398//826 332//694
f 308//645 398//825 365//759
f 365//760 398//826 308//646
f 309//647 365//759 366//761
f 366//762 365//760 309//648
f 333//695 366//761 399//827
f 399//828 366//762 333//696
f 334//697 333//695 400//829
f 400//830 333//696 334//698
f 367//763 334//697 390//809
f 390//810 334//698 367//764
f 301//631 367//763 390//809
f 390//810 367//764 301//632
f 310//649 401//831 368//765
f 368//766 401//832 310//650
f 335//699 368//765 402//833
f 402//834 368//766 335//700
f 343//715 335//699 379//787
f 379//788 335//700 343//716
f 311//651 403//835 369//767
f 369//768 403//836 311//652
f 310//649 369//767 401//831
f 401//832 369//768 310//650
f 404//837 336//701 370//769
f 370//770 336//702 404//838
f 336//701 405//839 371//771
f 371//772 405//840 336//702
f 371//771 372//773 312//653
f 312//654 372//774 371//772
f 372//773 373//775 313//655
f 313//656 373//776 372//774
f 337//703 404//837 370//769
f 370//770 404//838 337//704
f 373//775 374//777 314//657
f 314//658 374//778 373//776
f 311//651 374//777 403//835
f 403//836 374//778 311//652
f 375//779 406//841 337//703
f 337//704 406//842 375//780
f 316//661 407//843 375//779
f 375//780 407//844 316//662
f 338//705 408//845 316//661
f 316//662 408//846 338//706
f 376//781 409//847 318//665
f 318//666 409//848 376//782
f 318//665 410//849 377//783
f 377//784 410//850 318//666
f 377//783 408//845 338//705
f 338//706 408//846 377//784
f 411//851 376//781 319//667
f 319//668 376//782 411//852
f 412//853 341//711 340//709
f 340//710 341//712 412//854
f 412//853 340//709 359//747
f 359//748 340//710 412//854
f 378//785 411//851 319//667
f 319//668 411//852 378//786
f 378//785 341//711 412//853
f 412//854 341//712 378//786
f 321//671 413//855 342//713
f 342//714 413//856 321//672
f 352//733 342//713 384//797
f 384//798 342//714 352//734
f 323//675 379//787 414//857
f 414//858 379//788 323//676
f 323//675 414//857 380//789
f 380//790 414//858 323//676
f 321//671 380//789 413//855
f 413//856 380//790 321//672
f 345//719 415//859 346//721
f 346//722 415//860 345//720
f 326//681 416//861 345//719
f 345//720 416//862 326//682
f 346//721 417//863 381//791
f 381//792 417//864 346//722
f 347//723 381//791 417//863
f 417//864 381//792 347//724
f 348//725 347//723 418//865
f 418//866 347//724 348//726
f 382//793 349//727 348//725
f 348//726 349//728 382//794
f 419//867 351//731 383//795
f 383//796 351//732 419//868
f 420//869 383//795 325//679
f 325//680 383//796 420//870
f 325//679 382//793 421//871
f 421//872 382//794 325//680
f 326//681 384//797 422//873
f 422//874 384//798 326//682
f 423//875 353//735 351//731
f 351//732 353//736 423//876
f 424//877 327//683 385//799
f 385//800 327//684 424//878
f 425//879 385//799 353//735
f 353//736 385//800 425//880
f 387//803 328//685 386//801
f 386//802 328//686 387//804
f 424//877 386//801 327//683
f 327//684 386//802 424//878
f 387//803 388//805 354//737
f 354//738 388//806 387//804
f 426//881 5//470 388//805
f 388//806 5//473 426//882
f 427//883 355//739 330//689
f 330//690 355//740 427//884
f 428//885 356//741 355//739
f 355//740 356//742 428//886
f 429//887 357//743 356//741
f 356//742 357//744 429//888
f 430//889 358//745 357//743
f 357//744 358//746 430//890
f 359//747 358//745 430//889
f 430//890 358//746 359//748
f 303//635 392//813 389//807
f 389//808 392//814 303//636
f 431//891 330//689 389//807
f 389//808 330//690 431//892
f 360//749 390//809 391//811
f 391//812 390//810 360//750
f 361//751 391//811 392//813
f 392//814 391//812 361//752
f 5//98 432//893 393//815
f 393//816 432//894 5//99
f 393//815 433//895 362//753
f 362//754 433//896 393//816
f 362//753 433//895 363//755
f 363//756 433//896 362//754
f 363//755 434//897 394//817
f 394//818 434//898 363//756
f 304//637 394//817 395//819
f 395//820 394//818 304//638
f 364//757 395//819 396//821
f 396//822 395//820 364//758
f 305//639 396//821 397//823
f 397//824 396//822 305//640
f 332//693 397//823 435//899
f 435//900 397//824 332//694
f 332//693 435//899 398//825
f 398//826 435//900 332//694
f 398//825 435//899 365//759
f 365//760 435//900 398//826
f 365//759 436//901 366//761
f 366//762 436//902 365//760
f 366//761 437//903 399//827
f 399//828 437//904 366//762
f 333//695 399//827 400//829
f 400//830 399//828 333//696
f 334//697 400//829 438//905
f 438//906 400//830 334//698
f 334//697 438//905 390//809
f 390//810 438//906 334//698
f 368//765 401//831 402//833
f 402//834 401//832 368//766
f 335//699 402//833 439//907
f 439//908 402//834 335//700
f 335//699 439//907 379//787
f 379//788 439//908 335//700
f 369//767 403//835 401//831
f 401//832 403//836 369//768
f 404//837 440//909 336//701
f 336//702 440//910 404//838
f 336//701 441//911 405//839
f 405//840 441//912 336//702
f 371//771 405//839 372//773
f 372//774 405//840 371//772
f 372//773 442//913 373//775
f 373//776 442//914 372//774
f 406//841 404//837 337//703
f 337//704 404//838 406//842
f 373//775 443//915 374//777
f 374//778 443//916 373//776
f 374//777 444//917 403//835
f 403//836 444//918 374//778
f 407//843 406//841 375//779
f 375//780 406//842 407//844
f 408//845 407//843 316//661
f 316//662 407//844 408//846
f 376//781 445//919 409//847
f 409//848 445//920 376//782
f 409//847 410//849 318//665
f 318//666 410//850 409//848
f 410//849 446//921 377//783
f 377//784 446//922 410//850
f 377//783 446//921 408//845
f 408//846 446//922 377//784
f 447//923 376//781 411//851
f 411//852 376//782 447//924
f 448//925 412//853 359//747
f 359//748 412//854 448//926
f 378//785 447//923 411//851
f 411//852 447//924 378//786
f 449//927 378//785 412//853
f 412//854 378//786 449//928
f 342//713 413//855 450//929
f 450//930 413//856 342//714
f 342//713 451//931 384//797
f 384//798 451//932 342//714
f 414//857 379//787 452//933
f 452//934 379//788 414//858
f 380//789 414//857 452//933
f 452//934 414//858 380//790
f 413//855 380//789 450//929
f 450//930 380//790 413//856
f 416//861 415//859 345//719
f 345//720 415//860 416//862
f 415//859 453//935 346//721
f 346//722 453//936 415//860
f 422//873 416//861 326//681
f 326//682 416//862 422//874
f 346//721 453//935 417//863
f 417//864 453//936 346//722
f 347//723 417//863 454//937
f 454//938 417//864 347//724
f 418//865 347//723 455//939
f 455//940 347//724 418//866
f 348//725 418//865 456//941
f 456//942 418//866 348//726
f 382//793 348//725 457//943
f 457//944 348//726 382//794
f 419//867 423//875 351//731
f 351//732 423//876 419//868
f 420//869 419//867 383//795
f 383//796 419//868 420//870
f 421//871 420//869 325//679
f 325//680 420//870 421//872
f 421//871 382//793 458//945
f 458//946 382//794 421//872
f 422//873 384//797 459//947
f 459//948 384//798 422//874
f 425//879 353//735 423//875
f 423//876 353//736 425//880
f 425//879 424//877 385//799
f 385//800 424//878 425//880
f 424//877 387//803 386//801
f 386//802 387//804 424//878
f 460//949 388//805 387//803
f 387//804 388//806 460//950
f 461//951 5//470 426//881
f 426//882 5//473 461//952
f 462//953 426//881 388//805
f 388//806 426//882 462//954
f 428//885 355//739 427//883
f 427//884 355//740 428//886
f 427//883 330//689 431//891
f 431//892 330//690 427//884
f 429//887 356//741 428//885
f 428//886 356//742 429//888
f 463//955 357//743 429//887
f 429//888 357//744 463//956
f 463//955 430//889 357//743
f 357//744 430//890 463//956
f 464//957 359//747 430//889
f 430//890 359//748 464//958
f 431//891 389//807 392//813
f 392//814 389//808 431//892
f 390//809 465//959 391//811
f 391//812 465//960 390//810
f 391//811 466//961 392//813
f 392//814 466//962 391//812
f 5//98 467//963 432//893
f 432//894 467//964 5//99
f 393//815 432//893 433//895
f 433//896 432//894 393//816
f 433//895 468//965 363//755
f 363//756 468//966 433//896
f 363//755 469//967 434//897
f 434//898 469//968 363//756
f 394//817 434//897 395//819
f 395//820 434//898 394//818
f 396//821 395//819 470//969
f 470//970 395//820 396//822
f 397//823 396//821 435//899
f 435//900 396//822 397//824
f 435//899 471//971 365//759
f 365//760 471//972 435//900
f 365//759 471//971 436//901
f 436//902 471//972 365//760
f 366//761 436//901 437//903
f 437//904 436//902 366//762
f 437//903 472//973 399//827
f 399//828 472//974 437//904
f 400//829 399//827 473//975
f 473//976 399//828 400//830
f 438//905 400//829 474//977
f 474//978 400//830 438//906
f 390//809 438//905 474//977
f 474//978 438//906 390//810
f 401//831 475//979 402//833
f 402//834 475//980 401//832
f 439//907 402//833 476//981
f 476//982 402//834 439//908
f 379//787 439//907 476//981
f 476//982 439//908 379//788
f 403//835 477//983 401//831
f 401//832 477//984 403//836
f 404//837 478//985 440//909
f 440//910 478//986 404//838
f 440//909 479//987 336//701
f 336//702 479//988 440//910
f 336//701 479//987 441//911
f 441//912 479//988 336//702
f 441//911 480//989 405//839
f 405//840 480//990 441//912
f 405//839 481//991 372//773
f 372//774 481//992 405//840
f 372//773 481//991 442//913
f 442//914 481//992 372//774
f 442//913 482//993 373//775
f 373//776 482//994 442//914
f 406//841 483//995 404//837
f 404//838 483//996 406//842
f 373//775 482//993 443//915
f 443//916 482//994 373//776
f 374//777 443//915 444//917
f 444//918 443//916 374//778
f 403//835 444//917 484//997
f 484//998 444//918 403//836
f 407//843 485//999 406//841
f 406//842 485//1000 407//844
f 446//921 407//843 408//845
f 408//846 407//844 446//922
f 486//1001 445//919 376//781
f 376//782 445//920 486//1002
f 445//919 410//849 409//847
f 409//848 410//850 445//920
f 410//849 487//1003 446//921
f 446//922 487//1004 410//850
f 447//923 486//1001 376//781
f 376//782 486//1002 447//924
f 449//927 412//853 448//925
f 448//926 412//854 449//928
f 448//925 359//747 464//957
f 464//958 359//748 448//926
f 488//1005 447//923 378//785
f 378//786 447//924 488//1006
f 488//1005 378//785 449//927
f 449//928 378//786 488//1006
f 342//713 450//929 451//931
f 451//932 450//930 342//714
f 384//797 451//931 489//1007
f 489//1008 451//932 384//798
f 379//787 490//1009 452//933
f 452//934 490//1010 379//788
f 380//789 452//933 491//1011
f 491//1012 452//934 380//790
f 380//789 491//1011 450//929
f 450//930 491//1012 380//790
f 416//861 492//1013 415//859
f 415//860 492//1014 416//862
f 415//859 493//1015 453//935
f 453//936 493//1016 415//860
f 422//873 459//947 416//861
f 416//862 459//948 422//874
f 453//935 493//1015 417//863
f 417//864 493//1016 453//936
f 454//937 417//863 494//1017
f 494//1018 417//864 454//938
f 347//723 454//937 455//939
f 455//940 454//938 347//724
f 456//941 418//865 455//939
f 455//940 418//866 456//942
f 457//943 348//725 456//941
f 456//942 348//726 457//944
f 458//945 382//793 457//943
f 457//944 382//794 458//946
f 419//867 425//879 423//875
f 423//876 425//880 419//868
f 419//867 420//869 495//1019
f 495//1020 420//870 419//868
f 420//869 421//871 458//945
f 458//946 421//872 420//870
f 384//797 496//1021 459//947
f 459//948 496//1022 384//798
f 497//1023 424//877 425//879
f 425//880 424//878 497//1024
f 498//1025 387//803 424//877
f 424//878 387//804 498//1026
f 462//953 388//805 460//949
f 460//950 388//806 462//954
f 499//1027 460//949 387//803
f 387//804 460//950 499//1028
f 500//1029 5//470 461//951
f 461//952 5//473 500//1030
f 462//953 461//951 426//881
f 426//882 461//952 462//954
f 428//885 427//883 501//1031
f 501//1032 427//884 428//886
f 502//1033 427//883 431//891
f 431//892 427//884 502//1034
f 503//1035 429//887 428//885
f 428//886 429//888 503//1036
f 504//1037 463//955 429//887
f 429//888 463//956 504//1038
f 464//957 430//889 463//955
f 463//956 430//890 464//958
f 505//1039 431//891 392//813
f 392//814 431//892 505//1040
f 390//809 474//977 465//959
f 465//960 474//978 390//810
f 391//811 465//959 506//1041
f 506//1042 465//960 391//812
f 391//811 506//1041 466//961
f 466//962 506//1042 391//812
f 507//1043 392//813 466//961
f 466//962 392//814 507//1044
f 5//98 508//1045 467//963
f 467//964 508//1046 5//99
f 467//963 509//1047 432//893
f 432//894 509//1048 467//964
f 432//893 509//1047 433//895
f 433//896 509//1048 432//894
f 433//895 510//1049 468//965
f 468//966 510//1050 433//896
f 363//755 468//965 469//967
f 469//968 468//966 363//756
f 469//967 511//1051 434//897
f 434//898 511//1052 469//968
f 395//819 434//897 512//1053
f 512//1054 434//898 395//820
f 395//819 513//1055 470//969
f 470//970 513//1056 395//820
f 396//821 470//969 514//1057
f 514//1058 470//970 396//822
f 396//821 515//1059 435//899
f 435//900 515//1060 396//822
f 435//899 516//1061 471//971
f 471//972 516//1062 435//900
f 471//971 516//1061 436//901
f 436//902 516//1062 471//972
f 436//901 517//1063 437//903
f 437//904 517//1064 436//902
f 437//903 518//1065 472//973
f 472//974 518//1066 437//904
f 399//827 472//973 519//1067
f 519//1068 472//974 399//828
f 399//827 519//1067 473//975
f 473//976 519//1068 399//828
f 400//829 473//975 520//1069
f 520//1070 473//976 400//830
f 400//829 520//1069 474//977
f 474//978 520//1070 400//830
f 401//831 521//1071 475//979
f 475//980 521//1072 401//832
f 402//833 475//979 522//1073
f 522//1074 475//980 402//834
f 402//833 523//1075 476//981
f 476//982 523//1076 402//834
f 379//787 476//981 490//1009
f 490//1010 476//982 379//788
f 403//835 484//997 477//983
f 477//984 484//998 403//836
f 401//831 477//983 521//1071
f 521//1072 477//984 401//832
f 478//985 404//837 483//995
f 483//996 404//838 478//986
f 478//985 479//987 440//909
f 440//910 479//988 478//986
f 479//987 480//989 441//911
f 441//912 480//990 479//988
f 405//839 480//989 524//1077
f 524//1078 480//990 405//840
f 405//839 525//1079 481//991
f 481//992 525//1080 405//840
f 442//913 481//991 482//993
f 482//994 481//992 442//914
f 406//841 526//1081 483//995
f 483//996 526//1082 406//842
f 482//993 444//917 443//915
f 443//916 444//918 482//994
f 444//917 527//1083 484//997
f 484//998 527//1084 444//918
f 407//843 528//1085 485//999
f 485//1000 528//1086 407//844
f 485//999 526//1081 406//841
f 406//842 526//1082 485//1000
f 446//921 529//1087 407//843
f 407//844 529//1088 446//922
f 530//1089 445//919 486//1001
f 486//1002 445//920 530//1090
f 445//919 531//1091 410//849
f 410//850 531//1092 445//920
f 410//849 532//1093 487//1003
f 487//1004 532//1094 410//850
f 487//1003 529//1087 446//921
f 446//922 529//1088 487//1004
f 447//923 530//1089 486//1001
f 486//1002 530//1090 447//924
f 533//1095 449//927 448//925
f 448//926 449//928 533//1096
f 534//1097 448//925 464//957
f 464//958 448//926 534//1098
f 535//1099 447//923 488//1005
f 488//1006 447//924 535//1100
f 535//1099 488//1005 449//927
f 449//928 488//1006 535//1100
f 451//931 450//929 489//1007
f 489//1008 450//930 451//932
f 384//797 489//1007 496//1021
f 496//1022 489//1008 384//798
f 452//933 490//1009 536//1101
f 536//1102 490//1010 452//934
f 491//1011 452//933 537//1103
f 537//1104 452//934 491//1012
f 450//929 491//1011 537//1103
f 537//1104 491//1012 450//930
f 416//861 538//1105 492//1013
f 492//1014 538//1106 416//862
f 492//1013 493//1015 415//859
f 415//860 493//1016 492//1014
f 459//947 538//1105 416//861
f 416//862 538//1106 459//948
f 417//863 493//1015 539//1107
f 539//1108 493//1016 417//864
f 417//863 539//1107 494//1017
f 494//1018 539//1108 417//864
f 455//939 454//937 494//1017
f 494//1018 454//938 455//940
f 456//941 455//939 540//1109
f 540//1110 455//940 456//942
f 458//945 457//943 456//941
f 456//942 457//944 458//946
f 541//1111 425//879 419//867
f 419//868 425//880 541//1112
f 542//1113 495//1019 420//869
f 420//870 495//1020 542//1114
f 543//1115 419//867 495//1019
f 495//1020 419//868 543//1116
f 420//869 458//945 544//1117
f 544//1118 458//946 420//870
f 496//1021 545//1119 459//947
f 459//948 545//1120 496//1022
f 546//1121 424//877 497//1023
f 497//1024 424//878 546//1122
f 541//1111 497//1023 425//879
f 425//880 497//1024 541//1112
f 498//1025 499//1027 387//803
f 387//804 499//1028 498//1026
f 546//1121 498//1025 424//877
f 424//878 498//1026 546//1122
f 499//1027 462//953 460//949
f 460//950 462//954 499//1028
f 547//1123 5//470 500//1029
f 500//1030 5//473 547//1124
f 548//1125 500//1029 461//951
f 461//952 500//1030 548//1126
f 462//953 549//1127 461//951
f 461//952 549//1128 462//954
f 501//1031 427//883 502//1033
f 502//1034 427//884 501//1032
f 550//1129 428//885 501//1031
f 501//1032 428//886 550//1130
f 502//1033 431//891 505//1039
f 505//1040 431//892 502//1034
f 504//1037 429//887 503//1035
f 503//1036 429//888 504//1038
f 503//1035 428//885 550//1129
f 550//1130 428//886 503//1036
f 551//1131 463//955 504//1037
f 504//1038 463//956 551//1132
f 551//1131 464//957 463//955
f 463//956 464//958 551//1132
f 505//1039 392//813 507//1043
f 507//1044 392//814 505//1040
f 465//959 474//977 506//1041
f 506//1042 474//978 465//960
f 507//1043 466//961 506//1041
f 506//1042 466//962 507//1044
f 5//98 552//1133 508//1045
f 508//1046 552//1134 5//99
f 467//963 508//1045 509//1047
f 509//1048 508//1046 467//964
f 509//1047 510//1049 433//895
f 433//896 510//1050 509//1048
f 510//1049 553//1135 468//965
f 468//966 553//1136 510//1050
f 468//965 511//1051 469//967
f 469//968 511//1052 468//966
f 434//897 511//1051 554//1137
f 554//1138 511//1052 434//898
f 434//897 555//1139 512//1053
f 512//1054 555//1140 434//898
f 395//819 512//1053 513//1055
f 513//1056 512//1054 395//820
f 470//969 513//1055 514//1057
f 514//1058 513//1056 470//970
f 396//821 514//1057 515//1059
f 515//1060 514//1058 396//822
f 435//899 515//1059 516//1061
f 516//1062 515//1060 435//900
f 516//1061 556//1141 436//901
f 436//902 556//1142 516//1062
f 436//901 556//1141 517//1063
f 517//1064 556//1142 436//902
f 437//903 517//1063 518//1065
f 518//1066 517//1064 437//904
f 518//1065 557//1143 472//973
f 472//974 557//1144 518//1066
f 472//973 558//1145 519//1067
f 519//1068 558//1146 472//974
f 519//1067 558//1145 473//975
f 473//976 558//1146 519//1068
f 520//1069 473//975 559//1147
f 559//1148 473//976 520//1070
f 474//977 520//1069 559//1147
f 559//1148 520//1070 474//978
f 475//979 521//1071 522//1073
f 522//1074 521//1072 475//980
f 402//833 522//1073 523//1075
f 523//1076 522//1074 402//834
f 476//981 523//1075 560//1149
f 560//1150 523//1076 476//982
f 490//1009 476//981 536//1101
f 536//1102 476//982 490//1010
f 484//997 521//1071 477//983
f 477//984 521//1072 484//998
f 526//1081 478//985 483//995
f 483//996 478//986 526//1082
f 561//1151 479//987 478//985
f 478//986 479//988 561//1152
f 479//987 562//1153 480//989
f 480//990 562//1154 479//988
f 480//989 563//1155 524//1077
f 524//1078 563//1156 480//990
f 405//839 524//1077 525//1079
f 525//1080 524//1078 405//840
f 481//991 525//1079 564//1157
f 564//1158 525//1080 481//992
f 481//991 565//1159 482//993
f 482//994 565//1160 481//992
f 482//993 566//1161 444//917
f 444//918 566//1162 482//994
f 566//1161 527//1083 444//917
f 444//918 527//1084 566//1162
f 527//1083 567//1163 484//997
f 484//998 567//1164 527//1084
f 529//1087 528//1085 407//843
f 407//844 528//1086 529//1088
f 528//1085 568//1165 485//999
f 485//1000 568//1166 528//1086
f 485//999 568//1165 526//1081
f 526//1082 568//1166 485//1000
f 530//1089 569//1167 445//919
f 445//920 569//1168 530//1090
f 445//919 570//1169 531//1091
f 531//1092 570//1170 445//920
f 531//1091 532//1093 410//849
f 410//850 532//1094 531//1092
f 532//1093 529//1087 487//1003
f 487//1004 529//1088 532//1094
f 571//1171 530//1089 447//923
f 447//924 530//1090 571//1172
f 572//1173 449//927 533//1095
f 533//1096 449//928 572//1174
f 533//1095 448//925 534//1097
f 534//1098 448//926 533//1096
f 534//1097 464//957 551//1131
f 551//1132 464//958 534//1098
f 535//1099 571//1171 447//923
f 447//924 571//1172 535//1100
f 572//1173 535//1099 449//927
f 449//928 535//1100 572//1174
f 450//929 573//1175 489//1007
f 489//1008 573//1176 450//930
f 496//1021 489//1007 545//1119
f 545//1120 489//1008 496//1022
f 452//933 536//1101 574//1177
f 574//1178 536//1102 452//934
f 452//933 574//1177 537//1103
f 537//1104 574//1178 452//934
f 450//929 537//1103 573//1175
f 573//1176 537//1104 450//930
f 538//1105 575//1179 492//1013
f 492//1014 575//1180 538//1106
f 492//1013 576//1181 493//1015
f 493//1016 576//1182 492//1014
f 459//947 575//1179 538//1105
f 538//1106 575//1180 459//948
f 539//1107 493//1015 577//1183
f 577//1184 493//1016 539//1108
f 494//1017 539//1107 577//1183
f 577//1184 539//1108 494//1018
f 455//939 494//1017 578//1185
f 578//1186 494//1018 455//940
f 540//1109 455//939 579//1187
f 579//1188 455//940 540//1110
f 580//1189 456//941 540//1109
f 540//1110 456//942 580//1190
f 458//945 456//941 581//1191
f 581//1192 456//942 458//946
f 541//1111 419//867 543//1115
f 543//1116 419//868 541//1112
f 543//1115 495//1019 542//1113
f 542//1114 495//1020 543//1116
f 542//1113 420//869 544//1117
f 544//1118 420//870 542//1114
f 544//1117 458//945 582//1193
f 582//1194 458//946 544//1118
f 545//1119 583//1195 459//947
f 459//948 583//1196 545//1120
f 546//1121 497//1023 541//1111
f 541//1112 497//1024 546//1122
f 499//1027 498//1025 546//1121
f 546//1122 498//1026 499//1028
f 584//1197 462//953 499//1027
f 499//1028 462//954 584//1198
f 547//1123 585//1199 5//470
f 5//473 585//1200 547//1124
f 548//1125 547//1123 500//1029
f 500//1030 547//1124 548//1126
f 549//1127 548//1125 461//951
f 461//952 548//1126 549//1128
f 549//1127 462//953 586//1201
f 586//1202 462//954 549//1128
f 587//1203 501//1031 502//1033
f 502//1034 501//1032 587//1204
f 587//1203 550//1129 501//1031
f 501//1032 550//1130 587//1204
f 502//1033 505//1039 588//1205
f 588//1206 505//1040 502//1034
f 589//1207 504//1037 503//1035
f 503//1036 504//1038 589//1208
f 590//1209 503//1035 550//1129
f 550//1130 503//1036 590//1210
f 551//1131 504//1037 591//1211
f 591//1212 504//1038 551//1132
f 592//1213 505//1039 507//1043
f 507//1044 505//1040 592//1214
f 474//977 593//1215 506//1041
f 506//1042 593//1216 474//978
f 507//1043 506//1041 594//1217
f 594//1218 506//1042 507//1044
f 5//98 595//1219 552//1133
f 552//1134 595//1220 5//99
f 552//1133 596//1221 508//1045
f 508//1046 596//1222 552//1134
f 508//1045 596//1221 509//1047
f 509//1048 596//1222 508//1046
f 509//1047 597//1223 510//1049
f 510//1050 597//1224 509//1048
f 510//1049 598//1225 553//1135
f 553//1136 598//1226 510//1050
f 468//965 553//1135 599//1227
f 599//1228 553//1136 468//966
f 468//965 599//1227 511//1051
f 511//1052 599//1228 468//966
f 511//1051 600//1229 554//1137
f 554//1138 600//1230 511//1052
f 434//897 554//1137 555//1139
f 555//1140 554//1138 434//898
f 512//1053 555//1139 513//1055
f 513//1056 555//1140 512//1054
f 514//1057 513//1055 601//1231
f 601//1232 513//1056 514//1058
f 515//1059 514//1057 516//1061
f 516//1062 514//1058 515//1060
f 516//1061 602//1233 556//1141
f 556//1142 602//1234 516//1062
f 556//1141 602//1233 517//1063
f 517//1064 602//1234 556//1142
f 517//1063 603//1235 518//1065
f 518//1066 603//1236 517//1064
f 518//1065 604//1237 557//1143
f 557//1144 604//1238 518//1066
f 472//973 557//1143 605//1239
f 605//1240 557//1144 472//974
f 472//973 605//1239 558//1145
f 558//1146 605//1240 472//974
f 473//975 558//1145 606//1241
f 606//1242 558//1146 473//976
f 473//975 606//1241 559//1147
f 559//1148 606//1242 473//976
f 474//977 559//1147 593//1215
f 593//1216 559//1148 474//978
f 521//1071 607//1243 522//1073
f 522//1074 607//1244 521//1072
f 523//1075 522//1073 560//1149
f 560//1150 522//1074 523//1076
f 476//981 560//1149 608//1245
f 608//1246 560//1150 476//982
f 476//981 608//1245 536//1101
f 536//1102 608//1246 476//982
f 484//997 567//1163 521//1071
f 521//1072 567//1164 484//998
f 526//1081 609//1247 478//985
f 478//986 609//1248 526//1082
f 610//1249 479//987 561//1151
f 561//1152 479//988 610//1250
f 611//1251 561//1151 478//985
f 478//986 561//1152 611//1252
f 610//1249 562//1153 479//987
f 479//988 562//1154 610//1250
f 480//989 562//1153 563//1155
f 563//1156 562//1154 480//990
f 524//1077 563//1155 612//1253
f 612//1254 563//1156 524//1078
f 524//1077 564//1157 525//1079
f 525//1080 564//1158 524//1078
f 481//991 564//1157 565//1159
f 565//1160 564//1158 481//992
f 482//993 565//1159 613//1255
f 613//1256 565//1160 482//994
f 482//993 613//1255 566//1161
f 566//1162 613//1256 482//994
f 527//1083 566//1161 613//1255
f 613//1256 566//1162 527//1084
f 527//1083 614//1257 567//1163
f 567//1164 614//1258 527//1084
f 529//1087 615//1259 528//1085
f 528//1086 615//1260 529//1088
f 528//1085 616//1261 568//1165
f 568//1166 616//1262 528//1086
f 568//1165 617//1263 526//1081
f 526//1082 617//1264 568//1166
f 618//1265 569//1167 530//1089
f 530//1090 569//1168 618//1266
f 569//1167 570//1169 445//919
f 445//920 570//1170 569//1168
f 570//1169 532//1093 531//1091
f 531//1092 532//1094 570//1170
f 532//1093 619//1267 529//1087
f 529//1088 619//1268 532//1094
f 571//1171 618//1265 530//1089
f 530//1090 618//1266 571//1172
f 620//1269 572//1173 533//1095
f 533//1096 572//1174 620//1270
f 621//1271 533//1095 534//1097
f 534//1098 533//1096 621//1272
f 622//1273 534//1097 551//1131
f 551//1132 534//1098 622//1274
f 623//1275 571//1171 535//1099
f 535//1100 571//1172 623//1276
f 623//1275 535//1099 572//1173
f 572//1174 535//1100 623//1276
f 489//1007 573//1175 624//1277
f 624//1278 573//1176 489//1008
f 489//1007 625//1279 545//1119
f 545//1120 625//1280 489//1008
f 574//1177 536//1101 626//1281
f 626//1282 536//1102 574//1178
f 537//1103 574//1177 626//1281
f 626//1282 574//1178 537//1104
f 573//1175 537//1103 624//1277
f 624//1278 537//1104 573//1176
f 575//1179 576//1181 492//1013
f 492//1014 576//1182 575//1180
f 576//1181 627//1283 493//1015
f 493//1016 627//1284 576//1182
f 459//947 583//1195 575//1179
f 575//1180 583//1196 459//948
f 493//1015 627//1283 577//1183
f 577//1184 627//1284 493//1016
f 494//1017 577//1183 628//1285
f 628//1286 577//1184 494//1018
f 578//1185 494//1017 629//1287
f 629//1288 494//1018 578//1186
f 579//1187 455//939 578//1185
f 578//1186 455//940 579//1188
f 580//1189 540//1109 579//1187
f 579//1188 540//1110 580//1190
f 581//1191 456//941 580//1189
f 580//1190 456//942 581//1192
f 582//1193 458//945 581//1191
f 581//1192 458//946 582//1194
f 630//1289 541//1111 543//1115
f 543//1116 541//1112 630//1290
f 631//1291 543//1115 542//1113
f 542//1114 543//1116 631//1292
f 542//1113 544//1117 582//1193
f 582//1194 544//1118 542//1114
f 545//1119 632//1293 583//1195
f 583//1196 632//1294 545//1120
f 633//1295 546//1121 541//1111
f 541//1112 546//1122 633//1296
f 634//1297 499//1027 546//1121
f 546//1122 499//1028 634//1298
f 584//1197 586//1201 462//953
f 462//954 586//1202 584//1198
f 635//1299 584//1197 499//1027
f 499//1028 584//1198 635//1300
f 636//1301 585//1199 547//1123
f 547//1124 585//1200 636//1302
f 637//1303 5//470 585//1199
f 585//1200 5//473 637//1304
f 638//1305 547//1123 548//1125
f 548//1126 547//1124 638//1306
f 548//1125 549//1127 586//1201
f 586//1202 549//1128 548//1126
f 587//1203 502//1033 588//1205
f 588//1206 502//1034 587//1204
f 590//1209 550//1129 587//1203
f 587//1204 550//1130 590//1210
f 588//1205 505//1039 592//1213
f 592//1214 505//1040 588//1206
f 591//1211 504//1037 589//1207
f 589//1208 504//1038 591//1212
f 589//1207 503//1035 590//1209
f 590//1210 503//1036 589//1208
f 639//1307 551//1131 591//1211
f 591//1212 551//1132 639//1308
f 592//1213 507//1043 594//1217
f 594//1218 507//1044 592//1214
f 506//1041 593//1215 640//1309
f 640//1310 593//1216 506//1042
f 594//1217 506//1041 640//1309
f 640//1310 506//1042 594//1218
f 5//98 641//1311 595//1219
f 595//1220 641//1312 5//99
f 552//1133 595//1219 596//1221
f 596//1222 595//1220 552//1134
f 596//1221 597//1223 509//1047
f 509//1048 597//1224 596//1222
f 597//1223 598//1225 510//1049
f 510//1050 598//1226 597//1224
f 598//1225 642//1313 553//1135
f 553//1136 642//1314 598//1226
f 553//1135 643//1315 599//1227
f 599//1228 643//1316 553//1136
f 599//1227 643//1315 511//1051
f 511//1052 643//1316 599//1228
f 511//1051 644//1317 600//1229
f 600//1230 644//1318 511//1052
f 554//1137 600//1229 555//1139
f 555//1140 600//1230 554//1138
f 513//1055 555//1139 645//1319
f 645//1320 555//1140 513//1056
f 513//1055 645//1319 601//1231
f 601//1232 645//1320 513//1056
f 514//1057 601//1231 646//1321
f 646//1322 601//1232 514//1058
f 514//1057 646//1321 516//1061
f 516//1062 646//1322 514//1058
f 516//1061 646//1321 602//1233
f 602//1234 646//1322 516//1062
f 602//1233 647//1323 517//1063
f 517//1064 647//1324 602//1234
f 517//1063 647//1323 603//1235
f 603//1236 647//1324 517//1064
f 603//1235 604//1237 518//1065
f 518//1066 604//1238 603//1236
f 557//1143 604//1237 648//1325
f 648//1326 604//1238 557//1144
f 605//1239 557//1143 649//1327
f 649//1328 557//1144 605//1240
f 558//1145 605//1239 649//1327
f 649//1328 605//1240 558//1146
f 606//1241 558//1145 650//1329
f 650//1330 558//1146 606//1242
f 559//1147 606//1241 650//1329
f 650//1330 606//1242 559//1148
f 640//1309 593//1215 559//1147
f 559//1148 593//1216 640//1310
f 521//1071 651//1331 607//1243
f 607//1244 651//1332 521//1072
f 522//1073 607//1243 652//1333
f 652//1334 607//1244 522//1074
f 522//1073 653//1335 560//1149
f 560//1150 653//1336 522//1074
f 608//1245 560//1149 654//1337
f 654//1338 560//1150 608//1246
f 536//1101 608//1245 654//1337
f 654//1338 608//1246 536//1102
f 521//1071 567//1163 651//1331
f 651//1332 567//1164 521//1072
f 617//1263 609//1247 526//1081
f 526//1082 609//1248 617//1264
f 611//1251 478//985 609//1247
f 609//1248 478//986 611//1252
f 611//1251 610//1249 561//1151
f 561//1152 610//1250 611//1252
f 655//1339 562//1153 610//1249
f 610//1250 562//1154 655//1340
f 562//1153 656//1341 563//1155
f 563//1156 656//1342 562//1154
f 563//1155 657//1343 612//1253
f 612//1254 657//1344 563//1156
f 524//1077 612//1253 564//1157
f 564//1158 612//1254 524//1078
f 565//1159 564//1157 613//1255
f 613//1256 564//1158 565//1160
f 527//1083 613//1255 658//1345
f 658//1346 613//1256 527//1084
f 614//1257 527//1083 658//1345
f 658//1346 527//1084 614//1258
f 614//1257 659//1347 567//1163
f 567//1164 659//1348 614//1258
f 619//1267 615//1259 529//1087
f 529//1088 615//1260 619//1268
f 615//1259 616//1261 528//1085
f 528//1086 616//1262 615//1260
f 616//1261 660//1349 568//1165
f 568//1166 660//1350 616//1262
f 660//1349 617//1263 568//1165
f 568//1166 617//1264 660//1350
f 618//1265 661//1351 569//1167
f 569//1168 661//1352 618//1266
f 569//1167 662//1353 570//1169
f 570//1170 662//1354 569//1168
f 570//1169 663//1355 532//1093
f 532//1094 663//1356 570//1170
f 532//1093 664//1357 619//1267
f 619//1268 664//1358 532//1094
f 665//1359 618//1265 571//1171
f 571//1172 618//1266 665//1360
f 666//1361 572//1173 620//1269
f 620//1270 572//1174 666//1362
f 620//1269 533//1095 621//1271
f 621//1272 533//1096 620//1270
f 621//1271 534//1097 667//1363
f 667//1364 534//1098 621//1272
f 667//1363 534//1097 622//1273
f 622//1274 534//1098 667//1364
f 622//1273 551//1131 639//1307
f 639//1308 551//1132 622//1274
f 623//1275 665//1359 571//1171
f 571//1172 665//1360 623//1276
f 666//1361 623//1275 572//1173
f 572//1174 623//1276 666//1362
f 489//1007 624//1277 625//1279
f 625//1280 624//1278 489//1008
f 545//1119 625//1279 668//1365
f 668//1366 625//1280 545//1120
f 536//1101 669//1367 626//1281
f 626//1282 669//1368 536//1102
f 537//1103 626//1281 670//1369
f 670//1370 626//1282 537//1104
f 537//1103 670//1369 624//1277
f 624//1278 670//1370 537//1104
f 575//1179 671//1371 576//1181
f 576//1182 671//1372 575//1180
f 576//1181 672//1373 627//1283
f 627//1284 672//1374 576//1182
f 583//1195 632//1293 575//1179
f 575//1180 632//1294 583//1196
f 627//1283 672//1373 577//1183
f 577//1184 672//1374 627//1284
f 628//1285 577//1183 673//1375
f 673//1376 577//1184 628//1286
f 494//1017 628//1285 629//1287
f 629//1288 628//1286 494//1018
f 579//1187 578//1185 629//1287
f 629//1288 578//1186 579//1188
f 674//1377 580//1189 579//1187
f 579//1188 580//1190 674//1378
f 582//1193 581//1191 580//1189
f 580//1190 581//1192 582//1194
f 675//1379 541//1111 630//1289
f 630//1290 541//1112 675//1380
f 631//1291 630//1289 543//1115
f 543//1116 630//1290 631//1292
f 631//1291 542//1113 676//1381
f 676//1382 542//1114 631//1292
f 676//1381 542//1113 582//1193
f 582//1194 542//1114 676//1382
f 545//1119 677//1383 632//1293
f 632//1294 677//1384 545//1120
f 678//1385 546//1121 633//1295
f 633//1296 546//1122 678//1386
f 675//1379 633//1295 541//1111
f 541//1112 633//1296 675//1380
f 635//1299 499//1027 634//1297
f 634//1298 499//1028 635//1300
f 678//1385 634//1297 546//1121
f 546//1122 634//1298 678//1386
f 586//1201 584//1197 635//1299
f 635//1300 584//1198 586//1202
f 636//1301 637//1387 585//1388
f 585//1389 637//1390 636//1302
f 636//1301 547//1123 679//1391
f 679//1392 547//1124 636//1302
f 637//1393 680//1393 5//1393
f 5//1394 680//1394 637//1394
f 547//1123 638//1305 681//1395
f 681//1396 638//1306 547//1124
f 638//1305 548//1125 682//1397
f 682//1398 548//1126 638//1306
f 548//1125 586//1201 683//1399
f 683//1400 586//1202 548//1126
f 587//1203 588//1205 684//1401
f 684//1402 588//1206 587//1204
f 685//1403 590//1209 587//1203
f 587//1204 590//1210 685//1404
f 684//1401 588//1205 592//1213
f 592//1214 588//1206 684//1402
f 639//1307 591//1211 589//1207
f 589//1208 591//1212 639//1308
f 686//1405 589//1207 590//1209
f 590//1210 589//1208 686//1406
f 592//1213 594//1217 687//1407
f 687//1408 594//1218 592//1214
f 594//1217 640//1309 688//1409
f 688//1410 640//1310 594//1218
f 5//1411 689//1412 641//1413
f 641//1414 689//1415 5//1416
f 641//1311 690//1417 595//1219
f 595//1220 690//1418 641//1312
f 595//1219 690//1417 596//1221
f 596//1222 690//1418 595//1220
f 596//1221 691//1419 597//1223
f 597//1224 691//1420 596//1222
f 597//1223 692//1421 598//1225
f 598//1226 692//1422 597//1224
f 598//1225 693//1423 642//1313
f 642//1314 693//1424 598//1226
f 553//1135 642//1313 643//1315
f 643//1316 642//1314 553//1136
f 511//1051 643//1315 644//1317
f 644//1318 643//1316 511//1052
f 644//1317 694//1425 600//1229
f 600//1230 694//1426 644//1318
f 555//1139 600//1229 695//1427
f 695//1428 600//1230 555//1140
f 645//1319 555//1139 696//1429
f 696//1430 555//1140 645//1320
f 601//1231 645//1319 646//1321
f 646//1322 645//1320 601//1232
f 646//1321 697//1431 602//1233
f 602//1234 697//1432 646//1322
f 602//1233 697//1431 647//1323
f 647//1324 697//1432 602//1234
f 647//1323 698//1433 603//1235
f 603//1236 698//1434 647//1324
f 603//1235 699//1435 604//1237
f 604//1238 699//1436 603//1236
f 648//1325 604//1237 700//1437
f 700//1438 604//1238 648//1326
f 701//1439 557//1143 648//1325
f 648//1326 557//1144 701//1440
f 649//1327 557//1143 701//1439
f 701//1440 557//1144 649//1328
f 558//1145 649//1327 702//1441
f 702//1442 649//1328 558//1146
f 650//1329 558//1145 702//1441
f 702//1442 558//1146 650//1330
f 559//1147 650//1329 703//1443
f 703//1444 650//1330 559//1148
f 640//1309 559//1147 703//1443
f 703//1444 559//1148 640//1310
f 651//1331 652//1333 607//1243
f 607//1244 652//1334 651//1332
f 522//1073 652//1333 653//1335
f 653//1336 652//1334 522//1074
f 560//1149 653//1335 704//1445
f 704//1446 653//1336 560//1150
f 560//1149 705//1447 654//1337
f 654//1338 705//1448 560//1150
f 536//1101 654//1337 669//1367
f 669//1368 654//1338 536//1102
f 567//1163 659//1347 651//1331
f 651//1332 659//1348 567//1164
f 617//1263 611//1251 609//1247
f 609//1248 611//1252 617//1264
f 706//1449 610//1249 611//1251
f 611//1252 610//1250 706//1450
f 655//1339 656//1341 562//1153
f 562//1154 656//1342 655//1340
f 707//1451 655//1339 610//1249
f 610//1250 655//1340 707//1452
f 563//1155 656//1341 657//1343
f 657//1344 656//1342 563//1156
f 612//1253 657//1343 708//1453
f 708//1454 657//1344 612//1254
f 564//1157 612//1253 709//1455
f 709//1456 612//1254 564//1158
f 613//1255 564//1157 709//1455
f 709//1456 564//1158 613//1256
f 613//1255 709//1455 658//1345
f 658//1346 709//1456 613//1256
f 659//1347 614//1257 658//1345
f 658//1346 614//1258 659//1348
f 664//1357 615//1259 619//1267
f 619//1268 615//1260 664//1358
f 615//1259 710//1457 616//1261
f 616//1262 710//1458 615//1260
f 711//1459 660//1349 616//1261
f 616//1262 660//1350 711//1460
f 660//1349 712//1461 617//1263
f 617//1264 712//1462 660//1350
f 713//1463 661//1351 618//1265
f 618//1266 661//1352 713//1464
f 661//1351 662//1353 569//1167
f 569//1168 662//1354 661//1352
f 662//1353 714//1465 570//1169
f 570//1170 714//1466 662//1354
f 570//1169 714//1465 663//1355
f 663//1356 714//1466 570//1170
f 663//1355 664//1357 532//1093
f 532//1094 664//1358 663//1356
f 665//1359 713//1463 618//1265
f 618//1266 713//1464 665//1360
f 715//1467 666//1361 620//1269
f 620//1270 666//1362 715//1468
f 716//1469 620//1269 621//1271
f 621//1272 620//1270 716//1470
f 717//1471 621//1271 667//1363
f 667//1364 621//1272 717//1472
f 667//1363 622//1273 639//1307
f 639//1308 622//1274 667//1364
f 718//1473 665//1359 623//1275
f 623//1276 665//1360 718//1474
f 718//1473 623//1275 666//1361
f 666//1362 623//1276 718//1474
f 625//1279 624//1277 668//1365
f 668//1366 624//1278 625//1280
f 545//1119 668//1365 677//1383
f 677//1384 668//1366 545//1120
f 626//1281 669//1367 719//1475
f 719//1476 669//1368 626//1282
f 670//1369 626//1281 720//1477
f 720//1478 626//1282 670//1370
f 624//1277 670//1369 720//1477
f 720//1478 670//1370 624//1278
f 632//1293 671//1371 575//1179
f 575//1180 671//1372 632//1294
f 671//1371 721//1479 576//1181
f 576//1182 721//1480 671//1372
f 576//1181 721//1479 672//1373
f 672//1374 721//1480 576//1182
f 577//1183 672//1373 722//1481
f 722//1482 672//1374 577//1184
f 577//1183 722//1481 673//1375
f 673//1376 722//1482 577//1184
f 629//1287 628//1285 673//1375
f 673//1376 628//1286 629//1288
f 579//1187 629//1287 723//1483
f 723//1484 629//1288 579//1188
f 724//1485 580//1189 674//1377
f 674//1378 580//1190 724//1486
f 674//1377 579//1187 725//1487
f 725//1488 579//1188 674//1378
f 582//1193 580//1189 724//1485
f 724//1486 580//1190 582//1194
f 675//1379 630//1289 631//1291
f 631//1292 630//1290 675//1380
f 726//1489 631//1291 676//1381
f 676//1382 631//1292 726//1490
f 676//1381 582//1193 727//1491
f 727//1492 582//1194 676//1382
f 677//1383 728//1493 632//1293
f 632//1294 728//1494 677//1384
f 678//1385 633//1295 675//1379
f 675//1380 633//1296 678//1386
f 635//1299 634//1297 678//1385
f 678//1386 634//1298 635//1300
f 586//1201 635//1299 729//1495
f 729//1496 635//1300 586//1202
f 730//1497 637//1387 636//1301
f 636//1302 637//1390 730//1498
f 679//1391 547//1123 681//1395
f 681//1396 547//1124 679//1392
f 636//1301 679//1391 731//1499
f 731//1500 679//1392 636//1302
f 732//1501 680//1501 637//1501
f 637//1502 680//1502 732//1502
f 733//1503 5//1503 680//1503
f 680//1504 5//1504 733//1504
f 681//1395 638//1305 682//1397
f 682//1398 638//1306 681//1396
f 682//1397 548//1125 683//1399
f 683//1400 548//1126 682//1398
f 683//1399 586//1201 734//1505
f 734//1506 586//1202 683//1400
f 735//1507 587//1203 684//1401
f 684//1402 587//1204 735//1508
f 686//1405 590//1209 685//1403
f 685//1404 590//1210 686//1406
f 685//1403 587//1203 735//1507
f 735//1508 587//1204 685//1404
f 736//1509 684//1401 592//1213
f 592//1214 684//1402 736//1510
f 737//1511 639//1307 589//1207
f 589//1208 639//1308 737//1512
f 737//1511 589//1207 686//1405
f 686//1406 589//1208 737//1512
f 687//1407 594//1217 688//1409
f 688//1410 594//1218 687//1408
f 592//1213 687//1407 738//1513
f 738//1514 687//1408 592//1214
f 688//1409 640//1309 703//1443
f 703//1444 640//1310 688//1410
f 5//1411 739//1515 689//1412
f 689//1415 739//1516 5//1416
f 641//1311 689//1517 690//1417
f 690//1418 689//1518 641//1312
f 690//1417 691//1419 596//1221
f 596//1222 691//1420 690//1418
f 691//1419 692//1421 597//1223
f 597//1224 692//1422 691//1420
f 692//1421 693//1423 598//1225
f 598//1226 693//1424 692//1422
f 693//1423 740//1519 642//1313
f 642//1314 740//1520 693//1424
f 642//1313 741//1521 643//1315
f 643//1316 741//1522 642//1314
f 643//1315 694//1425 644//1317
f 644//1318 694//1426 643//1316
f 600//1229 694//1425 742//1523
f 742//1524 694//1426 600//1230
f 695//1427 600//1229 743//1525
f 743//1526 600//1230 695//1428
f 555//1139 695//1427 696//1429
f 696//1430 695//1428 555//1140
f 645//1319 696//1429 744//1527
f 744//1528 696//1430 645//1320
f 646//1321 645//1319 745//1529
f 745//1530 645//1320 646//1322
f 646//1321 745//1529 697//1431
f 697//1432 745//1530 646//1322
f 697//1431 746//1531 647//1323
f 647//1324 746//1532 697//1432
f 647//1323 747//1533 698//1433
f 698//1434 747//1534 647//1324
f 698//1433 748//1535 603//1235
f 603//1236 748//1536 698//1434
f 603//1235 748//1535 699//1435
f 699//1436 748//1536 603//1236
f 604//1237 699//1435 700//1437
f 700//1438 699//1436 604//1238
f 749//1537 648//1325 700//1437
f 700//1438 648//1326 749//1538
f 701//1439 648//1325 750//1539
f 750//1540 648//1326 701//1440
f 649//1327 701//1439 750//1539
f 750//1540 701//1440 649//1328
f 702//1441 649//1327 751//1541
f 751//1542 649//1328 702//1442
f 650//1329 702//1441 751//1541
f 751//1542 702//1442 650//1330
f 703//1443 650//1329 752//1543
f 752//1544 650//1330 703//1444
f 651//1331 753//1545 652//1333
f 652//1334 753//1546 651//1332
f 653//1335 652//1333 704//1445
f 704//1446 652//1334 653//1336
f 560//1149 704//1445 705//1447
f 705//1448 704//1446 560//1150
f 654//1337 705//1447 754//1547
f 754//1548 705//1448 654//1338
f 669//1367 654//1337 719//1475
f 719//1476 654//1338 669//1368
f 659//1347 753//1545 651//1331
f 651//1332 753//1546 659//1348
f 712//1461 611//1251 617//1263
f 617//1264 611//1252 712//1462
f 707//1451 610//1249 706//1449
f 706//1450 610//1250 707//1452
f 755//1549 706//1449 611//1251
f 611//1252 706//1450 755//1550
f 756//1551 656//1341 655//1339
f 655//1340 656//1342 756//1552
f 707//1451 757//1553 655//1339
f 655//1340 757//1554 707//1452
f 656//1341 758//1555 657//1343
f 657//1344 758//1556 656//1342
f 657//1343 759//1557 708//1453
f 708//1454 759//1558 657//1344
f 612//1253 708//1453 709//1455
f 709//1456 708//1454 612//1254
f 658//1345 709//1455 760//1559
f 760//1560 709//1456 658//1346
f 659//1347 658//1345 761//1561
f 761//1562 658//1346 659//1348
f 664//1357 762//1563 615//1259
f 615//1260 762//1564 664//1358
f 762//1563 710//1457 615//1259
f 615//1260 710//1458 762//1564
f 710//1457 711//1459 616//1261
f 616//1262 711//1460 710//1458
f 711//1459 763//1565 660//1349
f 660//1350 763//1566 711//1460
f 763//1565 712//1461 660//1349
f 660//1350 712//1462 763//1566
f 713//1463 764//1567 661//1351
f 661//1352 764//1568 713//1464
f 661//1351 765//1569 662//1353
f 662//1354 765//1570 661//1352
f 662//1353 766//1571 714//1465
f 714//1466 766//1572 662//1354
f 714//1465 664//1357 663//1355
f 663//1356 664//1358 714//1466
f 767//1573 713//1463 665//1359
f 665//1360 713//1464 767//1574
f 715//1467 768//1575 666//1361
f 666//1362 768//1576 715//1468
f 715//1467 620//1269 716//1469
f 716//1470 620//1270 715//1468
f 716//1469 621//1271 717//1471
f 717//1472 621//1272 716//1470
f 717//1471 667//1363 769//1577
f 769//1578 667//1364 717//1472
f 769//1577 667//1363 639//1307
f 639//1308 667//1364 769//1578
f 718//1473 767//1573 665//1359
f 665//1360 767//1574 718//1474
f 718//1473 666//1361 768//1575
f 768//1576 666//1362 718//1474
f 624//1277 770//1579 668//1365
f 668//1366 770//1580 624//1278
f 668//1365 728//1493 677//1383
f 677//1384 728//1494 668//1366
f 626//1281 719//1475 771//1581
f 771//1582 719//1476 626//1282
f 626//1281 771//1581 720//1477
f 720//1478 771//1582 626//1282
f 624//1277 720//1477 770//1579
f 770//1580 720//1478 624//1278
f 632//1293 772//1583 671//1371
f 671//1372 772//1584 632//1294
f 671//1371 773//1585 721//1479
f 721//1480 773//1586 671//1372
f 721//1479 773//1585 672//1373
f 672//1374 773//1586 721//1480
f 722//1481 672//1373 774//1587
f 774//1588 672//1374 722//1482
f 673//1375 722//1481 774//1587
f 774//1588 722//1482 673//1376
f 629//1287 673//1375 775//1589
f 775//1590 673//1376 629//1288
f 723//1483 629//1287 776//1591
f 776//1592 629//1288 723//1484
f 725//1487 579//1187 723//1483
f 723//1484 579//1188 725//1488
f 727//1491 724//1485 674//1377
f 674//1378 724//1486 727//1492
f 777//1593 674//1377 725//1487
f 725//1488 674//1378 777//1594
f 727//1491 582//1193 724//1485
f 724//1486 582//1194 727//1492
f 778//1595 675//1379 631//1291
f 631//1292 675//1380 778//1596
f 778//1595 631//1291 726//1489
f 726//1490 631//1292 778//1596
f 726//1489 676//1381 727//1491
f 727//1492 676//1382 726//1490
f 632//1293 728//1493 772//1583
f 772//1584 728//1494 632//1294
f 779//1597 678//1385 675//1379
f 675//1380 678//1386 779//1598
f 780//1599 635//1299 678//1385
f 678//1386 635//1300 780//1600
f 729//1495 635//1299 781//1601
f 781//1602 635//1300 729//1496
f 734//1505 586//1201 729//1495
f 729//1496 586//1202 734//1506
f 732//1603 637//1387 730//1497
f 730//1498 637//1390 732//1604
f 730//1497 636//1301 782//1605
f 782//1606 636//1302 730//1498
f 731//1499 679//1391 681//1395
f 681//1396 679//1392 731//1500
f 636//1301 731//1499 782//1605
f 782//1606 731//1500 636//1302
f 732//1603 733//1607 680//1608
f 680//1609 733//1610 732//1604
f 733//1611 783//1611 5//1611
f 5//1612 783//1612 733//1612
f 681//1395 682//1397 784//1613
f 784//1614 682//1398 681//1396
f 682//1397 683//1399 734//1505
f 734//1506 683//1400 682//1398
f 735//1507 684//1401 736//1509
f 736//1510 684//1402 735//1508
f 785//1615 686//1405 685//1403
f 685//1404 686//1406 785//1616
f 786//1617 685//1403 735//1507
f 735//1508 685//1404 786//1618
f 736//1509 592//1213 738//1513
f 738//1514 592//1214 736//1510
f 787//1619 639//1307 737//1511
f 737//1512 639//1308 787//1620
f 787//1619 737//1511 686//1405
f 686//1406 737//1512 787//1620
f 738//1513 687//1407 688//1409
f 688//1410 687//1408 738//1514
f 688//1409 703//1443 788//1621
f 788//1622 703//1444 688//1410
f 5//1411 789//1623 739//1515
f 739//1516 789//1624 5//1416
f 739//1515 790//1625 689//1412
f 689//1415 790//1626 739//1516
f 689//1517 791//1627 690//1417
f 690//1418 791//1628 689//1518
f 691//1419 690//1417 792//1629
f 792//1630 690//1418 691//1420
f 692//1421 691//1419 793//1631
f 793//1632 691//1420 692//1422
f 692//1421 794//1633 693//1423
f 693//1424 794//1634 692//1422
f 795//1635 740//1519 693//1423
f 693//1424 740//1520 795//1636
f 740//1519 741//1521 642//1313
f 642//1314 741//1522 740//1520
f 741//1521 796//1637 643//1315
f 643//1316 796//1638 741//1522
f 643//1315 796//1637 694//1425
f 694//1426 796//1638 643//1316
f 742//1523 694//1425 797//1639
f 797//1640 694//1426 742//1524
f 600//1229 742//1523 743//1525
f 743//1526 742//1524 600//1230
f 696//1429 695//1427 743//1525
f 743//1526 695//1428 696//1430
f 744//1527 696//1429 798//1641
f 798//1642 696//1430 744//1528
f 745//1529 645//1319 744//1527
f 744//1528 645//1320 745//1530
f 745//1529 744//1527 697//1431
f 697//1432 744//1528 745//1530
f 697//1431 744//1527 746//1531
f 746//1532 744//1528 697//1432
f 647//1323 746//1531 747//1533
f 747//1534 746//1532 647//1324
f 747//1533 748//1535 698//1433
f 698//1434 748//1536 747//1534
f 699//1435 748//1535 700//1437
f 700//1438 748//1536 699//1436
f 750//1539 648//1325 749//1537
f 749//1538 648//1326 750//1540
f 749//1537 700//1437 799//1643
f 799//1644 700//1438 749//1538
f 649//1327 750//1539 800//1645
f 800//1646 750//1540 649//1328
f 751//1541 649//1327 800//1645
f 800//1646 649//1328 751//1542
f 650//1329 751//1541 752//1543
f 752//1544 751//1542 650//1330
f 788//1621 703//1443 752//1543
f 752//1544 703//1444 788//1622
f 753//1545 801//1647 652//1333
f 652//1334 801//1648 753//1546
f 652//1333 801//1647 704//1445
f 704//1446 801//1648 652//1334
f 705//1447 704//1445 754//1547
f 754//1548 704//1446 705//1448
f 654//1337 754//1547 802//1649
f 802//1650 754//1548 654//1338
f 654//1337 802//1649 719//1475
f 719//1476 802//1650 654//1338
f 659//1347 803//1651 753//1545
f 753//1546 803//1652 659//1348
f 712//1461 755//1549 611//1251
f 611//1252 755//1550 712//1462
f 755//1549 707//1451 706//1449
f 706//1450 707//1452 755//1550
f 656//1341 756//1551 758//1555
f 758//1556 756//1552 656//1342
f 757//1553 756//1551 655//1339
f 655//1340 756//1552 757//1554
f 804//1653 757//1553 707//1451
f 707//1452 757//1554 804//1654
f 657//1343 758//1555 759//1557
f 759//1558 758//1556 657//1344
f 708//1453 759//1557 805//1655
f 805//1656 759//1558 708//1454
f 709//1455 708//1453 760//1559
f 760//1560 708//1454 709//1456
f 658//1345 760//1559 761//1561
f 761//1562 760//1560 658//1346
f 659//1347 761//1561 806//1657
f 806//1658 761//1562 659//1348
f 807//1659 762//1563 664//1357
f 664//1358 762//1564 807//1660
f 762//1563 808//1661 710//1457
f 710//1458 808//1662 762//1564
f 809//1663 711//1459 710//1457
f 710//1458 711//1460 809//1664
f 810//1665 763//1565 711//1459
f 711//1460 763//1566 810//1666
f 763//1565 811//1667 712//1461
f 712//1462 811//1668 763//1566
f 713//1463 812//1669 764//1567
f 764//1568 812//1670 713//1464
f 764//1567 765//1569 661//1351
f 661//1352 765//1570 764//1568
f 765//1569 766//1571 662//1353
f 662//1354 766//1572 765//1570
f 766//1571 807//1659 714//1465
f 714//1466 807//1660 766//1572
f 714//1465 807//1659 664//1357
f 664//1358 807//1660 714//1466
f 813//1671 713//1463 767//1573
f 767//1574 713//1464 813//1672
f 814//1673 768//1575 715//1467
f 715//1468 768//1576 814//1674
f 815//1675 715//1467 716//1469
f 716//1470 715//1468 815//1676
f 815//1675 716//1469 717//1471
f 717//1472 716//1470 815//1676
f 717//1471 769//1577 816//1677
f 816//1678 769//1578 717//1472
f 769//1577 639//1307 787//1619
f 787//1620 639//1308 769//1578
f 718//1473 813//1671 767//1573
f 767//1574 813//1672 718//1474
f 814//1673 718//1473 768//1575
f 768//1576 718//1474 814//1674
f 668//1365 770//1579 817//1679
f 817//1680 770//1580 668//1366
f 668//1365 818//1681 728//1493
f 728//1494 818//1682 668//1366
f 771//1581 719//1475 819//1683
f 819//1684 719//1476 771//1582
f 720//1477 771//1581 819//1683
f 819//1684 771//1582 720//1478
f 770//1579 720//1477 817//1679
f 817//1680 720//1478 770//1580
f 772//1583 820//1685 671//1371
f 671//1372 820//1686 772//1584
f 671//1371 820//1685 773//1585
f 773//1586 820//1686 671//1372
f 773//1585 821//1687 672//1373
f 672//1374 821//1688 773//1586
f 672//1373 821//1687 774//1587
f 774//1588 821//1688 672//1374
f 673//1375 774//1587 822//1689
f 822//1690 774//1588 673//1376
f 775//1589 673//1375 823//1691
f 823//1692 673//1376 775//1590
f 776//1591 629//1287 775//1589
f 775//1590 629//1288 776//1592
f 725//1487 723//1483 776//1591
f 776//1592 723//1484 725//1488
f 727//1491 674//1377 824//1693
f 824//1694 674//1378 727//1492
f 825//1695 674//1377 777//1593
f 777//1594 674//1378 825//1696
f 777//1593 725//1487 826//1697
f 826//1698 725//1488 777//1594
f 827//1699 675//1379 778//1595
f 778//1596 675//1380 827//1700
f 827//1699 778//1595 726//1489
f 726//1490 778//1596 827//1700
f 828//1701 726//1489 727//1491
f 727//1492 726//1490 828//1702
f 728//1493 829//1703 772//1583
f 772//1584 829//1704 728//1494
f 830//1705 678//1385 779//1597
f 779//1598 678//1386 830//1706
f 827//1699 779//1597 675//1379
f 675//1380 779//1598 827//1700
f 781//1601 635//1299 780//1599
f 780//1600 635//1300 781//1602
f 830//1705 780//1599 678//1385
f 678//1386 780//1600 830//1706
f 734//1505 729//1495 781//1601
f 781//1602 729//1496 734//1506
f 732//1603 730//1497 782//1605
f 782//1606 730//1498 732//1604
f 681//1395 831//1707 731//1499
f 731//1500 831//1708 681//1396
f 782//1605 731//1499 832//1709
f 832//1710 731//1500 782//1606
f 733//1607 732//1603 833//1711
f 833//1712 732//1604 733//1610
f 833//1713 783//1713 733//1713
f 733//1714 783//1714 833//1714
f 834//1715 5//1715 783//1715
f 783//1716 5//1716 834//1716
f 784//1613 682//1397 835//1717
f 835//1718 682//1398 784//1614
f 681//1395 784//1613 831//1707
f 831//1708 784//1614 681//1396
f 682//1397 734//1505 835//1717
f 835//1718 734//1506 682//1398
f 836//1719 735//1507 736//1509
f 736//1510 735//1508 836//1720
f 837//1721 686//1405 785//1615
f 785//1616 686//1406 837//1722
f 785//1615 685//1403 786//1617
f 786//1618 685//1404 785//1616
f 786//1617 735//1507 836//1719
f 836//1720 735//1508 786//1618
f 836//1719 736//1509 738//1513
f 738//1514 736//1510 836//1720
f 837//1721 787//1619 686//1405
f 686//1406 787//1620 837//1722
f 738//1513 688//1409 838//1723
f 838//1724 688//1410 738//1514
f 688//1409 788//1621 839//1725
f 839//1726 788//1622 688//1410
f 5//1411 840//1727 789//1623
f 789//1624 840//1728 5//1416
f 739//1515 789//1623 790//1625
f 790//1626 789//1624 739//1516
f 689//1412 790//1625 791//1729
f 791//1730 790//1626 689//1415
f 791//1729 841//1731 690//1417
f 690//1418 841//1732 791//1730
f 690//1417 841//1731 792//1629
f 792//1630 841//1732 690//1418
f 691//1419 792//1629 793//1631
f 793//1632 792//1630 691//1420
f 793//1631 842//1733 692//1421
f 692//1422 842//1734 793//1632
f 692//1421 842//1733 794//1633
f 794//1634 842//1734 692//1422
f 794//1633 795//1635 693//1423
f 693//1424 795//1636 794//1634
f 795//1635 843//1735 740//1519
f 740//1520 843//1736 795//1636
f 740//1519 844//1737 741//1521
f 741//1522 844//1738 740//1520
f 741//1521 845//1739 796//1637
f 796//1638 845//1740 741//1522
f 796//1637 845//1739 694//1425
f 694//1426 845//1740 796//1638
f 694//1425 846//1741 797//1639
f 797//1640 846//1742 694//1426
f 743//1525 742//1523 797//1639
f 797//1640 742//1524 743//1526
f 696//1429 743//1525 847//1743
f 847//1744 743//1526 696//1430
f 696//1429 847//1743 798//1641
f 798//1642 847//1744 696//1430
f 744//1527 798//1641 848//1745
f 848//1746 798//1642 744//1528
f 744//1527 848//1745 746//1531
f 746//1532 848//1746 744//1528
f 747//1533 746//1531 849//1747
f 849//1748 746//1532 747//1534
f 748//1535 747//1533 850//1749
f 850//1750 747//1534 748//1536
f 700//1437 748//1535 851//1751
f 851//1752 748//1536 700//1438
f 852//1753 750//1539 749//1537
f 749//1538 750//1540 852//1754
f 700//1437 853//1755 799//1643
f 799//1644 853//1756 700//1438
f 749//1537 799//1643 854//1757
f 854//1758 799//1644 749//1538
f 800//1645 750//1539 852//1753
f 852//1754 750//1540 800//1646
f 855//1759 751//1541 800//1645
f 800//1646 751//1542 855//1760
f 752//1543 751//1541 855//1759
f 855//1760 751//1542 752//1544
f 788//1621 752//1543 856//1761
f 856//1762 752//1544 788//1622
f 753//1545 857//1763 801//1647
f 801//1648 857//1764 753//1546
f 704//1445 801//1647 858//1765
f 858//1766 801//1648 704//1446
f 704//1445 859//1767 754//1547
f 754//1548 859//1768 704//1446
f 802//1649 754//1547 860//1769
f 860//1770 754//1548 802//1650
f 719//1475 802//1649 860//1769
f 860//1770 802//1650 719//1476
f 659//1347 806//1657 803//1651
f 803//1652 806//1658 659//1348
f 803//1651 861//1771 753//1545
f 753//1546 861//1772 803//1652
f 811//1667 755//1549 712//1461
f 712//1462 755//1550 811//1668
f 862//1773 707//1451 755//1549
f 755//1550 707//1452 862//1774
f 756//1551 863//1775 758//1555
f 758//1556 863//1776 756//1552
f 757//1553 864//1777 756//1551
f 756//1552 864//1778 757//1554
f 804//1653 865//1779 757//1553
f 757//1554 865//1780 804//1654
f 862//1773 804//1653 707//1451
f 707//1452 804//1654 862//1774
f 758//1555 866//1781 759//1557
f 759//1558 866//1782 758//1556
f 805//1655 759//1557 867//1783
f 867//1784 759//1558 805//1656
f 760//1559 708//1453 805//1655
f 805//1656 708//1454 760//1560
f 761//1561 760//1559 806//1657
f 806//1658 760//1560 761//1562
f 868//1785 762//1563 807//1659
f 807//1660 762//1564 868//1786
f 762//1563 869//1787 808//1661
f 808//1662 869//1788 762//1564
f 808//1661 809//1663 710//1457
f 710//1458 809//1664 808//1662
f 809//1663 810//1665 711//1459
f 711//1460 810//1666 809//1664
f 810//1665 870//1789 763//1565
f 763//1566 870//1790 810//1666
f 870//1789 811//1667 763//1565
f 763//1566 811//1668 870//1790
f 871//1791 812//1669 713//1463
f 713//1464 812//1670 871//1792
f 812//1669 765//1569 764//1567
f 764//1568 765//1570 812//1670
f 765//1569 872//1793 766//1571
f 766//1572 872//1794 765//1570
f 766//1571 868//1785 807//1659
f 807//1660 868//1786 766//1572
f 813//1671 871//1791 713//1463
f 713//1464 871//1792 813//1672
f 814//1673 715//1467 873//1795
f 873//1796 715//1468 814//1674
f 873//1795 715//1467 815//1675
f 815//1676 715//1468 873//1796
f 815//1675 717//1471 874//1797
f 874//1798 717//1472 815//1676
f 875//1799 816//1677 769//1577
f 769//1578 816//1678 875//1800
f 876//1801 717//1471 816//1677
f 816//1678 717//1472 876//1802
f 875//1799 769//1577 787//1619
f 787//1620 769//1578 875//1800
f 718//1473 877//1803 813//1671
f 813//1672 877//1804 718//1474
f 877//1803 718//1473 814//1673
f 814//1674 718//1474 877//1804
f 668//1365 817//1679 818//1681
f 818//1682 817//1680 668//1366
f 818//1681 878//1805 728//1493
f 728//1494 878//1806 818//1682
f 719//1475 879//1807 819//1683
f 819//1684 879//1808 719//1476
f 720//1477 819//1683 880//1809
f 880//1810 819//1684 720//1478
f 720//1477 880//1809 817//1679
f 817//1680 880//1810 720//1478
f 772//1583 881//1811 820//1685
f 820//1686 881//1812 772//1584
f 820//1685 881//1811 773//1585
f 773//1586 881//1812 820//1686
f 773//1585 882//1813 821//1687
f 821//1688 882//1814 773//1586
f 821//1687 882//1813 774//1587
f 774//1588 882//1814 821//1688
f 822//1689 774//1587 883//1815
f 883//1816 774//1588 822//1690
f 823//1691 673//1375 822//1689
f 822//1690 673//1376 823//1692
f 776//1591 775//1589 823//1691
f 823//1692 775//1590 776//1592
f 725//1487 776//1591 884//1817
f 884//1818 776//1592 725//1488
f 824//1693 674//1377 825//1695
f 825//1696 674//1378 824//1694
f 885//1819 727//1491 824//1693
f 824//1694 727//1492 885//1820
f 825//1695 777//1593 826//1697
f 826//1698 777//1594 825//1696
f 826//1697 725//1487 884//1817
f 884//1818 725//1488 826//1698
f 886//1821 827//1699 726//1489
f 726//1490 827//1700 886//1822
f 828//1701 886//1821 726//1489
f 726//1490 886//1822 828//1702
f 828//1701 727//1491 887//1823
f 887//1824 727//1492 828//1702
f 728//1493 888//1825 829//1703
f 829//1704 888//1826 728//1494
f 772//1583 829//1703 881//1811
f 881//1812 829//1704 772//1584
f 830//1705 779//1597 827//1699
f 827//1700 779//1598 830//1706
f 781//1601 780//1599 830//1705
f 830//1706 780//1600 781//1602
f 734//1505 781//1601 889//1827
f 889//1828 781//1602 734//1506
f 732//1603 782//1605 890//1829
f 890//1830 782//1606 732//1604
f 731//1499 831//1707 891//1831
f 891//1832 831//1708 731//1500
f 731//1499 891//1831 832//1709
f 832//1710 891//1832 731//1500
f 782//1605 832//1709 892//1833
f 892//1834 832//1710 782//1606
f 833//1711 732//1603 890//1829
f 890//1830 732//1604 833//1712
f 833//1711 834//1835 783//1836
f 783//1837 834//1838 833//1712
f 834//1839 893//1839 5//1839
f 5//1840 893//1840 834//1840
f 784//1613 835//1717 894//1841
f 894//1842 835//1718 784//1614
f 831//1707 784//1613 895//1843
f 895//1844 784//1614 831//1708
f 835//1717 734//1505 889//1827
f 889//1828 734//1506 835//1718
f 896//1845 837//1721 785//1615
f 785//1616 837//1722 896//1846
f 897//1847 785//1615 786//1617
f 786//1618 785//1616 897//1848
f 898//1849 786//1617 836//1719
f 836//1720 786//1618 898//1850
f 836//1719 738//1513 899//1851
f 899//1852 738//1514 836//1720
f 875//1799 787//1619 837//1721
f 837//1722 787//1620 875//1800
f 838//1723 688//1409 839//1725
f 839//1726 688//1410 838//1724
f 738//1513 838//1723 900//1853
f 900//1854 838//1724 738//1514
f 839//1725 788//1621 901//1855
f 901//1856 788//1622 839//1726
f 5//1411 902//1857 840//1727
f 840//1728 902//1858 5//1416
f 840//1727 903//1859 789//1623
f 789//1624 903//1860 840//1728
f 903//1859 790//1625 789//1623
f 789//1624 790//1626 903//1860
f 790//1625 841//1731 791//1729
f 791//1730 841//1732 790//1626
f 841//1731 904//1861 792//1629
f 792//1630 904//1862 841//1732
f 793//1631 792//1629 842//1733
f 842//1734 792//1630 793//1632
f 842//1733 795//1635 794//1633
f 794//1634 795//1636 842//1734
f 795//1635 905//1863 843//1735
f 843//1736 905//1864 795//1636
f 843//1735 844//1737 740//1519
f 740//1520 844//1738 843//1736
f 844//1737 845//1739 741//1521
f 741//1522 845//1740 844//1738
f 845//1739 846//1741 694//1425
f 694//1426 846//1742 845//1740
f 846//1741 906//1865 797//1639
f 797//1640 906//1866 846//1742
f 743//1525 797//1639 907//1867
f 907//1868 797//1640 743//1526
f 847//1743 743//1525 908//1869
f 908//1870 743//1526 847//1744
f 847//1743 908//1869 798//1641
f 798//1642 908//1870 847//1744
f 798//1641 909//1871 848//1745
f 848//1746 909//1872 798//1642
f 746//1531 848//1745 910//1873
f 910//1874 848//1746 746//1532
f 746//1531 910//1873 849//1747
f 849//1748 910//1874 746//1532
f 747//1533 849//1747 911//1875
f 911//1876 849//1748 747//1534
f 747//1533 911//1875 850//1749
f 850//1750 911//1876 747//1534
f 748//1535 850//1749 912//1877
f 912//1878 850//1750 748//1536
f 748//1535 912//1877 851//1751
f 851//1752 912//1878 748//1536
f 700//1437 851//1751 853//1755
f 853//1756 851//1752 700//1438
f 852//1753 749//1537 913//1879
f 913//1880 749//1538 852//1754
f 799//1643 853//1755 914//1881
f 914//1882 853//1756 799//1644
f 854//1757 799//1643 915//1883
f 915//1884 799//1644 854//1758
f 913//1879 749//1537 854//1757
f 854//1758 749//1538 913//1880
f 916//1885 800//1645 852//1753
f 852//1754 800//1646 916//1886
f 855//1759 800//1645 916//1885
f 916//1886 800//1646 855//1760
f 856//1761 752//1543 855//1759
f 855//1760 752//1544 856//1762
f 788//1621 856//1761 901//1855
f 901//1856 856//1762 788//1622
f 753//1545 861//1771 857//1763
f 857//1764 861//1772 753//1546
f 857//1763 917//1887 801//1647
f 801//1648 917//1888 857//1764
f 801//1647 917//1887 858//1765
f 858//1766 917//1888 801//1648
f 704//1445 858//1765 859//1767
f 859//1768 858//1766 704//1446
f 754//1547 859//1767 918//1889
f 918//1890 859//1768 754//1548
f 754//1547 919//1891 860//1769
f 860//1770 919//1892 754//1548
f 719//1475 860//1769 879//1807
f 879//1808 860//1770 719//1476
f 803//1651 806//1657 861//1771
f 861//1772 806//1658 803//1652
f 811//1667 862//1773 755//1549
f 755//1550 862//1774 811//1668
f 864//1777 863//1775 756//1551
f 756//1552 863//1776 864//1778
f 758//1555 863//1775 866//1781
f 866//1782 863//1776 758//1556
f 865//1779 864//1777 757//1553
f 757//1554 864//1778 865//1780
f 920//1893 865//1779 804//1653
f 804//1654 865//1780 920//1894
f 921//1895 804//1653 862//1773
f 862//1774 804//1654 921//1896
f 759//1557 866//1781 867//1783
f 867//1784 866//1782 759//1558
f 805//1655 867//1783 922//1897
f 922//1898 867//1784 805//1656
f 760//1559 805//1655 923//1899
f 923//1900 805//1656 760//1560
f 806//1657 760//1559 923//1899
f 923//1900 760//1560 806//1658
f 868//1785 924//1901 762//1563
f 762//1564 924//1902 868//1786
f 924//1901 869//1787 762//1563
f 762//1564 869//1788 924//1902
f 869//1787 925//1903 808//1661
f 808//1662 925//1904 869//1788
f 925//1903 809//1663 808//1661
f 808//1662 809//1664 925//1904
f 926//1905 810//1665 809//1663
f 809//1664 810//1666 926//1906
f 927//1907 870//1789 810//1665
f 810//1666 870//1790 927//1908
f 870//1789 928//1909 811//1667
f 811//1668 928//1910 870//1790
f 871//1791 929//1911 812//1669
f 812//1670 929//1912 871//1792
f 812//1669 930//1913 765//1569
f 765//1570 930//1914 812//1670
f 765//1569 931//1915 872//1793
f 872//1794 931//1916 765//1570
f 872//1793 868//1785 766//1571
f 766//1572 868//1786 872//1794
f 813//1671 929//1911 871//1791
f 871//1792 929//1912 813//1672
f 932//1917 814//1673 873//1795
f 873//1796 814//1674 932//1918
f 932//1917 873//1795 815//1675
f 815//1676 873//1796 932//1918
f 876//1801 874//1797 717//1471
f 717//1472 874//1798 876//1802
f 933//1919 815//1675 874//1797
f 874//1798 815//1676 933//1920
f 876//1801 816//1677 875//1799
f 875//1800 816//1678 876//1802
f 877//1803 934//1921 813//1671
f 813//1672 934//1922 877//1804
f 934//1921 877//1803 814//1673
f 814//1674 877//1804 934//1922
f 817//1679 878//1805 818//1681
f 818//1682 878//1806 817//1680
f 728//1493 878//1805 888//1825
f 888//1826 878//1806 728//1494
f 819//1683 879//1807 935//1923
f 935//1924 879//1808 819//1684
f 880//1809 819//1683 936//1925
f 936//1926 819//1684 880//1810
f 817//1679 880//1809 936//1925
f 936//1926 880//1810 817//1680
f 773//1585 881//1811 937//1927
f 937//1928 881//1812 773//1586
f 773//1585 937//1927 882//1813
f 882//1814 937//1928 773//1586
f 883//1815 774//1587 882//1813
f 882//1814 774//1588 883//1816
f 823//1691 822//1689 883//1815
f 883//1816 822//1690 823//1692
f 776//1591 823//1691 938//1929
f 938//1930 823//1692 776//1592
f 884//1817 776//1591 939//1931
f 939//1932 776//1592 884//1818
f 885//1819 824//1693 825//1695
f 825//1696 824//1694 885//1820
f 887//1823 727//1491 885//1819
f 885//1820 727//1492 887//1824
f 825//1695 826//1697 940//1933
f 940//1934 826//1698 825//1696
f 826//1697 884//1817 939//1931
f 939//1932 884//1818 826//1698
f 941//1935 827//1699 886//1821
f 886//1822 827//1700 941//1936
f 941//1935 886//1821 828//1701
f 828//1702 886//1822 941//1936
f 942//1937 828//1701 887//1823
f 887//1824 828//1702 942//1938
f 888//1825 943//1939 829//1703
f 829//1704 943//1940 888//1826
f 829//1703 944//1941 881//1811
f 881//1812 944//1942 829//1704
f 945//1943 830//1705 827//1699
f 827//1700 830//1706 945//1944
f 781//1601 830//1705 946//1945
f 946//1946 830//1706 781//1602
f 889//1827 781//1601 947//1947
f 947//1948 781//1602 889//1828
f 890//1829 782//1605 892//1833
f 892//1834 782//1606 890//1830
f 831//1707 948//1949 891//1831
f 891//1832 948//1950 831//1708
f 832//1709 891//1831 949//1951
f 949//1952 891//1832 832//1710
f 892//1833 832//1709 950//1953
f 950//1954 832//1710 892//1834
f 951//1955 833//1711 890//1829
f 890//1830 833//1712 951//1956
f 834//1835 833//1711 951//1955
f 951//1956 833//1712 834//1838
f 951//1957 893//1957 834//1957
f 834//1958 893//1958 951//1958
f 952//1959 5//1959 893//1959
f 893//1960 5//1960 952//1960
f 894//1841 835//1717 953//1961
f 953//1962 835//1718 894//1842
f 784//1613 894//1841 895//1843
f 895//1844 894//1842 784//1614
f 831//1707 895//1843 948//1949
f 948//1950 895//1844 831//1708
f 835//1717 889//1827 947//1947
f 947//1948 889//1828 835//1718
f 954//1963 837//1721 896//1845
f 896//1846 837//1722 954//1964
f 896//1845 785//1615 897//1847
f 897//1848 785//1616 896//1846
f 897//1847 786//1617 955//1965
f 955//1966 786//1618 897//1848
f 955//1965 786//1617 898//1849
f 898//1850 786//1618 955//1966
f 898//1849 836//1719 956//1967
f 956//1968 836//1720 898//1850
f 899//1851 738//1513 900//1853
f 900//1854 738//1514 899//1852
f 836//1719 899//1851 956//1967
f 956//1968 899//1852 836//1720
f 954//1963 875//1799 837//1721
f 837//1722 875//1800 954//1964
f 900//1853 838//1723 839//1725
f 839//1726 838//1724 900//1854
f 839//1725 901//1855 957//1969
f 957//1970 901//1856 839//1726
f 5//1411 958//1971 902//1857
f 902//1858 958//1972 5//1416
f 902//1857 903//1859 840//1727
f 840//1728 903//1860 902//1858
f 790//1625 903//1859 959//1973
f 959//1974 903//1860 790//1626
f 790//1625 960//1975 841//1731
f 841//1732 960//1976 790//1626
f 841//1731 960//1975 904//1861
f 904//1862 960//1976 841//1732
f 792//1629 904//1861 961//1977
f 961//1978 904//1862 792//1630
f 842//1733 792//1629 961//1977
f 961//1978 792//1630 842//1734
f 842//1733 962//1979 795//1635
f 795//1636 962//1980 842//1734
f 795//1635 963//1981 905//1863
f 905//1864 963//1982 795//1636
f 905//1863 964//1983 843//1735
f 843//1736 964//1984 905//1864
f 843//1735 965//1985 844//1737
f 844//1738 965//1986 843//1736
f 844//1737 966//1987 845//1739
f 845//1740 966//1988 844//1738
f 845//1739 906//1865 846//1741
f 846//1742 906//1866 845//1740
f 797//1639 906//1865 967//1989
f 967//1990 906//1866 797//1640
f 797//1639 968//1991 907//1867
f 907//1868 968//1992 797//1640
f 743//1525 907//1867 908//1869
f 908//1870 907//1868 743//1526
f 798//1641 908//1869 969//1993
f 969//1994 908//1870 798//1642
f 798//1641 969//1993 909//1871
f 909//1872 969//1994 798//1642
f 848//1745 909//1871 970//1995
f 970//1996 909//1872 848//1746
f 848//1745 971//1997 910//1873
f 910//1874 971//1998 848//1746
f 849//1747 910//1873 911//1875
f 911//1876 910//1874 849//1748
f 850//1749 911//1875 912//1877
f 912//1878 911//1876 850//1750
f 853//1755 851//1751 912//1877
f 912//1878 851//1752 853//1756
f 852//1753 913//1879 972//1999
f 972//2000 913//1880 852//1754
f 914//1881 853//1755 973//2001
f 973//2002 853//1756 914//1882
f 915//1883 799//1643 914//1881
f 914//1882 799//1644 915//1884
f 974//2003 854//1757 915//1883
f 915//1884 854//1758 974//2004
f 972//1999 913//1879 854//1757
f 854//1758 913//1880 972//2000
f 916//1885 852//1753 975//2005
f 975//2006 852//1754 916//1886
f 855//1759 916//1885 976//2007
f 976//2008 916//1886 855//1760
f 901//1855 856//1761 855//1759
f 855//1760 856//1762 901//1856
f 857//1763 861//1771 917//1887
f 917//1888 861//1772 857//1764
f 917//1887 977//2009 858//1765
f 858//1766 977//2010 917//1888
f 859//1767 858//1765 918//1889
f 918//1890 858//1766 859//1768
f 754//1547 918//1889 919//1891
f 919//1892 918//1890 754//1548
f 860//1769 919//1891 978//2011
f 978//2012 919//1892 860//1770
f 879//1807 860//1769 935//1923
f 935//1924 860//1770 879//1808
f 861//1771 806//1657 979//2013
f 979//2014 806//1658 861//1772
f 928//1909 862//1773 811//1667
f 811//1668 862//1774 928//1910
f 864//1777 980//2015 863//1775
f 863//1776 980//2016 864//1778
f 863//1775 981//2017 866//1781
f 866//1782 981//2018 863//1776
f 982//2019 864//1777 865//1779
f 865//1780 864//1778 982//2020
f 983//2021 865//1779 920//1893
f 920//1894 865//1780 983//2022
f 921//1895 920//1893 804//1653
f 804//1654 920//1894 921//1896
f 928//1909 921//1895 862//1773
f 862//1774 921//1896 928//1910
f 866//1781 984//2023 867//1783
f 867//1784 984//2024 866//1782
f 922//1897 867//1783 985//2025
f 985//2026 867//1784 922//1898
f 923//1899 805//1655 922//1897
f 922//1898 805//1656 923//1900
f 806//1657 923//1899 979//2013
f 979//2014 923//1900 806//1658
f 868//1785 986//2027 924//1901
f 924//1902 986//2028 868//1786
f 986//2027 869//1787 924//1901
f 924//1902 869//1788 986//2028
f 987//2029 925//1903 869//1787
f 869//1788 925//1904 987//2030
f 925//1903 926//1905 809//1663
f 809//1664 926//1906 925//1904
f 926//1905 927//1907 810//1665
f 810//1666 927//1908 926//1906
f 927//1907 988//2031 870//1789
f 870//1790 988//2032 927//1908
f 989//2033 928//1909 870//1789
f 870//1790 928//1910 989//2034
f 929//1911 990//2035 812//1669
f 812//1670 990//2036 929//1912
f 812//1669 991//2037 930//1913
f 930//1914 991//2038 812//1670
f 930//1913 931//1915 765//1569
f 765//1570 931//1916 930//1914
f 931//1915 868//1785 872//1793
f 872//1794 868//1786 931//1916
f 813//1671 992//2039 929//1911
f 929//1912 992//2040 813//1672
f 993//2041 814//1673 932//1917
f 932//1918 814//1674 993//2042
f 932//1917 815//1675 994//2043
f 994//2044 815//1676 932//1918
f 933//1919 874//1797 876//1801
f 876//1802 874//1798 933//1920
f 994//2043 815//1675 933//1919
f 933//1920 815//1676 994//2044
f 876//1801 875//1799 995//2045
f 995//2046 875//1800 876//1802
f 934//1921 992//2039 813//1671
f 813//1672 992//2040 934//1922
f 934//1921 814//1673 993//2041
f 993//2042 814//1674 934//1922
f 817//1679 996//2047 878//1805
f 878//1806 996//2048 817//1680
f 878//1805 943//1939 888//1825
f 888//1826 943//1940 878//1806
f 819//1683 935//1923 997//2049
f 997//2050 935//1924 819//1684
f 819//1683 997//2049 936//1925
f 936//1926 997//2050 819//1684
f 817//1679 936//1925 996//2047
f 996//2048 936//1926 817//1680
f 881//1811 998//2051 937//1927
f 937//1928 998//2052 881//1812
f 937//1927 998//2051 882//1813
f 882//1814 998//2052 937//1928
f 882//1813 999//2053 883//1815
f 883//1816 999//2054 882//1814
f 1000//2055 823//1691 883//1815
f 883//1816 823//1692 1000//2056
f 938//1929 823//1691 1000//2055
f 1000//2056 823//1692 938//1930
f 939//1931 776//1591 938//1929
f 938//1930 776//1592 939//1932
f 1001//2057 885//1819 825//1695
f 825//1696 885//1820 1001//2058
f 887//1823 885//1819 1001//2057
f 1001//2058 885//1820 887//1824
f 940//1933 826//1697 1002//2059
f 1002//2060 826//1698 940//1934
f 1003//2061 825//1695 940//1933
f 940//1934 825//1696 1003//2062
f 826//1697 939//1931 1004//2063
f 1004//2064 939//1932 826//1698
f 941//1935 945//1943 827//1699
f 827//1700 945//1944 941//1936
f 1005//2065 941//1935 828//1701
f 828//1702 941//1936 1005//2066
f 1005//2065 828//1701 942//1937
f 942//1938 828//1702 1005//2066
f 942//1937 887//1823 1006//2067
f 1006//2068 887//1824 942//1938
f 829//1703 943//1939 944//1941
f 944//1942 943//1940 829//1704
f 881//1811 944//1941 1007//2069
f 1007//2070 944//1942 881//1812
f 1008//2071 830//1705 945//1943
f 945//1944 830//1706 1008//2072
f 946//1945 830//1705 1008//2071
f 1008//2072 830//1706 946//1946
f 947//1947 781//1601 946//1945
f 946//1946 781//1602 947//1948
f 890//1829 892//1833 1009//2073
f 1009//2074 892//1834 890//1830
f 891//1831 948//1949 1010//2075
f 1010//2076 948//1950 891//1832
f 891//1831 1010//2075 949//1951
f 949//1952 1010//2076 891//1832
f 832//1709 949//1951 950//1953
f 950//1954 949//1952 832//1710
f 892//1833 950//1953 1011//2077
f 1011//2078 950//1954 892//1834
f 1012//2079 951//1955 890//1829
f 890//1830 951//1956 1012//2080
f 951//1955 952//2081 893//2082
f 893//2083 952//2084 951//1956
f 952//2085 1013//2085 5//2085
f 5//2086 1013//2086 952//2086
f 953//1961 835//1717 1014//2087
f 1014//2088 835//1718 953//1962
f 895//1843 894//1841 953//1961
f 953//1962 894//1842 895//1844
f 948//1949 895//1843 1015//2089
f 1015//2090 895//1844 948//1950
f 835//1717 947//1947 1014//2087
f 1014//2088 947//1948 835//1718
f 1016//2091 954//1963 896//1845
f 896//1846 954//1964 1016//2092
f 1017//2093 896//1845 897//1847
f 897//1848 896//1846 1017//2094
f 1018//2095 897//1847 955//1965
f 955//1966 897//1848 1018//2096
f 955//1965 898//1849 956//1967
f 956//1968 898//1850 955//1966
f 956//1967 899//1851 900//1853
f 900//1854 899//1852 956//1968
f 1019//2097 875//1799 954//1963
f 954//1964 875//1800 1019//2098
f 900//1853 839//1725 1020//2099
f 1020//2100 839//1726 900//1854
f 957//1969 901//1855 1021//2101
f 1021//2102 901//1856 957//1970
f 839//1725 957//1969 1022//2103
f 1022//2104 957//1970 839//1726
f 5//1411 1023//2105 958//1971
f 958//1972 1023//2106 5//1416
f 958//1971 1024//2107 902//1857
f 902//1858 1024//2108 958//1972
f 902//1857 1025//2109 903//1859
f 903//1860 1025//2110 902//1858
f 903//1859 1026//2111 959//1973
f 959//1974 1026//2112 903//1860
f 790//1625 959//1973 960//1975
f 960//1976 959//1974 790//1626
f 960//1975 1027//2113 904//1861
f 904//1862 1027//2114 960//1976
f 904//1861 1028//2115 961//1977
f 961//1978 1028//2116 904//1862
f 961//1977 1028//2115 842//1733
f 842//1734 1028//2116 961//1978
f 842//1733 1028//2115 962//1979
f 962//1980 1028//2116 842//1734
f 962//1979 963//1981 795//1635
f 795//1636 963//1982 962//1980
f 963//1981 964//1983 905//1863
f 905//1864 964//1984 963//1982
f 843//1735 964//1983 1029//2117
f 1029//2118 964//1984 843//1736
f 843//1735 1029//2117 965//1985
f 965//1986 1029//2118 843//1736
f 965//1985 966//1987 844//1737
f 844//1738 966//1988 965//1986
f 845//1739 966//1987 906//1865
f 906//1866 966//1988 845//1740
f 906//1865 1030//2119 967//1989
f 967//1990 1030//2120 906//1866
f 797//1639 967//1989 968//1991
f 968//1992 967//1990 797//1640
f 907//1867 968//1991 908//1869
f 908//1870 968//1992 907//1868
f 908//1869 1031//2121 969//1993
f 969//1994 1031//2122 908//1870
f 969//1993 1031//2121 909//1871
f 909//1872 1031//2122 969//1994
f 909//1871 1032//2123 970//1995
f 970//1996 1032//2124 909//1872
f 848//1745 970//1995 971//1997
f 971//1998 970//1996 848//1746
f 910//1873 971//1997 1033//2125
f 1033//2126 971//1998 910//1874
f 911//1875 910//1873 1034//2127
f 1034//2128 910//1874 911//1876
f 912//1877 911//1875 1035//2129
f 1035//2130 911//1876 912//1878
f 853//1755 912//1877 973//2001
f 973//2002 912//1878 853//1756
f 975//2005 852//1753 972//1999
f 972//2000 852//1754 975//2006
f 914//1881 973//2001 1036//2131
f 1036//2132 973//2002 914//1882
f 914//1881 974//2003 915//1883
f 915//1884 974//2004 914//1882
f 974//2003 1037//2133 854//1757
f 854//1758 1037//2134 974//2004
f 972//1999 854//1757 1038//2135
f 1038//2136 854//1758 972//2000
f 976//2007 916//1885 975//2005
f 975//2006 916//1886 976//2008
f 1021//2101 855//1759 976//2007
f 976//2008 855//1760 1021//2102
f 901//1855 855//1759 1021//2101
f 1021//2102 855//1760 901//1856
f 861//1771 1039//2137 917//1887
f 917//1888 1039//2138 861//1772
f 917//1887 1040//2139 977//2009
f 977//2010 1040//2140 917//1888
f 858//1765 977//2009 1041//2141
f 1041//2142 977//2010 858//1766
f 858//1765 1041//2141 918//1889
f 918//1890 1041//2142 858//1766
f 919//1891 918//1889 978//2011
f 978//2012 918//1890 919//1892
f 860//1769 978//2011 1042//2143
f 1042//2144 978//2012 860//1770
f 860//1769 1042//2143 935//1923
f 935//1924 1042//2144 860//1770
f 861//1771 979//2013 1039//2137
f 1039//2138 979//2014 861//1772
f 982//2019 980//2015 864//1777
f 864//1778 980//2016 982//2020
f 980//2015 981//2017 863//1775
f 863//1776 981//2018 980//2016
f 866//1781 981//2017 984//2023
f 984//2024 981//2018 866//1782
f 983//2021 982//2019 865//1779
f 865//1780 982//2020 983//2022
f 1043//2145 983//2021 920//1893
f 920//1894 983//2022 1043//2146
f 1043//2145 920//1893 921//1895
f 921//1896 920//1894 1043//2146
f 1044//2147 921//1895 928//1909
f 928//1910 921//1896 1044//2148
f 867//1783 984//2023 985//2025
f 985//2026 984//2024 867//1784
f 922//1897 985//2025 1045//2149
f 1045//2150 985//2026 922//1898
f 923//1899 922//1897 1046//2151
f 1046//2152 922//1898 923//1900
f 979//2013 923//1899 1046//2151
f 1046//2152 923//1900 979//2014
f 1047//2153 986//2027 868//1785
f 868//1786 986//2028 1047//2154
f 986//2027 1048//2155 869//1787
f 869//1788 1048//2156 986//2028
f 987//2029 1049//2157 925//1903
f 925//1904 1049//2158 987//2030
f 1048//2155 987//2029 869//1787
f 869//1788 987//2030 1048//2156
f 1049//2157 926//1905 925//1903
f 925//1904 926//1906 1049//2158
f 1050//2159 927//1907 926//1905
f 926//1906 927//1908 1050//2160
f 1051//2161 988//2031 927//1907
f 927//1908 988//2032 1051//2162
f 988//2031 989//2033 870//1789
f 870//1790 989//2034 988//2032
f 989//2033 1052//2163 928//1909
f 928//1910 1052//2164 989//2034
f 990//2035 929//1911 1053//2165
f 1053//2166 929//1912 990//2036
f 990//2035 991//2037 812//1669
f 812//1670 991//2038 990//2036
f 991//2037 931//1915 930//1913
f 930//1914 931//1916 991//2038
f 931//1915 1047//2153 868//1785
f 868//1786 1047//2154 931//1916
f 929//1911 992//2039 1054//2167
f 1054//2168 992//2040 929//1912
f 1055//2169 993//2041 932//1917
f 932//1918 993//2042 1055//2170
f 1056//2171 932//1917 994//2043
f 994//2044 932//1918 1056//2172
f 933//1919 876//1801 1057//2173
f 1057//2174 876//1802 933//1920
f 1056//2171 994//2043 933//1919
f 933//1920 994//2044 1056//2172
f 1019//2097 995//2045 875//1799
f 875//1800 995//2046 1019//2098
f 1058//2175 876//1801 995//2045
f 995//2046 876//1802 1058//2176
f 992//2039 934//1921 1054//2167
f 1054//2168 934//1922 992//2040
f 934//1921 993//2041 1055//2169
f 1055//2170 993//2042 934//1922
f 996//2047 1059//2177 878//1805
f 878//1806 1059//2178 996//2048
f 878//1805 1060//2179 943//1939
f 943//1940 1060//2180 878//1806
f 997//2049 935//1923 1061//2181
f 1061//2182 935//1924 997//2050
f 936//1925 997//2049 1061//2181
f 1061//2182 997//2050 936//1926
f 936//1925 1059//2177 996//2047
f 996//2048 1059//2178 936//1926
f 881//1811 1007//2069 998//2051
f 998//2052 1007//2070 881//1812
f 882//1813 998//2051 1062//2183
f 1062//2184 998//2052 882//1814
f 882//1813 1062//2183 999//2053
f 999//2054 1062//2184 882//1814
f 883//1815 999//2053 1063//2185
f 1063//2186 999//2054 883//1816
f 1000//2055 883//1815 1064//2187
f 1064//2188 883//1816 1000//2056
f 939//1931 938//1929 1000//2055
f 1000//2056 938//1930 939//1932
f 1001//2057 825//1695 1003//2061
f 1003//2062 825//1696 1001//2058
f 887//1823 1001//2057 1065//2189
f 1065//2190 1001//2058 887//1824
f 1002//2059 826//1697 1004//2063
f 1004//2064 826//1698 1002//2060
f 1003//2061 940//1933 1002//2059
f 1002//2060 940//1934 1003//2062
f 1004//2063 939//1931 1066//2191
f 1066//2192 939//1932 1004//2064
f 1008//2071 945//1943 941//1935
f 941//1936 945//1944 1008//2072
f 1005//2065 1067//2193 941//1935
f 941//1936 1067//2194 1005//2066
f 1005//2065 942//1937 1068//2195
f 1068//2196 942//1938 1005//2066
f 1006//2067 887//1823 1065//2189
f 1065//2190 887//1824 1006//2068
f 942//1937 1006//2067 1069//2197
f 1069//2198 1006//2068 942//1938
f 943//1939 1070//2199 944//1941
f 944//1942 1070//2200 943//1940
f 944//1941 1071//2201 1007//2069
f 1007//2070 1071//2202 944//1942
f 947//1947 946//1945 1008//2071
f 1008//2072 946//1946 947//1948
f 892//1833 1011//2077 1009//2073
f 1009//2074 1011//2078 892//1834
f 890//1829 1009//2073 1072//2203
f 1072//2204 1009//2074 890//1830
f 948//1949 1073//2205 1010//2075
f 1010//2076 1073//2206 948//1950
f 949//1951 1010//2075 1074//2207
f 1074//2208 1010//2076 949//1952
f 950//1953 949//1951 1075//2209
f 1075//2210 949//1952 950//1954
f 950//1953 1075//2209 1011//2077
f 1011//2078 1075//2210 950//1954
f 952//2081 951//1955 1012//2079
f 1012//2080 951//1956 952//2084
f 1012//2079 890//1829 1072//2203
f 1072//2204 890//1830 1012//2080
f 1012//2211 1013//2211 952//2211
f 952//2212 1013//2212 1012//2212
f 1076//2213 5//2213 1013//2213
f 1013//2214 5//2214 1076//2214
f 953//1961 1014//2087 1077//2215
f 1077//2216 1014//2088 953//1962
f 895//1843 953//1961 1078//2217
f 1078//2218 953//1962 895//1844
f 895//1843 1079//2219 1015//2089
f 1015//2090 1079//2220 895//1844
f 948//1949 1015//2089 1080//2221
f 1080//2222 1015//2090 948//1950
f 1014//2087 947//1947 1077//2215
f 1077//2216 947//1948 1014//2088
f 1019//2097 954//1963 1016//2091
f 1016//2092 954//1964 1019//2098
f 1016//2091 896//1845 1017//2093
f 1017//2094 896//1846 1016//2092
f 1017//2093 897//1847 1018//2095
f 1018//2096 897//1848 1017//2094
f 1018//2095 955//1965 1081//2223
f 1081//2224 955//1966 1018//2096
f 955//1965 956//1967 1081//2223
f 1081//2224 956//1968 955//1966
f 956//1967 900//1853 1082//2225
f 1082//2226 900//1854 956//1968
f 1020//2099 839//1725 1022//2103
f 1022//2104 839//1726 1020//2100
f 900//1853 1020//2099 1083//2227
f 1083//2228 1020//2100 900//1854
f 957//1969 1021//2101 1084//2229
f 1084//2230 1021//2102 957//1970
f 1022//2103 957//1969 1084//2229
f 1084//2230 957//1970 1022//2104
f 1085//2231 1023//2105 5//1411
f 5//1416 1023//2106 1085//2232
f 958//1971 1023//2105 1024//2107
f 1024//2108 1023//2106 958//1972
f 902//1857 1024//2107 1025//2109
f 1025//2110 1024//2108 902//1858
f 1025//2109 1086//2233 903//1859
f 903//1860 1086//2234 1025//2110
f 903//1859 1086//2233 1026//2111
f 1026//2112 1086//2234 903//1860
f 1026//2111 1087//2235 959//1973
f 959//1974 1087//2236 1026//2112
f 959//1973 1088//2237 960//1975
f 960//1976 1088//2238 959//1974
f 960//1975 1089//2239 1027//2113
f 1027//2114 1089//2240 960//1976
f 904//1861 1027//2113 1090//2241
f 1090//2242 1027//2114 904//1862
f 904//1861 1091//2243 1028//2115
f 1028//2116 1091//2244 904//1862
f 1028//2115 963//1981 962//1979
f 962//1980 963//1982 1028//2116
f 963//1981 1092//2245 964//1983
f 964//1984 1092//2246 963//1982
f 964//1983 1093//2247 1029//2117
f 1029//2118 1093//2248 964//1984
f 1029//2117 1093//2247 965//1985
f 965//1986 1093//2248 1029//2118
f 965//1985 1094//2249 966//1987
f 966//1988 1094//2250 965//1986
f 966//1987 1095//2251 906//1865
f 906//1866 1095//2252 966//1988
f 906//1865 1096//2253 1030//2119
f 1030//2120 1096//2254 906//1866
f 967//1989 1030//2119 968//1991
f 968//1992 1030//2120 967//1990
f 908//1869 968//1991 1097//2255
f 1097//2256 968//1992 908//1870
f 908//1869 1097//2255 1031//2121
f 1031//2122 1097//2256 908//1870
f 909//1871 1031//2121 1098//2257
f 1098//2258 1031//2122 909//1872
f 909//1871 1098//2257 1032//2123
f 1032//2124 1098//2258 909//1872
f 970//1995 1032//2123 971//1997
f 971//1998 1032//2124 970//1996
f 971//1997 1099//2259 1033//2125
f 1033//2126 1099//2260 971//1998
f 910//1873 1033//2125 1100//2261
f 1100//2262 1033//2126 910//1874
f 910//1873 1100//2261 1034//2127
f 1034//2128 1100//2262 910//1874
f 911//1875 1034//2127 1101//2263
f 1101//2264 1034//2128 911//1876
f 911//1875 1101//2263 1035//2129
f 1035//2130 1101//2264 911//1876
f 973//2001 912//1877 1035//2129
f 1035//2130 912//1878 973//2002
f 975//2005 972//1999 1102//2265
f 1102//2266 972//2000 975//2006
f 1036//2131 973//2001 1103//2267
f 1103//2268 973//2002 1036//2132
f 1104//2269 914//1881 1036//2131
f 1036//2132 914//1882 1104//2270
f 1104//2269 974//2003 914//1881
f 914//1882 974//2004 1104//2270
f 1105//2271 1037//2133 974//2003
f 974//2004 1037//2134 1105//2272
f 1037//2133 1106//2273 854//1757
f 854//1758 1106//2274 1037//2134
f 1106//2273 1038//2135 854//1757
f 854//1758 1038//2136 1106//2274
f 972//1999 1038//2135 1107//2275
f 1107//2276 1038//2136 972//2000
f 976//2007 975//2005 1108//2277
f 1108//2278 975//2006 976//2008
f 1084//2229 1021//2101 976//2007
f 976//2008 1021//2102 1084//2230
f 917//1887 1039//2137 1109//2279
f 1109//2280 1039//2138 917//1888
f 917//1887 1109//2279 1040//2139
f 1040//2140 1109//2280 917//1888
f 1040//2139 1110//2281 977//2009
f 977//2010 1110//2282 1040//2140
f 977//2009 1111//2283 1041//2141
f 1041//2142 1111//2284 977//2010
f 918//1889 1041//2141 1111//2283
f 1111//2284 1041//2142 918//1890
f 918//1889 1112//2285 978//2011
f 978//2012 1112//2286 918//1890
f 1042//2143 978//2011 1113//2287
f 1113//2288 978//2012 1042//2144
f 935//1923 1042//2143 1113//2287
f 1113//2288 1042//2144 935//1924
f 1039//2137 979//2013 1109//2279
f 1109//2280 979//2014 1039//2138
f 982//2019 1114//2289 980//2015
f 980//2016 1114//2290 982//2020
f 1114//2289 981//2017 980//2015
f 980//2016 981//2018 1114//2290
f 981//2017 1115//2291 984//2023
f 984//2024 1115//2292 981//2018
f 983//2021 1116//2293 982//2019
f 982//2020 1116//2294 983//2022
f 1043//2145 1117//2295 983//2021
f 983//2022 1117//2296 1043//2146
f 1043//2145 921//1895 1044//2147
f 1044//2148 921//1896 1043//2146
f 1052//2163 1044//2147 928//1909
f 928//1910 1044//2148 1052//2164
f 984//2023 1118//2297 985//2025
f 985//2026 1118//2298 984//2024
f 1045//2149 985//2025 1119//2299
f 1119//2300 985//2026 1045//2150
f 1046//2151 922//1897 1045//2149
f 1045//2150 922//1898 1046//2152
f 979//2013 1046//2151 1120//2301
f 1120//2302 1046//2152 979//2014
f 1121//2303 986//2027 1047//2153
f 1047//2154 986//2028 1121//2304
f 986//2027 1122//2305 1048//2155
f 1048//2156 1122//2306 986//2028
f 1123//2307 1049//2157 987//2029
f 987//2030 1049//2158 1123//2308
f 1122//2305 987//2029 1048//2155
f 1048//2156 987//2030 1122//2306
f 1049//2157 1050//2159 926//1905
f 926//1906 1050//2160 1049//2158
f 1050//2159 1051//2161 927//1907
f 927//1908 1051//2162 1050//2160
f 1051//2161 1124//2309 988//2031
f 988//2032 1124//2310 1051//2162
f 988//2031 1052//2163 989//2033
f 989//2034 1052//2164 988//2032
f 929//1911 1125//2311 1053//2165
f 1053//2166 1125//2312 929//1912
f 991//2037 990//2035 1053//2165
f 1053//2166 990//2036 991//2038
f 991//2037 1126//2313 931//1915
f 931//1916 1126//2314 991//2038
f 931//1915 1121//2303 1047//2153
f 1047//2154 1121//2304 931//1916
f 929//1911 1054//2167 1125//2311
f 1125//2312 1054//2168 929//1912
f 1055//2169 932//1917 1127//2315
f 1127//2316 932//1918 1055//2170
f 1127//2315 932//1917 1056//2171
f 1056//2172 932//1918 1127//2316
f 1057//2173 876//1801 1058//2175
f 1058//2176 876//1802 1057//2174
f 1128//2317 933//1919 1057//2173
f 1057//2174 933//1920 1128//2318
f 1056//2171 933//1919 1129//2319
f 1129//2320 933//1920 1056//2172
f 1058//2175 995//2045 1019//2097
f 1019//2098 995//2046 1058//2176
f 934//1921 1130//2321 1054//2167
f 1054//2168 1130//2322 934//1922
f 934//1921 1055//2169 1130//2321
f 1130//2322 1055//2170 934//1922
f 878//1805 1059//2177 1060//2179
f 1060//2180 1059//2178 878//1806
f 1060//2179 1131//2323 943//1939
f 943//1940 1131//2324 1060//2180
f 935//1923 1132//2325 1061//2181
f 1061//2182 1132//2326 935//1924
f 936//1925 1061//2181 1133//2327
f 1133//2328 1061//2182 936//1926
f 936//1925 1133//2327 1059//2177
f 1059//2178 1133//2328 936//1926
f 1007//2069 1071//2201 998//2051
f 998//2052 1071//2202 1007//2070
f 998//2051 1134//2329 1062//2183
f 1062//2184 1134//2330 998//2052
f 1062//2183 1134//2329 999//2053
f 999//2054 1134//2330 1062//2184
f 1063//2185 999//2053 1135//2331
f 1135//2332 999//2054 1063//2186
f 1064//2187 883//1815 1063//2185
f 1063//2186 883//1816 1064//2188
f 1000//2055 1064//2187 1136//2333
f 1136//2334 1064//2188 1000//2056
f 939//1931 1000//2055 1137//2335
f 1137//2336 1000//2056 939//1932
f 1138//2337 1001//2057 1003//2061
f 1003//2062 1001//2058 1138//2338
f 1139//2339 1065//2189 1001//2057
f 1001//2058 1065//2190 1139//2340
f 1002//2059 1004//2063 1066//2191
f 1066//2192 1004//2064 1002//2060
f 1003//2061 1002//2059 1140//2341
f 1140//2342 1002//2060 1003//2062
f 1066//2191 939//1931 1137//2335
f 1137//2336 939//1932 1066//2192
f 1008//2071 941//1935 1067//2193
f 1067//2194 941//1936 1008//2072
f 1141//2343 1067//2193 1005//2065
f 1005//2066 1067//2194 1141//2344
f 1068//2195 942//1937 1142//2345
f 1142//2346 942//1938 1068//2196
f 1143//2347 1005//2065 1068//2195
f 1068//2196 1005//2066 1143//2348
f 1006//2067 1065//2189 1139//2339
f 1139//2340 1065//2190 1006//2068
f 1069//2197 1006//2067 1144//2349
f 1144//2350 1006//2068 1069//2198
f 1142//2345 942//1937 1069//2197
f 1069//2198 942//1938 1142//2346
f 943//1939 1145//2351 1070//2199
f 1070//2200 1145//2352 943//1940
f 944//1941 1070//2199 1071//2201
f 1071//2202 1070//2200 944//1942
f 947//1947 1008//2071 1146//2353
f 1146//2354 1008//2072 947//1948
f 1009//2073 1011//2077 1147//2355
f 1147//2356 1011//2078 1009//2074
f 1072//2203 1009//2073 1148//2357
f 1148//2358 1009//2074 1072//2204
f 948//1949 1080//2221 1073//2205
f 1073//2206 1080//2222 948//1950
f 1010//2075 1073//2205 1149//2359
f 1149//2360 1073//2206 1010//2076
f 1010//2075 1149//2359 1074//2207
f 1074//2208 1149//2360 1010//2076
f 949//1951 1074//2207 1075//2209
f 1075//2210 1074//2208 949//1952
f 1011//2077 1075//2209 1150//2361
f 1150//2362 1075//2210 1011//2078
f 1151//2363 1012//2079 1072//2203
f 1072//2204 1012//2080 1151//2364
f 1012//2079 1076//2365 1013//2366
f 1013//2367 1076//2368 1012//2080
f 1076//2369 1152//2369 5//2369
f 5//2370 1152//2370 1076//2370
f 953//1961 1077//2215 1153//2371
f 1153//2372 1077//2216 953//1962
f 1078//2217 953//1961 1154//2373
f 1154//2374 953//1962 1078//2218
f 895//1843 1078//2217 1079//2219
f 1079//2220 1078//2218 895//1844
f 1015//2089 1079//2219 1080//2221
f 1080//2222 1079//2220 1015//2090
f 1077//2215 947//1947 1146//2353
f 1146//2354 947//1948 1077//2216
f 1019//2097 1016//2091 1155//2375
f 1155//2376 1016//2092 1019//2098
f 1016//2091 1017//2093 1156//2377
f 1156//2378 1017//2094 1016//2092
f 1157//2379 1017//2093 1018//2095
f 1018//2096 1017//2094 1157//2380
f 1018//2095 1081//2223 1158//2381
f 1158//2382 1081//2224 1018//2096
f 1081//2223 956//1967 1159//2383
f 1159//2384 956//1968 1081//2224
f 1082//2225 900//1853 1083//2227
f 1083//2228 900//1854 1082//2226
f 956//1967 1082//2225 1159//2383
f 1159//2384 1082//2226 956//1968
f 1083//2227 1020//2099 1022//2103
f 1022//2104 1020//2100 1083//2228
f 1022//2103 1084//2229 1160//2385
f 1160//2386 1084//2230 1022//2104
f 1085//2231 1161//2387 1023//2105
f 1023//2106 1161//2388 1085//2232
f 1162//2389 1085//2231 5//1411
f 5//1416 1085//2232 1162//2390
f 1023//2105 1163//2391 1024//2107
f 1024//2108 1163//2392 1023//2106
f 1024//2107 1086//2233 1025//2109
f 1025//2110 1086//2234 1024//2108
f 1026//2111 1086//2233 1087//2235
f 1087//2236 1086//2234 1026//2112
f 959//1973 1087//2235 1088//2237
f 1088//2238 1087//2236 959//1974
f 960//1975 1088//2237 1089//2239
f 1089//2240 1088//2238 960//1976
f 1027//2113 1089//2239 1090//2241
f 1090//2242 1089//2240 1027//2114
f 904//1861 1090//2241 1091//2243
f 1091//2244 1090//2242 904//1862
f 1091//2243 1164//2393 1028//2115
f 1028//2116 1164//2394 1091//2244
f 1028//2115 1165//2395 963//1981
f 963//1982 1165//2396 1028//2116
f 963//1981 1166//2397 1092//2245
f 1092//2246 1166//2398 963//1982
f 1092//2245 1167//2399 964//1983
f 964//1984 1167//2400 1092//2246
f 964//1983 1168//2401 1093//2247
f 1093//2248 1168//2402 964//1984
f 1093//2247 1169//2403 965//1985
f 965//1986 1169//2404 1093//2248
f 965//1985 1169//2403 1094//2249
f 1094//2250 1169//2404 965//1986
f 1094//2249 1095//2251 966//1987
f 966//1988 1095//2252 1094//2250
f 1095//2251 1096//2253 906//1865
f 906//1866 1096//2254 1095//2252
f 1096//2253 1170//2405 1030//2119
f 1030//2120 1170//2406 1096//2254
f 968//1991 1030//2119 1171//2407
f 1171//2408 1030//2120 968//1992
f 968//1991 1172//2409 1097//2255
f 1097//2256 1172//2410 968//1992
f 1097//2255 1172//2409 1031//2121
f 1031//2122 1172//2410 1097//2256
f 1031//2121 1173//2411 1098//2257
f 1098//2258 1173//2412 1031//2122
f 1098//2257 1173//2411 1032//2123
f 1032//2124 1173//2412 1098//2258
f 971//1997 1032//2123 1174//2413
f 1174//2414 1032//2124 971//1998
f 971//1997 1174//2413 1099//2259
f 1099//2260 1174//2414 971//1998
f 1033//2125 1099//2259 1100//2261
f 1100//2262 1099//2260 1033//2126
f 1034//2127 1100//2261 1101//2263
f 1101//2264 1100//2262 1034//2128
f 1035//2129 1101//2263 1175//2415
f 1175//2416 1101//2264 1035//2130
f 973//2001 1035//2129 1176//2417
f 1176//2418 1035//2130 973//2002
f 1107//2275 1102//2265 972//1999
f 972//2000 1102//2266 1107//2276
f 975//2005 1102//2265 1177//2419
f 1177//2420 1102//2266 975//2006
f 973//2001 1176//2417 1103//2267
f 1103//2268 1176//2418 973//2002
f 1103//2267 1104//2269 1036//2131
f 1036//2132 1104//2270 1103//2268
f 1178//2421 974//2003 1104//2269
f 1104//2270 974//2004 1178//2422
f 1105//2271 1106//2273 1037//2133
f 1037//2134 1106//2274 1105//2272
f 1179//2423 1105//2271 974//2003
f 974//2004 1105//2272 1179//2424
f 1107//2275 1038//2135 1106//2273
f 1106//2274 1038//2136 1107//2276
f 1108//2277 975//2005 1177//2419
f 1177//2420 975//2006 1108//2278
f 976//2007 1108//2277 1180//2425
f 1180//2426 1108//2278 976//2008
f 1084//2229 976//2007 1181//2427
f 1181//2428 976//2008 1084//2230
f 1040//2139 1109//2279 1110//2281
f 1110//2282 1109//2280 1040//2140
f 977//2009 1110//2281 1182//2429
f 1182//2430 1110//2282 977//2010
f 977//2009 1182//2429 1111//2283
f 1111//2284 1182//2430 977//2010
f 918//1889 1111//2283 1112//2285
f 1112//2286 1111//2284 918//1890
f 978//2011 1112//2285 1183//2431
f 1183//2432 1112//2286 978//2012
f 978//2011 1184//2433 1113//2287
f 1113//2288 1184//2434 978//2012
f 935//1923 1113//2287 1132//2325
f 1132//2326 1113//2288 935//1924
f 1109//2279 979//2013 1120//2301
f 1120//2302 979//2014 1109//2280
f 1185//2435 1114//2289 982//2019
f 982//2020 1114//2290 1185//2436
f 1114//2289 1115//2291 981//2017
f 981//2018 1115//2292 1114//2290
f 984//2023 1115//2291 1118//2297
f 1118//2298 1115//2292 984//2024
f 1186//2437 1116//2293 983//2021
f 983//2022 1116//2294 1186//2438
f 1116//2293 1185//2435 982//2019
f 982//2020 1185//2436 1116//2294
f 1187//2439 1117//2295 1043//2145
f 1043//2146 1117//2296 1187//2440
f 1186//2437 983//2021 1117//2295
f 1117//2296 983//2022 1186//2438
f 1052//2163 1043//2145 1044//2147
f 1044//2148 1043//2146 1052//2164
f 985//2025 1118//2297 1119//2299
f 1119//2300 1118//2298 985//2026
f 1045//2149 1119//2299 1188//2441
f 1188//2442 1119//2300 1045//2150
f 1046//2151 1045//2149 1189//2443
f 1189//2444 1045//2150 1046//2152
f 1046//2151 1189//2443 1120//2301
f 1120//2302 1189//2444 1046//2152
f 1121//2303 1190//2445 986//2027
f 986//2028 1190//2446 1121//2304
f 1190//2445 1122//2305 986//2027
f 986//2028 1122//2306 1190//2446
f 1123//2307 1191//2447 1049//2157
f 1049//2158 1191//2448 1123//2308
f 1123//2307 987//2029 1122//2305
f 1122//2306 987//2030 1123//2308
f 1191//2447 1050//2159 1049//2157
f 1049//2158 1050//2160 1191//2448
f 1192//2449 1051//2161 1050//2159
f 1050//2160 1051//2162 1192//2450
f 1193//2451 1124//2309 1051//2161
f 1051//2162 1124//2310 1193//2452
f 1124//2309 1194//2453 988//2031
f 988//2032 1194//2454 1124//2310
f 988//2031 1194//2453 1052//2163
f 1052//2164 1194//2454 988//2032
f 1053//2165 1125//2311 1195//2455
f 1195//2456 1125//2312 1053//2166
f 991//2037 1053//2165 1196//2457
f 1196//2458 1053//2166 991//2038
f 991//2037 1197//2459 1126//2313
f 1126//2314 1197//2460 991//2038
f 1126//2313 1121//2303 931//1915
f 931//1916 1121//2304 1126//2314
f 1125//2311 1054//2167 1195//2455
f 1195//2456 1054//2168 1125//2312
f 1055//2169 1127//2315 1198//2461
f 1198//2462 1127//2316 1055//2170
f 1127//2315 1056//2171 1198//2461
f 1198//2462 1056//2172 1127//2316
f 1128//2317 1057//2173 1058//2175
f 1058//2176 1057//2174 1128//2318
f 1129//2319 933//1919 1128//2317
f 1128//2318 933//1920 1129//2320
f 1056//2171 1129//2319 1199//2463
f 1199//2464 1129//2320 1056//2172
f 1058//2175 1019//2097 1200//2465
f 1200//2466 1019//2098 1058//2176
f 1054//2167 1130//2321 1201//2467
f 1201//2468 1130//2322 1054//2168
f 1130//2321 1055//2169 1201//2467
f 1201//2468 1055//2170 1130//2322
f 1059//2177 1131//2323 1060//2179
f 1060//2180 1131//2324 1059//2178
f 943//1939 1131//2323 1145//2351
f 1145//2352 1131//2324 943//1940
f 1061//2181 1132//2325 1202//2469
f 1202//2470 1132//2326 1061//2182
f 1061//2181 1203//2471 1133//2327
f 1133//2328 1203//2472 1061//2182
f 1133//2327 1203//2471 1059//2177
f 1059//2178 1203//2472 1133//2328
f 998//2051 1071//2201 1204//2473
f 1204//2474 1071//2202 998//2052
f 998//2051 1204//2473 1134//2329
f 1134//2330 1204//2474 998//2052
f 999//2053 1134//2329 1205//2475
f 1205//2476 1134//2330 999//2054
f 1135//2331 999//2053 1205//2475
f 1205//2476 999//2054 1135//2332
f 1064//2187 1063//2185 1135//2331
f 1135//2332 1063//2186 1064//2188
f 1136//2333 1064//2187 1206//2477
f 1206//2478 1064//2188 1136//2334
f 1207//2479 1000//2055 1136//2333
f 1136//2334 1000//2056 1207//2480
f 1137//2335 1000//2055 1207//2479
f 1207//2480 1000//2056 1137//2336
f 1139//2339 1001//2057 1138//2337
f 1138//2338 1001//2058 1139//2340
f 1208//2481 1138//2337 1003//2061
f 1003//2062 1138//2338 1208//2482
f 1002//2059 1066//2191 1209//2483
f 1209//2484 1066//2192 1002//2060
f 1140//2341 1002//2059 1210//2485
f 1210//2486 1002//2060 1140//2342
f 1208//2481 1003//2061 1140//2341
f 1140//2342 1003//2062 1208//2482
f 1066//2191 1137//2335 1207//2479
f 1207//2480 1137//2336 1066//2192
f 1141//2343 1008//2071 1067//2193
f 1067//2194 1008//2072 1141//2344
f 1211//2487 1141//2343 1005//2065
f 1005//2066 1141//2344 1211//2488
f 1143//2347 1068//2195 1142//2345
f 1142//2346 1068//2196 1143//2348
f 1211//2487 1005//2065 1143//2347
f 1143//2348 1005//2066 1211//2488
f 1006//2067 1139//2339 1212//2489
f 1212//2490 1139//2340 1006//2068
f 1144//2349 1006//2067 1212//2489
f 1212//2490 1006//2068 1144//2350
f 1142//2345 1069//2197 1144//2349
f 1144//2350 1069//2198 1142//2346
f 1145//2351 1213//2491 1070//2199
f 1070//2200 1213//2492 1145//2352
f 1070//2199 1214//2493 1071//2201
f 1071//2202 1214//2494 1070//2200
f 1146//2353 1008//2071 1141//2343
f 1141//2344 1008//2072 1146//2354
f 1011//2077 1150//2361 1147//2355
f 1147//2356 1150//2362 1011//2078
f 1009//2073 1147//2355 1148//2357
f 1148//2358 1147//2356 1009//2074
f 1072//2203 1148//2357 1215//2495
f 1215//2496 1148//2358 1072//2204
f 1073//2205 1080//2221 1149//2359
f 1149//2360 1080//2222 1073//2206
f 1149//2359 1216//2497 1074//2207
f 1074//2208 1216//2498 1149//2360
f 1074//2207 1217//2499 1075//2209
f 1075//2210 1217//2500 1074//2208
f 1075//2209 1218//2501 1150//2361
f 1150//2362 1218//2502 1075//2210
f 1076//2365 1012//2079 1151//2363
f 1151//2364 1012//2080 1076//2368
f 1219//2503 1151//2363 1072//2203
f 1072//2204 1151//2364 1219//2504
f 1151//2363 1152//2505 1076//2365
f 1076//2368 1152//2506 1151//2364
f 1220//2507 5//2507 1152//2507
f 1152//2508 5//2508 1220//2508
f 1153//2371 1077//2215 1221//2509
f 1221//2510 1077//2216 1153//2372
f 953//1961 1153//2371 1154//2373
f 1154//2374 1153//2372 953//1962
f 1078//2217 1154//2373 1079//2219
f 1079//2220 1154//2374 1078//2218
f 1079//2219 1222//2511 1080//2221
f 1080//2222 1222//2512 1079//2220
f 1077//2215 1146//2353 1141//2343
f 1141//2344 1146//2354 1077//2216
f 1155//2375 1016//2091 1223//2513
f 1223//2514 1016//2092 1155//2376
f 1224//2515 1019//2097 1155//2375
f 1155//2376 1019//2098 1224//2516
f 1156//2377 1017//2093 1157//2379
f 1157//2380 1017//2094 1156//2378
f 1223//2513 1016//2091 1156//2377
f 1156//2378 1016//2092 1223//2514
f 1157//2379 1018//2095 1158//2381
f 1158//2382 1018//2096 1157//2380
f 1158//2381 1081//2223 1225//2517
f 1225//2518 1081//2224 1158//2382
f 1081//2223 1159//2383 1225//2517
f 1225//2518 1159//2384 1081//2224
f 1159//2383 1082//2225 1083//2227
f 1083//2228 1082//2226 1159//2384
f 1083//2227 1022//2103 1226//2519
f 1226//2520 1022//2104 1083//2228
f 1160//2385 1084//2229 1181//2427
f 1181//2428 1084//2230 1160//2386
f 1022//2103 1160//2385 1227//2521
f 1227//2522 1160//2386 1022//2104
f 1085//2231 1162//2389 1161//2387
f 1161//2388 1162//2390 1085//2232
f 1023//2105 1161//2387 1163//2391
f 1163//2392 1161//2388 1023//2106
f 1228//2523 1162//2389 5//1411
f 5//1416 1162//2390 1228//2524
f 1024//2107 1163//2391 1229//2525
f 1229//2526 1163//2392 1024//2108
f 1024//2107 1230//2527 1086//2233
f 1086//2234 1230//2528 1024//2108
f 1086//2233 1231//2529 1087//2235
f 1087//2236 1231//2530 1086//2234
f 1087//2235 1089//2239 1088//2237
f 1088//2238 1089//2240 1087//2236
f 1089//2239 1232//2531 1090//2241
f 1090//2242 1232//2532 1089//2240
f 1090//2241 1164//2393 1091//2243
f 1091//2244 1164//2394 1090//2242
f 1164//2393 1165//2395 1028//2115
f 1028//2116 1165//2396 1164//2394
f 1165//2395 1166//2397 963//1981
f 963//1982 1166//2398 1165//2396
f 1166//2397 1167//2399 1092//2245
f 1092//2246 1167//2400 1166//2398
f 964//1983 1167//2399 1168//2401
f 1168//2402 1167//2400 964//1984
f 1168//2401 1233//2533 1093//2247
f 1093//2248 1233//2534 1168//2402
f 1093//2247 1234//2535 1169//2403
f 1169//2404 1234//2536 1093//2248
f 1234//2535 1094//2249 1169//2403
f 1169//2404 1094//2250 1234//2536
f 1094//2249 1235//2537 1095//2251
f 1095//2252 1235//2538 1094//2250
f 1095//2251 1170//2405 1096//2253
f 1096//2254 1170//2406 1095//2252
f 1030//2119 1170//2405 1236//2539
f 1236//2540 1170//2406 1030//2120
f 1030//2119 1237//2541 1171//2407
f 1171//2408 1237//2542 1030//2120
f 968//1991 1171//2407 1172//2409
f 1172//2410 1171//2408 968//1992
f 1031//2121 1172//2409 1238//2543
f 1238//2544 1172//2410 1031//2122
f 1031//2121 1238//2543 1173//2411
f 1173//2412 1238//2544 1031//2122
f 1032//2123 1173//2411 1239//2545
f 1239//2546 1173//2412 1032//2124
f 1032//2123 1240//2547 1174//2413
f 1174//2414 1240//2548 1032//2124
f 1174//2413 1240//2547 1099//2259
f 1099//2260 1240//2548 1174//2414
f 1100//2261 1099//2259 1241//2549
f 1241//2550 1099//2260 1100//2262
f 1101//2263 1100//2261 1242//2551
f 1242//2552 1100//2262 1101//2264
f 1101//2263 1243//2553 1175//2415
f 1175//2416 1243//2554 1101//2264
f 1035//2129 1175//2415 1176//2417
f 1176//2418 1175//2416 1035//2130
f 1177//2419 1102//2265 1107//2275
f 1107//2276 1102//2266 1177//2420
f 1103//2267 1176//2417 1175//2415
f 1175//2416 1176//2418 1103//2268
f 1244//2555 1104//2269 1103//2267
f 1103//2268 1104//2270 1244//2556
f 1178//2421 1179//2423 974//2003
f 974//2004 1179//2424 1178//2422
f 1245//2557 1178//2421 1104//2269
f 1104//2270 1178//2422 1245//2558
f 1246//2559 1106//2273 1105//2271
f 1105//2272 1106//2274 1246//2560
f 1247//2561 1105//2271 1179//2423
f 1179//2424 1105//2272 1247//2562
f 1248//2563 1107//2275 1106//2273
f 1106//2274 1107//2276 1248//2564
f 1108//2277 1177//2419 1249//2565
f 1249//2566 1177//2420 1108//2278
f 1180//2425 1108//2277 1249//2565
f 1249//2566 1108//2278 1180//2426
f 1181//2427 976//2007 1180//2425
f 1180//2426 976//2008 1181//2428
f 1109//2279 1250//2567 1110//2281
f 1110//2282 1250//2568 1109//2280
f 1110//2281 1251//2569 1182//2429
f 1182//2430 1251//2570 1110//2282
f 1182//2429 1251//2569 1111//2283
f 1111//2284 1251//2570 1182//2430
f 1112//2285 1111//2283 1183//2431
f 1183//2432 1111//2284 1112//2286
f 978//2011 1183//2431 1184//2433
f 1184//2434 1183//2432 978//2012
f 1113//2287 1184//2433 1252//2571
f 1252//2572 1184//2434 1113//2288
f 1132//2325 1113//2287 1202//2469
f 1202//2470 1113//2288 1132//2326
f 1109//2279 1120//2301 1250//2567
f 1250//2568 1120//2302 1109//2280
f 1185//2435 1253//2573 1114//2289
f 1114//2290 1253//2574 1185//2436
f 1253//2573 1115//2291 1114//2289
f 1114//2290 1115//2292 1253//2574
f 1115//2291 1254//2575 1118//2297
f 1118//2298 1254//2576 1115//2292
f 1186//2437 1255//2577 1116//2293
f 1116//2294 1255//2578 1186//2438
f 1116//2293 1255//2577 1185//2435
f 1185//2436 1255//2578 1116//2294
f 1187//2439 1256//2579 1117//2295
f 1117//2296 1256//2580 1187//2440
f 1187//2439 1043//2145 1257//2581
f 1257//2582 1043//2146 1187//2440
f 1256//2579 1186//2437 1117//2295
f 1117//2296 1186//2438 1256//2580
f 1257//2581 1043//2145 1052//2163
f 1052//2164 1043//2146 1257//2582
f 1118//2297 1258//2583 1119//2299
f 1119//2300 1258//2584 1118//2298
f 1119//2299 1259//2585 1188//2441
f 1188//2442 1259//2586 1119//2300
f 1045//2149 1188//2441 1189//2443
f 1189//2444 1188//2442 1045//2150
f 1120//2301 1189//2443 1260//2587
f 1260//2588 1189//2444 1120//2302
f 1121//2303 1261//2589 1190//2445
f 1190//2446 1261//2590 1121//2304
f 1190//2445 1261//2589 1122//2305
f 1122//2306 1261//2590 1190//2446
f 1123//2307 1262//2591 1191//2447
f 1191//2448 1262//2592 1123//2308
f 1122//2305 1263//2593 1123//2307
f 1123//2308 1263//2594 1122//2306
f 1191//2447 1192//2449 1050//2159
f 1050//2160 1192//2450 1191//2448
f 1192//2449 1193//2451 1051//2161
f 1051//2162 1193//2452 1192//2450
f 1193//2451 1264//2595 1124//2309
f 1124//2310 1264//2596 1193//2452
f 1124//2309 1265//2597 1194//2453
f 1194//2454 1265//2598 1124//2310
f 1265//2597 1052//2163 1194//2453
f 1194//2454 1052//2164 1265//2598
f 1053//2165 1195//2455 1266//2599
f 1266//2600 1195//2456 1053//2166
f 1196//2457 1053//2165 1266//2599
f 1266//2600 1053//2166 1196//2458
f 991//2037 1196//2457 1197//2459
f 1197//2460 1196//2458 991//2038
f 1126//2313 1197//2459 1121//2303
f 1121//2304 1197//2460 1126//2314
f 1054//2167 1267//2601 1195//2455
f 1195//2456 1267//2602 1054//2168
f 1055//2169 1198//2461 1268//2603
f 1268//2604 1198//2462 1055//2170
f 1198//2461 1056//2171 1269//2605
f 1269//2606 1056//2172 1198//2462
f 1128//2317 1058//2175 1270//2607
f 1270//2608 1058//2176 1128//2318
f 1129//2319 1128//2317 1199//2463
f 1199//2464 1128//2318 1129//2320
f 1056//2171 1199//2463 1269//2605
f 1269//2606 1199//2464 1056//2172
f 1224//2515 1200//2465 1019//2097
f 1019//2098 1200//2466 1224//2516
f 1271//2609 1058//2175 1200//2465
f 1200//2466 1058//2176 1271//2610
f 1054//2167 1201//2467 1267//2601
f 1267//2602 1201//2468 1054//2168
f 1055//2169 1268//2603 1201//2467
f 1201//2468 1268//2604 1055//2170
f 1059//2177 1272//2611 1131//2323
f 1131//2324 1272//2612 1059//2178
f 1131//2323 1213//2491 1145//2351
f 1145//2352 1213//2492 1131//2324
f 1061//2181 1202//2469 1273//2613
f 1273//2614 1202//2470 1061//2182
f 1061//2181 1273//2613 1203//2471
f 1203//2472 1273//2614 1061//2182
f 1059//2177 1203//2471 1272//2611
f 1272//2612 1203//2472 1059//2178
f 1071//2201 1274//2615 1204//2473
f 1204//2474 1274//2616 1071//2202
f 1204//2473 1274//2615 1134//2329
f 1134//2330 1274//2616 1204//2474
f 1205//2475 1134//2329 1275//2617
f 1275//2618 1134//2330 1205//2476
f 1135//2331 1205//2475 1275//2617
f 1275//2618 1205//2476 1135//2332
f 1064//2187 1135//2331 1276//2619
f 1276//2620 1135//2332 1064//2188
f 1206//2477 1064//2187 1276//2619
f 1276//2620 1064//2188 1206//2478
f 1207//2479 1136//2333 1206//2477
f 1206//2478 1136//2334 1207//2480
f 1139//2339 1138//2337 1208//2481
f 1208//2482 1138//2338 1139//2340
f 1066//2191 1277//2621 1209//2483
f 1209//2484 1277//2622 1066//2192
f 1210//2485 1002//2059 1209//2483
f 1209//2484 1002//2060 1210//2486
f 1208//2481 1140//2341 1210//2485
f 1210//2486 1140//2342 1208//2482
f 1066//2191 1207//2479 1278//2623
f 1278//2624 1207//2480 1066//2192
f 1279//2625 1141//2343 1211//2487
f 1211//2488 1141//2344 1279//2626
f 1143//2347 1142//2345 1280//2627
f 1280//2628 1142//2346 1143//2348
f 1211//2487 1143//2347 1281//2629
f 1281//2630 1143//2348 1211//2488
f 1212//2489 1139//2339 1282//2631
f 1282//2632 1139//2340 1212//2490
f 1144//2349 1212//2489 1282//2631
f 1282//2632 1212//2490 1144//2350
f 1142//2345 1144//2349 1283//2633
f 1283//2634 1144//2350 1142//2346
f 1070//2199 1213//2491 1284//2635
f 1284//2636 1213//2492 1070//2200
f 1070//2199 1284//2635 1214//2493
f 1214//2494 1284//2636 1070//2200
f 1071//2201 1214//2493 1285//2637
f 1285//2638 1214//2494 1071//2202
f 1147//2355 1150//2361 1286//2639
f 1286//2640 1150//2362 1147//2356
f 1148//2357 1147//2355 1287//2641
f 1287//2642 1147//2356 1148//2358
f 1215//2495 1148//2357 1288//2643
f 1288//2644 1148//2358 1215//2496
f 1289//2645 1072//2203 1215//2495
f 1215//2496 1072//2204 1289//2646
f 1080//2221 1290//2647 1149//2359
f 1149//2360 1290//2648 1080//2222
f 1149//2359 1291//2649 1216//2497
f 1216//2498 1291//2650 1149//2360
f 1074//2207 1216//2497 1217//2499
f 1217//2500 1216//2498 1074//2208
f 1075//2209 1217//2499 1218//2501
f 1218//2502 1217//2500 1075//2210
f 1150//2361 1218//2501 1292//2651
f 1292//2652 1218//2502 1150//2362
f 1220//2653 1151//2363 1219//2503
f 1219//2504 1151//2364 1220//2654
f 1219//2503 1072//2203 1289//2645
f 1289//2646 1072//2204 1219//2504
f 1151//2363 1220//2653 1152//2505
f 1152//2506 1220//2654 1151//2364
f 1220//2655 1293//2655 5//2655
f 5//2656 1293//2656 1220//2656
f 1221//2509 1077//2215 1279//2625
f 1279//2626 1077//2216 1221//2510
f 1154//2373 1153//2371 1221//2509
f 1221//2510 1153//2372 1154//2374
f 1079//2219 1154//2373 1294//2657
f 1294//2658 1154//2374 1079//2220
f 1079//2219 1295//2659 1222//2511
f 1222//2512 1295//2660 1079//2220
f 1080//2221 1222//2511 1296//2661
f 1296//2662 1222//2512 1080//2222
f 1077//2215 1141//2343 1279//2625
f 1279//2626 1141//2344 1077//2216
f 1224//2515 1155//2375 1223//2513
f 1223//2514 1155//2376 1224//2516
f 1223//2513 1156//2377 1157//2379
f 1157//2380 1156//2378 1223//2514
f 1157//2379 1158//2381 1297//2663
f 1297//2664 1158//2382 1157//2380
f 1158//2381 1225//2517 1298//2665
f 1298//2666 1225//2518 1158//2382
f 1225//2517 1159//2383 1299//2667
f 1299//2668 1159//2384 1225//2518
f 1159//2383 1083//2227 1299//2667
f 1299//2668 1083//2228 1159//2384
f 1226//2519 1022//2103 1227//2521
f 1227//2522 1022//2104 1226//2520
f 1083//2227 1226//2519 1300//2669
f 1300//2670 1226//2520 1083//2228
f 1227//2521 1160//2385 1181//2427
f 1181//2428 1160//2386 1227//2522
f 1162//2389 1301//2671 1161//2387
f 1161//2388 1301//2672 1162//2390
f 1161//2387 1229//2525 1163//2391
f 1163//2392 1229//2526 1161//2388
f 1228//2523 1302//2673 1162//2389
f 1162//2390 1302//2674 1228//2524
f 1303//2675 1228//2523 5//1411
f 5//1416 1228//2524 1303//2676
f 1024//2107 1229//2525 1230//2527
f 1230//2528 1229//2526 1024//2108
f 1304//2677 1086//2233 1230//2527
f 1230//2528 1086//2234 1304//2678
f 1086//2233 1304//2677 1231//2529
f 1231//2530 1304//2678 1086//2234
f 1305//2679 1087//2235 1231//2529
f 1231//2530 1087//2236 1305//2680
f 1305//2679 1089//2239 1087//2235
f 1087//2236 1089//2240 1305//2680
f 1306//2681 1232//2531 1089//2239
f 1089//2240 1232//2532 1306//2682
f 1307//2683 1090//2241 1232//2531
f 1232//2532 1090//2242 1307//2684
f 1090//2241 1308//2685 1164//2393
f 1164//2394 1308//2686 1090//2242
f 1164//2393 1166//2397 1165//2395
f 1165//2396 1166//2398 1164//2394
f 1166//2397 1309//2687 1167//2399
f 1167//2400 1309//2688 1166//2398
f 1167//2399 1233//2533 1168//2401
f 1168//2402 1233//2534 1167//2400
f 1093//2247 1233//2533 1310//2689
f 1310//2690 1233//2534 1093//2248
f 1093//2247 1310//2689 1234//2535
f 1234//2536 1310//2690 1093//2248
f 1234//2535 1235//2537 1094//2249
f 1094//2250 1235//2538 1234//2536
f 1235//2537 1311//2691 1095//2251
f 1095//2252 1311//2692 1235//2538
f 1311//2691 1170//2405 1095//2251
f 1095//2252 1170//2406 1311//2692
f 1170//2405 1312//2693 1236//2539
f 1236//2540 1312//2694 1170//2406
f 1030//2119 1236//2539 1237//2541
f 1237//2542 1236//2540 1030//2120
f 1171//2407 1237//2541 1172//2409
f 1172//2410 1237//2542 1171//2408
f 1172//2409 1313//2695 1238//2543
f 1238//2544 1313//2696 1172//2410
f 1238//2543 1313//2695 1173//2411
f 1173//2412 1313//2696 1238//2544
f 1173//2411 1314//2697 1239//2545
f 1239//2546 1314//2698 1173//2412
f 1032//2123 1239//2545 1240//2547
f 1240//2548 1239//2546 1032//2124
f 1099//2259 1240//2547 1315//2699
f 1315//2700 1240//2548 1099//2260
f 1099//2259 1316//2701 1241//2549
f 1241//2550 1316//2702 1099//2260
f 1100//2261 1241//2549 1317//2703
f 1317//2704 1241//2550 1100//2262
f 1100//2261 1317//2703 1242//2551
f 1242//2552 1317//2704 1100//2262
f 1101//2263 1242//2551 1243//2553
f 1243//2554 1242//2552 1101//2264
f 1175//2415 1243//2553 1318//2705
f 1318//2706 1243//2554 1175//2416
f 1177//2419 1107//2275 1319//2707
f 1319//2708 1107//2276 1177//2420
f 1103//2267 1175//2415 1320//2709
f 1320//2710 1175//2416 1103//2268
f 1245//2557 1104//2269 1244//2555
f 1244//2556 1104//2270 1245//2558
f 1321//2711 1244//2555 1103//2267
f 1103//2268 1244//2556 1321//2712
f 1245//2557 1179//2423 1178//2421
f 1178//2422 1179//2424 1245//2558
f 1322//2713 1106//2273 1246//2559
f 1246//2560 1106//2274 1322//2714
f 1247//2561 1246//2559 1105//2271
f 1105//2272 1246//2560 1247//2562
f 1323//2715 1247//2561 1179//2423
f 1179//2424 1247//2562 1323//2716
f 1324//2717 1107//2275 1248//2563
f 1248//2564 1107//2276 1324//2718
f 1322//2713 1248//2563 1106//2273
f 1106//2274 1248//2564 1322//2714
f 1249//2565 1177//2419 1325//2719
f 1325//2720 1177//2420 1249//2566
f 1180//2425 1249//2565 1326//2721
f 1326//2722 1249//2566 1180//2426
f 1181//2427 1180//2425 1327//2723
f 1327//2724 1180//2426 1181//2428
f 1110//2281 1250//2567 1328//2725
f 1328//2726 1250//2568 1110//2282
f 1110//2281 1329//2727 1251//2569
f 1251//2570 1329//2728 1110//2282
f 1111//2283 1251//2569 1330//2729
f 1330//2730 1251//2570 1111//2284
f 1111//2283 1330//2729 1183//2431
f 1183//2432 1330//2730 1111//2284
f 1184//2433 1183//2431 1252//2571
f 1252//2572 1183//2432 1184//2434
f 1113//2287 1252//2571 1331//2731
f 1331//2732 1252//2572 1113//2288
f 1113//2287 1331//2731 1202//2469
f 1202//2470 1331//2732 1113//2288
f 1250//2567 1120//2301 1328//2725
f 1328//2726 1120//2302 1250//2568
f 1185//2435 1332//2733 1253//2573
f 1253//2574 1332//2734 1185//2436
f 1253//2573 1254//2575 1115//2291
f 1115//2292 1254//2576 1253//2574
f 1118//2297 1254//2575 1258//2583
f 1258//2584 1254//2576 1118//2298
f 1333//2735 1255//2577 1186//2437
f 1186//2438 1255//2578 1333//2736
f 1334//2737 1185//2435 1255//2577
f 1255//2578 1185//2436 1334//2738
f 1335//2739 1256//2579 1187//2439
f 1187//2440 1256//2580 1335//2740
f 1265//2597 1187//2439 1257//2581
f 1257//2582 1187//2440 1265//2598
f 1336//2741 1186//2437 1256//2579
f 1256//2580 1186//2438 1336//2742
f 1265//2597 1257//2581 1052//2163
f 1052//2164 1257//2582 1265//2598
f 1119//2299 1258//2583 1259//2585
f 1259//2586 1258//2584 1119//2300
f 1188//2441 1259//2585 1337//2743
f 1337//2744 1259//2586 1188//2442
f 1189//2443 1188//2441 1338//2745
f 1338//2746 1188//2442 1189//2444
f 1189//2443 1338//2745 1260//2587
f 1260//2588 1338//2746 1189//2444
f 1120//2301 1260//2587 1328//2725
f 1328//2726 1260//2588 1120//2302
f 1121//2303 1197//2459 1261//2589
f 1261//2590 1197//2460 1121//2304
f 1122//2305 1261//2589 1263//2593
f 1263//2594 1261//2590 1122//2306
f 1339//2747 1262//2591 1123//2307
f 1123//2308 1262//2592 1339//2748
f 1262//2591 1192//2449 1191//2447
f 1191//2448 1192//2450 1262//2592
f 1263//2593 1339//2747 1123//2307
f 1123//2308 1339//2748 1263//2594
f 1340//2749 1193//2451 1192//2449
f 1192//2450 1193//2452 1340//2750
f 1341//2751 1264//2595 1193//2451
f 1193//2452 1264//2596 1341//2752
f 1264//2595 1265//2597 1124//2309
f 1124//2310 1265//2598 1264//2596
f 1266//2599 1195//2455 1342//2753
f 1342//2754 1195//2456 1266//2600
f 1196//2457 1266//2599 1197//2459
f 1197//2460 1266//2600 1196//2458
f 1195//2455 1267//2601 1343//2755
f 1343//2756 1267//2602 1195//2456
f 1268//2603 1198//2461 1344//2757
f 1344//2758 1198//2462 1268//2604
f 1198//2461 1269//2605 1345//2759
f 1345//2760 1269//2606 1198//2462
f 1270//2607 1058//2175 1271//2609
f 1271//2610 1058//2176 1270//2608
f 1128//2317 1270//2607 1346//2761
f 1346//2762 1270//2608 1128//2318
f 1199//2463 1128//2317 1347//2763
f 1347//2764 1128//2318 1199//2464
f 1269//2605 1199//2463 1345//2759
f 1345//2760 1199//2464 1269//2606
f 1271//2609 1200//2465 1224//2515
f 1224//2516 1200//2466 1271//2610
f 1267//2601 1201//2467 1343//2755
f 1343//2756 1201//2468 1267//2602
f 1201//2467 1268//2603 1344//2757
f 1344//2758 1268//2604 1201//2468
f 1272//2611 1348//2765 1131//2323
f 1131//2324 1348//2766 1272//2612
f 1131//2323 1349//2767 1213//2491
f 1213//2492 1349//2768 1131//2324
f 1202//2469 1350//2769 1273//2613
f 1273//2614 1350//2770 1202//2470
f 1350//2769 1203//2471 1273//2613
f 1273//2614 1203//2472 1350//2770
f 1203//2471 1348//2765 1272//2611
f 1272//2612 1348//2766 1203//2472
f 1071//2201 1285//2637 1274//2615
f 1274//2616 1285//2638 1071//2202
f 1134//2329 1274//2615 1351//2771
f 1351//2772 1274//2616 1134//2330
f 1275//2617 1134//2329 1351//2771
f 1351//2772 1134//2330 1275//2618
f 1135//2331 1275//2617 1352//2773
f 1352//2774 1275//2618 1135//2332
f 1276//2619 1135//2331 1353//2775
f 1353//2776 1135//2332 1276//2620
f 1206//2477 1276//2619 1353//2775
f 1353//2776 1276//2620 1206//2478
f 1207//2479 1206//2477 1354//2777
f 1354//2778 1206//2478 1207//2480
f 1355//2779 1139//2339 1208//2481
f 1208//2482 1139//2340 1355//2780
f 1066//2191 1278//2623 1277//2621
f 1277//2622 1278//2624 1066//2192
f 1209//2483 1277//2621 1210//2485
f 1210//2486 1277//2622 1209//2484
f 1356//2781 1208//2481 1210//2485
f 1210//2486 1208//2482 1356//2782
f 1278//2623 1207//2479 1354//2777
f 1354//2778 1207//2480 1278//2624
f 1221//2509 1279//2625 1211//2487
f 1211//2488 1279//2626 1221//2510
f 1280//2627 1142//2345 1357//2783
f 1357//2784 1142//2346 1280//2628
f 1358//2785 1143//2347 1280//2627
f 1280//2628 1143//2348 1358//2786
f 1281//2629 1143//2347 1358//2785
f 1358//2786 1143//2348 1281//2630
f 1211//2487 1281//2629 1359//2787
f 1359//2788 1281//2630 1211//2488
f 1282//2631 1139//2339 1355//2779
f 1355//2780 1139//2340 1282//2632
f 1144//2349 1282//2631 1360//2789
f 1360//2790 1282//2632 1144//2350
f 1283//2633 1144//2349 1361//2791
f 1361//2792 1144//2350 1283//2634
f 1357//2783 1142//2345 1283//2633
f 1283//2634 1142//2346 1357//2784
f 1213//2491 1362//2793 1284//2635
f 1284//2636 1362//2794 1213//2492
f 1284//2635 1362//2793 1214//2493
f 1214//2494 1362//2794 1284//2636
f 1214//2493 1363//2795 1285//2637
f 1285//2638 1363//2796 1214//2494
f 1286//2639 1150//2361 1292//2651
f 1292//2652 1150//2362 1286//2640
f 1287//2641 1147//2355 1286//2639
f 1286//2640 1147//2356 1287//2642
f 1288//2643 1148//2357 1287//2641
f 1287//2642 1148//2358 1288//2644
f 1364//2797 1215//2495 1288//2643
f 1288//2644 1215//2496 1364//2798
f 1289//2645 1215//2495 1365//2799
f 1365//2800 1215//2496 1289//2646
f 1080//2221 1296//2661 1290//2647
f 1290//2648 1296//2662 1080//2222
f 1290//2647 1366//2801 1149//2359
f 1149//2360 1366//2802 1290//2648
f 1149//2359 1366//2801 1291//2649
f 1291//2650 1366//2802 1149//2360
f 1291//2649 1367//2803 1216//2497
f 1216//2498 1367//2804 1291//2650
f 1216//2497 1368//2805 1217//2499
f 1217//2500 1368//2806 1216//2498
f 1217//2499 1369//2807 1218//2501
f 1218//2502 1369//2808 1217//2500
f 1218//2501 1370//2809 1292//2651
f 1292//2652 1370//2810 1218//2502
f 1219//2503 1293//2811 1220//2653
f 1220//2654 1293//2812 1219//2504
f 1371//2813 1219//2503 1289//2645
f 1289//2646 1219//2504 1371//2814
f 1371//2815 5//2815 1293//2815
f 1293//2816 5//2816 1371//2816
f 1154//2373 1221//2509 1372//2817
f 1372//2818 1221//2510 1154//2374
f 1154//2373 1372//2817 1294//2657
f 1294//2658 1372//2818 1154//2374
f 1079//2219 1294//2657 1295//2659
f 1295//2660 1294//2658 1079//2220
f 1222//2511 1295//2659 1296//2661
f 1296//2662 1295//2660 1222//2512
f 1224//2515 1223//2513 1373//2819
f 1373//2820 1223//2514 1224//2516
f 1223//2513 1157//2379 1374//2821
f 1374//2822 1157//2380 1223//2514
f 1297//2663 1158//2381 1298//2665
f 1298//2666 1158//2382 1297//2664
f 1157//2379 1297//2663 1375//2823
f 1375//2824 1297//2664 1157//2380
f 1298//2665 1225//2517 1376//2825
f 1376//2826 1225//2518 1298//2666
f 1225//2517 1299//2667 1376//2825
f 1376//2826 1299//2668 1225//2518
f 1299//2667 1083//2227 1300//2669
f 1300//2670 1083//2228 1299//2668
f 1300//2669 1226//2519 1227//2521
f 1227//2522 1226//2520 1300//2670
f 1227//2521 1181//2427 1377//2827
f 1377//2828 1181//2428 1227//2522
f 1162//2389 1302//2673 1301//2671
f 1301//2672 1302//2674 1162//2390
f 1301//2671 1378//2829 1161//2387
f 1161//2388 1378//2830 1301//2672
f 1161//2387 1379//2831 1229//2525
f 1229//2526 1379//2832 1161//2388
f 1228//2523 1303//2675 1302//2673
f 1302//2674 1303//2676 1228//2524
f 5//1411 1380//2833 1303//2675
f 1303//2676 1380//2834 5//1416
f 1229//2525 1304//2677 1230//2527
f 1230//2528 1304//2678 1229//2526
f 1304//2677 1305//2679 1231//2529
f 1231//2530 1305//2680 1304//2678
f 1305//2679 1306//2681 1089//2239
f 1089//2240 1306//2682 1305//2680
f 1306//2681 1307//2683 1232//2531
f 1232//2532 1307//2684 1306//2682
f 1307//2683 1308//2685 1090//2241
f 1090//2242 1308//2686 1307//2684
f 1308//2685 1381//2835 1164//2393
f 1164//2394 1381//2836 1308//2686
f 1164//2393 1382//2837 1166//2397
f 1166//2398 1382//2838 1164//2394
f 1383//2839 1309//2687 1166//2397
f 1166//2398 1309//2688 1383//2840
f 1309//2687 1384//2841 1167//2399
f 1167//2400 1384//2842 1309//2688
f 1167//2399 1385//2843 1233//2533
f 1233//2534 1385//2844 1167//2400
f 1233//2533 1386//2845 1310//2689
f 1310//2690 1386//2846 1233//2534
f 1310//2689 1386//2845 1234//2535
f 1234//2536 1386//2846 1310//2690
f 1234//2535 1387//2847 1235//2537
f 1235//2538 1387//2848 1234//2536
f 1235//2537 1388//2849 1311//2691
f 1311//2692 1388//2850 1235//2538
f 1388//2849 1170//2405 1311//2691
f 1311//2692 1170//2406 1388//2850
f 1389//2851 1312//2693 1170//2405
f 1170//2406 1312//2694 1389//2852
f 1236//2539 1312//2693 1237//2541
f 1237//2542 1312//2694 1236//2540
f 1172//2409 1237//2541 1390//2853
f 1390//2854 1237//2542 1172//2410
f 1172//2409 1390//2853 1313//2695
f 1313//2696 1390//2854 1172//2410
f 1173//2411 1313//2695 1391//2855
f 1391//2856 1313//2696 1173//2412
f 1173//2411 1391//2855 1314//2697
f 1314//2698 1391//2856 1173//2412
f 1239//2545 1314//2697 1240//2547
f 1240//2548 1314//2698 1239//2546
f 1240//2547 1392//2857 1315//2699
f 1315//2700 1392//2858 1240//2548
f 1099//2259 1315//2699 1316//2701
f 1316//2702 1315//2700 1099//2260
f 1241//2549 1316//2701 1317//2703
f 1317//2704 1316//2702 1241//2550
f 1243//2553 1242//2551 1317//2703
f 1317//2704 1242//2552 1243//2554
f 1318//2705 1243//2553 1393//2859
f 1393//2860 1243//2554 1318//2706
f 1320//2709 1175//2415 1318//2705
f 1318//2706 1175//2416 1320//2710
f 1319//2707 1107//2275 1324//2717
f 1324//2718 1107//2276 1319//2708
f 1325//2719 1177//2419 1319//2707
f 1319//2708 1177//2420 1325//2720
f 1321//2711 1103//2267 1320//2709
f 1320//2710 1103//2268 1321//2712
f 1245//2557 1244//2555 1321//2711
f 1321//2712 1244//2556 1245//2558
f 1323//2715 1179//2423 1245//2557
f 1245//2558 1179//2424 1323//2716
f 1394//2861 1322//2713 1246//2559
f 1246//2560 1322//2714 1394//2862
f 1395//2863 1246//2559 1247//2561
f 1247//2562 1246//2560 1395//2864
f 1396//2865 1247//2561 1323//2715
f 1323//2716 1247//2562 1396//2866
f 1324//2717 1248//2563 1322//2713
f 1322//2714 1248//2564 1324//2718
f 1397//2867 1249//2565 1325//2719
f 1325//2720 1249//2566 1397//2868
f 1326//2721 1249//2565 1397//2867
f 1397//2868 1249//2566 1326//2722
f 1327//2723 1180//2425 1326//2721
f 1326//2722 1180//2426 1327//2724
f 1377//2827 1181//2427 1327//2723
f 1327//2724 1181//2428 1377//2828
f 1110//2281 1328//2725 1329//2727
f 1329//2728 1328//2726 1110//2282
f 1329//2727 1398//2869 1251//2569
f 1251//2570 1398//2870 1329//2728
f 1251//2569 1399//2871 1330//2729
f 1330//2730 1399//2872 1251//2570
f 1183//2431 1330//2729 1399//2871
f 1399//2872 1330//2730 1183//2432
f 1183//2431 1400//2873 1252//2571
f 1252//2572 1400//2874 1183//2432
f 1252//2571 1401//2875 1331//2731
f 1331//2732 1401//2876 1252//2572
f 1331//2731 1401//2875 1202//2469
f 1202//2470 1401//2876 1331//2732
f 1402//2877 1332//2733 1185//2435
f 1185//2436 1332//2734 1402//2878
f 1332//2733 1254//2575 1253//2573
f 1253//2574 1254//2576 1332//2734
f 1254//2575 1403//2879 1258//2583
f 1258//2584 1403//2880 1254//2576
f 1333//2735 1334//2737 1255//2577
f 1255//2578 1334//2738 1333//2736
f 1333//2735 1186//2437 1336//2741
f 1336//2742 1186//2438 1333//2736
f 1334//2737 1402//2877 1185//2435
f 1185//2436 1402//2878 1334//2738
f 1404//2881 1256//2579 1335//2739
f 1335//2740 1256//2580 1404//2882
f 1405//2883 1335//2739 1187//2439
f 1187//2440 1335//2740 1405//2884
f 1405//2883 1187//2439 1265//2597
f 1265//2598 1187//2440 1405//2884
f 1404//2881 1336//2741 1256//2579
f 1256//2580 1336//2742 1404//2882
f 1258//2583 1406//2885 1259//2585
f 1259//2586 1406//2886 1258//2584
f 1259//2585 1407//2887 1337//2743
f 1337//2744 1407//2888 1259//2586
f 1188//2441 1337//2743 1338//2745
f 1338//2746 1337//2744 1188//2442
f 1260//2587 1338//2745 1408//2889
f 1408//2890 1338//2746 1260//2588
f 1328//2725 1260//2587 1409//2891
f 1409//2892 1260//2588 1328//2726
f 1197//2459 1410//2893 1261//2589
f 1261//2590 1410//2894 1197//2460
f 1261//2589 1411//2895 1263//2593
f 1263//2594 1411//2896 1261//2590
f 1339//2747 1412//2897 1262//2591
f 1262//2592 1412//2898 1339//2748
f 1262//2591 1340//2749 1192//2449
f 1192//2450 1340//2750 1262//2592
f 1263//2593 1413//2899 1339//2747
f 1339//2748 1413//2900 1263//2594
f 1340//2749 1414//2901 1193//2451
f 1193//2452 1414//2902 1340//2750
f 1341//2751 1415//2903 1264//2595
f 1264//2596 1415//2904 1341//2752
f 1414//2901 1341//2751 1193//2451
f 1193//2452 1341//2752 1414//2902
f 1264//2595 1405//2883 1265//2597
f 1265//2598 1405//2884 1264//2596
f 1195//2455 1343//2755 1342//2753
f 1342//2754 1343//2756 1195//2456
f 1266//2599 1342//2753 1416//2905
f 1416//2906 1342//2754 1266//2600
f 1197//2459 1266//2599 1410//2893
f 1410//2894 1266//2600 1197//2460
f 1344//2757 1198//2461 1417//2907
f 1417//2908 1198//2462 1344//2758
f 1198//2461 1345//2759 1417//2907
f 1417//2908 1345//2760 1198//2462
f 1346//2761 1270//2607 1271//2609
f 1271//2610 1270//2608 1346//2762
f 1128//2317 1346//2761 1347//2763
f 1347//2764 1346//2762 1128//2318
f 1199//2463 1347//2763 1418//2909
f 1418//2910 1347//2764 1199//2464
f 1345//2759 1199//2463 1419//2911
f 1419//2912 1199//2464 1345//2760
f 1271//2609 1224//2515 1420//2913
f 1420//2914 1224//2516 1271//2610
f 1201//2467 1344//2757 1343//2755
f 1343//2756 1344//2758 1201//2468
f 1131//2323 1348//2765 1349//2767
f 1349//2768 1348//2766 1131//2324
f 1349//2767 1421//2915 1213//2491
f 1213//2492 1421//2916 1349//2768
f 1422//2917 1350//2769 1202//2469
f 1202//2470 1350//2770 1422//2918
f 1350//2769 1423//2919 1203//2471
f 1203//2472 1423//2920 1350//2770
f 1203//2471 1423//2919 1348//2765
f 1348//2766 1423//2920 1203//2472
f 1285//2637 1363//2795 1274//2615
f 1274//2616 1363//2796 1285//2638
f 1353//2775 1135//2331 1352//2773
f 1352//2774 1135//2332 1353//2776
f 1425//2921 1206//2477 1353//2775
f 1353//2776 1206//2478 1425//2922
f 1425//2921 1354//2777 1206//2477
f 1206//2478 1354//2778 1425//2922
f 1426//2923 1355//2779 1208//2481
f 1208//2482 1355//2780 1426//2924
f 1277//2621 1278//2623 1427//2925
f 1427//2926 1278//2624 1277//2622
f 1210//2485 1277//2621 1428//2927
f 1428//2928 1277//2622 1210//2486
f 1426//2923 1208//2481 1356//2781
f 1356//2782 1208//2482 1426//2924
f 1210//2485 1429//2929 1356//2781
f 1356//2782 1429//2930 1210//2486
f 1278//2623 1354//2777 1425//2921
f 1425//2922 1354//2778 1278//2624
f 1221//2509 1211//2487 1430//2931
f 1430//2932 1211//2488 1221//2510
f 1358//2785 1280//2627 1357//2783
f 1357//2784 1280//2628 1358//2786
f 1359//2787 1281//2629 1358//2785
f 1358//2786 1281//2630 1359//2788
f 1430//2931 1211//2487 1359//2787
f 1359//2788 1211//2488 1430//2932
f 1282//2631 1355//2779 1426//2923
f 1426//2924 1355//2780 1282//2632
f 1360//2789 1282//2631 1431//2933
f 1431//2934 1282//2632 1360//2790
f 1361//2791 1144//2349 1360//2789
f 1360//2790 1144//2350 1361//2792
f 1357//2783 1283//2633 1361//2791
f 1361//2792 1283//2634 1357//2784
f 1213//2491 1432//2935 1362//2793
f 1362//2794 1432//2936 1213//2492
f 1214//2493 1362//2793 1363//2795
f 1363//2796 1362//2794 1214//2494
f 1433//2937 1286//2639 1292//2651
f 1292//2652 1286//2640 1433//2938
f 1287//2641 1286//2639 1433//2937
f 1433//2938 1286//2640 1287//2642
f 1288//2643 1287//2641 1434//2939
f 1434//2940 1287//2642 1288//2644
f 1435//2941 1215//2495 1364//2797
f 1364//2798 1215//2496 1435//2942
f 1364//2797 1288//2643 1434//2939
f 1434//2940 1288//2644 1364//2798
f 1365//2799 1215//2495 1436//2943
f 1436//2944 1215//2496 1365//2800
f 1437//2945 1289//2645 1365//2799
f 1365//2800 1289//2646 1437//2946
f 1290//2647 1296//2661 1366//2801
f 1366//2802 1296//2662 1290//2648
f 1366//2801 1367//2803 1291//2649
f 1291//2650 1367//2804 1366//2802
f 1216//2497 1367//2803 1368//2805
f 1368//2806 1367//2804 1216//2498
f 1217//2499 1368//2805 1369//2807
f 1369//2808 1368//2806 1217//2500
f 1218//2501 1369//2807 1370//2809
f 1370//2810 1369//2808 1218//2502
f 1292//2651 1370//2809 1438//2947
f 1438//2948 1370//2810 1292//2652
f 1219//2503 1371//2813 1293//2811
f 1293//2812 1371//2814 1219//2504
f 1289//2645 1439//2949 1371//2813
f 1371//2814 1439//2950 1289//2646
f 1371//2951 1439//2951 5//2951
f 5//2952 1439//2952 1371//2952
f 1372//2817 1221//2509 1430//2931
f 1430//2932 1221//2510 1372//2818
f 1294//2657 1372//2817 1295//2659
f 1295//2660 1372//2818 1294//2658
f 1295//2659 1440//2953 1296//2661
f 1296//2662 1440//2954 1295//2660
f 1373//2819 1223//2513 1441//2955
f 1441//2956 1223//2514 1373//2820
f 1442//2957 1224//2515 1373//2819
f 1373//2820 1224//2516 1442//2958
f 1157//2379 1375//2823 1374//2821
f 1374//2822 1375//2824 1157//2380
f 1441//2955 1223//2513 1374//2821
f 1374//2822 1223//2514 1441//2956
f 1375//2823 1297//2663 1298//2665
f 1298//2666 1297//2664 1375//2824
f 1298//2665 1376//2825 1443//2959
f 1443//2960 1376//2826 1298//2666
f 1376//2825 1299//2667 1444//2961
f 1444//2962 1299//2668 1376//2826
f 1299//2667 1300//2669 1444//2961
f 1444//2962 1300//2670 1299//2668
f 1300//2669 1227//2521 1445//2963
f 1445//2964 1227//2522 1300//2670
f 1227//2521 1377//2827 1446//2965
f 1446//2966 1377//2828 1227//2522
f 1302//2673 1378//2829 1301//2671
f 1301//2672 1378//2830 1302//2674
f 1161//2387 1378//2829 1379//2831
f 1379//2832 1378//2830 1161//2388
f 1447//2967 1229//2525 1379//2831
f 1379//2832 1229//2526 1447//2968
f 1303//2675 1448//2969 1302//2673
f 1302//2674 1448//2970 1303//2676
f 1449//2971 1380//2833 5//1411
f 5//1416 1380//2834 1449//2972
f 1450//2973 1303//2675 1380//2833
f 1380//2834 1303//2676 1450//2974
f 1451//2975 1304//2677 1229//2525
f 1229//2526 1304//2678 1451//2976
f 1452//2977 1305//2679 1304//2677
f 1304//2678 1305//2680 1452//2978
f 1453//2979 1306//2681 1305//2679
f 1305//2680 1306//2682 1453//2980
f 1454//2981 1307//2683 1306//2681
f 1306//2682 1307//2684 1454//2982
f 1307//2683 1381//2835 1308//2685
f 1308//2686 1381//2836 1307//2684
f 1381//2835 1382//2837 1164//2393
f 1164//2394 1382//2838 1381//2836
f 1382//2837 1383//2839 1166//2397
f 1166//2398 1383//2840 1382//2838
f 1383//2839 1384//2841 1309//2687
f 1309//2688 1384//2842 1383//2840
f 1384//2841 1385//2843 1167//2399
f 1167//2400 1385//2844 1384//2842
f 1385//2843 1455//2983 1233//2533
f 1233//2534 1455//2984 1385//2844
f 1233//2533 1456//2985 1386//2845
f 1386//2846 1456//2986 1233//2534
f 1234//2535 1386//2845 1457//2987
f 1457//2988 1386//2846 1234//2536
f 1457//2987 1387//2847 1234//2535
f 1234//2536 1387//2848 1457//2988
f 1387//2847 1388//2849 1235//2537
f 1235//2538 1388//2850 1387//2848
f 1388//2849 1389//2851 1170//2405
f 1170//2406 1389//2852 1388//2850
f 1458//2989 1312//2693 1389//2851
f 1389//2852 1312//2694 1458//2990
f 1237//2541 1312//2693 1459//2991
f 1459//2992 1312//2694 1237//2542
f 1237//2541 1460//2993 1390//2853
f 1390//2854 1460//2994 1237//2542
f 1390//2853 1460//2993 1313//2695
f 1313//2696 1460//2994 1390//2854
f 1313//2695 1461//2995 1391//2855
f 1391//2856 1461//2996 1313//2696
f 1391//2855 1461//2995 1314//2697
f 1314//2698 1461//2996 1391//2856
f 1240//2547 1314//2697 1462//2997
f 1462//2998 1314//2698 1240//2548
f 1240//2547 1462//2997 1392//2857
f 1392//2858 1462//2998 1240//2548
f 1315//2699 1392//2857 1316//2701
f 1316//2702 1392//2858 1315//2700
f 1317//2703 1316//2701 1463//2999
f 1463//3000 1316//2702 1317//2704
f 1243//2553 1317//2703 1393//2859
f 1393//2860 1317//2704 1243//2554
f 1318//2705 1393//2859 1464//3001
f 1464//3002 1393//2860 1318//2706
f 1321//2711 1320//2709 1318//2705
f 1318//2706 1320//2710 1321//2712
f 1325//2719 1319//2707 1324//2717
f 1324//2718 1319//2708 1325//2720
f 1465//3003 1245//2557 1321//2711
f 1321//2712 1245//2558 1465//3004
f 1465//3003 1323//2715 1245//2557
f 1245//2558 1323//2716 1465//3004
f 1466//3005 1322//2713 1394//2861
f 1394//2862 1322//2714 1466//3006
f 1394//2861 1246//2559 1395//2863
f 1395//2864 1246//2560 1394//2862
f 1396//2865 1395//2863 1247//2561
f 1247//2562 1395//2864 1396//2866
f 1467//3007 1396//2865 1323//2715
f 1323//2716 1396//2866 1467//3008
f 1324//2717 1322//2713 1468//3009
f 1468//3010 1322//2714 1324//2718
f 1397//2867 1325//2719 1469//3011
f 1469//3012 1325//2720 1397//2868
f 1470//3013 1326//2721 1397//2867
f 1397//2868 1326//2722 1470//3014
f 1327//2723 1326//2721 1471//3015
f 1471//3016 1326//2722 1327//2724
f 1446//2965 1377//2827 1327//2723
f 1327//2724 1377//2828 1446//2966
f 1329//2727 1328//2725 1398//2869
f 1398//2870 1328//2726 1329//2728
f 1251//2569 1398//2869 1472//3017
f 1472//3018 1398//2870 1251//2570
f 1251//2569 1472//3017 1399//2871
f 1399//2872 1472//3018 1251//2570
f 1183//2431 1399//2871 1400//2873
f 1400//2874 1399//2872 1183//2432
f 1400//2873 1473//3019 1252//2571
f 1252//2572 1473//3020 1400//2874
f 1474//3021 1401//2875 1252//2571
f 1252//2572 1401//2876 1474//3022
f 1401//2875 1422//2917 1202//2469
f 1202//2470 1422//2918 1401//2876
f 1402//2877 1475//3023 1332//2733
f 1332//2734 1475//3024 1402//2878
f 1332//2733 1403//2879 1254//2575
f 1254//2576 1403//2880 1332//2734
f 1258//2583 1403//2879 1406//2885
f 1406//2886 1403//2880 1258//2584
f 1476//3025 1334//2737 1333//2735
f 1333//2736 1334//2738 1476//3026
f 1477//3027 1333//2735 1336//2741
f 1336//2742 1333//2736 1477//3028
f 1478//3029 1402//2877 1334//2737
f 1334//2738 1402//2878 1478//3030
f 1479//3031 1404//2881 1335//2739
f 1335//2740 1404//2882 1479//3032
f 1480//3033 1335//2739 1405//2883
f 1405//2884 1335//2740 1480//3034
f 1477//3027 1336//2741 1404//2881
f 1404//2882 1336//2742 1477//3028
f 1259//2585 1406//2885 1407//2887
f 1407//2888 1406//2886 1259//2586
f 1337//2743 1407//2887 1481//3035
f 1481//3036 1407//2888 1337//2744
f 1338//2745 1337//2743 1481//3035
f 1481//3036 1337//2744 1338//2746
f 1338//2745 1482//3037 1408//2889
f 1408//2890 1482//3038 1338//2746
f 1260//2587 1408//2889 1483//3039
f 1483//3040 1408//2890 1260//2588
f 1409//2891 1260//2587 1483//3039
f 1483//3040 1260//2588 1409//2892
f 1328//2725 1409//2891 1398//2869
f 1398//2870 1409//2892 1328//2726
f 1261//2589 1410//2893 1411//2895
f 1411//2896 1410//2894 1261//2590
f 1263//2593 1411//2895 1413//2899
f 1413//2900 1411//2896 1263//2594
f 1339//2747 1484//3041 1412//2897
f 1412//2898 1484//3042 1339//2748
f 1412//2897 1485//3043 1262//2591
f 1262//2592 1485//3044 1412//2898
f 1262//2591 1485//3043 1340//2749
f 1340//2750 1485//3044 1262//2592
f 1413//2899 1484//3041 1339//2747
f 1339//2748 1484//3042 1413//2900
f 1485//3043 1414//2901 1340//2749
f 1340//2750 1414//2902 1485//3044
f 1414//2901 1415//2903 1341//2751
f 1341//2752 1415//2904 1414//2902
f 1415//2903 1405//2883 1264//2595
f 1264//2596 1405//2884 1415//2904
f 1416//2905 1342//2753 1343//2755
f 1343//2756 1342//2754 1416//2906
f 1266//2599 1416//2905 1410//2893
f 1410//2894 1416//2906 1266//2600
f 1343//2755 1344//2757 1417//2907
f 1417//2908 1344//2758 1343//2756
f 1417//2907 1345//2759 1419//2911
f 1419//2912 1345//2760 1417//2908
f 1346//2761 1271//2609 1486//3045
f 1486//3046 1271//2610 1346//2762
f 1347//2763 1346//2761 1418//2909
f 1418//2910 1346//2762 1347//2764
f 1199//2463 1418//2909 1419//2911
f 1419//2912 1418//2910 1199//2464
f 1420//2913 1224//2515 1442//2957
f 1442//2958 1224//2516 1420//2914
f 1271//2609 1420//2913 1487//3047
f 1487//3048 1420//2914 1271//2610
f 1348//2765 1421//2915 1349//2767
f 1349//2768 1421//2916 1348//2766
f 1213//2491 1421//2915 1432//2935
f 1432//2936 1421//2916 1213//2492
f 1422//2917 1488//3049 1350//2769
f 1350//2770 1488//3050 1422//2918
f 1350//2769 1489//3051 1423//2919
f 1423//2920 1489//3052 1350//2770
f 1423//2919 1489//3051 1348//2765
f 1348//2766 1489//3052 1423//2920
f 1274//2615 1363//2795 1490//3053
f 1490//3054 1363//2796 1274//2616
f 1425//2921 1353//2775 1492//3055
f 1492//3056 1353//2776 1425//2922
f 1427//2925 1278//2623 1493//3057
f 1493//3058 1278//2624 1427//2926
f 1277//2621 1427//2925 1494//3059
f 1494//3060 1427//2926 1277//2622
f 1428//2927 1277//2621 1494//3059
f 1494//3060 1277//2622 1428//2928
f 1210//2485 1428//2927 1429//2929
f 1429//2930 1428//2928 1210//2486
f 1356//2781 1429//2929 1426//2923
f 1426//2924 1429//2930 1356//2782
f 1495//3061 1278//2623 1425//2921
f 1425//2922 1278//2624 1495//3062
f 1358//2785 1357//2783 1496//3063
f 1496//3064 1357//2784 1358//2786
f 1359//2787 1358//2785 1497//3065
f 1497//3066 1358//2786 1359//2788
f 1430//2931 1359//2787 1498//3067
f 1498//3068 1359//2788 1430//2932
f 1282//2631 1426//2923 1499//3069
f 1499//3070 1426//2924 1282//2632
f 1282//2631 1499//3069 1431//2933
f 1431//2934 1499//3070 1282//2632
f 1361//2791 1360//2789 1431//2933
f 1431//2934 1360//2790 1361//2792
f 1357//2783 1361//2791 1500//3071
f 1500//3072 1361//2792 1357//2784
f 1432//2935 1501//3073 1362//2793
f 1362//2794 1501//3074 1432//2936
f 1362//2793 1502//3075 1363//2795
f 1363//2796 1502//3076 1362//2794
f 1433//2937 1292//2651 1503//3077
f 1503//3078 1292//2652 1433//2938
f 1287//2641 1433//2937 1504//3079
f 1504//3080 1433//2938 1287//2642
f 1434//2939 1287//2641 1504//3079
f 1504//3080 1287//2642 1434//2940
f 1505//3081 1215//2495 1435//2941
f 1435//2942 1215//2496 1505//3082
f 1435//2941 1364//2797 1506//3083
f 1506//3084 1364//2798 1435//2942
f 1364//2797 1434//2939 1507//3085
f 1507//3086 1434//2940 1364//2798
f 1436//2943 1215//2495 1505//3081
f 1505//3082 1215//2496 1436//2944
f 1508//3087 1365//2799 1436//2943
f 1436//2944 1365//2800 1508//3088
f 1289//2645 1437//2945 1439//2949
f 1439//2950 1437//2946 1289//2646
f 1365//2799 1509//3089 1437//2945
f 1437//2946 1509//3090 1365//2800
f 1296//2661 1510//3091 1366//2801
f 1366//2802 1510//3092 1296//2662
f 1366//2801 1511//3093 1367//2803
f 1367//2804 1511//3094 1366//2802
f 1368//2805 1367//2803 1512//3095
f 1512//3096 1367//2804 1368//2806
f 1369//2807 1368//2805 1513//3097
f 1513//3098 1368//2806 1369//2808
f 1369//2807 1514//3099 1370//2809
f 1370//2810 1514//3100 1369//2808
f 1370//2809 1514//3099 1438//2947
f 1438//2948 1514//3100 1370//2810
f 1503//3077 1292//2651 1438//2947
f 1438//2948 1292//2652 1503//3078
f 1437//3101 5//3101 1439//3101
f 1439//3102 5//3102 1437//3102
f 1372//2817 1430//2931 1515//3103
f 1515//3104 1430//2932 1372//2818
f 1372//2817 1515//3103 1295//2659
f 1295//2660 1515//3104 1372//2818
f 1295//2659 1515//3103 1440//2953
f 1440//2954 1515//3104 1295//2660
f 1296//2661 1440//2953 1516//3105
f 1516//3106 1440//2954 1296//2662
f 1442//2957 1373//2819 1441//2955
f 1441//2956 1373//2820 1442//2958
f 1374//2821 1375//2823 1441//2955
f 1441//2956 1375//2824 1374//2822
f 1375//2823 1298//2665 1517//3107
f 1517//3108 1298//2666 1375//2824
f 1443//2959 1376//2825 1518//3109
f 1518//3110 1376//2826 1443//2960
f 1298//2665 1443//2959 1519//3111
f 1519//3112 1443//2960 1298//2666
f 1376//2825 1444//2961 1518//3109
f 1518//3110 1444//2962 1376//2826
f 1444//2961 1300//2669 1520//3113
f 1520//3114 1300//2670 1444//2962
f 1445//2963 1227//2521 1446//2965
f 1446//2966 1227//2522 1445//2964
f 1300//2669 1445//2963 1520//3113
f 1520//3114 1445//2964 1300//2670
f 1302//2673 1521//3115 1378//2829
f 1378//2830 1521//3116 1302//2674
f 1378//2829 1447//2967 1379//2831
f 1379//2832 1447//2968 1378//2830
f 1447//2967 1451//2975 1229//2525
f 1229//2526 1451//2976 1447//2968
f 1303//2675 1522//3117 1448//2969
f 1448//2970 1522//3118 1303//2676
f 1448//2969 1523//3119 1302//2673
f 1302//2674 1523//3120 1448//2970
f 1450//2973 1380//3121 1449//3122
f 1449//3123 1380//3124 1450//2974
f 1449//3125 5//3125 1524//3125
f 1524//3126 5//3126 1449//3126
f 1450//2973 1525//3127 1303//2675
f 1303//2676 1525//3128 1450//2974
f 1526//3129 1304//2677 1451//2975
f 1451//2976 1304//2678 1526//3130
f 1527//3131 1305//2679 1452//2977
f 1452//2978 1305//2680 1527//3132
f 1526//3129 1452//2977 1304//2677
f 1304//2678 1452//2978 1526//3130
f 1454//2981 1306//2681 1453//2979
f 1453//2980 1306//2682 1454//2982
f 1527//3131 1453//2979 1305//2679
f 1305//2680 1453//2980 1527//3132
f 1454//2981 1528//3133 1307//2683
f 1307//2684 1528//3134 1454//2982
f 1528//3133 1381//2835 1307//2683
f 1307//2684 1381//2836 1528//3134
f 1381//2835 1383//2839 1382//2837
f 1382//2838 1383//2840 1381//2836
f 1529//3135 1384//2841 1383//2839
f 1383//2840 1384//2842 1529//3136
f 1384//2841 1455//2983 1385//2843
f 1385//2844 1455//2984 1384//2842
f 1233//2533 1455//2983 1456//2985
f 1456//2986 1455//2984 1233//2534
f 1456//2985 1530//3137 1386//2845
f 1386//2846 1530//3138 1456//2986
f 1386//2845 1531//3139 1457//2987
f 1457//2988 1531//3140 1386//2846
f 1531//3139 1387//2847 1457//2987
f 1457//2988 1387//2848 1531//3140
f 1387//2847 1532//3141 1388//2849
f 1388//2850 1532//3142 1387//2848
f 1388//2849 1458//2989 1389//2851
f 1389//2852 1458//2990 1388//2850
f 1458//2989 1533//3143 1312//2693
f 1312//2694 1533//3144 1458//2990
f 1312//2693 1534//3145 1459//2991
f 1459//2992 1534//3146 1312//2694
f 1237//2541 1459//2991 1460//2993
f 1460//2994 1459//2992 1237//2542
f 1313//2695 1460//2993 1535//3147
f 1535//3148 1460//2994 1313//2696
f 1313//2695 1535//3147 1461//2995
f 1461//2996 1535//3148 1313//2696
f 1314//2697 1461//2995 1536//3149
f 1536//3150 1461//2996 1314//2698
f 1314//2697 1537//3151 1462//2997
f 1462//2998 1537//3152 1314//2698
f 1462//2997 1537//3151 1392//2857
f 1392//2858 1537//3152 1462//2998
f 1316//2701 1392//2857 1538//3153
f 1538//3154 1392//2858 1316//2702
f 1316//2701 1539//3155 1463//2999
f 1463//3000 1539//3156 1316//2702
f 1317//2703 1463//2999 1540//3157
f 1540//3158 1463//3000 1317//2704
f 1317//2703 1540//3157 1393//2859
f 1393//2860 1540//3158 1317//2704
f 1464//3001 1393//2859 1541//3159
f 1541//3160 1393//2860 1464//3002
f 1542//3161 1318//2705 1464//3001
f 1464//3002 1318//2706 1542//3162
f 1542//3161 1321//2711 1318//2705
f 1318//2706 1321//2712 1542//3162
f 1469//3011 1325//2719 1324//2717
f 1324//2718 1325//2720 1469//3012
f 1465//3003 1321//2711 1542//3161
f 1542//3162 1321//2712 1465//3004
f 1467//3007 1323//2715 1465//3003
f 1465//3004 1323//2716 1467//3008
f 1468//3009 1322//2713 1466//3005
f 1466//3006 1322//2714 1468//3010
f 1543//3163 1466//3005 1394//2861
f 1394//2862 1466//3006 1543//3164
f 1544//3165 1394//2861 1395//2863
f 1395//2864 1394//2862 1544//3166
f 1545//3167 1395//2863 1396//2865
f 1396//2866 1395//2864 1545//3168
f 1546//3169 1396//2865 1467//3007
f 1467//3008 1396//2866 1546//3170
f 1547//3171 1324//2717 1468//3009
f 1468//3010 1324//2718 1547//3172
f 1548//3173 1397//2867 1469//3011
f 1469//3012 1397//2868 1548//3174
f 1471//3015 1326//2721 1470//3013
f 1470//3014 1326//2722 1471//3016
f 1470//3013 1397//2867 1548//3173
f 1548//3174 1397//2868 1470//3014
f 1549//3175 1327//2723 1471//3015
f 1471//3016 1327//2724 1549//3176
f 1446//2965 1327//2723 1549//3175
f 1549//3176 1327//2724 1446//2966
f 1398//2869 1550//3177 1472//3017
f 1472//3018 1550//3178 1398//2870
f 1550//3177 1399//2871 1472//3017
f 1472//3018 1399//2872 1550//3178
f 1399//2871 1473//3019 1400//2873
f 1400//2874 1473//3020 1399//2872
f 1473//3019 1474//3021 1252//2571
f 1252//2572 1474//3022 1473//3020
f 1551//3179 1401//2875 1474//3021
f 1474//3022 1401//2876 1551//3180
f 1401//2875 1488//3049 1422//2917
f 1422//2918 1488//3050 1401//2876
f 1552//3181 1475//3023 1402//2877
f 1402//2878 1475//3024 1552//3182
f 1475//3023 1403//2879 1332//2733
f 1332//2734 1403//2880 1475//3024
f 1403//2879 1553//3183 1406//2885
f 1406//2886 1553//3184 1403//2880
f 1476//3025 1478//3029 1334//2737
f 1334//2738 1478//3030 1476//3026
f 1554//3185 1476//3025 1333//2735
f 1333//2736 1476//3026 1554//3186
f 1555//3187 1333//2735 1477//3027
f 1477//3028 1333//2736 1555//3188
f 1556//3189 1402//2877 1478//3029
f 1478//3030 1402//2878 1556//3190
f 1557//3191 1404//2881 1479//3031
f 1479//3032 1404//2882 1557//3192
f 1480//3033 1479//3031 1335//2739
f 1335//2740 1479//3032 1480//3034
f 1415//2903 1480//3033 1405//2883
f 1405//2884 1480//3034 1415//2904
f 1558//3193 1477//3027 1404//2881
f 1404//2882 1477//3028 1558//3194
f 1406//2885 1553//3183 1407//2887
f 1407//2888 1553//3184 1406//2886
f 1407//2887 1559//3195 1481//3035
f 1481//3036 1559//3196 1407//2888
f 1338//2745 1481//3035 1560//3197
f 1560//3198 1481//3036 1338//2746
f 1338//2745 1560//3197 1482//3037
f 1482//3038 1560//3198 1338//2746
f 1408//2889 1482//3037 1561//3199
f 1561//3200 1482//3038 1408//2890
f 1483//3039 1408//2889 1562//3201
f 1562//3202 1408//2890 1483//3040
f 1398//2869 1409//2891 1483//3039
f 1483//3040 1409//2892 1398//2870
f 1410//2893 1563//3203 1411//2895
f 1411//2896 1563//3204 1410//2894
f 1411//2895 1563//3203 1413//2899
f 1413//2900 1563//3204 1411//2896
f 1484//3041 1564//3205 1412//2897
f 1412//2898 1564//3206 1484//3042
f 1412//2897 1565//3207 1485//3043
f 1485//3044 1565//3208 1412//2898
f 1413//2899 1566//3209 1484//3041
f 1484//3042 1566//3210 1413//2900
f 1485//3043 1565//3207 1414//2901
f 1414//2902 1565//3208 1485//3044
f 1414//2901 1567//3211 1415//2903
f 1415//2904 1567//3212 1414//2902
f 1416//2905 1343//2755 1419//2911
f 1419//2912 1343//2756 1416//2906
f 1410//2893 1416//2905 1563//3203
f 1563//3204 1416//2906 1410//2894
f 1343//2755 1417//2907 1419//2911
f 1419//2912 1417//2908 1343//2756
f 1486//3045 1271//2609 1487//3047
f 1487//3048 1271//2610 1486//3046
f 1346//2761 1486//3045 1568//3213
f 1568//3214 1486//3046 1346//2762
f 1418//2909 1346//2761 1569//3215
f 1569//3216 1346//2762 1418//2910
f 1419//2911 1418//2909 1569//3215
f 1569//3216 1418//2910 1419//2912
f 1487//3047 1420//2913 1442//2957
f 1442//2958 1420//2914 1487//3048
f 1348//2765 1570//3217 1421//2915
f 1421//2916 1570//3218 1348//2766
f 1421//2915 1501//3073 1432//2935
f 1432//2936 1501//3074 1421//2916
f 1488//3049 1571//3219 1350//2769
f 1350//2770 1571//3220 1488//3050
f 1350//2769 1571//3219 1489//3051
f 1489//3052 1571//3220 1350//2770
f 1348//2765 1489//3051 1570//3217
f 1570//3218 1489//3052 1348//2766
f 1363//2795 1572//3221 1490//3053
f 1490//3054 1572//3222 1363//2796
f 1572//3221 1274//2615 1490//3053
f 1490//3054 1274//2616 1572//3222
f 1573//3223 1491//3224 1274//2615
f 1274//2616 1491//3225 1573//3226
f 1492//3055 1353//2775 1575//3227
f 1575//3228 1353//2776 1492//3056
f 1576//3229 1425//2921 1492//3055
f 1492//3056 1425//2922 1576//3230
f 1493//3057 1278//2623 1495//3061
f 1495//3062 1278//2624 1493//3058
f 1494//3059 1427//2925 1493//3057
f 1493//3058 1427//2926 1494//3060
f 1429//2929 1428//2927 1494//3059
f 1494//3060 1428//2928 1429//2930
f 1426//2923 1429//2929 1499//3069
f 1499//3070 1429//2930 1426//2924
f 1576//3229 1495//3061 1425//2921
f 1425//2922 1495//3062 1576//3230
f 1496//3063 1357//2783 1577//3231
f 1577//3232 1357//2784 1496//3064
f 1578//3233 1358//2785 1496//3063
f 1496//3064 1358//2786 1578//3234
f 1497//3065 1358//2785 1578//3233
f 1578//3234 1358//2786 1497//3066
f 1359//2787 1497//3065 1579//3235
f 1579//3236 1497//3066 1359//2788
f 1498//3067 1359//2787 1579//3235
f 1579//3236 1359//2788 1498//3068
f 1430//2931 1498//3067 1580//3237
f 1580//3238 1498//3068 1430//2932
f 1431//2933 1499//3069 1581//3239
f 1581//3240 1499//3070 1431//2934
f 1361//2791 1431//2933 1582//3241
f 1582//3242 1431//2934 1361//2792
f 1361//2791 1582//3241 1500//3071
f 1500//3072 1582//3242 1361//2792
f 1577//3231 1357//2783 1500//3071
f 1500//3072 1357//2784 1577//3232
f 1362//2793 1501//3073 1583//3243
f 1583//3244 1501//3074 1362//2794
f 1362//2793 1583//3243 1502//3075
f 1502//3076 1583//3244 1362//2794
f 1363//2795 1502//3075 1572//3221
f 1572//3222 1502//3076 1363//2796
f 1584//3245 1433//2937 1503//3077
f 1503//3078 1433//2938 1584//3246
f 1504//3079 1433//2937 1584//3245
f 1584//3246 1433//2938 1504//3080
f 1434//2939 1504//3079 1585//3247
f 1585//3248 1504//3080 1434//2940
f 1586//3249 1505//3081 1435//2941
f 1435//2942 1505//3082 1586//3250
f 1506//3083 1364//2797 1587//3251
f 1587//3252 1364//2798 1506//3084
f 1588//3253 1435//2941 1506//3083
f 1506//3084 1435//2942 1588//3254
f 1507//3085 1434//2939 1585//3247
f 1585//3248 1434//2940 1507//3086
f 1450//2973 1364//2797 1507//3085
f 1507//3086 1364//2798 1450//2974
f 1589//3255 1436//2943 1505//3081
f 1505//3082 1436//2944 1589//3256
f 1365//2799 1508//3087 1509//3089
f 1509//3090 1508//3088 1365//2800
f 1436//2943 1590//3257 1508//3087
f 1508//3088 1590//3258 1436//2944
f 1437//3259 1509//3259 5//3259
f 5//3260 1509//3260 1437//3260
f 1296//2661 1516//3105 1510//3091
f 1510//3092 1516//3106 1296//2662
f 1366//2801 1510//3091 1591//3261
f 1591//3262 1510//3092 1366//2802
f 1366//2801 1591//3261 1511//3093
f 1511//3094 1591//3262 1366//2802
f 1511//3093 1592//3263 1367//2803
f 1367//2804 1592//3264 1511//3094
f 1367//2803 1593//3265 1512//3095
f 1512//3096 1593//3266 1367//2804
f 1368//2805 1512//3095 1513//3097
f 1513//3098 1512//3096 1368//2806
f 1369//2807 1513//3097 1514//3099
f 1514//3100 1513//3098 1369//2808
f 1438//2947 1514//3099 1594//3267
f 1594//3268 1514//3100 1438//2948
f 1503//3077 1438//2947 1595//3269
f 1595//3270 1438//2948 1503//3078
f 1430//2931 1596//3271 1515//3103
f 1515//3104 1596//3272 1430//2932
f 1440//2953 1515//3103 1516//3105
f 1516//3106 1515//3104 1440//2954
f 1442//2957 1441//2955 1597//3273
f 1597//3274 1441//2956 1442//2958
f 1441//2955 1375//2823 1598//3275
f 1598//3276 1375//2824 1441//2956
f 1517//3107 1298//2665 1519//3111
f 1519//3112 1298//2666 1517//3108
f 1375//2823 1517//3107 1599//3277
f 1599//3278 1517//3108 1375//2824
f 1519//3111 1443//2959 1518//3109
f 1518//3110 1443//2960 1519//3112
f 1518//3109 1444//2961 1600//3279
f 1600//3280 1444//2962 1518//3110
f 1444//2961 1520//3113 1600//3279
f 1600//3280 1520//3114 1444//2962
f 1520//3113 1445//2963 1446//2965
f 1446//2966 1445//2964 1520//3114
f 1523//3119 1521//3115 1302//2673
f 1302//2674 1521//3116 1523//3120
f 1521//3115 1601//3281 1378//2829
f 1378//2830 1601//3282 1521//3116
f 1378//2829 1602//3283 1447//2967
f 1447//2968 1602//3284 1378//2830
f 1447//2967 1526//3129 1451//2975
f 1451//2976 1526//3130 1447//2968
f 1525//3127 1522//3117 1303//2675
f 1303//2676 1522//3118 1525//3128
f 1522//3117 1523//3119 1448//2969
f 1448//2970 1523//3120 1522//3118
f 1587//3251 1450//2973 1449//3122
f 1449//3123 1450//2974 1587//3252
f 1588//3285 1524//3285 5//3285
f 5//3286 1524//3286 1588//3286
f 1506//3287 1449//3287 1524//3287
f 1524//3288 1449//3288 1506//3288
f 1450//2973 1507//3085 1525//3127
f 1525//3128 1507//3086 1450//2974
f 1526//3129 1527//3131 1452//2977
f 1452//2978 1527//3132 1526//3130
f 1527//3131 1454//2981 1453//2979
f 1453//2980 1454//2982 1527//3132
f 1603//3289 1528//3133 1454//2981
f 1454//2982 1528//3134 1603//3290
f 1528//3133 1604//3291 1381//2835
f 1381//2836 1604//3292 1528//3134
f 1381//2835 1605//3293 1383//2839
f 1383//2840 1605//3294 1381//2836
f 1529//3135 1606//3295 1384//2841
f 1384//2842 1606//3296 1529//3136
f 1605//3293 1529//3135 1383//2839
f 1383//2840 1529//3136 1605//3294
f 1384//2841 1607//3297 1455//2983
f 1455//2984 1607//3298 1384//2842
f 1455//2983 1530//3137 1456//2985
f 1456//2986 1530//3138 1455//2984
f 1386//2845 1530//3137 1608//3299
f 1608//3300 1530//3138 1386//2846
f 1386//2845 1608//3299 1531//3139
f 1531//3140 1608//3300 1386//2846
f 1531//3139 1609//3301 1387//2847
f 1387//2848 1609//3302 1531//3140
f 1609//3301 1532//3141 1387//2847
f 1387//2848 1532//3142 1609//3302
f 1532//3141 1458//2989 1388//2849
f 1388//2850 1458//2990 1532//3142
f 1610//3303 1533//3143 1458//2989
f 1458//2990 1533//3144 1610//3304
f 1312//2693 1533//3143 1534//3145
f 1534//3146 1533//3144 1312//2694
f 1459//2991 1534//3145 1460//2993
f 1460//2994 1534//3146 1459//2992
f 1460//2993 1611//3305 1535//3147
f 1535//3148 1611//3306 1460//2994
f 1535//3147 1611//3305 1461//2995
f 1461//2996 1611//3306 1535//3148
f 1461//2995 1612//3307 1536//3149
f 1536//3150 1612//3308 1461//2996
f 1314//2697 1536//3149 1537//3151
f 1537//3152 1536//3150 1314//2698
f 1392//2857 1537//3151 1613//3309
f 1613//3310 1537//3152 1392//2858
f 1392//2857 1614//3311 1538//3153
f 1538//3154 1614//3312 1392//2858
f 1316//2701 1538//3153 1539//3155
f 1539//3156 1538//3154 1316//2702
f 1540//3157 1463//2999 1539//3155
f 1539//3156 1463//3000 1540//3158
f 1393//2859 1540//3157 1541//3159
f 1541//3160 1540//3158 1393//2860
f 1542//3161 1464//3001 1541//3159
f 1541//3160 1464//3002 1542//3162
f 1469//3011 1324//2717 1547//3171
f 1547//3172 1324//2718 1469//3012
f 1615//3313 1465//3003 1542//3161
f 1542//3162 1465//3004 1615//3314
f 1467//3007 1465//3003 1615//3313
f 1615//3314 1465//3004 1467//3008
f 1547//3171 1468//3009 1466//3005
f 1466//3006 1468//3010 1547//3172
f 1616//3315 1466//3005 1543//3163
f 1543//3164 1466//3006 1616//3316
f 1543//3163 1394//2861 1544//3165
f 1544//3166 1394//2862 1543//3164
f 1545//3167 1544//3165 1395//2863
f 1395//2864 1544//3166 1545//3168
f 1546//3169 1545//3167 1396//2865
f 1396//2866 1545//3168 1546//3170
f 1546//3169 1467//3007 1617//3317
f 1617//3318 1467//3008 1546//3170
f 1548//3173 1469//3011 1618//3319
f 1618//3320 1469//3012 1548//3174
f 1619//3321 1471//3015 1470//3013
f 1470//3014 1471//3016 1619//3322
f 1620//3323 1470//3013 1548//3173
f 1548//3174 1470//3014 1620//3324
f 1549//3175 1471//3015 1621//3325
f 1621//3326 1471//3016 1549//3176
f 1622//3327 1446//2965 1549//3175
f 1549//3176 1446//2966 1622//3328
f 1623//3329 1550//3177 1398//2869
f 1398//2870 1550//3178 1623//3330
f 1550//3177 1624//3331 1399//2871
f 1399//2872 1624//3332 1550//3178
f 1624//3331 1473//3019 1399//2871
f 1399//2872 1473//3020 1624//3332
f 1473//3019 1551//3179 1474//3021
f 1474//3022 1551//3180 1473//3020
f 1551//3179 1625//3333 1401//2875
f 1401//2876 1625//3334 1551//3180
f 1625//3333 1488//3049 1401//2875
f 1401//2876 1488//3050 1625//3334
f 1552//3181 1626//3335 1475//3023
f 1475//3024 1626//3336 1552//3182
f 1556//3189 1552//3181 1402//2877
f 1402//2878 1552//3182 1556//3190
f 1475//3023 1627//3337 1403//2879
f 1403//2880 1627//3338 1475//3024
f 1403//2879 1627//3337 1553//3183
f 1553//3184 1627//3338 1403//2880
f 1628//3339 1478//3029 1476//3025
f 1476//3026 1478//3030 1628//3340
f 1554//3185 1628//3339 1476//3025
f 1476//3026 1628//3340 1554//3186
f 1554//3185 1333//2735 1629//3341
f 1629//3342 1333//2736 1554//3186
f 1555//3187 1629//3341 1333//2735
f 1333//2736 1629//3342 1555//3188
f 1555//3187 1477//3027 1558//3193
f 1558//3194 1477//3028 1555//3188
f 1628//3339 1556//3189 1478//3029
f 1478//3030 1556//3190 1628//3340
f 1557//3191 1558//3193 1404//2881
f 1404//2882 1558//3194 1557//3192
f 1557//3191 1479//3031 1480//3033
f 1480//3034 1479//3032 1557//3192
f 1630//3343 1480//3033 1415//2903
f 1415//2904 1480//3034 1630//3344
f 1407//2887 1553//3183 1559//3195
f 1559//3196 1553//3184 1407//2888
f 1481//3035 1559//3195 1631//3345
f 1631//3346 1559//3196 1481//3036
f 1481//3035 1631//3345 1560//3197
f 1560//3198 1631//3346 1481//3036
f 1482//3037 1560//3197 1632//3347
f 1632//3348 1560//3198 1482//3038
f 1561//3199 1482//3037 1633//3349
f 1633//3350 1482//3038 1561//3200
f 1562//3201 1408//2889 1561//3199
f 1561//3200 1408//2890 1562//3202
f 1483//3039 1562//3201 1634//3351
f 1634//3352 1562//3202 1483//3040
f 1398//2869 1483//3039 1623//3329
f 1623//3330 1483//3040 1398//2870
f 1413//2899 1563//3203 1566//3209
f 1566//3210 1563//3204 1413//2900
f 1484//3041 1635//3353 1564//3205
f 1564//3206 1635//3354 1484//3042
f 1412//2897 1564//3205 1636//3355
f 1636//3356 1564//3206 1412//2898
f 1636//3355 1565//3207 1412//2897
f 1412//2898 1565//3208 1636//3356
f 1484//3041 1566//3209 1635//3353
f 1635//3354 1566//3210 1484//3042
f 1565//3207 1637//3357 1414//2901
f 1414//2902 1637//3358 1565//3208
f 1414//2901 1638//3359 1567//3211
f 1567//3212 1638//3360 1414//2902
f 1638//3359 1415//2903 1567//3211
f 1567//3212 1415//2904 1638//3360
f 1416//2905 1419//2911 1639//3361
f 1639//3362 1419//2912 1416//2906
f 1416//2905 1566//3209 1563//3203
f 1563//3204 1566//3210 1416//2906
f 1568//3213 1486//3045 1487//3047
f 1487//3048 1486//3046 1568//3214
f 1569//3215 1346//2761 1568//3213
f 1568//3214 1346//2762 1569//3216
f 1419//2911 1569//3215 1640//3363
f 1640//3364 1569//3216 1419//2912
f 1487//3047 1442//2957 1641//3365
f 1641//3366 1442//2958 1487//3048
f 1570//3217 1642//3367 1421//2915
f 1421//2916 1642//3368 1570//3218
f 1421//2915 1643//3369 1501//3073
f 1501//3074 1643//3370 1421//2916
f 1488//3049 1644//3371 1571//3219
f 1571//3220 1644//3372 1488//3050
f 1644//3371 1489//3051 1571//3219
f 1571//3220 1489//3052 1644//3372
f 1489//3051 1642//3367 1570//3217
f 1570//3218 1642//3368 1489//3052
f 1572//3221 1573//3223 1274//2615
f 1274//2616 1573//3226 1572//3222
f 1645//3373 1353//2775 1574//3374
f 1574//3375 1353//2776 1645//3376
f 1646//3377 1575//3227 1353//2775
f 1353//2776 1575//3228 1646//3378
f 1647//3379 1492//3055 1575//3227
f 1575//3228 1492//3056 1647//3380
f 1576//3229 1492//3055 1648//3381
f 1648//3382 1492//3056 1576//3230
f 1493//3057 1495//3061 1576//3229
f 1576//3230 1495//3062 1493//3058
f 1494//3059 1493//3057 1649//3383
f 1649//3384 1493//3058 1494//3060
f 1429//2929 1494//3059 1650//3385
f 1650//3386 1494//3060 1429//2930
f 1499//3069 1429//2929 1651//3387
f 1651//3388 1429//2930 1499//3070
f 1578//3233 1496//3063 1577//3231
f 1577//3232 1496//3064 1578//3234
f 1579//3235 1497//3065 1578//3233
f 1578//3234 1497//3066 1579//3236
f 1498//3067 1579//3235 1652//3389
f 1652//3390 1579//3236 1498//3068
f 1498//3067 1653//3391 1580//3237
f 1580//3238 1653//3392 1498//3068
f 1430//2931 1580//3237 1596//3271
f 1596//3272 1580//3238 1430//2932
f 1581//3239 1499//3069 1654//3393
f 1654//3394 1499//3070 1581//3240
f 1431//2933 1581//3239 1582//3241
f 1582//3242 1581//3240 1431//2934
f 1500//3071 1582//3241 1655//3395
f 1655//3396 1582//3242 1500//3072
f 1577//3231 1500//3071 1656//3397
f 1656//3398 1500//3072 1577//3232
f 1501//3073 1657//3399 1583//3243
f 1583//3244 1657//3400 1501//3074
f 1502//3075 1583//3243 1657//3399
f 1657//3400 1583//3244 1502//3076
f 1572//3221 1502//3075 1658//3401
f 1658//3402 1502//3076 1572//3222
f 1584//3245 1503//3077 1659//3403
f 1659//3404 1503//3078 1584//3246
f 1504//3079 1584//3245 1660//3405
f 1660//3406 1584//3246 1504//3080
f 1585//3247 1504//3079 1660//3405
f 1660//3406 1504//3080 1585//3248
f 1505//3407 1586//3407 1661//3407
f 1661//3408 1586//3408 1505//3408
f 1435//2941 1662//3409 1586//3249
f 1586//3250 1662//3410 1435//2942
f 1587//3251 1364//2797 1450//2973
f 1450//2974 1364//2798 1587//3252
f 1506//3083 1587//3251 1449//3122
f 1449//3123 1587//3252 1506//3084
f 1435//2941 1588//3253 1662//3409
f 1662//3410 1588//3254 1435//2942
f 1506//3083 1524//3411 1588//3253
f 1588//3254 1524//3412 1506//3084
f 1507//3085 1585//3247 1663//3413
f 1663//3414 1585//3248 1507//3086
f 1436//3415 1589//3415 1590//3415
f 1590//3416 1589//3416 1436//3416
f 1505//3081 1661//3417 1589//3255
f 1589//3256 1661//3418 1505//3082
f 1508//3419 5//3419 1509//3419
f 1509//3420 5//3420 1508//3420
f 1508//3421 1590//3421 5//3421
f 5//3422 1590//3422 1508//3422
f 1510//3091 1516//3105 1591//3261
f 1591//3262 1516//3106 1510//3092
f 1511//3093 1591//3261 1592//3263
f 1592//3264 1591//3262 1511//3094
f 1367//2803 1592//3263 1593//3265
f 1593//3266 1592//3264 1367//2804
f 1512//3095 1593//3265 1664//3423
f 1664//3424 1593//3266 1512//3096
f 1513//3097 1512//3095 1665//3425
f 1665//3426 1512//3096 1513//3098
f 1514//3099 1513//3097 1666//3427
f 1666//3428 1513//3098 1514//3100
f 1594//3267 1514//3099 1667//3429
f 1667//3430 1514//3100 1594//3268
f 1595//3269 1438//2947 1594//3267
f 1594//3268 1438//2948 1595//3270
f 1503//3077 1595//3269 1668//3431
f 1668//3432 1595//3270 1503//3078
f 1515//3103 1596//3271 1669//3433
f 1669//3434 1596//3272 1515//3104
f 1515//3103 1669//3433 1516//3105
f 1516//3106 1669//3434 1515//3104
f 1597//3273 1441//2955 1670//3435
f 1670//3436 1441//2956 1597//3274
f 1671//3437 1442//2957 1597//3273
f 1597//3274 1442//2958 1671//3438
f 1375//2823 1599//3277 1598//3275
f 1598//3276 1599//3278 1375//2824
f 1670//3435 1441//2955 1598//3275
f 1598//3276 1441//2956 1670//3436
f 1517//3107 1519//3111 1599//3277
f 1599//3278 1519//3112 1517//3108
f 1519//3111 1518//3109 1672//3439
f 1672//3440 1518//3110 1519//3112
f 1518//3109 1600//3279 1673//3441
f 1673//3442 1600//3280 1518//3110
f 1600//3279 1520//3113 1622//3327
f 1622//3328 1520//3114 1600//3280
f 1520//3113 1446//2965 1622//3327
f 1622//3328 1446//2966 1520//3114
f 1523//3119 1601//3281 1521//3115
f 1521//3116 1601//3282 1523//3120
f 1601//3281 1602//3283 1378//2829
f 1378//2830 1602//3284 1601//3282
f 1602//3283 1674//3443 1447//2967
f 1447//2968 1674//3444 1602//3284
f 1675//3445 1526//3129 1447//2967
f 1447//2968 1526//3130 1675//3446
f 1507//3085 1522//3117 1525//3127
f 1525//3128 1522//3118 1507//3086
f 1522//3117 1676//3447 1523//3119
f 1523//3120 1676//3448 1522//3118
f 1588//3449 5//3449 1662//3449
f 1662//3450 5//3450 1588//3450
f 1677//3451 1527//3131 1526//3129
f 1526//3130 1527//3132 1677//3452
f 1678//3453 1454//2981 1527//3131
f 1527//3132 1454//2982 1678//3454
f 1603//3289 1604//3291 1528//3133
f 1528//3134 1604//3292 1603//3290
f 1678//3453 1603//3289 1454//2981
f 1454//2982 1603//3290 1678//3454
f 1604//3291 1605//3293 1381//2835
f 1381//2836 1605//3294 1604//3292
f 1679//3455 1606//3295 1529//3135
f 1529//3136 1606//3296 1679//3456
f 1606//3295 1607//3297 1384//2841
f 1384//2842 1607//3298 1606//3296
f 1604//3291 1529//3135 1605//3293
f 1605//3294 1529//3136 1604//3292
f 1607//3297 1680//3457 1455//2983
f 1455//2984 1680//3458 1607//3298
f 1455//2983 1681//3459 1530//3137
f 1530//3138 1681//3460 1455//2984
f 1530//3137 1682//3461 1608//3299
f 1608//3300 1682//3462 1530//3138
f 1608//3299 1682//3461 1531//3139
f 1531//3140 1682//3462 1608//3300
f 1531//3139 1683//3463 1609//3301
f 1609//3302 1683//3464 1531//3140
f 1683//3463 1532//3141 1609//3301
f 1609//3302 1532//3142 1683//3464
f 1532//3141 1684//3465 1458//2989
f 1458//2990 1684//3466 1532//3142
f 1610//3303 1534//3145 1533//3143
f 1533//3144 1534//3146 1610//3304
f 1684//3465 1610//3303 1458//2989
f 1458//2990 1610//3304 1684//3466
f 1460//2993 1534//3145 1685//3467
f 1685//3468 1534//3146 1460//2994
f 1460//2993 1685//3467 1611//3305
f 1611//3306 1685//3468 1460//2994
f 1461//2995 1611//3305 1686//3469
f 1686//3470 1611//3306 1461//2996
f 1461//2995 1686//3469 1612//3307
f 1612//3308 1686//3470 1461//2996
f 1536//3149 1612//3307 1537//3151
f 1537//3152 1612//3308 1536//3150
f 1537//3151 1687//3471 1613//3309
f 1613//3310 1687//3472 1537//3152
f 1392//2857 1613//3309 1614//3311
f 1614//3312 1613//3310 1392//2858
f 1538//3153 1614//3311 1539//3155
f 1539//3156 1614//3312 1538//3154
f 1540//3157 1539//3155 1688//3473
f 1688//3474 1539//3156 1540//3158
f 1541//3159 1540//3157 1688//3473
f 1688//3474 1540//3158 1541//3160
f 1689//3475 1542//3161 1541//3159
f 1541//3160 1542//3162 1689//3476
f 1618//3319 1469//3011 1547//3171
f 1547//3172 1469//3012 1618//3320
f 1615//3313 1542//3161 1689//3475
f 1689//3476 1542//3162 1615//3314
f 1617//3317 1467//3007 1615//3313
f 1615//3314 1467//3008 1617//3318
f 1547//3171 1466//3005 1690//3477
f 1690//3478 1466//3006 1547//3172
f 1616//3315 1690//3477 1466//3005
f 1466//3006 1690//3478 1616//3316
f 1616//3315 1543//3163 1691//3479
f 1691//3480 1543//3164 1616//3316
f 1543//3163 1544//3165 1692//3481
f 1692//3482 1544//3166 1543//3164
f 1693//3483 1544//3165 1545//3167
f 1545//3168 1544//3166 1693//3484
f 1694//3485 1545//3167 1546//3169
f 1546//3170 1545//3168 1694//3486
f 1695//3487 1546//3169 1617//3317
f 1617//3318 1546//3170 1695//3488
f 1696//3489 1548//3173 1618//3319
f 1618//3320 1548//3174 1696//3490
f 1621//3325 1471//3015 1619//3321
f 1619//3322 1471//3016 1621//3326
f 1619//3321 1470//3013 1620//3323
f 1620//3324 1470//3014 1619//3322
f 1620//3323 1548//3173 1696//3489
f 1696//3490 1548//3174 1620//3324
f 1549//3175 1621//3325 1697//3491
f 1697//3492 1621//3326 1549//3176
f 1698//3493 1622//3327 1549//3175
f 1549//3176 1622//3328 1698//3494
f 1634//3351 1550//3177 1623//3329
f 1623//3330 1550//3178 1634//3352
f 1550//3177 1699//3495 1624//3331
f 1624//3332 1699//3496 1550//3178
f 1699//3495 1473//3019 1624//3331
f 1624//3332 1473//3020 1699//3496
f 1700//3497 1551//3179 1473//3019
f 1473//3020 1551//3180 1700//3498
f 1551//3179 1701//3499 1625//3333
f 1625//3334 1701//3500 1551//3180
f 1625//3333 1701//3499 1488//3049
f 1488//3050 1701//3500 1625//3334
f 1552//3181 1702//3501 1626//3335
f 1626//3336 1702//3502 1552//3182
f 1475//3023 1626//3335 1627//3337
f 1627//3338 1626//3336 1475//3024
f 1556//3189 1703//3503 1552//3181
f 1552//3182 1703//3504 1556//3190
f 1553//3183 1627//3337 1704//3505
f 1704//3506 1627//3338 1553//3184
f 1554//3185 1705//3507 1628//3339
f 1628//3340 1705//3508 1554//3186
f 1706//3509 1554//3185 1629//3341
f 1629//3342 1554//3186 1706//3510
f 1706//3509 1629//3341 1555//3187
f 1555//3188 1629//3342 1706//3510
f 1555//3187 1558//3193 1707//3511
f 1707//3512 1558//3194 1555//3188
f 1708//3513 1556//3189 1628//3339
f 1628//3340 1556//3190 1708//3514
f 1707//3511 1558//3193 1557//3191
f 1557//3192 1558//3194 1707//3512
f 1630//3343 1557//3191 1480//3033
f 1480//3034 1557//3192 1630//3344
f 1638//3359 1630//3343 1415//2903
f 1415//2904 1630//3344 1638//3360
f 1553//3183 1704//3505 1559//3195
f 1559//3196 1704//3506 1553//3184
f 1559//3195 1709//3515 1631//3345
f 1631//3346 1709//3516 1559//3196
f 1560//3197 1631//3345 1710//3517
f 1710//3518 1631//3346 1560//3198
f 1560//3197 1711//3519 1632//3347
f 1632//3348 1711//3520 1560//3198
f 1482//3037 1632//3347 1712//3521
f 1712//3522 1632//3348 1482//3038
f 1482//3037 1712//3521 1633//3349
f 1633//3350 1712//3522 1482//3038
f 1561//3199 1633//3349 1713//3523
f 1713//3524 1633//3350 1561//3200
f 1634//3351 1562//3201 1561//3199
f 1561//3200 1562//3202 1634//3352
f 1623//3329 1483//3039 1634//3351
f 1634//3352 1483//3040 1623//3330
f 1564//3205 1635//3353 1714//3525
f 1714//3526 1635//3354 1564//3206
f 1564//3205 1715//3527 1636//3355
f 1636//3356 1715//3528 1564//3206
f 1636//3355 1716//3529 1565//3207
f 1565//3208 1716//3530 1636//3356
f 1566//3209 1714//3525 1635//3353
f 1635//3354 1714//3526 1566//3210
f 1716//3529 1637//3357 1565//3207
f 1565//3208 1637//3358 1716//3530
f 1637//3357 1638//3359 1414//2901
f 1414//2902 1638//3360 1637//3358
f 1419//2911 1640//3363 1639//3361
f 1639//3362 1640//3364 1419//2912
f 1416//2905 1639//3361 1717//3531
f 1717//3532 1639//3362 1416//2906
f 1416//2905 1717//3531 1566//3209
f 1566//3210 1717//3532 1416//2906
f 1568//3213 1487//3047 1640//3363
f 1640//3364 1487//3048 1568//3214
f 1569//3215 1568//3213 1640//3363
f 1640//3364 1568//3214 1569//3216
f 1641//3365 1442//2957 1671//3437
f 1671//3438 1442//2958 1641//3366
f 1487//3047 1641//3365 1718//3533
f 1718//3534 1641//3366 1487//3048
f 1421//2915 1642//3367 1643//3369
f 1643//3370 1642//3368 1421//2916
f 1643//3369 1719//3535 1501//3073
f 1501//3074 1719//3536 1643//3370
f 1720//3537 1644//3371 1488//3049
f 1488//3050 1644//3372 1720//3538
f 1644//3371 1721//3539 1489//3051
f 1489//3052 1721//3540 1644//3372
f 1489//3051 1721//3539 1642//3367
f 1642//3368 1721//3540 1489//3052
f 1722//3541 1573//3223 1572//3221
f 1572//3222 1573//3226 1722//3542
f 1645//3373 1574//3374 1573//3223
f 1573//3226 1574//3375 1645//3376
f 1723//3543 1353//2775 1645//3373
f 1645//3376 1353//2776 1723//3544
f 1647//3379 1575//3227 1646//3377
f 1646//3378 1575//3228 1647//3380
f 1646//3377 1353//2775 1723//3543
f 1723//3544 1353//2776 1646//3378
f 1724//3545 1492//3055 1647//3379
f 1647//3380 1492//3056 1724//3546
f 1648//3381 1492//3055 1724//3545
f 1724//3546 1492//3056 1648//3382
f 1725//3547 1576//3229 1648//3381
f 1648//3382 1576//3230 1725//3548
f 1493//3057 1576//3229 1726//3549
f 1726//3550 1576//3230 1493//3058
f 1649//3383 1493//3057 1727//3551
f 1727//3552 1493//3058 1649//3384
f 1728//3553 1494//3059 1649//3383
f 1649//3384 1494//3060 1728//3554
f 1650//3385 1494//3059 1728//3553
f 1728//3554 1494//3060 1650//3386
f 1651//3387 1429//2929 1650//3385
f 1650//3386 1429//2930 1651//3388
f 1499//3069 1651//3387 1729//3555
f 1729//3556 1651//3388 1499//3070
f 1578//3233 1577//3231 1730//3557
f 1730//3558 1577//3232 1578//3234
f 1579//3235 1578//3233 1731//3559
f 1731//3560 1578//3234 1579//3236
f 1579//3235 1732//3561 1652//3389
f 1652//3390 1732//3562 1579//3236
f 1498//3067 1652//3389 1653//3391
f 1653//3392 1652//3390 1498//3068
f 1580//3237 1653//3391 1733//3563
f 1733//3564 1653//3392 1580//3238
f 1580//3237 1734//3565 1596//3271
f 1596//3272 1734//3566 1580//3238
f 1654//3393 1499//3069 1729//3555
f 1729//3556 1499//3070 1654//3394
f 1582//3241 1581//3239 1654//3393
f 1654//3394 1581//3240 1582//3242
f 1655//3395 1582//3241 1735//3567
f 1735//3568 1582//3242 1655//3396
f 1500//3071 1655//3395 1656//3397
f 1656//3398 1655//3396 1500//3072
f 1730//3557 1577//3231 1656//3397
f 1656//3398 1577//3232 1730//3558
f 1501//3073 1736//3569 1657//3399
f 1657//3400 1736//3570 1501//3074
f 1502//3075 1657//3399 1658//3401
f 1658//3402 1657//3400 1502//3076
f 1572//3221 1658//3401 1737//3571
f 1737//3572 1658//3402 1572//3222
f 1659//3403 1503//3077 1668//3431
f 1668//3432 1503//3078 1659//3404
f 1738//3573 1584//3245 1659//3403
f 1659//3404 1584//3246 1738//3574
f 1660//3405 1584//3245 1738//3573
f 1738//3574 1584//3246 1660//3406
f 1585//3247 1660//3405 1739//3575
f 1739//3576 1660//3406 1585//3248
f 1586//3577 5//3577 1661//3577
f 1661//3578 5//3578 1586//3578
f 1586//3579 1662//3579 5//3579
f 5//3580 1662//3580 1586//3580
f 1663//3413 1585//3247 1739//3575
f 1739//3576 1585//3248 1663//3414
f 1522//3117 1507//3085 1663//3413
f 1663//3414 1507//3086 1522//3118
f 1589//3581 5//3581 1590//3581
f 1590//3582 5//3582 1589//3582
f 1589//3583 1661//3583 5//3583
f 5//3584 1661//3584 1589//3584
f 1516//3105 1740//3585 1591//3261
f 1591//3262 1740//3586 1516//3106
f 1591//3261 1741//3587 1592//3263
f 1592//3264 1741//3588 1591//3262
f 1592//3263 1742//3589 1593//3265
f 1593//3266 1742//3590 1592//3264
f 1593//3265 1743//3591 1664//3423
f 1664//3424 1743//3592 1593//3266
f 1512//3095 1664//3423 1665//3425
f 1665//3426 1664//3424 1512//3096
f 1513//3097 1665//3425 1744//3593
f 1744//3594 1665//3426 1513//3098
f 1513//3097 1744//3593 1666//3427
f 1666//3428 1744//3594 1513//3098
f 1514//3099 1666//3427 1667//3429
f 1667//3430 1666//3428 1514//3100
f 1594//3267 1667//3429 1745//3595
f 1745//3596 1667//3430 1594//3268
f 1595//3269 1594//3267 1745//3595
f 1745//3596 1594//3268 1595//3270
f 1595//3269 1745//3595 1668//3431
f 1668//3432 1745//3596 1595//3270
f 1596//3271 1746//3597 1669//3433
f 1669//3434 1746//3598 1596//3272
f 1516//3105 1669//3433 1740//3585
f 1740//3586 1669//3434 1516//3106
f 1671//3437 1597//3273 1670//3435
f 1670//3436 1597//3274 1671//3438
f 1670//3435 1598//3275 1599//3277
f 1599//3278 1598//3276 1670//3436
f 1599//3277 1519//3111 1747//3599
f 1747//3600 1519//3112 1599//3278
f 1672//3439 1518//3109 1748//3601
f 1748//3602 1518//3110 1672//3440
f 1519//3111 1672//3439 1749//3603
f 1749//3604 1672//3440 1519//3112
f 1673//3441 1600//3279 1698//3493
f 1698//3494 1600//3280 1673//3442
f 1518//3109 1673//3441 1748//3601
f 1748//3602 1673//3442 1518//3110
f 1600//3279 1622//3327 1698//3493
f 1698//3494 1622//3328 1600//3280
f 1523//3119 1750//3605 1601//3281
f 1601//3282 1750//3606 1523//3120
f 1601//3281 1674//3443 1602//3283
f 1602//3284 1674//3444 1601//3282
f 1674//3443 1675//3445 1447//2967
f 1447//2968 1675//3446 1674//3444
f 1751//3607 1526//3129 1675//3445
f 1675//3446 1526//3130 1751//3608
f 1522//3117 1663//3413 1676//3447
f 1676//3448 1663//3414 1522//3118
f 1676//3447 1750//3605 1523//3119
f 1523//3120 1750//3606 1676//3448
f 1752//3609 1527//3131 1677//3451
f 1677//3452 1527//3132 1752//3610
f 1751//3607 1677//3451 1526//3129
f 1526//3130 1677//3452 1751//3608
f 1752//3609 1678//3453 1527//3131
f 1527//3132 1678//3454 1752//3610
f 1753//3611 1604//3291 1603//3289
f 1603//3290 1604//3292 1753//3612
f 1752//3609 1603//3289 1678//3453
f 1678//3454 1603//3290 1752//3610
f 1679//3455 1754//3613 1606//3295
f 1606//3296 1754//3614 1679//3456
f 1755//3615 1679//3455 1529//3135
f 1529//3136 1679//3456 1755//3616
f 1606//3295 1680//3457 1607//3297
f 1607//3298 1680//3458 1606//3296
f 1604//3291 1756//3617 1529//3135
f 1529//3136 1756//3618 1604//3292
f 1680//3457 1681//3459 1455//2983
f 1455//2984 1681//3460 1680//3458
f 1681//3459 1757//3619 1530//3137
f 1530//3138 1757//3620 1681//3460
f 1530//3137 1758//3621 1682//3461
f 1682//3462 1758//3622 1530//3138
f 1531//3139 1682//3461 1759//3623
f 1759//3624 1682//3462 1531//3140
f 1759//3623 1683//3463 1531//3139
f 1531//3140 1683//3464 1759//3624
f 1683//3463 1760//3625 1532//3141
f 1532//3142 1760//3626 1683//3464
f 1760//3625 1684//3465 1532//3141
f 1532//3142 1684//3466 1760//3626
f 1610//3303 1761//3627 1534//3145
f 1534//3146 1761//3628 1610//3304
f 1762//3629 1610//3303 1684//3465
f 1684//3466 1610//3304 1762//3630
f 1534//3145 1763//3631 1685//3467
f 1685//3468 1763//3632 1534//3146
f 1685//3467 1763//3631 1611//3305
f 1611//3306 1763//3632 1685//3468
f 1611//3305 1764//3633 1686//3469
f 1686//3470 1764//3634 1611//3306
f 1686//3469 1764//3633 1612//3307
f 1612//3308 1764//3634 1686//3470
f 1537//3151 1612//3307 1765//3635
f 1765//3636 1612//3308 1537//3152
f 1537//3151 1765//3635 1687//3471
f 1687//3472 1765//3636 1537//3152
f 1613//3309 1687//3471 1614//3311
f 1614//3312 1687//3472 1613//3310
f 1539//3155 1614//3311 1766//3637
f 1766//3638 1614//3312 1539//3156
f 1688//3473 1539//3155 1766//3637
f 1766//3638 1539//3156 1688//3474
f 1541//3159 1688//3473 1767//3639
f 1767//3640 1688//3474 1541//3160
f 1768//3641 1689//3475 1541//3159
f 1541//3160 1689//3476 1768//3642
f 1618//3319 1547//3171 1769//3643
f 1769//3644 1547//3172 1618//3320
f 1615//3313 1689//3475 1768//3641
f 1768//3642 1689//3476 1615//3314
f 1617//3317 1615//3313 1770//3645
f 1770//3646 1615//3314 1617//3318
f 1769//3643 1547//3171 1690//3477
f 1690//3478 1547//3172 1769//3644
f 1769//3643 1690//3477 1616//3315
f 1616//3316 1690//3478 1769//3644
f 1691//3479 1543//3163 1692//3481
f 1692//3482 1543//3164 1691//3480
f 1771//3647 1616//3315 1691//3479
f 1691//3480 1616//3316 1771//3648
f 1692//3481 1544//3165 1693//3483
f 1693//3484 1544//3166 1692//3482
f 1694//3485 1693//3483 1545//3167
f 1545//3168 1693//3484 1694//3486
f 1695//3487 1694//3485 1546//3169
f 1546//3170 1694//3486 1695//3488
f 1695//3487 1617//3317 1772//3649
f 1772//3650 1617//3318 1695//3488
f 1696//3489 1618//3319 1773//3651
f 1773//3652 1618//3320 1696//3490
f 1774//3653 1621//3325 1619//3321
f 1619//3322 1621//3326 1774//3654
f 1775//3655 1619//3321 1620//3323
f 1620//3324 1619//3322 1775//3656
f 1776//3657 1620//3323 1696//3489
f 1696//3490 1620//3324 1776//3658
f 1697//3491 1621//3325 1774//3653
f 1774//3654 1621//3326 1697//3492
f 1777//3659 1549//3175 1697//3491
f 1697//3492 1549//3176 1777//3660
f 1698//3493 1549//3175 1777//3659
f 1777//3660 1549//3176 1698//3494
f 1634//3351 1699//3495 1550//3177
f 1550//3178 1699//3496 1634//3352
f 1699//3495 1700//3497 1473//3019
f 1473//3020 1700//3498 1699//3496
f 1700//3497 1778//3661 1551//3179
f 1551//3180 1778//3662 1700//3498
f 1779//3663 1701//3499 1551//3179
f 1551//3180 1701//3500 1779//3664
f 1701//3499 1720//3537 1488//3049
f 1488//3050 1720//3538 1701//3500
f 1552//3181 1780//3665 1702//3501
f 1702//3502 1780//3666 1552//3182
f 1626//3335 1702//3501 1781//3667
f 1781//3668 1702//3502 1626//3336
f 1626//3335 1781//3667 1627//3337
f 1627//3338 1781//3668 1626//3336
f 1782//3669 1703//3503 1556//3189
f 1556//3190 1703//3504 1782//3670
f 1703//3503 1783//3671 1552//3181
f 1552//3182 1783//3672 1703//3504
f 1627//3337 1781//3667 1704//3505
f 1704//3506 1781//3668 1627//3338
f 1784//3673 1705//3507 1554//3185
f 1554//3186 1705//3508 1784//3674
f 1705//3507 1708//3513 1628//3339
f 1628//3340 1708//3514 1705//3508
f 1784//3673 1554//3185 1706//3509
f 1706//3510 1554//3186 1784//3674
f 1785//3675 1706//3509 1555//3187
f 1555//3188 1706//3510 1785//3676
f 1785//3675 1555//3187 1707//3511
f 1707//3512 1555//3188 1785//3676
f 1708//3513 1782//3669 1556//3189
f 1556//3190 1782//3670 1708//3514
f 1630//3343 1707//3511 1557//3191
f 1557//3192 1707//3512 1630//3344
f 1786//3677 1630//3343 1638//3359
f 1638//3360 1630//3344 1786//3678
f 1559//3195 1704//3505 1709//3515
f 1709//3516 1704//3506 1559//3196
f 1631//3345 1709//3515 1710//3517
f 1710//3518 1709//3516 1631//3346
f 1560//3197 1710//3517 1787//3679
f 1787//3680 1710//3518 1560//3198
f 1560//3197 1787//3679 1711//3519
f 1711//3520 1787//3680 1560//3198
f 1632//3347 1711//3519 1788//3681
f 1788//3682 1711//3520 1632//3348
f 1712//3521 1632//3347 1789//3683
f 1789//3684 1632//3348 1712//3522
f 1633//3349 1712//3521 1713//3523
f 1713//3524 1712//3522 1633//3350
f 1561//3199 1713//3523 1790//3685
f 1790//3686 1713//3524 1561//3200
f 1634//3351 1561//3199 1790//3685
f 1790//3686 1561//3200 1634//3352
f 1564//3205 1714//3525 1715//3527
f 1715//3528 1714//3526 1564//3206
f 1636//3355 1715//3527 1791//3687
f 1791//3688 1715//3528 1636//3356
f 1791//3687 1716//3529 1636//3355
f 1636//3356 1716//3530 1791//3688
f 1566//3209 1717//3531 1714//3525
f 1714//3526 1717//3532 1566//3210
f 1716//3529 1792//3689 1637//3357
f 1637//3358 1792//3690 1716//3530
f 1637//3357 1786//3677 1638//3359
f 1638//3360 1786//3678 1637//3358
f 1640//3363 1793//3691 1639//3361
f 1639//3362 1793//3692 1640//3364
f 1717//3531 1639//3361 1794//3693
f 1794//3694 1639//3362 1717//3532
f 1640//3363 1487//3047 1718//3533
f 1718//3534 1487//3048 1640//3364
f 1718//3533 1641//3365 1671//3437
f 1671//3438 1641//3366 1718//3534
f 1642//3367 1719//3535 1643//3369
f 1643//3370 1719//3536 1642//3368
f 1501//3073 1719//3535 1736//3569
f 1736//3570 1719//3536 1501//3074
f 1795//3695 1644//3371 1720//3537
f 1720//3538 1644//3372 1795//3696
f 1644//3371 1796//3697 1721//3539
f 1721//3540 1796//3698 1644//3372
f 1721//3539 1796//3697 1642//3367
f 1642//3368 1796//3698 1721//3540
f 1797//3699 1573//3223 1722//3541
f 1722//3542 1573//3226 1797//3700
f 1798//3701 1722//3541 1572//3221
f 1572//3222 1722//3542 1798//3702
f 1645//3373 1573//3223 1797//3699
f 1797//3700 1573//3226 1645//3376
f 1799//3703 1723//3543 1645//3373
f 1645//3376 1723//3544 1799//3704
f 1800//3705 1647//3379 1646//3377
f 1646//3378 1647//3380 1800//3706
f 1799//3703 1646//3377 1723//3543
f 1723//3544 1646//3378 1799//3704
f 1801//3707 1724//3545 1647//3379
f 1647//3380 1724//3546 1801//3708
f 1801//3707 1648//3381 1724//3545
f 1724//3546 1648//3382 1801//3708
f 1726//3549 1576//3229 1725//3547
f 1725//3548 1576//3230 1726//3550
f 1725//3547 1648//3381 1801//3707
f 1801//3708 1648//3382 1725//3548
f 1727//3551 1493//3057 1726//3549
f 1726//3550 1493//3058 1727//3552
f 1728//3553 1649//3383 1727//3551
f 1727//3552 1649//3384 1728//3554
f 1651//3387 1650//3385 1728//3553
f 1728//3554 1650//3386 1651//3388
f 1729//3555 1651//3387 1802//3709
f 1802//3710 1651//3388 1729//3556
f 1578//3233 1730//3557 1803//3711
f 1803//3712 1730//3558 1578//3234
f 1731//3559 1578//3233 1803//3711
f 1803//3712 1578//3234 1731//3560
f 1579//3235 1731//3559 1732//3561
f 1732//3562 1731//3560 1579//3236
f 1652//3389 1732//3561 1653//3391
f 1653//3392 1732//3562 1652//3390
f 1653//3391 1804//3713 1733//3563
f 1733//3564 1804//3714 1653//3392
f 1580//3237 1733//3563 1734//3565
f 1734//3566 1733//3564 1580//3238
f 1596//3271 1734//3565 1746//3597
f 1746//3598 1734//3566 1596//3272
f 1654//3393 1729//3555 1802//3709
f 1802//3710 1729//3556 1654//3394
f 1582//3241 1654//3393 1805//3715
f 1805//3716 1654//3394 1582//3242
f 1735//3567 1582//3241 1805//3715
f 1805//3716 1582//3242 1735//3568
f 1656//3397 1655//3395 1735//3567
f 1735//3568 1655//3396 1656//3398
f 1730//3557 1656//3397 1806//3717
f 1806//3718 1656//3398 1730//3558
f 1657//3399 1736//3569 1807//3719
f 1807//3720 1736//3570 1657//3400
f 1658//3401 1657//3399 1808//3721
f 1808//3722 1657//3400 1658//3402
f 1737//3571 1658//3401 1809//3723
f 1809//3724 1658//3402 1737//3572
f 1659//3403 1668//3431 1810//3725
f 1810//3726 1668//3432 1659//3404
f 1738//3573 1659//3403 1811//3727
f 1811//3728 1659//3404 1738//3574
f 1660//3405 1738//3573 1812//3729
f 1812//3730 1738//3574 1660//3406
f 1739//3575 1660//3405 1812//3729
f 1812//3730 1660//3406 1739//3576
f 1663//3413 1739//3575 1813//3731
f 1813//3732 1739//3576 1663//3414
f 1591//3261 1740//3585 1741//3587
f 1741//3588 1740//3586 1591//3262
f 1592//3263 1741//3587 1742//3589
f 1742//3590 1741//3588 1592//3264
f 1593//3265 1742//3589 1743//3591
f 1743//3592 1742//3590 1593//3266
f 1664//3423 1743//3591 1814//3733
f 1814//3734 1743//3592 1664//3424
f 1665//3425 1664//3423 1815//3735
f 1815//3736 1664//3424 1665//3426
f 1744//3593 1665//3425 1816//3737
f 1816//3738 1665//3426 1744//3594
f 1666//3427 1744//3593 1817//3739
f 1817//3740 1744//3594 1666//3428
f 1667//3429 1666//3427 1817//3739
f 1817//3740 1666//3428 1667//3430
f 1745//3595 1667//3429 1818//3741
f 1818//3742 1667//3430 1745//3596
f 1668//3431 1745//3595 1819//3743
f 1819//3744 1745//3596 1668//3432
f 1669//3433 1746//3597 1820//3745
f 1820//3746 1746//3598 1669//3434
f 1669//3433 1820//3745 1740//3585
f 1740//3586 1820//3746 1669//3434
f 1671//3437 1670//3435 1821//3747
f 1821//3748 1670//3436 1671//3438
f 1670//3435 1599//3277 1822//3749
f 1822//3750 1599//3278 1670//3436
f 1747//3599 1519//3111 1749//3603
f 1749//3604 1519//3112 1747//3600
f 1823//3751 1599//3277 1747//3599
f 1747//3600 1599//3278 1823//3752
f 1749//3603 1672//3439 1748//3601
f 1748//3602 1672//3440 1749//3604
f 1748//3601 1673//3441 1698//3493
f 1698//3494 1673//3442 1748//3602
f 1750//3605 1824//3753 1601//3281
f 1601//3282 1824//3754 1750//3606
f 1601//3281 1824//3753 1674//3443
f 1674//3444 1824//3754 1601//3282
f 1674//3443 1751//3607 1675//3445
f 1675//3446 1751//3608 1674//3444
f 1663//3413 1813//3731 1676//3447
f 1676//3448 1813//3732 1663//3414
f 1676//3447 1825//3755 1750//3605
f 1750//3606 1825//3756 1676//3448
f 1751//3607 1752//3609 1677//3451
f 1677//3452 1752//3610 1751//3608
f 1753//3611 1826//3757 1604//3291
f 1604//3292 1826//3758 1753//3612
f 1753//3611 1603//3289 1827//3759
f 1827//3760 1603//3290 1753//3612
f 1827//3759 1603//3289 1752//3609
f 1752//3610 1603//3290 1827//3760
f 1755//3615 1754//3613 1679//3455
f 1679//3456 1754//3614 1755//3616
f 1754//3613 1828//3761 1606//3295
f 1606//3296 1828//3762 1754//3614
f 1756//3617 1755//3615 1529//3135
f 1529//3136 1755//3616 1756//3618
f 1606//3295 1828//3761 1680//3457
f 1680//3458 1828//3762 1606//3296
f 1829//3763 1756//3617 1604//3291
f 1604//3292 1756//3618 1829//3764
f 1680//3457 1757//3619 1681//3459
f 1681//3460 1757//3620 1680//3458
f 1757//3619 1758//3621 1530//3137
f 1530//3138 1758//3622 1757//3620
f 1758//3621 1830//3765 1682//3461
f 1682//3462 1830//3766 1758//3622
f 1831//3767 1759//3623 1682//3461
f 1682//3462 1759//3624 1831//3768
f 1831//3767 1683//3463 1759//3623
f 1759//3624 1683//3464 1831//3768
f 1832//3769 1760//3625 1683//3463
f 1683//3464 1760//3626 1832//3770
f 1832//3769 1684//3465 1760//3625
f 1760//3626 1684//3466 1832//3770
f 1833//3771 1761//3627 1610//3303
f 1610//3304 1761//3628 1833//3772
f 1534//3145 1761//3627 1763//3631
f 1763//3632 1761//3628 1534//3146
f 1762//3629 1834//3773 1610//3303
f 1610//3304 1834//3774 1762//3630
f 1832//3769 1762//3629 1684//3465
f 1684//3466 1762//3630 1832//3770
f 1611//3305 1763//3631 1835//3775
f 1835//3776 1763//3632 1611//3306
f 1611//3305 1835//3775 1764//3633
f 1764//3634 1835//3776 1611//3306
f 1612//3307 1764//3633 1836//3777
f 1836//3778 1764//3634 1612//3308
f 1612//3307 1837//3779 1765//3635
f 1765//3636 1837//3780 1612//3308
f 1765//3635 1837//3779 1687//3471
f 1687//3472 1837//3780 1765//3636
f 1614//3311 1687//3471 1838//3781
f 1838//3782 1687//3472 1614//3312
f 1614//3311 1839//3783 1766//3637
f 1766//3638 1839//3784 1614//3312
f 1688//3473 1766//3637 1840//3785
f 1840//3786 1766//3638 1688//3474
f 1767//3639 1688//3473 1841//3787
f 1841//3788 1688//3474 1767//3640
f 1768//3641 1541//3159 1767//3639
f 1767//3640 1541//3160 1768//3642
f 1773//3651 1618//3319 1769//3643
f 1769//3644 1618//3320 1773//3652
f 1770//3645 1615//3313 1768//3641
f 1768//3642 1615//3314 1770//3646
f 1772//3649 1617//3317 1770//3645
f 1770//3646 1617//3318 1772//3650
f 1842//3789 1769//3643 1616//3315
f 1616//3316 1769//3644 1842//3790
f 1843//3791 1691//3479 1692//3481
f 1692//3482 1691//3480 1843//3792
f 1842//3789 1616//3315 1771//3647
f 1771//3648 1616//3316 1842//3790
f 1844//3793 1771//3647 1691//3479
f 1691//3480 1771//3648 1844//3794
f 1692//3481 1693//3483 1845//3795
f 1845//3796 1693//3484 1692//3482
f 1846//3797 1693//3483 1694//3485
f 1694//3486 1693//3484 1846//3798
f 1847//3799 1694//3485 1695//3487
f 1695//3488 1694//3486 1847//3800
f 1848//3801 1695//3487 1772//3649
f 1772//3650 1695//3488 1848//3802
f 1849//3803 1696//3489 1773//3651
f 1773//3652 1696//3490 1849//3804
f 1774//3653 1619//3321 1775//3655
f 1775//3656 1619//3322 1774//3654
f 1775//3655 1620//3323 1776//3657
f 1776//3658 1620//3324 1775//3656
f 1776//3657 1696//3489 1850//3805
f 1850//3806 1696//3490 1776//3658
f 1851//3807 1697//3491 1774//3653
f 1774//3654 1697//3492 1851//3808
f 1852//3809 1777//3659 1697//3491
f 1697//3492 1777//3660 1852//3810
f 1698//3493 1777//3659 1852//3809
f 1852//3810 1777//3660 1698//3494
f 1634//3351 1853//3811 1699//3495
f 1699//3496 1853//3812 1634//3352
f 1699//3495 1778//3661 1700//3497
f 1700//3498 1778//3662 1699//3496
f 1778//3661 1779//3663 1551//3179
f 1551//3180 1779//3664 1778//3662
f 1854//3813 1701//3499 1779//3663
f 1779//3664 1701//3500 1854//3814
f 1701//3499 1795//3695 1720//3537
f 1720//3538 1795//3696 1701//3500
f 1552//3181 1843//3791 1780//3665
f 1780//3666 1843//3792 1552//3182
f 1702//3501 1780//3665 1855//3815
f 1855//3816 1780//3666 1702//3502
f 1702//3501 1855//3815 1781//3667
f 1781//3668 1855//3816 1702//3502
f 1782//3669 1856//3817 1703//3503
f 1703//3504 1856//3818 1782//3670
f 1856//3817 1783//3671 1703//3503
f 1703//3504 1783//3672 1856//3818
f 1783//3671 1843//3791 1552//3181
f 1552//3182 1843//3792 1783//3672
f 1704//3505 1781//3667 1857//3819
f 1857//3820 1781//3668 1704//3506
f 1784//3673 1858//3821 1705//3507
f 1705//3508 1858//3822 1784//3674
f 1705//3507 1859//3823 1708//3513
f 1708//3514 1859//3824 1705//3508
f 1785//3675 1784//3673 1706//3509
f 1706//3510 1784//3674 1785//3676
f 1785//3675 1707//3511 1786//3677
f 1786//3678 1707//3512 1785//3676
f 1859//3823 1782//3669 1708//3513
f 1708//3514 1782//3670 1859//3824
f 1786//3677 1707//3511 1630//3343
f 1630//3344 1707//3512 1786//3678
f 1704//3505 1857//3819 1709//3515
f 1709//3516 1857//3820 1704//3506
f 1709//3515 1848//3801 1710//3517
f 1710//3518 1848//3802 1709//3516
f 1710//3517 1772//3649 1787//3679
f 1787//3680 1772//3650 1710//3518
f 1711//3519 1787//3679 1860//3825
f 1860//3826 1787//3680 1711//3520
f 1788//3681 1711//3519 1861//3827
f 1861//3828 1711//3520 1788//3682
f 1632//3347 1788//3681 1789//3683
f 1789//3684 1788//3682 1632//3348
f 1712//3521 1789//3683 1862//3829
f 1862//3830 1789//3684 1712//3522
f 1713//3523 1712//3521 1863//3831
f 1863//3832 1712//3522 1713//3524
f 1713//3523 1853//3811 1790//3685
f 1790//3686 1853//3812 1713//3524
f 1634//3351 1790//3685 1853//3811
f 1853//3812 1790//3686 1634//3352
f 1714//3525 1717//3531 1715//3527
f 1715//3528 1717//3532 1714//3526
f 1715//3527 1864//3833 1791//3687
f 1791//3688 1864//3834 1715//3528
f 1791//3687 1865//3835 1716//3529
f 1716//3530 1865//3836 1791//3688
f 1716//3529 1866//3837 1792//3689
f 1792//3690 1866//3838 1716//3530
f 1792//3689 1786//3677 1637//3357
f 1637//3358 1786//3678 1792//3690
f 1640//3363 1718//3533 1793//3691
f 1793//3692 1718//3534 1640//3364
f 1793//3691 1671//3437 1639//3361
f 1639//3362 1671//3438 1793//3692
f 1794//3693 1639//3361 1867//3839
f 1867//3840 1639//3362 1794//3694
f 1717//3531 1794//3693 1868//3841
f 1868//3842 1794//3694 1717//3532
f 1718//3533 1671//3437 1793//3691
f 1793//3692 1671//3438 1718//3534
f 1642//3367 1869//3843 1719//3535
f 1719//3536 1869//3844 1642//3368
f 1736//3569 1719//3535 1807//3719
f 1807//3720 1719//3536 1736//3570
f 1795//3695 1870//3845 1644//3371
f 1644//3372 1870//3846 1795//3696
f 1870//3845 1796//3697 1644//3371
f 1644//3372 1796//3698 1870//3846
f 1642//3367 1796//3697 1869//3843
f 1869//3844 1796//3698 1642//3368
f 1797//3699 1722//3541 1798//3701
f 1798//3702 1722//3542 1797//3700
f 1871//3847 1645//3373 1797//3699
f 1797//3700 1645//3376 1871//3848
f 1799//3703 1645//3373 1871//3847
f 1871//3848 1645//3376 1799//3704
f 1872//3849 1647//3379 1800//3705
f 1800//3706 1647//3380 1872//3850
f 1800//3705 1646//3377 1799//3703
f 1799//3704 1646//3378 1800//3706
f 1801//3707 1647//3379 1872//3849
f 1872//3850 1647//3380 1801//3708
f 1727//3551 1726//3549 1725//3547
f 1725//3548 1726//3550 1727//3552
f 1725//3547 1801//3707 1873//3851
f 1873//3852 1801//3708 1725//3548
f 1728//3553 1727//3551 1874//3853
f 1874//3854 1727//3552 1728//3554
f 1802//3709 1651//3387 1728//3553
f 1728//3554 1651//3388 1802//3710
f 1730//3557 1875//3855 1803//3711
f 1803//3712 1875//3856 1730//3558
f 1731//3559 1803//3711 1732//3561
f 1732//3562 1803//3712 1731//3560
f 1732//3561 1876//3857 1653//3391
f 1653//3392 1876//3858 1732//3562
f 1653//3391 1876//3857 1804//3713
f 1804//3714 1876//3858 1653//3392
f 1804//3713 1877//3859 1733//3563
f 1733//3564 1877//3860 1804//3714
f 1733//3563 1878//3861 1734//3565
f 1734//3566 1878//3862 1733//3564
f 1734//3565 1879//3863 1746//3597
f 1746//3598 1879//3864 1734//3566
f 1654//3393 1802//3709 1880//3865
f 1880//3866 1802//3710 1654//3394
f 1805//3715 1654//3393 1881//3867
f 1881//3868 1654//3394 1805//3716
f 1735//3567 1805//3715 1881//3867
f 1881//3868 1805//3716 1735//3568
f 1656//3397 1735//3567 1882//3869
f 1882//3870 1735//3568 1656//3398
f 1656//3397 1882//3869 1806//3717
f 1806//3718 1882//3870 1656//3398
f 1730//3557 1806//3717 1875//3855
f 1875//3856 1806//3718 1730//3558
f 1657//3399 1807//3719 1883//3871
f 1883//3872 1807//3720 1657//3400
f 1657//3399 1883//3871 1808//3721
f 1808//3722 1883//3872 1657//3400
f 1658//3401 1808//3721 1884//3873
f 1884//3874 1808//3722 1658//3402
f 1658//3401 1884//3873 1809//3723
f 1809//3724 1884//3874 1658//3402
f 1668//3431 1819//3743 1810//3725
f 1810//3726 1819//3744 1668//3432
f 1811//3727 1659//3403 1810//3725
f 1810//3726 1659//3404 1811//3728
f 1738//3573 1811//3727 1885//3875
f 1885//3876 1811//3728 1738//3574
f 1812//3729 1738//3573 1886//3877
f 1886//3878 1738//3574 1812//3730
f 1739//3575 1812//3729 1887//3879
f 1887//3880 1812//3730 1739//3576
f 1739//3575 1887//3879 1813//3731
f 1813//3732 1887//3880 1739//3576
f 1741//3587 1740//3585 1888//3881
f 1888//3882 1740//3586 1741//3588
f 1741//3587 1889//3883 1742//3589
f 1742//3590 1889//3884 1741//3588
f 1743//3591 1742//3589 1890//3885
f 1890//3886 1742//3590 1743//3592
f 1814//3733 1743//3591 1891//3887
f 1891//3888 1743//3592 1814//3734
f 1664//3423 1814//3733 1815//3735
f 1815//3736 1814//3734 1664//3424
f 1665//3425 1815//3735 1816//3737
f 1816//3738 1815//3736 1665//3426
f 1744//3593 1816//3737 1892//3889
f 1892//3890 1816//3738 1744//3594
f 1744//3593 1893//3891 1817//3739
f 1817//3740 1893//3892 1744//3594
f 1667//3429 1817//3739 1818//3741
f 1818//3742 1817//3740 1667//3430
f 1745//3595 1818//3741 1894//3893
f 1894//3894 1818//3742 1745//3596
f 1745//3595 1894//3893 1819//3743
f 1819//3744 1894//3894 1745//3596
f 1820//3745 1746//3597 1895//3895
f 1895//3896 1746//3598 1820//3746
f 1740//3585 1820//3745 1888//3881
f 1888//3882 1820//3746 1740//3586
f 1821//3747 1670//3435 1896//3897
f 1896//3898 1670//3436 1821//3748
f 1639//3361 1671//3437 1821//3747
f 1821//3748 1671//3438 1639//3362
f 1822//3749 1599//3277 1823//3751
f 1823//3752 1599//3278 1822//3750
f 1896//3897 1670//3435 1822//3749
f 1822//3750 1670//3436 1896//3898
f 1823//3751 1747//3599 1749//3603
f 1749//3604 1747//3600 1823//3752
f 1749//3603 1748//3601 1897//3899
f 1897//3900 1748//3602 1749//3604
f 1748//3601 1698//3493 1898//3901
f 1898//3902 1698//3494 1748//3602
f 1750//3605 1899//3903 1824//3753
f 1824//3754 1899//3904 1750//3606
f 1824//3753 1899//3903 1674//3443
f 1674//3444 1899//3904 1824//3754
f 1674//3443 1900//3905 1751//3607
f 1751//3608 1900//3906 1674//3444
f 1676//3447 1813//3731 1825//3755
f 1825//3756 1813//3732 1676//3448
f 1825//3755 1901//3907 1750//3605
f 1750//3606 1901//3908 1825//3756
f 1902//3909 1752//3609 1751//3607
f 1751//3608 1752//3610 1902//3910
f 1903//3911 1826//3757 1753//3611
f 1753//3612 1826//3758 1903//3912
f 1826//3757 1829//3763 1604//3291
f 1604//3292 1829//3764 1826//3758
f 1904//3913 1753//3611 1827//3759
f 1827//3760 1753//3612 1904//3914
f 1904//3913 1827//3759 1752//3609
f 1752//3610 1827//3760 1904//3914
f 1755//3615 1905//3915 1754//3613
f 1754//3614 1905//3916 1755//3616
f 1754//3613 1906//3917 1828//3761
f 1828//3762 1906//3918 1754//3614
f 1829//3763 1755//3615 1756//3617
f 1756//3618 1755//3616 1829//3764
f 1828//3761 1906//3917 1680//3457
f 1680//3458 1906//3918 1828//3762
f 1680//3457 1907//3919 1757//3619
f 1757//3620 1907//3920 1680//3458
f 1757//3619 1830//3765 1758//3621
f 1758//3622 1830//3766 1757//3620
f 1830//3765 1831//3767 1682//3461
f 1682//3462 1831//3768 1830//3766
f 1831//3767 1908//3921 1683//3463
f 1683//3464 1908//3922 1831//3768
f 1908//3921 1832//3769 1683//3463
f 1683//3464 1832//3770 1908//3922
f 1833//3771 1763//3631 1761//3627
f 1761//3628 1763//3632 1833//3772
f 1834//3773 1833//3771 1610//3303
f 1610//3304 1833//3772 1834//3774
f 1909//3923 1834//3773 1762//3629
f 1762//3630 1834//3774 1909//3924
f 1910//3925 1762//3629 1832//3769
f 1832//3770 1762//3630 1910//3926
f 1763//3631 1911//3927 1835//3775
f 1835//3776 1911//3928 1763//3632
f 1835//3775 1911//3927 1764//3633
f 1764//3634 1911//3928 1835//3776
f 1764//3633 1912//3929 1836//3777
f 1836//3778 1912//3930 1764//3634
f 1612//3307 1836//3777 1837//3779
f 1837//3780 1836//3778 1612//3308
f 1687//3471 1837//3779 1913//3931
f 1913//3932 1837//3780 1687//3472
f 1687//3471 1914//3933 1838//3781
f 1838//3782 1914//3934 1687//3472
f 1614//3311 1838//3781 1839//3783
f 1839//3784 1838//3782 1614//3312
f 1766//3637 1839//3783 1915//3935
f 1915//3936 1839//3784 1766//3638
f 1840//3785 1766//3637 1915//3935
f 1915//3936 1766//3638 1840//3786
f 1688//3473 1840//3785 1841//3787
f 1841//3788 1840//3786 1688//3474
f 1768//3641 1767//3639 1841//3787
f 1841//3788 1767//3640 1768//3642
f 1773//3651 1769//3643 1842//3789
f 1842//3790 1769//3644 1773//3652
f 1770//3645 1768//3641 1860//3825
f 1860//3826 1768//3642 1770//3646
f 1772//3649 1770//3645 1787//3679
f 1787//3680 1770//3646 1772//3650
f 1844//3793 1691//3479 1843//3791
f 1843//3792 1691//3480 1844//3794
f 1843//3791 1692//3481 1845//3795
f 1845//3796 1692//3482 1843//3792
f 1916//3937 1842//3789 1771//3647
f 1771//3648 1842//3790 1916//3938
f 1916//3937 1771//3647 1844//3793
f 1844//3794 1771//3648 1916//3938
f 1845//3795 1693//3483 1846//3797
f 1846//3798 1693//3484 1845//3796
f 1847//3799 1846//3797 1694//3485
f 1694//3486 1846//3798 1847//3800
f 1848//3801 1847//3799 1695//3487
f 1695//3488 1847//3800 1848//3802
f 1848//3801 1772//3649 1710//3517
f 1710//3518 1772//3650 1848//3802
f 1850//3805 1696//3489 1849//3803
f 1849//3804 1696//3490 1850//3806
f 1849//3803 1773//3651 1917//3939
f 1917//3940 1773//3652 1849//3804
f 1918//3941 1774//3653 1775//3655
f 1775//3656 1774//3654 1918//3942
f 1919//3943 1775//3655 1776//3657
f 1776//3658 1775//3656 1919//3944
f 1920//3945 1776//3657 1850//3805
f 1850//3806 1776//3658 1920//3946
f 1921//3947 1697//3491 1851//3807
f 1851//3808 1697//3492 1921//3948
f 1851//3807 1774//3653 1918//3941
f 1918//3942 1774//3654 1851//3808
f 1852//3809 1697//3491 1921//3947
f 1921//3948 1697//3492 1852//3810
f 1898//3901 1698//3493 1852//3809
f 1852//3810 1698//3494 1898//3902
f 1853//3811 1922//3949 1699//3495
f 1699//3496 1922//3950 1853//3812
f 1699//3495 1922//3949 1778//3661
f 1778//3662 1922//3950 1699//3496
f 1778//3661 1854//3813 1779//3663
f 1779//3664 1854//3814 1778//3662
f 1854//3813 1923//3951 1701//3499
f 1701//3500 1923//3952 1854//3814
f 1923//3951 1795//3695 1701//3499
f 1701//3500 1795//3696 1923//3952
f 1843//3791 1845//3795 1780//3665
f 1780//3666 1845//3796 1843//3792
f 1780//3665 1846//3797 1855//3815
f 1855//3816 1846//3798 1780//3666
f 1781//3667 1855//3815 1857//3819
f 1857//3820 1855//3816 1781//3668
f 1924//3953 1856//3817 1782//3669
f 1782//3670 1856//3818 1924//3954
f 1856//3817 1844//3793 1783//3671
f 1783//3672 1844//3794 1856//3818
f 1844//3793 1843//3791 1783//3671
f 1783//3672 1843//3792 1844//3794
f 1925//3955 1858//3821 1784//3673
f 1784//3674 1858//3822 1925//3956
f 1858//3821 1859//3823 1705//3507
f 1705//3508 1859//3824 1858//3822
f 1866//3837 1784//3673 1785//3675
f 1785//3676 1784//3674 1866//3838
f 1792//3689 1785//3675 1786//3677
f 1786//3678 1785//3676 1792//3690
f 1926//3957 1782//3669 1859//3823
f 1859//3824 1782//3670 1926//3958
f 1709//3515 1857//3819 1848//3801
f 1848//3802 1857//3820 1709//3516
f 1787//3679 1770//3645 1860//3825
f 1860//3826 1770//3646 1787//3680
f 1711//3519 1860//3825 1927//3959
f 1927//3960 1860//3826 1711//3520
f 1711//3519 1927//3959 1861//3827
f 1861//3828 1927//3960 1711//3520
f 1788//3681 1861//3827 1928//3961
f 1928//3962 1861//3828 1788//3682
f 1789//3683 1788//3681 1862//3829
f 1862//3830 1788//3682 1789//3684
f 1712//3521 1862//3829 1863//3831
f 1863//3832 1862//3830 1712//3522
f 1713//3523 1863//3831 1929//3963
f 1929//3964 1863//3832 1713//3524
f 1713//3523 1930//3965 1853//3811
f 1853//3812 1930//3966 1713//3524
f 1715//3527 1717//3531 1864//3833
f 1864//3834 1717//3532 1715//3528
f 1791//3687 1864//3833 1931//3967
f 1931//3968 1864//3834 1791//3688
f 1791//3687 1931//3967 1865//3835
f 1865//3836 1931//3968 1791//3688
f 1865//3835 1866//3837 1716//3529
f 1716//3530 1866//3838 1865//3836
f 1866//3837 1785//3675 1792//3689
f 1792//3690 1785//3676 1866//3838
f 1867//3839 1639//3361 1932//3969
f 1932//3970 1639//3362 1867//3840
f 1794//3693 1867//3839 1933//3971
f 1933//3972 1867//3840 1794//3694
f 1868//3841 1794//3693 1934//3973
f 1934//3974 1794//3694 1868//3842
f 1864//3833 1717//3531 1868//3841
f 1868//3842 1717//3532 1864//3834
f 1719//3535 1869//3843 1935//3975
f 1935//3976 1869//3844 1719//3536
f 1719//3535 1936//3977 1807//3719
f 1807//3720 1936//3978 1719//3536
f 1795//3695 1937//3979 1870//3845
f 1870//3846 1937//3980 1795//3696
f 1937//3979 1796//3697 1870//3845
f 1870//3846 1796//3698 1937//3980
f 1869//3843 1796//3697 1935//3975
f 1935//3976 1796//3698 1869//3844
f 1938//3981 1797//3699 1798//3701
f 1798//3702 1797//3700 1938//3982
f 1938//3981 1871//3847 1797//3699
f 1797//3700 1871//3848 1938//3982
f 1939//3983 1799//3703 1871//3847
f 1871//3848 1799//3704 1939//3984
f 1872//3849 1800//3705 1940//3985
f 1940//3986 1800//3706 1872//3850
f 1940//3985 1800//3705 1799//3703
f 1799//3704 1800//3706 1940//3986
f 1941//3987 1801//3707 1872//3849
f 1872//3850 1801//3708 1941//3988
f 1942//3989 1727//3551 1725//3547
f 1725//3548 1727//3552 1942//3990
f 1873//3851 1801//3707 1941//3987
f 1941//3988 1801//3708 1873//3852
f 1943//3991 1725//3547 1873//3851
f 1873//3852 1725//3548 1943//3992
f 1874//3853 1727//3551 1942//3989
f 1942//3990 1727//3552 1874//3854
f 1944//3993 1728//3553 1874//3853
f 1874//3854 1728//3554 1944//3994
f 1802//3709 1728//3553 1944//3993
f 1944//3994 1728//3554 1802//3710
f 1803//3711 1875//3855 1945//3995
f 1945//3996 1875//3856 1803//3712
f 1732//3561 1803//3711 1946//3997
f 1946//3998 1803//3712 1732//3562
f 1732//3561 1947//3999 1876//3857
f 1876//3858 1947//4000 1732//3562
f 1876//3857 1947//3999 1804//3713
f 1804//3714 1947//4000 1876//3858
f 1804//3713 1948//4001 1877//3859
f 1877//3860 1948//4002 1804//3714
f 1733//3563 1877//3859 1949//4003
f 1949//4004 1877//3860 1733//3564
f 1733//3563 1949//4003 1878//3861
f 1878//3862 1949//4004 1733//3564
f 1734//3565 1878//3861 1950//4005
f 1950//4006 1878//3862 1734//3566
f 1734//3565 1950//4005 1879//3863
f 1879//3864 1950//4006 1734//3566
f 1746//3597 1879//3863 1895//3895
f 1895//3896 1879//3864 1746//3598
f 1880//3865 1802//3709 1951//4007
f 1951//4008 1802//3710 1880//3866
f 1881//3867 1654//3393 1880//3865
f 1880//3866 1654//3394 1881//3868
f 1735//3567 1881//3867 1952//4009
f 1952//4010 1881//3868 1735//3568
f 1882//3869 1735//3567 1953//4011
f 1953//4012 1735//3568 1882//3870
f 1806//3717 1882//3869 1953//4011
f 1953//4012 1882//3870 1806//3718
f 1875//3855 1806//3717 1954//4013
f 1954//4014 1806//3718 1875//3856
f 1883//3871 1807//3719 1955//4015
f 1955//4016 1807//3720 1883//3872
f 1808//3721 1883//3871 1955//4015
f 1955//4016 1883//3872 1808//3722
f 1884//3873 1808//3721 1956//4017
f 1956//4018 1808//3722 1884//3874
f 1809//3723 1884//3873 1956//4017
f 1956//4018 1884//3874 1809//3724
f 1810//3725 1819//3743 1957//4019
f 1957//4020 1819//3744 1810//3726
f 1885//3875 1811//3727 1810//3725
f 1810//3726 1811//3728 1885//3876
f 1886//3877 1738//3573 1885//3875
f 1885//3876 1738//3574 1886//3878
f 1812//3729 1886//3877 1958//4021
f 1958//4022 1886//3878 1812//3730
f 1887//3879 1812//3729 1959//4023
f 1959//4024 1812//3730 1887//3880
f 1813//3731 1887//3879 1959//4023
f 1959//4024 1887//3880 1813//3732
f 1741//3587 1888//3881 1889//3883
f 1889//3884 1888//3882 1741//3588
f 1742//3589 1889//3883 1890//3885
f 1890//3886 1889//3884 1742//3590
f 1743//3591 1890//3885 1891//3887
f 1891//3888 1890//3886 1743//3592
f 1814//3733 1891//3887 1960//4025
f 1960//4026 1891//3888 1814//3734
f 1815//3735 1814//3733 1961//4027
f 1961//4028 1814//3734 1815//3736
f 1815//3735 1961//4027 1816//3737
f 1816//3738 1961//4028 1815//3736
f 1892//3889 1816//3737 1962//4029
f 1962//4030 1816//3738 1892//3890
f 1744//3593 1892//3889 1893//3891
f 1893//3892 1892//3890 1744//3594
f 1817//3739 1893//3891 1963//4031
f 1963//4032 1893//3892 1817//3740
f 1818//3741 1817//3739 1963//4031
f 1963//4032 1817//3740 1818//3742
f 1818//3741 1964//4033 1894//3893
f 1894//3894 1964//4034 1818//3742
f 1819//3743 1894//3893 1965//4035
f 1965//4036 1894//3894 1819//3744
f 1820//3745 1895//3895 1966//4037
f 1966//4038 1895//3896 1820//3746
f 1820//3745 1966//4037 1888//3881
f 1888//3882 1966//4038 1820//3746
f 1639//3361 1821//3747 1896//3897
f 1896//3898 1821//3748 1639//3362
f 1896//3897 1822//3749 1823//3751
f 1823//3752 1822//3750 1896//3898
f 1823//3751 1749//3603 1967//4039
f 1967//4040 1749//3604 1823//3752
f 1897//3899 1748//3601 1968//4041
f 1968//4042 1748//3602 1897//3900
f 1969//4043 1749//3603 1897//3899
f 1897//3900 1749//3604 1969//4044
f 1748//3601 1898//3901 1968//4041
f 1968//4042 1898//3902 1748//3602
f 1750//3605 1970//4045 1899//3903
f 1899//3904 1970//4046 1750//3606
f 1899//3903 1900//3905 1674//3443
f 1674//3444 1900//3906 1899//3904
f 1900//3905 1971//4047 1751//3607
f 1751//3608 1971//4048 1900//3906
f 1813//3731 1901//3907 1825//3755
f 1825//3756 1901//3908 1813//3732
f 1901//3907 1970//4045 1750//3605
f 1750//3606 1970//4046 1901//3908
f 1904//3913 1752//3609 1902//3909
f 1902//3910 1752//3610 1904//3914
f 1971//4047 1902//3909 1751//3607
f 1751//3608 1902//3910 1971//4048
f 1903//3911 1972//4049 1826//3757
f 1826//3758 1972//4050 1903//3912
f 1973//4051 1903//3911 1753//3611
f 1753//3612 1903//3912 1973//4052
f 1826//3757 1974//4053 1829//3763
f 1829//3764 1974//4054 1826//3758
f 1973//4051 1753//3611 1904//3913
f 1904//3914 1753//3612 1973//4052
f 1975//4055 1905//3915 1755//3615
f 1755//3616 1905//3916 1975//4056
f 1905//3915 1976//4057 1754//3613
f 1754//3614 1976//4058 1905//3916
f 1754//3613 1977//4059 1906//3917
f 1906//3918 1977//4060 1754//3614
f 1974//4053 1755//3615 1829//3763
f 1829//3764 1755//3616 1974//4054
f 1906//3917 1907//3919 1680//3457
f 1680//3458 1907//3920 1906//3918
f 1907//3919 1978//4061 1757//3619
f 1757//3620 1978//4062 1907//3920
f 1978//4061 1830//3765 1757//3619
f 1757//3620 1830//3766 1978//4062
f 1979//4063 1831//3767 1830//3765
f 1830//3766 1831//3768 1979//4064
f 1980//4065 1908//3921 1831//3767
f 1831//3768 1908//3922 1980//4066
f 1980//4065 1832//3769 1908//3921
f 1908//3922 1832//3770 1980//4066
f 1833//3771 1981//4067 1763//3631
f 1763//3632 1981//4068 1833//3772
f 1909//3923 1833//3771 1834//3773
f 1834//3774 1833//3772 1909//3924
f 1910//3925 1909//3923 1762//3629
f 1762//3630 1909//3924 1910//3926
f 1982//4069 1910//3925 1832//3769
f 1832//3770 1910//3926 1982//4070
f 1763//3631 1981//4067 1911//3927
f 1911//3928 1981//4068 1763//3632
f 1764//3633 1911//3927 1983//4071
f 1983//4072 1911//3928 1764//3634
f 1764//3633 1983//4071 1912//3929
f 1912//3930 1983//4072 1764//3634
f 1836//3777 1912//3929 1837//3779
f 1837//3780 1912//3930 1836//3778
f 1837//3779 1984//4073 1913//3931
f 1913//3932 1984//4074 1837//3780
f 1687//3471 1913//3931 1914//3933
f 1914//3934 1913//3932 1687//3472
f 1838//3781 1914//3933 1839//3783
f 1839//3784 1914//3934 1838//3782
f 1915//3935 1839//3783 1985//4075
f 1985//4076 1839//3784 1915//3936
f 1915//3935 1841//3787 1840//3785
f 1840//3786 1841//3788 1915//3936
f 1860//3825 1768//3641 1841//3787
f 1841//3788 1768//3642 1860//3826
f 1773//3651 1842//3789 1986//4077
f 1986//4078 1842//3790 1773//3652
f 1986//4077 1842//3789 1916//3937
f 1916//3938 1842//3790 1986//4078
f 1916//3937 1844//3793 1987//4079
f 1987//4080 1844//3794 1916//3938
f 1780//3665 1845//3795 1846//3797
f 1846//3798 1845//3796 1780//3666
f 1855//3815 1846//3797 1847//3799
f 1847//3800 1846//3798 1855//3816
f 1857//3819 1847//3799 1848//3801
f 1848//3802 1847//3800 1857//3820
f 1850//3805 1849//3803 1917//3939
f 1917//3940 1849//3804 1850//3806
f 1917//3939 1773//3651 1986//4077
f 1986//4078 1773//3652 1917//3940
f 1918//3941 1775//3655 1919//3943
f 1919//3944 1775//3656 1918//3942
f 1919//3943 1776//3657 1920//3945
f 1920//3946 1776//3658 1919//3944
f 1920//3945 1850//3805 1988//4081
f 1988//4082 1850//3806 1920//3946
f 1989//4083 1921//3947 1851//3807
f 1851//3808 1921//3948 1989//4084
f 1990//4085 1851//3807 1918//3941
f 1918//3942 1851//3808 1990//4086
f 1852//3809 1921//3947 1989//4083
f 1989//4084 1921//3948 1852//3810
f 1968//4041 1898//3901 1852//3809
f 1852//3810 1898//3902 1968//4042
f 1853//3811 1930//3965 1922//3949
f 1922//3950 1930//3966 1853//3812
f 1930//3965 1778//3661 1922//3949
f 1922//3950 1778//3662 1930//3966
f 1991//4087 1854//3813 1778//3661
f 1778//3662 1854//3814 1991//4088
f 1854//3813 1992//4089 1923//3951
f 1923//3952 1992//4090 1854//3814
f 1992//4089 1795//3695 1923//3951
f 1923//3952 1795//3696 1992//4090
f 1857//3819 1855//3815 1847//3799
f 1847//3800 1855//3816 1857//3820
f 1993//4091 1856//3817 1924//3953
f 1924//3954 1856//3818 1993//4092
f 1994//4093 1924//3953 1782//3669
f 1782//3670 1924//3954 1994//4094
f 1987//4079 1844//3793 1856//3817
f 1856//3818 1844//3794 1987//4080
f 1925//3955 1995//4095 1858//3821
f 1858//3822 1995//4096 1925//3956
f 1925//3955 1784//3673 1996//4097
f 1996//4098 1784//3674 1925//3956
f 1858//3821 1926//3957 1859//3823
f 1859//3824 1926//3958 1858//3822
f 1866//3837 1996//4097 1784//3673
f 1784//3674 1996//4098 1866//3838
f 1997//4099 1782//3669 1926//3957
f 1926//3958 1782//3670 1997//4100
f 1860//3825 1998//4101 1927//3959
f 1927//3960 1998//4102 1860//3826
f 1861//3827 1927//3959 1928//3961
f 1928//3962 1927//3960 1861//3828
f 1788//3681 1928//3961 1999//4103
f 1999//4104 1928//3962 1788//3682
f 1862//3829 1788//3681 1999//4103
f 1999//4104 1788//3682 1862//3830
f 1862//3829 1929//3963 1863//3831
f 1863//3832 1929//3964 1862//3830
f 1713//3523 1929//3963 1930//3965
f 1930//3966 1929//3964 1713//3524
f 1864//3833 1868//3841 1931//3967
f 1931//3968 1868//3842 1864//3834
f 1931//3967 2000//4105 1865//3835
f 1865//3836 2000//4106 1931//3968
f 2000//4105 1866//3837 1865//3835
f 1865//3836 1866//3838 2000//4106
f 1639//3361 2001//4107 1932//3969
f 1932//3970 2001//4108 1639//3362
f 1867//3839 1932//3969 2002//4109
f 2002//4110 1932//3970 1867//3840
f 1933//3971 1867//3839 2003//4111
f 2003//4112 1867//3840 1933//3972
f 1794//3693 1933//3971 2004//4113
f 2004//4114 1933//3972 1794//3694
f 1934//3973 1794//3693 2004//4113
f 2004//4114 1794//3694 1934//3974
f 1868//3841 1934//3973 2005//4115
f 2005//4116 1934//3974 1868//3842
f 1719//3535 1935//3975 1936//3977
f 1936//3978 1935//3976 1719//3536
f 1807//3719 1936//3977 2006//4117
f 2006//4118 1936//3978 1807//3720
f 2007//4119 1937//3979 1795//3695
f 1795//3696 1937//3980 2007//4120
f 1937//3979 2008//4121 1796//3697
f 1796//3698 2008//4122 1937//3980
f 1796//3697 2008//4121 1935//3975
f 1935//3976 2008//4122 1796//3698
f 1938//3981 1798//3701 2009//4123
f 2009//4124 1798//3702 1938//3982
f 2010//4125 1871//3847 1938//3981
f 1938//3982 1871//3848 2010//4126
f 1940//3985 1799//3703 1939//3983
f 1939//3984 1799//3704 1940//3986
f 2010//4125 1939//3983 1871//3847
f 1871//3848 1939//3984 2010//4126
f 2011//4127 1872//3849 1940//3985
f 1940//3986 1872//3850 2011//4128
f 1941//3987 1872//3849 2012//4129
f 2012//4130 1872//3850 1941//3988
f 1942//3989 1725//3547 1943//3991
f 1943//3992 1725//3548 1942//3990
f 1943//3991 1873//3851 1941//3987
f 1941//3988 1873//3852 1943//3992
f 1944//3993 1874//3853 1942//3989
f 1942//3990 1874//3854 1944//3994
f 1951//4007 1802//3709 1944//3993
f 1944//3994 1802//3710 1951//4008
f 1875//3855 2013//4131 1945//3995
f 1945//3996 2013//4132 1875//3856
f 1803//3711 1945//3995 1946//3997
f 1946//3998 1945//3996 1803//3712
f 1732//3561 1946//3997 1947//3999
f 1947//4000 1946//3998 1732//3562
f 1947//3999 2014//4133 1804//3713
f 1804//3714 2014//4134 1947//4000
f 1804//3713 2014//4133 1948//4001
f 1948//4002 2014//4134 1804//3714
f 1877//3859 1948//4001 1949//4003
f 1949//4004 1948//4002 1877//3860
f 1878//3861 1949//4003 1950//4005
f 1950//4006 1949//4004 1878//3862
f 1879//3863 1950//4005 2015//4135
f 2015//4136 1950//4006 1879//3864
f 1879//3863 2016//4137 1895//3895
f 1895//3896 2016//4138 1879//3864
f 1881//3867 1880//3865 1951//4007
f 1951//4008 1880//3866 1881//3868
f 1952//4009 1881//3867 2017//4139
f 2017//4140 1881//3868 1952//4010
f 1953//4011 1735//3567 1952//4009
f 1952//4010 1735//3568 1953//4012
f 1806//3717 1953//4011 1954//4013
f 1954//4014 1953//4012 1806//3718
f 1875//3855 1954//4013 2013//4131
f 2013//4132 1954//4014 1875//3856
f 1807//3719 2018//4141 1955//4015
f 1955//4016 2018//4142 1807//3720
f 1808//3721 1955//4015 1956//4017
f 1956//4018 1955//4016 1808//3722
f 1809//3723 1956//4017 2019//4143
f 2019//4144 1956//4018 1809//3724
f 1819//3743 1965//4035 1957//4019
f 1957//4020 1965//4036 1819//3744
f 1810//3725 1957//4019 2020//4145
f 2020//4146 1957//4020 1810//3726
f 1885//3875 1810//3725 2021//4147
f 2021//4148 1810//3726 1885//3876
f 1886//3877 1885//3875 1958//4021
f 1958//4022 1885//3876 1886//3878
f 1812//3729 1958//4021 2022//4149
f 2022//4150 1958//4022 1812//3730
f 1959//4023 1812//3729 2022//4149
f 2022//4150 1812//3730 1959//4024
f 1813//3731 1959//4023 2023//4151
f 2023//4152 1959//4024 1813//3732
f 1889//3883 1888//3881 2024//4153
f 2024//4154 1888//3882 1889//3884
f 1890//3885 1889//3883 2024//4153
f 2024//4154 1889//3884 1890//3886
f 1891//3887 1890//3885 2025//4155
f 2025//4156 1890//3886 1891//3888
f 1891//3887 2025//4155 1960//4025
f 1960//4026 2025//4156 1891//3888
f 1814//3733 1960//4025 2026//4157
f 2026//4158 1960//4026 1814//3734
f 1814//3733 2026//4157 1961//4027
f 1961//4028 2026//4158 1814//3734
f 1816//3737 1961//4027 2027//4159
f 2027//4160 1961//4028 1816//3738
f 1816//3737 2027//4159 1962//4029
f 1962//4030 2027//4160 1816//3738
f 1892//3889 1962//4029 2028//4161
f 2028//4162 1962//4030 1892//3890
f 1892//3889 2028//4161 1893//3891
f 1893//3892 2028//4162 1892//3890
f 1963//4031 1893//3891 2029//4163
f 2029//4164 1893//3892 1963//4032
f 1818//3741 1963//4031 2030//4165
f 2030//4166 1963//4032 1818//3742
f 1818//3741 2030//4165 1964//4033
f 1964//4034 2030//4166 1818//3742
f 1894//3893 1964//4033 2031//4167
f 2031//4168 1964//4034 1894//3894
f 1894//3893 2031//4167 1965//4035
f 1965//4036 2031//4168 1894//3894
f 1966//4037 1895//3895 2032//4169
f 2032//4170 1895//3896 1966//4038
f 1888//3881 1966//4037 2032//4169
f 2032//4170 1966//4038 1888//3882
f 1639//3361 1896//3897 2001//4107
f 2001//4108 1896//3898 1639//3362
f 1896//3897 1823//3751 2033//4171
f 2033//4172 1823//3752 1896//3898
f 1969//4043 1967//4039 1749//3603
f 1749//3604 1967//4040 1969//4044
f 2033//4171 1823//3751 1967//4039
f 1967//4040 1823//3752 2033//4172
f 1969//4043 1897//3899 1968//4041
f 1968//4042 1897//3900 1969//4044
f 1970//4045 2034//4173 1899//3903
f 1899//3904 2034//4174 1970//4046
f 1899//3903 1971//4047 1900//3905
f 1900//3906 1971//4048 1899//3904
f 1813//3731 2023//4151 1901//3907
f 1901//3908 2023//4152 1813//3732
f 1901//3907 2034//4173 1970//4045
f 1970//4046 2034//4174 1901//3908
f 1971//4047 1904//3913 1902//3909
f 1902//3910 1904//3914 1971//4048
f 1903//3911 2035//4175 1972//4049
f 1972//4050 2035//4176 1903//3912
f 1972//4049 2036//4177 1826//3757
f 1826//3758 2036//4178 1972//4050
f 1973//4051 2037//4179 1903//3911
f 1903//3912 2037//4180 1973//4052
f 1826//3757 2036//4177 1974//4053
f 1974//4054 2036//4178 1826//3758
f 1973//4051 1904//3913 2038//4181
f 2038//4182 1904//3914 1973//4052
f 1975//4055 1976//4057 1905//3915
f 1905//3916 1976//4058 1975//4056
f 1974//4053 1975//4055 1755//3615
f 1755//3616 1975//4056 1974//4054
f 1976//4057 1977//4059 1754//3613
f 1754//3614 1977//4060 1976//4058
f 1977//4059 2039//4183 1906//3917
f 1906//3918 2039//4184 1977//4060
f 1906//3917 1978//4061 1907//3919
f 1907//3920 1978//4062 1906//3918
f 1978//4061 2040//4185 1830//3765
f 1830//3766 2040//4186 1978//4062
f 1979//4063 2041//4187 1831//3767
f 1831//3768 2041//4188 1979//4064
f 1830//3765 2042//4189 1979//4063
f 1979//4064 2042//4190 1830//3766
f 2041//4187 1980//4065 1831//3767
f 1831//3768 1980//4066 2041//4188
f 1980//4065 1982//4069 1832//3769
f 1832//3770 1982//4070 1980//4066
f 2043//4191 1981//4067 1833//3771
f 1833//3772 1981//4068 2043//4192
f 1909//3923 2044//4193 1833//3771
f 1833//3772 2044//4194 1909//3924
f 1955//4015 1909//3923 1910//3925
f 1910//3926 1909//3924 1955//4016
f 1956//4017 1910//3925 1982//4069
f 1982//4070 1910//3926 1956//4018
f 2043//4191 1911//3927 1981//4067
f 1981//4068 1911//3928 2043//4192
f 1911//3927 2045//4195 1983//4071
f 1983//4072 2045//4196 1911//3928
f 1983//4071 2045//4195 1912//3929
f 1912//3930 2045//4196 1983//4072
f 1837//3779 1912//3929 2046//4197
f 2046//4198 1912//3930 1837//3780
f 1837//3779 2046//4197 1984//4073
f 1984//4074 2046//4198 1837//3780
f 1913//3931 1984//4073 1914//3933
f 1914//3934 1984//4074 1913//3932
f 1839//3783 1914//3933 2047//4199
f 2047//4200 1914//3934 1839//3784
f 1839//3783 2047//4199 1985//4075
f 1985//4076 2047//4200 1839//3784
f 1915//3935 1985//4075 2048//4201
f 2048//4202 1985//4076 1915//3936
f 1998//4101 1841//3787 1915//3935
f 1915//3936 1841//3788 1998//4102
f 1860//3825 1841//3787 1998//4101
f 1998//4102 1841//3788 1860//3826
f 1917//3939 1986//4077 1916//3937
f 1916//3938 1986//4078 1917//3940
f 2049//4203 1916//3937 1987//4079
f 1987//4080 1916//3938 2049//4204
f 1850//3805 1917//3939 2050//4205
f 2050//4206 1917//3940 1850//3806
f 2051//4207 1918//3941 1919//3943
f 1919//3944 1918//3942 2051//4208
f 2052//4209 1919//3943 1920//3945
f 1920//3946 1919//3944 2052//4210
f 1988//4081 1850//3805 2050//4205
f 2050//4206 1850//3806 1988//4082
f 2053//4211 1920//3945 1988//4081
f 1988//4082 1920//3946 2053//4212
f 1990//4085 1989//4083 1851//3807
f 1851//3808 1989//4084 1990//4086
f 1990//4085 1918//3941 2051//4207
f 2051//4208 1918//3942 1990//4086
f 2054//4213 1852//3809 1989//4083
f 1989//4084 1852//3810 2054//4214
f 1968//4041 1852//3809 2054//4213
f 2054//4214 1852//3810 1968//4042
f 1930//3965 1991//4087 1778//3661
f 1778//3662 1991//4088 1930//3966
f 1991//4087 2055//4215 1854//3813
f 1854//3814 2055//4216 1991//4088
f 1854//3813 2056//4217 1992//4089
f 1992//4090 2056//4218 1854//3814
f 1992//4089 2007//4119 1795//3695
f 1795//3696 2007//4120 1992//4090
f 1993//4091 1987//4079 1856//3817
f 1856//3818 1987//4080 1993//4092
f 2057//4219 1993//4091 1924//3953
f 1924//3954 1993//4092 2057//4220
f 1994//4093 2057//4219 1924//3953
f 1924//3954 2057//4220 1994//4094
f 1997//4099 1994//4093 1782//3669
f 1782//3670 1994//4094 1997//4100
f 2058//4221 1995//4095 1925//3955
f 1925//3956 1995//4096 2058//4222
f 1995//4095 1926//3957 1858//3821
f 1858//3822 1926//3958 1995//4096
f 2000//4105 1925//3955 1996//4097
f 1996//4098 1925//3956 2000//4106
f 2000//4105 1996//4097 1866//3837
f 1866//3838 1996//4098 2000//4106
f 1995//4095 1997//4099 1926//3957
f 1926//3958 1997//4100 1995//4096
f 1927//3959 1998//4101 1915//3935
f 1915//3936 1998//4102 1927//3960
f 1928//3961 1927//3959 2048//4201
f 2048//4202 1927//3960 1928//3962
f 1928//3961 2059//4223 1999//4103
f 1999//4104 2059//4224 1928//3962
f 2059//4223 1862//3829 1999//4103
f 1999//4104 1862//3830 2059//4224
f 1862//3829 2060//4225 1929//3963
f 1929//3964 2060//4226 1862//3830
f 1929//3963 2061//4227 1930//3965
f 1930//3966 2061//4228 1929//3964
f 1931//3967 1868//3841 2005//4115
f 2005//4116 1868//3842 1931//3968
f 1931//3967 2062//4229 2000//4105
f 2000//4106 2062//4230 1931//3968
f 1932//3969 2001//4107 2033//4171
f 2033//4172 2001//4108 1932//3970
f 1932//3969 2063//4231 2002//4109
f 2002//4110 2063//4232 1932//3970
f 1867//3839 2002//4109 2064//4233
f 2064//4234 2002//4110 1867//3840
f 2003//4111 1867//3839 2065//4235
f 2065//4236 1867//3840 2003//4112
f 1933//3971 2003//4111 2066//4237
f 2066//4238 2003//4112 1933//3972
f 2004//4113 1933//3971 2066//4237
f 2066//4238 1933//3972 2004//4114
f 1934//3973 2004//4113 2067//4239
f 2067//4240 2004//4114 1934//3974
f 2005//4115 1934//3973 2067//4239
f 2067//4240 1934//3974 2005//4116
f 1936//3977 1935//3975 2006//4117
f 2006//4118 1935//3976 1936//3978
f 1807//3719 2006//4117 2018//4141
f 2018//4142 2006//4118 1807//3720
f 2068//4241 1937//3979 2007//4119
f 2007//4120 1937//3980 2068//4242
f 1937//3979 2069//4243 2008//4121
f 2008//4122 2069//4244 1937//3980
f 1935//3975 2008//4121 2069//4243
f 2069//4244 2008//4122 1935//3976
f 2070//4245 2010//4125 1938//3981
f 1938//3982 2010//4126 2070//4246
f 2071//4247 1940//3985 1939//3983
f 1939//3984 1940//3986 2071//4248
f 2072//4249 1939//3983 2010//4125
f 2010//4126 1939//3984 2072//4250
f 2012//4129 1872//3849 2011//4127
f 2011//4128 1872//3850 2012//4130
f 2011//4127 1940//3985 2073//4251
f 2073//4252 1940//3986 2011//4128
f 2074//4253 1941//3987 2012//4129
f 2012//4130 1941//3988 2074//4254
f 2075//4255 1942//3989 1943//3991
f 1943//3992 1942//3990 2075//4256
f 2076//4257 1943//3991 1941//3987
f 1941//3988 1943//3992 2076//4258
f 2077//4259 1944//3993 1942//3989
f 1942//3990 1944//3994 2077//4260
f 1951//4007 1944//3993 2077//4259
f 2077//4260 1944//3994 1951//4008
f 1945//3995 2013//4131 2078//4261
f 2078//4262 2013//4132 1945//3996
f 1945//3995 1947//3999 1946//3997
f 1946//3998 1947//4000 1945//3996
f 1947//3999 2079//4263 2014//4133
f 2014//4134 2079//4264 1947//4000
f 2014//4133 2079//4263 1948//4001
f 1948//4002 2079//4264 2014//4134
f 1948//4001 2080//4265 1949//4003
f 1949//4004 2080//4266 1948//4002
f 1949//4003 2081//4267 1950//4005
f 1950//4006 2081//4268 1949//4004
f 1950//4005 2082//4269 2015//4135
f 2015//4136 2082//4270 1950//4006
f 1879//3863 2015//4135 2083//4271
f 2083//4272 2015//4136 1879//3864
f 1879//3863 2083//4271 2016//4137
f 2016//4138 2083//4272 1879//3864
f 1895//3895 2016//4137 2084//4273
f 2084//4274 2016//4138 1895//3896
f 1881//3867 1951//4007 2085//4275
f 2085//4276 1951//4008 1881//3868
f 2017//4139 1881//3867 2085//4275
f 2085//4276 1881//3868 2017//4140
f 1953//4011 1952//4009 2017//4139
f 2017//4140 1952//4010 1953//4012
f 1953//4011 2017//4139 1954//4013
f 1954//4014 2017//4140 1953//4012
f 2013//4131 1954//4013 2086//4277
f 2086//4278 1954//4014 2013//4132
f 1955//4015 2018//4141 1909//3923
f 1909//3924 2018//4142 1955//4016
f 1956//4017 1955//4015 1910//3925
f 1910//3926 1955//4016 1956//4018
f 2019//4143 1956//4017 1980//4065
f 1980//4066 1956//4018 2019//4144
f 1809//3723 2019//4143 2087//4279
f 2087//4280 2019//4144 1809//3724
f 1957//4019 1965//4035 2088//4281
f 2088//4282 1965//4036 1957//4020
f 2020//4145 1957//4019 2089//4283
f 2089//4284 1957//4020 2020//4146
f 2021//4147 1810//3725 2020//4145
f 2020//4146 1810//3726 2021//4148
f 1885//3875 2021//4147 2090//4285
f 2090//4286 2021//4148 1885//3876
f 1958//4021 1885//3875 2091//4287
f 2091//4288 1885//3876 1958//4022
f 2022//4149 1958//4021 2092//4289
f 2092//4290 1958//4022 2022//4150
f 1959//4023 2022//4149 2092//4289
f 2092//4290 2022//4150 1959//4024
f 2023//4151 1959//4023 2093//4291
f 2093//4292 1959//4024 2023//4152
f 2024//4153 1888//3881 2094//4293
f 2094//4294 1888//3882 2024//4154
f 1890//3885 2024//4153 2025//4155
f 2025//4156 2024//4154 1890//3886
f 1960//4025 2025//4155 2095//4295
f 2095//4296 2025//4156 1960//4026
f 2026//4157 1960//4025 2095//4295
f 2095//4296 1960//4026 2026//4158
f 1961//4027 2026//4157 2096//4297
f 2096//4298 2026//4158 1961//4028
f 1961//4027 2096//4297 2027//4159
f 2027//4160 2096//4298 1961//4028
f 1893//3891 2028//4161 2097//4299
f 2097//4300 2028//4162 1893//3892
f 1893//3891 2097//4299 2029//4163
f 2029//4164 2097//4300 1893//3892
f 2030//4165 1963//4031 2029//4163
f 2029//4164 1963//4032 2030//4166
f 2030//4165 2098//4301 1964//4033
f 1964//4034 2098//4302 2030//4166
f 2031//4167 1964//4033 2099//4303
f 2099//4304 1964//4034 2031//4168
f 1965//4035 2031//4167 2100//4305
f 2100//4306 2031//4168 1965//4036
f 2032//4169 1895//3895 2101//4307
f 2101//4308 1895//3896 2032//4170
f 1888//3881 2032//4169 2094//4293
f 2094//4294 2032//4170 1888//3882
f 2001//4107 1896//3897 2033//4171
f 2033//4172 1896//3898 2001//4108
f 2033//4171 1967//4039 1969//4043
f 1969//4044 1967//4040 2033//4172
f 2102//4309 1969//4043 1968//4041
f 1968//4042 1969//4044 2102//4310
f 2034//4173 2103//4311 1899//3903
f 1899//3904 2103//4312 2034//4174
f 1899//3903 2103//4311 1971//4047
f 1971//4048 2103//4312 1899//3904
f 2023//4151 2093//4291 1901//3907
f 1901//3908 2093//4292 2023//4152
f 1901//3907 2104//4313 2034//4173
f 2034//4174 2104//4314 1901//3908
f 1971//4047 2038//4181 1904//3913
f 1904//3914 2038//4182 1971//4048
f 2105//4315 2035//4175 1903//3911
f 1903//3912 2035//4176 2105//4316
f 2035//4175 2106//4317 1972//4049
f 1972//4050 2106//4318 2035//4176
f 1972//4049 2107//4319 2036//4177
f 2036//4178 2107//4320 1972//4050
f 2108//4321 2037//4179 1973//4051
f 1973//4052 2037//4180 2108//4322
f 2037//4179 2105//4315 1903//3911
f 1903//3912 2105//4316 2037//4180
f 2107//4319 1974//4053 2036//4177
f 2036//4178 1974//4054 2107//4320
f 2109//4323 1973//4051 2038//4181
f 2038//4182 1973//4052 2109//4324
f 1975//4055 2110//4325 1976//4057
f 1976//4058 2110//4326 1975//4056
f 2111//4327 1975//4055 1974//4053
f 1974//4054 1975//4056 2111//4328
f 1976//4057 2039//4183 1977//4059
f 1977//4060 2039//4184 1976//4058
f 2039//4183 2112//4329 1906//3917
f 1906//3918 2112//4330 2039//4184
f 1906//3917 2112//4329 1978//4061
f 1978//4062 2112//4330 1906//3918
f 1978//4061 2113//4331 2040//4185
f 2040//4186 2113//4332 1978//4062
f 2040//4185 2042//4189 1830//3765
f 1830//3766 2042//4190 2040//4186
f 2087//4279 2041//4187 1979//4063
f 1979//4064 2041//4188 2087//4280
f 2042//4189 2114//4333 1979//4063
f 1979//4064 2114//4334 2042//4190
f 2087//4279 1980//4065 2041//4187
f 2041//4188 1980//4066 2087//4280
f 1956//4017 1982//4069 1980//4065
f 1980//4066 1982//4070 1956//4018
f 2044//4193 2043//4191 1833//3771
f 1833//3772 2043//4192 2044//4194
f 2006//4117 2044//4193 1909//3923
f 1909//3924 2044//4194 2006//4118
f 1911//3927 2043//4191 2115//4335
f 2115//4336 2043//4192 1911//3928
f 1911//3927 2115//4335 2045//4195
f 2045//4196 2115//4336 1911//3928
f 1912//3929 2045//4195 2116//4337
f 2116//4338 2045//4196 1912//3930
f 1912//3929 2117//4339 2046//4197
f 2046//4198 2117//4340 1912//3930
f 2046//4197 2117//4339 1984//4073
f 1984//4074 2117//4340 2046//4198
f 1914//3933 1984//4073 2118//4341
f 2118//4342 1984//4074 1914//3934
f 1914//3933 2119//4343 2047//4199
f 2047//4200 2119//4344 1914//3934
f 2047//4199 2119//4343 1985//4075
f 1985//4076 2119//4344 2047//4200
f 1985//4075 1928//3961 2048//4201
f 2048//4202 1928//3962 1985//4076
f 1927//3959 1915//3935 2048//4201
f 2048//4202 1915//3936 1927//3960
f 2120//4345 1917//3939 1916//3937
f 1916//3938 1917//3940 2120//4346
f 2049//4203 2120//4345 1916//3937
f 1916//3938 2120//4346 2049//4204
f 2049//4203 1987//4079 1993//4091
f 1993//4092 1987//4080 2049//4204
f 2121//4347 2050//4205 1917//3939
f 1917//3940 2050//4206 2121//4348
f 2051//4207 1919//3943 2052//4209
f 2052//4210 1919//3944 2051//4208
f 2052//4209 1920//3945 2053//4211
f 2053//4212 1920//3946 2052//4210
f 1988//4081 2050//4205 2121//4347
f 2121//4348 2050//4206 1988//4082
f 2053//4211 1988//4081 2122//4349
f 2122//4350 1988//4082 2053//4212
f 2123//4351 1989//4083 1990//4085
f 1990//4086 1989//4084 2123//4352
f 1990//4085 2051//4207 2124//4353
f 2124//4354 2051//4208 1990//4086
f 2102//4309 2054//4213 1989//4083
f 1989//4084 2054//4214 2102//4310
f 2102//4309 1968//4041 2054//4213
f 2054//4214 1968//4042 2102//4310
f 1930//3965 2055//4215 1991//4087
f 1991//4088 2055//4216 1930//3966
f 2055//4215 2056//4217 1854//3813
f 1854//3814 2056//4218 2055//4216
f 2125//4355 1992//4089 2056//4217
f 2056//4218 1992//4090 2125//4356
f 1992//4089 2068//4241 2007//4119
f 2007//4120 2068//4242 1992//4090
f 2126//4357 1993//4091 2057//4219
f 2057//4220 1993//4092 2126//4358
f 2127//4359 2057//4219 1994//4093
f 1994//4094 2057//4220 2127//4360
f 1997//4099 2127//4359 1994//4093
f 1994//4094 2127//4360 1997//4100
f 2058//4221 2128//4361 1995//4095
f 1995//4096 2128//4362 2058//4222
f 2129//4363 2058//4221 1925//3955
f 1925//3956 2058//4222 2129//4364
f 2000//4105 2062//4229 1925//3955
f 1925//3956 2062//4230 2000//4106
f 2128//4361 1997//4099 1995//4095
f 1995//4096 1997//4100 2128//4362
f 2130//4365 2059//4223 1928//3961
f 1928//3962 2059//4224 2130//4366
f 2059//4223 2060//4225 1862//3829
f 1862//3830 2060//4226 2059//4224
f 1929//3963 2060//4225 2131//4367
f 2131//4368 2060//4226 1929//3964
f 1929//3963 2131//4367 2061//4227
f 2061//4228 2131//4368 1929//3964
f 1930//3965 2061//4227 2055//4215
f 2055//4216 2061//4228 1930//3966
f 2005//4115 2062//4229 1931//3967
f 1931//3968 2062//4230 2005//4116
f 1932//3969 2033//4171 2063//4231
f 2063//4232 2033//4172 1932//3970
f 2002//4109 2063//4231 2102//4309
f 2102//4310 2063//4232 2002//4110
f 2064//4233 2002//4109 2123//4351
f 2123//4352 2002//4110 2064//4234
f 1867//3839 2064//4233 2065//4235
f 2065//4236 2064//4234 1867//3840
f 2066//4237 2003//4111 2065//4235
f 2065//4236 2003//4112 2066//4238
f 2004//4113 2066//4237 2132//4369
f 2132//4370 2066//4238 2004//4114
f 2067//4239 2004//4113 2132//4369
f 2132//4370 2004//4114 2067//4240
f 2067//4239 2129//4363 2005//4115
f 2005//4116 2129//4364 2067//4240
f 1935//3975 2133//4371 2006//4117
f 2006//4118 2133//4372 1935//3976
f 2018//4141 2006//4117 1909//3923
f 1909//3924 2006//4118 2018//4142
f 2068//4241 2134//4373 1937//3979
f 1937//3980 2134//4374 2068//4242
f 2134//4373 2069//4243 1937//3979
f 1937//3980 2069//4244 2134//4374
f 1935//3975 2069//4243 2133//4371
f 2133//4372 2069//4244 1935//3976
f 2072//4249 2010//4125 2070//4245
f 2070//4246 2010//4126 2072//4250
f 2135//4375 1940//3985 2071//4247
f 2071//4248 1940//3986 2135//4376
f 2072//4249 2071//4247 1939//3983
f 1939//3984 2071//4248 2072//4250
f 2074//4253 2012//4129 2011//4127
f 2011//4128 2012//4130 2074//4254
f 2136//4377 2073//4251 1940//3985
f 1940//3986 2073//4252 2136//4378
f 2137//4379 2011//4127 2073//4251
f 2073//4252 2011//4128 2137//4380
f 2138//4381 1941//3987 2074//4253
f 2074//4254 1941//3988 2138//4382
f 2077//4259 1942//3989 2075//4255
f 2075//4256 1942//3990 2077//4260
f 2075//4255 1943//3991 2076//4257
f 2076//4258 1943//3992 2075//4256
f 2076//4257 1941//3987 2139//4383
f 2139//4384 1941//3988 2076//4258
f 1951//4007 2077//4259 2140//4385
f 2140//4386 2077//4260 1951//4008
f 2013//4131 2086//4277 2078//4261
f 2078//4262 2086//4278 2013//4132
f 1945//3995 2078//4261 1947//3999
f 1947//4000 2078//4262 1945//3996
f 1947//3999 2078//4261 2079//4263
f 2079//4264 2078//4262 1947//4000
f 2079//4263 2141//4387 1948//4001
f 1948//4002 2141//4388 2079//4264
f 1948//4001 2142//4389 2080//4265
f 2080//4266 2142//4390 1948//4002
f 1949//4003 2080//4265 2143//4391
f 2143//4392 2080//4266 1949//4004
f 1949//4003 2143//4391 2081//4267
f 2081//4268 2143//4392 1949//4004
f 1950//4005 2081//4267 2082//4269
f 2082//4270 2081//4268 1950//4006
f 2015//4135 2082//4269 2083//4271
f 2083//4272 2082//4270 2015//4136
f 2016//4137 2083//4271 2144//4393
f 2144//4394 2083//4272 2016//4138
f 2016//4137 2144//4393 2084//4273
f 2084//4274 2144//4394 2016//4138
f 1895//3895 2084//4273 2101//4307
f 2101//4308 2084//4274 1895//3896
f 2085//4275 1951//4007 2145//4395
f 2145//4396 1951//4008 2085//4276
f 2017//4139 2085//4275 2145//4395
f 2145//4396 2085//4276 2017//4140
f 1954//4013 2017//4139 2146//4397
f 2146//4398 2017//4140 1954//4014
f 1954//4013 2147//4399 2086//4277
f 2086//4278 2147//4400 1954//4014
f 2087//4279 2019//4143 1980//4065
f 1980//4066 2019//4144 2087//4280
f 2087//4279 2148//4401 1809//3723
f 1809//3724 2148//4402 2087//4280
f 1965//4035 2100//4305 2088//4281
f 2088//4282 2100//4306 1965//4036
f 1957//4019 2088//4281 2089//4283
f 2089//4284 2088//4282 1957//4020
f 2020//4145 2089//4283 2149//4403
f 2149//4404 2089//4284 2020//4146
f 2021//4147 2020//4145 2090//4285
f 2090//4286 2020//4146 2021//4148
f 1885//3875 2090//4285 2091//4287
f 2091//4288 2090//4286 1885//3876
f 1958//4021 2091//4287 2150//4405
f 2150//4406 2091//4288 1958//4022
f 2092//4289 1958//4021 2151//4407
f 2151//4408 1958//4022 2092//4290
f 1959//4023 2092//4289 2152//4409
f 2152//4410 2092//4290 1959//4024
f 1959//4023 2152//4409 2093//4291
f 2093//4292 2152//4410 1959//4024
f 2024//4153 2094//4293 2153//4411
f 2153//4412 2094//4294 2024//4154
f 2025//4155 2024//4153 2153//4411
f 2153//4412 2024//4154 2025//4156
f 2095//4295 2025//4155 2154//4413
f 2154//4414 2025//4156 2095//4296
f 2097//4299 2028//4161 2155//4415
f 2155//4416 2028//4162 2097//4300
f 2029//4163 2097//4299 2155//4415
f 2155//4416 2097//4300 2029//4164
f 2030//4165 2029//4163 2156//4417
f 2156//4418 2029//4164 2030//4166
f 2030//4165 2156//4417 2098//4301
f 2098//4302 2156//4418 2030//4166
f 1964//4033 2098//4301 2157//4419
f 2157//4420 2098//4302 1964//4034
f 1964//4033 2157//4419 2099//4303
f 2099//4304 2157//4420 1964//4034
f 2031//4167 2099//4303 2100//4305
f 2100//4306 2099//4304 2031//4168
f 2032//4169 2101//4307 2158//4421
f 2158//4422 2101//4308 2032//4170
f 2094//4293 2032//4169 2159//4423
f 2159//4424 2032//4170 2094//4294
f 2063//4231 2033//4171 1969//4043
f 1969//4044 2033//4172 2063//4232
f 2063//4231 1969//4043 2102//4309
f 2102//4310 1969//4044 2063//4232
f 2034//4173 2109//4323 2103//4311
f 2103//4312 2109//4324 2034//4174
f 2103//4311 2109//4323 1971//4047
f 1971//4048 2109//4324 2103//4312
f 1901//3907 2093//4291 2104//4313
f 2104//4314 2093//4292 1901//3908
f 2104//4313 2160//4425 2034//4173
f 2034//4174 2160//4426 2104//4314
f 2109//4323 2038//4181 1971//4047
f 1971//4048 2038//4182 2109//4324
f 2105//4315 2106//4317 2035//4175
f 2035//4176 2106//4318 2105//4316
f 2106//4317 2161//4427 1972//4049
f 1972//4050 2161//4428 2106//4318
f 1972//4049 2161//4427 2107//4319
f 2107//4320 2161//4428 1972//4050
f 2108//4321 2105//4315 2037//4179
f 2037//4180 2105//4316 2108//4322
f 2162//4429 2108//4321 1973//4051
f 1973//4052 2108//4322 2162//4430
f 2107//4319 2111//4327 1974//4053
f 1974//4054 2111//4328 2107//4320
f 2162//4429 1973//4051 2109//4323
f 2109//4324 1973//4052 2162//4430
f 2163//4431 2110//4325 1975//4055
f 1975//4056 2110//4326 2163//4432
f 2110//4325 2164//4433 1976//4057
f 1976//4058 2164//4434 2110//4326
f 2163//4431 1975//4055 2111//4327
f 2111//4328 1975//4056 2163//4432
f 1976//4057 2165//4435 2039//4183
f 2039//4184 2165//4436 1976//4058
f 2039//4183 2166//4437 2112//4329
f 2112//4330 2166//4438 2039//4184
f 2112//4329 2166//4437 1978//4061
f 1978//4062 2166//4438 2112//4330
f 2166//4437 2113//4331 1978//4061
f 1978//4062 2113//4332 2166//4438
f 2113//4331 2167//4439 2040//4185
f 2040//4186 2167//4440 2113//4332
f 2040//4185 2114//4333 2042//4189
f 2042//4190 2114//4334 2040//4186
f 1979//4063 2168//4441 2087//4279
f 2087//4280 2168//4442 1979//4064
f 2114//4333 2168//4441 1979//4063
f 1979//4064 2168//4442 2114//4334
f 2006//4117 2043//4191 2044//4193
f 2044//4194 2043//4192 2006//4118
f 2069//4243 2115//4335 2043//4191
f 2043//4192 2115//4336 2069//4244
f 2069//4243 2045//4195 2115//4335
f 2115//4336 2045//4196 2069//4244
f 2045//4195 2068//4241 2116//4337
f 2116//4338 2068//4242 2045//4196
f 1912//3929 2116//4337 2117//4339
f 2117//4340 2116//4338 1912//3930
f 1984//4073 2117//4339 2169//4443
f 2169//4444 2117//4340 1984//4074
f 1984//4073 2170//4445 2118//4341
f 2118//4342 2170//4446 1984//4074
f 1914//3933 2118//4341 2119//4343
f 2119//4344 2118//4342 1914//3934
f 1985//4075 2119//4343 2130//4365
f 2130//4366 2119//4344 1985//4076
f 1985//4075 2130//4365 1928//3961
f 1928//3962 2130//4366 1985//4076
f 2121//4347 1917//3939 2120//4345
f 2120//4346 1917//3940 2121//4348
f 2121//4347 2120//4345 2049//4203
f 2049//4204 2120//4346 2121//4348
f 2126//4357 2049//4203 1993//4091
f 1993//4092 2049//4204 2126//4358
f 2124//4353 2051//4207 2052//4209
f 2052//4210 2051//4208 2124//4354
f 2171//4447 2052//4209 2053//4211
f 2053//4212 2052//4210 2171//4448
f 2122//4349 1988//4081 2121//4347
f 2121//4348 1988//4082 2122//4350
f 2172//4449 2053//4211 2122//4349
f 2122//4350 2053//4212 2172//4450
f 2123//4351 2102//4309 1989//4083
f 1989//4084 2102//4310 2123//4352
f 2123//4351 1990//4085 2173//4451
f 2173//4452 1990//4086 2123//4352
f 2173//4451 1990//4085 2124//4353
f 2124//4354 1990//4086 2173//4452
f 2055//4215 2125//4355 2056//4217
f 2056//4218 2125//4356 2055//4216
f 2125//4355 2174//4453 1992//4089
f 1992//4090 2174//4454 2125//4356
f 2174//4453 2068//4241 1992//4089
f 1992//4090 2068//4242 2174//4454
f 2175//4455 2126//4357 2057//4219
f 2057//4220 2126//4358 2175//4456
f 2176//4457 2057//4219 2127//4359
f 2127//4360 2057//4220 2176//4458
f 1997//4099 2177//4459 2127//4359
f 2127//4360 2177//4460 1997//4100
f 2058//4221 2178//4461 2128//4361
f 2128//4362 2178//4462 2058//4222
f 2129//4363 2179//4463 2058//4221
f 2058//4222 2179//4464 2129//4364
f 2129//4363 1925//3955 2062//4229
f 2062//4230 1925//3956 2129//4364
f 2128//4361 2177//4459 1997//4099
f 1997//4100 2177//4460 2128//4362
f 2119//4343 2059//4223 2130//4365
f 2130//4366 2059//4224 2119//4344
f 2059//4223 2131//4367 2060//4225
f 2060//4226 2131//4368 2059//4224
f 2061//4227 2131//4367 2055//4215
f 2055//4216 2131//4368 2061//4228
f 2005//4115 2129//4363 2062//4229
f 2062//4230 2129//4364 2005//4116
f 2002//4109 2102//4309 2123//4351
f 2123//4352 2102//4310 2002//4110
f 2173//4451 2064//4233 2123//4351
f 2123//4352 2064//4234 2173//4452
f 2065//4235 2064//4233 2173//4451
f 2173//4452 2064//4234 2065//4236
f 2066//4237 2065//4235 2180//4465
f 2180//4466 2065//4236 2066//4238
f 2132//4369 2066//4237 2180//4465
f 2180//4466 2066//4238 2132//4370
f 2067//4239 2132//4369 2179//4463
f 2179//4464 2132//4370 2067//4240
f 2067//4239 2179//4463 2129//4363
f 2129//4364 2179//4464 2067//4240
f 2006//4117 2133//4371 2043//4191
f 2043//4192 2133//4372 2006//4118
f 2045//4195 2134//4373 2068//4241
f 2068//4242 2134//4374 2045//4196
f 2045//4195 2069//4243 2134//4373
f 2134//4374 2069//4244 2045//4196
f 2133//4371 2069//4243 2043//4191
f 2043//4192 2069//4244 2133//4372
f 2136//4377 1940//3985 2135//4375
f 2135//4376 1940//3986 2136//4378
f 2135//4375 2071//4247 2072//4249
f 2072//4250 2071//4248 2135//4376
f 2074//4253 2011//4127 2181//4467
f 2181//4468 2011//4128 2074//4254
f 2137//4379 2073//4251 2136//4377
f 2136//4378 2073//4252 2137//4380
f 2181//4467 2011//4127 2137//4379
f 2137//4380 2011//4128 2181//4468
f 2139//4383 1941//3987 2138//4381
f 2138//4382 1941//3988 2139//4384
f 2182//4469 2138//4381 2074//4253
f 2074//4254 2138//4382 2182//4470
f 2183//4471 2077//4259 2075//4255
f 2075//4256 2077//4260 2183//4472
f 2075//4255 2076//4257 2184//4473
f 2184//4474 2076//4258 2075//4256
f 2185//4475 2076//4257 2139//4383
f 2139//4384 2076//4258 2185//4476
f 2140//4385 2077//4259 2186//4477
f 2186//4478 2077//4260 2140//4386
f 2145//4395 1951//4007 2140//4385
f 2140//4386 1951//4008 2145//4396
f 2086//4277 2187//4479 2078//4261
f 2078//4262 2187//4480 2086//4278
f 2078//4261 2187//4479 2079//4263
f 2079//4264 2187//4480 2078//4262
f 2079//4263 2188//4481 2141//4387
f 2141//4388 2188//4482 2079//4264
f 1948//4001 2141//4387 2142//4389
f 2142//4390 2141//4388 1948//4002
f 2080//4265 2142//4389 2143//4391
f 2143//4392 2142//4390 2080//4266
f 2081//4267 2143//4391 2082//4269
f 2082//4270 2143//4392 2081//4268
f 2082//4269 2189//4483 2083//4271
f 2083//4272 2189//4484 2082//4270
f 2083//4271 2189//4483 2144//4393
f 2144//4394 2189//4484 2083//4272
f 2084//4273 2144//4393 2190//4485
f 2190//4486 2144//4394 2084//4274
f 2101//4307 2084//4273 2191//4487
f 2191//4488 2084//4274 2101//4308
f 2017//4139 2145//4395 2146//4397
f 2146//4398 2145//4396 2017//4140
f 1954//4013 2146//4397 2147//4399
f 2147//4400 2146//4398 1954//4014
f 2086//4277 2147//4399 2192//4489
f 2192//4490 2147//4400 2086//4278
f 2193//4491 2148//4401 2087//4279
f 2087//4280 2148//4402 2193//4492
f 2100//4305 2194//4493 2088//4281
f 2088//4282 2194//4494 2100//4306
f 2088//4281 2195//4495 2089//4283
f 2089//4284 2195//4496 2088//4282
f 2149//4403 2089//4283 2196//4497
f 2196//4498 2089//4284 2149//4404
f 2090//4285 2020//4145 2149//4403
f 2149//4404 2020//4146 2090//4286
f 2091//4287 2090//4285 2150//4405
f 2150//4406 2090//4286 2091//4288
f 1958//4021 2150//4405 2151//4407
f 2151//4408 2150//4406 1958//4022
f 2092//4289 2151//4407 2197//4499
f 2197//4500 2151//4408 2092//4290
f 2152//4409 2092//4289 2198//4501
f 2198//4502 2092//4290 2152//4410
f 2093//4291 2152//4409 2198//4501
f 2198//4502 2152//4410 2093//4292
f 2153//4411 2094//4293 2159//4423
f 2159//4424 2094//4294 2153//4412
f 2025//4155 2153//4411 2199//4503
f 2199//4504 2153//4412 2025//4156
f 2025//4155 2199//4503 2154//4413
f 2154//4414 2199//4504 2025//4156
f 2029//4163 2155//4415 2156//4417
f 2156//4418 2155//4416 2029//4164
f 2099//4303 2157//4419 2200//4505
f 2200//4506 2157//4420 2099//4304
f 2100//4305 2099//4303 2201//4507
f 2201//4508 2099//4304 2100//4306
f 2159//4423 2032//4169 2158//4421
f 2158//4422 2032//4170 2159//4424
f 2034//4173 2202//4509 2109//4323
f 2109//4324 2202//4510 2034//4174
f 2093//4291 2160//4425 2104//4313
f 2104//4314 2160//4426 2093//4292
f 2160//4425 2202//4509 2034//4173
f 2034//4174 2202//4510 2160//4426
f 2105//4315 2203//4511 2106//4317
f 2106//4318 2203//4512 2105//4316
f 2106//4317 2204//4513 2161//4427
f 2161//4428 2204//4514 2106//4318
f 2161//4427 2204//4513 2107//4319
f 2107//4320 2204//4514 2161//4428
f 2108//4321 2205//4515 2105//4315
f 2105//4316 2205//4516 2108//4322
f 2162//4429 2206//4517 2108//4321
f 2108//4322 2206//4518 2162//4430
f 2107//4319 2163//4431 2111//4327
f 2111//4328 2163//4432 2107//4320
f 2202//4509 2162//4429 2109//4323
f 2109//4324 2162//4430 2202//4510
f 2163//4431 2164//4433 2110//4325
f 2110//4326 2164//4434 2163//4432
f 2164//4433 2165//4435 1976//4057
f 1976//4058 2165//4436 2164//4434
f 2207//4519 2039//4183 2165//4435
f 2165//4436 2039//4184 2207//4520
f 2039//4183 2208//4521 2166//4437
f 2166//4438 2208//4522 2039//4184
f 2166//4437 2167//4439 2113//4331
f 2113//4332 2167//4440 2166//4438
f 2167//4439 2209//4523 2040//4185
f 2040//4186 2209//4524 2167//4440
f 2040//4185 2209//4523 2114//4333
f 2114//4334 2209//4524 2040//4186
f 2168//4441 2193//4491 2087//4279
f 2087//4280 2193//4492 2168//4442
f 2114//4333 2193//4491 2168//4441
f 2168//4442 2193//4492 2114//4334
f 2116//4337 2068//4241 2117//4339
f 2117//4340 2068//4242 2116//4338
f 2117//4339 2125//4355 2169//4443
f 2169//4444 2125//4356 2117//4340
f 1984//4073 2169//4443 2170//4445
f 2170//4446 2169//4444 1984//4074
f 2118//4341 2170//4445 2119//4343
f 2119//4344 2170//4446 2118//4342
f 2210//4525 2121//4347 2049//4203
f 2049//4204 2121//4348 2210//4526
f 2210//4525 2049//4203 2126//4357
f 2126//4358 2049//4204 2210//4526
f 2124//4353 2052//4209 2171//4447
f 2171//4448 2052//4210 2124//4354
f 2171//4447 2053//4211 2211//4527
f 2211//4528 2053//4212 2171//4448
f 2122//4349 2121//4347 2210//4525
f 2210//4526 2121//4348 2122//4350
f 2211//4527 2053//4211 2172//4449
f 2172//4450 2053//4212 2211//4528
f 2172//4449 2122//4349 2212//4529
f 2212//4530 2122//4350 2172//4450
f 2173//4451 2124//4353 2180//4465
f 2180//4466 2124//4354 2173//4452
f 2213//4531 2125//4355 2055//4215
f 2055//4216 2125//4356 2213//4532
f 2117//4339 2174//4453 2125//4355
f 2125//4356 2174//4454 2117//4340
f 2117//4339 2068//4241 2174//4453
f 2174//4454 2068//4242 2117//4340
f 2214//4533 2126//4357 2175//4455
f 2175//4456 2126//4358 2214//4534
f 2176//4457 2175//4455 2057//4219
f 2057//4220 2175//4456 2176//4458
f 2177//4459 2176//4457 2127//4359
f 2127//4360 2176//4458 2177//4460
f 2179//4463 2178//4461 2058//4221
f 2058//4222 2178//4462 2179//4464
f 2178//4461 2215//4535 2128//4361
f 2128//4362 2215//4536 2178//4462
f 2128//4361 2215//4535 2177//4459
f 2177//4460 2215//4536 2128//4362
f 2119//4343 2216//4537 2059//4223
f 2059//4224 2216//4538 2119//4344
f 2216//4537 2131//4367 2059//4223
f 2059//4224 2131//4368 2216//4538
f 2131//4367 2213//4531 2055//4215
f 2055//4216 2213//4532 2131//4368
f 2180//4465 2065//4235 2173//4451
f 2173//4452 2065//4236 2180//4466
f 2132//4369 2180//4465 2217//4539
f 2217//4540 2180//4466 2132//4370
f 2132//4369 2217//4539 2179//4463
f 2179//4464 2217//4540 2132//4370
f 2136//4377 2135//4375 2218//4541
f 2218//4542 2135//4376 2136//4378
f 2218//4541 2135//4375 2072//4249
f 2072//4250 2135//4376 2218//4542
f 2219//4543 2074//4253 2181//4467
f 2181//4468 2074//4254 2219//4544
f 2137//4379 2136//4377 2220//4545
f 2220//4546 2136//4378 2137//4380
f 2219//4543 2181//4467 2137//4379
f 2137//4380 2181//4468 2219//4544
f 2139//4383 2138//4381 2182//4469
f 2182//4470 2138//4382 2139//4384
f 2182//4469 2074//4253 2221//4547
f 2221//4548 2074//4254 2182//4470
f 2186//4477 2077//4259 2183//4471
f 2183//4472 2077//4260 2186//4478
f 2183//4471 2075//4255 2222//4549
f 2222//4550 2075//4256 2183//4472
f 2223//4551 2184//4473 2076//4257
f 2076//4258 2184//4474 2223//4552
f 2222//4549 2075//4255 2184//4473
f 2184//4474 2075//4256 2222//4550
f 2223//4551 2076//4257 2185//4475
f 2185//4476 2076//4258 2223//4552
f 2224//4553 2185//4475 2139//4383
f 2139//4384 2185//4476 2224//4554
f 2145//4395 2140//4385 2186//4477
f 2186//4478 2140//4386 2145//4396
f 2086//4277 2192//4489 2187//4479
f 2187//4480 2192//4490 2086//4278
f 2187//4479 2188//4481 2079//4263
f 2079//4264 2188//4482 2187//4480
f 2141//4387 2188//4481 2142//4389
f 2142//4390 2188//4482 2141//4388
f 2142//4389 2225//4555 2143//4391
f 2143//4392 2225//4556 2142//4390
f 2143//4391 2226//4557 2082//4269
f 2082//4270 2226//4558 2143//4392
f 2189//4483 2082//4269 2227//4559
f 2227//4560 2082//4270 2189//4484
f 2189//4483 2228//4561 2144//4393
f 2144//4394 2228//4562 2189//4484
f 2144//4393 2229//4563 2190//4485
f 2190//4486 2229//4564 2144//4394
f 2084//4273 2190//4485 2191//4487
f 2191//4488 2190//4486 2084//4274
f 2146//4397 2145//4395 2147//4399
f 2147//4400 2145//4396 2146//4398
f 2147//4399 2230//4565 2192//4489
f 2192//4490 2230//4566 2147//4400
f 2100//4305 2231//4567 2194//4493
f 2194//4494 2231//4568 2100//4306
f 2088//4281 2194//4493 2195//4495
f 2195//4496 2194//4494 2088//4282
f 2089//4283 2195//4495 2196//4497
f 2196//4498 2195//4496 2089//4284
f 2149//4403 2196//4497 2232//4569
f 2232//4570 2196//4498 2149//4404
f 2090//4285 2149//4403 2233//4571
f 2233//4572 2149//4404 2090//4286
f 2150//4405 2090//4285 2233//4571
f 2233//4572 2090//4286 2150//4406
f 2151//4407 2150//4405 2197//4499
f 2197//4500 2150//4406 2151//4408
f 2198//4501 2092//4289 2197//4499
f 2197//4500 2092//4290 2198//4502
f 2093//4291 2198//4501 2160//4425
f 2160//4426 2198//4502 2093//4292
f 2153//4411 2159//4423 2199//4503
f 2199//4504 2159//4424 2153//4412
f 2099//4303 2200//4505 2201//4507
f 2201//4508 2200//4506 2099//4304
f 2100//4305 2201//4507 2231//4567
f 2231//4568 2201//4508 2100//4306
f 2160//4425 2162//4429 2202//4509
f 2202//4510 2162//4430 2160//4426
f 2234//4573 2203//4511 2105//4315
f 2105//4316 2203//4512 2234//4574
f 2203//4511 2235//4575 2106//4317
f 2106//4318 2235//4576 2203//4512
f 2106//4317 2236//4577 2204//4513
f 2204//4514 2236//4578 2106//4318
f 2204//4513 2237//4579 2107//4319
f 2107//4320 2237//4580 2204//4514
f 2238//4581 2205//4515 2108//4321
f 2108//4322 2205//4516 2238//4582
f 2205//4515 2234//4573 2105//4315
f 2105//4316 2234//4574 2205//4516
f 2162//4429 2239//4583 2206//4517
f 2206//4518 2239//4584 2162//4430
f 2206//4517 2238//4581 2108//4321
f 2108//4322 2238//4582 2206//4518
f 2237//4579 2163//4431 2107//4319
f 2107//4320 2163//4432 2237//4580
f 2240//4585 2164//4433 2163//4431
f 2163//4432 2164//4434 2240//4586
f 2207//4519 2165//4435 2164//4433
f 2164//4434 2165//4436 2207//4520
f 2208//4521 2039//4183 2207//4519
f 2207//4520 2039//4184 2208//4522
f 2208//4521 2241//4587 2166//4437
f 2166//4438 2241//4588 2208//4522
f 2166//4437 2241//4587 2167//4439
f 2167//4440 2241//4588 2166//4438
f 2167//4439 2242//4589 2209//4523
f 2209//4524 2242//4590 2167//4440
f 2209//4523 2242//4589 2114//4333
f 2114//4334 2242//4590 2209//4524
f 2114//4333 2243//4591 2193//4491
f 2193//4492 2243//4592 2114//4334
f 2169//4443 2125//4355 2170//4445
f 2170//4446 2125//4356 2169//4444
f 2119//4343 2170//4445 2216//4537
f 2216//4538 2170//4446 2119//4344
f 2214//4533 2210//4525 2126//4357
f 2126//4358 2210//4526 2214//4534
f 2124//4353 2171//4447 2244//4593
f 2244//4594 2171//4448 2124//4354
f 2244//4593 2171//4447 2211//4527
f 2211//4528 2171//4448 2244//4594
f 2212//4529 2122//4349 2210//4525
f 2210//4526 2122//4350 2212//4530
f 2211//4527 2172//4449 2212//4529
f 2212//4530 2172//4450 2211//4528
f 2180//4465 2124//4353 2244//4593
f 2244//4594 2124//4354 2180//4466
f 2170//4445 2125//4355 2213//4531
f 2213//4532 2125//4356 2170//4446
f 2176//4457 2214//4533 2175//4455
f 2175//4456 2214//4534 2176//4458
f 2245//4595 2176//4457 2177//4459
f 2177//4460 2176//4458 2245//4596
f 2179//4463 2246//4597 2178//4461
f 2178//4462 2246//4598 2179//4464
f 2178//4461 2246//4597 2215//4535
f 2215//4536 2246//4598 2178//4462
f 2215//4535 2245//4595 2177//4459
f 2177//4460 2245//4596 2215//4536
f 2170//4445 2131//4367 2216//4537
f 2216//4538 2131//4368 2170//4446
f 2170//4445 2213//4531 2131//4367
f 2131//4368 2213//4532 2170//4446
f 2180//4465 2244//4593 2217//4539
f 2217//4540 2244//4594 2180//4466
f 2179//4463 2217//4539 2246//4597
f 2246//4598 2217//4540 2179//4464
f 2220//4545 2136//4377 2218//4541
f 2218//4542 2136//4378 2220//4546
f 2221//4547 2074//4253 2219//4543
f 2219//4544 2074//4254 2221//4548
f 2247//4599 2137//4379 2220//4545
f 2220//4546 2137//4380 2247//4600
f 2248//4601 2219//4543 2137//4379
f 2137//4380 2219//4544 2248//4602
f 2249//4603 2139//4383 2182//4469
f 2182//4470 2139//4384 2249//4604
f 2250//4605 2182//4469 2221//4547
f 2221//4548 2182//4470 2250//4606
f 2186//4477 2183//4471 2222//4549
f 2222//4550 2183//4472 2186//4478
f 2222//4549 2184//4473 2223//4551
f 2223//4552 2184//4474 2222//4550
f 2224//4553 2223//4551 2185//4475
f 2185//4476 2223//4552 2224//4554
f 2224//4553 2139//4383 2249//4603
f 2249//4604 2139//4384 2224//4554
f 2145//4395 2186//4477 2251//4607
f 2251//4608 2186//4478 2145//4396
f 2187//4479 2192//4489 2230//4565
f 2230//4566 2192//4490 2187//4480
f 2187//4479 2230//4565 2188//4481
f 2188//4482 2230//4566 2187//4480
f 2188//4481 2252//4609 2142//4389
f 2142//4390 2252//4610 2188//4482
f 2142//4389 2252//4609 2225//4555
f 2225//4556 2252//4610 2142//4390
f 2143//4391 2225//4555 2253//4611
f 2253//4612 2225//4556 2143//4392
f 2226//4557 2143//4391 2253//4611
f 2253//4612 2143//4392 2226//4558
f 2082//4269 2226//4557 2227//4559
f 2227//4560 2226//4558 2082//4270
f 2189//4483 2227//4559 2254//4613
f 2254//4614 2227//4560 2189//4484
f 2189//4483 2255//4615 2228//4561
f 2228//4562 2255//4616 2189//4484
f 2144//4393 2228//4561 2229//4563
f 2229//4564 2228//4562 2144//4394
f 2190//4485 2229//4563 2256//4617
f 2256//4618 2229//4564 2190//4486
f 2191//4487 2190//4485 2257//4619
f 2257//4620 2190//4486 2191//4488
f 2147//4399 2145//4395 2251//4607
f 2251//4608 2145//4396 2147//4400
f 2147//4399 2251//4607 2230//4565
f 2230//4566 2251//4608 2147//4400
f 2194//4493 2231//4567 2258//4621
f 2258//4622 2231//4568 2194//4494
f 2194//4493 2258//4621 2195//4495
f 2195//4496 2258//4622 2194//4494
f 2195//4495 2259//4623 2196//4497
f 2196//4498 2259//4624 2195//4496
f 2196//4497 2259//4623 2232//4569
f 2232//4570 2259//4624 2196//4498
f 2149//4403 2232//4569 2233//4571
f 2233//4572 2232//4570 2149//4404
f 2150//4405 2233//4571 2260//4625
f 2260//4626 2233//4572 2150//4406
f 2197//4499 2150//4405 2260//4625
f 2260//4626 2150//4406 2197//4500
f 2198//4501 2197//4499 2261//4627
f 2261//4628 2197//4500 2198//4502
f 2198//4501 2261//4627 2160//4425
f 2160//4426 2261//4628 2198//4502
f 2201//4507 2262//4629 2231//4567
f 2231//4568 2262//4630 2201//4508
f 2160//4425 2261//4627 2162//4429
f 2162//4430 2261//4628 2160//4426
f 2234//4573 2235//4575 2203//4511
f 2203//4512 2235//4576 2234//4574
f 2235//4575 2236//4577 2106//4317
f 2106//4318 2236//4578 2235//4576
f 2263//4631 2204//4513 2236//4577
f 2236//4578 2204//4514 2263//4632
f 2204//4513 2264//4633 2237//4579
f 2237//4580 2264//4634 2204//4514
f 2238//4581 2234//4573 2205//4515
f 2205//4516 2234//4574 2238//4582
f 2261//4627 2239//4583 2162//4429
f 2162//4430 2239//4584 2261//4628
f 2239//4583 2238//4581 2206//4517
f 2206//4518 2238//4582 2239//4584
f 2264//4633 2163//4431 2237//4579
f 2237//4580 2163//4432 2264//4634
f 2265//4635 2164//4433 2240//4585
f 2240//4586 2164//4434 2265//4636
f 2264//4633 2240//4585 2163//4431
f 2163//4432 2240//4586 2264//4634
f 2207//4519 2164//4433 2266//4637
f 2266//4638 2164//4434 2207//4520
f 2207//4519 2267//4639 2208//4521
f 2208//4522 2267//4640 2207//4520
f 2208//4521 2268//4641 2241//4587
f 2241//4588 2268//4642 2208//4522
f 2268//4641 2167//4439 2241//4587
f 2241//4588 2167//4440 2268//4642
f 2167//4439 2269//4643 2242//4589
f 2242//4590 2269//4644 2167//4440
f 2114//4333 2242//4589 2243//4591
f 2243//4592 2242//4590 2114//4334
f 2242//4589 2193//4491 2243//4591
f 2243//4592 2193//4492 2242//4590
f 2212//4529 2210//4525 2214//4533
f 2214//4534 2210//4526 2212//4530
f 2244//4593 2211//4527 2217//4539
f 2217//4540 2211//4528 2244//4594
f 2211//4527 2212//4529 2270//4645
f 2270//4646 2212//4530 2211//4528
f 2245//4595 2214//4533 2176//4457
f 2176//4458 2214//4534 2245//4596
f 2246//4597 2271//4647 2215//4535
f 2215//4536 2271//4648 2246//4598
f 2271//4647 2245//4595 2215//4535
f 2215//4536 2245//4596 2271//4648
f 2217//4539 2211//4527 2246//4597
f 2246//4598 2211//4528 2217//4540
f 2247//4599 2220//4545 2218//4541
f 2218//4542 2220//4546 2247//4600
f 2250//4605 2221//4547 2219//4543
f 2219//4544 2221//4548 2250//4606
f 2272//4649 2137//4379 2247//4599
f 2247//4600 2137//4380 2272//4650
f 2273//4651 2219//4543 2248//4601
f 2248//4602 2219//4544 2273//4652
f 2248//4601 2137//4379 2272//4649
f 2272//4650 2137//4380 2248//4602
f 2274//4653 2249//4603 2182//4469
f 2182//4470 2249//4604 2274//4654
f 2255//4615 2182//4469 2250//4605
f 2250//4606 2182//4470 2255//4616
f 2186//4477 2222//4549 2275//4655
f 2275//4656 2222//4550 2186//4478
f 2276//4657 2222//4549 2223//4551
f 2223//4552 2222//4550 2276//4658
f 2253//4611 2223//4551 2224//4553
f 2224//4554 2223//4552 2253//4612
f 2274//4653 2224//4553 2249//4603
f 2249//4604 2224//4554 2274//4654
f 2251//4607 2186//4477 2230//4565
f 2230//4566 2186//4478 2251//4608
f 2188//4481 2230//4565 2277//4659
f 2277//4660 2230//4566 2188//4482
f 2188//4481 2277//4659 2252//4609
f 2252//4610 2277//4660 2188//4482
f 2252//4609 2277//4659 2225//4555
f 2225//4556 2277//4660 2252//4610
f 2225//4555 2223//4551 2253//4611
f 2253//4612 2223//4552 2225//4556
f 2226//4557 2253//4611 2227//4559
f 2227//4560 2253//4612 2226//4558
f 2254//4613 2227//4559 2274//4653
f 2274//4654 2227//4560 2254//4614
f 2189//4483 2254//4613 2255//4615
f 2255//4616 2254//4614 2189//4484
f 2228//4561 2255//4615 2229//4563
f 2229//4564 2255//4616 2228//4562
f 2229//4563 2278//4661 2256//4617
f 2256//4618 2278//4662 2229//4564
f 2190//4485 2256//4617 2279//4663
f 2279//4664 2256//4618 2190//4486
f 2190//4485 2279//4663 2257//4619
f 2257//4620 2279//4664 2190//4486
f 2231//4567 2262//4629 2258//4621
f 2258//4622 2262//4630 2231//4568
f 2195//4495 2258//4621 2259//4623
f 2259//4624 2258//4622 2195//4496
f 2259//4623 2280//4665 2232//4569
f 2232//4570 2280//4666 2259//4624
f 2233//4571 2232//4569 2281//4667
f 2281//4668 2232//4570 2233//4572
f 2260//4625 2233//4571 2281//4667
f 2281//4668 2233//4572 2260//4626
f 2197//4499 2260//4625 2282//4669
f 2282//4670 2260//4626 2197//4500
f 2261//4627 2197//4499 2282//4669
f 2282//4670 2197//4500 2261//4628
f 2283//4671 2235//4575 2234//4573
f 2234//4574 2235//4576 2283//4672
f 2263//4631 2236//4577 2235//4575
f 2235//4576 2236//4578 2263//4632
f 2284//4673 2204//4513 2263//4631
f 2263//4632 2204//4514 2284//4674
f 2284//4673 2264//4633 2204//4513
f 2204//4514 2264//4634 2284//4674
f 2238//4581 2285//4675 2234//4573
f 2234//4574 2285//4676 2238//4582
f 2261//4627 2286//4677 2239//4583
f 2239//4584 2286//4678 2261//4628
f 2239//4583 2287//4679 2238//4581
f 2238//4582 2287//4680 2239//4584
f 2266//4637 2164//4433 2265//4635
f 2265//4636 2164//4434 2266//4638
f 2265//4635 2240//4585 2264//4633
f 2264//4634 2240//4586 2265//4636
f 2266//4637 2288//4681 2207//4519
f 2207//4520 2288//4682 2266//4638
f 2267//4639 2207//4519 2288//4681
f 2288//4682 2207//4520 2267//4640
f 2267//4639 2289//4683 2208//4521
f 2208//4522 2289//4684 2267//4640
f 2290//4685 2268//4641 2208//4521
f 2208//4522 2268//4642 2290//4686
f 2268//4641 2269//4643 2167//4439
f 2167//4440 2269//4644 2268//4642
f 2291//4687 2242//4589 2269//4643
f 2269//4644 2242//4590 2291//4688
f 2292//4689 2193//4491 2242//4589
f 2242//4590 2193//4492 2292//4690
f 2245//4595 2212//4529 2214//4533
f 2214//4534 2212//4530 2245//4596
f 2270//4645 2212//4529 2271//4647
f 2271//4648 2212//4530 2270//4646
f 2211//4527 2270//4645 2271//4647
f 2271//4648 2270//4646 2211//4528
f 2246//4597 2211//4527 2271//4647
f 2271//4648 2211//4528 2246//4598
f 2271//4647 2212//4529 2245//4595
f 2245//4596 2212//4530 2271//4648
f 2250//4605 2219//4543 2273//4651
f 2273//4652 2219//4544 2250//4606
f 2278//4661 2273//4651 2248//4601
f 2248//4602 2273//4652 2278//4662
f 2278//4661 2248//4601 2272//4649
f 2272//4650 2248//4602 2278//4662
f 2255//4615 2274//4653 2182//4469
f 2182//4470 2274//4654 2255//4616
f 2255//4615 2250//4605 2293//4691
f 2293//4692 2250//4606 2255//4616
f 2277//4659 2275//4655 2222//4549
f 2222//4550 2275//4656 2277//4660
f 2230//4565 2186//4477 2275//4655
f 2275//4656 2186//4478 2230//4566
f 2277//4659 2222//4549 2276//4657
f 2276//4658 2222//4550 2277//4660
f 2225//4555 2276//4657 2223//4551
f 2223//4552 2276//4658 2225//4556
f 2227//4559 2253//4611 2224//4553
f 2224//4554 2253//4612 2227//4560
f 2227//4559 2224//4553 2274//4653
f 2274//4654 2224//4554 2227//4560
f 2230//4565 2275//4655 2277//4659
f 2277//4660 2275//4656 2230//4566
f 2277//4659 2276//4657 2225//4555
f 2225//4556 2276//4658 2277//4660
f 2254//4613 2274//4653 2255//4615
f 2255//4616 2274//4654 2254//4614
f 2229//4563 2255//4615 2293//4691
f 2293//4692 2255//4616 2229//4564
f 2229//4563 2293//4691 2278//4661
f 2278//4662 2293//4692 2229//4564
f 2256//4617 2278//4661 2279//4663
f 2279//4664 2278//4662 2256//4618
f 2262//4629 2294//4693 2258//4621
f 2258//4622 2294//4694 2262//4630
f 2258//4621 2295//4695 2259//4623
f 2259//4624 2295//4696 2258//4622
f 2259//4623 2295//4695 2280//4665
f 2280//4666 2295//4696 2259//4624
f 2232//4569 2280//4665 2296//4697
f 2296//4698 2280//4666 2232//4570
f 2281//4667 2232//4569 2297//4699
f 2297//4700 2232//4570 2281//4668
f 2260//4625 2281//4667 2298//4701
f 2298//4702 2281//4668 2260//4626
f 2282//4669 2260//4625 2298//4701
f 2298//4702 2260//4626 2282//4670
f 2261//4627 2282//4669 2299//4703
f 2299//4704 2282//4670 2261//4628
f 2300//4705 2235//4575 2283//4671
f 2283//4672 2235//4576 2300//4706
f 2301//4707 2283//4671 2234//4573
f 2234//4574 2283//4672 2301//4708
f 2300//4705 2263//4631 2235//4575
f 2235//4576 2263//4632 2300//4706
f 2284//4673 2263//4631 2302//4709
f 2302//4710 2263//4632 2284//4674
f 2284//4673 2265//4635 2264//4633
f 2264//4634 2265//4636 2284//4674
f 2303//4711 2285//4675 2238//4581
f 2238//4582 2285//4676 2303//4712
f 2285//4675 2301//4707 2234//4573
f 2234//4574 2301//4708 2285//4676
f 2261//4627 2299//4703 2286//4677
f 2286//4678 2299//4704 2261//4628
f 2286//4677 2304//4713 2239//4583
f 2239//4584 2304//4714 2286//4678
f 2239//4583 2304//4713 2287//4679
f 2287//4680 2304//4714 2239//4584
f 2287//4679 2303//4711 2238//4581
f 2238//4582 2303//4712 2287//4680
f 2265//4635 2288//4681 2266//4637
f 2266//4638 2288//4682 2265//4636
f 2288//4681 2289//4683 2267//4639
f 2267//4640 2289//4684 2288//4682
f 2289//4683 2290//4685 2208//4521
f 2208//4522 2290//4686 2289//4684
f 2305//4715 2268//4641 2290//4685
f 2290//4686 2268//4642 2305//4716
f 2268//4641 2291//4687 2269//4643
f 2269//4644 2291//4688 2268//4642
f 2291//4687 2306//4717 2242//4589
f 2242//4590 2306//4718 2291//4688
f 2307//4719 2292//4689 2242//4589
f 2242//4590 2292//4690 2307//4720
f 2278//4661 2250//4605 2273//4651
f 2273//4652 2250//4606 2278//4662
f 2278//4661 2272//4649 2308//4721
f 2308//4722 2272//4650 2278//4662
f 2293//4691 2250//4605 2278//4661
f 2278//4662 2250//4606 2293//4692
f 2279//4663 2278//4661 2308//4721
f 2308//4722 2278//4662 2279//4664
f 2258//4621 2294//4693 2309//4723
f 2309//4724 2294//4694 2258//4622
f 2258//4621 2309//4723 2295//4695
f 2295//4696 2309//4724 2258//4622
f 2295//4695 2310//4725 2280//4665
f 2280//4666 2310//4726 2295//4696
f 2280//4665 2310//4725 2296//4697
f 2296//4698 2310//4726 2280//4666
f 2232//4569 2296//4697 2297//4699
f 2297//4700 2296//4698 2232//4570
f 2281//4667 2297//4699 2311//4727
f 2311//4728 2297//4700 2281//4668
f 2281//4667 2311//4727 2298//4701
f 2298//4702 2311//4728 2281//4668
f 2282//4669 2298//4701 2312//4729
f 2312//4730 2298//4702 2282//4670
f 2299//4703 2282//4669 2312//4729
f 2312//4730 2282//4670 2299//4704
f 2300//4705 2283//4671 2313//4731
f 2313//4732 2283//4672 2300//4706
f 2314//4733 2283//4671 2301//4707
f 2301//4708 2283//4672 2314//4734
f 2302//4709 2263//4631 2300//4705
f 2300//4706 2263//4632 2302//4710
f 2302//4709 2315//4735 2284//4673
f 2284//4674 2315//4736 2302//4710
f 2284//4673 2316//4737 2265//4635
f 2265//4636 2316//4738 2284//4674
f 2303//4711 2301//4707 2285//4675
f 2285//4676 2301//4708 2303//4712
f 2286//4677 2299//4703 2317//4739
f 2317//4740 2299//4704 2286//4678
f 2286//4677 2318//4741 2304//4713
f 2304//4714 2318//4742 2286//4678
f 2304//4713 2303//4711 2287//4679
f 2287//4680 2303//4712 2304//4714
f 2265//4635 2319//4743 2288//4681
f 2288//4682 2319//4744 2265//4636
f 2288//4681 2320//4745 2289//4683
f 2289//4684 2320//4746 2288//4682
f 2289//4683 2305//4715 2290//4685
f 2290//4686 2305//4716 2289//4684
f 2305//4715 2291//4687 2268//4641
f 2268//4642 2291//4688 2305//4716
f 2321//4747 2306//4717 2291//4687
f 2291//4688 2306//4718 2321//4748
f 2322//4749 2242//4589 2306//4717
f 2306//4718 2242//4590 2322//4750
f 2307//4719 2323//4751 2292//4689
f 2292//4690 2323//4752 2307//4720
f 2322//4749 2307//4719 2242//4589
f 2242//4590 2307//4720 2322//4750
f 2295//4695 2309//4723 2310//4725
f 2310//4726 2309//4724 2295//4696
f 2310//4725 2324//4753 2296//4697
f 2296//4698 2324//4754 2310//4726
f 2297//4699 2296//4697 2311//4727
f 2311//4728 2296//4698 2297//4700
f 2298//4701 2311//4727 2325//4755
f 2325//4756 2311//4728 2298//4702
f 2312//4729 2298//4701 2325//4755
f 2325//4756 2298//4702 2312//4730
f 2299//4703 2312//4729 2326//4757
f 2326//4758 2312//4730 2299//4704
f 2313//4731 2283//4671 2314//4733
f 2314//4734 2283//4672 2313//4732
f 2327//4759 2300//4705 2313//4731
f 2313//4732 2300//4706 2327//4760
f 2328//4761 2314//4733 2301//4707
f 2301//4708 2314//4734 2328//4762
f 2300//4705 2315//4735 2302//4709
f 2302//4710 2315//4736 2300//4706
f 2315//4735 2329//4763 2284//4673
f 2284//4674 2329//4764 2315//4736
f 2284//4673 2329//4763 2316//4737
f 2316//4738 2329//4764 2284//4674
f 2316//4737 2319//4743 2265//4635
f 2265//4636 2319//4744 2316//4738
f 2303//4711 2328//4761 2301//4707
f 2301//4708 2328//4762 2303//4712
f 2299//4703 2326//4757 2317//4739
f 2317//4740 2326//4758 2299//4704
f 2286//4677 2317//4739 2318//4741
f 2318//4742 2317//4740 2286//4678
f 2304//4713 2318//4741 2330//4765
f 2330//4766 2318//4742 2304//4714
f 2304//4713 2331//4767 2303//4711
f 2303//4712 2331//4768 2304//4714
f 2319//4743 2332//4769 2288//4681
f 2288//4682 2332//4770 2319//4744
f 2332//4769 2320//4745 2288//4681
f 2288//4682 2320//4746 2332//4770
f 2320//4745 2333//4771 2289//4683
f 2289//4684 2333//4772 2320//4746
f 2289//4683 2334//4773 2305//4715
f 2305//4716 2334//4774 2289//4684
f 2305//4715 2335//4775 2291//4687
f 2291//4688 2335//4776 2305//4716
f 2321//4747 2322//4749 2306//4717
f 2306//4718 2322//4750 2321//4748
f 2336//4777 2321//4747 2291//4687
f 2291//4688 2321//4748 2336//4778
f 2337//4779 2323//4751 2307//4719
f 2307//4720 2323//4752 2337//4780
f 2338//4781 2307//4719 2322//4749
f 2322//4750 2307//4720 2338//4782
f 2296//4697 2324//4753 2339//4783
f 2339//4784 2324//4754 2296//4698
f 2296//4697 2339//4783 2311//4727
f 2311//4728 2339//4784 2296//4698
f 2325//4755 2311//4727 2340//4785
f 2340//4786 2311//4728 2325//4756
f 2312//4729 2325//4755 2341//4787
f 2341//4788 2325//4756 2312//4730
f 2326//4757 2312//4729 2342//4789
f 2342//4790 2312//4730 2326//4758
f 2314//4733 2327//4759 2313//4731
f 2313//4732 2327//4760 2314//4734
f 2327//4759 2343//4791 2300//4705
f 2300//4706 2343//4792 2327//4760
f 2328//4761 2344//4793 2314//4733
f 2314//4734 2344//4794 2328//4762
f 2315//4735 2300//4705 2343//4791
f 2343//4792 2300//4706 2315//4736
f 2315//4735 2345//4795 2329//4763
f 2329//4764 2345//4796 2315//4736
f 2329//4763 2345//4795 2316//4737
f 2316//4738 2345//4796 2329//4764
f 2316//4737 2332//4769 2319//4743
f 2319//4744 2332//4770 2316//4738
f 2303//4711 2346//4797 2328//4761
f 2328//4762 2346//4798 2303//4712
f 2317//4739 2326//4757 2347//4799
f 2347//4800 2326//4758 2317//4740
f 2318//4741 2317//4739 2330//4765
f 2330//4766 2317//4740 2318//4742
f 2304//4713 2330//4765 2331//4767
f 2331//4768 2330//4766 2304//4714
f 2331//4767 2346//4797 2303//4711
f 2303//4712 2346//4798 2331//4768
f 2332//4769 2333//4771 2320//4745
f 2320//4746 2333//4772 2332//4770
f 2333//4771 2334//4773 2289//4683
f 2289//4684 2334//4774 2333//4772
f 2334//4773 2348//4801 2305//4715
f 2305//4716 2348//4802 2334//4774
f 2348//4801 2335//4775 2305//4715
f 2305//4716 2335//4776 2348//4802
f 2335//4775 2336//4777 2291//4687
f 2291//4688 2336//4778 2335//4776
f 2349//4803 2322//4749 2321//4747
f 2321//4748 2322//4750 2349//4804
f 2350//4805 2321//4747 2336//4777
f 2336//4778 2321//4748 2350//4806
f 2337//4779 2351//4807 2323//4751
f 2323//4752 2351//4808 2337//4780
f 2338//4781 2337//4779 2307//4719
f 2307//4720 2337//4780 2338//4782
f 2349//4803 2338//4781 2322//4749
f 2322//4750 2338//4782 2349//4804
f 2311//4727 2339//4783 2352//4809
f 2352//4810 2339//4784 2311//4728
f 2311//4727 2352//4809 2340//4785
f 2340//4786 2352//4810 2311//4728
f 2325//4755 2340//4785 2353//4811
f 2353//4812 2340//4786 2325//4756
f 2325//4755 2354//4813 2341//4787
f 2341//4788 2354//4814 2325//4756
f 2312//4729 2341//4787 2342//4789
f 2342//4790 2341//4788 2312//4730
f 2326//4757 2342//4789 2355//4815
f 2355//4816 2342//4790 2326//4758
f 2314//4733 2356//4817 2327//4759
f 2327//4760 2356//4818 2314//4734
f 2327//4759 2357//4819 2343//4791
f 2343//4792 2357//4820 2327//4760
f 2328//4761 2358//4821 2344//4793
f 2344//4794 2358//4822 2328//4762
f 2314//4733 2344//4793 2356//4817
f 2356//4818 2344//4794 2314//4734
f 2343//4791 2357//4819 2315//4735
f 2315//4736 2357//4820 2343//4792
f 2315//4735 2359//4823 2345//4795
f 2345//4796 2359//4824 2315//4736
f 2345//4795 2332//4769 2316//4737
f 2316//4738 2332//4770 2345//4796
f 2328//4761 2346//4797 2358//4821
f 2358//4822 2346//4798 2328//4762
f 2347//4799 2326//4757 2360//4825
f 2360//4826 2326//4758 2347//4800
f 2317//4739 2347//4799 2361//4827
f 2361//4828 2347//4800 2317//4740
f 2330//4765 2317//4739 2361//4827
f 2361//4828 2317//4740 2330//4766
f 2331//4767 2330//4765 2346//4797
f 2346//4798 2330//4766 2331//4768
f 2332//4769 2362//4829 2333//4771
f 2333//4772 2362//4830 2332//4770
f 2333//4771 2348//4801 2334//4773
f 2334//4774 2348//4802 2333//4772
f 2348//4801 2350//4805 2335//4775
f 2335//4776 2350//4806 2348//4802
f 2350//4805 2336//4777 2335//4775
f 2335//4776 2336//4778 2350//4806
f 2363//4831 2349//4803 2321//4747
f 2321//4748 2349//4804 2363//4832
f 2350//4805 2363//4831 2321//4747
f 2321//4748 2363//4832 2350//4806
f 2337//4779 2364//4833 2351//4807
f 2351//4808 2364//4834 2337//4780
f 2365//4835 2337//4779 2338//4781
f 2338//4782 2337//4780 2365//4836
f 2366//4837 2338//4781 2349//4803
f 2349//4804 2338//4782 2366//4838
f 2339//4783 2367//4839 2352//4809
f 2352//4810 2367//4840 2339//4784
f 2340//4785 2352//4809 2368//4841
f 2368//4842 2352//4810 2340//4786
f 2340//4785 2368//4841 2353//4811
f 2353//4812 2368//4842 2340//4786
f 2325//4755 2353//4811 2354//4813
f 2354//4814 2353//4812 2325//4756
f 2341//4787 2354//4813 2369//4843
f 2369//4844 2354//4814 2341//4788
f 2342//4789 2341//4787 2355//4815
f 2355//4816 2341//4788 2342//4790
f 2326//4757 2355//4815 2360//4825
f 2360//4826 2355//4816 2326//4758
f 2356//4817 2370//4845 2327//4759
f 2327//4760 2370//4846 2356//4818
f 2327//4759 2371//4847 2357//4819
f 2357//4820 2371//4848 2327//4760
f 2358//4821 2372//4849 2344//4793
f 2344//4794 2372//4850 2358//4822
f 2344//4793 2370//4845 2356//4817
f 2356//4818 2370//4846 2344//4794
f 2357//4819 2359//4823 2315//4735
f 2315//4736 2359//4824 2357//4820
f 2359//4823 2373//4851 2345//4795
f 2345//4796 2373//4852 2359//4824
f 2345//4795 2374//4853 2332//4769
f 2332//4770 2374//4854 2345//4796
f 2346//4797 2375//4855 2358//4821
f 2358//4822 2375//4856 2346//4798
f 2347//4799 2360//4825 2376//4857
f 2376//4858 2360//4826 2347//4800
f 2361//4827 2347//4799 2377//4859
f 2377//4860 2347//4800 2361//4828
f 2330//4765 2361//4827 2377//4859
f 2377//4860 2361//4828 2330//4766
f 2330//4765 2378//4861 2346//4797
f 2346//4798 2378//4862 2330//4766
f 2374//4853 2362//4829 2332//4769
f 2332//4770 2362//4830 2374//4854
f 2362//4829 2379//4863 2333//4771
f 2333//4772 2379//4864 2362//4830
f 2379//4863 2348//4801 2333//4771
f 2333//4772 2348//4802 2379//4864
f 2348//4801 2380//4865 2350//4805
f 2350//4806 2380//4866 2348//4802
f 2363//4831 2366//4837 2349//4803
f 2349//4804 2366//4838 2363//4832
f 2381//4867 2363//4831 2350//4805
f 2350//4806 2363//4832 2381//4868
f 2382//4869 2364//4833 2337//4779
f 2337//4780 2364//4834 2382//4870
f 2383//4871 2337//4779 2365//4835
f 2365//4836 2337//4780 2383//4872
f 2366//4837 2365//4835 2338//4781
f 2338//4782 2365//4836 2366//4838
f 2352//4809 2367//4839 2384//4873
f 2384//4874 2367//4840 2352//4810
f 2352//4809 2384//4873 2368//4841
f 2368//4842 2384//4874 2352//4810
f 2353//4811 2368//4841 2385//4875
f 2385//4876 2368//4842 2353//4812
f 2354//4813 2353//4811 2369//4843
f 2369//4844 2353//4812 2354//4814
f 2341//4787 2369//4843 2386//4877
f 2386//4878 2369//4844 2341//4788
f 2355//4815 2341//4787 2386//4877
f 2386//4878 2341//4788 2355//4816
f 2360//4825 2355//4815 2376//4857
f 2376//4858 2355//4816 2360//4826
f 2370//4845 2371//4847 2327//4759
f 2327//4760 2371//4848 2370//4846
f 2371//4847 2387//4879 2357//4819
f 2357//4820 2387//4880 2371//4848
f 2358//4821 2388//4881 2372//4849
f 2372//4850 2388//4882 2358//4822
f 2344//4793 2372//4849 2370//4845
f 2370//4846 2372//4850 2344//4794
f 2357//4819 2373//4851 2359//4823
f 2359//4824 2373//4852 2357//4820
f 2373//4851 2374//4853 2345//4795
f 2345//4796 2374//4854 2373//4852
f 2346//4797 2378//4861 2375//4855
f 2375//4856 2378//4862 2346//4798
f 2358//4821 2375//4855 2388//4881
f 2388//4882 2375//4856 2358//4822
f 2347//4799 2376//4857 2389//4883
f 2389//4884 2376//4858 2347//4800
f 2377//4859 2347//4799 2389//4883
f 2389//4884 2347//4800 2377//4860
f 2330//4765 2377//4859 2378//4861
f 2378//4862 2377//4860 2330//4766
f 2374//4853 2379//4863 2362//4829
f 2362//4830 2379//4864 2374//4854
f 2379//4863 2390//4885 2348//4801
f 2348//4802 2390//4886 2379//4864
f 2390//4885 2380//4865 2348//4801
f 2348//4802 2380//4866 2390//4886
f 2380//4865 2381//4867 2350//4805
f 2350//4806 2381//4868 2380//4866
f 2391//4887 2366//4837 2363//4831
f 2363//4832 2366//4838 2391//4888
f 2381//4867 2392//4889 2363//4831
f 2363//4832 2392//4890 2381//4868
f 2383//4871 2382//4869 2337//4779
f 2337//4780 2382//4870 2383//4872
f 2393//4891 2383//4871 2365//4835
f 2365//4836 2383//4872 2393//4892
f 2394//4893 2365//4835 2366//4837
f 2366//4838 2365//4836 2394//4894
f 2367//4839 2395//4895 2384//4873
f 2384//4874 2395//4896 2367//4840
f 2368//4841 2384//4873 2396//4897
f 2396//4898 2384//4874 2368//4842
f 2385//4875 2368//4841 2397//4899
f 2397//4900 2368//4842 2385//4876
f 2369//4843 2353//4811 2385//4875
f 2385//4876 2353//4812 2369//4844
f 2386//4877 2369//4843 2398//4901
f 2398//4902 2369//4844 2386//4878
f 2355//4815 2386//4877 2398//4901
f 2398//4902 2386//4878 2355//4816
f 2376//4857 2355//4815 2399//4903
f 2399//4904 2355//4816 2376//4858
f 2370//4845 2387//4879 2371//4847
f 2371//4848 2387//4880 2370//4846
f 2387//4879 2400//4905 2357//4819
f 2357//4820 2400//4906 2387//4880
f 2388//4881 2401//4907 2372//4849
f 2372//4850 2401//4908 2388//4882
f 2370//4845 2372//4849 2387//4879
f 2387//4880 2372//4850 2370//4846
f 2357//4819 2400//4905 2373//4851
f 2373//4852 2400//4906 2357//4820
f 2373//4851 2402//4909 2374//4853
f 2374//4854 2402//4910 2373//4852
f 2375//4855 2378//4861 2377//4859
f 2377//4860 2378//4862 2375//4856
f 2375//4855 2403//4911 2388//4881
f 2388//4882 2403//4912 2375//4856
f 2389//4883 2376//4857 2404//4913
f 2404//4914 2376//4858 2389//4884
f 2377//4859 2389//4883 2404//4913
f 2404//4914 2389//4884 2377//4860
f 2402//4909 2379//4863 2374//4853
f 2374//4854 2379//4864 2402//4910
f 2405//4915 2390//4885 2379//4863
f 2379//4864 2390//4886 2405//4916
f 2390//4885 2381//4867 2380//4865
f 2380//4866 2381//4868 2390//4886
f 2391//4887 2406//4917 2366//4837
f 2366//4838 2406//4918 2391//4888
f 2392//4889 2391//4887 2363//4831
f 2363//4832 2391//4888 2392//4890
f 2407//4919 2392//4889 2381//4867
f 2381//4868 2392//4890 2407//4920
f 2408//4921 2382//4869 2383//4871
f 2383//4872 2382//4870 2408//4922
f 2393//4891 2408//4921 2383//4871
f 2383//4872 2408//4922 2393//4892
f 2393//4891 2365//4835 2394//4893
f 2394//4894 2365//4836 2393//4892
f 2409//4923 2394//4893 2366//4837
f 2366//4838 2394//4894 2409//4924
f 2384//4873 2395//4895 2410//4925
f 2410//4926 2395//4896 2384//4874
f 2384//4873 2411//4927 2396//4897
f 2396//4898 2411//4928 2384//4874
f 2368//4841 2396//4897 2397//4899
f 2397//4900 2396//4898 2368//4842
f 2385//4875 2397//4899 2412//4929
f 2412//4930 2397//4900 2385//4876
f 2413//4931 2369//4843 2385//4875
f 2385//4876 2369//4844 2413//4932
f 2398//4901 2369//4843 2414//4933
f 2414//4934 2369//4844 2398//4902
f 2355//4815 2398//4901 2399//4903
f 2399//4904 2398//4902 2355//4816
f 2376//4857 2399//4903 2415//4935
f 2415//4936 2399//4904 2376//4858
f 2387//4879 2416//4937 2400//4905
f 2400//4906 2416//4938 2387//4880
f 2388//4881 2403//4911 2401//4907
f 2401//4908 2403//4912 2388//4882
f 2372//4849 2401//4907 2417//4939
f 2417//4940 2401//4908 2372//4850
f 2372//4849 2418//4941 2387//4879
f 2387//4880 2418//4942 2372//4850
f 2400//4905 2416//4937 2373//4851
f 2373//4852 2416//4938 2400//4906
f 2373//4851 2419//4943 2402//4909
f 2402//4910 2419//4944 2373//4852
f 2375//4855 2377//4859 2403//4911
f 2403//4912 2377//4860 2375//4856
f 2404//4913 2376//4857 2420//4945
f 2420//4946 2376//4858 2404//4914
f 2377//4859 2404//4913 2403//4911
f 2403//4912 2404//4914 2377//4860
f 2402//4909 2405//4915 2379//4863
f 2379//4864 2405//4916 2402//4910
f 2405//4915 2421//4947 2390//4885
f 2390//4886 2421//4948 2405//4916
f 2421//4947 2381//4867 2390//4885
f 2390//4886 2381//4868 2421//4948
f 2422//4949 2406//4917 2391//4887
f 2391//4888 2406//4918 2422//4950
f 2423//4951 2366//4837 2406//4917
f 2406//4918 2366//4838 2423//4952
f 2407//4919 2391//4887 2392//4889
f 2392//4890 2391//4888 2407//4920
f 2424//4953 2407//4919 2381//4867
f 2381//4868 2407//4920 2424//4954
f 2409//4923 2393//4891 2394//4893
f 2394//4894 2393//4892 2409//4924
f 2423//4951 2409//4923 2366//4837
f 2366//4838 2409//4924 2423//4952
f 2384//4873 2410//4925 2411//4927
f 2411//4928 2410//4926 2384//4874
f 2396//4897 2411//4927 2425//4955
f 2425//4956 2411//4928 2396//4898
f 2397//4899 2396//4897 2412//4929
f 2412//4930 2396//4898 2397//4900
f 2385//4875 2412//4929 2426//4957
f 2426//4958 2412//4930 2385//4876
f 2413//4931 2414//4933 2369//4843
f 2369//4844 2414//4934 2413//4932
f 2413//4931 2385//4875 2426//4957
f 2426//4958 2385//4876 2413//4932
f 2427//4959 2398//4901 2414//4933
f 2414//4934 2398//4902 2427//4960
f 2399//4903 2398//4901 2415//4935
f 2415//4936 2398//4902 2399//4904
f 2376//4857 2415//4935 2420//4945
f 2420//4946 2415//4936 2376//4858
f 2387//4879 2418//4941 2416//4937
f 2416//4938 2418//4942 2387//4880
f 2401//4907 2403//4911 2428//4961
f 2428//4962 2403//4912 2401//4908
f 2401//4907 2429//4963 2417//4939
f 2417//4940 2429//4964 2401//4908
f 2372//4849 2417//4939 2418//4941
f 2418//4942 2417//4940 2372//4850
f 2416//4937 2419//4943 2373//4851
f 2373//4852 2419//4944 2416//4938
f 2419//4943 2430//4965 2402//4909
f 2402//4910 2430//4966 2419//4944
f 2404//4913 2420//4945 2431//4967
f 2431//4968 2420//4946 2404//4914
f 2403//4911 2404//4913 2428//4961
f 2428//4962 2404//4914 2403//4912
f 2432//4969 2405//4915 2402//4909
f 2402//4910 2405//4916 2432//4970
f 2405//4915 2433//4971 2421//4947
f 2421//4948 2433//4972 2405//4916
f 2421//4947 2434//4973 2381//4867
f 2381//4868 2434//4974 2421//4948
f 2422//4949 2423//4951 2406//4917
f 2406//4918 2423//4952 2422//4950
f 2435//4975 2422//4949 2391//4887
f 2391//4888 2422//4950 2435//4976
f 2407//4919 2435//4975 2391//4887
f 2391//4888 2435//4976 2407//4920
f 2436//4977 2407//4919 2424//4953
f 2424//4954 2407//4920 2436//4978
f 2434//4973 2424//4953 2381//4867
f 2381//4868 2424//4954 2434//4974
f 2437//4979 2393//4891 2409//4923
f 2409//4924 2393//4892 2437//4980
f 2423//4951 2437//4979 2409//4923
f 2409//4924 2437//4980 2423//4952
f 2411//4927 2410//4925 2425//4955
f 2425//4956 2410//4926 2411//4928
f 2396//4897 2425//4955 2438//4981
f 2438//4982 2425//4956 2396//4898
f 2396//4897 2438//4981 2412//4929
f 2412//4930 2438//4982 2396//4898
f 2439//4983 2426//4957 2412//4929
f 2412//4930 2426//4958 2439//4984
f 2427//4959 2414//4933 2413//4931
f 2413//4932 2414//4934 2427//4960
f 2439//4983 2413//4931 2426//4957
f 2426//4958 2413//4932 2439//4984
f 2440//4985 2398//4901 2427//4959
f 2427//4960 2398//4902 2440//4986
f 2415//4935 2398//4901 2440//4985
f 2440//4986 2398//4902 2415//4936
f 2420//4945 2415//4935 2431//4967
f 2431//4968 2415//4936 2420//4946
f 2418//4941 2417//4939 2416//4937
f 2416//4938 2417//4940 2418//4942
f 2401//4907 2428//4961 2429//4963
f 2429//4964 2428//4962 2401//4908
f 2417//4939 2429//4963 2441//4987
f 2441//4988 2429//4964 2417//4940
f 2416//4937 2430//4965 2419//4943
f 2419//4944 2430//4966 2416//4938
f 2430//4965 2432//4969 2402//4909
f 2402//4910 2432//4970 2430//4966
f 2428//4961 2404//4913 2431//4967
f 2431//4968 2404//4914 2428//4962
f 2432//4969 2442//4989 2405//4915
f 2405//4916 2442//4990 2432//4970
f 2442//4989 2433//4971 2405//4915
f 2405//4916 2433//4972 2442//4990
f 2443//4991 2421//4947 2433//4971
f 2433//4972 2421//4948 2443//4992
f 2444//4993 2434//4973 2421//4947
f 2421//4948 2434//4974 2444//4994
f 2422//4949 2445//4995 2423//4951
f 2423//4952 2445//4996 2422//4950
f 2446//4997 2422//4949 2435//4975
f 2435//4976 2422//4950 2446//4998
f 2446//4997 2435//4975 2407//4919
f 2407//4920 2435//4976 2446//4998
f 2436//4977 2447//4999 2407//4919
f 2407//4920 2447//5000 2436//4978
f 2434//4973 2436//4977 2424//4953
f 2424//4954 2436//4978 2434//4974
f 2445//4995 2437//4979 2423//4951
f 2423//4952 2437//4980 2445//4996
f 2410//4925 2448//5001 2425//4955
f 2425//4956 2448//5002 2410//4926
f 2438//4981 2425//4955 2449//5003
f 2449//5004 2425//4956 2438//4982
f 2412//4929 2438//4981 2449//5003
f 2449//5004 2438//4982 2412//4930
f 2436//4977 2439//4983 2412//4929
f 2412//4930 2439//4984 2436//4978
f 2450//5005 2427//4959 2413//4931
f 2413//4932 2427//4960 2450//5006
f 2450//5005 2413//4931 2439//4983
f 2439//4984 2413//4932 2450//5006
f 2440//4985 2427//4959 2443//4991
f 2443//4992 2427//4960 2440//4986
f 2415//4935 2440//4985 2451//5007
f 2451//5008 2440//4986 2415//4936
f 2431//4967 2415//4935 2451//5007
f 2451//5008 2415//4936 2431//4968
f 2417//4939 2452//5009 2416//4937
f 2416//4938 2452//5010 2417//4940
f 2428//4961 2441//4987 2429//4963
f 2429//4964 2441//4988 2428//4962
f 2417//4939 2441//4987 2452//5009
f 2452//5010 2441//4988 2417//4940
f 2416//4937 2452//5009 2430//4965
f 2430//4966 2452//5010 2416//4938
f 2430//4965 2442//4989 2432//4969
f 2432//4970 2442//4990 2430//4966
f 2428//4961 2431//4967 2441//4987
f 2441//4988 2431//4968 2428//4962
f 2442//4989 2443//4991 2433//4971
f 2433//4972 2443//4992 2442//4990
f 2443//4991 2444//4993 2421//4947
f 2421//4948 2444//4994 2443//4992
f 2434//4973 2444//4993 2450//5005
f 2450//5006 2444//4994 2434//4974
f 2453//5011 2445//4995 2422//4949
f 2422//4950 2445//4996 2453//5012
f 2454//5013 2422//4949 2446//4997
f 2446//4998 2422//4950 2454//5014
f 2447//4999 2446//4997 2407//4919
f 2407//4920 2446//4998 2447//5000
f 2449//5003 2447//4999 2436//4977
f 2436//4978 2447//5000 2449//5004
f 2455//5015 2436//4977 2434//4973
f 2434//4974 2436//4978 2455//5016
f 2453//5011 2437//4979 2445//4995
f 2445//4996 2437//4980 2453//5012
f 2425//4955 2448//5001 2456//5017
f 2456//5018 2448//5002 2425//4956
f 2425//4955 2457//5019 2449//5003
f 2449//5004 2457//5020 2425//4956
f 2412//4929 2449//5003 2436//4977
f 2436//4978 2449//5004 2412//4930
f 2436//4977 2455//5015 2439//4983
f 2439//4984 2455//5016 2436//4978
f 2443//4991 2427//4959 2450//5005
f 2450//5006 2427//4960 2443//4992
f 2455//5015 2450//5005 2439//4983
f 2439//4984 2450//5006 2455//5016
f 2440//4985 2443//4991 2458//5021
f 2458//5022 2443//4992 2440//4986
f 2451//5007 2440//4985 2459//5023
f 2459//5024 2440//4986 2451//5008
f 2431//4967 2451//5007 2459//5023
f 2459//5024 2451//5008 2431//4968
f 2452//5009 2441//4987 2430//4965
f 2430//4966 2441//4988 2452//5010
f 2430//4965 2460//5025 2442//4989
f 2442//4990 2460//5026 2430//4966
f 2431//4967 2459//5023 2441//4987
f 2441//4988 2459//5024 2431//4968
f 2458//5021 2443//4991 2442//4989
f 2442//4990 2443//4992 2458//5022
f 2444//4993 2443//4991 2450//5005
f 2450//5006 2443//4992 2444//4994
f 2434//4973 2450//5005 2455//5015
f 2455//5016 2450//5006 2434//4974
f 2456//5017 2453//5011 2422//4949
f 2422//4950 2453//5012 2456//5018
f 2454//5013 2456//5017 2422//4949
f 2422//4950 2456//5018 2454//5014
f 2457//5019 2454//5013 2446//4997
f 2446//4998 2454//5014 2457//5020
f 2449//5003 2446//4997 2447//4999
f 2447//5000 2446//4998 2449//5004
f 2425//4955 2456//5017 2454//5013
f 2454//5014 2456//5018 2425//4956
f 2425//4955 2454//5013 2457//5019
f 2457//5020 2454//5014 2425//4956
f 2449//5003 2457//5019 2446//4997
f 2446//4998 2457//5020 2449//5004
f 2459//5023 2440//4985 2458//5021
f 2458//5022 2440//4986 2459//5024
f 2441//4987 2460//5025 2430//4965
f 2430//4966 2460//5026 2441//4988
f 2459//5023 2442//4989 2460//5025
f 2460//5026 2442//4990 2459//5024
f 2441//4987 2459//5023 2460//5025
f 2460//5026 2459//5024 2441//4988
f 2459//5023 2458//5021 2442//4989
f 2442//4990 2458//5022 2459//5024
usemtl material_1_0
f 1424//5027 1351//5028 1274//5029
f 1274//5030 1351//5031 1424//5032
f 1424//5027 1275//5033 1351//5028
f 1351//5031 1275//5034 1424//5032
f 1352//5035 1275//5033 1424//5027
f 1424//5032 1275//5034 1352//5036
f 1424//5027 1274//5029 1491//5037
f 1491//5038 1274//5030 1424//5032
f 1353//5039 1352//5035 1424//5027
f 1424//5032 1352//5036 1353//5040
f 1573//5041 1424//5027 1491//5037
f 1491//5038 1424//5032 1573//5042
f 1353//5039 1424//5027 1574//5043
f 1574//5044 1424//5032 1353//5040
f 1574//5043 1424//5027 1573//5041
f 1573//5042 1424//5032 1574//5044
