# SSTK version 0.8.0
# 3
mtllib original-3.mtl
o mesh3/mesh3-geometry#mesh3-geometry
v 0.030038 0.100098 -0.721681
v 0.052378 -0.111497 -0.689269
v 0.040129 -0.113227 -0.694474
v 0.042645 0.100094 -0.714239
v 0.051866 -0.177490 -0.679757
v 0.016767 -0.117887 -0.696921
v 0.062925 -0.156494 -0.676461
v 0.042916 -0.188580 -0.679303
v 0.008961 0.100100 -0.724598
v 0.068172 -0.144536 -0.669975
v 0.090211 -0.305678 -0.629175
v 0.066651 -0.323414 -0.635052
v -0.000333 -0.190204 -0.682272
v -0.006554 -0.111470 -0.698086
v 0.052115 0.100096 -0.695411
v 0.087782 -0.234607 -0.640974
v 0.051644 -0.358964 -0.626462
v 0.027156 -0.211704 -0.674967
v -0.014586 0.100102 -0.723522
v 0.073409 -0.148121 -0.659977
v 0.111646 -0.335601 -0.604937
v 0.086092 -0.371015 -0.613196
v 0.001563 -0.336272 -0.637042
v -0.023903 -0.169570 -0.685591
v -0.034600 -0.114235 -0.694173
v 0.058978 0.100096 -0.663144
v 0.086725 -0.186209 -0.635655
v 0.116297 -0.306863 -0.599119
v 0.104344 -0.373304 -0.601549
v 0.056762 -0.411115 -0.602164
v -0.047368 -0.342488 -0.631582
v -0.041107 -0.237369 -0.664743
v -0.031246 0.100104 -0.718172
v 0.075499 -0.111108 -0.646295
v 0.127043 -0.388282 -0.570038
v 0.114459 -0.399897 -0.582373
v 0.092648 -0.411082 -0.592000
v 0.015621 -0.414461 -0.603840
v 0.014773 -0.371865 -0.623680
v -0.030853 -0.388387 -0.615563
v -0.046573 -0.164982 -0.681442
v 0.080379 -0.095656 -0.610867
v 0.087474 -0.163009 -0.615736
v 0.122298 -0.299232 -0.579770
v 0.133171 -0.381730 -0.554521
v 0.061590 -0.472797 -0.563537
v 0.015033 -0.476128 -0.567061
v -0.059719 -0.405467 -0.603630
v -0.069009 -0.356686 -0.621140
v -0.055407 -0.162725 -0.673777
v 0.066053 0.100099 -0.599105
v 0.130175 -0.451877 -0.502751
v 0.114309 -0.466174 -0.539626
v 0.088315 -0.495444 -0.541071
v -0.033815 -0.476348 -0.565070
v -0.034284 -0.424353 -0.596496
v -0.040450 0.100086 -0.702822
v 0.088147 -0.097072 -0.527389
v 0.092682 -0.165035 -0.580062
v 0.130542 -0.322910 -0.545937
v 0.136659 -0.383467 -0.527964
v 0.123547 -0.471352 -0.520858
v 0.102877 -0.494623 -0.533479
v 0.062066 -0.506174 -0.546652
v 0.015508 -0.506099 -0.552731
v -0.034677 -0.506208 -0.550524
v -0.063797 -0.495338 -0.548055
v -0.074323 -0.411869 -0.594960
v -0.079447 -0.356593 -0.613952
v -0.064348 -0.199958 -0.653630
v 0.073558 0.100098 -0.497601
v 0.095819 -0.164037 -0.537128
v 0.121435 -0.275888 -0.552986
v 0.131210 -0.451959 -0.447227
v 0.132437 -0.515483 -0.478696
v 0.117941 -0.524206 -0.508865
v 0.100536 -0.537412 -0.523881
v 0.069092 -0.537839 -0.537819
v -0.080950 -0.496647 -0.539929
v -0.087155 -0.414415 -0.585837
v -0.064848 -0.169410 -0.643888
v 0.095356 -0.102387 -0.417540
v 0.098340 -0.155113 -0.471533
v 0.125797 -0.295784 -0.501572
v 0.134876 -0.359528 -0.493749
v 0.135989 -0.390816 -0.492356
v 0.133390 -0.488929 -0.448270
v 0.127308 -0.532862 -0.493959
v 0.018328 -0.526438 -0.547925
v -0.027959 -0.537779 -0.544836
v -0.066425 -0.537715 -0.536072
v -0.088423 -0.364192 -0.600416
v -0.099864 -0.400287 -0.569408
v -0.044287 0.100090 -0.674730
v 0.078702 0.100097 -0.401766
v 0.106376 -0.201406 -0.455984
v 0.128441 -0.424501 -0.387122
v 0.129656 -0.470939 -0.377572
v 0.143646 -0.624488 -0.450264
v 0.138454 -0.624306 -0.480142
v 0.125834 -0.624408 -0.503999
v 0.112415 -0.624407 -0.518121
v 0.086441 -0.624363 -0.535725
v 0.052721 -0.544930 -0.542094
v -0.083934 -0.538788 -0.527777
v -0.094700 -0.496527 -0.530274
v -0.097148 -0.420198 -0.570583
v -0.073983 -0.212824 -0.604483
v -0.065206 -0.141592 -0.622717
v 0.105295 -0.173475 -0.329582
v 0.111688 -0.238288 -0.393322
v 0.124888 -0.314587 -0.438872
v 0.139968 -0.564024 -0.401054
v 0.053108 -0.624389 -0.547458
v 0.017140 -0.545246 -0.546859
v -0.045913 -0.544930 -0.542100
v -0.087978 -0.624414 -0.529511
v -0.097874 -0.537960 -0.516413
v -0.105750 -0.417106 -0.540550
v -0.061841 -0.050576 -0.573368
v 0.081529 0.100098 -0.317473
v 0.116620 -0.290532 -0.356075
v 0.123272 -0.354524 -0.369433
v 0.127360 -0.450559 -0.315243
v 0.137100 -0.564884 -0.269307
v 0.144056 -0.624684 -0.408115
v 0.184169 -0.634664 -0.470995
v 0.143967 -0.634492 -0.537710
v 0.114347 -0.634495 -0.567225
v 0.079013 -0.634518 -0.584444
v 0.015787 -0.624412 -0.553181
v -0.035886 -0.624392 -0.550098
v -0.068793 -0.624398 -0.540024
v -0.105682 -0.505267 -0.511379
v -0.112955 -0.516998 -0.486722
v -0.096506 -0.349578 -0.538506
v -0.069677 -0.150646 -0.565616
v -0.049011 0.100103 -0.580841
v 0.083721 0.100099 -0.215666
v 0.116981 -0.309295 -0.291229
v 0.140360 -0.624221 -0.326219
v 0.022274 -0.634501 -0.592565
v -0.094056 -0.634509 -0.575904
v -0.103793 -0.624435 -0.515546
v -0.108808 -0.545451 -0.501287
v -0.117422 -0.520717 -0.455446
v -0.110493 -0.439768 -0.499587
v -0.089310 -0.277900 -0.484433
v -0.089275 -0.242070 -0.418436
v -0.088909 -0.199040 -0.362132
v 0.105763 -0.152182 -0.212875
v 0.123814 -0.380126 -0.212561
v 0.142055 -0.624350 -0.205001
v 0.225185 -0.634418 -0.356407
v 0.203505 -0.634530 -0.423685
v 0.167025 -0.634632 -0.504810
v 0.115188 -0.685878 -0.569457
v 0.090239 -0.685878 -0.582806
v 0.036549 -0.685878 -0.593976
v -0.050609 -0.634502 -0.589213
v -0.128495 -0.634352 -0.548617
v -0.115205 -0.624410 -0.498429
v -0.121794 -0.624450 -0.478424
v -0.100286 -0.360785 -0.456861
v -0.061473 0.100098 -0.408656
v 0.085971 0.100097 -0.183170
v 0.240204 -0.633617 -0.286616
v 0.191019 -0.685878 -0.459223
v 0.167655 -0.685878 -0.506896
v 0.144310 -0.685878 -0.540254
v 0.066638 -0.685878 -0.589788
v 0.003205 -0.685878 -0.595372
v -0.108780 -0.685878 -0.569457
v -0.125898 -0.624510 -0.447056
v -0.111078 -0.458481 -0.366894
v -0.105433 -0.398229 -0.396389
v -0.105174 -0.370017 -0.320509
v -0.088989 -0.150642 -0.287178
v 0.116229 -0.249518 -0.182633
v 0.256569 -0.633152 -0.138066
v 0.215187 -0.685878 -0.393311
v 0.236980 -0.685879 -0.311970
v -0.083829 -0.685878 -0.582806
v -0.138216 -0.685879 -0.539873
v -0.066870 0.100098 -0.297789
v 0.113083 -0.145002 -0.152885
v 0.143861 -0.624375 -0.182595
v 0.255318 -0.685878 -0.157856
v -0.030139 -0.685878 -0.593976
v -0.060228 -0.685878 -0.589788
v -0.160900 -0.634480 -0.504321
v -0.123519 -0.624383 -0.333418
v -0.092291 -0.160138 -0.211651
v 0.091389 0.100097 -0.152501
v 0.132472 -0.384054 -0.152715
v 0.263649 -0.633133 -0.058308
v 0.149905 -0.624340 -0.153485
v -0.161251 -0.685878 -0.506896
v -0.144932 -0.628168 -0.432134
v -0.109862 -0.383403 -0.212185
v -0.069438 0.100097 -0.215478
v 0.101638 0.100096 -0.122195
v 0.125298 -0.158145 -0.122393
v 0.226004 -0.628832 -0.082158
v 0.266286 -0.685878 -0.033475
v 0.161757 -0.624319 -0.123815
v -0.183329 -0.634431 -0.458827
v -0.207904 -0.634506 -0.392371
v -0.127475 -0.624300 -0.209150
v -0.093412 -0.145057 -0.182760
v -0.071983 0.100097 -0.183170
v 0.258655 -0.630188 -0.011760
v 0.269459 -0.632895 0.021575
v -0.184617 -0.685878 -0.459220
v -0.225352 -0.634506 -0.330466
v -0.234829 -0.634458 -0.277361
v -0.129819 -0.624349 -0.182691
v -0.112359 -0.382316 -0.182638
v 0.119294 0.100100 -0.089981
v 0.164530 -0.374590 -0.088066
v 0.181656 -0.623927 -0.092412
v 0.231362 -0.624542 -0.029847
v 0.276900 -0.624651 0.134153
v -0.209117 -0.685878 -0.392256
v -0.099517 -0.145117 -0.152877
v 0.145819 -0.183354 -0.091346
v 0.249913 -0.624215 -0.003556
v 0.262581 -0.625001 0.022212
v 0.272460 -0.624313 0.069627
v 0.279330 -0.685880 0.171603
v -0.230580 -0.685878 -0.312302
v -0.254862 -0.634367 -0.090204
v -0.119031 -0.385547 -0.152624
v -0.077815 0.100097 -0.152509
v 0.160441 -0.135983 -0.064482
v 0.208342 -0.394005 -0.032698
v 0.269429 -0.626083 0.046123
v 0.251580 -0.370543 0.137171
v 0.278777 -0.624593 0.199193
v -0.248880 -0.685878 -0.158095
v -0.136353 -0.624338 -0.153411
v -0.112460 -0.158205 -0.122405
v -0.088794 0.100096 -0.122215
v 0.156763 0.100111 -0.033867
v 0.185748 -0.149147 -0.031627
v 0.204956 -0.165189 -0.004925
v 0.222284 -0.158969 0.045425
v 0.248846 -0.386608 0.069193
v 0.256146 -0.403629 0.170686
v 0.278009 -0.685878 0.298766
v -0.260036 -0.685878 -0.032942
v -0.148896 -0.624303 -0.123468
v -0.132817 -0.405889 -0.122428
v 0.215524 -0.155711 0.021145
v 0.225465 -0.160414 0.068811
v 0.232166 -0.168493 0.201203
v 0.254952 -0.386378 0.217145
v 0.277427 -0.624600 0.292074
v -0.263417 -0.633597 0.024804
v -0.216738 -0.628619 -0.072595
v -0.153070 -0.376238 -0.088256
v -0.107675 0.100099 -0.090111
v 0.174244 0.100099 -0.005085
v 0.184962 0.100098 0.020780
v 0.229182 -0.154795 0.142598
v 0.273309 -0.624307 0.376329
v -0.270577 -0.627196 0.133476
v -0.250894 -0.630675 -0.013590
v -0.170139 -0.623869 -0.092245
v -0.134186 -0.183265 -0.091393
v 0.190970 0.100097 0.045239
v 0.193894 0.100097 0.069027
v 0.197744 0.100097 0.135131
v 0.199471 0.100098 0.200477
v 0.252880 -0.369611 0.264871
v 0.253612 -0.391291 0.314130
v 0.271539 -0.685878 0.416806
v -0.273117 -0.685879 0.170214
v -0.265968 -0.623362 0.068742
v -0.255823 -0.625080 0.022121
v -0.222885 -0.624557 -0.029732
v -0.198623 -0.379970 -0.032352
v -0.150259 -0.136251 -0.064377
v 0.229445 -0.151076 0.294215
v 0.248252 -0.361942 0.371193
v 0.268999 -0.625388 0.434189
v -0.272503 -0.625453 0.197718
v -0.239491 -0.353423 0.071302
v -0.263052 -0.626271 0.046065
v -0.242419 -0.624216 -0.003636
v -0.148125 0.100110 -0.033675
v 0.198899 0.100095 0.266299
v 0.263176 -0.624243 0.490823
v -0.271741 -0.685878 0.298763
v -0.247096 -0.374463 0.170206
v -0.215811 -0.158145 0.045397
v -0.197472 -0.165130 -0.004915
v -0.175954 -0.136711 -0.031337
v 0.197196 0.100093 0.320344
v 0.224581 -0.139088 0.383248
v 0.247031 -0.387739 0.427594
v 0.238184 -0.342207 0.476786
v 0.259469 -0.685879 0.528881
v -0.271206 -0.625234 0.290020
v -0.248993 -0.385219 0.220866
v -0.223185 -0.155862 0.145402
v -0.208769 -0.155658 0.021124
v -0.166764 0.100099 -0.005065
v 0.224623 -0.166373 0.435812
v 0.255757 -0.626298 0.543884
v -0.265262 -0.623888 0.404886
v -0.247861 -0.376343 0.269034
v -0.223447 -0.146523 0.248127
v -0.218894 -0.157910 0.068652
v -0.178214 0.100098 0.020788
v 0.193867 0.100095 0.382872
v 0.188721 0.100095 0.448925
v 0.214812 -0.164081 0.529247
v 0.246870 -0.624145 0.592502
v -0.265319 -0.685878 0.416238
v -0.246743 -0.400025 0.377891
v -0.247881 -0.387864 0.322377
v -0.193210 0.100097 0.200474
v -0.191489 0.100098 0.135197
v -0.187634 0.100097 0.069030
v -0.184587 0.100097 0.045239
v 0.216884 -0.141508 0.489593
v 0.232269 -0.435429 0.570698
v 0.247521 -0.685880 0.595227
v -0.257079 -0.626423 0.488778
v -0.252468 -0.508031 0.433224
v -0.223476 -0.160370 0.320680
v -0.192638 0.100095 0.266299
v 0.181013 0.100099 0.522683
v 0.171280 0.100102 0.595519
v 0.204014 -0.142131 0.575798
v 0.236354 -0.624261 0.634312
v -0.253201 -0.685879 0.528881
v -0.241704 -0.380751 0.433591
v -0.221390 -0.162738 0.382196
v -0.190935 0.100093 0.320345
v 0.205752 -0.246129 0.604650
v 0.221326 -0.420459 0.608474
v 0.236972 -0.685880 0.636856
v -0.249825 -0.624806 0.541481
v -0.237411 -0.384821 0.490861
v 0.159592 0.100101 0.664107
v 0.191580 -0.134286 0.620561
v 0.224272 -0.624791 0.668118
v 0.224838 -0.685880 0.670351
v -0.240765 -0.623885 0.591692
v -0.230960 -0.384101 0.545305
v -0.218663 -0.165956 0.432669
v -0.187607 0.100095 0.382871
v 0.168361 -0.013455 0.672793
v 0.188212 -0.197668 0.637048
v 0.206719 -0.384278 0.637652
v -0.241253 -0.685880 0.595227
v -0.222570 -0.383826 0.594666
v -0.212861 -0.156199 0.487043
v -0.182461 0.100095 0.448924
v 0.146370 0.100097 0.722854
v 0.174993 -0.113794 0.660262
v 0.210456 -0.624660 0.695465
v 0.210881 -0.685880 0.697468
v -0.230066 -0.625676 0.634353
v -0.207687 -0.159973 0.532087
v 0.130269 0.100090 0.772165
v 0.155064 -0.016076 0.709871
v 0.166939 -0.155008 0.670776
v 0.190761 -0.361989 0.663390
v -0.230704 -0.685880 0.636857
v -0.212491 -0.384965 0.635788
v -0.195973 -0.131731 0.578950
v -0.165050 0.100105 0.595507
v -0.174753 0.100099 0.522682
v 0.156323 -0.092349 0.696150
v 0.174429 -0.205665 0.661589
v 0.194871 -0.623424 0.717729
v -0.218557 -0.685880 0.670381
v -0.200612 -0.387704 0.667937
v -0.193246 -0.188484 0.612852
v 0.114467 0.100100 0.806133
v 0.144733 -0.117333 0.703556
v 0.154505 -0.177294 0.684193
v 0.164161 -0.244890 0.679041
v 0.178135 -0.389273 0.687547
v 0.194770 -0.685880 0.719888
v -0.217769 -0.623979 0.668624
v -0.181514 -0.195526 0.642873
v -0.182395 -0.118324 0.627202
v -0.153333 0.100101 0.664103
v 0.120185 -0.008971 0.768917
v 0.177676 -0.621368 0.736171
v 0.166467 -0.685882 0.748143
v -0.204612 -0.685880 0.697468
v -0.186915 -0.391294 0.693273
v -0.170775 -0.231499 0.670169
v -0.169074 -0.115486 0.659655
v -0.162125 -0.013471 0.672732
v 0.100851 0.100111 0.828601
v 0.119975 -0.066504 0.746431
v 0.128178 -0.164034 0.708017
v 0.144159 -0.218308 0.694456
v 0.158751 -0.368241 0.705181
v -0.203681 -0.623924 0.696273
v -0.163351 -0.172397 0.669489
v -0.140110 0.100097 0.722854
v 0.087942 0.100097 0.845594
v 0.110023 -0.091842 0.742577
v 0.122239 -0.129443 0.719970
v 0.138271 -0.352368 0.720293
v 0.156533 -0.621509 0.754363
v -0.186397 -0.621495 0.720251
v -0.165097 -0.341754 0.707278
v -0.147757 -0.177137 0.687717
v -0.154612 -0.119048 0.684246
v -0.148838 -0.016077 0.709818
v -0.124020 0.100090 0.772136
v 0.076192 0.100124 0.858632
v 0.094231 -0.163944 0.724875
v 0.125044 -0.210733 0.707650
v 0.132350 -0.685880 0.770521
v -0.188545 -0.685880 0.719837
v -0.171988 -0.406999 0.713985
v -0.154246 -0.230615 0.689257
v -0.138437 -0.117657 0.703698
v -0.133268 -0.013329 0.740608
v 0.065539 0.100136 0.867217
v 0.093959 -0.099558 0.747175
v 0.088154 -0.136976 0.733881
v 0.114635 -0.281423 0.723549
v 0.132815 -0.621654 0.769816
v -0.160972 -0.685882 0.747496
v -0.153753 -0.390711 0.728554
v -0.137184 -0.230976 0.703566
v -0.121903 -0.164301 0.709671
v 0.050254 -0.163975 0.733401
v 0.105745 -0.205127 0.717746
v 0.104719 -0.624757 0.782910
v -0.167213 -0.620363 0.740010
v -0.122276 -0.192137 0.709183
v -0.123495 -0.124938 0.715739
v -0.113997 -0.009057 0.768834
v -0.110148 0.100097 0.802784
v 0.076108 -0.097119 0.754198
v 0.044201 -0.137094 0.741279
v 0.083562 -0.192332 0.725233
v 0.100857 -0.517445 0.769454
v 0.105249 -0.685880 0.782685
v -0.147626 -0.623775 0.756367
v -0.137903 -0.422964 0.743242
v -0.130084 -0.354300 0.736463
v -0.119450 -0.230708 0.714987
v -0.095599 -0.172643 0.721468
v -0.102274 -0.137193 0.726385
v -0.114309 -0.068654 0.745024
v -0.094594 0.100111 0.828598
v 0.054220 0.100118 0.872693
v 0.049766 -0.100018 0.757092
v -0.009151 -0.164074 0.735548
v 0.046605 -0.192548 0.731556
v 0.087479 -0.232022 0.726526
v 0.094340 -0.350381 0.744583
v 0.074568 -0.624772 0.791906
v -0.126081 -0.685880 0.770521
v -0.100760 -0.231266 0.723237
v -0.103964 -0.092757 0.742042
v -0.081682 0.100097 0.845594
v 0.040378 0.100107 0.876017
v -0.008754 -0.109816 0.754666
v -0.014107 -0.137076 0.742688
v 0.063860 -0.231737 0.731621
v 0.067669 -0.386464 0.758906
v 0.071736 -0.512040 0.777616
v 0.056914 -0.685882 0.795320
v -0.121815 -0.619335 0.772188
v -0.114782 -0.391488 0.750900
v -0.069929 -0.192303 0.728293
v -0.066180 -0.137113 0.737782
v -0.087733 -0.099652 0.747132
v -0.069932 0.100124 0.858632
v 0.020177 -0.081329 0.770082
v -0.064374 -0.164087 0.731097
v -0.014600 -0.192334 0.733380
v 0.013316 -0.231339 0.736204
v 0.038520 -0.521235 0.784327
v 0.040003 -0.624891 0.797374
v -0.097835 -0.624717 0.783124
v -0.080034 -0.233051 0.729498
v -0.059278 0.100136 0.867217
v 0.022723 0.100104 0.878006
v -0.037008 -0.080018 0.769428
v -0.065658 -0.098003 0.754937
v 0.036362 -0.251041 0.738357
v 0.036289 -0.397517 0.765869
v 0.003135 -0.685880 0.798739
v -0.098980 -0.685880 0.782685
v -0.094915 -0.522748 0.773377
v -0.055564 -0.231558 0.733184
v 0.003130 0.100103 0.878670
v -0.027130 -0.230641 0.735625
v 0.002093 -0.391362 0.766950
v 0.003314 -0.513800 0.785311
v 0.003717 -0.624887 0.799210
v -0.067598 -0.624938 0.792058
v -0.066325 -0.531482 0.781722
v -0.091320 -0.399462 0.759246
v -0.064926 -0.396493 0.763923
v -0.047959 0.100118 0.872693
v -0.034118 0.100107 0.876017
v -0.016463 0.100103 0.878006
v -0.031186 -0.386360 0.765483
v -0.032729 -0.624969 0.797469
v -0.050645 -0.685882 0.795320
v -0.031694 -0.513462 0.784092
vn 0.2972598623245726 -0.10531595122308626 -0.9489705604858102
vn 0.49738407955236213 -0.09949501591338318 -0.8618061378385774
vn 0.2532278969467759 -0.14700194017632287 -0.9561726108775078
vn -0.2532278969467759 0.14700194017632287 0.9561726108775078
vn -0.49738407955236213 0.09949501591338318 0.8618061378385774
vn -0.2972598623245726 0.10531595122308626 0.9489705604858102
vn 0.7323353844988801 -0.03817202004149896 -0.6798733569546821
vn -0.7323353844988801 0.03817202004149896 0.6798733569546821
vn 0.3873050054675848 -0.18473500260790385 -0.903254012751237
vn -0.3873050054675848 0.18473500260790385 0.903254012751237
vn 0.0814599808672929 -0.16169596202206943 -0.9834727690093193
vn -0.0814599808672929 0.16169596202206943 0.9834727690093193
vn 0.6773633546411283 -0.08165004274878906 -0.7311033827773185
vn -0.6773633546411283 0.08165004274878906 0.7311033827773185
vn 0.14899798723556648 -0.2370729796903141 -0.9599979177584219
vn -0.14899798723556648 0.2370729796903141 0.9599979177584219
vn 0.03536000339998825 -0.12246201177515138 -0.9918430953691897
vn -0.03536000339998825 0.12246201177515138 0.9918430953691897
vn 0.8571237597756717 0.005041998586889452 -0.5150858556379376
vn -0.8571237597756717 -0.005041998586889452 0.5150858556379376
vn 0.5561269455593456 -0.17973398240539182 -0.8114299205671003
vn -0.5561269455593456 0.17973398240539182 0.8114299205671003
vn 0.29099210456250263 -0.2694930968372411 -0.9179853298606458
vn -0.29099210456250263 0.2694930968372411 0.9179853298606458
vn -0.013175994366565285 -0.25095689270265037 -0.9679085861678689
vn 0.013175994366565285 0.25095689270265037 0.9679085861678689
vn -0.052919019672490464 -0.15714705841895815 -0.9861563666007389
vn 0.052919019672490464 0.15714705841895815 0.9861563666007389
vn 0.9263996612629521 0.025652990620011428 -0.3756668626378124
vn -0.9263996612629521 -0.025652990620011428 0.3756668626378124
vn 0.8225331953380852 -0.005740001363155649 -0.5686881350540647
vn -0.8225331953380852 0.005740001363155649 0.5686881350540647
vn 0.12557094860162377 -0.3469628579820593 -0.9294346195662231
vn -0.12557094860162377 0.3469628579820593 0.9294346195662231
vn 0.08013503522760962 -0.2795251228801094 -0.9567884206071525
vn -0.08013503522760962 0.2795251228801094 0.9567884206071525
vn -0.15921197620123437 -0.11582198268710481 -0.9804268534472754
vn 0.15921197620123437 0.11582198268710481 0.9804268534472754
vn 0.9296372344261861 0.05279601331354603 -0.36467409195969497
vn -0.9296372344261861 -0.05279601331354603 0.36467409195969497
vn 0.7563179879503419 -0.12290199804192523 -0.642555989762798
vn -0.7563179879503419 0.12290199804192523 0.642555989762798
vn 0.3483899193608076 -0.331282923320435 -0.8768557970407888
vn -0.3483899193608076 0.331282923320435 0.8768557970407888
vn -0.005055002163149626 -0.3239771386371366 -0.9460514048367691
vn 0.005055002163149626 0.3239771386371366 0.9460514048367691
vn -0.1386830749672367 -0.21430911584803833 -0.9668705226565054
vn 0.1386830749672367 0.21430911584803833 0.9668705226565054
vn -0.26236100613439395 -0.1368960032008337 -0.9552100223342433
vn 0.26236100613439395 0.1368960032008337 0.9552100223342433
vn 0.9793535404791021 0.06242597070921084 -0.19227490978299916
vn -0.9793535404791021 -0.06242597070921084 0.19227490978299916
vn 0.9353449469308674 0.10842299384835062 -0.3367109808958612
vn -0.9353449469308674 -0.10842299384835062 0.3367109808958612
vn 0.9049709998343902 0.026454999995158827 -0.4246499999222891
vn -0.9049709998343902 -0.026454999995158827 0.4246499999222891
vn 0.5715321169592017 -0.26841805492947884 -0.7754371586866396
vn -0.5715321169592017 0.26841805492947884 0.7754371586866396
vn 0.15704092208243833 -0.46362476996752733 -0.8720035673459453
vn -0.15704092208243833 0.46362476996752733 0.8720035673459453
vn -0.13651994484752342 -0.32725086779443935 -0.9350236222612859
vn 0.13651994484752342 0.32725086779443935 0.9350236222612859
vn -0.20974799335382033 -0.26418999162874374 -0.9413869701707424
vn 0.20974799335382033 0.26418999162874374 0.9413869701707424
vn -0.6100552201796448 -0.06738602432079965 -0.7894882849401895
vn 0.6100552201796448 0.06738602432079965 0.7894882849401895
vn 0.9672906059834413 0.08801596414754052 -0.2379119030888662
vn -0.9672906059834413 -0.08801596414754052 0.2379119030888662
vn 0.8875339459465217 -0.18638698864847347 -0.42135897433797515
vn -0.8875339459465217 0.18638698864847347 0.42135897433797515
vn 0.6830700533805607 -0.30939802417883766 -0.6615800517011601
vn -0.6830700533805607 0.30939802417883766 0.6615800517011601
vn 0.4223830375046587 -0.4405340391163405 -0.7921630703385387
vn -0.4223830375046587 0.4405340391163405 0.7921630703385387
vn 0.01768800708107667 -0.4673141870808604 -0.8839143538592721
vn -0.01768800708107667 0.4673141870808604 0.8839143538592721
vn 0.020633996132230006 -0.38577092768859633 -0.9223638271061452
vn -0.020633996132230006 0.38577092768859633 0.9223638271061452
vn -0.06517201266953825 -0.40641307900731966 -0.9113621771701915
vn 0.06517201266953825 0.40641307900731966 0.9113621771701915
vn -0.45900072530513114 -0.1642049017294711 -0.8731294774644699
vn 0.45900072530513114 0.1642049017294711 0.8731294774644699
vn 0.9872202562330507 0.10279002667915492 -0.12178003160801126
vn -0.9872202562330507 -0.10279002667915492 0.12178003160801126
vn 0.9732481365019537 0.14888202088130043 -0.17499202454333312
vn -0.9732481365019537 -0.14888202088130043 0.17499202454333312
vn 0.9663784482020794 0.14442506698371174 -0.21273009866328532
vn -0.9663784482020794 -0.14442506698371174 0.21273009866328532
vn 0.9713357993681829 -0.037699992212973106 -0.2347029515215236
vn -0.9713357993681829 0.037699992212973106 0.2347029515215236
vn 0.19437898661486908 -0.47401996735851204 -0.8587909408627992
vn -0.19437898661486908 0.47401996735851204 0.8587909408627992
vn 0.02850100517824835 -0.4751350863256385 -0.8794511597844178
vn -0.02850100517824835 0.4751350863256385 0.8794511597844178
vn -0.22268999597309685 -0.4434289919814735 -0.8682049843002496
vn 0.22268999597309685 0.4434289919814735 0.8682049843002496
vn -0.4412340507055169 -0.28209703241788736 -0.8519000978982352
vn 0.4412340507055169 0.28209703241788736 0.8519000978982352
vn -0.780227988182667 -0.07208199890824592 -0.6213279905893664
vn 0.780227988182667 0.07208199890824592 0.6213279905893664
vn 0.992550907705673 0.08062299250311016 -0.09133799150675458
vn -0.992550907705673 -0.08062299250311016 0.09133799150675458
vn 0.9862652049508621 -0.0907910188668296 -0.13797802867252723
vn -0.9862652049508621 0.0907910188668296 0.13797802867252723
vn 0.705550556747174 -0.352791778363221 -0.6146026138840189
vn -0.705550556747174 0.352791778363221 0.6146026138840189
vn 0.36649315380163294 -0.35039414704556243 -0.8619203617114202
vn -0.36649315380163294 0.35039414704556243 0.8619203617114202
vn -0.09588096298794192 -0.48190881397311347 -0.8709596637913446
vn 0.09588096298794192 0.48190881397311347 0.8709596637913446
vn -0.0913200460468207 -0.4948522495221343 -0.8641654357430006
vn 0.0913200460468207 0.4948522495221343 0.8641654357430006
vn -0.9493276735443064 0.027152990662604095 -0.31311289232644396
vn 0.9493276735443064 -0.027152990662604095 0.31311289232644396
vn 0.99222910040466 0.10174401029557868 -0.07162100724740168
vn -0.99222910040466 -0.10174401029557868 0.07162100724740168
vn 0.9763855118770736 0.18310609599467778 -0.114645060103491
vn -0.9763855118770736 -0.18310609599467778 0.114645060103491
vn 0.989701459908932 0.12274705703989557 -0.07364903422430907
vn -0.989701459908932 -0.12274705703989557 0.07364903422430907
vn 0.998765489615937 -0.02099701029317789 -0.04501802206878521
vn -0.998765489615937 0.02099701029317789 0.04501802206878521
vn 0.90421565112383 -0.1731689331857238 -0.3903928493735848
vn -0.90421565112383 0.1731689331857238 0.3903928493735848
vn 0.5580037907818189 -0.33728387353863937 -0.7582027157191481
vn -0.5580037907818189 0.33728387353863937 0.7582027157191481
vn 0.20434796387455276 -0.3064919458171324 -0.9296798356474945
vn -0.20434796387455276 0.3064919458171324 0.9296798356474945
vn 0.042114004173140054 -0.32578603228262804 -0.9445050935924313
vn -0.042114004173140054 0.32578603228262804 0.9445050935924313
vn -0.12483495357626126 -0.3283838778802976 -0.9362586518232611
vn 0.12483495357626126 0.3283838778802976 0.9362586518232611
vn -0.2459669225974192 -0.4075818717393035 -0.8794187232584039
vn 0.2459669225974192 0.4075818717393035 0.8794187232584039
vn -0.3935989467165462 -0.42236994282167273 -0.8165068894653874
vn 0.3935989467165462 0.42236994282167273 0.8165068894653874
vn -0.7317477909887131 -0.16020095424132727 -0.6624808107736457
vn 0.7317477909887131 0.16020095424132727 0.6624808107736457
vn -0.9309215087622419 0.011211006126979164 -0.36504719950364223
vn 0.9309215087622419 -0.011211006126979164 0.36504719950364223
vn 0.9944485610057519 0.08449196270145376 -0.06271497231479514
vn -0.9944485610057519 -0.08449196270145376 0.06271497231479514
vn 0.9839664075875054 0.16688106912699271 -0.06293502606951827
vn -0.9839664075875054 -0.16688106912699271 0.06293502606951827
vn 0.9763648513284473 0.20630996858508033 -0.06440399019317292
vn -0.9763648513284473 -0.20630996858508033 0.06440399019317292
vn 0.9998208040201444 -0.010024998034950206 0.016057996852392054
vn -0.9998208040201444 0.010024998034950206 -0.016057996852392054
vn 0.9784286254213921 0.013751994735228645 -0.20612692108700303
vn -0.9784286254213921 -0.013751994735228645 0.20612692108700303
vn 0.7427820244579556 -0.1286300042354644 -0.6570610216353772
vn -0.7427820244579556 0.1286300042354644 0.6570610216353772
vn 0.5400421533328403 -0.09141002595382365 -0.8366592375505995
vn -0.5400421533328403 0.09141002595382365 0.8366592375505995
vn 0.2886580201597325 -0.061406004288564575 -0.9554610667289255
vn -0.2886580201597325 0.061406004288564575 0.9554610667289255
vn -0.4542821571223697 -0.3496711209405965 -0.819364283393164
vn 0.4542821571223697 0.3496711209405965 0.819364283393164
vn -0.6223619853219039 -0.3307419921996154 -0.7094189832687083
vn 0.6223619853219039 0.3307419921996154 0.7094189832687083
vn -0.9855111773811872 0.07359901324701401 -0.15281002750412648
vn 0.9855111773811872 -0.07359901324701401 0.15281002750412648
vn 0.9943681801273262 0.09298001684309913 -0.05085900921298318
vn -0.9943681801273262 -0.09298001684309913 0.05085900921298318
vn 0.9904842015734604 0.12923202630001238 -0.04733000963213121
vn -0.9904842015734604 -0.12923202630001238 0.04733000963213121
vn 0.9859816569607726 0.16426494284952595 0.029277989813706065
vn -0.9859816569607726 -0.16426494284952595 -0.029277989813706065
vn 0.9947140401103522 0.08959100361262289 0.05017400202319143
vn -0.9947140401103522 -0.08959100361262289 -0.05017400202319143
vn 0.9990111004675546 -0.008188000823442733 0.04370100439487914
vn -0.9990111004675546 0.008188000823442733 -0.04370100439487914
vn 0.9976787735538815 0.06520798519954966 -0.019620995546564268
vn -0.9976787735538815 -0.06520798519954966 0.019620995546564268
vn 0.8918276932893612 -0.028064990348100567 -0.4515038447222108
vn -0.8918276932893612 0.028064990348100567 0.4515038447222108
vn 0.09268600721444738 -0.11905500926694441 -0.9885520769464253
vn -0.09268600721444738 0.11905500926694441 0.9885520769464253
vn -0.10282294927534376 -0.036123982179303224 -0.9940435096180797
vn 0.10282294927534376 0.036123982179303224 0.9940435096180797
vn -0.32651194615410317 -0.061104989923023975 -0.94321584445193
vn 0.32651194615410317 0.061104989923023975 0.94321584445193
vn -0.8527476916379629 -0.1035599625516886 -0.5119538148724145
vn 0.8527476916379629 0.1035599625516886 0.5119538148724145
vn -0.9668423187249405 0.010718003533249454 -0.25514908411131276
vn 0.9668423187249405 -0.010718003533249454 0.25514908411131276
vn -0.993688341906356 0.06968002397536743 -0.08791003024791258
vn 0.993688341906356 -0.06968002397536743 0.08791003024791258
vn 0.9953116298715424 0.08640796786730216 -0.043455983839939365
vn -0.9953116298715424 -0.08640796786730216 0.043455983839939365
vn 0.9844931977600909 0.1745990350725847 -0.01698000341085849
vn -0.9844931977600909 -0.1745990350725847 0.01698000341085849
vn 0.99799316127471 0.03083300498258316 0.05530800893771967
vn -0.99799316127471 -0.03083300498258316 -0.05530800893771967
vn 0.9972457128830281 0.06970197993210585 0.025349992701484667
vn -0.9972457128830281 -0.06970197993210585 -0.025349992701484667
vn 0.9948181125437796 0.06945400785733238 -0.07425000839990392
vn -0.9948181125437796 -0.06945400785733238 0.07425000839990392
vn 0.9388740650259506 0.050383003489501824 -0.34055402358660225
vn -0.9388740650259506 -0.050383003489501824 0.34055402358660225
vn 0.827410235485951 0.03464800986103302 -0.5605281595297001
vn -0.827410235485951 -0.03464800986103302 0.5605281595297001
vn 0.6433879657093525 0.027254998547390552 -0.765054959224867
vn -0.6433879657093525 -0.027254998547390552 0.765054959224867
vn 0.4347221805566785 0.04170601732209762 -0.8995983736374669
vn -0.4347221805566785 -0.04170601732209762 0.8995983736374669
vn 0.17650406101031604 0.04047601399092139 -0.9834673399448878
vn -0.17650406101031604 -0.04047601399092139 0.9834673399448878
vn -0.5314741755403687 -0.08042102656222487 -0.8432482785160983
vn 0.5314741755403687 0.08042102656222487 0.8432482785160983
vn -0.6874866433437092 -0.2974138457067928 -0.6625006563060113
vn 0.6874866433437092 0.2974138457067928 0.6625006563060113
vn -0.8497524091031987 -0.20604609919844566 -0.4852482336169954
vn 0.8497524091031987 0.20604609919844566 0.4852482336169954
vn -0.9898504498348388 0.11557593576216152 -0.08269395403817559
vn 0.9898504498348388 -0.11557593576216152 0.08269395403817559
vn -0.9930892152868689 0.08077001750973016 -0.08514701845859839
vn 0.9930892152868689 -0.08077001750973016 0.08514701845859839
vn 0.9950619509091173 0.09678399522521008 -0.022012998913999708
vn -0.9950619509091173 -0.09678399522521008 0.022012998913999708
vn 0.9915563412729286 0.12794104403462817 0.02114500727766874
vn -0.9915563412729286 -0.12794104403462817 -0.02114500727766874
vn 0.9899977418002077 0.12285796795760183 0.06935698191111198
vn -0.9899977418002077 -0.12285796795760183 -0.06935698191111198
vn 0.9971005441885528 0.0746919658555466 0.014546993350032638
vn -0.9971005441885528 -0.0746919658555466 -0.014546993350032638
vn 0.21058806393949472 0.06370001934082599 -0.9754972961839482
vn -0.21058806393949472 -0.06370001934082599 0.9754972961839482
vn 0.06660699954377536 0.021342999853811346 -0.9975509931672746
vn -0.06660699954377536 -0.021342999853811346 0.9975509931672746
vn -0.219927093758239 0.10723504571591848 -0.9696044133569937
vn 0.219927093758239 -0.10723504571591848 0.9696044133569937
vn -0.5540040358537573 0.04400700284802348 -0.8313500538028988
vn 0.5540040358537573 -0.04400700284802348 0.8313500538028988
vn -0.7307284690445247 -0.05421003479667341 -0.6805124368115463
vn 0.7307284690445247 0.05421003479667341 0.6805124368115463
vn -0.9913399664505776 0.05985399797439113 -0.11688699604425189
vn 0.9913399664505776 -0.05985399797439113 0.11688699604425189
vn -0.9949317773218564 0.07605098297884128 -0.06577998527761868
vn 0.9949317773218564 -0.07605098297884128 0.06577998527761868
vn 0.9957678881384291 0.08771899014591236 -0.02741699692005697
vn -0.9957678881384291 -0.08771899014591236 0.02741699692005697
vn 0.9930237735379753 0.10603097581932062 0.05158698823543394
vn -0.9930237735379753 -0.10603097581932062 -0.05158698823543394
vn 0.9940181008565606 0.08041000815868125 0.07390700749886404
vn -0.9940181008565606 -0.08041000815868125 -0.07390700749886404
vn 0.9972461385329554 0.07221801003220167 0.016873002343921736
vn -0.9972461385329554 -0.07221801003220167 -0.016873002343921736
vn 0.997064404966764 0.07612503091887272 0.008219003338222874
vn -0.997064404966764 -0.07612503091887272 -0.008219003338222874
vn 0.997716451514687 0.06519802950524455 0.01763800798204706
vn -0.997716451514687 -0.06519802950524455 -0.01763800798204706
vn 0.17738404716252193 0.9828782613257411 -0.04985201325455513
vn 0.24609395892889047 0.9632278392449929 -0.10784198200203723
vn 0.2359559486832441 0.9716367886840819 -0.015707996583754377
vn -0.2359559486832441 -0.9716367886840819 0.015707996583754377
vn -0.24609395892889047 -0.9632278392449929 0.10784198200203723
vn -0.17738404716252193 -0.9828782613257411 0.04985201325455513
vn 0.18318999872270772 0.973741993210584 -0.13515899905760367
vn 0.22885997294039942 0.9595568865453589 -0.16393198061725728
vn -0.22885997294039942 -0.9595568865453589 0.16393198061725728
vn -0.18318999872270772 -0.973741993210584 0.13515899905760367
vn 0.1723230318106623 0.9666031784339967 -0.189692035016963
vn -0.1723230318106623 -0.9666031784339967 0.189692035016963
vn 0.14303203283944335 0.9690552224902594 -0.2011810461901674
vn 0.10465697870581302 0.9722778021740588 -0.20909995745516763
vn -0.10465697870581302 -0.9722778021740588 0.20909995745516763
vn -0.14303203283944335 -0.9690552224902594 0.2011810461901674
vn 0.07179396297941663 0.9717684989072168 -0.22474788410867083
vn 0.048709003428480745 0.9713270683688007 -0.23270401637933794
vn -0.048709003428480745 -0.9713270683688007 0.23270401637933794
vn -0.07179396297941663 -0.9717684989072168 0.22474788410867083
vn 0.02017700467604155 0.0743880172394996 -0.9970252310616211
vn -0.02017700467604155 -0.0743880172394996 0.9970252310616211
vn -0.19884803281748434 0.06467201067334039 -0.9778941613897099
vn 0.19884803281748434 -0.06467201067334039 0.9778941613897099
vn -0.3881539292073284 0.05255499041486426 -0.9200948321903596
vn 0.3881539292073284 -0.05255499041486426 0.9200948321903596
vn -0.8655931448964094 -0.13921802330447247 -0.48100608051826016
vn 0.8655931448964094 0.13921802330447247 0.48100608051826016
vn -0.9657129168429471 -0.027506997631386226 -0.2581509777707493
vn 0.9657129168429471 0.027506997631386226 0.2581509777707493
vn -0.9900239741182986 0.13512499646749482 -0.039921998956339126
vn 0.9900239741182986 -0.13512499646749482 0.039921998956339126
vn -0.9934453253285611 0.09210003016046232 -0.06770502217170575
vn 0.9934453253285611 -0.09210003016046232 0.06770502217170575
vn -0.9946365715201062 0.08114596504309668 -0.06413597237083832
vn 0.9946365715201062 -0.08114596504309668 0.06413597237083832
vn 0.9955487161188261 0.08680597524723628 -0.036707989532699895
vn -0.9955487161188261 -0.08680597524723628 0.036707989532699895
vn 0.9962687610653899 0.08619697932742403 0.00431699896465644
vn -0.9962687610653899 -0.08619697932742403 -0.00431699896465644
vn 0.9983496928612585 0.0546679831815889 0.01758699458942351
vn -0.9983496928612585 -0.0546679831815889 -0.01758699458942351
vn 0.16557593322638553 0.9858046024438144 -0.02781898878113243
vn -0.16557593322638553 -0.9858046024438144 0.02781898878113243
vn 0.019965006676998125 0.9694283242108158 -0.24456108178979885
vn -0.019965006676998125 -0.9694283242108158 0.24456108178979885
vn -0.08915198538255253 0.9733028404163063 -0.21150296532176496
vn -0.09879603382574247 0.9726753330241512 -0.2101000719339697
vn -0.13755301215734844 0.9724440859475295 -0.18823301663659925
vn 0.13755301215734844 -0.9724440859475295 0.18823301663659925
vn 0.09879603382574247 -0.9726753330241512 0.2101000719339697
vn 0.08915198538255253 -0.9733028404163063 0.21150296532176496
vn -0.7525049148789064 0.04491999491878537 -0.6570529256761484
vn 0.7525049148789064 -0.04491999491878537 0.6570529256761484
vn -0.9011078029052173 0.014430996843580655 -0.4333549052144587
vn 0.9011078029052173 -0.014430996843580655 0.4333549052144587
vn -0.9951550312886697 0.056903001789087325 -0.08017800252087659
vn 0.9951550312886697 -0.056903001789087325 0.08017800252087659
vn -0.994171692362565 0.10490696753748809 -0.024842992312560784
vn 0.994171692362565 -0.10490696753748809 0.024842992312560784
vn -0.9912119377038185 0.12208699232701593 -0.05092799679925187
vn 0.9912119377038185 -0.12208699232701593 0.05092799679925187
vn -0.9933454133797864 0.10239404261118731 -0.052729021943134294
vn 0.9933454133797864 -0.10239404261118731 0.052729021943134294
vn -0.9944731390422717 0.0826710115586483 -0.06472000904882869
vn 0.9944731390422717 -0.0826710115586483 0.06472000904882869
vn 0.995110230512336 0.08327701929070738 -0.05310901230243856
vn -0.995110230512336 -0.08327701929070738 0.05310901230243856
vn 0.9963524921288754 0.0770739607130615 -0.03662398133164442
vn -0.9963524921288754 -0.0770739607130615 0.03662398133164442
vn 0.9966124380526223 0.07478303287025369 -0.03422201504199912
vn -0.9966124380526223 -0.07478303287025369 0.03422201504199912
vn 0.12566199817884346 0.9916699856282227 -0.028278999590166377
vn 0.10676401571817322 0.9942161463719915 -0.01164900171500671
vn -0.10676401571817322 -0.9942161463719915 0.01164900171500671
vn -0.12566199817884346 -0.9916699856282227 0.028278999590166377
vn 0.14871103682479814 0.9872652444730674 -0.05650101399114986
vn -0.14871103682479814 -0.9872652444730674 0.05650101399114986
vn 0.017012997175596015 0.9998258340144279 -0.007671998726336851
vn -0.017012997175596015 -0.9998258340144279 0.007671998726336851
vn 0.7462702449953377 0.03873301271577917 -0.6645152181557302
vn 0.6340697225216391 0.0430489811611244 -0.7720766621277454
vn 0.5437659888481753 0.05229499892750822 -0.8376059828219579
vn -0.5437659888481753 -0.05229499892750822 0.8376059828219579
vn -0.6340697225216391 -0.0430489811611244 0.7720766621277454
vn -0.7462702449953377 -0.03873301271577917 0.6645152181557302
vn 0.39888423620954194 0.048297028600325725 -0.9157285422721679
vn 0.25199801392528465 0.05910600326616849 -0.965921053376316
vn -0.25199801392528465 -0.05910600326616849 0.965921053376316
vn -0.39888423620954194 -0.048297028600325725 0.9157285422721679
vn 0.0459330114484141 0.05914201474064652 -0.9971922485417227
vn 0.107032052034501 0.05844202841206678 -0.9925364825296685
vn -0.107032052034501 -0.05844202841206678 0.9925364825296685
vn -0.0459330114484141 -0.05914201474064652 0.9971922485417227
vn 0.003606000998433301 0.969291268378373 -0.2458890680820203
vn -0.003606000998433301 -0.969291268378373 0.2458890680820203
vn -0.031645997932994246 0.9702089366293501 -0.24019398431136993
vn -0.050857995018841064 0.9713999048586694 -0.2319389772833176
vn 0.050857995018841064 -0.9713999048586694 0.2319389772833176
vn 0.031645997932994246 -0.9702089366293501 0.24019398431136993
vn -0.2511520796437276 0.959238304187464 -0.12955504108365878
vn 0.2511520796437276 -0.959238304187464 0.12955504108365878
vn -0.1803120030194147 0.9710780162611872 -0.15650900262082132
vn 0.1803120030194147 -0.9710780162611872 0.15650900262082132
vn -0.8739262693423699 0.054688016854740125 -0.4829721488510733
vn 0.8739262693423699 -0.054688016854740125 0.4829721488510733
vn -0.9698648976938068 0.06429099321826501 -0.23500797521018504
vn 0.9698648976938068 -0.06429099321826501 0.23500797521018504
vn -0.9922400622903524 0.12103800759846377 -0.028451001786082793
vn 0.9922400622903524 -0.12103800759846377 0.028451001786082793
vn -0.9948554522350277 0.08284203765780357 -0.058308026505289684
vn 0.9948554522350277 -0.08284203765780357 0.058308026505289684
vn 0.988318696148876 0.08599997355995723 -0.12581796131821738
vn -0.988318696148876 -0.08599997355995723 0.12581796131821738
vn 0.09493904284965485 0.995359449244142 -0.015689007081054297
vn 0.08578398136356076 0.996295783556259 -0.00598499869976793
vn -0.08578398136356076 -0.996295783556259 0.00598499869976793
vn -0.09493904284965485 -0.995359449244142 0.015689007081054297
vn 0.9053779738825618 0.02838099918129342 -0.423656987778767
vn 0.9388704729326482 0.02729101374716944 -0.34318717287200223
vn 0.9214596598662659 0.021924991906938945 -0.38785485683310245
vn -0.9214596598662659 -0.021924991906938945 0.38785485683310245
vn -0.9388704729326482 -0.02729101374716944 0.34318717287200223
vn -0.9053779738825618 -0.02838099918129342 0.423656987778767
vn 0.8715487505963379 0.027288992190942284 -0.4895488599099839
vn 0.8448470040599123 0.03226800015506399 -0.5340340025663004
vn -0.8448470040599123 -0.03226800015506399 0.5340340025663004
vn -0.8715487505963379 -0.027288992190942284 0.4895488599099839
vn 0.7842318528353776 0.03575399329060303 -0.6194368837598923
vn -0.7842318528353776 -0.03575399329060303 0.6194368837598923
vn 0.2111570782184031 0.050700018780684905 -0.976136361587819
vn -0.2111570782184031 -0.050700018780684905 0.976136361587819
vn -0.01526200656506037 0.06212902672524172 -0.9979514292758853
vn 0.01526200656506037 -0.06212902672524172 0.9979514292758853
vn -0.7158331819626705 0.04876901239693837 -0.6965661770650551
vn -0.4663687378192285 0.058641967032961644 -0.8826445037994656
vn -0.6044822082100033 0.03961001364341426 -0.7956332740507569
vn 0.6044822082100033 -0.03961001364341426 0.7956332740507569
vn 0.4663687378192285 -0.058641967032961644 0.8826445037994656
vn 0.7158331819626705 -0.04876901239693837 0.6965661770650551
vn -0.2614949313484372 0.9576587485810935 -0.12045796837557121
vn 0.2614949313484372 -0.9576587485810935 0.12045796837557121
vn -0.9964920556117319 0.07742500432089605 -0.03176400177266956
vn 0.9964920556117319 -0.07742500432089605 0.03176400177266956
vn -0.9964914343263671 0.08366203646456669 0.002342001020774267
vn 0.9964914343263671 -0.08366203646456669 -0.002342001020774267
vn -0.9947378981169602 0.10128998962567723 -0.01538999842372564
vn 0.9947378981169602 -0.10128998962567723 0.01538999842372564
vn -0.9962131869309544 0.07966801494902725 -0.034818006533303573
vn 0.9962131869309544 -0.07966801494902725 0.034818006533303573
vn -0.9955468562296044 0.08304298800747234 -0.0446129935572819
vn 0.9955468562296044 -0.08304298800747234 0.0446129935572819
vn 0.9890193866033034 0.07810203052973828 -0.12546204904255995
vn -0.9890193866033034 -0.07810203052973828 0.12546204904255995
vn 0.38868599839939105 0.9201459962108388 -0.047481999804468926
vn -0.38868599839939105 -0.9201459962108388 0.047481999804468926
vn 0.9655707788061058 0.025004994271831622 -0.2589359406827026
vn 0.9527409008015754 0.01432899850807915 -0.30344596840551086
vn -0.9527409008015754 -0.01432899850807915 0.30344596840551086
vn -0.9655707788061058 -0.025004994271831622 0.2589359406827026
vn 0.9890668715583006 0.018544997591718976 -0.1462969810016558
vn 0.9804793379972688 0.012009004139822723 -0.19625506765433426
vn -0.9804793379972688 -0.012009004139822723 0.19625506765433426
vn -0.9890668715583006 -0.018544997591718976 0.1462969810016558
vn -0.16113596289071427 0.06395598527106641 -0.9848577731892506
vn 0.16113596289071427 -0.06395598527106641 0.9848577731892506
vn -0.3505740693027158 0.052999010477031115 -0.9350341848408484
vn 0.3505740693027158 -0.052999010477031115 0.9350341848408484
vn -0.7804720987999693 0.033544004246335905 -0.6242900790288861
vn 0.7804720987999693 -0.033544004246335905 0.6242900790288861
vn -0.42824088135138366 0.899561750767006 -0.08601397616892785
vn 0.42824088135138366 -0.899561750767006 0.08601397616892785
vn -0.2706061325496814 0.9614174709264282 -0.049485024239007726
vn 0.2706061325496814 -0.9614174709264282 0.049485024239007726
vn -0.9955590098709676 0.08639500085660645 -0.03739200037074167
vn 0.9955590098709676 -0.08639500085660645 0.03739200037074167
vn 0.9626345088371842 0.08305804390349697 -0.25775213624472215
vn -0.9626345088371842 -0.08305804390349697 0.25775213624472215
vn 0.9839038754053083 0.07235499083747106 -0.16339497930880487
vn -0.9839038754053083 -0.07235499083747106 0.16339497930880487
vn 0.9948551282159422 0.007904001018659835 -0.10099901301665264
vn -0.9948551282159422 -0.007904001018659835 0.10099901301665264
vn 0.08238800048633638 0.996527005882499 -0.012089000071361147
vn -0.08238800048633638 -0.996527005882499 0.012089000071361147
vn -0.08985598149937417 0.05637798839222463 -0.9943577952697059
vn 0.08985598149937417 -0.05637798839222463 0.9943577952697059
vn -0.21103007502648077 0.05043901793233526 -0.9761773470555131
vn 0.21103007502648077 -0.05043901793233526 0.9761773470555131
vn -0.8431931185150171 0.03829600538269553 -0.5362450753719318
vn 0.8431931185150171 -0.03829600538269553 0.5362450753719318
vn -0.15576696115406125 0.9857597541663345 -0.06335898419922148
vn 0.15576696115406125 -0.9857597541663345 0.06335898419922148
vn -0.9971560045609916 0.07499600034303171 -0.007450000034076284
vn 0.9971560045609916 -0.07499600034303171 0.007450000034076284
vn -0.9951187446868944 0.08311897867454042 -0.05319698635149033
vn 0.9951187446868944 -0.08311897867454042 0.05319698635149033
vn 0.9652188899949746 0.08582099021906817 -0.2469559718546764
vn -0.9652188899949746 -0.08582099021906817 0.2469559718546764
vn 0.9592861992523978 0.073831015335368 -0.27261505662460667
vn -0.9592861992523978 -0.073831015335368 0.27261505662460667
vn 0.7675321483804806 0.6370021231462178 -0.0715730138366036
vn -0.7675321483804806 -0.6370021231462178 0.0715730138366036
vn 0.08621501710777686 0.9959041976187833 -0.027236005404481716
vn -0.08621501710777686 -0.9959041976187833 0.027236005404481716
vn -0.8734459225332113 0.029528997381043923 -0.4860249568939625
vn 0.8734459225332113 -0.029528997381043923 0.4860249568939625
vn -0.15247906878652553 0.9878144456239412 -0.031189014070022177
vn 0.15247906878652553 -0.9878144456239412 0.031189014070022177
vn -0.1174500455881266 0.9930013854325697 -0.012399004812662035
vn 0.1174500455881266 -0.9930013854325697 0.012399004812662035
vn -0.9948316350510559 0.07532897236594821 -0.06808497502337192
vn 0.9948316350510559 -0.07532897236594821 0.06808497502337192
vn -0.994746785754942 0.08654998135916996 -0.05466198822709354
vn 0.994746785754942 -0.08654998135916996 0.05466198822709354
vn 0.9211731353567298 0.08379601231294513 -0.3800240558405488
vn -0.9211731353567298 -0.08379601231294513 0.3800240558405488
vn 0.8966561862104028 0.07785601616851635 -0.4358280905093006
vn -0.8966561862104028 -0.07785601616851635 0.4358280905093006
vn 0.9551751326571195 0.07021900975219236 -0.2875930399416431
vn -0.9551751326571195 -0.07021900975219236 0.2875930399416431
vn 0.14737700338038637 0.9870140226391408 -0.06390100146569706
vn -0.14737700338038637 -0.9870140226391408 0.06390100146569706
vn 0.9973212530314045 0.008596002180900602 -0.07263901842932034
vn -0.9973212530314045 -0.008596002180900602 0.07263901842932034
vn 0.10242797409448343 0.9933137487765816 -0.053256986530537356
vn -0.10242797409448343 -0.9933137487765816 0.053256986530537356
vn -0.9116744205532281 0.026773012350326607 -0.41004018915055784
vn 0.9116744205532281 -0.026773012350326607 0.41004018915055784
vn -0.12449605323601766 0.9907824236705441 -0.05339402283192953
vn 0.12449605323601766 -0.9907824236705441 0.05339402283192953
vn -0.11268697266811614 0.9931857591058028 -0.029726992789807727
vn 0.11268697266811614 -0.9931857591058028 0.029726992789807727
vn -0.9960466565840891 0.07251797499732943 -0.05130498231112255
vn 0.9960466565840891 -0.07251797499732943 0.05130498231112255
vn -0.9881587189316327 0.08157397679738687 -0.1299539630363548
vn 0.9881587189316327 -0.08157397679738687 0.1299539630363548
vn -0.9867970345393772 0.08628800302020963 -0.13706200479737582
vn 0.9867970345393772 -0.08628800302020963 0.13706200479737582
vn 0.8923590378677028 0.06976200296038564 -0.44590201892207554
vn -0.8923590378677028 -0.06976200296038564 0.44590201892207554
vn 0.38591205979920085 0.9119361413095318 -0.13944302160746466
vn -0.38591205979920085 -0.9119361413095318 0.13944302160746466
vn 0.8851979626782844 0.45005198102490884 -0.11780399503314799
vn -0.8851979626782844 -0.45005198102490884 0.11780399503314799
vn -0.9258212339249662 0.024480006185302824 -0.3771680952981318
vn 0.9258212339249662 -0.024480006185302824 0.3771680952981318
vn -0.09956999859048711 0.9947559859182343 -0.02337399966911744
vn 0.09956999859048711 -0.9947559859182343 0.02337399966911744
vn -0.6345820098461746 0.7683600119218742 -0.08323800129152069
vn -0.09112703100898477 0.995827338863172 -0.004876001659220534
vn 0.09112703100898477 -0.995827338863172 0.004876001659220534
vn 0.6345820098461746 -0.7683600119218742 0.08323800129152069
vn -0.9860206993687437 0.07138897823396789 -0.15055495409678005
vn 0.9860206993687437 -0.07138897823396789 0.15055495409678005
vn -0.9844744009819199 0.07576803086074203 -0.1583330644899411
vn 0.9844744009819199 -0.07576803086074203 0.1583330644899411
vn 0.8445868299893334 0.08178198353773827 -0.5291358934878656
vn -0.8445868299893334 -0.08178198353773827 0.5291358934878656
vn 0.8227052835495384 0.07055902431852484 -0.5640721944103357
vn -0.8227052835495384 -0.07055902431852484 0.5640721944103357
vn 0.6758812504052633 0.5489442033767289 -0.4917771821970866
vn -0.6758812504052633 -0.5489442033767289 0.4917771821970866
vn 0.5679531417988908 0.7189931795085331 -0.40059710001568816
vn -0.5679531417988908 -0.7189931795085331 0.40059710001568816
vn 0.9973052521257808 0.05209501316998568 -0.05165601305900333
vn -0.9973052521257808 -0.05209501316998568 0.05165601305900333
vn -0.9468985590810497 0.023220989187253467 -0.32069285067085196
vn 0.9468985590810497 -0.023220989187253467 0.32069285067085196
vn -0.956406121903054 0.016718002130868395 -0.2915610371622264
vn -0.9715947939242803 0.02227599527525082 -0.2355999500291381
vn 0.9715947939242803 -0.02227599527525082 0.2355999500291381
vn 0.956406121903054 -0.016718002130868395 0.2915610371622264
vn -0.09107297571639607 0.9957647344903223 -0.012581996645149222
vn 0.09107297571639607 -0.9957647344903223 0.012581996645149222
vn -0.9605838364063427 0.08206598602363038 -0.2656009547664348
vn 0.9605838364063427 -0.08206598602363038 0.2656009547664348
vn 0.8381541305693369 0.07690801198088498 -0.5399840841198071
vn -0.8381541305693369 -0.07690801198088498 0.5399840841198071
vn 0.7593545156800476 0.46008870655321626 -0.4601077065410977
vn -0.7593545156800476 -0.46008870655321626 0.4601077065410977
vn 0.8693318170139306 0.3958409166792564 -0.2959259377104079
vn -0.8693318170139306 -0.3958409166792564 0.2959259377104079
vn 0.9793553684031988 0.17667406645931943 -0.09823103695147785
vn -0.9793553684031988 -0.17667406645931943 0.09823103695147785
vn 0.9995855078556958 0.00904899554474172 -0.02732998654412543
vn -0.9995855078556958 -0.00904899554474172 0.02732998654412543
vn -0.9827133587194316 0.014254005203133385 -0.18458406737864214
vn 0.9827133587194316 -0.014254005203133385 0.18458406737864214
vn -0.5402190692706751 0.838697107543621 -0.06892400883791927
vn 0.5402190692706751 -0.838697107543621 0.06892400883791927
vn -0.949478086139979 0.07306300662853205 -0.30521002768972316
vn 0.949478086139979 -0.07306300662853205 0.30521002768972316
vn -0.9608174205527595 0.08543103739342961 -0.2636881154171044
vn 0.9608174205527595 -0.08543103739342961 0.2636881154171044
vn 0.8137450376446601 0.07886200364823537 -0.5758470266392599
vn -0.8137450376446601 -0.07886200364823537 0.5758470266392599
vn 0.8077438814716715 0.07406998913097071 -0.584861914177369
vn -0.8077438814716715 -0.07406998913097071 0.584861914177369
vn 0.9335029681857526 0.3080559895012981 -0.1835039937460922
vn -0.9335029681857526 -0.3080559895012981 0.1835039937460922
vn 0.993537512012734 0.1020310525810023 -0.0497280256269965
vn -0.993537512012734 -0.1020310525810023 0.0497280256269965
vn 0.9984293995485618 0.05580102233029018 -0.004998002000085835
vn -0.9984293995485618 -0.05580102233029018 0.004998002000085835
vn -0.9945067116855846 0.008060997663060713 -0.10436196974473881
vn 0.9945067116855846 -0.008060997663060713 0.10436196974473881
vn -0.10242799930379691 0.9941489932427694 -0.03429699976688307
vn 0.10242799930379691 -0.9941489932427694 0.03429699976688307
vn -0.9505531258846105 0.06994900926355782 -0.30258204007184997
vn 0.9505531258846105 -0.06994900926355782 0.30258204007184997
vn -0.8844480402401756 0.07740500352173432 -0.460174020936768
vn 0.8844480402401756 -0.07740500352173432 0.460174020936768
vn -0.9117008754457141 0.08293498866963003 -0.40239694502553913
vn 0.9117008754457141 -0.08293498866963003 0.40239694502553913
vn 0.8289710384319272 0.08919100413498438 -0.5521340255974861
vn -0.8289710384319272 -0.08919100413498438 0.5521340255974861
vn 0.8207747239743275 0.08443297160528097 -0.5649778099985594
vn -0.8207747239743275 -0.08443297160528097 0.5649778099985594
vn 0.8707011106169237 0.08969601139529607 -0.4835640614336748
vn -0.8707011106169237 -0.08969601139529607 0.4835640614336748
vn 0.9752487256338023 0.10801296961276959 -0.19293294572227845
vn -0.9752487256338023 -0.10801296961276959 0.19293294572227845
vn 0.9890941249591924 0.0999830126315547 -0.10814901366322277
vn -0.9890941249591924 -0.0999830126315547 0.10814901366322277
vn 0.9945555232768315 0.10132295143257734 -0.02435098832777049
vn -0.9945555232768315 -0.10132295143257734 0.02435098832777049
vn 0.9994403420640127 0.009385003212069509 0.03210801098914524
vn -0.9994403420640127 -0.009385003212069509 -0.03210801098914524
vn -0.9972734425805779 0.007633003387455158 -0.07339903257380061
vn 0.9972734425805779 -0.007633003387455158 0.07339903257380061
vn -0.12471397282582601 0.989151784471763 -0.07762198308679248
vn 0.12471397282582601 -0.989151784471763 0.07762198308679248
vn -0.8940121170793874 0.06740100882680308 -0.4429440580077361
vn 0.8940121170793874 -0.06740100882680308 0.4429440580077361
vn -0.8719901278577418 0.06913401013694792 -0.48461707105819474
vn 0.8719901278577418 -0.06913401013694792 0.48461707105819474
vn 0.9346806816679097 0.10324996483528792 -0.34016388414751436
vn -0.9346806816679097 -0.10324996483528792 0.34016388414751436
vn 0.9903476966025729 0.11154196582862207 -0.08227897479346964
vn -0.9903476966025729 -0.11154196582862207 0.08227897479346964
vn 0.9939757726573902 0.10913697503813935 -0.010063997698157653
vn -0.9939757726573902 -0.10913697503813935 0.010063997698157653
vn 0.9949222385400972 0.10064002412920348 0.001151000275961004
vn -0.9949222385400972 -0.10064002412920348 -0.001151000275961004
vn 0.9972041440481433 0.06954201004548316 0.027346003950185258
vn -0.9972041440481433 -0.06954201004548316 -0.027346003950185258
vn -0.8882102934558473 0.44117214575888936 -0.12825604237452073
vn 0.8882102934558473 -0.44117214575888936 0.12825604237452073
vn -0.16571793621410147 0.9816246221663751 -0.09460796358478665
vn 0.16571793621410147 -0.9816246221663751 0.09460796358478665
vn -0.8106900987298997 0.06878300837673931 -0.5814210708083694
vn 0.8106900987298997 -0.06878300837673931 0.5814210708083694
vn -0.8278873035805348 0.08015102939082694 -0.5551382035653307
vn 0.8278873035805348 -0.08015102939082694 0.5551382035653307
vn 0.8805918868862184 0.10146198696700579 -0.46288594054137905
vn -0.8805918868862184 -0.10146198696700579 0.46288594054137905
vn 0.9500993157688854 0.1136040377567059 -0.2905260965573811
vn -0.9500993157688854 -0.1136040377567059 0.2905260965573811
vn 0.9927070423717156 0.11427200487747209 -0.038401001639069954
vn -0.9927070423717156 -0.11427200487747209 0.038401001639069954
vn 0.9967973859904249 0.055307021416569686 0.05775902236605945
vn -0.9967973859904249 -0.055307021416569686 -0.05775902236605945
vn -0.9970599765466569 0.05376199873538341 -0.054598998715695055
vn 0.9970599765466569 -0.05376199873538341 0.054598998715695055
vn -0.39191283271870564 0.9075286126369225 -0.1509839355550874
vn 0.39191283271870564 -0.9075286126369225 0.1509839355550874
vn -0.7131789408539333 0.45469696229061846 -0.533503955754918
vn 0.7131789408539333 -0.45469696229061846 0.533503955754918
vn -0.8214328477420964 0.07531798603932313 -0.565309895216146
vn 0.8214328477420964 -0.07531798603932313 0.565309895216146
vn 0.9766940281341603 0.1179280033969752 -0.17933700516589215
vn -0.9766940281341603 -0.1179280033969752 0.17933700516589215
vn 0.9875829799076243 0.11960099756671774 -0.10185999792765833
vn -0.9875829799076243 -0.11960099756671774 0.10185999792765833
vn 0.9915345527441484 0.12076794552467165 -0.047689978488271625
vn -0.9915345527441484 -0.12076794552467165 0.047689978488271625
vn 0.9925886296146295 0.12123395476143697 -0.008374996874862097
vn -0.9925886296146295 -0.12123395476143697 0.008374996874862097
vn 0.9946822752922834 0.1016080281214482 0.016822004655725965
vn -0.9946822752922834 -0.1016080281214482 -0.016822004655725965
vn 0.994300396005069 0.09948903962400513 0.038323015263101966
vn -0.994300396005069 -0.09948903962400513 -0.038323015263101966
vn 0.9963435295217147 0.011624994510620743 0.08464296003118049
vn -0.9963435295217147 -0.011624994510620743 -0.08464296003118049
vn -0.9995478054430363 0.010784997900754295 -0.028068994536511085
vn 0.9995478054430363 -0.010784997900754295 0.028068994536511085
vn -0.9724314137399953 0.20290408632951853 -0.11492204889583703
vn 0.9724314137399953 -0.20290408632951853 0.11492204889583703
vn -0.8702896710914869 0.38077185609491976 -0.31242388192566456
vn 0.8702896710914869 -0.38077185609491976 0.31242388192566456
vn -0.5622878881491422 0.7108528585964526 -0.4225169159525207
vn 0.5622878881491422 -0.7108528585964526 0.4225169159525207
vn -0.7897126845536746 0.0727019709596035 -0.6091537566769308
vn 0.7897126845536746 -0.0727019709596035 0.6091537566769308
vn -0.7922909429716922 0.07703399445517045 -0.6052609564339232
vn 0.7922909429716922 -0.07703399445517045 0.6052609564339232
vn 0.9932561935454242 0.11309602203783645 0.025523004973400498
vn -0.9932561935454242 -0.11309602203783645 -0.025523004973400498
vn 0.9935739248659426 0.09902999251135225 0.05480799585541954
vn -0.9935739248659426 -0.09902999251135225 -0.05480799585541954
vn 0.9940591639730548 0.06833801127256088 0.08471301397366696
vn -0.9940591639730548 -0.06833801127256088 -0.08471301397366696
vn -0.9981150460480389 0.061163002821755214 -0.005044000232704943
vn 0.9981150460480389 -0.061163002821755214 0.005044000232704943
vn -0.9904905155400475 0.10061105236701001 -0.0938400488427728
vn 0.9904905155400475 -0.10061105236701001 0.0938400488427728
vn -0.9326212326792339 0.3024440754566306 -0.1968380491090325
vn 0.9326212326792339 -0.3024440754566306 0.1968380491090325
vn -0.7487856878638839 0.4570138094908627 -0.48006079988357675
vn 0.7487856878638839 -0.4570138094908627 0.48006079988357675
vn -0.8108941728088648 0.08733501861188059 -0.5786391233132181
vn 0.8108941728088648 -0.08733501861188059 0.5786391233132181
vn 0.9922202679009967 0.12288603317941775 0.019949005386262132
vn -0.9922202679009967 -0.12288603317941775 -0.019949005386262132
vn 0.9919104564053836 0.04653802141342835 0.1181010543415554
vn -0.9919104564053836 -0.04653802141342835 -0.1181010543415554
vn -0.999406413454019 0.010823004477472458 0.03270601353046424
vn 0.999406413454019 -0.010823004477472458 -0.03270601353046424
vn -0.9942673041195697 0.10238303131620974 -0.0308260094288454
vn 0.9942673041195697 -0.10238303131620974 0.0308260094288454
vn -0.9734783101049723 0.10788003436556806 -0.20174706426724368
vn 0.9734783101049723 -0.10788003436556806 0.20174706426724368
vn -0.8577294778472292 0.08849604930178238 -0.5064272821342624
vn 0.8577294778472292 -0.08849604930178238 0.5064272821342624
vn -0.8085830741199838 0.08559300784601194 -0.5821230533611853
vn 0.8085830741199838 -0.08559300784601194 0.5821230533611853
vn 0.9913379998170982 0.12492999997695041 0.040514999992525016
vn -0.9913379998170982 -0.12492999997695041 -0.040514999992525016
vn 0.9913987024029736 0.11899396428051615 0.05448898364355386
vn -0.9913987024029736 -0.11899396428051615 -0.05448898364355386
vn 0.9923793445333282 0.09573503323719885 0.07757602693277216
vn -0.9923793445333282 -0.09573503323719885 -0.07757602693277216
vn 0.9895962185795629 0.09529802104919093 0.10778502380728926
vn -0.9895962185795629 -0.09529802104919093 -0.10778502380728926
vn 0.9884254662156917 0.01682800793735248 0.1507710711149617
vn -0.9884254662156917 -0.01682800793735248 -0.1507710711149617
vn -0.9972960517267556 0.06626700343707075 0.03176900164776286
vn 0.9972960517267556 -0.06626700343707075 -0.03176900164776286
vn -0.9947234115474995 0.10245704238961215 -0.005281002184912104
vn 0.9947234115474995 -0.10245704238961215 0.005281002184912104
vn -0.9929521234269354 0.11251901398645188 -0.03722300462693141
vn 0.9929521234269354 -0.11251901398645188 0.03722300462693141
vn -0.9278023943495024 0.10248204355856722 -0.3587201524690111
vn 0.9278023943495024 -0.10248204355856722 0.3587201524690111
vn -0.8680182502089008 0.1000830288492376 -0.48634114018931296
vn 0.8680182502089008 -0.1000830288492376 0.48634114018931296
vn 0.9911299852718085 0.10932399837544539 0.07556199887714873
vn -0.9911299852718085 -0.10932399837544539 -0.07556199887714873
vn 0.9846530223919945 0.0696220015832739 0.16003500363935608
vn -0.9846530223919945 -0.0696220015832739 -0.16003500363935608
vn -0.996091052604068 0.05183700273753811 0.07152300377716572
vn 0.996091052604068 -0.05183700273753811 -0.07152300377716572
vn -0.9947713166651062 0.10111403218758443 0.014352004568667188
vn 0.9947713166651062 -0.10111403218758443 -0.014352004568667188
vn -0.9933914454999044 0.11462405140471481 0.0058960026441425995
vn 0.9933914454999044 -0.11462405140471481 -0.0058960026441425995
vn -0.9896913008473971 0.11325103442616796 -0.08766602664881047
vn 0.9896913008473971 -0.11325103442616796 0.08766602664881047
vn -0.9449203533776002 0.11300804226230358 -0.30717211487502033
vn 0.9449203533776002 -0.11300804226230358 0.30717211487502033
vn 0.9897528659805428 0.1271969827766393 0.06488599121398321
vn -0.9897528659805428 -0.1271969827766393 -0.06488599121398321
vn 0.9881398606960049 0.12962398172613082 0.08232398839429426
vn -0.9881398606960049 -0.12962398172613082 -0.08232398839429426
vn 0.9828760959695009 0.10377101013235754 0.1522700148678734
vn -0.9828760959695009 -0.10377101013235754 -0.1522700148678734
vn 0.9776748741879168 0.05088899345135024 0.20386797376525145
vn -0.9776748741879168 -0.05088899345135024 -0.20386797376525145
vn -0.9961828512649306 0.012335998158173914 0.08641498709781133
vn 0.9961828512649306 -0.012335998158173914 -0.08641498709781133
vn -0.9940677395175059 0.0943869752671234 0.054040985839264075
vn 0.9940677395175059 -0.0943869752671234 -0.054040985839264075
vn -0.9943134627267467 0.10127104712882196 0.032938015328466595
vn 0.9943134627267467 -0.10127104712882196 -0.032938015328466595
vn -0.9925450963810961 0.1214420117926271 -0.010299001000084513
vn 0.9925450963810961 -0.1214420117926271 0.010299001000084513
vn -0.991539116385381 0.1208010141794427 -0.04751100557677087
vn 0.991539116385381 -0.1208010141794427 0.04751100557677087
vn -0.9872291943785368 0.11959802354801598 -0.10523702072043473
vn 0.9872291943785368 -0.11959802354801598 0.10523702072043473
vn -0.9749489782947112 0.11776699737815341 -0.1886939957991056
vn 0.9749489782947112 -0.11776699737815341 0.1886939957991056
vn 0.9869581319558176 0.11951101597856412 0.10784601441895919
vn -0.9869581319558176 -0.11951101597856412 -0.10784601441895919
vn 0.9708492573226588 0.09487402514626876 0.22011505834128386
vn -0.9708492573226588 -0.09487402514626876 -0.22011505834128386
vn 0.9747667750638197 0.01969799545451074 0.2223549486896003
vn -0.9747667750638197 -0.01969799545451074 -0.2223549486896003
vn -0.9923718621531076 0.053326992592534594 0.11114998456054576
vn 0.9923718621531076 -0.053326992592534594 -0.11114998456054576
vn -0.9931091238630605 0.08484501058208249 0.08084301008294298
vn 0.9931091238630605 -0.08484501058208249 -0.08084301008294298
vn -0.9930955663366123 0.11380495030383586 0.028453987574758123
vn 0.9930955663366123 -0.11380495030383586 -0.028453987574758123
vn -0.99226941357897 0.12248905105356961 0.01994600831351797
vn 0.99226941357897 -0.12248905105356961 -0.01994600831351797
vn 0.9845463128622851 0.13012304134959574 0.11720303724396669
vn -0.9845463128622851 -0.13012304134959574 -0.11720303724396669
vn 0.9810797780361213 0.1238829719721621 0.14877996633935475
vn -0.9810797780361213 -0.1238829719721621 -0.14877996633935475
vn 0.9713199884971431 0.09581399886532269 0.21761699742287077
vn -0.9713199884971431 -0.09581399886532269 -0.21761699742287077
vn 0.9570481244540677 0.05743100746829992 0.2841840369551525
vn -0.9570481244540677 -0.05743100746829992 -0.2841840369551525
vn -0.9886387173254925 0.017449995010645755 0.14929495731314404
vn 0.9886387173254925 -0.017449995010645755 -0.14929495731314404
vn -0.9929732676768328 0.09725202621632949 0.06742501817583205
vn 0.9929732676768328 -0.09725202621632949 -0.06742501817583205
vn -0.9917518657485425 0.11663598421122115 0.05314399280600449
vn 0.9917518657485425 -0.11663598421122115 -0.05314399280600449
vn -0.9915910695100405 0.124182008705097 0.03641400255260349
vn 0.9915910695100405 -0.124182008705097 -0.03641400255260349
vn 0.945656647265408 0.08478096837628071 0.3139198829063359
vn -0.945656647265408 -0.08478096837628071 -0.3139198829063359
vn 0.9481411093936831 0.10135401169392241 0.30125703475813487
vn -0.9481411093936831 -0.10135401169392241 -0.30125703475813487
vn 0.9557357359637034 0.021702994004223125 0.293424918936976
vn -0.9557357359637034 -0.021702994004223125 -0.293424918936976
vn -0.9860176810016396 0.05334398274205079 0.15787194892495965
vn 0.9860176810016396 -0.05334398274205079 -0.15787194892495965
vn -0.991018105905651 0.09432301007987615 0.09479601013042359
vn 0.991018105905651 -0.09432301007987615 -0.09479601013042359
vn 0.9732658261178029 0.10105498194567009 0.2062559631506223
vn -0.9732658261178029 -0.10105498194567009 -0.2062559631506223
vn 0.9413837938365011 0.05579098778174704 0.3326919271403096
vn -0.9413837938365011 -0.05579098778174704 -0.3326919271403096
vn 0.9163001644699384 0.06857801230930849 0.3945770708240259
vn -0.9163001644699384 -0.06857801230930849 -0.3945770708240259
vn 0.9251194532559114 0.023192011362766326 0.37896718567236537
vn -0.9251194532559114 -0.023192011362766326 -0.37896718567236537
vn -0.9781266958055793 0.039978987566656694 0.20413193651559003
vn 0.9781266958055793 -0.039978987566656694 -0.20413193651559003
vn -0.9862093923743331 0.09311103704525765 0.13682605443776172
vn 0.9862093923743331 -0.09311103704525765 -0.13682605443776172
vn -0.9904127620746564 0.11630797205951368 0.07453198209529592
vn 0.9904127620746564 -0.11630797205951368 -0.07453198209529592
vn -0.9897715588816792 0.1270509433763293 0.06488697108137585
vn 0.9897715588816792 -0.1270509433763293 -0.06488697108137585
vn 0.9535367990388034 0.05147298915188846 0.29684693743847557
vn -0.9535367990388034 -0.05147298915188846 -0.29684693743847557
vn 0.8892137120210722 0.05677198161394246 0.45395585298278923
vn -0.8892137120210722 -0.05677198161394246 -0.45395585298278923
vn 0.9095771184478688 0.10442501359853935 0.40220005237570083
vn -0.9095771184478688 -0.10442501359853935 -0.40220005237570083
vn -0.9747512422798125 0.01997800496564358 0.2223980552782667
vn 0.9747512422798125 -0.01997800496564358 -0.2223980552782667
vn -0.973052173512733 0.09409201677830169 0.21051403753844553
vn 0.973052173512733 -0.09409201677830169 -0.21051403753844553
vn -0.986635201498061 0.12089602469029537 0.10924802231145277
vn 0.986635201498061 -0.12089602469029537 -0.10924802231145277
vn -0.9882132569507974 0.1298820337713463 0.08102602106802413
vn 0.9882132569507974 -0.1298820337713463 -0.08102602106802413
vn 0.961814110940455 0.06956700802420696 0.26471503053355694
vn -0.961814110940455 -0.06956700802420696 -0.26471503053355694
vn 0.8990143972403872 -0.010868004802159494 0.437784193440242
vn -0.8990143972403872 0.010868004802159494 -0.437784193440242
vn 0.8633046189050513 0.08381496300094032 0.4976747803077376
vn -0.8633046189050513 -0.08381496300094032 -0.4976747803077376
vn 0.8554620895916937 0.022347002340379212 0.5173830541850127
vn -0.8554620895916937 -0.022347002340379212 -0.5173830541850127
vn -0.9551887802177732 0.045392989555392 0.2924959326987411
vn 0.9551887802177732 -0.045392989555392 -0.2924959326987411
vn -0.9813940000981394 0.11690800001169077 0.15231000001523104
vn 0.9813940000981394 -0.11690800001169077 -0.15231000001523104
vn 0.9338682369410791 0.011256002855873326 0.3574400906897113
vn -0.9338682369410791 -0.011256002855873326 -0.3574400906897113
vn 0.9111160158351964 -0.027222000473118457 0.41125000714752513
vn -0.9111160158351964 0.027222000473118457 -0.41125000714752513
vn 0.8109703361160517 -0.04311901787117666 0.5834962418367778
vn -0.8109703361160517 0.04311901787117666 -0.5834962418367778
vn 0.8352886958601649 0.10970896005349373 0.5387548038321385
vn -0.8352886958601649 -0.10970896005349373 -0.5387548038321385
vn -0.9557159581511105 0.022333999022038805 0.29344198715076253
vn 0.9557159581511105 -0.022333999022038805 -0.29344198715076253
vn -0.9430920656797629 0.10635500740688196 0.31506502194207403
vn 0.9430920656797629 -0.10635500740688196 -0.31506502194207403
vn -0.970476913870663 0.10561099062707777 0.2168429807552948
vn 0.970476913870663 -0.10561099062707777 -0.2168429807552948
vn -0.9810557651759918 0.12394097033367878 0.14888996436192575
vn 0.9810557651759918 -0.12394097033367878 -0.14888996436192575
vn -0.9845692444439595 0.13012503230679637 0.11700802905017205
vn 0.9845692444439595 -0.13012503230679637 -0.11700802905017205
vn 0.8287131769344257 -0.11269002405988626 0.548211117045827
vn -0.8287131769344257 0.11269002405988626 -0.548211117045827
vn 0.8060109205877779 0.05505199457600236 0.5893349419357776
vn -0.8060109205877779 -0.05505199457600236 -0.5893349419357776
vn 0.7786530890090076 0.06686200764309669 0.6238820713168995
vn -0.7786530890090076 -0.06686200764309669 -0.6238820713168995
vn -0.9251062484109507 0.023360006272664678 0.3789891017667357
vn 0.9251062484109507 -0.023360006272664678 -0.3789891017667357
vn -0.8988668102231693 0.10841297711087887 0.424599910354655
vn 0.8988668102231693 -0.10841297711087887 -0.424599910354655
vn -0.9430977601735708 0.10115797427588438 0.31675491945034284
vn 0.9430977601735708 -0.10115797427588438 -0.31675491945034284
vn 0.8643740529446411 -0.09663800591927144 0.4934760302263948
vn -0.8643740529446411 0.09663800591927144 -0.4934760302263948
vn 0.6997989622157555 -0.17939099031414268 0.6914479626666511
vn -0.6997989622157555 0.17939099031414268 -0.6914479626666511
vn 0.7136102068652815 -0.019440005635376723 0.700273202999077
vn -0.7136102068652815 0.019440005635376723 -0.700273202999077
vn 0.743484248405192 0.08815102945210114 0.6629182214873126
vn -0.743484248405192 -0.08815102945210114 -0.6629182214873126
vn 0.7695361066977278 0.12597801746710519 0.6260540868036574
vn -0.7695361066977278 -0.12597801746710519 -0.6260540868036574
vn 0.7616619413029055 0.021161998369161095 0.6476289500908007
vn -0.7616619413029055 -0.021161998369161095 -0.6476289500908007
vn -0.9061869430321065 0.04543899714345472 0.42042897356952313
vn 0.9061869430321065 -0.04543899714345472 -0.42042897356952313
vn -0.8864375830562029 0.10320695145569284 0.4511947877765207
vn 0.8864375830562029 -0.10320695145569284 -0.4511947877765207
vn -0.9477251856224206 0.06480301269238403 0.312438061194437
vn 0.9477251856224206 -0.06480301269238403 -0.312438061194437
vn -0.9732647978032861 0.10106897900282069 0.20625395715053862
vn 0.9732647978032861 -0.10106897900282069 -0.20625395715053862
vn 0.7259123596094499 -0.22704611247628811 0.6492313216224594
vn -0.7259123596094499 0.22704611247628811 -0.6492313216224594
vn 0.6957651523677146 0.09695802123313012 0.7116951558562743
vn -0.6957651523677146 -0.09695802123313012 -0.7116951558562743
vn 0.6623371063667114 0.013566002178604996 0.7490831202975152
vn -0.6623371063667114 -0.013566002178604996 -0.7490831202975152
vn -0.8533094584089252 0.023372985165287775 0.5208806693997485
vn 0.8533094584089252 -0.023372985165287775 -0.5208806693997485
vn -0.8236186712864413 0.10636395754919561 0.5570807776640924
vn 0.8236186712864413 -0.10636395754919561 -0.5570807776640924
vn -0.7998111339019919 0.14026602348291867 0.5836330977101104
vn 0.7998111339019919 -0.14026602348291867 -0.5836330977101104
vn -0.8994385733828943 0.00532199747569727 0.4370147927173778
vn 0.8994385733828943 -0.00532199747569727 -0.4370147927173778
vn -0.9537859152780623 0.052172995365629485 0.2959229737140512
vn 0.9537859152780623 -0.052172995365629485 -0.2959229737140512
vn 0.8165317373038186 -0.1589339488674604 0.5549918214469499
vn -0.8165317373038186 0.1589339488674604 -0.5549918214469499
vn 0.5797031909858564 -0.29812909821998934 0.7583292498350249
vn -0.5797031909858564 0.29812909821998934 -0.7583292498350249
vn 0.5661958618909743 -0.09983197564853839 0.8182028004203152
vn -0.5661958618909743 0.09983197564853839 -0.8182028004203152
vn 0.63772990987474 0.061011991377663784 0.7678398914873384
vn -0.63772990987474 -0.061011991377663784 -0.7678398914873384
vn 0.6966179630492942 0.12447899339726076 0.7065609625218878
vn -0.6966179630492942 -0.12447899339726076 -0.7065609625218878
vn -0.8537009770226387 0.04552299877474839 0.5187699860373061
vn 0.8537009770226387 -0.04552299877474839 -0.5187699860373061
vn -0.8098721599364046 0.02086800412108677 0.5862351157717739
vn 0.8098721599364046 -0.02086800412108677 -0.5862351157717739
vn -0.9618156446067805 0.06962997427155512 0.264692902195329
vn 0.9618156446067805 -0.06962997427155512 -0.264692902195329
vn 0.7522629935384371 -0.21536299815013968 0.6226709946515675
vn -0.7522629935384371 0.21536299815013968 -0.6226709946515675
vn 0.5186259869791169 -0.34560399132309366 0.7820389803657385
vn -0.5186259869791169 0.34560399132309366 -0.7820389803657385
vn 0.5007300418898253 -0.27455602296867165 0.8209070686750359
vn -0.5007300418898253 0.27455602296867165 -0.8209070686750359
vn 0.597119922874503 0.13146998301900925 0.7913048977930878
vn -0.597119922874503 -0.13146998301900925 -0.7913048977930878
vn 0.5808329164315085 0.07675698895643532 0.8103958834026799
vn -0.5808329164315085 -0.07675698895643532 -0.8103958834026799
vn -0.7556112182862895 0.04473201292249874 0.6534911887851363
vn 0.7556112182862895 -0.04473201292249874 -0.6534911887851363
vn -0.7053357096891717 0.16758293102413652 0.6887797165034929
vn 0.7053357096891717 -0.16758293102413652 -0.6887797165034929
vn -0.6847275445844379 0.036500975723026456 0.72788451588053
vn 0.6847275445844379 -0.036500975723026456 -0.72788451588053
vn -0.8152172657726926 -0.08256902691870455 0.5732391868843174
vn 0.8152172657726926 0.08256902691870455 -0.5732391868843174
vn -0.9175021939535618 -0.01548700327384452 0.3974290840137352
vn 0.9175021939535618 0.01548700327384452 -0.3974290840137352
vn -0.9250450666152727 -0.006882000495593604 0.3797950273501803
vn 0.9250450666152727 0.006882000495593604 -0.3797950273501803
vn 0.658725374198936 -0.29499116757420535 0.6921423931819801
vn -0.658725374198936 0.29499116757420535 -0.6921423931819801
vn 0.3451049210536347 -0.13269996964349226 0.9291357874504569
vn -0.3451049210536347 0.13269996964349226 -0.9291357874504569
vn 0.5076321143867878 0.04441801000888881 0.8604281938837486
vn -0.5076321143867878 -0.04441801000888881 -0.8604281938837486
vn 0.4827679700082822 0.004047999748519854 0.8757389455951577
vn -0.4827679700082822 -0.004047999748519854 -0.8757389455951577
vn -0.7624909046417496 0.021278997338816698 0.6466489191291213
vn 0.7624909046417496 -0.021278997338816698 -0.6466489191291213
vn -0.722810198992205 0.10737802956155128 0.6826531879368377
vn 0.722810198992205 -0.10737802956155128 -0.6826531879368377
vn -0.6952502620023298 0.14313205393875203 0.7043722654399208
vn 0.6952502620023298 -0.14313205393875203 -0.7043722654399208
vn -0.7149886574243491 -0.1560779252176994 0.6814916734739059
vn 0.7149886574243491 0.1560779252176994 -0.6814916734739059
vn -0.8493199320726686 -0.10827899134000916 0.516653958678793
vn 0.8493199320726686 0.10827899134000916 -0.516653958678793
vn 0.4233999356072257 -0.42066893602256994 0.8023528779741718
vn -0.4233999356072257 0.42066893602256994 -0.8023528779741718
vn 0.3673749455194018 -0.39646294120573977 0.8413398752318297
vn -0.3673749455194018 0.39646294120573977 -0.8413398752318297
vn 0.2551720545961083 -0.326944069952307 0.9099421946894328
vn -0.2551720545961083 0.326944069952307 -0.9099421946894328
vn 0.4545848080900177 0.13674094227270372 0.8801446284333813
vn -0.4545848080900177 -0.13674094227270372 -0.8801446284333813
vn 0.4767680512601966 0.08549000919154413 0.874862094061678
vn -0.4767680512601966 -0.08549000919154413 -0.874862094061678
vn -0.656169184199183 0.01419900398593059 0.7544802117969603
vn 0.656169184199183 -0.01419900398593059 -0.7544802117969603
vn -0.6240819512975826 0.12529299022232318 0.77124793981297
vn 0.6240819512975826 -0.12529299022232318 -0.77124793981297
vn -0.5903709637766098 0.14922799084381827 0.7932169513305889
vn 0.5903709637766098 -0.14922799084381827 -0.7932169513305889
vn -0.5541529998243335 -0.10558799996652879 0.8256909997382559
vn 0.5541529998243335 0.10558799996652879 -0.8256909997382559
vn 0.1300479786777253 -0.16862897235210206 0.977062839803721
vn -0.1300479786777253 0.16862897235210206 -0.977062839803721
vn 0.37644917314068443 0.03602901657086522 0.925736425774978
vn -0.37644917314068443 -0.03602901657086522 -0.925736425774978
vn 0.3630991455980663 0.0529040212138288 0.9302473730171782
vn -0.3630991455980663 -0.0529040212138288 -0.9302473730171782
vn -0.6608738762431173 0.0542749898363305 0.7485318598280658
vn 0.6608738762431173 -0.0542749898363305 -0.7485318598280658
vn -0.5126713073006568 0.06068703637645754 0.8564375133577921
vn 0.5126713073006568 -0.06068703637645754 -0.8564375133577921
vn -0.5912528284852656 -0.23311093237755892 0.7720617760349481
vn 0.5912528284852656 0.23311093237755892 -0.7720617760349481
vn -0.7101781800422643 -0.2396190607475132 0.6619891678255291
vn 0.7101781800422643 0.2396190607475132 -0.6619891678255291
vn -0.8829111613546782 -0.07418201355698685 0.4636430847321724
vn 0.8829111613546782 0.07418201355698685 -0.4636430847321724
vn 0.24372299119709132 -0.44773798382837615 0.8603079689269671
vn -0.24372299119709132 0.44773798382837615 -0.8603079689269671
vn 0.07084699627918671 -0.3312769826016649 0.9408699505864524
vn -0.07084699627918671 0.3312769826016649 -0.9408699505864524
vn 0.2280759003079317 -0.006804997025533264 0.9736195744304902
vn -0.2280759003079317 0.006804997025533264 -0.9736195744304902
vn 0.35119100119598096 0.14046200047834317 0.9257080031524987
vn -0.35119100119598096 -0.14046200047834317 -0.9257080031524987
vn 0.3169100967632838 -0.006647002029552914 0.9484322895881946
vn -0.3169100967632838 0.006647002029552914 -0.9484322895881946
vn -0.5762877216340802 0.04017898059223097 0.816258605720252
vn 0.5762877216340802 -0.04017898059223097 -0.816258605720252
vn -0.5290858685145062 0.10288697443109801 0.8423077906743266
vn 0.5290858685145062 -0.10288697443109801 -0.8423077906743266
vn -0.47639194088833886 0.17298597853555497 0.8620478930353801
vn 0.47639194088833886 -0.17298597853555497 -0.8620478930353801
vn -0.4681500222855801 0.1439930068545711 0.8718380415025432
vn 0.4681500222855801 -0.1439930068545711 -0.8718380415025432
vn -0.3396048213424406 -0.08298195634527901 0.9369005071201953
vn 0.3396048213424406 0.08298195634527901 -0.9369005071201953
vn -0.42111885610181643 -0.25828791174187354 0.8694517029044913
vn 0.42111885610181643 0.25828791174187354 -0.8694517029044913
vn -0.5924113642587534 -0.2936571805623677 0.7502094612848091
vn 0.5924113642587534 0.2936571805623677 -0.7502094612848091
vn -0.8130823310916645 -0.15532706325004741 0.5610442284603421
vn 0.8130823310916645 0.15532706325004741 -0.5610442284603421
vn 0.2992341169154305 -0.46676718237320886 0.8322183251606625
vn -0.2992341169154305 0.46676718237320886 -0.8322183251606625
vn 0.09713999131957077 -0.45804795906883644 0.8836039210411569
vn -0.09713999131957077 0.45804795906883644 -0.8836039210411569
vn -0.005609998744412296 -0.16863396225761576 0.9856627793963738
vn 0.005609998744412296 0.16863396225761576 -0.9856627793963738
vn 0.08747198641980021 -0.004265999337695343 0.9961578453445142
vn -0.08747198641980021 0.004265999337695343 -0.9961578453445142
vn 0.2940489366815672 0.10944297643331789 0.9495037955405213
vn -0.2940489366815672 -0.10944297643331789 -0.9495037955405213
vn 0.3200600711863287 0.15961203550019443 0.933855207703896
vn -0.3200600711863287 -0.15961203550019443 -0.933855207703896
vn 0.22732304108796145 0.07179601297691492 0.9711691755359309
vn -0.22732304108796145 -0.07179601297691492 -0.9711691755359309
vn -0.47589604303980204 0.0040790003689025744 0.8794920795408274
vn 0.47589604303980204 -0.0040790003689025744 -0.8794920795408274
vn -0.34583501267104927 0.1275240046723519 0.9295890340592132
vn 0.34583501267104927 -0.1275240046723519 -0.9295890340592132
vn -0.5282200985011727 -0.3318820618885432 0.781561145743582
vn 0.5282200985011727 0.3318820618885432 -0.781561145743582
vn -0.7522878438969033 -0.2151839553483657 0.6227028707863655
vn 0.7522878438969033 0.2151839553483657 -0.6227028707863655
vn 0.12666994308106388 -0.5021287743692394 0.8554656155978951
vn -0.12666994308106388 0.5021287743692394 -0.8554656155978951
vn -0.016678003953237777 -0.44871910636124873 0.8935172117930903
vn 0.016678003953237777 0.44871910636124873 -0.8935172117930903
vn -0.04766598038323664 -0.3278008650947293 0.9435436116880088
vn 0.04766598038323664 0.3278008650947293 -0.9435436116880088
vn 0.16629199340951586 0.12758399494359102 0.9777879612483085
vn -0.16629199340951586 -0.12758399494359102 -0.9777879612483085
vn 0.21683405777587603 0.1644680438228448 0.9622542563946053
vn -0.21683405777587603 -0.1644680438228448 -0.9622542563946053
vn 0.21324093247193843 0.1412869552579603 0.9667296938609227
vn -0.21324093247193843 -0.1412869552579603 -0.9667296938609227
vn 0.1580030549197384 -0.008347002901306248 0.9874033432081318
vn -0.1580030549197384 0.008347002901306248 -0.9874033432081318
vn -0.4486999936111852 0.06522599907127943 0.8912989873092394
vn 0.4486999936111852 -0.06522599907127943 -0.8912989873092394
vn -0.36238680688738356 0.14567792236956675 0.9205725094353255
vn 0.36238680688738356 -0.14567792236956675 -0.9205725094353255
vn -0.18793503104367476 0.030840005094244758 0.9816971621596956
vn 0.18793503104367476 -0.030840005094244758 -0.9816971621596956
vn -0.21081598974253746 -0.3092599849526467 0.9273159548805159
vn 0.21081598974253746 0.3092599849526467 -0.9273159548805159
vn -0.332683938063239 -0.3953909263888921 0.856146840608589
vn 0.332683938063239 0.3953909263888921 -0.856146840608589
vn -0.658802018895101 -0.29479500845501594 0.692153019851641
vn 0.658802018895101 0.29479500845501594 -0.692153019851641
vn 0.03175998532681077 -0.5036417673162985 0.8633286011401201
vn -0.03175998532681077 0.5036417673162985 -0.8633286011401201
vn -0.14232203676079058 -0.1584410409242173 0.9770572523670814
vn 0.14232203676079058 0.1584410409242173 -0.9770572523670814
vn -0.043687991177779016 0.01576699681606006 0.998920798280951
vn 0.043687991177779016 -0.01576699681606006 -0.998920798280951
vn 0.03399800845965751 0.13921603464085158 0.9896782462596894
vn -0.03399800845965751 -0.13921603464085158 -0.9896782462596894
vn 0.10614103162732554 0.1335390397912343 0.985343293607219
vn -0.10614103162732554 -0.1335390397912343 -0.985343293607219
vn 0.09529498649908374 0.047526993266613485 0.994313859130594
vn -0.09529498649908374 -0.047526993266613485 -0.994313859130594
vn -0.3402040727159067 0.05193801110133534 0.9389162006858479
vn 0.3402040727159067 -0.05193801110133534 -0.9389162006858479
vn -0.22119894419472078 0.15268096148081192 0.9632027569979413
vn 0.22119894419472078 -0.15268096148081192 -0.9632027569979413
vn -0.42196515233387805 -0.42172315224651363 0.8025552897309385
vn 0.42196515233387805 0.42172315224651363 -0.8025552897309385
vn 0.06279599885796058 -0.5108739907089905 0.8573589844076408
vn -0.06279599885796058 0.5108739907089905 -0.8573589844076408
vn -0.06470200990594317 -0.503387077069071 0.8616351319172104
vn 0.06470200990594317 0.503387077069071 -0.8616351319172104
vn -0.19176202790617114 -0.4525910658633199 0.8708551267312015
vn 0.19176202790617114 0.4525910658633199 -0.8708551267312015
vn 0.09753498732498785 0.18755897562605603 0.9773988729836038
vn -0.09753498732498785 -0.18755897562605603 -0.9773988729836038
vn 0.10878395776131872 0.16064793762355037 0.9809986190974397
vn -0.10878395776131872 -0.16064793762355037 -0.9809986190974397
vn 0.0007110003329689994 -0.01202300563050132 0.9999274682766424
vn -0.0007110003329689994 0.01202300563050132 -0.9999274682766424
vn -0.3160800647581743 -0.006361001303235931 0.9487111943710208
vn 0.3160800647581743 0.006361001303235931 -0.9487111943710208
vn -0.2944118886120799 0.11024395829025337 0.9492986408419454
vn 0.2944118886120799 -0.11024395829025337 -0.9492986408419454
vn -0.11371697162824457 0.1354999661935077 0.9842297544401203
vn 0.11371697162824457 -0.1354999661935077 -0.9842297544401203
vn -0.007186998920868599 -0.5134559229043425 0.858085871157987
vn 0.007186998920868599 0.5134559229043425 -0.858085871157987
vn -0.050635013395038855 0.13236203501518953 0.9899072618710917
vn 0.050635013395038855 -0.13236203501518953 -0.9899072618710917
vn 0.019705001028541964 0.1667100087017623 0.9858090514562764
vn -0.019705001028541964 -0.1667100087017623 -0.9858090514562764
vn 0.02091499339658338 0.13874195619549448 0.9901076873968147
vn -0.02091499339658338 -0.13874195619549448 -0.9901076873968147
vn 0.004335000633198417 0.07982901166034495 0.996799145598973
vn -0.004335000633198417 -0.07982901166034495 -0.996799145598973
vn -0.22534296233854653 0.0421609929536547 0.9733668373217008
vn 0.22534296233854653 -0.0421609929536547 -0.9733668373217008
vn -0.19872505108168478 0.11668502999354054 0.9730842501284194
vn 0.19872505108168478 -0.11668502999354054 -0.9730842501284194
vn -0.23720998299204485 0.15203398909916316 0.9594879312047179
vn 0.23720998299204485 -0.15203398909916316 -0.9594879312047179
vn -0.15774907716368985 0.15523307593297603 0.9752014770243077
vn 0.15774907716368985 -0.15523307593297603 -0.9752014770243077
vn -0.2989889137484381 -0.46767486508634376 0.8317967600453847
vn 0.2989889137484381 0.46767486508634376 -0.8317967600453847
vn -0.139228048538178 -0.4994871741329973 0.8550602980941656
vn 0.139228048538178 0.4994871741329973 -0.8550602980941656
vn -0.06290903738726095 -0.5099653030757847 0.857891509850652
vn 0.06290903738726095 0.5099653030757847 -0.857891509850652
vn -0.05471901084788082 0.17441203457666585 0.9831511949067943
vn 0.05471901084788082 -0.17441203457666585 -0.9831511949067943
vn -0.09926401408789731 0.056141007967728696 0.9934761409976212
vn 0.09926401408789731 -0.056141007967728696 -0.9934761409976212
vn -0.15703499997251888 -0.008318999998544394 0.9875579998271774
vn 0.15703499997251888 0.008318999998544394 -0.9875579998271774
vn -0.07000503591854308 0.13314206831321546 0.9886215072469963
vn 0.07000503591854308 -0.13314206831321546 -0.9886215072469963
usemtl material_0_0
f 1//1 2//2 3//3
f 3//4 2//5 1//6
f 1//1 4//7 2//2
f 2//5 4//8 1//6
f 2//2 5//9 3//3
f 3//4 5//10 2//5
f 1//1 3//3 6//11
f 6//12 3//4 1//6
f 4//7 7//13 2//2
f 2//5 7//14 4//8
f 2//2 7//13 5//9
f 5//10 7//14 2//5
f 3//3 5//9 8//15
f 8//16 5//10 3//4
f 3//3 8//15 6//11
f 6//12 8//16 3//4
f 9//17 1//1 6//11
f 6//12 1//6 9//18
f 4//7 10//19 7//13
f 7//14 10//20 4//8
f 7//13 11//21 5//9
f 5//10 11//22 7//14
f 5//9 12//23 8//15
f 8//16 12//24 5//10
f 6//11 8//15 13//25
f 13//26 8//16 6//12
f 9//17 6//11 14//27
f 14//28 6//12 9//18
f 4//7 15//29 10//19
f 10//20 15//30 4//8
f 7//13 10//19 16//31
f 16//32 10//20 7//14
f 7//13 16//31 11//21
f 11//22 16//32 7//14
f 5//9 11//21 12//23
f 12//24 11//22 5//10
f 8//15 12//23 17//33
f 17//34 12//24 8//16
f 8//15 18//35 13//25
f 13//26 18//36 8//16
f 14//27 6//11 13//25
f 13//26 6//12 14//28
f 19//37 9//17 14//27
f 14//28 9//18 19//38
f 15//29 20//39 10//19
f 10//20 20//40 15//30
f 10//19 20//39 16//31
f 16//32 20//40 10//20
f 16//31 21//41 11//21
f 11//22 21//42 16//32
f 11//21 22//43 12//23
f 12//24 22//44 11//22
f 12//23 22//43 17//33
f 17//34 22//44 12//24
f 8//15 17//33 18//35
f 18//36 17//34 8//16
f 13//25 18//35 23//45
f 23//46 18//36 13//26
f 14//27 13//25 24//47
f 24//48 13//26 14//28
f 19//37 14//27 25//49
f 25//50 14//28 19//38
f 15//29 26//51 20//39
f 20//40 26//52 15//30
f 20//39 27//53 16//31
f 16//32 27//54 20//40
f 16//31 28//55 21//41
f 21//42 28//56 16//32
f 11//21 21//41 29//57
f 29//58 21//42 11//22
f 11//21 29//57 22//43
f 22//44 29//58 11//22
f 17//33 22//43 30//59
f 30//60 22//44 17//34
f 18//35 17//33 23//45
f 23//46 17//34 18//36
f 13//25 23//45 31//61
f 31//62 23//46 13//26
f 24//47 13//25 32//63
f 32//64 13//26 24//48
f 14//27 24//47 25//49
f 25//50 24//48 14//28
f 33//65 19//37 25//49
f 25//50 19//38 33//66
f 26//51 34//67 20//39
f 20//40 34//68 26//52
f 20//39 34//67 27//53
f 27//54 34//68 20//40
f 16//31 27//53 28//55
f 28//56 27//54 16//32
f 21//41 28//55 35//69
f 35//70 28//56 21//42
f 21//41 36//71 29//57
f 29//58 36//72 21//42
f 22//43 29//57 37//73
f 37//74 29//58 22//44
f 22//43 37//73 30//59
f 30//60 37//74 22//44
f 17//33 30//59 38//75
f 38//76 30//60 17//34
f 23//45 17//33 39//77
f 39//78 17//34 23//46
f 23//45 40//79 31//61
f 31//62 40//80 23//46
f 13//25 31//61 32//63
f 32//64 31//62 13//26
f 41//81 24//47 32//63
f 32//64 24//48 41//82
f 25//49 24//47 41//81
f 41//82 24//48 25//50
f 33//65 25//49 41//81
f 41//82 25//50 33//66
f 26//51 42//83 34//67
f 34//68 42//84 26//52
f 34//67 43//85 27//53
f 27//54 43//86 34//68
f 27//53 44//87 28//55
f 28//56 44//88 27//54
f 28//55 45//89 35//69
f 35//70 45//90 28//56
f 21//41 35//69 36//71
f 36//72 35//70 21//42
f 29//57 36//71 37//73
f 37//74 36//72 29//58
f 37//73 46//91 30//59
f 30//60 46//92 37//74
f 30//59 47//93 38//75
f 38//76 47//94 30//60
f 17//33 38//75 39//77
f 39//78 38//76 17//34
f 23//45 39//77 40//79
f 40//80 39//78 23//46
f 31//61 40//79 48//95
f 48//96 40//80 31//62
f 32//63 31//61 49//97
f 49//98 31//62 32//64
f 41//81 32//63 49//97
f 49//98 32//64 41//82
f 33//65 41//81 50//99
f 50//100 41//82 33//66
f 26//51 51//101 42//83
f 42//84 51//102 26//52
f 34//67 42//83 43//85
f 43//86 42//84 34//68
f 27//53 43//85 44//87
f 44//88 43//86 27//54
f 28//55 44//87 45//89
f 45//90 44//88 28//56
f 35//69 45//89 52//103
f 52//104 45//90 35//70
f 36//71 35//69 53//105
f 53//106 35//70 36//72
f 36//71 53//105 37//73
f 37//74 53//106 36//72
f 37//73 54//107 46//91
f 46//92 54//108 37//74
f 30//59 46//91 47//93
f 47//94 46//92 30//60
f 38//75 47//93 55//109
f 55//110 47//94 38//76
f 39//77 38//75 40//79
f 40//80 38//76 39//78
f 40//79 56//111 48//95
f 48//96 56//112 40//80
f 31//61 48//95 49//97
f 49//98 48//96 31//62
f 50//99 41//81 49//97
f 49//98 41//82 50//100
f 33//65 50//99 57//113
f 57//114 50//100 33//66
f 42//83 51//101 58//115
f 58//116 51//102 42//84
f 43//85 42//83 59//117
f 59//118 42//84 43//86
f 43//85 59//117 44//87
f 44//88 59//118 43//86
f 44//87 60//119 45//89
f 45//90 60//120 44//88
f 45//89 61//121 52//103
f 52//104 61//122 45//90
f 35//69 52//103 62//123
f 62//124 52//104 35//70
f 35//69 62//123 53//105
f 53//106 62//124 35//70
f 37//73 53//105 63//125
f 63//126 53//106 37//74
f 37//73 63//125 54//107
f 54//108 63//126 37//74
f 46//91 54//107 64//127
f 64//128 54//108 46//92
f 46//91 65//129 47//93
f 47//94 65//130 46//92
f 47//93 66//131 55//109
f 55//110 66//132 47//94
f 38//75 55//109 56//111
f 56//112 55//110 38//76
f 40//79 38//75 56//111
f 56//112 38//76 40//80
f 48//95 56//111 67//133
f 67//134 56//112 48//96
f 49//97 48//95 68//135
f 68//136 48//96 49//98
f 50//99 49//97 69//137
f 69//138 49//98 50//100
f 57//113 50//99 70//139
f 70//140 50//100 57//114
f 51//101 71//141 58//115
f 58//116 71//142 51//102
f 42//83 58//115 72//143
f 72//144 58//116 42//84
f 42//83 72//143 59//117
f 59//118 72//144 42//84
f 59//117 73//145 44//87
f 44//88 73//146 59//118
f 44//87 73//145 60//119
f 60//120 73//146 44//88
f 45//89 60//119 61//121
f 61//122 60//120 45//90
f 61//121 74//147 52//103
f 52//104 74//148 61//122
f 62//123 52//103 75//149
f 75//150 52//104 62//124
f 53//105 62//123 76//151
f 76//152 62//124 53//106
f 53//105 76//151 63//125
f 63//126 76//152 53//106
f 63//125 77//153 54//107
f 54//108 77//154 63//126
f 54//107 78//155 64//127
f 64//128 78//156 54//108
f 46//91 64//127 65//129
f 65//130 64//128 46//92
f 47//93 65//129 66//131
f 66//132 65//130 47//94
f 55//109 66//131 67//133
f 67//134 66//132 55//110
f 56//111 55//109 67//133
f 67//134 55//110 56//112
f 48//95 67//133 79//157
f 79//158 67//134 48//96
f 48//95 79//157 68//135
f 68//136 79//158 48//96
f 49//97 68//135 80//159
f 80//160 68//136 49//98
f 69//137 49//97 80//159
f 80//160 49//98 69//138
f 50//99 69//137 70//139
f 70//140 69//138 50//100
f 57//113 70//139 81//161
f 81//162 70//140 57//114
f 58//115 71//141 82//163
f 82//164 71//142 58//116
f 72//143 58//115 83//165
f 83//166 58//116 72//144
f 59//117 72//143 73//145
f 73//146 72//144 59//118
f 73//145 84//167 60//119
f 60//120 84//168 73//146
f 60//119 85//169 61//121
f 61//122 85//170 60//120
f 61//121 86//171 74//147
f 74//148 86//172 61//122
f 52//103 74//147 87//173
f 87//174 74//148 52//104
f 52//103 87//173 75//149
f 75//150 87//174 52//104
f 62//123 75//149 88//175
f 88//176 75//150 62//124
f 62//123 88//175 76//151
f 76//152 88//176 62//124
f 63//125 76//151 77//153
f 77//154 76//152 63//126
f 54//107 77//153 78//155
f 78//156 77//154 54//108
f 64//127 78//155 89//177
f 89//178 78//156 64//128
f 65//129 64//127 89//177
f 89//178 64//128 65//130
f 65//129 90//179 66//131
f 66//132 90//180 65//130
f 67//133 66//131 91//181
f 91//182 66//132 67//134
f 67//133 91//181 79//157
f 79//158 91//182 67//134
f 68//135 79//157 80//159
f 80//160 79//158 68//136
f 69//137 80//159 92//183
f 92//184 80//160 69//138
f 70//139 69//137 92//183
f 92//184 69//138 70//140
f 70//139 93//185 81//161
f 81//162 93//186 70//140
f 57//113 81//161 94//187
f 94//188 81//162 57//114
f 71//141 95//189 82//163
f 82//164 95//190 71//142
f 58//115 82//163 83//165
f 83//166 82//164 58//116
f 72//143 83//165 96//191
f 96//192 83//166 72//144
f 73//145 72//143 96//191
f 96//192 72//144 73//146
f 73//145 96//191 84//167
f 84//168 96//192 73//146
f 60//119 84//167 85//169
f 85//170 84//168 60//120
f 61//121 85//169 86//171
f 86//172 85//170 61//122
f 86//171 97//193 74//147
f 74//148 97//194 86//172
f 87//173 74//147 98//195
f 98//196 74//148 87//174
f 75//149 87//173 99//197
f 99//198 87//174 75//150
f 88//175 75//149 100//199
f 100//200 75//150 88//176
f 76//151 88//175 101//201
f 101//202 88//176 76//152
f 76//151 102//203 77//153
f 77//154 102//204 76//152
f 77//153 103//205 78//155
f 78//156 103//206 77//154
f 89//177 78//155 104//207
f 104//208 78//156 89//178
f 65//129 89//177 90//179
f 90//180 89//178 65//130
f 66//131 90//179 91//181
f 91//182 90//180 66//132
f 79//157 91//181 105//209
f 105//210 91//182 79//158
f 80//159 79//157 106//211
f 106//212 79//158 80//160
f 92//183 80//159 107//213
f 107//214 80//160 92//184
f 70//139 92//183 93//185
f 93//186 92//184 70//140
f 81//161 93//185 108//215
f 108//216 93//186 81//162
f 94//187 81//161 109//217
f 109//218 81//162 94//188
f 82//163 95//189 110//219
f 110//220 95//190 82//164
f 83//165 82//163 110//219
f 110//220 82//164 83//166
f 83//165 110//219 96//191
f 96//192 110//220 83//166
f 84//167 96//191 111//221
f 111//222 96//192 84//168
f 84//167 112//223 85//169
f 85//170 112//224 84//168
f 85//169 97//193 86//171
f 86//172 97//194 85//170
f 74//147 97//193 98//195
f 98//196 97//194 74//148
f 87//173 98//195 113//225
f 113//226 98//196 87//174
f 99//197 87//173 113//225
f 113//226 87//174 99//198
f 100//199 75//149 99//197
f 99//198 75//150 100//200
f 101//201 88//175 100//199
f 100//200 88//176 101//202
f 102//203 76//151 101//201
f 101//202 76//152 102//204
f 77//153 102//203 103//205
f 103//206 102//204 77//154
f 78//155 103//205 114//227
f 114//228 103//206 78//156
f 78//155 114//227 104//207
f 104//208 114//228 78//156
f 89//177 104//207 115//229
f 115//230 104//208 89//178
f 89//177 115//229 90//179
f 90//180 115//230 89//178
f 91//181 90//179 116//231
f 116//232 90//180 91//182
f 91//181 117//233 105//209
f 105//210 117//234 91//182
f 79//157 105//209 118//235
f 118//236 105//210 79//158
f 106//211 79//157 118//235
f 118//236 79//158 106//212
f 80//159 106//211 107//213
f 107//214 106//212 80//160
f 92//183 107//213 93//185
f 93//186 107//214 92//184
f 108//215 93//185 119//237
f 119//238 93//186 108//216
f 81//161 108//215 109//217
f 109//218 108//216 81//162
f 94//187 109//217 120//239
f 120//240 109//218 94//188
f 95//189 121//241 110//219
f 110//220 121//242 95//190
f 96//191 110//219 111//221
f 111//222 110//220 96//192
f 84//167 111//221 122//243
f 122//244 111//222 84//168
f 84//167 122//243 112//223
f 112//224 122//244 84//168
f 85//169 112//223 123//245
f 123//246 112//224 85//170
f 85//169 123//245 97//193
f 97//194 123//246 85//170
f 97//193 124//247 98//195
f 98//196 124//248 97//194
f 113//225 98//195 125//249
f 125//250 98//196 113//226
f 99//197 113//225 126//251
f 126//252 113//226 99//198
f 127//253 100//254 99//255
f 99//256 100//257 127//258
f 128//259 101//260 100//254
f 100//257 101//261 128//262
f 128//259 102//263 101//260
f 101//261 102//264 128//262
f 129//265 103//266 102//263
f 102//264 103//267 129//268
f 103//266 130//269 114//270
f 114//271 130//272 103//267
f 104//207 114//227 115//229
f 115//230 114//228 104//208
f 90//179 115//229 131//273
f 131//274 115//230 90//180
f 90//179 132//275 116//231
f 116//232 132//276 90//180
f 91//181 116//231 132//275
f 132//276 116//232 91//182
f 91//181 133//277 117//233
f 117//234 133//278 91//182
f 118//235 105//209 117//233
f 117//234 105//210 118//236
f 106//211 118//235 134//279
f 134//280 118//236 106//212
f 107//213 106//211 134//279
f 134//280 106//212 107//214
f 107//213 135//281 93//185
f 93//186 135//282 107//214
f 93//185 135//281 119//237
f 119//238 135//282 93//186
f 108//215 119//237 136//283
f 136//284 119//238 108//216
f 109//217 108//215 137//285
f 137//286 108//216 109//218
f 109//217 137//285 120//239
f 120//240 137//286 109//218
f 94//187 120//239 138//287
f 138//288 120//240 94//188
f 110//219 121//241 139//289
f 139//290 121//242 110//220
f 111//221 110//219 140//291
f 140//292 110//220 111//222
f 111//221 140//291 122//243
f 122//244 140//292 111//222
f 112//223 122//243 123//245
f 123//246 122//244 112//224
f 97//193 123//245 124//247
f 124//248 123//246 97//194
f 98//195 124//247 125//249
f 125//250 124//248 98//196
f 113//225 125//249 141//293
f 141//294 125//250 113//226
f 126//251 113//225 141//293
f 141//294 113//226 126//252
f 127//253 99//255 126//295
f 126//296 99//256 127//258
f 127//253 128//259 100//254
f 100//257 128//262 127//258
f 128//259 129//265 102//263
f 102//264 129//268 128//262
f 129//265 130//269 103//266
f 103//267 130//272 129//268
f 130//269 142//297 114//270
f 114//271 142//298 130//272
f 115//229 114//227 131//273
f 131//274 114//228 115//230
f 90//179 131//273 132//275
f 132//276 131//274 90//180
f 91//181 132//275 133//277
f 133//278 132//276 91//182
f 133//299 143//300 117//301
f 117//302 143//303 133//304
f 118//235 117//233 144//305
f 144//306 117//234 118//236
f 118//235 145//307 134//279
f 134//280 145//308 118//236
f 107//213 134//279 135//281
f 135//282 134//280 107//214
f 119//237 135//281 146//309
f 146//310 135//282 119//238
f 119//237 147//311 136//283
f 136//284 147//312 119//238
f 108//215 136//283 148//313
f 148//314 136//284 108//216
f 108//215 149//315 137//285
f 137//286 149//316 108//216
f 120//239 137//285 150//317
f 150//318 137//286 120//240
f 138//287 120//239 150//317
f 150//318 120//240 138//288
f 110//219 139//289 151//319
f 151//320 139//290 110//220
f 110//219 152//321 140//291
f 140//292 152//322 110//220
f 122//243 140//291 124//247
f 124//248 140//292 122//244
f 123//245 122//243 124//247
f 124//248 122//244 123//246
f 124//247 153//323 125//249
f 125//250 153//324 124//248
f 141//293 125//249 153//323
f 153//324 125//250 141//294
f 154//325 126//295 141//326
f 141//327 126//296 154//328
f 155//329 127//253 126//295
f 126//296 127//258 155//330
f 127//253 156//331 128//259
f 128//262 156//332 127//258
f 128//333 157//334 129//335
f 129//336 157//337 128//338
f 129//335 158//339 130//340
f 130//341 158//342 129//336
f 142//343 130//340 159//344
f 159//345 130//341 142//346
f 114//270 142//297 131//347
f 131//348 142//298 114//271
f 131//347 160//349 132//350
f 132//351 160//352 131//348
f 132//350 143//300 133//299
f 133//304 143//303 132//351
f 117//301 143//300 161//353
f 161//354 143//303 117//302
f 117//301 161//353 144//355
f 144//356 161//354 117//302
f 118//235 144//305 162//357
f 162//358 144//306 118//236
f 118//235 162//357 145//307
f 145//308 162//358 118//236
f 134//279 145//307 135//281
f 135//282 145//308 134//280
f 135//281 163//359 146//309
f 146//310 163//360 135//282
f 119//237 146//309 147//311
f 147//312 146//310 119//238
f 136//283 147//311 164//361
f 164//362 147//312 136//284
f 136//283 164//361 148//313
f 148//314 164//362 136//284
f 108//215 148//313 149//315
f 149//316 148//314 108//216
f 137//285 149//315 150//317
f 150//318 149//316 137//286
f 138//287 150//317 165//363
f 165//364 150//318 138//288
f 139//289 166//365 151//319
f 151//320 166//366 139//290
f 110//219 151//319 152//321
f 152//322 151//320 110//220
f 124//247 140//291 152//321
f 152//322 140//292 124//248
f 124//247 152//321 153//323
f 153//324 152//322 124//248
f 167//367 141//326 153//368
f 153//369 141//327 167//370
f 154//325 155//329 126//295
f 126//296 155//330 154//328
f 167//367 154//325 141//326
f 141//327 154//328 167//370
f 127//371 155//372 168//373
f 168//374 155//375 127//376
f 169//377 156//378 127//371
f 127//376 156//379 169//380
f 170//381 128//333 156//378
f 156//379 128//338 170//382
f 157//334 128//333 170//381
f 170//382 128//338 157//337
f 129//335 157//334 158//339
f 158//342 157//337 129//336
f 130//340 158//339 171//383
f 171//384 158//342 130//341
f 130//340 171//383 159//344
f 159//345 171//384 130//341
f 142//343 159//344 172//385
f 172//386 159//345 142//346
f 142//297 160//349 131//347
f 131//348 160//352 142//298
f 132//350 160//349 143//300
f 143//303 160//352 132//351
f 161//387 143//388 173//389
f 173//390 143//391 161//392
f 144//355 161//353 162//393
f 162//394 161//354 144//356
f 145//307 162//357 163//359
f 163//360 162//358 145//308
f 145//307 163//359 135//281
f 135//282 163//360 145//308
f 163//359 174//395 146//309
f 146//310 174//396 163//360
f 147//311 146//309 175//397
f 175//398 146//310 147//312
f 147//311 176//399 164//361
f 164//362 176//400 147//312
f 148//313 164//361 149//315
f 149//316 164//362 148//314
f 149//315 177//401 150//317
f 150//318 177//402 149//316
f 165//363 150//317 178//403
f 178//404 150//318 165//364
f 151//319 166//365 179//405
f 179//406 166//366 151//320
f 151//319 179//405 152//321
f 152//322 179//406 151//320
f 152//321 179//405 153//323
f 153//324 179//406 152//322
f 180//407 167//367 153//368
f 153//369 167//370 180//408
f 155//372 154//409 181//410
f 181//411 154//412 155//375
f 154//409 167//413 182//414
f 182//415 167//416 154//412
f 168//373 155//372 181//410
f 181//411 155//375 168//374
f 169//377 127//371 168//373
f 168//374 127//376 169//380
f 170//381 156//378 169//377
f 169//380 156//379 170//382
f 142//343 172//385 160//417
f 160//418 172//386 142//346
f 160//417 183//419 143//388
f 143//391 183//420 160//418
f 143//388 183//419 173//389
f 173//390 183//420 143//391
f 173//389 184//421 161//387
f 161//392 184//422 173//390
f 162//393 161//353 163//423
f 163//424 161//354 162//394
f 163//423 161//353 174//425
f 174//426 161//354 163//424
f 146//309 174//395 175//397
f 175//398 174//396 146//310
f 147//311 175//397 176//399
f 176//400 175//398 147//312
f 164//361 176//399 149//315
f 149//316 176//400 164//362
f 149//315 176//399 177//401
f 177//402 176//400 149//316
f 150//317 177//401 178//403
f 178//404 177//402 150//318
f 165//363 178//403 185//427
f 185//428 178//404 165//364
f 166//365 186//429 179//405
f 179//406 186//430 166//366
f 153//323 179//405 187//431
f 187//432 179//406 153//324
f 167//413 180//407 188//433
f 188//434 180//408 167//416
f 180//407 153//368 187//435
f 187//436 153//369 180//408
f 181//410 154//409 182//414
f 182//415 154//412 181//411
f 182//414 167//413 188//433
f 188//434 167//416 182//415
f 160//417 172//385 189//437
f 189//438 172//386 160//418
f 160//417 190//439 183//419
f 183//420 190//440 160//418
f 161//387 184//421 191//441
f 191//442 184//422 161//392
f 174//425 161//353 191//443
f 191//444 161//354 174//426
f 174//395 192//445 175//397
f 175//398 192//446 174//396
f 176//399 175//397 177//401
f 177//402 175//398 176//400
f 177//401 193//447 178//403
f 178//404 193//448 177//402
f 185//427 178//403 193//447
f 193//448 178//404 185//428
f 166//365 194//449 186//429
f 186//430 194//450 166//366
f 179//405 186//429 195//451
f 195//452 186//430 179//406
f 179//405 195//451 187//431
f 187//432 195//452 179//406
f 188//433 180//407 196//453
f 196//454 180//408 188//434
f 180//407 187//435 197//455
f 197//456 187//436 180//408
f 160//417 189//437 190//439
f 190//440 189//438 160//418
f 184//421 198//457 191//441
f 191//442 198//458 184//422
f 174//425 191//443 199//459
f 199//460 191//444 174//426
f 192//461 174//425 199//459
f 199//460 174//426 192//462
f 175//397 192//445 177//401
f 177//402 192//446 175//398
f 177//401 200//463 193//447
f 193//448 200//464 177//402
f 185//427 193//447 201//465
f 201//466 193//448 185//428
f 186//429 194//449 202//467
f 202//468 194//450 186//430
f 186//429 203//469 195//451
f 195//452 203//470 186//430
f 187//431 195//451 197//471
f 197//472 195//452 187//432
f 196//453 180//407 204//473
f 204//474 180//408 196//454
f 188//433 196//453 205//475
f 205//476 196//454 188//434
f 180//407 197//455 206//477
f 206//478 197//456 180//408
f 198//457 207//479 191//441
f 191//442 207//480 198//458
f 199//459 191//443 207//481
f 207//482 191//444 199//460
f 192//461 199//459 208//483
f 208//484 199//460 192//462
f 192//445 209//485 177//401
f 177//402 209//486 192//446
f 177//401 209//485 200//463
f 200//464 209//486 177//402
f 200//463 210//487 193//447
f 193//448 210//488 200//464
f 201//465 193//447 211//489
f 211//490 193//448 201//466
f 186//429 202//467 203//469
f 203//470 202//468 186//430
f 195//451 203//469 206//491
f 206//492 203//470 195//452
f 197//471 195//451 206//491
f 206//492 195//452 197//472
f 180//407 206//477 204//473
f 204//474 206//478 180//408
f 196//453 204//473 212//493
f 212//494 204//474 196//454
f 196//453 213//495 205//475
f 205//476 213//496 196//454
f 198//457 214//497 207//479
f 207//480 214//498 198//458
f 199//459 207//481 208//483
f 208//484 207//482 199//460
f 192//461 208//483 215//499
f 215//500 208//484 192//462
f 192//461 216//501 209//502
f 209//503 216//504 192//462
f 200//463 209//485 217//505
f 217//506 209//486 200//464
f 200//463 218//507 210//487
f 210//488 218//508 200//464
f 193//447 210//487 211//489
f 211//490 210//488 193//448
f 203//469 202//467 219//509
f 219//510 202//468 203//470
f 206//491 203//469 220//511
f 220//512 203//470 206//492
f 204//473 206//477 221//513
f 221//514 206//478 204//474
f 212//493 204//473 222//515
f 222//516 204//474 212//494
f 213//495 196//453 212//493
f 212//494 196//454 213//496
f 205//475 213//495 223//517
f 223//518 213//496 205//476
f 214//497 208//519 207//479
f 207//480 208//520 214//498
f 208//519 224//521 215//522
f 215//523 224//524 208//520
f 192//461 215//499 216//501
f 216//504 215//500 192//462
f 209//502 216//501 217//525
f 217//526 216//504 209//503
f 200//463 217//505 218//507
f 218//508 217//506 200//464
f 210//487 218//507 225//527
f 225//528 218//508 210//488
f 211//489 210//487 225//527
f 225//528 210//488 211//490
f 203//469 219//509 226//529
f 226//530 219//510 203//470
f 203//469 226//529 220//511
f 220//512 226//530 203//470
f 206//491 220//511 221//513
f 221//514 220//512 206//492
f 222//515 204//473 221//513
f 221//514 204//474 222//516
f 212//493 222//515 227//531
f 227//532 222//516 212//494
f 212//493 228//533 213//495
f 213//496 228//534 212//494
f 213//495 229//535 223//517
f 223//518 229//536 213//496
f 205//475 223//517 230//537
f 230//538 223//518 205//476
f 214//497 224//521 208//519
f 208//520 224//524 214//498
f 224//521 231//539 215//522
f 215//523 231//540 224//524
f 215//522 231//539 216//501
f 216//504 231//540 215//523
f 217//525 216//501 232//541
f 232//542 216//504 217//526
f 217//505 233//543 218//507
f 218//508 233//544 217//506
f 218//507 233//543 225//527
f 225//528 233//544 218//508
f 211//489 225//527 234//545
f 234//546 225//528 211//490
f 226//529 219//509 235//547
f 235//548 219//510 226//530
f 226//529 235//547 220//511
f 220//512 235//548 226//530
f 221//513 220//511 236//549
f 236//550 220//512 221//514
f 221//513 236//549 222//515
f 222//516 236//550 221//514
f 236//549 227//531 222//515
f 222//516 227//532 236//550
f 228//533 212//493 227//531
f 227//532 212//494 228//534
f 213//495 228//533 237//551
f 237//552 228//534 213//496
f 213//495 237//551 229//535
f 229//536 237//552 213//496
f 229//535 238//553 223//517
f 223//518 238//554 229//536
f 223//517 239//555 230//537
f 230//538 239//556 223//518
f 231//539 240//557 216//501
f 216//504 240//558 231//540
f 216//501 240//557 232//541
f 232//542 240//558 216//504
f 217//525 232//541 241//559
f 241//560 232//542 217//526
f 217//505 241//561 233//543
f 233//544 241//562 217//506
f 225//527 233//543 242//563
f 242//564 233//544 225//528
f 225//527 243//565 234//545
f 234//546 243//566 225//528
f 219//509 244//567 235//547
f 235//548 244//568 219//510
f 220//511 235//547 245//569
f 245//570 235//548 220//512
f 220//511 245//569 236//549
f 236//550 245//570 220//512
f 236//549 246//571 227//531
f 227//532 246//572 236//550
f 246//571 228//533 227//531
f 227//532 228//534 246//572
f 228//533 247//573 237//551
f 237//552 247//574 228//534
f 237//551 248//575 229//535
f 229//536 248//576 237//552
f 248//575 238//553 229//535
f 229//536 238//554 248//576
f 223//517 238//553 249//577
f 249//578 238//554 223//518
f 223//517 249//577 239//555
f 239//556 249//578 223//518
f 230//537 239//555 250//579
f 250//580 239//556 230//538
f 240//557 251//581 232//541
f 232//542 251//582 240//558
f 241//559 232//541 252//583
f 252//584 232//542 241//560
f 241//561 252//585 233//543
f 233//544 252//586 241//562
f 233//543 253//587 242//563
f 242//564 253//588 233//544
f 225//527 242//563 243//565
f 243//566 242//564 225//528
f 235//547 244//567 245//569
f 245//570 244//568 235//548
f 236//549 245//569 246//571
f 246//572 245//570 236//550
f 246//571 254//589 228//533
f 228//534 254//590 246//572
f 254//589 247//573 228//533
f 228//534 247//574 254//590
f 247//573 248//575 237//551
f 237//552 248//576 247//574
f 255//591 238//553 248//575
f 248//576 238//554 255//592
f 238//553 256//593 249//577
f 249//578 256//594 238//554
f 249//577 257//595 239//555
f 239//556 257//596 249//578
f 239//555 258//597 250//579
f 250//580 258//598 239//556
f 232//541 251//581 259//599
f 259//600 251//582 232//542
f 252//583 232//541 260//601
f 260//602 232//542 252//584
f 233//543 252//585 253//587
f 253//588 252//586 233//544
f 253//587 261//603 242//563
f 242//564 261//604 253//588
f 242//563 262//605 243//565
f 243//566 262//606 242//564
f 244//567 263//607 245//569
f 245//570 263//608 244//568
f 245//569 263//607 246//571
f 246//572 263//608 245//570
f 263//607 254//589 246//571
f 246//572 254//590 263//608
f 264//609 247//573 254//589
f 254//590 247//574 264//610
f 247//573 255//591 248//575
f 248//576 255//592 247//574
f 255//591 265//611 238//553
f 238//554 265//612 255//592
f 238//553 265//611 256//593
f 256//594 265//612 238//554
f 249//577 256//593 257//595
f 257//596 256//594 249//578
f 239//555 257//595 258//597
f 258//598 257//596 239//556
f 258//597 266//613 250//579
f 250//580 266//614 258//598
f 251//581 267//615 259//599
f 259//600 267//616 251//582
f 268//617 232//541 259//599
f 259//600 232//542 268//618
f 260//601 232//541 268//617
f 268//618 232//542 260//602
f 252//583 260//601 269//619
f 269//620 260//602 252//584
f 252//585 269//619 253//587
f 253//588 269//620 252//586
f 253//587 269//619 261//603
f 261//604 269//620 253//588
f 242//563 261//603 270//621
f 270//622 261//604 242//564
f 242//563 270//621 262//605
f 262//606 270//622 242//564
f 263//607 264//609 254//589
f 254//590 264//610 263//608
f 264//609 271//623 247//573
f 247//574 271//624 264//610
f 247//573 272//625 255//591
f 255//592 272//626 247//574
f 255//591 273//627 265//611
f 265//612 273//628 255//592
f 265//611 274//629 256//593
f 256//594 274//630 265//612
f 256//593 275//631 257//595
f 257//596 275//632 256//594
f 257//595 275//631 258//597
f 258//598 275//632 257//596
f 258//597 276//633 266//613
f 266//614 276//634 258//598
f 250//579 266//613 277//635
f 277//636 266//614 250//580
f 251//581 278//637 267//615
f 267//616 278//638 251//582
f 259//599 267//615 279//639
f 279//640 267//616 259//600
f 268//617 259//599 280//641
f 280//642 259//600 268//618
f 260//601 268//617 281//643
f 281//644 268//618 260//602
f 269//619 260//601 281//643
f 281//644 260//602 269//620
f 269//619 282//645 261//603
f 261//604 282//646 269//620
f 270//621 261//603 283//647
f 283//648 261//604 270//622
f 270//621 283//647 262//605
f 262//606 283//648 270//622
f 271//623 272//625 247//573
f 247//574 272//626 271//624
f 255//591 272//625 273//627
f 273//628 272//626 255//592
f 273//627 274//629 265//611
f 265//612 274//630 273//628
f 274//629 284//649 256//593
f 256//594 284//650 274//630
f 256//593 284//649 275//631
f 275//632 284//650 256//594
f 275//631 276//633 258//597
f 258//598 276//634 275//632
f 276//633 285//651 266//613
f 266//614 285//652 276//634
f 266//613 286//653 277//635
f 277//636 286//654 266//614
f 267//615 278//637 287//655
f 287//656 278//638 267//616
f 279//639 267//615 288//657
f 288//658 267//616 279//640
f 259//599 279//639 289//659
f 289//660 279//640 259//600
f 280//641 259//599 289//659
f 289//660 259//600 280//642
f 290//661 268//617 280//641
f 280//642 268//618 290//662
f 281//643 268//617 290//661
f 290//662 268//618 281//644
f 269//619 281//643 282//645
f 282//646 281//644 269//620
f 261//603 282//645 283//647
f 283//648 282//646 261//604
f 262//605 283//647 291//663
f 291//664 283//648 262//606
f 274//629 292//665 284//649
f 284//650 292//666 274//630
f 275//631 284//649 276//633
f 276//634 284//650 275//632
f 284//649 285//651 276//633
f 276//634 285//652 284//650
f 285//651 286//653 266//613
f 266//614 286//654 285//652
f 277//635 286//653 293//667
f 293//668 286//654 277//636
f 278//637 294//669 287//655
f 287//656 294//670 278//638
f 267//615 287//655 295//671
f 295//672 287//656 267//616
f 288//657 267//615 295//671
f 295//672 267//616 288//658
f 289//659 279//639 288//657
f 288//658 279//640 289//660
f 280//641 289//659 296//673
f 296//674 289//660 280//642
f 297//675 290//661 280//641
f 280//642 290//662 297//676
f 282//645 281//643 290//661
f 290//662 281//644 282//646
f 283//647 282//645 298//677
f 298//678 282//646 283//648
f 283//647 298//677 291//663
f 291//664 298//678 283//648
f 292//665 299//679 284//649
f 284//650 299//680 292//666
f 284//649 300//681 285//651
f 285//652 300//682 284//650
f 285//651 301//683 286//653
f 286//654 301//684 285//652
f 286//653 302//685 293//667
f 293//668 302//686 286//654
f 277//635 293//667 303//687
f 303//688 293//668 277//636
f 287//655 294//669 304//689
f 304//690 294//670 287//656
f 295//671 287//655 305//691
f 305//692 287//656 295//672
f 288//657 295//671 306//693
f 306//694 295//672 288//658
f 296//673 289//659 288//657
f 288//658 289//660 296//674
f 307//695 280//641 296//673
f 296//674 280//642 307//696
f 282//645 290//661 297//675
f 297//676 290//662 282//646
f 297//675 280//641 307//695
f 307//696 280//642 297//676
f 282//645 297//675 298//677
f 298//678 297//676 282//646
f 291//663 298//677 308//697
f 308//698 298//678 291//664
f 284//649 299//679 300//681
f 300//682 299//680 284//650
f 285//651 300//681 309//699
f 309//700 300//682 285//652
f 285//651 309//699 301//683
f 301//684 309//700 285//652
f 301//683 302//685 286//653
f 286//654 302//686 301//684
f 302//685 310//701 293//667
f 293//668 310//702 302//686
f 293//667 310//701 303//687
f 303//688 310//702 293//668
f 304//689 294//669 311//703
f 311//704 294//670 304//690
f 287//655 304//689 312//705
f 312//706 304//690 287//656
f 287//655 312//705 305//691
f 305//692 312//706 287//656
f 295//671 305//691 313//707
f 313//708 305//692 295//672
f 306//693 295//671 313//707
f 313//708 295//672 306//694
f 314//709 288//657 306//693
f 306//694 288//658 314//710
f 296//673 288//657 314//709
f 314//710 288//658 296//674
f 315//711 307//695 296//673
f 296//674 307//696 315//712
f 308//697 297//675 307//695
f 307//696 297//676 308//698
f 298//677 297//675 308//697
f 308//698 297//676 298//678
f 299//679 316//713 300//681
f 300//682 316//714 299//680
f 300//681 317//715 309//699
f 309//700 317//716 300//682
f 301//683 309//699 302//685
f 302//686 309//700 301//684
f 302//685 318//717 310//701
f 310//702 318//718 302//686
f 303//687 310//701 319//719
f 319//720 310//702 303//688
f 294//669 320//721 311//703
f 311//704 320//722 294//670
f 304//689 311//703 321//723
f 321//724 311//704 304//690
f 312//705 304//689 322//725
f 322//726 304//690 312//706
f 305//691 312//705 313//707
f 313//708 312//706 305//692
f 306//693 313//707 323//727
f 323//728 313//708 306//694
f 314//709 306//693 324//729
f 324//730 306//694 314//710
f 296//673 314//709 325//731
f 325//732 314//710 296//674
f 308//697 307//695 315//711
f 315//712 307//696 308//698
f 315//711 296//673 326//733
f 326//734 296//674 315//712
f 316//713 317//715 300//681
f 300//682 317//716 316//714
f 309//699 317//715 327//735
f 327//736 317//716 309//700
f 309//699 327//735 302//685
f 302//686 327//736 309//700
f 302//685 327//735 318//717
f 318//718 327//736 302//686
f 318//717 328//737 310//701
f 310//702 328//738 318//718
f 310//701 328//737 319//719
f 319//720 328//738 310//702
f 303//687 319//719 329//739
f 329//740 319//720 303//688
f 311//703 320//721 330//741
f 330//742 320//722 311//704
f 321//723 311//703 331//743
f 331//744 311//704 321//724
f 304//689 321//723 322//725
f 322//726 321//724 304//690
f 312//705 322//725 332//745
f 332//746 322//726 312//706
f 313//707 312//705 332//745
f 332//746 312//706 313//708
f 323//727 313//707 333//747
f 333//748 313//708 323//728
f 324//729 306//693 323//727
f 323//728 306//694 324//730
f 314//709 324//729 325//731
f 325//732 324//730 314//710
f 326//733 296//673 325//731
f 325//732 296//674 326//734
f 317//715 334//749 327//735
f 327//736 334//750 317//716
f 327//735 335//751 318//717
f 318//718 335//752 327//736
f 318//717 336//753 328//737
f 328//738 336//754 318//718
f 328//737 337//755 319//719
f 319//720 337//756 328//738
f 319//719 337//755 329//739
f 329//740 337//756 319//720
f 320//721 338//757 330//741
f 330//742 338//758 320//722
f 311//703 330//741 331//743
f 331//744 330//742 311//704
f 321//723 331//743 339//759
f 339//760 331//744 321//724
f 322//725 321//723 340//761
f 340//762 321//724 322//726
f 332//745 322//725 340//761
f 340//762 322//726 332//746
f 313//707 332//745 341//763
f 341//764 332//746 313//708
f 313//707 341//763 333//747
f 333//748 341//764 313//708
f 327//735 334//749 335//751
f 335//752 334//750 327//736
f 318//717 335//751 336//753
f 336//754 335//752 318//718
f 328//737 336//753 342//765
f 342//766 336//754 328//738
f 328//737 343//767 337//755
f 337//756 343//768 328//738
f 329//739 337//755 344//769
f 344//770 337//756 329//740
f 330//741 338//757 345//771
f 345//772 338//758 330//742
f 331//743 330//741 346//773
f 346//774 330//742 331//744
f 331//743 346//773 339//759
f 339//760 346//774 331//744
f 321//723 339//759 340//761
f 340//762 339//760 321//724
f 341//763 332//745 340//761
f 340//762 332//746 341//764
f 336//753 335//751 347//775
f 347//776 335//752 336//754
f 336//753 348//777 342//765
f 342//766 348//778 336//754
f 328//737 342//765 343//767
f 343//768 342//766 328//738
f 343//767 349//779 337//755
f 337//756 349//780 343//768
f 337//755 350//781 344//769
f 344//770 350//782 337//756
f 338//757 351//783 345//771
f 345//772 351//784 338//758
f 330//741 345//771 352//785
f 352//786 345//772 330//742
f 330//741 352//785 346//773
f 346//774 352//786 330//742
f 353//787 339//759 346//773
f 346//774 339//760 353//788
f 340//761 339//759 353//787
f 353//788 339//760 340//762
f 341//763 340//761 354//789
f 354//790 340//762 341//764
f 336//753 347//775 355//791
f 355//792 347//776 336//754
f 336//753 355//791 348//777
f 348//778 355//792 336//754
f 342//765 348//777 356//793
f 356//794 348//778 342//766
f 342//765 357//795 343//767
f 343//768 357//796 342//766
f 343//767 357//795 349//779
f 349//780 357//796 343//768
f 337//755 349//779 350//781
f 350//782 349//780 337//756
f 338//757 358//797 351//783
f 351//784 358//798 338//758
f 345//771 351//783 359//799
f 359//800 351//784 345//772
f 345//771 359//799 352//785
f 352//786 359//800 345//772
f 360//801 346//773 352//785
f 352//786 346//774 360//802
f 353//787 346//773 360//801
f 360//802 346//774 353//788
f 340//761 353//787 361//803
f 361//804 353//788 340//762
f 340//761 361//803 354//789
f 354//790 361//804 340//762
f 347//775 362//805 355//791
f 355//792 362//806 347//776
f 348//777 355//791 363//807
f 363//808 355//792 348//778
f 348//777 363//807 356//793
f 356//794 363//808 348//778
f 342//765 356//793 357//795
f 357//796 356//794 342//766
f 357//795 364//809 349//779
f 349//780 364//810 357//796
f 349//779 365//811 350//781
f 350//782 365//812 349//780
f 351//783 358//797 366//813
f 366//814 358//798 351//784
f 351//783 366//813 359//799
f 359//800 366//814 351//784
f 367//815 352//785 359//799
f 359//800 352//786 367//816
f 360//801 352//785 367//815
f 367//816 352//786 360//802
f 353//787 360//801 361//803
f 361//804 360//802 353//788
f 355//791 362//805 368//817
f 368//818 362//806 355//792
f 363//807 355//791 369//819
f 369//820 355//792 363//808
f 356//793 363//807 370//821
f 370//822 363//808 356//794
f 356//793 371//823 357//795
f 357//796 371//824 356//794
f 357//795 371//823 364//809
f 364//810 371//824 357//796
f 349//779 364//809 365//811
f 365//812 364//810 349//780
f 358//797 372//825 366//813
f 366//814 372//826 358//798
f 359//799 366//813 373//827
f 373//828 366//814 359//800
f 367//815 359//799 374//829
f 374//830 359//800 367//816
f 360//801 367//815 375//831
f 375//832 367//816 360//802
f 361//803 360//801 376//833
f 376//834 360//802 361//804
f 355//791 368//817 369//819
f 369//820 368//818 355//792
f 363//807 369//819 377//835
f 377//836 369//820 363//808
f 363//807 377//835 370//821
f 370//822 377//836 363//808
f 356//793 370//821 378//837
f 378//838 370//822 356//794
f 356//793 378//837 371//823
f 371//824 378//838 356//794
f 371//823 379//839 364//809
f 364//810 379//840 371//824
f 364//809 379//839 365//811
f 365//812 379//840 364//810
f 366//813 372//825 380//841
f 380//842 372//826 366//814
f 366//813 381//843 373//827
f 373//828 381//844 366//814
f 359//799 373//827 382//845
f 382//846 373//828 359//800
f 374//829 359//799 382//845
f 382//846 359//800 374//830
f 367//815 374//829 375//831
f 375//832 374//830 367//816
f 360//801 375//831 376//833
f 376//834 375//832 360//802
f 369//819 368//817 383//847
f 383//848 368//818 369//820
f 377//835 369//819 383//847
f 383//848 369//820 377//836
f 370//821 377//835 384//849
f 384//850 377//836 370//822
f 378//837 370//821 385//851
f 385//852 370//822 378//838
f 378//837 386//853 371//823
f 371//824 386//854 378//838
f 371//823 387//855 379//839
f 379//840 387//856 371//824
f 365//811 379//839 388//857
f 388//858 379//840 365//812
f 366//813 380//841 389//859
f 389//860 380//842 366//814
f 366//813 389//859 381//843
f 381//844 389//860 366//814
f 373//827 381//843 390//861
f 390//862 381//844 373//828
f 382//845 373//827 390//861
f 390//862 373//828 382//846
f 374//829 382//845 391//863
f 391//864 382//846 374//830
f 374//829 392//865 375//831
f 375//832 392//866 374//830
f 377//835 383//847 393//867
f 393//868 383//848 377//836
f 377//835 393//867 384//849
f 384//850 393//868 377//836
f 370//821 384//849 385//851
f 385//852 384//850 370//822
f 378//837 385//851 386//853
f 386//854 385//852 378//838
f 371//823 386//853 387//855
f 387//856 386//854 371//824
f 387//855 394//869 379//839
f 379//840 394//870 387//856
f 379//839 395//871 388//857
f 388//858 395//872 379//840
f 389//859 380//841 396//873
f 396//874 380//842 389//860
f 381//843 389//859 397//875
f 397//876 389//860 381//844
f 390//861 381//843 398//877
f 398//878 381//844 390//862
f 382//845 390//861 399//879
f 399//880 390//862 382//846
f 382//845 399//879 391//863
f 391//864 399//880 382//846
f 374//829 391//863 400//881
f 400//882 391//864 374//830
f 374//829 400//881 392//865
f 392//866 400//882 374//830
f 393//867 383//847 401//883
f 401//884 383//848 393//868
f 393//867 402//885 384//849
f 384//850 402//886 393//868
f 384//849 403//887 385//851
f 385//852 403//888 384//850
f 385//851 404//889 386//853
f 386//854 404//890 385//852
f 386//853 405//891 387//855
f 387//856 405//892 386//854
f 387//855 405//891 394//869
f 394//870 405//892 387//856
f 379//839 394//869 395//871
f 395//872 394//870 379//840
f 389//859 396//873 406//893
f 406//894 396//874 389//860
f 389//859 406//893 397//875
f 397//876 406//894 389//860
f 381//843 397//875 398//877
f 398//878 397//876 381//844
f 390//861 398//877 407//895
f 407//896 398//878 390//862
f 390//861 407//895 399//879
f 399//880 407//896 390//862
f 391//863 399//879 400//881
f 400//882 399//880 391//864
f 392//865 400//881 408//897
f 408//898 400//882 392//866
f 393//867 401//883 409//899
f 409//900 401//884 393//868
f 393//867 410//901 402//885
f 402//886 410//902 393//868
f 402//885 411//903 384//849
f 384//850 411//904 402//886
f 384//849 411//903 403//887
f 403//888 411//904 384//850
f 403//887 404//889 385//851
f 385//852 404//890 403//888
f 404//889 405//891 386//853
f 386//854 405//892 404//890
f 412//905 394//869 405//891
f 405//892 394//870 412//906
f 394//869 413//907 395//871
f 395//872 413//908 394//870
f 406//893 396//873 414//909
f 414//910 396//874 406//894
f 397//875 406//893 414//909
f 414//910 406//894 397//876
f 398//877 397//875 415//911
f 415//912 397//876 398//878
f 407//895 398//877 416//913
f 416//914 398//878 407//896
f 399//879 407//895 417//915
f 417//916 407//896 399//880
f 399//879 418//917 400//881
f 400//882 418//918 399//880
f 400//881 419//919 408//897
f 408//898 419//920 400//882
f 393//867 409//899 420//921
f 420//922 409//900 393//868
f 420//921 410//901 393//867
f 393//868 410//902 420//922
f 402//885 410//901 411//903
f 411//904 410//902 402//886
f 411//903 421//923 403//887
f 403//888 421//924 411//904
f 403//887 422//925 404//889
f 404//890 422//926 403//888
f 404//889 412//905 405//891
f 405//892 412//906 404//890
f 412//905 413//907 394//869
f 394//870 413//908 412//906
f 413//907 423//927 395//871
f 395//872 423//928 413//908
f 396//873 424//929 414//909
f 414//910 424//930 396//874
f 397//875 414//909 425//931
f 425//932 414//910 397//876
f 397//875 425//931 415//911
f 415//912 425//932 397//876
f 398//877 415//911 426//933
f 426//934 415//912 398//878
f 398//877 426//933 416//913
f 416//914 426//934 398//878
f 407//895 416//913 427//935
f 427//936 416//914 407//896
f 407//895 427//935 417//915
f 417//916 427//936 407//896
f 399//879 417//915 428//937
f 428//938 417//916 399//880
f 399//879 428//937 418//917
f 418//918 428//938 399//880
f 400//881 418//917 419//919
f 419//920 418//918 400//882
f 429//939 410//901 420//921
f 420//922 410//902 429//940
f 410//901 430//941 411//903
f 411//904 430//942 410//902
f 411//903 431//943 421//923
f 421//924 431//944 411//904
f 421//923 422//925 403//887
f 403//888 422//926 421//924
f 422//925 412//905 404//889
f 404//890 412//906 422//926
f 432//945 413//907 412//905
f 412//906 413//908 432//946
f 413//907 433//947 423//927
f 423//928 433//948 413//908
f 424//929 434//949 414//909
f 414//910 434//950 424//930
f 435//951 425//931 414//909
f 414//910 425//932 435//952
f 415//911 425//931 435//951
f 435//952 425//932 415//912
f 426//933 415//911 436//953
f 436//954 415//912 426//934
f 416//913 426//933 436//953
f 436//954 426//934 416//914
f 427//935 416//913 437//955
f 437//956 416//914 427//936
f 417//915 427//935 428//937
f 428//938 427//936 417//916
f 418//917 428//937 419//919
f 419//920 428//938 418//918
f 429//939 430//941 410//901
f 410//902 430//942 429//940
f 430//941 431//943 411//903
f 411//904 431//944 430//942
f 431//943 438//957 421//923
f 421//924 438//958 431//944
f 421//923 439//959 422//925
f 422//926 439//960 421//924
f 422//925 432//945 412//905
f 412//906 432//946 422//926
f 432//945 433//947 413//907
f 413//908 433//948 432//946
f 433//947 440//961 423//927
f 423//928 440//962 433//948
f 414//909 434//949 441//963
f 441//964 434//950 414//910
f 414//909 441//963 435//951
f 435//952 441//964 414//910
f 436//953 415//911 435//951
f 435//952 415//912 436//954
f 416//913 436//953 442//965
f 442//966 436//954 416//914
f 437//955 416//913 442//965
f 442//966 416//914 437//956
f 427//935 437//955 443//967
f 443//968 437//956 427//936
f 427//935 444//969 428//937
f 428//938 444//970 427//936
f 428//937 445//971 419//919
f 419//920 445//972 428//938
f 429//939 446//973 430//941
f 430//942 446//974 429//940
f 446//973 431//943 430//941
f 430//942 431//944 446//974
f 431//943 447//975 438//957
f 438//958 447//976 431//944
f 421//923 438//957 448//977
f 448//978 438//958 421//924
f 421//923 448//977 439//959
f 439//960 448//978 421//924
f 439//959 432//945 422//925
f 422//926 432//946 439//960
f 432//945 449//979 433//947
f 433//948 449//980 432//946
f 449//979 440//961 433//947
f 433//948 440//962 449//980
f 440//961 450//981 423//927
f 423//928 450//982 440//962
f 441//963 434//949 451//983
f 451//984 434//950 441//964
f 435//951 441//963 452//985
f 452//986 441//964 435//952
f 436//953 435//951 453//987
f 453//988 435//952 436//954
f 442//965 436//953 454//989
f 454//990 436//954 442//966
f 437//955 442//965 455//991
f 455//992 442//966 437//956
f 443//967 437//955 456//993
f 456//994 437//956 443//968
f 457//995 427//935 443//967
f 443//968 427//936 457//996
f 444//969 427//935 457//995
f 457//996 427//936 444//970
f 428//937 444//969 458//997
f 458//998 444//970 428//938
f 428//937 458//997 445//971
f 445//972 458//998 428//938
f 429//939 459//999 446//973
f 446//974 459//1000 429//940
f 446//973 460//1001 431//943
f 431//944 460//1002 446//974
f 460//1001 447//975 431//943
f 431//944 447//976 460//1002
f 447//975 461//1003 438//957
f 438//958 461//1004 447//976
f 438//957 462//1005 448//977
f 448//978 462//1006 438//958
f 448//977 463//1007 439//959
f 439//960 463//1008 448//978
f 439//959 463//1007 432//945
f 432//946 463//1008 439//960
f 432//945 464//1009 449//979
f 449//980 464//1010 432//946
f 449//979 465//1011 440//961
f 440//962 465//1012 449//980
f 440//961 465//1011 450//981
f 450//982 465//1012 440//962
f 451//983 434//949 466//1013
f 466//1014 434//950 451//984
f 452//985 441//963 451//983
f 451//984 441//964 452//986
f 453//987 435//951 452//985
f 452//986 435//952 453//988
f 454//989 436//953 453//987
f 453//988 436//954 454//990
f 442//965 454//989 467//1015
f 467//1016 454//990 442//966
f 455//991 442//965 467//1015
f 467//1016 442//966 455//992
f 456//993 437//955 455//991
f 455//992 437//956 456//994
f 468//1017 443//967 456//993
f 456//994 443//968 468//1018
f 457//995 443//967 468//1017
f 468//1018 443//968 457//996
f 444//969 457//995 468//1017
f 468//1018 457//996 444//970
f 444//969 469//1019 458//997
f 458//998 469//1020 444//970
f 459//999 470//1021 446//973
f 446//974 470//1022 459//1000
f 470//1021 460//1001 446//973
f 446//974 460//1002 470//1022
f 460//1001 471//1023 447//975
f 447//976 471//1024 460//1002
f 472//1025 461//1003 447//975
f 447//976 461//1004 472//1026
f 438//957 461//1003 462//1005
f 462//1006 461//1004 438//958
f 448//977 462//1005 473//1027
f 473//1028 462//1006 448//978
f 448//977 473//1027 463//1007
f 463//1008 473//1028 448//978
f 463//1007 464//1009 432//945
f 432//946 464//1010 463//1008
f 464//1009 474//1029 449//979
f 449//980 474//1030 464//1010
f 475//1031 465//1011 449//979
f 449//980 465//1012 475//1032
f 465//1011 476//1033 450//981
f 450//982 476//1034 465//1012
f 477//1035 451//983 466//1013
f 466//1014 451//984 477//1036
f 452//985 451//983 477//1035
f 477//1036 451//984 452//986
f 453//987 452//985 478//1037
f 478//1038 452//986 453//988
f 454//989 453//987 467//1015
f 467//1016 453//988 454//990
f 455//991 467//1015 479//1039
f 479//1040 467//1016 455//992
f 480//1041 456//993 455//991
f 455//992 456//994 480//1042
f 468//1017 456//993 481//1043
f 481//1044 456//994 468//1018
f 482//1045 444//969 468//1017
f 468//1018 444//970 482//1046
f 444//969 482//1045 469//1019
f 469//1020 482//1046 444//970
f 470//1021 483//1047 460//1001
f 460//1002 483//1048 470//1022
f 483//1047 471//1023 460//1001
f 460//1002 471//1024 483//1048
f 471//1023 472//1025 447//975
f 447//976 472//1026 471//1024
f 472//1025 484//1049 461//1003
f 461//1004 484//1050 472//1026
f 461//1003 485//1051 462//1005
f 462//1006 485//1052 461//1004
f 462//1005 486//1053 473//1027
f 473//1028 486//1054 462//1006
f 473//1027 464//1009 463//1007
f 463//1008 464//1010 473//1028
f 473//1027 474//1029 464//1009
f 464//1010 474//1030 473//1028
f 474//1029 475//1031 449//979
f 449//980 475//1032 474//1030
f 475//1031 487//1055 465//1011
f 465//1012 487//1056 475//1032
f 465//1011 488//1057 476//1033
f 476//1034 488//1058 465//1012
f 477//1035 466//1013 489//1059
f 489//1060 466//1014 477//1036
f 478//1037 452//985 477//1035
f 477//1036 452//986 478//1038
f 467//1015 453//987 478//1037
f 478//1038 453//988 467//1016
f 479//1039 467//1015 490//1061
f 490//1062 467//1016 479//1040
f 484//1049 455//991 479//1039
f 479//1040 455//992 484//1050
f 481//1043 456//993 480//1041
f 480//1042 456//994 481//1044
f 480//1041 455//991 484//1049
f 484//1050 455//992 480//1042
f 491//1063 468//1017 481//1043
f 481//1044 468//1018 491//1064
f 491//1063 482//1045 468//1017
f 468//1018 482//1046 491//1064
f 470//1021 492//1065 483//1047
f 483//1048 492//1066 470//1022
f 493//1067 471//1023 483//1047
f 483//1048 471//1024 493//1068
f 494//1069 472//1025 471//1023
f 471//1024 472//1026 494//1070
f 472//1025 480//1041 484//1049
f 484//1050 480//1042 472//1026
f 461//1003 484//1049 485//1051
f 485//1052 484//1050 461//1004
f 485//1051 486//1053 462//1005
f 462//1006 486//1054 485//1052
f 486//1053 495//1071 473//1027
f 473//1028 495//1072 486//1054
f 473//1027 495//1071 474//1029
f 474//1030 495//1072 473//1028
f 474//1029 496//1073 475//1031
f 475//1032 496//1074 474//1030
f 496//1073 487//1055 475//1031
f 475//1032 487//1056 496//1074
f 487//1055 488//1057 465//1011
f 465//1012 488//1058 487//1056
f 488//1057 497//1075 476//1033
f 476//1034 497//1076 488//1058
f 489//1059 466//1013 498//1077
f 498//1078 466//1014 489//1060
f 499//1079 477//1035 489//1059
f 489//1060 477//1036 499//1080
f 478//1037 477//1035 499//1079
f 499//1080 477//1036 478//1038
f 467//1015 478//1037 490//1061
f 490//1062 478//1038 467//1016
f 479//1039 490//1061 500//1081
f 500//1082 490//1062 479//1040
f 484//1049 479//1039 485//1051
f 485//1052 479//1040 484//1050
f 494//1069 481//1043 480//1041
f 480//1042 481//1044 494//1070
f 491//1063 481//1043 494//1069
f 494//1070 481//1044 491//1064
f 492//1065 501//1083 483//1047
f 483//1048 501//1084 492//1066
f 493//1067 494//1069 471//1023
f 471//1024 494//1070 493//1068
f 501//1083 493//1067 483//1047
f 483//1048 493//1068 501//1084
f 494//1069 480//1041 472//1025
f 472//1026 480//1042 494//1070
f 485//1051 502//1085 486//1053
f 486//1054 502//1086 485//1052
f 486//1053 503//1087 495//1071
f 495//1072 503//1088 486//1054
f 495//1071 496//1073 474//1029
f 474//1030 496//1074 495//1072
f 496//1073 504//1089 487//1055
f 487//1056 504//1090 496//1074
f 487//1055 505//1091 488//1057
f 488//1058 505//1092 487//1056
f 505//1091 497//1075 488//1057
f 488//1058 497//1076 505//1092
f 489//1059 498//1077 506//1093
f 506//1094 498//1078 489//1060
f 499//1079 489//1059 507//1095
f 507//1096 489//1060 499//1080
f 478//1037 499//1079 508//1097
f 508//1098 499//1080 478//1038
f 490//1061 478//1037 508//1097
f 508//1098 478//1038 490//1062
f 500//1081 490//1061 509//1099
f 509//1100 490//1062 500//1082
f 479//1039 500//1081 485//1051
f 485//1052 500//1082 479//1040
f 491//1063 494//1069 510//1101
f 510//1102 494//1070 491//1064
f 511//1103 494//1069 493//1067
f 493//1068 494//1070 511//1104
f 512//1105 493//1067 501//1083
f 501//1084 493//1068 512//1106
f 485//1051 500//1081 502//1085
f 502//1086 500//1082 485//1052
f 502//1085 513//1107 486//1053
f 486//1054 513//1108 502//1086
f 486//1053 513//1107 503//1087
f 503//1088 513//1108 486//1054
f 495//1071 503//1087 496//1073
f 496//1074 503//1088 495//1072
f 503//1087 504//1089 496//1073
f 496//1074 504//1090 503//1088
f 504//1089 505//1091 487//1055
f 487//1056 505//1092 504//1090
f 505//1091 514//1109 497//1075
f 497//1076 514//1110 505//1092
f 506//1093 498//1077 515//1111
f 515//1112 498//1078 506//1094
f 507//1095 489//1059 506//1093
f 506//1094 489//1060 507//1096
f 509//1099 499//1079 507//1095
f 507//1096 499//1080 509//1100
f 509//1099 508//1097 499//1079
f 499//1080 508//1098 509//1100
f 490//1061 508//1097 509//1099
f 509//1100 508//1098 490//1062
f 500//1081 509//1099 513//1107
f 513//1108 509//1100 500//1082
f 510//1101 494//1069 511//1103
f 511//1104 494//1070 510//1102
f 511//1103 493//1067 512//1105
f 512//1106 493//1068 511//1104
f 502//1085 500//1081 513//1107
f 513//1108 500//1082 502//1086
f 513//1107 516//1113 503//1087
f 503//1088 516//1114 513//1108
f 503//1087 516//1113 504//1089
f 504//1090 516//1114 503//1088
f 516//1113 505//1091 504//1089
f 504//1090 505//1092 516//1114
f 516//1113 514//1109 505//1091
f 505//1092 514//1110 516//1114
f 514//1109 515//1111 497//1075
f 497//1076 515//1112 514//1110
f 506//1093 515//1111 514//1109
f 514//1110 515//1112 506//1094
f 507//1095 506//1093 514//1109
f 514//1110 506//1094 507//1096
f 509//1099 507//1095 516//1113
f 516//1114 507//1096 509//1100
f 513//1107 509//1099 516//1113
f 516//1114 509//1100 513//1108
f 516//1113 507//1095 514//1109
f 514//1110 507//1096 516//1114
