# SSTK version 0.8.0
# 2
mtllib original-2.mtl
o mesh2/mesh2-geometry#mesh2-geometry
v -0.276466 0.734108 -0.479605
v -0.278294 0.734416 -0.494697
v -0.330669 0.734656 -0.494103
v -0.188333 0.734108 -0.479403
v -0.284594 0.735341 -0.511555
v -0.345421 0.734416 -0.481880
v -0.188742 0.734416 -0.495411
v -0.188181 0.734108 -0.455300
v -0.190354 0.735341 -0.512638
v -0.355606 0.735341 -0.504986
v -0.380095 0.735341 -0.488164
v -0.275770 0.734108 -0.456884
v -0.095920 0.734416 -0.495649
v -0.095958 0.734108 -0.479336
v -0.192092 0.736696 -0.528506
v -0.291305 0.736696 -0.527497
v -0.378958 0.735341 -0.459848
v -0.344247 0.734416 -0.458682
v -0.095976 0.734108 -0.454771
v -0.272866 0.734108 -0.417112
v -0.095952 0.735341 -0.512999
v -0.379263 0.736882 -0.522451
v -0.395858 0.736696 -0.494591
v -0.394784 0.736696 -0.460334
v -0.339265 0.734416 -0.419767
v -0.001422 0.734416 -0.495649
v -0.187343 0.734108 -0.413753
v -0.001423 0.734108 -0.479336
v -0.096003 0.736696 -0.528842
v -0.192876 0.738294 -0.540439
v -0.294363 0.738294 -0.539849
v -0.388874 0.736696 -0.416247
v -0.373209 0.735342 -0.418775
v -0.095887 0.734108 -0.412633
v -0.001425 0.734108 -0.454771
v -0.330412 0.734416 -0.372837
v -0.267724 0.734108 -0.368618
v -0.001421 0.735341 -0.512999
v -0.374037 0.738437 -0.538729
v -0.408170 0.738294 -0.497293
v -0.406696 0.738294 -0.460086
v -0.400523 0.738294 -0.414294
v -0.362807 0.735341 -0.371058
v 0.093208 0.734108 -0.479336
v -0.185831 0.734108 -0.363204
v 0.093222 0.734108 -0.454771
v -0.001420 0.736696 -0.528842
v -0.096019 0.738294 -0.540635
v -0.193183 0.739089 -0.549416
v -0.295597 0.739089 -0.549269
v -0.405151 0.738867 -0.536944
v -0.406977 0.738437 -0.523667
v -0.389422 0.738294 -0.363647
v -0.378067 0.736696 -0.366816
v 0.093173 0.734416 -0.495649
v -0.001429 0.734108 -0.412633
v -0.095705 0.734108 -0.361398
v -0.317622 0.734416 -0.325617
v -0.260310 0.734108 -0.319758
v 0.093208 0.735341 -0.512999
v -0.376715 0.739125 -0.547220
v -0.417621 0.739089 -0.498236
v -0.415675 0.739089 -0.459704
v -0.409268 0.739089 -0.413045
v -0.397990 0.739089 -0.361676
v -0.347713 0.735341 -0.322833
v 0.185862 0.734108 -0.479403
v 0.185704 0.734108 -0.455300
v 0.093124 0.734108 -0.412633
v -0.183654 0.734108 -0.312119
v -0.001420 0.738294 -0.540635
v 0.093260 0.736696 -0.528842
v -0.096019 0.739089 -0.549465
v -0.193491 0.738038 -0.556417
v -0.296837 0.738038 -0.556417
v -0.409679 0.739232 -0.541467
v -0.415492 0.739125 -0.526282
v -0.373169 0.738294 -0.311886
v -0.362303 0.736696 -0.316543
v 0.186277 0.734416 -0.495411
v 0.184852 0.734108 -0.413753
v -0.001432 0.734108 -0.361398
v 0.092934 0.734108 -0.361398
v -0.095445 0.734108 -0.309572
v -0.302699 0.734416 -0.285674
v -0.251147 0.734108 -0.279116
v 0.187900 0.735341 -0.512638
v -0.096018 0.738038 -0.556417
v -0.379356 0.738038 -0.553767
v -0.424801 0.738038 -0.499385
v -0.422706 0.738038 -0.459786
v -0.416227 0.738038 -0.412630
v -0.404894 0.738039 -0.361032
v -0.381438 0.739091 -0.309024
v -0.329863 0.735341 -0.281268
v 0.276274 0.734416 -0.494697
v 0.274430 0.734108 -0.479605
v 0.270787 0.734108 -0.417112
v 0.183322 0.734108 -0.363204
v -0.180112 0.734108 -0.269957
v -0.001420 0.739089 -0.549465
v 0.093278 0.738294 -0.540635
v 0.189647 0.736696 -0.528505
v -0.001420 0.738038 -0.556417
v -0.096017 0.735075 -0.561428
v -0.193748 0.735075 -0.561428
v -0.297871 0.735075 -0.561428
v -0.414032 0.738038 -0.545814
v -0.422060 0.738038 -0.528906
v -0.388242 0.738043 -0.308113
v -0.343222 0.736696 -0.272588
v -0.353406 0.738294 -0.266334
v 0.273722 0.734108 -0.456884
v 0.265600 0.734108 -0.368618
v -0.001435 0.734108 -0.309572
v 0.092668 0.734108 -0.309572
v 0.181129 0.734108 -0.312119
v -0.094443 0.734108 -0.266575
v -0.287455 0.734416 -0.260659
v -0.240765 0.734108 -0.255375
v 0.282617 0.735341 -0.511555
v -0.001420 0.735075 -0.561428
v -0.381541 0.735075 -0.558411
v -0.429844 0.735075 -0.501101
v -0.427763 0.735075 -0.461059
v -0.421300 0.735075 -0.413307
v -0.409980 0.735078 -0.361237
v -0.393328 0.735090 -0.308248
v -0.367695 0.738048 -0.260728
v -0.361275 0.739092 -0.262412
v -0.311197 0.735341 -0.253617
v 0.328988 0.734656 -0.494103
v 0.343840 0.734416 -0.481880
v 0.337614 0.734416 -0.419767
v 0.328680 0.734416 -0.372837
v 0.258135 0.734108 -0.319758
v -0.174513 0.734108 -0.246294
v 0.093277 0.739089 -0.549466
v 0.190435 0.738294 -0.540439
v 0.289373 0.736696 -0.527497
v 0.093277 0.738038 -0.556417
v -0.096017 0.730133 -0.564435
v -0.001420 0.730133 -0.564435
v -0.193903 0.730133 -0.564435
v -0.298493 0.730133 -0.564435
v -0.417586 0.735075 -0.549362
v -0.426724 0.735075 -0.531265
v -0.372466 0.735101 -0.260398
v -0.331772 0.738294 -0.234413
v -0.339161 0.739092 -0.229273
v -0.322467 0.736696 -0.242209
v 0.342648 0.734416 -0.458682
v 0.315791 0.734416 -0.325617
v -0.001434 0.734108 -0.266329
v 0.091664 0.734108 -0.266575
v 0.177575 0.734108 -0.269957
v 0.248923 0.734108 -0.279116
v -0.092038 0.734108 -0.241952
v -0.269865 0.734656 -0.245720
v -0.233887 0.734416 -0.239574
v 0.354113 0.735341 -0.504985
v 0.093276 0.735075 -0.561428
v -0.382852 0.730133 -0.561199
v -0.432879 0.730133 -0.503747
v -0.430819 0.730133 -0.464249
v -0.424385 0.730133 -0.415336
v -0.413089 0.730140 -0.361816
v -0.396445 0.730164 -0.308520
v -0.375386 0.730186 -0.260533
v -0.344682 0.738050 -0.225833
v -0.348523 0.735105 -0.223836
v -0.282662 0.735341 -0.235547
v 0.378787 0.735341 -0.488164
v 0.377630 0.735341 -0.459849
v 0.371819 0.735341 -0.418775
v 0.361320 0.735341 -0.371058
v 0.300771 0.734416 -0.285674
v -0.170187 0.734416 -0.231029
v 0.190744 0.739089 -0.549416
v 0.292452 0.738294 -0.539849
v 0.377961 0.736882 -0.522451
v 0.191053 0.738038 -0.556417
v -0.001421 0.718380 -0.565939
v -0.096019 0.718380 -0.565939
v 0.093275 0.730133 -0.564435
v -0.193813 0.718380 -0.565939
v -0.298120 0.718380 -0.565939
v -0.419719 0.730133 -0.551491
v -0.429526 0.730133 -0.533084
v -0.350870 0.730194 -0.223024
v -0.314383 0.738437 -0.214390
v -0.320447 0.739128 -0.208458
v -0.324800 0.738049 -0.203381
v -0.294949 0.736882 -0.218331
v 0.346103 0.735341 -0.322833
v 0.089258 0.734108 -0.241952
v -0.001433 0.734108 -0.240966
v 0.171959 0.734108 -0.246294
v 0.238493 0.734108 -0.255375
v 0.285438 0.734416 -0.260659
v -0.089952 0.734416 -0.225870
v -0.235228 0.735341 -0.222678
v -0.170464 0.735341 -0.213980
v 0.394687 0.736696 -0.494591
v 0.191311 0.735075 -0.561428
v -0.382379 0.717998 -0.562418
v -0.432496 0.715612 -0.508432
v -0.430621 0.716463 -0.470951
v -0.424324 0.716747 -0.419773
v -0.413116 0.716756 -0.363130
v -0.396501 0.716783 -0.309295
v -0.375302 0.716810 -0.261751
v -0.350392 0.716819 -0.224042
v -0.327725 0.735105 -0.199669
v -0.329508 0.730194 -0.197833
v -0.239597 0.736696 -0.207016
v 0.393595 0.736696 -0.460334
v 0.387624 0.736696 -0.416247
v 0.376717 0.736696 -0.366816
v 0.328126 0.735341 -0.281268
v -0.089904 0.735341 -0.208413
v 0.293695 0.739089 -0.549269
v 0.372696 0.738437 -0.538729
v 0.407111 0.738294 -0.497293
v 0.294942 0.738038 -0.556417
v 0.093276 0.718380 -0.565939
v -0.096028 0.694931 -0.566440
v -0.193338 0.694931 -0.566440
v 0.191467 0.730133 -0.564435
v -0.296180 0.694931 -0.566440
v -0.379219 0.693397 -0.562358
v -0.419704 0.716851 -0.551855
v -0.429478 0.717222 -0.534505
v -0.328642 0.716819 -0.198458
v -0.307339 0.738867 -0.204492
v -0.313632 0.738050 -0.193301
v -0.316280 0.735105 -0.188991
v -0.288448 0.738437 -0.202600
v 0.360824 0.736696 -0.316543
v 0.087173 0.734416 -0.225870
v 0.167624 0.734416 -0.231029
v -0.001431 0.734416 -0.224138
v 0.231587 0.734416 -0.239574
v 0.267754 0.734656 -0.245720
v 0.309341 0.735341 -0.253617
v -0.001427 0.735341 -0.206414
v -0.172624 0.736696 -0.198006
v -0.090758 0.736696 -0.192305
v 0.404069 0.738867 -0.536944
v 0.405910 0.738437 -0.523667
v 0.405621 0.738294 -0.460086
v 0.295983 0.735075 -0.561428
v 0.093277 0.694931 -0.566440
v -0.001424 0.694931 -0.566440
v -0.427272 0.683812 -0.516265
v -0.425873 0.687233 -0.482756
v -0.419906 0.688373 -0.427673
v -0.408902 0.688377 -0.365536
v -0.392348 0.688387 -0.310933
v -0.371009 0.688398 -0.264656
v -0.345721 0.688401 -0.227519
v -0.310474 0.739235 -0.198784
v -0.317888 0.730194 -0.186799
v -0.316892 0.716819 -0.187291
v -0.241804 0.738294 -0.194930
v 0.399389 0.738294 -0.414294
v 0.388191 0.738294 -0.363647
v 0.341602 0.736696 -0.272588
v -0.001423 0.736696 -0.190282
v 0.375396 0.739125 -0.547220
v 0.408637 0.739232 -0.541467
v 0.416648 0.739089 -0.498236
v 0.414684 0.739089 -0.459704
v 0.378058 0.738038 -0.553767
v 0.191373 0.718380 -0.565939
v 0.190886 0.694931 -0.566440
v -0.095957 0.672200 -0.566244
v -0.192693 0.672200 -0.566280
v -0.293956 0.672200 -0.566313
v 0.296608 0.730133 -0.564435
v -0.375016 0.671815 -0.562969
v -0.416826 0.688792 -0.550111
v -0.425601 0.690281 -0.535671
v -0.323601 0.688401 -0.202105
v -0.292881 0.738049 -0.187785
v -0.295173 0.735105 -0.183400
v -0.296561 0.730194 -0.181167
v -0.290401 0.739128 -0.194220
v 0.371804 0.738294 -0.311886
v 0.087134 0.735341 -0.208413
v 0.167912 0.735341 -0.213980
v 0.232948 0.735342 -0.222678
v 0.280634 0.735341 -0.235547
v 0.320707 0.736696 -0.242209
v 0.087998 0.736696 -0.192305
v -0.173950 0.738294 -0.185987
v -0.091377 0.738294 -0.180286
v -0.001421 0.738294 -0.178247
v 0.414500 0.739125 -0.526282
v 0.380261 0.735075 -0.558412
v 0.190221 0.672200 -0.566280
v 0.093194 0.672200 -0.566244
v -0.001429 0.672200 -0.566225
v -0.423586 0.664476 -0.524591
v -0.420688 0.660523 -0.491549
v -0.414676 0.660682 -0.434879
v -0.403864 0.660679 -0.367770
v -0.387365 0.660671 -0.312561
v -0.365933 0.660663 -0.267592
v -0.340397 0.660660 -0.231201
v -0.295673 0.716819 -0.181645
v -0.311714 0.688402 -0.191001
v -0.242992 0.739092 -0.185797
v 0.408220 0.739089 -0.413045
v 0.396844 0.739090 -0.361676
v 0.330099 0.738294 -0.234413
v 0.088624 0.738294 -0.180286
v 0.413027 0.738038 -0.545814
v 0.423889 0.738038 -0.499385
v 0.421769 0.738038 -0.459786
v 0.296229 0.718380 -0.565939
v 0.294260 0.694931 -0.566440
v 0.291996 0.672200 -0.566313
v -0.095710 0.662748 -0.565655
v -0.192071 0.662748 -0.565799
v -0.292708 0.662748 -0.565934
v -0.373061 0.662748 -0.562906
v 0.381582 0.730133 -0.561199
v -0.410865 0.670661 -0.552869
v -0.423521 0.669165 -0.535180
v -0.422169 0.657345 -0.519979
v -0.422697 0.660046 -0.515529
v -0.318030 0.660660 -0.206139
v -0.244299 0.738050 -0.178990
v -0.245439 0.735105 -0.174456
v -0.246129 0.730194 -0.172137
v -0.245569 0.716819 -0.172582
v 0.351888 0.738294 -0.266334
v 0.380154 0.739091 -0.309024
v 0.170092 0.736696 -0.198006
v 0.237355 0.736696 -0.207016
v 0.293017 0.736882 -0.218331
v 0.312594 0.738437 -0.214390
v 0.171432 0.738294 -0.185987
v -0.174643 0.739092 -0.177003
v -0.091693 0.739092 -0.171337
v -0.001420 0.739092 -0.169286
v 0.088943 0.739092 -0.171337
v 0.421126 0.738038 -0.528906
v 0.415226 0.738038 -0.412630
v 0.416612 0.735075 -0.549362
v 0.290728 0.662748 -0.565934
v 0.189587 0.662748 -0.565799
v 0.092939 0.662748 -0.565655
v -0.001432 0.662748 -0.565580
v -0.408302 0.662748 -0.553561
v -0.421003 0.670153 -0.541811
v -0.422239 0.660250 -0.534826
v -0.421759 0.656159 -0.527211
v -0.420565 0.650247 -0.515174
v -0.418345 0.649736 -0.494390
v -0.412312 0.649566 -0.437246
v -0.401569 0.649562 -0.368581
v -0.385098 0.649552 -0.313324
v -0.363654 0.649541 -0.268941
v -0.338064 0.649538 -0.232893
v -0.291127 0.688402 -0.185361
v -0.306049 0.660660 -0.195160
v -0.174899 0.738049 -0.170131
v 0.403788 0.738039 -0.361031
v 0.386992 0.738044 -0.308113
v 0.318708 0.739128 -0.208458
v 0.337553 0.739092 -0.229273
v 0.172130 0.739092 -0.177003
v 0.428967 0.735075 -0.501101
v 0.426849 0.735075 -0.461059
v 0.420304 0.735075 -0.413307
v 0.380994 0.718380 -0.562624
v 0.377468 0.694931 -0.563181
v 0.373513 0.672200 -0.563175
v 0.371631 0.662748 -0.562906
v -0.095202 0.660423 -0.564477
v -0.191149 0.660423 -0.564837
v -0.291560 0.660423 -0.565175
v -0.371808 0.660423 -0.562307
v -0.407000 0.660423 -0.553049
v 0.418762 0.730133 -0.551491
v -0.417992 0.662578 -0.543630
v -0.416944 0.666659 -0.545637
v -0.421813 0.662067 -0.538842
v -0.420997 0.652065 -0.519495
v -0.315639 0.649538 -0.207998
v -0.174931 0.735105 -0.165454
v -0.174951 0.730194 -0.163054
v -0.174737 0.716819 -0.163468
v -0.242955 0.688402 -0.176307
v 0.359832 0.739092 -0.262412
v 0.366283 0.738048 -0.260728
v 0.239586 0.738294 -0.194930
v 0.286495 0.738437 -0.202600
v 0.305509 0.738867 -0.204492
v 0.308669 0.739235 -0.198784
v 0.240785 0.739092 -0.185797
v -0.091637 0.738050 -0.164431
v 0.088886 0.738049 -0.164431
v 0.172385 0.738049 -0.170131
v 0.425829 0.735075 -0.531265
v 0.408862 0.735078 -0.361237
v 0.370363 0.660423 -0.562307
v 0.289569 0.660423 -0.565175
v 0.188659 0.660423 -0.564837
v 0.092429 0.660423 -0.564477
v -0.001433 0.660423 -0.564291
v -0.416673 0.660252 -0.543156
v -0.420487 0.659737 -0.538384
v -0.420906 0.657918 -0.534396
v -0.420410 0.653831 -0.526860
v -0.419632 0.649742 -0.519222
v -0.419192 0.647922 -0.514930
v -0.416967 0.647409 -0.494189
v -0.410933 0.647237 -0.437171
v -0.400196 0.647235 -0.368707
v -0.383750 0.647229 -0.313719
v -0.362349 0.647223 -0.269601
v -0.336818 0.647221 -0.233740
v -0.286144 0.660661 -0.189542
v -0.303634 0.649538 -0.197083
v 0.392060 0.735090 -0.308248
v 0.371037 0.735101 -0.260398
v 0.311838 0.738049 -0.193301
v 0.323080 0.738049 -0.203381
v 0.343100 0.738049 -0.225833
v -0.001420 0.738049 -0.162372
v 0.432014 0.730133 -0.503747
v 0.429896 0.730133 -0.464249
v 0.423350 0.730133 -0.415336
v 0.411905 0.730140 -0.361816
v 0.418316 0.718380 -0.552679
v 0.414111 0.694931 -0.553406
v 0.409328 0.672200 -0.553693
v 0.407146 0.662748 -0.553561
v 0.405826 0.660423 -0.553049
v -0.094354 0.659027 -0.562513
v -0.189609 0.659027 -0.563233
v -0.289643 0.659027 -0.563909
v -0.369716 0.659027 -0.561308
v -0.404824 0.659027 -0.552195
v -0.414470 0.658853 -0.542366
v 0.428651 0.730133 -0.533084
v -0.314444 0.647221 -0.208960
v -0.091435 0.735105 -0.159700
v -0.091313 0.730194 -0.157270
v -0.174065 0.688401 -0.167203
v -0.240048 0.660661 -0.180530
v 0.346929 0.735105 -0.223836
v 0.288465 0.739128 -0.194220
v 0.290954 0.738049 -0.187785
v 0.242095 0.738050 -0.178990
v 0.088682 0.735105 -0.159700
v 0.172414 0.735105 -0.165454
v 0.395100 0.730163 -0.308520
v 0.403628 0.659027 -0.552195
v 0.368251 0.659027 -0.561308
v 0.287638 0.659027 -0.563909
v 0.187112 0.659027 -0.563233
v 0.091578 0.659027 -0.562513
v -0.001433 0.659027 -0.562143
v -0.418271 0.658334 -0.537620
v -0.418678 0.656513 -0.533680
v -0.418155 0.652434 -0.526274
v -0.417349 0.648354 -0.518766
v -0.416895 0.646532 -0.514522
v -0.414662 0.646012 -0.493854
v -0.408615 0.645839 -0.437044
v -0.397881 0.645838 -0.368879
v -0.381474 0.645835 -0.314236
v -0.360148 0.645833 -0.270455
v -0.334724 0.645832 -0.234870
v -0.091253 0.716819 -0.157676
v -0.091241 0.688402 -0.161422
v -0.283972 0.649538 -0.191495
v -0.302452 0.647221 -0.198092
v 0.373889 0.730186 -0.260533
v 0.349226 0.730194 -0.223024
v 0.293244 0.735105 -0.183400
v 0.314484 0.735105 -0.188991
v 0.325998 0.735105 -0.199669
v -0.001420 0.735105 -0.157636
v 0.429681 0.716280 -0.472767
v 0.431622 0.716265 -0.509865
v 0.423229 0.715026 -0.424296
v 0.411714 0.716326 -0.364264
v 0.394884 0.716783 -0.309295
v 0.428379 0.717851 -0.535347
v 0.423797 0.692809 -0.539037
v 0.419068 0.671541 -0.542639
v 0.416897 0.662578 -0.543630
v 0.415559 0.660251 -0.543156
v 0.413331 0.658853 -0.542366
v -0.092576 0.658328 -0.557428
v -0.186086 0.658328 -0.558326
v -0.284433 0.658328 -0.559172
v -0.363168 0.658139 -0.556757
v -0.397590 0.657571 -0.547872
v -0.406965 0.656834 -0.538227
v -0.312440 0.645832 -0.210278
v -0.001420 0.730194 -0.155204
v -0.173257 0.660660 -0.171474
v -0.091182 0.660660 -0.165735
v -0.238619 0.649538 -0.182555
v 0.327750 0.730194 -0.197833
v 0.243232 0.735105 -0.174456
v 0.088560 0.730194 -0.157270
v 0.172430 0.730194 -0.163054
v 0.373560 0.716810 -0.261751
v 0.405702 0.656861 -0.539605
v 0.396293 0.657589 -0.548652
v 0.361642 0.658143 -0.556952
v 0.282395 0.658328 -0.559172
v 0.183572 0.658328 -0.558326
v 0.089795 0.658328 -0.557428
v -0.001434 0.658328 -0.556965
v -0.410675 0.656136 -0.533531
v -0.411112 0.654491 -0.529021
v -0.410684 0.650911 -0.519934
v -0.409975 0.647347 -0.510744
v -0.409555 0.645751 -0.505928
v -0.407356 0.645292 -0.486363
v -0.401381 0.645139 -0.432901
v -0.390782 0.645139 -0.368398
v -0.374632 0.645138 -0.315795
v -0.353616 0.645138 -0.273153
v -0.328483 0.645137 -0.238529
v -0.001433 0.688401 -0.159363
v -0.001421 0.716819 -0.155612
v -0.001457 0.660660 -0.163695
v -0.282825 0.647221 -0.192556
v -0.300475 0.645832 -0.199487
v 0.348562 0.716819 -0.224042
v 0.326755 0.716819 -0.198458
v 0.243912 0.730194 -0.172137
v 0.294616 0.730194 -0.181167
v 0.316070 0.730194 -0.186799
v 0.424967 0.686498 -0.490015
v 0.426381 0.686437 -0.521995
v 0.418792 0.681455 -0.445747
v 0.407062 0.686648 -0.370067
v 0.390158 0.688387 -0.310933
v 0.422595 0.669562 -0.534783
v 0.420735 0.662067 -0.538842
v 0.419389 0.659737 -0.538384
v 0.417147 0.658334 -0.537620
v -0.089282 0.658095 -0.546883
v -0.179215 0.658095 -0.547458
v -0.273414 0.658095 -0.547999
v -0.348562 0.657338 -0.545500
v -0.381122 0.655069 -0.536953
v -0.389756 0.652643 -0.527703
v -0.306579 0.645137 -0.214600
v -0.172627 0.649538 -0.173592
v -0.090968 0.649538 -0.167941
v -0.237583 0.647221 -0.183747
v 0.314974 0.716819 -0.187291
v 0.088494 0.716819 -0.157676
v 0.172197 0.716819 -0.163468
v 0.368742 0.688398 -0.264656
v 0.409439 0.656154 -0.535145
v 0.388174 0.652752 -0.533218
v 0.379573 0.655141 -0.540073
v 0.346890 0.657357 -0.546280
v 0.271303 0.658095 -0.547999
v 0.176669 0.658095 -0.547458
v 0.086490 0.658095 -0.546883
v -0.001437 0.658095 -0.546587
v -0.393223 0.651421 -0.523097
v -0.393781 0.650307 -0.516761
v -0.393704 0.648205 -0.502318
v -0.393357 0.646170 -0.487770
v -0.393073 0.645257 -0.481120
v -0.390985 0.644993 -0.464689
v -0.385251 0.644906 -0.420772
v -0.375063 0.644906 -0.366564
v -0.359593 0.644906 -0.319316
v -0.339320 0.644906 -0.279341
v -0.314792 0.644906 -0.246962
v 0.088448 0.688401 -0.161422
v -0.001471 0.649537 -0.165944
v -0.280907 0.645832 -0.194036
v -0.295190 0.645137 -0.204048
v 0.343477 0.688401 -0.227519
v 0.321407 0.688401 -0.202105
v 0.243306 0.716819 -0.172582
v 0.293649 0.716819 -0.181645
v 0.421550 0.662082 -0.512217
v 0.412952 0.658946 -0.439396
v 0.401483 0.660245 -0.368902
v 0.384662 0.660671 -0.312561
v 0.422515 0.665135 -0.526024
v 0.421921 0.663900 -0.532720
v 0.421146 0.660250 -0.534826
v 0.419792 0.657918 -0.534396
v 0.417538 0.656513 -0.533680
v 0.391704 0.651493 -0.529553
v -0.085234 0.658095 -0.533608
v -0.170676 0.658095 -0.533608
v -0.259502 0.658095 -0.533608
v -0.329946 0.656582 -0.530890
v -0.360061 0.652041 -0.522734
v -0.367718 0.647362 -0.513986
v -0.293798 0.644906 -0.224567
v 0.088331 0.660661 -0.165735
v -0.171816 0.647221 -0.174954
v -0.090529 0.647221 -0.169470
v 0.088085 0.649538 -0.167941
v -0.235855 0.645832 -0.185443
v 0.309544 0.688401 -0.191001
v 0.419657 0.659455 -0.497907
v 0.416638 0.654583 -0.480960
v 0.363188 0.660663 -0.267592
v 0.409879 0.654495 -0.531186
v 0.392321 0.650325 -0.525420
v 0.368982 0.645589 -0.522404
v 0.365720 0.647580 -0.525016
v 0.358180 0.652186 -0.528976
v 0.328079 0.656618 -0.532450
v 0.257292 0.658095 -0.533608
v 0.168083 0.658095 -0.533608
v 0.082421 0.658095 -0.533608
v -0.001442 0.658095 -0.533608
v -0.370867 0.645444 -0.509491
v -0.371591 0.645040 -0.500699
v -0.371998 0.644906 -0.479060
v -0.372142 0.644906 -0.457308
v -0.372040 0.644906 -0.448192
v -0.370086 0.644906 -0.435912
v -0.364670 0.644906 -0.404646
v -0.355047 0.644906 -0.364054
v -0.340469 0.644906 -0.323817
v -0.321146 0.644906 -0.287270
v -0.297367 0.644906 -0.257776
v 0.171461 0.688401 -0.167203
v -0.001478 0.647221 -0.167556
v 0.087629 0.647221 -0.169470
v -0.276298 0.645137 -0.198713
v -0.284073 0.644906 -0.214550
v 0.337759 0.660661 -0.231201
v 0.315526 0.660660 -0.206139
v 0.240562 0.688401 -0.176307
v 0.288896 0.688401 -0.185361
v 0.419795 0.652065 -0.519495
v 0.420617 0.656159 -0.527211
v 0.410374 0.649566 -0.437246
v 0.416947 0.649736 -0.494390
v 0.398989 0.649563 -0.368581
v 0.382203 0.649552 -0.313324
v 0.419246 0.653831 -0.526860
v 0.416965 0.652434 -0.526274
v 0.369839 0.645076 -0.518018
v -0.277537 0.644906 -0.237350
v 0.169881 0.649538 -0.173592
v 0.170559 0.660660 -0.171474
v -0.170464 0.645832 -0.176929
v -0.089796 0.645832 -0.171723
v 0.169049 0.647221 -0.174954
v -0.231918 0.645137 -0.190413
v 0.303610 0.660660 -0.195160
v 0.419327 0.650247 -0.515175
v 0.360729 0.649541 -0.268941
v 0.409399 0.650911 -0.523643
v 0.392183 0.648205 -0.517157
v 0.237498 0.660660 -0.180530
v -0.001488 0.645831 -0.169947
v 0.086876 0.645832 -0.171723
v 0.167671 0.645832 -0.176929
v -0.267062 0.644906 -0.209359
v -0.270015 0.644906 -0.228015
v 0.335270 0.649538 -0.232893
v 0.313007 0.649538 -0.207998
v 0.283683 0.660661 -0.189542
v 0.418407 0.649742 -0.519222
v 0.408963 0.647237 -0.437171
v 0.415545 0.647409 -0.494189
v 0.417931 0.647922 -0.514930
v 0.397578 0.647235 -0.368707
v 0.380814 0.647229 -0.313719
v 0.416098 0.648354 -0.518766
v 0.370167 0.644906 -0.508741
v 0.234932 0.647221 -0.183747
v 0.235994 0.649538 -0.182555
v -0.167439 0.645137 -0.182243
v -0.088171 0.645137 -0.177302
v 0.233173 0.645832 -0.185443
v -0.224242 0.644906 -0.201423
v 0.301081 0.649538 -0.197083
v 0.359383 0.647223 -0.269601
v 0.408621 0.647347 -0.515985
v 0.391738 0.646169 -0.508734
v 0.281412 0.649538 -0.191495
v -0.001507 0.645137 -0.175640
v 0.085206 0.645137 -0.177302
v 0.164588 0.645137 -0.182243
v 0.229168 0.645137 -0.190413
v -0.255488 0.644906 -0.222981
v 0.333987 0.647221 -0.233740
v 0.311776 0.647221 -0.208960
v 0.406617 0.645839 -0.437044
v 0.413212 0.646012 -0.493854
v 0.415608 0.646532 -0.514522
v 0.395236 0.645838 -0.368879
v 0.378512 0.645835 -0.314236
v 0.370173 0.644906 -0.499248
v 0.278282 0.645832 -0.194036
v 0.280233 0.647221 -0.192556
v -0.161598 0.644906 -0.193612
v -0.085046 0.644905 -0.188805
v 0.273600 0.645137 -0.198713
v -0.214674 0.644906 -0.215442
v 0.299866 0.647221 -0.198092
v 0.357154 0.645833 -0.270455
v 0.408168 0.645751 -0.511677
v 0.391432 0.645257 -0.504123
v -0.001542 0.644906 -0.187152
v 0.082001 0.644906 -0.188805
v 0.158644 0.644906 -0.193612
v 0.221369 0.644906 -0.201423
v 0.264231 0.644906 -0.209359
v 0.331863 0.645832 -0.234870
v 0.309740 0.645832 -0.210278
v 0.399313 0.645139 -0.435778
v 0.405812 0.645292 -0.491395
v 0.388105 0.645139 -0.369119
v 0.371650 0.645138 -0.315795
v 0.370069 0.644906 -0.494213
v 0.297855 0.645832 -0.199487
v 0.292496 0.645137 -0.204048
v -0.154332 0.644906 -0.208000
v -0.081160 0.644905 -0.203259
v 0.281241 0.644906 -0.214550
v 0.350593 0.645137 -0.273153
v 0.389218 0.644993 -0.484819
v -0.001579 0.644906 -0.201564
v 0.078031 0.644906 -0.203259
v 0.151270 0.644906 -0.208000
v 0.211674 0.644906 -0.215442
v 0.252521 0.644906 -0.222981
v 0.267045 0.644906 -0.228015
v 0.325573 0.645137 -0.238529
v 0.303811 0.645137 -0.214600
v 0.383036 0.644906 -0.432285
v 0.372336 0.644906 -0.369447
v 0.356588 0.644906 -0.319316
v 0.368047 0.644906 -0.476184
v 0.290907 0.644906 -0.224567
v 0.274523 0.644906 -0.237350
v 0.336256 0.644906 -0.279341
v 0.311798 0.644906 -0.246962
v 0.362292 0.644906 -0.427677
v 0.352264 0.644906 -0.369821
v 0.337441 0.644906 -0.323817
v 0.294293 0.644906 -0.257776
v 0.318044 0.644906 -0.287270
vn 0.002151000992036509 0.9999404611701472 0.01069800493389449
vn 0.0018550002661944123 0.9993221434037372 0.036767005276102625
vn 0.009035002586635778 0.9993132860939413 0.03593501028785376
vn -0.009035002586635778 -0.9993132860939413 -0.03593501028785376
vn -0.0018550002661944123 -0.9993221434037372 -0.036767005276102625
vn -0.002151000992036509 -0.9999404611701472 -0.01069800493389449
vn 0.000022999995880586107 0.999915820910093 0.012974997676113473
vn -0.000022999995880586107 -0.999915820910093 -0.012974997676113473
vn 0.0033279996487213357 0.9976548946950373 0.06836399278401026
vn -0.0033279996487213357 -0.9976548946950373 -0.06836399278401026
vn 0.014198996561152538 0.9998427578486117 0.010622997427222098
vn -0.014198996561152538 -0.9998427578486117 -0.010622997427222098
vn 0.00019099999432032873 0.9993359702832462 0.036435998916521155
vn -0.00019099999432032873 -0.9993359702832462 -0.036435998916521155
vn 0 1 0.0000010000000002215446
vn 0 -1 -0.0000010000000002215446
vn 0.0004490001352644541 0.9979383006359439 0.06417901933438196
vn -0.0004490001352644541 -0.9979383006359439 -0.06417901933438196
vn 0.021880999669104586 0.9980899849063843 0.05777199912634317
vn -0.021880999669104586 -0.9980899849063843 -0.05777199912634317
vn 0.0481179933872168 0.998576862767089 0.02299799683942023
vn -0.0481179933872168 -0.998576862767089 -0.02299799683942023
vn 0.003026001205321579 0.9999953983197464 -0.00021600008603727335
vn -0.003026001205321579 -0.9999953983197464 0.00021600008603727335
vn 0.00006399997437691139 0.9993445999014767 0.03619898550734108
vn -0.00006399997437691139 -0.9993445999014767 -0.03619898550734108
vn -0.0000010000003571866912 0.999955357170618 0.00944900337505727
vn 0.0000010000003571866912 -0.999955357170618 -0.00944900337505727
vn 0.000711000231509534 0.9949043239518445 0.10082103282844287
vn -0.000711000231509534 -0.9949043239518445 -0.10082103282844287
vn 0.004407000749483257 0.9944331691197829 0.1052770179040957
vn -0.004407000749483257 -0.9944331691197829 -0.1052770179040957
vn 0.05595601007350959 0.9984181797407481 -0.005483000987079861
vn -0.05595601007350959 -0.9984181797407481 0.005483000987079861
vn 0.01792799130430781 0.9998375150444283 -0.0018789990886206155
vn -0.01792799130430781 -0.9998375150444283 0.0018789990886206155
vn 9.999999999975e-7 1 0.0000020000000002170445
vn -9.999999999975e-7 -1 -0.0000020000000002170445
vn 0.0023820002888723384 0.9999971212726583 -0.0002890000350476813
vn -0.0023820002888723384 -0.9999971212726583 0.0002890000350476813
vn 0.0001390000143291647 0.997602102840312 0.06921000713468718
vn -0.0001390000143291647 -0.997602102840312 -0.06921000713468718
vn 0.037893007436370814 0.9968631956309323 0.0694830136357998
vn -0.037893007436370814 -0.9968631956309323 -0.0694830136357998
vn 0.09298998958860888 0.9952568885685569 0.02857599680056036
vn -0.09298998958860888 -0.9952568885685569 -0.02857599680056036
vn 0.1093770186681977 0.9939541696456272 -0.009580001635090648
vn -0.1093770186681977 -0.9939541696456272 0.009580001635090648
vn 0.016058004499830855 0.9998672801863481 -0.002750000770614727
vn -0.016058004499830855 -0.9998672801863481 0.002750000770614727
vn 0 0.999434520346503 0.03362498386253372
vn 0 -0.999434520346503 -0.03362498386253372
vn 0 1 -9.999999997774554e-7
vn 0 -1 9.999999997774554e-7
vn 0 0.9999801610963168 0.006299001014766217
vn 0 -0.9999801610963168 -0.006299001014766217
vn 0.00017299999868571904 0.9939879924486733 0.10948899916821231
vn -0.00017299999868571904 -0.9939879924486733 -0.10948899916821231
vn 0.0005870001855692785 0.993088313946548 0.11736803710373972
vn -0.0005870001855692785 -0.993088313946548 -0.11736803710373972
vn 0.00280199881306795 0.9948755785688045 0.1010679571874205
vn -0.00280199881306795 -0.9948755785688045 -0.1010679571874205
vn 0.1081149823110389 0.9939478373777227 -0.019463996815446857
vn -0.1081149823110389 -0.9939478373777227 0.019463996815446857
vn 0.05533198317573209 0.9984156964212704 -0.010220996892198825
vn -0.05533198317573209 -0.9984156964212704 0.010220996892198825
vn 9.999999999989998e-7 1 -9.999999997769552e-7
vn -9.999999999989998e-7 -1 9.999999997769552e-7
vn 0 1 0
vn 0 -1 0
vn 0.014208001771283275 0.9998941246548084 -0.003142000391706707
vn -0.014208001771283275 -0.9998941246548084 0.003142000391706707
vn 0.002569998960161926 0.9999965953949594 -0.000451999817117751
vn -0.002569998960161926 -0.9999965953949594 0.000451999817117751
vn 0 0.9976002383421881 0.06923701654179862
vn 0 -0.9976002383421881 -0.06923701654179862
vn 0.009237997240698397 0.9961437024613838 0.08724897393956445
vn -0.009237997240698397 -0.9961437024613838 -0.08724897393956445
vn 0.09226499762629842 0.9956499743849133 0.01297299966624386
vn -0.09226499762629842 -0.9956499743849133 -0.01297299966624386
vn 0.10999898825447367 0.9938898938739338 -0.009115999026607131
vn -0.10999898825447367 -0.9938898938739338 0.009115999026607131
vn 0.11025197555906914 0.993718779709961 -0.019169995750347665
vn -0.11025197555906914 -0.993718779709961 0.019169995750347665
vn 0.04637201964384089 0.99885242312796 -0.011978005074051496
vn -0.04637201964384089 -0.99885242312796 0.011978005074051496
vn 0.000002000000695471363 0.9999553477200332 0.009450003286102411
vn -0.000002000000695471363 -0.9999553477200332 -0.009450003286102411
vn -9.999999999989998e-7 1 -9.999999997769552e-7
vn 9.999999999989998e-7 -1 9.999999997769552e-7
vn -9.999999999975e-7 1 0.0000020000000002170445
vn 9.999999999975e-7 -1 -0.0000020000000002170445
vn 0 0.9939585660293361 0.10975595207962907
vn 0 -0.9939585660293361 -0.10975595207962907
vn 0.0000829999823786906 0.9937357890249455 0.11175497627386248
vn -0.0000829999823786906 -0.9937357890249455 -0.11175497627386248
vn 0.00008200000889519743 0.9999041084676036 -0.013848001502203363
vn -0.00008200000889519743 -0.9999041084676036 0.013848001502203363
vn 0.00035399982252294144 0.9994854989100697 -0.03207198392077882
vn -0.00035399982252294144 -0.9994854989100697 0.03207198392077882
vn 0.02984999446966219 0.9974988151924142 0.06407098812950529
vn -0.02984999446966219 -0.9974988151924142 -0.06407098812950529
vn 0.06399998752355565 0.9976918055054887 0.022694995575736086
vn -0.06399998752355565 -0.9976918055054887 -0.022694995575736086
vn 0.1155939877139203 0.9928208944765476 -0.030735996733178436
vn -0.1155939877139203 -0.9928208944765476 0.030735996733178436
vn 0.09820597903769049 0.9948247876521845 -0.0260619944370025
vn -0.09820597903769049 -0.9948247876521845 0.0260619944370025
vn -0.000028999991312604403 0.9993467006302508 0.03614098917340835
vn 0.000028999991312604403 -0.9993467006302508 -0.03614098917340835
vn 9.999999999975e-7 1 -0.0000019999999997729553
vn -9.999999999975e-7 -1 0.0000019999999997729553
vn 0.01729699751987884 0.999835856639046 -0.005391999226870721
vn -0.01729699751987884 -0.999835856639046 0.005391999226870721
vn 0.0028679989374582144 0.9999956295196878 -0.0007179997339938497
vn -0.0028679989374582144 -0.9999956295196878 0.0007179997339938497
vn -0.00011100003052651109 0.9975962743524808 0.06929401905679354
vn 0.00011100003052651109 -0.9975962743524808 -0.06929401905679354
vn 0.0005289998556833045 0.9991877274111337 -0.040293989007377996
vn -0.0005289998556833045 -0.9991877274111337 0.040293989007377996
vn -0.03218198725051291 0.9994776040385351 0.0029729988221919713
vn 0.03218198725051291 -0.9994776040385351 -0.0029729988221919713
vn -0.030911992479715926 0.999510756838553 0.004763998841012342
vn 0.030911992479715926 -0.999510756838553 -0.004763998841012342
vn -0.029961985420846004 0.9995265136420115 0.007001996592910033
vn 0.029961985420846004 -0.9995265136420115 -0.007001996592910033
vn -0.013039998918658133 0.9999049170828882 0.004484999628081643
vn 0.013039998918658133 -0.9999049170828882 -0.004484999628081643
vn 0.055414021055835816 0.9982673793147229 -0.01978700751852981
vn -0.055414021055835816 -0.9982673793147229 0.01978700751852981
vn -0.000023999995389505326 0.999915807912192 0.012975997507259435
vn 0.000023999995389505326 -0.999915807912192 -0.012975997507259435
vn 0 0.9937091069504326 0.11199201205342114
vn 0 -0.9937091069504326 -0.11199201205342114
vn -0.0001819999740064016 0.9939618580403897 0.10972598432871682
vn 0.0001819999740064016 -0.9939618580403897 -0.10972598432871682
vn -0.000003999999351286158 0.9995458378951685 -0.030134995112751868
vn 0.000003999999351286158 -0.9995458378951685 0.030134995112751868
vn -0.000037000010505229477 0.9424102675738734 -0.3344590949613118
vn 0.000037000010505229477 -0.9424102675738734 0.3344590949613118
vn -0.004189999448281859 0.9420148759601995 -0.33554495581712057
vn 0.004189999448281859 -0.9420148759601995 0.33554495581712057
vn -0.024458993935014092 0.9983947524325768 -0.05108498733268692
vn 0.024458993935014092 -0.9983947524325768 0.05108498733268692
vn -0.08207999623187162 0.9964299542558948 -0.019753999093133207
vn 0.08207999623187162 -0.9964299542558948 0.019753999093133207
vn 0.10506701937341456 0.9936771832251465 -0.03958000729819758
vn -0.10506701937341456 -0.9936771832251465 0.03958000729819758
vn 0.10300200623017954 0.9939600601206701 -0.037868002290483836
vn -0.10300200623017954 -0.9939600601206701 0.037868002290483836
vn -0.00019399993934583144 0.9992076875972656 0.039798987556828806
vn 0.00019399993934583144 -0.9992076875972656 -0.039798987556828806
vn -9.999999999995e-7 1 0
vn 0.000001999999999996 1 0
vn -0.000001999999999996 -1 0
vn 0.018460006122215895 0.9997933315790138 -0.008516002824311291
vn -0.018460006122215895 -0.9997933315790138 0.008516002824311291
vn 0.0032639989938186087 0.9999936917354921 -0.001400999568118611
vn -0.0032639989938186087 -0.9999936917354921 0.001400999568118611
vn -0.0004749997913884499 0.9975815618797318 0.06950396947507985
vn 0.0004749997913884499 -0.9975815618797318 -0.06950396947507985
vn -0.000012000004804214884 0.9421273771817132 -0.3352551342197549
vn 0.000012000004804214884 -0.9421273771817132 0.3352551342197549
vn -0.038657017590995824 0.9357544258179556 -0.3505271595084716
vn 0.038657017590995824 -0.9357544258179556 0.3505271595084716
vn -0.3336639690249742 0.9426909124871785 -0.0014829998623284708
vn 0.3336639690249742 -0.9426909124871785 0.0014829998623284708
vn -0.33651287439894867 0.9410486487602447 0.034445987143279025
vn 0.33651287439894867 -0.9410486487602447 -0.034445987143279025
vn -0.33472800263330527 0.9402710073971121 0.062029000487982364
vn 0.33472800263330527 -0.9402710073971121 -0.062029000487982364
vn -0.33064218229482306 0.9393545178996354 0.09104305019527963
vn 0.33064218229482306 -0.9393545178996354 -0.09104305019527963
vn -0.030366988058579063 0.9994676069724339 0.011930995308292341
vn 0.030366988058579063 -0.9994676069724339 -0.011930995308292341
vn 0.05374302319439207 0.998154430783083 -0.028274012202486456
vn -0.05374302319439207 -0.998154430783083 0.028274012202486456
vn -0.0018450004345585387 0.9993222353733918 0.03676500865937403
vn 0.0018450004345585387 -0.9993222353733918 -0.03676500865937403
vn -0.0021380009998962658 0.9999404676502675 0.010700005004158332
vn 0.0021380009998962658 -0.9999404676502675 -0.010700005004158332
vn 9.999999999995e-7 -1 0
vn -0.0023670003686047116 0.9999971557260692 -0.0002930000456276531
vn 0.0023670003686047116 -0.9999971557260692 0.0002930000456276531
vn 0 1 0.0000030000000002085447
vn 0 -1 -0.0000030000000002085447
vn 0 0.9999817469606509 -0.00604199847110851
vn 0 -0.9999817469606509 0.00604199847110851
vn -0.0001529999204484005 0.9937384833102816 0.11173094190601485
vn 0.0001529999204484005 -0.9937384833102816 -0.11173094190601485
vn -0.0007000000449060545 0.9940410637692274 0.10900400699277102
vn 0.0007000000449060545 -0.9940410637692274 -0.10900400699277102
vn 0 0.9617818244685817 -0.27381695002663115
vn 0 -0.9617818244685817 0.27381695002663115
vn 0.0000010000003360511694 0.7115492391168736 -0.7026362361216494
vn -0.0000010000003360511694 -0.7115492391168736 0.7026362361216494
vn 0 0.7115462581358657 -0.7026392549045689
vn 0 -0.7115462581358657 0.7026392549045689
vn -0.011352001835153412 0.7091531146409928 -0.7049631139636412
vn 0.011352001835153412 -0.7091531146409928 0.7049631139636412
vn -0.19212109434271954 0.9407514619641152 -0.2794211372121579
vn 0.19212109434271954 -0.9407514619641152 0.2794211372121579
vn -0.37785316859925505 0.919681410364696 -0.1068320476687906
vn 0.37785316859925505 -0.919681410364696 0.1068320476687906
vn -0.32888612263688916 0.9358333489587513 0.12668804724014482
vn 0.32888612263688916 -0.9358333489587513 -0.12668804724014482
vn 0.0976739981351592 0.9936969810278407 -0.05500999894972138
vn -0.0976739981351592 -0.9936969810278407 0.05500999894972138
vn 0.09135004136362782 0.9945624503414604 -0.05000702264335979
vn -0.09135004136362782 -0.9945624503414604 0.05000702264335979
vn -0.003007001371388393 0.9999954560630316 -0.00021400009759775472
vn 0.003007001371388393 -0.9999954560630316 0.00021400009759775472
vn -0.0025569990506350117 0.9999966287203207 -0.0004519998321808594
vn 0.0025569990506350117 -0.9999966287203207 0.0004519998321808594
vn 9.999999999989998e-7 1 0.0000010000000002210444
vn -9.999999999989998e-7 -1 -0.0000010000000002210444
vn 0.000001999999999987 1 0.000003000000000202545
vn -0.000001999999999987 -1 -0.000003000000000202545
vn 0.018649006322564363 0.9996223389015193 -0.02018400684297469
vn -0.018649006322564363 -0.9996223389015193 0.02018400684297469
vn 0.005050000523874457 0.9999081037279723 -0.01258100130512147
vn -0.005050000523874457 -0.9999081037279723 0.01258100130512147
vn -0.003308000322640865 0.9976550973047981 0.06836200666758632
vn 0.003308000322640865 -0.9976550973047981 -0.06836200666758632
vn 0 0.7674672226296105 -0.6410881859691315
vn 0 -0.7674672226296105 0.6410881859691315
vn -0.0932100029312216 0.6997620220057665 -0.7082690222732902
vn 0.0932100029312216 -0.6997620220057665 0.7082690222732902
vn -0.7011119507857988 0.7129539499545556 -0.011776999173319301
vn 0.7011119507857988 -0.7129539499545556 0.011776999173319301
vn -0.7148163944894066 0.6958873840429561 0.06912503814839112
vn 0.7148163944894066 -0.6958873840429561 -0.06912503814839112
vn -0.7085858510921161 0.6941918541169855 0.12650597341502565
vn 0.7085858510921161 -0.6941918541169855 -0.12650597341502565
vn -0.6901069057213967 0.6994679044425485 0.18573397462604785
vn 0.6901069057213967 -0.6994679044425485 -0.18573397462604785
vn -0.6762828192573541 0.6903948154857965 0.2568979313417251
vn 0.6762828192573541 -0.6903948154857965 -0.2568979313417251
vn -0.32127694817899627 0.9295408500678616 0.18092797081686365
vn 0.32127694817899627 -0.9295408500678616 -0.18092797081686365
vn -0.051142012215961485 0.9982102384360195 0.03099700740405478
vn 0.051142012215961485 -0.9982102384360195 -0.03099700740405478
vn 0.04478397794532938 0.9979535085399526 -0.04564197752279193
vn -0.04478397794532938 -0.9979535085399526 0.04564197752279193
vn -0.008970000786951659 0.9993140876713278 0.035929003152105704
vn 0.008970000786951659 -0.9993140876713278 -0.035929003152105704
vn -0.01409200412585053 0.9998442927339551 0.01062100310961266
vn 0.01409200412585053 -0.9998442927339551 -0.01062100310961266
vn -0.01593500355775287 0.9998692232373269 -0.002759000615992258
vn 0.01593500355775287 -0.9998692232373269 0.002759000615992258
vn -0.014102994339475244 0.999895598671484 -0.003145998737288945
vn 0.014102994339475244 -0.999895598671484 0.003145998737288945
vn -0.0028529990654304112 0.9999956724269714 -0.0007179997648014026
vn 0.0028529990654304112 -0.9999956724269714 0.0007179997648014026
vn 0.001124999535272913 0.999945586931563 -0.010370995715835673
vn -0.001124999535272913 -0.999945586931563 0.010370995715835673
vn -0.00002599999205910964 0.999538694721938 -0.03037099072412358
vn 0.00002599999205910964 -0.999538694721938 0.03037099072412358
vn -0.0005139998213398612 0.9939376545192586 0.10994396178480507
vn 0.0005139998213398612 -0.9939376545192586 -0.10994396178480507
vn -0.004377999713939319 0.9944339350231916 0.10527099312154112
vn 0.004377999713939319 -0.9944339350231916 -0.10527099312154112
vn 0.000011999995994282005 0.9421256855090775 -0.3352598880869152
vn -0.000011999995994282005 -0.9421256855090775 0.3352598880869152
vn 0 0.330589834915875 -0.9437745287145096
vn 0 -0.330589834915875 0.9437745287145096
vn 0 0.3965430541073123 -0.9180161252610137
vn 0 -0.3965430541073123 0.9180161252610137
vn 0 0.3305931310507799 -0.9437733741222212
vn 0 -0.3305931310507799 0.9437733741222212
vn -0.017372007830295313 0.3268561473278269 -0.9449144259127139
vn 0.017372007830295313 -0.3268561473278269 0.9449144259127139
vn -0.4077190032513551 0.7261390057905955 -0.5536130044147868
vn 0.4077190032513551 -0.7261390057905955 0.5536130044147868
vn -0.7146476354765576 0.6659906602952336 -0.2138578909165709
vn 0.7146476354765576 -0.6659906602952336 0.2138578909165709
vn -0.6553959692894564 0.6637279688990355 0.3604459831102227
vn 0.6553959692894564 -0.6637279688990355 -0.3604459831102227
vn 0.08491500195996564 0.9940940229451815 -0.06757600155975527
vn -0.08491500195996564 -0.9940940229451815 0.06757600155975527
vn -0.026488987796274486 0.999372539579683 0.023512989167345233
vn 0.026488987796274486 -0.999372539579683 -0.023512989167345233
vn 0.07121696782236517 0.9949585504524571 -0.07060896809707468
vn -0.07121696782236517 -0.9949585504524571 0.07060896809707468
vn -0.01779199890767805 0.9998399386158286 -0.0018819998844562807
vn 0.01779199890767805 -0.9998399386158286 0.0018819998844562807
vn -0.01717299999094983 0.9998379994730854 -0.005390999997158721
vn 0.01717299999094983 -0.9998379994730854 0.005390999997158721
vn -0.003246999201463961 0.9999937540710664 -0.0013959996566809266
vn 0.003246999201463961 -0.9999937540710664 0.0013959996566809266
vn 0.0004220002055635242 0.9999514870934872 -0.009841004793721679
vn -0.0004220002055635242 -0.9999514870934872 0.009841004793721679
vn 0.016488003536075328 0.9990732142647614 -0.03976000852707128
vn -0.016488003536075328 -0.9990732142647614 0.03976000852707128
vn 0.007794001797639958 0.9992502304710967 -0.03792400874694586
vn -0.007794001797639958 -0.9992502304710967 0.03792400874694586
vn -0.021708008648244435 0.9980943976304073 0.057761023011389884
vn 0.021708008648244435 -0.9980943976304073 -0.057761023011389884
vn 0 0.7115427771811259 -0.7026427799681504
vn 0 -0.7115427771811259 0.7026427799681504
vn -0.13699604613246733 0.3075531035663724 -0.9416173170830935
vn 0.13699604613246733 -0.3075531035663724 0.9416173170830935
vn -0.964566893610689 0.26256497103974175 -0.025890997144287844
vn 0.964566893610689 -0.26256497103974175 0.025890997144287844
vn -0.9694878291491138 0.228585959716757 0.08855398439430985
vn 0.9694878291491138 -0.228585959716757 -0.08855398439430985
vn -0.9609633563089421 0.22314408273804773 0.16357306065012142
vn 0.9609633563089421 -0.22314408273804773 -0.16357306065012142
vn -0.9381371765771341 0.24345004582241533 0.24623304634623466
vn 0.9381371765771341 -0.24345004582241533 -0.24623304634623466
vn -0.9072641052331161 0.24439002834667875 0.3422650396991532
vn 0.9072641052331161 -0.24439002834667875 -0.3422650396991532
vn -0.8581902782133187 0.21220206879295092 0.4674181515304455
vn 0.8581902782133187 -0.21220206879295092 -0.4674181515304455
vn -0.28919495951082874 0.9302418697601008 0.22586796837701872
vn 0.28919495951082874 -0.9302418697601008 -0.22586796837701872
vn -0.6034371438989574 0.6529621557089654 0.457716109149514
vn 0.6034371438989574 -0.6529621557089654 -0.457716109149514
vn 0.027950000831163162 0.9976590296678858 -0.062412001855976715
vn -0.027950000831163162 -0.9976590296678858 0.062412001855976715
vn -0.047717980279164914 0.9985965873010864 0.022974990504921085
vn 0.047717980279164914 -0.9985965873010864 -0.022974990504921085
vn -0.05549100307348027 0.9984440553008224 -0.005497000304462142
vn 0.05549100307348027 -0.9984440553008224 0.005497000304462142
vn -0.05486601639778133 0.9984412984036962 -0.010232003058033873
vn 0.05486601639778133 -0.9984412984036962 0.010232003058033873
vn -0.045981020746986095 0.9988704506979406 -0.0119820054063717
vn 0.045981020746986095 -0.9988704506979406 0.0119820054063717
vn -0.018331995509541586 0.9997957550980601 -0.008507997915948928
vn 0.018331995509541586 -0.9997957550980601 0.008507997915948928
vn 0.00325700022447572 0.9993100688734516 -0.03699700254987028
vn -0.00325700022447572 -0.9993100688734516 0.03699700254987028
vn -0.00006499999210006395 0.999512878521711 -0.031208996206936637
vn 0.00006499999210006395 -0.999512878521711 0.031208996206936637
vn -0.0027829995313136966 0.9948758324524777 0.10106598297942893
vn 0.0027829995313136966 -0.9948758324524777 -0.10106598297942893
vn -0.03757500785389139 0.99687620836609 0.06946901452034569
vn 0.03757500785389139 -0.99687620836609 -0.06946901452034569
vn 0.000035999986141502006 0.9424096372114698 -0.3344608712464693
vn -0.000035999986141502006 -0.9424096372114698 0.3344608712464693
vn 0 0.07424201885138755 -0.9972402532172826
vn 0 -0.07424201885138755 0.9972402532172826
vn 0 0.3305859600698468 -0.9437758860050924
vn 0 -0.3305859600698468 0.9437758860050924
vn 0 0.07424002987419426 -0.9972404012896182
vn 0 -0.07424002987419426 0.9972404012896182
vn -0.028573011265040495 0.06370902511757502 -0.9975593932923574
vn 0.028573011265040495 -0.06370902511757502 0.9975593932923574
vn -0.5846171451236245 0.3074660763244661 -0.7507911863741749
vn 0.5846171451236245 -0.3074660763244661 0.7507911863741749
vn -0.9338713236448366 0.2032950704544601 -0.2942031019597801
vn 0.9338713236448366 -0.2032950704544601 0.2942031019597801
vn -0.7866289823142208 0.1857099958246821 0.5888349867612233
vn 0.7866289823142208 -0.1857099958246821 -0.5888349867612233
vn 0.06397403208973441 0.9949324990637389 -0.07756703890806288
vn -0.06397403208973441 -0.9949324990637389 0.07756703890806288
vn -0.024047004362860416 0.9995611813509012 0.017297003138204432
vn 0.024047004362860416 -0.9995611813509012 -0.017297003138204432
vn -0.2465400949316378 0.9372083608773035 0.24669509499132164
vn 0.2465400949316378 -0.9372083608773035 -0.24669509499132164
vn 0.04118501008723983 0.9953452437849637 -0.08713002134032287
vn -0.04118501008723983 -0.9953452437849637 0.08713002134032287
vn -0.054949024182768647 0.9982934393435487 -0.01976900870023369
vn 0.054949024182768647 -0.9982934393435487 0.01976900870023369
vn -0.00042100020111058114 0.9999514776739352 -0.009842004701497022
vn 0.00042100020111058114 -0.9999514776739352 0.009842004701497022
vn 0 0.9999217344183228 -0.012510996677048223
vn 0 -0.9999217344183228 0.012510996677048223
vn -0.0011189994756336116 0.9999455314226339 -0.010376995137309865
vn 0.0011189994756336116 -0.9999455314226339 0.010376995137309865
vn -0.00502500102766809 0.9999082044922477 -0.01258300257336248
vn 0.00502500102766809 -0.9999082044922477 0.01258300257336248
vn -0.018529993948021583 0.9996246735181367 -0.020177993409777408
vn 0.018529993948021583 -0.9996246735181367 0.020177993409777408
vn 0.0012379997250700034 0.9993577780666466 -0.03581199204701671
vn -0.0012379997250700034 -0.9993577780666466 0.03581199204701671
vn 0.013454006049648998 0.9976404485931192 -0.06732403027252609
vn -0.013454006049648998 -0.9976404485931192 0.06732403027252609
vn 0.00683700359234723 0.997609524171117 -0.06876403613049048
vn -0.00683700359234723 -0.997609524171117 0.06876403613049048
vn -0.09217595637921376 0.9953335289744442 0.028543986492018513
vn 0.09217595637921376 -0.9953335289744442 -0.028543986492018513
vn 0 0.7115437708473656 -0.7026417737142532
vn 0 -0.7115437708473656 0.7026417737142532
vn -0.17762594318981487 0.033500989285363776 -0.9835276854378989
vn 0.17762594318981487 -0.033500989285363776 0.9835276854378989
vn -0.9958087620943444 -0.0859179794735957 -0.03135299250955153
vn 0.9958087620943444 0.0859179794735957 0.03135299250955153
vn -0.9889582508413804 -0.12133403077541013 0.08508602158139139
vn 0.9889582508413804 0.12133403077541013 -0.08508602158139139
vn -0.9802236848870526 -0.1226289605784131 0.15531795006986895
vn 0.9802236848870526 0.1226289605784131 -0.15531795006986895
vn -0.9676950651089453 -0.08801700592200444 0.23626101589623227
vn 0.9676950651089453 0.08801700592200444 -0.23626101589623227
vn -0.9392611883942102 -0.08946601794482735 0.3313370664586014
vn 0.9392611883942102 0.08946601794482735 -0.3313370664586014
vn -0.8842299295706467 -0.10541999160324539 0.4549989637591064
vn 0.8842299295706467 0.10541999160324539 -0.4549989637591064
vn -0.8036837409787997 -0.1310449577651999 0.5804478129260534
vn 0.8036837409787997 0.1310449577651999 -0.5804478129260534
vn -0.5302570897507923 0.6748521142248036 0.513227086868311
vn 0.5302570897507923 -0.6748521142248036 -0.513227086868311
vn -0.711714205670845 0.1930660557921402 0.6754171951817517
vn 0.711714205670845 -0.1930660557921402 -0.6754171951817517
vn 0.019740995264037105 0.994747761355067 -0.10043497590514978
vn -0.019740995264037105 -0.994747761355067 0.10043497590514978
vn -0.10372404638431482 0.9945744447633482 -0.007937003549345222
vn 0.10372404638431482 -0.9945744447633482 0.007937003549345222
vn -0.10731098500940763 0.9940688611355483 -0.017647997534698232
vn 0.10731098500940763 -0.9940688611355483 0.017647997534698232
vn -0.10194698250049612 0.9944388293016063 -0.026423995464242074
vn 0.10194698250049612 -0.9944388293016063 0.026423995464242074
vn -0.05331999825057088 0.9981779672497814 -0.02824399907331418
vn 0.05331999825057088 -0.9981779672497814 0.02824399907331418
vn 0.0029829988628974568 0.9976476197022869 -0.06848597389352819
vn -0.0029829988628974568 -0.9976476197022869 0.06848597389352819
vn -0.0003519998802163972 0.9994856598805851 -0.03206698908778162
vn 0.0003519998802163972 -0.9994856598805851 0.03206698908778162
vn -0.01024599997933894 0.9964689979906203 0.0833339998319572
vn 0.01024599997933894 -0.9964689979906203 -0.0833339998319572
vn -0.0914449833174646 0.9957258183472663 0.012957997636040533
vn 0.0914449833174646 -0.9957258183472663 -0.012957997636040533
vn 0.004161001941588454 0.9420124395577082 -0.33555215657387366
vn -0.004161001941588454 -0.9420124395577082 0.33555215657387366
vn 0.000061999999968473 0.006632999996627342 -0.9999779994915113
vn -0.000061999999968473 -0.006632999996627342 0.9999779994915113
vn 0.00005499997410882329 0.007411996510811098 -0.9999725292640426
vn -0.00005499997410882329 -0.007411996510811098 0.9999725292640426
vn 0 0.3305919283375957 -0.9437737954181765
vn 0 -0.3305919283375957 0.9437737954181765
vn -0.023346009005421213 0.010587004083800203 -0.9996713856103157
vn 0.023346009005421213 -0.010587004083800203 0.9996713856103157
vn -0.1707799440439605 -0.02208399276418074 -0.9850616772445944
vn 0.1707799440439605 0.02208399276418074 0.9850616772445944
vn -0.6249329757669744 -0.02836399890012906 -0.7801629697476211
vn 0.6249329757669744 0.02836399890012906 0.7801629697476211
vn -0.9460703857749425 -0.07288802972122986 -0.31565512871329765
vn 0.9460703857749425 0.07288802972122986 0.31565512871329765
vn -0.7297170274421039 -0.14342700539378792 0.6685370251413382
vn 0.7297170274421039 0.14342700539378792 -0.6685370251413382
vn 0.03983700644630539 0.9964941612497088 -0.07356901190471754
vn -0.03983700644630539 -0.9964941612497088 0.07356901190471754
vn -0.15350206163592545 0.938527376848381 0.3091981241528117
vn 0.15350206163592545 -0.938527376848381 -0.3091981241528117
vn -0.3318148173036415 0.6953486171428951 0.6374866490015416
vn 0.3318148173036415 -0.6953486171428951 -0.6374866490015416
vn 0.024957004002330092 0.995438159637435 -0.09208701476790343
vn -0.024957004002330092 -0.995438159637435 0.09208701476790343
vn -0.10203897392899447 0.9940617460167592 -0.03780599034055157
vn 0.10203897392899447 -0.9940617460167592 0.03780599034055157
vn -0.0016600001141009418 0.9993450686904853 -0.03614800248465089
vn 0.0016600001141009418 -0.9993450686904853 0.03614800248465089
vn -0.003164001175309587 0.9994233712488728 -0.03380701255805642
vn 0.003164001175309587 -0.9994233712488728 0.03380701255805642
vn -0.00023900001307222555 0.9992480546543734 -0.038772002120653876
vn 0.00023900001307222555 -0.9992480546543734 0.038772002120653876
vn -0.0077580030784033865 0.9992503965061335 -0.03792701504957509
vn 0.0077580030784033865 -0.9992503965061335 0.03792701504957509
vn -0.016393999353371498 0.9990749605934873 -0.03975499843194341
vn 0.016393999353371498 -0.9990749605934873 0.03975499843194341
vn -0.04445898800483327 0.997969730744809 -0.045604987695638935
vn 0.04445898800483327 -0.997969730744809 0.045604987695638935
vn -0.00014300001517358942 0.9976821058630562 -0.06804700722040005
vn 0.00014300001517358942 -0.9976821058630562 0.06804700722040005
vn 0.01152599841671981 0.9938658634766312 -0.10998998489111655
vn -0.01152599841671981 -0.9938658634766312 0.10998998489111655
vn 0.004769999800404132 0.994181958399451 -0.1076079954972509
vn -0.004769999800404132 -0.994181958399451 0.1076079954972509
vn -0.04209797830815925 0.9976154859583021 0.05469097181936308
vn 0.04209797830815925 -0.9976154859583021 -0.05469097181936308
vn -0.06721796936040969 0.9975145453085347 0.021129990368435117
vn 0.06721796936040969 -0.9975145453085347 -0.021129990368435117
vn -0.116250987123402 0.9931688899911574 -0.01006299888536674
vn 0.116250987123402 -0.9931688899911574 0.01006299888536674
vn 0.011269996573572194 0.7091487843968189 -0.7049687856676676
vn -0.011269996573572194 -0.7091487843968189 0.7049687856676676
vn -0.000061999999557196 0.006633999952620195 -0.9999779928581572
vn 0.000061999999557196 -0.006633999952620195 0.9999779928581572
vn 0 0.0010940004393306475 -0.9999994015813403
vn 0 -0.0010940004393306475 0.9999994015813403
vn -0.9853053924270171 -0.16949606750682245 -0.021080008395736913
vn 0.9853053924270171 0.16949606750682245 0.021080008395736913
vn -0.976148042167644 -0.20066200866819767 0.08288400358042322
vn 0.976148042167644 0.20066200866819767 -0.08288400358042322
vn -0.9694472589253403 -0.2016760538647569 0.13963803729529994
vn 0.9694472589253403 0.2016760538647569 -0.13963803729529994
vn -0.9561940656838411 -0.17709701216532553 0.2330870160114469
vn 0.9561940656838411 0.17709701216532553 -0.2330870160114469
vn -0.9211738160227232 -0.17562596492389804 0.3472669306436818
vn 0.9211738160227232 0.17562596492389804 -0.3472669306436818
vn -0.8540889026231946 -0.1929899779967315 0.4829979449321999
vn 0.8540889026231946 0.1929899779967315 -0.4829979449321999
vn -0.7735001150032322 -0.21256103160336415 0.5970890887746153
vn 0.7735001150032322 0.21256103160336415 -0.5970890887746153
vn -0.02239499082730477 0.9984925910304988 0.05010997947560826
vn 0.02239499082730477 -0.9984925910304988 -0.05010997947560826
vn -0.46978214608019037 0.21727106756110057 0.8556272660599066
vn 0.46978214608019037 -0.21727106756110057 -0.8556272660599066
vn -0.5533451266576704 -0.1383550316687096 0.8213811880096578
vn 0.5533451266576704 0.1383550316687096 -0.8213811880096578
vn 0.016889993761681956 0.9942616327695338 -0.1056339609841035
vn -0.016889993761681956 -0.9942616327695338 0.1056339609841035
vn -0.10892504920913505 0.9938534489937709 -0.01976500892924976
vn 0.10892504920913505 -0.9938534489937709 0.01976500892924976
vn -0.10731601365274412 0.9937981264310056 -0.029130003705919085
vn 0.10731601365274412 -0.9937981264310056 0.029130003705919085
vn -0.09681895891013939 0.9937855782384839 -0.054920976691597144
vn 0.09681895891013939 -0.9937855782384839 0.054920976691597144
vn -0.00018100006696008218 0.9941853677939739 -0.10768203983643938
vn 0.00018100006696008218 -0.9941853677939739 0.10768203983643938
vn 0.0026459996050792966 0.9981018510313138 -0.061527990816824786
vn -0.0026459996050792966 -0.9981018510313138 0.061527990816824786
vn 0.030995999851265693 0.9984449952089617 -0.04633399977766608
vn -0.030995999851265693 -0.9984449952089617 0.04633399977766608
vn 0.03195999118701767 0.9994847243916256 0.002973999179918575
vn -0.03195999118701767 -0.9994847243916256 -0.002973999179918575
vn 0.013708003053122173 0.99990322270397 0.0023740005287507357
vn -0.013708003053122173 -0.99990322270397 -0.0023740005287507357
vn 0.038343010097537183 0.935766246431734 -0.3505300923112354
vn -0.038343010097537183 -0.935766246431734 0.3505300923112354
vn -0.00005499997410882329 0.007411996510811098 -0.9999725292640426
vn 0.00005499997410882329 -0.007411996510811098 0.9999725292640426
vn 0.00043999983078555764 -0.03364898705932529 -0.9994336156393933
vn -0.00043999983078555764 0.03364898705932529 0.9994336156393933
vn 0.0004579999464495044 -0.027383996798194594 -0.9996248831213663
vn -0.0004579999464495044 0.027383996798194594 0.9996248831213663
vn -0.01988599150832549 -0.02052399123588796 -0.9995915731564967
vn 0.01988599150832549 0.02052399123588796 0.9995915731564967
vn 0.017246007156913375 0.32685713564230773 -0.9449163921304625
vn -0.017246007156913375 -0.32685713564230773 0.9449163921304625
vn -0.1780430424121723 -0.006939001652960379 -0.9839982344011993
vn 0.1780430424121723 0.006939001652960379 0.9839982344011993
vn -0.687321133421073 -0.06224001208187655 -0.7236821404793815
vn 0.687321133421073 0.06224001208187655 0.7236821404793815
vn -0.9554651521779025 -0.11538301837717013 -0.2716120432599252
vn 0.9554651521779025 0.11538301837717013 0.2716120432599252
vn -0.7007711102362096 -0.22359203517259515 0.6774411065662364
vn 0.7007711102362096 0.22359203517259515 -0.6774411065662364
vn -0.07291101289383985 0.9350541653582659 0.34692606135162457
vn 0.07291101289383985 -0.9350541653582659 -0.34692606135162457
vn -0.1569750309571274 0.6759051332956023 0.7200771420067873
vn 0.1569750309571274 -0.6759051332956023 -0.7200771420067873
vn -0.21074207184314364 0.21056007178109856 0.9545953254268522
vn 0.21074207184314364 -0.21056007178109856 -0.9545953254268522
vn -0.004768001495271726 0.9993373133977269 0.036086011316773615
vn 0.004768001495271726 -0.9993373133977269 -0.036086011316773615
vn -0.10405802272502596 0.9937862170310081 -0.039508008628075714
vn 0.10405802272502596 -0.9937862170310081 0.039508008628075714
vn -0.003220001102971317 0.9976693417392207 -0.0681580233466827
vn 0.003220001102971317 -0.9976693417392207 0.0681580233466827
vn -0.006408999194866322 0.9979508746319304 -0.06366299200230507
vn 0.006408999194866322 -0.9979508746319304 0.06366299200230507
vn -0.013386005943227326 0.9976424429413713 -0.06730802988396399
vn 0.013386005943227326 -0.9976424429413713 0.06730802988396399
vn -0.027769009298551507 0.9976663340721197 -0.06237602088683218
vn 0.027769009298551507 -0.9976663340721197 0.06237602088683218
vn -0.07067100062858321 0.9950030088500542 -0.07053100062733776
vn 0.07067100062858321 -0.9950030088500542 0.07053100062733776
vn -0.005114997839213096 0.9941965800101942 -0.10745695460573228
vn 0.005114997839213096 -0.9941965800101942 0.10745695460573228
vn 0.010141997178425784 0.9947547232523112 -0.10178497168271211
vn -0.010141997178425784 -0.9947547232523112 0.10178497168271211
vn 0.005218999977333883 0.9939179956834141 -0.10999899952227413
vn -0.005218999977333883 -0.9939179956834141 0.10999899952227413
vn 0.00016100006712078098 0.9939094143599273 -0.1102000459422983
vn -0.00016100006712078098 -0.9939094143599273 0.1102000459422983
vn 0.06253400043648734 0.9979720069658446 -0.01189000008299198
vn -0.06253400043648734 -0.9979720069658446 0.01189000008299198
vn 0.09245497530943986 0.6998138131112472 -0.7083168108404791
vn -0.09245497530943986 -0.6998138131112472 0.7083168108404791
vn -0.00045600000952994424 -0.027379000572193515 -0.9996250208911633
vn 0.00045600000952994424 0.027379000572193515 0.9996250208911633
vn -0.00043799986141489477 -0.03364698935394262 -0.9994336837747351
vn 0.00043799986141489477 0.03364698935394262 0.9994336837747351
vn 0 -0.04658301967469167 -0.9989144218990871
vn 0 0.04658301967469167 0.9989144218990871
vn -0.9853262622170303 -0.16272204330392137 -0.051514013709014206
vn 0.9853262622170303 0.16272204330392137 0.051514013709014206
vn -0.9721287413569197 -0.21662594236483443 0.08965997614520438
vn 0.9721287413569197 0.21662594236483443 -0.08965997614520438
vn -0.9664638381438986 -0.22636796208959473 0.12126497969145235
vn 0.9664638381438986 0.22636796208959473 -0.12126497969145235
vn -0.9550011385009601 -0.2079070301521351 0.21153603067843807
vn 0.9550011385009601 0.2079070301521351 -0.21153603067843807
vn -0.9147241365719826 -0.2021200301773313 0.349896052240884
vn 0.9147241365719826 0.2021200301773313 -0.349896052240884
vn -0.8434312692224608 -0.2191000699365345 0.4905291565764412
vn 0.8434312692224608 0.2191000699365345 -0.4905291565764412
vn -0.7619271479895052 -0.2376930461672438 0.6024691170178892
vn 0.7619271479895052 0.2376930461672438 -0.6024691170178892
vn -0.23042804508221448 -0.10769802107063545 0.9671111892109706
vn 0.23042804508221448 0.10769802107063545 -0.9671111892109706
vn -0.47315621818468456 -0.20986609677473622 0.8556163945470565
vn 0.47315621818468456 0.20986609677473622 -0.8556163945470565
vn -0.004187999895128296 0.9995069749713462 0.031116999220799454
vn 0.004187999895128296 -0.9995069749713462 -0.031116999220799454
vn 0.029869999974535832 0.9995369991478948 0.005793999995060838
vn -0.029869999974535832 -0.9995369991478948 -0.005793999995060838
vn 0.029985993801640843 0.9995137933920245 0.008544998233676639
vn -0.029985993801640843 -0.9995137933920245 -0.008544998233676639
vn -0.0842139691128482 0.9941596353721374 -0.06748797524743963
vn 0.0842139691128482 -0.9941596353721374 0.06748797524743963
vn -0.004851999355972335 0.9939168680729503 -0.11002598539575659
vn 0.004851999355972335 -0.9939168680729503 0.11002598539575659
vn 0.19061898179531625 0.9410389101279653 -0.2794819733086341
vn -0.19061898179531625 -0.9410389101279653 0.2794819733086341
vn 0.33182795704255097 0.9433388778781869 -0.0014029998183716548
vn -0.33182795704255097 -0.9433388778781869 0.0014029998183716548
vn 0.3353400076080265 0.9414570213593064 0.03472400078780098
vn -0.3353400076080265 -0.9414570213593064 -0.03472400078780098
vn 0.02583101291021432 0.0714800357253736 -0.9971074983494665
vn -0.02583101291021432 -0.0714800357253736 0.9971074983494665
vn 0.019458996083439605 0.00645799870018281 -0.9997897987698279
vn -0.019458996083439605 -0.00645799870018281 0.9997897987698279
vn 0.01894299169173827 -0.023870989530353166 -0.9995355616107956
vn -0.01894299169173827 0.023870989530353166 0.9995355616107956
vn 0.0013440006162855757 -0.25080211500420735 -0.9680374438893156
vn -0.0013440006162855757 0.25080211500420735 0.9680374438893156
vn 0.0015149996085438466 -0.20868494607852955 -0.9779817473022628
vn -0.0015149996085438466 0.20868494607852955 0.9779817473022628
vn -0.01761000072160502 -0.17463900715618252 -0.9844750403408347
vn 0.01761000072160502 0.17463900715618252 0.9844750403408347
vn -0.14397498788457727 -0.18415698450328225 -0.9722949181818722
vn 0.14397498788457727 0.18415698450328225 0.9722949181818722
vn 0.13516596766303293 0.313560924984007 -0.9398987751395836
vn -0.13516596766303293 -0.313560924984007 0.9398987751395836
vn -0.5903709913091486 -0.08887499869167097 -0.8022239881904607
vn 0.5903709913091486 0.08887499869167097 0.8022239881904607
vn -0.9634737292846348 -0.0797909775804539 -0.25563992817068654
vn 0.9634737292846348 0.0797909775804539 0.25563992817068654
vn -0.9789101219614408 -0.2042510254474326 -0.004061000505956069
vn 0.9789101219614408 0.2042510254474326 0.004061000505956069
vn -0.9785401084883015 -0.2024110224408053 0.03858800427815576
vn 0.9785401084883015 0.2024110224408053 -0.03858800427815576
vn -0.6899982820972304 -0.24830010151441365 0.6798892779642894
vn 0.6899982820972304 0.24830010151441365 -0.6798892779642894
vn -0.051581986803782 0.9364937604168317 0.34686991126028216
vn 0.051581986803782 -0.9364937604168317 -0.34686991126028216
vn -0.11151699702054468 0.6677389821596839 0.7359949803360545
vn 0.11151699702054468 -0.6677389821596839 -0.7359949803360545
vn -0.14798897863734853 0.20823196994109242 0.9668188604368072
vn 0.14798897863734853 -0.20823196994109242 -0.9668188604368072
vn -0.16133904153504755 -0.09435402429045618 0.9823782529029987
vn 0.16133904153504755 0.09435402429045618 -0.9823782529029987
vn -0.09052696601011803 0.9946416265449626 -0.049928981253318495
vn 0.09052696601011803 -0.9946416265449626 0.049928981253318495
vn 0.03038699136448928 0.9994657159673757 0.01203799657898867
vn -0.03038699136448928 -0.9994657159673757 -0.01203799657898867
vn -0.011010004309591783 0.9946053893134909 -0.10314504037355512
vn 0.011010004309591783 -0.9946053893134909 0.10314504037355512
vn -0.019633006232361385 0.9947523157772095 -0.10041103187478402
vn 0.019633006232361385 -0.9947523157772095 0.10041103187478402
vn -0.04090800334739978 0.9953600814478305 -0.08709100712643947
vn 0.04090800334739978 -0.9953600814478305 0.08709100712643947
vn -0.05721597544745728 0.9957435727061119 -0.07225696899305978
vn 0.05721597544745728 -0.9957435727061119 0.07225696899305978
vn -0.01061699664442442 0.993995685840755 -0.10890296558046061
vn 0.01061699664442442 -0.993995685840755 0.10890296558046061
vn -0.0030550005750886377 0.9995141881535662 0.03101700583879704
vn 0.0030550005750886377 -0.9995141881535662 -0.03101700583879704
vn -0.001625999994842328 0.9995279968294971 0.030677999902689608
vn 0.001625999994842328 -0.9995279968294971 -0.030677999902689608
vn 0.0002889998647743939 0.9988685326205331 0.047555977748135435
vn -0.0002889998647743939 -0.9988685326205331 -0.047555977748135435
vn 0.0023019991035694953 0.999529610769252 0.030581988090948233
vn -0.0023019991035694953 -0.999529610769252 -0.030581988090948233
vn 0.3753450898236565 0.9206902203299426 -0.10698402560229653
vn -0.3753450898236565 -0.9206902203299426 0.10698402560229653
vn 0.33429309821348807 0.9403892762812379 0.06257901838537433
vn -0.33429309821348807 -0.9403892762812379 -0.06257901838537433
vn 0.4052431678894425 0.7270863012268274 -0.5541872295959372
vn -0.4052431678894425 -0.7270863012268274 0.5541872295959372
vn 0.01748899758933423 -0.1746859759214612 -0.9844688643018057
vn -0.01748899758933423 0.1746859759214612 0.9844688643018057
vn -0.0015089997594096246 -0.20870796672423036 -0.9779768440743184
vn 0.0015089997594096246 0.20870796672423036 0.9779768440743184
vn -0.0013410000478509055 -0.2508230089501174 -0.9680320345422878
vn 0.0013410000478509055 0.2508230089501174 0.9680320345422878
vn 9.999999009190145e-7 -0.34163996614997194 -0.9398309068806184
vn -9.999999009190145e-7 0.34163996614997194 0.9398309068806184
vn -0.47749017926775283 -0.2692201010753405 -0.8363753140067159
vn 0.47749017926775283 0.2692201010753405 0.8363753140067159
vn -0.8191379253237041 -0.08799399197807198 -0.5668069483273304
vn 0.8191379253237041 0.08799399197807198 0.5668069483273304
vn -0.9166686463942213 -0.3482548656603632 -0.19605392437201732
vn 0.9166686463942213 0.3482548656603632 0.19605392437201732
vn -0.9214531511561087 -0.3684470604404292 -0.12317002020493502
vn 0.9214531511561087 0.3684470604404292 0.12317002020493502
vn -0.9287028606286434 -0.3708219443503842 0.0014429997834475134
vn 0.9287028606286434 0.3708219443503842 -0.0014429997834475134
vn -0.9238039877152547 -0.37143799506061764 0.09284399876536044
vn 0.9238039877152547 0.37143799506061764 -0.09284399876536044
vn -0.9217874774519308 -0.36822319072603793 0.12132406284139174
vn 0.9217874774519308 0.36822319072603793 -0.12132406284139174
vn -0.9084657293653741 -0.3631168918264048 0.20696893834334143
vn 0.9084657293653741 0.3631168918264048 -0.20696893834334143
vn -0.8661921503917589 -0.36933206412491587 0.33660805844324254
vn 0.8661921503917589 0.36933206412491587 -0.33660805844324254
vn -0.7933379144063805 -0.3871839582265315 0.46979094931402227
vn 0.7933379144063805 0.3871839582265315 -0.46979094931402227
vn -0.7143648535341464 -0.4018529176083058 0.5728848825417109
vn 0.7143648535341464 0.4018529176083058 -0.5728848825417109
vn -0.2213559280131824 -0.171699944161728 0.9599586878133259
vn 0.2213559280131824 0.171699944161728 -0.9599586878133259
vn -0.4702969494529569 -0.23441797480499205 0.8508049085563443
vn 0.4702969494529569 0.23441797480499205 -0.8508049085563443
vn -0.02765400169545307 0.9590310587977164 0.2819480172860927
vn 0.02765400169545307 -0.9590310587977164 -0.2819480172860927
vn 0.3307759910682215 0.9392229746386321 0.09190999751820055
vn -0.3307759910682215 -0.9392229746386321 -0.09190999751820055
vn 0.3291829592929086 0.9355718843062524 0.12784298419080992
vn -0.3291829592929086 -0.9355718843062524 -0.12784298419080992
vn 0.0320880152235688 0.9990474739797041 0.029572014029898525
vn -0.0320880152235688 -0.9990474739797041 -0.029572014029898525
vn 0.02645299544048274 0.9993708277454608 0.023625995927753038
vn -0.02645299544048274 -0.9993708277454608 -0.023625995927753038
vn 0.0012060000287287302 0.9999750238209054 0.006964000165893155
vn -0.0012060000287287302 -0.9999750238209054 -0.006964000165893155
vn 0.6998060567427268 0.7142410579131672 -0.011454000928730366
vn -0.6998060567427268 -0.7142410579131672 0.011454000928730366
vn 0.7152130184549993 0.6953680179429288 0.07024000181243806
vn -0.7152130184549993 -0.6953680179429288 -0.07024000181243806
vn 0.7108011234729185 0.6915681201319627 0.1284340223102119
vn -0.7108011234729185 -0.6915681201319627 -0.1284340223102119
vn 0.1847409865720095 0.049676996389203025 -0.9815309286569364
vn -0.1847409865720095 -0.049676996389203025 0.9815309286569364
vn 0.14899397236713344 -0.012362997707121348 -0.9887608166214695
vn -0.14899397236713344 0.012362997707121348 0.9887608166214695
vn 0.1477180107640641 -0.041533003026468285 -0.9881570720060202
vn -0.1477180107640641 0.041533003026468285 0.9881570720060202
vn 0.1423420365969252 -0.1904210489583051 -0.9713282497338674
vn -0.1423420365969252 0.1904210489583051 0.9713282497338674
vn 0.0023570000634669415 -0.6440960173435735 -0.7649410205975672
vn -0.0023570000634669415 0.6440960173435735 0.7649410205975672
vn 0.0029389991396830727 -0.5768118311530697 -0.8168717608816575
vn -0.0029389991396830727 0.5768118311530697 0.8168717608816575
vn -0.01336400189049857 -0.5065140716524985 -0.8621281219583772
vn 0.01336400189049857 0.5065140716524985 0.8621281219583772
vn -0.11810195471588093 -0.5140188029085229 -0.8496096742321011
vn 0.11810195471588093 0.5140188029085229 0.8496096742321011
vn -0.3624901503926634 -0.6275652603690359 -0.6890302858701122
vn 0.3624901503926634 0.6275652603690359 0.6890302858701122
vn 0.5777182707956816 0.32249115116228033 -0.7498273514689061
vn -0.5777182707956816 -0.32249115116228033 0.7498273514689061
vn -0.7101607158967116 -0.26678989326939045 -0.6515327393511222
vn 0.7101607158967116 0.26678989326939045 0.6515327393511222
vn -0.7274585685695483 -0.1327649212617288 -0.6731846007575567
vn 0.7274585685695483 0.1327649212617288 0.6731846007575567
vn -0.8308460908226991 -0.3182360347874966 -0.45653104990500976
vn 0.8308460908226991 0.3182360347874966 0.45653104990500976
vn -0.9245924088599389 -0.3710901640981478 -0.08614503809381814
vn 0.9245924088599389 0.3710901640981478 0.08614503809381814
vn -0.6460587369827582 -0.4098418331491205 0.6439237378519385
vn 0.6460587369827582 0.4098418331491205 -0.6439237378519385
vn -0.06630898007010964 0.7346447791944637 0.6752037970601023
vn 0.06630898007010964 -0.7346447791944637 -0.6752037970601023
vn -0.09363797682511861 0.289203928423627 0.9526767642177699
vn 0.09363797682511861 -0.289203928423627 -0.9526767642177699
vn -0.09842400034556668 -0.08366900029376209 0.9916210034815814
vn 0.09842400034556668 0.08366900029376209 -0.9916210034815814
vn -0.15662399558312506 -0.15421699565100386 0.9755439724891725
vn 0.15662399558312506 0.15421699565100386 -0.9755439724891725
vn 0.050991985332565465 0.9982137128718525 0.03113199104513334
vn -0.050991985332565465 -0.9982137128718525 -0.03113199104513334
vn 0.32123406618900124 0.9292961914777829 0.1822560375531316
vn -0.32123406618900124 -0.9292961914777829 -0.1822560375531316
vn -0.016802997432216533 0.9942638480595931 -0.1056269838584022
vn 0.016802997432216533 -0.9942638480595931 0.1056269838584022
vn -0.02573300129377814 0.9946290500069661 -0.10025400504047052
vn 0.02573300129377814 -0.9946290500069661 0.10025400504047052
vn -0.031883016687670955 0.9965295215866778 -0.07689204024553487
vn 0.031883016687670955 -0.9965295215866778 0.07689204024553487
vn 0.022049003450989018 0.9985111562814866 0.04989300780898
vn -0.022049003450989018 -0.9985111562814866 -0.04989300780898
vn 0.004168998799341026 0.9995067121451069 0.03112799103523348
vn -0.004168998799341026 -0.9995067121451069 -0.03112799103523348
vn -0.017363001835877096 0.9377250991503685 0.3469440366841298
vn 0.017363001835877096 -0.9377250991503685 -0.3469440366841298
vn 0.017320000942407255 0.9377240510229734 0.34694901887801727
vn -0.017320000942407255 -0.9377240510229734 -0.34694901887801727
vn 0.02754799066139804 0.9590276748954274 0.2819699044139107
vn -0.02754799066139804 -0.9590276748954274 -0.2819699044139107
vn 0.7123659481607757 0.6681529513781774 -0.21472398437442872
vn -0.7123659481607757 -0.6681529513781774 0.21472398437442872
vn 0.693544825613377 0.6953158251680727 0.18849795260360966
vn -0.693544825613377 -0.6953158251680727 -0.18849795260360966
vn 0.11720907071160903 -0.5143093102800715 -0.8495575125335294
vn -0.11720907071160903 0.5143093102800715 0.8495575125335294
vn 0.01327199681697075 -0.5065408785160622 -0.8621137932388429
vn -0.01327199681697075 0.5065408785160622 0.8621137932388429
vn -0.0029269986692549927 -0.57683473774503 -0.8168556286207573
vn 0.0029269986692549927 0.57683473774503 0.8168556286207573
vn -0.0023500007636328727 -0.6440922092977973 -0.7649442485686742
vn 0.0023500007636328727 0.6440922092977973 0.7649442485686742
vn 9.99999854555532e-7 -0.7303978937676513 -0.6830219006582287
vn -9.99999854555532e-7 0.7303978937676513 0.6830219006582287
vn -0.5696911305977188 -0.6166281413577012 -0.5433431245576223
vn 0.5696911305977188 0.6166281413577012 0.5433431245576223
vn -0.5875629832388847 -0.6919279802617166 -0.41952998803227814
vn 0.5875629832388847 0.6919279802617166 0.41952998803227814
vn -0.6250189204885357 -0.696991911332528 -0.3515019552838575
vn 0.6250189204885357 0.696991911332528 0.3515019552838575
vn -0.6416068260183878 -0.6965788111118838 -0.3211209129230991
vn 0.6416068260183878 0.6965788111118838 0.3211209129230991
vn -0.6613897574029429 -0.6992167435280445 -0.27140290044970594
vn 0.6613897574029429 0.6992167435280445 0.27140290044970594
vn -0.699028295808915 -0.7084032997761504 -0.09759204129817939
vn 0.699028295808915 0.7084032997761504 0.09759204129817939
vn -0.7125402764336165 -0.6985672710127182 0.06549902541067917
vn 0.7125402764336165 0.6985672710127182 -0.06549902541067917
vn -0.708316799985176 -0.6997038024173183 0.09328397365842844
vn 0.708316799985176 0.6997038024173183 -0.09328397365842844
vn -0.6929638720369568 -0.7027318702331935 0.16114897024215316
vn 0.6929638720369568 0.7027318702331935 -0.16114897024215316
vn -0.6559891381687107 -0.7085751492447193 0.25999905476269647
vn 0.6559891381687107 0.7085751492447193 -0.25999905476269647
vn -0.5979570089388594 -0.7162030107065191 0.3598620053795771
vn 0.5979570089388594 0.7162030107065191 -0.3598620053795771
vn -0.5383518143623293 -0.7209477513985135 0.4363618495311146
vn 0.5383518143623293 0.7209477513985135 -0.4363618495311146
vn -0.22645607354886843 -0.19652006382618997 0.9539903098389312
vn 0.22645607354886843 0.19652006382618997 -0.9539903098389312
vn -0.43917404622109446 -0.3957270416484927 0.8065520848859817
vn 0.43917404622109446 0.3957270416484927 -0.8065520848859817
vn 0.6798290094914328 0.6856060095720883 0.26034000363473714
vn -0.6798290094914328 -0.6856060095720883 -0.26034000363473714
vn 0.6576969314028713 0.6593829312270232 0.3642099620132673
vn -0.6576969314028713 -0.6593829312270232 -0.3642099620132673
vn 0.15274802407270863 0.938526147909386 0.3095750487882578
vn -0.15274802407270863 -0.938526147909386 -0.3095750487882578
vn 0.24565008095350624 0.9372483088683566 0.24743008154010218
vn -0.24565008095350624 -0.9372483088683566 -0.24743008154010218
vn 0.28860896801707747 0.9301548969225655 0.22697297484742396
vn -0.28860896801707747 -0.9301548969225655 -0.22697297484742396
vn -0.0000039999992232482265 0.9123218228380671 0.40947392048508635
vn 0.0000039999992232482265 -0.9123218228380671 -0.40947392048508635
vn 0.9645311000657663 0.2627480272589268 -0.025362002631193717
vn -0.9645311000657663 -0.2627480272589268 0.025362002631193717
vn 0.9718707518376946 0.2170799445697286 0.09134297667603063
vn -0.9718707518376946 -0.2170799445697286 -0.09134297667603063
vn 0.9655809220211363 0.2005199838063075 0.16566598662106402
vn -0.9655809220211363 -0.2005199838063075 -0.16566598662106402
vn 0.9421187592670189 0.22440694265887204 0.24910593634771197
vn -0.9421187592670189 -0.22440694265887204 -0.24910593634771197
vn 0.7036536301889508 -0.00950099500667247 -0.7104796266014912
vn -0.7036536301889508 0.00950099500667247 0.7104796266014912
vn 0.5552340426194892 -0.07695700590718135 -0.8281260635665452
vn -0.5552340426194892 0.07695700590718135 0.8281260635665452
vn 0.5126718527399018 -0.10156897082528203 -0.8525557551114937
vn -0.5126718527399018 0.10156897082528203 0.8525557551114937
vn 0.4710670201209216 -0.2852280121830868 -0.834710035653388
vn -0.4710670201209216 0.2852280121830868 0.834710035653388
vn 0.3600298032210845 -0.6290146562039564 -0.6889986234189486
vn -0.3600298032210845 0.6290146562039564 0.6889986234189486
vn 0.0018210005388869478 -0.9316902757142121 -0.3632491074959612
vn -0.0018210005388869478 0.9316902757142121 0.3632491074959612
vn 0.002525999342103557 -0.9152317616279187 -0.40291989505952724
vn -0.002525999342103557 0.9152317616279187 0.40291989505952724
vn -0.004135000089692288 -0.8899230193033204 -0.4560920098930921
vn 0.004135000089692288 0.8899230193033204 0.4560920098930921
vn -0.05503298027590824 -0.8739246867810786 -0.48293582691341613
vn 0.05503298027590824 0.8739246867810786 0.48293582691341613
vn -0.18245895107637575 -0.8980547592001195 -0.40025789267686457
vn 0.18245895107637575 0.8980547592001195 0.40025789267686457
vn -0.3118558998103831 -0.8894807142374662 -0.33402089268945934
vn 0.3118558998103831 0.8894807142374662 0.33402089268945934
vn 0.9312140676545669 0.20908801519066308 -0.2985340216890945
vn -0.9312140676545669 -0.20908801519066308 0.2985340216890945
vn -0.4864170473378661 -0.7238240704422002 0.4893640476246666
vn 0.4864170473378661 0.7238240704422002 -0.4893640476246666
vn -0.03551800642321894 0.6706621212852315 0.7409121339895262
vn 0.03551800642321894 -0.6706621212852315 -0.7409121339895262
vn -0.045389005470986794 0.2122620255851107 0.9761581176617139
vn 0.045389005470986794 -0.2122620255851107 -0.9761581176617139
vn -0.09982600691869122 -0.14809501026409552 0.9839220681931812
vn 0.09982600691869122 0.14809501026409552 -0.9839220681931812
vn -0.16015006628500508 -0.18058507474291402 0.970433401655675
vn 0.16015006628500508 0.18058507474291402 -0.970433401655675
vn 0.6039829218874978 0.6501129159215521 0.46103994037416957
vn -0.6039829218874978 -0.6501129159215521 -0.46103994037416957
vn 0.00046900003833114025 0.9997280817072796 0.02331400190544202
vn -0.00046900003833114025 -0.9997280817072796 -0.02331400190544202
vn 0.07251198904285919 0.9350258587101232 0.34708594755254085
vn -0.07251198904285919 -0.9350258587101232 -0.34708594755254085
vn 0.05133300344870528 0.9364840629158108 0.3469330233080023
vn -0.05133300344870528 -0.9364840629158108 -0.3469330233080023
vn 0.035434002007690604 0.6706600379995986 0.7409180419804174
vn -0.035434002007690604 -0.6706600379995986 -0.7409180419804174
vn 0.06605803696793747 0.7346264111176242 0.6752483778880051
vn -0.06605803696793747 -0.7346264111176242 -0.6752483778880051
vn 0.909673264629904 0.23001706691346954 0.34581310059929343
vn -0.909673264629904 -0.23001706691346954 -0.34581310059929343
vn 0.1861481132509643 -0.8930475433226996 -0.40965224922902244
vn -0.1861481132509643 0.8930475433226996 0.40965224922902244
vn 0.05566298350319185 -0.8704987420107612 -0.48901285507152625
vn -0.05566298350319185 0.8704987420107612 0.48901285507152625
vn 0.004089999080500824 -0.8893818000523188 -0.45714689722584634
vn -0.004089999080500824 0.8893818000523188 0.45714689722584634
vn -0.0025169991262213877 -0.915232682276114 -0.4029178601266864
vn 0.0025169991262213877 0.915232682276114 0.4029178601266864
vn -0.0018169990292330965 -0.9316865022284513 -0.3632588059219515
vn 0.0018169990292330965 0.9316865022284513 0.3632588059219515
vn 0 -0.9606802535960836 -0.27765707329467465
vn 0 0.9606802535960836 0.27765707329467465
vn -0.2482820446614748 -0.8989341617020894 -0.3609340649255475
vn 0.2482820446614748 0.8989341617020894 0.3609340649255475
vn -0.19925792435523038 -0.8814256653822345 -0.42823483742816915
vn 0.19925792435523038 0.8814256653822345 0.42823483742816915
vn -0.13731900669725408 -0.885186043171852 -0.4445100216794213
vn 0.13731900669725408 0.885186043171852 0.4445100216794213
vn -0.0860629694430469 -0.9095226770708472 -0.4066468556186364
vn 0.0860629694430469 0.9095226770708472 0.4066468556186364
vn -0.17874207326156483 -0.9673833965044162 -0.17950107357265882
vn 0.17874207326156483 0.9673833965044162 0.17950107357265882
vn -0.3150581791714321 -0.9488535396065194 0.020379011589404323
vn 0.3150581791714321 0.9488535396065194 -0.020379011589404323
vn -0.3178080707121446 -0.9472112107540441 0.04229600941084178
vn 0.3178080707121446 0.9472112107540441 -0.04229600941084178
vn -0.30927502265733436 -0.9479800694485484 0.07538400552259455
vn 0.30927502265733436 0.9479800694485484 -0.07538400552259455
vn -0.2913960079210177 -0.9490570257982174 0.11991300325959499
vn 0.2913960079210177 0.9490570257982174 -0.11991300325959499
vn -0.26544791156750297 -0.9499366835338714 0.1647959450991462
vn 0.26544791156750297 0.9499366835338714 -0.1647959450991462
vn -0.23934987399501004 -0.9505124996056779 0.19808489571882815
vn 0.23934987399501004 0.9505124996056779 -0.19808489571882815
vn -0.038260986896742934 -0.08070197236196013 0.9960036588981873
vn 0.038260986896742934 0.08070197236196013 -0.9960036588981873
vn -0.045726007990894955 -0.1423740248807175 0.9887561727910888
vn 0.045726007990894955 0.1423740248807175 -0.9887561727910888
vn -0.21728691169776773 -0.35202885694060626 0.910418630019145
vn 0.21728691169776773 0.35202885694060626 -0.910418630019145
vn -0.326340005309552 -0.7058120114835617 0.6287540102298278
vn 0.326340005309552 0.7058120114835617 -0.6287540102298278
vn 0.8593627651795862 0.1997229454258124 0.47075087136757743
vn -0.8593627651795862 -0.1997229454258124 -0.47075087136757743
vn 0.7864774044877926 0.1769120909864424 0.5917393043333777
vn -0.7864774044877926 -0.1769120909864424 -0.5917393043333777
vn 0.15615197634352393 0.6756078976477758 0.7205348908414944
vn -0.15615197634352393 -0.6756078976477758 -0.7205348908414944
vn 0.3306789734846729 0.6947319442932686 0.6387479487823172
vn -0.3306789734846729 -0.6947319442932686 -0.6387479487823172
vn 0.5296059272414188 0.673476907476065 0.5156999291518596
vn -0.5296059272414188 -0.673476907476065 -0.5156999291518596
vn -0.00000900000151039388 0.5991001005418857 0.8006741343703456
vn 0.00000900000151039388 -0.5991001005418857 -0.8006741343703456
vn 0.9892418766667714 -0.12110398490142221 0.0820629897688384
vn -0.9892418766667714 0.12110398490142221 -0.0820629897688384
vn 0.9954336124946924 -0.08763896588364706 -0.03783298527226488
vn -0.9954336124946924 0.08763896588364706 0.03783298527226488
vn 0.975859610085612 -0.16236793512428083 0.1460639416387031
vn -0.975859610085612 0.16236793512428083 -0.1460639416387031
vn 0.9640441964086004 -0.14528002959848463 0.2225140453336811
vn -0.9640441964086004 0.14528002959848463 -0.2225140453336811
vn 0.9371416863387301 -0.11470996160658235 0.3295558896976622
vn -0.9371416863387301 0.11470996160658235 -0.3295558896976622
vn 0.952780453045581 -0.05628096769127247 -0.29839882870077
vn -0.952780453045581 0.05628096769127247 0.29839882870077
vn 0.900034888949202 -0.12685598434787523 -0.41694694855500397
vn -0.900034888949202 0.12685598434787523 0.41694694855500397
vn 0.8613979489725098 -0.10116599400712892 -0.4977539705140511
vn -0.8613979489725098 0.10116599400712892 0.4977539705140511
vn 0.7540070965630559 -0.22066302825954334 -0.6186930792338623
vn -0.7540070965630559 0.22066302825954334 0.6186930792338623
vn 0.5665057016832745 -0.6195106737713406 -0.5433947138533096
vn -0.5665057016832745 0.6195106737713406 0.5433947138533096
vn 0.31624582409779667 -0.8860175071794791 -0.33905981140820435
vn -0.31624582409779667 0.8860175071794791 0.33905981140820435
vn 0.000500000233167163 -0.9968844648812283 -0.07887403678165385
vn -0.000500000233167163 0.9968844648812283 0.07887403678165385
vn 0.0006869997519690893 -0.9967256401472234 -0.0808549708085311
vn -0.0006869997519690893 0.9967256401472234 0.0808549708085311
vn 0.001608999471937723 -0.995703673217078 -0.09258296961492266
vn -0.001608999471937723 0.995703673217078 0.09258296961492266
vn -0.004100998193045231 -0.9897645638964675 -0.1426509371460854
vn 0.004100998193045231 0.9897645638964675 0.1426509371460854
vn -0.05297899218755945 -0.979390855576097 -0.19490197125917294
vn 0.05297899218755945 0.979390855576097 0.19490197125917294
vn -0.12679002156692112 -0.9704301650696998 -0.20540103493861653
vn 0.12679002156692112 0.9704301650696998 0.20540103493861653
vn -0.21634092656903434 -0.9507996772772513 0.22175792473038336
vn 0.21634092656903434 0.9507996772772513 -0.22175792473038336
vn -0.00001100000243653381 0.13110702904060326 0.9913682195910591
vn 0.00001100000243653381 -0.13110702904060326 -0.9913682195910591
vn -0.10687101053475694 -0.17716701746415123 0.9783610964414606
vn 0.10687101053475694 0.17716701746415123 -0.9783610964414606
vn -0.05313498188110711 -0.17362894079297558 0.9833766646710729
vn 0.05313498188110711 0.17362894079297558 -0.9833766646710729
vn -0.15279505997199638 -0.3493761371299862 0.9244403628424512
vn 0.15279505997199638 0.3493761371299862 -0.9244403628424512
vn 0.7108218898951194 0.18770397092503244 0.6778638950002466
vn -0.7108218898951194 -0.18770397092503244 -0.6778638950002466
vn 0.11098994848685761 0.6676176901423452 0.7361846583187429
vn -0.11098994848685761 -0.6676176901423452 -0.7361846583187429
vn 0.04528600170424813 0.21224300798734103 0.9761670367360947
vn -0.04528600170424813 -0.21224300798734103 -0.9761670367360947
vn 0.09329300238372952 0.289107007386973 0.9527400243434607
vn -0.09329300238372952 -0.289107007386973 -0.9527400243434607
vn 0.8816576348276224 -0.12199794946986287 0.45584681119353215
vn -0.8816576348276224 0.12199794946986287 -0.45584681119353215
vn 0.14271302918303352 -0.9552801953428788 -0.2589840529590071
vn -0.14271302918303352 0.9552801953428788 0.2589840529590071
vn 0.05864401947486107 -0.9724663229425048 -0.22554407490004227
vn -0.05864401947486107 0.9724663229425048 0.22554407490004227
vn 0.003983001650233603 -0.9882874094663361 -0.1525520632052316
vn -0.003983001650233603 0.9882874094663361 0.1525520632052316
vn -0.001667000239132035 -0.9956571428275252 -0.09308101335251907
vn 0.001667000239132035 0.9956571428275252 0.09308101335251907
vn -0.0006839996991537425 -0.9967255616063057 -0.08085596443680577
vn 0.0006839996991537425 0.9967255616063057 0.08085596443680577
vn -0.0004990000109992078 -0.9968850219738383 -0.07886700173842613
vn 0.0004990000109992078 0.9968850219738383 0.07886700173842613
vn 0 -0.9982271128351071 -0.059520006727874324
vn 0 0.9982271128351071 0.059520006727874324
vn -0.07220399909593372 -0.9456009881601298 -0.3172149960281513
vn 0.07220399909593372 0.9456009881601298 0.3172149960281513
vn 0.005870999757369198 -0.9360819613145414 -0.35173298546393145
vn -0.005870999757369198 0.9360819613145414 0.35173298546393145
vn 0.15273900780908747 -0.9227920471795901 -0.35373101808520646
vn -0.15273900780908747 0.9227920471795901 0.35373101808520646
vn 0.27283188392792856 -0.9063926143893932 -0.32251386279150546
vn -0.27283188392792856 0.9063926143893932 0.32251386279150546
vn 0.11711999079688716 -0.9826409227855532 -0.14387398869459844
vn -0.11711999079688716 0.9826409227855532 0.14387398869459844
vn -0.04981098467941365 -0.9987376928138009 -0.006471998009378977
vn 0.04981098467941365 0.9987376928138009 0.006471998009378977
vn -0.05902099908390557 -0.9982309845059578 0.0071709998886951044
vn 0.05902099908390557 0.9982309845059578 -0.0071709998886951044
vn -0.05687401168075727 -0.9982792050261049 0.014282002933230698
vn 0.05687401168075727 0.9982792050261049 -0.014282002933230698
vn -0.052989016987592716 -0.9983483200575441 0.022199007116714013
vn 0.052989016987592716 0.9983483200575441 -0.022199007116714013
vn -0.04787098959737179 -0.9983987830424768 0.030136993451066057
vn 0.04787098959737179 0.9983987830424768 -0.030136993451066057
vn -0.04255601455552126 -0.9984563415040778 0.035692012207812186
vn 0.04255601455552126 0.9984563415040778 -0.035692012207812186
vn -0.000009999996878041463 -0.13863395671904022 0.9903436908187093
vn 0.000009999996878041463 0.13863395671904022 -0.9903436908187093
vn -0.000010999996259462906 -0.08079597252541523 0.996730661062793
vn 0.000010999996259462906 0.08079597252541523 -0.996730661062793
vn -0.000008000002226668929 -0.17531004879466647 0.9845132740230634
vn 0.000008000002226668929 0.17531004879466647 -0.9845132740230634
vn -0.17097606201422574 -0.6642972409453031 0.7276512639242546
vn 0.17097606201422574 0.6642972409453031 -0.7276512639242546
vn -0.14169699253837825 -0.941744950408654 0.3050219839378475
vn 0.14169699253837825 0.941744950408654 -0.3050219839378475
vn 0.801510137857351 -0.1433650246583564 0.5805410998513362
vn -0.801510137857351 0.1433650246583564 -0.5805410998513362
vn 0.7280540644979483 -0.15164701343433382 0.6685360592252778
vn -0.7280540644979483 0.15164701343433382 -0.6685360592252778
vn 0.14729797650649015 0.2078579668473842 0.9670048457661239
vn -0.14729797650649015 -0.2078579668473842 -0.9670048457661239
vn 0.20965802861014618 0.20965502860973656 0.9550331303247848
vn -0.20965802861014618 -0.20965502860973656 -0.9550331303247848
vn 0.4683839421054064 0.2147269734586739 0.8570348940662084
vn -0.4683839421054064 -0.2147269734586739 -0.8570348940662084
vn 0.9760614416376443 -0.20202909141192166 0.08055003644640264
vn -0.9760614416376443 0.20202909141192166 -0.08055003644640264
vn 0.9842225162257175 -0.13577693326164827 -0.11344894423651089
vn -0.9842225162257175 0.13577693326164827 0.11344894423651089
vn 0.9683802776806636 -0.21221106085099994 0.1311720376132592
vn -0.9683802776806636 0.21221106085099994 -0.1311720376132592
vn 0.9561246361635711 -0.19181192700934183 0.22143591573645335
vn -0.9561246361635711 0.19181192700934183 -0.22143591573645335
vn 0.9198040606702779 -0.188708012447181 0.3440200226915614
vn -0.9198040606702779 0.188708012447181 -0.3440200226915614
vn 0.9527775872277789 -0.07076396934289675 -0.2953088720632174
vn -0.9527775872277789 0.07076396934289675 0.2953088720632174
vn 0.8582148622196224 -0.29330595291178607 -0.42123493237368576
vn -0.8582148622196224 0.29330595291178607 0.42123493237368576
vn 0.5844599488784594 -0.6951059392004763 -0.4186099633850255
vn -0.5844599488784594 0.6951059392004763 0.4186099633850255
vn 0.26877992584026894 -0.8896307545397881 -0.36920789813094007
vn -0.26877992584026894 0.8896307545397881 0.36920789813094007
vn 0.00005400001395079741 -0.9999382583320826 -0.011112002870764312
vn -0.00005400001395079741 0.9999382583320826 0.011112002870764312
vn 0.00007900000114380151 -0.9999410144776459 -0.010861000157251213
vn -0.00007900000114380151 0.9999410144776459 0.010861000157251213
vn 0.00634599784670176 -0.9996496608029333 -0.025695991280940723
vn -0.00634599784670176 0.9996496608029333 0.025695991280940723
vn 0.02746199483873825 -0.9931018133544764 -0.1139939785757459
vn -0.02746199483873825 0.9931018133544764 0.1139939785757459
vn 0.01833000450221626 -0.9703882383467884 -0.24085405915858152
vn -0.01833000450221626 0.9703882383467884 0.24085405915858152
vn -0.06254302522592126 -0.9640463888356566 -0.25826910416950694
vn 0.06254302522592126 0.9640463888356566 0.25826910416950694
vn -0.03906298820153402 -0.9984356984355226 0.040002987917619144
vn 0.03906298820153402 0.9984356984355226 -0.040002987917619144
vn -0.09418999190729044 -0.3601869690530974 0.9281129202574694
vn 0.09418999190729044 0.3601869690530974 -0.9281129202574694
vn -0.04163098489555288 -0.3768048632886265 0.9253566642644692
vn 0.04163098489555288 0.3768048632886265 -0.9253566642644692
vn -0.11824597806886138 -0.6738208750261171 0.729371864723048
vn 0.11824597806886138 0.6738208750261171 -0.729371864723048
vn 0.5519770010195016 -0.14315600026440936 0.8214790015172717
vn -0.5519770010195016 0.14315600026440936 -0.8214790015172717
vn 0.038187008632460676 -0.08073001824962839 0.9960042251542506
vn -0.038187008632460676 0.08073001824962839 -0.9960042251542506
vn 0.09809600847500502 -0.08388700724741853 0.991635085672317
vn -0.09809600847500502 0.08388700724741853 -0.991635085672317
vn 0.8512010506588065 -0.20725901233491698 0.4821830286968826
vn -0.8512010506588065 0.20725901233491698 -0.4821830286968826
vn 0.13438394328824094 -0.9279626083877983 -0.3476008533079523
vn -0.13438394328824094 0.9279626083877983 0.3476008533079523
vn 0.057559971441483365 -0.919031544020315 -0.3899588065210115
vn -0.057559971441483365 0.919031544020315 0.3899588065210115
vn -0.027147006739435296 -0.9463942349490228 -0.3218710799067589
vn 0.027147006739435296 0.9463942349490228 0.3218710799067589
vn -0.03185399404145614 -0.9906678146876773 -0.1325239752103328
vn 0.03185399404145614 0.9906678146876773 0.1325239752103328
vn -0.0063669974338808905 -0.9996375971116421 -0.026155989458236214
vn 0.0063669974338808905 0.9996375971116421 0.026155989458236214
vn -0.0000779999960510943 -0.9999409493759909 -0.010866999449836656
vn 0.0000779999960510943 0.9999409493759909 0.010866999449836656
vn -0.00005400001215040911 -0.9999382249936256 -0.01111500250095943
vn 0.00005400001215040911 0.9999382249936256 0.01111500250095943
vn 0 -0.9999720244073175 -0.007480000182572069
vn 0 0.9999720244073175 0.007480000182572069
vn -0.07167801823403003 -0.9557882431410903 -0.28518607254792405
vn 0.07167801823403003 0.9557882431410903 0.28518607254792405
vn -0.0918830012961935 -0.9791240138125025 -0.18131100255775454
vn 0.0918830012961935 0.9791240138125025 0.18131100255775454
vn 0.013616000442540443 -0.9871450320836948 -0.15924600517573434
vn -0.013616000442540443 0.9871450320836948 0.15924600517573434
vn 0.1307670129971302 -0.9801080974144187 -0.14929201483835824
vn -0.1307670129971302 0.9801080974144187 0.14929201483835824
vn 0.055389002192213675 -0.9968410394534739 -0.05692100225284816
vn -0.055389002192213675 0.9968410394534739 0.05692100225284816
vn -0.004074999544975389 -0.999973888340422 -0.005967999333598534
vn 0.004074999544975389 0.999973888340422 0.005967999333598534
vn -0.007962000934145796 -0.9999681173217662 0.00060900007145102
vn 0.007962000934145796 0.9999681173217662 -0.00060900007145102
vn -0.007479999547220681 -0.9999699394698216 0.0020419998763934453
vn 0.007479999547220681 0.9999699394698216 -0.0020419998763934453
vn -0.006919002998520113 -0.9999714333622138 0.0030430013187592387
vn 0.006919002998520113 0.9999714333622138 -0.0030430013187592387
vn -0.006191997143084385 -0.9999725386242768 0.004071998121227107
vn 0.006191997143084385 0.9999725386242768 -0.004071998121227107
vn -0.005467998995802076 -0.9999738163548254 0.004739999129499017
vn 0.005467998995802076 0.9999738163548254 -0.004739999129499017
vn 0.04563498710239077 -0.14245495973860167 0.9887487205544379
vn -0.04563498710239077 0.14245495973860167 -0.9887487205544379
vn -0.0000069999990794336805 -0.4487429409860442 0.8936608824751117
vn 0.0000069999990794336805 0.4487429409860442 -0.8936608824751117
vn -0.08049503117070066 -0.9306863603967293 0.35685213818655637
vn 0.08049503117070066 0.9306863603967293 -0.35685213818655637
vn -0.02630101091911681 -0.9980344143435544 0.05688202361511717
vn 0.02630101091911681 0.9980344143435544 -0.05688202361511717
vn 0.7719991496864036 -0.22310704325923295 0.595181115402356
vn -0.7719991496864036 0.22310704325923295 -0.595181115402356
vn 0.7001640310641782 -0.23108101025237157 0.675553029972262
vn -0.7001640310641782 0.23108101025237157 -0.675553029972262
vn 0.1606420818065994 -0.09509004842438198 0.9824215002958203
vn -0.1606420818065994 0.09509004842438198 -0.9824215002958203
vn 0.2293658918103133 -0.10922394848011349 0.967192543784573
vn -0.2293658918103133 0.10922394848011349 -0.967192543784573
vn 0.9780739528759091 -0.2005589903369678 0.05610199729697775
vn -0.9780739528759091 0.2005589903369678 -0.05610199729697775
vn 0.9653259751674721 -0.22281799426811855 0.13600699650128797
vn -0.9653259751674721 0.22281799426811855 -0.13600699650128797
vn 0.9530607430877389 -0.2077909439867379 0.22022294063550085
vn -0.9530607430877389 0.2077909439867379 -0.22022294063550085
vn 0.91167566846191 -0.21439792203249472 0.3505438725219395
vn -0.91167566846191 0.21439792203249472 -0.3505438725219395
vn 0.98326267789844 -0.17967994113964594 -0.03015999012005637
vn -0.98326267789844 0.17967994113964594 0.03015999012005637
vn 0.9831751752913008 -0.15112302694387797 -0.10260801829408786
vn -0.9831751752913008 0.15112302694387797 0.10260801829408786
vn 0.9165642101090791 -0.35232308076496677 -0.18915204336036825
vn -0.9165642101090791 0.35232308076496677 0.18915204336036825
vn 0.6219588677759125 -0.700551851067596 -0.3498489256245754
vn -0.6219588677759125 0.700551851067596 0.3498489256245754
vn 0.24587798410792291 -0.8683199438770105 -0.4307719721574854
vn -0.24587798410792291 0.8683199438770105 0.4307719721574854
vn 0.13829095248890683 -0.9427186761205699 -0.30357389570447413
vn -0.13829095248890683 0.9427186761205699 0.30357389570447413
vn 0 -1 -0.0000020000000002180444
vn 0 1 0.0000020000000002180444
vn 0.006900999603823976 -0.9999539425941457 -0.00666999961708556
vn -0.006900999603823976 0.9999539425941457 0.00666999961708556
vn 0.042880982931099494 -0.9953076038149011 -0.08674096547250555
vn -0.042880982931099494 0.9953076038149011 0.08674096547250555
vn 0.07855398989018071 -0.9620208761888831 -0.26142896635435586
vn -0.07855398989018071 0.9620208761888831 0.26142896635435586
vn 0.006430997124923698 -0.9399785797681001 -0.3411728474734247
vn -0.006430997124923698 0.9399785797681001 0.3411728474734247
vn -0.005198000948079074 -0.9999731823881254 0.005159000940965523
vn 0.005198000948079074 0.9999731823881254 -0.005159000940965523
vn 0.05304099049595704 -0.17378696886033254 0.9833538237997275
vn -0.05304099049595704 0.17378696886033254 -0.9833538237997275
vn -0.07029900583724305 -0.6956190577603831 0.7149630593666025
vn 0.07029900583724305 0.6956190577603831 -0.7149630593666025
vn -0.029692009395607323 -0.7186592274093281 0.6947282198367063
vn 0.029692009395607323 0.7186592274093281 -0.6947282198367063
vn 0.041567990523974904 -0.37698091406174444 0.9252877890672557
vn -0.041567990523974904 0.37698091406174444 -0.9252877890672557
vn -0.054618001888144356 -0.9340300322894188 0.35299401220300297
vn 0.054618001888144356 0.9340300322894188 -0.35299401220300297
vn 0.47284802306339935 -0.21420101044776185 0.8547120416890083
vn -0.47284802306339935 0.21420101044776185 -0.8547120416890083
vn 0.9754931002138746 -0.2010280206519112 0.08944800918912858
vn -0.9754931002138746 0.2010280206519112 -0.08944800918912858
vn 0.9671441979197939 -0.23012404709339526 0.10805102211194154
vn -0.9671441979197939 0.23012404709339526 -0.10805102211194154
vn 0.8409789840428443 -0.23223799559340028 0.4886919907273138
vn -0.8409789840428443 0.23223799559340028 -0.4886919907273138
vn 0.0768359703848103 -0.902633652094368 -0.4234958367703373
vn -0.0768359703848103 0.902633652094368 0.4234958367703373
vn 0.10863297826531337 -0.9427418113814223 -0.31533593690932665
vn -0.10863297826531337 0.9427418113814223 0.31533593690932665
vn 0.09612800376206562 -0.9149120358059979 -0.3920400153428785
vn -0.09612800376206562 0.9149120358059979 0.3920400153428785
vn -0.05017999982712991 -0.849972997071843 -0.5244309981933355
vn 0.05017999982712991 0.849972997071843 0.5244309981933355
vn -0.10768598755704639 -0.9261988929791134 -0.361329958248868
vn 0.10768598755704639 0.9261988929791134 0.361329958248868
vn -0.04925900658019094 -0.993814132757179 -0.09953401329610297
vn 0.04925900658019094 0.993814132757179 0.09953401329610297
vn -0.006843002653942763 -0.9999543878153853 -0.006663002584133004
vn 0.006843002653942763 0.9999543878153853 0.006663002584133004
vn 0 -1 0.0000029999999997644555
vn 0 1 -0.0000029999999997644555
vn 9.999999999914998e-7 -1 0.0000039999999997439545
vn -9.999999999914998e-7 1 -0.0000039999999997439545
vn 0 -1 0.000003999999999745955
vn 0 1 -0.000003999999999745955
vn -0.1154100129849544 -0.969526109082843 -0.21610102431385197
vn 0.1154100129849544 0.969526109082843 0.21610102431385197
vn -0.15359200189709163 -0.9856070121737251 -0.07062800087236198
vn 0.15359200189709163 0.9856070121737251 0.07062800087236198
vn -0.06761102926767151 -0.996487431362562 -0.0494120213896289
vn 0.06761102926767151 0.996487431362562 0.0494120213896289
vn 0.022690005770783932 -0.9986262539821453 -0.04723101201233588
vn -0.022690005770783932 0.9986262539821453 0.04723101201233588
vn -0.003972001529931872 -0.9999773851703634 -0.005427002090367863
vn 0.003972001529931872 0.9999773851703634 0.005427002090367863
vn -0.002382000281155847 -0.9999971180331669 -0.0003000000354102783
vn 0.002382000281155847 0.9999971180331669 0.0003000000354102783
vn -0.000002999999999985 -1 -0.0000010000000002170445
vn 0.000002999999999985 1 0.0000010000000002170445
vn -0.000005999999999889 -1 9.999999997594553e-7
vn 0.000005999999999889 1 -9.999999997594553e-7
vn 0.00000799999999974 -1 -0.0000010000000001895445
vn -0.00000799999999974 1 0.0000010000000001895445
vn 0.0000049999999999275 -1 -0.0000020000000001930446
vn -0.0000049999999999275 1 0.0000020000000001930446
vn 0.0995689748679476 -0.14841596253855446 0.9838997516553709
vn -0.0995689748679476 0.14841596253855446 -0.9838997516553709
vn -0.000004999999934257503 -0.7784359897647347 0.627723991746371
vn 0.000004999999934257503 0.7784359897647347 -0.627723991746371
vn 0.029643011474530356 -0.7188032782419743 0.6945812688658626
vn -0.029643011474530356 0.7188032782419743 -0.6945812688658626
vn -0.01540599924802549 -0.9975029513113834 0.06892399663578512
vn 0.01540599924802549 0.9975029513113834 -0.06892399663578512
vn -0.003484000467991878 -0.9999661343214599 0.007456001001534635
vn 0.003484000467991878 0.9999661343214599 -0.007456001001534635
vn 0.7612839937323488 -0.2477709979601015 0.5992129950666794
vn -0.7612839937323488 0.2477709979601015 -0.5992129950666794
vn 0.690391047887596 -0.25585201774666433 0.6766830469367678
vn -0.690391047887596 0.25585201774666433 -0.6766830469367678
vn 0.15613696004494734 -0.1549949603371824 0.9754987503723404
vn -0.15613696004494734 0.1549949603371824 -0.9754987503723404
vn 0.22067802422636587 -0.1732730190221732 0.9598321053718141
vn -0.22067802422636587 0.1732730190221732 -0.9598321053718141
vn 0.9314144109671397 -0.3589111583620464 -0.06041502665686776
vn -0.9314144109671397 0.3589111583620464 0.06041502665686776
vn 0.9241470061867022 -0.36618100245139873 -0.10892100072917173
vn -0.9241470061867022 0.36618100245139873 0.10892100072917173
vn 0.9183910514147469 -0.3740560209409659 0.12899600722164808
vn -0.9183910514147469 0.3740560209409659 -0.12899600722164808
vn 0.9207189129580003 -0.3771129643488734 0.10031199051680573
vn -0.9207189129580003 0.3771129643488734 -0.10031199051680573
vn 0.903894862241914 -0.3714509433890233 0.21212796767063946
vn -0.903894862241914 0.3714509433890233 -0.21212796767063946
vn 0.8606043203014967 -0.3815221419957003 0.33734412555343457
vn -0.8606043203014967 0.3815221419957003 -0.33734412555343457
vn 0.6385616076560554 -0.700447569632187 -0.31876680414383873
vn -0.6385616076560554 0.700447569632187 0.31876680414383873
vn 0.225742946176793 -0.8689777928122565 -0.4403608950060856
vn -0.225742946176793 0.8689777928122565 0.4403608950060856
vn 0.15425097839769186 -0.9719138638868746 -0.17773597510870073
vn -0.15425097839769186 0.9719138638868746 0.17773597510870073
vn -0.0000049999999999375 -1 0
vn 0.0000049999999999375 1 0
vn 0.09399796282790196 -0.3607218573502252 0.9279246330462448
vn -0.09399796282790196 0.3607218573502252 -0.9279246330462448
vn 0.10664802159707974 -0.17762603597069715 0.9783021981140415
vn -0.10664802159707974 0.17762603597069715 -0.9783021981140415
vn -0.030973989992599708 -0.9400276962860308 0.3396888902497642
vn 0.030973989992599708 0.9400276962860308 -0.3396888902497642
vn -0.012401004741363856 -0.9454613614849298 0.32549812445
vn 0.012401004741363856 0.9454613614849298 -0.32549812445
vn 0.07013397779228986 -0.696042779600177 0.7145667737346105
vn -0.07013397779228986 0.696042779600177 -0.7145667737346105
vn -0.010629999509159785 -0.997434953943442 0.07078499673150263
vn 0.010629999509159785 0.997434953943442 -0.07078499673150263
vn 0.4706689168690512 -0.2390329577812858 0.849313849991653
vn -0.4706689168690512 0.2390329577812858 -0.849313849991653
vn 0.9311559331946855 -0.36427297386541857 0.01593199885696667
vn -0.9311559331946855 0.36427297386541857 -0.01593199885696667
vn 0.789806599546831 -0.3978537982774335 0.4668167633113569
vn -0.789806599546831 0.3978537982774335 -0.4668167633113569
vn 0.020963003361679895 -0.913925146559333 -0.40534106500151196
vn -0.020963003361679895 0.913925146559333 0.40534106500151196
vn 0.05858698010697004 -0.9698696706837188 -0.23647491970566428
vn -0.05858698010697004 0.9698696706837188 0.23647491970566428
vn 0.15979900517573004 -0.18153500587973762 0.9703140314275016
vn -0.15979900517573004 0.18153500587973762 -0.9703140314275016
vn -0.00000200000040026712 -0.9673751936042027 0.25334805070343697
vn 0.00000200000040026712 0.9673751936042027 -0.25334805070343697
vn 0.012380995480033661 -0.9454916548265881 0.3254108812012948
vn -0.012380995480033661 0.9454916548265881 -0.3254108812012948
vn 0.030893996957976396 -0.9401289074288015 0.3394159665788991
vn -0.030893996957976396 0.9401289074288015 -0.3394159665788991
vn -0.002032999131947167 -0.9999565730371338 0.009094996116605525
vn 0.002032999131947167 0.9999565730371338 -0.009094996116605525
vn 0.000001999999999992 -1 0.0000019999999997699555
vn -0.000001999999999992 1 -0.0000019999999997699555
vn 0.7130141323653819 -0.41047407620123566 0.5684381055259965
vn -0.7130141323653819 0.41047407620123566 -0.5684381055259965
vn 0.6459450528521953 -0.41680403410353284 0.6395540523292739
vn -0.6459450528521953 0.41680403410353284 -0.6395540523292739
vn 0.22604703072408844 -0.19832802695654914 0.9537131296277436
vn -0.22604703072408844 0.19832802695654914 -0.9537131296277436
vn 0.6582373822375716 -0.7033754084491632 -0.26830315580328556
vn -0.6582373822375716 0.7033754084491632 0.26830315580328556
vn 0.7024023261240708 -0.7048383272551016 0.09916604604260738
vn -0.7024023261240708 0.7048383272551016 -0.09916604604260738
vn 0.7077479024921628 -0.7028739031636633 0.07114199019862624
vn -0.7077479024921628 0.7028739031636633 -0.07114199019862624
vn 0.6952689719507645 -0.7126739712485947 -0.09325699623773324
vn -0.6952689719507645 0.7126739712485947 0.09325699623773324
vn 0.6863056538693801 -0.7084106427209751 0.16473891691576018
vn -0.6863056538693801 0.7084106427209751 -0.16473891691576018
vn 0.6500529241927825 -0.7141309167201998 0.2597079697136373
vn -0.6500529241927825 0.7141309167201998 -0.2597079697136373
vn 0.21588807129791085 -0.8922882946818269 -0.3965021309464366
vn -0.21588807129791085 0.8922882946818269 0.3965021309464366
vn 0.0855259975549828 -0.9926619716217798 -0.08548399755618372
vn -0.0855259975549828 0.9926619716217798 0.08548399755618372
vn 0.1179329740893029 -0.6747168517600011 0.7285938399228507
vn -0.1179329740893029 0.6747168517600011 -0.7285938399228507
vn 0.15247793248636968 -0.35051484480029843 0.9240615908473335
vn -0.15247793248636968 0.35051484480029843 -0.9240615908473335
vn -0.006180998420934353 -0.9974547451792712 0.07103398185287971
vn 0.006180998420934353 0.9974547451792712 -0.07103398185287971
vn -0.002539000126409203 -0.9974810496615903 0.07088800352930091
vn 0.002539000126409203 0.9974810496615903 -0.07088800352930091
vn 0.05445401749223963 -0.9342363001043079 0.3524731132247799
vn -0.05445401749223963 0.9342363001043079 -0.3524731132247799
vn -0.0013809997062109872 -0.9999537872733536 0.009513997976025361
vn 0.0013809997062109872 0.9999537872733536 -0.009513997976025361
vn 0.43917905983507677 -0.4003430545439427 0.8042681095759074
vn -0.43917905983507677 0.4003430545439427 -0.8042681095759074
vn 0.5938429913099986 -0.7212729894452519 0.35653299478267425
vn -0.5938429913099986 0.7212729894452519 -0.35653299478267425
vn -0.039128989645414225 -0.9300777538763466 -0.3652729033389404
vn 0.039128989645414225 0.9300777538763466 0.3652729033389404
vn -0.015879008944187763 -0.9788095513351899 -0.2041561149952516
vn 0.015879008944187763 0.9788095513351899 0.2041561149952516
vn 0.21691797419533085 -0.3540209578854925 0.9097338917776077
vn -0.21691797419533085 0.3540209578854925 -0.9097338917776077
vn 0 -0.9985520006345799 0.05379500003418651
vn 0 0.9985520006345799 -0.05379500003418651
vn 0.0025360004919790713 -0.9974821935095693 0.07087201374903004
vn -0.0025360004919790713 0.9974821935095693 -0.07087201374903004
vn 0.006167001961483123 -0.9974583172526403 0.07098502257757065
vn -0.006167001961483123 0.9974583172526403 -0.07098502257757065
vn 0.010598997141185881 -0.9974427309647955 0.07067998093584449
vn -0.010598997141185881 0.9974427309647955 -0.07067998093584449
vn 0.0000029999999999865 -1 0
vn -0.0000029999999999865 1 0
vn 0.5359549151020684 -0.7255238850733983 0.4317029316161024
vn -0.5359549151020684 0.7255238850733983 -0.4317029316161024
vn 0.4850109863755566 -0.7279649795507361 0.4845939863872704
vn -0.4850109863755566 0.7279649795507361 -0.4845939863872704
vn 0.31236489275359325 -0.9489196742008217 0.04449298472391452
vn -0.31236489275359325 0.9489196742008217 -0.04449298472391452
vn 0.31489712724460156 -0.948840383410346 0.023275009405037312
vn -0.31489712724460156 0.948840383410346 -0.023275009405037312
vn 0.2674289797811664 -0.9476879283505307 -0.17426798682455671
vn -0.2674289797811664 0.9476879283505307 0.17426798682455671
vn 0.30469085458480094 -0.9493765469054044 0.07646996350433607
vn -0.30469085458480094 0.9493765469054044 -0.07646996350433607
vn 0.2885878721745035 -0.9499615792293361 0.11954094705120191
vn -0.2885878721745035 0.9499615792293361 -0.11954094705120191
vn 0.01551899990115949 -0.997728993645464 -0.06554399958255049
vn -0.01551899990115949 0.997728993645464 0.06554399958255049
vn 0.0802159929610068 -0.931058918299118 0.3559419687659154
vn -0.0802159929610068 0.931058918299118 -0.3559419687659154
vn 0.17052598545814146 -0.6658309432202701 0.7263539380590811
vn -0.17052598545814146 0.6658309432202701 -0.7263539380590811
vn -0.0008109998907952226 -0.9999518653519905 0.009777998683348343
vn 0.0008109998907952226 0.9999518653519905 -0.009777998683348343
vn -0.0003390000038188351 -0.999950011264437 0.009993000112570925
vn 0.0003390000038188351 0.999950011264437 -0.009993000112570925
vn 0.015360007066879757 -0.9975154589400105 0.0687530316321081
vn -0.015360007066879757 0.9975154589400105 -0.0687530316321081
vn -9.99999999987e-7 -1 0.000004999999999712955
vn 9.99999999987e-7 1 -0.000004999999999712955
vn 0.32556509666582617 -0.7087702104459559 0.6258211858169764
vn -0.32556509666582617 0.7087702104459559 -0.6258211858169764
vn 0.26368896487518195 -0.9506988733616897 0.16321697825860204
vn -0.26368896487518195 0.9506988733616897 -0.16321697825860204
vn 0.004941998589005242 -0.9870467181873446 -0.1603569542163324
vn -0.004941998589005242 0.9870467181873446 0.1603569542163324
vn -0.0047290000221648235 -0.9972960046743264 -0.07333700034373075
vn 0.0047290000221648235 0.9972960046743264 0.07333700034373075
vn 9.999995346533247e-7 -0.9999775346635624 0.006702996880781014
vn -9.999995346533247e-7 0.9999775346635624 -0.006702996880781014
vn 0.0003370000275893509 -0.9999500818634167 0.009986000817528734
vn -0.0003370000275893509 0.9999500818634167 -0.009986000817528734
vn 0.000807999948445969 -0.9999519361985688 0.009770999376566069
vn -0.000807999948445969 0.9999519361985688 -0.009770999376566069
vn 0.0013769998848511434 -0.9999539163808572 0.009500999205497756
vn -0.0013769998848511434 0.9999539163808572 -0.009500999205497756
vn 0.0020319995794635063 -0.9999567930519633 0.009070998122693413
vn -0.0020319995794635063 0.9999567930519633 -0.009070998122693413
vn 0.23807010234564482 -0.9513154089677284 0.1957590841562609
vn -0.23807010234564482 0.9513154089677284 -0.1957590841562609
vn 0.21536992168020383 -0.9516016539477425 0.21924892026959633
vn -0.21536992168020383 0.9516016539477425 -0.21924892026959633
vn 0.05655198674760898 -0.9983737660411192 0.007189998315095771
vn -0.05655198674760898 0.9983737660411192 -0.007189998315095771
vn 0.05684501877108098 -0.9983723296775734 -0.0046190015252640625
vn -0.05684501877108098 0.9983723296775734 0.0046190015252640625
vn 0.055448004636201934 -0.9983620834765516 0.01409500117853221
vn -0.055448004636201934 0.9983620834765516 -0.01409500117853221
vn 0.052723005954826596 -0.9983641127607401 0.022122002498580547
vn -0.052723005954826596 0.9983641127607401 -0.022122002498580547
vn 0.010536000184622332 -0.9999370175218965 -0.0038670000677616645
vn -0.010536000184622332 0.9999370175218965 0.0038670000677616645
vn 0.1411429760195987 -0.9423728398894546 0.30333494846294146
vn -0.1411429760195987 0.9423728398894546 -0.30333494846294146
vn 0.026199002483586954 -0.9980540946125384 0.05658300536389919
vn -0.026199002483586954 0.9980540946125384 -0.05658300536389919
vn -0.000001999999999971 -1 0.000004999999999705456
vn 0.000001999999999971 1 -0.000004999999999705456
vn 9.999999999989998e-7 -1 -0.0000010000000002210444
vn -9.999999999989998e-7 1 0.0000010000000002210444
vn 0.003470001486921981 -0.9999664284932063 0.007423003180812996
vn -0.003470001486921981 0.9999664284932063 -0.007423003180812996
vn 0.04771597614390268 -0.9984115008338117 0.029960985020694476
vn -0.04771597614390268 0.9984115008338117 -0.029960985020694476
vn 0.010650999088881624 -0.9999339144626567 -0.004326999629855708
vn -0.010650999088881624 0.9999339144626567 0.004326999629855708
vn 9.99999999995e-7 -1 -0.0000030000000002070446
vn -9.99999999995e-7 1 0.0000030000000002070446
vn -9.999999999914998e-7 -1 -0.000004000000000188044
vn 9.999999999914998e-7 1 0.000004000000000188044
vn 0 -1 -0.000005000000000159545
vn 0 1 0.000005000000000159545
vn 0.000001999999999987 -1 -0.000003000000000202545
vn -0.000001999999999987 1 0.000003000000000202545
vn 0.04241300866145827 -0.9984742039054273 0.035361007221319324
vn -0.04241300866145827 0.9984742039054273 -0.035361007221319324
vn 0.03891398987504812 -0.9984577402133114 0.039595989697599754
vn -0.03891398987504812 0.9984577402133114 -0.039595989697599754
vn 0.007927003036066525 -0.9999683829909639 0.0006290002409088033
vn -0.007927003036066525 0.9999683829909639 -0.0006290002409088033
vn 0.007296996538418766 -0.9999715256291202 0.0019239990872846491
vn -0.007296996538418766 0.9999715256291202 -0.0019239990872846491
vn 0.006911997046169061 -0.9999715726637397 0.003012998712399573
vn -0.006911997046169061 0.9999715726637397 -0.003012998712399573
vn 0.002660001146306461 -0.9999964309405548 -0.0002500001077357917
vn -0.002660001146306461 0.9999964309405548 0.0002500001077357917
vn 0.005176997422039709 -0.999973502048819 0.005117997451419371
vn -0.005176997422039709 0.999973502048819 -0.005117997451419371
vn -0.000004999999999915001 -1 0.0000029999999997269556
vn 0.000004999999999915001 1 -0.0000029999999997269556
vn 0.0061809979957653674 -0.9999726757514128 0.004054998685136255
vn -0.0061809979957653674 0.9999726757514128 -0.004054998685136255
vn 0.005456000206070403 -0.99997403776852 0.004707000177780824
vn -0.005456000206070403 0.99997403776852 -0.004707000177780824
vn 0.000001999999999995 -1 9.999999997754553e-7
vn -0.000001999999999995 1 -9.999999997754553e-7
usemtl material_0_0
f 1//1 2//2 3//3
f 3//4 2//5 1//6
f 4//7 2//2 1//1
f 1//6 2//5 4//8
f 2//2 5//9 3//3
f 3//4 5//10 2//5
f 1//1 3//3 6//11
f 6//12 3//4 1//6
f 4//7 7//13 2//2
f 2//5 7//14 4//8
f 8//15 4//7 1//1
f 1//6 4//8 8//16
f 9//17 5//9 2//2
f 2//5 5//10 9//18
f 5//9 10//19 3//3
f 3//4 10//20 5//10
f 3//3 11//21 6//11
f 6//12 11//22 3//4
f 12//23 1//1 6//11
f 6//12 1//6 12//24
f 13//25 7//13 4//7
f 4//8 7//14 13//26
f 7//13 9//17 2//2
f 2//5 9//18 7//14
f 14//27 4//7 8//15
f 8//16 4//8 14//28
f 8//15 1//1 12//23
f 12//24 1//6 8//16
f 9//17 15//29 5//9
f 5//10 15//30 9//18
f 5//9 16//31 10//19
f 10//20 16//32 5//10
f 3//3 10//19 11//21
f 11//22 10//20 3//4
f 6//11 11//21 17//33
f 17//34 11//22 6//12
f 12//23 6//11 18//35
f 18//36 6//12 12//24
f 13//25 9//17 7//13
f 7//14 9//18 13//26
f 13//25 4//7 14//27
f 14//28 4//8 13//26
f 14//27 8//15 19//37
f 19//38 8//16 14//28
f 8//15 12//23 20//39
f 20//40 12//24 8//16
f 21//41 15//29 9//17
f 9//18 15//30 21//42
f 15//29 16//31 5//9
f 5//10 16//32 15//30
f 16//31 22//43 10//19
f 10//20 22//44 16//32
f 10//19 23//45 11//21
f 11//22 23//46 10//20
f 17//33 11//21 24//47
f 24//48 11//22 17//34
f 18//35 6//11 17//33
f 17//34 6//12 18//36
f 12//23 18//35 25//49
f 25//50 18//36 12//24
f 13//25 21//41 9//17
f 9//18 21//42 13//26
f 26//51 13//25 14//27
f 14//28 13//26 26//52
f 19//37 8//15 27//53
f 27//54 8//16 19//38
f 28//55 14//27 19//37
f 19//38 14//28 28//56
f 20//39 12//23 25//49
f 25//50 12//24 20//40
f 27//53 8//15 20//39
f 20//40 8//16 27//54
f 21//41 29//57 15//29
f 15//30 29//58 21//42
f 15//29 30//59 16//31
f 16//32 30//60 15//30
f 16//31 31//61 22//43
f 22//44 31//62 16//32
f 10//19 22//43 23//45
f 23//46 22//44 10//20
f 11//21 23//45 24//47
f 24//48 23//46 11//22
f 17//33 24//47 32//63
f 32//64 24//48 17//34
f 18//35 17//33 33//65
f 33//66 17//34 18//36
f 25//49 18//35 33//65
f 33//66 18//36 25//50
f 26//51 21//41 13//25
f 13//26 21//42 26//52
f 26//51 14//27 28//55
f 28//56 14//28 26//52
f 34//67 19//37 27//53
f 27//54 19//38 34//68
f 28//55 19//37 35//69
f 35//70 19//38 28//56
f 20//39 25//49 36//71
f 36//72 25//50 20//40
f 27//53 20//39 37//73
f 37//74 20//40 27//54
f 38//75 29//57 21//41
f 21//42 29//58 38//76
f 29//57 30//59 15//29
f 15//30 30//60 29//58
f 30//59 31//61 16//31
f 16//32 31//62 30//60
f 31//61 39//77 22//43
f 22//44 39//78 31//62
f 22//43 40//79 23//45
f 23//46 40//80 22//44
f 24//47 23//45 41//81
f 41//82 23//46 24//48
f 32//63 24//47 42//83
f 42//84 24//48 32//64
f 33//65 17//33 32//63
f 32//64 17//34 33//66
f 25//49 33//65 43//85
f 43//86 33//66 25//50
f 38//75 21//41 26//51
f 26//52 21//42 38//76
f 44//87 26//51 28//55
f 28//56 26//52 44//88
f 35//69 19//37 34//67
f 34//68 19//38 35//70
f 34//67 27//53 45//89
f 45//90 27//54 34//68
f 46//91 28//55 35//69
f 35//70 28//56 46//92
f 36//71 25//49 43//85
f 43//86 25//50 36//72
f 37//73 20//39 36//71
f 36//72 20//40 37//74
f 45//89 27//53 37//73
f 37//74 27//54 45//90
f 47//93 29//57 38//75
f 38//76 29//58 47//94
f 29//57 48//95 30//59
f 30//60 48//96 29//58
f 30//59 49//97 31//61
f 31//62 49//98 30//60
f 31//61 50//99 39//77
f 39//78 50//100 31//62
f 39//77 51//101 22//43
f 22//44 51//102 39//78
f 22//43 52//103 40//79
f 40//80 52//104 22//44
f 23//45 40//79 41//81
f 41//82 40//80 23//46
f 24//47 41//81 42//83
f 42//84 41//82 24//48
f 32//63 42//83 53//105
f 53//106 42//84 32//64
f 33//65 32//63 54//107
f 54//108 32//64 33//66
f 43//85 33//65 54//107
f 54//108 33//66 43//86
f 55//109 38//75 26//51
f 26//52 38//76 55//110
f 44//87 55//109 26//51
f 26//52 55//110 44//88
f 46//91 44//87 28//55
f 28//56 44//88 46//92
f 35//69 34//67 56//69
f 56//70 34//68 35//70
f 57//111 34//67 45//89
f 45//90 34//68 57//112
f 58//113 36//71 43//85
f 43//86 36//72 58//114
f 37//73 36//71 58//113
f 58//114 36//72 37//74
f 45//89 37//73 59//115
f 59//116 37//74 45//90
f 47//93 48//95 29//57
f 29//58 48//96 47//94
f 60//117 47//93 38//75
f 38//76 47//94 60//118
f 48//95 49//97 30//59
f 30//60 49//98 48//96
f 49//97 50//99 31//61
f 31//62 50//100 49//98
f 50//99 61//119 39//77
f 39//78 61//120 50//100
f 39//77 61//119 51//101
f 51//102 61//120 39//78
f 22//43 51//101 52//103
f 52//104 51//102 22//44
f 52//103 62//121 40//79
f 40//80 62//122 52//104
f 41//81 40//79 63//123
f 63//124 40//80 41//82
f 42//83 41//81 64//125
f 64//126 41//82 42//84
f 53//105 42//83 65//127
f 65//128 42//84 53//106
f 54//107 32//63 53//105
f 53//106 32//64 54//108
f 66//129 43//85 54//107
f 54//108 43//86 66//130
f 60//117 38//75 55//109
f 55//110 38//76 60//118
f 67//131 55//109 44//87
f 44//88 55//110 67//132
f 68//69 44//87 46//91
f 46//92 44//88 68//70
f 56//69 34//67 57//111
f 57//112 34//68 56//70
f 69//69 35//69 56//69
f 56//70 35//70 69//70
f 57//111 45//89 70//89
f 70//90 45//90 57//112
f 58//113 43//85 66//129
f 66//130 43//86 58//114
f 59//115 37//73 58//113
f 58//114 37//74 59//116
f 70//89 45//89 59//115
f 59//116 45//90 70//90
f 71//133 48//95 47//93
f 47//94 48//96 71//134
f 72//135 47//93 60//117
f 60//118 47//94 72//136
f 73//137 49//97 48//95
f 48//96 49//98 73//138
f 49//97 74//139 50//99
f 50//100 74//140 49//98
f 50//99 75//141 61//119
f 61//120 75//142 50//100
f 61//119 76//143 51//101
f 51//102 76//144 61//120
f 51//101 76//143 52//103
f 52//104 76//144 51//102
f 52//103 77//145 62//121
f 62//122 77//146 52//104
f 40//79 62//121 63//123
f 63//124 62//122 40//80
f 41//81 63//123 64//125
f 64//126 63//124 41//82
f 65//127 42//83 64//125
f 64//126 42//84 65//128
f 78//147 53//105 65//127
f 65//128 53//106 78//148
f 79//149 54//107 53//105
f 53//106 54//108 79//150
f 66//129 54//107 79//149
f 79//150 54//108 66//130
f 80//151 60//117 55//109
f 55//110 60//118 80//152
f 80//151 55//109 67//131
f 67//132 55//110 80//152
f 67//131 44//87 68//69
f 68//70 44//88 67//132
f 68//69 46//91 81//153
f 56//69 57//111 82//53
f 82//54 57//112 56//70
f 46//91 35//69 69//69
f 69//70 35//70 46//92
f 69//69 56//69 83//69
f 83//70 56//70 69//70
f 84//154 57//111 70//89
f 70//90 57//112 84//155
f 85//156 58//113 66//129
f 66//130 58//114 85//157
f 59//115 58//113 85//156
f 85//157 58//114 59//116
f 70//89 59//115 86//158
f 86//159 59//116 70//90
f 71//133 73//137 48//95
f 48//96 73//138 71//134
f 72//135 71//133 47//93
f 47//94 71//134 72//136
f 87//160 72//135 60//117
f 60//118 72//136 87//161
f 88//162 49//97 73//137
f 73//138 49//98 88//163
f 88//162 74//139 49//97
f 49//98 74//140 88//163
f 74//139 75//141 50//99
f 50//100 75//142 74//140
f 75//141 89//164 61//119
f 61//120 89//165 75//142
f 61//119 89//164 76//143
f 76//144 89//165 61//120
f 52//103 76//143 77//145
f 77//146 76//144 52//104
f 77//145 90//166 62//121
f 62//122 90//167 77//146
f 63//123 62//121 91//168
f 91//169 62//122 63//124
f 64//125 63//123 92//170
f 92//171 63//124 64//126
f 65//127 64//125 93//172
f 93//173 64//126 65//128
f 79//149 53//105 78//147
f 78//148 53//106 79//150
f 78//147 65//127 94//174
f 94//175 65//128 78//148
f 95//176 66//129 79//149
f 79//150 66//130 95//177
f 87//160 60//117 80//151
f 80//152 60//118 87//161
f 96//178 80//151 67//131
f 67//132 80//152 96//179
f 97//180 67//131 68//69
f 68//70 67//132 97//181
f 81//153 46//91 69//69
f 69//70 46//92 81//182
f 81//182 46//92 68//70
f 98//183 68//69 81//153
f 81//182 68//70 98//184
f 82//53 57//111 84//154
f 84//155 57//112 82//54
f 83//69 56//69 82//53
f 82//54 56//70 83//70
f 99//153 69//69 83//69
f 83//70 69//70 99//182
f 84//154 70//89 100//185
f 100//186 70//90 84//155
f 85//156 66//129 95//176
f 95//177 66//130 85//157
f 86//158 59//115 85//156
f 85//157 59//116 86//159
f 100//185 70//89 86//158
f 86//159 70//90 100//186
f 101//187 73//137 71//133
f 71//134 73//138 101//188
f 102//189 71//133 72//135
f 72//136 71//134 102//190
f 103//191 72//135 87//160
f 87//161 72//136 103//192
f 104//193 88//162 73//137
f 73//138 88//163 104//194
f 105//195 74//139 88//162
f 88//163 74//140 105//196
f 74//139 106//197 75//141
f 75//142 106//198 74//140
f 75//141 107//199 89//164
f 89//165 107//200 75//142
f 89//164 108//201 76//143
f 76//144 108//202 89//165
f 76//143 108//201 77//145
f 77//146 108//202 76//144
f 77//145 109//203 90//166
f 90//167 109//204 77//146
f 62//121 90//166 91//168
f 91//169 90//167 62//122
f 63//123 91//168 92//170
f 92//171 91//169 63//124
f 93//172 64//125 92//170
f 92//171 64//126 93//173
f 110//205 65//127 93//172
f 93//173 65//128 110//206
f 111//207 79//149 78//147
f 78//148 79//150 111//208
f 94//174 65//127 110//205
f 110//206 65//128 94//175
f 112//209 78//147 94//174
f 94//175 78//148 112//210
f 95//176 79//149 111//207
f 111//208 79//150 95//177
f 96//178 87//160 80//151
f 80//152 87//161 96//179
f 96//178 67//131 97//180
f 97//181 67//132 96//179
f 97//180 68//69 113//211
f 113//212 68//70 97//181
f 81//153 69//69 99//153
f 99//182 69//70 81//182
f 113//211 68//69 98//183
f 98//184 68//70 113//212
f 98//183 81//153 114//213
f 114//214 81//182 98//184
f 82//53 84//154 115//215
f 115//216 84//155 82//54
f 83//69 82//53 116//153
f 116//182 82//54 83//70
f 99//153 83//69 117//53
f 117//54 83//70 99//182
f 118//217 84//154 100//185
f 100//186 84//155 118//218
f 119//219 85//156 95//176
f 95//177 85//157 119//220
f 86//158 85//156 119//219
f 119//220 85//157 86//159
f 100//185 86//158 120//221
f 120//222 86//159 100//186
f 101//187 104//193 73//137
f 73//138 104//194 101//188
f 102//189 101//187 71//133
f 71//134 101//188 102//190
f 103//191 102//189 72//135
f 72//136 102//190 103//192
f 121//223 103//191 87//160
f 87//161 103//192 121//224
f 122//225 88//162 104//193
f 104//194 88//163 122//226
f 105//195 106//197 74//139
f 74//140 106//198 105//196
f 122//225 105//195 88//162
f 88//163 105//196 122//226
f 106//197 107//199 75//141
f 75//142 107//200 106//198
f 107//199 123//227 89//164
f 89//165 123//228 107//200
f 89//164 123//227 108//201
f 108//202 123//228 89//165
f 108//201 109//203 77//145
f 77//146 109//204 108//202
f 109//203 124//229 90//166
f 90//167 124//230 109//204
f 91//168 90//166 125//231
f 125//232 90//167 91//169
f 92//170 91//168 126//233
f 126//234 91//169 92//171
f 93//172 92//170 127//235
f 127//236 92//171 93//173
f 110//205 93//172 128//237
f 128//238 93//173 110//206
f 111//207 78//147 112//209
f 112//210 78//148 111//208
f 129//239 94//174 110//205
f 110//206 94//175 129//240
f 112//209 94//174 130//241
f 130//242 94//175 112//210
f 131//243 95//176 111//207
f 111//208 95//177 131//244
f 121//223 87//160 96//178
f 96//179 87//161 121//224
f 132//245 96//178 97//180
f 97//181 96//179 132//246
f 133//247 97//180 113//211
f 113//212 97//181 133//248
f 114//213 81//153 99//153
f 99//182 81//182 114//214
f 134//249 113//211 98//183
f 98//184 113//212 134//250
f 135//251 98//183 114//213
f 114//214 98//184 135//252
f 115//215 84//154 118//217
f 118//218 84//155 115//216
f 116//153 82//53 115//215
f 115//216 82//54 116//182
f 117//53 83//69 116//153
f 116//182 83//70 117//54
f 136//253 99//153 117//53
f 117//54 99//182 136//254
f 118//217 100//185 137//255
f 137//256 100//186 118//218
f 119//219 95//176 131//243
f 131//244 95//177 119//220
f 120//221 86//158 119//219
f 119//220 86//159 120//222
f 137//255 100//185 120//221
f 120//222 100//186 137//256
f 138//257 104//193 101//187
f 101//188 104//194 138//258
f 102//189 138//257 101//187
f 101//188 138//258 102//190
f 139//259 102//189 103//191
f 103//192 102//190 139//260
f 140//261 103//191 121//223
f 121//224 103//192 140//262
f 141//263 122//225 104//193
f 104//194 122//226 141//264
f 105//195 142//265 106//197
f 106//198 142//266 105//196
f 105//195 122//225 143//267
f 143//268 122//226 105//196
f 106//197 144//269 107//199
f 107//200 144//270 106//198
f 123//227 107//199 145//271
f 145//272 107//200 123//228
f 123//227 146//273 108//201
f 108//202 146//274 123//228
f 108//201 146//273 109//203
f 109//204 146//274 108//202
f 109//203 147//275 124//229
f 124//230 147//276 109//204
f 90//166 124//229 125//231
f 125//232 124//230 90//167
f 126//233 91//168 125//231
f 125//232 91//169 126//234
f 127//235 92//170 126//233
f 126//234 92//171 127//236
f 128//237 93//172 127//235
f 127//236 93//173 128//238
f 148//277 110//205 128//237
f 128//238 110//206 148//278
f 149//279 111//207 112//209
f 112//210 111//208 149//280
f 130//241 94//174 129//239
f 129//240 94//175 130//242
f 129//239 110//205 148//277
f 148//278 110//206 129//240
f 150//281 112//209 130//241
f 130//242 112//210 150//282
f 131//243 111//207 151//283
f 151//284 111//208 131//244
f 132//245 121//223 96//178
f 96//179 121//224 132//246
f 133//247 132//245 97//180
f 97//181 132//246 133//248
f 133//247 113//211 152//285
f 152//286 113//212 133//248
f 114//213 99//153 136//253
f 136//254 99//182 114//214
f 152//285 113//211 134//249
f 134//250 113//212 152//286
f 134//249 98//183 135//251
f 135//252 98//184 134//250
f 135//251 114//213 153//287
f 153//288 114//214 135//252
f 154//53 115//215 118//217
f 118//218 115//216 154//54
f 116//153 115//215 155//89
f 155//90 115//216 116//182
f 117//53 116//153 156//69
f 156//70 116//182 117//54
f 136//253 117//53 157//289
f 157//290 117//54 136//254
f 158//291 118//217 137//255
f 137//256 118//218 158//292
f 159//293 119//219 131//243
f 131//244 119//220 159//294
f 120//221 119//219 159//293
f 159//294 119//220 120//222
f 137//255 120//221 160//295
f 160//296 120//222 137//256
f 138//257 141//263 104//193
f 104//194 141//264 138//258
f 139//259 138//257 102//189
f 102//190 138//258 139//260
f 140//261 139//259 103//191
f 103//192 139//260 140//262
f 161//297 140//261 121//223
f 121//224 140//262 161//298
f 141//263 162//299 122//225
f 122//226 162//300 141//264
f 105//195 143//267 142//265
f 142//266 143//268 105//196
f 106//197 142//265 144//269
f 144//270 142//266 106//198
f 162//299 143//267 122//225
f 122//226 143//268 162//300
f 107//199 144//269 145//271
f 145//272 144//270 107//200
f 123//227 145//271 163//301
f 163//302 145//272 123//228
f 123//227 163//301 146//273
f 146//274 163//302 123//228
f 146//273 147//275 109//203
f 109//204 147//276 146//274
f 147//275 164//303 124//229
f 124//230 164//304 147//276
f 124//229 165//305 125//231
f 125//232 165//306 124//230
f 125//231 166//307 126//233
f 126//234 166//308 125//232
f 126//233 167//309 127//235
f 127//236 167//310 126//234
f 127//235 168//311 128//237
f 128//238 168//312 127//236
f 128//237 169//313 148//277
f 148//278 169//314 128//238
f 151//283 111//207 149//279
f 149//280 111//208 151//284
f 149//279 112//209 150//281
f 150//282 112//210 149//280
f 170//315 130//241 129//239
f 129//240 130//242 170//316
f 171//317 129//239 148//277
f 148//278 129//240 171//318
f 150//281 130//241 170//315
f 170//316 130//242 150//282
f 172//319 131//243 151//283
f 151//284 131//244 172//320
f 161//297 121//223 132//245
f 132//246 121//224 161//298
f 173//321 132//245 133//247
f 133//248 132//246 173//322
f 174//323 133//247 152//285
f 152//286 133//248 174//324
f 153//287 114//213 136//253
f 136//254 114//214 153//288
f 175//325 152//285 134//249
f 134//250 152//286 175//326
f 176//327 134//249 135//251
f 135//252 134//250 176//328
f 176//327 135//251 153//287
f 153//288 135//252 176//328
f 155//89 115//215 154//53
f 154//54 115//216 155//90
f 154//53 118//217 158//291
f 158//292 118//218 154//54
f 156//69 116//153 155//89
f 155//90 116//182 156//70
f 157//289 117//53 156//69
f 156//70 117//54 157//290
f 177//329 136//253 157//289
f 157//290 136//254 177//330
f 158//291 137//255 178//331
f 178//332 137//256 158//292
f 159//293 131//243 172//319
f 172//320 131//244 159//294
f 160//295 120//221 159//293
f 159//294 120//222 160//296
f 178//331 137//255 160//295
f 160//296 137//256 178//332
f 179//333 141//263 138//257
f 138//258 141//264 179//334
f 179//333 138//257 139//259
f 139//260 138//258 179//334
f 180//335 139//259 140//261
f 140//262 139//260 180//336
f 181//337 140//261 161//297
f 161//298 140//262 181//338
f 182//339 162//299 141//263
f 141//264 162//300 182//340
f 142//265 143//267 183//341
f 183//342 143//268 142//266
f 142//265 184//341 144//269
f 144//270 184//342 142//266
f 162//299 185//343 143//267
f 143//268 185//344 162//300
f 145//271 144//269 186//345
f 186//346 144//270 145//272
f 145//271 187//347 163//301
f 163//302 187//348 145//272
f 146//273 163//301 188//349
f 188//350 163//302 146//274
f 188//349 147//275 146//273
f 146//274 147//276 188//350
f 189//351 164//303 147//275
f 147//276 164//304 189//352
f 164//303 165//305 124//229
f 124//230 165//306 164//304
f 165//305 166//307 125//231
f 125//232 166//308 165//306
f 166//307 167//309 126//233
f 126//234 167//310 166//308
f 167//309 168//311 127//235
f 127//236 168//312 167//310
f 168//311 169//313 128//237
f 128//238 169//314 168//312
f 169//313 190//353 148//277
f 148//278 190//354 169//314
f 191//355 151//283 149//279
f 149//280 151//284 191//356
f 192//357 149//279 150//281
f 150//282 149//280 192//358
f 170//315 129//239 171//317
f 171//318 129//240 170//316
f 148//277 190//353 171//317
f 171//318 190//354 148//278
f 193//359 150//281 170//315
f 170//316 150//282 193//360
f 172//319 151//283 194//361
f 194//362 151//284 172//320
f 173//321 161//297 132//245
f 132//246 161//298 173//322
f 173//321 133//247 174//323
f 174//324 133//248 173//322
f 174//323 152//285 175//325
f 175//326 152//286 174//324
f 153//287 136//253 177//329
f 177//330 136//254 153//288
f 175//325 134//249 176//327
f 176//328 134//250 175//326
f 176//327 153//287 195//363
f 195//364 153//288 176//328
f 155//89 154//53 196//365
f 196//366 154//54 155//90
f 197//367 154//53 158//291
f 158//292 154//54 197//368
f 156//69 155//89 198//369
f 198//370 155//90 156//70
f 157//289 156//69 199//371
f 199//372 156//70 157//290
f 177//329 157//289 200//373
f 200//374 157//290 177//330
f 201//375 158//291 178//331
f 178//332 158//292 201//376
f 202//377 159//293 172//319
f 172//320 159//294 202//378
f 160//295 159//293 202//377
f 202//378 159//294 160//296
f 178//331 160//295 203//379
f 203//380 160//296 178//332
f 182//339 141//263 179//333
f 179//334 141//264 182//340
f 180//335 179//333 139//259
f 139//260 179//334 180//336
f 181//337 180//335 140//261
f 140//262 180//336 181//338
f 204//381 181//337 161//297
f 161//298 181//338 204//382
f 205//383 162//299 182//339
f 182//340 162//300 205//384
f 185//343 183//341 143//267
f 143//268 183//342 185//344
f 142//265 183//341 184//341
f 184//342 183//342 142//266
f 144//269 184//341 186//345
f 186//346 184//342 144//270
f 162//299 205//383 185//343
f 185//344 205//384 162//300
f 145//271 186//345 187//347
f 187//348 186//346 145//272
f 163//301 187//347 206//385
f 206//386 187//348 163//302
f 188//349 163//301 206//385
f 206//386 163//302 188//350
f 188//349 189//351 147//275
f 147//276 189//352 188//350
f 189//351 207//387 164//303
f 164//304 207//388 189//352
f 164//303 208//389 165//305
f 165//306 208//390 164//304
f 165//305 209//391 166//307
f 166//308 209//392 165//306
f 166//307 210//393 167//309
f 167//310 210//394 166//308
f 167//309 211//395 168//311
f 168//312 211//396 167//310
f 168//311 212//397 169//313
f 169//314 212//398 168//312
f 169//313 213//399 190//353
f 190//354 213//400 169//314
f 194//361 151//283 191//355
f 191//356 151//284 194//362
f 191//355 149//279 192//357
f 192//358 149//280 191//356
f 192//357 150//281 193//359
f 193//360 150//282 192//358
f 214//401 170//315 171//317
f 171//318 170//316 214//402
f 171//317 190//353 215//403
f 215//404 190//354 171//318
f 193//359 170//315 214//401
f 214//402 170//316 193//360
f 216//405 172//319 194//361
f 194//362 172//320 216//406
f 204//381 161//297 173//321
f 173//322 161//298 204//382
f 217//407 173//321 174//323
f 174//324 173//322 217//408
f 218//409 174//323 175//325
f 175//326 174//324 218//410
f 195//363 153//287 177//329
f 177//330 153//288 195//364
f 219//411 175//325 176//327
f 176//328 175//326 219//412
f 219//411 176//327 195//363
f 195//364 176//328 219//412
f 196//365 154//53 197//367
f 197//368 154//54 196//366
f 198//369 155//89 196//365
f 196//366 155//90 198//370
f 197//367 158//291 201//375
f 201//376 158//292 197//368
f 199//371 156//69 198//369
f 198//370 156//70 199//372
f 200//373 157//289 199//371
f 199//372 157//290 200//374
f 220//413 177//329 200//373
f 200//374 177//330 220//414
f 221//415 201//375 178//331
f 178//332 201//376 221//416
f 202//377 172//319 216//405
f 216//406 172//320 202//378
f 203//379 160//295 202//377
f 202//378 160//296 203//380
f 221//415 178//331 203//379
f 203//380 178//332 221//416
f 222//417 182//339 179//333
f 179//334 182//340 222//418
f 222//417 179//333 180//335
f 180//336 179//334 222//418
f 181//337 223//419 180//335
f 180//336 223//420 181//338
f 224//421 181//337 204//381
f 204//382 181//338 224//422
f 225//423 205//383 182//339
f 182//340 205//384 225//424
f 185//343 226//341 183//341
f 183//342 226//342 185//344
f 184//341 183//341 227//425
f 227//426 183//342 184//342
f 184//341 228//427 186//345
f 186//346 228//428 184//342
f 205//383 229//429 185//343
f 185//344 229//430 205//384
f 187//347 186//345 230//431
f 230//432 186//346 187//348
f 187//347 231//433 206//385
f 206//386 231//434 187//348
f 188//349 206//385 232//435
f 232//436 206//386 188//350
f 232//435 189//351 188//349
f 188//350 189//352 232//436
f 233//437 207//387 189//351
f 189//352 207//388 233//438
f 207//387 208//389 164//303
f 164//304 208//390 207//388
f 208//389 209//391 165//305
f 165//306 209//392 208//390
f 209//391 210//393 166//307
f 166//308 210//394 209//392
f 210//393 211//395 167//309
f 167//310 211//396 210//394
f 211//395 212//397 168//311
f 168//312 212//398 211//396
f 212//397 213//399 169//313
f 169//314 213//400 212//398
f 213//399 234//439 190//353
f 190//354 234//440 213//400
f 194//361 191//355 235//441
f 235//442 191//356 194//362
f 235//441 191//355 192//357
f 192//358 191//356 235//442
f 236//443 192//357 193//359
f 193//360 192//358 236//444
f 171//317 215//403 214//401
f 214//402 215//404 171//318
f 190//353 234//439 215//403
f 215//404 234//440 190//354
f 237//445 193//359 214//401
f 214//402 193//360 237//446
f 216//405 194//361 238//447
f 238//448 194//362 216//406
f 204//381 173//321 217//407
f 217//408 173//322 204//382
f 217//407 174//323 218//409
f 218//410 174//324 217//408
f 218//409 175//325 219//411
f 219//412 175//326 218//410
f 195//363 177//329 220//413
f 220//414 177//330 195//364
f 219//411 195//363 239//449
f 239//450 195//364 219//412
f 196//365 197//367 240//451
f 240//452 197//368 196//366
f 198//369 196//365 241//453
f 241//454 196//366 198//370
f 242//455 197//367 201//375
f 201//376 197//368 242//456
f 199//371 198//369 243//457
f 243//458 198//370 199//372
f 200//373 199//371 244//459
f 244//460 199//372 200//374
f 220//413 200//373 245//461
f 245//462 200//374 220//414
f 246//463 201//375 221//415
f 221//416 201//376 246//464
f 247//465 202//377 216//405
f 216//406 202//378 247//466
f 203//379 202//377 247//465
f 247//466 202//378 203//380
f 221//415 203//379 248//467
f 248//468 203//380 221//416
f 225//423 182//339 222//417
f 222//418 182//340 225//424
f 223//419 222//417 180//335
f 180//336 222//418 223//420
f 249//469 223//419 181//337
f 181//338 223//420 249//470
f 224//421 250//471 181//337
f 181//338 250//472 224//422
f 224//421 204//381 251//473
f 251//474 204//382 224//422
f 252//475 205//383 225//423
f 225//424 205//384 252//476
f 229//429 226//341 185//343
f 185//344 226//342 229//430
f 226//341 253//477 183//341
f 183//342 253//478 226//342
f 183//341 254//479 227//425
f 227//426 254//480 183//342
f 184//341 227//425 228//427
f 228//428 227//426 184//342
f 186//345 228//427 230//431
f 230//432 228//428 186//346
f 252//475 229//429 205//383
f 205//384 229//430 252//476
f 187//347 230//431 231//433
f 231//434 230//432 187//348
f 206//385 231//433 232//435
f 232//436 231//434 206//386
f 232//435 233//437 189//351
f 189//352 233//438 232//436
f 233//437 255//481 207//387
f 207//388 255//482 233//438
f 207//387 256//483 208//389
f 208//390 256//484 207//388
f 208//389 257//485 209//391
f 209//392 257//486 208//390
f 209//391 258//487 210//393
f 210//394 258//488 209//392
f 258//487 211//395 210//393
f 210//394 211//396 258//488
f 259//489 212//397 211//395
f 211//396 212//398 259//490
f 260//491 213//399 212//397
f 212//398 213//400 260//492
f 261//493 234//439 213//399
f 213//400 234//440 261//494
f 238//447 194//361 235//441
f 235//442 194//362 238//448
f 235//441 192//357 262//495
f 262//496 192//358 235//442
f 262//495 192//357 236//443
f 236//444 192//358 262//496
f 236//443 193//359 237//445
f 237//446 193//360 236//444
f 214//401 215//403 263//497
f 263//498 215//404 214//402
f 215//403 234//439 264//499
f 264//500 234//440 215//404
f 214//401 263//497 237//445
f 237//446 263//498 214//402
f 216//405 238//447 265//501
f 265//502 238//448 216//406
f 251//473 204//381 217//407
f 217//408 204//382 251//474
f 251//473 217//407 218//409
f 218//410 217//408 251//474
f 266//503 218//409 219//411
f 219//412 218//410 266//504
f 239//449 195//363 220//413
f 220//414 195//364 239//450
f 267//505 219//411 239//449
f 239//450 219//412 267//506
f 240//451 197//367 242//455
f 242//456 197//368 240//452
f 241//453 196//365 240//451
f 240//452 196//366 241//454
f 243//457 198//369 241//453
f 241//454 198//370 243//458
f 246//463 242//455 201//375
f 201//376 242//456 246//464
f 244//459 199//371 243//457
f 243//458 199//372 244//460
f 245//461 200//373 244//459
f 244//460 200//374 245//462
f 268//507 220//413 245//461
f 245//462 220//414 268//508
f 269//509 246//463 221//415
f 221//416 246//464 269//510
f 247//465 216//405 265//501
f 265//502 216//406 247//466
f 248//467 203//379 247//465
f 247//466 203//380 248//468
f 269//509 221//415 248//467
f 248//468 221//416 269//510
f 270//511 225//423 222//417
f 222//418 225//424 270//512
f 270//511 222//417 223//419
f 223//420 222//418 270//512
f 271//513 223//419 249//469
f 249//470 223//420 271//514
f 250//471 249//469 181//337
f 181//338 249//470 250//472
f 272//515 250//471 224//421
f 224//422 250//472 272//516
f 273//517 224//421 251//473
f 251//474 224//422 273//518
f 274//519 252//475 225//423
f 225//424 252//476 274//520
f 229//429 275//341 226//341
f 226//342 275//342 229//430
f 226//341 276//521 253//477
f 253//478 276//522 226//342
f 183//341 253//477 254//479
f 254//480 253//478 183//342
f 227//425 254//479 277//523
f 277//524 254//480 227//426
f 227//425 278//525 228//427
f 228//428 278//526 227//426
f 228//427 279//527 230//431
f 230//432 279//528 228//428
f 252//475 280//529 229//429
f 229//430 280//530 252//476
f 230//431 281//531 231//433
f 231//434 281//532 230//432
f 232//435 231//433 282//533
f 282//534 231//434 232//436
f 232//435 282//533 233//437
f 233//438 282//534 232//436
f 283//535 255//481 233//437
f 233//438 255//482 283//536
f 255//481 256//483 207//387
f 207//388 256//484 255//482
f 256//483 257//485 208//389
f 208//390 257//486 256//484
f 257//485 258//487 209//391
f 209//392 258//488 257//486
f 258//487 259//489 211//395
f 211//396 259//490 258//488
f 259//489 260//491 212//397
f 212//398 260//492 259//490
f 260//491 261//493 213//399
f 213//400 261//494 260//492
f 261//493 284//537 234//439
f 234//440 284//538 261//494
f 238//447 235//441 262//495
f 262//496 235//442 238//448
f 285//539 262//495 236//443
f 236//444 262//496 285//540
f 286//541 236//443 237//445
f 237//446 236//444 286//542
f 263//497 215//403 264//499
f 264//500 215//404 263//498
f 234//439 284//537 264//499
f 264//500 284//538 234//440
f 237//445 263//497 287//543
f 287//544 263//498 237//446
f 265//501 238//447 288//545
f 288//546 238//448 265//502
f 251//473 218//409 266//503
f 266//504 218//410 251//474
f 266//503 219//411 267//505
f 267//506 219//412 266//504
f 239//449 220//413 268//507
f 268//508 220//414 239//450
f 267//505 239//449 289//547
f 289//548 239//450 267//506
f 240//451 242//455 290//549
f 290//550 242//456 240//452
f 291//551 241//453 240//451
f 240//452 241//454 291//552
f 243//457 241//453 291//551
f 291//552 241//454 243//458
f 290//549 242//455 246//463
f 246//464 242//456 290//550
f 244//459 243//457 292//553
f 292//554 243//458 244//460
f 245//461 244//459 293//555
f 293//556 244//460 245//462
f 268//507 245//461 294//557
f 294//558 245//462 268//508
f 295//559 246//463 269//509
f 269//510 246//464 295//560
f 247//465 265//501 296//561
f 296//562 265//502 247//466
f 248//467 247//465 297//563
f 297//564 247//466 248//468
f 298//565 269//509 248//467
f 248//468 269//510 298//566
f 274//519 225//423 270//511
f 270//512 225//424 274//520
f 271//513 270//511 223//419
f 223//420 270//512 271//514
f 299//567 271//513 249//469
f 249//470 271//514 299//568
f 299//567 249//469 250//471
f 250//472 249//470 299//568
f 272//515 299//567 250//471
f 250//472 299//568 272//516
f 272//515 224//421 273//517
f 273//518 224//422 272//516
f 273//517 251//473 266//503
f 266//504 251//474 273//518
f 300//569 252//475 274//519
f 274//520 252//476 300//570
f 280//529 275//341 229//429
f 229//430 275//342 280//530
f 275//341 276//521 226//341
f 226//342 276//522 275//342
f 276//521 301//571 253//477
f 253//478 301//572 276//522
f 253//477 302//573 254//479
f 254//480 302//574 253//478
f 254//479 303//575 277//523
f 277//524 303//576 254//480
f 227//425 277//523 278//525
f 278//526 277//524 227//426
f 228//427 278//525 279//527
f 279//528 278//526 228//428
f 230//431 279//527 281//531
f 281//532 279//528 230//432
f 300//569 280//529 252//475
f 252//476 280//530 300//570
f 231//433 281//531 282//533
f 282//534 281//532 231//434
f 282//533 283//535 233//437
f 233//438 283//536 282//534
f 283//535 304//577 255//481
f 255//482 304//578 283//536
f 255//481 305//579 256//483
f 256//484 305//580 255//482
f 256//483 306//581 257//485
f 257//486 306//582 256//484
f 257//485 307//583 258//487
f 258//488 307//584 257//486
f 307//583 259//489 258//487
f 258//488 259//490 307//584
f 308//585 260//491 259//489
f 259//490 260//492 308//586
f 309//587 261//493 260//491
f 260//492 261//494 309//588
f 310//589 284//537 261//493
f 261//494 284//538 310//590
f 238//447 262//495 288//545
f 288//546 262//496 238//448
f 288//545 262//495 285//539
f 285//540 262//496 288//546
f 285//539 236//443 286//541
f 286//542 236//444 285//540
f 286//541 237//445 287//543
f 287//544 237//446 286//542
f 263//497 264//499 311//591
f 311//592 264//500 263//498
f 264//499 284//537 312//593
f 312//594 284//538 264//500
f 263//497 311//591 287//543
f 287//544 311//592 263//498
f 265//501 288//545 313//595
f 313//596 288//546 265//502
f 314//597 266//503 267//505
f 267//506 266//504 314//598
f 289//547 239//449 268//507
f 268//508 239//450 289//548
f 315//599 267//505 289//547
f 289//548 267//506 315//600
f 291//551 240//451 290//549
f 290//550 240//452 291//552
f 292//553 243//457 291//551
f 291//552 243//458 292//554
f 295//559 290//549 246//463
f 246//464 290//550 295//560
f 293//555 244//459 292//553
f 292//554 244//460 293//556
f 294//557 245//461 293//555
f 293//556 245//462 294//558
f 268//507 294//557 316//601
f 316//602 294//558 268//508
f 317//603 295//559 269//509
f 269//510 295//560 317//604
f 296//561 265//501 313//595
f 313//596 265//502 296//562
f 297//563 247//465 296//561
f 296//562 247//466 297//564
f 298//565 248//467 297//563
f 297//564 248//468 298//566
f 317//603 269//509 298//565
f 298//566 269//510 317//604
f 271//513 274//519 270//511
f 270//512 274//520 271//514
f 299//567 318//605 271//513
f 271//514 318//606 299//568
f 319//607 299//567 272//515
f 272//516 299//568 319//608
f 320//609 272//515 273//517
f 273//518 272//516 320//610
f 273//517 266//503 314//597
f 314//598 266//504 273//518
f 318//605 300//569 274//519
f 274//520 300//570 318//606
f 280//529 321//611 275//341
f 275//342 321//612 280//530
f 275//341 322//613 276//521
f 276//522 322//614 275//342
f 276//521 323//615 301//571
f 301//572 323//616 276//522
f 253//477 301//571 302//573
f 302//574 301//572 253//478
f 254//479 302//573 303//575
f 303//576 302//574 254//480
f 277//523 303//575 324//617
f 324//618 303//576 277//524
f 277//523 325//619 278//525
f 278//526 325//620 277//524
f 278//525 326//621 279//527
f 279//528 326//622 278//526
f 279//527 327//623 281//531
f 281//532 327//624 279//528
f 300//569 328//625 280//529
f 280//530 328//626 300//570
f 282//533 281//531 329//627
f 329//628 281//532 282//534
f 282//533 330//629 283//535
f 283//536 330//630 282//534
f 283//535 330//629 304//577
f 304//578 330//630 283//536
f 304//577 331//631 255//481
f 255//482 331//632 304//578
f 255//481 332//633 305//579
f 305//580 332//634 255//482
f 305//579 306//581 256//483
f 256//484 306//582 305//580
f 306//581 307//583 257//485
f 257//486 307//584 306//582
f 307//583 308//585 259//489
f 259//490 308//586 307//584
f 308//585 309//587 260//491
f 260//492 309//588 308//586
f 309//587 310//589 261//493
f 261//494 310//590 309//588
f 310//589 333//635 284//537
f 284//538 333//636 310//590
f 334//637 288//545 285//539
f 285//540 288//546 334//638
f 335//639 285//539 286//541
f 286//542 285//540 335//640
f 286//541 287//543 336//641
f 336//642 287//544 286//542
f 264//499 312//593 311//591
f 311//592 312//594 264//500
f 312//593 284//537 333//635
f 333//636 284//538 312//594
f 287//543 311//591 337//643
f 337//644 311//592 287//544
f 313//595 288//545 334//637
f 334//638 288//546 313//596
f 314//597 267//505 315//599
f 315//600 267//506 314//598
f 289//547 268//507 338//645
f 338//646 268//508 289//548
f 315//599 289//547 339//647
f 339//648 289//548 315//600
f 340//649 291//551 290//549
f 290//550 291//552 340//650
f 292//553 291//551 340//649
f 340//650 291//552 292//554
f 340//649 290//549 295//559
f 295//560 290//550 340//650
f 293//555 292//553 341//651
f 341//652 292//554 293//556
f 294//557 293//555 342//653
f 342//654 293//556 294//558
f 316//601 294//557 343//655
f 343//656 294//558 316//602
f 338//645 268//507 316//601
f 316//602 268//508 338//646
f 344//657 295//559 317//603
f 317//604 295//560 344//658
f 296//561 313//595 345//659
f 345//660 313//596 296//562
f 297//563 296//561 346//661
f 346//662 296//562 297//564
f 347//663 298//565 297//563
f 297//564 298//566 347//664
f 348//665 317//603 298//565
f 298//566 317//604 348//666
f 318//605 274//519 271//513
f 271//514 274//520 318//606
f 349//667 318//605 299//567
f 299//568 318//606 349//668
f 319//607 349//667 299//567
f 299//568 349//668 319//608
f 319//607 272//515 320//609
f 320//610 272//516 319//608
f 320//609 273//517 350//669
f 350//670 273//518 320//610
f 350//669 273//517 314//597
f 314//598 273//518 350//670
f 351//671 300//569 318//605
f 318//606 300//570 351//672
f 280//529 328//625 321//611
f 321//612 328//626 280//530
f 321//611 322//613 275//341
f 275//342 322//614 321//612
f 322//613 323//615 276//521
f 276//522 323//616 322//614
f 323//615 352//673 301//571
f 301//572 352//674 323//616
f 302//573 301//571 353//675
f 353//676 301//572 302//574
f 302//573 354//677 303//575
f 303//576 354//678 302//574
f 303//575 355//679 324//617
f 324//618 355//680 303//576
f 277//523 324//617 325//619
f 325//620 324//618 277//524
f 278//525 325//619 326//621
f 326//622 325//620 278//526
f 279//527 326//621 327//623
f 327//624 326//622 279//528
f 281//531 327//623 356//681
f 356//682 327//624 281//532
f 300//569 351//671 328//625
f 328//626 351//672 300//570
f 281//531 356//681 329//627
f 329//628 356//682 281//532
f 329//627 357//683 282//533
f 282//534 357//684 329//628
f 282//533 357//683 330//629
f 330//630 357//684 282//534
f 330//629 358//685 304//577
f 304//578 358//686 330//630
f 359//687 331//631 304//577
f 304//578 331//632 359//688
f 331//631 332//633 255//481
f 255//482 332//634 331//632
f 332//633 360//689 305//579
f 305//580 360//690 332//634
f 361//691 306//581 305//579
f 305//580 306//582 361//692
f 362//693 307//583 306//581
f 306//582 307//584 362//694
f 363//695 308//585 307//583
f 307//584 308//586 363//696
f 364//697 309//587 308//585
f 308//586 309//588 364//698
f 365//699 310//589 309//587
f 309//588 310//590 365//700
f 366//701 333//635 310//589
f 310//590 333//636 366//702
f 334//637 285//539 335//639
f 335//640 285//540 334//638
f 286//541 336//641 335//639
f 335//640 336//642 286//542
f 287//543 337//643 336//641
f 336//642 337//644 287//544
f 311//591 312//593 367//703
f 367//704 312//594 311//592
f 312//593 333//635 368//705
f 368//706 333//636 312//594
f 337//643 311//591 367//703
f 367//704 311//592 337//644
f 369//707 313//595 334//637
f 334//638 313//596 369//708
f 314//597 315//599 370//709
f 370//710 315//600 314//598
f 339//647 289//547 338//645
f 338//646 289//548 339//648
f 315//599 339//647 371//711
f 371//712 339//648 315//600
f 341//651 292//553 340//649
f 340//650 292//554 341//652
f 344//657 340//649 295//559
f 295//560 340//650 344//658
f 342//653 293//555 341//651
f 341//652 293//556 342//654
f 294//557 342//653 343//655
f 343//656 342//654 294//558
f 316//601 343//655 372//713
f 372//714 343//656 316//602
f 338//645 316//601 373//715
f 373//716 316//602 338//646
f 374//717 344//657 317//603
f 317//604 344//658 374//718
f 345//659 313//595 369//707
f 369//708 313//596 345//660
f 346//661 296//561 345//659
f 345//660 296//562 346//662
f 347//663 297//563 346//661
f 346//662 297//564 347//664
f 348//665 298//565 347//663
f 347//664 298//566 348//666
f 374//717 317//603 348//665
f 348//666 317//604 374//718
f 349//667 351//671 318//605
f 318//606 351//672 349//668
f 375//719 349//667 319//607
f 319//608 349//668 375//720
f 376//721 319//607 320//609
f 320//610 319//608 376//722
f 320//609 350//669 377//723
f 377//724 350//670 320//610
f 350//669 314//597 370//709
f 370//710 314//598 350//670
f 328//625 378//725 321//611
f 321//612 378//726 328//626
f 321//611 379//727 322//613
f 322//614 379//728 321//612
f 322//613 380//729 323//615
f 323//616 380//730 322//614
f 323//615 381//731 352//673
f 352//674 381//732 323//616
f 301//571 352//673 353//675
f 353//676 352//674 301//572
f 302//573 353//675 354//677
f 354//678 353//676 302//574
f 303//575 354//677 355//679
f 355//680 354//678 303//576
f 324//617 355//679 382//733
f 382//734 355//680 324//618
f 324//617 383//735 325//619
f 325//620 383//736 324//618
f 325//619 384//737 326//621
f 326//622 384//738 325//620
f 326//621 385//739 327//623
f 327//624 385//740 326//622
f 327//623 386//741 356//681
f 356//682 386//742 327//624
f 351//671 387//743 328//625
f 328//626 387//744 351//672
f 356//681 388//745 329//627
f 329//628 388//746 356//682
f 329//627 389//747 357//683
f 357//684 389//748 329//628
f 357//683 390//749 330//629
f 330//630 390//750 357//684
f 390//749 358//685 330//629
f 330//630 358//686 390//750
f 358//685 359//687 304//577
f 304//578 359//688 358//686
f 359//687 391//751 331//631
f 331//632 391//752 359//688
f 331//631 391//751 332//633
f 332//634 391//752 331//632
f 391//751 360//689 332//633
f 332//634 360//690 391//752
f 360//689 361//691 305//579
f 305//580 361//692 360//690
f 361//691 362//693 306//581
f 306//582 362//694 361//692
f 362//693 363//695 307//583
f 307//584 363//696 362//694
f 363//695 364//697 308//585
f 308//586 364//698 363//696
f 364//697 365//699 309//587
f 309//588 365//700 364//698
f 365//699 366//701 310//589
f 310//590 366//702 365//700
f 366//701 392//753 333//635
f 333//636 392//754 366//702
f 393//755 334//637 335//639
f 335//640 334//638 393//756
f 335//639 336//641 394//757
f 394//758 336//642 335//640
f 336//641 337//643 395//759
f 395//760 337//644 336//642
f 312//593 368//705 367//703
f 367//704 368//706 312//594
f 333//635 392//753 368//705
f 368//706 392//754 333//636
f 337//643 367//703 396//761
f 396//762 367//704 337//644
f 369//707 334//637 393//755
f 393//756 334//638 369//708
f 370//709 315//599 371//711
f 371//712 315//600 370//710
f 339//647 338//645 397//763
f 397//764 338//646 339//648
f 371//711 339//647 398//765
f 398//766 339//648 371//712
f 399//767 341//651 340//649
f 340//650 341//652 399//768
f 399//767 340//649 344//657
f 344//658 340//650 399//768
f 342//653 341//651 400//769
f 400//770 341//652 342//654
f 343//655 342//653 401//771
f 401//772 342//654 343//656
f 372//713 343//655 402//773
f 402//774 343//656 372//714
f 373//715 316//601 372//713
f 372//714 316//602 373//716
f 397//763 338//645 373//715
f 373//716 338//646 397//764
f 403//775 344//657 374//717
f 374//718 344//658 403//776
f 346//661 345//659 369//707
f 369//708 345//660 346//662
f 347//663 346//661 404//777
f 404//778 346//662 347//664
f 348//665 347//663 405//779
f 405//780 347//664 348//666
f 406//781 374//717 348//665
f 348//666 374//718 406//782
f 407//783 351//671 349//667
f 349//668 351//672 407//784
f 375//719 407//783 349//667
f 349//668 407//784 375//720
f 375//719 319//607 376//721
f 376//722 319//608 375//720
f 376//721 320//609 377//723
f 377//724 320//610 376//722
f 377//723 350//669 408//785
f 408//786 350//670 377//724
f 350//669 370//709 408//785
f 408//786 370//710 350//670
f 387//743 378//725 328//625
f 328//626 378//726 387//744
f 378//725 379//727 321//611
f 321//612 379//728 378//726
f 379//727 380//729 322//613
f 322//614 380//730 379//728
f 380//729 381//731 323//615
f 323//616 381//732 380//730
f 381//731 409//787 352//673
f 352//674 409//788 381//732
f 352//673 410//789 353//675
f 353//676 410//790 352//674
f 353//675 411//791 354//677
f 354//678 411//792 353//676
f 354//677 412//793 355//679
f 355//680 412//794 354//678
f 355//679 413//795 382//733
f 382//734 413//796 355//680
f 324//617 382//733 383//735
f 383//736 382//734 324//618
f 325//619 383//735 384//737
f 384//738 383//736 325//620
f 326//621 384//737 385//739
f 385//740 384//738 326//622
f 327//623 385//739 386//741
f 386//742 385//740 327//624
f 356//681 386//741 414//797
f 414//798 386//742 356//682
f 387//743 351//671 407//783
f 407//784 351//672 387//744
f 356//681 414//797 388//745
f 388//746 414//798 356//682
f 329//627 388//745 389//747
f 389//748 388//746 329//628
f 389//747 388//745 357//683
f 357//684 388//746 389//748
f 388//745 390//749 357//683
f 357//684 390//750 388//746
f 390//749 415//799 358//685
f 358//686 415//800 390//750
f 358//685 416//801 359//687
f 359//688 416//802 358//686
f 359//687 417//803 391//751
f 391//752 417//804 359//688
f 391//751 418//805 360//689
f 360//690 418//806 391//752
f 360//689 419//807 361//691
f 361//692 419//808 360//690
f 361//691 420//809 362//693
f 362//694 420//810 361//692
f 362//693 421//811 363//695
f 363//696 421//812 362//694
f 422//813 364//697 363//695
f 363//696 364//698 422//814
f 423//815 365//699 364//697
f 364//698 365//700 423//816
f 424//817 366//701 365//699
f 365//700 366//702 424//818
f 425//819 392//753 366//701
f 366//702 392//754 425//820
f 335//639 394//757 393//755
f 393//756 394//758 335//640
f 394//757 336//641 395//759
f 395//760 336//642 394//758
f 337//643 396//761 395//759
f 395//760 396//762 337//644
f 367//703 368//705 426//821
f 426//822 368//706 367//704
f 368//705 392//753 427//823
f 427//824 392//754 368//706
f 367//703 426//821 396//761
f 396//762 426//822 367//704
f 404//777 369//707 393//755
f 393//756 369//708 404//778
f 370//709 371//711 428//825
f 428//826 371//712 370//710
f 339//647 397//763 398//765
f 398//766 397//764 339//648
f 371//711 398//765 429//827
f 429//828 398//766 371//712
f 400//769 341//651 399//767
f 399//768 341//652 400//770
f 403//775 399//767 344//657
f 344//658 399//768 403//776
f 401//771 342//653 400//769
f 400//770 342//654 401//772
f 343//655 401//771 402//773
f 402//774 401//772 343//656
f 372//713 402//773 430//829
f 430//830 402//774 372//714
f 373//715 372//713 431//831
f 431//832 372//714 373//716
f 397//763 373//715 432//833
f 432//834 373//716 397//764
f 403//775 374//717 406//781
f 406//782 374//718 403//776
f 404//777 346//661 369//707
f 369//708 346//662 404//778
f 347//663 404//777 433//835
f 433//836 404//778 347//664
f 405//779 347//663 433//835
f 433//836 347//664 405//780
f 406//781 348//665 405//779
f 405//780 348//666 406//782
f 407//783 375//719 434//837
f 434//838 375//720 407//784
f 375//719 376//721 435//839
f 435//840 376//722 375//720
f 376//721 377//723 436//841
f 436//842 377//724 376//722
f 377//723 408//785 437//843
f 437//844 408//786 377//724
f 408//785 370//709 428//825
f 428//826 370//710 408//786
f 387//743 438//845 378//725
f 378//726 438//846 387//744
f 378//725 439//847 379//727
f 379//728 439//848 378//726
f 379//727 440//849 380//729
f 380//730 440//850 379//728
f 380//729 441//851 381//731
f 381//732 441//852 380//730
f 381//731 442//853 409//787
f 409//788 442//854 381//732
f 352//673 409//787 410//789
f 410//790 409//788 352//674
f 353//675 410//789 411//791
f 411//792 410//790 353//676
f 354//677 411//791 412//793
f 412//794 411//792 354//678
f 355//679 412//793 413//795
f 413//796 412//794 355//680
f 413//795 443//855 382//733
f 382//734 443//856 413//796
f 382//733 444//857 383//735
f 383//736 444//858 382//734
f 383//735 445//859 384//737
f 384//738 445//860 383//736
f 385//739 384//737 446//861
f 446//862 384//738 385//740
f 385//739 447//863 386//741
f 386//742 447//864 385//740
f 386//741 448//865 414//797
f 414//798 448//866 386//742
f 387//743 407//783 449//867
f 449//868 407//784 387//744
f 388//745 414//797 390//749
f 390//750 414//798 388//746
f 414//797 415//799 390//749
f 390//750 415//800 414//798
f 415//799 416//801 358//685
f 358//686 416//802 415//800
f 416//801 417//803 359//687
f 359//688 417//804 416//802
f 417//803 418//805 391//751
f 391//752 418//806 417//804
f 418//805 419//807 360//689
f 360//690 419//808 418//806
f 419//807 420//809 361//691
f 361//692 420//810 419//808
f 420//809 421//811 362//693
f 362//694 421//812 420//810
f 421//811 422//813 363//695
f 363//696 422//814 421//812
f 422//813 423//815 364//697
f 364//698 423//816 422//814
f 423//815 424//817 365//699
f 365//700 424//818 423//816
f 424//817 425//819 366//701
f 366//702 425//820 424//818
f 425//819 450//869 392//753
f 392//754 450//870 425//820
f 451//871 393//755 394//757
f 394//758 393//756 451//872
f 394//757 395//759 452//873
f 452//874 395//760 394//758
f 395//759 396//761 453//875
f 453//876 396//762 395//760
f 426//821 368//705 427//823
f 427//824 368//706 426//822
f 427//823 392//753 450//869
f 450//870 392//754 427//824
f 396//761 426//821 454//877
f 454//878 426//822 396//762
f 451//871 404//777 393//755
f 393//756 404//778 451//872
f 428//825 371//711 429//827
f 429//828 371//712 428//826
f 398//765 397//763 432//833
f 432//834 397//764 398//766
f 429//827 398//765 455//879
f 455//880 398//766 429//828
f 456//881 400//769 399//767
f 399//768 400//770 456//882
f 456//881 399//767 403//775
f 403//776 399//768 456//882
f 401//771 400//769 456//881
f 456//882 400//770 401//772
f 402//773 401//771 456//881
f 456//882 401//772 402//774
f 430//829 402//773 457//883
f 457//884 402//774 430//830
f 431//831 372//713 430//829
f 430//830 372//714 431//832
f 432//833 373//715 431//831
f 431//832 373//716 432//834
f 458//885 403//775 406//781
f 406//782 403//776 458//886
f 433//835 404//777 451//871
f 451//872 404//778 433//836
f 405//779 433//835 459//887
f 459//888 433//836 405//780
f 460//889 406//781 405//779
f 405//780 406//782 460//890
f 434//837 375//719 435//839
f 435//840 375//720 434//838
f 449//867 407//783 434//837
f 434//838 407//784 449//868
f 435//839 376//721 436//841
f 436//842 376//722 435//840
f 436//841 377//723 437//843
f 437//844 377//724 436//842
f 437//843 408//785 461//891
f 461//892 408//786 437//844
f 408//785 428//825 461//891
f 461//892 428//826 408//786
f 438//845 387//743 449//867
f 449//868 387//744 438//846
f 378//725 438//845 439//847
f 439//848 438//846 378//726
f 439//847 440//849 379//727
f 379//728 440//850 439//848
f 440//849 441//851 380//729
f 380//730 441//852 440//850
f 441//851 442//853 381//731
f 381//732 442//854 441//852
f 442//853 462//893 409//787
f 409//788 462//894 442//854
f 409//787 463//895 410//789
f 410//790 463//896 409//788
f 410//789 464//897 411//791
f 411//792 464//898 410//790
f 411//791 465//899 412//793
f 412//794 465//900 411//792
f 412//793 466//901 413//795
f 413//796 466//902 412//794
f 413//795 467//903 443//855
f 443//856 467//904 413//796
f 443//855 444//857 382//733
f 382//734 444//858 443//856
f 444//857 445//859 383//735
f 383//736 445//860 444//858
f 384//737 445//859 446//861
f 446//862 445//860 384//738
f 446//861 447//863 385//739
f 385//740 447//864 446//862
f 447//863 448//865 386//741
f 386//742 448//866 447//864
f 448//865 415//799 414//797
f 414//798 415//800 448//866
f 468//905 416//801 415//799
f 415//800 416//802 468//906
f 469//907 417//803 416//801
f 416//802 417//804 469//908
f 470//909 418//805 417//803
f 417//804 418//806 470//910
f 471//911 419//807 418//805
f 418//806 419//808 471//912
f 472//913 420//809 419//807
f 419//808 420//810 472//914
f 421//811 420//809 473//915
f 473//916 420//810 421//812
f 422//813 421//811 474//917
f 474//918 421//812 422//814
f 423//815 422//813 475//919
f 475//920 422//814 423//816
f 424//817 423//815 476//921
f 476//922 423//816 424//818
f 425//819 424//817 477//923
f 477//924 424//818 425//820
f 450//869 425//819 478//925
f 478//926 425//820 450//870
f 451//871 394//757 452//873
f 452//874 394//758 451//872
f 452//873 395//759 479//927
f 479//928 395//760 452//874
f 396//761 454//877 453//875
f 453//876 454//878 396//762
f 395//759 453//875 480//929
f 480//930 453//876 395//760
f 426//821 427//823 481//931
f 481//932 427//824 426//822
f 427//823 450//869 482//933
f 482//934 450//870 427//824
f 426//821 481//931 454//877
f 454//878 481//932 426//822
f 428//825 429//827 483//935
f 483//936 429//828 428//826
f 398//765 432//833 455//879
f 455//880 432//834 398//766
f 429//827 455//879 484//937
f 484//938 455//880 429//828
f 456//881 403//775 458//885
f 458//886 403//776 456//882
f 402//773 456//881 457//883
f 457//884 456//882 402//774
f 430//829 457//883 485//939
f 485//940 457//884 430//830
f 431//831 430//829 486//941
f 486//942 430//830 431//832
f 432//833 431//831 487//943
f 487//944 431//832 432//834
f 458//885 406//781 460//889
f 460//890 406//782 458//886
f 433//835 451//871 488//945
f 488//946 451//872 433//836
f 459//887 433//835 488//945
f 488//946 433//836 459//888
f 460//889 405//779 459//887
f 459//888 405//780 460//890
f 434//837 435//839 489//947
f 489//948 435//840 434//838
f 449//867 434//837 490//949
f 490//950 434//838 449//868
f 435//839 436//841 491//951
f 491//952 436//842 435//840
f 436//841 437//843 492//953
f 492//954 437//844 436//842
f 437//843 461//891 493//955
f 493//956 461//892 437//844
f 461//891 428//825 483//935
f 483//936 428//826 461//892
f 438//845 449//867 494//957
f 494//958 449//868 438//846
f 439//847 438//845 495//959
f 495//960 438//846 439//848
f 440//849 439//847 496//961
f 496//962 439//848 440//850
f 440//849 497//963 441//851
f 441//852 497//964 440//850
f 441//851 498//965 442//853
f 442//854 498//966 441//852
f 499//967 462//893 442//853
f 442//854 462//894 499//968
f 462//893 463//895 409//787
f 409//788 463//896 462//894
f 410//789 463//895 464//897
f 464//898 463//896 410//790
f 464//897 465//899 411//791
f 411//792 465//900 464//898
f 465//899 466//901 412//793
f 412//794 466//902 465//900
f 466//901 467//903 413//795
f 413//796 467//904 466//902
f 467//903 500//969 443//855
f 443//856 500//970 467//904
f 443//855 501//971 444//857
f 444//858 501//972 443//856
f 444//857 502//973 445//859
f 445//860 502//974 444//858
f 445//859 503//975 446//861
f 446//862 503//976 445//860
f 446//861 504//977 447//863
f 447//864 504//978 446//862
f 447//863 505//979 448//865
f 448//866 505//980 447//864
f 448//865 468//905 415//799
f 415//800 468//906 448//866
f 468//905 469//907 416//801
f 416//802 469//908 468//906
f 470//909 417//803 469//907
f 469//908 417//804 470//910
f 471//911 418//805 470//909
f 470//910 418//806 471//912
f 472//913 419//807 471//911
f 471//912 419//808 472//914
f 473//915 420//809 472//913
f 472//914 420//810 473//916
f 474//917 421//811 473//915
f 473//916 421//812 474//918
f 475//919 422//813 474//917
f 474//918 422//814 475//920
f 476//921 423//815 475//919
f 475//920 423//816 476//922
f 477//923 424//817 476//921
f 476//922 424//818 477//924
f 478//925 425//819 477//923
f 477//924 425//820 478//926
f 506//981 450//869 478//925
f 478//926 450//870 506//982
f 451//871 452//873 488//945
f 488//946 452//874 451//872
f 395//759 480//929 479//927
f 479//928 480//930 395//760
f 452//873 479//927 507//983
f 507//984 479//928 452//874
f 453//875 454//877 508//985
f 508//986 454//878 453//876
f 480//929 453//875 509//987
f 509//988 453//876 480//930
f 427//823 482//933 481//931
f 481//932 482//934 427//824
f 482//933 450//869 506//981
f 506//982 450//870 482//934
f 454//877 481//931 510//989
f 510//990 481//932 454//878
f 483//935 429//827 484//937
f 484//938 429//828 483//936
f 455//879 432//833 487//943
f 487//944 432//834 455//880
f 455//879 511//991 484//937
f 484//938 511//992 455//880
f 457//883 456//881 458//885
f 458//886 456//882 457//884
f 485//939 457//883 512//993
f 512//994 457//884 485//940
f 486//941 430//829 485//939
f 485//940 430//830 486//942
f 487//943 431//831 486//941
f 486//942 431//832 487//944
f 512//993 458//885 460//889
f 460//890 458//886 512//994
f 459//887 488//945 513//995
f 513//996 488//946 459//888
f 460//889 459//887 514//997
f 514//998 459//888 460//890
f 489//947 435//839 491//951
f 491//952 435//840 489//948
f 490//949 434//837 489//947
f 489//948 434//838 490//950
f 494//957 449//867 490//949
f 490//950 449//868 494//958
f 491//951 436//841 492//953
f 492//954 436//842 491//952
f 492//953 437//843 493//955
f 493//956 437//844 492//954
f 493//955 461//891 515//999
f 515//1000 461//892 493//956
f 461//891 483//935 515//999
f 515//1000 483//936 461//892
f 438//845 494//957 495//959
f 495//960 494//958 438//846
f 439//847 495//959 496//961
f 496//962 495//960 439//848
f 440//849 496//961 497//963
f 497//964 496//962 440//850
f 441//851 497//963 498//965
f 498//966 497//964 441//852
f 498//965 499//967 442//853
f 442//854 499//968 498//966
f 499//967 516//1001 462//893
f 462//894 516//1002 499//968
f 462//893 517//1003 463//895
f 463//896 517//1004 462//894
f 463//895 518//1005 464//897
f 464//898 518//1006 463//896
f 464//897 519//1007 465//899
f 465//900 519//1008 464//898
f 465//899 520//1009 466//901
f 466//902 520//1010 465//900
f 466//901 521//1011 467//903
f 467//904 521//1012 466//902
f 467//903 522//1013 500//969
f 500//970 522//1014 467//904
f 500//969 501//971 443//855
f 443//856 501//972 500//970
f 501//971 502//973 444//857
f 444//858 502//974 501//972
f 502//973 503//975 445//859
f 445//860 503//976 502//974
f 503//975 504//977 446//861
f 446//862 504//978 503//976
f 504//977 505//979 447//863
f 447//864 505//980 504//978
f 505//979 468//905 448//865
f 448//866 468//906 505//980
f 523//1015 469//907 468//905
f 468//906 469//908 523//1016
f 524//1017 470//909 469//907
f 469//908 470//910 524//1018
f 525//1019 471//911 470//909
f 470//910 471//912 525//1020
f 526//1021 472//913 471//911
f 471//912 472//914 526//1022
f 527//1023 473//915 472//913
f 472//914 473//916 527//1024
f 528//1025 474//917 473//915
f 473//916 474//918 528//1026
f 475//919 474//917 529//1027
f 529//1028 474//918 475//920
f 476//921 475//919 530//1029
f 530//1030 475//920 476//922
f 477//923 476//921 531//1031
f 531//1032 476//922 477//924
f 478//925 477//923 532//1033
f 532//1034 477//924 478//926
f 506//981 478//925 533//1035
f 533//1036 478//926 506//982
f 488//945 452//873 507//983
f 507//984 452//874 488//946
f 479//927 480//929 534//1037
f 534//1038 480//930 479//928
f 507//983 479//927 535//1039
f 535//1040 479//928 507//984
f 454//877 510//989 508//985
f 508//986 510//990 454//878
f 453//875 508//985 509//987
f 509//988 508//986 453//876
f 480//929 509//987 536//1041
f 536//1042 509//988 480//930
f 481//931 482//933 537//1043
f 537//1044 482//934 481//932
f 538//1045 482//933 506//981
f 506//982 482//934 538//1046
f 481//931 537//1043 510//989
f 510//990 537//1044 481//932
f 483//935 484//937 539//1047
f 539//1048 484//938 483//936
f 455//879 487//943 511//991
f 511//992 487//944 455//880
f 484//937 511//991 540//1049
f 540//1050 511//992 484//938
f 457//883 458//885 512//993
f 512//994 458//886 457//884
f 512//993 541//1051 485//939
f 485//940 541//1052 512//994
f 485//939 542//1053 486//941
f 486//942 542//1054 485//940
f 486//941 543//1055 487//943
f 487//944 543//1056 486//942
f 460//889 514//997 512//993
f 512//994 514//998 460//890
f 488//945 507//983 513//995
f 513//996 507//984 488//946
f 459//887 513//995 514//997
f 514//998 513//996 459//888
f 544//1057 489//947 491//951
f 491//952 489//948 544//1058
f 490//949 489//947 544//1057
f 544//1058 489//948 490//950
f 494//957 490//949 545//1059
f 545//1060 490//950 494//958
f 546//1061 491//951 492//953
f 492//954 491//952 546//1062
f 547//1063 492//953 493//955
f 493//956 492//954 547//1064
f 548//1065 493//955 515//999
f 515//1000 493//956 548//1066
f 515//999 483//935 539//1047
f 539//1048 483//936 515//1000
f 495//959 494//957 545//1059
f 545//1060 494//958 495//960
f 496//961 495//959 545//1059
f 545//1060 495//960 496//962
f 497//963 496//961 549//1067
f 549//1068 496//962 497//964
f 497//963 550//1069 498//965
f 498//966 550//1070 497//964
f 551//1071 499//967 498//965
f 498//966 499//968 551//1072
f 552//1073 516//1001 499//967
f 499//968 516//1002 552//1074
f 516//1001 517//1003 462//893
f 462//894 517//1004 516//1002
f 517//1003 518//1005 463//895
f 463//896 518//1006 517//1004
f 518//1005 519//1007 464//897
f 464//898 519//1008 518//1006
f 519//1007 520//1009 465//899
f 465//900 520//1010 519//1008
f 520//1009 521//1011 466//901
f 466//902 521//1012 520//1010
f 521//1011 522//1013 467//903
f 467//904 522//1014 521//1012
f 522//1013 553//1075 500//969
f 500//970 553//1076 522//1014
f 500//969 554//1077 501//971
f 501//972 554//1078 500//970
f 501//971 555//1079 502//973
f 502//974 555//1080 501//972
f 502//973 556//1081 503//975
f 503//976 556//1082 502//974
f 503//975 557//1083 504//977
f 504//978 557//1084 503//976
f 558//1085 505//979 504//977
f 504//978 505//980 558//1086
f 505//979 523//1015 468//905
f 468//906 523//1016 505//980
f 523//1015 524//1017 469//907
f 469//908 524//1018 523//1016
f 525//1019 470//909 524//1017
f 524//1018 470//910 525//1020
f 526//1021 471//911 525//1019
f 525//1020 471//912 526//1022
f 527//1023 472//913 526//1021
f 526//1022 472//914 527//1024
f 528//1025 473//915 527//1023
f 527//1024 473//916 528//1026
f 529//1027 474//917 528//1025
f 528//1026 474//918 529//1028
f 530//1029 475//919 529//1027
f 529//1028 475//920 530//1030
f 531//1031 476//921 530//1029
f 530//1030 476//922 531//1032
f 532//1033 477//923 531//1031
f 531//1032 477//924 532//1034
f 533//1035 478//925 532//1033
f 532//1034 478//926 533//1036
f 559//1087 506//981 533//1035
f 533//1036 506//982 559//1088
f 480//929 536//1041 534//1037
f 534//1038 536//1042 480//930
f 535//1039 479//927 534//1037
f 534//1038 479//928 535//1040
f 508//985 510//989 560//1089
f 560//1090 510//990 508//986
f 509//987 508//985 560//1089
f 560//1090 508//986 509//988
f 509//987 561//1091 536//1041
f 536//1042 561//1092 509//988
f 537//1043 482//933 538//1045
f 538//1046 482//934 537//1044
f 538//1045 506//981 559//1087
f 559//1088 506//982 538//1046
f 510//989 537//1043 562//1093
f 562//1094 537//1044 510//990
f 539//1047 484//937 540//1049
f 540//1050 484//938 539//1048
f 487//943 543//1055 511//991
f 511//992 543//1056 487//944
f 511//991 563//1095 540//1049
f 540//1050 563//1096 511//992
f 512//993 514//997 541//1051
f 541//1052 514//998 512//994
f 485//939 541//1051 542//1053
f 542//1054 541//1052 485//940
f 486//941 542//1053 543//1055
f 543//1056 542//1054 486//942
f 513//995 507//983 564//1097
f 564//1098 507//984 513//996
f 513//995 565//1099 514//997
f 514//998 565//1100 513//996
f 544//1057 491//951 546//1061
f 546//1062 491//952 544//1058
f 545//1059 490//949 544//1057
f 544//1058 490//950 545//1060
f 546//1061 492//953 547//1063
f 547//1064 492//954 546//1062
f 547//1063 493//955 548//1065
f 548//1066 493//956 547//1064
f 548//1065 515//999 566//1101
f 566//1102 515//1000 548//1066
f 566//1101 515//999 539//1047
f 539//1048 515//1000 566//1102
f 496//961 545//1059 549//1067
f 549//1068 545//1060 496//962
f 497//963 549//1067 550//1069
f 550//1070 549//1068 497//964
f 498//965 550//1069 551//1071
f 551//1072 550//1070 498//966
f 551//1071 552//1073 499//967
f 499//968 552//1074 551//1072
f 552//1073 567//1103 516//1001
f 516//1002 567//1104 552//1074
f 516//1001 568//1105 517//1003
f 517//1004 568//1106 516//1002
f 517//1003 569//1107 518//1005
f 518//1006 569//1108 517//1004
f 518//1005 570//1109 519//1007
f 519//1008 570//1110 518//1006
f 519//1007 571//1111 520//1009
f 520//1010 571//1112 519//1008
f 520//1009 572//1113 521//1011
f 521//1012 572//1114 520//1010
f 521//1011 573//1115 522//1013
f 522//1014 573//1116 521//1012
f 522//1013 574//1117 553//1075
f 553//1076 574//1118 522//1014
f 553//1075 554//1077 500//969
f 500//970 554//1078 553//1076
f 554//1077 555//1079 501//971
f 501//972 555//1080 554//1078
f 555//1079 556//1081 502//973
f 502//974 556//1082 555//1080
f 556//1081 557//1083 503//975
f 503//976 557//1084 556//1082
f 557//1083 558//1085 504//977
f 504//978 558//1086 557//1084
f 558//1085 523//1015 505//979
f 505//980 523//1016 558//1086
f 575//1119 524//1017 523//1015
f 523//1016 524//1018 575//1120
f 576//1121 525//1019 524//1017
f 524//1018 525//1020 576//1122
f 577//1123 526//1021 525//1019
f 525//1020 526//1022 577//1124
f 578//1125 527//1023 526//1021
f 526//1022 527//1024 578//1126
f 579//1127 528//1025 527//1023
f 527//1024 528//1026 579//1128
f 580//1129 529//1027 528//1025
f 528//1026 529//1028 580//1130
f 581//1131 530//1029 529//1027
f 529//1028 530//1030 581//1132
f 531//1031 530//1029 582//1133
f 582//1134 530//1030 531//1032
f 532//1033 531//1031 583//1135
f 583//1136 531//1032 532//1034
f 533//1035 532//1033 584//1137
f 584//1138 532//1034 533//1036
f 559//1087 533//1035 585//1139
f 585//1140 533//1036 559//1088
f 534//1037 536//1041 586//1141
f 586//1142 536//1042 534//1038
f 564//1097 535//1039 534//1037
f 534//1038 535//1040 564//1098
f 510//989 562//1093 560//1089
f 560//1090 562//1094 510//990
f 509//987 560//1089 561//1091
f 561//1092 560//1090 509//988
f 536//1041 561//1091 587//1143
f 587//1144 561//1092 536//1042
f 588//1145 537//1043 538//1045
f 538//1046 537//1044 588//1146
f 589//1147 538//1045 559//1087
f 559//1088 538//1046 589//1148
f 562//1093 537//1043 588//1145
f 588//1146 537//1044 562//1094
f 590//1149 539//1047 540//1049
f 540//1050 539//1048 590//1150
f 511//991 543//1055 563//1095
f 563//1096 543//1056 511//992
f 563//1095 591//1151 540//1049
f 540//1050 591//1152 563//1096
f 514//997 565//1099 541//1051
f 541//1052 565//1100 514//998
f 542//1053 541//1051 592//1153
f 592//1154 541//1052 542//1054
f 542//1053 593//1155 543//1055
f 543//1056 593//1156 542//1054
f 507//983 535//1039 564//1097
f 564//1098 535//1040 507//984
f 513//995 564//1097 565//1099
f 565//1100 564//1098 513//996
f 594//1157 544//1057 546//1061
f 546//1062 544//1058 594//1158
f 545//1059 544//1057 594//1157
f 594//1158 544//1058 545//1060
f 546//1061 547//1063 595//1159
f 595//1160 547//1064 546//1062
f 547//1063 548//1065 596//1161
f 596//1162 548//1066 547//1064
f 597//1163 548//1065 566//1101
f 566//1102 548//1066 597//1164
f 566//1101 539//1047 590//1149
f 590//1150 539//1048 566//1102
f 549//1067 545//1059 598//1165
f 598//1166 545//1060 549//1068
f 550//1069 549//1067 599//1167
f 599//1168 549//1068 550//1070
f 550//1069 600//1169 551//1071
f 551//1072 600//1170 550//1070
f 601//1171 552//1073 551//1071
f 551//1072 552//1074 601//1172
f 602//1173 567//1103 552//1073
f 552//1074 567//1104 602//1174
f 567//1103 603//1175 516//1001
f 516//1002 603//1176 567//1104
f 516//1001 603//1175 568//1105
f 568//1106 603//1176 516//1002
f 517//1003 568//1105 569//1107
f 569//1108 568//1106 517//1004
f 569//1107 570//1109 518//1005
f 518//1006 570//1110 569//1108
f 570//1109 571//1111 519//1007
f 519//1008 571//1112 570//1110
f 571//1111 572//1113 520//1009
f 520//1010 572//1114 571//1112
f 572//1113 573//1115 521//1011
f 521//1012 573//1116 572//1114
f 573//1115 574//1117 522//1013
f 522//1014 574//1118 573//1116
f 574//1117 604//68 553//1075
f 553//1076 604//67 574//1118
f 553//1075 605//1177 554//1077
f 554//1078 605//1178 553//1076
f 554//1077 606//1179 555//1079
f 555//1080 606//1180 554//1078
f 555//1079 607//1181 556//1081
f 556//1082 607//1182 555//1080
f 556//1081 608//1183 557//1083
f 557//1084 608//1184 556//1082
f 609//1185 558//1085 557//1083
f 557//1084 558//1086 609//1186
f 558//1085 575//1119 523//1015
f 523//1016 575//1120 558//1086
f 575//1119 576//1121 524//1017
f 524//1018 576//1122 575//1120
f 577//1123 525//1019 576//1121
f 576//1122 525//1020 577//1124
f 578//1125 526//1021 577//1123
f 577//1124 526//1022 578//1126
f 579//1127 527//1023 578//1125
f 578//1126 527//1024 579//1128
f 580//1129 528//1025 579//1127
f 579//1128 528//1026 580//1130
f 581//1131 529//1027 580//1129
f 580//1130 529//1028 581//1132
f 582//1133 530//1029 581//1131
f 581//1132 530//1030 582//1134
f 583//1135 531//1031 582//1133
f 582//1134 531//1032 583//1136
f 584//1137 532//1033 583//1135
f 583//1136 532//1034 584//1138
f 585//1139 533//1035 584//1137
f 584//1138 533//1036 585//1140
f 610//1187 559//1087 585//1139
f 585//1140 559//1088 610//1188
f 586//1141 536//1041 611//1189
f 611//1190 536//1042 586//1142
f 564//1097 534//1037 586//1141
f 586//1142 534//1038 564//1098
f 560//1089 562//1093 612//1191
f 612//1192 562//1094 560//1090
f 561//1091 560//1089 612//1191
f 612//1192 560//1090 561//1092
f 561//1091 613//1193 587//1143
f 587//1144 613//1194 561//1092
f 536//1041 587//1143 614//1195
f 614//1196 587//1144 536//1042
f 588//1145 538//1045 589//1147
f 589//1148 538//1046 588//1146
f 610//1187 589//1147 559//1087
f 559//1088 589//1148 610//1188
f 615//1197 562//1093 588//1145
f 588//1146 562//1094 615//1198
f 590//1149 540//1049 591//1151
f 591//1152 540//1050 590//1150
f 543//1055 593//1155 563//1095
f 563//1096 593//1156 543//1056
f 563//1095 616//1199 591//1151
f 591//1152 616//1200 563//1096
f 541//1051 565//1099 592//1153
f 592//1154 565//1100 541//1052
f 542//1053 592//1153 593//1155
f 593//1156 592//1154 542//1054
f 565//1099 564//1097 586//1141
f 586//1142 564//1098 565//1100
f 594//1157 546//1061 617//1201
f 617//1202 546//1062 594//1158
f 598//1165 545//1059 594//1157
f 594//1158 545//1060 598//1166
f 595//1159 547//1063 596//1161
f 596//1162 547//1064 595//1160
f 618//1203 546//1061 595//1159
f 595//1160 546//1062 618//1204
f 596//1161 548//1065 597//1163
f 597//1164 548//1066 596//1162
f 597//1163 566//1101 619//1205
f 619//1206 566//1102 597//1164
f 619//1205 566//1101 590//1149
f 590//1150 566//1102 619//1206
f 549//1067 598//1165 599//1167
f 599//1168 598//1166 549//1068
f 550//1069 599//1167 600//1169
f 600//1170 599//1168 550//1070
f 551//1071 600//1169 601//1171
f 601//1172 600//1170 551//1072
f 601//1171 602//1173 552//1073
f 552//1074 602//1174 601//1172
f 602//1173 620//1207 567//1103
f 567//1104 620//1208 602//1174
f 567//1103 621//1209 603//1175
f 603//1176 621//1210 567//1104
f 603//1175 622//1211 568//1105
f 568//1106 622//1212 603//1176
f 568//1105 623//1213 569//1107
f 569//1108 623//1214 568//1106
f 569//1107 624//1215 570//1109
f 570//1110 624//1216 569//1108
f 570//1109 625//1217 571//1111
f 571//1112 625//1218 570//1110
f 571//1111 626//1219 572//1113
f 572//1114 626//1220 571//1112
f 572//1113 627//1221 573//1115
f 573//1116 627//1222 572//1114
f 573//1115 628//1223 574//1117
f 574//1118 628//1224 573//1116
f 574//1117 629//1225 604//68
f 604//67 629//1226 574//1118
f 604//68 605//1177 553//1075
f 553//1076 605//1178 604//67
f 605//1177 606//1179 554//1077
f 554//1078 606//1180 605//1178
f 606//1179 607//1181 555//1079
f 555//1080 607//1182 606//1180
f 607//1181 608//1183 556//1081
f 556//1082 608//1184 607//1182
f 608//1183 609//1185 557//1083
f 557//1084 609//1186 608//1184
f 609//1185 575//1119 558//1085
f 558//1086 575//1120 609//1186
f 630//1227 576//1121 575//1119
f 575//1120 576//1122 630//1228
f 631//1229 577//1123 576//1121
f 576//1122 577//1124 631//1230
f 632//1231 578//1125 577//1123
f 577//1124 578//1126 632//1232
f 633//1233 579//1127 578//1125
f 578//1126 579//1128 633//1234
f 634//1235 580//1129 579//1127
f 579//1128 580//1130 634//1236
f 635//1237 581//1131 580//1129
f 580//1130 581//1132 635//1238
f 636//1239 582//1133 581//1131
f 581//1132 582//1134 636//1240
f 637//1241 583//1135 582//1133
f 582//1134 583//1136 637//1242
f 584//1137 583//1135 638//1243
f 638//1244 583//1136 584//1138
f 585//1139 584//1137 639//1245
f 639//1246 584//1138 585//1140
f 610//1187 585//1139 640//218
f 640//217 585//1140 610//1188
f 611//1189 536//1041 614//1195
f 614//1196 536//1042 611//1190
f 641//1247 586//1141 611//1189
f 611//1190 586//1142 641//1248
f 612//1191 562//1093 615//1197
f 615//1198 562//1094 612//1192
f 561//1091 612//1191 613//1193
f 613//1194 612//1192 561//1092
f 587//1143 613//1193 642//1249
f 642//1250 613//1194 587//1144
f 614//1195 587//1143 643//1251
f 643//1252 587//1144 614//1196
f 644//1253 588//1145 589//1147
f 589//1148 588//1146 644//1254
f 645//1255 589//1147 610//1187
f 610//1188 589//1148 645//1256
f 615//1197 588//1145 644//1253
f 644//1254 588//1146 615//1198
f 646//1257 590//1149 591//1151
f 591//1152 590//1150 646//1258
f 563//1095 593//1155 616//1199
f 616//1200 593//1156 563//1096
f 591//1151 616//1199 647//1259
f 647//1260 616//1200 591//1152
f 565//1099 648//1261 592//1153
f 592//1154 648//1262 565//1100
f 592//1153 649//1263 593//1155
f 593//1156 649//1264 592//1154
f 565//1099 586//1141 641//1247
f 641//1248 586//1142 565//1100
f 617//1201 546//1061 618//1203
f 618//1204 546//1062 617//1202
f 650//1265 594//1157 617//1201
f 617//1202 594//1158 650//1266
f 651//1267 598//1165 594//1157
f 594//1158 598//1166 651//1268
f 595//1159 596//1161 652//1269
f 652//1270 596//1162 595//1160
f 653//1271 618//1203 595//1159
f 595//1160 618//1204 653//1272
f 596//1161 597//1163 654//1273
f 654//1274 597//1164 596//1162
f 655//1275 597//1163 619//1205
f 619//1206 597//1164 655//1276
f 619//1205 590//1149 646//1257
f 646//1258 590//1150 619//1206
f 600//1169 599//1167 598//1165
f 598//1166 599//1168 600//1170
f 600//1169 651//1267 601//1171
f 601//1172 651//1268 600//1170
f 601//1171 656//1277 602//1173
f 602//1174 656//1278 601//1172
f 602//1173 657//1279 620//1207
f 620//1208 657//1280 602//1174
f 620//1207 621//1209 567//1103
f 567//1104 621//1210 620//1208
f 621//1209 658//1281 603//1175
f 603//1176 658//1282 621//1210
f 603//1175 658//1281 622//1211
f 622//1212 658//1282 603//1176
f 568//1105 622//1211 623//1213
f 623//1214 622//1212 568//1106
f 569//1107 623//1213 624//1215
f 624//1216 623//1214 569//1108
f 624//1215 625//1217 570//1109
f 570//1110 625//1218 624//1216
f 625//1217 626//1219 571//1111
f 571//1112 626//1220 625//1218
f 626//1219 627//1221 572//1113
f 572//1114 627//1222 626//1220
f 627//1221 628//1223 573//1115
f 573//1116 628//1224 627//1222
f 628//1223 629//1225 574//1117
f 574//1118 629//1226 628//1224
f 609//1185 630//1227 575//1119
f 575//1120 630//1228 609//1186
f 630//1227 631//1229 576//1121
f 576//1122 631//1230 630//1228
f 631//1229 632//1231 577//1123
f 577//1124 632//1232 631//1230
f 632//1231 633//1233 578//1125
f 578//1126 633//1234 632//1232
f 634//1235 579//1127 633//1233
f 633//1234 579//1128 634//1236
f 635//1237 580//1129 634//1235
f 634//1236 580//1130 635//1238
f 636//1239 581//1131 635//1237
f 635//1238 581//1132 636//1240
f 637//1241 582//1133 636//1239
f 636//1240 582//1134 637//1242
f 638//1243 583//1135 637//1241
f 637//1242 583//1136 638//1244
f 639//1245 584//1137 638//1243
f 638//1244 584//1138 639//1246
f 640//218 585//1139 639//1245
f 639//1246 585//1140 640//217
f 659//1283 610//1187 640//218
f 640//217 610//1188 659//1284
f 611//1189 614//1195 660//1285
f 660//1286 614//1196 611//1190
f 641//1247 611//1189 661//1287
f 661//1288 611//1190 641//1248
f 662//1289 612//1191 615//1197
f 615//1198 612//1192 662//1290
f 613//1193 612//1191 662//1289
f 662//1290 612//1192 613//1194
f 642//1249 613//1193 663//1291
f 663//1292 613//1194 642//1250
f 587//1143 642//1249 643//1251
f 643//1252 642//1250 587//1144
f 614//1195 643//1251 664//1293
f 664//1294 643//1252 614//1196
f 644//1253 589//1147 645//1255
f 645//1256 589//1148 644//1254
f 659//1283 645//1255 610//1187
f 610//1188 645//1256 659//1284
f 665//1295 615//1197 644//1253
f 644//1254 615//1198 665//1296
f 646//1257 591//1151 647//1259
f 647//1260 591//1152 646//1258
f 593//1155 649//1263 616//1199
f 616//1200 649//1264 593//1156
f 616//1199 666//1297 647//1259
f 647//1260 666//1298 616//1200
f 565//1099 641//1247 648//1261
f 648//1262 641//1248 565//1100
f 592//1153 648//1261 649//1263
f 649//1264 648//1262 592//1154
f 667//1299 617//1201 618//1203
f 618//1204 617//1202 667//1300
f 651//1267 594//1157 650//1265
f 650//1266 594//1158 651//1268
f 650//1265 617//1201 667//1299
f 667//1300 617//1202 650//1266
f 600//1169 598//1165 651//1267
f 651//1268 598//1166 600//1170
f 652//1269 596//1161 654//1273
f 654//1274 596//1162 652//1270
f 653//1271 595//1159 652//1269
f 652//1270 595//1160 653//1272
f 667//1299 618//1203 653//1271
f 653//1272 618//1204 667//1300
f 654//1273 597//1163 655//1275
f 655//1276 597//1164 654//1274
f 655//1275 619//1205 668//1301
f 668//1302 619//1206 655//1276
f 668//1301 619//1205 646//1257
f 646//1258 619//1206 668//1302
f 601//1171 651//1267 656//1277
f 656//1278 651//1268 601//1172
f 656//1277 657//1279 602//1173
f 602//1174 657//1280 656//1278
f 657//1279 669//1303 620//1207
f 620//1208 669//1304 657//1280
f 620//1207 669//1303 621//1209
f 621//1210 669//1304 620//1208
f 621//1209 670//1305 658//1281
f 658//1282 670//1306 621//1210
f 614//1195 664//1293 660//1285
f 660//1286 664//1294 614//1196
f 611//1189 660//1285 661//1287
f 661//1288 660//1286 611//1190
f 641//1247 661//1287 671//1307
f 671//1308 661//1288 641//1248
f 662//1289 615//1197 665//1295
f 665//1296 615//1198 662//1290
f 663//1291 613//1193 662//1289
f 662//1290 613//1194 663//1292
f 642//1249 663//1291 672//1309
f 672//1310 663//1292 642//1250
f 643//1251 642//1249 673//1311
f 673//1312 642//1250 643//1252
f 664//1293 643//1251 674//1313
f 674//1314 643//1252 664//1294
f 675//1315 644//1253 645//1255
f 645//1256 644//1254 675//1316
f 676//1317 645//1255 659//1283
f 659//1284 645//1256 676//1318
f 665//1295 644//1253 675//1315
f 675//1316 644//1254 665//1296
f 677//1319 646//1257 647//1259
f 647//1260 646//1258 677//1320
f 649//1263 666//1297 616//1199
f 616//1200 666//1298 649//1264
f 647//1259 666//1297 678//1321
f 678//1322 666//1298 647//1260
f 641//1247 671//1307 648//1261
f 648//1262 671//1308 641//1248
f 649//1263 648//1261 679//1323
f 679//1324 648//1262 649//1264
f 651//1267 650//1265 656//1277
f 656//1278 650//1266 651//1268
f 650//1265 667//1299 680//1325
f 680//1326 667//1300 650//1266
f 652//1269 654//1273 681//1327
f 681//1328 654//1274 652//1270
f 653//1271 652//1269 682//1329
f 682//1330 652//1270 653//1272
f 667//1299 653//1271 683//1331
f 683//1332 653//1272 667//1300
f 684//1333 654//1273 655//1275
f 655//1276 654//1274 684//1334
f 685//1335 655//1275 668//1301
f 668//1302 655//1276 685//1336
f 668//1301 646//1257 677//1319
f 677//1320 646//1258 668//1302
f 656//1277 680//1325 657//1279
f 657//1280 680//1326 656//1278
f 657//1279 686//1337 669//1303
f 669//1304 686//1338 657//1280
f 669//1303 670//1305 621//1209
f 621//1210 670//1306 669//1304
f 670//1305 687//1339 658//1281
f 658//1282 687//1340 670//1306
f 660//1285 664//1293 688//1341
f 688//1342 664//1294 660//1286
f 661//1287 660//1285 689//1343
f 689//1344 660//1286 661//1288
f 671//1307 661//1287 689//1343
f 689//1344 661//1288 671//1308
f 690//1345 662//1289 665//1295
f 665//1296 662//1290 690//1346
f 663//1291 662//1289 690//1345
f 690//1346 662//1290 663//1292
f 672//1309 663//1291 691//1347
f 691//1348 663//1292 672//1310
f 673//1311 642//1249 672//1309
f 672//1310 642//1250 673//1312
f 674//1313 643//1251 673//1311
f 673//1312 643//1252 674//1314
f 692//1349 664//1293 674//1313
f 674//1314 664//1294 692//1350
f 675//1315 645//1255 676//1317
f 676//1318 645//1256 675//1316
f 693//1351 665//1295 675//1315
f 675//1316 665//1296 693//1352
f 677//1319 647//1259 678//1321
f 678//1322 647//1260 677//1320
f 649//1263 679//1323 666//1297
f 666//1298 679//1324 649//1264
f 666//1297 694//1353 678//1321
f 678//1322 694//1354 666//1298
f 648//1261 671//1307 679//1323
f 679//1324 671//1308 648//1262
f 656//1277 650//1265 680//1325
f 680//1326 650//1266 656//1278
f 680//1325 667//1299 683//1331
f 683//1332 667//1300 680//1326
f 681//1327 654//1273 684//1333
f 684//1334 654//1274 681//1328
f 682//1329 652//1269 681//1327
f 681//1328 652//1270 682//1330
f 683//1331 653//1271 682//1329
f 682//1330 653//1272 683//1332
f 684//1333 655//1275 685//1335
f 685//1336 655//1276 684//1334
f 685//1335 668//1301 695//1355
f 695//1356 668//1302 685//1336
f 695//1355 668//1301 677//1319
f 677//1320 668//1302 695//1356
f 680//1325 686//1337 657//1279
f 657//1280 686//1338 680//1326
f 686//1337 696//1357 669//1303
f 669//1304 696//1358 686//1338
f 669//1303 696//1357 670//1305
f 670//1306 696//1358 669//1304
f 670//1305 697//1359 687//1339
f 687//1340 697//1360 670//1306
f 688//1341 664//1293 692//1349
f 692//1350 664//1294 688//1342
f 660//1285 688//1341 689//1343
f 689//1344 688//1342 660//1286
f 671//1307 689//1343 698//1361
f 698//1362 689//1344 671//1308
f 690//1345 665//1295 693//1351
f 693//1352 665//1296 690//1346
f 691//1347 663//1291 690//1345
f 690//1346 663//1292 691//1348
f 672//1309 691//1347 699//1363
f 699//1364 691//1348 672//1310
f 673//1311 672//1309 700//1365
f 700//1366 672//1310 673//1312
f 674//1313 673//1311 701//1367
f 701//1368 673//1312 674//1314
f 692//1349 674//1313 702//1369
f 702//1370 674//1314 692//1350
f 703//1371 675//1315 676//1317
f 676//1318 675//1316 703//1372
f 693//1351 675//1315 703//1371
f 703//1372 675//1316 693//1352
f 704//1373 677//1319 678//1321
f 678//1322 677//1320 704//1374
f 679//1323 694//1353 666//1297
f 666//1298 694//1354 679//1324
f 678//1321 694//1353 705//1375
f 705//1376 694//1354 678//1322
f 679//1323 671//1307 698//1361
f 698//1362 671//1308 679//1324
f 680//1325 683//1331 686//1337
f 686//1338 683//1332 680//1326
f 681//1327 684//1333 706//1377
f 706//1378 684//1334 681//1328
f 682//1329 681//1327 707//1379
f 707//1380 681//1328 682//1330
f 683//1331 682//1329 708//1381
f 708//1382 682//1330 683//1332
f 684//1333 685//1335 709//1383
f 709//1384 685//1336 684//1334
f 685//1335 695//1355 710//1385
f 710//1386 695//1356 685//1336
f 695//1355 677//1319 704//1373
f 704//1374 677//1320 695//1356
f 686//1337 708//1381 696//1357
f 696//1358 708//1382 686//1338
f 696//1357 697//1359 670//1305
f 670//1306 697//1360 696//1358
f 697//1359 711//1387 687//1339
f 687//1340 711//1388 697//1360
f 712//1389 688//1341 692//1349
f 692//1350 688//1342 712//1390
f 689//1343 688//1341 713//1391
f 713//1392 688//1342 689//1344
f 698//1361 689//1343 713//1391
f 713//1392 689//1344 698//1362
f 714//1393 690//1345 693//1351
f 693//1352 690//1346 714//1394
f 691//1347 690//1345 714//1393
f 714//1394 690//1346 691//1348
f 699//1363 691//1347 715//1395
f 715//1396 691//1348 699//1364
f 700//1365 672//1309 699//1363
f 699//1364 672//1310 700//1366
f 701//1367 673//1311 700//1365
f 700//1366 673//1312 701//1368
f 702//1369 674//1313 701//1367
f 701//1368 674//1314 702//1370
f 716//1397 692//1349 702//1369
f 702//1370 692//1350 716//1398
f 717//1399 693//1351 703//1371
f 703//1372 693//1352 717//1400
f 704//1373 678//1321 705//1375
f 705//1376 678//1322 704//1374
f 679//1323 698//1361 694//1353
f 694//1354 698//1362 679//1324
f 694//1353 718//1401 705//1375
f 705//1376 718//1402 694//1354
f 683//1331 708//1381 686//1337
f 686//1338 708//1382 683//1332
f 706//1377 684//1333 709//1383
f 709//1384 684//1334 706//1378
f 707//1379 681//1327 706//1377
f 706//1378 681//1328 707//1380
f 708//1381 682//1329 707//1379
f 707//1380 682//1330 708//1382
f 709//1383 685//1335 710//1385
f 710//1386 685//1336 709//1384
f 710//1385 695//1355 719//1403
f 719//1404 695//1356 710//1386
f 695//1355 704//1373 719//1403
f 719//1404 704//1374 695//1356
f 708//1381 720//1405 696//1357
f 696//1358 720//1406 708//1382
f 696//1357 720//1405 697//1359
f 697//1360 720//1406 696//1358
f 697//1359 721//1407 711//1387
f 711//1388 721//1408 697//1360
f 713//1391 688//1341 712//1389
f 712//1390 688//1342 713//1392
f 712//1389 692//1349 716//1397
f 716//1398 692//1350 712//1390
f 698//1361 713//1391 718//1401
f 718//1402 713//1392 698//1362
f 714//1393 693//1351 717//1399
f 717//1400 693//1352 714//1394
f 715//1395 691//1347 714//1393
f 714//1394 691//1348 715//1396
f 699//1363 715//1395 722//1409
f 722//1410 715//1396 699//1364
f 700//1365 699//1363 723//1411
f 723//1412 699//1364 700//1366
f 701//1367 700//1365 724//1413
f 724//1414 700//1366 701//1368
f 702//1369 701//1367 725//1415
f 725//1416 701//1368 702//1370
f 716//1397 702//1369 726//1417
f 726//1418 702//1370 716//1398
f 704//1373 705//1375 727//1419
f 727//1420 705//1376 704//1374
f 698//1361 718//1401 694//1353
f 694//1354 718//1402 698//1362
f 705//1375 718//1401 728//1421
f 728//1422 718//1402 705//1376
f 706//1377 709//1383 729//1423
f 729//1424 709//1384 706//1378
f 707//1379 706//1377 730//1425
f 730//1426 706//1378 707//1380
f 708//1381 707//1379 720//1405
f 720//1406 707//1380 708//1382
f 709//1383 710//1385 731//1427
f 731//1428 710//1386 709//1384
f 710//1385 719//1403 732//1429
f 732//1430 719//1404 710//1386
f 719//1403 704//1373 727//1419
f 727//1420 704//1374 719//1404
f 720//1405 721//1407 697//1359
f 697//1360 721//1408 720//1406
f 721//1407 733//1431 711//1387
f 711//1388 733//1432 721//1408
f 734//1433 713//1391 712//1389
f 712//1390 713//1392 734//1434
f 735//1435 712//1389 716//1397
f 716//1398 712//1390 735//1436
f 718//1401 713//1391 734//1433
f 734//1434 713//1392 718//1402
f 736//1437 714//1393 717//1399
f 717//1400 714//1394 736//1438
f 715//1395 714//1393 736//1437
f 736//1438 714//1394 715//1396
f 722//1409 715//1395 737//1439
f 737//1440 715//1396 722//1410
f 723//1411 699//1363 722//1409
f 722//1410 699//1364 723//1412
f 724//1413 700//1365 723//1411
f 723//1412 700//1366 724//1414
f 725//1415 701//1367 724//1413
f 724//1414 701//1368 725//1416
f 726//1417 702//1369 725//1415
f 725//1416 702//1370 726//1418
f 738//1441 716//1397 726//1417
f 726//1418 716//1398 738//1442
f 727//1419 705//1375 728//1421
f 728//1422 705//1376 727//1420
f 728//1421 718//1401 734//1433
f 734//1434 718//1402 728//1422
f 729//1423 709//1383 731//1427
f 731//1428 709//1384 729//1424
f 706//1377 729//1423 730//1425
f 730//1426 729//1424 706//1378
f 707//1379 730//1425 720//1405
f 720//1406 730//1426 707//1380
f 731//1427 710//1385 732//1429
f 732//1430 710//1386 731//1428
f 732//1429 719//1403 739//1443
f 739//1444 719//1404 732//1430
f 719//1403 727//1419 739//1443
f 739//1444 727//1420 719//1404
f 720//1405 730//1425 721//1407
f 721//1408 730//1426 720//1406
f 721//1407 740//1445 733//1431
f 733//1432 740//1446 721//1408
f 734//1433 712//1389 735//1435
f 735//1436 712//1390 734//1434
f 735//1435 716//1397 738//1441
f 738//1442 716//1398 735//1436
f 737//1439 715//1395 736//1437
f 736//1438 715//1396 737//1440
f 722//1409 737//1439 741//1447
f 741//1448 737//1440 722//1410
f 723//1411 722//1409 742//16
f 742//15 722//1410 723//1412
f 724//1413 723//1411 743//182
f 743//153 723//1412 724//1414
f 725//1415 724//1413 744//1449
f 744//1450 724//1414 725//1416
f 726//1417 725//1415 745//1451
f 745//1452 725//1416 726//1418
f 738//1441 726//1417 746//1453
f 746//1454 726//1418 738//1442
f 727//1419 728//1421 747//1455
f 747//1456 728//1422 727//1420
f 728//1421 734//1433 748//1457
f 748//1458 734//1434 728//1422
f 729//1423 731//1427 749//1459
f 749//1460 731//1428 729//1424
f 730//1425 729//1423 740//1445
f 740//1446 729//1424 730//1426
f 731//1427 732//1429 750//1461
f 750//1462 732//1430 731//1428
f 732//1429 739//1443 751//1463
f 751//1464 739//1444 732//1430
f 739//1443 727//1419 747//1455
f 747//1456 727//1420 739//1444
f 730//1425 740//1445 721//1407
f 721//1408 740//1446 730//1426
f 740//1445 752//1465 733//1431
f 733//1432 752//1466 740//1446
f 748//1457 734//1433 735//1435
f 735//1436 734//1434 748//1458
f 735//1435 738//1441 753//1467
f 753//1468 738//1442 735//1436
f 742//16 722//1409 741//1447
f 741//1448 722//1410 742//15
f 743//182 723//1411 742//16
f 742//15 723//1412 743//153
f 744//1449 724//1413 743//182
f 743//153 724//1414 744//1450
f 745//1451 725//1415 744//1449
f 744//1450 725//1416 745//1452
f 746//1453 726//1417 745//1451
f 745//1452 726//1418 746//1454
f 738//1441 746//1453 754//1469
f 754//1470 746//1454 738//1442
f 747//1455 728//1421 748//1457
f 748//1458 728//1422 747//1456
f 731//1427 750//1461 749//1459
f 749//1460 750//1462 731//1428
f 729//1423 749//1459 740//1445
f 740//1446 749//1460 729//1424
f 750//1461 732//1429 751//1463
f 751//1464 732//1430 750//1462
f 751//1463 739//1443 755//1471
f 755//1472 739//1444 751//1464
f 739//1443 747//1455 755//1471
f 755//1472 747//1456 739//1444
f 740//1445 749//1459 752//1465
f 752//1466 749//1460 740//1446
f 748//1457 735//1435 753//1467
f 753//1468 735//1436 748//1458
f 753//1467 738//1441 754//1469
f 754//1470 738//1442 753//1468
f 747//1455 748//1457 756//1473
f 756//1474 748//1458 747//1456
f 749//1459 750//1461 757//70
f 757//69 750//1462 749//1460
f 750//1461 751//1463 758//182
f 758//153 751//1464 750//1462
f 751//1463 755//1471 759//1475
f 759//1476 755//1472 751//1464
f 755//1471 747//1455 756//1473
f 756//1474 747//1456 755//1472
f 749//1459 757//70 752//1465
f 752//1466 757//69 749//1460
f 756//1473 748//1457 753//1467
f 753//1468 748//1458 756//1474
f 760//16 753//1467 754//1469
f 754//1470 753//1468 760//15
f 750//1461 758//182 757//70
f 757//69 758//153 750//1462
f 751//1463 759//1475 758//182
f 758//153 759//1476 751//1464
f 759//1475 755//1471 761//90
f 761//89 755//1472 759//1476
f 755//1471 756//1473 761//90
f 761//89 756//1474 755//1472
f 756//1473 753//1467 760//16
f 760//15 753//1468 756//1474
f 761//90 756//1473 760//16
f 760//15 756//1474 761//89
