[Gloo] Rank 0 is connected to 3 peer ranks. Expected number of connected peer ranks is : 3
[Gloo] Rank 1 is connected to 3 peer ranks. Expected number of connected peer ranks is : 3
[Gloo] Rank 3 is connected to 3 peer ranks. Expected number of connected peer ranks is : 3
[Gloo] Rank 2 is connected to 3 peer ranks. Expected number of connected peer ranks is : 3
/data/users/zhouyike/dexCG/.venv/lib/python3.11/site-packages/sapien/core/renderer_config.py:4: UserWarning: pkg_resources is deprecated as an API. See https://setuptools.pypa.io/en/latest/pkg_resources.html. The pkg_resources package is slated for removal as early as 2025-11-30. Refrain from using this package or pin to Setuptools<81.
  import pkg_resources
/data/users/zhouyike/dexCG/.venv/lib/python3.11/site-packages/sapien/core/renderer_config.py:4: UserWarning: pkg_resources is deprecated as an API. See https://setuptools.pypa.io/en/latest/pkg_resources.html. The pkg_resources package is slated for removal as early as 2025-11-30. Refrain from using this package or pin to Setuptools<81.
  import pkg_resources
/data/users/zhouyike/dexCG/.venv/lib/python3.11/site-packages/sapien/core/renderer_config.py:4: UserWarning: pkg_resources is deprecated as an API. See https://setuptools.pypa.io/en/latest/pkg_resources.html. The pkg_resources package is slated for removal as early as 2025-11-30. Refrain from using this package or pin to Setuptools<81.
  import pkg_resources
/data/users/zhouyike/dexCG/.venv/lib/python3.11/site-packages/sapien/core/renderer_config.py:4: UserWarning: pkg_resources is deprecated as an API. See https://setuptools.pypa.io/en/latest/pkg_resources.html. The pkg_resources package is slated for removal as early as 2025-11-30. Refrain from using this package or pin to Setuptools<81.
  import pkg_resources
{"train_retained_frames": [13540, 19387, 6586, 7051], "balanced_samples_per_epoch": 77548, "updates_per_epoch": 75, "micro_batch": 256, "global_batch": 1024, "trainable_parameters": 19193251, "cuda_visible_devices": "2,3,6,1"}
/data/users/zhouyike/dexCG/scripts/train.py:740: UserWarning: Converting a tensor with requires_grad=True to a scalar may lead to unexpected behavior.
Consider using tensor.detach() first. (Triggered internally at /pytorch/torch/csrc/autograd/generated/python_variable_methods.cpp:835.)
  print(f"epoch={epoch} step={global_step} loss={float(loss):.5f}", flush=True)
epoch=1 step=50 loss=167.96080
{"epoch": 1, "global_step": 75, "learning_rate": 6.08e-05, "teacher_forcing": 1.0, "predicted_contact_fraction": 0.0, "epoch_seconds": 19.280268264003098, "elapsed_hours": 0.0053570526580895405, "loss": 192.25422526041666, "loss_alignment": 1.0941649627685548, "loss_coefficient": 48.69014078776042, "loss_contact": 0.0, "loss_gate": 101.1790234375, "loss_reconstruction": 41.290880533854164}
epoch=2 step=100 loss=59.82721
epoch=2 step=150 loss=36.57365
{"epoch": 2, "global_step": 150, "learning_rate": 0.0001208, "teacher_forcing": 1.0, "predicted_contact_fraction": 0.0, "epoch_seconds": 17.65018713194877, "elapsed_hours": 0.01026182235748921, "loss": 51.41404052734375, "loss_alignment": 6.4322357177734375, "loss_coefficient": 23.624188232421876, "loss_contact": 0.0, "loss_gate": 7.537320149739584, "loss_reconstruction": 13.820294189453126}
epoch=3 step=200 loss=30.38260
{"epoch": 3, "global_step": 225, "learning_rate": 0.0001808, "teacher_forcing": 1.0, "predicted_contact_fraction": 0.0, "epoch_seconds": 16.95902663609013, "elapsed_hours": 0.014974147832253948, "loss": 32.05300374348958, "loss_alignment": 0.051960137685139976, "loss_coefficient": 20.747640787760417, "loss_contact": 0.0, "loss_gate": 5.634712626139323, "loss_reconstruction": 5.618688557942709}
epoch=4 step=250 loss=28.56298
epoch=4 step=300 loss=28.05201
{"epoch": 4, "global_step": 300, "learning_rate": 0.0001999999755763628, "teacher_forcing": 1.0, "predicted_contact_fraction": 0.0, "epoch_seconds": 17.086742746643722, "elapsed_hours": 0.01972201136031395, "loss": 28.952115885416667, "loss_alignment": 0.014614811340967815, "loss_coefficient": 19.931832682291667, "loss_contact": 0.0, "loss_gate": 5.567716064453125, "loss_reconstruction": 3.43794677734375}
epoch=5 step=350 loss=25.56127
{"epoch": 5, "global_step": 375, "learning_rate": 0.0001999998473523002, "teacher_forcing": 1.0, "predicted_contact_fraction": 0.0, "epoch_seconds": 18.011268991976976, "elapsed_hours": 0.024726639000905885, "loss": 27.4020751953125, "loss_alignment": 0.025063124100367228, "loss_coefficient": 19.367178548177083, "loss_contact": 0.0, "loss_gate": 5.567206522623698, "loss_reconstruction": 2.4426287333170573}
epoch=6 step=400 loss=26.11229
epoch=6 step=450 loss=25.88603
{"epoch": 6, "global_step": 450, "learning_rate": 0.00019999960922204363, "teacher_forcing": 1.0, "predicted_contact_fraction": 0.0, "epoch_seconds": 17.283057210966945, "elapsed_hours": 0.02952895307331346, "loss": 26.628326416015625, "loss_alignment": 0.04209183931350708, "loss_coefficient": 19.063249918619793, "loss_contact": 0.0, "loss_gate": 5.568947448730468, "loss_reconstruction": 1.9540374755859375}
epoch=7 step=500 loss=24.32429
{"epoch": 7, "global_step": 525, "learning_rate": 0.00019999926118585476, "teacher_forcing": 1.0, "predicted_contact_fraction": 0.0, "epoch_seconds": 17.677468033041805, "elapsed_hours": 0.03444088148444684, "loss": 25.86023640950521, "loss_alignment": 0.047916135787963866, "loss_coefficient": 18.552832845052084, "loss_contact": 0.0, "loss_gate": 5.570323181152344, "loss_reconstruction": 1.689164326985677}
epoch=8 step=550 loss=22.31463
epoch=8 step=600 loss=23.66473
{"epoch": 8, "global_step": 600, "learning_rate": 0.00019999880324411616, "teacher_forcing": 1.0, "predicted_contact_fraction": 0.0, "epoch_seconds": 17.401273943018168, "elapsed_hours": 0.03927638267917145, "loss": 25.041429850260418, "loss_alignment": 0.06409972508748372, "loss_coefficient": 17.895861002604168, "loss_contact": 0.0, "loss_gate": 5.573375752766927, "loss_reconstruction": 1.50809326171875}
epoch=9 step=650 loss=21.86623
{"epoch": 9, "global_step": 675, "learning_rate": 0.00019999823539733108, "teacher_forcing": 1.0, "predicted_contact_fraction": 0.0, "epoch_seconds": 16.91672056214884, "elapsed_hours": 0.04397690741254741, "loss": 24.492624104817708, "loss_alignment": 0.0887490177154541, "loss_coefficient": 17.40650390625, "loss_contact": 0.0, "loss_gate": 5.576795450846354, "loss_reconstruction": 1.4205768330891928}
epoch=10 step=700 loss=25.84803
epoch=10 step=750 loss=24.12094
{"epoch": 10, "global_step": 750, "learning_rate": 0.0001999975576461237, "teacher_forcing": 1.0, "predicted_contact_fraction": 0.0, "epoch_seconds": 18.395106507930905, "elapsed_hours": 0.04908927208006692, "loss": 24.19272298177083, "loss_alignment": 0.10718032519022623, "loss_coefficient": 17.145635172526042, "loss_contact": 0.0, "loss_gate": 5.580071919759114, "loss_reconstruction": 1.35983278910319}
epoch=11 step=800 loss=24.07570
{"epoch": 11, "global_step": 825, "learning_rate": 0.00019999676999123887, "teacher_forcing": 1.0, "predicted_contact_fraction": 0.0, "epoch_seconds": 18.201060173101723, "elapsed_hours": 0.054264875899793376, "loss": 23.701329752604167, "loss_alignment": 0.11671400388081868, "loss_coefficient": 16.70441853841146, "loss_contact": 0.0, "loss_gate": 5.583228454589844, "loss_reconstruction": 1.2969698588053384}
epoch=12 step=850 loss=24.03122
epoch=12 step=900 loss=23.38127
{"epoch": 12, "global_step": 900, "learning_rate": 0.00019999587243354228, "teacher_forcing": 1.0, "predicted_contact_fraction": 0.0, "epoch_seconds": 17.38038325496018, "elapsed_hours": 0.05909447965134556, "loss": 23.47217041015625, "loss_alignment": 0.13184674580891928, "loss_coefficient": 16.495405680338543, "loss_contact": 0.0, "loss_gate": 5.585794169108073, "loss_reconstruction": 1.2591275024414061}
epoch=13 step=950 loss=20.96851
{"epoch": 13, "global_step": 975, "learning_rate": 0.00019999486497402038, "teacher_forcing": 1.0, "predicted_contact_fraction": 0.0, "epoch_seconds": 17.96837125532329, "elapsed_hours": 0.06408713075668654, "loss": 23.209678548177084, "loss_alignment": 0.14220544815063477, "loss_coefficient": 16.261273600260417, "loss_contact": 0.0, "loss_gate": 5.587805277506511, "loss_reconstruction": 1.218396453857422}
epoch=14 step=1000 loss=23.94271
epoch=14 step=1050 loss=21.61212
{"epoch": 14, "global_step": 1050, "learning_rate": 0.00019999374761378043, "teacher_forcing": 1.0, "predicted_contact_fraction": 0.0, "epoch_seconds": 17.89344824012369, "elapsed_hours": 0.06905909304507077, "loss": 22.861383056640626, "loss_alignment": 0.15311317443847655, "loss_coefficient": 15.917727457682291, "loss_contact": 0.0, "loss_gate": 5.591360880533855, "loss_reconstruction": 1.1991841379801433}
epoch=15 step=1100 loss=22.22308
{"epoch": 15, "global_step": 1125, "learning_rate": 0.0001999925203540505, "teacher_forcing": 1.0, "predicted_contact_fraction": 0.0, "epoch_seconds": 17.324422996025532, "elapsed_hours": 0.0738729180502964, "loss": 22.45613037109375, "loss_alignment": 0.16125603993733725, "loss_coefficient": 15.551429443359375, "loss_contact": 0.0, "loss_gate": 5.594265950520834, "loss_reconstruction": 1.1491788991292318}
epoch=16 step=1150 loss=23.21798
epoch=16 step=1200 loss=22.89056
{"epoch": 16, "global_step": 1200, "learning_rate": 0.00019999118319617948, "teacher_forcing": 1.0, "predicted_contact_fraction": 0.0, "epoch_seconds": 16.56156615819782, "elapsed_hours": 0.07847482349335526, "loss": 22.241723225911457, "loss_alignment": 0.16628464063008627, "loss_coefficient": 15.349711100260416, "loss_contact": 0.0, "loss_gate": 5.596575215657552, "loss_reconstruction": 1.129150644938151}
epoch=17 step=1250 loss=21.76383
{"epoch": 17, "global_step": 1275, "learning_rate": 0.00019998973614163688, "teacher_forcing": 1.0, "predicted_contact_fraction": 0.0, "epoch_seconds": 16.552118815016, "elapsed_hours": 0.08307408925223475, "loss": 22.10489501953125, "loss_alignment": 0.1690076446533203, "loss_coefficient": 15.208719482421875, "loss_contact": 0.0, "loss_gate": 5.598419392903645, "loss_reconstruction": 1.1287501017252604}
epoch=18 step=1300 loss=19.66719
epoch=18 step=1350 loss=23.24508
{"epoch": 18, "global_step": 1350, "learning_rate": 0.0001999881791920132, "teacher_forcing": 1.0, "predicted_contact_fraction": 0.0, "epoch_seconds": 16.45459617814049, "elapsed_hours": 0.08764631651885187, "loss": 21.784258626302083, "loss_alignment": 0.17170175552368164, "loss_coefficient": 14.923485921223959, "loss_contact": 0.0, "loss_gate": 5.600687052408854, "loss_reconstruction": 1.088382568359375}
epoch=19 step=1400 loss=20.95439
{"epoch": 19, "global_step": 1425, "learning_rate": 0.00019998651234901958, "teacher_forcing": 1.0, "predicted_contact_fraction": 0.0, "epoch_seconds": 16.562039664015174, "elapsed_hours": 0.09224831664003431, "loss": 21.493860677083333, "loss_alignment": 0.1754994042714437, "loss_coefficient": 14.662038981119792, "loss_contact": 0.0, "loss_gate": 5.602077331542969, "loss_reconstruction": 1.054247817993164}
epoch=20 step=1450 loss=20.98597
epoch=20 step=1500 loss=20.52413
{"epoch": 20, "global_step": 1500, "learning_rate": 0.00019998473561448797, "teacher_forcing": 1.0, "predicted_contact_fraction": 0.0, "epoch_seconds": 16.85773246921599, "elapsed_hours": 0.09693357543114366, "loss": 21.401800130208333, "loss_alignment": 0.17390442212422688, "loss_coefficient": 14.558038330078125, "loss_contact": 0.0, "loss_gate": 5.603177083333334, "loss_reconstruction": 1.0666789245605468}
epoch=21 step=1550 loss=19.17137
{"epoch": 21, "global_step": 1575, "learning_rate": 0.00019998284899037114, "teacher_forcing": 1.0, "predicted_contact_fraction": 0.0, "epoch_seconds": 16.797051056288183, "elapsed_hours": 0.10173662266551724, "loss": 21.41217081705729, "loss_alignment": 0.1760914675394694, "loss_coefficient": 14.536790771484375, "loss_contact": 0.0, "loss_gate": 5.603953043619792, "loss_reconstruction": 1.0953376770019532}
epoch=22 step=1600 loss=21.73998
epoch=22 step=1650 loss=22.93613
{"epoch": 22, "global_step": 1650, "learning_rate": 0.00019998085247874262, "teacher_forcing": 1.0, "predicted_contact_fraction": 0.0, "epoch_seconds": 16.846225465182215, "elapsed_hours": 0.10641756780135135, "loss": 21.146944986979168, "loss_alignment": 0.1849292755126953, "loss_coefficient": 14.31469767252604, "loss_contact": 0.0, "loss_gate": 5.604175516764323, "loss_reconstruction": 1.0431415812174478}
epoch=23 step=1700 loss=21.26402
{"epoch": 23, "global_step": 1725, "learning_rate": 0.0001999787460817967, "teacher_forcing": 1.0, "predicted_contact_fraction": 0.0, "epoch_seconds": 16.943200720939785, "elapsed_hours": 0.11112546098806585, "loss": 20.86549275716146, "loss_alignment": 0.17659442901611327, "loss_coefficient": 14.061714274088542, "loss_contact": 0.0, "loss_gate": 5.604762980143229, "loss_reconstruction": 1.0224214172363282}
epoch=24 step=1750 loss=20.12256
epoch=24 step=1800 loss=21.87791
{"epoch": 24, "global_step": 1800, "learning_rate": 0.00019997652980184843, "teacher_forcing": 1.0, "predicted_contact_fraction": 0.0, "epoch_seconds": 16.388118404895067, "elapsed_hours": 0.11567917184943023, "loss": 20.980477294921876, "loss_alignment": 0.19231674512227376, "loss_coefficient": 14.144992268880209, "loss_contact": 0.0, "loss_gate": 5.606701354980469, "loss_reconstruction": 1.0364660135904948}
epoch=25 step=1850 loss=22.11079
{"epoch": 25, "global_step": 1875, "learning_rate": 0.00019997420364133365, "teacher_forcing": 1.0, "predicted_contact_fraction": 0.0, "epoch_seconds": 16.74807883705944, "elapsed_hours": 0.12033288967058373, "loss": 20.82070109049479, "loss_alignment": 0.19089033126831054, "loss_coefficient": 13.96885498046875, "loss_contact": 0.0, "loss_gate": 5.607406819661458, "loss_reconstruction": 1.0535460408528645}
epoch=26 step=1900 loss=22.02879
epoch=26 step=1950 loss=22.62113
{"epoch": 26, "global_step": 1950, "learning_rate": 0.00019997176760280897, "teacher_forcing": 1.0, "predicted_contact_fraction": 0.0, "epoch_seconds": 16.60307222418487, "elapsed_hours": 0.1249463194463816, "loss": 20.61351318359375, "loss_alignment": 0.17575945536295573, "loss_coefficient": 13.806229248046876, "loss_contact": 0.0, "loss_gate": 5.607314860026042, "loss_reconstruction": 1.0242094930013022}
epoch=27 step=2000 loss=20.55575
{"epoch": 27, "global_step": 2025, "learning_rate": 0.00019996922168895168, "teacher_forcing": 1.0, "predicted_contact_fraction": 0.0, "epoch_seconds": 16.576971380971372, "elapsed_hours": 0.12955257244395196, "loss": 20.3393896484375, "loss_alignment": 0.17837264696757, "loss_coefficient": 13.55711934407552, "loss_contact": 0.0, "loss_gate": 5.6090867106119795, "loss_reconstruction": 0.994809341430664}
epoch=28 step=2050 loss=19.95461
epoch=28 step=2100 loss=20.47775
{"epoch": 28, "global_step": 2100, "learning_rate": 0.00019996656590256002, "teacher_forcing": 1.0, "predicted_contact_fraction": 0.0, "epoch_seconds": 16.69393914984539, "elapsed_hours": 0.13419125927250006, "loss": 19.936149088541665, "loss_alignment": 0.16922292391459148, "loss_coefficient": 13.1992138671875, "loss_contact": 0.0, "loss_gate": 5.6101392618815105, "loss_reconstruction": 0.9575730895996094}
epoch=29 step=2150 loss=20.24982
{"epoch": 29, "global_step": 2175, "learning_rate": 0.0001999638002465528, "teacher_forcing": 1.0, "predicted_contact_fraction": 0.0, "epoch_seconds": 16.38339738501236, "elapsed_hours": 0.13874380571534858, "loss": 20.317064615885418, "loss_alignment": 0.17842508951822916, "loss_coefficient": 13.54923787434896, "loss_contact": 0.0, "loss_gate": 5.6137665812174475, "loss_reconstruction": 0.9756365712483724}
epoch=30 step=2200 loss=18.75344
epoch=30 step=2250 loss=21.20806
{"epoch": 30, "global_step": 2250, "learning_rate": 0.00019996092472396963, "teacher_forcing": 1.0, "predicted_contact_fraction": 0.0, "epoch_seconds": 16.881808223202825, "elapsed_hours": 0.14343465657749524, "loss": 19.930451253255207, "loss_alignment": 0.17653507550557454, "loss_coefficient": 13.180591634114583, "loss_contact": 0.0, "loss_gate": 5.613514912923177, "loss_reconstruction": 0.9598108164469401}
epoch=31 step=2300 loss=20.55283
{"epoch": 31, "global_step": 2325, "learning_rate": 0.00019995793933797097, "teacher_forcing": 1.0, "predicted_contact_fraction": 0.0, "epoch_seconds": 16.82519693626091, "elapsed_hours": 0.14824458247697395, "loss": 19.853146158854166, "loss_alignment": 0.1764660898844401, "loss_coefficient": 13.10375020345052, "loss_contact": 0.0, "loss_gate": 5.615258585611979, "loss_reconstruction": 0.9576740264892578}
epoch=32 step=2350 loss=19.15483
epoch=32 step=2400 loss=18.83724
{"epoch": 32, "global_step": 2400, "learning_rate": 0.00019995484409183787, "teacher_forcing": 1.0, "predicted_contact_fraction": 0.0, "epoch_seconds": 17.091997328214347, "elapsed_hours": 0.15299385059146314, "loss": 19.675959065755208, "loss_alignment": 0.17405184427897136, "loss_coefficient": 12.917938028971355, "loss_contact": 0.0, "loss_gate": 5.61723388671875, "loss_reconstruction": 0.9667371114095052}
epoch=33 step=2450 loss=22.27272
{"epoch": 33, "global_step": 2475, "learning_rate": 0.00019995163898897222, "teacher_forcing": 1.0, "predicted_contact_fraction": 0.0, "epoch_seconds": 17.28601982165128, "elapsed_hours": 0.15779711425860618, "loss": 19.684077962239584, "loss_alignment": 0.17943123499552407, "loss_coefficient": 12.92581787109375, "loss_contact": 0.0, "loss_gate": 5.618113606770834, "loss_reconstruction": 0.9607147216796875}
epoch=34 step=2500 loss=19.06086
epoch=34 step=2550 loss=17.93496
{"epoch": 34, "global_step": 2550, "learning_rate": 0.00019994832403289668, "teacher_forcing": 1.0, "predicted_contact_fraction": 0.0, "epoch_seconds": 16.423793696332723, "elapsed_hours": 0.1623608302656147, "loss": 19.52526163736979, "loss_alignment": 0.18260002454121907, "loss_coefficient": 12.77702128092448, "loss_contact": 0.0, "loss_gate": 5.6213375854492185, "loss_reconstruction": 0.944303944905599}
epoch=35 step=2600 loss=21.58857
{"epoch": 35, "global_step": 2625, "learning_rate": 0.00019994489922725453, "teacher_forcing": 1.0, "predicted_contact_fraction": 0.0, "epoch_seconds": 16.76067582005635, "elapsed_hours": 0.16701814381276361, "loss": 19.382090250651043, "loss_alignment": 0.17445765813191733, "loss_coefficient": 12.648623860677084, "loss_contact": 0.0, "loss_gate": 5.621285909016927, "loss_reconstruction": 0.9377229563395182}
epoch=36 step=2650 loss=19.35762
epoch=36 step=2700 loss=18.50075
{"epoch": 36, "global_step": 2700, "learning_rate": 0.00019994136457580992, "teacher_forcing": 1.0, "predicted_contact_fraction": 0.0, "epoch_seconds": 16.68026943691075, "elapsed_hours": 0.17165299956027108, "loss": 19.01992390950521, "loss_alignment": 0.1806832281748454, "loss_coefficient": 12.296841837565104, "loss_contact": 0.0, "loss_gate": 5.62336191813151, "loss_reconstruction": 0.9190369160970052}
epoch=37 step=2750 loss=19.64532
{"epoch": 37, "global_step": 2775, "learning_rate": 0.00019993772008244757, "teacher_forcing": 1.0, "predicted_contact_fraction": 0.0, "epoch_seconds": 16.697994940914214, "elapsed_hours": 0.17629282243006553, "loss": 19.376380615234375, "loss_alignment": 0.19662998835245768, "loss_coefficient": 12.618972574869792, "loss_contact": 0.0, "loss_gate": 5.626902364095052, "loss_reconstruction": 0.9338753000895182}
epoch=38 step=2800 loss=19.84009
epoch=38 step=2850 loss=18.67254
{"epoch": 38, "global_step": 2850, "learning_rate": 0.0001999339657511731, "teacher_forcing": 1.0, "predicted_contact_fraction": 0.0, "epoch_seconds": 16.619381660129875, "elapsed_hours": 0.18091081777613402, "loss": 19.248126627604165, "loss_alignment": 0.20429936408996582, "loss_coefficient": 12.500099283854167, "loss_contact": 0.0, "loss_gate": 5.625232950846354, "loss_reconstruction": 0.9184954833984375}
epoch=39 step=2900 loss=17.46163
{"epoch": 39, "global_step": 2925, "learning_rate": 0.00019993010158611272, "teacher_forcing": 1.0, "predicted_contact_fraction": 0.0, "epoch_seconds": 16.48925118520856, "elapsed_hours": 0.18549270922913114, "loss": 18.916475830078124, "loss_alignment": 0.18979524930318198, "loss_coefficient": 12.20358907063802, "loss_contact": 0.0, "loss_gate": 5.627194112141927, "loss_reconstruction": 0.8958973185221354}
epoch=40 step=2950 loss=18.67436
epoch=40 step=3000 loss=20.41523
{"epoch": 40, "global_step": 3000, "learning_rate": 0.00019992612759151337, "teacher_forcing": 1.0, "predicted_contact_fraction": 0.0, "epoch_seconds": 16.743665382731706, "elapsed_hours": 0.19014515302635523, "loss": 18.986382649739582, "loss_alignment": 0.2016280206044515, "loss_coefficient": 12.230202840169271, "loss_contact": 0.0, "loss_gate": 5.629612731933594, "loss_reconstruction": 0.9249383799235026}
epoch=41 step=3050 loss=18.33661
{"epoch": 41, "global_step": 3075, "learning_rate": 0.00019992204377174274, "teacher_forcing": 1.0, "predicted_contact_fraction": 0.0, "epoch_seconds": 16.6308921482414, "elapsed_hours": 0.19490834296745663, "loss": 18.796748453776043, "loss_alignment": 0.2052236270904541, "loss_coefficient": 12.05413798014323, "loss_contact": 0.0, "loss_gate": 5.632028299967448, "loss_reconstruction": 0.9053576151529948}
epoch=42 step=3100 loss=17.80881
epoch=42 step=3150 loss=17.05009
{"epoch": 42, "global_step": 3150, "learning_rate": 0.00019991785013128923, "teacher_forcing": 1.0, "predicted_contact_fraction": 0.0, "epoch_seconds": 17.649034216068685, "elapsed_hours": 0.19981243236507806, "loss": 18.59122762044271, "loss_alignment": 0.20580292065938313, "loss_coefficient": 11.85149434407552, "loss_contact": 0.0, "loss_gate": 5.634416097005208, "loss_reconstruction": 0.8995158894856771}
epoch=43 step=3200 loss=17.09776
{"epoch": 43, "global_step": 3225, "learning_rate": 0.00019991354667476193, "teacher_forcing": 1.0, "predicted_contact_fraction": 0.0, "epoch_seconds": 17.688702849671245, "elapsed_hours": 0.20472749264755596, "loss": 18.28232869466146, "loss_alignment": 0.20563063621520997, "loss_coefficient": 11.575772908528647, "loss_contact": 0.0, "loss_gate": 5.631945597330729, "loss_reconstruction": 0.8689795430501303}
epoch=44 step=3250 loss=20.29412
epoch=44 step=3300 loss=18.75871
{"epoch": 44, "global_step": 3300, "learning_rate": 0.00019990913340689053, "teacher_forcing": 1.0, "predicted_contact_fraction": 0.0, "epoch_seconds": 17.550088689196855, "elapsed_hours": 0.20960421733894488, "loss": 18.50593994140625, "loss_alignment": 0.2075437068939209, "loss_coefficient": 11.773636474609376, "loss_contact": 0.0, "loss_gate": 5.632652791341146, "loss_reconstruction": 0.8921089935302734}
epoch=45 step=3350 loss=15.99764
{"epoch": 45, "global_step": 3375, "learning_rate": 0.00019990461033252556, "teacher_forcing": 1.0, "predicted_contact_fraction": 0.0, "epoch_seconds": 16.871650118846446, "elapsed_hours": 0.21429228040467327, "loss": 18.436127522786457, "loss_alignment": 0.2085124715169271, "loss_coefficient": 11.710824788411458, "loss_contact": 0.0, "loss_gate": 5.635198160807292, "loss_reconstruction": 0.8815916951497396}
epoch=46 step=3400 loss=17.92550
epoch=46 step=3450 loss=17.41112
{"epoch": 46, "global_step": 3450, "learning_rate": 0.00019989997745663816, "teacher_forcing": 1.0, "predicted_contact_fraction": 0.0, "epoch_seconds": 16.54450011299923, "elapsed_hours": 0.21888950654615957, "loss": 18.466083984375, "loss_alignment": 0.2123754405975342, "loss_coefficient": 11.755787150065105, "loss_contact": 0.0, "loss_gate": 5.633955078125, "loss_reconstruction": 0.8639657084147135}
epoch=47 step=3500 loss=17.87900
{"epoch": 47, "global_step": 3525, "learning_rate": 0.00019989523478432014, "teacher_forcing": 1.0, "predicted_contact_fraction": 0.0, "epoch_seconds": 16.56758631905541, "elapsed_hours": 0.2234930707071908, "loss": 18.268177490234375, "loss_alignment": 0.19955345153808593, "loss_coefficient": 11.58039042154948, "loss_contact": 0.0, "loss_gate": 5.633756612141927, "loss_reconstruction": 0.85447572072347}
epoch=48 step=3550 loss=18.48424
epoch=48 step=3600 loss=18.91674
{"epoch": 48, "global_step": 3600, "learning_rate": 0.000199890382320784, "teacher_forcing": 1.0, "predicted_contact_fraction": 0.0, "epoch_seconds": 16.438094899989665, "elapsed_hours": 0.22806080596728456, "loss": 18.25848876953125, "loss_alignment": 0.2126067574818929, "loss_coefficient": 11.554134928385416, "loss_contact": 0.0, "loss_gate": 5.637003173828125, "loss_reconstruction": 0.8547438685099283}
epoch=49 step=3650 loss=16.24994
{"epoch": 49, "global_step": 3675, "learning_rate": 0.0001998854200713629, "teacher_forcing": 1.0, "predicted_contact_fraction": 0.0, "epoch_seconds": 16.673038868699223, "elapsed_hours": 0.23269382503582164, "loss": 17.849114583333332, "loss_alignment": 0.2055583349863688, "loss_coefficient": 11.182035929361978, "loss_contact": 0.0, "loss_gate": 5.634980163574219, "loss_reconstruction": 0.8265388107299805}
epoch=50 step=3700 loss=17.00743
epoch=50 step=3750 loss=18.32294
{"epoch": 50, "global_step": 3750, "learning_rate": 0.0001998803480415107, "teacher_forcing": 1.0, "predicted_contact_fraction": 0.0, "epoch_seconds": 16.37422981020063, "elapsed_hours": 0.23724371055917193, "loss": 17.944619954427083, "loss_alignment": 0.20571257591247558, "loss_coefficient": 11.263038330078125, "loss_contact": 0.0, "loss_gate": 5.634709167480469, "loss_reconstruction": 0.8411613464355469}
epoch=51 step=3800 loss=17.44216
{"epoch": 51, "global_step": 3825, "learning_rate": 0.00019987516623680188, "teacher_forcing": 1.0, "predicted_contact_fraction": 0.0, "epoch_seconds": 17.117637360002846, "elapsed_hours": 0.2421373298341253, "loss": 18.122455240885415, "loss_alignment": 0.21769821802775066, "loss_coefficient": 11.398269856770833, "loss_contact": 0.0, "loss_gate": 5.637794392903646, "loss_reconstruction": 0.8686935424804687}
epoch=52 step=3850 loss=18.12053
epoch=52 step=3900 loss=17.19001
{"epoch": 52, "global_step": 3900, "learning_rate": 0.00019986987466293153, "teacher_forcing": 1.0, "predicted_contact_fraction": 0.0, "epoch_seconds": 16.855669440701604, "elapsed_hours": 0.24682099631974577, "loss": 17.82156005859375, "loss_alignment": 0.20854663530985515, "loss_coefficient": 11.136326904296874, "loss_contact": 0.0, "loss_gate": 5.634608052571615, "loss_reconstruction": 0.8420784250895182}
epoch=53 step=3950 loss=16.98592
{"epoch": 53, "global_step": 3975, "learning_rate": 0.00019986447332571546, "teacher_forcing": 1.0, "predicted_contact_fraction": 0.0, "epoch_seconds": 16.55178383598104, "elapsed_hours": 0.2514202886074781, "loss": 17.681368001302083, "loss_alignment": 0.2078409226735433, "loss_coefficient": 11.028260701497397, "loss_contact": 0.0, "loss_gate": 5.635461832682291, "loss_reconstruction": 0.809807357788086}
epoch=54 step=4000 loss=19.36087
epoch=54 step=4050 loss=20.13255
{"epoch": 54, "global_step": 4050, "learning_rate": 0.00019985896223109005, "teacher_forcing": 1.0, "predicted_contact_fraction": 0.0, "epoch_seconds": 16.89556234702468, "elapsed_hours": 0.25611517761031993, "loss": 18.168345133463543, "loss_alignment": 0.21893192291259767, "loss_coefficient": 11.451554768880209, "loss_contact": 0.0, "loss_gate": 5.635841674804688, "loss_reconstruction": 0.8620144399007161}
epoch=55 step=4100 loss=16.84743
{"epoch": 55, "global_step": 4125, "learning_rate": 0.00019985334138511237, "teacher_forcing": 1.0, "predicted_contact_fraction": 0.0, "epoch_seconds": 16.543404074385762, "elapsed_hours": 0.26071208953055447, "loss": 17.963016357421875, "loss_alignment": 0.2142519156138102, "loss_coefficient": 11.271278279622395, "loss_contact": 0.0, "loss_gate": 5.636557108561198, "loss_reconstruction": 0.8409278869628907}
epoch=56 step=4150 loss=17.31007
epoch=56 step=4200 loss=18.19242
{"epoch": 56, "global_step": 4200, "learning_rate": 0.00019984761079396013, "teacher_forcing": 1.0, "predicted_contact_fraction": 0.0, "epoch_seconds": 16.608123863581568, "elapsed_hours": 0.26532700464414016, "loss": 18.03516398111979, "loss_alignment": 0.21215646107991537, "loss_coefficient": 11.329639689127605, "loss_contact": 0.0, "loss_gate": 5.6368421427408855, "loss_reconstruction": 0.8565246963500976}
epoch=57 step=4250 loss=17.59532
{"epoch": 57, "global_step": 4275, "learning_rate": 0.00019984177046393153, "teacher_forcing": 1.0, "predicted_contact_fraction": 0.0, "epoch_seconds": 16.446707596071064, "elapsed_hours": 0.2698970071422971, "loss": 18.05178507486979, "loss_alignment": 0.22712305068969726, "loss_coefficient": 11.350560506184896, "loss_contact": 0.0, "loss_gate": 5.633253072102865, "loss_reconstruction": 0.8408475240071615}
epoch=58 step=4300 loss=18.82118
epoch=58 step=4350 loss=19.18997
{"epoch": 58, "global_step": 4350, "learning_rate": 0.00019983582040144552, "teacher_forcing": 1.0, "predicted_contact_fraction": 0.0, "epoch_seconds": 16.35215157503262, "elapsed_hours": 0.2744409034816393, "loss": 17.94664794921875, "loss_alignment": 0.2357639249165853, "loss_coefficient": 11.213067016601563, "loss_contact": 0.0, "loss_gate": 5.6352450561523435, "loss_reconstruction": 0.8625742848714193}
epoch=59 step=4400 loss=17.40233
{"epoch": 59, "global_step": 4425, "learning_rate": 0.0001998297606130416, "teacher_forcing": 1.0, "predicted_contact_fraction": 0.0, "epoch_seconds": 16.67471646843478, "elapsed_hours": 0.2790742178358293, "loss": 17.60482462565104, "loss_alignment": 0.20695276578267416, "loss_coefficient": 10.945891316731771, "loss_contact": 0.0, "loss_gate": 5.633271280924479, "loss_reconstruction": 0.8187090174357097}
epoch=60 step=4450 loss=17.55206
epoch=60 step=4500 loss=17.95710
{"epoch": 60, "global_step": 4500, "learning_rate": 0.0001998235911053798, "teacher_forcing": 1.0, "predicted_contact_fraction": 0.0, "epoch_seconds": 16.870339083950967, "elapsed_hours": 0.2837619014564229, "loss": 17.599511311848957, "loss_alignment": 0.21037069002787273, "loss_coefficient": 10.931078491210938, "loss_contact": 0.0, "loss_gate": 5.6324989827473955, "loss_reconstruction": 0.8255624516805014}
epoch=61 step=4550 loss=16.93201
{"epoch": 61, "global_step": 4575, "learning_rate": 0.0001998173118852409, "teacher_forcing": 1.0, "predicted_contact_fraction": 0.0, "epoch_seconds": 16.920838203746825, "elapsed_hours": 0.28860528215054526, "loss": 17.590921223958333, "loss_alignment": 0.21346614519755044, "loss_coefficient": 10.910352579752605, "loss_contact": 0.0, "loss_gate": 5.637442728678385, "loss_reconstruction": 0.8296619033813477}
epoch=62 step=4600 loss=18.21214
epoch=62 step=4650 loss=17.02773
{"epoch": 62, "global_step": 4650, "learning_rate": 0.00019981092295952605, "teacher_forcing": 1.0, "predicted_contact_fraction": 0.0, "epoch_seconds": 16.444733242038637, "elapsed_hours": 0.2931747701158747, "loss": 17.50695841471354, "loss_alignment": 0.20835640907287598, "loss_coefficient": 10.860338745117188, "loss_contact": 0.0, "loss_gate": 5.633258972167969, "loss_reconstruction": 0.8050038146972657}
epoch=63 step=4700 loss=17.67010
{"epoch": 63, "global_step": 4725, "learning_rate": 0.00019980442433525719, "teacher_forcing": 1.0, "predicted_contact_fraction": 0.0, "epoch_seconds": 16.6180483950302, "elapsed_hours": 0.2977924429032848, "loss": 17.210511881510417, "loss_alignment": 0.2041873613993327, "loss_coefficient": 10.60363789876302, "loss_contact": 0.0, "loss_gate": 5.631414591471354, "loss_reconstruction": 0.7712714131673177}
epoch=64 step=4750 loss=14.84971
epoch=64 step=4800 loss=18.89116
{"epoch": 64, "global_step": 4800, "learning_rate": 0.00019979781601957666, "teacher_forcing": 1.0, "predicted_contact_fraction": 0.0, "epoch_seconds": 16.42279084865004, "elapsed_hours": 0.3023557492694817, "loss": 17.411372477213543, "loss_alignment": 0.2019431749979655, "loss_coefficient": 10.78174580891927, "loss_contact": 0.0, "loss_gate": 5.630184834798177, "loss_reconstruction": 0.7974973805745442}
epoch=65 step=4850 loss=19.62210
{"epoch": 65, "global_step": 4875, "learning_rate": 0.00019979109801974743, "teacher_forcing": 1.0, "predicted_contact_fraction": 0.0, "epoch_seconds": 16.472245062235743, "elapsed_hours": 0.30693293114865405, "loss": 17.592898356119793, "loss_alignment": 0.22437358856201173, "loss_coefficient": 10.922298177083333, "loss_contact": 0.0, "loss_gate": 5.632797444661458, "loss_reconstruction": 0.8134286880493165}
epoch=66 step=4900 loss=17.69061
epoch=66 step=4950 loss=16.95196
{"epoch": 66, "global_step": 4950, "learning_rate": 0.00019978427034315303, "teacher_forcing": 1.0, "predicted_contact_fraction": 0.0, "epoch_seconds": 16.57365099294111, "elapsed_hours": 0.311538301341158, "loss": 17.410772705078124, "loss_alignment": 0.21431915918986003, "loss_coefficient": 10.755261637369792, "loss_contact": 0.0, "loss_gate": 5.630233866373698, "loss_reconstruction": 0.8109591674804687}
epoch=67 step=5000 loss=19.39666
{"epoch": 67, "global_step": 5025, "learning_rate": 0.00019977733299729748, "teacher_forcing": 1.0, "predicted_contact_fraction": 0.0, "epoch_seconds": 16.56009712489322, "elapsed_hours": 0.3161398080322478, "loss": 17.324900309244793, "loss_alignment": 0.20591782887776694, "loss_coefficient": 10.69350606282552, "loss_contact": 0.0, "loss_gate": 5.629644775390625, "loss_reconstruction": 0.7958333206176758}
epoch=68 step=5050 loss=16.88181
epoch=68 step=5100 loss=17.53674
{"epoch": 68, "global_step": 5100, "learning_rate": 0.00019977028598980537, "teacher_forcing": 1.0, "predicted_contact_fraction": 0.0, "epoch_seconds": 16.3953525419347, "elapsed_hours": 0.3206955975388539, "loss": 17.257869873046875, "loss_alignment": 0.22052266438802084, "loss_coefficient": 10.613204345703124, "loss_contact": 0.0, "loss_gate": 5.630805358886719, "loss_reconstruction": 0.7933387756347656}
epoch=69 step=5150 loss=17.53665
{"epoch": 69, "global_step": 5175, "learning_rate": 0.00019976312932842182, "teacher_forcing": 1.0, "predicted_contact_fraction": 0.0, "epoch_seconds": 16.542392895091325, "elapsed_hours": 0.325292153788032, "loss": 16.926927490234377, "loss_alignment": 0.20199731508890786, "loss_coefficient": 10.326290690104166, "loss_contact": 0.0, "loss_gate": 5.628437906901041, "loss_reconstruction": 0.7702029291788737}
epoch=70 step=5200 loss=16.28268
epoch=70 step=5250 loss=18.08233
{"epoch": 70, "global_step": 5250, "learning_rate": 0.00019975586302101248, "teacher_forcing": 1.0, "predicted_contact_fraction": 0.0, "epoch_seconds": 17.126906216610223, "elapsed_hours": 0.3300510839472473, "loss": 17.007591145833334, "loss_alignment": 0.20235536575317384, "loss_coefficient": 10.393305053710938, "loss_contact": 0.0, "loss_gate": 5.62589375813802, "loss_reconstruction": 0.7860372161865234}
epoch=71 step=5300 loss=16.85746
{"epoch": 71, "global_step": 5325, "learning_rate": 0.00019974848707556345, "teacher_forcing": 1.0, "predicted_contact_fraction": 0.0, "epoch_seconds": 16.6001729471609, "elapsed_hours": 0.334803088821419, "loss": 17.32542439778646, "loss_alignment": 0.2209300168355306, "loss_coefficient": 10.658592732747396, "loss_contact": 0.0, "loss_gate": 5.629771219889323, "loss_reconstruction": 0.8161300532023112}
epoch=72 step=5350 loss=17.94211
epoch=72 step=5400 loss=16.95478
{"epoch": 72, "global_step": 5400, "learning_rate": 0.00019974100150018135, "teacher_forcing": 1.0, "predicted_contact_fraction": 0.0, "epoch_seconds": 16.6190571738407, "elapsed_hours": 0.33942094191029254, "loss": 16.998896484375, "loss_alignment": 0.20927008310953776, "loss_coefficient": 10.380539347330728, "loss_contact": 0.0, "loss_gate": 5.628739115397136, "loss_reconstruction": 0.780347900390625}
epoch=73 step=5450 loss=16.64165
{"epoch": 73, "global_step": 5475, "learning_rate": 0.00019973340630309336, "teacher_forcing": 1.0, "predicted_contact_fraction": 0.0, "epoch_seconds": 16.563097245059907, "elapsed_hours": 0.34402339737357884, "loss": 16.920487060546876, "loss_alignment": 0.2074086570739746, "loss_coefficient": 10.312016805013021, "loss_contact": 0.0, "loss_gate": 5.626410624186198, "loss_reconstruction": 0.7746503829956055}
epoch=74 step=5500 loss=15.57609
epoch=74 step=5550 loss=16.76492
{"epoch": 74, "global_step": 5550, "learning_rate": 0.00019972570149264703, "teacher_forcing": 1.0, "predicted_contact_fraction": 0.0, "epoch_seconds": 16.666550491936505, "elapsed_hours": 0.34865441837050537, "loss": 17.096433919270833, "loss_alignment": 0.21614529927571616, "loss_coefficient": 10.444298299153646, "loss_contact": 0.0, "loss_gate": 5.6314306640625, "loss_reconstruction": 0.8045616022745768}
epoch=75 step=5600 loss=18.21103
{"epoch": 75, "global_step": 5625, "learning_rate": 0.00019971788707731048, "teacher_forcing": 1.0, "predicted_contact_fraction": 0.0, "epoch_seconds": 16.62309879483655, "elapsed_hours": 0.35327349075439596, "loss": 17.1031787109375, "loss_alignment": 0.21629920323689777, "loss_coefficient": 10.459395548502604, "loss_contact": 0.0, "loss_gate": 5.630110270182292, "loss_reconstruction": 0.7973722966512045}
epoch=76 step=5650 loss=18.68946
epoch=76 step=5700 loss=16.64611
{"epoch": 76, "global_step": 5700, "learning_rate": 0.0001997099630656722, "teacher_forcing": 1.0, "predicted_contact_fraction": 0.0, "epoch_seconds": 16.452518696896732, "elapsed_hours": 0.35784517961696516, "loss": 16.774059244791665, "loss_alignment": 0.2076766586303711, "loss_coefficient": 10.168569742838542, "loss_contact": 0.0, "loss_gate": 5.629457295735677, "loss_reconstruction": 0.7683583577473958}
epoch=77 step=5750 loss=16.72719
{"epoch": 77, "global_step": 5775, "learning_rate": 0.00019970192946644122, "teacher_forcing": 1.0, "predicted_contact_fraction": 0.0, "epoch_seconds": 16.958463421091437, "elapsed_hours": 0.36255734728610456, "loss": 16.76313517252604, "loss_alignment": 0.2165817451477051, "loss_coefficient": 10.165803019205729, "loss_contact": 0.0, "loss_gate": 5.623887125651041, "loss_reconstruction": 0.756864242553711}
epoch=78 step=5800 loss=15.77160
epoch=78 step=5850 loss=16.29658
{"epoch": 78, "global_step": 5850, "learning_rate": 0.00019969378628844698, "teacher_forcing": 1.0, "predicted_contact_fraction": 0.0, "epoch_seconds": 16.63949631806463, "elapsed_hours": 0.3671809125999506, "loss": 16.44330607096354, "loss_alignment": 0.21798917770385742, "loss_coefficient": 9.861193237304688, "loss_contact": 0.0, "loss_gate": 5.62482920328776, "loss_reconstruction": 0.7392941919962565}
epoch=79 step=5900 loss=15.50808
{"epoch": 79, "global_step": 5925, "learning_rate": 0.0001996855335406393, "teacher_forcing": 1.0, "predicted_contact_fraction": 0.0, "epoch_seconds": 16.448275979142636, "elapsed_hours": 0.37175131771726433, "loss": 16.610314127604166, "loss_alignment": 0.21278979619344077, "loss_coefficient": 10.026009724934896, "loss_contact": 0.0, "loss_gate": 5.622675476074218, "loss_reconstruction": 0.7488379796346029}
epoch=80 step=5950 loss=16.46675
epoch=80 step=6000 loss=16.23569
{"epoch": 80, "global_step": 6000, "learning_rate": 0.00019967717123208853, "teacher_forcing": 1.0, "predicted_contact_fraction": 0.0, "epoch_seconds": 16.71712753083557, "elapsed_hours": 0.376396654763052, "loss": 16.41707316080729, "loss_alignment": 0.20501205444335938, "loss_coefficient": 9.844300130208333, "loss_contact": 0.0, "loss_gate": 5.6205762736002605, "loss_reconstruction": 0.7471838506062826}
epoch=81 step=6050 loss=13.92182
{"epoch": 81, "global_step": 6075, "learning_rate": 0.00019966869937198541, "teacher_forcing": 1.0, "predicted_contact_fraction": 0.0, "epoch_seconds": 16.210730275139213, "elapsed_hours": 0.38109045030665584, "loss": 16.082177327473957, "loss_alignment": 0.20604997952779133, "loss_coefficient": 9.5313720703125, "loss_contact": 0.0, "loss_gate": 5.620762736002604, "loss_reconstruction": 0.7239905802408854}
epoch=82 step=6100 loss=16.10071
epoch=82 step=6150 loss=16.88331
{"epoch": 82, "global_step": 6150, "learning_rate": 0.00019966011796964094, "teacher_forcing": 1.0, "predicted_contact_fraction": 0.0, "epoch_seconds": 16.30456443177536, "elapsed_hours": 0.3856209728145041, "loss": 16.920602213541667, "loss_alignment": 0.21550851186116537, "loss_coefficient": 10.300611979166666, "loss_contact": 0.0, "loss_gate": 5.619515787760417, "loss_reconstruction": 0.7849649810791015}
epoch=83 step=6200 loss=15.60263
{"epoch": 83, "global_step": 6225, "learning_rate": 0.00019965142703448673, "teacher_forcing": 1.0, "predicted_contact_fraction": 0.0, "epoch_seconds": 16.470421036705375, "elapsed_hours": 0.39019752848531225, "loss": 16.692701416015623, "loss_alignment": 0.2220000457763672, "loss_coefficient": 10.07994608561198, "loss_contact": 0.0, "loss_gate": 5.622568664550781, "loss_reconstruction": 0.7681881586710612}
epoch=84 step=6250 loss=16.50900
epoch=84 step=6300 loss=15.36562
{"epoch": 84, "global_step": 6300, "learning_rate": 0.0001996426265760746, "teacher_forcing": 1.0, "predicted_contact_fraction": 0.0, "epoch_seconds": 16.45375041803345, "elapsed_hours": 0.39476950215162815, "loss": 16.756060791015624, "loss_alignment": 0.2136760965983073, "loss_coefficient": 10.146693522135417, "loss_contact": 0.0, "loss_gate": 5.619728393554688, "loss_reconstruction": 0.7759637959798177}
epoch=85 step=6350 loss=17.75789
{"epoch": 85, "global_step": 6375, "learning_rate": 0.0001996337166040769, "teacher_forcing": 1.0, "predicted_contact_fraction": 0.0, "epoch_seconds": 16.534458891954273, "elapsed_hours": 0.3993638672361461, "loss": 16.90341512044271, "loss_alignment": 0.21816521962483723, "loss_coefficient": 10.262829182942708, "loss_contact": 0.0, "loss_gate": 5.622110493977865, "loss_reconstruction": 0.800310312906901}
epoch=86 step=6400 loss=15.48056
epoch=86 step=6450 loss=16.58084
{"epoch": 86, "global_step": 6450, "learning_rate": 0.00019962469712828614, "teacher_forcing": 1.0, "predicted_contact_fraction": 0.0, "epoch_seconds": 16.507965018041432, "elapsed_hours": 0.4039508892608703, "loss": 16.632401936848957, "loss_alignment": 0.2184786287943522, "loss_coefficient": 10.018782958984374, "loss_contact": 0.0, "loss_gate": 5.6237351481119795, "loss_reconstruction": 0.7714050801595053}
epoch=87 step=6500 loss=15.75582
{"epoch": 87, "global_step": 6525, "learning_rate": 0.00019961556815861536, "teacher_forcing": 1.0, "predicted_contact_fraction": 0.0, "epoch_seconds": 16.43145192414522, "elapsed_hours": 0.40851685206858546, "loss": 16.222706705729166, "loss_alignment": 0.20304457028706868, "loss_coefficient": 9.661178792317708, "loss_contact": 0.0, "loss_gate": 5.62063720703125, "loss_reconstruction": 0.7378467305501302}
epoch=88 step=6550 loss=16.66416
epoch=88 step=6600 loss=16.80090
{"epoch": 88, "global_step": 6600, "learning_rate": 0.00019960632970509793, "teacher_forcing": 1.0, "predicted_contact_fraction": 0.0, "epoch_seconds": 16.40763469832018, "elapsed_hours": 0.4130761594189486, "loss": 16.73323527018229, "loss_alignment": 0.21802728017171225, "loss_coefficient": 10.099924723307291, "loss_contact": 0.0, "loss_gate": 5.621849365234375, "loss_reconstruction": 0.7934334309895833}
epoch=89 step=6650 loss=16.65776
{"epoch": 89, "global_step": 6675, "learning_rate": 0.0001995969817778874, "teacher_forcing": 1.0, "predicted_contact_fraction": 0.0, "epoch_seconds": 16.758605303242803, "elapsed_hours": 0.41773336735722194, "loss": 17.024794921875, "loss_alignment": 0.23328788757324218, "loss_coefficient": 10.365567016601563, "loss_contact": 0.0, "loss_gate": 5.623522542317708, "loss_reconstruction": 0.8024177042643229}
epoch=90 step=6700 loss=15.82309
epoch=90 step=6750 loss=17.03841
{"epoch": 90, "global_step": 6750, "learning_rate": 0.0001995875243872578, "teacher_forcing": 1.0, "predicted_contact_fraction": 0.0, "epoch_seconds": 16.606418560259044, "elapsed_hours": 0.4223476770700007, "loss": 16.280459798177084, "loss_alignment": 0.2157177480061849, "loss_coefficient": 9.706589152018228, "loss_contact": 0.0, "loss_gate": 5.6226048787434895, "loss_reconstruction": 0.735549176534017}
epoch=91 step=6800 loss=16.90221
{"epoch": 91, "global_step": 6825, "learning_rate": 0.00019957795754360343, "teacher_forcing": 1.0, "predicted_contact_fraction": 0.0, "epoch_seconds": 16.830065947026014, "elapsed_hours": 0.42716145217780854, "loss": 16.193268636067707, "loss_alignment": 0.2112774912516276, "loss_coefficient": 9.637188313802083, "loss_contact": 0.0, "loss_gate": 5.61994374593099, "loss_reconstruction": 0.7248618952433268}
epoch=92 step=6850 loss=15.08652
epoch=92 step=6900 loss=14.96597
{"epoch": 92, "global_step": 6900, "learning_rate": 0.00019956828125743876, "teacher_forcing": 1.0, "predicted_contact_fraction": 0.0, "epoch_seconds": 16.328150799963623, "elapsed_hours": 0.4316986954469596, "loss": 16.67866414388021, "loss_alignment": 0.22563767751057942, "loss_coefficient": 10.089349568684895, "loss_contact": 0.0, "loss_gate": 5.618127746582031, "loss_reconstruction": 0.7455495452880859}
epoch=93 step=6950 loss=16.50590
{"epoch": 93, "global_step": 6975, "learning_rate": 0.0001995584955393987, "teacher_forcing": 1.0, "predicted_contact_fraction": 0.0, "epoch_seconds": 16.44639480113983, "elapsed_hours": 0.43626858887417863, "loss": 16.155858968098958, "loss_alignment": 0.2107029406229655, "loss_coefficient": 9.611771443684896, "loss_contact": 0.0, "loss_gate": 5.618921712239583, "loss_reconstruction": 0.7144629287719727}
epoch=94 step=7000 loss=17.14499
epoch=94 step=7050 loss=17.59028
{"epoch": 94, "global_step": 7050, "learning_rate": 0.00019954860040023842, "teacher_forcing": 1.0, "predicted_contact_fraction": 0.0, "epoch_seconds": 16.773500511422753, "elapsed_hours": 0.4409293172767179, "loss": 16.139150390625, "loss_alignment": 0.2106664244333903, "loss_coefficient": 9.590201822916667, "loss_contact": 0.0, "loss_gate": 5.616408996582031, "loss_reconstruction": 0.7218737284342448}
epoch=95 step=7100 loss=16.42103
{"epoch": 95, "global_step": 7125, "learning_rate": 0.00019953859585083325, "teacher_forcing": 1.0, "predicted_contact_fraction": 0.0, "epoch_seconds": 16.343682277947664, "elapsed_hours": 0.44547072744915367, "loss": 16.298272298177082, "loss_alignment": 0.2178694979349772, "loss_coefficient": 9.718758544921876, "loss_contact": 0.0, "loss_gate": 5.618771158854167, "loss_reconstruction": 0.7428724797566731}
epoch=96 step=7150 loss=15.88459
epoch=96 step=7200 loss=15.49528
{"epoch": 96, "global_step": 7200, "learning_rate": 0.0001995284819021788, "teacher_forcing": 1.0, "predicted_contact_fraction": 0.0, "epoch_seconds": 16.338226248975843, "elapsed_hours": 0.45001060116673924, "loss": 16.31860432942708, "loss_alignment": 0.22246770858764647, "loss_coefficient": 9.74206583658854, "loss_contact": 0.0, "loss_gate": 5.616209208170573, "loss_reconstruction": 0.7378620529174804}
epoch=97 step=7250 loss=15.59058
{"epoch": 97, "global_step": 7275, "learning_rate": 0.00019951825856539103, "teacher_forcing": 1.0, "predicted_contact_fraction": 0.0, "epoch_seconds": 16.44792011100799, "elapsed_hours": 0.4545808780294222, "loss": 16.144698893229165, "loss_alignment": 0.21643040339152017, "loss_coefficient": 9.580418497721354, "loss_contact": 0.0, "loss_gate": 5.614564717610677, "loss_reconstruction": 0.733287353515625}
epoch=98 step=7300 loss=15.04110
epoch=98 step=7350 loss=16.85920
{"epoch": 98, "global_step": 7350, "learning_rate": 0.00019950792585170598, "teacher_forcing": 1.0, "predicted_contact_fraction": 0.0, "epoch_seconds": 17.09287285571918, "elapsed_hours": 0.45933034010386714, "loss": 16.09524169921875, "loss_alignment": 0.21268392562866212, "loss_coefficient": 9.547718709309896, "loss_contact": 0.0, "loss_gate": 5.610173645019532, "loss_reconstruction": 0.7246632258097331}
epoch=99 step=7400 loss=16.44722
{"epoch": 99, "global_step": 7425, "learning_rate": 0.00019949748377247998, "teacher_forcing": 1.0, "predicted_contact_fraction": 0.0, "epoch_seconds": 16.653283216059208, "elapsed_hours": 0.4639577963450251, "loss": 16.347051595052083, "loss_alignment": 0.22073650360107422, "loss_coefficient": 9.76651123046875, "loss_contact": 0.0, "loss_gate": 5.610760498046875, "loss_reconstruction": 0.7490445963541666}
epoch=100 step=7450 loss=16.14799
epoch=100 step=7500 loss=17.45392
{"epoch": 100, "global_step": 7500, "learning_rate": 0.00019948693233918952, "teacher_forcing": 1.0, "predicted_contact_fraction": 0.0, "epoch_seconds": 16.511276051867753, "elapsed_hours": 0.46854571650554944, "loss": 16.11182902018229, "loss_alignment": 0.21240118662516275, "loss_coefficient": 9.555947265625, "loss_contact": 0.0, "loss_gate": 5.616245320638021, "loss_reconstruction": 0.7272379938761393}
epoch=101 step=7550 loss=16.74087
{"epoch": 101, "global_step": 7575, "learning_rate": 0.00019947627156343133, "teacher_forcing": 1.0, "predicted_contact_fraction": 0.0, "epoch_seconds": 16.436649185139686, "elapsed_hours": 0.47324503693587355, "loss": 16.192398681640626, "loss_alignment": 0.20557332356770833, "loss_coefficient": 9.6554296875, "loss_contact": 0.0, "loss_gate": 5.6097623697916665, "loss_reconstruction": 0.7216344451904297}
epoch=102 step=7600 loss=15.25697
epoch=102 step=7650 loss=17.93654
{"epoch": 102, "global_step": 7650, "learning_rate": 0.00019946550145692223, "teacher_forcing": 1.0, "predicted_contact_fraction": 0.0, "epoch_seconds": 16.6220449260436, "elapsed_hours": 0.4778637535114669, "loss": 16.087480875651043, "loss_alignment": 0.21580509821573893, "loss_coefficient": 9.539034016927083, "loss_contact": 0.0, "loss_gate": 5.609593505859375, "loss_reconstruction": 0.7230467732747395}
epoch=103 step=7700 loss=16.52602
{"epoch": 103, "global_step": 7725, "learning_rate": 0.00019945462203149928, "teacher_forcing": 1.0, "predicted_contact_fraction": 0.0, "epoch_seconds": 16.935302855912596, "elapsed_hours": 0.4825696281522202, "loss": 16.01482462565104, "loss_alignment": 0.21603691736857097, "loss_coefficient": 9.475788981119791, "loss_contact": 0.0, "loss_gate": 5.612274373372395, "loss_reconstruction": 0.7107254409790039}
epoch=104 step=7750 loss=16.16071
epoch=104 step=7800 loss=16.04531
{"epoch": 104, "global_step": 7800, "learning_rate": 0.00019944363329911968, "teacher_forcing": 1.0, "predicted_contact_fraction": 0.0, "epoch_seconds": 16.431533048395067, "elapsed_hours": 0.4871356273157936, "loss": 15.957290852864583, "loss_alignment": 0.21762976328531902, "loss_coefficient": 9.42279052734375, "loss_contact": 0.0, "loss_gate": 5.6100375366210935, "loss_reconstruction": 0.7068337249755859}
epoch=105 step=7850 loss=15.73051
{"epoch": 105, "global_step": 7875, "learning_rate": 0.0001994325352718607, "teacher_forcing": 1.0, "predicted_contact_fraction": 0.0, "epoch_seconds": 16.70134709822014, "elapsed_hours": 0.4917763469472993, "loss": 15.543971354166667, "loss_alignment": 0.20363036473592122, "loss_coefficient": 9.048104044596354, "loss_contact": 0.0, "loss_gate": 5.605848286946615, "loss_reconstruction": 0.6863863881429036}
epoch=106 step=7900 loss=16.84901
epoch=106 step=7950 loss=16.12217
{"epoch": 106, "global_step": 7950, "learning_rate": 0.00019942132796191983, "teacher_forcing": 1.0, "predicted_contact_fraction": 0.0, "epoch_seconds": 16.706297107972205, "elapsed_hours": 0.4964186993608665, "loss": 16.048299967447917, "loss_alignment": 0.21700267791748046, "loss_coefficient": 9.521820271809895, "loss_contact": 0.0, "loss_gate": 5.60805908203125, "loss_reconstruction": 0.7014169438680014}
epoch=107 step=8000 loss=18.85339
{"epoch": 107, "global_step": 8025, "learning_rate": 0.00019941001138161458, "teacher_forcing": 1.0, "predicted_contact_fraction": 0.0, "epoch_seconds": 17.620319521054626, "elapsed_hours": 0.5013148472441309, "loss": 16.70300333658854, "loss_alignment": 0.22990882873535157, "loss_coefficient": 10.084898681640626, "loss_contact": 0.0, "loss_gate": 5.60504140218099, "loss_reconstruction": 0.783152592976888}
epoch=108 step=8050 loss=15.81897
epoch=108 step=8100 loss=16.73230
{"epoch": 108, "global_step": 8100, "learning_rate": 0.0001993985855433826, "teacher_forcing": 1.0, "predicted_contact_fraction": 0.0, "epoch_seconds": 18.382311903871596, "elapsed_hours": 0.5064234220155049, "loss": 16.210133463541666, "loss_alignment": 0.2250853983561198, "loss_coefficient": 9.630163167317708, "loss_contact": 0.0, "loss_gate": 5.60999755859375, "loss_reconstruction": 0.7448864491780599}
epoch=109 step=8150 loss=15.81682
{"epoch": 109, "global_step": 8175, "learning_rate": 0.00019938705045978162, "teacher_forcing": 1.0, "predicted_contact_fraction": 0.0, "epoch_seconds": 17.616188628599048, "elapsed_hours": 0.5113183633639063, "loss": 16.01439168294271, "loss_alignment": 0.21690481185913085, "loss_coefficient": 9.473978881835938, "loss_contact": 0.0, "loss_gate": 5.6065965779622395, "loss_reconstruction": 0.7169114049275717}
epoch=110 step=8200 loss=15.52796
epoch=110 step=8250 loss=17.17921
{"epoch": 110, "global_step": 8250, "learning_rate": 0.00019937540614348943, "teacher_forcing": 1.0, "predicted_contact_fraction": 0.0, "epoch_seconds": 16.69594735186547, "elapsed_hours": 0.5159576498589012, "loss": 16.16520955403646, "loss_alignment": 0.22943939208984376, "loss_coefficient": 9.59148213704427, "loss_contact": 0.0, "loss_gate": 5.603914388020834, "loss_reconstruction": 0.7403747812906901}
epoch=111 step=8300 loss=17.63261
{"epoch": 111, "global_step": 8325, "learning_rate": 0.00019936365260730387, "teacher_forcing": 1.0, "predicted_contact_fraction": 0.0, "epoch_seconds": 16.729619927704334, "elapsed_hours": 0.5207424213358253, "loss": 16.113741048177083, "loss_alignment": 0.229007937113444, "loss_coefficient": 9.558934529622396, "loss_contact": 0.0, "loss_gate": 5.603574117024739, "loss_reconstruction": 0.7222246170043946}
epoch=112 step=8350 loss=14.19766
epoch=112 step=8400 loss=16.75682
{"epoch": 112, "global_step": 8400, "learning_rate": 0.00019935178986414282, "teacher_forcing": 1.0, "predicted_contact_fraction": 0.0, "epoch_seconds": 16.657722380012274, "elapsed_hours": 0.5253710660166366, "loss": 15.853867594401041, "loss_alignment": 0.21891090393066406, "loss_coefficient": 9.321356608072916, "loss_contact": 0.0, "loss_gate": 5.601454976399739, "loss_reconstruction": 0.7121461613972981}
epoch=113 step=8450 loss=14.56763
{"epoch": 113, "global_step": 8475, "learning_rate": 0.00019933981792704422, "teacher_forcing": 1.0, "predicted_contact_fraction": 0.0, "epoch_seconds": 16.79567443812266, "elapsed_hours": 0.5300379553510962, "loss": 15.781866861979166, "loss_alignment": 0.21651596705118814, "loss_coefficient": 9.267234293619792, "loss_contact": 0.0, "loss_gate": 5.601197306315104, "loss_reconstruction": 0.6969196192423502}
epoch=114 step=8500 loss=13.76432
epoch=114 step=8550 loss=16.74680
{"epoch": 114, "global_step": 8550, "learning_rate": 0.00019932773680916594, "teacher_forcing": 1.0, "predicted_contact_fraction": 0.0, "epoch_seconds": 16.511487904936075, "elapsed_hours": 0.5346259211299993, "loss": 15.428981119791667, "loss_alignment": 0.19938770294189453, "loss_coefficient": 8.950908610026042, "loss_contact": 0.0, "loss_gate": 5.598335469563802, "loss_reconstruction": 0.6803501892089844}
epoch=115 step=8600 loss=15.65268
{"epoch": 115, "global_step": 8625, "learning_rate": 0.00019931554652378593, "teacher_forcing": 1.0, "predicted_contact_fraction": 0.0, "epoch_seconds": 16.669380992185324, "elapsed_hours": 0.5392577803700179, "loss": 15.559187418619791, "loss_alignment": 0.2082537333170573, "loss_coefficient": 9.052254231770833, "loss_contact": 0.0, "loss_gate": 5.60107401529948, "loss_reconstruction": 0.6976067225138346}
epoch=116 step=8650 loss=15.01470
epoch=116 step=8700 loss=16.06830
{"epoch": 116, "global_step": 8700, "learning_rate": 0.00019930324708430206, "teacher_forcing": 1.0, "predicted_contact_fraction": 0.0, "epoch_seconds": 16.754813773091882, "elapsed_hours": 0.5439134004313706, "loss": 15.843753255208334, "loss_alignment": 0.20876747767130535, "loss_coefficient": 9.336535237630208, "loss_contact": 0.0, "loss_gate": 5.598366088867188, "loss_reconstruction": 0.7000835927327475}
epoch=117 step=8750 loss=14.94948
{"epoch": 117, "global_step": 8775, "learning_rate": 0.00019929083850423225, "teacher_forcing": 1.0, "predicted_contact_fraction": 0.0, "epoch_seconds": 17.00847246684134, "elapsed_hours": 0.5486394358247829, "loss": 15.98675577799479, "loss_alignment": 0.22308778127034506, "loss_coefficient": 9.451685180664063, "loss_contact": 0.0, "loss_gate": 5.599334920247395, "loss_reconstruction": 0.7126510238647461}
epoch=118 step=8800 loss=16.37264
epoch=118 step=8850 loss=15.30990
{"epoch": 118, "global_step": 8850, "learning_rate": 0.00019927832079721428, "teacher_forcing": 1.0, "predicted_contact_fraction": 0.0, "epoch_seconds": 16.637439999729395, "elapsed_hours": 0.5532624476511653, "loss": 15.89013671875, "loss_alignment": 0.22057788213094076, "loss_coefficient": 9.373482259114583, "loss_contact": 0.0, "loss_gate": 5.599125467936198, "loss_reconstruction": 0.6969537607828776}
epoch=119 step=8900 loss=15.04329
{"epoch": 119, "global_step": 8925, "learning_rate": 0.0001992656939770059, "teacher_forcing": 1.0, "predicted_contact_fraction": 0.0, "epoch_seconds": 16.272500440943986, "elapsed_hours": 0.5577841973616483, "loss": 16.234473876953125, "loss_alignment": 0.22716145833333334, "loss_coefficient": 9.677060953776042, "loss_contact": 0.0, "loss_gate": 5.597801818847656, "loss_reconstruction": 0.7324503707885742}
epoch=120 step=8950 loss=17.18212
epoch=120 step=9000 loss=16.05582
{"epoch": 120, "global_step": 9000, "learning_rate": 0.0001992529580574848, "teacher_forcing": 1.0, "predicted_contact_fraction": 0.0, "epoch_seconds": 16.601924224756658, "elapsed_hours": 0.5623972898539311, "loss": 16.213625895182293, "loss_alignment": 0.23108378092447918, "loss_coefficient": 9.657708740234375, "loss_contact": 0.0, "loss_gate": 5.599403279622396, "loss_reconstruction": 0.7254292424519857}
epoch=121 step=9050 loss=15.82738
{"epoch": 121, "global_step": 9075, "learning_rate": 0.0001992401130526486, "teacher_forcing": 1.0, "predicted_contact_fraction": 0.0, "epoch_seconds": 16.337728896178305, "elapsed_hours": 0.567072900963378, "loss": 15.791200358072917, "loss_alignment": 0.2195328140258789, "loss_coefficient": 9.282067260742188, "loss_contact": 0.0, "loss_gate": 5.593071797688802, "loss_reconstruction": 0.6965286127726237}
epoch=122 step=9100 loss=16.49174
epoch=122 step=9150 loss=14.99496
{"epoch": 122, "global_step": 9150, "learning_rate": 0.00019922715897661473, "teacher_forcing": 1.0, "predicted_contact_fraction": 0.0, "epoch_seconds": 16.276351603213698, "elapsed_hours": 0.5715955116952924, "loss": 15.592004801432292, "loss_alignment": 0.21486654599507649, "loss_coefficient": 9.110336303710938, "loss_contact": 0.0, "loss_gate": 5.590894877115885, "loss_reconstruction": 0.6759081776936849}
epoch=123 step=9200 loss=16.30674
{"epoch": 123, "global_step": 9225, "learning_rate": 0.00019921409584362055, "teacher_forcing": 1.0, "predicted_contact_fraction": 0.0, "epoch_seconds": 16.45683970116079, "elapsed_hours": 0.5761683021972163, "loss": 15.6280322265625, "loss_alignment": 0.21252949714660643, "loss_coefficient": 9.157662760416667, "loss_contact": 0.0, "loss_gate": 5.590805358886719, "loss_reconstruction": 0.6670349884033203}
epoch=124 step=9250 loss=15.48736
epoch=124 step=9300 loss=16.66909
{"epoch": 124, "global_step": 9300, "learning_rate": 0.00019920092366802327, "teacher_forcing": 1.0, "predicted_contact_fraction": 0.0, "epoch_seconds": 16.613289037253708, "elapsed_hours": 0.5807847721183983, "loss": 15.540228271484375, "loss_alignment": 0.2116222890218099, "loss_coefficient": 9.061190185546875, "loss_contact": 0.0, "loss_gate": 5.592320556640625, "loss_reconstruction": 0.6750951894124348}
epoch=125 step=9350 loss=15.21707
{"epoch": 125, "global_step": 9375, "learning_rate": 0.0001991876424643, "teacher_forcing": 1.0, "predicted_contact_fraction": 0.0, "epoch_seconds": 16.37727542873472, "elapsed_hours": 0.58533550555973, "loss": 16.0038525390625, "loss_alignment": 0.22523728052775066, "loss_coefficient": 9.476822916666666, "loss_contact": 0.0, "loss_gate": 5.592045389811198, "loss_reconstruction": 0.7097505187988281}
epoch=126 step=9400 loss=15.69308
epoch=126 step=9450 loss=15.10253
{"epoch": 126, "global_step": 9450, "learning_rate": 0.00019917425224704756, "teacher_forcing": 1.0, "predicted_contact_fraction": 0.0, "epoch_seconds": 16.57288468396291, "elapsed_hours": 0.5899405265083382, "loss": 15.98331298828125, "loss_alignment": 0.22895809173583984, "loss_coefficient": 9.457398274739583, "loss_contact": 0.0, "loss_gate": 5.59211669921875, "loss_reconstruction": 0.7048377863566081}
epoch=127 step=9500 loss=15.19016
{"epoch": 127, "global_step": 9525, "learning_rate": 0.0001991607530309827, "teacher_forcing": 1.0, "predicted_contact_fraction": 0.0, "epoch_seconds": 16.770866505336016, "elapsed_hours": 0.5946005598936851, "loss": 15.824849853515625, "loss_alignment": 0.23167786916097005, "loss_coefficient": 9.299752400716146, "loss_contact": 0.0, "loss_gate": 5.591518147786458, "loss_reconstruction": 0.7019015502929687}
epoch=128 step=9550 loss=16.07389
epoch=128 step=9600 loss=14.83248
{"epoch": 128, "global_step": 9600, "learning_rate": 0.00019914714483094189, "teacher_forcing": 1.0, "predicted_contact_fraction": 0.0, "epoch_seconds": 16.514932279009372, "elapsed_hours": 0.5991895334616614, "loss": 15.251530354817708, "loss_alignment": 0.2144412358601888, "loss_coefficient": 8.80438720703125, "loss_contact": 0.0, "loss_gate": 5.589631856282552, "loss_reconstruction": 0.6430700302124024}
epoch=129 step=9650 loss=14.75741
{"epoch": 129, "global_step": 9675, "learning_rate": 0.00019913342766188138, "teacher_forcing": 1.0, "predicted_contact_fraction": 0.0, "epoch_seconds": 16.784275925718248, "elapsed_hours": 0.6038533137702486, "loss": 15.442694905598959, "loss_alignment": 0.21996480941772462, "loss_coefficient": 8.955287475585937, "loss_contact": 0.0, "loss_gate": 5.588434041341146, "loss_reconstruction": 0.6790084075927735}
epoch=130 step=9700 loss=16.80639
epoch=130 step=9750 loss=17.38012
{"epoch": 130, "global_step": 9750, "learning_rate": 0.0001991196015388773, "teacher_forcing": 1.0, "predicted_contact_fraction": 0.0, "epoch_seconds": 16.821883398573846, "elapsed_hours": 0.6085275729744333, "loss": 15.588647054036459, "loss_alignment": 0.21847808837890625, "loss_coefficient": 9.103487548828125, "loss_contact": 0.0, "loss_gate": 5.58709716796875, "loss_reconstruction": 0.6795832316080729}
epoch=131 step=9800 loss=14.94728
{"epoch": 131, "global_step": 9825, "learning_rate": 0.00019910566647712535, "teacher_forcing": 1.0, "predicted_contact_fraction": 0.0, "epoch_seconds": 16.72371237166226, "elapsed_hours": 0.613311900902255, "loss": 15.987633870442709, "loss_alignment": 0.23030768712361654, "loss_coefficient": 9.459932657877603, "loss_contact": 0.0, "loss_gate": 5.587984822591146, "loss_reconstruction": 0.7094083658854167}
epoch=132 step=9850 loss=15.48796
epoch=132 step=9900 loss=14.76046
{"epoch": 132, "global_step": 9900, "learning_rate": 0.0001990916224919411, "teacher_forcing": 1.0, "predicted_contact_fraction": 0.0, "epoch_seconds": 16.891213378868997, "elapsed_hours": 0.6180053723221903, "loss": 15.349097086588541, "loss_alignment": 0.21418599446614583, "loss_coefficient": 8.887387898763022, "loss_contact": 0.0, "loss_gate": 5.586524454752604, "loss_reconstruction": 0.6609987131754558}
epoch=133 step=9950 loss=14.75882
{"epoch": 133, "global_step": 9975, "learning_rate": 0.00019907746959875976, "teacher_forcing": 1.0, "predicted_contact_fraction": 0.0, "epoch_seconds": 16.796486297622323, "elapsed_hours": 0.6226725384655099, "loss": 15.430703531901042, "loss_alignment": 0.2207446606953939, "loss_coefficient": 8.954025065104167, "loss_contact": 0.0, "loss_gate": 5.582015584309896, "loss_reconstruction": 0.6739199829101562}
epoch=134 step=10000 loss=14.22440
epoch=134 step=10050 loss=14.85135
{"epoch": 134, "global_step": 10050, "learning_rate": 0.00019906320781313628, "teacher_forcing": 1.0, "predicted_contact_fraction": 0.0, "epoch_seconds": 16.71378987841308, "elapsed_hours": 0.6273168087199641, "loss": 15.442163492838542, "loss_alignment": 0.21476106643676757, "loss_coefficient": 8.984040934244792, "loss_contact": 0.0, "loss_gate": 5.583910624186198, "loss_reconstruction": 0.6594507344563802}
epoch=135 step=10100 loss=15.55252
{"epoch": 135, "global_step": 10125, "learning_rate": 0.00019904883715074525, "teacher_forcing": 1.0, "predicted_contact_fraction": 0.0, "epoch_seconds": 16.783147583249956, "elapsed_hours": 0.6319802965481196, "loss": 15.134306233723958, "loss_alignment": 0.2121797784169515, "loss_coefficient": 8.69272440592448, "loss_contact": 0.0, "loss_gate": 5.581828308105469, "loss_reconstruction": 0.6475730514526368}
epoch=136 step=10150 loss=15.25093
epoch=136 step=10200 loss=14.42782
{"epoch": 136, "global_step": 10200, "learning_rate": 0.00019903435762738095, "teacher_forcing": 1.0, "predicted_contact_fraction": 0.0, "epoch_seconds": 17.24509444879368, "elapsed_hours": 0.6367722922572607, "loss": 15.470672607421875, "loss_alignment": 0.22715801239013672, "loss_coefficient": 8.995865885416666, "loss_contact": 0.0, "loss_gate": 5.57861572265625, "loss_reconstruction": 0.6690335973103841}
epoch=137 step=10250 loss=15.08362
{"epoch": 137, "global_step": 10275, "learning_rate": 0.0001990197692589573, "teacher_forcing": 1.0, "predicted_contact_fraction": 0.0, "epoch_seconds": 16.62903697276488, "elapsed_hours": 0.6413940499028347, "loss": 15.68931396484375, "loss_alignment": 0.21948011398315428, "loss_coefficient": 9.20458251953125, "loss_contact": 0.0, "loss_gate": 5.57856923421224, "loss_reconstruction": 0.6866826248168946}
epoch=138 step=10300 loss=14.32325
epoch=138 step=10350 loss=16.04040
{"epoch": 138, "global_step": 10350, "learning_rate": 0.00019900507206150784, "teacher_forcing": 1.0, "predicted_contact_fraction": 0.0, "epoch_seconds": 16.752777635119855, "elapsed_hours": 0.6460491715700158, "loss": 15.630772298177083, "loss_alignment": 0.21927787780761718, "loss_coefficient": 9.171307169596354, "loss_contact": 0.0, "loss_gate": 5.576529846191407, "loss_reconstruction": 0.6636619059244792}
epoch=139 step=10400 loss=17.60125
{"epoch": 139, "global_step": 10425, "learning_rate": 0.00019899026605118574, "teacher_forcing": 1.0, "predicted_contact_fraction": 0.0, "epoch_seconds": 16.546171200927347, "elapsed_hours": 0.6506468901108019, "loss": 15.493256429036458, "loss_alignment": 0.22127391815185546, "loss_coefficient": 9.037288411458333, "loss_contact": 0.0, "loss_gate": 5.574334513346354, "loss_reconstruction": 0.6603604125976562}
epoch=140 step=10450 loss=16.15259
epoch=140 step=10500 loss=17.05548
{"epoch": 140, "global_step": 10500, "learning_rate": 0.0001989753512442637, "teacher_forcing": 1.0, "predicted_contact_fraction": 0.0, "epoch_seconds": 16.86572441086173, "elapsed_hours": 0.6553332798611115, "loss": 15.39345011393229, "loss_alignment": 0.21665767987569173, "loss_coefficient": 8.955841064453125, "loss_contact": 0.0, "loss_gate": 5.574277038574219, "loss_reconstruction": 0.6466751480102539}
epoch=141 step=10550 loss=14.60195
{"epoch": 141, "global_step": 10575, "learning_rate": 0.00019896032765713412, "teacher_forcing": 1.0, "predicted_contact_fraction": 0.0, "epoch_seconds": 16.60332278208807, "elapsed_hours": 0.6600843104788672, "loss": 15.288354899088542, "loss_alignment": 0.21827532450358073, "loss_coefficient": 8.854803263346355, "loss_contact": 0.0, "loss_gate": 5.575249735514323, "loss_reconstruction": 0.6400279490152995}
epoch=142 step=10600 loss=15.28650
epoch=142 step=10650 loss=14.31988
{"epoch": 142, "global_step": 10650, "learning_rate": 0.0001989451953063088, "teacher_forcing": 1.0, "predicted_contact_fraction": 0.0, "epoch_seconds": 16.763736851979047, "elapsed_hours": 0.6647425204114471, "loss": 15.123887125651041, "loss_alignment": 0.21055479049682618, "loss_coefficient": 8.721400349934896, "loss_contact": 0.0, "loss_gate": 5.569878946940104, "loss_reconstruction": 0.6220544687906902}
epoch=143 step=10700 loss=16.10193
{"epoch": 143, "global_step": 10725, "learning_rate": 0.00019892995420841923, "teacher_forcing": 1.0, "predicted_contact_fraction": 0.0, "epoch_seconds": 17.50048115104437, "elapsed_hours": 0.6696052649910821, "loss": 15.480030924479166, "loss_alignment": 0.22112297693888347, "loss_coefficient": 9.040245768229166, "loss_contact": 0.0, "loss_gate": 5.572431640625, "loss_reconstruction": 0.6462311426798503}
epoch=144 step=10750 loss=14.47689
epoch=144 step=10800 loss=14.50016
{"epoch": 144, "global_step": 10800, "learning_rate": 0.00019891460438021627, "teacher_forcing": 1.0, "predicted_contact_fraction": 0.0, "epoch_seconds": 17.480677742976695, "elapsed_hours": 0.6744626804072565, "loss": 14.858535970052083, "loss_alignment": 0.21126985867818196, "loss_coefficient": 8.4683935546875, "loss_contact": 0.0, "loss_gate": 5.5692055257161455, "loss_reconstruction": 0.6096677780151367}
epoch=145 step=10850 loss=15.95211
{"epoch": 145, "global_step": 10875, "learning_rate": 0.0001988991458385704, "teacher_forcing": 1.0, "predicted_contact_fraction": 0.0, "epoch_seconds": 17.759184380061924, "elapsed_hours": 0.6793973920600386, "loss": 15.051650797526042, "loss_alignment": 0.21128889083862304, "loss_coefficient": 8.642311401367188, "loss_contact": 0.0, "loss_gate": 5.567131144205729, "loss_reconstruction": 0.630918935139974}
epoch=146 step=10900 loss=15.07671
epoch=146 step=10950 loss=14.67975
{"epoch": 146, "global_step": 10950, "learning_rate": 0.00019888357860047156, "teacher_forcing": 1.0, "predicted_contact_fraction": 0.0, "epoch_seconds": 17.090317551977932, "elapsed_hours": 0.6841462260253158, "loss": 15.1373193359375, "loss_alignment": 0.21839705149332683, "loss_coefficient": 8.723206990559897, "loss_contact": 0.0, "loss_gate": 5.5666126505533855, "loss_reconstruction": 0.6291035079956054}
epoch=147 step=11000 loss=14.89766
{"epoch": 147, "global_step": 11025, "learning_rate": 0.00019886790268302908, "teacher_forcing": 1.0, "predicted_contact_fraction": 0.0, "epoch_seconds": 17.617888598237187, "elapsed_hours": 0.6890415462605759, "loss": 14.833476969401042, "loss_alignment": 0.20151405016581217, "loss_coefficient": 8.467422281901042, "loss_contact": 0.0, "loss_gate": 5.562147318522135, "loss_reconstruction": 0.6023944854736328}
epoch=148 step=11050 loss=15.24416
epoch=148 step=11100 loss=16.48843
{"epoch": 148, "global_step": 11100, "learning_rate": 0.00019885211810347184, "teacher_forcing": 1.0, "predicted_contact_fraction": 0.0, "epoch_seconds": 17.647167161107063, "elapsed_hours": 0.6939450244133413, "loss": 15.500929768880209, "loss_alignment": 0.21775822321573893, "loss_coefficient": 9.071135660807292, "loss_contact": 0.0, "loss_gate": 5.563944702148437, "loss_reconstruction": 0.6480918502807618}
epoch=149 step=11150 loss=16.37735
{"epoch": 149, "global_step": 11175, "learning_rate": 0.00019883622487914805, "teacher_forcing": 1.0, "predicted_contact_fraction": 0.0, "epoch_seconds": 17.66332640685141, "elapsed_hours": 0.6988531875028275, "loss": 15.366923421223959, "loss_alignment": 0.21166653951009115, "loss_coefficient": 8.9495068359375, "loss_contact": 0.0, "loss_gate": 5.564867350260417, "loss_reconstruction": 0.6408849589029948}
epoch=150 step=11200 loss=14.27021
epoch=150 step=11250 loss=14.81439
{"epoch": 150, "global_step": 11250, "learning_rate": 0.00019882022302752543, "teacher_forcing": 1.0, "predicted_contact_fraction": 0.0, "epoch_seconds": 17.687390943989158, "elapsed_hours": 0.7037680327766833, "loss": 15.130810139973958, "loss_alignment": 0.2094900131225586, "loss_coefficient": 8.739720052083333, "loss_contact": 0.0, "loss_gate": 5.561581217447917, "loss_reconstruction": 0.620018081665039}
epoch=151 step=11300 loss=14.91250
{"epoch": 151, "global_step": 11325, "learning_rate": 0.00019880411256619098, "teacher_forcing": 1.0, "predicted_contact_fraction": 0.0, "epoch_seconds": 17.507314995862544, "elapsed_hours": 0.7087759761692076, "loss": 14.87701416015625, "loss_alignment": 0.20715816497802733, "loss_coefficient": 8.498440755208334, "loss_contact": 0.0, "loss_gate": 5.559742838541666, "loss_reconstruction": 0.6116708501180013}
epoch=152 step=11350 loss=13.60157
epoch=152 step=11400 loss=15.27011
{"epoch": 152, "global_step": 11400, "learning_rate": 0.00019878789351285118, "teacher_forcing": 1.0, "predicted_contact_fraction": 0.0, "epoch_seconds": 17.08858704008162, "elapsed_hours": 0.7135243606338433, "loss": 14.804818929036458, "loss_alignment": 0.20376721700032552, "loss_coefficient": 8.436734415690104, "loss_contact": 0.0, "loss_gate": 5.559063618977865, "loss_reconstruction": 0.6052538172403972}
epoch=153 step=11450 loss=16.92130
{"epoch": 153, "global_step": 11475, "learning_rate": 0.00019877156588533174, "teacher_forcing": 1.0, "predicted_contact_fraction": 0.0, "epoch_seconds": 17.18433927744627, "elapsed_hours": 0.7182999312305927, "loss": 15.076791585286458, "loss_alignment": 0.2106964619954427, "loss_coefficient": 8.695345052083333, "loss_contact": 0.0, "loss_gate": 5.555035298665365, "loss_reconstruction": 0.6157139968872071}
epoch=154 step=11500 loss=14.21919
epoch=154 step=11550 loss=15.38496
{"epoch": 154, "global_step": 11550, "learning_rate": 0.00019875512970157782, "teacher_forcing": 1.0, "predicted_contact_fraction": 0.0, "epoch_seconds": 17.228571184910834, "elapsed_hours": 0.723087292910269, "loss": 14.819081217447916, "loss_alignment": 0.2033922799428304, "loss_coefficient": 8.467970377604166, "loss_contact": 0.0, "loss_gate": 5.553808898925781, "loss_reconstruction": 0.5939081319173177}
epoch=155 step=11600 loss=14.43363
{"epoch": 155, "global_step": 11625, "learning_rate": 0.00019873858497965378, "teacher_forcing": 1.0, "predicted_contact_fraction": 0.0, "epoch_seconds": 18.10944298002869, "elapsed_hours": 0.7281194334558677, "loss": 15.030000406901042, "loss_alignment": 0.20555384953816733, "loss_coefficient": 8.650831298828125, "loss_contact": 0.0, "loss_gate": 5.5532679239908855, "loss_reconstruction": 0.6203475062052409}
epoch=156 step=11650 loss=16.82018
epoch=156 step=11700 loss=14.33556
{"epoch": 156, "global_step": 11700, "learning_rate": 0.00019872193173774334, "teacher_forcing": 1.0, "predicted_contact_fraction": 0.0, "epoch_seconds": 17.582540261093527, "elapsed_hours": 0.7330049983550432, "loss": 14.835946858723958, "loss_alignment": 0.20163302739461264, "loss_coefficient": 8.483700358072916, "loss_contact": 0.0, "loss_gate": 5.554122823079427, "loss_reconstruction": 0.5964894739786784}
epoch=157 step=11750 loss=15.92972
{"epoch": 157, "global_step": 11775, "learning_rate": 0.00019870516999414948, "teacher_forcing": 1.0, "predicted_contact_fraction": 0.0, "epoch_seconds": 17.444755455944687, "elapsed_hours": 0.737852852360035, "loss": 15.207185872395833, "loss_alignment": 0.22182995478312176, "loss_coefficient": 8.781549886067708, "loss_contact": 0.0, "loss_gate": 5.55299062093099, "loss_reconstruction": 0.6508140818277994}
epoch=158 step=11800 loss=14.18647
epoch=158 step=11850 loss=14.10369
{"epoch": 158, "global_step": 11850, "learning_rate": 0.00019868829976729443, "teacher_forcing": 1.0, "predicted_contact_fraction": 0.0, "epoch_seconds": 17.390580146107823, "elapsed_hours": 0.7426851710758637, "loss": 15.374026692708334, "loss_alignment": 0.22012626012166342, "loss_coefficient": 8.969314982096353, "loss_contact": 0.0, "loss_gate": 5.5521853637695315, "loss_reconstruction": 0.6324001057942709}
epoch=159 step=11900 loss=15.20341
{"epoch": 159, "global_step": 11925, "learning_rate": 0.00019867132107571962, "teacher_forcing": 1.0, "predicted_contact_fraction": 0.0, "epoch_seconds": 17.568622015882283, "elapsed_hours": 0.7475668766716909, "loss": 15.034377034505209, "loss_alignment": 0.21741434733072917, "loss_coefficient": 8.64790568033854, "loss_contact": 0.0, "loss_gate": 5.550143025716146, "loss_reconstruction": 0.6189148076375326}
epoch=160 step=11950 loss=14.23572
epoch=160 step=12000 loss=13.49279
{"epoch": 160, "global_step": 12000, "learning_rate": 0.00019865423393808574, "teacher_forcing": 1.0, "predicted_contact_fraction": 0.0, "epoch_seconds": 17.52648798469454, "elapsed_hours": 0.7524371155103048, "loss": 15.082790120442708, "loss_alignment": 0.21669396718343098, "loss_coefficient": 8.688077392578125, "loss_contact": 0.0, "loss_gate": 5.550909830729167, "loss_reconstruction": 0.6271080652872721}
epoch=161 step=12050 loss=15.14087
{"epoch": 161, "global_step": 12075, "learning_rate": 0.0001986370383731726, "teacher_forcing": 1.0, "predicted_contact_fraction": 0.0, "epoch_seconds": 17.755019691307098, "elapsed_hours": 0.7575168016678395, "loss": 14.95849568684896, "loss_alignment": 0.21023675282796225, "loss_coefficient": 8.575916951497396, "loss_contact": 0.0, "loss_gate": 5.545952962239583, "loss_reconstruction": 0.6263889567057291}
epoch=162 step=12100 loss=16.13788
epoch=162 step=12150 loss=17.51880
{"epoch": 162, "global_step": 12150, "learning_rate": 0.00019861973439987924, "teacher_forcing": 1.0, "predicted_contact_fraction": 0.0, "epoch_seconds": 17.659839974716306, "elapsed_hours": 0.7624238317761208, "loss": 15.158721110026042, "loss_alignment": 0.21436583518981933, "loss_coefficient": 8.764346720377604, "loss_contact": 0.0, "loss_gate": 5.545357259114583, "loss_reconstruction": 0.6346513493855794}
epoch=163 step=12200 loss=18.04400
{"epoch": 163, "global_step": 12225, "learning_rate": 0.00019860232203722385, "teacher_forcing": 1.0, "predicted_contact_fraction": 0.0, "epoch_seconds": 17.127126307226717, "elapsed_hours": 0.7671829319714258, "loss": 15.437626546223958, "loss_alignment": 0.22215126673380534, "loss_coefficient": 9.005627644856771, "loss_contact": 0.0, "loss_gate": 5.546520792643229, "loss_reconstruction": 0.663327522277832}
epoch=164 step=12250 loss=15.46130
epoch=164 step=12300 loss=14.78985
{"epoch": 164, "global_step": 12300, "learning_rate": 0.0001985848013043437, "teacher_forcing": 1.0, "predicted_contact_fraction": 0.0, "epoch_seconds": 17.862900630105287, "elapsed_hours": 0.7721463137350252, "loss": 14.993607584635416, "loss_alignment": 0.2126877498626709, "loss_coefficient": 8.616418050130209, "loss_contact": 0.0, "loss_gate": 5.545908610026042, "loss_reconstruction": 0.6185948053995768}
epoch=165 step=12350 loss=14.77766
{"epoch": 165, "global_step": 12375, "learning_rate": 0.0001985671722204952, "teacher_forcing": 1.0, "predicted_contact_fraction": 0.0, "epoch_seconds": 17.824940031860024, "elapsed_hours": 0.7770992856964262, "loss": 14.629065348307291, "loss_alignment": 0.19995660463968912, "loss_coefficient": 8.300242309570313, "loss_contact": 0.0, "loss_gate": 5.538312174479167, "loss_reconstruction": 0.5905533218383789}
epoch=166 step=12400 loss=13.30616
epoch=166 step=12450 loss=15.51766
{"epoch": 166, "global_step": 12450, "learning_rate": 0.00019854943480505385, "teacher_forcing": 1.0, "predicted_contact_fraction": 0.0, "epoch_seconds": 17.748090329114348, "elapsed_hours": 0.7820308933608855, "loss": 14.642322184244792, "loss_alignment": 0.20297107378641766, "loss_coefficient": 8.30453837076823, "loss_contact": 0.0, "loss_gate": 5.5377023315429685, "loss_reconstruction": 0.5971117655436198}
epoch=167 step=12500 loss=15.90946
{"epoch": 167, "global_step": 12525, "learning_rate": 0.00019853158907751412, "teacher_forcing": 1.0, "predicted_contact_fraction": 0.0, "epoch_seconds": 17.87086013611406, "elapsed_hours": 0.7869965476964393, "loss": 14.889960530598959, "loss_alignment": 0.21040913263956706, "loss_coefficient": 8.539659627278645, "loss_contact": 0.0, "loss_gate": 5.534620463053385, "loss_reconstruction": 0.6052710851033528}
epoch=168 step=12550 loss=15.64543
epoch=168 step=12600 loss=13.78634
{"epoch": 168, "global_step": 12600, "learning_rate": 0.0001985136350574897, "teacher_forcing": 1.0, "predicted_contact_fraction": 0.0, "epoch_seconds": 17.71902519557625, "elapsed_hours": 0.7919199632260845, "loss": 14.799835611979166, "loss_alignment": 0.2132365385691325, "loss_coefficient": 8.461337890625, "loss_contact": 0.0, "loss_gate": 5.530310262044271, "loss_reconstruction": 0.5949506505330404}
epoch=169 step=12650 loss=14.59314
{"epoch": 169, "global_step": 12675, "learning_rate": 0.00019849557276471318, "teacher_forcing": 1.0, "predicted_contact_fraction": 0.0, "epoch_seconds": 17.76873118011281, "elapsed_hours": 0.7968572410678543, "loss": 14.540395100911459, "loss_alignment": 0.20148502031962076, "loss_coefficient": 8.23804931640625, "loss_contact": 0.0, "loss_gate": 5.529082743326823, "loss_reconstruction": 0.5717780431111653}
epoch=170 step=12700 loss=14.93627
epoch=170 step=12750 loss=14.73802
{"epoch": 170, "global_step": 12750, "learning_rate": 0.0001984774022190361, "teacher_forcing": 1.0, "predicted_contact_fraction": 0.0, "epoch_seconds": 17.45192513614893, "elapsed_hours": 0.8017064179372715, "loss": 14.418858642578124, "loss_alignment": 0.19492902437845866, "loss_coefficient": 8.12871358235677, "loss_contact": 0.0, "loss_gate": 5.529980977376302, "loss_reconstruction": 0.5652350870768229}
epoch=171 step=12800 loss=14.09875
{"epoch": 171, "global_step": 12825, "learning_rate": 0.0001984591234404291, "teacher_forcing": 1.0, "predicted_contact_fraction": 0.0, "epoch_seconds": 17.548528923187405, "elapsed_hours": 0.8067234810010996, "loss": 14.393456624348959, "loss_alignment": 0.2009365431467692, "loss_coefficient": 8.097907307942709, "loss_contact": 0.0, "loss_gate": 5.528231608072916, "loss_reconstruction": 0.5663826370239258}
epoch=172 step=12850 loss=14.38901
epoch=172 step=12900 loss=17.54859
{"epoch": 172, "global_step": 12900, "learning_rate": 0.00019844073644898174, "teacher_forcing": 1.0, "predicted_contact_fraction": 0.0, "epoch_seconds": 17.482412273064256, "elapsed_hours": 0.8115818432039426, "loss": 14.954518229166666, "loss_alignment": 0.21257864634195964, "loss_coefficient": 8.618083902994792, "loss_contact": 0.0, "loss_gate": 5.52918446858724, "loss_reconstruction": 0.5946706771850586}
epoch=173 step=12950 loss=13.34714
{"epoch": 173, "global_step": 12975, "learning_rate": 0.00019842224126490247, "teacher_forcing": 1.0, "predicted_contact_fraction": 0.0, "epoch_seconds": 18.060439255088568, "elapsed_hours": 0.8166000922817168, "loss": 15.185113932291667, "loss_alignment": 0.2208251190185547, "loss_coefficient": 8.833180338541666, "loss_contact": 0.0, "loss_gate": 5.5293511962890625, "loss_reconstruction": 0.6017571640014648}
epoch=174 step=13000 loss=14.26831
epoch=174 step=13050 loss=14.72368
{"epoch": 174, "global_step": 13050, "learning_rate": 0.00019840363790851867, "teacher_forcing": 1.0, "predicted_contact_fraction": 0.0, "epoch_seconds": 17.373447122983634, "elapsed_hours": 0.8214275645994995, "loss": 14.469763997395834, "loss_alignment": 0.19805692036946615, "loss_coefficient": 8.18078592936198, "loss_contact": 0.0, "loss_gate": 5.525567220052083, "loss_reconstruction": 0.5653535588582357}
epoch=175 step=13100 loss=13.77208
{"epoch": 175, "global_step": 13125, "learning_rate": 0.00019838492640027658, "teacher_forcing": 1.0, "predicted_contact_fraction": 0.0, "epoch_seconds": 17.37020857864991, "elapsed_hours": 0.8262541402543947, "loss": 14.353172200520833, "loss_alignment": 0.20374557813008626, "loss_coefficient": 8.058103434244792, "loss_contact": 0.0, "loss_gate": 5.521858418782552, "loss_reconstruction": 0.5694653574625651}
epoch=176 step=13150 loss=16.97479
epoch=176 step=13200 loss=13.11894
{"epoch": 176, "global_step": 13200, "learning_rate": 0.00019836610676074142, "teacher_forcing": 1.0, "predicted_contact_fraction": 0.0, "epoch_seconds": 17.539864702150226, "elapsed_hours": 0.8311277653855117, "loss": 14.900778401692708, "loss_alignment": 0.20809054056803386, "loss_coefficient": 8.579380289713542, "loss_contact": 0.0, "loss_gate": 5.520780334472656, "loss_reconstruction": 0.5925268427530924}
epoch=177 step=13250 loss=13.93353
{"epoch": 177, "global_step": 13275, "learning_rate": 0.00019834717901059707, "teacher_forcing": 1.0, "predicted_contact_fraction": 0.0, "epoch_seconds": 17.09547301195562, "elapsed_hours": 0.8358779736164595, "loss": 14.919547119140624, "loss_alignment": 0.21297597885131836, "loss_coefficient": 8.605376383463542, "loss_contact": 0.0, "loss_gate": 5.520959167480469, "loss_reconstruction": 0.5802338409423828}
epoch=178 step=13300 loss=15.41155
epoch=178 step=13350 loss=13.80235
{"epoch": 178, "global_step": 13350, "learning_rate": 0.0001983281431706464, "teacher_forcing": 1.0, "predicted_contact_fraction": 0.0, "epoch_seconds": 17.44660770893097, "elapsed_hours": 0.8407257241475034, "loss": 14.5687939453125, "loss_alignment": 0.19755685170491535, "loss_coefficient": 8.291968587239584, "loss_contact": 0.0, "loss_gate": 5.517701416015625, "loss_reconstruction": 0.5615653864542643}
epoch=179 step=13400 loss=13.53461
{"epoch": 179, "global_step": 13425, "learning_rate": 0.000198308999261811, "teacher_forcing": 1.0, "predicted_contact_fraction": 0.0, "epoch_seconds": 17.668093502055854, "elapsed_hours": 0.8456350565705604, "loss": 14.612635498046876, "loss_alignment": 0.20726234436035157, "loss_coefficient": 8.318574015299479, "loss_contact": 0.0, "loss_gate": 5.517118835449219, "loss_reconstruction": 0.5696809514363607}
epoch=180 step=13450 loss=14.24332
epoch=180 step=13500 loss=14.49518
{"epoch": 180, "global_step": 13500, "learning_rate": 0.00019828974730513123, "teacher_forcing": 1.0, "predicted_contact_fraction": 0.0, "epoch_seconds": 18.725116208661348, "elapsed_hours": 0.8508382322375352, "loss": 14.461508382161458, "loss_alignment": 0.19638898531595866, "loss_coefficient": 8.192105916341147, "loss_contact": 0.0, "loss_gate": 5.513707784016927, "loss_reconstruction": 0.5593053690592448}
epoch=181 step=13550 loss=14.85351
{"epoch": 181, "global_step": 13575, "learning_rate": 0.00019827038732176625, "teacher_forcing": 1.0, "predicted_contact_fraction": 0.0, "epoch_seconds": 18.35067875403911, "elapsed_hours": 0.8560807340211856, "loss": 14.414530436197916, "loss_alignment": 0.19398539543151855, "loss_coefficient": 8.158830159505209, "loss_contact": 0.0, "loss_gate": 5.50997080485026, "loss_reconstruction": 0.5517442830403646}
epoch=182 step=13600 loss=13.82181
epoch=182 step=13650 loss=12.34805
{"epoch": 182, "global_step": 13650, "learning_rate": 0.00019825091933299387, "teacher_forcing": 1.0, "predicted_contact_fraction": 0.0, "epoch_seconds": 17.556931691244245, "elapsed_hours": 0.8609592079858864, "loss": 14.236964111328126, "loss_alignment": 0.19511624018351237, "loss_coefficient": 7.993880004882812, "loss_contact": 0.0, "loss_gate": 5.505633748372396, "loss_reconstruction": 0.5423344675699869}
epoch=183 step=13700 loss=14.79828
{"epoch": 183, "global_step": 13725, "learning_rate": 0.00019823134336021062, "teacher_forcing": 1.0, "predicted_contact_fraction": 0.0, "epoch_seconds": 17.72961765807122, "elapsed_hours": 0.8658857436219437, "loss": 14.3429638671875, "loss_alignment": 0.20159420013427734, "loss_coefficient": 8.080668334960938, "loss_contact": 0.0, "loss_gate": 5.506313069661458, "loss_reconstruction": 0.55438783009847}
epoch=184 step=13750 loss=14.06972
epoch=184 step=13800 loss=13.86960
{"epoch": 184, "global_step": 13800, "learning_rate": 0.00019821165942493182, "teacher_forcing": 1.0, "predicted_contact_fraction": 0.0, "epoch_seconds": 17.97275969479233, "elapsed_hours": 0.8708796326819962, "loss": 14.227914632161458, "loss_alignment": 0.1990378189086914, "loss_coefficient": 7.9722137451171875, "loss_contact": 0.0, "loss_gate": 5.506176045735677, "loss_reconstruction": 0.5504850006103515}
epoch=185 step=13850 loss=14.41465
{"epoch": 185, "global_step": 13875, "learning_rate": 0.00019819186754879136, "teacher_forcing": 1.0, "predicted_contact_fraction": 0.0, "epoch_seconds": 17.59190408932045, "elapsed_hours": 0.8757680372194024, "loss": 14.350587565104167, "loss_alignment": 0.19830018679300945, "loss_coefficient": 8.100285847981771, "loss_contact": 0.0, "loss_gate": 5.5026943969726565, "loss_reconstruction": 0.5493051020304361}
epoch=186 step=13900 loss=15.42805
epoch=186 step=13950 loss=14.25320
{"epoch": 186, "global_step": 13950, "learning_rate": 0.0001981719677535417, "teacher_forcing": 1.0, "predicted_contact_fraction": 0.0, "epoch_seconds": 17.525538715999573, "elapsed_hours": 0.880637708258841, "loss": 14.448318277994792, "loss_alignment": 0.2053638490041097, "loss_coefficient": 8.185366414388021, "loss_contact": 0.0, "loss_gate": 5.500949300130208, "loss_reconstruction": 0.5566391372680664}
epoch=187 step=14000 loss=14.90908
{"epoch": 187, "global_step": 14025, "learning_rate": 0.00019815196006105402, "teacher_forcing": 1.0, "predicted_contact_fraction": 0.0, "epoch_seconds": 17.97778875613585, "elapsed_hours": 0.8856330821439365, "loss": 14.726570638020833, "loss_alignment": 0.20603481928507486, "loss_coefficient": 8.440352376302084, "loss_contact": 0.0, "loss_gate": 5.5005132039388025, "loss_reconstruction": 0.5796705118815104}
epoch=188 step=14050 loss=14.49572
epoch=188 step=14100 loss=14.73625
{"epoch": 188, "global_step": 14100, "learning_rate": 0.00019813184449331807, "teacher_forcing": 1.0, "predicted_contact_fraction": 0.0, "epoch_seconds": 17.725354195106775, "elapsed_hours": 0.8905583274286861, "loss": 14.70269775390625, "loss_alignment": 0.21068777084350587, "loss_coefficient": 8.413757934570313, "loss_contact": 0.0, "loss_gate": 5.500112101236979, "loss_reconstruction": 0.5781395212809245}
epoch=189 step=14150 loss=14.35405
{"epoch": 189, "global_step": 14175, "learning_rate": 0.0001981116210724421, "teacher_forcing": 1.0, "predicted_contact_fraction": 0.0, "epoch_seconds": 17.68219494773075, "elapsed_hours": 0.8954717228947103, "loss": 14.294567464192708, "loss_alignment": 0.2002254867553711, "loss_coefficient": 8.04351786295573, "loss_contact": 0.0, "loss_gate": 5.4957058715820315, "loss_reconstruction": 0.5551177724202474}
epoch=190 step=14200 loss=13.28748
epoch=190 step=14250 loss=15.27501
{"epoch": 190, "global_step": 14250, "learning_rate": 0.00019809128982065298, "teacher_forcing": 1.0, "predicted_contact_fraction": 0.0, "epoch_seconds": 17.701072461903095, "elapsed_hours": 0.9003902278834074, "loss": 14.45458251953125, "loss_alignment": 0.20361403465270997, "loss_coefficient": 8.19509256998698, "loss_contact": 0.0, "loss_gate": 5.494341735839844, "loss_reconstruction": 0.5615357462565104}
epoch=191 step=14300 loss=14.29543
{"epoch": 191, "global_step": 14325, "learning_rate": 0.00019807085076029599, "teacher_forcing": 1.0, "predicted_contact_fraction": 0.0, "epoch_seconds": 17.42500423686579, "elapsed_hours": 0.9054116256463911, "loss": 14.511300048828126, "loss_alignment": 0.2060714817047119, "loss_coefficient": 8.251593424479166, "loss_contact": 0.0, "loss_gate": 5.4923312377929685, "loss_reconstruction": 0.5613031768798828}
epoch=192 step=14350 loss=14.69923
epoch=192 step=14400 loss=14.09066
{"epoch": 192, "global_step": 14400, "learning_rate": 0.000198050303913835, "teacher_forcing": 1.0, "predicted_contact_fraction": 0.0, "epoch_seconds": 18.150688238907605, "elapsed_hours": 0.9104551006813482, "loss": 14.151095784505209, "loss_alignment": 0.20723908106486003, "loss_coefficient": 7.913366902669271, "loss_contact": 0.0, "loss_gate": 5.489093017578125, "loss_reconstruction": 0.5413973999023437}
epoch=193 step=14450 loss=14.44322
{"epoch": 193, "global_step": 14475, "learning_rate": 0.00019802964930385231, "teacher_forcing": 1.0, "predicted_contact_fraction": 0.0, "epoch_seconds": 17.334001909010112, "elapsed_hours": 0.9152716666059051, "loss": 14.270352783203125, "loss_alignment": 0.20192084948221842, "loss_coefficient": 8.038039347330729, "loss_contact": 0.0, "loss_gate": 5.487335205078125, "loss_reconstruction": 0.5430574162801107}
epoch=194 step=14500 loss=14.03429
epoch=194 step=14550 loss=14.21389
{"epoch": 194, "global_step": 14550, "learning_rate": 0.0001980088869530486, "teacher_forcing": 1.0, "predicted_contact_fraction": 0.0, "epoch_seconds": 17.32529042335227, "elapsed_hours": 0.9200857850875602, "loss": 14.1964794921875, "loss_alignment": 0.19529127756754558, "loss_coefficient": 7.982954508463542, "loss_contact": 0.0, "loss_gate": 5.484923095703125, "loss_reconstruction": 0.5333095423380534}
epoch=195 step=14600 loss=14.45836
{"epoch": 195, "global_step": 14625, "learning_rate": 0.00019798801688424307, "teacher_forcing": 1.0, "predicted_contact_fraction": 0.0, "epoch_seconds": 17.737559706903994, "elapsed_hours": 0.9250144302978232, "loss": 13.982420654296876, "loss_alignment": 0.1972659969329834, "loss_coefficient": 7.771015828450521, "loss_contact": 0.0, "loss_gate": 5.481993001302083, "loss_reconstruction": 0.5321453603108725}
epoch=196 step=14650 loss=14.61038
epoch=196 step=14700 loss=13.81857
{"epoch": 196, "global_step": 14700, "learning_rate": 0.0001979670391203732, "teacher_forcing": 1.0, "predicted_contact_fraction": 0.0, "epoch_seconds": 17.378754132892936, "elapsed_hours": 0.9298435563158192, "loss": 14.303409830729167, "loss_alignment": 0.20295800209045411, "loss_coefficient": 8.069425659179688, "loss_contact": 0.0, "loss_gate": 5.4803919474283855, "loss_reconstruction": 0.5506351089477539}
epoch=197 step=14750 loss=13.81745
{"epoch": 197, "global_step": 14775, "learning_rate": 0.00019794595368449494, "teacher_forcing": 1.0, "predicted_contact_fraction": 0.0, "epoch_seconds": 17.518627433571965, "elapsed_hours": 0.9347113738752281, "loss": 14.06390340169271, "loss_alignment": 0.20157411257425945, "loss_coefficient": 7.853445638020833, "loss_contact": 0.0, "loss_gate": 5.474377950032552, "loss_reconstruction": 0.5345053354899089}
epoch=198 step=14800 loss=16.13189
epoch=198 step=14850 loss=12.66317
{"epoch": 198, "global_step": 14850, "learning_rate": 0.00019792476059978252, "teacher_forcing": 1.0, "predicted_contact_fraction": 0.0, "epoch_seconds": 17.274475962854922, "elapsed_hours": 0.9395114032289065, "loss": 14.309263102213542, "loss_alignment": 0.20445539156595866, "loss_coefficient": 8.095373942057291, "loss_contact": 0.0, "loss_gate": 5.473198547363281, "loss_reconstruction": 0.5362356313069662}
epoch=199 step=14900 loss=15.06485
{"epoch": 199, "global_step": 14925, "learning_rate": 0.00019790345988952846, "teacher_forcing": 1.0, "predicted_contact_fraction": 0.0, "epoch_seconds": 17.593282812740654, "elapsed_hours": 0.9443999551858805, "loss": 14.931248372395833, "loss_alignment": 0.2254733149210612, "loss_coefficient": 8.648641357421875, "loss_contact": 0.0, "loss_gate": 5.473644714355469, "loss_reconstruction": 0.5834879557291667}
epoch=200 step=14950 loss=15.36516
epoch=200 step=15000 loss=14.73036
{"epoch": 200, "global_step": 15000, "learning_rate": 0.0001978820515771436, "teacher_forcing": 1.0, "predicted_contact_fraction": 0.0, "epoch_seconds": 17.490649066865444, "elapsed_hours": 0.949260004820535, "loss": 14.797897542317708, "loss_alignment": 0.21743688583374024, "loss_coefficient": 8.522106119791667, "loss_contact": 0.0, "loss_gate": 5.474217936197917, "loss_reconstruction": 0.5841375732421875}
epoch=201 step=15050 loss=14.38003
{"epoch": 201, "global_step": 15075, "learning_rate": 0.000197860535686157, "teacher_forcing": 1.0, "predicted_contact_fraction": 0.0, "epoch_seconds": 17.914561974350363, "elapsed_hours": 0.9543872128372701, "loss": 14.319934895833333, "loss_alignment": 0.2106619421641032, "loss_coefficient": 8.087921346028645, "loss_contact": 0.0, "loss_gate": 5.463253275553385, "loss_reconstruction": 0.5580980428059896}
epoch=202 step=15100 loss=14.15467
epoch=202 step=15150 loss=14.57841
{"epoch": 202, "global_step": 15150, "learning_rate": 0.00019783891224021608, "teacher_forcing": 1.0, "predicted_contact_fraction": 0.0, "epoch_seconds": 17.76496770605445, "elapsed_hours": 0.9593234339366771, "loss": 14.500148111979167, "loss_alignment": 0.21236965497334798, "loss_coefficient": 8.27185038248698, "loss_contact": 0.0, "loss_gate": 5.461839294433593, "loss_reconstruction": 0.5540882110595703}
epoch=203 step=15200 loss=14.95630
{"epoch": 203, "global_step": 15225, "learning_rate": 0.00019781718126308636, "teacher_forcing": 1.0, "predicted_contact_fraction": 0.0, "epoch_seconds": 17.467435370665044, "elapsed_hours": 0.9641769870183069, "loss": 14.096715494791667, "loss_alignment": 0.2002400239308675, "loss_coefficient": 7.912143147786458, "loss_contact": 0.0, "loss_gate": 5.461199645996094, "loss_reconstruction": 0.5231304168701172}
epoch=204 step=15250 loss=15.14123
epoch=204 step=15300 loss=14.59530
{"epoch": 204, "global_step": 15300, "learning_rate": 0.00019779534277865153, "teacher_forcing": 1.0, "predicted_contact_fraction": 0.0, "epoch_seconds": 17.39752991311252, "elapsed_hours": 0.9690111643824881, "loss": 14.065083821614584, "loss_alignment": 0.20081176122029623, "loss_coefficient": 7.881639404296875, "loss_contact": 0.0, "loss_gate": 5.453866984049479, "loss_reconstruction": 0.5287664667765299}
epoch=205 step=15350 loss=14.11646
{"epoch": 205, "global_step": 15375, "learning_rate": 0.0001977733968109135, "teacher_forcing": 1.0, "predicted_contact_fraction": 0.0, "epoch_seconds": 17.68399154068902, "elapsed_hours": 0.9739249067359035, "loss": 14.535652669270833, "loss_alignment": 0.20999892870585124, "loss_coefficient": 8.319510294596354, "loss_contact": 0.0, "loss_gate": 5.45582773844401, "loss_reconstruction": 0.5503126907348633}
epoch=206 step=15400 loss=14.84988
epoch=206 step=15450 loss=16.15409
{"epoch": 206, "global_step": 15450, "learning_rate": 0.00019775134338399225, "teacher_forcing": 1.0, "predicted_contact_fraction": 0.0, "epoch_seconds": 17.701005342882127, "elapsed_hours": 0.978843361462544, "loss": 14.089991861979167, "loss_alignment": 0.20594847361246746, "loss_coefficient": 7.907753499348958, "loss_contact": 0.0, "loss_gate": 5.451995239257813, "loss_reconstruction": 0.5242944208780924}
epoch=207 step=15500 loss=13.98384
{"epoch": 207, "global_step": 15525, "learning_rate": 0.00019772918252212592, "teacher_forcing": 1.0, "predicted_contact_fraction": 0.0, "epoch_seconds": 17.664395491126925, "elapsed_hours": 0.9837517936450119, "loss": 14.382724202473959, "loss_alignment": 0.21245277722676595, "loss_coefficient": 8.185361938476563, "loss_contact": 0.0, "loss_gate": 5.447211405436198, "loss_reconstruction": 0.5376981608072917}
epoch=208 step=15550 loss=13.24755
epoch=208 step=15600 loss=13.80741
{"epoch": 208, "global_step": 15600, "learning_rate": 0.00019770691424967073, "teacher_forcing": 1.0, "predicted_contact_fraction": 0.0, "epoch_seconds": 17.692796671763062, "elapsed_hours": 0.9886679207805233, "loss": 13.953112386067708, "loss_alignment": 0.200987761815389, "loss_coefficient": 7.786830037434896, "loss_contact": 0.0, "loss_gate": 5.448047485351562, "loss_reconstruction": 0.5172462209065756}
epoch=209 step=15650 loss=13.32802
{"epoch": 209, "global_step": 15675, "learning_rate": 0.00019768453859110086, "teacher_forcing": 1.0, "predicted_contact_fraction": 0.0, "epoch_seconds": 17.269708608277142, "elapsed_hours": 0.9934666261746962, "loss": 14.370613606770833, "loss_alignment": 0.2098362414042155, "loss_coefficient": 8.180899454752604, "loss_contact": 0.0, "loss_gate": 5.444535624186198, "loss_reconstruction": 0.5353406397501628}
epoch=210 step=15700 loss=15.41352
epoch=210 step=15750 loss=14.03761
{"epoch": 210, "global_step": 15750, "learning_rate": 0.00019766205557100868, "teacher_forcing": 1.0, "predicted_contact_fraction": 0.0, "epoch_seconds": 17.600895915180445, "elapsed_hours": 0.9983572898364057, "loss": 13.719231363932291, "loss_alignment": 0.19793578147888183, "loss_coefficient": 7.581612141927083, "loss_contact": 0.0, "loss_gate": 5.440561930338542, "loss_reconstruction": 0.499120839436849}
epoch=211 step=15800 loss=13.13512
{"epoch": 211, "global_step": 15825, "learning_rate": 0.0001976394652141044, "teacher_forcing": 1.0, "predicted_contact_fraction": 0.0, "epoch_seconds": 17.783080727793276, "elapsed_hours": 1.0034416064647182, "loss": 13.837647298177083, "loss_alignment": 0.19386038462320965, "loss_coefficient": 7.720243123372396, "loss_contact": 0.0, "loss_gate": 5.430857645670573, "loss_reconstruction": 0.49268572489420576}
epoch=212 step=15850 loss=13.52881
epoch=212 step=15900 loss=13.17785
{"epoch": 212, "global_step": 15900, "learning_rate": 0.00019761676754521625, "teacher_forcing": 1.0, "predicted_contact_fraction": 0.0, "epoch_seconds": 17.30363596789539, "elapsed_hours": 1.0082497471032872, "loss": 13.839287719726563, "loss_alignment": 0.20167984326680502, "loss_coefficient": 7.702750040690105, "loss_contact": 0.0, "loss_gate": 5.430446573893229, "loss_reconstruction": 0.5044107055664062}
epoch=213 step=15950 loss=14.14161
{"epoch": 213, "global_step": 15975, "learning_rate": 0.00019759396258929045, "teacher_forcing": 1.0, "predicted_contact_fraction": 0.0, "epoch_seconds": 17.62037232425064, "elapsed_hours": 1.0131458037544507, "loss": 13.865183919270834, "loss_alignment": 0.19767790794372558, "loss_coefficient": 7.735262451171875, "loss_contact": 0.0, "loss_gate": 5.427029215494792, "loss_reconstruction": 0.5052134068806966}
epoch=214 step=16000 loss=14.03266
epoch=214 step=16050 loss=16.05147
{"epoch": 214, "global_step": 16050, "learning_rate": 0.00019757105037139107, "teacher_forcing": 1.0, "predicted_contact_fraction": 0.0, "epoch_seconds": 17.4327413411811, "elapsed_hours": 1.017989767103637, "loss": 14.747358805338541, "loss_alignment": 0.22020866394042968, "loss_coefficient": 8.55344014485677, "loss_contact": 0.0, "loss_gate": 5.427836710611979, "loss_reconstruction": 0.5458720270792643}
epoch=215 step=16100 loss=13.98359
{"epoch": 215, "global_step": 16125, "learning_rate": 0.0001975480309167001, "teacher_forcing": 1.0, "predicted_contact_fraction": 0.0, "epoch_seconds": 17.20742594031617, "elapsed_hours": 1.0227710873014035, "loss": 13.790853678385417, "loss_alignment": 0.19542666435241698, "loss_coefficient": 7.680361328125, "loss_contact": 0.0, "loss_gate": 5.419673868815104, "loss_reconstruction": 0.49539305369059244}
epoch=216 step=16150 loss=14.33493
epoch=216 step=16200 loss=14.17194
{"epoch": 216, "global_step": 16200, "learning_rate": 0.00019752490425051743, "teacher_forcing": 1.0, "predicted_contact_fraction": 0.0, "epoch_seconds": 17.379768108017743, "elapsed_hours": 1.027600313234143, "loss": 14.05604736328125, "loss_alignment": 0.20857491493225097, "loss_coefficient": 7.904747721354167, "loss_contact": 0.0, "loss_gate": 5.418821716308594, "loss_reconstruction": 0.523902244567871}
epoch=217 step=16250 loss=13.94889
{"epoch": 217, "global_step": 16275, "learning_rate": 0.00019750167039826066, "teacher_forcing": 1.0, "predicted_contact_fraction": 0.0, "epoch_seconds": 17.274379338603467, "elapsed_hours": 1.0324002450625671, "loss": 13.794018147786458, "loss_alignment": 0.19750197092692057, "loss_coefficient": 7.6822340901692705, "loss_contact": 0.0, "loss_gate": 5.411990152994791, "loss_reconstruction": 0.5022918065388997}
epoch=218 step=16300 loss=14.52606
epoch=218 step=16350 loss=13.97128
{"epoch": 218, "global_step": 16350, "learning_rate": 0.0001974783293854653, "teacher_forcing": 1.0, "predicted_contact_fraction": 0.0, "epoch_seconds": 17.18405794305727, "elapsed_hours": 1.037175050744166, "loss": 14.056149495442709, "loss_alignment": 0.2026666227976481, "loss_coefficient": 7.942529703776041, "loss_contact": 0.0, "loss_gate": 5.407924397786458, "loss_reconstruction": 0.503029645284017}
epoch=219 step=16400 loss=13.65364
{"epoch": 219, "global_step": 16425, "learning_rate": 0.00019745488123778463, "teacher_forcing": 1.0, "predicted_contact_fraction": 0.0, "epoch_seconds": 17.494071339722723, "elapsed_hours": 1.0420359464055704, "loss": 13.49820556640625, "loss_alignment": 0.19049825350443522, "loss_coefficient": 7.427748819986979, "loss_contact": 0.0, "loss_gate": 5.402931620279948, "loss_reconstruction": 0.47702655792236326}
epoch=220 step=16450 loss=13.87677
epoch=220 step=16500 loss=13.48580
{"epoch": 220, "global_step": 16500, "learning_rate": 0.00019743132598098963, "teacher_forcing": 1.0, "predicted_contact_fraction": 0.0, "epoch_seconds": 17.453167896252126, "elapsed_hours": 1.046885508134987, "loss": 13.576167805989583, "loss_alignment": 0.19416951497395835, "loss_coefficient": 7.498106282552083, "loss_contact": 0.0, "loss_gate": 5.398709615071614, "loss_reconstruction": 0.48518310546875}
epoch=221 step=16550 loss=14.08113
{"epoch": 221, "global_step": 16575, "learning_rate": 0.00019740766364096906, "teacher_forcing": 1.0, "predicted_contact_fraction": 0.0, "epoch_seconds": 17.480533068999648, "elapsed_hours": 1.0518803885153547, "loss": 13.869250081380208, "loss_alignment": 0.20753896713256836, "loss_coefficient": 7.763192138671875, "loss_contact": 0.0, "loss_gate": 5.396841939290365, "loss_reconstruction": 0.5016758219401042}
epoch=222 step=16600 loss=15.23856
epoch=222 step=16650 loss=13.23904
{"epoch": 222, "global_step": 16650, "learning_rate": 0.00019738389424372928, "teacher_forcing": 1.0, "predicted_contact_fraction": 0.0, "epoch_seconds": 17.306209908798337, "elapsed_hours": 1.056689141727208, "loss": 14.663243408203124, "loss_alignment": 0.22466740290323894, "loss_coefficient": 8.479740397135417, "loss_contact": 0.0, "loss_gate": 5.402499491373698, "loss_reconstruction": 0.5563352584838868}
epoch=223 step=16700 loss=14.99525
{"epoch": 223, "global_step": 16725, "learning_rate": 0.00019736001781539444, "teacher_forcing": 1.0, "predicted_contact_fraction": 0.0, "epoch_seconds": 17.49723973684013, "elapsed_hours": 1.0615509736561217, "loss": 14.022231852213542, "loss_alignment": 0.21660736083984375, "loss_coefficient": 7.89156982421875, "loss_contact": 0.0, "loss_gate": 5.394480794270834, "loss_reconstruction": 0.519573631286621}
epoch=224 step=16750 loss=14.86156
epoch=224 step=16800 loss=14.03488
{"epoch": 224, "global_step": 16800, "learning_rate": 0.0001973360343822062, "teacher_forcing": 1.0, "predicted_contact_fraction": 0.0, "epoch_seconds": 17.715769841801375, "elapsed_hours": 1.0664735354108013, "loss": 14.001217041015625, "loss_alignment": 0.20317802747090657, "loss_coefficient": 7.90939697265625, "loss_contact": 0.0, "loss_gate": 5.386399434407552, "loss_reconstruction": 0.5022436777750651}
epoch=225 step=16850 loss=13.79767
{"epoch": 225, "global_step": 16875, "learning_rate": 0.0001973119439705239, "teacher_forcing": 1.0, "predicted_contact_fraction": 0.0, "epoch_seconds": 17.722126558888704, "elapsed_hours": 1.0713978000027904, "loss": 14.169388834635416, "loss_alignment": 0.2138193734486898, "loss_coefficient": 8.046474609375, "loss_contact": 0.0, "loss_gate": 5.387006123860677, "loss_reconstruction": 0.5220894622802734}
epoch=226 step=16900 loss=14.63666
epoch=226 step=16950 loss=14.93661
{"epoch": 226, "global_step": 16950, "learning_rate": 0.00019728774660682444, "teacher_forcing": 1.0, "predicted_contact_fraction": 0.0, "epoch_seconds": 17.335362629964948, "elapsed_hours": 1.0762147132236148, "loss": 13.668248087565104, "loss_alignment": 0.19953073501586915, "loss_coefficient": 7.617367960611979, "loss_contact": 0.0, "loss_gate": 5.3783106486002605, "loss_reconstruction": 0.4730367787679036}
epoch=227 step=17000 loss=13.93036
{"epoch": 227, "global_step": 17025, "learning_rate": 0.00019726344231770225, "teacher_forcing": 1.0, "predicted_contact_fraction": 0.0, "epoch_seconds": 730.3909189309925, "elapsed_hours": 1.2791026936922896, "loss": 13.189257405598958, "loss_alignment": 0.1924853006998698, "loss_coefficient": 7.165575764973958, "loss_contact": 0.0, "loss_gate": 5.369636942545573, "loss_reconstruction": 0.46156152089436847}
epoch=228 step=17050 loss=12.77957
epoch=228 step=17100 loss=16.88113
{"epoch": 228, "global_step": 17100, "learning_rate": 0.00019723903112986929, "teacher_forcing": 1.0, "predicted_contact_fraction": 0.0, "epoch_seconds": 17.54931339994073, "elapsed_hours": 1.2839792044394804, "loss": 14.47023681640625, "loss_alignment": 0.23251413345336913, "loss_coefficient": 8.300484415690104, "loss_contact": 0.0, "loss_gate": 5.377730509440104, "loss_reconstruction": 0.5595063273111979}
epoch=229 step=17150 loss=14.55786
{"epoch": 229, "global_step": 17175, "learning_rate": 0.000197214513070155, "teacher_forcing": 1.0, "predicted_contact_fraction": 0.0, "epoch_seconds": 17.931449654046446, "elapsed_hours": 1.2889618953705455, "loss": 14.628019205729167, "loss_alignment": 0.22639718373616535, "loss_coefficient": 8.491885172526041, "loss_contact": 0.0, "loss_gate": 5.369922485351562, "loss_reconstruction": 0.5398138300577799}
epoch=230 step=17200 loss=14.43966
epoch=230 step=17250 loss=13.57338
{"epoch": 230, "global_step": 17250, "learning_rate": 0.00019718988816550632, "teacher_forcing": 1.0, "predicted_contact_fraction": 0.0, "epoch_seconds": 17.61114264698699, "elapsed_hours": 1.2938554672591596, "loss": 13.720804036458333, "loss_alignment": 0.20347132364908854, "loss_coefficient": 7.6756150309244795, "loss_contact": 0.0, "loss_gate": 5.360203043619792, "loss_reconstruction": 0.48151471455891925}
[Gloo] Rank [Gloo] Rank 01 is connected to  is connected to 33 peer ranks.  peer ranks. Expected number of connected peer ranks is : Expected number of connected peer ranks is : 33

[Gloo] Rank [Gloo] Rank 23 is connected to  is connected to 33 peer ranks. Expected number of connected peer ranks is :  peer ranks. 3Expected number of connected peer ranks is : 
3
/data/users/zhouyike/dexCG/.venv/lib/python3.11/site-packages/sapien/core/renderer_config.py:4: UserWarning: pkg_resources is deprecated as an API. See https://setuptools.pypa.io/en/latest/pkg_resources.html. The pkg_resources package is slated for removal as early as 2025-11-30. Refrain from using this package or pin to Setuptools<81.
  import pkg_resources
/data/users/zhouyike/dexCG/.venv/lib/python3.11/site-packages/sapien/core/renderer_config.py:4: UserWarning: pkg_resources is deprecated as an API. See https://setuptools.pypa.io/en/latest/pkg_resources.html. The pkg_resources package is slated for removal as early as 2025-11-30. Refrain from using this package or pin to Setuptools<81.
  import pkg_resources
/data/users/zhouyike/dexCG/.venv/lib/python3.11/site-packages/sapien/core/renderer_config.py:4: UserWarning: pkg_resources is deprecated as an API. See https://setuptools.pypa.io/en/latest/pkg_resources.html. The pkg_resources package is slated for removal as early as 2025-11-30. Refrain from using this package or pin to Setuptools<81.
  import pkg_resources
/data/users/zhouyike/dexCG/.venv/lib/python3.11/site-packages/sapien/core/renderer_config.py:4: UserWarning: pkg_resources is deprecated as an API. See https://setuptools.pypa.io/en/latest/pkg_resources.html. The pkg_resources package is slated for removal as early as 2025-11-30. Refrain from using this package or pin to Setuptools<81.
  import pkg_resources
{"event": "resumed", "checkpoint_epoch": 230, "next_epoch": 231, "global_step": 17250, "restored": ["model", "ema", "optimizer", "scheduler", "rank_rng_states"]}
{"train_retained_frames": [13540, 19387, 6586, 7051], "balanced_samples_per_epoch": 77548, "updates_per_epoch": 75, "micro_batch": 256, "global_batch": 1024, "trainable_parameters": 19193251, "cuda_visible_devices": "3,2,7,1"}
/data/users/zhouyike/dexCG/scripts/train.py:773: UserWarning: Converting a tensor with requires_grad=True to a scalar may lead to unexpected behavior.
Consider using tensor.detach() first. (Triggered internally at /pytorch/torch/csrc/autograd/generated/python_variable_methods.cpp:835.)
  print(f"epoch={epoch} step={global_step} loss={float(loss):.5f}", flush=True)
epoch=231 step=17300 loss=12.62243
{"epoch": 231, "global_step": 17325, "learning_rate": 0.00019716515644298754, "teacher_forcing": 1.0, "predicted_contact_fraction": 0.0, "epoch_seconds": 22.12614381732419, "elapsed_hours": 0.006147622839780525, "loss": 13.505331217447917, "loss_alignment": 0.20241660435994466, "loss_coefficient": 7.485701090494792, "loss_contact": 0.0, "loss_gate": 5.3494517008463545, "loss_reconstruction": 0.4677611541748047}
epoch=232 step=17350 loss=12.94209
epoch=232 step=17400 loss=13.35069
{"epoch": 232, "global_step": 17400, "learning_rate": 0.00019714031792978046, "teacher_forcing": 1.0, "predicted_contact_fraction": 0.0, "epoch_seconds": 19.69326339988038, "elapsed_hours": 0.011619575686442356, "loss": 13.5316259765625, "loss_alignment": 0.2041088581085205, "loss_coefficient": 7.506565755208333, "loss_contact": 0.0, "loss_gate": 5.341060587565104, "loss_reconstruction": 0.4798909759521484}
epoch=233 step=17450 loss=12.82367
{"epoch": 233, "global_step": 17475, "learning_rate": 0.00019711537265318412, "teacher_forcing": 1.0, "predicted_contact_fraction": 0.0, "epoch_seconds": 20.188343310263008, "elapsed_hours": 0.017228940362498786, "loss": 13.655505574544271, "loss_alignment": 0.20688076655069987, "loss_coefficient": 7.625485432942709, "loss_contact": 0.0, "loss_gate": 5.342019449869792, "loss_reconstruction": 0.48112117767333984}
epoch=234 step=17500 loss=13.79007
epoch=234 step=17550 loss=13.89124
{"epoch": 234, "global_step": 17550, "learning_rate": 0.00019709032064061502, "teacher_forcing": 1.0, "predicted_contact_fraction": 0.0, "epoch_seconds": 19.402846440207213, "elapsed_hours": 0.022620070858910265, "loss": 13.153387044270833, "loss_alignment": 0.19373843828837076, "loss_coefficient": 7.181632690429687, "loss_contact": 0.0, "loss_gate": 5.329216613769531, "loss_reconstruction": 0.4488007227579753}
epoch=235 step=17600 loss=12.84602
{"epoch": 235, "global_step": 17625, "learning_rate": 0.00019706516191960686, "teacher_forcing": 1.0, "predicted_contact_fraction": 0.0, "epoch_seconds": 19.15921137109399, "elapsed_hours": 0.027943535221921695, "loss": 13.330796305338541, "loss_alignment": 0.20449705123901368, "loss_coefficient": 7.32966552734375, "loss_contact": 0.0, "loss_gate": 5.3285594685872395, "loss_reconstruction": 0.4680745061238607}
epoch=236 step=17650 loss=13.16289
epoch=236 step=17700 loss=13.68453
{"epoch": 236, "global_step": 17700, "learning_rate": 0.0001970398965178107, "teacher_forcing": 1.0, "predicted_contact_fraction": 0.0, "epoch_seconds": 19.20063897734508, "elapsed_hours": 0.0332784958752907, "loss": 13.755426025390625, "loss_alignment": 0.21073465347290038, "loss_coefficient": 7.731973266601562, "loss_contact": 0.0, "loss_gate": 5.323970133463542, "loss_reconstruction": 0.48874905904134114}
epoch=237 step=17750 loss=12.98270
{"epoch": 237, "global_step": 17775, "learning_rate": 0.0001970145244629949, "teacher_forcing": 1.0, "predicted_contact_fraction": 0.0, "epoch_seconds": 19.69499499676749, "elapsed_hours": 0.03875075379218389, "loss": 13.42083028157552, "loss_alignment": 0.20791203180948895, "loss_coefficient": 7.4254683430989585, "loss_contact": 0.0, "loss_gate": 5.320138956705729, "loss_reconstruction": 0.4673115539550781}
epoch=238 step=17800 loss=12.72076
epoch=238 step=17850 loss=15.07445
{"epoch": 238, "global_step": 17850, "learning_rate": 0.00019698904578304482, "teacher_forcing": 1.0, "predicted_contact_fraction": 0.0, "epoch_seconds": 19.609003152232617, "elapsed_hours": 0.04419917169971288, "loss": 13.721365559895833, "loss_alignment": 0.21513319651285806, "loss_coefficient": 7.702212727864583, "loss_contact": 0.0, "loss_gate": 5.31577880859375, "loss_reconstruction": 0.48824100494384765}
epoch=239 step=17900 loss=13.78157
{"epoch": 239, "global_step": 17925, "learning_rate": 0.00019696346050596323, "teacher_forcing": 1.0, "predicted_contact_fraction": 0.0, "epoch_seconds": 19.56046208878979, "elapsed_hours": 0.04963414213451971, "loss": 13.856965738932292, "loss_alignment": 0.2145290756225586, "loss_coefficient": 7.8525162760416665, "loss_contact": 0.0, "loss_gate": 5.3103650919596355, "loss_reconstruction": 0.4795541254679362}
epoch=240 step=17950 loss=13.30204
epoch=240 step=18000 loss=11.71144
{"epoch": 240, "global_step": 18000, "learning_rate": 0.00019693776865987, "teacher_forcing": 1.0, "predicted_contact_fraction": 0.0, "epoch_seconds": 19.499478004407138, "elapsed_hours": 0.05505280490951716, "loss": 13.343420003255208, "loss_alignment": 0.20745352427164712, "loss_coefficient": 7.374957071940104, "loss_contact": 0.0, "loss_gate": 5.303651428222656, "loss_reconstruction": 0.4573568598429362}
epoch=241 step=18050 loss=13.04890
{"epoch": 241, "global_step": 18075, "learning_rate": 0.00019691197027300205, "teacher_forcing": 1.0, "predicted_contact_fraction": 0.0, "epoch_seconds": 19.544444541912526, "elapsed_hours": 0.0606258725536625, "loss": 13.164443969726562, "loss_alignment": 0.2055015246073405, "loss_coefficient": 7.217088623046875, "loss_contact": 0.0, "loss_gate": 5.292149658203125, "loss_reconstruction": 0.4497043991088867}
epoch=242 step=18100 loss=12.97320
epoch=242 step=18150 loss=13.87572
{"epoch": 242, "global_step": 18150, "learning_rate": 0.00019688606537371348, "teacher_forcing": 1.0, "predicted_contact_fraction": 0.0, "epoch_seconds": 19.374224373605102, "elapsed_hours": 0.06600908644885446, "loss": 13.196908365885417, "loss_alignment": 0.20502314885457357, "loss_coefficient": 7.252306518554687, "loss_contact": 0.0, "loss_gate": 5.28914560953776, "loss_reconstruction": 0.45043375651041667}
epoch=243 step=18200 loss=14.63477
{"epoch": 243, "global_step": 18225, "learning_rate": 0.00019686005399047543, "teacher_forcing": 1.0, "predicted_contact_fraction": 0.0, "epoch_seconds": 20.404410485178232, "elapsed_hours": 0.07167851162479362, "loss": 13.11304463704427, "loss_alignment": 0.20153087933858235, "loss_coefficient": 7.185032552083333, "loss_contact": 0.0, "loss_gate": 5.278987630208333, "loss_reconstruction": 0.4474941126505534}
epoch=244 step=18250 loss=13.64080
epoch=244 step=18300 loss=12.17514
{"epoch": 244, "global_step": 18300, "learning_rate": 0.000196833936151876, "teacher_forcing": 1.0, "predicted_contact_fraction": 0.0, "epoch_seconds": 19.59708301210776, "elapsed_hours": 0.07712360473608391, "loss": 13.301870930989583, "loss_alignment": 0.20470421155293783, "loss_coefficient": 7.374683024088542, "loss_contact": 0.0, "loss_gate": 5.275976765950521, "loss_reconstruction": 0.4465068689982096}
epoch=245 step=18350 loss=13.16755
{"epoch": 245, "global_step": 18375, "learning_rate": 0.00019680771188662044, "teacher_forcing": 1.0, "predicted_contact_fraction": 0.0, "epoch_seconds": 19.673649234697223, "elapsed_hours": 0.08259000364367643, "loss": 13.40264933268229, "loss_alignment": 0.2106234359741211, "loss_coefficient": 7.471881713867187, "loss_contact": 0.0, "loss_gate": 5.2699678548177085, "loss_reconstruction": 0.4501749674479167}
epoch=246 step=18400 loss=12.40471
epoch=246 step=18450 loss=12.05443
{"epoch": 246, "global_step": 18450, "learning_rate": 0.00019678138122353084, "teacher_forcing": 1.0, "predicted_contact_fraction": 0.0, "epoch_seconds": 19.259811618365347, "elapsed_hours": 0.08794142910951955, "loss": 13.384021199544271, "loss_alignment": 0.21163434346516927, "loss_coefficient": 7.457599487304687, "loss_contact": 0.0, "loss_gate": 5.267105814615886, "loss_reconstruction": 0.44768070220947265}
epoch=247 step=18500 loss=14.74374
{"epoch": 247, "global_step": 18525, "learning_rate": 0.00019675494419154629, "teacher_forcing": 1.0, "predicted_contact_fraction": 0.0, "epoch_seconds": 19.719521244987845, "elapsed_hours": 0.09342050237995055, "loss": 13.15596415201823, "loss_alignment": 0.20565753300984702, "loss_coefficient": 7.253326212565105, "loss_contact": 0.0, "loss_gate": 5.256305033365885, "loss_reconstruction": 0.44067596435546874}
epoch=248 step=18550 loss=14.02474
epoch=248 step=18600 loss=13.10071
{"epoch": 248, "global_step": 18600, "learning_rate": 0.00019672840081972278, "teacher_forcing": 1.0, "predicted_contact_fraction": 0.0, "epoch_seconds": 20.184553294908255, "elapsed_hours": 0.09902878623636853, "loss": 13.125996500651041, "loss_alignment": 0.2072102451324463, "loss_coefficient": 7.2301381429036455, "loss_contact": 0.0, "loss_gate": 5.2508515421549475, "loss_reconstruction": 0.4377967071533203}
epoch=249 step=18650 loss=13.23561
{"epoch": 249, "global_step": 18675, "learning_rate": 0.00019670175113723311, "teacher_forcing": 1.0, "predicted_contact_fraction": 0.0, "epoch_seconds": 19.933696602936834, "elapsed_hours": 0.10456736951251515, "loss": 13.515791625976563, "loss_alignment": 0.21516194661458332, "loss_coefficient": 7.601111246744792, "loss_contact": 0.0, "loss_gate": 5.247088623046875, "loss_reconstruction": 0.4524289576212565}
epoch=250 step=18700 loss=14.05126
epoch=250 step=18750 loss=13.70457
{"epoch": 250, "global_step": 18750, "learning_rate": 0.00019667499517336703, "teacher_forcing": 1.0, "predicted_contact_fraction": 0.0, "epoch_seconds": 19.803554214071482, "elapsed_hours": 0.11006979171031465, "loss": 13.201166381835938, "loss_alignment": 0.20819737752278647, "loss_coefficient": 7.325022989908854, "loss_contact": 0.0, "loss_gate": 5.233984476725261, "loss_reconstruction": 0.4339613087972005}
epoch=251 step=18800 loss=13.89628
{"epoch": 251, "global_step": 18825, "learning_rate": 0.00019664813295753103, "teacher_forcing": 1.0, "predicted_contact_fraction": 0.0, "epoch_seconds": 20.15130792511627, "elapsed_hours": 0.11585738166144842, "loss": 13.243845621744791, "loss_alignment": 0.209191099802653, "loss_coefficient": 7.3697603352864585, "loss_contact": 0.0, "loss_gate": 5.229824015299479, "loss_reconstruction": 0.4350702540079753}
epoch=252 step=18850 loss=13.45365
epoch=252 step=18900 loss=13.96891
{"epoch": 252, "global_step": 18900, "learning_rate": 0.0001966211645192484, "teacher_forcing": 1.0, "predicted_contact_fraction": 0.0, "epoch_seconds": 20.25796692771837, "elapsed_hours": 0.12148623418580327, "loss": 13.59295694986979, "loss_alignment": 0.21952417373657226, "loss_coefficient": 7.701135660807291, "loss_contact": 0.0, "loss_gate": 5.226360270182291, "loss_reconstruction": 0.445935910542806}
epoch=253 step=18950 loss=13.26978
{"epoch": 253, "global_step": 18975, "learning_rate": 0.00019659408988815917, "teacher_forcing": 1.0, "predicted_contact_fraction": 0.0, "epoch_seconds": 19.882044926751405, "elapsed_hours": 0.12701055530691518, "loss": 13.633558553059896, "loss_alignment": 0.22547473907470703, "loss_coefficient": 7.721744791666667, "loss_contact": 0.0, "loss_gate": 5.225143330891927, "loss_reconstruction": 0.4611944834391276}
epoch=254 step=19000 loss=13.01065
epoch=254 step=19050 loss=14.02771
{"epoch": 254, "global_step": 19050, "learning_rate": 0.00019656690909402008, "teacher_forcing": 1.0, "predicted_contact_fraction": 0.0, "epoch_seconds": 19.890539132989943, "elapsed_hours": 0.13253711348839312, "loss": 13.348404541015626, "loss_alignment": 0.21798077901204427, "loss_coefficient": 7.472884114583334, "loss_contact": 0.0, "loss_gate": 5.214485778808593, "loss_reconstruction": 0.4430560302734375}
epoch=255 step=19100 loss=13.27183
{"epoch": 255, "global_step": 19125, "learning_rate": 0.00019653962216670455, "teacher_forcing": 1.0, "predicted_contact_fraction": 0.0, "epoch_seconds": 20.205385108012706, "elapsed_hours": 0.13815114411331403, "loss": 13.229419352213542, "loss_alignment": 0.21598899841308594, "loss_coefficient": 7.374334309895834, "loss_contact": 0.0, "loss_gate": 5.204648030598959, "loss_reconstruction": 0.4344482167561849}
epoch=256 step=19150 loss=14.50298
epoch=256 step=19200 loss=14.71140
{"epoch": 256, "global_step": 19200, "learning_rate": 0.0001965122291362026, "teacher_forcing": 1.0, "predicted_contact_fraction": 0.0, "epoch_seconds": 19.880970374215394, "elapsed_hours": 0.14367559517863104, "loss": 13.434681396484375, "loss_alignment": 0.22296249389648437, "loss_coefficient": 7.568262329101563, "loss_contact": 0.0, "loss_gate": 5.2012422688802085, "loss_reconstruction": 0.442212282816569}
epoch=257 step=19250 loss=13.51270
{"epoch": 257, "global_step": 19275, "learning_rate": 0.000196484730032621, "teacher_forcing": 1.0, "predicted_contact_fraction": 0.0, "epoch_seconds": 19.778771989047527, "elapsed_hours": 0.14917126839165576, "loss": 13.24193583170573, "loss_alignment": 0.22183184305826822, "loss_coefficient": 7.3888330078125, "loss_contact": 0.0, "loss_gate": 5.190807088216146, "loss_reconstruction": 0.4404628880818685}
epoch=258 step=19300 loss=12.41491
epoch=258 step=19350 loss=14.72041
{"epoch": 258, "global_step": 19350, "learning_rate": 0.00019645712488618297, "teacher_forcing": 1.0, "predicted_contact_fraction": 0.0, "epoch_seconds": 19.67383618094027, "elapsed_hours": 0.15463771526171413, "loss": 13.70341328938802, "loss_alignment": 0.23258420944213867, "loss_coefficient": 7.800358683268229, "loss_contact": 0.0, "loss_gate": 5.191980082194011, "loss_reconstruction": 0.47849098205566404}
epoch=259 step=19400 loss=13.92597
{"epoch": 259, "global_step": 19425, "learning_rate": 0.00019642941372722834, "teacher_forcing": 1.0, "predicted_contact_fraction": 0.0, "epoch_seconds": 19.55949301412329, "elapsed_hours": 0.16007234924524608, "loss": 13.212703450520833, "loss_alignment": 0.22003732045491536, "loss_coefficient": 7.37406494140625, "loss_contact": 0.0, "loss_gate": 5.182065124511719, "loss_reconstruction": 0.4365362803141276}
epoch=260 step=19450 loss=13.97841
epoch=260 step=19500 loss=13.37514
{"epoch": 260, "global_step": 19500, "learning_rate": 0.00019640159658621342, "teacher_forcing": 1.0, "predicted_contact_fraction": 0.0, "epoch_seconds": 19.669832556974143, "elapsed_hours": 0.16553763307527536, "loss": 12.842609252929687, "loss_alignment": 0.2141284974416097, "loss_coefficient": 7.02940185546875, "loss_contact": 0.0, "loss_gate": 5.175907694498698, "loss_reconstruction": 0.4231717872619629}
epoch=261 step=19550 loss=11.50935
{"epoch": 261, "global_step": 19575, "learning_rate": 0.000196373673493711, "teacher_forcing": 1.0, "predicted_contact_fraction": 0.0, "epoch_seconds": 19.655523442663252, "elapsed_hours": 0.17114020719477493, "loss": 12.476445515950521, "loss_alignment": 0.20279019037882487, "loss_coefficient": 6.709062703450521, "loss_contact": 0.0, "loss_gate": 5.155933837890625, "loss_reconstruction": 0.4086581802368164}
epoch=262 step=19600 loss=13.18235
epoch=262 step=19650 loss=14.03259
{"epoch": 262, "global_step": 19650, "learning_rate": 0.00019634564448041037, "teacher_forcing": 1.0, "predicted_contact_fraction": 0.0, "epoch_seconds": 19.85540724080056, "elapsed_hours": 0.1766572908002935, "loss": 13.179481201171875, "loss_alignment": 0.21666778564453126, "loss_coefficient": 7.36751444498698, "loss_contact": 0.0, "loss_gate": 5.161038411458334, "loss_reconstruction": 0.4342610168457031}
epoch=263 step=19700 loss=11.52425
{"epoch": 263, "global_step": 19725, "learning_rate": 0.00019631750957711718, "teacher_forcing": 1.0, "predicted_contact_fraction": 0.0, "epoch_seconds": 19.689454808831215, "elapsed_hours": 0.1821279925639586, "loss": 13.07647745768229, "loss_alignment": 0.22366363525390626, "loss_coefficient": 7.265054931640625, "loss_contact": 0.0, "loss_gate": 5.1597234090169275, "loss_reconstruction": 0.428036429087321}
epoch=264 step=19750 loss=15.70080
epoch=264 step=19800 loss=13.19559
{"epoch": 264, "global_step": 19800, "learning_rate": 0.0001962892688147535, "teacher_forcing": 1.0, "predicted_contact_fraction": 0.0, "epoch_seconds": 19.887911814264953, "elapsed_hours": 0.18765385399895926, "loss": 14.073456217447916, "loss_alignment": 0.25604767481486, "loss_coefficient": 8.154520060221355, "loss_contact": 0.0, "loss_gate": 5.170250040690104, "loss_reconstruction": 0.4926377105712891}
epoch=265 step=19850 loss=12.09404
{"epoch": 265, "global_step": 19875, "learning_rate": 0.0001962609222243577, "teacher_forcing": 1.0, "predicted_contact_fraction": 0.0, "epoch_seconds": 19.727987403981388, "elapsed_hours": 0.19313524782890454, "loss": 13.135473022460937, "loss_alignment": 0.2218751271565755, "loss_coefficient": 7.333037719726563, "loss_contact": 0.0, "loss_gate": 5.1523193359375, "loss_reconstruction": 0.428241024017334}
epoch=266 step=19900 loss=13.17004
epoch=266 step=19950 loss=12.73441
{"epoch": 266, "global_step": 19950, "learning_rate": 0.0001962324698370845, "teacher_forcing": 1.0, "predicted_contact_fraction": 0.0, "epoch_seconds": 19.924453021027148, "elapsed_hours": 0.1986712740391441, "loss": 12.9210595703125, "loss_alignment": 0.2176956303914388, "loss_coefficient": 7.15010721842448, "loss_contact": 0.0, "loss_gate": 5.138386433919271, "loss_reconstruction": 0.41487024943033857}
epoch=267 step=20000 loss=12.99491
{"epoch": 267, "global_step": 20025, "learning_rate": 0.00019620391168420485, "teacher_forcing": 1.0, "predicted_contact_fraction": 0.0, "epoch_seconds": 19.868680560961366, "elapsed_hours": 0.20419177614165365, "loss": 13.312976481119792, "loss_alignment": 0.22953664779663085, "loss_coefficient": 7.5073903401692705, "loss_contact": 0.0, "loss_gate": 5.13785634358724, "loss_reconstruction": 0.4381917572021484}
epoch=268 step=20050 loss=13.84457
epoch=268 step=20100 loss=13.85021
{"epoch": 268, "global_step": 20100, "learning_rate": 0.00019617524779710603, "teacher_forcing": 1.0, "predicted_contact_fraction": 0.0, "epoch_seconds": 19.916440226137638, "elapsed_hours": 0.2097255827445123, "loss": 12.951322428385417, "loss_alignment": 0.2235344696044922, "loss_coefficient": 7.184361165364583, "loss_contact": 0.0, "loss_gate": 5.129289754231771, "loss_reconstruction": 0.414135627746582}
epoch=269 step=20150 loss=12.77570
{"epoch": 269, "global_step": 20175, "learning_rate": 0.00019614647820729144, "teacher_forcing": 1.0, "predicted_contact_fraction": 0.0, "epoch_seconds": 19.645699460059404, "elapsed_hours": 0.21518419604696748, "loss": 12.869456583658854, "loss_alignment": 0.2215955607096354, "loss_coefficient": 7.109060668945313, "loss_contact": 0.0, "loss_gate": 5.123629557291666, "loss_reconstruction": 0.4151716423034668}
epoch=270 step=20200 loss=14.00741
epoch=270 step=20250 loss=13.83790
{"epoch": 270, "global_step": 20250, "learning_rate": 0.0001961176029463807, "teacher_forcing": 1.0, "predicted_contact_fraction": 0.0, "epoch_seconds": 19.80678802030161, "elapsed_hours": 0.22068748820223846, "loss": 12.901913655598959, "loss_alignment": 0.22337701797485351, "loss_coefficient": 7.155606892903646, "loss_contact": 0.0, "loss_gate": 5.113802693684896, "loss_reconstruction": 0.40912622451782227}
epoch=271 step=20300 loss=13.01249
{"epoch": 271, "global_step": 20325, "learning_rate": 0.00019608862204610955, "teacher_forcing": 1.0, "predicted_contact_fraction": 0.0, "epoch_seconds": 20.307430641259998, "elapsed_hours": 0.22647211485413007, "loss": 12.873076985677084, "loss_alignment": 0.2244338099161784, "loss_coefficient": 7.127939656575521, "loss_contact": 0.0, "loss_gate": 5.108309326171875, "loss_reconstruction": 0.4123945045471191}
epoch=272 step=20350 loss=13.68041
epoch=272 step=20400 loss=12.48220
{"epoch": 272, "global_step": 20400, "learning_rate": 0.00019605953553832988, "teacher_forcing": 1.0, "predicted_contact_fraction": 0.0, "epoch_seconds": 19.951578998938203, "elapsed_hours": 0.23201562329001416, "loss": 12.883304036458334, "loss_alignment": 0.22523894627888996, "loss_coefficient": 7.141497599283854, "loss_contact": 0.0, "loss_gate": 5.1028777058919275, "loss_reconstruction": 0.41368954340616865}
epoch=273 step=20450 loss=12.85382
{"epoch": 273, "global_step": 20475, "learning_rate": 0.00019603034345500956, "teacher_forcing": 1.0, "predicted_contact_fraction": 0.0, "epoch_seconds": 19.811486945021898, "elapsed_hours": 0.2375202540806236, "loss": 13.162889607747395, "loss_alignment": 0.2319088872273763, "loss_coefficient": 7.402742309570312, "loss_contact": 0.0, "loss_gate": 5.098192545572917, "loss_reconstruction": 0.4300439198811849}
epoch=274 step=20500 loss=13.09473
epoch=274 step=20550 loss=12.60322
{"epoch": 274, "global_step": 20550, "learning_rate": 0.0001960010458282326, "teacher_forcing": 1.0, "predicted_contact_fraction": 0.0, "epoch_seconds": 19.77201882004738, "elapsed_hours": 0.24301404174391386, "loss": 12.979533081054688, "loss_alignment": 0.23109788258870442, "loss_coefficient": 7.236971028645834, "loss_contact": 0.0, "loss_gate": 5.093917032877604, "loss_reconstruction": 0.417547124226888}
epoch=275 step=20600 loss=12.26186
{"epoch": 275, "global_step": 20625, "learning_rate": 0.00019597164269019888, "teacher_forcing": 1.0, "predicted_contact_fraction": 0.0, "epoch_seconds": 19.779766757041216, "elapsed_hours": 0.24850984238256285, "loss": 12.738742065429687, "loss_alignment": 0.22327248255411783, "loss_coefficient": 7.0272998046875, "loss_contact": 0.0, "loss_gate": 5.084225463867187, "loss_reconstruction": 0.40394396464029947}
epoch=276 step=20650 loss=11.49642
epoch=276 step=20700 loss=13.23666
{"epoch": 276, "global_step": 20700, "learning_rate": 0.00019594213407322442, "teacher_forcing": 1.0, "predicted_contact_fraction": 0.0, "epoch_seconds": 19.803643632214516, "elapsed_hours": 0.2540123384839131, "loss": 12.509920043945312, "loss_alignment": 0.22487728754679362, "loss_coefficient": 6.809673258463541, "loss_contact": 0.0, "loss_gate": 5.0787950642903645, "loss_reconstruction": 0.3965750439961751}
epoch=277 step=20750 loss=11.91754
{"epoch": 277, "global_step": 20775, "learning_rate": 0.00019591252000974096, "teacher_forcing": 1.0, "predicted_contact_fraction": 0.0, "epoch_seconds": 19.885693446733057, "elapsed_hours": 0.259537549344176, "loss": 12.720558268229167, "loss_alignment": 0.2326809565226237, "loss_coefficient": 7.001957804361979, "loss_contact": 0.0, "loss_gate": 5.076741536458333, "loss_reconstruction": 0.40917920430501303}
epoch=278 step=20800 loss=12.96043
epoch=278 step=20850 loss=11.65055
{"epoch": 278, "global_step": 20850, "learning_rate": 0.0001958828005322963, "teacher_forcing": 1.0, "predicted_contact_fraction": 0.0, "epoch_seconds": 19.873693358618766, "elapsed_hours": 0.2650594486994669, "loss": 12.309627685546875, "loss_alignment": 0.2196691131591797, "loss_coefficient": 6.646671752929688, "loss_contact": 0.0, "loss_gate": 5.05775156656901, "loss_reconstruction": 0.3855369822184245}
epoch=279 step=20900 loss=13.76595
{"epoch": 279, "global_step": 20925, "learning_rate": 0.00019585297567355404, "teacher_forcing": 1.0, "predicted_contact_fraction": 0.0, "epoch_seconds": 20.067354696802795, "elapsed_hours": 0.27063513012447704, "loss": 12.50006062825521, "loss_alignment": 0.22364039738972982, "loss_coefficient": 6.829453430175781, "loss_contact": 0.0, "loss_gate": 5.056926066080729, "loss_reconstruction": 0.3900405184427897}
epoch=280 step=20950 loss=12.90205
epoch=280 step=21000 loss=11.98623
{"epoch": 280, "global_step": 21000, "learning_rate": 0.00019582304546629362, "teacher_forcing": 1.0, "predicted_contact_fraction": 0.0, "epoch_seconds": 19.791757890954614, "elapsed_hours": 0.27613473648063114, "loss": 12.554601236979167, "loss_alignment": 0.23076226552327475, "loss_coefficient": 6.880878194173177, "loss_contact": 0.0, "loss_gate": 5.056189473470052, "loss_reconstruction": 0.3867715899149577}
epoch=281 step=21050 loss=12.27305
{"epoch": 281, "global_step": 21075, "learning_rate": 0.00019579300994341018, "teacher_forcing": 1.0, "predicted_contact_fraction": 0.0, "epoch_seconds": 20.381593998987228, "elapsed_hours": 0.28194319672391027, "loss": 12.571673583984374, "loss_alignment": 0.2253924051920573, "loss_coefficient": 6.910313517252604, "loss_contact": 0.0, "loss_gate": 5.048657938639323, "loss_reconstruction": 0.3873096783955892}
epoch=282 step=21100 loss=11.54196
epoch=282 step=21150 loss=12.85487
{"epoch": 282, "global_step": 21150, "learning_rate": 0.00019576286913791467, "teacher_forcing": 1.0, "predicted_contact_fraction": 0.0, "epoch_seconds": 19.379652767907828, "elapsed_hours": 0.28732787133893, "loss": 12.296907348632812, "loss_alignment": 0.22135830561319986, "loss_coefficient": 6.6642694091796875, "loss_contact": 0.0, "loss_gate": 5.033441874186198, "loss_reconstruction": 0.37783802032470704}
epoch=283 step=21200 loss=12.87587
{"epoch": 283, "global_step": 21225, "learning_rate": 0.00019573262308293383, "teacher_forcing": 1.0, "predicted_contact_fraction": 0.0, "epoch_seconds": 19.34178303508088, "elapsed_hours": 0.2927020003372389, "loss": 12.691580200195313, "loss_alignment": 0.23263684590657552, "loss_coefficient": 7.026199137369792, "loss_contact": 0.0, "loss_gate": 5.038871459960937, "loss_reconstruction": 0.39387334187825523}
epoch=284 step=21250 loss=11.94699
epoch=284 step=21300 loss=13.06534
{"epoch": 284, "global_step": 21300, "learning_rate": 0.00019570227181170993, "teacher_forcing": 1.0, "predicted_contact_fraction": 0.0, "epoch_seconds": 19.761386940721422, "elapsed_hours": 0.2981926531652506, "loss": 12.556431477864583, "loss_alignment": 0.2307839075724284, "loss_coefficient": 6.9108487955729165, "loss_contact": 0.0, "loss_gate": 5.03047353108724, "loss_reconstruction": 0.3843259684244792}
epoch=285 step=21350 loss=13.07691
{"epoch": 285, "global_step": 21375, "learning_rate": 0.00019567181535760098, "teacher_forcing": 1.0, "predicted_contact_fraction": 0.0, "epoch_seconds": 19.83563969936222, "elapsed_hours": 0.30370398310336494, "loss": 12.76093282063802, "loss_alignment": 0.22813151041666666, "loss_coefficient": 7.118365071614583, "loss_contact": 0.0, "loss_gate": 5.022859598795573, "loss_reconstruction": 0.39157351811726887}
epoch=286 step=21400 loss=12.97056
epoch=286 step=21450 loss=12.10463
{"epoch": 286, "global_step": 21450, "learning_rate": 0.0001956412537540805, "teacher_forcing": 1.0, "predicted_contact_fraction": 0.0, "epoch_seconds": 19.876021719072014, "elapsed_hours": 0.3092265952761388, "loss": 12.617058512369791, "loss_alignment": 0.2312789789835612, "loss_coefficient": 6.9844742838541665, "loss_contact": 0.0, "loss_gate": 5.0186620076497395, "loss_reconstruction": 0.382644297281901}
epoch=287 step=21500 loss=11.98230
{"epoch": 287, "global_step": 21525, "learning_rate": 0.00019561058703473775, "teacher_forcing": 1.0, "predicted_contact_fraction": 0.0, "epoch_seconds": 19.645719902124256, "elapsed_hours": 0.31468523393721426, "loss": 12.569725748697916, "loss_alignment": 0.2269079335530599, "loss_coefficient": 6.95912821451823, "loss_contact": 0.0, "loss_gate": 5.010116678873698, "loss_reconstruction": 0.37357237497965495}
epoch=288 step=21550 loss=11.72946
epoch=288 step=21600 loss=11.60485
{"epoch": 288, "global_step": 21600, "learning_rate": 0.0001955798152332773, "teacher_forcing": 1.0, "predicted_contact_fraction": 0.0, "epoch_seconds": 19.884908517356962, "elapsed_hours": 0.3202102953216268, "loss": 12.161301879882812, "loss_alignment": 0.22191240310668944, "loss_coefficient": 6.571496073404948, "loss_contact": 0.0, "loss_gate": 5.00269287109375, "loss_reconstruction": 0.36519938786824546}
epoch=289 step=21650 loss=11.82383
{"epoch": 289, "global_step": 21675, "learning_rate": 0.00019554893838351936, "teacher_forcing": 1.0, "predicted_contact_fraction": 0.0, "epoch_seconds": 20.60599707206711, "elapsed_hours": 0.3259357051099909, "loss": 12.301986287434897, "loss_alignment": 0.22701768239339193, "loss_coefficient": 6.703621520996093, "loss_contact": 0.0, "loss_gate": 4.990652160644531, "loss_reconstruction": 0.3806957944234212}
epoch=290 step=21700 loss=13.79583
epoch=290 step=21750 loss=13.10855
{"epoch": 290, "global_step": 21750, "learning_rate": 0.00019551795651939955, "teacher_forcing": 1.0, "predicted_contact_fraction": 0.0, "epoch_seconds": 20.222432930022478, "elapsed_hours": 0.3315546174889379, "loss": 13.271430257161459, "loss_alignment": 0.25291826248168947, "loss_coefficient": 7.596513875325521, "loss_contact": 0.0, "loss_gate": 5.00929941813151, "loss_reconstruction": 0.4126991780598958}
epoch=291 step=21800 loss=12.55716
{"epoch": 291, "global_step": 21825, "learning_rate": 0.00019548686967496895, "teacher_forcing": 1.0, "predicted_contact_fraction": 0.0, "epoch_seconds": 20.08694989187643, "elapsed_hours": 0.33728228072415933, "loss": 12.640205688476563, "loss_alignment": 0.23774808247884113, "loss_coefficient": 7.0286476643880205, "loss_contact": 0.0, "loss_gate": 4.995206095377604, "loss_reconstruction": 0.3786033503214518}
epoch=292 step=21850 loss=12.60794
epoch=292 step=21900 loss=10.98820
{"epoch": 292, "global_step": 21900, "learning_rate": 0.0001954556778843939, "teacher_forcing": 1.0, "predicted_contact_fraction": 0.0, "epoch_seconds": 19.694577088579535, "elapsed_hours": 0.34275465710192093, "loss": 12.449046223958334, "loss_alignment": 0.235078976949056, "loss_coefficient": 6.856417032877604, "loss_contact": 0.0, "loss_gate": 4.9844737752278645, "loss_reconstruction": 0.373076114654541}
epoch=293 step=21950 loss=12.24300
{"epoch": 293, "global_step": 21975, "learning_rate": 0.00019542438118195618, "teacher_forcing": 1.0, "predicted_contact_fraction": 0.0, "epoch_seconds": 20.033770602196455, "elapsed_hours": 0.3483210760088534, "loss": 12.734564412434896, "loss_alignment": 0.23791940053304036, "loss_coefficient": 7.135227457682292, "loss_contact": 0.0, "loss_gate": 4.973382975260416, "loss_reconstruction": 0.3880352719624837}
epoch=294 step=22000 loss=11.95020
epoch=294 step=22050 loss=12.03176
{"epoch": 294, "global_step": 22050, "learning_rate": 0.00019539297960205292, "teacher_forcing": 1.0, "predicted_contact_fraction": 0.0, "epoch_seconds": 19.72070897370577, "elapsed_hours": 0.3538006246189535, "loss": 12.49481953938802, "loss_alignment": 0.23539151509602865, "loss_coefficient": 6.920507202148437, "loss_contact": 0.0, "loss_gate": 4.970255330403646, "loss_reconstruction": 0.368664919535319}
epoch=295 step=22100 loss=11.96440
{"epoch": 295, "global_step": 22125, "learning_rate": 0.0001953614731791964, "teacher_forcing": 1.0, "predicted_contact_fraction": 0.0, "epoch_seconds": 19.929490086156875, "elapsed_hours": 0.3593380633497145, "loss": 12.349334309895834, "loss_alignment": 0.2316514269510905, "loss_coefficient": 6.788928731282552, "loss_contact": 0.0, "loss_gate": 4.955821329752604, "loss_reconstruction": 0.3729345830281576}
epoch=296 step=22150 loss=11.81144
epoch=296 step=22200 loss=13.07821
{"epoch": 296, "global_step": 22200, "learning_rate": 0.0001953298619480142, "teacher_forcing": 1.0, "predicted_contact_fraction": 0.0, "epoch_seconds": 19.669390135910362, "elapsed_hours": 0.3648032149191325, "loss": 12.263939615885416, "loss_alignment": 0.2299173672993978, "loss_coefficient": 6.720975240071614, "loss_contact": 0.0, "loss_gate": 4.946152648925781, "loss_reconstruction": 0.3668941307067871}
epoch=297 step=22250 loss=13.32191
{"epoch": 297, "global_step": 22275, "learning_rate": 0.00019529814594324908, "teacher_forcing": 1.0, "predicted_contact_fraction": 0.0, "epoch_seconds": 19.749664797913283, "elapsed_hours": 0.3702907156849849, "loss": 12.361318359375, "loss_alignment": 0.23416989008585612, "loss_coefficient": 6.813544209798177, "loss_contact": 0.0, "loss_gate": 4.94559326171875, "loss_reconstruction": 0.36801015853881835}
epoch=298 step=22300 loss=11.26766
epoch=298 step=22350 loss=12.20079
{"epoch": 298, "global_step": 22350, "learning_rate": 0.0001952663251997589, "teacher_forcing": 1.0, "predicted_contact_fraction": 0.0, "epoch_seconds": 19.94759665429592, "elapsed_hours": 0.37583322708223327, "loss": 12.758739420572917, "loss_alignment": 0.24730658849080403, "loss_coefficient": 7.182677001953125, "loss_contact": 0.0, "loss_gate": 4.946365661621094, "loss_reconstruction": 0.3823904101053874}
epoch=299 step=22400 loss=13.75147
{"epoch": 299, "global_step": 22425, "learning_rate": 0.00019523439975251673, "teacher_forcing": 1.0, "predicted_contact_fraction": 0.0, "epoch_seconds": 19.598606957122684, "elapsed_hours": 0.3812787690305979, "loss": 12.42714335123698, "loss_alignment": 0.24295958201090495, "loss_coefficient": 6.870715942382812, "loss_contact": 0.0, "loss_gate": 4.943462931315104, "loss_reconstruction": 0.3700063451131185}
epoch=300 step=22450 loss=13.74619
epoch=300 step=22500 loss=10.97720
{"epoch": 300, "global_step": 22500, "learning_rate": 0.00019520236963661066, "teacher_forcing": 1.0, "predicted_contact_fraction": 0.0, "epoch_seconds": 20.728339440654963, "elapsed_hours": 0.38703814101366635, "loss": 12.04733154296875, "loss_alignment": 0.23024236043294272, "loss_coefficient": 6.533893839518229, "loss_contact": 0.0, "loss_gate": 4.925526529947916, "loss_reconstruction": 0.35767003377278644}
epoch=301 step=22550 loss=12.22359
{"epoch": 301, "global_step": 22575, "learning_rate": 0.00019517023488724384, "teacher_forcing": 1.0, "predicted_contact_fraction": 0.0, "epoch_seconds": 19.972990475129336, "elapsed_hours": 0.39273418210446837, "loss": 11.885167643229167, "loss_alignment": 0.23001915613810223, "loss_coefficient": 6.391672058105469, "loss_contact": 0.0, "loss_gate": 4.913970947265625, "loss_reconstruction": 0.3495044708251953}
epoch=302 step=22600 loss=13.04513
epoch=302 step=22650 loss=11.48752
{"epoch": 302, "global_step": 22650, "learning_rate": 0.00019513799553973438, "teacher_forcing": 1.0, "predicted_contact_fraction": 0.0, "epoch_seconds": 22.169217946007848, "elapsed_hours": 0.3988938500900339, "loss": 12.020163777669271, "loss_alignment": 0.2325760841369629, "loss_coefficient": 6.527617492675781, "loss_contact": 0.0, "loss_gate": 4.9087816365559895, "loss_reconstruction": 0.3511891746520996}
epoch=303 step=22700 loss=11.80530
{"epoch": 303, "global_step": 22725, "learning_rate": 0.00019510565162951537, "teacher_forcing": 1.0, "predicted_contact_fraction": 0.0, "epoch_seconds": 21.105608803685755, "elapsed_hours": 0.4047583349963598, "loss": 11.899994913736979, "loss_alignment": 0.23516555786132812, "loss_coefficient": 6.413795166015625, "loss_contact": 0.0, "loss_gate": 4.900145772298177, "loss_reconstruction": 0.35088808059692383}
epoch=304 step=22750 loss=11.77982
epoch=304 step=22800 loss=13.04044
{"epoch": 304, "global_step": 22800, "learning_rate": 0.0001950732031921348, "teacher_forcing": 1.0, "predicted_contact_fraction": 0.0, "epoch_seconds": 19.55597232002765, "elapsed_hours": 0.41019219462332934, "loss": 12.159332071940105, "loss_alignment": 0.2403814697265625, "loss_coefficient": 6.664661356608073, "loss_contact": 0.0, "loss_gate": 4.9031005859375, "loss_reconstruction": 0.3511893844604492}
epoch=305 step=22850 loss=11.75024
{"epoch": 305, "global_step": 22875, "learning_rate": 0.00019504065026325565, "teacher_forcing": 1.0, "predicted_contact_fraction": 0.0, "epoch_seconds": 20.096513510216027, "elapsed_hours": 0.41577603457223933, "loss": 11.97427958170573, "loss_alignment": 0.23780082066853842, "loss_coefficient": 6.498965148925781, "loss_contact": 0.0, "loss_gate": 4.892626953125, "loss_reconstruction": 0.34488694508870443}
epoch=306 step=22900 loss=12.12967
epoch=306 step=22950 loss=11.97107
{"epoch": 306, "global_step": 22950, "learning_rate": 0.00019500799287865562, "teacher_forcing": 1.0, "predicted_contact_fraction": 0.0, "epoch_seconds": 19.601971236988902, "elapsed_hours": 0.4212224983267434, "loss": 11.939516398111978, "loss_alignment": 0.23552936553955078, "loss_coefficient": 6.4767282104492185, "loss_contact": 0.0, "loss_gate": 4.882339172363281, "loss_reconstruction": 0.344919859568278}
epoch=307 step=23000 loss=11.69232
{"epoch": 307, "global_step": 23025, "learning_rate": 0.00019497523107422723, "teacher_forcing": 1.0, "predicted_contact_fraction": 0.0, "epoch_seconds": 19.483363855164498, "elapsed_hours": 0.4266360135372573, "loss": 12.056635131835938, "loss_alignment": 0.24044633229573567, "loss_coefficient": 6.590025736490886, "loss_contact": 0.0, "loss_gate": 4.873714904785157, "loss_reconstruction": 0.3524482790629069}
epoch=308 step=23050 loss=11.67270
epoch=308 step=23100 loss=12.67819
{"epoch": 308, "global_step": 23100, "learning_rate": 0.00019494236488597775, "teacher_forcing": 1.0, "predicted_contact_fraction": 0.0, "epoch_seconds": 19.589733969885856, "elapsed_hours": 0.43207911004778, "loss": 12.317755940755209, "loss_alignment": 0.2452914301554362, "loss_coefficient": 6.847012227376302, "loss_contact": 0.0, "loss_gate": 4.867009887695312, "loss_reconstruction": 0.35844425201416014}
epoch=309 step=23150 loss=11.65694
{"epoch": 309, "global_step": 23175, "learning_rate": 0.0001949093943500293, "teacher_forcing": 1.0, "predicted_contact_fraction": 0.0, "epoch_seconds": 19.95096550602466, "elapsed_hours": 0.43762253223672615, "loss": 12.449890747070313, "loss_alignment": 0.25255170186360676, "loss_coefficient": 6.954835815429687, "loss_contact": 0.0, "loss_gate": 4.870379435221354, "loss_reconstruction": 0.3721243794759115}
epoch=310 step=23200 loss=11.95423
epoch=310 step=23250 loss=11.19943
{"epoch": 310, "global_step": 23250, "learning_rate": 0.00019487631950261859, "teacher_forcing": 1.0, "predicted_contact_fraction": 0.0, "epoch_seconds": 20.35834727808833, "elapsed_hours": 0.4432791044252614, "loss": 12.306293334960937, "loss_alignment": 0.2565121587117513, "loss_coefficient": 6.821745096842448, "loss_contact": 0.0, "loss_gate": 4.865260620117187, "loss_reconstruction": 0.362775510152181}
epoch=311 step=23300 loss=11.22312
{"epoch": 311, "global_step": 23325, "learning_rate": 0.0001948431403800969, "teacher_forcing": 1.0, "predicted_contact_fraction": 0.0, "epoch_seconds": 20.001697042025626, "elapsed_hours": 0.44898409214414037, "loss": 11.732392985026042, "loss_alignment": 0.23641424179077147, "loss_coefficient": 6.310255940755209, "loss_contact": 0.0, "loss_gate": 4.845659586588542, "loss_reconstruction": 0.34006339391072593}
epoch=312 step=23350 loss=12.70484
epoch=312 step=23400 loss=13.06328
{"epoch": 312, "global_step": 23400, "learning_rate": 0.00019480985701893027, "teacher_forcing": 1.0, "predicted_contact_fraction": 0.0, "epoch_seconds": 20.354285344015807, "elapsed_hours": 0.45463960502193207, "loss": 11.929989827473959, "loss_alignment": 0.24468008041381836, "loss_coefficient": 6.50194834391276, "loss_contact": 0.0, "loss_gate": 4.84168467203776, "loss_reconstruction": 0.34167545318603515}
epoch=313 step=23450 loss=12.71804
{"epoch": 313, "global_step": 23475, "learning_rate": 0.00019477646945569922, "teacher_forcing": 1.0, "predicted_contact_fraction": 0.0, "epoch_seconds": 19.780202261172235, "elapsed_hours": 0.4601356188405771, "loss": 11.781725056966145, "loss_alignment": 0.23560343424479166, "loss_coefficient": 6.376759847005208, "loss_contact": 0.0, "loss_gate": 4.8303271484375, "loss_reconstruction": 0.33903504053751626}
epoch=314 step=23500 loss=12.33457
epoch=314 step=23550 loss=12.04513
{"epoch": 314, "global_step": 23550, "learning_rate": 0.00019474297772709877, "teacher_forcing": 1.0, "predicted_contact_fraction": 0.0, "epoch_seconds": 19.75015585217625, "elapsed_hours": 0.46562329127336854, "loss": 11.882565714518229, "loss_alignment": 0.23991577784220378, "loss_coefficient": 6.4762827555338545, "loss_contact": 0.0, "loss_gate": 4.825064595540365, "loss_reconstruction": 0.34130231857299803}
epoch=315 step=23600 loss=12.54038
{"epoch": 315, "global_step": 23625, "learning_rate": 0.0001947093818699385, "teacher_forcing": 1.0, "predicted_contact_fraction": 0.0, "epoch_seconds": 20.208339577075094, "elapsed_hours": 0.47123814371750794, "loss": 11.80382588704427, "loss_alignment": 0.23895512262980143, "loss_coefficient": 6.409853210449219, "loss_contact": 0.0, "loss_gate": 4.814071960449219, "loss_reconstruction": 0.34094600041707357}
epoch=316 step=23650 loss=11.51260
epoch=316 step=23700 loss=11.63304
{"epoch": 316, "global_step": 23700, "learning_rate": 0.00019467568192114236, "teacher_forcing": 1.0, "predicted_contact_fraction": 0.0, "epoch_seconds": 19.870852386113256, "elapsed_hours": 0.4767592732811398, "loss": 12.241303914388022, "loss_alignment": 0.2524609184265137, "loss_coefficient": 6.811392313639323, "loss_contact": 0.0, "loss_gate": 4.822113240559895, "loss_reconstruction": 0.3553385353088379}
epoch=317 step=23750 loss=11.21499
{"epoch": 317, "global_step": 23775, "learning_rate": 0.00019464187791774876, "teacher_forcing": 1.0, "predicted_contact_fraction": 0.0, "epoch_seconds": 19.825257348828018, "elapsed_hours": 0.4822677274025045, "loss": 12.073799845377604, "loss_alignment": 0.25344740549723305, "loss_coefficient": 6.65286376953125, "loss_contact": 0.0, "loss_gate": 4.818889465332031, "loss_reconstruction": 0.3485997454325358}
epoch=318 step=23800 loss=12.16170
epoch=318 step=23850 loss=11.53995
{"epoch": 318, "global_step": 23850, "learning_rate": 0.00019460796989691047, "teacher_forcing": 1.0, "predicted_contact_fraction": 0.0, "epoch_seconds": 20.344971281010658, "elapsed_hours": 0.48792054311812133, "loss": 11.868077189127604, "loss_alignment": 0.2451019032796224, "loss_coefficient": 6.477635904947917, "loss_contact": 0.0, "loss_gate": 4.804101969401041, "loss_reconstruction": 0.3412374114990234}
epoch=319 step=23900 loss=11.40433
{"epoch": 319, "global_step": 23925, "learning_rate": 0.00019457395789589452, "teacher_forcing": 1.0, "predicted_contact_fraction": 0.0, "epoch_seconds": 20.47051819693297, "elapsed_hours": 0.49360825892330873, "loss": 11.854984944661458, "loss_alignment": 0.2517536544799805, "loss_coefficient": 6.46290028889974, "loss_contact": 0.0, "loss_gate": 4.802103983561198, "loss_reconstruction": 0.3382274119059245}
epoch=320 step=23950 loss=11.71285
epoch=320 step=24000 loss=12.02337
{"epoch": 320, "global_step": 24000, "learning_rate": 0.0001945398419520823, "teacher_forcing": 1.0, "predicted_contact_fraction": 0.0, "epoch_seconds": 20.245813304092735, "elapsed_hours": 0.49923413176503445, "loss": 11.919334513346355, "loss_alignment": 0.2530227406819661, "loss_coefficient": 6.5364350382486975, "loss_contact": 0.0, "loss_gate": 4.791803792317708, "loss_reconstruction": 0.3380735905965169}
epoch=321 step=24050 loss=12.99331
{"epoch": 321, "global_step": 24075, "learning_rate": 0.00019450562210296935, "teacher_forcing": 1.0, "predicted_contact_fraction": 0.0, "epoch_seconds": 21.88143167924136, "elapsed_hours": 0.5055286776138624, "loss": 11.99464640299479, "loss_alignment": 0.2528269831339518, "loss_coefficient": 6.615128275553386, "loss_contact": 0.0, "loss_gate": 4.782285054524739, "loss_reconstruction": 0.3444054857889811}
epoch=322 step=24100 loss=12.65659
epoch=322 step=24150 loss=11.73574
{"epoch": 322, "global_step": 24150, "learning_rate": 0.00019447129838616554, "teacher_forcing": 1.0, "predicted_contact_fraction": 0.0, "epoch_seconds": 19.933808230794966, "elapsed_hours": 0.5110684336724484, "loss": 11.69386515299479, "loss_alignment": 0.2533486557006836, "loss_coefficient": 6.333257344563802, "loss_contact": 0.0, "loss_gate": 4.7765676879882815, "loss_reconstruction": 0.33069183985392253}
epoch=323 step=24200 loss=13.30476
{"epoch": 323, "global_step": 24225, "learning_rate": 0.00019443687083939474, "teacher_forcing": 1.0, "predicted_contact_fraction": 0.0, "epoch_seconds": 19.623808942269534, "elapsed_hours": 0.5165208942722529, "loss": 12.002793986002604, "loss_alignment": 0.25299564361572263, "loss_coefficient": 6.6387545776367185, "loss_contact": 0.0, "loss_gate": 4.7682101440429685, "loss_reconstruction": 0.3428326606750488}
epoch=324 step=24250 loss=12.96067
epoch=324 step=24300 loss=10.56504
{"epoch": 324, "global_step": 24300, "learning_rate": 0.00019440233950049506, "teacher_forcing": 1.0, "predicted_contact_fraction": 0.0, "epoch_seconds": 19.929169992916286, "elapsed_hours": 0.5220582085778005, "loss": 11.656008911132812, "loss_alignment": 0.24713986714680988, "loss_coefficient": 6.32460215250651, "loss_contact": 0.0, "loss_gate": 4.758248901367187, "loss_reconstruction": 0.3260173543294271}
epoch=325 step=24350 loss=11.29660
{"epoch": 325, "global_step": 24375, "learning_rate": 0.00019436770440741863, "teacher_forcing": 1.0, "predicted_contact_fraction": 0.0, "epoch_seconds": 21.304446811787784, "elapsed_hours": 0.5279775370969179, "loss": 11.808095296223959, "loss_alignment": 0.250086981455485, "loss_coefficient": 6.47065419514974, "loss_contact": 0.0, "loss_gate": 4.756265970865885, "loss_reconstruction": 0.33108800888061524}
epoch=326 step=24400 loss=12.75607
epoch=326 step=24450 loss=11.29701
{"epoch": 326, "global_step": 24450, "learning_rate": 0.0001943329655982316, "teacher_forcing": 1.0, "predicted_contact_fraction": 0.0, "epoch_seconds": 20.616240651812404, "elapsed_hours": 0.5337066205038637, "loss": 11.646226399739584, "loss_alignment": 0.2431946055094401, "loss_coefficient": 6.331200663248698, "loss_contact": 0.0, "loss_gate": 4.742949422200521, "loss_reconstruction": 0.32888164520263674}
epoch=327 step=24500 loss=11.66608
{"epoch": 327, "global_step": 24525, "learning_rate": 0.00019429812311111416, "teacher_forcing": 1.0, "predicted_contact_fraction": 0.0, "epoch_seconds": 19.726771981921047, "elapsed_hours": 0.5391877053872062, "loss": 11.717282307942709, "loss_alignment": 0.24926076253255208, "loss_coefficient": 6.405630493164063, "loss_contact": 0.0, "loss_gate": 4.73302734375, "loss_reconstruction": 0.3293650754292806}
epoch=328 step=24550 loss=11.26525
epoch=328 step=24600 loss=12.07403
{"epoch": 328, "global_step": 24600, "learning_rate": 0.0001942631769843604, "teacher_forcing": 1.0, "predicted_contact_fraction": 0.0, "epoch_seconds": 19.817594327032566, "elapsed_hours": 0.5446940900641494, "loss": 11.68642842610677, "loss_alignment": 0.2536629422505697, "loss_coefficient": 6.371644083658854, "loss_contact": 0.0, "loss_gate": 4.732708536783854, "loss_reconstruction": 0.3284129842122396}
epoch=329 step=24650 loss=10.00408
{"epoch": 329, "global_step": 24675, "learning_rate": 0.00019422812725637835, "teacher_forcing": 1.0, "predicted_contact_fraction": 0.0, "epoch_seconds": 20.307929165195674, "elapsed_hours": 0.5503366431361064, "loss": 11.83136027018229, "loss_alignment": 0.2590467389424642, "loss_coefficient": 6.508060404459635, "loss_contact": 0.0, "loss_gate": 4.733294982910156, "loss_reconstruction": 0.33095883051554364}
epoch=330 step=24700 loss=12.28465
epoch=330 step=24750 loss=11.77988
{"epoch": 330, "global_step": 24750, "learning_rate": 0.0001941929739656899, "teacher_forcing": 1.0, "predicted_contact_fraction": 0.0, "epoch_seconds": 20.095548469107598, "elapsed_hours": 0.5559201373422467, "loss": 11.830704752604166, "loss_alignment": 0.26233861287434895, "loss_coefficient": 6.503712361653646, "loss_contact": 0.0, "loss_gate": 4.734641520182292, "loss_reconstruction": 0.33001317977905276}
epoch=331 step=24800 loss=10.68691
{"epoch": 331, "global_step": 24825, "learning_rate": 0.00019415771715093074, "teacher_forcing": 1.0, "predicted_contact_fraction": 0.0, "epoch_seconds": 19.88501405203715, "elapsed_hours": 0.5616148202364436, "loss": 11.448174438476563, "loss_alignment": 0.25198280334472656, "loss_coefficient": 6.15880116780599, "loss_contact": 0.0, "loss_gate": 4.719553934733073, "loss_reconstruction": 0.31783599853515626}
epoch=332 step=24850 loss=12.55776
epoch=332 step=24900 loss=11.92772
{"epoch": 332, "global_step": 24900, "learning_rate": 0.00019412235685085035, "teacher_forcing": 1.0, "predicted_contact_fraction": 0.0, "epoch_seconds": 20.32052515586838, "elapsed_hours": 0.5672608251545009, "loss": 11.71904805501302, "loss_alignment": 0.25941666920979817, "loss_coefficient": 6.419732767740886, "loss_contact": 0.0, "loss_gate": 4.7098921712239585, "loss_reconstruction": 0.3300064659118652}
epoch=333 step=24950 loss=12.60510
{"epoch": 333, "global_step": 24975, "learning_rate": 0.0001940868931043119, "teacher_forcing": 1.0, "predicted_contact_fraction": 0.0, "epoch_seconds": 20.033135829027742, "elapsed_hours": 0.5728270378311734, "loss": 11.549738972981771, "loss_alignment": 0.25217302958170573, "loss_coefficient": 6.279113260904948, "loss_contact": 0.0, "loss_gate": 4.698514099121094, "loss_reconstruction": 0.319938227335612}
epoch=334 step=25000 loss=10.47913
epoch=334 step=25050 loss=10.76308
{"epoch": 334, "global_step": 25050, "learning_rate": 0.0001940513259502924, "teacher_forcing": 1.0, "predicted_contact_fraction": 0.0, "epoch_seconds": 20.070267426781356, "elapsed_hours": 0.5784035743889399, "loss": 11.589384765625, "loss_alignment": 0.2566467793782552, "loss_coefficient": 6.31729736328125, "loss_contact": 0.0, "loss_gate": 4.693922932942709, "loss_reconstruction": 0.3215188217163086}
epoch=335 step=25100 loss=11.10650
{"epoch": 335, "global_step": 25125, "learning_rate": 0.00019401565542788237, "teacher_forcing": 1.0, "predicted_contact_fraction": 0.0, "epoch_seconds": 19.794327260926366, "elapsed_hours": 0.5839036564933808, "loss": 11.655752970377604, "loss_alignment": 0.2655522664388021, "loss_coefficient": 6.374564208984375, "loss_contact": 0.0, "loss_gate": 4.694560852050781, "loss_reconstruction": 0.3210749308268229}
epoch=336 step=25150 loss=10.81771
epoch=336 step=25200 loss=10.92364
{"epoch": 336, "global_step": 25200, "learning_rate": 0.00019397988157628598, "teacher_forcing": 1.0, "predicted_contact_fraction": 0.0, "epoch_seconds": 20.053185076918453, "elapsed_hours": 0.5894754969208346, "loss": 11.341325073242187, "loss_alignment": 0.2489962387084961, "loss_coefficient": 6.102289225260416, "loss_contact": 0.0, "loss_gate": 4.675984293619791, "loss_reconstruction": 0.3140547752380371}
epoch=337 step=25250 loss=10.67150
{"epoch": 337, "global_step": 25275, "learning_rate": 0.00019394400443482096, "teacher_forcing": 1.0, "predicted_contact_fraction": 0.0, "epoch_seconds": 19.791633287910372, "elapsed_hours": 0.594974831754678, "loss": 11.373207804361979, "loss_alignment": 0.2538796997070312, "loss_coefficient": 6.139232279459636, "loss_contact": 0.0, "loss_gate": 4.666092529296875, "loss_reconstruction": 0.3140039507548014}
epoch=338 step=25300 loss=10.72819
epoch=338 step=25350 loss=11.37775
{"epoch": 338, "global_step": 25350, "learning_rate": 0.00019390802404291858, "teacher_forcing": 1.0, "predicted_contact_fraction": 0.0, "epoch_seconds": 20.24885588977486, "elapsed_hours": 0.6006010285688616, "loss": 11.692845255533854, "loss_alignment": 0.26161411285400393, "loss_coefficient": 6.436220397949219, "loss_contact": 0.0, "loss_gate": 4.673426717122396, "loss_reconstruction": 0.3215841738382975}
epoch=339 step=25400 loss=13.16968
{"epoch": 339, "global_step": 25425, "learning_rate": 0.0001938719404401236, "teacher_forcing": 1.0, "predicted_contact_fraction": 0.0, "epoch_seconds": 20.085885734762996, "elapsed_hours": 0.6061819222305591, "loss": 11.627081095377605, "loss_alignment": 0.25609443028767903, "loss_coefficient": 6.398862609863281, "loss_contact": 0.0, "loss_gate": 4.652717081705729, "loss_reconstruction": 0.31940885543823244}
epoch=340 step=25450 loss=11.16314
epoch=340 step=25500 loss=11.44675
{"epoch": 340, "global_step": 25500, "learning_rate": 0.00019383575366609414, "teacher_forcing": 1.0, "predicted_contact_fraction": 0.0, "epoch_seconds": 20.30877185612917, "elapsed_hours": 0.6118247408233582, "loss": 11.488111775716146, "loss_alignment": 0.25476076126098635, "loss_coefficient": 6.274068298339844, "loss_contact": 0.0, "loss_gate": 4.6462744140625, "loss_reconstruction": 0.3130058161417643}
epoch=341 step=25550 loss=10.90571
{"epoch": 341, "global_step": 25575, "learning_rate": 0.00019379946376060184, "teacher_forcing": 1.0, "predicted_contact_fraction": 0.0, "epoch_seconds": 19.74105898477137, "elapsed_hours": 0.6174858089122507, "loss": 11.178708089192709, "loss_alignment": 0.24979703903198242, "loss_coefficient": 5.995258992513021, "loss_contact": 0.0, "loss_gate": 4.6286591593424475, "loss_reconstruction": 0.3049938646952311}
epoch=342 step=25600 loss=10.70997
epoch=342 step=25650 loss=12.11747
{"epoch": 342, "global_step": 25650, "learning_rate": 0.00019376307076353154, "teacher_forcing": 1.0, "predicted_contact_fraction": 0.0, "epoch_seconds": 19.457463432103395, "elapsed_hours": 0.6228921385364244, "loss": 10.90818115234375, "loss_alignment": 0.2510068130493164, "loss_coefficient": 5.732844848632812, "loss_contact": 0.0, "loss_gate": 4.625039978027344, "loss_reconstruction": 0.29929033915201825}
epoch=343 step=25700 loss=10.71378
{"epoch": 343, "global_step": 25725, "learning_rate": 0.00019372657471488153, "teacher_forcing": 1.0, "predicted_contact_fraction": 0.0, "epoch_seconds": 19.867021766025573, "elapsed_hours": 0.6284122098891789, "loss": 11.180857543945313, "loss_alignment": 0.2556085650126139, "loss_coefficient": 6.000551249186198, "loss_contact": 0.0, "loss_gate": 4.620391235351563, "loss_reconstruction": 0.30430673599243163}
epoch=344 step=25750 loss=12.12585
epoch=344 step=25800 loss=10.68350
{"epoch": 344, "global_step": 25800, "learning_rate": 0.00019368997565476326, "teacher_forcing": 1.0, "predicted_contact_fraction": 0.0, "epoch_seconds": 20.256192833185196, "elapsed_hours": 0.6340404238069378, "loss": 11.538636881510417, "loss_alignment": 0.2691051928202311, "loss_coefficient": 6.321802571614583, "loss_contact": 0.0, "loss_gate": 4.63204579671224, "loss_reconstruction": 0.31568229039510093}
epoch=345 step=25850 loss=10.80923
{"epoch": 345, "global_step": 25875, "learning_rate": 0.0001936532736234014, "teacher_forcing": 1.0, "predicted_contact_fraction": 0.0, "epoch_seconds": 19.995456161908805, "elapsed_hours": 0.6395961459013375, "loss": 11.571143595377604, "loss_alignment": 0.2601586469014486, "loss_coefficient": 6.383031107584635, "loss_contact": 0.0, "loss_gate": 4.6128231811523435, "loss_reconstruction": 0.3151297760009766}
epoch=346 step=25900 loss=12.13510
epoch=346 step=25950 loss=11.56214
{"epoch": 346, "global_step": 25950, "learning_rate": 0.00019361646866113382, "teacher_forcing": 1.0, "predicted_contact_fraction": 0.0, "epoch_seconds": 19.997637495864183, "elapsed_hours": 0.6451526990341436, "loss": 11.463181355794271, "loss_alignment": 0.26315651575724286, "loss_coefficient": 6.27407958984375, "loss_contact": 0.0, "loss_gate": 4.614562479654948, "loss_reconstruction": 0.31138221740722655}
epoch=347 step=26000 loss=9.93694
{"epoch": 347, "global_step": 26025, "learning_rate": 0.00019357956080841158, "teacher_forcing": 1.0, "predicted_contact_fraction": 0.0, "epoch_seconds": 19.53103012824431, "elapsed_hours": 0.650579477334395, "loss": 11.37399922688802, "loss_alignment": 0.26513050715128583, "loss_coefficient": 6.193202107747396, "loss_contact": 0.0, "loss_gate": 4.607872314453125, "loss_reconstruction": 0.3077937126159668}
epoch=348 step=26050 loss=10.64071
epoch=348 step=26100 loss=11.51347
{"epoch": 348, "global_step": 26100, "learning_rate": 0.0001935425501057987, "teacher_forcing": 1.0, "predicted_contact_fraction": 0.0, "epoch_seconds": 20.741950835101306, "elapsed_hours": 0.6563428475994927, "loss": 11.205005086263021, "loss_alignment": 0.2590129534403483, "loss_coefficient": 6.04859608968099, "loss_contact": 0.0, "loss_gate": 4.594003601074219, "loss_reconstruction": 0.3033901913960775}
epoch=349 step=26150 loss=11.52773
{"epoch": 349, "global_step": 26175, "learning_rate": 0.00019350543659397228, "teacher_forcing": 1.0, "predicted_contact_fraction": 0.0, "epoch_seconds": 19.80098487995565, "elapsed_hours": 0.661844904964738, "loss": 11.105678100585937, "loss_alignment": 0.25561480204264325, "loss_coefficient": 5.968199564615886, "loss_contact": 0.0, "loss_gate": 4.5809024047851565, "loss_reconstruction": 0.30096213658650717}
epoch=350 step=26200 loss=11.18844
epoch=350 step=26250 loss=10.03611
{"epoch": 350, "global_step": 26250, "learning_rate": 0.0001934682203137225, "teacher_forcing": 1.0, "predicted_contact_fraction": 0.0, "epoch_seconds": 19.924587135203183, "elapsed_hours": 0.6673809853672154, "loss": 11.299093831380208, "loss_alignment": 0.2690580749511719, "loss_coefficient": 6.142405293782552, "loss_contact": 0.0, "loss_gate": 4.581463419596354, "loss_reconstruction": 0.30616549173990887}
epoch=351 step=26300 loss=12.28407
{"epoch": 351, "global_step": 26325, "learning_rate": 0.00019343090130595237, "teacher_forcing": 1.0, "predicted_contact_fraction": 0.0, "epoch_seconds": 19.703704468905926, "elapsed_hours": 0.6730411549392415, "loss": 11.477591145833333, "loss_alignment": 0.27245447158813474, "loss_coefficient": 6.306098429361979, "loss_contact": 0.0, "loss_gate": 4.585910237630208, "loss_reconstruction": 0.31312511444091795}
epoch=352 step=26350 loss=11.87636
epoch=352 step=26400 loss=11.48089
{"epoch": 352, "global_step": 26400, "learning_rate": 0.00019339347961167783, "teacher_forcing": 1.0, "predicted_contact_fraction": 0.0, "epoch_seconds": 19.81016165111214, "elapsed_hours": 0.6785454606625717, "loss": 11.18763671875, "loss_alignment": 0.26836460749308266, "loss_coefficient": 6.046554361979167, "loss_contact": 0.0, "loss_gate": 4.574924011230468, "loss_reconstruction": 0.29779460906982425}
epoch=353 step=26450 loss=9.74991
{"epoch": 353, "global_step": 26475, "learning_rate": 0.00019335595527202775, "teacher_forcing": 1.0, "predicted_contact_fraction": 0.0, "epoch_seconds": 19.88263965025544, "elapsed_hours": 0.6840707230288535, "loss": 11.040873209635416, "loss_alignment": 0.25365784962972004, "loss_coefficient": 5.940448913574219, "loss_contact": 0.0, "loss_gate": 4.551979675292968, "loss_reconstruction": 0.29478606541951496}
epoch=354 step=26500 loss=12.53772
epoch=354 step=26550 loss=12.43851
{"epoch": 354, "global_step": 26550, "learning_rate": 0.00019331832832824376, "teacher_forcing": 1.0, "predicted_contact_fraction": 0.0, "epoch_seconds": 19.829582823906094, "elapsed_hours": 0.6895804481871892, "loss": 10.998047688802083, "loss_alignment": 0.25712193806966144, "loss_coefficient": 5.897208557128907, "loss_contact": 0.0, "loss_gate": 4.546943664550781, "loss_reconstruction": 0.2967742411295573}
epoch=355 step=26600 loss=10.21851
{"epoch": 355, "global_step": 26625, "learning_rate": 0.00019328059882168025, "teacher_forcing": 1.0, "predicted_contact_fraction": 0.0, "epoch_seconds": 19.57577662728727, "elapsed_hours": 0.6950196006877296, "loss": 11.0118603515625, "loss_alignment": 0.2686042149861654, "loss_coefficient": 5.898798014322916, "loss_contact": 0.0, "loss_gate": 4.548316141764323, "loss_reconstruction": 0.29614175160725914}
epoch=356 step=26650 loss=11.49146
epoch=356 step=26700 loss=12.08918
{"epoch": 356, "global_step": 26700, "learning_rate": 0.0001932427667938044, "teacher_forcing": 1.0, "predicted_contact_fraction": 0.0, "epoch_seconds": 19.92648361902684, "elapsed_hours": 0.7005562952691172, "loss": 11.05773213704427, "loss_alignment": 0.2621705182393392, "loss_coefficient": 5.960720520019532, "loss_contact": 0.0, "loss_gate": 4.537561747233073, "loss_reconstruction": 0.29727734247843424}
epoch=357 step=26750 loss=10.89703
{"epoch": 357, "global_step": 26775, "learning_rate": 0.0001932048322861959, "teacher_forcing": 1.0, "predicted_contact_fraction": 0.0, "epoch_seconds": 20.47335911775008, "elapsed_hours": 0.7062448435500522, "loss": 10.97656962076823, "loss_alignment": 0.2644967905680339, "loss_coefficient": 5.883012898763021, "loss_contact": 0.0, "loss_gate": 4.5349609375, "loss_reconstruction": 0.2940994707743327}
epoch=358 step=26800 loss=11.30803
epoch=358 step=26850 loss=11.15965
{"epoch": 358, "global_step": 26850, "learning_rate": 0.0001931667953405473, "teacher_forcing": 1.0, "predicted_contact_fraction": 0.0, "epoch_seconds": 19.887925945222378, "elapsed_hours": 0.7117707485635765, "loss": 11.200166625976562, "loss_alignment": 0.2666348203023275, "loss_coefficient": 6.1036775716145835, "loss_contact": 0.0, "loss_gate": 4.527409973144532, "loss_reconstruction": 0.3024449602762858}
epoch=359 step=26900 loss=10.74755
{"epoch": 359, "global_step": 26925, "learning_rate": 0.00019312865599866355, "teacher_forcing": 1.0, "predicted_contact_fraction": 0.0, "epoch_seconds": 19.759882695041597, "elapsed_hours": 0.7172610512674631, "loss": 11.069193522135416, "loss_alignment": 0.2688714790344238, "loss_coefficient": 5.9808251953125, "loss_contact": 0.0, "loss_gate": 4.521574910481771, "loss_reconstruction": 0.29792253494262694}
epoch=360 step=26950 loss=10.93666
epoch=360 step=27000 loss=10.93420
{"epoch": 360, "global_step": 27000, "learning_rate": 0.00019309041430246227, "teacher_forcing": 1.0, "predicted_contact_fraction": 0.0, "epoch_seconds": 19.748533929232508, "elapsed_hours": 0.7227482248049798, "loss": 11.238868001302084, "loss_alignment": 0.27083031336466473, "loss_coefficient": 6.154982096354167, "loss_contact": 0.0, "loss_gate": 4.513269755045573, "loss_reconstruction": 0.2997854995727539}
epoch=361 step=27050 loss=10.53952
{"epoch": 361, "global_step": 27075, "learning_rate": 0.00019305207029397348, "teacher_forcing": 1.0, "predicted_contact_fraction": 0.0, "epoch_seconds": 19.373322809115052, "elapsed_hours": 0.728334937396899, "loss": 11.091808471679688, "loss_alignment": 0.2635141754150391, "loss_coefficient": 6.027813822428385, "loss_contact": 0.0, "loss_gate": 4.504627685546875, "loss_reconstruction": 0.2958543078104655}
epoch=362 step=27100 loss=11.61226
epoch=362 step=27150 loss=10.94036
{"epoch": 362, "global_step": 27150, "learning_rate": 0.0001930136240153397, "teacher_forcing": 1.0, "predicted_contact_fraction": 0.0, "epoch_seconds": 19.514642023015767, "elapsed_hours": 0.7337571734025712, "loss": 11.0757958984375, "loss_alignment": 0.2680166180928548, "loss_coefficient": 6.015604654947917, "loss_contact": 0.0, "loss_gate": 4.4975341796875, "loss_reconstruction": 0.2946416982014974}
epoch=363 step=27200 loss=10.75625
{"epoch": 363, "global_step": 27225, "learning_rate": 0.00019297507550881582, "teacher_forcing": 1.0, "predicted_contact_fraction": 0.0, "epoch_seconds": 19.784616661258042, "elapsed_hours": 0.7392545180277537, "loss": 10.962525634765624, "loss_alignment": 0.27453580220540363, "loss_coefficient": 5.9016324869791665, "loss_contact": 0.0, "loss_gate": 4.495041910807291, "loss_reconstruction": 0.29131591796875}
epoch=364 step=27250 loss=11.20686
epoch=364 step=27300 loss=11.12199
{"epoch": 364, "global_step": 27300, "learning_rate": 0.0001929364248167691, "teacher_forcing": 1.0, "predicted_contact_fraction": 0.0, "epoch_seconds": 19.699134685564786, "elapsed_hours": 0.7447280831513409, "loss": 11.032360229492188, "loss_alignment": 0.271834971110026, "loss_coefficient": 5.978001505533854, "loss_contact": 0.0, "loss_gate": 4.489793701171875, "loss_reconstruction": 0.292730712890625}
epoch=365 step=27350 loss=9.76757
{"epoch": 365, "global_step": 27375, "learning_rate": 0.00019289767198167916, "teacher_forcing": 1.0, "predicted_contact_fraction": 0.0, "epoch_seconds": 19.955561717040837, "elapsed_hours": 0.750273418079208, "loss": 10.949701334635417, "loss_alignment": 0.26849477767944335, "loss_coefficient": 5.920174051920573, "loss_contact": 0.0, "loss_gate": 4.471516927083333, "loss_reconstruction": 0.28951563517252604}
epoch=366 step=27400 loss=11.29083
epoch=366 step=27450 loss=10.90305
{"epoch": 366, "global_step": 27450, "learning_rate": 0.00019285881704613774, "teacher_forcing": 1.0, "predicted_contact_fraction": 0.0, "epoch_seconds": 19.70034427009523, "elapsed_hours": 0.7557472339233694, "loss": 10.832007446289062, "loss_alignment": 0.2620928955078125, "loss_coefficient": 5.824396565755208, "loss_contact": 0.0, "loss_gate": 4.46106923421224, "loss_reconstruction": 0.28444782257080076}
epoch=367 step=27500 loss=11.13063
{"epoch": 367, "global_step": 27525, "learning_rate": 0.000192819860052849, "teacher_forcing": 1.0, "predicted_contact_fraction": 0.0, "epoch_seconds": 20.328368253074586, "elapsed_hours": 0.7613955348821926, "loss": 10.907992350260416, "loss_alignment": 0.26891709009806314, "loss_coefficient": 5.889068094889323, "loss_contact": 0.0, "loss_gate": 4.4609548950195315, "loss_reconstruction": 0.2890519714355469}
epoch=368 step=27550 loss=11.82355
epoch=368 step=27600 loss=10.05800
{"epoch": 368, "global_step": 27600, "learning_rate": 0.00019278080104462907, "teacher_forcing": 1.0, "predicted_contact_fraction": 0.0, "epoch_seconds": 19.75348958512768, "elapsed_hours": 0.766884094698665, "loss": 10.91758524576823, "loss_alignment": 0.278386287689209, "loss_coefficient": 5.89328857421875, "loss_contact": 0.0, "loss_gate": 4.4574496459960935, "loss_reconstruction": 0.28846015930175783}
epoch=369 step=27650 loss=11.48932
{"epoch": 369, "global_step": 27675, "learning_rate": 0.0001927416400644063, "teacher_forcing": 1.0, "predicted_contact_fraction": 0.0, "epoch_seconds": 20.03218794381246, "elapsed_hours": 0.7724501086753379, "loss": 10.873037923177083, "loss_alignment": 0.275889466603597, "loss_coefficient": 5.853077189127604, "loss_contact": 0.0, "loss_gate": 4.457160847981771, "loss_reconstruction": 0.28690914789835614}
epoch=370 step=27700 loss=11.45260
epoch=370 step=27750 loss=10.07756
{"epoch": 370, "global_step": 27750, "learning_rate": 0.00019270237715522112, "teacher_forcing": 1.0, "predicted_contact_fraction": 0.0, "epoch_seconds": 19.4562085326761, "elapsed_hours": 0.7778561468327987, "loss": 10.684617919921875, "loss_alignment": 0.2679653803507487, "loss_coefficient": 5.689017333984375, "loss_contact": 0.0, "loss_gate": 4.4458283487955725, "loss_reconstruction": 0.2818067169189453}
epoch=371 step=27800 loss=10.54825
{"epoch": 371, "global_step": 27825, "learning_rate": 0.00019266301236022592, "teacher_forcing": 1.0, "predicted_contact_fraction": 0.0, "epoch_seconds": 19.96741052577272, "elapsed_hours": 0.7835443992677351, "loss": 10.907961222330728, "loss_alignment": 0.2813345464070638, "loss_coefficient": 5.891259358723958, "loss_contact": 0.0, "loss_gate": 4.450663248697917, "loss_reconstruction": 0.2847037061055501}
epoch=372 step=27850 loss=12.17157
epoch=372 step=27900 loss=10.93079
{"epoch": 372, "global_step": 27900, "learning_rate": 0.00019262354572268517, "teacher_forcing": 1.0, "predicted_contact_fraction": 0.0, "epoch_seconds": 20.18485337868333, "elapsed_hours": 0.7891527697978179, "loss": 10.793414306640624, "loss_alignment": 0.26835487365722654, "loss_coefficient": 5.809010721842448, "loss_contact": 0.0, "loss_gate": 4.435252482096354, "loss_reconstruction": 0.2807945124308268}
epoch=373 step=27950 loss=9.75681
{"epoch": 373, "global_step": 27975, "learning_rate": 0.00019258397728597518, "teacher_forcing": 1.0, "predicted_contact_fraction": 0.0, "epoch_seconds": 19.582364812027663, "elapsed_hours": 0.7945938102717305, "loss": 10.6976611328125, "loss_alignment": 0.2699150784810384, "loss_coefficient": 5.721093851725261, "loss_contact": 0.0, "loss_gate": 4.426628723144531, "loss_reconstruction": 0.2800235557556152}
epoch=374 step=28000 loss=10.00217
epoch=374 step=28050 loss=11.69503
{"epoch": 374, "global_step": 28050, "learning_rate": 0.0001925443070935842, "teacher_forcing": 1.0, "predicted_contact_fraction": 0.0, "epoch_seconds": 19.810134150087833, "elapsed_hours": 0.800098084825505, "loss": 10.983929646809896, "loss_alignment": 0.2728947448730469, "loss_coefficient": 6.006654256184896, "loss_contact": 0.0, "loss_gate": 4.418513590494792, "loss_reconstruction": 0.2858678881327311}
epoch=375 step=28100 loss=11.26661
{"epoch": 375, "global_step": 28125, "learning_rate": 0.0001925045351891123, "teacher_forcing": 1.0, "predicted_contact_fraction": 0.0, "epoch_seconds": 19.55529771791771, "elapsed_hours": 0.8055317985941656, "loss": 11.327021687825521, "loss_alignment": 0.28658499399820964, "loss_coefficient": 6.320989685058594, "loss_contact": 0.0, "loss_gate": 4.427802530924479, "loss_reconstruction": 0.2916453488667806}
epoch=376 step=28150 loss=12.08774
epoch=376 step=28200 loss=11.86315
{"epoch": 376, "global_step": 28200, "learning_rate": 0.00019246466161627126, "teacher_forcing": 1.0, "predicted_contact_fraction": 0.0, "epoch_seconds": 20.17914045229554, "elapsed_hours": 0.8111387151302512, "loss": 10.898943888346354, "loss_alignment": 0.276299991607666, "loss_coefficient": 5.930400797526041, "loss_contact": 0.0, "loss_gate": 4.410449727376302, "loss_reconstruction": 0.2817925008138021}
epoch=377 step=28250 loss=11.26949
{"epoch": 377, "global_step": 28275, "learning_rate": 0.00019242468641888477, "teacher_forcing": 1.0, "predicted_contact_fraction": 0.0, "epoch_seconds": 20.365310071967542, "elapsed_hours": 0.8167972989344141, "loss": 10.929589029947916, "loss_alignment": 0.29865137100219724, "loss_coefficient": 5.9320975748697915, "loss_contact": 0.0, "loss_gate": 4.41822265625, "loss_reconstruction": 0.28061498641967775}
epoch=378 step=28300 loss=11.20837
epoch=378 step=28350 loss=10.82315
{"epoch": 378, "global_step": 28350, "learning_rate": 0.00019238460964088807, "teacher_forcing": 1.0, "predicted_contact_fraction": 0.0, "epoch_seconds": 19.78259993996471, "elapsed_hours": 0.8222939367510844, "loss": 10.879601643880209, "loss_alignment": 0.28021505355834964, "loss_coefficient": 5.911534729003907, "loss_contact": 0.0, "loss_gate": 4.401553344726563, "loss_reconstruction": 0.2862989807128906}
epoch=379 step=28400 loss=10.24752
{"epoch": 379, "global_step": 28425, "learning_rate": 0.00019234443132632812, "teacher_forcing": 1.0, "predicted_contact_fraction": 0.0, "epoch_seconds": 19.68543179007247, "elapsed_hours": 0.82776362584671, "loss": 10.96277608235677, "loss_alignment": 0.27730950037638347, "loss_coefficient": 6.0075327555338545, "loss_contact": 0.0, "loss_gate": 4.393838399251302, "loss_reconstruction": 0.28409645080566404}
epoch=380 step=28450 loss=9.47459
epoch=380 step=28500 loss=11.10619
{"epoch": 380, "global_step": 28500, "learning_rate": 0.0001923041515193634, "teacher_forcing": 1.0, "predicted_contact_fraction": 0.0, "epoch_seconds": 19.93611467909068, "elapsed_hours": 0.8333029677599876, "loss": 10.794425252278646, "loss_alignment": 0.27450480779012043, "loss_coefficient": 5.8630764770507815, "loss_contact": 0.0, "loss_gate": 4.378267008463542, "loss_reconstruction": 0.27857770919799807}
epoch=381 step=28550 loss=11.35487
{"epoch": 381, "global_step": 28575, "learning_rate": 0.000192263770264264, "teacher_forcing": 1.0, "predicted_contact_fraction": 0.0, "epoch_seconds": 19.96776072215289, "elapsed_hours": 0.839107564984976, "loss": 11.08898193359375, "loss_alignment": 0.28589465459187824, "loss_coefficient": 6.137358194986979, "loss_contact": 0.0, "loss_gate": 4.381482543945313, "loss_reconstruction": 0.2842472712198893}
epoch=382 step=28600 loss=10.23095
epoch=382 step=28650 loss=11.07139
{"epoch": 382, "global_step": 28650, "learning_rate": 0.00019222328760541148, "teacher_forcing": 1.0, "predicted_contact_fraction": 0.0, "epoch_seconds": 19.82509619416669, "elapsed_hours": 0.8446160547708212, "loss": 10.84176513671875, "loss_alignment": 0.28079731623331705, "loss_coefficient": 5.902826334635416, "loss_contact": 0.0, "loss_gate": 4.378760681152344, "loss_reconstruction": 0.2793811734517415}
epoch=383 step=28700 loss=11.63363
{"epoch": 383, "global_step": 28725, "learning_rate": 0.00019218270358729885, "teacher_forcing": 1.0, "predicted_contact_fraction": 0.0, "epoch_seconds": 20.11236341064796, "elapsed_hours": 0.8502042832427348, "loss": 10.861805623372396, "loss_alignment": 0.28448198954264325, "loss_coefficient": 5.930222981770833, "loss_contact": 0.0, "loss_gate": 4.367754618326823, "loss_reconstruction": 0.2793460210164388}
epoch=384 step=28750 loss=11.00165
epoch=384 step=28800 loss=9.74645
{"epoch": 384, "global_step": 28800, "learning_rate": 0.00019214201825453058, "teacher_forcing": 1.0, "predicted_contact_fraction": 0.0, "epoch_seconds": 19.871468688361347, "elapsed_hours": 0.8557257780536182, "loss": 10.669684244791666, "loss_alignment": 0.2724749565124512, "loss_coefficient": 5.771206563313802, "loss_contact": 0.0, "loss_gate": 4.350340372721354, "loss_reconstruction": 0.27566328684488933}
epoch=385 step=28850 loss=10.78535
{"epoch": 385, "global_step": 28875, "learning_rate": 0.0001921012316518224, "teacher_forcing": 1.0, "predicted_contact_fraction": 0.0, "epoch_seconds": 19.893465521745384, "elapsed_hours": 0.8612532158964313, "loss": 10.719932861328125, "loss_alignment": 0.2842731221516927, "loss_coefficient": 5.807696838378906, "loss_contact": 0.0, "loss_gate": 4.349060668945312, "loss_reconstruction": 0.278902645111084}
epoch=386 step=28900 loss=10.94805
epoch=386 step=28950 loss=10.05699
{"epoch": 386, "global_step": 28950, "learning_rate": 0.00019206034382400136, "teacher_forcing": 1.0, "predicted_contact_fraction": 0.0, "epoch_seconds": 20.28041899902746, "elapsed_hours": 0.866888258823116, "loss": 10.563750610351562, "loss_alignment": 0.27693716049194333, "loss_coefficient": 5.661250813802083, "loss_contact": 0.0, "loss_gate": 4.351719462076823, "loss_reconstruction": 0.27384335835774737}
epoch=387 step=29000 loss=11.97768
{"epoch": 387, "global_step": 29025, "learning_rate": 0.00019201935481600582, "teacher_forcing": 1.0, "predicted_contact_fraction": 0.0, "epoch_seconds": 19.87894015107304, "elapsed_hours": 0.8724117093211196, "loss": 10.591773478190104, "loss_alignment": 0.2740380096435547, "loss_coefficient": 5.710301106770833, "loss_contact": 0.0, "loss_gate": 4.330280253092448, "loss_reconstruction": 0.27715403874715167}
epoch=388 step=29050 loss=11.77521
epoch=388 step=29100 loss=11.80719
{"epoch": 388, "global_step": 29100, "learning_rate": 0.00019197826467288526, "teacher_forcing": 1.0, "predicted_contact_fraction": 0.0, "epoch_seconds": 19.965749564114958, "elapsed_hours": 0.8779594088063782, "loss": 10.912796223958333, "loss_alignment": 0.2881288782755534, "loss_coefficient": 6.001900634765625, "loss_contact": 0.0, "loss_gate": 4.341633707682291, "loss_reconstruction": 0.28113409678141277}
epoch=389 step=29150 loss=11.23451
{"epoch": 389, "global_step": 29175, "learning_rate": 0.00019193707343980043, "teacher_forcing": 1.0, "predicted_contact_fraction": 0.0, "epoch_seconds": 19.50239598285407, "elapsed_hours": 0.8833783746372339, "loss": 10.707913208007813, "loss_alignment": 0.2815767478942871, "loss_coefficient": 5.825544738769532, "loss_contact": 0.0, "loss_gate": 4.328462931315104, "loss_reconstruction": 0.2723277982076009}
epoch=390 step=29200 loss=9.18208
epoch=390 step=29250 loss=11.88142
{"epoch": 390, "global_step": 29250, "learning_rate": 0.00019189578116202307, "teacher_forcing": 1.0, "predicted_contact_fraction": 0.0, "epoch_seconds": 20.143620163202286, "elapsed_hours": 0.8889753008955934, "loss": 10.737546590169272, "loss_alignment": 0.2825925636291504, "loss_coefficient": 5.859256591796875, "loss_contact": 0.0, "loss_gate": 4.32005605061849, "loss_reconstruction": 0.27564125061035155}
epoch=391 step=29300 loss=10.79921
{"epoch": 391, "global_step": 29325, "learning_rate": 0.00019185438788493604, "teacher_forcing": 1.0, "predicted_contact_fraction": 0.0, "epoch_seconds": 20.168651490006596, "elapsed_hours": 0.8947839126594934, "loss": 10.84560038248698, "loss_alignment": 0.28923237482706704, "loss_coefficient": 5.963865559895833, "loss_contact": 0.0, "loss_gate": 4.3173166910807295, "loss_reconstruction": 0.275187136332194}
epoch=392 step=29350 loss=10.62647
epoch=392 step=29400 loss=10.09921
{"epoch": 392, "global_step": 29400, "learning_rate": 0.00019181289365403318, "teacher_forcing": 1.0, "predicted_contact_fraction": 0.0, "epoch_seconds": 19.981174889020622, "elapsed_hours": 0.9003363457082822, "loss": 10.393399454752604, "loss_alignment": 0.2742128753662109, "loss_coefficient": 5.553526814778646, "loss_contact": 0.0, "loss_gate": 4.298738098144531, "loss_reconstruction": 0.26692171732584635}
epoch=393 step=29450 loss=10.16783
{"epoch": 393, "global_step": 29475, "learning_rate": 0.00019177129851491925, "teacher_forcing": 1.0, "predicted_contact_fraction": 0.0, "epoch_seconds": 19.702706473879516, "elapsed_hours": 0.9058108226971753, "loss": 10.410328979492187, "loss_alignment": 0.27785690943400065, "loss_coefficient": 5.571033121744792, "loss_contact": 0.0, "loss_gate": 4.292618815104166, "loss_reconstruction": 0.2688201967875163}
epoch=394 step=29500 loss=11.19517
epoch=394 step=29550 loss=10.18514
{"epoch": 394, "global_step": 29550, "learning_rate": 0.00019172960251331004, "teacher_forcing": 1.0, "predicted_contact_fraction": 0.0, "epoch_seconds": 19.868377889040858, "elapsed_hours": 0.9113313434646827, "loss": 10.545700073242188, "loss_alignment": 0.2897635014851888, "loss_coefficient": 5.693856709798177, "loss_contact": 0.0, "loss_gate": 4.292067769368489, "loss_reconstruction": 0.2700128364562988}
epoch=395 step=29600 loss=11.76654
{"epoch": 395, "global_step": 29625, "learning_rate": 0.00019168780569503202, "teacher_forcing": 1.0, "predicted_contact_fraction": 0.0, "epoch_seconds": 20.026888275053352, "elapsed_hours": 0.9168960044878379, "loss": 10.868604329427084, "loss_alignment": 0.29899622599283854, "loss_coefficient": 5.992466328938802, "loss_contact": 0.0, "loss_gate": 4.299487508138021, "loss_reconstruction": 0.27765438715616864}
epoch=396 step=29650 loss=9.76884
epoch=396 step=29700 loss=10.03328
{"epoch": 396, "global_step": 29700, "learning_rate": 0.00019164590810602262, "teacher_forcing": 1.0, "predicted_contact_fraction": 0.0, "epoch_seconds": 20.43571017170325, "elapsed_hours": 0.9225741686378347, "loss": 10.676797688802083, "loss_alignment": 0.28803026835123696, "loss_coefficient": 5.833226623535157, "loss_contact": 0.0, "loss_gate": 4.282324117024739, "loss_reconstruction": 0.27321728388468425}
epoch=397 step=29750 loss=11.26515
{"epoch": 397, "global_step": 29775, "learning_rate": 0.0001916039097923299, "teacher_forcing": 1.0, "predicted_contact_fraction": 0.0, "epoch_seconds": 19.870723343919963, "elapsed_hours": 0.9280953115008823, "loss": 10.673285725911459, "loss_alignment": 0.2852362632751465, "loss_coefficient": 5.839614461263021, "loss_contact": 0.0, "loss_gate": 4.277348022460938, "loss_reconstruction": 0.2710868263244629}
epoch=398 step=29800 loss=11.22627
epoch=398 step=29850 loss=11.37079
{"epoch": 398, "global_step": 29850, "learning_rate": 0.0001915618108001127, "teacher_forcing": 1.0, "predicted_contact_fraction": 0.0, "epoch_seconds": 19.791910538915545, "elapsed_hours": 0.9335945683643998, "loss": 10.675735270182292, "loss_alignment": 0.28781423568725584, "loss_coefficient": 5.846722615559896, "loss_contact": 0.0, "loss_gate": 4.269312235514323, "loss_reconstruction": 0.2718857002258301}
epoch=399 step=29900 loss=9.42167
{"epoch": 399, "global_step": 29925, "learning_rate": 0.00019151961117564055, "teacher_forcing": 1.0, "predicted_contact_fraction": 0.0, "epoch_seconds": 19.779412551317364, "elapsed_hours": 0.9390903811835839, "loss": 10.4762060546875, "loss_alignment": 0.2783973693847656, "loss_coefficient": 5.676119283040364, "loss_contact": 0.0, "loss_gate": 4.254269205729167, "loss_reconstruction": 0.26741966247558596}
epoch=400 step=29950 loss=10.76121
epoch=400 step=30000 loss=9.72936
{"epoch": 400, "global_step": 30000, "learning_rate": 0.00019147731096529343, "teacher_forcing": 1.0, "predicted_contact_fraction": 0.0, "epoch_seconds": 19.816110022831708, "elapsed_hours": 0.9445963102016443, "loss": 10.607236328125, "loss_alignment": 0.2897323417663574, "loss_coefficient": 5.795312906901041, "loss_contact": 0.0, "loss_gate": 4.250828552246094, "loss_reconstruction": 0.2713621711730957}
epoch=401 step=30050 loss=9.66714
{"epoch": 401, "global_step": 30075, "learning_rate": 0.00019143491021556198, "teacher_forcing": 1.0, "predicted_contact_fraction": 0.0, "epoch_seconds": 19.89560725307092, "elapsed_hours": 0.9503281433666901, "loss": 10.506146240234376, "loss_alignment": 0.28936065673828126, "loss_coefficient": 5.693266703287761, "loss_contact": 0.0, "loss_gate": 4.255019226074219, "loss_reconstruction": 0.26849992116292315}
epoch=402 step=30100 loss=12.11409
epoch=402 step=30150 loss=9.69308
{"epoch": 402, "global_step": 30150, "learning_rate": 0.00019139240897304735, "teacher_forcing": 1.0, "predicted_contact_fraction": 0.0, "epoch_seconds": 19.808342362754047, "elapsed_hours": 0.9558323147083219, "loss": 10.58901123046875, "loss_alignment": 0.2962747065226237, "loss_coefficient": 5.77649912516276, "loss_contact": 0.0, "loss_gate": 4.24873291015625, "loss_reconstruction": 0.2675026512145996}
epoch=403 step=30200 loss=9.39487
{"epoch": 403, "global_step": 30225, "learning_rate": 0.0001913498072844611, "teacher_forcing": 1.0, "predicted_contact_fraction": 0.0, "epoch_seconds": 20.009704429190606, "elapsed_hours": 0.9613920260514391, "loss": 10.520166422526042, "loss_alignment": 0.2843677266438802, "loss_coefficient": 5.729925944010417, "loss_contact": 0.0, "loss_gate": 4.240433553059896, "loss_reconstruction": 0.26544015248616537}
epoch=404 step=30250 loss=10.60845
epoch=404 step=30300 loss=10.90032
{"epoch": 404, "global_step": 30300, "learning_rate": 0.00019130710519662522, "teacher_forcing": 1.0, "predicted_contact_fraction": 0.0, "epoch_seconds": 20.086606219876558, "elapsed_hours": 0.9669731101605834, "loss": 10.569717407226562, "loss_alignment": 0.29628552118937174, "loss_coefficient": 5.765746053059896, "loss_contact": 0.0, "loss_gate": 4.239959615071615, "loss_reconstruction": 0.26772469202677407}
epoch=405 step=30350 loss=10.75108
{"epoch": 405, "global_step": 30375, "learning_rate": 0.00019126430275647198, "teacher_forcing": 1.0, "predicted_contact_fraction": 0.0, "epoch_seconds": 19.92701355367899, "elapsed_hours": 0.9725099343594371, "loss": 10.39954325358073, "loss_alignment": 0.283602975209554, "loss_coefficient": 5.625131327311198, "loss_contact": 0.0, "loss_gate": 4.2255487060546875, "loss_reconstruction": 0.2652609697977702}
epoch=406 step=30400 loss=10.52947
epoch=406 step=30450 loss=10.60865
{"epoch": 406, "global_step": 30450, "learning_rate": 0.000191221400011044, "teacher_forcing": 1.0, "predicted_contact_fraction": 0.0, "epoch_seconds": 19.78123120497912, "elapsed_hours": 0.978006255165027, "loss": 10.629193725585937, "loss_alignment": 0.2938084920247396, "loss_coefficient": 5.848253580729167, "loss_contact": 0.0, "loss_gate": 4.219937032063802, "loss_reconstruction": 0.2671940930684408}
epoch=407 step=30500 loss=10.51352
{"epoch": 407, "global_step": 30525, "learning_rate": 0.00019117839700749415, "teacher_forcing": 1.0, "predicted_contact_fraction": 0.0, "epoch_seconds": 19.85828649206087, "elapsed_hours": 0.9835247587278071, "loss": 10.461158040364584, "loss_alignment": 0.2908991877237956, "loss_coefficient": 5.688824869791667, "loss_contact": 0.0, "loss_gate": 4.221692199707031, "loss_reconstruction": 0.25974242528279623}
epoch=408 step=30550 loss=10.44310
epoch=408 step=30600 loss=10.78685
{"epoch": 408, "global_step": 30600, "learning_rate": 0.00019113529379308545, "teacher_forcing": 1.0, "predicted_contact_fraction": 0.0, "epoch_seconds": 20.055256944615394, "elapsed_hours": 0.9890972252895073, "loss": 10.380790201822917, "loss_alignment": 0.29561713536580403, "loss_coefficient": 5.613261311848959, "loss_contact": 0.0, "loss_gate": 4.2118115234375, "loss_reconstruction": 0.2600997543334961}
epoch=409 step=30650 loss=10.75518
{"epoch": 409, "global_step": 30675, "learning_rate": 0.00019109209041519103, "teacher_forcing": 1.0, "predicted_contact_fraction": 0.0, "epoch_seconds": 19.70098654879257, "elapsed_hours": 0.9945711571286019, "loss": 10.279441935221355, "loss_alignment": 0.2859442647298177, "loss_coefficient": 5.533113810221354, "loss_contact": 0.0, "loss_gate": 4.2010099283854165, "loss_reconstruction": 0.25937376022338865}
epoch=410 step=30700 loss=10.32045
epoch=410 step=30750 loss=10.02562
{"epoch": 410, "global_step": 30750, "learning_rate": 0.0001910487869212942, "teacher_forcing": 1.0, "predicted_contact_fraction": 0.0, "epoch_seconds": 20.014383282978088, "elapsed_hours": 1.0001321734988595, "loss": 10.37045654296875, "loss_alignment": 0.29133426666259765, "loss_coefficient": 5.621553141276042, "loss_contact": 0.0, "loss_gate": 4.196076354980469, "loss_reconstruction": 0.26149344762166343}
epoch=411 step=30800 loss=9.90474
{"epoch": 411, "global_step": 30825, "learning_rate": 0.00019100538335898825, "teacher_forcing": 1.0, "predicted_contact_fraction": 0.0, "epoch_seconds": 19.676079004071653, "elapsed_hours": 1.0057458407783675, "loss": 10.341416422526041, "loss_alignment": 0.29201601664225263, "loss_coefficient": 5.594782206217448, "loss_contact": 0.0, "loss_gate": 4.194813842773438, "loss_reconstruction": 0.2598035430908203}
epoch=412 step=30850 loss=10.29731
epoch=412 step=30900 loss=11.41839
{"epoch": 412, "global_step": 30900, "learning_rate": 0.00019096187977597645, "teacher_forcing": 1.0, "predicted_contact_fraction": 0.0, "epoch_seconds": 19.953040522988886, "elapsed_hours": 1.0112902281077631, "loss": 10.512306518554688, "loss_alignment": 0.2954302151997884, "loss_coefficient": 5.760473836263021, "loss_contact": 0.0, "loss_gate": 4.188955078125, "loss_reconstruction": 0.2674462890625}
epoch=413 step=30950 loss=10.26403
{"epoch": 413, "global_step": 30975, "learning_rate": 0.00019091827622007203, "teacher_forcing": 1.0, "predicted_contact_fraction": 0.0, "epoch_seconds": 19.717404623050243, "elapsed_hours": 1.0167688561233486, "loss": 10.552714029947916, "loss_alignment": 0.28878554662068684, "loss_coefficient": 5.829455769856771, "loss_contact": 0.0, "loss_gate": 4.1721102905273435, "loss_reconstruction": 0.26236265182495117}
epoch=414 step=31000 loss=10.41014
epoch=414 step=31050 loss=9.73585
{"epoch": 414, "global_step": 31050, "learning_rate": 0.00019087457273919803, "teacher_forcing": 1.0, "predicted_contact_fraction": 0.0, "epoch_seconds": 19.833997156005353, "elapsed_hours": 1.0222797830935775, "loss": 10.34552998860677, "loss_alignment": 0.30175050735473635, "loss_coefficient": 5.609293518066406, "loss_contact": 0.0, "loss_gate": 4.175703938802084, "loss_reconstruction": 0.2587827237447103}
epoch=415 step=31100 loss=10.31946
{"epoch": 415, "global_step": 31125, "learning_rate": 0.00019083076938138736, "teacher_forcing": 1.0, "predicted_contact_fraction": 0.0, "epoch_seconds": 20.177198592107743, "elapsed_hours": 1.0278860696586263, "loss": 10.152947184244791, "loss_alignment": 0.29044871012369794, "loss_coefficient": 5.437362772623698, "loss_contact": 0.0, "loss_gate": 4.16890614827474, "loss_reconstruction": 0.2562311363220215}
epoch=416 step=31150 loss=10.06588
epoch=416 step=31200 loss=10.58053
{"epoch": 416, "global_step": 31200, "learning_rate": 0.00019078686619478276, "teacher_forcing": 1.0, "predicted_contact_fraction": 0.0, "epoch_seconds": 20.102085256017745, "elapsed_hours": 1.0334714482961378, "loss": 10.277691650390626, "loss_alignment": 0.29862288157145184, "loss_coefficient": 5.559668782552083, "loss_contact": 0.0, "loss_gate": 4.161282653808594, "loss_reconstruction": 0.25811782201131184}
epoch=417 step=31250 loss=9.49512
{"epoch": 417, "global_step": 31275, "learning_rate": 0.00019074286322763652, "teacher_forcing": 1.0, "predicted_contact_fraction": 0.0, "epoch_seconds": 19.268062617164105, "elapsed_hours": 1.0388251402558915, "loss": 10.371016031901041, "loss_alignment": 0.3021921348571777, "loss_coefficient": 5.6485888671875, "loss_contact": 0.0, "loss_gate": 4.1593229166666665, "loss_reconstruction": 0.2609124183654785}
epoch=418 step=31300 loss=10.27967
epoch=418 step=31350 loss=10.24648
{"epoch": 418, "global_step": 31350, "learning_rate": 0.00019069876052831076, "teacher_forcing": 1.0, "predicted_contact_fraction": 0.0, "epoch_seconds": 18.680585958994925, "elapsed_hours": 1.0440157055991908, "loss": 10.26882588704427, "loss_alignment": 0.29822123845418297, "loss_coefficient": 5.557116902669271, "loss_contact": 0.0, "loss_gate": 4.15536376953125, "loss_reconstruction": 0.2581247393290202}
epoch=419 step=31400 loss=11.09700
{"epoch": 419, "global_step": 31425, "learning_rate": 0.00019065455814527718, "teacher_forcing": 1.0, "predicted_contact_fraction": 0.0, "epoch_seconds": 18.164925231132656, "elapsed_hours": 1.049062908647013, "loss": 10.205111694335937, "loss_alignment": 0.29460808436075847, "loss_coefficient": 5.512474670410156, "loss_contact": 0.0, "loss_gate": 4.137911376953125, "loss_reconstruction": 0.2601175880432129}
epoch=420 step=31450 loss=9.83462
epoch=420 step=31500 loss=9.49376
{"epoch": 420, "global_step": 31500, "learning_rate": 0.00019061025612711699, "teacher_forcing": 1.0, "predicted_contact_fraction": 0.0, "epoch_seconds": 17.884361231233925, "elapsed_hours": 1.054032182226656, "loss": 10.359219563802084, "loss_alignment": 0.29510595321655275, "loss_coefficient": 5.663793741861979, "loss_contact": 0.0, "loss_gate": 4.140553487141927, "loss_reconstruction": 0.25976593653361}
epoch=421 step=31550 loss=10.31632
{"epoch": 421, "global_step": 31575, "learning_rate": 0.0001905658545225209, "teacher_forcing": 1.0, "predicted_contact_fraction": 0.0, "epoch_seconds": 17.809151211753488, "elapsed_hours": 1.0591214377911657, "loss": 10.306143595377604, "loss_alignment": 0.3043839327494303, "loss_coefficient": 5.602561543782552, "loss_contact": 0.0, "loss_gate": 4.139718221028645, "loss_reconstruction": 0.25947991689046224}
epoch=422 step=31600 loss=9.99827
epoch=422 step=31650 loss=9.09710
{"epoch": 422, "global_step": 31650, "learning_rate": 0.00019052135338028912, "teacher_forcing": 1.0, "predicted_contact_fraction": 0.0, "epoch_seconds": 18.025523871183395, "elapsed_hours": 1.0641299796814565, "loss": 10.150144449869792, "loss_alignment": 0.29175079981486, "loss_coefficient": 5.481380411783854, "loss_contact": 0.0, "loss_gate": 4.122110697428385, "loss_reconstruction": 0.2549032465616862}
epoch=423 step=31700 loss=9.52268
{"epoch": 423, "global_step": 31725, "learning_rate": 0.0001904767527493312, "teacher_forcing": 1.0, "predicted_contact_fraction": 0.0, "epoch_seconds": 18.280056247953326, "elapsed_hours": 1.0692091746958128, "loss": 10.17414794921875, "loss_alignment": 0.29501569747924805, "loss_coefficient": 5.505376586914062, "loss_contact": 0.0, "loss_gate": 4.121596883138021, "loss_reconstruction": 0.2521591313680013}
epoch=424 step=31750 loss=10.70261
epoch=424 step=31800 loss=9.85712
{"epoch": 424, "global_step": 31800, "learning_rate": 0.00019043205267866613, "teacher_forcing": 1.0, "predicted_contact_fraction": 0.0, "epoch_seconds": 18.164891961030662, "elapsed_hours": 1.0742564001632855, "loss": 10.061241251627605, "loss_alignment": 0.28453975677490234, "loss_coefficient": 5.421138203938802, "loss_contact": 0.0, "loss_gate": 4.1034409586588545, "loss_reconstruction": 0.2521221923828125}
epoch=425 step=31850 loss=8.95290
{"epoch": 425, "global_step": 31875, "learning_rate": 0.0001903872532174221, "teacher_forcing": 1.0, "predicted_contact_fraction": 0.0, "epoch_seconds": 18.18150856019929, "elapsed_hours": 1.0793083375511277, "loss": 10.275753580729166, "loss_alignment": 0.3024461237589518, "loss_coefficient": 5.60287099202474, "loss_contact": 0.0, "loss_gate": 4.115188191731771, "loss_reconstruction": 0.2552489535013835}
epoch=426 step=31900 loss=10.00195
epoch=426 step=31950 loss=10.75245
{"epoch": 426, "global_step": 31950, "learning_rate": 0.00019034235441483656, "teacher_forcing": 1.0, "predicted_contact_fraction": 0.0, "epoch_seconds": 18.271992397028953, "elapsed_hours": 1.0843854725244455, "loss": 10.162744547526042, "loss_alignment": 0.2956875928243001, "loss_coefficient": 5.51078623453776, "loss_contact": 0.0, "loss_gate": 4.104847208658854, "loss_reconstruction": 0.25142412185668944}
epoch=427 step=32000 loss=9.92643
{"epoch": 427, "global_step": 32025, "learning_rate": 0.00019029735632025618, "teacher_forcing": 1.0, "predicted_contact_fraction": 0.0, "epoch_seconds": 18.366676424164325, "elapsed_hours": 1.0894887408136855, "loss": 10.055001831054687, "loss_alignment": 0.2962493069966634, "loss_coefficient": 5.408994140625, "loss_contact": 0.0, "loss_gate": 4.099147338867187, "loss_reconstruction": 0.25061147689819335}
epoch=428 step=32050 loss=8.80445
epoch=428 step=32100 loss=9.98384
{"epoch": 428, "global_step": 32100, "learning_rate": 0.00019025225898313671, "teacher_forcing": 1.0, "predicted_contact_fraction": 0.0, "epoch_seconds": 17.98907398665324, "elapsed_hours": 1.0944870946174745, "loss": 9.978791910807292, "loss_alignment": 0.29677650451660154, "loss_coefficient": 5.342125040690104, "loss_contact": 0.0, "loss_gate": 4.090008748372396, "loss_reconstruction": 0.2498805554707845}
epoch=429 step=32150 loss=11.85095
{"epoch": 429, "global_step": 32175, "learning_rate": 0.00019020706245304297, "teacher_forcing": 1.0, "predicted_contact_fraction": 0.0, "epoch_seconds": 18.386579755228013, "elapsed_hours": 1.0995959548458147, "loss": 10.151891682942708, "loss_alignment": 0.29625625610351564, "loss_coefficient": 5.5193955485026045, "loss_contact": 0.0, "loss_gate": 4.084918721516927, "loss_reconstruction": 0.2513200696309408}
epoch=430 step=32200 loss=9.78118
epoch=430 step=32250 loss=9.74218
{"epoch": 430, "global_step": 32250, "learning_rate": 0.0001901617667796489, "teacher_forcing": 1.0, "predicted_contact_fraction": 0.0, "epoch_seconds": 18.16359106078744, "elapsed_hours": 1.1046428161483102, "loss": 10.273361206054688, "loss_alignment": 0.30896240234375, "loss_coefficient": 5.6163054402669275, "loss_contact": 0.0, "loss_gate": 4.091947326660156, "loss_reconstruction": 0.2561462338765462}
epoch=431 step=32300 loss=9.76876
{"epoch": 431, "global_step": 32325, "learning_rate": 0.0001901163720127372, "teacher_forcing": 1.0, "predicted_contact_fraction": 0.0, "epoch_seconds": 18.466030177194625, "elapsed_hours": 1.1099152088500301, "loss": 10.153580525716146, "loss_alignment": 0.30463385899861656, "loss_coefficient": 5.514861348470052, "loss_contact": 0.0, "loss_gate": 4.08158447265625, "loss_reconstruction": 0.2525000699361165}
epoch=432 step=32350 loss=10.11049
epoch=432 step=32400 loss=10.84922
{"epoch": 432, "global_step": 32400, "learning_rate": 0.00019007087820219974, "teacher_forcing": 1.0, "predicted_contact_fraction": 0.0, "epoch_seconds": 18.533303215168417, "elapsed_hours": 1.1150647969816863, "loss": 10.376820475260416, "loss_alignment": 0.3102990786234538, "loss_coefficient": 5.721256713867188, "loss_contact": 0.0, "loss_gate": 4.087445271809896, "loss_reconstruction": 0.2578178596496582}
epoch=433 step=32450 loss=11.04411
{"epoch": 433, "global_step": 32475, "learning_rate": 0.00019002528539803701, "teacher_forcing": 1.0, "predicted_contact_fraction": 0.0, "epoch_seconds": 18.009585405234247, "elapsed_hours": 1.1200688742503473, "loss": 10.389876302083334, "loss_alignment": 0.31205002466837567, "loss_coefficient": 5.73157948811849, "loss_contact": 0.0, "loss_gate": 4.089461059570312, "loss_reconstruction": 0.2567855707804362}
epoch=434 step=32500 loss=9.90226
epoch=434 step=32550 loss=9.08367
{"epoch": 434, "global_step": 32550, "learning_rate": 0.00018997959365035842, "teacher_forcing": 1.0, "predicted_contact_fraction": 0.0, "epoch_seconds": 18.66727133700624, "elapsed_hours": 1.1252556475263555, "loss": 10.079110514322917, "loss_alignment": 0.2966267267862956, "loss_coefficient": 5.466419982910156, "loss_contact": 0.0, "loss_gate": 4.065372924804688, "loss_reconstruction": 0.2506907844543457}
epoch=435 step=32600 loss=10.59699
{"epoch": 435, "global_step": 32625, "learning_rate": 0.0001899338030093822, "teacher_forcing": 1.0, "predicted_contact_fraction": 0.0, "epoch_seconds": 18.941680264659226, "elapsed_hours": 1.1305187155147238, "loss": 10.236570638020833, "loss_alignment": 0.3028774070739746, "loss_coefficient": 5.624692179361979, "loss_contact": 0.0, "loss_gate": 4.058033955891927, "loss_reconstruction": 0.25096773783365883}
epoch=436 step=32650 loss=10.77714
epoch=436 step=32700 loss=8.80310
{"epoch": 436, "global_step": 32700, "learning_rate": 0.00018988791352543503, "teacher_forcing": 1.0, "predicted_contact_fraction": 0.0, "epoch_seconds": 18.469549030065536, "elapsed_hours": 1.1356505797958623, "loss": 10.132480061848959, "loss_alignment": 0.3079242579142253, "loss_coefficient": 5.516121724446615, "loss_contact": 0.0, "loss_gate": 4.058381958007812, "loss_reconstruction": 0.2500513966878255}
epoch=437 step=32750 loss=9.83564
{"epoch": 437, "global_step": 32775, "learning_rate": 0.0001898419252489525, "teacher_forcing": 1.0, "predicted_contact_fraction": 0.0, "epoch_seconds": 18.322104413062334, "elapsed_hours": 1.1407414707906234, "loss": 10.08404561360677, "loss_alignment": 0.30145798365275067, "loss_coefficient": 5.485830281575521, "loss_contact": 0.0, "loss_gate": 4.0501497395833335, "loss_reconstruction": 0.24660814921061197}
epoch=438 step=32800 loss=10.21194
epoch=438 step=32850 loss=8.85967
{"epoch": 438, "global_step": 32850, "learning_rate": 0.00018979583823047858, "teacher_forcing": 1.0, "predicted_contact_fraction": 0.0, "epoch_seconds": 18.494954707100987, "elapsed_hours": 1.1458804226649872, "loss": 10.375167643229167, "loss_alignment": 0.3156794357299805, "loss_coefficient": 5.750904439290364, "loss_contact": 0.0, "loss_gate": 4.054948933919271, "loss_reconstruction": 0.25363500595092775}
epoch=439 step=32900 loss=10.21069
{"epoch": 439, "global_step": 32925, "learning_rate": 0.00018974965252066588, "teacher_forcing": 1.0, "predicted_contact_fraction": 0.0, "epoch_seconds": 18.297345355153084, "elapsed_hours": 1.1509644126231109, "loss": 10.101307779947916, "loss_alignment": 0.29498112996419273, "loss_coefficient": 5.525515441894531, "loss_contact": 0.0, "loss_gate": 4.033007507324219, "loss_reconstruction": 0.247804323832194}
epoch=440 step=32950 loss=9.52677
epoch=440 step=33000 loss=8.96881
{"epoch": 440, "global_step": 33000, "learning_rate": 0.00018970336817027538, "teacher_forcing": 1.0, "predicted_contact_fraction": 0.0, "epoch_seconds": 18.462847291957587, "elapsed_hours": 1.1560944106755777, "loss": 9.911212565104167, "loss_alignment": 0.2958440144856771, "loss_coefficient": 5.347316385904948, "loss_contact": 0.0, "loss_gate": 4.0235159301757815, "loss_reconstruction": 0.24453592936197915}
epoch=441 step=33050 loss=9.35048
{"epoch": 441, "global_step": 33075, "learning_rate": 0.00018965698523017656, "teacher_forcing": 1.0, "predicted_contact_fraction": 0.0, "epoch_seconds": 18.2216980420053, "elapsed_hours": 1.1613414008916718, "loss": 10.072582600911458, "loss_alignment": 0.3052241071065267, "loss_coefficient": 5.4941114298502605, "loss_contact": 0.0, "loss_gate": 4.028540344238281, "loss_reconstruction": 0.24470717112223309}
epoch=442 step=33100 loss=11.41517
epoch=442 step=33150 loss=11.43923
{"epoch": 442, "global_step": 33150, "learning_rate": 0.00018961050375134725, "teacher_forcing": 1.0, "predicted_contact_fraction": 0.0, "epoch_seconds": 18.44578285701573, "elapsed_hours": 1.1664668445644848, "loss": 10.007652180989583, "loss_alignment": 0.3063465881347656, "loss_coefficient": 5.429371643066406, "loss_contact": 0.0, "loss_gate": 4.022657063802083, "loss_reconstruction": 0.24927666982014973}
epoch=443 step=33200 loss=10.14007
{"epoch": 443, "global_step": 33225, "learning_rate": 0.00018956392378487348, "teacher_forcing": 1.0, "predicted_contact_fraction": 0.0, "epoch_seconds": 18.315576237626374, "elapsed_hours": 1.1715558927622625, "loss": 10.338094075520834, "loss_alignment": 0.3231548563639323, "loss_coefficient": 5.723193562825521, "loss_contact": 0.0, "loss_gate": 4.036065979003906, "loss_reconstruction": 0.2556788444519043}
epoch=444 step=33250 loss=10.10552
epoch=444 step=33300 loss=10.66253
{"epoch": 444, "global_step": 33300, "learning_rate": 0.00018951724538194967, "teacher_forcing": 1.0, "predicted_contact_fraction": 0.0, "epoch_seconds": 18.315419864375144, "elapsed_hours": 1.1766449607238691, "loss": 10.146702067057292, "loss_alignment": 0.3110478909810384, "loss_coefficient": 5.564469502766927, "loss_contact": 0.0, "loss_gate": 4.024463297526042, "loss_reconstruction": 0.24672105153401694}
epoch=445 step=33350 loss=10.34082
{"epoch": 445, "global_step": 33375, "learning_rate": 0.00018947046859387829, "teacher_forcing": 1.0, "predicted_contact_fraction": 0.0, "epoch_seconds": 18.255332760047168, "elapsed_hours": 1.18171733188417, "loss": 10.031666259765625, "loss_alignment": 0.30115455627441406, "loss_coefficient": 5.485239868164062, "loss_contact": 0.0, "loss_gate": 4.000321960449218, "loss_reconstruction": 0.2449506696065267}
epoch=446 step=33400 loss=8.79642
epoch=446 step=33450 loss=10.16657
{"epoch": 446, "global_step": 33450, "learning_rate": 0.00018942359347207005, "teacher_forcing": 1.0, "predicted_contact_fraction": 0.0, "epoch_seconds": 18.20789402909577, "elapsed_hours": 1.186776482865292, "loss": 9.871389973958333, "loss_alignment": 0.301635316212972, "loss_coefficient": 5.323439432779948, "loss_contact": 0.0, "loss_gate": 4.003046569824218, "loss_reconstruction": 0.24326934178670248}
epoch=447 step=33500 loss=10.05282
{"epoch": 447, "global_step": 33525, "learning_rate": 0.00018937662006804367, "teacher_forcing": 1.0, "predicted_contact_fraction": 0.0, "epoch_seconds": 18.39053389010951, "elapsed_hours": 1.191886387146466, "loss": 10.228371988932292, "loss_alignment": 0.3162867164611816, "loss_coefficient": 5.657353922526042, "loss_contact": 0.0, "loss_gate": 4.004430948893229, "loss_reconstruction": 0.25030110677083334}
epoch=448 step=33550 loss=10.26259
epoch=448 step=33600 loss=10.15517
{"epoch": 448, "global_step": 33600, "learning_rate": 0.00018932954843342591, "teacher_forcing": 1.0, "predicted_contact_fraction": 0.0, "epoch_seconds": 18.881897090934217, "elapsed_hours": 1.1971329836044202, "loss": 9.899521891276041, "loss_alignment": 0.3069428253173828, "loss_coefficient": 5.349346008300781, "loss_contact": 0.0, "loss_gate": 4.000827840169271, "loss_reconstruction": 0.24240474700927733}
epoch=449 step=33650 loss=9.26104
{"epoch": 449, "global_step": 33675, "learning_rate": 0.00018928237861995153, "teacher_forcing": 1.0, "predicted_contact_fraction": 0.0, "epoch_seconds": 18.82072201697156, "elapsed_hours": 1.2023623518772526, "loss": 9.862918090820312, "loss_alignment": 0.2959705034891764, "loss_coefficient": 5.346548055013021, "loss_contact": 0.0, "loss_gate": 3.9798897298177085, "loss_reconstruction": 0.24050827662150065}
epoch=450 step=33700 loss=10.32774
epoch=450 step=33750 loss=10.46337
{"epoch": 450, "global_step": 33750, "learning_rate": 0.0001892351106794631, "teacher_forcing": 1.0, "predicted_contact_fraction": 0.0, "epoch_seconds": 18.39245695481077, "elapsed_hours": 1.2074727411022306, "loss": 10.094562581380208, "loss_alignment": 0.313900146484375, "loss_coefficient": 5.551938680013021, "loss_contact": 0.0, "loss_gate": 3.985135294596354, "loss_reconstruction": 0.24358777364095052}
epoch=451 step=33800 loss=10.37718
{"epoch": 451, "global_step": 33825, "learning_rate": 0.0001891877446639111, "teacher_forcing": 1.0, "predicted_contact_fraction": 0.0, "epoch_seconds": 18.103125324007124, "elapsed_hours": 1.2126434016386822, "loss": 9.96846944173177, "loss_alignment": 0.3073887125651042, "loss_coefficient": 5.44498545328776, "loss_contact": 0.0, "loss_gate": 3.9736625162760415, "loss_reconstruction": 0.24243413289388022}
epoch=452 step=33850 loss=9.33981
epoch=452 step=33900 loss=10.13965
{"epoch": 452, "global_step": 33900, "learning_rate": 0.00018914028062535381, "teacher_forcing": 1.0, "predicted_contact_fraction": 0.0, "epoch_seconds": 18.390295484103262, "elapsed_hours": 1.2177533121263453, "loss": 10.064095458984376, "loss_alignment": 0.31724891662597654, "loss_coefficient": 5.520227152506511, "loss_contact": 0.0, "loss_gate": 3.9835955810546877, "loss_reconstruction": 0.2430241584777832}
epoch=453 step=33950 loss=8.36968
{"epoch": 453, "global_step": 33975, "learning_rate": 0.00018909271861595727, "teacher_forcing": 1.0, "predicted_contact_fraction": 0.0, "epoch_seconds": 18.506368053145707, "elapsed_hours": 1.2228953607692123, "loss": 10.169505615234375, "loss_alignment": 0.3085803159077962, "loss_coefficient": 5.643270568847656, "loss_contact": 0.0, "loss_gate": 3.9710486857096354, "loss_reconstruction": 0.24660552978515626}
epoch=454 step=34000 loss=10.81536
epoch=454 step=34050 loss=10.38545
{"epoch": 454, "global_step": 34050, "learning_rate": 0.0001890450586879951, "teacher_forcing": 1.0, "predicted_contact_fraction": 0.0, "epoch_seconds": 18.307549809105694, "elapsed_hours": 1.2279821806650661, "loss": 10.05568155924479, "loss_alignment": 0.30680131912231445, "loss_coefficient": 5.540519409179687, "loss_contact": 0.0, "loss_gate": 3.964710998535156, "loss_reconstruction": 0.24365022659301758}
epoch=455 step=34100 loss=11.39232
{"epoch": 455, "global_step": 34125, "learning_rate": 0.0001889973008938486, "teacher_forcing": 1.0, "predicted_contact_fraction": 0.0, "epoch_seconds": 18.114854612387717, "elapsed_hours": 1.2330154708434, "loss": 10.051004028320312, "loss_alignment": 0.31916311899820965, "loss_coefficient": 5.517134908040364, "loss_contact": 0.0, "loss_gate": 3.9710633341471353, "loss_reconstruction": 0.24364295323689777}
epoch=456 step=34150 loss=10.69320
epoch=456 step=34200 loss=10.26649
{"epoch": 456, "global_step": 34200, "learning_rate": 0.0001889494452860066, "teacher_forcing": 1.0, "predicted_contact_fraction": 0.0, "epoch_seconds": 18.179380852729082, "elapsed_hours": 1.2380667148849978, "loss": 10.121630452473958, "loss_alignment": 0.310825252532959, "loss_coefficient": 5.604882914225261, "loss_contact": 0.0, "loss_gate": 3.9594234212239585, "loss_reconstruction": 0.24649951934814454}
epoch=457 step=34250 loss=10.15644
{"epoch": 457, "global_step": 34275, "learning_rate": 0.0001889014919170655, "teacher_forcing": 1.0, "predicted_contact_fraction": 0.0, "epoch_seconds": 18.257400833070278, "elapsed_hours": 1.2431396466925637, "loss": 9.94843241373698, "loss_alignment": 0.31839183807373045, "loss_coefficient": 5.427353922526041, "loss_contact": 0.0, "loss_gate": 3.960942586263021, "loss_reconstruction": 0.24174357096354165}
epoch=458 step=34300 loss=10.51900
epoch=458 step=34350 loss=10.09674
{"epoch": 458, "global_step": 34350, "learning_rate": 0.00018885344083972914, "teacher_forcing": 1.0, "predicted_contact_fraction": 0.0, "epoch_seconds": 18.15039896313101, "elapsed_hours": 1.2481829244700364, "loss": 10.191386311848959, "loss_alignment": 0.31529265721639, "loss_coefficient": 5.675860900878906, "loss_contact": 0.0, "loss_gate": 3.9556358846028647, "loss_reconstruction": 0.2445965576171875}
epoch=459 step=34400 loss=10.42416
{"epoch": 459, "global_step": 34425, "learning_rate": 0.0001888052921068086, "teacher_forcing": 1.0, "predicted_contact_fraction": 0.0, "epoch_seconds": 18.568085429258645, "elapsed_hours": 1.2533422054808276, "loss": 10.05454813639323, "loss_alignment": 0.31364484786987307, "loss_coefficient": 5.547636922200521, "loss_contact": 0.0, "loss_gate": 3.949654744466146, "loss_reconstruction": 0.24361057281494142}
epoch=460 step=34450 loss=10.58192
epoch=460 step=34500 loss=10.48900
{"epoch": 460, "global_step": 34500, "learning_rate": 0.00018875704577122251, "teacher_forcing": 1.0, "predicted_contact_fraction": 0.0, "epoch_seconds": 18.01379800774157, "elapsed_hours": 1.2583474297597745, "loss": 10.0580322265625, "loss_alignment": 0.3047271283467611, "loss_coefficient": 5.578036092122396, "loss_contact": 0.0, "loss_gate": 3.9334707641601563, "loss_reconstruction": 0.24179880142211915}
epoch=461 step=34550 loss=9.88882
{"epoch": 461, "global_step": 34575, "learning_rate": 0.00018870870188599659, "teacher_forcing": 1.0, "predicted_contact_fraction": 0.0, "epoch_seconds": 18.4889231659472, "elapsed_hours": 1.2636241592594888, "loss": 10.060179850260417, "loss_alignment": 0.31814406712849935, "loss_coefficient": 5.5589468383789065, "loss_contact": 0.0, "loss_gate": 3.941617024739583, "loss_reconstruction": 0.241472962697347}
epoch=462 step=34600 loss=10.44117
epoch=462 step=34650 loss=10.34875
{"epoch": 462, "global_step": 34650, "learning_rate": 0.00018866026050426386, "teacher_forcing": 1.0, "predicted_contact_fraction": 0.0, "epoch_seconds": 18.728004183154553, "elapsed_hours": 1.26882778474673, "loss": 9.722705891927083, "loss_alignment": 0.30717725118001304, "loss_coefficient": 5.2519764200846355, "loss_contact": 0.0, "loss_gate": 3.927259521484375, "loss_reconstruction": 0.23629283905029297}
epoch=463 step=34700 loss=11.01711
{"epoch": 463, "global_step": 34725, "learning_rate": 0.00018861172167926454, "teacher_forcing": 1.0, "predicted_contact_fraction": 0.0, "epoch_seconds": 18.848053213208914, "elapsed_hours": 1.2740647679472912, "loss": 9.731178385416667, "loss_alignment": 0.3008124097188314, "loss_coefficient": 5.283779500325521, "loss_contact": 0.0, "loss_gate": 3.909025370279948, "loss_reconstruction": 0.23756024678548177}
epoch=464 step=34750 loss=10.71094
epoch=464 step=34800 loss=10.42466
{"epoch": 464, "global_step": 34800, "learning_rate": 0.00018856308546434577, "teacher_forcing": 1.0, "predicted_contact_fraction": 0.0, "epoch_seconds": 18.537430124823004, "elapsed_hours": 1.27921544589555, "loss": 9.93103983561198, "loss_alignment": 0.30802113850911456, "loss_coefficient": 5.469405924479167, "loss_contact": 0.0, "loss_gate": 3.9148692830403644, "loss_reconstruction": 0.23874467213948566}
epoch=465 step=34850 loss=9.78613
{"epoch": 465, "global_step": 34875, "learning_rate": 0.00018851435191296196, "teacher_forcing": 1.0, "predicted_contact_fraction": 0.0, "epoch_seconds": 18.76554438797757, "elapsed_hours": 1.2844295083238588, "loss": 9.776690470377604, "loss_alignment": 0.30080973943074546, "loss_coefficient": 5.340123291015625, "loss_contact": 0.0, "loss_gate": 3.899109090169271, "loss_reconstruction": 0.23664751688639324}
epoch=466 step=34900 loss=10.09513
epoch=466 step=34950 loss=8.86288
{"epoch": 466, "global_step": 34950, "learning_rate": 0.0001884655210786743, "teacher_forcing": 1.0, "predicted_contact_fraction": 0.0, "epoch_seconds": 18.76807993510738, "elapsed_hours": 1.2896451234097024, "loss": 9.821346028645833, "loss_alignment": 0.3113329251607259, "loss_coefficient": 5.367308349609375, "loss_contact": 0.0, "loss_gate": 3.9044727579752605, "loss_reconstruction": 0.23823156992594402}
epoch=467 step=35000 loss=9.44637
{"epoch": 467, "global_step": 35025, "learning_rate": 0.00018841659301515104, "teacher_forcing": 1.0, "predicted_contact_fraction": 0.0, "epoch_seconds": 18.627818197011948, "elapsed_hours": 1.2948209092961365, "loss": 9.684701131184896, "loss_alignment": 0.29942038853963215, "loss_coefficient": 5.263468526204427, "loss_contact": 0.0, "loss_gate": 3.888069051106771, "loss_reconstruction": 0.23374287287394205}
epoch=468 step=35050 loss=8.99049
epoch=468 step=35100 loss=10.12354
{"epoch": 468, "global_step": 35100, "learning_rate": 0.0001883675677761672, "teacher_forcing": 1.0, "predicted_contact_fraction": 0.0, "epoch_seconds": 18.464722104836255, "elapsed_hours": 1.2999513703946852, "loss": 9.758911743164063, "loss_alignment": 0.31332993825276695, "loss_coefficient": 5.315597941080729, "loss_contact": 0.0, "loss_gate": 3.893252461751302, "loss_reconstruction": 0.23673200607299805}
epoch=469 step=35150 loss=8.95513
{"epoch": 469, "global_step": 35175, "learning_rate": 0.00018831844541560466, "teacher_forcing": 1.0, "predicted_contact_fraction": 0.0, "epoch_seconds": 18.359413941856474, "elapsed_hours": 1.3050525853872144, "loss": 9.833038330078125, "loss_alignment": 0.31091426849365233, "loss_coefficient": 5.386486612955729, "loss_contact": 0.0, "loss_gate": 3.8960352579752606, "loss_reconstruction": 0.2396028264363607}
epoch=470 step=35200 loss=10.57024
epoch=470 step=35250 loss=10.30108
{"epoch": 470, "global_step": 35250, "learning_rate": 0.00018826922598745197, "teacher_forcing": 1.0, "predicted_contact_fraction": 0.0, "epoch_seconds": 18.519645063206553, "elapsed_hours": 1.310198366346174, "loss": 9.765281778971355, "loss_alignment": 0.31054943084716796, "loss_coefficient": 5.331767679850261, "loss_contact": 0.0, "loss_gate": 3.8855160522460936, "loss_reconstruction": 0.23744930903116862}
epoch=471 step=35300 loss=9.41691
{"epoch": 471, "global_step": 35325, "learning_rate": 0.0001882199095458045, "teacher_forcing": 1.0, "predicted_contact_fraction": 0.0, "epoch_seconds": 18.31152267428115, "elapsed_hours": 1.3154311642908336, "loss": 9.711458333333333, "loss_alignment": 0.3048659960428874, "loss_coefficient": 5.2948048909505205, "loss_contact": 0.0, "loss_gate": 3.8774290974934895, "loss_reconstruction": 0.23435866038004557}
epoch=472 step=35350 loss=10.03560
epoch=472 step=35400 loss=9.63524
{"epoch": 472, "global_step": 35400, "learning_rate": 0.00018817049614486408, "teacher_forcing": 1.0, "predicted_contact_fraction": 0.0, "epoch_seconds": 18.60822933819145, "elapsed_hours": 1.3206015599578516, "loss": 9.877747192382813, "loss_alignment": 0.3076472282409668, "loss_coefficient": 5.453007405598958, "loss_contact": 0.0, "loss_gate": 3.8769596354166667, "loss_reconstruction": 0.24013357162475585}
epoch=473 step=35450 loss=10.35509
{"epoch": 473, "global_step": 35475, "learning_rate": 0.00018812098583893922, "teacher_forcing": 1.0, "predicted_contact_fraction": 0.0, "epoch_seconds": 18.90036159940064, "elapsed_hours": 1.3258530181667043, "loss": 9.978726399739584, "loss_alignment": 0.31632238388061523, "loss_coefficient": 5.551844787597656, "loss_contact": 0.0, "loss_gate": 3.873052978515625, "loss_reconstruction": 0.2375062561035156}
epoch=474 step=35500 loss=11.00906
epoch=474 step=35550 loss=9.66301
{"epoch": 474, "global_step": 35550, "learning_rate": 0.00018807137868244488, "teacher_forcing": 1.0, "predicted_contact_fraction": 0.0, "epoch_seconds": 18.465975675731897, "elapsed_hours": 1.3309838361730282, "loss": 9.755017903645834, "loss_alignment": 0.3123469098409017, "loss_coefficient": 5.340794372558594, "loss_contact": 0.0, "loss_gate": 3.86861572265625, "loss_reconstruction": 0.2332610829671224}
epoch=475 step=35600 loss=9.30585
{"epoch": 475, "global_step": 35625, "learning_rate": 0.00018802167472990248, "teacher_forcing": 1.0, "predicted_contact_fraction": 0.0, "epoch_seconds": 18.69233847502619, "elapsed_hours": 1.336177600586347, "loss": 9.603513387044272, "loss_alignment": 0.3036531639099121, "loss_coefficient": 5.211153055826823, "loss_contact": 0.0, "loss_gate": 3.857538655598958, "loss_reconstruction": 0.2311692746480306}
epoch=476 step=35650 loss=10.73814
epoch=476 step=35700 loss=9.14997
{"epoch": 476, "global_step": 35700, "learning_rate": 0.00018797187403593986, "teacher_forcing": 1.0, "predicted_contact_fraction": 0.0, "epoch_seconds": 18.576209443621337, "elapsed_hours": 1.341339147397731, "loss": 9.738162638346354, "loss_alignment": 0.3045530064900716, "loss_coefficient": 5.351444905598958, "loss_contact": 0.0, "loss_gate": 3.8495404052734377, "loss_reconstruction": 0.2326227633158366}
epoch=477 step=35750 loss=8.85453
{"epoch": 477, "global_step": 35775, "learning_rate": 0.0001879219766552911, "teacher_forcing": 1.0, "predicted_contact_fraction": 0.0, "epoch_seconds": 18.589401982724667, "elapsed_hours": 1.3465042555667202, "loss": 9.569402262369792, "loss_alignment": 0.2967837651570638, "loss_coefficient": 5.200743408203125, "loss_contact": 0.0, "loss_gate": 3.8404994710286458, "loss_reconstruction": 0.23137545267740886}
epoch=478 step=35800 loss=9.30061
epoch=478 step=35850 loss=10.42430
{"epoch": 478, "global_step": 35850, "learning_rate": 0.00018787198264279663, "teacher_forcing": 1.0, "predicted_contact_fraction": 0.0, "epoch_seconds": 18.623241493012756, "elapsed_hours": 1.3516788126013448, "loss": 9.7236474609375, "loss_alignment": 0.31587928771972656, "loss_coefficient": 5.322466023763021, "loss_contact": 0.0, "loss_gate": 3.8498074340820314, "loss_reconstruction": 0.23549395243326823}
epoch=479 step=35900 loss=10.62388
{"epoch": 479, "global_step": 35925, "learning_rate": 0.000187821892053403, "teacher_forcing": 1.0, "predicted_contact_fraction": 0.0, "epoch_seconds": 18.965960991103202, "elapsed_hours": 1.35694853972165, "loss": 9.8827978515625, "loss_alignment": 0.32690717697143556, "loss_coefficient": 5.459603373209635, "loss_contact": 0.0, "loss_gate": 3.8583601888020835, "loss_reconstruction": 0.23792790095011393}
epoch=480 step=35950 loss=9.68142
epoch=480 step=36000 loss=9.49894
{"epoch": 480, "global_step": 36000, "learning_rate": 0.00018777170494216304, "teacher_forcing": 1.0, "predicted_contact_fraction": 0.0, "epoch_seconds": 18.635044391267, "elapsed_hours": 1.3621263982944138, "loss": 9.65149881998698, "loss_alignment": 0.31159629821777346, "loss_coefficient": 5.268160807291666, "loss_contact": 0.0, "loss_gate": 3.839896748860677, "loss_reconstruction": 0.231844965616862}
epoch=481 step=36050 loss=9.90263
{"epoch": 481, "global_step": 36075, "learning_rate": 0.00018772142136423548, "teacher_forcing": 1.0, "predicted_contact_fraction": 0.0, "epoch_seconds": 18.97510555712506, "elapsed_hours": 1.3675489516128114, "loss": 9.597695719401042, "loss_alignment": 0.31193790435791013, "loss_coefficient": 5.218484598795573, "loss_contact": 0.0, "loss_gate": 3.8369107055664062, "loss_reconstruction": 0.23036273320515951}
epoch=482 step=36100 loss=9.61682
epoch=482 step=36150 loss=10.33889
{"epoch": 482, "global_step": 36150, "learning_rate": 0.00018767104137488527, "teacher_forcing": 1.0, "predicted_contact_fraction": 0.0, "epoch_seconds": 18.784774576779455, "elapsed_hours": 1.3727683847877457, "loss": 9.727506713867188, "loss_alignment": 0.31132198333740235, "loss_coefficient": 5.343971150716146, "loss_contact": 0.0, "loss_gate": 3.8378121948242185, "loss_reconstruction": 0.2344032669067383}
epoch=483 step=36200 loss=9.30537
{"epoch": 483, "global_step": 36225, "learning_rate": 0.00018762056502948316, "teacher_forcing": 1.0, "predicted_contact_fraction": 0.0, "epoch_seconds": 18.579526990652084, "elapsed_hours": 1.3779307573992345, "loss": 9.610801188151042, "loss_alignment": 0.3143213208516439, "loss_coefficient": 5.234622599283854, "loss_contact": 0.0, "loss_gate": 3.8282726033528647, "loss_reconstruction": 0.23358310063680013}
epoch=484 step=36250 loss=9.37626
epoch=484 step=36300 loss=9.34255
{"epoch": 484, "global_step": 36300, "learning_rate": 0.0001875699923835059, "teacher_forcing": 1.0, "predicted_contact_fraction": 0.0, "epoch_seconds": 18.7511416063644, "elapsed_hours": 1.3831408382155415, "loss": 9.596839599609375, "loss_alignment": 0.3042795499165853, "loss_coefficient": 5.246053771972656, "loss_contact": 0.0, "loss_gate": 3.81666259765625, "loss_reconstruction": 0.22984477996826172}
epoch=485 step=36350 loss=10.32785
{"epoch": 485, "global_step": 36375, "learning_rate": 0.00018751932349253596, "teacher_forcing": 1.0, "predicted_contact_fraction": 0.0, "epoch_seconds": 18.79958684463054, "elapsed_hours": 1.3883643236250565, "loss": 9.79432902018229, "loss_alignment": 0.3177853012084961, "loss_coefficient": 5.4198691813151045, "loss_contact": 0.0, "loss_gate": 3.8234993489583333, "loss_reconstruction": 0.23317598978678386}
epoch=486 step=36400 loss=9.71901
epoch=486 step=36450 loss=9.33834
{"epoch": 486, "global_step": 36450, "learning_rate": 0.00018746855841226179, "teacher_forcing": 1.0, "predicted_contact_fraction": 0.0, "epoch_seconds": 18.894343932624906, "elapsed_hours": 1.3936142626619483, "loss": 9.657007242838542, "loss_alignment": 0.31904193878173825, "loss_coefficient": 5.279263000488282, "loss_contact": 0.0, "loss_gate": 3.826085713704427, "loss_reconstruction": 0.23261734008789062}
epoch=487 step=36500 loss=10.18576
{"epoch": 487, "global_step": 36525, "learning_rate": 0.00018741769719847736, "teacher_forcing": 1.0, "predicted_contact_fraction": 0.0, "epoch_seconds": 18.352049516048282, "elapsed_hours": 1.3987135982885956, "loss": 9.750144246419271, "loss_alignment": 0.31204851786295573, "loss_coefficient": 5.38819569905599, "loss_contact": 0.0, "loss_gate": 3.8175760904947915, "loss_reconstruction": 0.23232402165730795}
epoch=488 step=36550 loss=9.59683
epoch=488 step=36600 loss=9.06016
{"epoch": 488, "global_step": 36600, "learning_rate": 0.00018736673990708244, "teacher_forcing": 1.0, "predicted_contact_fraction": 0.0, "epoch_seconds": 18.708548408932984, "elapsed_hours": 1.4039118653119336, "loss": 9.389317830403646, "loss_alignment": 0.30791179021199544, "loss_coefficient": 5.050564473470052, "loss_contact": 0.0, "loss_gate": 3.8052184041341146, "loss_reconstruction": 0.2256222152709961}
epoch=489 step=36650 loss=11.43194
{"epoch": 489, "global_step": 36675, "learning_rate": 0.0001873156865940823, "teacher_forcing": 1.0, "predicted_contact_fraction": 0.0, "epoch_seconds": 18.72874269494787, "elapsed_hours": 1.4091156649655507, "loss": 9.378306274414063, "loss_alignment": 0.2957398096720378, "loss_coefficient": 5.069073282877604, "loss_contact": 0.0, "loss_gate": 3.787605794270833, "loss_reconstruction": 0.2258878008524577}
epoch=490 step=36700 loss=9.77435
epoch=490 step=36750 loss=10.64252
{"epoch": 490, "global_step": 36750, "learning_rate": 0.0001872645373155878, "teacher_forcing": 1.0, "predicted_contact_fraction": 0.0, "epoch_seconds": 18.891974006779492, "elapsed_hours": 1.414364915586387, "loss": 9.698400268554687, "loss_alignment": 0.3343910535176595, "loss_coefficient": 5.3214954630533855, "loss_contact": 0.0, "loss_gate": 3.811686503092448, "loss_reconstruction": 0.23082518259684245}
epoch=491 step=36800 loss=8.45183
{"epoch": 491, "global_step": 36825, "learning_rate": 0.00018721329212781522, "teacher_forcing": 1.0, "predicted_contact_fraction": 0.0, "epoch_seconds": 18.545116113033146, "elapsed_hours": 1.4196601218633198, "loss": 9.589606526692709, "loss_alignment": 0.31347760518391926, "loss_coefficient": 5.244660135904948, "loss_contact": 0.0, "loss_gate": 3.8008933512369794, "loss_reconstruction": 0.2305754597981771}
epoch=492 step=36850 loss=10.37379
epoch=492 step=36900 loss=10.12227
{"epoch": 492, "global_step": 36900, "learning_rate": 0.0001871619510870863, "teacher_forcing": 1.0, "predicted_contact_fraction": 0.0, "epoch_seconds": 18.580333248712122, "elapsed_hours": 1.4248227028666427, "loss": 9.793965657552084, "loss_alignment": 0.3244909985860189, "loss_coefficient": 5.434913635253906, "loss_contact": 0.0, "loss_gate": 3.8040982055664063, "loss_reconstruction": 0.2304620361328125}
epoch=493 step=36950 loss=10.28570
{"epoch": 493, "global_step": 36975, "learning_rate": 0.0001871105142498281, "teacher_forcing": 1.0, "predicted_contact_fraction": 0.0, "epoch_seconds": 18.80034298216924, "elapsed_hours": 1.4300464491927738, "loss": 9.71077901204427, "loss_alignment": 0.3174912897745768, "loss_coefficient": 5.367314147949219, "loss_contact": 0.0, "loss_gate": 3.796184285481771, "loss_reconstruction": 0.22978785196940105}
epoch=494 step=37000 loss=9.39601
epoch=494 step=37050 loss=9.41691
{"epoch": 494, "global_step": 37050, "learning_rate": 0.00018705898167257302, "teacher_forcing": 1.0, "predicted_contact_fraction": 0.0, "epoch_seconds": 18.56289855670184, "elapsed_hours": 1.4352042459214054, "loss": 9.542882690429687, "loss_alignment": 0.31108583450317384, "loss_coefficient": 5.225694580078125, "loss_contact": 0.0, "loss_gate": 3.77917470296224, "loss_reconstruction": 0.2269278335571289}
epoch=495 step=37100 loss=9.83368
{"epoch": 495, "global_step": 37125, "learning_rate": 0.00018700735341195857, "teacher_forcing": 1.0, "predicted_contact_fraction": 0.0, "epoch_seconds": 18.30325917014852, "elapsed_hours": 1.4402898835119171, "loss": 9.1797119140625, "loss_alignment": 0.2955290603637695, "loss_coefficient": 4.902248331705729, "loss_contact": 0.0, "loss_gate": 3.7613211059570313, "loss_reconstruction": 0.22061408996582033}
epoch=496 step=37150 loss=9.10083
epoch=496 step=37200 loss=9.81727
{"epoch": 496, "global_step": 37200, "learning_rate": 0.00018695562952472753, "teacher_forcing": 1.0, "predicted_contact_fraction": 0.0, "epoch_seconds": 18.59125840710476, "elapsed_hours": 1.4454555329619647, "loss": 9.279097290039063, "loss_alignment": 0.29636242548624675, "loss_coefficient": 5.006559244791666, "loss_contact": 0.0, "loss_gate": 3.7506985473632812, "loss_reconstruction": 0.2254767100016276}
epoch=497 step=37250 loss=10.33504
{"epoch": 497, "global_step": 37275, "learning_rate": 0.00018690381006772775, "teacher_forcing": 1.0, "predicted_contact_fraction": 0.0, "epoch_seconds": 18.265032332856208, "elapsed_hours": 1.4505305646825581, "loss": 9.743796793619792, "loss_alignment": 0.3263907178243001, "loss_coefficient": 5.413976643880209, "loss_contact": 0.0, "loss_gate": 3.7713446044921874, "loss_reconstruction": 0.23208611170450846}
epoch=498 step=37300 loss=9.28818
epoch=498 step=37350 loss=9.13507
{"epoch": 498, "global_step": 37350, "learning_rate": 0.00018685189509791208, "teacher_forcing": 1.0, "predicted_contact_fraction": 0.0, "epoch_seconds": 18.56655304087326, "elapsed_hours": 1.4556894618175769, "loss": 9.398248901367188, "loss_alignment": 0.3164107131958008, "loss_coefficient": 5.086593424479167, "loss_contact": 0.0, "loss_gate": 3.7697988891601564, "loss_reconstruction": 0.22544600168863932}
epoch=499 step=37400 loss=9.64801
{"epoch": 499, "global_step": 37425, "learning_rate": 0.0001867998846723384, "teacher_forcing": 1.0, "predicted_contact_fraction": 0.0, "epoch_seconds": 18.644540501292795, "elapsed_hours": 1.4608700613166568, "loss": 9.54096211751302, "loss_alignment": 0.3170083236694336, "loss_coefficient": 5.236194661458334, "loss_contact": 0.0, "loss_gate": 3.76247080485026, "loss_reconstruction": 0.22528865178426108}
epoch=500 step=37450 loss=10.59171
epoch=500 step=37500 loss=10.07906
{"epoch": 500, "global_step": 37500, "learning_rate": 0.00018674777884816952, "teacher_forcing": 1.0, "predicted_contact_fraction": 0.0, "epoch_seconds": 19.187496124766767, "elapsed_hours": 1.4662014283313571, "loss": 9.845932413736978, "loss_alignment": 0.32167510986328124, "loss_coefficient": 5.527787577311198, "loss_contact": 0.0, "loss_gate": 3.7631005859375, "loss_reconstruction": 0.23336882909138998}
epoch=501 step=37550 loss=8.98074
{"epoch": 501, "global_step": 37575, "learning_rate": 0.00018669557768267295, "teacher_forcing": 1.0, "predicted_contact_fraction": 0.0, "epoch_seconds": 18.88987457798794, "elapsed_hours": 1.471644979834479, "loss": 9.474454345703125, "loss_alignment": 0.31457412083943687, "loss_coefficient": 5.180938110351563, "loss_contact": 0.0, "loss_gate": 3.7523714192708333, "loss_reconstruction": 0.22657113393147787}
epoch=502 step=37600 loss=9.29914
epoch=502 step=37650 loss=10.28829
{"epoch": 502, "global_step": 37650, "learning_rate": 0.00018664328123322115, "teacher_forcing": 1.0, "predicted_contact_fraction": 0.0, "epoch_seconds": 18.8535996992141, "elapsed_hours": 1.4768837300997175, "loss": 9.75769002278646, "loss_alignment": 0.3327993901570638, "loss_coefficient": 5.428971048990886, "loss_contact": 0.0, "loss_gate": 3.765694885253906, "loss_reconstruction": 0.23022453943888346}
epoch=503 step=37700 loss=10.03381
{"epoch": 503, "global_step": 37725, "learning_rate": 0.0001865908895572913, "teacher_forcing": 1.0, "predicted_contact_fraction": 0.0, "epoch_seconds": 18.287928205914795, "elapsed_hours": 1.4819650908294393, "loss": 9.617960205078125, "loss_alignment": 0.3218772506713867, "loss_coefficient": 5.315330200195312, "loss_contact": 0.0, "loss_gate": 3.7531386311848958, "loss_reconstruction": 0.22761463165283202}
epoch=504 step=37750 loss=9.35943
epoch=504 step=37800 loss=9.65332
{"epoch": 504, "global_step": 37800, "learning_rate": 0.00018653840271246508, "teacher_forcing": 1.0, "predicted_contact_fraction": 0.0, "epoch_seconds": 18.743127826135606, "elapsed_hours": 1.4871729453527627, "loss": 9.63504414876302, "loss_alignment": 0.33112887064615887, "loss_coefficient": 5.309627787272135, "loss_contact": 0.0, "loss_gate": 3.7686370849609374, "loss_reconstruction": 0.2256518300374349}
epoch=505 step=37850 loss=10.51717
{"epoch": 505, "global_step": 37875, "learning_rate": 0.00018648582075642893, "teacher_forcing": 1.0, "predicted_contact_fraction": 0.0, "epoch_seconds": 18.840661488007754, "elapsed_hours": 1.492407894694738, "loss": 9.505733032226562, "loss_alignment": 0.3093432553609212, "loss_coefficient": 5.229237365722656, "loss_contact": 0.0, "loss_gate": 3.744060770670573, "loss_reconstruction": 0.22309054692586264}
epoch=506 step=37900 loss=8.81553
epoch=506 step=37950 loss=9.08105
{"epoch": 506, "global_step": 37950, "learning_rate": 0.00018643314374697378, "teacher_forcing": 1.0, "predicted_contact_fraction": 0.0, "epoch_seconds": 18.197848085779697, "elapsed_hours": 1.4974643894828235, "loss": 9.279300740559895, "loss_alignment": 0.3121371841430664, "loss_coefficient": 5.005554809570312, "loss_contact": 0.0, "loss_gate": 3.739154256184896, "loss_reconstruction": 0.2224545987447103}
epoch=507 step=38000 loss=10.00950
{"epoch": 507, "global_step": 38025, "learning_rate": 0.00018638037174199498, "teacher_forcing": 1.0, "predicted_contact_fraction": 0.0, "epoch_seconds": 18.566960653755814, "elapsed_hours": 1.5026233785978467, "loss": 9.441669311523437, "loss_alignment": 0.3156272824605306, "loss_coefficient": 5.164148152669271, "loss_contact": 0.0, "loss_gate": 3.7368513997395834, "loss_reconstruction": 0.22504308064778647}
epoch=508 step=38050 loss=9.51826
epoch=508 step=38100 loss=10.09113
{"epoch": 508, "global_step": 38100, "learning_rate": 0.0001863275047994923, "teacher_forcing": 1.0, "predicted_contact_fraction": 0.0, "epoch_seconds": 18.696564462967217, "elapsed_hours": 1.507818243845573, "loss": 9.419913533528646, "loss_alignment": 0.3089890162150065, "loss_coefficient": 5.159977518717448, "loss_contact": 0.0, "loss_gate": 3.727117716471354, "loss_reconstruction": 0.2238292694091797}
epoch=509 step=38150 loss=9.26764
{"epoch": 509, "global_step": 38175, "learning_rate": 0.00018627454297756991, "teacher_forcing": 1.0, "predicted_contact_fraction": 0.0, "epoch_seconds": 18.439385028090328, "elapsed_hours": 1.5129417408259016, "loss": 9.436468302408855, "loss_alignment": 0.3160775502522786, "loss_coefficient": 5.163336588541667, "loss_contact": 0.0, "loss_gate": 3.732169698079427, "loss_reconstruction": 0.22488353729248048}
epoch=510 step=38200 loss=9.09039
epoch=510 step=38250 loss=9.51549
{"epoch": 510, "global_step": 38250, "learning_rate": 0.00018622148633443624, "teacher_forcing": 1.0, "predicted_contact_fraction": 0.0, "epoch_seconds": 19.167435604613274, "elapsed_hours": 1.518267489849952, "loss": 9.51171854654948, "loss_alignment": 0.3109081904093424, "loss_coefficient": 5.2549285888671875, "loss_contact": 0.0, "loss_gate": 3.7205325317382814, "loss_reconstruction": 0.22534994125366212}
epoch=511 step=38300 loss=10.27239
{"epoch": 511, "global_step": 38325, "learning_rate": 0.0001861683349284039, "teacher_forcing": 1.0, "predicted_contact_fraction": 0.0, "epoch_seconds": 19.140386195853353, "elapsed_hours": 1.5237283911144672, "loss": 9.57849080403646, "loss_alignment": 0.31656977971394856, "loss_coefficient": 5.318516337076823, "loss_contact": 0.0, "loss_gate": 3.718810323079427, "loss_reconstruction": 0.22459404627482096}
epoch=512 step=38350 loss=9.32483
epoch=512 step=38400 loss=9.67249
{"epoch": 512, "global_step": 38400, "learning_rate": 0.0001861150888178896, "teacher_forcing": 1.0, "predicted_contact_fraction": 0.0, "epoch_seconds": 18.806441396009177, "elapsed_hours": 1.528953914852787, "loss": 9.547742716471355, "loss_alignment": 0.31017353693644206, "loss_coefficient": 5.298517150878906, "loss_contact": 0.0, "loss_gate": 3.713817138671875, "loss_reconstruction": 0.22523455301920572}
epoch=513 step=38450 loss=9.52387
{"epoch": 513, "global_step": 38475, "learning_rate": 0.00018606174806141433, "teacher_forcing": 1.0, "predicted_contact_fraction": 0.0, "epoch_seconds": 18.38394449604675, "elapsed_hours": 1.534062466217567, "loss": 9.68630635579427, "loss_alignment": 0.32885080337524414, "loss_coefficient": 5.406823933919271, "loss_contact": 0.0, "loss_gate": 3.723310038248698, "loss_reconstruction": 0.2273213005065918}
epoch=514 step=38500 loss=9.57876
epoch=514 step=38550 loss=10.62777
{"epoch": 514, "global_step": 38550, "learning_rate": 0.00018600831271760286, "teacher_forcing": 1.0, "predicted_contact_fraction": 0.0, "epoch_seconds": 18.436133369337767, "elapsed_hours": 1.5391850208974858, "loss": 9.632694905598958, "loss_alignment": 0.33204888661702475, "loss_coefficient": 5.345149230957031, "loss_contact": 0.0, "loss_gate": 3.7285638427734376, "loss_reconstruction": 0.22693262100219727}
epoch=515 step=38600 loss=8.81108
{"epoch": 515, "global_step": 38625, "learning_rate": 0.0001859547828451841, "teacher_forcing": 1.0, "predicted_contact_fraction": 0.0, "epoch_seconds": 18.688686075154692, "elapsed_hours": 1.5443777352127817, "loss": 9.328129475911458, "loss_alignment": 0.30701913833618166, "loss_coefficient": 5.095095825195313, "loss_contact": 0.0, "loss_gate": 3.703832092285156, "loss_reconstruction": 0.2221819814046224}
epoch=516 step=38650 loss=8.59837
epoch=516 step=38700 loss=9.05648
{"epoch": 516, "global_step": 38700, "learning_rate": 0.00018590115850299074, "teacher_forcing": 1.0, "predicted_contact_fraction": 0.0, "epoch_seconds": 18.46322830207646, "elapsed_hours": 1.5495078436564653, "loss": 9.24979268391927, "loss_alignment": 0.30029229482014974, "loss_coefficient": 5.041996561686198, "loss_contact": 0.0, "loss_gate": 3.6883544921875, "loss_reconstruction": 0.2191489791870117}
epoch=517 step=38750 loss=8.92131
{"epoch": 517, "global_step": 38775, "learning_rate": 0.0001858474397499594, "teacher_forcing": 1.0, "predicted_contact_fraction": 0.0, "epoch_seconds": 18.852791478857398, "elapsed_hours": 1.5547461184392322, "loss": 9.196070353190104, "loss_alignment": 0.3061314137776693, "loss_coefficient": 4.983378295898437, "loss_contact": 0.0, "loss_gate": 3.6893490600585936, "loss_reconstruction": 0.21721195220947265}
epoch=518 step=38800 loss=9.70440
epoch=518 step=38850 loss=8.93380
{"epoch": 518, "global_step": 38850, "learning_rate": 0.00018579362664513033, "teacher_forcing": 1.0, "predicted_contact_fraction": 0.0, "epoch_seconds": 18.47371913259849, "elapsed_hours": 1.5598792816610594, "loss": 9.174720458984375, "loss_alignment": 0.308833859761556, "loss_coefficient": 4.961987101236979, "loss_contact": 0.0, "loss_gate": 3.684822692871094, "loss_reconstruction": 0.21907753626505533}
epoch=519 step=38900 loss=9.61450
{"epoch": 519, "global_step": 38925, "learning_rate": 0.00018573971924764764, "teacher_forcing": 1.0, "predicted_contact_fraction": 0.0, "epoch_seconds": 18.47159413713962, "elapsed_hours": 1.5650117394361749, "loss": 9.327498779296874, "loss_alignment": 0.30744724909464516, "loss_coefficient": 5.11711435953776, "loss_contact": 0.0, "loss_gate": 3.6817748006184896, "loss_reconstruction": 0.22116299947102866}
epoch=520 step=38950 loss=9.58200
epoch=520 step=39000 loss=9.61835
{"epoch": 520, "global_step": 39000, "learning_rate": 0.00018568571761675893, "teacher_forcing": 1.0, "predicted_contact_fraction": 0.0, "epoch_seconds": 18.801846986170858, "elapsed_hours": 1.5702359381803157, "loss": 9.429389038085937, "loss_alignment": 0.31944862365722654, "loss_coefficient": 5.1993967692057295, "loss_contact": 0.0, "loss_gate": 3.687874043782552, "loss_reconstruction": 0.22266963958740235}
epoch=521 step=39050 loss=9.42667
{"epoch": 521, "global_step": 39075, "learning_rate": 0.00018563162181181543, "teacher_forcing": 1.0, "predicted_contact_fraction": 0.0, "epoch_seconds": 18.79235767479986, "elapsed_hours": 1.5755992593852959, "loss": 9.545098266601563, "loss_alignment": 0.32538280487060545, "loss_coefficient": 5.310922342936198, "loss_contact": 0.0, "loss_gate": 3.6850323486328125, "loss_reconstruction": 0.22376080830891928}
epoch=522 step=39100 loss=8.63681
epoch=522 step=39150 loss=8.55376
{"epoch": 522, "global_step": 39150, "learning_rate": 0.00018557743189227192, "teacher_forcing": 1.0, "predicted_contact_fraction": 0.0, "epoch_seconds": 18.612426104955375, "elapsed_hours": 1.5807709381195147, "loss": 9.112232055664062, "loss_alignment": 0.32316101710001627, "loss_coefficient": 4.8833787027994795, "loss_contact": 0.0, "loss_gate": 3.688790995279948, "loss_reconstruction": 0.2169008445739746}
epoch=523 step=39200 loss=10.09891
{"epoch": 523, "global_step": 39225, "learning_rate": 0.00018552314791768653, "teacher_forcing": 1.0, "predicted_contact_fraction": 0.0, "epoch_seconds": 18.646493470296264, "elapsed_hours": 1.5859521558672551, "loss": 9.1220263671875, "loss_alignment": 0.30715977350870766, "loss_coefficient": 4.931026102701823, "loss_contact": 0.0, "loss_gate": 3.667560017903646, "loss_reconstruction": 0.21628114700317383}
epoch=524 step=39250 loss=9.35797
epoch=524 step=39300 loss=9.29237
{"epoch": 524, "global_step": 39300, "learning_rate": 0.0001854687699477208, "teacher_forcing": 1.0, "predicted_contact_fraction": 0.0, "epoch_seconds": 18.49629057291895, "elapsed_hours": 1.591091554958839, "loss": 9.461166585286458, "loss_alignment": 0.31707066218058266, "loss_coefficient": 5.252414347330729, "loss_contact": 0.0, "loss_gate": 3.669905700683594, "loss_reconstruction": 0.22177642822265625}
epoch=525 step=39350 loss=8.73212
{"epoch": 525, "global_step": 39375, "learning_rate": 0.0001854142980421396, "teacher_forcing": 1.0, "predicted_contact_fraction": 0.0, "epoch_seconds": 18.52983299130574, "elapsed_hours": 1.596240167292223, "loss": 9.464391072591146, "loss_alignment": 0.3213651657104492, "loss_coefficient": 5.244706420898438, "loss_contact": 0.0, "loss_gate": 3.6745427449544272, "loss_reconstruction": 0.22377663294474284}
epoch=526 step=39400 loss=11.20616
epoch=526 step=39450 loss=8.34463
{"epoch": 526, "global_step": 39450, "learning_rate": 0.00018535973226081097, "teacher_forcing": 1.0, "predicted_contact_fraction": 0.0, "epoch_seconds": 18.296123065054417, "elapsed_hours": 1.601323928318064, "loss": 9.388511352539062, "loss_alignment": 0.3230270767211914, "loss_coefficient": 5.170597839355469, "loss_contact": 0.0, "loss_gate": 3.6757000732421874, "loss_reconstruction": 0.21918609619140625}
epoch=527 step=39500 loss=8.99960
{"epoch": 527, "global_step": 39525, "learning_rate": 0.00018530507266370624, "teacher_forcing": 1.0, "predicted_contact_fraction": 0.0, "epoch_seconds": 18.571376174222678, "elapsed_hours": 1.6064840837983259, "loss": 9.47954366048177, "loss_alignment": 0.3416034062703451, "loss_coefficient": 5.2295529174804685, "loss_contact": 0.0, "loss_gate": 3.688447265625, "loss_reconstruction": 0.21993965148925781}
epoch=528 step=39550 loss=8.55568
epoch=528 step=39600 loss=8.71332
{"epoch": 528, "global_step": 39600, "learning_rate": 0.00018525031931089975, "teacher_forcing": 1.0, "predicted_contact_fraction": 0.0, "epoch_seconds": 18.379143471829593, "elapsed_hours": 1.6115908026083425, "loss": 9.158692830403647, "loss_alignment": 0.3097611236572266, "loss_coefficient": 4.961785786946614, "loss_contact": 0.0, "loss_gate": 3.669993693033854, "loss_reconstruction": 0.21715213139851888}
epoch=529 step=39650 loss=9.56644
{"epoch": 529, "global_step": 39675, "learning_rate": 0.00018519547226256893, "teacher_forcing": 1.0, "predicted_contact_fraction": 0.0, "epoch_seconds": 18.608454833272845, "elapsed_hours": 1.6167612732835632, "loss": 9.208982340494792, "loss_alignment": 0.31648279825846354, "loss_coefficient": 5.016201782226562, "loss_contact": 0.0, "loss_gate": 3.6592367553710936, "loss_reconstruction": 0.2170616404215495}
epoch=530 step=39700 loss=8.89944
epoch=530 step=39750 loss=9.09970
{"epoch": 530, "global_step": 39750, "learning_rate": 0.00018514053157899415, "teacher_forcing": 1.0, "predicted_contact_fraction": 0.0, "epoch_seconds": 18.576989656779915, "elapsed_hours": 1.6219229899900447, "loss": 9.045233357747396, "loss_alignment": 0.3019939613342285, "loss_coefficient": 4.885774434407552, "loss_contact": 0.0, "loss_gate": 3.643369140625, "loss_reconstruction": 0.2140960152943929}
epoch=531 step=39800 loss=8.75378
{"epoch": 531, "global_step": 39825, "learning_rate": 0.00018508549732055877, "teacher_forcing": 1.0, "predicted_contact_fraction": 0.0, "epoch_seconds": 18.540013597346842, "elapsed_hours": 1.6272214475616864, "loss": 9.341536865234374, "loss_alignment": 0.31609453837076823, "loss_coefficient": 5.159488525390625, "loss_contact": 0.0, "loss_gate": 3.646793009440104, "loss_reconstruction": 0.2191636085510254}
epoch=532 step=39850 loss=8.79437
epoch=532 step=39900 loss=9.79147
{"epoch": 532, "global_step": 39900, "learning_rate": 0.00018503036954774888, "teacher_forcing": 1.0, "predicted_contact_fraction": 0.0, "epoch_seconds": 18.317469857167453, "elapsed_hours": 1.6323115028808308, "loss": 9.47896484375, "loss_alignment": 0.34094799677530924, "loss_coefficient": 5.245698649088542, "loss_contact": 0.0, "loss_gate": 3.6725616455078125, "loss_reconstruction": 0.21975659688313803}
epoch=533 step=39950 loss=9.07791
{"epoch": 533, "global_step": 39975, "learning_rate": 0.00018497514832115344, "teacher_forcing": 1.0, "predicted_contact_fraction": 0.0, "epoch_seconds": 18.45616731280461, "elapsed_hours": 1.6374396403286502, "loss": 9.294046630859375, "loss_alignment": 0.31605444590250653, "loss_coefficient": 5.1089041137695315, "loss_contact": 0.0, "loss_gate": 3.649041544596354, "loss_reconstruction": 0.22004660924275715}
epoch=534 step=40000 loss=9.04460
epoch=534 step=40050 loss=8.82524
{"epoch": 534, "global_step": 40050, "learning_rate": 0.0001849198337014641, "teacher_forcing": 1.0, "predicted_contact_fraction": 0.0, "epoch_seconds": 18.328753255307674, "elapsed_hours": 1.6425325394852552, "loss": 9.450775960286458, "loss_alignment": 0.32197800318400066, "loss_coefficient": 5.260336303710938, "loss_contact": 0.0, "loss_gate": 3.647917989095052, "loss_reconstruction": 0.2205426534016927}
epoch=535 step=40100 loss=10.12083
{"epoch": 535, "global_step": 40125, "learning_rate": 0.00018486442574947511, "teacher_forcing": 1.0, "predicted_contact_fraction": 0.0, "epoch_seconds": 18.469594347756356, "elapsed_hours": 1.6476644374374558, "loss": 9.432662556966147, "loss_alignment": 0.3275465710957845, "loss_coefficient": 5.228564453125, "loss_contact": 0.0, "loss_gate": 3.6542873128255207, "loss_reconstruction": 0.22226531982421874}
epoch=536 step=40150 loss=9.07350
epoch=536 step=40200 loss=10.00223
{"epoch": 536, "global_step": 40200, "learning_rate": 0.00018480892452608336, "teacher_forcing": 1.0, "predicted_contact_fraction": 0.0, "epoch_seconds": 18.670053395908326, "elapsed_hours": 1.6528520597225158, "loss": 9.086627197265624, "loss_alignment": 0.31469305674235026, "loss_coefficient": 4.9219818115234375, "loss_contact": 0.0, "loss_gate": 3.6354266357421876, "loss_reconstruction": 0.21452470143636068}
epoch=537 step=40250 loss=10.17354
{"epoch": 537, "global_step": 40275, "learning_rate": 0.00018475333009228823, "teacher_forcing": 1.0, "predicted_contact_fraction": 0.0, "epoch_seconds": 18.78125605592504, "elapsed_hours": 1.658070527268315, "loss": 9.242494913736978, "loss_alignment": 0.30588924407958984, "loss_coefficient": 5.094333292643229, "loss_contact": 0.0, "loss_gate": 3.6250797526041665, "loss_reconstruction": 0.21719215393066407}
epoch=538 step=40300 loss=9.23052
epoch=538 step=40350 loss=9.60197
{"epoch": 538, "global_step": 40350, "learning_rate": 0.00018469764250919152, "teacher_forcing": 1.0, "predicted_contact_fraction": 0.0, "epoch_seconds": 18.65156144881621, "elapsed_hours": 1.6632529779830172, "loss": 9.237848103841145, "loss_alignment": 0.3217986869812012, "loss_coefficient": 5.067337137858073, "loss_contact": 0.0, "loss_gate": 3.6336485799153646, "loss_reconstruction": 0.21506348609924317}
epoch=539 step=40400 loss=8.95542
{"epoch": 539, "global_step": 40425, "learning_rate": 0.00018464186183799746, "teacher_forcing": 1.0, "predicted_contact_fraction": 0.0, "epoch_seconds": 18.6715673240833, "elapsed_hours": 1.6684410127767155, "loss": 9.446255696614584, "loss_alignment": 0.3270527521769206, "loss_coefficient": 5.259368286132813, "loss_contact": 0.0, "loss_gate": 3.6408106486002603, "loss_reconstruction": 0.21902466456095376}
epoch=540 step=40450 loss=9.88625
epoch=540 step=40500 loss=9.68603
{"epoch": 540, "global_step": 40500, "learning_rate": 0.00018458598814001255, "teacher_forcing": 1.0, "predicted_contact_fraction": 0.0, "epoch_seconds": 18.91255366289988, "elapsed_hours": 1.6736960030927892, "loss": 9.265491129557292, "loss_alignment": 0.3135997263590495, "loss_coefficient": 5.107557373046875, "loss_contact": 0.0, "loss_gate": 3.6278751627604167, "loss_reconstruction": 0.21645942052205402}
epoch=541 step=40550 loss=7.84341
{"epoch": 541, "global_step": 40575, "learning_rate": 0.0001845300214766455, "teacher_forcing": 1.0, "predicted_contact_fraction": 0.0, "epoch_seconds": 18.33761087572202, "elapsed_hours": 1.6789342344135771, "loss": 9.357193196614583, "loss_alignment": 0.3169388198852539, "loss_coefficient": 5.2050543212890625, "loss_contact": 0.0, "loss_gate": 3.6178740437825523, "loss_reconstruction": 0.21732587178548177}
epoch=542 step=40600 loss=8.62796
epoch=542 step=40650 loss=10.24933
{"epoch": 542, "global_step": 40650, "learning_rate": 0.0001844739619094072, "teacher_forcing": 1.0, "predicted_contact_fraction": 0.0, "epoch_seconds": 18.954379501752555, "elapsed_hours": 1.6842007337258353, "loss": 9.1682275390625, "loss_alignment": 0.3195449638366699, "loss_coefficient": 5.014600321451823, "loss_contact": 0.0, "loss_gate": 3.618554890950521, "loss_reconstruction": 0.2155278714497884}
epoch=543 step=40700 loss=9.41197
{"epoch": 543, "global_step": 40725, "learning_rate": 0.00018441780949991082, "teacher_forcing": 1.0, "predicted_contact_fraction": 0.0, "epoch_seconds": 18.527584184892476, "elapsed_hours": 1.6893487378583651, "loss": 9.22570048014323, "loss_alignment": 0.32159671147664387, "loss_coefficient": 5.069730326334636, "loss_contact": 0.0, "loss_gate": 3.6176622517903647, "loss_reconstruction": 0.21671124458312988}
epoch=544 step=40750 loss=9.32260
epoch=544 step=40800 loss=9.35836
{"epoch": 544, "global_step": 40800, "learning_rate": 0.00018436156430987134, "teacher_forcing": 1.0, "predicted_contact_fraction": 0.0, "epoch_seconds": 18.686523620970547, "elapsed_hours": 1.6945408762258012, "loss": 9.363688354492188, "loss_alignment": 0.32241886138916015, "loss_coefficient": 5.206497599283854, "loss_contact": 0.0, "loss_gate": 3.615773417154948, "loss_reconstruction": 0.21899892807006835}
epoch=545 step=40850 loss=9.96181
{"epoch": 545, "global_step": 40875, "learning_rate": 0.00018430522640110577, "teacher_forcing": 1.0, "predicted_contact_fraction": 0.0, "epoch_seconds": 18.424749462865293, "elapsed_hours": 1.6996603131170074, "loss": 9.285294392903646, "loss_alignment": 0.32444419225056964, "loss_coefficient": 5.122311096191407, "loss_contact": 0.0, "loss_gate": 3.6198284912109373, "loss_reconstruction": 0.21871023813883464}
epoch=546 step=40900 loss=9.31106
epoch=546 step=40950 loss=9.39796
{"epoch": 546, "global_step": 40950, "learning_rate": 0.0001842487958355331, "teacher_forcing": 1.0, "predicted_contact_fraction": 0.0, "epoch_seconds": 18.90228452021256, "elapsed_hours": 1.7049124066382906, "loss": 9.040683186848959, "loss_alignment": 0.30370790481567383, "loss_coefficient": 4.920227966308594, "loss_contact": 0.0, "loss_gate": 3.6034554036458335, "loss_reconstruction": 0.21329200744628907}
epoch=547 step=41000 loss=9.18222
{"epoch": 547, "global_step": 41025, "learning_rate": 0.00018419227267517415, "teacher_forcing": 1.0, "predicted_contact_fraction": 0.0, "epoch_seconds": 18.867140184156597, "elapsed_hours": 1.7101546949386184, "loss": 9.015651041666667, "loss_alignment": 0.3084731674194336, "loss_coefficient": 4.895128682454427, "loss_contact": 0.0, "loss_gate": 3.5991611735026043, "loss_reconstruction": 0.21288870493570963}
epoch=548 step=41050 loss=9.02180
epoch=548 step=41100 loss=9.33464
{"epoch": 548, "global_step": 41100, "learning_rate": 0.0001841356569821514, "teacher_forcing": 1.0, "predicted_contact_fraction": 0.0, "epoch_seconds": 18.59638654300943, "elapsed_hours": 1.7153217944875359, "loss": 8.918569742838542, "loss_alignment": 0.29625756581624346, "loss_coefficient": 4.8300714111328125, "loss_contact": 0.0, "loss_gate": 3.5821794637044273, "loss_reconstruction": 0.21006067911783854}
epoch=549 step=41150 loss=9.46684
{"epoch": 549, "global_step": 41175, "learning_rate": 0.0001840789488186891, "teacher_forcing": 1.0, "predicted_contact_fraction": 0.0, "epoch_seconds": 18.780532638076693, "elapsed_hours": 1.7205400737036123, "loss": 9.2721435546875, "loss_alignment": 0.3150791295369466, "loss_coefficient": 5.149790242513021, "loss_contact": 0.0, "loss_gate": 3.590204060872396, "loss_reconstruction": 0.2170708465576172}
epoch=550 step=41200 loss=9.39018
epoch=550 step=41250 loss=9.45805
{"epoch": 550, "global_step": 41250, "learning_rate": 0.00018402214824711317, "teacher_forcing": 1.0, "predicted_contact_fraction": 0.0, "epoch_seconds": 18.72853440931067, "elapsed_hours": 1.7257442182892313, "loss": 9.362315266927084, "loss_alignment": 0.32715917587280274, "loss_coefficient": 5.219596964518229, "loss_contact": 0.0, "loss_gate": 3.6006488037109374, "loss_reconstruction": 0.2149110158284505}
epoch=551 step=41300 loss=9.64988
{"epoch": 551, "global_step": 41325, "learning_rate": 0.00018396525532985108, "teacher_forcing": 1.0, "predicted_contact_fraction": 0.0, "epoch_seconds": 18.65937935002148, "elapsed_hours": 1.7310701389603007, "loss": 9.169811808268229, "loss_alignment": 0.30146578470865887, "loss_coefficient": 5.078282979329427, "loss_contact": 0.0, "loss_gate": 3.575755920410156, "loss_reconstruction": 0.2143073336283366}
epoch=552 step=41350 loss=8.97713
epoch=552 step=41400 loss=9.18961
{"epoch": 552, "global_step": 41400, "learning_rate": 0.00018390827012943167, "teacher_forcing": 1.0, "predicted_contact_fraction": 0.0, "epoch_seconds": 18.869647230021656, "elapsed_hours": 1.7363131735372979, "loss": 8.963044230143229, "loss_alignment": 0.3043431218465169, "loss_coefficient": 4.874044189453125, "loss_contact": 0.0, "loss_gate": 3.573216756184896, "loss_reconstruction": 0.21144009590148927}
epoch=553 step=41450 loss=10.03813
{"epoch": 553, "global_step": 41475, "learning_rate": 0.00018385119270848536, "teacher_forcing": 1.0, "predicted_contact_fraction": 0.0, "epoch_seconds": 18.784164912067354, "elapsed_hours": 1.7415324126441394, "loss": 9.317163696289063, "loss_alignment": 0.3230655034383138, "loss_coefficient": 5.191585998535157, "loss_contact": 0.0, "loss_gate": 3.5846297200520834, "loss_reconstruction": 0.21788369496663412}
epoch=554 step=41500 loss=8.98300
epoch=554 step=41550 loss=8.56721
{"epoch": 554, "global_step": 41550, "learning_rate": 0.00018379402312974387, "teacher_forcing": 1.0, "predicted_contact_fraction": 0.0, "epoch_seconds": 18.92999534495175, "elapsed_hours": 1.7467921801863444, "loss": 9.224139404296874, "loss_alignment": 0.31389068603515624, "loss_coefficient": 5.121868998209635, "loss_contact": 0.0, "loss_gate": 3.571991475423177, "loss_reconstruction": 0.21638713200887044}
epoch=555 step=41600 loss=9.54365
{"epoch": 555, "global_step": 41625, "learning_rate": 0.00018373676145604017, "teacher_forcing": 1.0, "predicted_contact_fraction": 0.0, "epoch_seconds": 18.549607070162892, "elapsed_hours": 1.7519464721697537, "loss": 9.384982503255209, "loss_alignment": 0.32277458826700844, "loss_coefficient": 5.267887674967448, "loss_contact": 0.0, "loss_gate": 3.5767086791992186, "loss_reconstruction": 0.21761131286621094}
epoch=556 step=41650 loss=10.27100
epoch=556 step=41700 loss=8.62359
{"epoch": 556, "global_step": 41700, "learning_rate": 0.00018367940775030855, "teacher_forcing": 1.0, "predicted_contact_fraction": 0.0, "epoch_seconds": 19.070539346896112, "elapsed_hours": 1.7572453063347429, "loss": 9.21394551595052, "loss_alignment": 0.3293383661905924, "loss_coefficient": 5.0802679443359375, "loss_contact": 0.0, "loss_gate": 3.589968668619792, "loss_reconstruction": 0.21437034289042156}
epoch=557 step=41750 loss=8.40439
{"epoch": 557, "global_step": 41775, "learning_rate": 0.00018362196207558431, "teacher_forcing": 1.0, "predicted_contact_fraction": 0.0, "epoch_seconds": 18.664232305251062, "elapsed_hours": 1.762431242038858, "loss": 9.19717020670573, "loss_alignment": 0.31957828521728515, "loss_coefficient": 5.08501953125, "loss_contact": 0.0, "loss_gate": 3.5783232625325523, "loss_reconstruction": 0.21425052007039389}
epoch=558 step=41800 loss=9.59004
epoch=558 step=41850 loss=9.55418
{"epoch": 558, "global_step": 41850, "learning_rate": 0.00018356442449500392, "teacher_forcing": 1.0, "predicted_contact_fraction": 0.0, "epoch_seconds": 18.866044922731817, "elapsed_hours": 1.7676733758666605, "loss": 9.20944600423177, "loss_alignment": 0.31473066965738933, "loss_coefficient": 5.112147318522135, "loss_contact": 0.0, "loss_gate": 3.5664380900065105, "loss_reconstruction": 0.21612946192423502}
epoch=559 step=41900 loss=9.45348
{"epoch": 559, "global_step": 41925, "learning_rate": 0.00018350679507180484, "teacher_forcing": 1.0, "predicted_contact_fraction": 0.0, "epoch_seconds": 18.886339964345098, "elapsed_hours": 1.7729209739247906, "loss": 9.104893391927083, "loss_alignment": 0.31841928482055665, "loss_coefficient": 5.002587788899739, "loss_contact": 0.0, "loss_gate": 3.5687225341796873, "loss_reconstruction": 0.215163148244222}
epoch=560 step=41950 loss=9.66374
epoch=560 step=42000 loss=9.62788
{"epoch": 560, "global_step": 42000, "learning_rate": 0.0001834490738693255, "teacher_forcing": 1.0, "predicted_contact_fraction": 0.0, "epoch_seconds": 18.72727046813816, "elapsed_hours": 1.7781245489205078, "loss": 9.09841328938802, "loss_alignment": 0.3182525380452474, "loss_coefficient": 5.00405517578125, "loss_contact": 0.0, "loss_gate": 3.5620017496744794, "loss_reconstruction": 0.21410479227701823}
epoch=561 step=42050 loss=7.90065
{"epoch": 561, "global_step": 42075, "learning_rate": 0.00018339126095100517, "teacher_forcing": 1.0, "predicted_contact_fraction": 0.0, "epoch_seconds": 18.756222003605217, "elapsed_hours": 1.783478073691173, "loss": 8.988636067708333, "loss_alignment": 0.31696338653564454, "loss_coefficient": 4.898357035319011, "loss_contact": 0.0, "loss_gate": 3.56135986328125, "loss_reconstruction": 0.2119539229075114}
epoch=562 step=42100 loss=9.39613
epoch=562 step=42150 loss=8.22900
{"epoch": 562, "global_step": 42150, "learning_rate": 0.00018333335638038388, "teacher_forcing": 1.0, "predicted_contact_fraction": 0.0, "epoch_seconds": 18.638208355288953, "elapsed_hours": 1.7886567804425593, "loss": 9.249293009440104, "loss_alignment": 0.32941852569580077, "loss_coefficient": 5.133155314127604, "loss_contact": 0.0, "loss_gate": 3.571892801920573, "loss_reconstruction": 0.2148268953959147}
epoch=563 step=42200 loss=8.46780
{"epoch": 563, "global_step": 42225, "learning_rate": 0.00018327536022110245, "teacher_forcing": 1.0, "predicted_contact_fraction": 0.0, "epoch_seconds": 18.509344521909952, "elapsed_hours": 1.7937997459558148, "loss": 8.963844604492188, "loss_alignment": 0.31985929489135745, "loss_coefficient": 4.876322021484375, "loss_contact": 0.0, "loss_gate": 3.5577576700846354, "loss_reconstruction": 0.20990544001261394}
epoch=564 step=42250 loss=8.45345
epoch=564 step=42300 loss=8.82478
{"epoch": 564, "global_step": 42300, "learning_rate": 0.0001832172725369024, "teacher_forcing": 1.0, "predicted_contact_fraction": 0.0, "epoch_seconds": 18.873222149908543, "elapsed_hours": 1.7990440014550566, "loss": 8.906786905924479, "loss_alignment": 0.3252861467997233, "loss_coefficient": 4.816821695963542, "loss_contact": 0.0, "loss_gate": 3.556074422200521, "loss_reconstruction": 0.20860521316528322}
epoch=565 step=42350 loss=7.77820
{"epoch": 565, "global_step": 42375, "learning_rate": 0.00018315909339162574, "teacher_forcing": 1.0, "predicted_contact_fraction": 0.0, "epoch_seconds": 18.433025179896504, "elapsed_hours": 1.8041657138247198, "loss": 8.99537821451823, "loss_alignment": 0.3196101951599121, "loss_coefficient": 4.910098673502604, "loss_contact": 0.0, "loss_gate": 3.5564400227864583, "loss_reconstruction": 0.20922972997029624}
epoch=566 step=42400 loss=8.55960
epoch=566 step=42450 loss=9.59707
{"epoch": 566, "global_step": 42450, "learning_rate": 0.0001831008228492151, "teacher_forcing": 1.0, "predicted_contact_fraction": 0.0, "epoch_seconds": 18.506001099012792, "elapsed_hours": 1.8093077260311434, "loss": 9.081147664388022, "loss_alignment": 0.326348819732666, "loss_coefficient": 4.986293436686198, "loss_contact": 0.0, "loss_gate": 3.555963439941406, "loss_reconstruction": 0.21254226048787436}
epoch=567 step=42500 loss=9.29154
{"epoch": 567, "global_step": 42525, "learning_rate": 0.00018304246097371345, "teacher_forcing": 1.0, "predicted_contact_fraction": 0.0, "epoch_seconds": 18.593872206751257, "elapsed_hours": 1.8144740985172232, "loss": 9.226738688151041, "loss_alignment": 0.31922505696614584, "loss_coefficient": 5.141755167643229, "loss_contact": 0.0, "loss_gate": 3.552498270670573, "loss_reconstruction": 0.21325951258341472}
epoch=568 step=42550 loss=8.11958
epoch=568 step=42600 loss=9.36637
{"epoch": 568, "global_step": 42600, "learning_rate": 0.00018298400782926422, "teacher_forcing": 1.0, "predicted_contact_fraction": 0.0, "epoch_seconds": 18.60410307534039, "elapsed_hours": 1.8196433114194466, "loss": 8.877178751627604, "loss_alignment": 0.3162446085611979, "loss_coefficient": 4.807181803385417, "loss_contact": 0.0, "loss_gate": 3.5449125162760415, "loss_reconstruction": 0.20883954366048177}
epoch=569 step=42650 loss=8.03520
{"epoch": 569, "global_step": 42675, "learning_rate": 0.00018292546348011118, "teacher_forcing": 1.0, "predicted_contact_fraction": 0.0, "epoch_seconds": 19.043896191753447, "elapsed_hours": 1.8249347562752922, "loss": 8.942851155598959, "loss_alignment": 0.30850846608479815, "loss_coefficient": 4.891234741210938, "loss_contact": 0.0, "loss_gate": 3.5338510131835936, "loss_reconstruction": 0.20925655364990234}
epoch=570 step=42700 loss=10.08271
epoch=570 step=42750 loss=8.47741
{"epoch": 570, "global_step": 42750, "learning_rate": 0.00018286682799059824, "teacher_forcing": 1.0, "predicted_contact_fraction": 0.0, "epoch_seconds": 18.67393491603434, "elapsed_hours": 1.8301234080974893, "loss": 9.142895914713542, "loss_alignment": 0.32017873764038085, "loss_coefficient": 5.069646402994792, "loss_contact": 0.0, "loss_gate": 3.5407723999023437, "loss_reconstruction": 0.2122975476582845}
epoch=571 step=42800 loss=8.51840
{"epoch": 571, "global_step": 42825, "learning_rate": 0.00018280810142516958, "teacher_forcing": 1.0, "predicted_contact_fraction": 0.0, "epoch_seconds": 18.73654234642163, "elapsed_hours": 1.8355204978061375, "loss": 8.890874226888021, "loss_alignment": 0.32810460408528647, "loss_coefficient": 4.812625325520833, "loss_contact": 0.0, "loss_gate": 3.5423317464192707, "loss_reconstruction": 0.20781108220418296}
epoch=572 step=42850 loss=8.58908
epoch=572 step=42900 loss=9.08381
{"epoch": 572, "global_step": 42900, "learning_rate": 0.0001827492838483694, "teacher_forcing": 1.0, "predicted_contact_fraction": 0.0, "epoch_seconds": 18.41615591524169, "elapsed_hours": 1.8406375560011818, "loss": 8.946504923502603, "loss_alignment": 0.3158165423075358, "loss_coefficient": 4.890044962565105, "loss_contact": 0.0, "loss_gate": 3.5323270670572917, "loss_reconstruction": 0.2083165740966797}
epoch=573 step=42950 loss=8.56142
{"epoch": 573, "global_step": 42975, "learning_rate": 0.00018269037532484195, "teacher_forcing": 1.0, "predicted_contact_fraction": 0.0, "epoch_seconds": 18.30209068581462, "elapsed_hours": 1.8457228911325283, "loss": 9.189387003580729, "loss_alignment": 0.3295193099975586, "loss_coefficient": 5.106270955403645, "loss_contact": 0.0, "loss_gate": 3.5429496256510418, "loss_reconstruction": 0.21064797401428223}
epoch=574 step=43000 loss=9.44498
epoch=574 step=43050 loss=9.00353
{"epoch": 574, "global_step": 43050, "learning_rate": 0.0001826313759193315, "teacher_forcing": 1.0, "predicted_contact_fraction": 0.0, "epoch_seconds": 18.42612315295264, "elapsed_hours": 1.8508427809063708, "loss": 9.065907592773437, "loss_alignment": 0.3215679041544596, "loss_coefficient": 5.000107421875, "loss_contact": 0.0, "loss_gate": 3.532066141764323, "loss_reconstruction": 0.212166166305542}
epoch=575 step=43100 loss=9.64464
{"epoch": 575, "global_step": 43125, "learning_rate": 0.00018257228569668206, "teacher_forcing": 1.0, "predicted_contact_fraction": 0.0, "epoch_seconds": 18.7791389930062, "elapsed_hours": 1.8560606127522057, "loss": 9.194198201497397, "loss_alignment": 0.32783530553181967, "loss_coefficient": 5.123097229003906, "loss_contact": 0.0, "loss_gate": 3.528971455891927, "loss_reconstruction": 0.2142944812774658}
epoch=576 step=43150 loss=8.26299
epoch=576 step=43200 loss=8.82966
{"epoch": 576, "global_step": 43200, "learning_rate": 0.00018251310472183763, "teacher_forcing": 1.0, "predicted_contact_fraction": 0.0, "epoch_seconds": 18.58209920162335, "elapsed_hours": 1.8612238292789294, "loss": 8.918708089192709, "loss_alignment": 0.3209807014465332, "loss_coefficient": 4.859738667805989, "loss_contact": 0.0, "loss_gate": 3.530296122233073, "loss_reconstruction": 0.20769184748331707}
epoch=577 step=43250 loss=9.01390
{"epoch": 577, "global_step": 43275, "learning_rate": 0.0001824538330598418, "teacher_forcing": 1.0, "predicted_contact_fraction": 0.0, "epoch_seconds": 18.30999005679041, "elapsed_hours": 1.866311396567746, "loss": 8.92076924641927, "loss_alignment": 0.30671692530314126, "loss_coefficient": 4.890838521321615, "loss_contact": 0.0, "loss_gate": 3.5149662272135416, "loss_reconstruction": 0.20824786504109702}
epoch=578 step=43300 loss=8.84031
epoch=578 step=43350 loss=9.06827
{"epoch": 578, "global_step": 43350, "learning_rate": 0.00018239447077583797, "teacher_forcing": 1.0, "predicted_contact_fraction": 0.0, "epoch_seconds": 19.076773502863944, "elapsed_hours": 1.8716119327961416, "loss": 8.991792399088542, "loss_alignment": 0.3108374341328939, "loss_coefficient": 4.9662697347005205, "loss_contact": 0.0, "loss_gate": 3.504920857747396, "loss_reconstruction": 0.20976376215616863}
epoch=579 step=43400 loss=7.48582
{"epoch": 579, "global_step": 43425, "learning_rate": 0.000182335017935069, "teacher_forcing": 1.0, "predicted_contact_fraction": 0.0, "epoch_seconds": 18.445202705916017, "elapsed_hours": 1.8767370214136059, "loss": 9.022126871744792, "loss_alignment": 0.3249686113993327, "loss_coefficient": 4.959275004069011, "loss_contact": 0.0, "loss_gate": 3.5274058024088544, "loss_reconstruction": 0.21047789573669434}
epoch=580 step=43450 loss=9.32513
epoch=580 step=43500 loss=9.30050
{"epoch": 580, "global_step": 43500, "learning_rate": 0.00018227547460287737, "teacher_forcing": 1.0, "predicted_contact_fraction": 0.0, "epoch_seconds": 18.575174622237682, "elapsed_hours": 1.881898206257287, "loss": 9.233839314778646, "loss_alignment": 0.32476017634073895, "loss_coefficient": 5.185396321614584, "loss_contact": 0.0, "loss_gate": 3.511080525716146, "loss_reconstruction": 0.21260159492492675}
epoch=581 step=43550 loss=8.31812
{"epoch": 581, "global_step": 43575, "learning_rate": 0.000182215840844705, "teacher_forcing": 1.0, "predicted_contact_fraction": 0.0, "epoch_seconds": 18.414233175106347, "elapsed_hours": 1.8871562276583993, "loss": 8.878020629882812, "loss_alignment": 0.33585986455281575, "loss_coefficient": 4.806919962565104, "loss_contact": 0.0, "loss_gate": 3.5293977864583335, "loss_reconstruction": 0.20584163347880047}
epoch=582 step=43600 loss=8.40525
epoch=582 step=43650 loss=8.31139
{"epoch": 582, "global_step": 43650, "learning_rate": 0.00018215611672609317, "teacher_forcing": 1.0, "predicted_contact_fraction": 0.0, "epoch_seconds": 18.518738014623523, "elapsed_hours": 1.8923018273224848, "loss": 8.726377360026042, "loss_alignment": 0.2977191162109375, "loss_coefficient": 4.727979227701823, "loss_contact": 0.0, "loss_gate": 3.497274678548177, "loss_reconstruction": 0.2034039529164632}
epoch=583 step=43700 loss=8.06067
{"epoch": 583, "global_step": 43725, "learning_rate": 0.00018209630231268248, "teacher_forcing": 1.0, "predicted_contact_fraction": 0.0, "epoch_seconds": 18.779366401955485, "elapsed_hours": 1.8975197999674775, "loss": 8.79712890625, "loss_alignment": 0.30595064798990884, "loss_coefficient": 4.790021565755208, "loss_contact": 0.0, "loss_gate": 3.4957706705729166, "loss_reconstruction": 0.2053879992167155}
epoch=584 step=43750 loss=7.95621
epoch=584 step=43800 loss=8.67637
{"epoch": 584, "global_step": 43800, "learning_rate": 0.0001820363976702128, "teacher_forcing": 1.0, "predicted_contact_fraction": 0.0, "epoch_seconds": 18.823678482789546, "elapsed_hours": 1.902750093016463, "loss": 8.966673787434896, "loss_alignment": 0.30584760665893557, "loss_coefficient": 4.967310689290365, "loss_contact": 0.0, "loss_gate": 3.4853361002604166, "loss_reconstruction": 0.20817938804626465}
epoch=585 step=43850 loss=8.15705
{"epoch": 585, "global_step": 43875, "learning_rate": 0.0001819764028645231, "teacher_forcing": 1.0, "predicted_contact_fraction": 0.0, "epoch_seconds": 18.780305155087262, "elapsed_hours": 1.9079682967936, "loss": 8.873682657877604, "loss_alignment": 0.3086783218383789, "loss_coefficient": 4.875332946777344, "loss_contact": 0.0, "loss_gate": 3.4834815470377603, "loss_reconstruction": 0.20619010289510092}
epoch=586 step=43900 loss=9.44738
epoch=586 step=43950 loss=8.73526
{"epoch": 586, "global_step": 43950, "learning_rate": 0.00018191631796155155, "teacher_forcing": 1.0, "predicted_contact_fraction": 0.0, "epoch_seconds": 18.089252235833555, "elapsed_hours": 1.912994561125007, "loss": 8.89109639485677, "loss_alignment": 0.31451997756958006, "loss_coefficient": 4.879355875651042, "loss_contact": 0.0, "loss_gate": 3.4899163818359376, "loss_reconstruction": 0.20730432828267414}
epoch=587 step=44000 loss=8.43920
{"epoch": 587, "global_step": 44025, "learning_rate": 0.00018185614302733524, "teacher_forcing": 1.0, "predicted_contact_fraction": 0.0, "epoch_seconds": 18.696824903134257, "elapsed_hours": 1.918189694751442, "loss": 9.038578694661458, "loss_alignment": 0.31878206253051755, "loss_coefficient": 5.022301534016927, "loss_contact": 0.0, "loss_gate": 3.4894364420572916, "loss_reconstruction": 0.20805845260620118}
epoch=588 step=44050 loss=8.50052
epoch=588 step=44100 loss=9.73841
{"epoch": 588, "global_step": 44100, "learning_rate": 0.00018179587812801025, "teacher_forcing": 1.0, "predicted_contact_fraction": 0.0, "epoch_seconds": 18.990846373606473, "elapsed_hours": 1.9234664056108643, "loss": 8.950134887695313, "loss_alignment": 0.33006659825642903, "loss_coefficient": 4.915866394042968, "loss_contact": 0.0, "loss_gate": 3.495291239420573, "loss_reconstruction": 0.20891046206156413}
epoch=589 step=44150 loss=8.78242
{"epoch": 589, "global_step": 44175, "learning_rate": 0.00018173552332981154, "teacher_forcing": 1.0, "predicted_contact_fraction": 0.0, "epoch_seconds": 18.790103876031935, "elapsed_hours": 1.9286872987211165, "loss": 9.12351786295573, "loss_alignment": 0.3155757586161296, "loss_coefficient": 5.110796915690104, "loss_contact": 0.0, "loss_gate": 3.486247762044271, "loss_reconstruction": 0.21089816093444824}
epoch=590 step=44200 loss=9.78131
epoch=590 step=44250 loss=9.69143
{"epoch": 590, "global_step": 44250, "learning_rate": 0.0001816750786990729, "teacher_forcing": 1.0, "predicted_contact_fraction": 0.0, "epoch_seconds": 18.88651207787916, "elapsed_hours": 1.9339350092677503, "loss": 9.010218098958333, "loss_alignment": 0.3122212664286296, "loss_coefficient": 5.010545247395833, "loss_contact": 0.0, "loss_gate": 3.4789424641927083, "loss_reconstruction": 0.2085097630818685}
epoch=591 step=44300 loss=8.05556
{"epoch": 591, "global_step": 44325, "learning_rate": 0.0001816145443022268, "teacher_forcing": 1.0, "predicted_contact_fraction": 0.0, "epoch_seconds": 18.698038475122303, "elapsed_hours": 1.9392724628430895, "loss": 8.97051045735677, "loss_alignment": 0.3339166577657064, "loss_coefficient": 4.93277587890625, "loss_contact": 0.0, "loss_gate": 3.4966560872395833, "loss_reconstruction": 0.20716280301411946}
epoch=592 step=44350 loss=8.38505
epoch=592 step=44400 loss=8.67165
{"epoch": 592, "global_step": 44400, "learning_rate": 0.00018155392020580437, "teacher_forcing": 1.0, "predicted_contact_fraction": 0.0, "epoch_seconds": 18.59744691103697, "elapsed_hours": 1.9444398656350355, "loss": 9.065546061197917, "loss_alignment": 0.3284296290079753, "loss_coefficient": 5.040065104166667, "loss_contact": 0.0, "loss_gate": 3.489200439453125, "loss_reconstruction": 0.2078501796722412}
epoch=593 step=44450 loss=8.62638
{"epoch": 593, "global_step": 44475, "learning_rate": 0.00018149320647643541, "teacher_forcing": 1.0, "predicted_contact_fraction": 0.0, "epoch_seconds": 18.555726473685354, "elapsed_hours": 1.949595729791456, "loss": 8.977115885416667, "loss_alignment": 0.3195704142252604, "loss_coefficient": 4.964671732584636, "loss_contact": 0.0, "loss_gate": 3.485582275390625, "loss_reconstruction": 0.20729183832804363}
epoch=594 step=44500 loss=8.26325
epoch=594 step=44550 loss=8.86216
{"epoch": 594, "global_step": 44550, "learning_rate": 0.00018143240318084814, "teacher_forcing": 1.0, "predicted_contact_fraction": 0.0, "epoch_seconds": 18.26526235602796, "elapsed_hours": 1.9546708796011647, "loss": 9.066185506184896, "loss_alignment": 0.32854187647501626, "loss_coefficient": 5.0428801472981775, "loss_contact": 0.0, "loss_gate": 3.486683654785156, "loss_reconstruction": 0.2080797513326009}
epoch=595 step=44600 loss=8.67404
{"epoch": 595, "global_step": 44625, "learning_rate": 0.00018137151038586922, "teacher_forcing": 1.0, "predicted_contact_fraction": 0.0, "epoch_seconds": 18.5073165576905, "elapsed_hours": 1.9598132393369452, "loss": 9.027724202473959, "loss_alignment": 0.3245963986714681, "loss_coefficient": 5.011386922200521, "loss_contact": 0.0, "loss_gate": 3.484865214029948, "loss_reconstruction": 0.20687543233235678}
epoch=596 step=44650 loss=8.17253
epoch=596 step=44700 loss=9.38968
{"epoch": 596, "global_step": 44700, "learning_rate": 0.00018131052815842374, "teacher_forcing": 1.0, "predicted_contact_fraction": 0.0, "epoch_seconds": 18.3575379839167, "elapsed_hours": 1.9649140070982847, "loss": 9.051431070963542, "loss_alignment": 0.3336762936909993, "loss_coefficient": 5.024957580566406, "loss_contact": 0.0, "loss_gate": 3.4853617350260415, "loss_reconstruction": 0.20743499437967935}
epoch=597 step=44750 loss=9.74431
{"epoch": 597, "global_step": 44775, "learning_rate": 0.00018124945656553502, "teacher_forcing": 1.0, "predicted_contact_fraction": 0.0, "epoch_seconds": 18.95901429699734, "elapsed_hours": 1.9701818460689133, "loss": 8.79235819498698, "loss_alignment": 0.31404438654581707, "loss_coefficient": 4.798549194335937, "loss_contact": 0.0, "loss_gate": 3.4754583740234377, "loss_reconstruction": 0.2043054993947347}
epoch=598 step=44800 loss=8.72740
epoch=598 step=44850 loss=8.50540
{"epoch": 598, "global_step": 44850, "learning_rate": 0.00018118829567432466, "teacher_forcing": 1.0, "predicted_contact_fraction": 0.0, "epoch_seconds": 18.643092987127602, "elapsed_hours": 1.9753619189669067, "loss": 8.947398885091145, "loss_alignment": 0.3163092422485352, "loss_coefficient": 4.957588195800781, "loss_contact": 0.0, "loss_gate": 3.4670703125, "loss_reconstruction": 0.20642988522847494}
epoch=599 step=44900 loss=8.61829
{"epoch": 599, "global_step": 44925, "learning_rate": 0.0001811270455520124, "teacher_forcing": 1.0, "predicted_contact_fraction": 0.0, "epoch_seconds": 18.375679309945554, "elapsed_hours": 1.9804677608505719, "loss": 8.914394124348958, "loss_alignment": 0.32267669041951497, "loss_coefficient": 4.919042765299479, "loss_contact": 0.0, "loss_gate": 3.4677692667643227, "loss_reconstruction": 0.2049051030476888}
epoch=600 step=44950 loss=8.07045
epoch=600 step=45000 loss=8.33704
{"epoch": 600, "global_step": 45000, "learning_rate": 0.00018106570626591592, "teacher_forcing": 1.0, "predicted_contact_fraction": 0.0, "epoch_seconds": 18.798162644263357, "elapsed_hours": 1.9856909796225632, "loss": 8.82874532063802, "loss_alignment": 0.3042298316955566, "loss_coefficient": 4.865573221842448, "loss_contact": 0.0, "loss_gate": 3.4549818929036458, "loss_reconstruction": 0.2039601961771647}
epoch=601 step=45050 loss=9.41395
{"epoch": 601, "global_step": 45075, "learning_rate": 0.00018100427788345108, "teacher_forcing": 1.0, "predicted_contact_fraction": 0.0, "epoch_seconds": 18.447350448928773, "elapsed_hours": 1.9909606079819302, "loss": 8.909721272786458, "loss_alignment": 0.3175993283589681, "loss_coefficient": 4.9290859985351565, "loss_contact": 0.0, "loss_gate": 3.4576316324869794, "loss_reconstruction": 0.20540438016255697}
epoch=602 step=45100 loss=9.15623
epoch=602 step=45150 loss=8.52498
{"epoch": 602, "global_step": 45150, "learning_rate": 0.00018094276047213152, "teacher_forcing": 1.0, "predicted_contact_fraction": 0.0, "epoch_seconds": 18.55816217791289, "elapsed_hours": 1.9961170737105163, "loss": 8.886558227539062, "loss_alignment": 0.33023316065470376, "loss_coefficient": 4.885095316569011, "loss_contact": 0.0, "loss_gate": 3.466589558919271, "loss_reconstruction": 0.20464133898417156}
epoch=603 step=45200 loss=9.30945
{"epoch": 603, "global_step": 45225, "learning_rate": 0.00018088115409956889, "teacher_forcing": 1.0, "predicted_contact_fraction": 0.0, "epoch_seconds": 18.184591790661216, "elapsed_hours": 2.001169768100889, "loss": 8.812952677408854, "loss_alignment": 0.3137917900085449, "loss_coefficient": 4.8388330078125, "loss_contact": 0.0, "loss_gate": 3.454177042643229, "loss_reconstruction": 0.20615194956461588}
epoch=604 step=45250 loss=9.06899
epoch=604 step=45300 loss=8.99355
{"epoch": 604, "global_step": 45300, "learning_rate": 0.0001808194588334724, "teacher_forcing": 1.0, "predicted_contact_fraction": 0.0, "epoch_seconds": 18.35134620172903, "elapsed_hours": 2.006268799968659, "loss": 8.98010233561198, "loss_alignment": 0.3146661631266276, "loss_coefficient": 5.013921712239584, "loss_contact": 0.0, "loss_gate": 3.444895528157552, "loss_reconstruction": 0.20661973635355632}
epoch=605 step=45350 loss=9.42184
{"epoch": 605, "global_step": 45375, "learning_rate": 0.00018075767474164911, "teacher_forcing": 1.0, "predicted_contact_fraction": 0.0, "epoch_seconds": 18.267265303060412, "elapsed_hours": 2.011344649727172, "loss": 8.939188232421875, "loss_alignment": 0.31177703221638997, "loss_coefficient": 4.976379801432292, "loss_contact": 0.0, "loss_gate": 3.446169637044271, "loss_reconstruction": 0.20486085891723632}
epoch=606 step=45400 loss=8.04532
epoch=606 step=45450 loss=8.41072
{"epoch": 606, "global_step": 45450, "learning_rate": 0.0001806958018920037, "teacher_forcing": 1.0, "predicted_contact_fraction": 0.0, "epoch_seconds": 18.695610854774714, "elapsed_hours": 2.0165394203535594, "loss": 9.063214721679687, "loss_alignment": 0.33003429412841795, "loss_coefficient": 5.066069030761719, "loss_contact": 0.0, "loss_gate": 3.460681355794271, "loss_reconstruction": 0.20643014272054036}
epoch=607 step=45500 loss=8.82556
{"epoch": 607, "global_step": 45525, "learning_rate": 0.00018063384035253832, "teacher_forcing": 1.0, "predicted_contact_fraction": 0.0, "epoch_seconds": 19.057720573153347, "elapsed_hours": 2.0218347013177764, "loss": 9.041660970052083, "loss_alignment": 0.32124616622924806, "loss_coefficient": 5.05908701578776, "loss_contact": 0.0, "loss_gate": 3.451897989908854, "loss_reconstruction": 0.20943002382914225}
epoch=608 step=45550 loss=8.19156
epoch=608 step=45600 loss=8.16571
{"epoch": 608, "global_step": 45600, "learning_rate": 0.0001805717901913527, "teacher_forcing": 1.0, "predicted_contact_fraction": 0.0, "epoch_seconds": 18.54560034815222, "elapsed_hours": 2.0269877303200254, "loss": 8.996305135091147, "loss_alignment": 0.32625478744506836, "loss_coefficient": 5.011199544270833, "loss_contact": 0.0, "loss_gate": 3.451704508463542, "loss_reconstruction": 0.20714643796284993}
epoch=609 step=45650 loss=10.00054
{"epoch": 609, "global_step": 45675, "learning_rate": 0.00018050965147664387, "teacher_forcing": 1.0, "predicted_contact_fraction": 0.0, "epoch_seconds": 18.42164158495143, "elapsed_hours": 2.0321062828883685, "loss": 8.715950927734376, "loss_alignment": 0.30822163263956703, "loss_coefficient": 4.773225504557292, "loss_contact": 0.0, "loss_gate": 3.433987731933594, "loss_reconstruction": 0.2005159091949463}
epoch=610 step=45700 loss=9.36067
epoch=610 step=45750 loss=8.01457
{"epoch": 610, "global_step": 45750, "learning_rate": 0.00018044742427670625, "teacher_forcing": 1.0, "predicted_contact_fraction": 0.0, "epoch_seconds": 18.642820599954575, "elapsed_hours": 2.0372863948938904, "loss": 8.635174967447917, "loss_alignment": 0.29987948735555015, "loss_coefficient": 4.711979675292969, "loss_contact": 0.0, "loss_gate": 3.42260737101237, "loss_reconstruction": 0.2007080618540446}
epoch=611 step=45800 loss=9.16933
{"epoch": 611, "global_step": 45825, "learning_rate": 0.00018038510865993145, "teacher_forcing": 1.0, "predicted_contact_fraction": 0.0, "epoch_seconds": 18.435233540832996, "elapsed_hours": 2.04255184609831, "loss": 8.597483520507813, "loss_alignment": 0.3107516860961914, "loss_coefficient": 4.659215596516927, "loss_contact": 0.0, "loss_gate": 3.426846720377604, "loss_reconstruction": 0.20066880861918132}
epoch=612 step=45850 loss=8.78302
epoch=612 step=45900 loss=8.73582
{"epoch": 612, "global_step": 45900, "learning_rate": 0.00018032270469480835, "teacher_forcing": 1.0, "predicted_contact_fraction": 0.0, "epoch_seconds": 18.72644304158166, "elapsed_hours": 2.0477550947830445, "loss": 8.523301188151041, "loss_alignment": 0.3019024149576823, "loss_coefficient": 4.609058024088542, "loss_contact": 0.0, "loss_gate": 3.4125819905598958, "loss_reconstruction": 0.19975877126057942}
epoch=613 step=45950 loss=7.09400
{"epoch": 613, "global_step": 45975, "learning_rate": 0.00018026021244992287, "teacher_forcing": 1.0, "predicted_contact_fraction": 0.0, "epoch_seconds": 18.5014688950032, "elapsed_hours": 2.0528958224500014, "loss": 8.699510294596354, "loss_alignment": 0.3189128494262695, "loss_coefficient": 4.748027648925781, "loss_contact": 0.0, "loss_gate": 3.4291163126627606, "loss_reconstruction": 0.20345300038655598}
epoch=614 step=46000 loss=7.69886
epoch=614 step=46050 loss=9.57126
{"epoch": 614, "global_step": 46050, "learning_rate": 0.00018019763199395795, "teacher_forcing": 1.0, "predicted_contact_fraction": 0.0, "epoch_seconds": 18.510572073049843, "elapsed_hours": 2.0580390852881183, "loss": 8.744681396484374, "loss_alignment": 0.3031640307108561, "loss_coefficient": 4.828822123209635, "loss_contact": 0.0, "loss_gate": 3.4076551818847656, "loss_reconstruction": 0.20503975550333658}
epoch=615 step=46100 loss=9.35489
{"epoch": 615, "global_step": 46125, "learning_rate": 0.00018013496339569352, "teacher_forcing": 1.0, "predicted_contact_fraction": 0.0, "epoch_seconds": 18.317942488007247, "elapsed_hours": 2.063128847481631, "loss": 9.13253153483073, "loss_alignment": 0.34219550450642905, "loss_coefficient": 5.142825927734375, "loss_contact": 0.0, "loss_gate": 3.4391004435221353, "loss_reconstruction": 0.20841115633646648}
epoch=616 step=46150 loss=10.17040
epoch=616 step=46200 loss=9.64209
{"epoch": 616, "global_step": 46200, "learning_rate": 0.00018007220672400627, "teacher_forcing": 1.0, "predicted_contact_fraction": 0.0, "epoch_seconds": 19.086103393230587, "elapsed_hours": 2.068432021118028, "loss": 8.863205362955728, "loss_alignment": 0.32707284927368163, "loss_coefficient": 4.899377848307291, "loss_contact": 0.0, "loss_gate": 3.434877217610677, "loss_reconstruction": 0.2018787447611491}
epoch=617 step=46250 loss=10.38920
{"epoch": 617, "global_step": 46275, "learning_rate": 0.00018000936204786986, "teacher_forcing": 1.0, "predicted_contact_fraction": 0.0, "epoch_seconds": 18.98487676726654, "elapsed_hours": 2.0737070781005444, "loss": 8.79217569986979, "loss_alignment": 0.3270341809590658, "loss_coefficient": 4.826915181477864, "loss_contact": 0.0, "loss_gate": 3.435796305338542, "loss_reconstruction": 0.20243019421895345}
epoch=618 step=46300 loss=8.50461
epoch=618 step=46350 loss=8.48327
{"epoch": 618, "global_step": 46350, "learning_rate": 0.0001799464294363546, "teacher_forcing": 1.0, "predicted_contact_fraction": 0.0, "epoch_seconds": 18.78606338100508, "elapsed_hours": 2.0789269110533253, "loss": 8.92364522298177, "loss_alignment": 0.32611106236775717, "loss_coefficient": 4.96158935546875, "loss_contact": 0.0, "loss_gate": 3.4314762369791665, "loss_reconstruction": 0.20446931838989257}
epoch=619 step=46400 loss=8.11472
{"epoch": 619, "global_step": 46425, "learning_rate": 0.00017988340895862734, "teacher_forcing": 1.0, "predicted_contact_fraction": 0.0, "epoch_seconds": 18.532585773151368, "elapsed_hours": 2.0840765280308875, "loss": 8.655587361653646, "loss_alignment": 0.3212347348531087, "loss_coefficient": 4.70777353922526, "loss_contact": 0.0, "loss_gate": 3.425720672607422, "loss_reconstruction": 0.20085819562276205}
epoch=620 step=46450 loss=8.32600
epoch=620 step=46500 loss=9.34078
{"epoch": 620, "global_step": 46500, "learning_rate": 0.0001798203006839517, "teacher_forcing": 1.0, "predicted_contact_fraction": 0.0, "epoch_seconds": 18.485777074936777, "elapsed_hours": 2.0892129117500087, "loss": 8.565580240885417, "loss_alignment": 0.2954127566019694, "loss_coefficient": 4.667615966796875, "loss_contact": 0.0, "loss_gate": 3.4047118123372395, "loss_reconstruction": 0.19783971468607583}
epoch=621 step=46550 loss=8.58087
{"epoch": 621, "global_step": 46575, "learning_rate": 0.0001797571046816876, "teacher_forcing": 1.0, "predicted_contact_fraction": 0.0, "epoch_seconds": 18.524212021846324, "elapsed_hours": 2.0945020169741473, "loss": 8.707417399088541, "loss_alignment": 0.3080586878458659, "loss_coefficient": 4.797458801269531, "loss_contact": 0.0, "loss_gate": 3.4012152099609376, "loss_reconstruction": 0.20068490982055665}
epoch=622 step=46600 loss=8.74586
epoch=622 step=46650 loss=8.79665
{"epoch": 622, "global_step": 46650, "learning_rate": 0.0001796938210212915, "teacher_forcing": 1.0, "predicted_contact_fraction": 0.0, "epoch_seconds": 18.710468410048634, "elapsed_hours": 2.0997007997603054, "loss": 8.860557861328125, "loss_alignment": 0.32538703282674153, "loss_coefficient": 4.91899658203125, "loss_contact": 0.0, "loss_gate": 3.4124599202473958, "loss_reconstruction": 0.20371389071146648}
epoch=623 step=46700 loss=8.10386
{"epoch": 623, "global_step": 46725, "learning_rate": 0.0001796304497723162, "teacher_forcing": 1.0, "predicted_contact_fraction": 0.0, "epoch_seconds": 18.635668422095478, "elapsed_hours": 2.104878949458685, "loss": 8.654700317382812, "loss_alignment": 0.3104549980163574, "loss_coefficient": 4.740765787760417, "loss_contact": 0.0, "loss_gate": 3.4029055786132814, "loss_reconstruction": 0.20057350794474285}
epoch=624 step=46750 loss=8.50397
epoch=624 step=46800 loss=8.99806
{"epoch": 624, "global_step": 46800, "learning_rate": 0.0001795669910044107, "teacher_forcing": 1.0, "predicted_contact_fraction": 0.0, "epoch_seconds": 18.38301173876971, "elapsed_hours": 2.109986788483026, "loss": 8.71681884765625, "loss_alignment": 0.3137643559773763, "loss_coefficient": 4.799228515625, "loss_contact": 0.0, "loss_gate": 3.402090759277344, "loss_reconstruction": 0.20173583984375}
epoch=625 step=46850 loss=8.87275
{"epoch": 625, "global_step": 46875, "learning_rate": 0.00017950344478732025, "teacher_forcing": 1.0, "predicted_contact_fraction": 0.0, "epoch_seconds": 18.616405121982098, "elapsed_hours": 2.11515947216863, "loss": 9.045603434244791, "loss_alignment": 0.3413103167215983, "loss_coefficient": 5.081774088541667, "loss_contact": 0.0, "loss_gate": 3.4169437662760416, "loss_reconstruction": 0.20557710011800132}
epoch=626 step=46900 loss=8.67280
epoch=626 step=46950 loss=9.21848
{"epoch": 626, "global_step": 46950, "learning_rate": 0.00017943981119088615, "teacher_forcing": 1.0, "predicted_contact_fraction": 0.0, "epoch_seconds": 18.976673590019345, "elapsed_hours": 2.1204323271894827, "loss": 8.909903971354167, "loss_alignment": 0.31516080220540366, "loss_coefficient": 4.985507405598958, "loss_contact": 0.0, "loss_gate": 3.405907694498698, "loss_reconstruction": 0.2033281389872233}
epoch=627 step=47000 loss=8.21693
{"epoch": 627, "global_step": 47025, "learning_rate": 0.0001793760902850458, "teacher_forcing": 1.0, "predicted_contact_fraction": 0.0, "epoch_seconds": 18.787822103127837, "elapsed_hours": 2.125652640065592, "loss": 8.791981608072916, "loss_alignment": 0.3315818150838216, "loss_coefficient": 4.842540690104166, "loss_contact": 0.0, "loss_gate": 3.4167154947916667, "loss_reconstruction": 0.20114329655965169}
epoch=628 step=47050 loss=8.15317
epoch=628 step=47100 loss=8.20362
{"epoch": 628, "global_step": 47100, "learning_rate": 0.0001793122821398325, "teacher_forcing": 1.0, "predicted_contact_fraction": 0.0, "epoch_seconds": 18.22360871080309, "elapsed_hours": 2.1307161791838656, "loss": 8.673604329427084, "loss_alignment": 0.31184094111124677, "loss_coefficient": 4.757472229003906, "loss_contact": 0.0, "loss_gate": 3.404801991780599, "loss_reconstruction": 0.19948924700419107}
epoch=629 step=47150 loss=9.27932
{"epoch": 629, "global_step": 47175, "learning_rate": 0.00017924838682537546, "teacher_forcing": 1.0, "predicted_contact_fraction": 0.0, "epoch_seconds": 18.328043673187494, "elapsed_hours": 2.135808766240306, "loss": 8.569899698893229, "loss_alignment": 0.30738744099934895, "loss_coefficient": 4.678109130859375, "loss_contact": 0.0, "loss_gate": 3.3863692728678387, "loss_reconstruction": 0.19803326924641926}
epoch=630 step=47200 loss=8.50823
epoch=630 step=47250 loss=9.03294
{"epoch": 630, "global_step": 47250, "learning_rate": 0.00017918440441189973, "teacher_forcing": 1.0, "predicted_contact_fraction": 0.0, "epoch_seconds": 18.54632414318621, "elapsed_hours": 2.14096220771006, "loss": 8.89905782063802, "loss_alignment": 0.3311957359313965, "loss_coefficient": 4.955869242350261, "loss_contact": 0.0, "loss_gate": 3.4107391357421877, "loss_reconstruction": 0.20125474294026693}
epoch=631 step=47300 loss=8.06718
{"epoch": 631, "global_step": 47325, "learning_rate": 0.00017912033496972604, "teacher_forcing": 1.0, "predicted_contact_fraction": 0.0, "epoch_seconds": 18.66980143310502, "elapsed_hours": 2.1463432974374803, "loss": 8.758258870442708, "loss_alignment": 0.3162109375, "loss_coefficient": 4.844558919270833, "loss_contact": 0.0, "loss_gate": 3.396014658610026, "loss_reconstruction": 0.20147445678710937}
epoch=632 step=47350 loss=8.04088
epoch=632 step=47400 loss=8.74608
{"epoch": 632, "global_step": 47400, "learning_rate": 0.00017905617856927078, "teacher_forcing": 1.0, "predicted_contact_fraction": 0.0, "epoch_seconds": 18.749391311313957, "elapsed_hours": 2.1515529768469017, "loss": 8.7016845703125, "loss_alignment": 0.32609652837117514, "loss_coefficient": 4.774667256673177, "loss_contact": 0.0, "loss_gate": 3.4019681803385415, "loss_reconstruction": 0.19895350456237793}
epoch=633 step=47450 loss=8.93208
{"epoch": 633, "global_step": 47475, "learning_rate": 0.00017899193528104592, "teacher_forcing": 1.0, "predicted_contact_fraction": 0.0, "epoch_seconds": 18.878481875173748, "elapsed_hours": 2.156798438691379, "loss": 8.641229451497395, "loss_alignment": 0.3143269348144531, "loss_coefficient": 4.7383516438802085, "loss_contact": 0.0, "loss_gate": 3.389634857177734, "loss_reconstruction": 0.19891451199849447}
epoch=634 step=47500 loss=8.38311
epoch=634 step=47550 loss=8.67225
{"epoch": 634, "global_step": 47550, "learning_rate": 0.00017892760517565888, "teacher_forcing": 1.0, "predicted_contact_fraction": 0.0, "epoch_seconds": 18.521996571216732, "elapsed_hours": 2.1619448561789207, "loss": 8.625174763997396, "loss_alignment": 0.3235892422993978, "loss_coefficient": 4.713046264648438, "loss_contact": 0.0, "loss_gate": 3.389404296875, "loss_reconstruction": 0.1991351858774821}
epoch=635 step=47600 loss=9.22873
{"epoch": 635, "global_step": 47625, "learning_rate": 0.00017886318832381262, "teacher_forcing": 1.0, "predicted_contact_fraction": 0.0, "epoch_seconds": 18.90325889410451, "elapsed_hours": 2.1671977352330254, "loss": 8.428526204427083, "loss_alignment": 0.2958888371785482, "loss_coefficient": 4.56743886311849, "loss_contact": 0.0, "loss_gate": 3.368846333821615, "loss_reconstruction": 0.1963535181681315}
epoch=636 step=47650 loss=7.56480
epoch=636 step=47700 loss=7.52914
{"epoch": 636, "global_step": 47700, "learning_rate": 0.0001787986847963053, "teacher_forcing": 1.0, "predicted_contact_fraction": 0.0, "epoch_seconds": 18.7914252220653, "elapsed_hours": 2.172419004068037, "loss": 8.350987141927083, "loss_alignment": 0.2897665850321452, "loss_coefficient": 4.507433268229167, "loss_contact": 0.0, "loss_gate": 3.3579954528808593, "loss_reconstruction": 0.19579281171162924}
epoch=637 step=47750 loss=7.74879
{"epoch": 637, "global_step": 47775, "learning_rate": 0.0001787340946640304, "teacher_forcing": 1.0, "predicted_contact_fraction": 0.0, "epoch_seconds": 18.284285469911993, "elapsed_hours": 2.1774994281971725, "loss": 8.795356038411459, "loss_alignment": 0.31562456766764324, "loss_coefficient": 4.901741027832031, "loss_contact": 0.0, "loss_gate": 3.375951894124349, "loss_reconstruction": 0.20203817049662273}
epoch=638 step=47800 loss=8.77994
epoch=638 step=47850 loss=8.42515
{"epoch": 638, "global_step": 47850, "learning_rate": 0.0001786694179979766, "teacher_forcing": 1.0, "predicted_contact_fraction": 0.0, "epoch_seconds": 18.618976833298802, "elapsed_hours": 2.1826729475710698, "loss": 8.800602823893229, "loss_alignment": 0.3275621859232585, "loss_coefficient": 4.890522054036459, "loss_contact": 0.0, "loss_gate": 3.381561482747396, "loss_reconstruction": 0.20095654805501303}
epoch=639 step=47900 loss=8.62077
{"epoch": 639, "global_step": 47925, "learning_rate": 0.00017860465486922768, "teacher_forcing": 1.0, "predicted_contact_fraction": 0.0, "epoch_seconds": 18.46864695381373, "elapsed_hours": 2.1878052228205425, "loss": 8.902472330729166, "loss_alignment": 0.31758636474609375, "loss_coefficient": 5.009703572591146, "loss_contact": 0.0, "loss_gate": 3.371748199462891, "loss_reconstruction": 0.2034337838490804}
epoch=640 step=47950 loss=8.97887
epoch=640 step=48000 loss=8.25333
{"epoch": 640, "global_step": 48000, "learning_rate": 0.00017853980534896242, "teacher_forcing": 1.0, "predicted_contact_fraction": 0.0, "epoch_seconds": 18.509885664097965, "elapsed_hours": 2.1929482779985605, "loss": 8.755057373046874, "loss_alignment": 0.3267953173319499, "loss_coefficient": 4.846864013671875, "loss_contact": 0.0, "loss_gate": 3.381904805501302, "loss_reconstruction": 0.19949390093485514}
epoch=641 step=48050 loss=8.26192
{"epoch": 641, "global_step": 48075, "learning_rate": 0.00017847486950845455, "teacher_forcing": 1.0, "predicted_contact_fraction": 0.0, "epoch_seconds": 18.61534107197076, "elapsed_hours": 2.1982627404249637, "loss": 8.552176106770833, "loss_alignment": 0.3096571413675944, "loss_coefficient": 4.67902089436849, "loss_contact": 0.0, "loss_gate": 3.3672335815429686, "loss_reconstruction": 0.1962653382619222}
epoch=642 step=48100 loss=7.85040
epoch=642 step=48150 loss=9.28272
{"epoch": 642, "global_step": 48150, "learning_rate": 0.00017840984741907274, "teacher_forcing": 1.0, "predicted_contact_fraction": 0.0, "epoch_seconds": 19.018875911831856, "elapsed_hours": 2.203547298154768, "loss": 8.486342163085938, "loss_alignment": 0.28829962412516275, "loss_coefficient": 4.651969401041667, "loss_contact": 0.0, "loss_gate": 3.349628346761068, "loss_reconstruction": 0.19644540150960285}
epoch=643 step=48200 loss=8.92999
{"epoch": 643, "global_step": 48225, "learning_rate": 0.00017834473915228038, "teacher_forcing": 1.0, "predicted_contact_fraction": 0.0, "epoch_seconds": 18.615255251992494, "elapsed_hours": 2.2087205012647124, "loss": 8.709415893554688, "loss_alignment": 0.3152600351969401, "loss_coefficient": 4.8329689534505205, "loss_contact": 0.0, "loss_gate": 3.3618890889485677, "loss_reconstruction": 0.1992982482910156}
epoch=644 step=48250 loss=8.31147
epoch=644 step=48300 loss=8.36258
{"epoch": 644, "global_step": 48300, "learning_rate": 0.00017827954477963557, "teacher_forcing": 1.0, "predicted_contact_fraction": 0.0, "epoch_seconds": 18.790862837340683, "elapsed_hours": 2.213941668655542, "loss": 8.766752726236978, "loss_alignment": 0.31664552052815753, "loss_coefficient": 4.890416870117187, "loss_contact": 0.0, "loss_gate": 3.359943695068359, "loss_reconstruction": 0.19974595387776692}
epoch=645 step=48350 loss=9.00189
{"epoch": 645, "global_step": 48375, "learning_rate": 0.00017821426437279113, "teacher_forcing": 1.0, "predicted_contact_fraction": 0.0, "epoch_seconds": 18.595463356003165, "elapsed_hours": 2.2191085359416642, "loss": 8.759160359700521, "loss_alignment": 0.316953493754069, "loss_coefficient": 4.879315897623698, "loss_contact": 0.0, "loss_gate": 3.3637847900390625, "loss_reconstruction": 0.19910610834757486}
epoch=646 step=48400 loss=9.07457
epoch=646 step=48450 loss=8.86968
{"epoch": 646, "global_step": 48450, "learning_rate": 0.0001781488980034943, "teacher_forcing": 1.0, "predicted_contact_fraction": 0.0, "epoch_seconds": 18.29554144013673, "elapsed_hours": 2.2241922027236107, "loss": 8.845456136067709, "loss_alignment": 0.3236284891764323, "loss_coefficient": 4.959758707682291, "loss_contact": 0.0, "loss_gate": 3.3613879903157553, "loss_reconstruction": 0.20068095842997233}
epoch=647 step=48500 loss=9.09958
{"epoch": 647, "global_step": 48525, "learning_rate": 0.00017808344574358697, "teacher_forcing": 1.0, "predicted_contact_fraction": 0.0, "epoch_seconds": 18.352034710813314, "elapsed_hours": 2.2292914115427993, "loss": 8.790868123372396, "loss_alignment": 0.3297714869181315, "loss_coefficient": 4.897214050292969, "loss_contact": 0.0, "loss_gate": 3.3647643025716145, "loss_reconstruction": 0.19911863962809245}
epoch=648 step=48550 loss=7.95985
epoch=648 step=48600 loss=8.20987
{"epoch": 648, "global_step": 48600, "learning_rate": 0.0001780179076650053, "teacher_forcing": 1.0, "predicted_contact_fraction": 0.0, "epoch_seconds": 18.40056002466008, "elapsed_hours": 2.2344041269267394, "loss": 8.520814208984374, "loss_alignment": 0.31293073018391926, "loss_coefficient": 4.650732625325521, "loss_contact": 0.0, "loss_gate": 3.360521036783854, "loss_reconstruction": 0.19662989616394044}
epoch=649 step=48650 loss=8.91527
{"epoch": 649, "global_step": 48675, "learning_rate": 0.00017795228383977974, "teacher_forcing": 1.0, "predicted_contact_fraction": 0.0, "epoch_seconds": 18.713539366144687, "elapsed_hours": 2.239603807806917, "loss": 8.493495483398437, "loss_alignment": 0.2999720319112142, "loss_coefficient": 4.65509765625, "loss_contact": 0.0, "loss_gate": 3.3414716084798175, "loss_reconstruction": 0.19695375442504884}
epoch=650 step=48700 loss=7.59996
epoch=650 step=48750 loss=8.98777
{"epoch": 650, "global_step": 48750, "learning_rate": 0.00017788657434003515, "teacher_forcing": 1.0, "predicted_contact_fraction": 0.0, "epoch_seconds": 18.486420935951173, "elapsed_hours": 2.2447404433925273, "loss": 8.497268269856772, "loss_alignment": 0.3041237449645996, "loss_coefficient": 4.656028747558594, "loss_contact": 0.0, "loss_gate": 3.340196024576823, "loss_reconstruction": 0.19691969553629557}
epoch=651 step=48800 loss=9.42980
{"epoch": 651, "global_step": 48825, "learning_rate": 0.0001778207792379904, "teacher_forcing": 1.0, "predicted_contact_fraction": 0.0, "epoch_seconds": 18.5599093651399, "elapsed_hours": 2.2500392146030856, "loss": 8.377243855794271, "loss_alignment": 0.3035961405436198, "loss_coefficient": 4.5463330078125, "loss_contact": 0.0, "loss_gate": 3.3330957539876302, "loss_reconstruction": 0.1942175070444743}
epoch=652 step=48850 loss=8.10460
epoch=652 step=48900 loss=8.31829
{"epoch": 652, "global_step": 48900, "learning_rate": 0.00017775489860595852, "teacher_forcing": 1.0, "predicted_contact_fraction": 0.0, "epoch_seconds": 18.527956543955952, "elapsed_hours": 2.255187555381692, "loss": 8.517142333984374, "loss_alignment": 0.30967491149902343, "loss_coefficient": 4.670879313151041, "loss_contact": 0.0, "loss_gate": 3.340628356933594, "loss_reconstruction": 0.1959582042694092}
epoch=653 step=48950 loss=8.36175
{"epoch": 653, "global_step": 48975, "learning_rate": 0.0001776889325163465, "teacher_forcing": 1.0, "predicted_contact_fraction": 0.0, "epoch_seconds": 18.479658243712038, "elapsed_hours": 2.260322351429689, "loss": 8.580907389322917, "loss_alignment": 0.30258536656697593, "loss_coefficient": 4.749427998860677, "loss_contact": 0.0, "loss_gate": 3.329935557047526, "loss_reconstruction": 0.19895905494689942}
epoch=654 step=49000 loss=10.23100
epoch=654 step=49050 loss=8.61348
{"epoch": 654, "global_step": 49050, "learning_rate": 0.00017762288104165524, "teacher_forcing": 1.0, "predicted_contact_fraction": 0.0, "epoch_seconds": 18.774572733789682, "elapsed_hours": 2.265538944803023, "loss": 8.74275146484375, "loss_alignment": 0.3229191589355469, "loss_coefficient": 4.875614725748698, "loss_contact": 0.0, "loss_gate": 3.345342000325521, "loss_reconstruction": 0.1988747183481852}
epoch=655 step=49100 loss=8.83636
{"epoch": 655, "global_step": 49125, "learning_rate": 0.00017755674425447952, "teacher_forcing": 1.0, "predicted_contact_fraction": 0.0, "epoch_seconds": 19.209295329637825, "elapsed_hours": 2.2708764031861857, "loss": 8.790522257486979, "loss_alignment": 0.32407751083374026, "loss_coefficient": 4.920550944010417, "loss_contact": 0.0, "loss_gate": 3.3449801127115886, "loss_reconstruction": 0.20091437975565593}
epoch=656 step=49150 loss=8.78662
epoch=656 step=49200 loss=9.47322
{"epoch": 656, "global_step": 49200, "learning_rate": 0.00017749052222750794, "teacher_forcing": 1.0, "predicted_contact_fraction": 0.0, "epoch_seconds": 19.13188743405044, "elapsed_hours": 2.2761923463834037, "loss": 8.477518513997396, "loss_alignment": 0.31429619471232095, "loss_coefficient": 4.633920186360677, "loss_contact": 0.0, "loss_gate": 3.33341791788737, "loss_reconstruction": 0.19588427861531577}
epoch=657 step=49250 loss=7.99302
{"epoch": 657, "global_step": 49275, "learning_rate": 0.00017742421503352267, "teacher_forcing": 1.0, "predicted_contact_fraction": 0.0, "epoch_seconds": 18.70187148824334, "elapsed_hours": 2.281388863353576, "loss": 8.614007568359375, "loss_alignment": 0.3161261494954427, "loss_coefficient": 4.768375752766927, "loss_contact": 0.0, "loss_gate": 3.3331403096516925, "loss_reconstruction": 0.19636367797851562}
epoch=658 step=49300 loss=7.67403
epoch=658 step=49350 loss=8.21616
{"epoch": 658, "global_step": 49350, "learning_rate": 0.00017735782274539954, "teacher_forcing": 1.0, "predicted_contact_fraction": 0.0, "epoch_seconds": 18.53937971778214, "elapsed_hours": 2.2865401510675696, "loss": 8.589197387695313, "loss_alignment": 0.31415035247802736, "loss_coefficient": 4.752061462402343, "loss_contact": 0.0, "loss_gate": 3.3258157348632813, "loss_reconstruction": 0.19717044830322267}
epoch=659 step=49400 loss=9.44138
{"epoch": 659, "global_step": 49425, "learning_rate": 0.0001772913454361079, "teacher_forcing": 1.0, "predicted_contact_fraction": 0.0, "epoch_seconds": 18.61592498375103, "elapsed_hours": 2.291712714091409, "loss": 8.40291768391927, "loss_alignment": 0.293547306060791, "loss_coefficient": 4.5979916381835935, "loss_contact": 0.0, "loss_gate": 3.3186346435546876, "loss_reconstruction": 0.19274325052897134}
epoch=660 step=49450 loss=9.14962
epoch=660 step=49500 loss=9.28024
{"epoch": 660, "global_step": 49500, "learning_rate": 0.00017722478317871052, "teacher_forcing": 1.0, "predicted_contact_fraction": 0.0, "epoch_seconds": 18.381137122865766, "elapsed_hours": 2.2968200575155464, "loss": 8.337223307291667, "loss_alignment": 0.2945331255594889, "loss_coefficient": 4.540777180989584, "loss_contact": 0.0, "loss_gate": 3.3074636840820313, "loss_reconstruction": 0.19444788614908853}
epoch=661 step=49550 loss=8.65921
{"epoch": 661, "global_step": 49575, "learning_rate": 0.00017715813604636361, "teacher_forcing": 1.0, "predicted_contact_fraction": 0.0, "epoch_seconds": 18.396270104218274, "elapsed_hours": 2.3020736942247537, "loss": 8.657605794270834, "loss_alignment": 0.33095197677612304, "loss_coefficient": 4.805700378417969, "loss_contact": 0.0, "loss_gate": 3.3215043131510416, "loss_reconstruction": 0.19945000648498534}
epoch=662 step=49600 loss=8.52638
epoch=662 step=49650 loss=9.58784
{"epoch": 662, "global_step": 49650, "learning_rate": 0.00017709140411231657, "teacher_forcing": 1.0, "predicted_contact_fraction": 0.0, "epoch_seconds": 18.66012587584555, "elapsed_hours": 2.3072584962039, "loss": 8.6992431640625, "loss_alignment": 0.31692560195922853, "loss_coefficient": 4.859440714518229, "loss_contact": 0.0, "loss_gate": 3.322194315592448, "loss_reconstruction": 0.20068278630574543}
epoch=663 step=49700 loss=8.69810
{"epoch": 663, "global_step": 49725, "learning_rate": 0.00017702458744991203, "teacher_forcing": 1.0, "predicted_contact_fraction": 0.0, "epoch_seconds": 19.001407841220498, "elapsed_hours": 2.3125381354800063, "loss": 8.597720133463541, "loss_alignment": 0.317698663075765, "loss_coefficient": 4.75927724202474, "loss_contact": 0.0, "loss_gate": 3.323208211263021, "loss_reconstruction": 0.1975364367167155}
epoch=664 step=49750 loss=7.83917
epoch=664 step=49800 loss=8.77229
{"epoch": 664, "global_step": 49800, "learning_rate": 0.00017695768613258577, "teacher_forcing": 1.0, "predicted_contact_fraction": 0.0, "epoch_seconds": 19.13215184630826, "elapsed_hours": 2.3178541150733105, "loss": 8.494498494466146, "loss_alignment": 0.3141905085245768, "loss_coefficient": 4.665297648111979, "loss_contact": 0.0, "loss_gate": 3.3195501708984376, "loss_reconstruction": 0.1954598649342855}
epoch=665 step=49850 loss=8.96875
{"epoch": 665, "global_step": 49875, "learning_rate": 0.0001768907002338666, "teacher_forcing": 1.0, "predicted_contact_fraction": 0.0, "epoch_seconds": 18.61546390503645, "elapsed_hours": 2.323026553605321, "loss": 8.3931982421875, "loss_alignment": 0.3141230265299479, "loss_coefficient": 4.569347534179688, "loss_contact": 0.0, "loss_gate": 3.316118367513021, "loss_reconstruction": 0.19361047426859537}
epoch=666 step=49900 loss=7.77544
epoch=666 step=49950 loss=8.73730
{"epoch": 666, "global_step": 49950, "learning_rate": 0.00017682362982737629, "teacher_forcing": 1.0, "predicted_contact_fraction": 0.0, "epoch_seconds": 18.737490633968264, "elapsed_hours": 2.3282328588783274, "loss": 8.24722412109375, "loss_alignment": 0.3021766153971354, "loss_coefficient": 4.450284322102864, "loss_contact": 0.0, "loss_gate": 3.3023369852701823, "loss_reconstruction": 0.19242542902628582}
epoch=667 step=50000 loss=8.66570
{"epoch": 667, "global_step": 50025, "learning_rate": 0.00017675647498682946, "teacher_forcing": 1.0, "predicted_contact_fraction": 0.0, "epoch_seconds": 18.560929330065846, "elapsed_hours": 2.3333903105494875, "loss": 8.55617919921875, "loss_alignment": 0.31586765925089516, "loss_coefficient": 4.731731974283854, "loss_contact": 0.0, "loss_gate": 3.3131670125325523, "loss_reconstruction": 0.19541295369466147}
epoch=668 step=50050 loss=8.06908
epoch=668 step=50100 loss=9.19678
{"epoch": 668, "global_step": 50100, "learning_rate": 0.00017668923578603355, "teacher_forcing": 1.0, "predicted_contact_fraction": 0.0, "epoch_seconds": 18.435685336124152, "elapsed_hours": 2.33851273385782, "loss": 8.56402099609375, "loss_alignment": 0.3128503672281901, "loss_coefficient": 4.748716837565104, "loss_contact": 0.0, "loss_gate": 3.3045792134602863, "loss_reconstruction": 0.1978742535909017}
epoch=669 step=50150 loss=9.29929
{"epoch": 669, "global_step": 50175, "learning_rate": 0.00017662191229888877, "teacher_forcing": 1.0, "predicted_contact_fraction": 0.0, "epoch_seconds": 18.453479808289558, "elapsed_hours": 2.3436402417331315, "loss": 8.870976359049479, "loss_alignment": 0.34566174825032553, "loss_coefficient": 4.997886861165364, "loss_contact": 0.0, "loss_gate": 3.328343556722005, "loss_reconstruction": 0.19908347129821777}
epoch=670 step=50200 loss=10.27979
epoch=670 step=50250 loss=7.37712
{"epoch": 670, "global_step": 50250, "learning_rate": 0.00017655450459938784, "teacher_forcing": 1.0, "predicted_contact_fraction": 0.0, "epoch_seconds": 18.40651660086587, "elapsed_hours": 2.348754679305841, "loss": 8.68165751139323, "loss_alignment": 0.3226531982421875, "loss_coefficient": 4.844935913085937, "loss_contact": 0.0, "loss_gate": 3.3160914103190104, "loss_reconstruction": 0.19797725995381674}
epoch=671 step=50300 loss=8.13174
{"epoch": 671, "global_step": 50325, "learning_rate": 0.00017648701276161614, "teacher_forcing": 1.0, "predicted_contact_fraction": 0.0, "epoch_seconds": 18.53784120315686, "elapsed_hours": 2.3540473937595054, "loss": 8.486153361002604, "loss_alignment": 0.2948523839314779, "loss_coefficient": 4.704743143717448, "loss_contact": 0.0, "loss_gate": 3.2926219685872398, "loss_reconstruction": 0.19393501917521158}
epoch=672 step=50350 loss=8.37862
epoch=672 step=50400 loss=9.10934
{"epoch": 672, "global_step": 50400, "learning_rate": 0.00017641943685975153, "teacher_forcing": 1.0, "predicted_contact_fraction": 0.0, "epoch_seconds": 18.4896710049361, "elapsed_hours": 2.3591849430869076, "loss": 8.647649739583333, "loss_alignment": 0.31964800516764325, "loss_coefficient": 4.828080139160156, "loss_contact": 0.0, "loss_gate": 3.302806447347005, "loss_reconstruction": 0.19711547533671062}
epoch=673 step=50450 loss=8.59437
{"epoch": 673, "global_step": 50475, "learning_rate": 0.00017635177696806418, "teacher_forcing": 1.0, "predicted_contact_fraction": 0.0, "epoch_seconds": 18.85038846405223, "elapsed_hours": 2.364422626353076, "loss": 8.796371053059897, "loss_alignment": 0.3210441970825195, "loss_coefficient": 4.964623209635417, "loss_contact": 0.0, "loss_gate": 3.3111834716796875, "loss_reconstruction": 0.19952104886372884}
epoch=674 step=50500 loss=8.47859
epoch=674 step=50550 loss=7.89856
{"epoch": 674, "global_step": 50550, "learning_rate": 0.00017628403316091663, "teacher_forcing": 1.0, "predicted_contact_fraction": 0.0, "epoch_seconds": 19.051497376989573, "elapsed_hours": 2.3697161234516857, "loss": 8.561385904947917, "loss_alignment": 0.32352900187174477, "loss_coefficient": 4.737506815592448, "loss_contact": 0.0, "loss_gate": 3.3055213928222655, "loss_reconstruction": 0.19482796986897785}
epoch=675 step=50600 loss=8.38772
{"epoch": 675, "global_step": 50625, "learning_rate": 0.00017621620551276366, "teacher_forcing": 1.0, "predicted_contact_fraction": 0.0, "epoch_seconds": 18.44233964011073, "elapsed_hours": 2.3748404830475596, "loss": 8.562899576822916, "loss_alignment": 0.33784428278605144, "loss_coefficient": 4.712748209635417, "loss_contact": 0.0, "loss_gate": 3.3175095621744792, "loss_reconstruction": 0.19479666392008463}
epoch=676 step=50650 loss=7.70801
epoch=676 step=50700 loss=8.41274
{"epoch": 676, "global_step": 50700, "learning_rate": 0.00017614829409815213, "teacher_forcing": 1.0, "predicted_contact_fraction": 0.0, "epoch_seconds": 18.528768650256097, "elapsed_hours": 2.379988779590284, "loss": 8.576059163411458, "loss_alignment": 0.32073893229166667, "loss_coefficient": 4.743990376790364, "loss_contact": 0.0, "loss_gate": 3.3158321634928387, "loss_reconstruction": 0.19549771626790366}
epoch=677 step=50750 loss=8.36863
{"epoch": 677, "global_step": 50775, "learning_rate": 0.000176080298991721, "teacher_forcing": 1.0, "predicted_contact_fraction": 0.0, "epoch_seconds": 18.277815150562674, "elapsed_hours": 2.3850673394833897, "loss": 8.445514322916667, "loss_alignment": 0.30344824473063153, "loss_coefficient": 4.6526010131835935, "loss_contact": 0.0, "loss_gate": 3.294632771809896, "loss_reconstruction": 0.19483240445454916}
epoch=678 step=50800 loss=10.36806
epoch=678 step=50850 loss=7.62013
{"epoch": 678, "global_step": 50850, "learning_rate": 0.00017601222026820127, "teacher_forcing": 1.0, "predicted_contact_fraction": 0.0, "epoch_seconds": 18.6663647480309, "elapsed_hours": 2.3902538528749977, "loss": 8.78574930826823, "loss_alignment": 0.3208763821919759, "loss_coefficient": 4.9657113647460935, "loss_contact": 0.0, "loss_gate": 3.299913126627604, "loss_reconstruction": 0.19924930572509766}
epoch=679 step=50900 loss=8.07004
{"epoch": 679, "global_step": 50925, "learning_rate": 0.00017594405800241573, "teacher_forcing": 1.0, "predicted_contact_fraction": 0.0, "epoch_seconds": 18.511060191318393, "elapsed_hours": 2.395397409145565, "loss": 8.298363240559896, "loss_alignment": 0.30081715901692707, "loss_coefficient": 4.5181523640950525, "loss_contact": 0.0, "loss_gate": 3.287877960205078, "loss_reconstruction": 0.19151663780212402}
epoch=680 step=50950 loss=8.28586
epoch=680 step=51000 loss=8.13788
{"epoch": 680, "global_step": 51000, "learning_rate": 0.0001758758122692791, "teacher_forcing": 1.0, "predicted_contact_fraction": 0.0, "epoch_seconds": 18.400631255935878, "elapsed_hours": 2.400510127230858, "loss": 8.451030680338542, "loss_alignment": 0.3036787414550781, "loss_coefficient": 4.670658976236979, "loss_contact": 0.0, "loss_gate": 3.2831002298990883, "loss_reconstruction": 0.19359315554300943}
epoch=681 step=51050 loss=9.33452
{"epoch": 681, "global_step": 51075, "learning_rate": 0.00017580748314379775, "teacher_forcing": 1.0, "predicted_contact_fraction": 0.0, "epoch_seconds": 18.200509194284678, "elapsed_hours": 2.4057091672107993, "loss": 8.399197591145834, "loss_alignment": 0.3013293520609538, "loss_coefficient": 4.632374572753906, "loss_contact": 0.0, "loss_gate": 3.273238525390625, "loss_reconstruction": 0.1922547721862793}
epoch=682 step=51100 loss=8.74944
epoch=682 step=51150 loss=8.70870
{"epoch": 682, "global_step": 51150, "learning_rate": 0.0001757390707010697, "teacher_forcing": 1.0, "predicted_contact_fraction": 0.0, "epoch_seconds": 18.48910539224744, "elapsed_hours": 2.4108465884089108, "loss": 8.413788248697916, "loss_alignment": 0.3133173497517904, "loss_coefficient": 4.622489013671875, "loss_contact": 0.0, "loss_gate": 3.284823964436849, "loss_reconstruction": 0.19315706570943197}
epoch=683 step=51200 loss=8.82130
{"epoch": 683, "global_step": 51225, "learning_rate": 0.00017567057501628467, "teacher_forcing": 1.0, "predicted_contact_fraction": 0.0, "epoch_seconds": 19.072629862930626, "elapsed_hours": 2.4161460438906217, "loss": 8.405319213867188, "loss_alignment": 0.31503053665161135, "loss_coefficient": 4.613316548665365, "loss_contact": 0.0, "loss_gate": 3.2836817932128906, "loss_reconstruction": 0.19329110145568848}
epoch=684 step=51250 loss=8.63851
epoch=684 step=51300 loss=8.48397
{"epoch": 684, "global_step": 51300, "learning_rate": 0.0001756019961647237, "teacher_forcing": 1.0, "predicted_contact_fraction": 0.0, "epoch_seconds": 18.965853882953525, "elapsed_hours": 2.421415991997217, "loss": 8.553744710286459, "loss_alignment": 0.30294734954833985, "loss_coefficient": 4.7862626139322915, "loss_contact": 0.0, "loss_gate": 3.2701456197102865, "loss_reconstruction": 0.19438942273457846}
epoch=685 step=51350 loss=8.29728
{"epoch": 685, "global_step": 51375, "learning_rate": 0.00017553333422175933, "teacher_forcing": 1.0, "predicted_contact_fraction": 0.0, "epoch_seconds": 18.29723550984636, "elapsed_hours": 2.4265001483874706, "loss": 8.409028523763022, "loss_alignment": 0.30587709426879883, "loss_coefficient": 4.638371988932292, "loss_contact": 0.0, "loss_gate": 3.271637929280599, "loss_reconstruction": 0.19314117113749185}
epoch=686 step=51400 loss=8.62410
epoch=686 step=51450 loss=8.66731
{"epoch": 686, "global_step": 51450, "learning_rate": 0.00017546458926285543, "teacher_forcing": 1.0, "predicted_contact_fraction": 0.0, "epoch_seconds": 18.49384897109121, "elapsed_hours": 2.431638762046738, "loss": 8.558075561523438, "loss_alignment": 0.3226466687520345, "loss_coefficient": 4.763602396647135, "loss_contact": 0.0, "loss_gate": 3.2774311828613283, "loss_reconstruction": 0.19439579010009767}
epoch=687 step=51500 loss=7.95659
{"epoch": 687, "global_step": 51525, "learning_rate": 0.00017539576136356704, "teacher_forcing": 1.0, "predicted_contact_fraction": 0.0, "epoch_seconds": 18.673409337643534, "elapsed_hours": 2.4368272909119777, "loss": 8.667632039388021, "loss_alignment": 0.3220115979512533, "loss_coefficient": 4.866257425944011, "loss_contact": 0.0, "loss_gate": 3.282088165283203, "loss_reconstruction": 0.1972747834523519}
epoch=688 step=51550 loss=8.32729
epoch=688 step=51600 loss=7.86942
{"epoch": 688, "global_step": 51600, "learning_rate": 0.0001753268505995404, "teacher_forcing": 1.0, "predicted_contact_fraction": 0.0, "epoch_seconds": 18.388284828979522, "elapsed_hours": 2.441936576973078, "loss": 8.657047932942708, "loss_alignment": 0.3309873072306315, "loss_coefficient": 4.846498413085937, "loss_contact": 0.0, "loss_gate": 3.2820968627929688, "loss_reconstruction": 0.19746419588724773}
epoch=689 step=51650 loss=8.50422
{"epoch": 689, "global_step": 51675, "learning_rate": 0.0001752578570465129, "teacher_forcing": 1.0, "predicted_contact_fraction": 0.0, "epoch_seconds": 18.326850448269397, "elapsed_hours": 2.4470287870871834, "loss": 8.360361735026041, "loss_alignment": 0.3053322919209798, "loss_coefficient": 4.5893300374348955, "loss_contact": 0.0, "loss_gate": 3.273485158284505, "loss_reconstruction": 0.1922133731842041}
epoch=690 step=51700 loss=8.13752
epoch=690 step=51750 loss=7.88703
{"epoch": 690, "global_step": 51750, "learning_rate": 0.00017518878078031275, "teacher_forcing": 1.0, "predicted_contact_fraction": 0.0, "epoch_seconds": 18.35060782218352, "elapsed_hours": 2.452127576626113, "loss": 8.246011149088542, "loss_alignment": 0.2953689448038737, "loss_coefficient": 4.501501770019531, "loss_contact": 0.0, "loss_gate": 3.259241027832031, "loss_reconstruction": 0.18989988644917807}
epoch=691 step=51800 loss=8.01453
{"epoch": 691, "global_step": 51825, "learning_rate": 0.0001751196218768592, "teacher_forcing": 1.0, "predicted_contact_fraction": 0.0, "epoch_seconds": 18.499366124160588, "elapsed_hours": 2.457407980480283, "loss": 8.412505696614584, "loss_alignment": 0.2940386708577474, "loss_coefficient": 4.674134216308594, "loss_contact": 0.0, "loss_gate": 3.2529031880696615, "loss_reconstruction": 0.19142943064371745}
epoch=692 step=51850 loss=8.36294
epoch=692 step=51900 loss=7.61038
{"epoch": 692, "global_step": 51900, "learning_rate": 0.00017505038041216227, "teacher_forcing": 1.0, "predicted_contact_fraction": 0.0, "epoch_seconds": 18.876571578439325, "elapsed_hours": 2.4626528601150492, "loss": 8.310271199544271, "loss_alignment": 0.30676087697347004, "loss_coefficient": 4.5601166788736975, "loss_contact": 0.0, "loss_gate": 3.2525006103515626, "loss_reconstruction": 0.19089339256286622}
epoch=693 step=51950 loss=9.06092
{"epoch": 693, "global_step": 51975, "learning_rate": 0.0001749810564623228, "teacher_forcing": 1.0, "predicted_contact_fraction": 0.0, "epoch_seconds": 18.77396502904594, "elapsed_hours": 2.467869256749723, "loss": 8.520872395833333, "loss_alignment": 0.3237871297200521, "loss_coefficient": 4.73531005859375, "loss_contact": 0.0, "loss_gate": 3.2668910217285156, "loss_reconstruction": 0.19488290150960286}
epoch=694 step=52000 loss=7.88481
epoch=694 step=52050 loss=7.28660
{"epoch": 694, "global_step": 52050, "learning_rate": 0.00017491165010353213, "teacher_forcing": 1.0, "predicted_contact_fraction": 0.0, "epoch_seconds": 18.627633288037032, "elapsed_hours": 2.4730449863822046, "loss": 8.371992594401041, "loss_alignment": 0.31863906224568683, "loss_coefficient": 4.595331522623698, "loss_contact": 0.0, "loss_gate": 3.2665552775065105, "loss_reconstruction": 0.19146770159403484}
epoch=695 step=52100 loss=8.12149
{"epoch": 695, "global_step": 52125, "learning_rate": 0.00017484216141207227, "teacher_forcing": 1.0, "predicted_contact_fraction": 0.0, "epoch_seconds": 18.399812509771436, "elapsed_hours": 2.478157492592258, "loss": 8.42783935546875, "loss_alignment": 0.3138827006022135, "loss_coefficient": 4.6578912353515625, "loss_contact": 0.0, "loss_gate": 3.261927744547526, "loss_reconstruction": 0.1941376749674479}
epoch=696 step=52150 loss=9.53217
epoch=696 step=52200 loss=8.50613
{"epoch": 696, "global_step": 52200, "learning_rate": 0.0001747725904643158, "teacher_forcing": 1.0, "predicted_contact_fraction": 0.0, "epoch_seconds": 18.92018081014976, "elapsed_hours": 2.483414547058314, "loss": 8.442835489908854, "loss_alignment": 0.3098376909891764, "loss_coefficient": 4.6841748046875, "loss_contact": 0.0, "loss_gate": 3.2569677734375, "loss_reconstruction": 0.19185467720031738}
epoch=697 step=52250 loss=8.18598
{"epoch": 697, "global_step": 52275, "learning_rate": 0.00017470293733672554, "teacher_forcing": 1.0, "predicted_contact_fraction": 0.0, "epoch_seconds": 18.742391443811357, "elapsed_hours": 2.488622197875003, "loss": 8.490761311848958, "loss_alignment": 0.31950475692749025, "loss_coefficient": 4.713401285807292, "loss_contact": 0.0, "loss_gate": 3.2634408569335935, "loss_reconstruction": 0.19441515922546387}
epoch=698 step=52300 loss=9.39803
epoch=698 step=52350 loss=8.60490
{"epoch": 698, "global_step": 52350, "learning_rate": 0.00017463320210585475, "teacher_forcing": 1.0, "predicted_contact_fraction": 0.0, "epoch_seconds": 18.578022893052548, "elapsed_hours": 2.49378420201777, "loss": 8.478868611653645, "loss_alignment": 0.31389242808024087, "loss_coefficient": 4.71556650797526, "loss_contact": 0.0, "loss_gate": 3.2549972025553386, "loss_reconstruction": 0.19441169738769531}
epoch=699 step=52400 loss=8.09843
{"epoch": 699, "global_step": 52425, "learning_rate": 0.00017456338484834685, "teacher_forcing": 1.0, "predicted_contact_fraction": 0.0, "epoch_seconds": 18.356930759735405, "elapsed_hours": 2.498884706013034, "loss": 8.57616455078125, "loss_alignment": 0.31228064219156904, "loss_coefficient": 4.815296834309896, "loss_contact": 0.0, "loss_gate": 3.253514149983724, "loss_reconstruction": 0.19507162729899089}
epoch=700 step=52450 loss=8.46275
epoch=700 step=52500 loss=8.95506
{"epoch": 700, "global_step": 52500, "learning_rate": 0.00017449348564093544, "teacher_forcing": 1.0, "predicted_contact_fraction": 0.0, "epoch_seconds": 18.602917399723083, "elapsed_hours": 2.5040539286135592, "loss": 8.452870279947916, "loss_alignment": 0.3052569580078125, "loss_coefficient": 4.70855702718099, "loss_contact": 0.0, "loss_gate": 3.246195526123047, "loss_reconstruction": 0.19286029815673827}
epoch=701 step=52550 loss=8.40592
{"epoch": 701, "global_step": 52575, "learning_rate": 0.00017442350456044428, "teacher_forcing": 1.0, "predicted_contact_fraction": 0.0, "epoch_seconds": 18.415387695189565, "elapsed_hours": 2.509356573647173, "loss": 8.606950276692709, "loss_alignment": 0.3170141855875651, "loss_coefficient": 4.845220540364584, "loss_contact": 0.0, "loss_gate": 3.2494154357910157, "loss_reconstruction": 0.19530068715413412}
epoch=702 step=52600 loss=8.41414
epoch=702 step=52650 loss=8.51117
{"epoch": 702, "global_step": 52650, "learning_rate": 0.0001743534416837869, "teacher_forcing": 1.0, "predicted_contact_fraction": 0.0, "epoch_seconds": 18.819307803642005, "elapsed_hours": 2.514585598616654, "loss": 8.586962076822916, "loss_alignment": 0.31759698867797853, "loss_coefficient": 4.821300862630208, "loss_contact": 0.0, "loss_gate": 3.2530000813802085, "loss_reconstruction": 0.19506475766499837}
epoch=703 step=52700 loss=7.82958
{"epoch": 703, "global_step": 52725, "learning_rate": 0.00017428329708796698, "teacher_forcing": 1.0, "predicted_contact_fraction": 0.0, "epoch_seconds": 18.62428123317659, "elapsed_hours": 2.51976045612608, "loss": 8.341128336588541, "loss_alignment": 0.30482709884643555, "loss_coefficient": 4.601906433105468, "loss_contact": 0.0, "loss_gate": 3.244190928141276, "loss_reconstruction": 0.19020490964253745}
epoch=704 step=52750 loss=8.69814
epoch=704 step=52800 loss=8.17282
{"epoch": 704, "global_step": 52800, "learning_rate": 0.00017421307085007783, "teacher_forcing": 1.0, "predicted_contact_fraction": 0.0, "epoch_seconds": 18.471344955265522, "elapsed_hours": 2.5248936743792405, "loss": 8.186661783854166, "loss_alignment": 0.3020408312479655, "loss_coefficient": 4.456701253255209, "loss_contact": 0.0, "loss_gate": 3.239206797281901, "loss_reconstruction": 0.18871163050333659}
epoch=705 step=52850 loss=9.81709
{"epoch": 705, "global_step": 52875, "learning_rate": 0.00017414276304730258, "teacher_forcing": 1.0, "predicted_contact_fraction": 0.0, "epoch_seconds": 18.48912643501535, "elapsed_hours": 2.5300309377897063, "loss": 8.3493310546875, "loss_alignment": 0.3026894696553548, "loss_coefficient": 4.62381357828776, "loss_contact": 0.0, "loss_gate": 3.231629384358724, "loss_reconstruction": 0.19119723002115885}
epoch=706 step=52900 loss=7.95127
epoch=706 step=52950 loss=7.94229
{"epoch": 706, "global_step": 52950, "learning_rate": 0.00017407237375691392, "teacher_forcing": 1.0, "predicted_contact_fraction": 0.0, "epoch_seconds": 18.371333467774093, "elapsed_hours": 2.5351355796827315, "loss": 8.435053304036458, "loss_alignment": 0.31887696584065756, "loss_coefficient": 4.679003092447917, "loss_contact": 0.0, "loss_gate": 3.2455320739746094, "loss_reconstruction": 0.19164058367411296}
epoch=707 step=53000 loss=8.89165
{"epoch": 707, "global_step": 53025, "learning_rate": 0.00017400190305627425, "teacher_forcing": 1.0, "predicted_contact_fraction": 0.0, "epoch_seconds": 18.39276437694207, "elapsed_hours": 2.540246122105616, "loss": 8.337283121744791, "loss_alignment": 0.30302470525105796, "loss_coefficient": 4.617139790852865, "loss_contact": 0.0, "loss_gate": 3.226434631347656, "loss_reconstruction": 0.19068460464477538}
epoch=708 step=53050 loss=8.09381
epoch=708 step=53100 loss=9.16544
{"epoch": 708, "global_step": 53100, "learning_rate": 0.00017393135102283526, "teacher_forcing": 1.0, "predicted_contact_fraction": 0.0, "epoch_seconds": 18.347414181102067, "elapsed_hours": 2.5453440061780728, "loss": 8.190667317708334, "loss_alignment": 0.31258649826049806, "loss_coefficient": 4.458504842122395, "loss_contact": 0.0, "loss_gate": 3.2309750366210936, "loss_reconstruction": 0.18860033353169758}
epoch=709 step=53150 loss=8.27448
{"epoch": 709, "global_step": 53175, "learning_rate": 0.00017386071773413817, "teacher_forcing": 1.0, "predicted_contact_fraction": 0.0, "epoch_seconds": 18.492162788752466, "elapsed_hours": 2.55048220146331, "loss": 8.270319010416667, "loss_alignment": 0.30648176829020185, "loss_coefficient": 4.545427754720052, "loss_contact": 0.0, "loss_gate": 3.229297943115234, "loss_reconstruction": 0.1891119162241618}
epoch=710 step=53200 loss=7.96149
epoch=710 step=53250 loss=8.96842
{"epoch": 710, "global_step": 53250, "learning_rate": 0.00017379000326781348, "teacher_forcing": 1.0, "predicted_contact_fraction": 0.0, "epoch_seconds": 18.69022055203095, "elapsed_hours": 2.555675325445029, "loss": 8.263758341471354, "loss_alignment": 0.2999511528015137, "loss_coefficient": 4.549792683919271, "loss_contact": 0.0, "loss_gate": 3.224046325683594, "loss_reconstruction": 0.1899663480122884}
epoch=711 step=53300 loss=7.70874
{"epoch": 711, "global_step": 53325, "learning_rate": 0.00017371920770158084, "teacher_forcing": 1.0, "predicted_contact_fraction": 0.0, "epoch_seconds": 18.54163841716945, "elapsed_hours": 2.5609702709080495, "loss": 8.173604329427084, "loss_alignment": 0.2877897071838379, "loss_coefficient": 4.483578491210937, "loss_contact": 0.0, "loss_gate": 3.2133575948079427, "loss_reconstruction": 0.18887843449910482}
epoch=712 step=53350 loss=8.51603
epoch=712 step=53400 loss=8.22485
{"epoch": 712, "global_step": 53400, "learning_rate": 0.0001736483311132491, "teacher_forcing": 1.0, "predicted_contact_fraction": 0.0, "epoch_seconds": 18.707373224198818, "elapsed_hours": 2.5661681628616577, "loss": 8.380292358398437, "loss_alignment": 0.3293862597147624, "loss_coefficient": 4.618040262858073, "loss_contact": 0.0, "loss_gate": 3.241680246988932, "loss_reconstruction": 0.19118622144063313}
epoch=713 step=53450 loss=9.67749
{"epoch": 713, "global_step": 53475, "learning_rate": 0.00017357737358071615, "teacher_forcing": 1.0, "predicted_contact_fraction": 0.0, "epoch_seconds": 18.332459387835115, "elapsed_hours": 2.571261944971953, "loss": 8.591729532877604, "loss_alignment": 0.32026854197184246, "loss_coefficient": 4.843492635091146, "loss_contact": 0.0, "loss_gate": 3.2343416849772137, "loss_reconstruction": 0.19362524032592773}
epoch=714 step=53500 loss=8.62813
epoch=714 step=53550 loss=7.83222
{"epoch": 714, "global_step": 53550, "learning_rate": 0.00017350633518196883, "teacher_forcing": 1.0, "predicted_contact_fraction": 0.0, "epoch_seconds": 18.346463604830205, "elapsed_hours": 2.5763596828786346, "loss": 8.432137247721354, "loss_alignment": 0.31093684514363606, "loss_coefficient": 4.703237609863281, "loss_contact": 0.0, "loss_gate": 3.22630121866862, "loss_reconstruction": 0.19166090647379558}
epoch=715 step=53600 loss=8.27947
{"epoch": 715, "global_step": 53625, "learning_rate": 0.00017343521599508284, "teacher_forcing": 1.0, "predicted_contact_fraction": 0.0, "epoch_seconds": 18.7499807192944, "elapsed_hours": 2.5815704030255113, "loss": 8.09623291015625, "loss_alignment": 0.2933161989847819, "loss_coefficient": 4.405684305826823, "loss_contact": 0.0, "loss_gate": 3.209813639322917, "loss_reconstruction": 0.187419220606486}
epoch=716 step=53650 loss=7.58916
epoch=716 step=53700 loss=8.48417
{"epoch": 716, "global_step": 53700, "learning_rate": 0.00017336401609822276, "teacher_forcing": 1.0, "predicted_contact_fraction": 0.0, "epoch_seconds": 18.50937214260921, "elapsed_hours": 2.5867134232547446, "loss": 8.102806803385416, "loss_alignment": 0.2917355728149414, "loss_coefficient": 4.422734883626302, "loss_contact": 0.0, "loss_gate": 3.200734405517578, "loss_reconstruction": 0.18760210673014324}
epoch=717 step=53750 loss=7.44954
{"epoch": 717, "global_step": 53775, "learning_rate": 0.0001732927355696417, "teacher_forcing": 1.0, "predicted_contact_fraction": 0.0, "epoch_seconds": 18.54336212016642, "elapsed_hours": 2.5918657937814067, "loss": 7.987479248046875, "loss_alignment": 0.2965864753723145, "loss_coefficient": 4.301843465169271, "loss_contact": 0.0, "loss_gate": 3.2034232584635416, "loss_reconstruction": 0.18562663396199544}
epoch=718 step=53800 loss=8.23789
epoch=718 step=53850 loss=8.70567
{"epoch": 718, "global_step": 53850, "learning_rate": 0.00017322137448768155, "teacher_forcing": 1.0, "predicted_contact_fraction": 0.0, "epoch_seconds": 18.46982890693471, "elapsed_hours": 2.5969980096350063, "loss": 8.100091349283854, "loss_alignment": 0.29485074361165364, "loss_coefficient": 4.416931762695312, "loss_contact": 0.0, "loss_gate": 3.2009094746907554, "loss_reconstruction": 0.18739965120951335}
epoch=719 step=53900 loss=8.57870
{"epoch": 719, "global_step": 53925, "learning_rate": 0.0001731499329307727, "teacher_forcing": 1.0, "predicted_contact_fraction": 0.0, "epoch_seconds": 18.438229632098228, "elapsed_hours": 2.6021211832616893, "loss": 8.319928385416667, "loss_alignment": 0.3084267807006836, "loss_coefficient": 4.608128255208333, "loss_contact": 0.0, "loss_gate": 3.212028147379557, "loss_reconstruction": 0.19134685516357422}
epoch=720 step=53950 loss=9.15942
epoch=720 step=54000 loss=7.84107
{"epoch": 720, "global_step": 54000, "learning_rate": 0.0001730784109774339, "teacher_forcing": 1.0, "predicted_contact_fraction": 0.0, "epoch_seconds": 18.63848088728264, "elapsed_hours": 2.6073001720572613, "loss": 8.538502604166666, "loss_alignment": 0.3371144485473633, "loss_coefficient": 4.778893839518229, "loss_contact": 0.0, "loss_gate": 3.2295964558919272, "loss_reconstruction": 0.19289852460225423}
epoch=721 step=54050 loss=7.65415
{"epoch": 721, "global_step": 54075, "learning_rate": 0.0001730068087062724, "teacher_forcing": 1.0, "predicted_contact_fraction": 0.0, "epoch_seconds": 18.500404136721045, "elapsed_hours": 2.612584130279461, "loss": 8.138705037434896, "loss_alignment": 0.30640058517456054, "loss_coefficient": 4.429884643554687, "loss_contact": 0.0, "loss_gate": 3.2149661763509116, "loss_reconstruction": 0.18745449701944986}
epoch=722 step=54100 loss=8.90917
epoch=722 step=54150 loss=8.48911
{"epoch": 722, "global_step": 54150, "learning_rate": 0.0001729351261959836, "teacher_forcing": 1.0, "predicted_contact_fraction": 0.0, "epoch_seconds": 18.833168792072684, "elapsed_hours": 2.617816994645012, "loss": 8.320755411783853, "loss_alignment": 0.3183234977722168, "loss_coefficient": 4.591501770019531, "loss_contact": 0.0, "loss_gate": 3.2206953938802085, "loss_reconstruction": 0.1902341588338216}
epoch=723 step=54200 loss=8.58901
{"epoch": 723, "global_step": 54225, "learning_rate": 0.00017286336352535117, "teacher_forcing": 1.0, "predicted_contact_fraction": 0.0, "epoch_seconds": 19.0696289697662, "elapsed_hours": 2.6231155162749604, "loss": 8.236941528320312, "loss_alignment": 0.30608530044555665, "loss_coefficient": 4.535883992513021, "loss_contact": 0.0, "loss_gate": 3.206540832519531, "loss_reconstruction": 0.1884316857655843}
epoch=724 step=54250 loss=8.43438
epoch=724 step=54300 loss=7.30155
{"epoch": 724, "global_step": 54300, "learning_rate": 0.00017279152077324684, "teacher_forcing": 1.0, "predicted_contact_fraction": 0.0, "epoch_seconds": 18.4575902139768, "elapsed_hours": 2.6282440788058254, "loss": 8.226664632161459, "loss_alignment": 0.311913579305013, "loss_coefficient": 4.521382141113281, "loss_contact": 0.0, "loss_gate": 3.2045697021484374, "loss_reconstruction": 0.1887995179494222}
epoch=725 step=54350 loss=7.63559
{"epoch": 725, "global_step": 54375, "learning_rate": 0.00017271959801863038, "teacher_forcing": 1.0, "predicted_contact_fraction": 0.0, "epoch_seconds": 18.430069896858186, "elapsed_hours": 2.6333650054472186, "loss": 8.00705546061198, "loss_alignment": 0.30250011444091796, "loss_coefficient": 4.3161977132161455, "loss_contact": 0.0, "loss_gate": 3.2024773152669272, "loss_reconstruction": 0.18588045756022134}
epoch=726 step=54400 loss=8.98509
epoch=726 step=54450 loss=7.19464
{"epoch": 726, "global_step": 54450, "learning_rate": 0.00017264759534054943, "teacher_forcing": 1.0, "predicted_contact_fraction": 0.0, "epoch_seconds": 18.863079517148435, "elapsed_hours": 2.63860617843172, "loss": 8.153695678710937, "loss_alignment": 0.29277828852335613, "loss_coefficient": 4.4784757486979165, "loss_contact": 0.0, "loss_gate": 3.1959344991048177, "loss_reconstruction": 0.18650584856669108}
epoch=727 step=54500 loss=8.88243
{"epoch": 727, "global_step": 54525, "learning_rate": 0.00017257551281813955, "teacher_forcing": 1.0, "predicted_contact_fraction": 0.0, "epoch_seconds": 18.590674373786896, "elapsed_hours": 2.643771687131375, "loss": 8.110806681315104, "loss_alignment": 0.28632877349853514, "loss_coefficient": 4.456461079915365, "loss_contact": 0.0, "loss_gate": 3.180606689453125, "loss_reconstruction": 0.18740914026896158}
epoch=728 step=54550 loss=7.93817
epoch=728 step=54600 loss=9.00900
{"epoch": 728, "global_step": 54600, "learning_rate": 0.00017250335053062402, "teacher_forcing": 1.0, "predicted_contact_fraction": 0.0, "epoch_seconds": 18.667941957712173, "elapsed_hours": 2.6489596271561457, "loss": 8.387126871744792, "loss_alignment": 0.29976810455322267, "loss_coefficient": 4.710766194661458, "loss_contact": 0.0, "loss_gate": 3.1849600728352865, "loss_reconstruction": 0.1916331132253011}
epoch=729 step=54650 loss=9.68289
{"epoch": 729, "global_step": 54675, "learning_rate": 0.00017243110855731376, "teacher_forcing": 1.0, "predicted_contact_fraction": 0.0, "epoch_seconds": 18.714812020305544, "elapsed_hours": 2.6541595989847298, "loss": 8.425955607096354, "loss_alignment": 0.31358981450398765, "loss_coefficient": 4.719627075195312, "loss_contact": 0.0, "loss_gate": 3.2010121663411457, "loss_reconstruction": 0.1917270056406657}
epoch=730 step=54700 loss=7.87714
epoch=730 step=54750 loss=8.10700
{"epoch": 730, "global_step": 54750, "learning_rate": 0.00017235878697760733, "teacher_forcing": 1.0, "predicted_contact_fraction": 0.0, "epoch_seconds": 18.461082731373608, "elapsed_hours": 2.659289112592297, "loss": 8.282835896809896, "loss_alignment": 0.3129554303487142, "loss_coefficient": 4.587036844889323, "loss_contact": 0.0, "loss_gate": 3.1938648986816407, "loss_reconstruction": 0.18897894859313966}
epoch=731 step=54800 loss=10.03773
{"epoch": 731, "global_step": 54825, "learning_rate": 0.0001722863858709907, "teacher_forcing": 1.0, "predicted_contact_fraction": 0.0, "epoch_seconds": 18.51541160326451, "elapsed_hours": 2.664573358086895, "loss": 8.510021158854167, "loss_alignment": 0.32962001164754234, "loss_coefficient": 4.776654561360677, "loss_contact": 0.0, "loss_gate": 3.2119896952311198, "loss_reconstruction": 0.1917565886179606}
epoch=732 step=54850 loss=8.52944
epoch=732 step=54900 loss=7.56008
{"epoch": 732, "global_step": 54900, "learning_rate": 0.00017221390531703732, "teacher_forcing": 1.0, "predicted_contact_fraction": 0.0, "epoch_seconds": 18.897247548680753, "elapsed_hours": 2.669824061067775, "loss": 8.459539998372396, "loss_alignment": 0.3110942014058431, "loss_coefficient": 4.762918090820312, "loss_contact": 0.0, "loss_gate": 3.1947509765625, "loss_reconstruction": 0.19077657063802084}
epoch=733 step=54950 loss=9.04887
{"epoch": 733, "global_step": 54975, "learning_rate": 0.00017214134539540794, "teacher_forcing": 1.0, "predicted_contact_fraction": 0.0, "epoch_seconds": 18.396544503979385, "elapsed_hours": 2.6749356534950333, "loss": 8.505093790690104, "loss_alignment": 0.3274712308247884, "loss_coefficient": 4.7792366536458335, "loss_contact": 0.0, "loss_gate": 3.2064549255371095, "loss_reconstruction": 0.19193093617757162}
epoch=734 step=55000 loss=8.19953
epoch=734 step=55050 loss=8.09578
{"epoch": 734, "global_step": 55050, "learning_rate": 0.00017206870618585049, "teacher_forcing": 1.0, "predicted_contact_fraction": 0.0, "epoch_seconds": 18.434014494996518, "elapsed_hours": 2.6800576226296835, "loss": 8.435227254231771, "loss_alignment": 0.30710116068522136, "loss_coefficient": 4.749100952148438, "loss_contact": 0.0, "loss_gate": 3.1896651204427084, "loss_reconstruction": 0.18936100641886394}
epoch=735 step=55100 loss=7.96464
{"epoch": 735, "global_step": 55125, "learning_rate": 0.00017199598776820011, "teacher_forcing": 1.0, "predicted_contact_fraction": 0.0, "epoch_seconds": 18.733849146403372, "elapsed_hours": 2.685262925981337, "loss": 8.345108642578126, "loss_alignment": 0.30592811584472657, "loss_coefficient": 4.661683858235677, "loss_contact": 0.0, "loss_gate": 3.187035624186198, "loss_reconstruction": 0.1904614734649658}
epoch=736 step=55150 loss=7.65424
epoch=736 step=55200 loss=8.68384
{"epoch": 736, "global_step": 55200, "learning_rate": 0.00017192319022237901, "teacher_forcing": 1.0, "predicted_contact_fraction": 0.0, "epoch_seconds": 18.639536508359015, "elapsed_hours": 2.690442016601899, "loss": 8.19094482421875, "loss_alignment": 0.3268482271830241, "loss_coefficient": 4.4759920247395835, "loss_contact": 0.0, "loss_gate": 3.201148885091146, "loss_reconstruction": 0.18695537567138673}
epoch=737 step=55250 loss=8.03592
{"epoch": 737, "global_step": 55275, "learning_rate": 0.00017185031362839626, "teacher_forcing": 1.0, "predicted_contact_fraction": 0.0, "epoch_seconds": 18.518186741974205, "elapsed_hours": 2.6955875070100754, "loss": 8.22806376139323, "loss_alignment": 0.3175191561381022, "loss_coefficient": 4.532967529296875, "loss_contact": 0.0, "loss_gate": 3.190180155436198, "loss_reconstruction": 0.18739512125651042}
epoch=738 step=55300 loss=7.96930
epoch=738 step=55350 loss=8.67851
{"epoch": 738, "global_step": 55350, "learning_rate": 0.00017177735806634789, "teacher_forcing": 1.0, "predicted_contact_fraction": 0.0, "epoch_seconds": 18.63912939513102, "elapsed_hours": 2.700766509909493, "loss": 8.280802205403646, "loss_alignment": 0.32831157048543297, "loss_coefficient": 4.556687418619791, "loss_contact": 0.0, "loss_gate": 3.2068883260091146, "loss_reconstruction": 0.18891515731811523}
epoch=739 step=55400 loss=7.52823
{"epoch": 739, "global_step": 55425, "learning_rate": 0.00017170432361641669, "teacher_forcing": 1.0, "predicted_contact_fraction": 0.0, "epoch_seconds": 18.593931826762855, "elapsed_hours": 2.705932926884982, "loss": 8.185746663411459, "loss_alignment": 0.30036733627319334, "loss_coefficient": 4.517717895507812, "loss_contact": 0.0, "loss_gate": 3.1800926717122397, "loss_reconstruction": 0.18756907145182292}
epoch=740 step=55450 loss=8.90819
epoch=740 step=55500 loss=7.94669
{"epoch": 740, "global_step": 55500, "learning_rate": 0.0001716312103588722, "teacher_forcing": 1.0, "predicted_contact_fraction": 0.0, "epoch_seconds": 18.81836069887504, "elapsed_hours": 2.7111616795380704, "loss": 7.979321695963542, "loss_alignment": 0.28624118169148766, "loss_coefficient": 4.346032206217448, "loss_contact": 0.0, "loss_gate": 3.162009429931641, "loss_reconstruction": 0.18503857294718423}
epoch=741 step=55550 loss=8.01691
{"epoch": 741, "global_step": 55575, "learning_rate": 0.00017155801837407053, "teacher_forcing": 1.0, "predicted_contact_fraction": 0.0, "epoch_seconds": 18.726473528891802, "elapsed_hours": 2.7165076145289153, "loss": 7.9791615804036455, "loss_alignment": 0.29682823181152346, "loss_coefficient": 4.3272627766927085, "loss_contact": 0.0, "loss_gate": 3.1695245361328124, "loss_reconstruction": 0.1855460770924886}
epoch=742 step=55600 loss=8.52740
epoch=742 step=55650 loss=7.48528
{"epoch": 742, "global_step": 55650, "learning_rate": 0.00017148474774245434, "teacher_forcing": 1.0, "predicted_contact_fraction": 0.0, "epoch_seconds": 18.837614865973592, "elapsed_hours": 2.7217418448280335, "loss": 8.1898974609375, "loss_alignment": 0.33157559076944987, "loss_coefficient": 4.476249694824219, "loss_contact": 0.0, "loss_gate": 3.1968490091959634, "loss_reconstruction": 0.18522347768147787}
epoch=743 step=55700 loss=8.65286
{"epoch": 743, "global_step": 55725, "learning_rate": 0.00017141139854455267, "teacher_forcing": 1.0, "predicted_contact_fraction": 0.0, "epoch_seconds": 18.72750263661146, "elapsed_hours": 2.726945329541987, "loss": 8.136686197916667, "loss_alignment": 0.30675690333048505, "loss_coefficient": 4.46474853515625, "loss_contact": 0.0, "loss_gate": 3.179057108561198, "loss_reconstruction": 0.18612273852030436}
epoch=744 step=55750 loss=7.43227
epoch=744 step=55800 loss=8.32872
{"epoch": 744, "global_step": 55800, "learning_rate": 0.00017133797086098097, "teacher_forcing": 1.0, "predicted_contact_fraction": 0.0, "epoch_seconds": 18.549414908047765, "elapsed_hours": 2.732099400281699, "loss": 8.184024454752604, "loss_alignment": 0.30206406275431313, "loss_coefficient": 4.5220703125, "loss_contact": 0.0, "loss_gate": 3.170968271891276, "loss_reconstruction": 0.18892338434855144}
epoch=745 step=55850 loss=8.75953
{"epoch": 745, "global_step": 55875, "learning_rate": 0.00017126446477244098, "teacher_forcing": 1.0, "predicted_contact_fraction": 0.0, "epoch_seconds": 18.563812012784183, "elapsed_hours": 2.737257446515529, "loss": 8.117825724283854, "loss_alignment": 0.3007602818806966, "loss_coefficient": 4.466373901367188, "loss_contact": 0.0, "loss_gate": 3.1644385782877604, "loss_reconstruction": 0.1862536334991455}
epoch=746 step=55900 loss=7.52174
epoch=746 step=55950 loss=8.12812
{"epoch": 746, "global_step": 55950, "learning_rate": 0.00017119088035972053, "teacher_forcing": 1.0, "predicted_contact_fraction": 0.0, "epoch_seconds": 18.52366458484903, "elapsed_hours": 2.742404352100307, "loss": 8.158549194335938, "loss_alignment": 0.3256415239969889, "loss_coefficient": 4.469869079589844, "loss_contact": 0.0, "loss_gate": 3.177315216064453, "loss_reconstruction": 0.1857242234547933}
epoch=747 step=56000 loss=7.36449
{"epoch": 747, "global_step": 56025, "learning_rate": 0.00017111721770369357, "teacher_forcing": 1.0, "predicted_contact_fraction": 0.0, "epoch_seconds": 18.452499207109213, "elapsed_hours": 2.7475315457594114, "loss": 8.2002978515625, "loss_alignment": 0.29391271591186524, "loss_coefficient": 4.563158365885417, "loss_contact": 0.0, "loss_gate": 3.1561152140299478, "loss_reconstruction": 0.187110595703125}
epoch=748 step=56050 loss=8.40242
epoch=748 step=56100 loss=8.89324
{"epoch": 748, "global_step": 56100, "learning_rate": 0.00017104347688532006, "teacher_forcing": 1.0, "predicted_contact_fraction": 0.0, "epoch_seconds": 18.5400524106808, "elapsed_hours": 2.752682984486067, "loss": 8.520829467773437, "loss_alignment": 0.32154425303141276, "loss_coefficient": 4.835048828125, "loss_contact": 0.0, "loss_gate": 3.1726249186197917, "loss_reconstruction": 0.19161193211873373}
epoch=749 step=56150 loss=9.12307
{"epoch": 749, "global_step": 56175, "learning_rate": 0.00017096965798564585, "teacher_forcing": 1.0, "predicted_contact_fraction": 0.0, "epoch_seconds": 18.398797544185072, "elapsed_hours": 2.7577951588486838, "loss": 8.178479817708334, "loss_alignment": 0.30120599110921226, "loss_coefficient": 4.529187215169271, "loss_contact": 0.0, "loss_gate": 3.162018585205078, "loss_reconstruction": 0.186068115234375}
epoch=750 step=56200 loss=7.73481
epoch=750 step=56250 loss=8.07822
{"epoch": 750, "global_step": 56250, "learning_rate": 0.0001708957610858026, "teacher_forcing": 1.0, "predicted_contact_fraction": 0.0, "epoch_seconds": 18.563806434627622, "elapsed_hours": 2.7629531728180075, "loss": 8.197122395833333, "loss_alignment": 0.3018810717264811, "loss_coefficient": 4.5538262939453125, "loss_contact": 0.0, "loss_gate": 3.1542456563313803, "loss_reconstruction": 0.18716919263203938}
epoch=751 step=56300 loss=7.83250
{"epoch": 751, "global_step": 56325, "learning_rate": 0.00017082178626700768, "teacher_forcing": 1.0, "predicted_contact_fraction": 0.0, "epoch_seconds": 18.66329411789775, "elapsed_hours": 2.768328582903681, "loss": 8.298229166666667, "loss_alignment": 0.304007453918457, "loss_coefficient": 4.650458475748698, "loss_contact": 0.0, "loss_gate": 3.155994618733724, "loss_reconstruction": 0.18776755332946776}
epoch=752 step=56350 loss=8.24062
epoch=752 step=56400 loss=8.20559
{"epoch": 752, "global_step": 56400, "learning_rate": 0.00017074773361056415, "teacher_forcing": 1.0, "predicted_contact_fraction": 0.0, "epoch_seconds": 18.352617908269167, "elapsed_hours": 2.7734280032700758, "loss": 8.176668701171875, "loss_alignment": 0.2999885622660319, "loss_coefficient": 4.538463948567708, "loss_contact": 0.0, "loss_gate": 3.1516048177083333, "loss_reconstruction": 0.18661155700683593}
epoch=753 step=56450 loss=8.74231
{"epoch": 753, "global_step": 56475, "learning_rate": 0.0001706736031978606, "teacher_forcing": 1.0, "predicted_contact_fraction": 0.0, "epoch_seconds": 18.25388032430783, "elapsed_hours": 2.7785000305414562, "loss": 8.268622029622396, "loss_alignment": 0.31016270955403646, "loss_coefficient": 4.613579915364583, "loss_contact": 0.0, "loss_gate": 3.156258595784505, "loss_reconstruction": 0.18862093925476076}
epoch=754 step=56500 loss=7.29864
epoch=754 step=56550 loss=8.94117
{"epoch": 754, "global_step": 56550, "learning_rate": 0.00017059939511037105, "teacher_forcing": 1.0, "predicted_contact_fraction": 0.0, "epoch_seconds": 18.670572934672236, "elapsed_hours": 2.783687866878075, "loss": 8.187093302408854, "loss_alignment": 0.3005394172668457, "loss_coefficient": 4.557266642252604, "loss_contact": 0.0, "loss_gate": 3.142678070068359, "loss_reconstruction": 0.18660848935445148}
epoch=755 step=56600 loss=9.00382
{"epoch": 755, "global_step": 56625, "learning_rate": 0.00017052510942965494, "teacher_forcing": 1.0, "predicted_contact_fraction": 0.0, "epoch_seconds": 18.747166412882507, "elapsed_hours": 2.7888968434803085, "loss": 8.075064493815104, "loss_alignment": 0.2864733568827311, "loss_coefficient": 4.462461751302083, "loss_contact": 0.0, "loss_gate": 3.1381348673502605, "loss_reconstruction": 0.18799471219380698}
epoch=756 step=56650 loss=9.03388
epoch=756 step=56700 loss=8.22243
{"epoch": 756, "global_step": 56700, "learning_rate": 0.0001704507462373569, "teacher_forcing": 1.0, "predicted_contact_fraction": 0.0, "epoch_seconds": 18.867249758914113, "elapsed_hours": 2.794139298916432, "loss": 8.40840576171875, "loss_alignment": 0.31634391148885094, "loss_coefficient": 4.748275146484375, "loss_contact": 0.0, "loss_gate": 3.153892161051432, "loss_reconstruction": 0.1898948860168457}
epoch=757 step=56750 loss=7.32176
{"epoch": 757, "global_step": 56775, "learning_rate": 0.00017037630561520688, "teacher_forcing": 1.0, "predicted_contact_fraction": 0.0, "epoch_seconds": 18.42540159681812, "elapsed_hours": 2.799258884800883, "loss": 8.221329549153646, "loss_alignment": 0.3148712603251139, "loss_coefficient": 4.561063842773438, "loss_contact": 0.0, "loss_gate": 3.1584629313151042, "loss_reconstruction": 0.1869317849477132}
epoch=758 step=56800 loss=8.50586
epoch=758 step=56850 loss=9.23299
{"epoch": 758, "global_step": 56850, "learning_rate": 0.00017030178764501977, "teacher_forcing": 1.0, "predicted_contact_fraction": 0.0, "epoch_seconds": 18.846537232398987, "elapsed_hours": 2.804495468383862, "loss": 8.111026204427084, "loss_alignment": 0.2996509106953939, "loss_coefficient": 4.4793323771158855, "loss_contact": 0.0, "loss_gate": 3.1460094197591144, "loss_reconstruction": 0.18603396733601887}
epoch=759 step=56900 loss=6.67671
{"epoch": 759, "global_step": 56925, "learning_rate": 0.00017022719240869565, "teacher_forcing": 1.0, "predicted_contact_fraction": 0.0, "epoch_seconds": 18.672439073212445, "elapsed_hours": 2.8096836552114435, "loss": 8.094704182942708, "loss_alignment": 0.31369791030883787, "loss_coefficient": 4.442188618977864, "loss_contact": 0.0, "loss_gate": 3.1530332438151043, "loss_reconstruction": 0.1857839520772298}
epoch=760 step=56950 loss=7.54925
epoch=760 step=57000 loss=9.95330
{"epoch": 760, "global_step": 57000, "learning_rate": 0.00017015251998821936, "teacher_forcing": 1.0, "predicted_contact_fraction": 0.0, "epoch_seconds": 18.96335137076676, "elapsed_hours": 2.8149527036244724, "loss": 8.273485514322916, "loss_alignment": 0.308267084757487, "loss_coefficient": 4.631897379557292, "loss_contact": 0.0, "loss_gate": 3.1439452107747394, "loss_reconstruction": 0.18937665939331055}
epoch=761 step=57050 loss=8.02895
{"epoch": 761, "global_step": 57075, "learning_rate": 0.00017007777046566073, "teacher_forcing": 1.0, "predicted_contact_fraction": 0.0, "epoch_seconds": 18.84205893287435, "elapsed_hours": 2.8203324823891225, "loss": 8.370906982421875, "loss_alignment": 0.3342096837361654, "loss_coefficient": 4.686710408528646, "loss_contact": 0.0, "loss_gate": 3.1602909342447916, "loss_reconstruction": 0.18969581604003907}
epoch=762 step=57100 loss=9.20442
epoch=762 step=57150 loss=8.62551
{"epoch": 762, "global_step": 57150, "learning_rate": 0.00017000294392317415, "teacher_forcing": 1.0, "predicted_contact_fraction": 0.0, "epoch_seconds": 18.536967967636883, "elapsed_hours": 2.8254830242227764, "loss": 8.094345296223958, "loss_alignment": 0.2997356096903483, "loss_coefficient": 4.465807902018229, "loss_contact": 0.0, "loss_gate": 3.1431392415364585, "loss_reconstruction": 0.18566258748372397}
epoch=763 step=57200 loss=7.72170
{"epoch": 763, "global_step": 57225, "learning_rate": 0.0001699280404429988, "teacher_forcing": 1.0, "predicted_contact_fraction": 0.0, "epoch_seconds": 18.69256275286898, "elapsed_hours": 2.8306769516436745, "loss": 8.182809244791667, "loss_alignment": 0.32763044993082685, "loss_coefficient": 4.504141438802083, "loss_contact": 0.0, "loss_gate": 3.16408686319987, "loss_reconstruction": 0.18695130666097004}
epoch=764 step=57250 loss=8.53304
epoch=764 step=57300 loss=7.90975
{"epoch": 764, "global_step": 57300, "learning_rate": 0.00016985306010745835, "teacher_forcing": 1.0, "predicted_contact_fraction": 0.0, "epoch_seconds": 18.2269111960195, "elapsed_hours": 2.835741407987791, "loss": 8.122914428710937, "loss_alignment": 0.3033376630147298, "loss_coefficient": 4.494438883463542, "loss_contact": 0.0, "loss_gate": 3.13993413289388, "loss_reconstruction": 0.18520455042521158}
epoch=765 step=57350 loss=7.57165
{"epoch": 765, "global_step": 57375, "learning_rate": 0.00016977800299896093, "teacher_forcing": 1.0, "predicted_contact_fraction": 0.0, "epoch_seconds": 18.71741218585521, "elapsed_hours": 2.8409421958875223, "loss": 8.425494791666667, "loss_alignment": 0.30557409922281903, "loss_coefficient": 4.788797810872396, "loss_contact": 0.0, "loss_gate": 3.1402374776204427, "loss_reconstruction": 0.19088473637898762}
epoch=766 step=57400 loss=8.50947
epoch=766 step=57450 loss=9.51674
{"epoch": 766, "global_step": 57450, "learning_rate": 0.00016970286919999915, "teacher_forcing": 1.0, "predicted_contact_fraction": 0.0, "epoch_seconds": 18.159075658768415, "elapsed_hours": 2.845987799121067, "loss": 8.170216674804687, "loss_alignment": 0.29866395314534505, "loss_coefficient": 4.549901123046875, "loss_contact": 0.0, "loss_gate": 3.135064442952474, "loss_reconstruction": 0.18658756256103515}
epoch=767 step=57500 loss=7.91015
{"epoch": 767, "global_step": 57525, "learning_rate": 0.0001696276587931498, "teacher_forcing": 1.0, "predicted_contact_fraction": 0.0, "epoch_seconds": 18.368874907959253, "elapsed_hours": 2.8510918857030467, "loss": 8.170403442382813, "loss_alignment": 0.3046862602233887, "loss_coefficient": 4.5454490152994795, "loss_contact": 0.0, "loss_gate": 3.1346562194824217, "loss_reconstruction": 0.18561126073201498}
epoch=768 step=57550 loss=7.42866
epoch=768 step=57600 loss=9.16735
{"epoch": 768, "global_step": 57600, "learning_rate": 0.00016955237186107387, "teacher_forcing": 1.0, "predicted_contact_fraction": 0.0, "epoch_seconds": 18.469601174350828, "elapsed_hours": 2.856223741784407, "loss": 8.211930338541666, "loss_alignment": 0.29777671813964846, "loss_coefficient": 4.600965169270833, "loss_contact": 0.0, "loss_gate": 3.126569315592448, "loss_reconstruction": 0.18661961555480958}
epoch=769 step=57650 loss=7.94881
{"epoch": 769, "global_step": 57675, "learning_rate": 0.00016947700848651652, "teacher_forcing": 1.0, "predicted_contact_fraction": 0.0, "epoch_seconds": 18.733702040743083, "elapsed_hours": 2.8614290159441427, "loss": 8.112317301432292, "loss_alignment": 0.27802490870157875, "loss_coefficient": 4.533888651529948, "loss_contact": 0.0, "loss_gate": 3.1143317159016926, "loss_reconstruction": 0.18607158660888673}
epoch=770 step=57700 loss=7.62680
epoch=770 step=57750 loss=9.49431
{"epoch": 770, "global_step": 57750, "learning_rate": 0.00016940156875230687, "teacher_forcing": 1.0, "predicted_contact_fraction": 0.0, "epoch_seconds": 18.66063606692478, "elapsed_hours": 2.866613929192277, "loss": 8.134251302083333, "loss_alignment": 0.2885989125569661, "loss_coefficient": 4.544915873209636, "loss_contact": 0.0, "loss_gate": 3.1152623494466147, "loss_reconstruction": 0.18547418276468913}
epoch=771 step=57800 loss=8.16243
{"epoch": 771, "global_step": 57825, "learning_rate": 0.00016932605274135805, "teacher_forcing": 1.0, "predicted_contact_fraction": 0.0, "epoch_seconds": 18.592613717075437, "elapsed_hours": 2.8719250731100328, "loss": 7.953690795898438, "loss_alignment": 0.3149213727315267, "loss_coefficient": 4.3214628092447915, "loss_contact": 0.0, "loss_gate": 3.133925069173177, "loss_reconstruction": 0.1833817481994629}
epoch=772 step=57850 loss=7.77949
epoch=772 step=57900 loss=8.42384
{"epoch": 772, "global_step": 57900, "learning_rate": 0.0001692504605366669, "teacher_forcing": 1.0, "predicted_contact_fraction": 0.0, "epoch_seconds": 18.510380354244262, "elapsed_hours": 2.8770682592417063, "loss": 7.952589518229167, "loss_alignment": 0.29621713638305663, "loss_coefficient": 4.356642761230469, "loss_contact": 0.0, "loss_gate": 3.1157626342773437, "loss_reconstruction": 0.1839676316579183}
epoch=773 step=57950 loss=9.31259
{"epoch": 773, "global_step": 57975, "learning_rate": 0.00016917479222131407, "teacher_forcing": 1.0, "predicted_contact_fraction": 0.0, "epoch_seconds": 18.414103095419705, "elapsed_hours": 2.882184749116681, "loss": 8.061382853190104, "loss_alignment": 0.3112521616617839, "loss_coefficient": 4.44232187906901, "loss_contact": 0.0, "loss_gate": 3.1232288614908854, "loss_reconstruction": 0.18458154996236165}
epoch=774 step=58000 loss=8.51282
epoch=774 step=58050 loss=7.85505
{"epoch": 774, "global_step": 58050, "learning_rate": 0.00016909904787846386, "teacher_forcing": 1.0, "predicted_contact_fraction": 0.0, "epoch_seconds": 18.47584743704647, "elapsed_hours": 2.887318377637227, "loss": 8.202272135416667, "loss_alignment": 0.3271109708150228, "loss_coefficient": 4.546748555501302, "loss_contact": 0.0, "loss_gate": 3.1421929931640626, "loss_reconstruction": 0.1862184715270996}
epoch=775 step=58100 loss=8.64305
{"epoch": 775, "global_step": 58125, "learning_rate": 0.00016902322759136413, "teacher_forcing": 1.0, "predicted_contact_fraction": 0.0, "epoch_seconds": 18.403638634830713, "elapsed_hours": 2.892431948195574, "loss": 8.037979125976562, "loss_alignment": 0.3078232256571452, "loss_coefficient": 4.421822713216145, "loss_contact": 0.0, "loss_gate": 3.1243807474772134, "loss_reconstruction": 0.18395253817240398}
epoch=776 step=58150 loss=8.58183
epoch=776 step=58200 loss=7.95361
{"epoch": 776, "global_step": 58200, "learning_rate": 0.00016894733144334618, "teacher_forcing": 1.0, "predicted_contact_fraction": 0.0, "epoch_seconds": 18.450928040780127, "elapsed_hours": 2.8975587837894756, "loss": 7.916565551757812, "loss_alignment": 0.2945622889200846, "loss_coefficient": 4.326285807291667, "loss_contact": 0.0, "loss_gate": 3.1123177591959634, "loss_reconstruction": 0.18339921633402506}
epoch=777 step=58250 loss=7.92353
{"epoch": 777, "global_step": 58275, "learning_rate": 0.0001688713595178247, "teacher_forcing": 1.0, "predicted_contact_fraction": 0.0, "epoch_seconds": 18.846173931844532, "elapsed_hours": 2.9027952232735696, "loss": 7.943954060872396, "loss_alignment": 0.3006433041890462, "loss_coefficient": 4.342897135416667, "loss_contact": 0.0, "loss_gate": 3.117694295247396, "loss_reconstruction": 0.18272058169047037}
epoch=778 step=58300 loss=7.70899
epoch=778 step=58350 loss=7.85415
{"epoch": 778, "global_step": 58350, "learning_rate": 0.0001687953118982977, "teacher_forcing": 1.0, "predicted_contact_fraction": 0.0, "epoch_seconds": 18.25028080539778, "elapsed_hours": 2.9078661907691923, "loss": 7.751691080729167, "loss_alignment": 0.29516528447469076, "loss_coefficient": 4.166084899902343, "loss_contact": 0.0, "loss_gate": 3.109904327392578, "loss_reconstruction": 0.18053655942281088}
epoch=779 step=58400 loss=8.42330
{"epoch": 779, "global_step": 58425, "learning_rate": 0.00016871918866834636, "teacher_forcing": 1.0, "predicted_contact_fraction": 0.0, "epoch_seconds": 18.608044212218374, "elapsed_hours": 2.913036513190277, "loss": 8.257147623697916, "loss_alignment": 0.3191431999206543, "loss_coefficient": 4.62004628499349, "loss_contact": 0.0, "loss_gate": 3.130806427001953, "loss_reconstruction": 0.18715131123860676}
epoch=780 step=58450 loss=8.53065
epoch=780 step=58500 loss=8.62447
{"epoch": 780, "global_step": 58500, "learning_rate": 0.0001686429899116349, "teacher_forcing": 1.0, "predicted_contact_fraction": 0.0, "epoch_seconds": 18.37193735782057, "elapsed_hours": 2.9181412327633653, "loss": 7.9222784423828125, "loss_alignment": 0.2898722267150879, "loss_coefficient": 4.347623291015625, "loss_contact": 0.0, "loss_gate": 3.101920674641927, "loss_reconstruction": 0.18286301294962565}
epoch=781 step=58550 loss=7.68358
{"epoch": 781, "global_step": 58575, "learning_rate": 0.00016856671571191065, "teacher_forcing": 1.0, "predicted_contact_fraction": 0.0, "epoch_seconds": 18.302108654752374, "elapsed_hours": 2.923368028365852, "loss": 8.199782511393229, "loss_alignment": 0.297367057800293, "loss_coefficient": 4.611164855957031, "loss_contact": 0.0, "loss_gate": 3.10587153116862, "loss_reconstruction": 0.1853777535756429}
epoch=782 step=58600 loss=7.35778
epoch=782 step=58650 loss=9.31110
{"epoch": 782, "global_step": 58650, "learning_rate": 0.00016849036615300379, "teacher_forcing": 1.0, "predicted_contact_fraction": 0.0, "epoch_seconds": 18.23650855338201, "elapsed_hours": 2.9284351524700307, "loss": 7.947430013020833, "loss_alignment": 0.29290472030639647, "loss_coefficient": 4.369229024251302, "loss_contact": 0.0, "loss_gate": 3.102627156575521, "loss_reconstruction": 0.18266915957132976}
epoch=783 step=58700 loss=8.80863
{"epoch": 783, "global_step": 58725, "learning_rate": 0.00016841394131882732, "teacher_forcing": 1.0, "predicted_contact_fraction": 0.0, "epoch_seconds": 18.4979646531865, "elapsed_hours": 2.933574916416158, "loss": 8.343774820963542, "loss_alignment": 0.3170733261108398, "loss_coefficient": 4.72295166015625, "loss_contact": 0.0, "loss_gate": 3.1146341959635415, "loss_reconstruction": 0.18911619504292806}
epoch=784 step=58750 loss=7.69772
epoch=784 step=58800 loss=8.16549
{"epoch": 784, "global_step": 58800, "learning_rate": 0.00016833744129337704, "teacher_forcing": 1.0, "predicted_contact_fraction": 0.0, "epoch_seconds": 19.046177060808986, "elapsed_hours": 2.9388676347086826, "loss": 7.999029337565104, "loss_alignment": 0.30649890263875323, "loss_coefficient": 4.400006205240885, "loss_contact": 0.0, "loss_gate": 3.108462473551432, "loss_reconstruction": 0.18406210581461588}
epoch=785 step=58850 loss=8.67560
{"epoch": 785, "global_step": 58875, "learning_rate": 0.00016826086616073132, "teacher_forcing": 1.0, "predicted_contact_fraction": 0.0, "epoch_seconds": 18.594061074778438, "elapsed_hours": 2.944034364706992, "loss": 8.125382486979166, "loss_alignment": 0.3011326662699382, "loss_coefficient": 4.535726420084635, "loss_contact": 0.0, "loss_gate": 3.1023895263671877, "loss_reconstruction": 0.18613340695699057}
epoch=786 step=58900 loss=8.30515
epoch=786 step=58950 loss=8.46997
{"epoch": 786, "global_step": 58950, "learning_rate": 0.00016818421600505107, "teacher_forcing": 1.0, "predicted_contact_fraction": 0.0, "epoch_seconds": 19.109915890265256, "elapsed_hours": 2.9493441734819985, "loss": 7.869634399414062, "loss_alignment": 0.2847845013936361, "loss_coefficient": 4.309216918945313, "loss_contact": 0.0, "loss_gate": 3.0933109537760415, "loss_reconstruction": 0.18232171694437663}
epoch=787 step=59000 loss=7.79890
{"epoch": 787, "global_step": 59025, "learning_rate": 0.00016810749091057973, "teacher_forcing": 1.0, "predicted_contact_fraction": 0.0, "epoch_seconds": 18.63857125164941, "elapsed_hours": 2.954523090126717, "loss": 8.086724039713541, "loss_alignment": 0.29699713389078775, "loss_coefficient": 4.508618977864583, "loss_contact": 0.0, "loss_gate": 3.0976160685221354, "loss_reconstruction": 0.18349152247111003}
epoch=788 step=59050 loss=7.53269
epoch=788 step=59100 loss=7.84689
{"epoch": 788, "global_step": 59100, "learning_rate": 0.00016803069096164305, "teacher_forcing": 1.0, "predicted_contact_fraction": 0.0, "epoch_seconds": 18.88808915996924, "elapsed_hours": 2.9597711992169367, "loss": 8.070411987304688, "loss_alignment": 0.29876189549764, "loss_coefficient": 4.489142049153646, "loss_contact": 0.0, "loss_gate": 3.0990206400553384, "loss_reconstruction": 0.18348665873209635}
epoch=789 step=59150 loss=8.28406
{"epoch": 789, "global_step": 59175, "learning_rate": 0.00016795381624264908, "teacher_forcing": 1.0, "predicted_contact_fraction": 0.0, "epoch_seconds": 18.893750712741166, "elapsed_hours": 2.9650209360424844, "loss": 8.097195841471354, "loss_alignment": 0.2925510342915853, "loss_coefficient": 4.5311731974283855, "loss_contact": 0.0, "loss_gate": 3.089282430013021, "loss_reconstruction": 0.1841908041636149}
epoch=790 step=59200 loss=7.86118
epoch=790 step=59250 loss=6.76112
{"epoch": 790, "global_step": 59250, "learning_rate": 0.00016787686683808798, "teacher_forcing": 1.0, "predicted_contact_fraction": 0.0, "epoch_seconds": 18.504493752028793, "elapsed_hours": 2.970162659534512, "loss": 8.072423095703124, "loss_alignment": 0.30294851938883466, "loss_coefficient": 4.49031260172526, "loss_contact": 0.0, "loss_gate": 3.0924854532877606, "loss_reconstruction": 0.18667685826619465}
epoch=791 step=59300 loss=8.95724
{"epoch": 791, "global_step": 59325, "learning_rate": 0.0001677998428325321, "teacher_forcing": 1.0, "predicted_contact_fraction": 0.0, "epoch_seconds": 18.32509923679754, "elapsed_hours": 2.9753972549407948, "loss": 7.991132405598958, "loss_alignment": 0.2997127342224121, "loss_coefficient": 4.414334309895834, "loss_contact": 0.0, "loss_gate": 3.093763631184896, "loss_reconstruction": 0.18332186381022136}
epoch=792 step=59350 loss=7.28109
epoch=792 step=59400 loss=7.85297
{"epoch": 792, "global_step": 59400, "learning_rate": 0.00016772274431063565, "teacher_forcing": 1.0, "predicted_contact_fraction": 0.0, "epoch_seconds": 18.702437709085643, "elapsed_hours": 2.98059397592468, "loss": 7.8891984049479165, "loss_alignment": 0.29872796376546223, "loss_coefficient": 4.320888875325521, "loss_contact": 0.0, "loss_gate": 3.0870850118001303, "loss_reconstruction": 0.18249642690022785}
epoch=793 step=59450 loss=7.73946
{"epoch": 793, "global_step": 59475, "learning_rate": 0.00016764557135713487, "teacher_forcing": 1.0, "predicted_contact_fraction": 0.0, "epoch_seconds": 18.752561999019235, "elapsed_hours": 2.9858044648991844, "loss": 8.090128173828125, "loss_alignment": 0.3136810366312663, "loss_coefficient": 4.487029317220052, "loss_contact": 0.0, "loss_gate": 3.104990946451823, "loss_reconstruction": 0.18442713737487793}
epoch=794 step=59500 loss=8.34096
epoch=794 step=59550 loss=7.56548
{"epoch": 794, "global_step": 59550, "learning_rate": 0.00016756832405684773, "teacher_forcing": 1.0, "predicted_contact_fraction": 0.0, "epoch_seconds": 18.607462427113205, "elapsed_hours": 2.990974656293919, "loss": 8.018010660807292, "loss_alignment": 0.3057272974650065, "loss_coefficient": 4.428624572753907, "loss_contact": 0.0, "loss_gate": 3.0995687357584636, "loss_reconstruction": 0.18409051259358725}
epoch=795 step=59600 loss=8.00477
{"epoch": 795, "global_step": 59625, "learning_rate": 0.0001674910024946739, "teacher_forcing": 1.0, "predicted_contact_fraction": 0.0, "epoch_seconds": 18.73940225597471, "elapsed_hours": 2.996181426391704, "loss": 7.816540323893229, "loss_alignment": 0.28817221959431966, "loss_coefficient": 4.267688496907552, "loss_contact": 0.0, "loss_gate": 3.0802337646484377, "loss_reconstruction": 0.18044564565022786}
epoch=796 step=59650 loss=7.41338
epoch=796 step=59700 loss=7.70269
{"epoch": 796, "global_step": 59700, "learning_rate": 0.00016741360675559473, "teacher_forcing": 1.0, "predicted_contact_fraction": 0.0, "epoch_seconds": 18.6770030381158, "elapsed_hours": 3.001370903426626, "loss": 7.716590372721354, "loss_alignment": 0.2821904373168945, "loss_coefficient": 4.185593566894531, "loss_contact": 0.0, "loss_gate": 3.0690265909830727, "loss_reconstruction": 0.1797805404663086}
epoch=797 step=59750 loss=7.63110
{"epoch": 797, "global_step": 59775, "learning_rate": 0.0001673361369246731, "teacher_forcing": 1.0, "predicted_contact_fraction": 0.0, "epoch_seconds": 18.063860594760627, "elapsed_hours": 3.0063901377825015, "loss": 7.899822998046875, "loss_alignment": 0.29331150054931643, "loss_coefficient": 4.345212097167969, "loss_contact": 0.0, "loss_gate": 3.0797847493489585, "loss_reconstruction": 0.1815156078338623}
epoch=798 step=59800 loss=7.35431
epoch=798 step=59850 loss=8.62404
{"epoch": 798, "global_step": 59850, "learning_rate": 0.00016725859308705317, "teacher_forcing": 1.0, "predicted_contact_fraction": 0.0, "epoch_seconds": 18.934473507106304, "elapsed_hours": 3.0116511897191716, "loss": 7.986378173828125, "loss_alignment": 0.307999324798584, "loss_coefficient": 4.409899190266927, "loss_contact": 0.0, "loss_gate": 3.085332438151042, "loss_reconstruction": 0.18314687093098958}
epoch=799 step=59900 loss=7.97371
{"epoch": 799, "global_step": 59925, "learning_rate": 0.00016718097532796063, "teacher_forcing": 1.0, "predicted_contact_fraction": 0.0, "epoch_seconds": 18.771531563717872, "elapsed_hours": 3.01686691346643, "loss": 8.003193766276041, "loss_alignment": 0.29310014088948566, "loss_coefficient": 4.448793741861979, "loss_contact": 0.0, "loss_gate": 3.0781246439615884, "loss_reconstruction": 0.1831760851542155}
epoch=800 step=59950 loss=7.83347
epoch=800 step=60000 loss=8.19553
{"epoch": 800, "global_step": 60000, "learning_rate": 0.0001671032837327023, "teacher_forcing": 1.0, "predicted_contact_fraction": 0.0, "epoch_seconds": 18.672251387964934, "elapsed_hours": 3.0220551282939656, "loss": 8.080675455729166, "loss_alignment": 0.30843698501586914, "loss_coefficient": 4.505706888834635, "loss_contact": 0.0, "loss_gate": 3.0814468892415365, "loss_reconstruction": 0.18508456230163575}
epoch=801 step=60050 loss=8.10509
{"epoch": 801, "global_step": 60075, "learning_rate": 0.0001670255183866662, "teacher_forcing": 1.0, "predicted_contact_fraction": 0.0, "epoch_seconds": 18.391193605959415, "elapsed_hours": 3.0273089945644864, "loss": 8.033372395833334, "loss_alignment": 0.30012571334838867, "loss_coefficient": 4.465800170898437, "loss_contact": 0.0, "loss_gate": 3.0832199605305988, "loss_reconstruction": 0.18422623634338378}
epoch=802 step=60100 loss=8.16777
epoch=802 step=60150 loss=7.98210
{"epoch": 802, "global_step": 60150, "learning_rate": 0.00016694767937532143, "teacher_forcing": 1.0, "predicted_contact_fraction": 0.0, "epoch_seconds": 19.01974377827719, "elapsed_hours": 3.0325938408697644, "loss": 8.003657633463542, "loss_alignment": 0.2957134628295898, "loss_coefficient": 4.449743448893229, "loss_contact": 0.0, "loss_gate": 3.07458246866862, "loss_reconstruction": 0.18361894289652506}
epoch=803 step=60200 loss=6.80222
{"epoch": 803, "global_step": 60225, "learning_rate": 0.00016686976678421798, "teacher_forcing": 1.0, "predicted_contact_fraction": 0.0, "epoch_seconds": 18.67825044505298, "elapsed_hours": 3.0377836560595055, "loss": 7.996138916015625, "loss_alignment": 0.28904971440633137, "loss_coefficient": 4.4551314290364585, "loss_contact": 0.0, "loss_gate": 3.068422597249349, "loss_reconstruction": 0.18353621482849122}
epoch=804 step=60250 loss=7.19396
epoch=804 step=60300 loss=8.18680
{"epoch": 804, "global_step": 60300, "learning_rate": 0.00016679178069898672, "teacher_forcing": 1.0, "predicted_contact_fraction": 0.0, "epoch_seconds": 18.18267961172387, "elapsed_hours": 3.0428358757966714, "loss": 7.9029158528645835, "loss_alignment": 0.2832193883260091, "loss_coefficient": 4.381042073567708, "loss_contact": 0.0, "loss_gate": 3.0572711181640626, "loss_reconstruction": 0.18138563474019367}
epoch=805 step=60350 loss=6.93012
{"epoch": 805, "global_step": 60375, "learning_rate": 0.00016671372120533935, "teacher_forcing": 1.0, "predicted_contact_fraction": 0.0, "epoch_seconds": 18.490935584064573, "elapsed_hours": 3.0479737530366724, "loss": 7.881703084309896, "loss_alignment": 0.29334615071614584, "loss_coefficient": 4.345828755696615, "loss_contact": 0.0, "loss_gate": 3.061181437174479, "loss_reconstruction": 0.181346861521403}
epoch=806 step=60400 loss=7.47630
epoch=806 step=60450 loss=7.30405
{"epoch": 806, "global_step": 60450, "learning_rate": 0.00016663558838906823, "teacher_forcing": 1.0, "predicted_contact_fraction": 0.0, "epoch_seconds": 18.4895451948978, "elapsed_hours": 3.0531112202322888, "loss": 7.9897206624348955, "loss_alignment": 0.31358184178670245, "loss_coefficient": 4.414776204427083, "loss_contact": 0.0, "loss_gate": 3.0800434875488283, "loss_reconstruction": 0.18131967544555663}
epoch=807 step=60500 loss=8.62801
{"epoch": 807, "global_step": 60525, "learning_rate": 0.00016655738233604624, "teacher_forcing": 1.0, "predicted_contact_fraction": 0.0, "epoch_seconds": 18.574911152012646, "elapsed_hours": 3.0582724663792438, "loss": 7.998845825195312, "loss_alignment": 0.2971479670206706, "loss_coefficient": 4.449971720377604, "loss_contact": 0.0, "loss_gate": 3.0682486979166668, "loss_reconstruction": 0.18347694396972655}
epoch=808 step=60550 loss=7.47256
epoch=808 step=60600 loss=8.19480
{"epoch": 808, "global_step": 60600, "learning_rate": 0.0001664791031322269, "teacher_forcing": 1.0, "predicted_contact_fraction": 0.0, "epoch_seconds": 18.986912303138524, "elapsed_hours": 3.0635480194391373, "loss": 7.977341918945313, "loss_alignment": 0.30043876012166343, "loss_coefficient": 4.4249933878580725, "loss_contact": 0.0, "loss_gate": 3.0686785888671877, "loss_reconstruction": 0.18323171297709148}
epoch=809 step=60650 loss=7.92332
{"epoch": 809, "global_step": 60675, "learning_rate": 0.00016640075086364395, "teacher_forcing": 1.0, "predicted_contact_fraction": 0.0, "epoch_seconds": 18.298484154045582, "elapsed_hours": 3.068632808092516, "loss": 8.079349772135417, "loss_alignment": 0.31662426630655927, "loss_coefficient": 4.503289489746094, "loss_contact": 0.0, "loss_gate": 3.0747168986002604, "loss_reconstruction": 0.1847194798787435}
epoch=810 step=60700 loss=7.74214
epoch=810 step=60750 loss=8.57946
{"epoch": 810, "global_step": 60750, "learning_rate": 0.00016632232561641157, "teacher_forcing": 1.0, "predicted_contact_fraction": 0.0, "epoch_seconds": 18.461548168212175, "elapsed_hours": 3.073762675287823, "loss": 7.7876198323567705, "loss_alignment": 0.29442715962727867, "loss_coefficient": 4.251735127766927, "loss_contact": 0.0, "loss_gate": 3.061324717203776, "loss_reconstruction": 0.18013361612955728}
epoch=811 step=60800 loss=7.96446
{"epoch": 811, "global_step": 60825, "learning_rate": 0.00016624382747672405, "teacher_forcing": 1.0, "predicted_contact_fraction": 0.0, "epoch_seconds": 18.700415309984237, "elapsed_hours": 3.079098263480054, "loss": 7.948788859049479, "loss_alignment": 0.3072902234395345, "loss_coefficient": 4.386804097493489, "loss_contact": 0.0, "loss_gate": 3.073150126139323, "loss_reconstruction": 0.18154431660970052}
epoch=812 step=60850 loss=7.61456
epoch=812 step=60900 loss=8.38641
{"epoch": 812, "global_step": 60900, "learning_rate": 0.00016616525653085588, "teacher_forcing": 1.0, "predicted_contact_fraction": 0.0, "epoch_seconds": 18.4484770889394, "elapsed_hours": 3.0842245104260897, "loss": 7.696163330078125, "loss_alignment": 0.2883364232381185, "loss_coefficient": 4.175242004394531, "loss_contact": 0.0, "loss_gate": 3.0545278930664064, "loss_reconstruction": 0.17805724143981932}
epoch=813 step=60950 loss=8.05620
{"epoch": 813, "global_step": 60975, "learning_rate": 0.00016608661286516153, "teacher_forcing": 1.0, "predicted_contact_fraction": 0.0, "epoch_seconds": 18.326804351992905, "elapsed_hours": 3.0893167413336537, "loss": 7.951758219401042, "loss_alignment": 0.29063720067342125, "loss_coefficient": 4.424936014811198, "loss_contact": 0.0, "loss_gate": 3.0557097371419273, "loss_reconstruction": 0.1804757340749105}
epoch=814 step=61000 loss=8.05810
epoch=814 step=61050 loss=7.80837
{"epoch": 814, "global_step": 61050, "learning_rate": 0.00016600789656607537, "teacher_forcing": 1.0, "predicted_contact_fraction": 0.0, "epoch_seconds": 18.439558007754385, "elapsed_hours": 3.09444126901773, "loss": 7.848403523763021, "loss_alignment": 0.30540627797444664, "loss_coefficient": 4.29841807047526, "loss_contact": 0.0, "loss_gate": 3.063726552327474, "loss_reconstruction": 0.1808530330657959}
epoch=815 step=61100 loss=7.62323
{"epoch": 815, "global_step": 61125, "learning_rate": 0.00016592910772011157, "teacher_forcing": 1.0, "predicted_contact_fraction": 0.0, "epoch_seconds": 18.424568614922464, "elapsed_hours": 3.099561076373405, "loss": 7.800071207682292, "loss_alignment": 0.2799788029988607, "loss_coefficient": 4.292162272135417, "loss_contact": 0.0, "loss_gate": 3.0475924173990885, "loss_reconstruction": 0.1803376007080078}
epoch=816 step=61150 loss=8.30802
epoch=816 step=61200 loss=7.88710
{"epoch": 816, "global_step": 61200, "learning_rate": 0.0001658502464138642, "teacher_forcing": 1.0, "predicted_contact_fraction": 0.0, "epoch_seconds": 18.60972715076059, "elapsed_hours": 3.1047318685603225, "loss": 7.770394490559895, "loss_alignment": 0.2841649627685547, "loss_coefficient": 4.262739562988282, "loss_contact": 0.0, "loss_gate": 3.0434974670410155, "loss_reconstruction": 0.17999340693155924}
epoch=817 step=61250 loss=8.01626
{"epoch": 817, "global_step": 61275, "learning_rate": 0.00016577131273400676, "teacher_forcing": 1.0, "predicted_contact_fraction": 0.0, "epoch_seconds": 19.061391112860292, "elapsed_hours": 3.1100281477506115, "loss": 7.573980509440104, "loss_alignment": 0.2733023516337077, "loss_coefficient": 4.090615844726562, "loss_contact": 0.0, "loss_gate": 3.033795878092448, "loss_reconstruction": 0.1762664572397868}
epoch=818 step=61300 loss=6.79462
epoch=818 step=61350 loss=7.13998
{"epoch": 818, "global_step": 61350, "learning_rate": 0.00016569230676729242, "teacher_forcing": 1.0, "predicted_contact_fraction": 0.0, "epoch_seconds": 18.63484947104007, "elapsed_hours": 3.1152061187486266, "loss": 7.644122111002604, "loss_alignment": 0.283324031829834, "loss_coefficient": 4.141755879720052, "loss_contact": 0.0, "loss_gate": 3.04123779296875, "loss_reconstruction": 0.17780399004618327}
epoch=819 step=61400 loss=8.52512
{"epoch": 819, "global_step": 61425, "learning_rate": 0.0001656132286005538, "teacher_forcing": 1.0, "predicted_contact_fraction": 0.0, "epoch_seconds": 18.47691447706893, "elapsed_hours": 3.1203399982547855, "loss": 7.865528564453125, "loss_alignment": 0.29808244069417317, "loss_coefficient": 4.341712341308594, "loss_contact": 0.0, "loss_gate": 3.0451388041178387, "loss_reconstruction": 0.18059491475423178}
epoch=820 step=61450 loss=7.92008
epoch=820 step=61500 loss=8.06866
{"epoch": 820, "global_step": 61500, "learning_rate": 0.00016553407832070277, "teacher_forcing": 1.0, "predicted_contact_fraction": 0.0, "epoch_seconds": 18.397919156122953, "elapsed_hours": 3.125452086568629, "loss": 7.956509399414062, "loss_alignment": 0.29529712041219075, "loss_coefficient": 4.430858154296875, "loss_contact": 0.0, "loss_gate": 3.0467645772298177, "loss_reconstruction": 0.18358951886494954}
epoch=821 step=61550 loss=7.51938
{"epoch": 821, "global_step": 61575, "learning_rate": 0.00016545485601473053, "teacher_forcing": 1.0, "predicted_contact_fraction": 0.0, "epoch_seconds": 18.586924287956208, "elapsed_hours": 3.130808079540859, "loss": 8.22289042154948, "loss_alignment": 0.32708986282348634, "loss_coefficient": 4.642424926757813, "loss_contact": 0.0, "loss_gate": 3.06752685546875, "loss_reconstruction": 0.18584978103637695}
epoch=822 step=61600 loss=8.66170
epoch=822 step=61650 loss=7.78022
{"epoch": 822, "global_step": 61650, "learning_rate": 0.0001653755617697075, "teacher_forcing": 1.0, "predicted_contact_fraction": 0.0, "epoch_seconds": 18.830694096162915, "elapsed_hours": 3.1360402415139186, "loss": 8.02870381673177, "loss_alignment": 0.3166388702392578, "loss_coefficient": 4.470256144205729, "loss_contact": 0.0, "loss_gate": 3.0594972229003905, "loss_reconstruction": 0.1823122755686442}
epoch=823 step=61700 loss=7.93016
{"epoch": 823, "global_step": 61725, "learning_rate": 0.00016529619567278301, "teacher_forcing": 1.0, "predicted_contact_fraction": 0.0, "epoch_seconds": 18.45442951703444, "elapsed_hours": 3.141168005527256, "loss": 7.918745524088542, "loss_alignment": 0.290728079477946, "loss_coefficient": 4.398641153971354, "loss_contact": 0.0, "loss_gate": 3.0466205342610677, "loss_reconstruction": 0.18275559107462566}
epoch=824 step=61750 loss=7.32253
epoch=824 step=61800 loss=7.79508
{"epoch": 824, "global_step": 61800, "learning_rate": 0.00016521675781118548, "teacher_forcing": 1.0, "predicted_contact_fraction": 0.0, "epoch_seconds": 18.527941762004048, "elapsed_hours": 3.14631606903755, "loss": 7.742072550455729, "loss_alignment": 0.2832624117533366, "loss_coefficient": 4.238949890136719, "loss_contact": 0.0, "loss_gate": 3.0403460184733073, "loss_reconstruction": 0.17951450030008953}
epoch=825 step=61850 loss=7.39028
{"epoch": 825, "global_step": 61875, "learning_rate": 0.00016513724827222227, "teacher_forcing": 1.0, "predicted_contact_fraction": 0.0, "epoch_seconds": 18.586131821852177, "elapsed_hours": 3.1514803223358467, "loss": 7.6637581380208335, "loss_alignment": 0.28550923665364586, "loss_coefficient": 4.1720674641927085, "loss_contact": 0.0, "loss_gate": 3.0276229858398436, "loss_reconstruction": 0.17855823516845704}
epoch=826 step=61900 loss=8.16473
epoch=826 step=61950 loss=7.95749
{"epoch": 826, "global_step": 61950, "learning_rate": 0.00016505766714327926, "teacher_forcing": 1.0, "predicted_contact_fraction": 0.0, "epoch_seconds": 18.413683072198182, "elapsed_hours": 3.1565967078180983, "loss": 8.102244669596354, "loss_alignment": 0.30902240753173826, "loss_coefficient": 4.5634222412109375, "loss_contact": 0.0, "loss_gate": 3.046412353515625, "loss_reconstruction": 0.1833866024017334}
epoch=827 step=62000 loss=7.83662
{"epoch": 827, "global_step": 62025, "learning_rate": 0.00016497801451182127, "teacher_forcing": 1.0, "predicted_contact_fraction": 0.0, "epoch_seconds": 18.97758560301736, "elapsed_hours": 3.161869705317206, "loss": 8.053769734700522, "loss_alignment": 0.30197505950927733, "loss_coefficient": 4.526949564615886, "loss_contact": 0.0, "loss_gate": 3.0416558329264323, "loss_reconstruction": 0.18318956057230631}
epoch=828 step=62050 loss=7.73323
epoch=828 step=62100 loss=7.55117
{"epoch": 828, "global_step": 62100, "learning_rate": 0.0001648982904653916, "teacher_forcing": 1.0, "predicted_contact_fraction": 0.0, "epoch_seconds": 18.61444390565157, "elapsed_hours": 3.167041882174736, "loss": 7.804494222005208, "loss_alignment": 0.2757430140177409, "loss_coefficient": 4.3252030436197915, "loss_contact": 0.0, "loss_gate": 3.024704996744792, "loss_reconstruction": 0.1788435967763265}
epoch=829 step=62150 loss=8.38730
{"epoch": 829, "global_step": 62175, "learning_rate": 0.00016481849509161203, "teacher_forcing": 1.0, "predicted_contact_fraction": 0.0, "epoch_seconds": 18.795206783805043, "elapsed_hours": 3.172264251637842, "loss": 8.17300537109375, "loss_alignment": 0.3011502393086751, "loss_coefficient": 4.646819152832031, "loss_contact": 0.0, "loss_gate": 3.039858805338542, "loss_reconstruction": 0.18517677942911784}
epoch=830 step=62200 loss=9.38852
epoch=830 step=62250 loss=8.39060
{"epoch": 830, "global_step": 62250, "learning_rate": 0.00016473862847818277, "teacher_forcing": 1.0, "predicted_contact_fraction": 0.0, "epoch_seconds": 18.460623720195144, "elapsed_hours": 3.177393594945574, "loss": 8.055220540364584, "loss_alignment": 0.3218913141886393, "loss_coefficient": 4.496651102701823, "loss_contact": 0.0, "loss_gate": 3.0532869466145836, "loss_reconstruction": 0.1833913516998291}
epoch=831 step=62300 loss=8.45033
{"epoch": 831, "global_step": 62325, "learning_rate": 0.0001646586907128823, "teacher_forcing": 1.0, "predicted_contact_fraction": 0.0, "epoch_seconds": 18.287357391789556, "elapsed_hours": 3.182619739535601, "loss": 7.868176676432292, "loss_alignment": 0.2942389170328776, "loss_coefficient": 4.357871704101562, "loss_contact": 0.0, "loss_gate": 3.0351424662272137, "loss_reconstruction": 0.18092413266499838}
epoch=832 step=62350 loss=8.17783
epoch=832 step=62400 loss=7.58130
{"epoch": 832, "global_step": 62400, "learning_rate": 0.00016457868188356732, "teacher_forcing": 1.0, "predicted_contact_fraction": 0.0, "epoch_seconds": 18.481738857924938, "elapsed_hours": 3.187755075522259, "loss": 7.925895792643229, "loss_alignment": 0.287884464263916, "loss_coefficient": 4.4327871704101565, "loss_contact": 0.0, "loss_gate": 3.0251148986816405, "loss_reconstruction": 0.18010969797770182}
epoch=833 step=62450 loss=7.24871
{"epoch": 833, "global_step": 62475, "learning_rate": 0.0001644986020781726, "teacher_forcing": 1.0, "predicted_contact_fraction": 0.0, "epoch_seconds": 18.674811224918813, "elapsed_hours": 3.1929440145369155, "loss": 7.745976155598958, "loss_alignment": 0.29864554087320966, "loss_coefficient": 4.22709462483724, "loss_contact": 0.0, "loss_gate": 3.0411739603678387, "loss_reconstruction": 0.1790630849202474}
epoch=834 step=62500 loss=7.94093
epoch=834 step=62550 loss=7.91360
{"epoch": 834, "global_step": 62550, "learning_rate": 0.000164418451384711, "teacher_forcing": 1.0, "predicted_contact_fraction": 0.0, "epoch_seconds": 18.66551597416401, "elapsed_hours": 3.1981305066942394, "loss": 7.839568888346355, "loss_alignment": 0.2955452346801758, "loss_coefficient": 4.330642598470052, "loss_contact": 0.0, "loss_gate": 3.034280293782552, "loss_reconstruction": 0.1791017468770345}
epoch=835 step=62600 loss=8.59412
{"epoch": 835, "global_step": 62625, "learning_rate": 0.00016433822989127313, "teacher_forcing": 1.0, "predicted_contact_fraction": 0.0, "epoch_seconds": 18.578651875257492, "elapsed_hours": 3.203292770397513, "loss": 7.646482747395833, "loss_alignment": 0.29054389317830404, "loss_coefficient": 4.151447448730469, "loss_contact": 0.0, "loss_gate": 3.025862782796224, "loss_reconstruction": 0.17862969398498535}
epoch=836 step=62650 loss=7.52069
epoch=836 step=62700 loss=7.26699
{"epoch": 836, "global_step": 62700, "learning_rate": 0.0001642579376860276, "teacher_forcing": 1.0, "predicted_contact_fraction": 0.0, "epoch_seconds": 18.31320534972474, "elapsed_hours": 3.208381235627199, "loss": 8.07966796875, "loss_alignment": 0.313777535756429, "loss_coefficient": 4.544700215657552, "loss_contact": 0.0, "loss_gate": 3.0380169677734377, "loss_reconstruction": 0.18317291895548501}
epoch=837 step=62750 loss=7.86345
{"epoch": 837, "global_step": 62775, "learning_rate": 0.0001641775748572206, "teacher_forcing": 1.0, "predicted_contact_fraction": 0.0, "epoch_seconds": 18.679362268187106, "elapsed_hours": 3.2135714330949767, "loss": 7.811093546549479, "loss_alignment": 0.3280114555358887, "loss_coefficient": 4.243820495605469, "loss_contact": 0.0, "loss_gate": 3.0607647196451824, "loss_reconstruction": 0.17849586486816407}
epoch=838 step=62800 loss=8.50960
epoch=838 step=62850 loss=7.63223
{"epoch": 838, "global_step": 62850, "learning_rate": 0.00016409714149317602, "teacher_forcing": 1.0, "predicted_contact_fraction": 0.0, "epoch_seconds": 18.73768315697089, "elapsed_hours": 3.2187779457652423, "loss": 7.682342122395833, "loss_alignment": 0.30521358489990236, "loss_coefficient": 4.164266560872396, "loss_contact": 0.0, "loss_gate": 3.0352322896321615, "loss_reconstruction": 0.17762935320536297}
epoch=839 step=62900 loss=7.12675
{"epoch": 839, "global_step": 62925, "learning_rate": 0.00016401663768229524, "teacher_forcing": 1.0, "predicted_contact_fraction": 0.0, "epoch_seconds": 18.480260765645653, "elapsed_hours": 3.2239127561703533, "loss": 7.8421173095703125, "loss_alignment": 0.28779001235961915, "loss_coefficient": 4.350540364583333, "loss_contact": 0.0, "loss_gate": 3.0230475362141926, "loss_reconstruction": 0.18073882738749186}
epoch=840 step=62950 loss=8.30226
epoch=840 step=63000 loss=7.56813
{"epoch": 840, "global_step": 63000, "learning_rate": 0.0001639360635130571, "teacher_forcing": 1.0, "predicted_contact_fraction": 0.0, "epoch_seconds": 18.559201432857662, "elapsed_hours": 3.229069524091125, "loss": 8.003546956380209, "loss_alignment": 0.3009353828430176, "loss_coefficient": 4.491762898763021, "loss_contact": 0.0, "loss_gate": 3.028587392171224, "loss_reconstruction": 0.18226083119710287}
epoch=841 step=63050 loss=8.02678
{"epoch": 841, "global_step": 63075, "learning_rate": 0.00016385541907401767, "teacher_forcing": 1.0, "predicted_contact_fraction": 0.0, "epoch_seconds": 18.4469900499098, "elapsed_hours": 3.2343372240356016, "loss": 7.747655029296875, "loss_alignment": 0.280563284556071, "loss_coefficient": 4.272898356119792, "loss_contact": 0.0, "loss_gate": 3.016678975423177, "loss_reconstruction": 0.17751463890075683}
epoch=842 step=63100 loss=8.35913
epoch=842 step=63150 loss=6.66963
{"epoch": 842, "global_step": 63150, "learning_rate": 0.00016377470445381036, "teacher_forcing": 1.0, "predicted_contact_fraction": 0.0, "epoch_seconds": 18.756276711821556, "elapsed_hours": 3.239548750291449, "loss": 7.79109842936198, "loss_alignment": 0.29271282196044923, "loss_coefficient": 4.3040758260091145, "loss_contact": 0.0, "loss_gate": 3.015543924967448, "loss_reconstruction": 0.17876473426818848}
epoch=843 step=63200 loss=9.92944
{"epoch": 843, "global_step": 63225, "learning_rate": 0.00016369391974114565, "teacher_forcing": 1.0, "predicted_contact_fraction": 0.0, "epoch_seconds": 18.81530386582017, "elapsed_hours": 3.2447767166700214, "loss": 7.9750679524739585, "loss_alignment": 0.29944472630818686, "loss_coefficient": 4.4726944986979165, "loss_contact": 0.0, "loss_gate": 3.0213492838541667, "loss_reconstruction": 0.18158053398132323}
epoch=844 step=63250 loss=8.50024
epoch=844 step=63300 loss=7.91353
{"epoch": 844, "global_step": 63300, "learning_rate": 0.00016361306502481112, "teacher_forcing": 1.0, "predicted_contact_fraction": 0.0, "epoch_seconds": 18.17562370793894, "elapsed_hours": 3.2498270252225403, "loss": 7.87809102376302, "loss_alignment": 0.30386253356933596, "loss_coefficient": 4.369113260904948, "loss_contact": 0.0, "loss_gate": 3.0253895060221354, "loss_reconstruction": 0.17972549756368}
epoch=845 step=63350 loss=8.64025
{"epoch": 845, "global_step": 63375, "learning_rate": 0.00016353214039367122, "teacher_forcing": 1.0, "predicted_contact_fraction": 0.0, "epoch_seconds": 18.287576666101813, "elapsed_hours": 3.254908426693356, "loss": 7.6802606201171875, "loss_alignment": 0.29607590357462565, "loss_coefficient": 4.186517232259114, "loss_contact": 0.0, "loss_gate": 3.0199407450358073, "loss_reconstruction": 0.17772613843282065}
epoch=846 step=63400 loss=7.91242
epoch=846 step=63450 loss=8.08653
{"epoch": 846, "global_step": 63450, "learning_rate": 0.00016345114593666727, "teacher_forcing": 1.0, "predicted_contact_fraction": 0.0, "epoch_seconds": 19.211572831030935, "elapsed_hours": 3.260246406326381, "loss": 7.877905680338542, "loss_alignment": 0.32302860260009764, "loss_coefficient": 4.3478466796875, "loss_contact": 0.0, "loss_gate": 3.0276107279459636, "loss_reconstruction": 0.179418888092041}
epoch=847 step=63500 loss=7.93351
{"epoch": 847, "global_step": 63525, "learning_rate": 0.00016337008174281732, "teacher_forcing": 1.0, "predicted_contact_fraction": 0.0, "epoch_seconds": 18.77980060270056, "elapsed_hours": 3.2654644263571955, "loss": 7.659140625, "loss_alignment": 0.29386669794718423, "loss_coefficient": 4.168261311848958, "loss_contact": 0.0, "loss_gate": 3.019542541503906, "loss_reconstruction": 0.17746973037719727}
epoch=848 step=63550 loss=7.91050
epoch=848 step=63600 loss=7.48723
{"epoch": 848, "global_step": 63600, "learning_rate": 0.00016328894790121608, "teacher_forcing": 1.0, "predicted_contact_fraction": 0.0, "epoch_seconds": 18.57722665509209, "elapsed_hours": 3.2706262183722314, "loss": 7.812316284179688, "loss_alignment": 0.2859086799621582, "loss_coefficient": 4.335120544433594, "loss_contact": 0.0, "loss_gate": 3.0119891357421875, "loss_reconstruction": 0.17929778734842935}
epoch=849 step=63650 loss=6.70690
{"epoch": 849, "global_step": 63675, "learning_rate": 0.00016320774450103483, "teacher_forcing": 1.0, "predicted_contact_fraction": 0.0, "epoch_seconds": 18.419970926828682, "elapsed_hours": 3.275744290926442, "loss": 7.590596516927083, "loss_alignment": 0.27803544998168944, "loss_coefficient": 4.139219360351563, "loss_contact": 0.0, "loss_gate": 2.9967194112141926, "loss_reconstruction": 0.17662252426147462}
epoch=850 step=63700 loss=7.90976
epoch=850 step=63750 loss=7.90893
{"epoch": 850, "global_step": 63750, "learning_rate": 0.00016312647163152125, "teacher_forcing": 1.0, "predicted_contact_fraction": 0.0, "epoch_seconds": 18.88726017391309, "elapsed_hours": 3.2809922717494837, "loss": 7.747015380859375, "loss_alignment": 0.29273059209187824, "loss_coefficient": 4.270399068196615, "loss_contact": 0.0, "loss_gate": 3.006627960205078, "loss_reconstruction": 0.17725914001464843}
epoch=851 step=63800 loss=8.04992
{"epoch": 851, "global_step": 63825, "learning_rate": 0.0001630451293819994, "teacher_forcing": 1.0, "predicted_contact_fraction": 0.0, "epoch_seconds": 18.51141254696995, "elapsed_hours": 3.2862814175488895, "loss": 7.910017496744792, "loss_alignment": 0.2991713078816732, "loss_coefficient": 4.4229075113932295, "loss_contact": 0.0, "loss_gate": 3.0082046508789064, "loss_reconstruction": 0.17973381678263348}
epoch=852 step=63850 loss=7.59801
epoch=852 step=63900 loss=6.79739
{"epoch": 852, "global_step": 63900, "learning_rate": 0.00016296371784186957, "teacher_forcing": 1.0, "predicted_contact_fraction": 0.0, "epoch_seconds": 18.228410720825195, "elapsed_hours": 3.2913462905408557, "loss": 7.734269002278646, "loss_alignment": 0.3061166508992513, "loss_coefficient": 4.235616963704427, "loss_contact": 0.0, "loss_gate": 3.014917246500651, "loss_reconstruction": 0.1776180648803711}
epoch=853 step=63950 loss=6.97313
{"epoch": 853, "global_step": 63975, "learning_rate": 0.00016288223710060826, "teacher_forcing": 1.0, "predicted_contact_fraction": 0.0, "epoch_seconds": 18.65480219339952, "elapsed_hours": 3.296529575161403, "loss": 7.772030029296875, "loss_alignment": 0.2768735504150391, "loss_coefficient": 4.32120107014974, "loss_contact": 0.0, "loss_gate": 2.9954710896809895, "loss_reconstruction": 0.178484468460083}
epoch=854 step=64000 loss=7.24303
epoch=854 step=64050 loss=7.68856
{"epoch": 854, "global_step": 64050, "learning_rate": 0.00016280068724776797, "teacher_forcing": 1.0, "predicted_contact_fraction": 0.0, "epoch_seconds": 19.078880622051656, "elapsed_hours": 3.301830715138672, "loss": 7.811267903645834, "loss_alignment": 0.3061577033996582, "loss_coefficient": 4.313605753580729, "loss_contact": 0.0, "loss_gate": 3.012630818684896, "loss_reconstruction": 0.178873291015625}
epoch=855 step=64100 loss=7.93684
{"epoch": 855, "global_step": 64125, "learning_rate": 0.00016271906837297715, "teacher_forcing": 1.0, "predicted_contact_fraction": 0.0, "epoch_seconds": 18.456731074023992, "elapsed_hours": 3.3069590167000165, "loss": 7.8065541585286455, "loss_alignment": 0.2888538424173991, "loss_coefficient": 4.3356175740559895, "loss_contact": 0.0, "loss_gate": 3.0033278401692707, "loss_reconstruction": 0.17875491142272948}
epoch=856 step=64150 loss=7.88987
epoch=856 step=64200 loss=7.36504
{"epoch": 856, "global_step": 64200, "learning_rate": 0.00016263738056594015, "teacher_forcing": 1.0, "predicted_contact_fraction": 0.0, "epoch_seconds": 18.443292459938675, "elapsed_hours": 3.312083614452535, "loss": 7.870672810872396, "loss_alignment": 0.3009934361775716, "loss_coefficient": 4.386654866536459, "loss_contact": 0.0, "loss_gate": 3.0031554158528646, "loss_reconstruction": 0.17986890157063803}
epoch=857 step=64250 loss=7.93358
{"epoch": 857, "global_step": 64275, "learning_rate": 0.00016255562391643706, "teacher_forcing": 1.0, "predicted_contact_fraction": 0.0, "epoch_seconds": 18.470728712622076, "elapsed_hours": 3.317215764626421, "loss": 7.7473907470703125, "loss_alignment": 0.29751450220743814, "loss_coefficient": 4.269142761230468, "loss_contact": 0.0, "loss_gate": 3.0028904724121093, "loss_reconstruction": 0.1778435738881429}
epoch=858 step=64300 loss=8.54264
epoch=858 step=64350 loss=8.00771
{"epoch": 858, "global_step": 64350, "learning_rate": 0.0001624737985143237, "teacher_forcing": 1.0, "predicted_contact_fraction": 0.0, "epoch_seconds": 18.237334804609418, "elapsed_hours": 3.3222831607778143, "loss": 7.935892130533854, "loss_alignment": 0.29593435923258465, "loss_coefficient": 4.458232523600261, "loss_contact": 0.0, "loss_gate": 3.001894938151042, "loss_reconstruction": 0.17982973098754884}
epoch=859 step=64400 loss=9.50196
{"epoch": 859, "global_step": 64425, "learning_rate": 0.0001623919044495313, "teacher_forcing": 1.0, "predicted_contact_fraction": 0.0, "epoch_seconds": 18.481771448161453, "elapsed_hours": 3.327418391605865, "loss": 7.813760986328125, "loss_alignment": 0.2930163129170736, "loss_coefficient": 4.337930704752604, "loss_contact": 0.0, "loss_gate": 3.0038461303710937, "loss_reconstruction": 0.17896772702534994}
epoch=860 step=64450 loss=8.84056
epoch=860 step=64500 loss=9.29555
{"epoch": 860, "global_step": 64500, "learning_rate": 0.00016230994181206672, "teacher_forcing": 1.0, "predicted_contact_fraction": 0.0, "epoch_seconds": 18.478224255610257, "elapsed_hours": 3.3325526690647367, "loss": 7.8082503255208335, "loss_alignment": 0.2852831522623698, "loss_coefficient": 4.351181437174479, "loss_contact": 0.0, "loss_gate": 2.991821797688802, "loss_reconstruction": 0.17996285756429037}
epoch=861 step=64550 loss=7.13388
{"epoch": 861, "global_step": 64575, "learning_rate": 0.00016222791069201207, "teacher_forcing": 1.0, "predicted_contact_fraction": 0.0, "epoch_seconds": 18.113978555891663, "elapsed_hours": 3.337729462077453, "loss": 7.76677001953125, "loss_alignment": 0.2987716166178385, "loss_coefficient": 4.289161478678386, "loss_contact": 0.0, "loss_gate": 3.00053227742513, "loss_reconstruction": 0.17830354690551758}
epoch=862 step=64600 loss=8.75856
epoch=862 step=64650 loss=6.75061
{"epoch": 862, "global_step": 64650, "learning_rate": 0.0001621458111795248, "teacher_forcing": 1.0, "predicted_contact_fraction": 0.0, "epoch_seconds": 18.52340025268495, "elapsed_hours": 3.342876268967779, "loss": 7.772704467773438, "loss_alignment": 0.2827135976155599, "loss_coefficient": 4.326538492838542, "loss_contact": 0.0, "loss_gate": 2.9854863993326823, "loss_reconstruction": 0.17796593030293784}
epoch=863 step=64700 loss=7.21601
{"epoch": 863, "global_step": 64725, "learning_rate": 0.00016206364336483745, "teacher_forcing": 1.0, "predicted_contact_fraction": 0.0, "epoch_seconds": 18.438652826938778, "elapsed_hours": 3.3479995304516827, "loss": 7.988520914713542, "loss_alignment": 0.3004255485534668, "loss_coefficient": 4.5095533243815105, "loss_contact": 0.0, "loss_gate": 2.9984195454915366, "loss_reconstruction": 0.18012168884277344}
epoch=864 step=64750 loss=7.53852
epoch=864 step=64800 loss=9.29185
{"epoch": 864, "global_step": 64800, "learning_rate": 0.00016198140733825772, "teacher_forcing": 1.0, "predicted_contact_fraction": 0.0, "epoch_seconds": 18.80628516804427, "elapsed_hours": 3.353224966580876, "loss": 7.976808675130209, "loss_alignment": 0.29466166814168293, "loss_coefficient": 4.51275136311849, "loss_contact": 0.0, "loss_gate": 2.989965260823568, "loss_reconstruction": 0.1794300619761149}
epoch=865 step=64850 loss=7.70246
{"epoch": 865, "global_step": 64875, "learning_rate": 0.00016189910319016826, "teacher_forcing": 1.0, "predicted_contact_fraction": 0.0, "epoch_seconds": 18.681576206814498, "elapsed_hours": 3.358415821539238, "loss": 7.964565226236979, "loss_alignment": 0.305433406829834, "loss_coefficient": 4.476672566731771, "loss_contact": 0.0, "loss_gate": 3.001837412516276, "loss_reconstruction": 0.18062196731567381}
epoch=866 step=64900 loss=8.09981
epoch=866 step=64950 loss=8.14061
{"epoch": 866, "global_step": 64950, "learning_rate": 0.0001618167310110265, "teacher_forcing": 1.0, "predicted_contact_fraction": 0.0, "epoch_seconds": 18.5204674070701, "elapsed_hours": 3.363561949911398, "loss": 7.653890177408854, "loss_alignment": 0.29679702123006185, "loss_coefficient": 4.185566609700521, "loss_contact": 0.0, "loss_gate": 2.9948799641927084, "loss_reconstruction": 0.17664626121520996}
epoch=867 step=65000 loss=7.53568
{"epoch": 867, "global_step": 65025, "learning_rate": 0.00016173429089136473, "teacher_forcing": 1.0, "predicted_contact_fraction": 0.0, "epoch_seconds": 18.295137628912926, "elapsed_hours": 3.3686453367069933, "loss": 7.574538777669271, "loss_alignment": 0.283810354868571, "loss_coefficient": 4.131995544433594, "loss_contact": 0.0, "loss_gate": 2.9815685017903646, "loss_reconstruction": 0.17716493288675944}
epoch=868 step=65050 loss=8.42578
epoch=868 step=65100 loss=7.92739
{"epoch": 868, "global_step": 65100, "learning_rate": 0.0001616517829217899, "teacher_forcing": 1.0, "predicted_contact_fraction": 0.0, "epoch_seconds": 18.343233701772988, "elapsed_hours": 3.3737420837627723, "loss": 7.799854532877604, "loss_alignment": 0.2951327006022135, "loss_coefficient": 4.33524169921875, "loss_contact": 0.0, "loss_gate": 2.9912376403808594, "loss_reconstruction": 0.17824300448099772}
epoch=869 step=65150 loss=7.14693
{"epoch": 869, "global_step": 65175, "learning_rate": 0.00016156920719298344, "teacher_forcing": 1.0, "predicted_contact_fraction": 0.0, "epoch_seconds": 18.426258352119476, "elapsed_hours": 3.3788619591732925, "loss": 7.594050699869792, "loss_alignment": 0.28738972981770833, "loss_coefficient": 4.152179463704427, "loss_contact": 0.0, "loss_gate": 2.9785963439941407, "loss_reconstruction": 0.175884583791097}
epoch=870 step=65200 loss=8.16930
epoch=870 step=65250 loss=7.58773
{"epoch": 870, "global_step": 65250, "learning_rate": 0.00016148656379570144, "teacher_forcing": 1.0, "predicted_contact_fraction": 0.0, "epoch_seconds": 18.305414131842554, "elapsed_hours": 3.383948301060591, "loss": 7.576295979817709, "loss_alignment": 0.2957607078552246, "loss_coefficient": 4.123166300455729, "loss_contact": 0.0, "loss_gate": 2.9815993245442707, "loss_reconstruction": 0.17576908111572265}
epoch=871 step=65300 loss=7.41657
{"epoch": 871, "global_step": 65325, "learning_rate": 0.00016140385282077425, "teacher_forcing": 1.0, "predicted_contact_fraction": 0.0, "epoch_seconds": 18.44730084296316, "elapsed_hours": 3.389216659468366, "loss": 7.824109497070313, "loss_alignment": 0.29943363825480146, "loss_coefficient": 4.359677124023437, "loss_contact": 0.0, "loss_gate": 2.9868177795410156, "loss_reconstruction": 0.17818094571431478}
epoch=872 step=65350 loss=7.81847
epoch=872 step=65400 loss=7.91029
{"epoch": 872, "global_step": 65400, "learning_rate": 0.0001613210743591064, "teacher_forcing": 1.0, "predicted_contact_fraction": 0.0, "epoch_seconds": 19.274692096281797, "elapsed_hours": 3.3945722385903356, "loss": 7.758370361328125, "loss_alignment": 0.3016521898905436, "loss_coefficient": 4.2888802083333335, "loss_contact": 0.0, "loss_gate": 2.990254872639974, "loss_reconstruction": 0.17758307774861654}
epoch=873 step=65450 loss=7.06044
{"epoch": 873, "global_step": 65475, "learning_rate": 0.00016123822850167674, "teacher_forcing": 1.0, "predicted_contact_fraction": 0.0, "epoch_seconds": 18.656439053360373, "elapsed_hours": 3.399756271214121, "loss": 7.656979166666667, "loss_alignment": 0.2868855349222819, "loss_coefficient": 4.218266194661458, "loss_contact": 0.0, "loss_gate": 2.9757623291015625, "loss_reconstruction": 0.1760648504892985}
epoch=874 step=65500 loss=8.27144
epoch=874 step=65550 loss=9.21032
{"epoch": 874, "global_step": 65550, "learning_rate": 0.0001611553153395381, "teacher_forcing": 1.0, "predicted_contact_fraction": 0.0, "epoch_seconds": 19.098393460270017, "elapsed_hours": 3.4050637092433558, "loss": 7.652807413736979, "loss_alignment": 0.277075564066569, "loss_coefficient": 4.232584533691406, "loss_contact": 0.0, "loss_gate": 2.967793680826823, "loss_reconstruction": 0.17535316467285156}
epoch=875 step=65600 loss=7.69516
{"epoch": 875, "global_step": 65625, "learning_rate": 0.0001610723349638174, "teacher_forcing": 1.0, "predicted_contact_fraction": 0.0, "epoch_seconds": 18.878061993047595, "elapsed_hours": 3.410309064752267, "loss": 7.600898640950521, "loss_alignment": 0.2816696039835612, "loss_coefficient": 4.166546529134115, "loss_contact": 0.0, "loss_gate": 2.9772015889485677, "loss_reconstruction": 0.17548044204711913}
epoch=876 step=65650 loss=7.42722
epoch=876 step=65700 loss=6.91881
{"epoch": 876, "global_step": 65700, "learning_rate": 0.00016098928746571532, "teacher_forcing": 1.0, "predicted_contact_fraction": 0.0, "epoch_seconds": 18.320607580710202, "elapsed_hours": 3.4153998849883727, "loss": 7.690124918619792, "loss_alignment": 0.30110920588175455, "loss_coefficient": 4.230528564453125, "loss_contact": 0.0, "loss_gate": 2.9823762512207033, "loss_reconstruction": 0.17611061731974284}
epoch=877 step=65750 loss=7.09761
{"epoch": 877, "global_step": 65775, "learning_rate": 0.0001609061729365063, "teacher_forcing": 1.0, "predicted_contact_fraction": 0.0, "epoch_seconds": 18.377117552328855, "elapsed_hours": 3.420506080793113, "loss": 7.634938354492188, "loss_alignment": 0.2951227060953776, "loss_coefficient": 4.1920034790039065, "loss_contact": 0.0, "loss_gate": 2.971921183268229, "loss_reconstruction": 0.17589238802591958}
epoch=878 step=65800 loss=7.70652
epoch=878 step=65850 loss=8.41611
{"epoch": 878, "global_step": 65850, "learning_rate": 0.00016082299146753855, "teacher_forcing": 1.0, "predicted_contact_fraction": 0.0, "epoch_seconds": 18.322152852080762, "elapsed_hours": 3.425597024691136, "loss": 7.8440720621744795, "loss_alignment": 0.29741138458251953, "loss_coefficient": 4.389845886230469, "loss_contact": 0.0, "loss_gate": 2.9778926086425783, "loss_reconstruction": 0.17892169952392578}
epoch=879 step=65900 loss=8.02781
{"epoch": 879, "global_step": 65925, "learning_rate": 0.00016073974315023373, "teacher_forcing": 1.0, "predicted_contact_fraction": 0.0, "epoch_seconds": 18.57662249263376, "elapsed_hours": 3.430758629846128, "loss": 7.749948933919271, "loss_alignment": 0.3073398971557617, "loss_coefficient": 4.2802120971679685, "loss_contact": 0.0, "loss_gate": 2.9844366455078126, "loss_reconstruction": 0.17796058972676596}
epoch=880 step=65950 loss=7.60465
epoch=880 step=66000 loss=7.92455
{"epoch": 880, "global_step": 66000, "learning_rate": 0.00016065642807608707, "teacher_forcing": 1.0, "predicted_contact_fraction": 0.0, "epoch_seconds": 18.22811614582315, "elapsed_hours": 3.4358235751380883, "loss": 7.862023111979167, "loss_alignment": 0.30790844599405925, "loss_coefficient": 4.385856018066407, "loss_contact": 0.0, "loss_gate": 2.990117645263672, "loss_reconstruction": 0.17814098040262857}
epoch=881 step=66050 loss=7.50161
{"epoch": 881, "global_step": 66075, "learning_rate": 0.00016057304633666718, "teacher_forcing": 1.0, "predicted_contact_fraction": 0.0, "epoch_seconds": 18.404637097846717, "elapsed_hours": 3.4411263240553023, "loss": 7.639057006835937, "loss_alignment": 0.28070748011271157, "loss_coefficient": 4.219925028483073, "loss_contact": 0.0, "loss_gate": 2.962169189453125, "loss_reconstruction": 0.1762552070617676}
epoch=882 step=66100 loss=7.51656
epoch=882 step=66150 loss=7.43817
{"epoch": 882, "global_step": 66150, "learning_rate": 0.00016048959802361586, "teacher_forcing": 1.0, "predicted_contact_fraction": 0.0, "epoch_seconds": 18.120474827941507, "elapsed_hours": 3.446161372563026, "loss": 7.620512898763021, "loss_alignment": 0.2827060063680013, "loss_coefficient": 4.193972778320313, "loss_contact": 0.0, "loss_gate": 2.9686107381184894, "loss_reconstruction": 0.17522303263346353}
epoch=883 step=66200 loss=7.87348
{"epoch": 883, "global_step": 66225, "learning_rate": 0.00016040608322864808, "teacher_forcing": 1.0, "predicted_contact_fraction": 0.0, "epoch_seconds": 18.43384686578065, "elapsed_hours": 3.451283563113021, "loss": 7.640364990234375, "loss_alignment": 0.27630001068115234, "loss_coefficient": 4.230535583496094, "loss_contact": 0.0, "loss_gate": 2.9574369303385417, "loss_reconstruction": 0.17609266916910807}
epoch=884 step=66250 loss=8.23243
epoch=884 step=66300 loss=7.70639
{"epoch": 884, "global_step": 66300, "learning_rate": 0.00016032250204355198, "teacher_forcing": 1.0, "predicted_contact_fraction": 0.0, "epoch_seconds": 18.561667360831052, "elapsed_hours": 3.4564410525349536, "loss": 7.63064453125, "loss_alignment": 0.27736862818400065, "loss_coefficient": 4.225027872721355, "loss_contact": 0.0, "loss_gate": 2.9529932149251303, "loss_reconstruction": 0.17525380452473957}
epoch=885 step=66350 loss=8.37542
{"epoch": 885, "global_step": 66375, "learning_rate": 0.00016023885456018853, "teacher_forcing": 1.0, "predicted_contact_fraction": 0.0, "epoch_seconds": 18.714740463066846, "elapsed_hours": 3.461641032297242, "loss": 7.7256201171875, "loss_alignment": 0.27633275349934894, "loss_coefficient": 4.321822306315104, "loss_contact": 0.0, "loss_gate": 2.9507132466634114, "loss_reconstruction": 0.17675209045410156}
epoch=886 step=66400 loss=7.80700
epoch=886 step=66450 loss=7.69701
{"epoch": 886, "global_step": 66450, "learning_rate": 0.0001601551408704917, "teacher_forcing": 1.0, "predicted_contact_fraction": 0.0, "epoch_seconds": 18.38211664510891, "elapsed_hours": 3.466748676077178, "loss": 7.769035441080729, "loss_alignment": 0.28245100021362307, "loss_coefficient": 4.355033874511719, "loss_contact": 0.0, "loss_gate": 2.9539154052734373, "loss_reconstruction": 0.17763505935668944}
epoch=887 step=66500 loss=8.67963
{"epoch": 887, "global_step": 66525, "learning_rate": 0.00016007136106646809, "teacher_forcing": 1.0, "predicted_contact_fraction": 0.0, "epoch_seconds": 18.36852649692446, "elapsed_hours": 3.4718524822961383, "loss": 7.518524169921875, "loss_alignment": 0.2828528531392415, "loss_coefficient": 4.10528065999349, "loss_contact": 0.0, "loss_gate": 2.9554500834147137, "loss_reconstruction": 0.17494147936503093}
epoch=888 step=66550 loss=7.68749
epoch=888 step=66600 loss=7.60324
{"epoch": 888, "global_step": 66600, "learning_rate": 0.00015998751524019716, "teacher_forcing": 1.0, "predicted_contact_fraction": 0.0, "epoch_seconds": 18.614475048147142, "elapsed_hours": 3.4770246310581245, "loss": 7.480167236328125, "loss_alignment": 0.2749829165140788, "loss_coefficient": 4.084995422363281, "loss_contact": 0.0, "loss_gate": 2.9461018880208334, "loss_reconstruction": 0.17408642133076985}
epoch=889 step=66650 loss=7.40940
{"epoch": 889, "global_step": 66675, "learning_rate": 0.00015990360348383065, "teacher_forcing": 1.0, "predicted_contact_fraction": 0.0, "epoch_seconds": 18.426942027173936, "elapsed_hours": 3.4821446794510766, "loss": 7.671167195638021, "loss_alignment": 0.30165199279785154, "loss_coefficient": 4.2324820963541665, "loss_contact": 0.0, "loss_gate": 2.9615045674641927, "loss_reconstruction": 0.17552804946899414}
epoch=890 step=66700 loss=7.40322
epoch=890 step=66750 loss=7.53812
{"epoch": 890, "global_step": 66750, "learning_rate": 0.00015981962588959304, "teacher_forcing": 1.0, "predicted_contact_fraction": 0.0, "epoch_seconds": 18.85954702179879, "elapsed_hours": 3.487384851119455, "loss": 7.6714544677734375, "loss_alignment": 0.2869968223571777, "loss_coefficient": 4.253510131835937, "loss_contact": 0.0, "loss_gate": 2.954689534505208, "loss_reconstruction": 0.17625744183858236}
epoch=891 step=66800 loss=8.90003
{"epoch": 891, "global_step": 66825, "learning_rate": 0.00015973558254978097, "teacher_forcing": 1.0, "predicted_contact_fraction": 0.0, "epoch_seconds": 18.457078136038035, "elapsed_hours": 3.492654062835629, "loss": 7.77719991048177, "loss_alignment": 0.2772385088602702, "loss_coefficient": 4.377081705729167, "loss_contact": 0.0, "loss_gate": 2.943336181640625, "loss_reconstruction": 0.17954360008239745}
epoch=892 step=66850 loss=7.76354
epoch=892 step=66900 loss=8.29176
{"epoch": 892, "global_step": 66900, "learning_rate": 0.00015965147355676343, "teacher_forcing": 1.0, "predicted_contact_fraction": 0.0, "epoch_seconds": 18.586145091801882, "elapsed_hours": 3.4978183948370214, "loss": 7.773530680338542, "loss_alignment": 0.2895518747965495, "loss_coefficient": 4.35715087890625, "loss_contact": 0.0, "loss_gate": 2.949415079752604, "loss_reconstruction": 0.177412109375}
epoch=893 step=66950 loss=8.31956
{"epoch": 893, "global_step": 66975, "learning_rate": 0.0001595672990029816, "teacher_forcing": 1.0, "predicted_contact_fraction": 0.0, "epoch_seconds": 18.461435982957482, "elapsed_hours": 3.5029481174783883, "loss": 7.576635335286459, "loss_alignment": 0.27937225977579755, "loss_coefficient": 4.1817935180664065, "loss_contact": 0.0, "loss_gate": 2.9401556905110677, "loss_reconstruction": 0.17531406720479328}
epoch=894 step=67000 loss=6.91462
epoch=894 step=67050 loss=7.32012
{"epoch": 894, "global_step": 67050, "learning_rate": 0.00015948305898094866, "teacher_forcing": 1.0, "predicted_contact_fraction": 0.0, "epoch_seconds": 18.67535988613963, "elapsed_hours": 3.5081372395316914, "loss": 7.523915405273438, "loss_alignment": 0.2861927858988444, "loss_coefficient": 4.116404927571614, "loss_contact": 0.0, "loss_gate": 2.9461067708333335, "loss_reconstruction": 0.1752109400431315}
epoch=895 step=67100 loss=8.25729
{"epoch": 895, "global_step": 67125, "learning_rate": 0.0001593987535832497, "teacher_forcing": 1.0, "predicted_contact_fraction": 0.0, "epoch_seconds": 18.538277042098343, "elapsed_hours": 3.513288236954508, "loss": 7.63136942545573, "loss_alignment": 0.2823830223083496, "loss_coefficient": 4.232792561848958, "loss_contact": 0.0, "loss_gate": 2.9396519470214844, "loss_reconstruction": 0.17654177983601888}
epoch=896 step=67150 loss=7.16211
epoch=896 step=67200 loss=8.14469
{"epoch": 896, "global_step": 67200, "learning_rate": 0.00015931438290254176, "teacher_forcing": 1.0, "predicted_contact_fraction": 0.0, "epoch_seconds": 18.379577635321766, "elapsed_hours": 3.51839513179665, "loss": 7.733549397786458, "loss_alignment": 0.2873296101888021, "loss_coefficient": 4.325021362304687, "loss_contact": 0.0, "loss_gate": 2.9440261840820314, "loss_reconstruction": 0.17717247645060222}
epoch=897 step=67250 loss=7.94162
{"epoch": 897, "global_step": 67275, "learning_rate": 0.0001592299470315536, "teacher_forcing": 1.0, "predicted_contact_fraction": 0.0, "epoch_seconds": 18.456723369192332, "elapsed_hours": 3.5235234273138403, "loss": 7.752670084635417, "loss_alignment": 0.28270649592081704, "loss_coefficient": 4.3533354695638025, "loss_contact": 0.0, "loss_gate": 2.9395546468098956, "loss_reconstruction": 0.17707318623860677}
epoch=898 step=67300 loss=7.38695
epoch=898 step=67350 loss=7.66342
{"epoch": 898, "global_step": 67350, "learning_rate": 0.00015914544606308555, "teacher_forcing": 1.0, "predicted_contact_fraction": 0.0, "epoch_seconds": 18.464561508968472, "elapsed_hours": 3.5286539411828075, "loss": 7.813550211588542, "loss_alignment": 0.29429083506266274, "loss_coefficient": 4.395870564778646, "loss_contact": 0.0, "loss_gate": 2.945190734863281, "loss_reconstruction": 0.1781992212931315}
epoch=899 step=67400 loss=7.50014
{"epoch": 899, "global_step": 67425, "learning_rate": 0.00015906088009000962, "teacher_forcing": 1.0, "predicted_contact_fraction": 0.0, "epoch_seconds": 18.42406900599599, "elapsed_hours": 3.533773206008676, "loss": 7.699527384440104, "loss_alignment": 0.2956850496927897, "loss_coefficient": 4.278242594401042, "loss_contact": 0.0, "loss_gate": 2.9480584716796874, "loss_reconstruction": 0.1775416342417399}
epoch=900 step=67450 loss=9.77058
epoch=900 step=67500 loss=7.28344
{"epoch": 900, "global_step": 67500, "learning_rate": 0.00015897624920526915, "teacher_forcing": 1.0, "predicted_contact_fraction": 0.0, "epoch_seconds": 18.705718756187707, "elapsed_hours": 3.5389706511496724, "loss": 7.843779907226563, "loss_alignment": 0.3062305068969727, "loss_coefficient": 4.407781575520834, "loss_contact": 0.0, "loss_gate": 2.951425018310547, "loss_reconstruction": 0.17834274609883627}
Gym has been unmaintained since 2022 and does not support NumPy 2.0 amongst other critical functionality.
Please upgrade to Gymnasium, the maintained drop-in replacement of Gym, or contact the authors of your software and request that they upgrade.
See the migration guide at https://gymnasium.farama.org/introduction/migration_guide/ for additional information.
Gym has been unmaintained since 2022 and does not support NumPy 2.0 amongst other critical functionality.
Please upgrade to Gymnasium, the maintained drop-in replacement of Gym, or contact the authors of your software and request that they upgrade.
See the migration guide at https://gymnasium.farama.org/introduction/migration_guide/ for additional information.
Gym has been unmaintained since 2022 and does not support NumPy 2.0 amongst other critical functionality.
Please upgrade to Gymnasium, the maintained drop-in replacement of Gym, or contact the authors of your software and request that they upgrade.
See the migration guide at https://gymnasium.farama.org/introduction/migration_guide/ for additional information.
Gym has been unmaintained since 2022 and does not support NumPy 2.0 amongst other critical functionality.
Please upgrade to Gymnasium, the maintained drop-in replacement of Gym, or contact the authors of your software and request that they upgrade.
See the migration guide at https://gymnasium.farama.org/introduction/migration_guide/ for additional information.
[ToiletEnv] change_instance_when_reset=True[LaptopEnv] change_instance_when_reset=True

[FaucetEnv] change_instance_when_reset=True
[BucketEnv] change_instance_when_reset=True
[2026-09-22 03:40:47.277] [svulkan2] [warning] A second renderer will share the same internal context with the first one. Arguments passed to constructor will be ignored.
[ToiletEnv] change_instance_when_reset=True
[2026-09-22 03:41:21.037] [svulkan2] [warning] A second renderer will share the same internal context with the first one. Arguments passed to constructor will be ignored.
[LaptopEnv] change_instance_when_reset=True
[2026-09-22 03:41:31.972] [svulkan2] [warning] A second renderer will share the same internal context with the first one. Arguments passed to constructor will be ignored.
[FaucetEnv] change_instance_when_reset=True
[2026-09-22 03:43:38.261] [svulkan2] [warning] A second renderer will share the same internal context with the first one. Arguments passed to constructor will be ignored.
[ToiletEnv] change_instance_when_reset=True
[2026-09-22 03:44:08.410] [svulkan2] [warning] A second renderer will share the same internal context with the first one. Arguments passed to constructor will be ignored.
[BucketEnv] change_instance_when_reset=True
[2026-09-22 03:45:02.517] [svulkan2] [warning] A second renderer will share the same internal context with the first one. Arguments passed to constructor will be ignored.
[LaptopEnv] change_instance_when_reset=True
[2026-09-22 03:45:05.262] [svulkan2] [warning] A second renderer will share the same internal context with the first one. Arguments passed to constructor will be ignored.
[FaucetEnv] change_instance_when_reset=True
[2026-09-22 03:45:47.229] [SAPIEN] [error] Failed to load visual mesh: /data/users/zhouyike/dexCG/third_party/dexart/assets/sapien/10090/textured_objs/new-1.obj
[2026-09-22 03:46:22.143] [svulkan2] [warning] A second renderer will share the same internal context with the first one. Arguments passed to constructor will be ignored.
[ToiletEnv] change_instance_when_reset=True
[2026-09-22 03:47:28.931] [SAPIEN] [error] Failed to load visual mesh: /data/users/zhouyike/dexCG/third_party/dexart/assets/sapien/10090/textured_objs/new-1.obj
[2026-09-22 03:48:17.060] [svulkan2] [warning] A second renderer will share the same internal context with the first one. Arguments passed to constructor will be ignored.
[LaptopEnv] change_instance_when_reset=True
[2026-09-22 03:48:17.064] [SAPIEN] [error] Failed to load visual mesh: /data/users/zhouyike/dexCG/third_party/dexart/assets/sapien/10090/textured_objs/new-1.obj
[2026-09-22 03:48:45.459] [svulkan2] [warning] A second renderer will share the same internal context with the first one. Arguments passed to constructor will be ignored.
[FaucetEnv] change_instance_when_reset=True
[2026-09-22 03:49:02.720] [svulkan2] [warning] A second renderer will share the same internal context with the first one. Arguments passed to constructor will be ignored.
[ToiletEnv] change_instance_when_reset=True
[2026-09-22 03:50:45.489] [svulkan2] [warning] A second renderer will share the same internal context with the first one. Arguments passed to constructor will be ignored.
[BucketEnv] change_instance_when_reset=True
[2026-09-22 03:51:23.080] [SAPIEN] [error] Failed to load visual mesh: /data/users/zhouyike/dexCG/third_party/dexart/assets/sapien/10090/textured_objs/new-1.obj
[2026-09-22 03:51:53.273] [svulkan2] [warning] A second renderer will share the same internal context with the first one. Arguments passed to constructor will be ignored.
[LaptopEnv] change_instance_when_reset=True
[2026-09-22 03:52:35.251] [svulkan2] [warning] A second renderer will share the same internal context with the first one. Arguments passed to constructor will be ignored.
[FaucetEnv] change_instance_when_reset=True
[2026-09-22 03:53:53.579] [SAPIEN] [error] Failed to load visual mesh: /data/users/zhouyike/dexCG/third_party/dexart/assets/sapien/10090/textured_objs/new-1.obj
[2026-09-22 03:54:29.624] [SAPIEN] [error] Failed to load visual mesh: /data/users/zhouyike/dexCG/third_party/dexart/assets/sapien/10090/textured_objs/new-1.obj
[2026-09-22 03:57:59.386] [svulkan2] [warning] A second renderer will share the same internal context with the first one. Arguments passed to constructor will be ignored.
[BucketEnv] change_instance_when_reset=True
[2026-09-22 04:04:22.155] [svulkan2] [warning] A second renderer will share the same internal context with the first one. Arguments passed to constructor will be ignored.
[BucketEnv] change_instance_when_reset=True
[2026-09-22 04:11:58.459] [svulkan2] [warning] A second renderer will share the same internal context with the first one. Arguments passed to constructor will be ignored.
[BucketEnv] change_instance_when_reset=True
[2026-09-22 04:11:58.516] [svulkan2] [warning] A second renderer will share the same internal context with the first one. Arguments passed to constructor will be ignored.
[LaptopEnv] change_instance_when_reset=True
[2026-09-22 04:11:58.532] [svulkan2] [warning] A second renderer will share the same internal context with the first one. Arguments passed to constructor will be ignored.
[2026-09-22 04:11:58.548] [svulkan2] [warning] A second renderer will share the same internal context with the first one. Arguments passed to constructor will be ignored.
[ToiletEnv] change_instance_when_reset=True
[FaucetEnv] change_instance_when_reset=True
[2026-09-22 04:15:10.247] [svulkan2] [warning] A second renderer will share the same internal context with the first one. Arguments passed to constructor will be ignored.
[ToiletEnv] change_instance_when_reset=True
[2026-09-22 04:15:36.409] [svulkan2] [warning] A second renderer will share the same internal context with the first one. Arguments passed to constructor will be ignored.
[FaucetEnv] change_instance_when_reset=True
[2026-09-22 04:15:52.933] [svulkan2] [warning] A second renderer will share the same internal context with the first one. Arguments passed to constructor will be ignored.
[LaptopEnv] change_instance_when_reset=True
[2026-09-22 04:18:20.341] [svulkan2] [warning] A second renderer will share the same internal context with the first one. Arguments passed to constructor will be ignored.
[ToiletEnv] change_instance_when_reset=True
[2026-09-22 04:19:17.904] [svulkan2] [warning] A second renderer will share the same internal context with the first one. Arguments passed to constructor will be ignored.
[FaucetEnv] change_instance_when_reset=True
[2026-09-22 04:19:34.672] [svulkan2] [warning] A second renderer will share the same internal context with the first one. Arguments passed to constructor will be ignored.
[LaptopEnv] change_instance_when_reset=True
[2026-09-22 04:19:46.221] [svulkan2] [warning] A second renderer will share the same internal context with the first one. Arguments passed to constructor will be ignored.
[BucketEnv] change_instance_when_reset=True
[2026-09-22 04:20:22.531] [SAPIEN] [error] Failed to load visual mesh: /data/users/zhouyike/dexCG/third_party/dexart/assets/sapien/10090/textured_objs/new-1.obj
[2026-09-22 04:21:15.057] [svulkan2] [warning] A second renderer will share the same internal context with the first one. Arguments passed to constructor will be ignored.
[ToiletEnv] change_instance_when_reset=True
[2026-09-22 04:21:58.827] [SAPIEN] [error] Failed to load visual mesh: /data/users/zhouyike/dexCG/third_party/dexart/assets/sapien/10090/textured_objs/new-1.obj
[2026-09-22 04:22:55.076] [svulkan2] [warning] A second renderer will share the same internal context with the first one. Arguments passed to constructor will be ignored.
[LaptopEnv] change_instance_when_reset=True
[2026-09-22 04:22:55.082] [SAPIEN] [error] Failed to load visual mesh: /data/users/zhouyike/dexCG/third_party/dexart/assets/sapien/10090/textured_objs/new-1.obj
[2026-09-22 04:23:21.498] [svulkan2] [warning] A second renderer will share the same internal context with the first one. Arguments passed to constructor will be ignored.
[FaucetEnv] change_instance_when_reset=True
[2026-09-22 04:24:03.275] [svulkan2] [warning] A second renderer will share the same internal context with the first one. Arguments passed to constructor will be ignored.
[ToiletEnv] change_instance_when_reset=True
[2026-09-22 04:26:08.595] [SAPIEN] [error] Failed to load visual mesh: /data/users/zhouyike/dexCG/third_party/dexart/assets/sapien/10090/textured_objs/new-1.obj
[2026-09-22 04:26:44.099] [svulkan2] [warning] A second renderer will share the same internal context with the first one. Arguments passed to constructor will be ignored.
[LaptopEnv] change_instance_when_reset=True
[2026-09-22 04:26:47.732] [svulkan2] [warning] A second renderer will share the same internal context with the first one. Arguments passed to constructor will be ignored.
[BucketEnv] change_instance_when_reset=True
[2026-09-22 04:26:49.564] [svulkan2] [warning] A second renderer will share the same internal context with the first one. Arguments passed to constructor will be ignored.
[FaucetEnv] change_instance_when_reset=True
[2026-09-22 04:28:40.408] [SAPIEN] [error] Failed to load visual mesh: /data/users/zhouyike/dexCG/third_party/dexart/assets/sapien/10090/textured_objs/new-1.obj
[2026-09-22 04:29:16.668] [SAPIEN] [error] Failed to load visual mesh: /data/users/zhouyike/dexCG/third_party/dexart/assets/sapien/10090/textured_objs/new-1.obj
[2026-09-22 04:33:51.549] [svulkan2] [warning] A second renderer will share the same internal context with the first one. Arguments passed to constructor will be ignored.
[BucketEnv] change_instance_when_reset=True
[2026-09-22 04:41:05.158] [svulkan2] [warning] A second renderer will share the same internal context with the first one. Arguments passed to constructor will be ignored.
[BucketEnv] change_instance_when_reset=True
epoch=901 step=67550 loss=7.87290
{"epoch": 901, "global_step": 67575, "learning_rate": 0.00015889155350187889, "teacher_forcing": 1.0, "predicted_contact_fraction": 0.0, "epoch_seconds": 18.338975713122636, "elapsed_hours": 4.718062158485797, "loss": 7.772626139322917, "loss_alignment": 0.30991554260253906, "loss_coefficient": 4.329366251627604, "loss_contact": 0.0, "loss_gate": 2.9556695556640626, "loss_reconstruction": 0.1776734733581543}
epoch=902 step=67600 loss=7.40557
epoch=902 step=67650 loss=7.39778
{"epoch": 902, "global_step": 67650, "learning_rate": 0.00015880679307292482, "teacher_forcing": 1.0, "predicted_contact_fraction": 0.0, "epoch_seconds": 18.936730989720672, "elapsed_hours": 4.723323953681134, "loss": 7.78546142578125, "loss_alignment": 0.30262176513671873, "loss_coefficient": 4.352673034667969, "loss_contact": 0.0, "loss_gate": 2.9522650146484377, "loss_reconstruction": 0.17790204366048176}
epoch=903 step=67700 loss=8.08357
{"epoch": 903, "global_step": 67725, "learning_rate": 0.000158721968011564, "teacher_forcing": 1.0, "predicted_contact_fraction": 0.0, "epoch_seconds": 18.708146954886615, "elapsed_hours": 4.728522320577564, "loss": 7.6760546875, "loss_alignment": 0.2868792788187663, "loss_coefficient": 4.270265096028646, "loss_contact": 0.0, "loss_gate": 2.942568664550781, "loss_reconstruction": 0.1763413651784261}
epoch=904 step=67750 loss=6.91136
epoch=904 step=67800 loss=7.74887
{"epoch": 904, "global_step": 67800, "learning_rate": 0.00015863707841102457, "teacher_forcing": 1.0, "predicted_contact_fraction": 0.0, "epoch_seconds": 18.7447501514107, "elapsed_hours": 4.733730627192546, "loss": 7.749618326822917, "loss_alignment": 0.2911492602030436, "loss_coefficient": 4.343654581705729, "loss_contact": 0.0, "loss_gate": 2.9373767598470053, "loss_reconstruction": 0.17743793487548828}
epoch=905 step=67850 loss=7.04909
{"epoch": 905, "global_step": 67875, "learning_rate": 0.00015855212436460562, "teacher_forcing": 1.0, "predicted_contact_fraction": 0.0, "epoch_seconds": 19.28646685415879, "elapsed_hours": 4.73908937125803, "loss": 7.581335042317709, "loss_alignment": 0.2855681546529134, "loss_coefficient": 4.183200174967448, "loss_contact": 0.0, "loss_gate": 2.9369473266601562, "loss_reconstruction": 0.17561991055806478}
epoch=906 step=67900 loss=7.29370
epoch=906 step=67950 loss=7.69169
{"epoch": 906, "global_step": 67950, "learning_rate": 0.00015846710596567707, "teacher_forcing": 1.0, "predicted_contact_fraction": 0.0, "epoch_seconds": 18.397448546253145, "elapsed_hours": 4.744201132845547, "loss": 7.484447428385416, "loss_alignment": 0.2706661669413249, "loss_coefficient": 4.114193318684896, "loss_contact": 0.0, "loss_gate": 2.9252601623535157, "loss_reconstruction": 0.1743272876739502}
epoch=907 step=68000 loss=8.03127
{"epoch": 907, "global_step": 68025, "learning_rate": 0.00015838202330767956, "teacher_forcing": 1.0, "predicted_contact_fraction": 0.0, "epoch_seconds": 18.785844856873155, "elapsed_hours": 4.749420827326183, "loss": 7.711797485351562, "loss_alignment": 0.2980117352803548, "loss_coefficient": 4.299461873372396, "loss_contact": 0.0, "loss_gate": 2.9377428690592446, "loss_reconstruction": 0.1765814431508382}
epoch=908 step=68050 loss=7.58431
epoch=908 step=68100 loss=7.94475
{"epoch": 908, "global_step": 68100, "learning_rate": 0.00015829687648412426, "teacher_forcing": 1.0, "predicted_contact_fraction": 0.0, "epoch_seconds": 18.841501893941313, "elapsed_hours": 4.7546560281930335, "loss": 7.751940714518229, "loss_alignment": 0.3010891024271647, "loss_coefficient": 4.330934956868489, "loss_contact": 0.0, "loss_gate": 2.9434830220540364, "loss_reconstruction": 0.1764340591430664}
epoch=909 step=68150 loss=7.84397
{"epoch": 909, "global_step": 68175, "learning_rate": 0.000158211665588593, "teacher_forcing": 1.0, "predicted_contact_fraction": 0.0, "epoch_seconds": 18.894645682070404, "elapsed_hours": 4.759905983148944, "loss": 7.777923787434895, "loss_alignment": 0.28921441396077474, "loss_coefficient": 4.3757080078125, "loss_contact": 0.0, "loss_gate": 2.936173553466797, "loss_reconstruction": 0.17682771682739257}
epoch=910 step=68200 loss=6.74805
epoch=910 step=68250 loss=7.91786
{"epoch": 910, "global_step": 68250, "learning_rate": 0.00015812639071473804, "teacher_forcing": 1.0, "predicted_contact_fraction": 0.0, "epoch_seconds": 18.69417310366407, "elapsed_hours": 4.765100281838612, "loss": 7.526896769205729, "loss_alignment": 0.29229491551717124, "loss_coefficient": 4.125726114908854, "loss_contact": 0.0, "loss_gate": 2.9354378763834634, "loss_reconstruction": 0.1734386157989502}
epoch=911 step=68300 loss=6.62511
{"epoch": 911, "global_step": 68325, "learning_rate": 0.0001580410519562818, "teacher_forcing": 1.0, "predicted_contact_fraction": 0.0, "epoch_seconds": 18.675362669397146, "elapsed_hours": 4.770429301685783, "loss": 7.489878133138021, "loss_alignment": 0.28771655400594076, "loss_coefficient": 4.099784342447917, "loss_contact": 0.0, "loss_gate": 2.928860677083333, "loss_reconstruction": 0.17351646105448404}
epoch=912 step=68350 loss=6.41561
epoch=912 step=68400 loss=7.53052
{"epoch": 912, "global_step": 68400, "learning_rate": 0.000157955649407017, "teacher_forcing": 1.0, "predicted_contact_fraction": 0.0, "epoch_seconds": 18.1736352131702, "elapsed_hours": 4.775478975143568, "loss": 7.8300703938802085, "loss_alignment": 0.3045008405049642, "loss_coefficient": 4.405740152994792, "loss_contact": 0.0, "loss_gate": 2.9410389200846354, "loss_reconstruction": 0.1787890084584554}
epoch=913 step=68450 loss=8.67822
{"epoch": 913, "global_step": 68475, "learning_rate": 0.00015787018316080654, "teacher_forcing": 1.0, "predicted_contact_fraction": 0.0, "epoch_seconds": 18.119218765292317, "elapsed_hours": 4.780513532119674, "loss": 7.655978393554688, "loss_alignment": 0.2817965380350749, "loss_coefficient": 4.270117594401042, "loss_contact": 0.0, "loss_gate": 2.9276525370279947, "loss_reconstruction": 0.17641226768493654}
epoch=914 step=68500 loss=8.98789
epoch=914 step=68550 loss=7.15995
{"epoch": 914, "global_step": 68550, "learning_rate": 0.0001577846533115832, "teacher_forcing": 1.0, "predicted_contact_fraction": 0.0, "epoch_seconds": 18.344090370927006, "elapsed_hours": 4.785610601608383, "loss": 7.409001871744792, "loss_alignment": 0.26886404037475586, "loss_coefficient": 4.0514404296875, "loss_contact": 0.0, "loss_gate": 2.9168684895833334, "loss_reconstruction": 0.17182931582132976}
epoch=915 step=68600 loss=6.48624
{"epoch": 915, "global_step": 68625, "learning_rate": 0.00015769905995334976, "teacher_forcing": 1.0, "predicted_contact_fraction": 0.0, "epoch_seconds": 18.23961853981018, "elapsed_hours": 4.790678568683021, "loss": 7.434582926432292, "loss_alignment": 0.2747421328226725, "loss_coefficient": 4.0691006469726565, "loss_contact": 0.0, "loss_gate": 2.918257548014323, "loss_reconstruction": 0.17248266220092773}
epoch=916 step=68650 loss=7.28696
epoch=916 step=68700 loss=7.47262
{"epoch": 916, "global_step": 68700, "learning_rate": 0.0001576134031801788, "teacher_forcing": 1.0, "predicted_contact_fraction": 0.0, "epoch_seconds": 18.587472134735435, "elapsed_hours": 4.795843187204122, "loss": 7.405964152018229, "loss_alignment": 0.2723039944966634, "loss_coefficient": 4.045919087727865, "loss_contact": 0.0, "loss_gate": 2.9144793192545575, "loss_reconstruction": 0.17326205253601074}
epoch=917 step=68750 loss=6.69836
{"epoch": 917, "global_step": 68775, "learning_rate": 0.00015752768308621246, "teacher_forcing": 1.0, "predicted_contact_fraction": 0.0, "epoch_seconds": 18.432144183199853, "elapsed_hours": 4.8009647279602685, "loss": 7.578928426106771, "loss_alignment": 0.27948209126790363, "loss_coefficient": 4.212209981282552, "loss_contact": 0.0, "loss_gate": 2.9128709920247395, "loss_reconstruction": 0.17436652819315593}
epoch=918 step=68800 loss=8.20255
epoch=918 step=68850 loss=7.13039
{"epoch": 918, "global_step": 68850, "learning_rate": 0.0001574418997656627, "teacher_forcing": 1.0, "predicted_contact_fraction": 0.0, "epoch_seconds": 18.244166769087315, "elapsed_hours": 4.806033999774243, "loss": 7.381243082682292, "loss_alignment": 0.2869950612386068, "loss_coefficient": 4.005745340983073, "loss_contact": 0.0, "loss_gate": 2.9148048400878905, "loss_reconstruction": 0.17369773864746094}
epoch=919 step=68900 loss=6.83562
{"epoch": 919, "global_step": 68925, "learning_rate": 0.00015735605331281075, "teacher_forcing": 1.0, "predicted_contact_fraction": 0.0, "epoch_seconds": 18.408856684807688, "elapsed_hours": 4.811149009871167, "loss": 7.530712483723958, "loss_alignment": 0.2991025924682617, "loss_coefficient": 4.135124409993489, "loss_contact": 0.0, "loss_gate": 2.9230255635579425, "loss_reconstruction": 0.17345994313557941}
epoch=920 step=68950 loss=7.18436
epoch=920 step=69000 loss=8.41383
{"epoch": 920, "global_step": 69000, "learning_rate": 0.0001572701438220074, "teacher_forcing": 1.0, "predicted_contact_fraction": 0.0, "epoch_seconds": 18.530013125855476, "elapsed_hours": 4.816297626456168, "loss": 7.420238850911458, "loss_alignment": 0.2601185671488444, "loss_coefficient": 4.0874261474609375, "loss_contact": 0.0, "loss_gate": 2.8997718302408853, "loss_reconstruction": 0.17292227745056152}
epoch=921 step=69050 loss=6.93600
{"epoch": 921, "global_step": 69075, "learning_rate": 0.00015718417138767257, "teacher_forcing": 1.0, "predicted_contact_fraction": 0.0, "epoch_seconds": 18.261992965824902, "elapsed_hours": 4.8215135066160775, "loss": 7.444939371744792, "loss_alignment": 0.27639582951863606, "loss_coefficient": 4.0909292602539065, "loss_contact": 0.0, "loss_gate": 2.904677988688151, "loss_reconstruction": 0.17293675422668456}
epoch=922 step=69100 loss=7.83455
epoch=922 step=69150 loss=6.48496
{"epoch": 922, "global_step": 69150, "learning_rate": 0.00015709813610429547, "teacher_forcing": 1.0, "predicted_contact_fraction": 0.0, "epoch_seconds": 18.510751844849437, "elapsed_hours": 4.826656770419407, "loss": 7.307778930664062, "loss_alignment": 0.2744256337483724, "loss_coefficient": 3.964749450683594, "loss_contact": 0.0, "loss_gate": 2.8965308634440103, "loss_reconstruction": 0.17207316716512044}
epoch=923 step=69200 loss=7.99331
{"epoch": 923, "global_step": 69225, "learning_rate": 0.00015701203806643433, "teacher_forcing": 1.0, "predicted_contact_fraction": 0.0, "epoch_seconds": 18.31530019128695, "elapsed_hours": 4.8317457386894, "loss": 7.61084228515625, "loss_alignment": 0.2911989212036133, "loss_coefficient": 4.2332509358723955, "loss_contact": 0.0, "loss_gate": 2.9118792724609377, "loss_reconstruction": 0.17451308886210123}
epoch=924 step=69250 loss=7.20506
epoch=924 step=69300 loss=7.39186
{"epoch": 924, "global_step": 69300, "learning_rate": 0.00015692587736871645, "teacher_forcing": 1.0, "predicted_contact_fraction": 0.0, "epoch_seconds": 18.28675904404372, "elapsed_hours": 4.836826790778044, "loss": 7.477926228841146, "loss_alignment": 0.2830484390258789, "loss_coefficient": 4.113977762858073, "loss_contact": 0.0, "loss_gate": 2.9073202006022134, "loss_reconstruction": 0.1735798168182373}
epoch=925 step=69350 loss=7.95109
{"epoch": 925, "global_step": 69375, "learning_rate": 0.0001568396541058378, "teacher_forcing": 1.0, "predicted_contact_fraction": 0.0, "epoch_seconds": 18.603726407978684, "elapsed_hours": 4.8419959075075, "loss": 7.597306111653646, "loss_alignment": 0.28110542297363283, "loss_coefficient": 4.235463460286458, "loss_contact": 0.0, "loss_gate": 2.906113688151042, "loss_reconstruction": 0.17462435086568195}
epoch=926 step=69400 loss=7.89676
epoch=926 step=69450 loss=7.15491
{"epoch": 926, "global_step": 69450, "learning_rate": 0.0001567533683725633, "teacher_forcing": 1.0, "predicted_contact_fraction": 0.0, "epoch_seconds": 18.26763639599085, "elapsed_hours": 4.847071697165052, "loss": 7.404629720052084, "loss_alignment": 0.2734402592976888, "loss_coefficient": 4.060733744303385, "loss_contact": 0.0, "loss_gate": 2.8976195271809897, "loss_reconstruction": 0.17283579508463542}
epoch=927 step=69500 loss=7.46614
{"epoch": 927, "global_step": 69525, "learning_rate": 0.0001566670202637265, "teacher_forcing": 1.0, "predicted_contact_fraction": 0.0, "epoch_seconds": 18.337945082690567, "elapsed_hours": 4.852167020721697, "loss": 7.640736694335938, "loss_alignment": 0.3004514503479004, "loss_coefficient": 4.251345011393229, "loss_contact": 0.0, "loss_gate": 2.913710530598958, "loss_reconstruction": 0.17522947947184245}
epoch=928 step=69550 loss=7.29779
epoch=928 step=69600 loss=7.46738
{"epoch": 928, "global_step": 69600, "learning_rate": 0.00015658060987422935, "teacher_forcing": 1.0, "predicted_contact_fraction": 0.0, "epoch_seconds": 18.579273260198534, "elapsed_hours": 4.857329348165335, "loss": 7.5888765462239585, "loss_alignment": 0.29895886103312175, "loss_coefficient": 4.199250183105469, "loss_contact": 0.0, "loss_gate": 2.915237070719401, "loss_reconstruction": 0.17543079058329264}
epoch=929 step=69650 loss=7.85908
{"epoch": 929, "global_step": 69675, "learning_rate": 0.00015649413729904247, "teacher_forcing": 1.0, "predicted_contact_fraction": 0.0, "epoch_seconds": 18.42510542087257, "elapsed_hours": 4.862448821300252, "loss": 7.436108805338542, "loss_alignment": 0.2856589889526367, "loss_coefficient": 4.0666490681966145, "loss_contact": 0.0, "loss_gate": 2.9099640401204425, "loss_reconstruction": 0.17383748054504394}
epoch=930 step=69700 loss=7.75925
epoch=930 step=69750 loss=7.44638
{"epoch": 930, "global_step": 69750, "learning_rate": 0.00015640760263320469, "teacher_forcing": 1.0, "predicted_contact_fraction": 0.0, "epoch_seconds": 17.968020217958838, "elapsed_hours": 4.867441353210274, "loss": 7.444542643229167, "loss_alignment": 0.2819142659505208, "loss_coefficient": 4.085286356608073, "loss_contact": 0.0, "loss_gate": 2.904557851155599, "loss_reconstruction": 0.1727847671508789}
epoch=931 step=69800 loss=7.64485
{"epoch": 931, "global_step": 69825, "learning_rate": 0.00015632100597182306, "teacher_forcing": 1.0, "predicted_contact_fraction": 0.0, "epoch_seconds": 18.26677391398698, "elapsed_hours": 4.872656807114447, "loss": 7.4708607991536455, "loss_alignment": 0.29219161987304687, "loss_coefficient": 4.102260538736979, "loss_contact": 0.0, "loss_gate": 2.9039126586914064, "loss_reconstruction": 0.17249751726786294}
epoch=932 step=69850 loss=7.26117
epoch=932 step=69900 loss=7.55470
{"epoch": 932, "global_step": 69900, "learning_rate": 0.0001562343474100729, "teacher_forcing": 1.0, "predicted_contact_fraction": 0.0, "epoch_seconds": 18.62652222532779, "elapsed_hours": 4.8778322197205854, "loss": 7.4659651692708335, "loss_alignment": 0.28477126439412437, "loss_coefficient": 4.108604227701823, "loss_contact": 0.0, "loss_gate": 2.9000255330403646, "loss_reconstruction": 0.1725638771057129}
epoch=933 step=69950 loss=7.59116
{"epoch": 933, "global_step": 69975, "learning_rate": 0.00015614762704319746, "teacher_forcing": 1.0, "predicted_contact_fraction": 0.0, "epoch_seconds": 18.20000978326425, "elapsed_hours": 4.882889157751084, "loss": 7.536754760742188, "loss_alignment": 0.27935824712117513, "loss_coefficient": 4.18731201171875, "loss_contact": 0.0, "loss_gate": 2.8965804036458334, "loss_reconstruction": 0.17350420951843262}
epoch=934 step=70000 loss=8.13491
epoch=934 step=70050 loss=7.33971
{"epoch": 934, "global_step": 70050, "learning_rate": 0.0001560608449665079, "teacher_forcing": 1.0, "predicted_contact_fraction": 0.0, "epoch_seconds": 18.115510834380984, "elapsed_hours": 4.887922676745802, "loss": 7.6533154296875, "loss_alignment": 0.2810942077636719, "loss_coefficient": 4.298026529947917, "loss_contact": 0.0, "loss_gate": 2.8992100524902344, "loss_reconstruction": 0.17498475074768066}
epoch=935 step=70100 loss=7.80622
{"epoch": 935, "global_step": 70125, "learning_rate": 0.00015597400127538325, "teacher_forcing": 1.0, "predicted_contact_fraction": 0.0, "epoch_seconds": 18.265327505301684, "elapsed_hours": 4.892997760773611, "loss": 7.426235758463542, "loss_alignment": 0.28053597768147787, "loss_coefficient": 4.075328572591146, "loss_contact": 0.0, "loss_gate": 2.8983668009440104, "loss_reconstruction": 0.17200445175170898}
epoch=936 step=70150 loss=7.29704
epoch=936 step=70200 loss=6.70759
{"epoch": 936, "global_step": 70200, "learning_rate": 0.0001558870960652703, "teacher_forcing": 1.0, "predicted_contact_fraction": 0.0, "epoch_seconds": 18.354675872717053, "elapsed_hours": 4.898097923908046, "loss": 7.128231608072917, "loss_alignment": 0.2630062294006348, "loss_coefficient": 3.8144324747721354, "loss_contact": 0.0, "loss_gate": 2.881073710123698, "loss_reconstruction": 0.1697183609008789}
epoch=937 step=70250 loss=8.19505
{"epoch": 937, "global_step": 70275, "learning_rate": 0.00015580012943168335, "teacher_forcing": 1.0, "predicted_contact_fraction": 0.0, "epoch_seconds": 19.09390331339091, "elapsed_hours": 4.903403159832298, "loss": 7.431194458007813, "loss_alignment": 0.26842516581217446, "loss_coefficient": 4.109955952962239, "loss_contact": 0.0, "loss_gate": 2.8804083760579426, "loss_reconstruction": 0.1724048169453939}
epoch=938 step=70300 loss=7.66657
epoch=938 step=70350 loss=7.41062
{"epoch": 938, "global_step": 70350, "learning_rate": 0.00015571310147020431, "teacher_forcing": 1.0, "predicted_contact_fraction": 0.0, "epoch_seconds": 18.63228265196085, "elapsed_hours": 4.908580191996621, "loss": 7.6389013671875, "loss_alignment": 0.3090904680887858, "loss_coefficient": 4.250584411621094, "loss_contact": 0.0, "loss_gate": 2.906219533284505, "loss_reconstruction": 0.17300580978393554}
epoch=939 step=70400 loss=6.70093
{"epoch": 939, "global_step": 70425, "learning_rate": 0.00015562601227648242, "teacher_forcing": 1.0, "predicted_contact_fraction": 0.0, "epoch_seconds": 18.065733402967453, "elapsed_hours": 4.913599898806618, "loss": 7.272103678385417, "loss_alignment": 0.27543186823527016, "loss_coefficient": 3.9389903767903647, "loss_contact": 0.0, "loss_gate": 2.887443186442057, "loss_reconstruction": 0.1702380339304606}
epoch=940 step=70450 loss=7.31337
epoch=940 step=70500 loss=7.44296
{"epoch": 940, "global_step": 70500, "learning_rate": 0.00015553886194623426, "teacher_forcing": 1.0, "predicted_contact_fraction": 0.0, "epoch_seconds": 18.42758860811591, "elapsed_hours": 4.918720066707788, "loss": 7.410989990234375, "loss_alignment": 0.2737331835428874, "loss_coefficient": 4.080377298990886, "loss_contact": 0.0, "loss_gate": 2.884962819417318, "loss_reconstruction": 0.1719165007273356}
epoch=941 step=70550 loss=7.89853
{"epoch": 941, "global_step": 70575, "learning_rate": 0.00015545165057524358, "teacher_forcing": 1.0, "predicted_contact_fraction": 0.0, "epoch_seconds": 18.038810952100903, "elapsed_hours": 4.9238735143555745, "loss": 7.510340779622396, "loss_alignment": 0.2933741823832194, "loss_coefficient": 4.145139567057291, "loss_contact": 0.0, "loss_gate": 2.899158630371094, "loss_reconstruction": 0.172668981552124}
epoch=942 step=70600 loss=7.60174
epoch=942 step=70650 loss=7.05146
{"epoch": 942, "global_step": 70650, "learning_rate": 0.0001553643782593612, "teacher_forcing": 1.0, "predicted_contact_fraction": 0.0, "epoch_seconds": 18.332920391578227, "elapsed_hours": 4.928967461693877, "loss": 7.333037109375, "loss_alignment": 0.2623445638020833, "loss_coefficient": 4.022652180989583, "loss_contact": 0.0, "loss_gate": 2.8764986165364586, "loss_reconstruction": 0.17154216766357422}
epoch=943 step=70700 loss=7.73776
{"epoch": 943, "global_step": 70725, "learning_rate": 0.000155277045094505, "teacher_forcing": 1.0, "predicted_contact_fraction": 0.0, "epoch_seconds": 18.077115072868764, "elapsed_hours": 4.93399026266726, "loss": 7.473406982421875, "loss_alignment": 0.2822471237182617, "loss_coefficient": 4.1347193400065105, "loss_contact": 0.0, "loss_gate": 2.883849334716797, "loss_reconstruction": 0.17259191830952963}
epoch=944 step=70750 loss=6.74621
epoch=944 step=70800 loss=6.47968
{"epoch": 944, "global_step": 70800, "learning_rate": 0.00015518965117665963, "teacher_forcing": 1.0, "predicted_contact_fraction": 0.0, "epoch_seconds": 18.17382778180763, "elapsed_hours": 4.93903996436197, "loss": 7.307468668619792, "loss_alignment": 0.28631506601969403, "loss_coefficient": 3.9596068318684896, "loss_contact": 0.0, "loss_gate": 2.89098871866862, "loss_reconstruction": 0.1705577596028646}
epoch=945 step=70850 loss=7.05399
{"epoch": 945, "global_step": 70875, "learning_rate": 0.00015510219660187658, "teacher_forcing": 1.0, "predicted_contact_fraction": 0.0, "epoch_seconds": 18.541999325156212, "elapsed_hours": 4.944191956146646, "loss": 7.216692301432292, "loss_alignment": 0.27239994049072264, "loss_coefficient": 3.8989923095703123, "loss_contact": 0.0, "loss_gate": 2.8753543599446614, "loss_reconstruction": 0.16994523048400878}
epoch=946 step=70900 loss=7.77905
epoch=946 step=70950 loss=7.58825
{"epoch": 946, "global_step": 70950, "learning_rate": 0.000155014681466274, "teacher_forcing": 1.0, "predicted_contact_fraction": 0.0, "epoch_seconds": 18.393952701240778, "elapsed_hours": 4.949302910648855, "loss": 7.407678629557291, "loss_alignment": 0.27617809931437176, "loss_coefficient": 4.081044514973958, "loss_contact": 0.0, "loss_gate": 2.8787217203776043, "loss_reconstruction": 0.17173359553019205}
epoch=947 step=71000 loss=8.34691
{"epoch": 947, "global_step": 71025, "learning_rate": 0.0001549271058660366, "teacher_forcing": 1.0, "predicted_contact_fraction": 0.0, "epoch_seconds": 18.590125937014818, "elapsed_hours": 4.954468263732787, "loss": 7.459751383463542, "loss_alignment": 0.2805266189575195, "loss_coefficient": 4.124435831705729, "loss_contact": 0.0, "loss_gate": 2.882416076660156, "loss_reconstruction": 0.17237213134765625}
epoch=948 step=71050 loss=7.46989
epoch=948 step=71100 loss=7.79457
{"epoch": 948, "global_step": 71100, "learning_rate": 0.00015483946989741553, "teacher_forcing": 1.0, "predicted_contact_fraction": 0.0, "epoch_seconds": 18.891099348198622, "elapsed_hours": 4.959717188492004, "loss": 7.2778312174479165, "loss_alignment": 0.27330601374308267, "loss_coefficient": 3.9608500162760416, "loss_contact": 0.0, "loss_gate": 2.873421681722005, "loss_reconstruction": 0.17025293986002604}
epoch=949 step=71150 loss=7.47688
{"epoch": 949, "global_step": 71175, "learning_rate": 0.0001547517736567283, "teacher_forcing": 1.0, "predicted_contact_fraction": 0.0, "epoch_seconds": 18.532779490109533, "elapsed_hours": 4.964866568950626, "loss": 7.471451212565104, "loss_alignment": 0.2899482599894206, "loss_coefficient": 4.1273726399739585, "loss_contact": 0.0, "loss_gate": 2.881616465250651, "loss_reconstruction": 0.172514861424764}
epoch=950 step=71200 loss=7.30593
epoch=950 step=71250 loss=7.56498
{"epoch": 950, "global_step": 71250, "learning_rate": 0.00015466401724035863, "teacher_forcing": 1.0, "predicted_contact_fraction": 0.0, "epoch_seconds": 18.435143289156258, "elapsed_hours": 4.969988871590855, "loss": 7.386893717447917, "loss_alignment": 0.2876341692606608, "loss_coefficient": 4.046212666829427, "loss_contact": 0.0, "loss_gate": 2.8814215087890624, "loss_reconstruction": 0.17162558873494466}
epoch=951 step=71300 loss=8.09285
{"epoch": 951, "global_step": 71325, "learning_rate": 0.00015457620074475642, "teacher_forcing": 1.0, "predicted_contact_fraction": 0.0, "epoch_seconds": 18.518065304029733, "elapsed_hours": 4.975277279825597, "loss": 7.763243408203125, "loss_alignment": 0.3173909060160319, "loss_coefficient": 4.372434285481771, "loss_contact": 0.0, "loss_gate": 2.898336944580078, "loss_reconstruction": 0.17508111635843912}
epoch=952 step=71350 loss=5.76322
epoch=952 step=71400 loss=7.89784
{"epoch": 952, "global_step": 71400, "learning_rate": 0.0001544883242664376, "teacher_forcing": 1.0, "predicted_contact_fraction": 0.0, "epoch_seconds": 18.31540773715824, "elapsed_hours": 4.980366281826929, "loss": 7.333568115234375, "loss_alignment": 0.280450439453125, "loss_coefficient": 4.000900065104167, "loss_contact": 0.0, "loss_gate": 2.8812858072916665, "loss_reconstruction": 0.17093153635660807}
epoch=953 step=71450 loss=8.35617
{"epoch": 953, "global_step": 71475, "learning_rate": 0.000154400387901984, "teacher_forcing": 1.0, "predicted_contact_fraction": 0.0, "epoch_seconds": 18.372725542169064, "elapsed_hours": 4.985471178721378, "loss": 7.31009785970052, "loss_alignment": 0.2769043223063151, "loss_coefficient": 3.985215657552083, "loss_contact": 0.0, "loss_gate": 2.8766190592447916, "loss_reconstruction": 0.17135931968688964}
epoch=954 step=71500 loss=8.01629
epoch=954 step=71550 loss=6.80578
{"epoch": 954, "global_step": 71550, "learning_rate": 0.00015431239174804328, "teacher_forcing": 1.0, "predicted_contact_fraction": 0.0, "epoch_seconds": 18.144467934034765, "elapsed_hours": 4.990512711114975, "loss": 7.600141194661458, "loss_alignment": 0.2947492408752441, "loss_coefficient": 4.248614196777344, "loss_contact": 0.0, "loss_gate": 2.883447977701823, "loss_reconstruction": 0.17332897186279297}
epoch=955 step=71600 loss=7.60068
{"epoch": 955, "global_step": 71625, "learning_rate": 0.0001542243359013288, "teacher_forcing": 1.0, "predicted_contact_fraction": 0.0, "epoch_seconds": 18.281261013820767, "elapsed_hours": 4.995592226992853, "loss": 7.201179402669271, "loss_alignment": 0.2680038579305013, "loss_coefficient": 3.9023255411783855, "loss_contact": 0.0, "loss_gate": 2.8613905334472656, "loss_reconstruction": 0.16945955594380696}
epoch=956 step=71650 loss=7.42809
epoch=956 step=71700 loss=8.39485
{"epoch": 956, "global_step": 71700, "learning_rate": 0.00015413622045861954, "teacher_forcing": 1.0, "predicted_contact_fraction": 0.0, "epoch_seconds": 18.325398633722216, "elapsed_hours": 5.00068397555746, "loss": 7.407928263346355, "loss_alignment": 0.283834966023763, "loss_coefficient": 4.081832071940104, "loss_contact": 0.0, "loss_gate": 2.8706959025065104, "loss_reconstruction": 0.17156516710917155}
epoch=957 step=71750 loss=7.91628
{"epoch": 957, "global_step": 71775, "learning_rate": 0.00015404804551676, "teacher_forcing": 1.0, "predicted_contact_fraction": 0.0, "epoch_seconds": 18.823835650458932, "elapsed_hours": 5.0059141851044515, "loss": 7.675105997721354, "loss_alignment": 0.2853653907775879, "loss_coefficient": 4.340240580240885, "loss_contact": 0.0, "loss_gate": 2.8759970092773437, "loss_reconstruction": 0.17350234985351562}
epoch=958 step=71800 loss=7.61977
epoch=958 step=71850 loss=7.91590
{"epoch": 958, "global_step": 71850, "learning_rate": 0.00015395981117266006, "teacher_forcing": 1.0, "predicted_contact_fraction": 0.0, "epoch_seconds": 18.361722682602704, "elapsed_hours": 5.011016091553287, "loss": 7.392876790364583, "loss_alignment": 0.27994511286417645, "loss_coefficient": 4.071095581054688, "loss_contact": 0.0, "loss_gate": 2.8711422729492186, "loss_reconstruction": 0.17069324175516765}
epoch=959 step=71900 loss=8.39160
{"epoch": 959, "global_step": 71925, "learning_rate": 0.00015387151752329484, "teacher_forcing": 1.0, "predicted_contact_fraction": 0.0, "epoch_seconds": 18.296927929390222, "elapsed_hours": 5.016100005390019, "loss": 7.419151407877604, "loss_alignment": 0.2717951838175456, "loss_coefficient": 4.1152212524414065, "loss_contact": 0.0, "loss_gate": 2.860655517578125, "loss_reconstruction": 0.1714797019958496}
epoch=960 step=71950 loss=7.35752
epoch=960 step=72000 loss=7.69828
{"epoch": 960, "global_step": 72000, "learning_rate": 0.00015378316466570466, "teacher_forcing": 1.0, "predicted_contact_fraction": 0.0, "epoch_seconds": 18.195284835994244, "elapsed_hours": 5.021155637302824, "loss": 7.429997151692708, "loss_alignment": 0.27315589904785154, "loss_coefficient": 4.123612162272136, "loss_contact": 0.0, "loss_gate": 2.860332743326823, "loss_reconstruction": 0.17289681116739908}
epoch=961 step=72050 loss=7.57556
{"epoch": 961, "global_step": 72075, "learning_rate": 0.000153694752696995, "teacher_forcing": 1.0, "predicted_contact_fraction": 0.0, "epoch_seconds": 18.34596165874973, "elapsed_hours": 5.026396243068933, "loss": 7.568782348632812, "loss_alignment": 0.2871385701497396, "loss_coefficient": 4.237984110514323, "loss_contact": 0.0, "loss_gate": 2.870336456298828, "loss_reconstruction": 0.17332141558329264}
epoch=962 step=72100 loss=7.36147
epoch=962 step=72150 loss=6.23050
{"epoch": 962, "global_step": 72150, "learning_rate": 0.00015360628171433614, "teacher_forcing": 1.0, "predicted_contact_fraction": 0.0, "epoch_seconds": 18.642780603840947, "elapsed_hours": 5.031576303524198, "loss": 7.310164591471354, "loss_alignment": 0.27549406051635744, "loss_coefficient": 4.004113871256511, "loss_contact": 0.0, "loss_gate": 2.8608248901367186, "loss_reconstruction": 0.16973172505696615}
epoch=963 step=72200 loss=8.51612
{"epoch": 963, "global_step": 72225, "learning_rate": 0.0001535177518149634, "teacher_forcing": 1.0, "predicted_contact_fraction": 0.0, "epoch_seconds": 18.34693135181442, "elapsed_hours": 5.036674124117191, "loss": 7.468723958333333, "loss_alignment": 0.28083648045857745, "loss_coefficient": 4.154327392578125, "loss_contact": 0.0, "loss_gate": 2.8630108133951824, "loss_reconstruction": 0.17054980278015136}
epoch=964 step=72250 loss=7.81830
epoch=964 step=72300 loss=8.03325
{"epoch": 964, "global_step": 72300, "learning_rate": 0.00015342916309617677, "teacher_forcing": 1.0, "predicted_contact_fraction": 0.0, "epoch_seconds": 18.47306880913675, "elapsed_hours": 5.041806962445068, "loss": 7.371106567382813, "loss_alignment": 0.27908676783243813, "loss_coefficient": 4.06323262532552, "loss_contact": 0.0, "loss_gate": 2.85738037109375, "loss_reconstruction": 0.1714057763417562}
epoch=965 step=72350 loss=7.96670
{"epoch": 965, "global_step": 72375, "learning_rate": 0.00015334051565534087, "teacher_forcing": 1.0, "predicted_contact_fraction": 0.0, "epoch_seconds": 18.14991252589971, "elapsed_hours": 5.046849983122018, "loss": 7.53979471842448, "loss_alignment": 0.2926320203145345, "loss_coefficient": 4.198198852539062, "loss_contact": 0.0, "loss_gate": 2.8757374064127603, "loss_reconstruction": 0.17322598457336424}
epoch=966 step=72400 loss=6.81518
epoch=966 step=72450 loss=7.23861
{"epoch": 966, "global_step": 72450, "learning_rate": 0.00015325180958988485, "teacher_forcing": 1.0, "predicted_contact_fraction": 0.0, "epoch_seconds": 18.306142771150917, "elapsed_hours": 5.0519364330708045, "loss": 7.331075236002604, "loss_alignment": 0.2824723243713379, "loss_coefficient": 4.014218648274739, "loss_contact": 0.0, "loss_gate": 2.864132639567057, "loss_reconstruction": 0.1702519702911377}
epoch=967 step=72500 loss=6.18129
{"epoch": 967, "global_step": 72525, "learning_rate": 0.00015316304499730235, "teacher_forcing": 1.0, "predicted_contact_fraction": 0.0, "epoch_seconds": 18.362567263655365, "elapsed_hours": 5.057038611988408, "loss": 7.159381306966146, "loss_alignment": 0.2721595064798991, "loss_coefficient": 3.866408487955729, "loss_contact": 0.0, "loss_gate": 2.8521023559570313, "loss_reconstruction": 0.16871170361836751}
epoch=968 step=72550 loss=7.33739
epoch=968 step=72600 loss=7.80026
{"epoch": 968, "global_step": 72600, "learning_rate": 0.00015307422197515132, "teacher_forcing": 1.0, "predicted_contact_fraction": 0.0, "epoch_seconds": 18.36447442881763, "elapsed_hours": 5.062141375423073, "loss": 7.367551472981771, "loss_alignment": 0.28466460545857747, "loss_coefficient": 4.0524037679036455, "loss_contact": 0.0, "loss_gate": 2.8595924886067707, "loss_reconstruction": 0.170890957514445}
epoch=969 step=72650 loss=7.22054
{"epoch": 969, "global_step": 72675, "learning_rate": 0.00015298534062105384, "teacher_forcing": 1.0, "predicted_contact_fraction": 0.0, "epoch_seconds": 18.44848550390452, "elapsed_hours": 5.067267360573039, "loss": 7.53180419921875, "loss_alignment": 0.3015315500895182, "loss_coefficient": 4.1810205078125, "loss_contact": 0.0, "loss_gate": 2.876224619547526, "loss_reconstruction": 0.1730276362101237}
epoch=970 step=72700 loss=6.91600
epoch=970 step=72750 loss=7.54382
{"epoch": 970, "global_step": 72750, "learning_rate": 0.00015289640103269625, "teacher_forcing": 1.0, "predicted_contact_fraction": 0.0, "epoch_seconds": 18.257593961898237, "elapsed_hours": 5.072340434071375, "loss": 7.557266845703125, "loss_alignment": 0.2845222282409668, "loss_coefficient": 4.237188517252604, "loss_contact": 0.0, "loss_gate": 2.86170654296875, "loss_reconstruction": 0.1738491408030192}
epoch=971 step=72800 loss=7.78327
{"epoch": 971, "global_step": 72825, "learning_rate": 0.00015280740330782879, "teacher_forcing": 1.0, "predicted_contact_fraction": 0.0, "epoch_seconds": 17.954998534638435, "elapsed_hours": 5.077470865381959, "loss": 7.514704793294271, "loss_alignment": 0.29859381357828774, "loss_coefficient": 4.172626342773437, "loss_contact": 0.0, "loss_gate": 2.8708487955729165, "loss_reconstruction": 0.17263715426127116}
epoch=972 step=72850 loss=7.49762
epoch=972 step=72900 loss=7.74012
{"epoch": 972, "global_step": 72900, "learning_rate": 0.00015271834754426565, "teacher_forcing": 1.0, "predicted_contact_fraction": 0.0, "epoch_seconds": 18.531258087139577, "elapsed_hours": 5.082619905892191, "loss": 7.430222981770833, "loss_alignment": 0.28269892374674477, "loss_coefficient": 4.115831502278646, "loss_contact": 0.0, "loss_gate": 2.859459482828776, "loss_reconstruction": 0.1722329266866048}
epoch=973 step=72950 loss=7.40924
{"epoch": 973, "global_step": 72975, "learning_rate": 0.00015262923383988468, "teacher_forcing": 1.0, "predicted_contact_fraction": 0.0, "epoch_seconds": 18.075432098004967, "elapsed_hours": 5.087642214506114, "loss": 7.470610555013021, "loss_alignment": 0.28437074661254885, "loss_coefficient": 4.153656616210937, "loss_contact": 0.0, "loss_gate": 2.8610723876953124, "loss_reconstruction": 0.17151120821634927}
epoch=974 step=73000 loss=7.59539
epoch=974 step=73050 loss=7.51354
{"epoch": 974, "global_step": 73050, "learning_rate": 0.00015254006229262763, "teacher_forcing": 1.0, "predicted_contact_fraction": 0.0, "epoch_seconds": 17.967135821003467, "elapsed_hours": 5.092634616040547, "loss": 7.315355834960937, "loss_alignment": 0.2759098752339681, "loss_coefficient": 4.016954956054687, "loss_contact": 0.0, "loss_gate": 2.8522035217285158, "loss_reconstruction": 0.17028772989908855}
epoch=975 step=73100 loss=7.22901
{"epoch": 975, "global_step": 73125, "learning_rate": 0.0001524508330004996, "teacher_forcing": 1.0, "predicted_contact_fraction": 0.0, "epoch_seconds": 18.52587603405118, "elapsed_hours": 5.097782098208295, "loss": 7.3612754313151045, "loss_alignment": 0.2698666954040527, "loss_coefficient": 4.0737248738606775, "loss_contact": 0.0, "loss_gate": 2.847068888346354, "loss_reconstruction": 0.1706168047587077}
epoch=976 step=73150 loss=5.69049
epoch=976 step=73200 loss=6.90978
{"epoch": 976, "global_step": 73200, "learning_rate": 0.00015236154606156936, "teacher_forcing": 1.0, "predicted_contact_fraction": 0.0, "epoch_seconds": 17.940470275934786, "elapsed_hours": 5.10276692452336, "loss": 7.113574829101562, "loss_alignment": 0.2694994481404622, "loss_coefficient": 3.837684326171875, "loss_contact": 0.0, "loss_gate": 2.837519226074219, "loss_reconstruction": 0.16887126286824544}
epoch=977 step=73250 loss=7.50011
{"epoch": 977, "global_step": 73275, "learning_rate": 0.00015227220157396887, "teacher_forcing": 1.0, "predicted_contact_fraction": 0.0, "epoch_seconds": 18.311107666697353, "elapsed_hours": 5.107854780491649, "loss": 7.4033056640625, "loss_alignment": 0.2670821380615234, "loss_coefficient": 4.129349772135416, "loss_contact": 0.0, "loss_gate": 2.8352352396647134, "loss_reconstruction": 0.17163848559061687}
epoch=978 step=73300 loss=7.92452
epoch=978 step=73350 loss=6.69000
{"epoch": 978, "global_step": 73350, "learning_rate": 0.00015218279963589344, "teacher_forcing": 1.0, "predicted_contact_fraction": 0.0, "epoch_seconds": 18.370128284208477, "elapsed_hours": 5.112959070253289, "loss": 7.354047241210938, "loss_alignment": 0.27291257222493487, "loss_coefficient": 4.07190673828125, "loss_contact": 0.0, "loss_gate": 2.8384742736816406, "loss_reconstruction": 0.17075348218282063}
epoch=979 step=73400 loss=6.91999
{"epoch": 979, "global_step": 73425, "learning_rate": 0.00015209334034560143, "teacher_forcing": 1.0, "predicted_contact_fraction": 0.0, "epoch_seconds": 18.16657907422632, "elapsed_hours": 5.118006735156911, "loss": 7.197663777669271, "loss_alignment": 0.25497915903727214, "loss_coefficient": 3.9471870930989583, "loss_contact": 0.0, "loss_gate": 2.826303965250651, "loss_reconstruction": 0.16919436772664387}
epoch=980 step=73450 loss=6.43172
epoch=980 step=73500 loss=7.21839
{"epoch": 980, "global_step": 73500, "learning_rate": 0.00015200382380141435, "teacher_forcing": 1.0, "predicted_contact_fraction": 0.0, "epoch_seconds": 18.436513716354966, "elapsed_hours": 5.123129370923852, "loss": 7.246195678710937, "loss_alignment": 0.254495735168457, "loss_coefficient": 3.9985868326822915, "loss_contact": 0.0, "loss_gate": 2.823018086751302, "loss_reconstruction": 0.17009513219197592}
epoch=981 step=73550 loss=7.17638
{"epoch": 981, "global_step": 73575, "learning_rate": 0.00015191425010171655, "teacher_forcing": 1.0, "predicted_contact_fraction": 0.0, "epoch_seconds": 18.624273410998285, "elapsed_hours": 5.12844074844719, "loss": 7.342997233072917, "loss_alignment": 0.2731878217061361, "loss_coefficient": 4.063233032226562, "loss_contact": 0.0, "loss_gate": 2.8355882771809897, "loss_reconstruction": 0.17098833719889323}
epoch=982 step=73600 loss=7.74695
epoch=982 step=73650 loss=6.27671
{"epoch": 982, "global_step": 73650, "learning_rate": 0.00015182461934495526, "teacher_forcing": 1.0, "predicted_contact_fraction": 0.0, "epoch_seconds": 17.962247573770583, "elapsed_hours": 5.133431690030266, "loss": 7.191389770507812, "loss_alignment": 0.2696984799702962, "loss_coefficient": 3.924297587076823, "loss_contact": 0.0, "loss_gate": 2.8282853190104165, "loss_reconstruction": 0.1691080633799235}
epoch=983 step=73700 loss=6.43160
{"epoch": 983, "global_step": 73725, "learning_rate": 0.00015173493162964037, "teacher_forcing": 1.0, "predicted_contact_fraction": 0.0, "epoch_seconds": 17.98541469918564, "elapsed_hours": 5.138429044234799, "loss": 7.031391805013021, "loss_alignment": 0.26698455174763996, "loss_coefficient": 3.770807800292969, "loss_contact": 0.0, "loss_gate": 2.8256293233235676, "loss_reconstruction": 0.16796902656555177}
epoch=984 step=73750 loss=6.79234
epoch=984 step=73800 loss=7.29473
{"epoch": 984, "global_step": 73800, "learning_rate": 0.00015164518705434432, "teacher_forcing": 1.0, "predicted_contact_fraction": 0.0, "epoch_seconds": 18.293969007208943, "elapsed_hours": 5.1435121325561255, "loss": 7.244876912434896, "loss_alignment": 0.2703855832417806, "loss_coefficient": 3.9736290486653645, "loss_contact": 0.0, "loss_gate": 2.829590301513672, "loss_reconstruction": 0.17127245903015137}
epoch=985 step=73850 loss=6.50585
{"epoch": 985, "global_step": 73875, "learning_rate": 0.00015155538571770218, "teacher_forcing": 1.0, "predicted_contact_fraction": 0.0, "epoch_seconds": 17.96304171299562, "elapsed_hours": 5.148503305809443, "loss": 7.424467569986979, "loss_alignment": 0.2724662144978841, "loss_coefficient": 4.148832702636719, "loss_contact": 0.0, "loss_gate": 2.8315385437011718, "loss_reconstruction": 0.1716293716430664}
epoch=986 step=73900 loss=7.97197
epoch=986 step=73950 loss=6.19851
{"epoch": 986, "global_step": 73950, "learning_rate": 0.0001514655277184113, "teacher_forcing": 1.0, "predicted_contact_fraction": 0.0, "epoch_seconds": 18.39026887714863, "elapsed_hours": 5.153613107447745, "loss": 7.214991658528646, "loss_alignment": 0.2735220845540365, "loss_coefficient": 3.949133504231771, "loss_contact": 0.0, "loss_gate": 2.8238569641113282, "loss_reconstruction": 0.16847939173380533}
epoch=987 step=74000 loss=6.91274
{"epoch": 987, "global_step": 74025, "learning_rate": 0.00015137561315523137, "teacher_forcing": 1.0, "predicted_contact_fraction": 0.0, "epoch_seconds": 18.34003460686654, "elapsed_hours": 5.158709048973009, "loss": 7.141732788085937, "loss_alignment": 0.26528593063354494, "loss_coefficient": 3.8856197102864583, "loss_contact": 0.0, "loss_gate": 2.8224424743652343, "loss_reconstruction": 0.16838502883911133}
epoch=988 step=74050 loss=7.95172
epoch=988 step=74100 loss=6.69956
{"epoch": 988, "global_step": 74100, "learning_rate": 0.0001512856421269842, "teacher_forcing": 1.0, "predicted_contact_fraction": 0.0, "epoch_seconds": 18.37885313620791, "elapsed_hours": 5.163815661507736, "loss": 7.348710123697916, "loss_alignment": 0.2945090421040853, "loss_coefficient": 4.043496602376302, "loss_contact": 0.0, "loss_gate": 2.840942586263021, "loss_reconstruction": 0.16976236343383788}
epoch=989 step=74150 loss=7.13687
{"epoch": 989, "global_step": 74175, "learning_rate": 0.00015119561473255364, "teacher_forcing": 1.0, "predicted_contact_fraction": 0.0, "epoch_seconds": 18.608853212557733, "elapsed_hours": 5.168986277785541, "loss": 7.148816935221354, "loss_alignment": 0.2729315439860026, "loss_coefficient": 3.8823203531901043, "loss_contact": 0.0, "loss_gate": 2.825118103027344, "loss_reconstruction": 0.16844717661539713}
epoch=990 step=74200 loss=8.15089
epoch=990 step=74250 loss=7.04296
{"epoch": 990, "global_step": 74250, "learning_rate": 0.00015110553107088555, "teacher_forcing": 1.0, "predicted_contact_fraction": 0.0, "epoch_seconds": 18.563857425004244, "elapsed_hours": 5.174144566493342, "loss": 7.264771931966146, "loss_alignment": 0.28371117273966473, "loss_coefficient": 3.9783941650390626, "loss_contact": 0.0, "loss_gate": 2.833310038248698, "loss_reconstruction": 0.16935702323913573}
epoch=991 step=74300 loss=6.99562
{"epoch": 991, "global_step": 74325, "learning_rate": 0.00015101539124098764, "teacher_forcing": 1.0, "predicted_contact_fraction": 0.0, "epoch_seconds": 18.18647089600563, "elapsed_hours": 5.179334887925329, "loss": 7.310701904296875, "loss_alignment": 0.2861487261454264, "loss_coefficient": 4.023897094726562, "loss_contact": 0.0, "loss_gate": 2.8313525899251304, "loss_reconstruction": 0.169304043451945}
epoch=992 step=74350 loss=7.50710
epoch=992 step=74400 loss=7.30994
{"epoch": 992, "global_step": 74400, "learning_rate": 0.00015092519534192923, "teacher_forcing": 1.0, "predicted_contact_fraction": 0.0, "epoch_seconds": 18.219968596007675, "elapsed_hours": 5.184397357594507, "loss": 7.313421834309896, "loss_alignment": 0.2783823331197103, "loss_coefficient": 4.037481689453125, "loss_contact": 0.0, "loss_gate": 2.8277569071451825, "loss_reconstruction": 0.16979997952779133}
epoch=993 step=74450 loss=7.41577
{"epoch": 993, "global_step": 74475, "learning_rate": 0.00015083494347284146, "teacher_forcing": 1.0, "predicted_contact_fraction": 0.0, "epoch_seconds": 17.971961671020836, "elapsed_hours": 5.189391037618302, "loss": 7.298944295247396, "loss_alignment": 0.2927112579345703, "loss_coefficient": 3.998732401529948, "loss_contact": 0.0, "loss_gate": 2.8371312459309896, "loss_reconstruction": 0.17036881764729817}
epoch=994 step=74500 loss=7.88236
epoch=994 step=74550 loss=7.31353
{"epoch": 994, "global_step": 74550, "learning_rate": 0.0001507446357329168, "teacher_forcing": 1.0, "predicted_contact_fraction": 0.0, "epoch_seconds": 18.336975594051182, "elapsed_hours": 5.194486206708114, "loss": 7.496004842122396, "loss_alignment": 0.27403552373250323, "loss_coefficient": 4.224807637532552, "loss_contact": 0.0, "loss_gate": 2.8252911885579426, "loss_reconstruction": 0.1718706226348877}
epoch=995 step=74600 loss=6.71538
{"epoch": 995, "global_step": 74625, "learning_rate": 0.00015065427222140916, "teacher_forcing": 1.0, "predicted_contact_fraction": 0.0, "epoch_seconds": 18.06035618390888, "elapsed_hours": 5.199504375134129, "loss": 7.334553629557291, "loss_alignment": 0.2804124387105306, "loss_coefficient": 4.053439534505208, "loss_contact": 0.0, "loss_gate": 2.8306985982259114, "loss_reconstruction": 0.1700037956237793}
epoch=996 step=74650 loss=7.38272
epoch=996 step=74700 loss=7.52179
{"epoch": 996, "global_step": 74700, "learning_rate": 0.00015056385303763395, "teacher_forcing": 1.0, "predicted_contact_fraction": 0.0, "epoch_seconds": 17.86291119689122, "elapsed_hours": 5.2044677201655904, "loss": 7.27329366048177, "loss_alignment": 0.2630923080444336, "loss_coefficient": 4.024960327148437, "loss_contact": 0.0, "loss_gate": 2.8165970865885415, "loss_reconstruction": 0.16864387194315592}
epoch=997 step=74750 loss=6.83548
{"epoch": 997, "global_step": 74775, "learning_rate": 0.00015047337828096743, "teacher_forcing": 1.0, "predicted_contact_fraction": 0.0, "epoch_seconds": 18.134745596908033, "elapsed_hours": 5.209506908473041, "loss": 7.356339111328125, "loss_alignment": 0.28836095809936524, "loss_coefficient": 4.068823954264323, "loss_contact": 0.0, "loss_gate": 2.829229227701823, "loss_reconstruction": 0.16992530186971028}
epoch=998 step=74800 loss=6.88628
epoch=998 step=74850 loss=7.03765
{"epoch": 998, "global_step": 74850, "learning_rate": 0.00015038284805084722, "teacher_forcing": 1.0, "predicted_contact_fraction": 0.0, "epoch_seconds": 18.03353110421449, "elapsed_hours": 5.214517753391992, "loss": 7.348596598307291, "loss_alignment": 0.2820796457926432, "loss_coefficient": 4.07621337890625, "loss_contact": 0.0, "loss_gate": 2.8204186503092448, "loss_reconstruction": 0.1698845672607422}
epoch=999 step=74900 loss=7.20587
{"epoch": 999, "global_step": 74925, "learning_rate": 0.00015029226244677178, "teacher_forcing": 1.0, "predicted_contact_fraction": 0.0, "epoch_seconds": 18.21247270377353, "elapsed_hours": 5.219578173323405, "loss": 7.193752848307292, "loss_alignment": 0.2711440149943034, "loss_coefficient": 3.935269063313802, "loss_contact": 0.0, "loss_gate": 2.8178165181477866, "loss_reconstruction": 0.16952391624450683}
epoch=1000 step=74950 loss=7.59921
epoch=1000 step=75000 loss=7.29891
{"epoch": 1000, "global_step": 75000, "learning_rate": 0.00015020162156830047, "teacher_forcing": 1.0, "predicted_contact_fraction": 0.0, "epoch_seconds": 18.89775223704055, "elapsed_hours": 5.224829048237297, "loss": 7.4964548746744795, "loss_alignment": 0.283182741800944, "loss_coefficient": 4.218125406901041, "loss_contact": 0.0, "loss_gate": 2.821801961263021, "loss_reconstruction": 0.17334525426228842}
[2026-09-22 05:18:54.214] [svulkan2] [warning] A second renderer will share the same internal context with the first one. Arguments passed to constructor will be ignored.
[LaptopEnv] change_instance_when_reset=True
[2026-09-22 05:18:54.350] [svulkan2] [warning] A second renderer will share the same internal context with the first one. Arguments passed to constructor will be ignored.
[BucketEnv] change_instance_when_reset=True
[2026-09-22 05:18:54.408] [svulkan2] [warning] A second renderer will share the same internal context with the first one. Arguments passed to constructor will be ignored.
[ToiletEnv] change_instance_when_reset=True
[2026-09-22 05:18:55.711] [svulkan2] [warning] A second renderer will share the same internal context with the first one. Arguments passed to constructor will be ignored.
[FaucetEnv] change_instance_when_reset=True
[2026-09-22 05:21:58.582] [svulkan2] [warning] A second renderer will share the same internal context with the first one. Arguments passed to constructor will be ignored.
[ToiletEnv] change_instance_when_reset=True
[2026-09-22 05:22:27.654] [svulkan2] [warning] A second renderer will share the same internal context with the first one. Arguments passed to constructor will be ignored.
[LaptopEnv] change_instance_when_reset=True
[2026-09-22 05:22:30.447] [svulkan2] [warning] A second renderer will share the same internal context with the first one. Arguments passed to constructor will be ignored.
[FaucetEnv] change_instance_when_reset=True
[2026-09-22 05:24:32.642] [svulkan2] [warning] A second renderer will share the same internal context with the first one. Arguments passed to constructor will be ignored.
[ToiletEnv] change_instance_when_reset=True
[2026-09-22 05:25:59.970] [svulkan2] [warning] A second renderer will share the same internal context with the first one. Arguments passed to constructor will be ignored.
[BucketEnv] change_instance_when_reset=True
[2026-09-22 05:26:03.413] [svulkan2] [warning] A second renderer will share the same internal context with the first one. Arguments passed to constructor will be ignored.
[LaptopEnv] change_instance_when_reset=True
[2026-09-22 05:26:07.059] [svulkan2] [warning] A second renderer will share the same internal context with the first one. Arguments passed to constructor will be ignored.
[FaucetEnv] change_instance_when_reset=True
[2026-09-22 05:26:46.518] [SAPIEN] [error] Failed to load visual mesh: /data/users/zhouyike/dexCG/third_party/dexart/assets/sapien/10090/textured_objs/new-1.obj
[2026-09-22 05:27:22.630] [svulkan2] [warning] A second renderer will share the same internal context with the first one. Arguments passed to constructor will be ignored.
[ToiletEnv] change_instance_when_reset=True
[2026-09-22 05:28:31.561] [SAPIEN] [error] Failed to load visual mesh: /data/users/zhouyike/dexCG/third_party/dexart/assets/sapien/10090/textured_objs/new-1.obj
[2026-09-22 05:29:17.916] [svulkan2] [warning] A second renderer will share the same internal context with the first one. Arguments passed to constructor will be ignored.
[LaptopEnv] change_instance_when_reset=True
[2026-09-22 05:29:17.920] [SAPIEN] [error] Failed to load visual mesh: /data/users/zhouyike/dexCG/third_party/dexart/assets/sapien/10090/textured_objs/new-1.obj
[2026-09-22 05:29:55.976] [svulkan2] [warning] A second renderer will share the same internal context with the first one. Arguments passed to constructor will be ignored.
[FaucetEnv] change_instance_when_reset=True
[2026-09-22 05:30:17.159] [svulkan2] [warning] A second renderer will share the same internal context with the first one. Arguments passed to constructor will be ignored.
[ToiletEnv] change_instance_when_reset=True
[2026-09-22 05:32:23.705] [svulkan2] [warning] A second renderer will share the same internal context with the first one. Arguments passed to constructor will be ignored.
[BucketEnv] change_instance_when_reset=True
[2026-09-22 05:32:31.811] [SAPIEN] [error] Failed to load visual mesh: /data/users/zhouyike/dexCG/third_party/dexart/assets/sapien/10090/textured_objs/new-1.obj
[2026-09-22 05:33:00.993] [svulkan2] [warning] A second renderer will share the same internal context with the first one. Arguments passed to constructor will be ignored.
[LaptopEnv] change_instance_when_reset=True
[2026-09-22 05:33:44.394] [svulkan2] [warning] A second renderer will share the same internal context with the first one. Arguments passed to constructor will be ignored.
[FaucetEnv] change_instance_when_reset=True
[2026-09-22 05:34:56.499] [SAPIEN] [error] Failed to load visual mesh: /data/users/zhouyike/dexCG/third_party/dexart/assets/sapien/10090/textured_objs/new-1.obj
[2026-09-22 05:35:32.549] [SAPIEN] [error] Failed to load visual mesh: /data/users/zhouyike/dexCG/third_party/dexart/assets/sapien/10090/textured_objs/new-1.obj
[2026-09-22 05:38:55.975] [svulkan2] [warning] A second renderer will share the same internal context with the first one. Arguments passed to constructor will be ignored.
[BucketEnv] change_instance_when_reset=True
[2026-09-22 05:45:31.829] [svulkan2] [warning] A second renderer will share the same internal context with the first one. Arguments passed to constructor will be ignored.
[BucketEnv] change_instance_when_reset=True
[2026-09-22 05:52:59.586] [svulkan2] [warning] A second renderer will share the same internal context with the first one. Arguments passed to constructor will be ignored.
[ToiletEnv] change_instance_when_reset=True
[2026-09-22 05:52:59.731] [svulkan2] [warning] A second renderer will share the same internal context with the first one. Arguments passed to constructor will be ignored.
[FaucetEnv] change_instance_when_reset=True
[2026-09-22 05:52:59.779] [svulkan2] [warning] A second renderer will share the same internal context with the first one. Arguments passed to constructor will be ignored.
[BucketEnv] change_instance_when_reset=True
[2026-09-22 05:53:01.412] [svulkan2] [warning] A second renderer will share the same internal context with the first one. Arguments passed to constructor will be ignored.
[LaptopEnv] change_instance_when_reset=True
[2026-09-22 05:55:58.608] [svulkan2] [warning] A second renderer will share the same internal context with the first one. Arguments passed to constructor will be ignored.
[ToiletEnv] change_instance_when_reset=True
[2026-09-22 05:56:12.072] [svulkan2] [warning] A second renderer will share the same internal context with the first one. Arguments passed to constructor will be ignored.
[FaucetEnv] change_instance_when_reset=True
[2026-09-22 05:56:52.595] [svulkan2] [warning] A second renderer will share the same internal context with the first one. Arguments passed to constructor will be ignored.
[LaptopEnv] change_instance_when_reset=True
[2026-09-22 05:58:56.998] [svulkan2] [warning] A second renderer will share the same internal context with the first one. Arguments passed to constructor will be ignored.
[ToiletEnv] change_instance_when_reset=True
[2026-09-22 05:59:30.700] [svulkan2] [warning] A second renderer will share the same internal context with the first one. Arguments passed to constructor will be ignored.
[FaucetEnv] change_instance_when_reset=True
[2026-09-22 06:00:29.368] [svulkan2] [warning] A second renderer will share the same internal context with the first one. Arguments passed to constructor will be ignored.
[LaptopEnv] change_instance_when_reset=True
[2026-09-22 06:00:55.078] [svulkan2] [warning] A second renderer will share the same internal context with the first one. Arguments passed to constructor will be ignored.
[BucketEnv] change_instance_when_reset=True
[2026-09-22 06:01:18.364] [SAPIEN] [error] Failed to load visual mesh: /data/users/zhouyike/dexCG/third_party/dexart/assets/sapien/10090/textured_objs/new-1.obj
[2026-09-22 06:01:40.748] [svulkan2] [warning] A second renderer will share the same internal context with the first one. Arguments passed to constructor will be ignored.
[ToiletEnv] change_instance_when_reset=True
[2026-09-22 06:02:45.443] [SAPIEN] [error] Failed to load visual mesh: /data/users/zhouyike/dexCG/third_party/dexart/assets/sapien/10090/textured_objs/new-1.obj
[2026-09-22 06:03:01.367] [svulkan2] [warning] A second renderer will share the same internal context with the first one. Arguments passed to constructor will be ignored.
[FaucetEnv] change_instance_when_reset=True
[2026-09-22 06:03:38.396] [svulkan2] [warning] A second renderer will share the same internal context with the first one. Arguments passed to constructor will be ignored.
[LaptopEnv] change_instance_when_reset=True
[2026-09-22 06:03:38.400] [SAPIEN] [error] Failed to load visual mesh: /data/users/zhouyike/dexCG/third_party/dexart/assets/sapien/10090/textured_objs/new-1.obj
[2026-09-22 06:04:26.619] [svulkan2] [warning] A second renderer will share the same internal context with the first one. Arguments passed to constructor will be ignored.
[ToiletEnv] change_instance_when_reset=True
[2026-09-22 06:06:31.261] [svulkan2] [warning] A second renderer will share the same internal context with the first one. Arguments passed to constructor will be ignored.
[FaucetEnv] change_instance_when_reset=True
[2026-09-22 06:06:42.940] [SAPIEN] [error] Failed to load visual mesh: /data/users/zhouyike/dexCG/third_party/dexart/assets/sapien/10090/textured_objs/new-1.obj
[2026-09-22 06:07:18.056] [svulkan2] [warning] A second renderer will share the same internal context with the first one. Arguments passed to constructor will be ignored.
[LaptopEnv] change_instance_when_reset=True
[2026-09-22 06:08:14.247] [svulkan2] [warning] A second renderer will share the same internal context with the first one. Arguments passed to constructor will be ignored.
[BucketEnv] change_instance_when_reset=True
[2026-09-22 06:09:23.229] [SAPIEN] [error] Failed to load visual mesh: /data/users/zhouyike/dexCG/third_party/dexart/assets/sapien/10090/textured_objs/new-1.obj
[2026-09-22 06:09:59.629] [SAPIEN] [error] Failed to load visual mesh: /data/users/zhouyike/dexCG/third_party/dexart/assets/sapien/10090/textured_objs/new-1.obj
[2026-09-22 06:14:40.827] [svulkan2] [warning] A second renderer will share the same internal context with the first one. Arguments passed to constructor will be ignored.
[BucketEnv] change_instance_when_reset=True
[2026-09-22 06:22:05.284] [svulkan2] [warning] A second renderer will share the same internal context with the first one. Arguments passed to constructor will be ignored.
[BucketEnv] change_instance_when_reset=True
epoch=1001 step=75050 loss=7.81752
{"epoch": 1001, "global_step": 75075, "learning_rate": 0.00015011092551505328, "teacher_forcing": 1.0, "predicted_contact_fraction": 0.0, "epoch_seconds": 18.488963695708662, "elapsed_hours": 6.412803555499219, "loss": 7.140445353190104, "loss_alignment": 0.2767582448323568, "loss_coefficient": 3.87928955078125, "loss_contact": 0.0, "loss_gate": 2.8167316182454427, "loss_reconstruction": 0.16766522725423177}
epoch=1002 step=75100 loss=7.43639
epoch=1002 step=75150 loss=6.81853
{"epoch": 1002, "global_step": 75150, "learning_rate": 0.00015002017438671108, "teacher_forcing": 1.0, "predicted_contact_fraction": 0.0, "epoch_seconds": 18.263476957101375, "elapsed_hours": 6.417878290138389, "loss": 7.183194376627604, "loss_alignment": 0.27328774134318035, "loss_coefficient": 3.9334402465820313, "loss_contact": 0.0, "loss_gate": 2.8086206563313802, "loss_reconstruction": 0.16784568786621093}
epoch=1003 step=75200 loss=7.24079
{"epoch": 1003, "global_step": 75225, "learning_rate": 0.000149929368283015, "teacher_forcing": 1.0, "predicted_contact_fraction": 0.0, "epoch_seconds": 18.037392381113023, "elapsed_hours": 6.422890277227205, "loss": 7.187839965820313, "loss_alignment": 0.28654335657755536, "loss_coefficient": 3.9080191040039063, "loss_contact": 0.0, "loss_gate": 2.824401092529297, "loss_reconstruction": 0.1688765780131022}
epoch=1004 step=75250 loss=7.85185
epoch=1004 step=75300 loss=8.44561
{"epoch": 1004, "global_step": 75300, "learning_rate": 0.00014983850730376685, "teacher_forcing": 1.0, "predicted_contact_fraction": 0.0, "epoch_seconds": 18.00319214677438, "elapsed_hours": 6.427892593099193, "loss": 7.316429850260417, "loss_alignment": 0.28739285786946617, "loss_coefficient": 4.0403412882486975, "loss_contact": 0.0, "loss_gate": 2.81900634765625, "loss_reconstruction": 0.16968962033589682}
epoch=1005 step=75350 loss=7.65209
{"epoch": 1005, "global_step": 75375, "learning_rate": 0.00014974759154882857, "teacher_forcing": 1.0, "predicted_contact_fraction": 0.0, "epoch_seconds": 18.24697570130229, "elapsed_hours": 6.432962568233617, "loss": 7.277644449869792, "loss_alignment": 0.2743081283569336, "loss_coefficient": 4.018879191080729, "loss_contact": 0.0, "loss_gate": 2.8141477966308592, "loss_reconstruction": 0.17030893325805663}
epoch=1006 step=75400 loss=7.19038
epoch=1006 step=75450 loss=7.68558
{"epoch": 1006, "global_step": 75450, "learning_rate": 0.00014965662111812234, "teacher_forcing": 1.0, "predicted_contact_fraction": 0.0, "epoch_seconds": 18.157979907933623, "elapsed_hours": 6.438007877008964, "loss": 7.353612874348959, "loss_alignment": 0.29618558247884114, "loss_coefficient": 4.058529968261719, "loss_contact": 0.0, "loss_gate": 2.8299714152018227, "loss_reconstruction": 0.16892565727233888}
epoch=1007 step=75500 loss=7.80277
{"epoch": 1007, "global_step": 75525, "learning_rate": 0.00014956559611163048, "teacher_forcing": 1.0, "predicted_contact_fraction": 0.0, "epoch_seconds": 18.103439067024738, "elapsed_hours": 6.443038054970351, "loss": 7.155344441731771, "loss_alignment": 0.2671910794576009, "loss_coefficient": 3.904349161783854, "loss_contact": 0.0, "loss_gate": 2.8144043477376304, "loss_reconstruction": 0.1694000244140625}
epoch=1008 step=75550 loss=7.38767
epoch=1008 step=75600 loss=7.76511
{"epoch": 1008, "global_step": 75600, "learning_rate": 0.00014947451662939521, "teacher_forcing": 1.0, "predicted_contact_fraction": 0.0, "epoch_seconds": 18.4543178929016, "elapsed_hours": 6.448165692656637, "loss": 7.160900065104166, "loss_alignment": 0.25876349767049156, "loss_coefficient": 3.927533671061198, "loss_contact": 0.0, "loss_gate": 2.8057161966959634, "loss_reconstruction": 0.1688863213857015}
epoch=1009 step=75650 loss=7.25937
{"epoch": 1009, "global_step": 75675, "learning_rate": 0.00014938338277151878, "teacher_forcing": 1.0, "predicted_contact_fraction": 0.0, "epoch_seconds": 18.21933515695855, "elapsed_hours": 6.453228042151701, "loss": 7.128627522786458, "loss_alignment": 0.26682341893514, "loss_coefficient": 3.8904904174804686, "loss_contact": 0.0, "loss_gate": 2.8041498311360677, "loss_reconstruction": 0.1671641731262207}
epoch=1010 step=75700 loss=6.66179
epoch=1010 step=75750 loss=6.19239
{"epoch": 1010, "global_step": 75750, "learning_rate": 0.00014929219463816302, "teacher_forcing": 1.0, "predicted_contact_fraction": 0.0, "epoch_seconds": 18.137793589849025, "elapsed_hours": 6.458267781819709, "loss": 7.143849690755208, "loss_alignment": 0.2901652971903483, "loss_coefficient": 3.863062032063802, "loss_contact": 0.0, "loss_gate": 2.822787628173828, "loss_reconstruction": 0.167835423151652}
epoch=1011 step=75800 loss=8.14992
{"epoch": 1011, "global_step": 75825, "learning_rate": 0.00014920095232954952, "teacher_forcing": 1.0, "predicted_contact_fraction": 0.0, "epoch_seconds": 18.029844977427274, "elapsed_hours": 6.463419310131964, "loss": 7.219510904947916, "loss_alignment": 0.2890597152709961, "loss_coefficient": 3.9371573893229166, "loss_contact": 0.0, "loss_gate": 2.824229939778646, "loss_reconstruction": 0.16906416893005372}
epoch=1012 step=75850 loss=6.81804
epoch=1012 step=75900 loss=7.69420
{"epoch": 1012, "global_step": 75900, "learning_rate": 0.0001491096559459593, "teacher_forcing": 1.0, "predicted_contact_fraction": 0.0, "epoch_seconds": 18.147988690063357, "elapsed_hours": 6.46846207233301, "loss": 7.265316975911459, "loss_alignment": 0.27689537048339846, "loss_coefficient": 4.006479288736979, "loss_contact": 0.0, "loss_gate": 2.812103373209635, "loss_reconstruction": 0.1698383680979411}
epoch=1013 step=75950 loss=7.56548
{"epoch": 1013, "global_step": 75975, "learning_rate": 0.00014901830558773304, "teacher_forcing": 1.0, "predicted_contact_fraction": 0.0, "epoch_seconds": 18.41004328103736, "elapsed_hours": 6.4735774124358105, "loss": 7.231733194986979, "loss_alignment": 0.27827346801757813, "loss_coefficient": 3.976123758951823, "loss_contact": 0.0, "loss_gate": 2.8092304484049477, "loss_reconstruction": 0.16810580571492514}
epoch=1014 step=76000 loss=8.53824
epoch=1014 step=76050 loss=7.55065
{"epoch": 1014, "global_step": 76050, "learning_rate": 0.00014892690135527044, "teacher_forcing": 1.0, "predicted_contact_fraction": 0.0, "epoch_seconds": 18.44732154486701, "elapsed_hours": 6.478703082852816, "loss": 7.054398193359375, "loss_alignment": 0.264034055074056, "loss_coefficient": 3.8235865275065106, "loss_contact": 0.0, "loss_gate": 2.7992489115397134, "loss_reconstruction": 0.16752948760986328}
epoch=1015 step=76100 loss=7.56286
{"epoch": 1015, "global_step": 76125, "learning_rate": 0.0001488354433490307, "teacher_forcing": 1.0, "predicted_contact_fraction": 0.0, "epoch_seconds": 18.526404740754515, "elapsed_hours": 6.483850760804489, "loss": 7.252293090820313, "loss_alignment": 0.27430492401123047, "loss_coefficient": 4.003517354329427, "loss_contact": 0.0, "loss_gate": 2.805803070068359, "loss_reconstruction": 0.16866850217183432}
epoch=1016 step=76150 loss=6.99556
epoch=1016 step=76200 loss=6.90570
{"epoch": 1016, "global_step": 76200, "learning_rate": 0.00014874393166953192, "teacher_forcing": 1.0, "predicted_contact_fraction": 0.0, "epoch_seconds": 18.254733529873192, "elapsed_hours": 6.488922923426144, "loss": 7.282798461914062, "loss_alignment": 0.2734508768717448, "loss_coefficient": 4.042598978678385, "loss_contact": 0.0, "loss_gate": 2.7985706583658856, "loss_reconstruction": 0.16817670822143554}
epoch=1017 step=76250 loss=7.34911
{"epoch": 1017, "global_step": 76275, "learning_rate": 0.00014865236641735128, "teacher_forcing": 1.0, "predicted_contact_fraction": 0.0, "epoch_seconds": 18.003994569182396, "elapsed_hours": 6.493925447994973, "loss": 7.2286368815104165, "loss_alignment": 0.2714325269063314, "loss_coefficient": 3.9874695841471355, "loss_contact": 0.0, "loss_gate": 2.801547292073568, "loss_reconstruction": 0.1681871255238851}
epoch=1018 step=76300 loss=6.42561
epoch=1018 step=76350 loss=7.00382
{"epoch": 1018, "global_step": 76350, "learning_rate": 0.00014856074769312478, "teacher_forcing": 1.0, "predicted_contact_fraction": 0.0, "epoch_seconds": 18.491186008788645, "elapsed_hours": 6.499063283245001, "loss": 7.135671997070313, "loss_alignment": 0.2650783284505208, "loss_coefficient": 3.905885721842448, "loss_contact": 0.0, "loss_gate": 2.7980665588378906, "loss_reconstruction": 0.1666412607828776}
epoch=1019 step=76400 loss=6.58592
{"epoch": 1019, "global_step": 76425, "learning_rate": 0.00014846907559754727, "teacher_forcing": 1.0, "predicted_contact_fraction": 0.0, "epoch_seconds": 18.523063994012773, "elapsed_hours": 6.5042100202233994, "loss": 7.196966349283854, "loss_alignment": 0.27157073974609375, "loss_coefficient": 3.9599366251627606, "loss_contact": 0.0, "loss_gate": 2.796261749267578, "loss_reconstruction": 0.16919732093811035}
epoch=1020 step=76450 loss=6.68183
epoch=1020 step=76500 loss=7.13560
{"epoch": 1020, "global_step": 76500, "learning_rate": 0.00014837735023137216, "teacher_forcing": 1.0, "predicted_contact_fraction": 0.0, "epoch_seconds": 17.890341527294368, "elapsed_hours": 6.509181076640056, "loss": 7.100075276692708, "loss_alignment": 0.25201127370198567, "loss_coefficient": 3.89813242594401, "loss_contact": 0.0, "loss_gate": 2.782845458984375, "loss_reconstruction": 0.16708532015482586}
epoch=1021 step=76550 loss=7.17902
{"epoch": 1021, "global_step": 76575, "learning_rate": 0.00014828557169541153, "teacher_forcing": 1.0, "predicted_contact_fraction": 0.0, "epoch_seconds": 18.32828524708748, "elapsed_hours": 6.514416072800264, "loss": 7.279978434244792, "loss_alignment": 0.27264545440673826, "loss_coefficient": 4.039267069498698, "loss_contact": 0.0, "loss_gate": 2.7988318888346355, "loss_reconstruction": 0.16923414866129557}
epoch=1022 step=76600 loss=7.29780
epoch=1022 step=76650 loss=6.90507
{"epoch": 1022, "global_step": 76650, "learning_rate": 0.00014819374009053578, "teacher_forcing": 1.0, "predicted_contact_fraction": 0.0, "epoch_seconds": 18.333998112939298, "elapsed_hours": 6.519510296805011, "loss": 7.343935953776041, "loss_alignment": 0.27449538548787433, "loss_coefficient": 4.101940002441406, "loss_contact": 0.0, "loss_gate": 2.797408243815104, "loss_reconstruction": 0.17009192784627278}
epoch=1023 step=76700 loss=7.44713
{"epoch": 1023, "global_step": 76725, "learning_rate": 0.00014810185551767372, "teacher_forcing": 1.0, "predicted_contact_fraction": 0.0, "epoch_seconds": 18.113964064978063, "elapsed_hours": 6.524543345526714, "loss": 7.293639526367188, "loss_alignment": 0.26363413492838544, "loss_coefficient": 4.070837707519531, "loss_contact": 0.0, "loss_gate": 2.790782775878906, "loss_reconstruction": 0.16838518142700196}
epoch=1024 step=76750 loss=7.46679
epoch=1024 step=76800 loss=6.42874
{"epoch": 1024, "global_step": 76800, "learning_rate": 0.00014800991807781234, "teacher_forcing": 1.0, "predicted_contact_fraction": 0.0, "epoch_seconds": 17.910046837758273, "elapsed_hours": 6.529519758828683, "loss": 7.222892862955729, "loss_alignment": 0.27121854782104493, "loss_coefficient": 3.9889127604166665, "loss_contact": 0.0, "loss_gate": 2.7948760477701824, "loss_reconstruction": 0.16788596471150716}
epoch=1025 step=76850 loss=7.06118
{"epoch": 1025, "global_step": 76875, "learning_rate": 0.00014791792787199667, "teacher_forcing": 1.0, "predicted_contact_fraction": 0.0, "epoch_seconds": 17.915856206789613, "elapsed_hours": 6.53449788869475, "loss": 7.07499043782552, "loss_alignment": 0.265512212117513, "loss_coefficient": 3.8561712646484376, "loss_contact": 0.0, "loss_gate": 2.7870377604166667, "loss_reconstruction": 0.16626949946085612}
epoch=1026 step=76900 loss=7.39324
epoch=1026 step=76950 loss=6.52112
{"epoch": 1026, "global_step": 76950, "learning_rate": 0.00014782588500132987, "teacher_forcing": 1.0, "predicted_contact_fraction": 0.0, "epoch_seconds": 18.101099383085966, "elapsed_hours": 6.539527458069691, "loss": 7.107591756184896, "loss_alignment": 0.26998244603474936, "loss_coefficient": 3.8763236490885418, "loss_contact": 0.0, "loss_gate": 2.794193369547526, "loss_reconstruction": 0.1670905335744222}
epoch=1027 step=77000 loss=7.20619
{"epoch": 1027, "global_step": 77025, "learning_rate": 0.00014773378956697294, "teacher_forcing": 1.0, "predicted_contact_fraction": 0.0, "epoch_seconds": 18.033092419151217, "elapsed_hours": 6.544538050901093, "loss": 7.147510172526042, "loss_alignment": 0.26348623911539715, "loss_coefficient": 3.929879455566406, "loss_contact": 0.0, "loss_gate": 2.7862169901529947, "loss_reconstruction": 0.16792775789896647}
epoch=1028 step=77050 loss=8.14019
epoch=1028 step=77100 loss=7.66845
{"epoch": 1028, "global_step": 77100, "learning_rate": 0.00014764164167014451, "teacher_forcing": 1.0, "predicted_contact_fraction": 0.0, "epoch_seconds": 18.28808161104098, "elapsed_hours": 6.549619480666653, "loss": 7.37116455078125, "loss_alignment": 0.2866121991475423, "loss_coefficient": 4.117519938151042, "loss_contact": 0.0, "loss_gate": 2.7968896484375, "loss_reconstruction": 0.17014286994934083}
epoch=1029 step=77150 loss=7.19964
{"epoch": 1029, "global_step": 77175, "learning_rate": 0.00014754944141212107, "teacher_forcing": 1.0, "predicted_contact_fraction": 0.0, "epoch_seconds": 18.345999728888273, "elapsed_hours": 6.554717003780857, "loss": 7.308492431640625, "loss_alignment": 0.2912391344706217, "loss_coefficient": 4.046580912272136, "loss_contact": 0.0, "loss_gate": 2.800600789388021, "loss_reconstruction": 0.17007141749064128}
epoch=1030 step=77200 loss=6.78592
epoch=1030 step=77250 loss=7.46116
{"epoch": 1030, "global_step": 77250, "learning_rate": 0.00014745718889423652, "teacher_forcing": 1.0, "predicted_contact_fraction": 0.0, "epoch_seconds": 18.104267733171582, "elapsed_hours": 6.5597473954591745, "loss": 7.359117838541667, "loss_alignment": 0.2919665781656901, "loss_coefficient": 4.092267557779948, "loss_contact": 0.0, "loss_gate": 2.805178476969401, "loss_reconstruction": 0.16970516204833985}
epoch=1031 step=77300 loss=7.59623
{"epoch": 1031, "global_step": 77325, "learning_rate": 0.00014736488421788227, "teacher_forcing": 1.0, "predicted_contact_fraction": 0.0, "epoch_seconds": 18.335200620349497, "elapsed_hours": 6.5649870622447795, "loss": 7.287624104817708, "loss_alignment": 0.2642466354370117, "loss_coefficient": 4.068678995768229, "loss_contact": 0.0, "loss_gate": 2.7860409037272134, "loss_reconstruction": 0.16865743001302083}
epoch=1032 step=77350 loss=7.36985
epoch=1032 step=77400 loss=7.19850
{"epoch": 1032, "global_step": 77400, "learning_rate": 0.00014727252748450705, "teacher_forcing": 1.0, "predicted_contact_fraction": 0.0, "epoch_seconds": 18.27601407794282, "elapsed_hours": 6.570065283148886, "loss": 7.184847615559896, "loss_alignment": 0.2663625717163086, "loss_coefficient": 3.9720302327473958, "loss_contact": 0.0, "loss_gate": 2.778836720784505, "loss_reconstruction": 0.16761791229248046}
epoch=1033 step=77450 loss=6.98989
{"epoch": 1033, "global_step": 77475, "learning_rate": 0.00014718011879561675, "teacher_forcing": 1.0, "predicted_contact_fraction": 0.0, "epoch_seconds": 18.260534476023167, "elapsed_hours": 6.575139086950027, "loss": 6.9972322591145835, "loss_alignment": 0.24830057144165038, "loss_coefficient": 3.816594543457031, "loss_contact": 0.0, "loss_gate": 2.7663782755533854, "loss_reconstruction": 0.16595913569132487}
epoch=1034 step=77500 loss=7.44775
epoch=1034 step=77550 loss=6.65410
{"epoch": 1034, "global_step": 77550, "learning_rate": 0.00014708765825277443, "teacher_forcing": 1.0, "predicted_contact_fraction": 0.0, "epoch_seconds": 17.78332351287827, "elapsed_hours": 6.580080286914405, "loss": 6.9907480875651045, "loss_alignment": 0.26975614547729493, "loss_coefficient": 3.7777371215820312, "loss_contact": 0.0, "loss_gate": 2.7769861857096356, "loss_reconstruction": 0.16626803716023764}
epoch=1035 step=77600 loss=7.22452
{"epoch": 1035, "global_step": 77625, "learning_rate": 0.00014699514595760004, "teacher_forcing": 1.0, "predicted_contact_fraction": 0.0, "epoch_seconds": 18.32126887794584, "elapsed_hours": 6.585170979988891, "loss": 7.0491341145833335, "loss_alignment": 0.26924779891967776, "loss_coefficient": 3.832653299967448, "loss_contact": 0.0, "loss_gate": 2.781102040608724, "loss_reconstruction": 0.16613052368164063}
epoch=1036 step=77650 loss=8.33744
epoch=1036 step=77700 loss=7.13201
{"epoch": 1036, "global_step": 77700, "learning_rate": 0.00014690258201177056, "teacher_forcing": 1.0, "predicted_contact_fraction": 0.0, "epoch_seconds": 18.36093687918037, "elapsed_hours": 6.590273212412269, "loss": 7.201641438802083, "loss_alignment": 0.2565910847981771, "loss_coefficient": 4.009513448079427, "loss_contact": 0.0, "loss_gate": 2.7677354431152343, "loss_reconstruction": 0.1678007698059082}
epoch=1037 step=77750 loss=6.89105
{"epoch": 1037, "global_step": 77775, "learning_rate": 0.00014680996651701963, "teacher_forcing": 1.0, "predicted_contact_fraction": 0.0, "epoch_seconds": 18.440453725401312, "elapsed_hours": 6.595396967236367, "loss": 7.1512078857421875, "loss_alignment": 0.25730446497599285, "loss_coefficient": 3.956787414550781, "loss_contact": 0.0, "loss_gate": 2.7697613525390623, "loss_reconstruction": 0.16735450744628907}
epoch=1038 step=77800 loss=7.85084
epoch=1038 step=77850 loss=6.65005
{"epoch": 1038, "global_step": 77850, "learning_rate": 0.00014671729957513755, "teacher_forcing": 1.0, "predicted_contact_fraction": 0.0, "epoch_seconds": 17.99497728375718, "elapsed_hours": 6.600397025180282, "loss": 7.0754852294921875, "loss_alignment": 0.2515738105773926, "loss_coefficient": 3.8974022420247394, "loss_contact": 0.0, "loss_gate": 2.759843088785807, "loss_reconstruction": 0.1666665776570638}
epoch=1039 step=77900 loss=8.31584
{"epoch": 1039, "global_step": 77925, "learning_rate": 0.00014662458128797122, "teacher_forcing": 1.0, "predicted_contact_fraction": 0.0, "epoch_seconds": 18.925781460944563, "elapsed_hours": 6.605655594090802, "loss": 7.181902058919271, "loss_alignment": 0.2659344291687012, "loss_coefficient": 3.980064493815104, "loss_contact": 0.0, "loss_gate": 2.7687417602539064, "loss_reconstruction": 0.16716068585713703}
epoch=1040 step=77950 loss=7.14758
epoch=1040 step=78000 loss=6.79906
{"epoch": 1040, "global_step": 78000, "learning_rate": 0.00014653181175742388, "teacher_forcing": 1.0, "predicted_contact_fraction": 0.0, "epoch_seconds": 18.000755639281124, "elapsed_hours": 6.610657240252476, "loss": 7.143603312174479, "loss_alignment": 0.2712725385030111, "loss_coefficient": 3.9322964477539064, "loss_contact": 0.0, "loss_gate": 2.7727559916178386, "loss_reconstruction": 0.16727845509847006}
epoch=1041 step=78050 loss=7.23897
{"epoch": 1041, "global_step": 78075, "learning_rate": 0.0001464389910854552, "teacher_forcing": 1.0, "predicted_contact_fraction": 0.0, "epoch_seconds": 17.885833088774234, "elapsed_hours": 6.615771634459702, "loss": 7.037403157552084, "loss_alignment": 0.2747032356262207, "loss_coefficient": 3.8223299153645836, "loss_contact": 0.0, "loss_gate": 2.774633992513021, "loss_reconstruction": 0.16573586146036784}
epoch=1042 step=78100 loss=6.14535
epoch=1042 step=78150 loss=7.39189
{"epoch": 1042, "global_step": 78150, "learning_rate": 0.00014634611937408098, "teacher_forcing": 1.0, "predicted_contact_fraction": 0.0, "epoch_seconds": 17.738878611009568, "elapsed_hours": 6.6207005218864, "loss": 6.942230021158855, "loss_alignment": 0.2532998530069987, "loss_coefficient": 3.7603429158528647, "loss_contact": 0.0, "loss_gate": 2.7633460489908854, "loss_reconstruction": 0.1652414830525716}
epoch=1043 step=78200 loss=7.58498
{"epoch": 1043, "global_step": 78225, "learning_rate": 0.00014625319672537313, "teacher_forcing": 1.0, "predicted_contact_fraction": 0.0, "epoch_seconds": 18.442333729937673, "elapsed_hours": 6.625824824017473, "loss": 7.316634724934896, "loss_alignment": 0.2621729596455892, "loss_coefficient": 4.118736572265625, "loss_contact": 0.0, "loss_gate": 2.7666193644205728, "loss_reconstruction": 0.1691056760152181}
epoch=1044 step=78250 loss=7.16391
epoch=1044 step=78300 loss=7.53414
{"epoch": 1044, "global_step": 78300, "learning_rate": 0.0001461602232414596, "teacher_forcing": 1.0, "predicted_contact_fraction": 0.0, "epoch_seconds": 18.005274144932628, "elapsed_hours": 6.6308276969039195, "loss": 7.232357991536459, "loss_alignment": 0.26340702692667645, "loss_coefficient": 4.035579630533854, "loss_contact": 0.0, "loss_gate": 2.764517974853516, "loss_reconstruction": 0.16885385513305665}
epoch=1045 step=78350 loss=7.19465
{"epoch": 1045, "global_step": 78375, "learning_rate": 0.00014606719902452412, "teacher_forcing": 1.0, "predicted_contact_fraction": 0.0, "epoch_seconds": 17.995920095127076, "elapsed_hours": 6.635827960622781, "loss": 7.3020849609375, "loss_alignment": 0.278144048055013, "loss_coefficient": 4.081504821777344, "loss_contact": 0.0, "loss_gate": 2.773531951904297, "loss_reconstruction": 0.16890438079833983}
epoch=1046 step=78400 loss=6.71123
epoch=1046 step=78450 loss=7.29144
{"epoch": 1046, "global_step": 78450, "learning_rate": 0.0001459741241768062, "teacher_forcing": 1.0, "predicted_contact_fraction": 0.0, "epoch_seconds": 18.31601205142215, "elapsed_hours": 6.640917133329979, "loss": 7.040999348958334, "loss_alignment": 0.2709673881530762, "loss_coefficient": 3.8371543375651043, "loss_contact": 0.0, "loss_gate": 2.7671687825520834, "loss_reconstruction": 0.16570881525675454}
epoch=1047 step=78500 loss=6.83739
{"epoch": 1047, "global_step": 78525, "learning_rate": 0.0001458809988006011, "teacher_forcing": 1.0, "predicted_contact_fraction": 0.0, "epoch_seconds": 17.941453431732953, "elapsed_hours": 6.645902273649764, "loss": 6.909044799804687, "loss_alignment": 0.25775136311848956, "loss_coefficient": 3.728795166015625, "loss_contact": 0.0, "loss_gate": 2.757896728515625, "loss_reconstruction": 0.164601895014445}
epoch=1048 step=78550 loss=6.09820
epoch=1048 step=78600 loss=7.27588
{"epoch": 1048, "global_step": 78600, "learning_rate": 0.00014578782299825945, "teacher_forcing": 1.0, "predicted_contact_fraction": 0.0, "epoch_seconds": 18.198708961252123, "elapsed_hours": 6.650958963390311, "loss": 7.072786661783854, "loss_alignment": 0.2640664800008138, "loss_coefficient": 3.8844654337565103, "loss_contact": 0.0, "loss_gate": 2.757105051676432, "loss_reconstruction": 0.16714965184529623}
epoch=1049 step=78650 loss=6.69827
{"epoch": 1049, "global_step": 78675, "learning_rate": 0.0001456945968721874, "teacher_forcing": 1.0, "predicted_contact_fraction": 0.0, "epoch_seconds": 18.302945877891034, "elapsed_hours": 6.656044522613649, "loss": 7.072047119140625, "loss_alignment": 0.26775325775146486, "loss_coefficient": 3.874468282063802, "loss_contact": 0.0, "loss_gate": 2.7639227294921875, "loss_reconstruction": 0.16590330759684244}
epoch=1050 step=78700 loss=7.06514
epoch=1050 step=78750 loss=6.45466
{"epoch": 1050, "global_step": 78750, "learning_rate": 0.00014560132052484644, "teacher_forcing": 1.0, "predicted_contact_fraction": 0.0, "epoch_seconds": 18.34846762707457, "elapsed_hours": 6.661142706682569, "loss": 7.058365071614583, "loss_alignment": 0.2814073435465495, "loss_coefficient": 3.8433349609375, "loss_contact": 0.0, "loss_gate": 2.767098592122396, "loss_reconstruction": 0.1665241273244222}
epoch=1051 step=78800 loss=7.44689
{"epoch": 1051, "global_step": 78825, "learning_rate": 0.00014550799405875316, "teacher_forcing": 1.0, "predicted_contact_fraction": 0.0, "epoch_seconds": 17.903293159324676, "elapsed_hours": 6.666255868062015, "loss": 7.275661010742187, "loss_alignment": 0.2893999989827474, "loss_coefficient": 4.040159708658854, "loss_contact": 0.0, "loss_gate": 2.776894327799479, "loss_reconstruction": 0.16920642852783202}
epoch=1052 step=78850 loss=7.05336
epoch=1052 step=78900 loss=6.94684
{"epoch": 1052, "global_step": 78900, "learning_rate": 0.0001454146175764793, "teacher_forcing": 1.0, "predicted_contact_fraction": 0.0, "epoch_seconds": 18.03233471279964, "elapsed_hours": 6.6712662736780475, "loss": 7.038230387369792, "loss_alignment": 0.27298065185546877, "loss_coefficient": 3.827963562011719, "loss_contact": 0.0, "loss_gate": 2.7712666829427084, "loss_reconstruction": 0.1660199006398519}
epoch=1053 step=78950 loss=7.17881
{"epoch": 1053, "global_step": 78975, "learning_rate": 0.00014532119118065156, "teacher_forcing": 1.0, "predicted_contact_fraction": 0.0, "epoch_seconds": 18.177780617028475, "elapsed_hours": 6.676317276806415, "loss": 7.008709309895833, "loss_alignment": 0.2592621930440267, "loss_coefficient": 3.8251057942708333, "loss_contact": 0.0, "loss_gate": 2.7582443237304686, "loss_reconstruction": 0.16609676678975424}
epoch=1054 step=79000 loss=7.51849
epoch=1054 step=79050 loss=6.27744
{"epoch": 1054, "global_step": 79050, "learning_rate": 0.00014522771497395154, "teacher_forcing": 1.0, "predicted_contact_fraction": 0.0, "epoch_seconds": 18.066594048868865, "elapsed_hours": 6.681337396144194, "loss": 7.166387125651042, "loss_alignment": 0.2863945134480794, "loss_coefficient": 3.9375907389322915, "loss_contact": 0.0, "loss_gate": 2.7757460021972657, "loss_reconstruction": 0.16665589014689128}
epoch=1055 step=79100 loss=7.21928
{"epoch": 1055, "global_step": 79125, "learning_rate": 0.00014513418905911545, "teacher_forcing": 1.0, "predicted_contact_fraction": 0.0, "epoch_seconds": 17.911790130194277, "elapsed_hours": 6.686314253929175, "loss": 7.174561971028646, "loss_alignment": 0.26496942520141603, "loss_coefficient": 3.9823541259765625, "loss_contact": 0.0, "loss_gate": 2.7595992533365887, "loss_reconstruction": 0.16763912200927733}
epoch=1056 step=79150 loss=8.12286
epoch=1056 step=79200 loss=6.63279
{"epoch": 1056, "global_step": 79200, "learning_rate": 0.00014504061353893426, "teacher_forcing": 1.0, "predicted_contact_fraction": 0.0, "epoch_seconds": 18.36423227470368, "elapsed_hours": 6.691417733383909, "loss": 7.147469075520833, "loss_alignment": 0.29169438044230145, "loss_coefficient": 3.914642639160156, "loss_contact": 0.0, "loss_gate": 2.7750253295898437, "loss_reconstruction": 0.16610681215922038}
epoch=1057 step=79250 loss=6.35971
{"epoch": 1057, "global_step": 79275, "learning_rate": 0.0001449469885162534, "teacher_forcing": 1.0, "predicted_contact_fraction": 0.0, "epoch_seconds": 18.040384169202298, "elapsed_hours": 6.696430386434464, "loss": 6.997587483723958, "loss_alignment": 0.27452596664428713, "loss_coefficient": 3.7959546915690106, "loss_contact": 0.0, "loss_gate": 2.761386006673177, "loss_reconstruction": 0.16571948369344075}
epoch=1058 step=79300 loss=6.73886
epoch=1058 step=79350 loss=6.12661
{"epoch": 1058, "global_step": 79350, "learning_rate": 0.00014485331409397277, "teacher_forcing": 1.0, "predicted_contact_fraction": 0.0, "epoch_seconds": 18.014790355227888, "elapsed_hours": 6.701436050599182, "loss": 7.0302650960286455, "loss_alignment": 0.2607620684305827, "loss_coefficient": 3.844470418294271, "loss_contact": 0.0, "loss_gate": 2.759415791829427, "loss_reconstruction": 0.16561609268188476}
epoch=1059 step=79400 loss=7.12670
{"epoch": 1059, "global_step": 79425, "learning_rate": 0.00014475959037504649, "teacher_forcing": 1.0, "predicted_contact_fraction": 0.0, "epoch_seconds": 18.13550100894645, "elapsed_hours": 6.706475054763076, "loss": 6.972973022460938, "loss_alignment": 0.261145814259847, "loss_coefficient": 3.792891031901042, "loss_contact": 0.0, "loss_gate": 2.753659261067708, "loss_reconstruction": 0.16527681032816569}
epoch=1060 step=79450 loss=7.88330
epoch=1060 step=79500 loss=7.53990
{"epoch": 1060, "global_step": 79500, "learning_rate": 0.0001446658174624829, "teacher_forcing": 1.0, "predicted_contact_fraction": 0.0, "epoch_seconds": 18.05380582297221, "elapsed_hours": 6.711491519545541, "loss": 6.978223470052083, "loss_alignment": 0.26765139897664386, "loss_coefficient": 3.7878097534179687, "loss_contact": 0.0, "loss_gate": 2.7572547403971353, "loss_reconstruction": 0.16550744692484537}
epoch=1061 step=79550 loss=6.98824
{"epoch": 1061, "global_step": 79575, "learning_rate": 0.0001445719954593444, "teacher_forcing": 1.0, "predicted_contact_fraction": 0.0, "epoch_seconds": 18.249086656142026, "elapsed_hours": 6.716700400920818, "loss": 7.048274943033854, "loss_alignment": 0.2777066485087077, "loss_coefficient": 3.841066182454427, "loss_contact": 0.0, "loss_gate": 2.7626571655273438, "loss_reconstruction": 0.16684523900349935}
epoch=1062 step=79600 loss=7.37533
epoch=1062 step=79650 loss=6.51770
{"epoch": 1062, "global_step": 79650, "learning_rate": 0.0001444781244687473, "teacher_forcing": 1.0, "predicted_contact_fraction": 0.0, "epoch_seconds": 18.369844826404005, "elapsed_hours": 6.72180454545331, "loss": 6.932979329427083, "loss_alignment": 0.2637582270304362, "loss_coefficient": 3.757985127766927, "loss_contact": 0.0, "loss_gate": 2.7471026611328124, "loss_reconstruction": 0.16413260459899903}
epoch=1063 step=79700 loss=6.63908
{"epoch": 1063, "global_step": 79725, "learning_rate": 0.00014438420459386182, "teacher_forcing": 1.0, "predicted_contact_fraction": 0.0, "epoch_seconds": 18.338127254974097, "elapsed_hours": 6.7269001174172285, "loss": 6.807139587402344, "loss_alignment": 0.2498500378926595, "loss_coefficient": 3.6563627115885415, "loss_contact": 0.0, "loss_gate": 2.7369408162434894, "loss_reconstruction": 0.16398449261983236}
epoch=1064 step=79750 loss=6.91350
epoch=1064 step=79800 loss=6.80071
{"epoch": 1064, "global_step": 79800, "learning_rate": 0.00014429023593791188, "teacher_forcing": 1.0, "predicted_contact_fraction": 0.0, "epoch_seconds": 17.89439554186538, "elapsed_hours": 6.7318721843864, "loss": 6.995097452799479, "loss_alignment": 0.27055663426717125, "loss_coefficient": 3.8023839314778645, "loss_contact": 0.0, "loss_gate": 2.7553931681315103, "loss_reconstruction": 0.1667629337310791}
epoch=1065 step=79850 loss=6.34628
{"epoch": 1065, "global_step": 79875, "learning_rate": 0.00014419621860417502, "teacher_forcing": 1.0, "predicted_contact_fraction": 0.0, "epoch_seconds": 18.21542764035985, "elapsed_hours": 6.736933440467498, "loss": 6.9295951334635415, "loss_alignment": 0.25310186386108396, "loss_coefficient": 3.769732666015625, "loss_contact": 0.0, "loss_gate": 2.741023915608724, "loss_reconstruction": 0.16573548316955566}
epoch=1066 step=79900 loss=7.25394
epoch=1066 step=79950 loss=6.99819
{"epoch": 1066, "global_step": 79950, "learning_rate": 0.00014410215269598228, "teacher_forcing": 1.0, "predicted_contact_fraction": 0.0, "epoch_seconds": 17.89738502027467, "elapsed_hours": 6.741906489368605, "loss": 6.97351806640625, "loss_alignment": 0.2526739247639974, "loss_coefficient": 3.8203404744466147, "loss_contact": 0.0, "loss_gate": 2.735720011393229, "loss_reconstruction": 0.16478342056274414}
epoch=1067 step=80000 loss=7.60283
{"epoch": 1067, "global_step": 80025, "learning_rate": 0.00014400803831671804, "teacher_forcing": 1.0, "predicted_contact_fraction": 0.0, "epoch_seconds": 17.95430048229173, "elapsed_hours": 6.746895241611378, "loss": 7.290699869791666, "loss_alignment": 0.2718302663167318, "loss_coefficient": 4.097838745117188, "loss_contact": 0.0, "loss_gate": 2.751817067464193, "loss_reconstruction": 0.16921407063802082}
epoch=1068 step=80050 loss=8.27667
epoch=1068 step=80100 loss=6.92536
{"epoch": 1068, "global_step": 80100, "learning_rate": 0.00014391387556981998, "teacher_forcing": 1.0, "predicted_contact_fraction": 0.0, "epoch_seconds": 17.909047302789986, "elapsed_hours": 6.751871395600804, "loss": 7.15960693359375, "loss_alignment": 0.28118898391723635, "loss_coefficient": 3.95477305094401, "loss_contact": 0.0, "loss_gate": 2.756450653076172, "loss_reconstruction": 0.16719438870747885}
epoch=1069 step=80150 loss=6.76003
{"epoch": 1069, "global_step": 80175, "learning_rate": 0.00014381966455877902, "teacher_forcing": 1.0, "predicted_contact_fraction": 0.0, "epoch_seconds": 17.956478253938258, "elapsed_hours": 6.756860753473334, "loss": 6.978022664388021, "loss_alignment": 0.2754671223958333, "loss_coefficient": 3.782617390950521, "loss_contact": 0.0, "loss_gate": 2.754991048177083, "loss_reconstruction": 0.1649468994140625}
epoch=1070 step=80200 loss=6.64628
epoch=1070 step=80250 loss=7.08075
{"epoch": 1070, "global_step": 80250, "learning_rate": 0.000143725405387139, "teacher_forcing": 1.0, "predicted_contact_fraction": 0.0, "epoch_seconds": 18.22345805214718, "elapsed_hours": 6.761924220479171, "loss": 6.980633748372396, "loss_alignment": 0.2613935724894206, "loss_coefficient": 3.8108978271484375, "loss_contact": 0.0, "loss_gate": 2.743257598876953, "loss_reconstruction": 0.16508439699808755}
epoch=1071 step=80300 loss=6.66556
{"epoch": 1071, "global_step": 80325, "learning_rate": 0.00014363109815849673, "teacher_forcing": 1.0, "predicted_contact_fraction": 0.0, "epoch_seconds": 18.236489822156727, "elapsed_hours": 6.767132500256153, "loss": 6.883574422200521, "loss_alignment": 0.2605329132080078, "loss_coefficient": 3.7179976399739583, "loss_contact": 0.0, "loss_gate": 2.7414053853352867, "loss_reconstruction": 0.16363876978556316}
epoch=1072 step=80350 loss=6.49393
epoch=1072 step=80400 loss=7.75586
{"epoch": 1072, "global_step": 80400, "learning_rate": 0.00014353674297650193, "teacher_forcing": 1.0, "predicted_contact_fraction": 0.0, "epoch_seconds": 17.940896917134523, "elapsed_hours": 6.772117481479396, "loss": 6.798414204915365, "loss_alignment": 0.2612206522623698, "loss_coefficient": 3.638183898925781, "loss_contact": 0.0, "loss_gate": 2.7358185323079427, "loss_reconstruction": 0.16319202423095702}
epoch=1073 step=80450 loss=7.05532
{"epoch": 1073, "global_step": 80475, "learning_rate": 0.00014344233994485688, "teacher_forcing": 1.0, "predicted_contact_fraction": 0.0, "epoch_seconds": 17.768565863370895, "elapsed_hours": 6.77705460134027, "loss": 7.102444864908854, "loss_alignment": 0.2755568631490072, "loss_coefficient": 3.9180731201171874, "loss_contact": 0.0, "loss_gate": 2.742307383219401, "loss_reconstruction": 0.16650785446166994}
epoch=1074 step=80500 loss=6.91473
epoch=1074 step=80550 loss=7.61005
{"epoch": 1074, "global_step": 80550, "learning_rate": 0.0001433478891673165, "teacher_forcing": 1.0, "predicted_contact_fraction": 0.0, "epoch_seconds": 18.130564695224166, "elapsed_hours": 6.7820922722269055, "loss": 7.196438802083334, "loss_alignment": 0.2850033632914225, "loss_coefficient": 3.9878016153971356, "loss_contact": 0.0, "loss_gate": 2.7563654581705728, "loss_reconstruction": 0.16726768175760906}
epoch=1075 step=80600 loss=7.15613
{"epoch": 1075, "global_step": 80625, "learning_rate": 0.00014325339074768828, "teacher_forcing": 1.0, "predicted_contact_fraction": 0.0, "epoch_seconds": 18.464265566319227, "elapsed_hours": 6.787222638463912, "loss": 7.148634033203125, "loss_alignment": 0.2704874928792318, "loss_coefficient": 3.962346496582031, "loss_contact": 0.0, "loss_gate": 2.7494524637858073, "loss_reconstruction": 0.16634755134582518}
epoch=1076 step=80650 loss=6.08439
epoch=1076 step=80700 loss=6.77507
{"epoch": 1076, "global_step": 80700, "learning_rate": 0.00014315884478983195, "teacher_forcing": 1.0, "predicted_contact_fraction": 0.0, "epoch_seconds": 18.00733121111989, "elapsed_hours": 6.792226172463658, "loss": 6.9818487548828125, "loss_alignment": 0.27076361974080404, "loss_coefficient": 3.799180704752604, "loss_contact": 0.0, "loss_gate": 2.745729268391927, "loss_reconstruction": 0.16617455800374348}
epoch=1077 step=80750 loss=6.06504
{"epoch": 1077, "global_step": 80775, "learning_rate": 0.00014306425139765954, "teacher_forcing": 1.0, "predicted_contact_fraction": 0.0, "epoch_seconds": 17.922753097023815, "elapsed_hours": 6.79720615110968, "loss": 7.043263346354166, "loss_alignment": 0.2671120834350586, "loss_coefficient": 3.8765517171223958, "loss_contact": 0.0, "loss_gate": 2.7338106791178385, "loss_reconstruction": 0.1657890764872233}
epoch=1078 step=80800 loss=6.43421
epoch=1078 step=80850 loss=6.30473
{"epoch": 1078, "global_step": 80850, "learning_rate": 0.0001429696106751352, "teacher_forcing": 1.0, "predicted_contact_fraction": 0.0, "epoch_seconds": 17.747099086176604, "elapsed_hours": 6.802137334223371, "loss": 6.947718912760417, "loss_alignment": 0.2606989606221517, "loss_coefficient": 3.787290344238281, "loss_contact": 0.0, "loss_gate": 2.73477783203125, "loss_reconstruction": 0.1649515946706136}
epoch=1079 step=80900 loss=6.18906
{"epoch": 1079, "global_step": 80925, "learning_rate": 0.00014287492272627508, "teacher_forcing": 1.0, "predicted_contact_fraction": 0.0, "epoch_seconds": 18.026652545202523, "elapsed_hours": 6.807146231986892, "loss": 6.972235310872396, "loss_alignment": 0.26869194030761717, "loss_coefficient": 3.8020836385091146, "loss_contact": 0.0, "loss_gate": 2.7370816548665364, "loss_reconstruction": 0.16437755584716796}
epoch=1080 step=80950 loss=7.16539
epoch=1080 step=81000 loss=6.40785
{"epoch": 1080, "global_step": 81000, "learning_rate": 0.00014278018765514735, "teacher_forcing": 1.0, "predicted_contact_fraction": 0.0, "epoch_seconds": 17.933579429984093, "elapsed_hours": 6.812129388077754, "loss": 6.957734781901042, "loss_alignment": 0.25860708236694335, "loss_coefficient": 3.803680419921875, "loss_contact": 0.0, "loss_gate": 2.730249786376953, "loss_reconstruction": 0.16519751866658527}
epoch=1081 step=81050 loss=7.29381
{"epoch": 1081, "global_step": 81075, "learning_rate": 0.00014268540556587175, "teacher_forcing": 1.0, "predicted_contact_fraction": 0.0, "epoch_seconds": 18.017836718354374, "elapsed_hours": 6.817275362817777, "loss": 7.113162434895833, "loss_alignment": 0.2827842966715495, "loss_coefficient": 3.919256083170573, "loss_contact": 0.0, "loss_gate": 2.7440109252929688, "loss_reconstruction": 0.16711090087890626}
epoch=1082 step=81100 loss=6.68270
epoch=1082 step=81150 loss=6.44776
{"epoch": 1082, "global_step": 81150, "learning_rate": 0.00014259057656261991, "teacher_forcing": 1.0, "predicted_contact_fraction": 0.0, "epoch_seconds": 18.460017743054777, "elapsed_hours": 6.822404556417217, "loss": 6.903949381510417, "loss_alignment": 0.2622816022237142, "loss_coefficient": 3.7496053059895833, "loss_contact": 0.0, "loss_gate": 2.7278091430664064, "loss_reconstruction": 0.1642538356781006}
epoch=1083 step=81200 loss=7.21156
{"epoch": 1083, "global_step": 81225, "learning_rate": 0.00014249570074961496, "teacher_forcing": 1.0, "predicted_contact_fraction": 0.0, "epoch_seconds": 18.123452029190958, "elapsed_hours": 6.8274402422344105, "loss": 7.145590413411458, "loss_alignment": 0.2648554229736328, "loss_coefficient": 3.9788198852539063, "loss_contact": 0.0, "loss_gate": 2.7354579162597656, "loss_reconstruction": 0.16645716667175292}
epoch=1084 step=81250 loss=7.07118
epoch=1084 step=81300 loss=6.89404
{"epoch": 1084, "global_step": 81300, "learning_rate": 0.00014240077823113138, "teacher_forcing": 1.0, "predicted_contact_fraction": 0.0, "epoch_seconds": 18.199795852880925, "elapsed_hours": 6.832497262317014, "loss": 6.923170776367187, "loss_alignment": 0.26613383611043295, "loss_coefficient": 3.7589881388346353, "loss_contact": 0.0, "loss_gate": 2.734374237060547, "loss_reconstruction": 0.16367480278015137}
epoch=1085 step=81350 loss=6.43067
{"epoch": 1085, "global_step": 81375, "learning_rate": 0.0001423058091114951, "teacher_forcing": 1.0, "predicted_contact_fraction": 0.0, "epoch_seconds": 17.84424686525017, "elapsed_hours": 6.837455410376942, "loss": 6.863060811360677, "loss_alignment": 0.26039585113525393, "loss_coefficient": 3.710640360514323, "loss_contact": 0.0, "loss_gate": 2.727698720296224, "loss_reconstruction": 0.16432657559712727}
epoch=1086 step=81400 loss=7.57807
epoch=1086 step=81450 loss=7.26905
{"epoch": 1086, "global_step": 81450, "learning_rate": 0.0001422107934950832, "teacher_forcing": 1.0, "predicted_contact_fraction": 0.0, "epoch_seconds": 17.78805334866047, "elapsed_hours": 6.8423980415225705, "loss": 7.1208544921875, "loss_alignment": 0.2746097691853841, "loss_coefficient": 3.9492029825846355, "loss_contact": 0.0, "loss_gate": 2.7302569580078124, "loss_reconstruction": 0.16678516387939454}
epoch=1087 step=81500 loss=7.10199
{"epoch": 1087, "global_step": 81525, "learning_rate": 0.0001421157314863239, "teacher_forcing": 1.0, "predicted_contact_fraction": 0.0, "epoch_seconds": 18.79651018232107, "elapsed_hours": 6.84762071307645, "loss": 6.927749226888021, "loss_alignment": 0.2623269780476888, "loss_coefficient": 3.778289489746094, "loss_contact": 0.0, "loss_gate": 2.7232873026529947, "loss_reconstruction": 0.16384653091430665}
epoch=1088 step=81550 loss=7.91788
epoch=1088 step=81600 loss=7.96538
{"epoch": 1088, "global_step": 81600, "learning_rate": 0.00014202062318969643, "teacher_forcing": 1.0, "predicted_contact_fraction": 0.0, "epoch_seconds": 18.120840191375464, "elapsed_hours": 6.852655739812181, "loss": 7.391966349283854, "loss_alignment": 0.28014792760213214, "loss_coefficient": 4.203854878743489, "loss_contact": 0.0, "loss_gate": 2.738772633870443, "loss_reconstruction": 0.16919065157572427}
epoch=1089 step=81650 loss=7.51226
{"epoch": 1089, "global_step": 81675, "learning_rate": 0.00014192546870973083, "teacher_forcing": 1.0, "predicted_contact_fraction": 0.0, "epoch_seconds": 18.01562255108729, "elapsed_hours": 6.8576614878964355, "loss": 6.98859619140625, "loss_alignment": 0.2695426114400228, "loss_coefficient": 3.8250047810872396, "loss_contact": 0.0, "loss_gate": 2.729752400716146, "loss_reconstruction": 0.16429731369018555}
epoch=1090 step=81700 loss=6.59571
epoch=1090 step=81750 loss=6.74482
{"epoch": 1090, "global_step": 81750, "learning_rate": 0.00014183026815100787, "teacher_forcing": 1.0, "predicted_contact_fraction": 0.0, "epoch_seconds": 18.061533317901194, "elapsed_hours": 6.862680032961459, "loss": 6.983941853841146, "loss_alignment": 0.25547481536865235, "loss_coefficient": 3.8400617472330727, "loss_contact": 0.0, "loss_gate": 2.723236389160156, "loss_reconstruction": 0.16516859372456869}
epoch=1091 step=81800 loss=6.97465
{"epoch": 1091, "global_step": 81825, "learning_rate": 0.00014173502161815912, "teacher_forcing": 1.0, "predicted_contact_fraction": 0.0, "epoch_seconds": 17.974345322232693, "elapsed_hours": 6.867825511043581, "loss": 7.112435913085937, "loss_alignment": 0.2748670705159505, "loss_coefficient": 3.9414556884765624, "loss_contact": 0.0, "loss_gate": 2.730468953450521, "loss_reconstruction": 0.16564391454060873}
epoch=1092 step=81850 loss=7.89503
epoch=1092 step=81900 loss=6.79139
{"epoch": 1092, "global_step": 81900, "learning_rate": 0.00014163972921586653, "teacher_forcing": 1.0, "predicted_contact_fraction": 0.0, "epoch_seconds": 18.47142950911075, "elapsed_hours": 6.872957878805335, "loss": 7.263303629557291, "loss_alignment": 0.2819657071431478, "loss_coefficient": 4.0695849609375, "loss_contact": 0.0, "loss_gate": 2.7442383829752606, "loss_reconstruction": 0.16751415252685548}
epoch=1093 step=81950 loss=6.16545
{"epoch": 1093, "global_step": 81975, "learning_rate": 0.00014154439104886252, "teacher_forcing": 1.0, "predicted_contact_fraction": 0.0, "epoch_seconds": 18.227576569654047, "elapsed_hours": 6.878022564822265, "loss": 7.243941243489584, "loss_alignment": 0.2834980583190918, "loss_coefficient": 4.052410176595052, "loss_contact": 0.0, "loss_gate": 2.7408201599121096, "loss_reconstruction": 0.16721293767293294}
epoch=1094 step=82000 loss=6.88885
epoch=1094 step=82050 loss=6.75729
{"epoch": 1094, "global_step": 82050, "learning_rate": 0.0001414490072219298, "teacher_forcing": 1.0, "predicted_contact_fraction": 0.0, "epoch_seconds": 17.971428686752915, "elapsed_hours": 6.883016329630304, "loss": 6.93830078125, "loss_alignment": 0.26520273844401043, "loss_coefficient": 3.7825230916341144, "loss_contact": 0.0, "loss_gate": 2.7261426798502604, "loss_reconstruction": 0.1644319152832031}
epoch=1095 step=82100 loss=6.91806
{"epoch": 1095, "global_step": 82125, "learning_rate": 0.00014135357783990124, "teacher_forcing": 1.0, "predicted_contact_fraction": 0.0, "epoch_seconds": 17.939301775302738, "elapsed_hours": 6.888000855717756, "loss": 6.98186767578125, "loss_alignment": 0.25800158818562824, "loss_coefficient": 3.840448710123698, "loss_contact": 0.0, "loss_gate": 2.7191285705566406, "loss_reconstruction": 0.16428873380025227}
epoch=1096 step=82150 loss=6.61757
epoch=1096 step=82200 loss=6.56929
{"epoch": 1096, "global_step": 82200, "learning_rate": 0.0001412581030076598, "teacher_forcing": 1.0, "predicted_contact_fraction": 0.0, "epoch_seconds": 17.81505354307592, "elapsed_hours": 6.892951114226986, "loss": 6.950428873697916, "loss_alignment": 0.27362597147623696, "loss_coefficient": 3.7887557983398437, "loss_contact": 0.0, "loss_gate": 2.7234521484375, "loss_reconstruction": 0.16459455490112304}
epoch=1097 step=82250 loss=6.81762
{"epoch": 1097, "global_step": 82275, "learning_rate": 0.00014116258283013847, "teacher_forcing": 1.0, "predicted_contact_fraction": 0.0, "epoch_seconds": 18.22039539925754, "elapsed_hours": 6.898013753708866, "loss": 6.986376749674479, "loss_alignment": 0.2656799570719401, "loss_coefficient": 3.8311361694335937, "loss_contact": 0.0, "loss_gate": 2.7243836975097655, "loss_reconstruction": 0.16517614046732584}
epoch=1098 step=82300 loss=7.54531
epoch=1098 step=82350 loss=6.39099
{"epoch": 1098, "global_step": 82350, "learning_rate": 0.00014106701741231991, "teacher_forcing": 1.0, "predicted_contact_fraction": 0.0, "epoch_seconds": 17.97454964881763, "elapsed_hours": 6.903008192660313, "loss": 6.961633707682291, "loss_alignment": 0.2773233222961426, "loss_coefficient": 3.7975258382161456, "loss_contact": 0.0, "loss_gate": 2.722958475748698, "loss_reconstruction": 0.1638268756866455}
epoch=1099 step=82400 loss=7.07825
{"epoch": 1099, "global_step": 82425, "learning_rate": 0.00014097140685923664, "teacher_forcing": 1.0, "predicted_contact_fraction": 0.0, "epoch_seconds": 17.894526935182512, "elapsed_hours": 6.907980304417821, "loss": 6.789559834798177, "loss_alignment": 0.2391920789082845, "loss_coefficient": 3.683785603841146, "loss_contact": 0.0, "loss_gate": 2.7037584431966146, "loss_reconstruction": 0.16282387415568034}
epoch=1100 step=82450 loss=7.75435
epoch=1100 step=82500 loss=6.28052
{"epoch": 1100, "global_step": 82500, "learning_rate": 0.00014087575127597074, "teacher_forcing": 1.0, "predicted_contact_fraction": 0.0, "epoch_seconds": 18.007341554854065, "elapsed_hours": 6.912983731636131, "loss": 6.937376098632813, "loss_alignment": 0.2501704216003418, "loss_coefficient": 3.816273396809896, "loss_contact": 0.0, "loss_gate": 2.706639404296875, "loss_reconstruction": 0.16429394404093425}
[2026-09-22 07:00:11.044] [svulkan2] [warning] A second renderer will share the same internal context with the first one. Arguments passed to constructor will be ignored.
[FaucetEnv] change_instance_when_reset=True
[2026-09-22 07:00:11.169] [svulkan2] [warning] A second renderer will share the same internal context with the first one. Arguments passed to constructor will be ignored.
[LaptopEnv] change_instance_when_reset=True
[2026-09-22 07:00:11.196] [svulkan2] [warning] A second renderer will share the same internal context with the first one. Arguments passed to constructor will be ignored.
[ToiletEnv] change_instance_when_reset=True
[2026-09-22 07:00:11.300] [svulkan2] [warning] A second renderer will share the same internal context with the first one. Arguments passed to constructor will be ignored.
[BucketEnv] change_instance_when_reset=True
[2026-09-22 07:03:03.923] [svulkan2] [warning] A second renderer will share the same internal context with the first one. Arguments passed to constructor will be ignored.
[ToiletEnv] change_instance_when_reset=True
[2026-09-22 07:03:28.745] [svulkan2] [warning] A second renderer will share the same internal context with the first one. Arguments passed to constructor will be ignored.
[FaucetEnv] change_instance_when_reset=True
[2026-09-22 07:03:33.291] [svulkan2] [warning] A second renderer will share the same internal context with the first one. Arguments passed to constructor will be ignored.
[LaptopEnv] change_instance_when_reset=True
[2026-09-22 07:05:43.772] [svulkan2] [warning] A second renderer will share the same internal context with the first one. Arguments passed to constructor will be ignored.
[ToiletEnv] change_instance_when_reset=True
[2026-09-22 07:06:53.197] [svulkan2] [warning] A second renderer will share the same internal context with the first one. Arguments passed to constructor will be ignored.
[FaucetEnv] change_instance_when_reset=True
[2026-09-22 07:07:00.910] [svulkan2] [warning] A second renderer will share the same internal context with the first one. Arguments passed to constructor will be ignored.
[BucketEnv] change_instance_when_reset=True
[2026-09-22 07:07:16.472] [svulkan2] [warning] A second renderer will share the same internal context with the first one. Arguments passed to constructor will be ignored.
[LaptopEnv] change_instance_when_reset=True
[2026-09-22 07:08:05.305] [SAPIEN] [error] Failed to load visual mesh: /data/users/zhouyike/dexCG/third_party/dexart/assets/sapien/10090/textured_objs/new-1.obj
[2026-09-22 07:08:13.366] [svulkan2] [warning] A second renderer will share the same internal context with the first one. Arguments passed to constructor will be ignored.
[ToiletEnv] change_instance_when_reset=True
[2026-09-22 07:09:46.429] [SAPIEN] [error] Failed to load visual mesh: /data/users/zhouyike/dexCG/third_party/dexart/assets/sapien/10090/textured_objs/new-1.obj
[2026-09-22 07:10:21.492] [svulkan2] [warning] A second renderer will share the same internal context with the first one. Arguments passed to constructor will be ignored.
[FaucetEnv] change_instance_when_reset=True
[2026-09-22 07:10:38.396] [svulkan2] [warning] A second renderer will share the same internal context with the first one. Arguments passed to constructor will be ignored.
[LaptopEnv] change_instance_when_reset=True
[2026-09-22 07:10:38.400] [SAPIEN] [error] Failed to load visual mesh: /data/users/zhouyike/dexCG/third_party/dexart/assets/sapien/10090/textured_objs/new-1.obj
[2026-09-22 07:10:52.846] [svulkan2] [warning] A second renderer will share the same internal context with the first one. Arguments passed to constructor will be ignored.
[ToiletEnv] change_instance_when_reset=True
[2026-09-22 07:13:47.852] [svulkan2] [warning] A second renderer will share the same internal context with the first one. Arguments passed to constructor will be ignored.
[BucketEnv] change_instance_when_reset=True
[2026-09-22 07:13:48.037] [SAPIEN] [error] Failed to load visual mesh: /data/users/zhouyike/dexCG/third_party/dexart/assets/sapien/10090/textured_objs/new-1.obj
[2026-09-22 07:13:56.354] [svulkan2] [warning] A second renderer will share the same internal context with the first one. Arguments passed to constructor will be ignored.
[FaucetEnv] change_instance_when_reset=True
[2026-09-22 07:14:22.338] [svulkan2] [warning] A second renderer will share the same internal context with the first one. Arguments passed to constructor will be ignored.
[LaptopEnv] change_instance_when_reset=True
[2026-09-22 07:16:18.076] [SAPIEN] [error] Failed to load visual mesh: /data/users/zhouyike/dexCG/third_party/dexart/assets/sapien/10090/textured_objs/new-1.obj
[2026-09-22 07:16:51.482] [SAPIEN] [error] Failed to load visual mesh: /data/users/zhouyike/dexCG/third_party/dexart/assets/sapien/10090/textured_objs/new-1.obj
[2026-09-22 07:20:10.326] [svulkan2] [warning] A second renderer will share the same internal context with the first one. Arguments passed to constructor will be ignored.
[BucketEnv] change_instance_when_reset=True
[2026-09-22 07:26:44.169] [svulkan2] [warning] A second renderer will share the same internal context with the first one. Arguments passed to constructor will be ignored.
[BucketEnv] change_instance_when_reset=True
[2026-09-22 07:34:03.792] [svulkan2] [warning] A second renderer will share the same internal context with the first one. Arguments passed to constructor will be ignored.
[BucketEnv] change_instance_when_reset=True
[2026-09-22 07:34:03.889] [svulkan2] [warning] A second renderer will share the same internal context with the first one. Arguments passed to constructor will be ignored.
[ToiletEnv] change_instance_when_reset=True
[2026-09-22 07:34:03.937] [svulkan2] [warning] A second renderer will share the same internal context with the first one. Arguments passed to constructor will be ignored.
[FaucetEnv] change_instance_when_reset=True
[2026-09-22 07:34:05.539] [svulkan2] [warning] A second renderer will share the same internal context with the first one. Arguments passed to constructor will be ignored.
[LaptopEnv] change_instance_when_reset=True
[2026-09-22 07:36:58.134] [svulkan2] [warning] A second renderer will share the same internal context with the first one. Arguments passed to constructor will be ignored.
[ToiletEnv] change_instance_when_reset=True
[2026-09-22 07:37:21.324] [svulkan2] [warning] A second renderer will share the same internal context with the first one. Arguments passed to constructor will be ignored.
[FaucetEnv] change_instance_when_reset=True
[2026-09-22 07:37:32.511] [svulkan2] [warning] A second renderer will share the same internal context with the first one. Arguments passed to constructor will be ignored.
[LaptopEnv] change_instance_when_reset=True
[2026-09-22 07:40:07.287] [svulkan2] [warning] A second renderer will share the same internal context with the first one. Arguments passed to constructor will be ignored.
[ToiletEnv] change_instance_when_reset=True
[2026-09-22 07:40:42.920] [svulkan2] [warning] A second renderer will share the same internal context with the first one. Arguments passed to constructor will be ignored.
[BucketEnv] change_instance_when_reset=True
[2026-09-22 07:40:48.940] [svulkan2] [warning] A second renderer will share the same internal context with the first one. Arguments passed to constructor will be ignored.
[FaucetEnv] change_instance_when_reset=True
[2026-09-22 07:41:12.231] [svulkan2] [warning] A second renderer will share the same internal context with the first one. Arguments passed to constructor will be ignored.
[LaptopEnv] change_instance_when_reset=True
[2026-09-22 07:41:57.952] [SAPIEN] [error] Failed to load visual mesh: /data/users/zhouyike/dexCG/third_party/dexart/assets/sapien/10090/textured_objs/new-1.obj
[2026-09-22 07:42:41.285] [svulkan2] [warning] A second renderer will share the same internal context with the first one. Arguments passed to constructor will be ignored.
[ToiletEnv] change_instance_when_reset=True
[2026-09-22 07:43:29.549] [SAPIEN] [error] Failed to load visual mesh: /data/users/zhouyike/dexCG/third_party/dexart/assets/sapien/10090/textured_objs/new-1.obj
[2026-09-22 07:44:27.810] [svulkan2] [warning] A second renderer will share the same internal context with the first one. Arguments passed to constructor will be ignored.
[LaptopEnv] change_instance_when_reset=True
[2026-09-22 07:44:27.814] [SAPIEN] [error] Failed to load visual mesh: /data/users/zhouyike/dexCG/third_party/dexart/assets/sapien/10090/textured_objs/new-1.obj
[2026-09-22 07:44:36.345] [svulkan2] [warning] A second renderer will share the same internal context with the first one. Arguments passed to constructor will be ignored.
[FaucetEnv] change_instance_when_reset=True
[2026-09-22 07:45:14.586] [svulkan2] [warning] A second renderer will share the same internal context with the first one. Arguments passed to constructor will be ignored.
[ToiletEnv] change_instance_when_reset=True
[2026-09-22 07:47:20.136] [SAPIEN] [error] Failed to load visual mesh: /data/users/zhouyike/dexCG/third_party/dexart/assets/sapien/10090/textured_objs/new-1.obj
[2026-09-22 07:47:48.505] [svulkan2] [warning] A second renderer will share the same internal context with the first one. Arguments passed to constructor will be ignored.
[FaucetEnv] change_instance_when_reset=True
[2026-09-22 07:47:50.553] [svulkan2] [warning] A second renderer will share the same internal context with the first one. Arguments passed to constructor will be ignored.
[LaptopEnv] change_instance_when_reset=True
[2026-09-22 07:48:04.127] [svulkan2] [warning] A second renderer will share the same internal context with the first one. Arguments passed to constructor will be ignored.
[BucketEnv] change_instance_when_reset=True
[2026-09-22 07:49:51.075] [SAPIEN] [error] Failed to load visual mesh: /data/users/zhouyike/dexCG/third_party/dexart/assets/sapien/10090/textured_objs/new-1.obj
[2026-09-22 07:50:27.308] [SAPIEN] [error] Failed to load visual mesh: /data/users/zhouyike/dexCG/third_party/dexart/assets/sapien/10090/textured_objs/new-1.obj
[2026-09-22 07:54:48.990] [svulkan2] [warning] A second renderer will share the same internal context with the first one. Arguments passed to constructor will be ignored.
[BucketEnv] change_instance_when_reset=True
[2026-09-22 08:01:29.620] [svulkan2] [warning] A second renderer will share the same internal context with the first one. Arguments passed to constructor will be ignored.
[BucketEnv] change_instance_when_reset=True
epoch=1101 step=82550 loss=7.68136
{"epoch": 1101, "global_step": 82575, "learning_rate": 0.00014078005076765377, "teacher_forcing": 1.0, "predicted_contact_fraction": 0.0, "epoch_seconds": 17.671931930817664, "elapsed_hours": 8.065930252171949, "loss": 7.098882242838542, "loss_alignment": 0.26494940439860026, "loss_coefficient": 3.954570821126302, "loss_contact": 0.0, "loss_gate": 2.71221934000651, "loss_reconstruction": 0.1671434243520101}
epoch=1102 step=82600 loss=7.30410
epoch=1102 step=82650 loss=8.73386
{"epoch": 1102, "global_step": 82650, "learning_rate": 0.00014068430543946668, "teacher_forcing": 1.0, "predicted_contact_fraction": 0.0, "epoch_seconds": 18.01167155429721, "elapsed_hours": 8.07093490649752, "loss": 7.158598429361979, "loss_alignment": 0.27098522186279295, "loss_coefficient": 3.9995984903971356, "loss_contact": 0.0, "loss_gate": 2.721961924235026, "loss_reconstruction": 0.16605244318644205}
epoch=1103 step=82700 loss=7.03996
{"epoch": 1103, "global_step": 82725, "learning_rate": 0.00014058851539663968, "teacher_forcing": 1.0, "predicted_contact_fraction": 0.0, "epoch_seconds": 17.794518331997097, "elapsed_hours": 8.075879272153058, "loss": 6.971209513346354, "loss_alignment": 0.27534828821818036, "loss_coefficient": 3.8072304280598956, "loss_contact": 0.0, "loss_gate": 2.7244916788736977, "loss_reconstruction": 0.164139617284139}
epoch=1104 step=82750 loss=6.42223
epoch=1104 step=82800 loss=6.89955
{"epoch": 1104, "global_step": 82800, "learning_rate": 0.0001404926807444521, "teacher_forcing": 1.0, "predicted_contact_fraction": 0.0, "epoch_seconds": 17.951133735012263, "elapsed_hours": 8.08086718172223, "loss": 6.8141556803385415, "loss_alignment": 0.25782693227132164, "loss_coefficient": 3.682378845214844, "loss_contact": 0.0, "loss_gate": 2.711680908203125, "loss_reconstruction": 0.16226814270019532}
epoch=1105 step=82850 loss=6.74225
{"epoch": 1105, "global_step": 82875, "learning_rate": 0.00014039680158823236, "teacher_forcing": 1.0, "predicted_contact_fraction": 0.0, "epoch_seconds": 17.68212879402563, "elapsed_hours": 8.085780259390077, "loss": 6.775659484863281, "loss_alignment": 0.23781587600708007, "loss_coefficient": 3.6808721923828127, "loss_contact": 0.0, "loss_gate": 2.6939459737141926, "loss_reconstruction": 0.16302606264750164}
epoch=1106 step=82900 loss=6.08052
epoch=1106 step=82950 loss=7.82276
{"epoch": 1106, "global_step": 82950, "learning_rate": 0.00014030087803335774, "teacher_forcing": 1.0, "predicted_contact_fraction": 0.0, "epoch_seconds": 18.160873914603144, "elapsed_hours": 8.09082661422862, "loss": 6.96415771484375, "loss_alignment": 0.2662253443400065, "loss_coefficient": 3.823613586425781, "loss_contact": 0.0, "loss_gate": 2.709067128499349, "loss_reconstruction": 0.1652522850036621}
epoch=1107 step=83000 loss=7.57130
{"epoch": 1107, "global_step": 83025, "learning_rate": 0.0001402049101852543, "teacher_forcing": 1.0, "predicted_contact_fraction": 0.0, "epoch_seconds": 17.78220793697983, "elapsed_hours": 8.095767505971923, "loss": 7.027035522460937, "loss_alignment": 0.2765656089782715, "loss_coefficient": 3.869489237467448, "loss_contact": 0.0, "loss_gate": 2.715237274169922, "loss_reconstruction": 0.16574296951293946}
epoch=1108 step=83050 loss=8.94754
epoch=1108 step=83100 loss=7.49768
{"epoch": 1108, "global_step": 83100, "learning_rate": 0.00014010889814939682, "teacher_forcing": 1.0, "predicted_contact_fraction": 0.0, "epoch_seconds": 18.398523402400315, "elapsed_hours": 8.100879606788125, "loss": 6.930940348307292, "loss_alignment": 0.27216100692749023, "loss_coefficient": 3.783122253417969, "loss_contact": 0.0, "loss_gate": 2.7126087951660156, "loss_reconstruction": 0.16304835955301922}
epoch=1109 step=83150 loss=7.25032
{"epoch": 1109, "global_step": 83175, "learning_rate": 0.00014001284203130868, "teacher_forcing": 1.0, "predicted_contact_fraction": 0.0, "epoch_seconds": 18.309602852910757, "elapsed_hours": 8.105967082891924, "loss": 6.98470703125, "loss_alignment": 0.2729036013285319, "loss_coefficient": 3.8374549357096353, "loss_contact": 0.0, "loss_gate": 2.709572499593099, "loss_reconstruction": 0.1647763697306315}
epoch=1110 step=83200 loss=6.95213
epoch=1110 step=83250 loss=7.13805
{"epoch": 1110, "global_step": 83250, "learning_rate": 0.00013991674193656158, "teacher_forcing": 1.0, "predicted_contact_fraction": 0.0, "epoch_seconds": 18.026149683166295, "elapsed_hours": 8.110975793746896, "loss": 6.854964599609375, "loss_alignment": 0.2481113115946452, "loss_coefficient": 3.748204650878906, "loss_contact": 0.0, "loss_gate": 2.695095723470052, "loss_reconstruction": 0.16355337460835775}
epoch=1111 step=83300 loss=6.47115
{"epoch": 1111, "global_step": 83325, "learning_rate": 0.00013982059797077573, "teacher_forcing": 1.0, "predicted_contact_fraction": 0.0, "epoch_seconds": 17.894814138300717, "elapsed_hours": 8.11609027300418, "loss": 6.935494791666667, "loss_alignment": 0.2548215675354004, "loss_coefficient": 3.8090726725260415, "loss_contact": 0.0, "loss_gate": 2.7076526896158852, "loss_reconstruction": 0.1639485518137614}
epoch=1112 step=83350 loss=6.72709
epoch=1112 step=83400 loss=6.39336
{"epoch": 1112, "global_step": 83400, "learning_rate": 0.0001397244102396194, "teacher_forcing": 1.0, "predicted_contact_fraction": 0.0, "epoch_seconds": 18.09937221556902, "elapsed_hours": 8.121119321603846, "loss": 6.928495076497396, "loss_alignment": 0.26972389221191406, "loss_coefficient": 3.7804920450846353, "loss_contact": 0.0, "loss_gate": 2.7142602030436196, "loss_reconstruction": 0.16401979128519695}
epoch=1113 step=83450 loss=6.43065
{"epoch": 1113, "global_step": 83475, "learning_rate": 0.00013962817884880907, "teacher_forcing": 1.0, "predicted_contact_fraction": 0.0, "epoch_seconds": 18.06588646164164, "elapsed_hours": 8.126139312220815, "loss": 6.892591552734375, "loss_alignment": 0.2516435178120931, "loss_coefficient": 3.7784415690104165, "loss_contact": 0.0, "loss_gate": 2.6988562520345054, "loss_reconstruction": 0.16365021069844563}
epoch=1114 step=83500 loss=7.59805
epoch=1114 step=83550 loss=6.50571
{"epoch": 1114, "global_step": 83550, "learning_rate": 0.00013953190390410912, "teacher_forcing": 1.0, "predicted_contact_fraction": 0.0, "epoch_seconds": 17.781356160063297, "elapsed_hours": 8.131080071740628, "loss": 6.814627787272135, "loss_alignment": 0.2514370536804199, "loss_coefficient": 3.701902058919271, "loss_contact": 0.0, "loss_gate": 2.69816401163737, "loss_reconstruction": 0.16312454223632813}
epoch=1115 step=83600 loss=6.77435
{"epoch": 1115, "global_step": 83625, "learning_rate": 0.00013943558551133186, "teacher_forcing": 1.0, "predicted_contact_fraction": 0.0, "epoch_seconds": 17.974647460039705, "elapsed_hours": 8.136074484425027, "loss": 6.930904744466146, "loss_alignment": 0.25654343922932943, "loss_coefficient": 3.8096349080403646, "loss_contact": 0.0, "loss_gate": 2.700453592936198, "loss_reconstruction": 0.16427215576171875}
epoch=1116 step=83650 loss=6.80223
epoch=1116 step=83700 loss=6.79940
{"epoch": 1116, "global_step": 83700, "learning_rate": 0.00013933922377633735, "teacher_forcing": 1.0, "predicted_contact_fraction": 0.0, "epoch_seconds": 17.91131134517491, "elapsed_hours": 8.141051282505504, "loss": 7.0176806640625, "loss_alignment": 0.2835624885559082, "loss_coefficient": 3.8588744099934895, "loss_contact": 0.0, "loss_gate": 2.710970509847005, "loss_reconstruction": 0.16427332242329915}
epoch=1117 step=83750 loss=5.94526
{"epoch": 1117, "global_step": 83775, "learning_rate": 0.00013924281880503322, "teacher_forcing": 1.0, "predicted_contact_fraction": 0.0, "epoch_seconds": 17.766675169114023, "elapsed_hours": 8.145987837129764, "loss": 6.956438191731771, "loss_alignment": 0.2729431470235189, "loss_coefficient": 3.8102506510416667, "loss_contact": 0.0, "loss_gate": 2.7084700520833334, "loss_reconstruction": 0.16477400779724122}
epoch=1118 step=83800 loss=6.13550
epoch=1118 step=83850 loss=6.54481
{"epoch": 1118, "global_step": 83850, "learning_rate": 0.0001391463707033747, "teacher_forcing": 1.0, "predicted_contact_fraction": 0.0, "epoch_seconds": 17.738042294047773, "elapsed_hours": 8.150916485438357, "loss": 6.821880696614583, "loss_alignment": 0.2604751777648926, "loss_coefficient": 3.697937520345052, "loss_contact": 0.0, "loss_gate": 2.6998775736490885, "loss_reconstruction": 0.16358954429626466}
epoch=1119 step=83900 loss=6.57605
{"epoch": 1119, "global_step": 83925, "learning_rate": 0.0001390498795773644, "teacher_forcing": 1.0, "predicted_contact_fraction": 0.0, "epoch_seconds": 18.50379031803459, "elapsed_hours": 8.15605782088358, "loss": 6.872333170572917, "loss_alignment": 0.25006367365519205, "loss_coefficient": 3.7694605509440104, "loss_contact": 0.0, "loss_gate": 2.6887300618489585, "loss_reconstruction": 0.16407873153686522}
epoch=1120 step=83950 loss=7.69908
epoch=1120 step=84000 loss=7.10966
{"epoch": 1120, "global_step": 84000, "learning_rate": 0.00013895334553305216, "teacher_forcing": 1.0, "predicted_contact_fraction": 0.0, "epoch_seconds": 18.083579919300973, "elapsed_hours": 8.161082436586343, "loss": 7.095120849609375, "loss_alignment": 0.27067192713419597, "loss_coefficient": 3.9543768310546876, "loss_contact": 0.0, "loss_gate": 2.7050284322102867, "loss_reconstruction": 0.1650429153442383}
epoch=1121 step=84050 loss=6.71765
{"epoch": 1121, "global_step": 84075, "learning_rate": 0.00013885676867653505, "teacher_forcing": 1.0, "predicted_contact_fraction": 0.0, "epoch_seconds": 17.832093794830143, "elapsed_hours": 8.166176326632785, "loss": 6.904402669270834, "loss_alignment": 0.2685658137003581, "loss_coefficient": 3.7692699178059894, "loss_contact": 0.0, "loss_gate": 2.7035845438639323, "loss_reconstruction": 0.16298305829366047}
epoch=1122 step=84100 loss=6.53014
epoch=1122 step=84150 loss=6.78104
{"epoch": 1122, "global_step": 84150, "learning_rate": 0.00013876014911395722, "teacher_forcing": 1.0, "predicted_contact_fraction": 0.0, "epoch_seconds": 18.15891646919772, "elapsed_hours": 8.17122189821171, "loss": 6.745504964192708, "loss_alignment": 0.2499577204386393, "loss_coefficient": 3.6392449951171875, "loss_contact": 0.0, "loss_gate": 2.694466857910156, "loss_reconstruction": 0.16183607737223307}
epoch=1123 step=84200 loss=6.28593
{"epoch": 1123, "global_step": 84225, "learning_rate": 0.00013866348695150974, "teacher_forcing": 1.0, "predicted_contact_fraction": 0.0, "epoch_seconds": 18.00743180513382, "elapsed_hours": 8.176225472943107, "loss": 6.695252176920573, "loss_alignment": 0.2562952931722005, "loss_coefficient": 3.584495646158854, "loss_contact": 0.0, "loss_gate": 2.693096720377604, "loss_reconstruction": 0.161364107131958}
epoch=1124 step=84250 loss=6.02896
epoch=1124 step=84300 loss=6.72407
{"epoch": 1124, "global_step": 84300, "learning_rate": 0.00013856678229543035, "teacher_forcing": 1.0, "predicted_contact_fraction": 0.0, "epoch_seconds": 17.888284898828715, "elapsed_hours": 8.181195865086952, "loss": 6.75048583984375, "loss_alignment": 0.23080384572347004, "loss_coefficient": 3.6809422810872396, "loss_contact": 0.0, "loss_gate": 2.6771478780110676, "loss_reconstruction": 0.16159106572469076}
epoch=1125 step=84350 loss=6.64744
{"epoch": 1125, "global_step": 84375, "learning_rate": 0.0001384700352520037, "teacher_forcing": 1.0, "predicted_contact_fraction": 0.0, "epoch_seconds": 17.78846901189536, "elapsed_hours": 8.186138477710257, "loss": 6.875960896809896, "loss_alignment": 0.26616301854451496, "loss_coefficient": 3.7527164713541667, "loss_contact": 0.0, "loss_gate": 2.6939292907714845, "loss_reconstruction": 0.16315252621968587}
epoch=1126 step=84400 loss=6.48424
epoch=1126 step=84450 loss=7.27090
{"epoch": 1126, "global_step": 84450, "learning_rate": 0.00013837324592756096, "teacher_forcing": 1.0, "predicted_contact_fraction": 0.0, "epoch_seconds": 17.524183203931898, "elapsed_hours": 8.191007738501455, "loss": 6.885179443359375, "loss_alignment": 0.25936253865559894, "loss_coefficient": 3.771428527832031, "loss_contact": 0.0, "loss_gate": 2.690510559082031, "loss_reconstruction": 0.16387779553731283}
epoch=1127 step=84500 loss=5.94827
{"epoch": 1127, "global_step": 84525, "learning_rate": 0.00013827641442847974, "teacher_forcing": 1.0, "predicted_contact_fraction": 0.0, "epoch_seconds": 17.378586911130697, "elapsed_hours": 8.19583653663311, "loss": 6.979835205078125, "loss_alignment": 0.2679164886474609, "loss_coefficient": 3.8497586059570312, "loss_contact": 0.0, "loss_gate": 2.6970374043782552, "loss_reconstruction": 0.16512327194213866}
epoch=1128 step=84550 loss=7.59248
epoch=1128 step=84600 loss=6.56026
{"epoch": 1128, "global_step": 84600, "learning_rate": 0.000138179540861184, "teacher_forcing": 1.0, "predicted_contact_fraction": 0.0, "epoch_seconds": 17.9161995658651, "elapsed_hours": 8.200814652495577, "loss": 7.031601359049479, "loss_alignment": 0.2740415382385254, "loss_coefficient": 3.8934642537434896, "loss_contact": 0.0, "loss_gate": 2.698714090983073, "loss_reconstruction": 0.16538179715474446}
epoch=1129 step=84650 loss=6.79925
{"epoch": 1129, "global_step": 84675, "learning_rate": 0.000138082625332144, "teacher_forcing": 1.0, "predicted_contact_fraction": 0.0, "epoch_seconds": 17.932015670929104, "elapsed_hours": 8.205797179720054, "loss": 7.023331095377604, "loss_alignment": 0.2592607307434082, "loss_coefficient": 3.9079738362630208, "loss_contact": 0.0, "loss_gate": 2.6911082458496094, "loss_reconstruction": 0.16498788515726726}
epoch=1130 step=84700 loss=6.38661
epoch=1130 step=84750 loss=6.67380
{"epoch": 1130, "global_step": 84750, "learning_rate": 0.00013798566794787597, "teacher_forcing": 1.0, "predicted_contact_fraction": 0.0, "epoch_seconds": 18.26344001526013, "elapsed_hours": 8.210871780096916, "loss": 6.857999369303386, "loss_alignment": 0.26156532287597656, "loss_coefficient": 3.741754964192708, "loss_contact": 0.0, "loss_gate": 2.6911636352539063, "loss_reconstruction": 0.16351571400960285}
epoch=1131 step=84800 loss=7.20381
{"epoch": 1131, "global_step": 84825, "learning_rate": 0.00013788866881494233, "teacher_forcing": 1.0, "predicted_contact_fraction": 0.0, "epoch_seconds": 17.554719459731132, "elapsed_hours": 8.215890564086925, "loss": 6.965451863606771, "loss_alignment": 0.267164363861084, "loss_coefficient": 3.8424025472005208, "loss_contact": 0.0, "loss_gate": 2.6917736307779947, "loss_reconstruction": 0.16411137580871582}
epoch=1132 step=84850 loss=5.51117
epoch=1132 step=84900 loss=7.33754
{"epoch": 1132, "global_step": 84900, "learning_rate": 0.00013779162803995133, "teacher_forcing": 1.0, "predicted_contact_fraction": 0.0, "epoch_seconds": 17.51428394485265, "elapsed_hours": 8.220757454399719, "loss": 6.8510888671875, "loss_alignment": 0.2624605941772461, "loss_coefficient": 3.7384318033854167, "loss_contact": 0.0, "loss_gate": 2.687319641113281, "loss_reconstruction": 0.1628763993581136}
epoch=1133 step=84950 loss=8.02137
{"epoch": 1133, "global_step": 84975, "learning_rate": 0.00013769454572955684, "teacher_forcing": 1.0, "predicted_contact_fraction": 0.0, "epoch_seconds": 17.883983701001853, "elapsed_hours": 8.225726691662567, "loss": 6.761611531575521, "loss_alignment": 0.25124486923217776, "loss_coefficient": 3.6682830810546876, "loss_contact": 0.0, "loss_gate": 2.680065002441406, "loss_reconstruction": 0.16201813062032064}
epoch=1134 step=85000 loss=7.13988
epoch=1134 step=85050 loss=6.51853
{"epoch": 1134, "global_step": 85050, "learning_rate": 0.00013759742199045863, "teacher_forcing": 1.0, "predicted_contact_fraction": 0.0, "epoch_seconds": 17.89524810994044, "elapsed_hours": 8.23069901718163, "loss": 6.605195922851562, "loss_alignment": 0.24239107131958007, "loss_coefficient": 3.5305103556315105, "loss_contact": 0.0, "loss_gate": 2.67169921875, "loss_reconstruction": 0.16059554100036622}
epoch=1135 step=85100 loss=7.43687
{"epoch": 1135, "global_step": 85125, "learning_rate": 0.00013750025692940173, "teacher_forcing": 1.0, "predicted_contact_fraction": 0.0, "epoch_seconds": 18.02351458929479, "elapsed_hours": 8.235706949220814, "loss": 6.874589233398438, "loss_alignment": 0.2591101137797038, "loss_coefficient": 3.773412780761719, "loss_contact": 0.0, "loss_gate": 2.6787366739908856, "loss_reconstruction": 0.1633304723103841}
epoch=1136 step=85150 loss=6.29356
epoch=1136 step=85200 loss=7.40316
{"epoch": 1136, "global_step": 85200, "learning_rate": 0.00013740305065317686, "teacher_forcing": 1.0, "predicted_contact_fraction": 0.0, "epoch_seconds": 17.701689613983035, "elapsed_hours": 8.240625565758286, "loss": 6.7654296875, "loss_alignment": 0.24319809595743816, "loss_coefficient": 3.6938651529947917, "loss_contact": 0.0, "loss_gate": 2.666006622314453, "loss_reconstruction": 0.16235960642496744}
epoch=1137 step=85250 loss=6.57452
{"epoch": 1137, "global_step": 85275, "learning_rate": 0.00013730580326861978, "teacher_forcing": 1.0, "predicted_contact_fraction": 0.0, "epoch_seconds": 18.02027511410415, "elapsed_hours": 8.2456325900067, "loss": 6.7766549682617185, "loss_alignment": 0.2579692840576172, "loss_coefficient": 3.6831070963541666, "loss_contact": 0.0, "loss_gate": 2.672912801106771, "loss_reconstruction": 0.16266482353210449}
epoch=1138 step=85300 loss=6.18020
epoch=1138 step=85350 loss=7.30479
{"epoch": 1138, "global_step": 85350, "learning_rate": 0.0001372085148826116, "teacher_forcing": 1.0, "predicted_contact_fraction": 0.0, "epoch_seconds": 18.11783029185608, "elapsed_hours": 8.250666727146083, "loss": 6.855656127929688, "loss_alignment": 0.25274415334065753, "loss_coefficient": 3.7649663289388022, "loss_contact": 0.0, "loss_gate": 2.6748553466796876, "loss_reconstruction": 0.16309075673421225}
epoch=1139 step=85400 loss=7.97727
{"epoch": 1139, "global_step": 85425, "learning_rate": 0.00013711118560207845, "teacher_forcing": 1.0, "predicted_contact_fraction": 0.0, "epoch_seconds": 17.712744638323784, "elapsed_hours": 8.255588696834165, "loss": 7.253408203125, "loss_alignment": 0.2752457936604818, "loss_coefficient": 4.11786855061849, "loss_contact": 0.0, "loss_gate": 2.693182576497396, "loss_reconstruction": 0.1671113395690918}
epoch=1140 step=85450 loss=7.53904
epoch=1140 step=85500 loss=5.93544
{"epoch": 1140, "global_step": 85500, "learning_rate": 0.00013701381553399145, "teacher_forcing": 1.0, "predicted_contact_fraction": 0.0, "epoch_seconds": 18.364409239962697, "elapsed_hours": 8.260691344977564, "loss": 6.9381095377604165, "loss_alignment": 0.2654267438252767, "loss_coefficient": 3.8275621541341147, "loss_contact": 0.0, "loss_gate": 2.6820634969075523, "loss_reconstruction": 0.1630574385325114}
epoch=1141 step=85550 loss=7.39669
{"epoch": 1141, "global_step": 85575, "learning_rate": 0.00013691640478536641, "teacher_forcing": 1.0, "predicted_contact_fraction": 0.0, "epoch_seconds": 17.835349997039884, "elapsed_hours": 8.265792583722828, "loss": 7.05853271484375, "loss_alignment": 0.28109275182088217, "loss_coefficient": 3.921835734049479, "loss_contact": 0.0, "loss_gate": 2.6906117757161456, "loss_reconstruction": 0.1649931780497233}
epoch=1142 step=85600 loss=6.09523
epoch=1142 step=85650 loss=6.49782
{"epoch": 1142, "global_step": 85650, "learning_rate": 0.00013681895346326402, "teacher_forcing": 1.0, "predicted_contact_fraction": 0.0, "epoch_seconds": 17.883735809940845, "elapsed_hours": 8.270761695166971, "loss": 6.8035275268554685, "loss_alignment": 0.2609524726867676, "loss_coefficient": 3.703935546875, "loss_contact": 0.0, "loss_gate": 2.6761966959635415, "loss_reconstruction": 0.16244252204895018}
epoch=1143 step=85700 loss=5.89661
{"epoch": 1143, "global_step": 85725, "learning_rate": 0.00013672146167478938, "teacher_forcing": 1.0, "predicted_contact_fraction": 0.0, "epoch_seconds": 17.399659257847816, "elapsed_hours": 8.27559635478667, "loss": 6.695877482096354, "loss_alignment": 0.2545046679178874, "loss_coefficient": 3.6085486857096356, "loss_contact": 0.0, "loss_gate": 2.6719784037272136, "loss_reconstruction": 0.16084614753723145}
epoch=1144 step=85750 loss=7.07555
epoch=1144 step=85800 loss=6.12640
{"epoch": 1144, "global_step": 85800, "learning_rate": 0.00013662392952709228, "teacher_forcing": 1.0, "predicted_contact_fraction": 0.0, "epoch_seconds": 18.059097328223288, "elapsed_hours": 8.280614188635825, "loss": 6.759452921549479, "loss_alignment": 0.23539287567138673, "loss_coefficient": 3.705702921549479, "loss_contact": 0.0, "loss_gate": 2.6557631937662762, "loss_reconstruction": 0.16259325981140138}
epoch=1145 step=85850 loss=8.23021
{"epoch": 1145, "global_step": 85875, "learning_rate": 0.00013652635712736673, "teacher_forcing": 1.0, "predicted_contact_fraction": 0.0, "epoch_seconds": 17.941062494646758, "elapsed_hours": 8.285599271659999, "loss": 7.031038411458334, "loss_alignment": 0.26024866104125977, "loss_coefficient": 3.9355897013346355, "loss_contact": 0.0, "loss_gate": 2.6707239786783856, "loss_reconstruction": 0.1644762674967448}
epoch=1146 step=85900 loss=6.81552
epoch=1146 step=85950 loss=7.03939
{"epoch": 1146, "global_step": 85950, "learning_rate": 0.0001364287445828509, "teacher_forcing": 1.0, "predicted_contact_fraction": 0.0, "epoch_seconds": 18.215524134226143, "elapsed_hours": 8.29066104893896, "loss": 6.883328653971354, "loss_alignment": 0.26697885513305664, "loss_coefficient": 3.7721868896484376, "loss_contact": 0.0, "loss_gate": 2.680882822672526, "loss_reconstruction": 0.16328017234802247}
epoch=1147 step=86000 loss=7.28862
{"epoch": 1147, "global_step": 86025, "learning_rate": 0.00013633109200082735, "teacher_forcing": 1.0, "predicted_contact_fraction": 0.0, "epoch_seconds": 17.885924402158707, "elapsed_hours": 8.295630877097784, "loss": 6.705662027994792, "loss_alignment": 0.24840883255004884, "loss_coefficient": 3.630739949544271, "loss_contact": 0.0, "loss_gate": 2.6639497884114585, "loss_reconstruction": 0.16256307284037272}
epoch=1148 step=86050 loss=6.59626
epoch=1148 step=86100 loss=7.14023
{"epoch": 1148, "global_step": 86100, "learning_rate": 0.00013623339948862234, "teacher_forcing": 1.0, "predicted_contact_fraction": 0.0, "epoch_seconds": 17.855276043061167, "elapsed_hours": 8.300592131823844, "loss": 6.798659261067709, "loss_alignment": 0.2723458607991536, "loss_coefficient": 3.685355021158854, "loss_contact": 0.0, "loss_gate": 2.678086395263672, "loss_reconstruction": 0.1628718852996826}
epoch=1149 step=86150 loss=8.25233
{"epoch": 1149, "global_step": 86175, "learning_rate": 0.00013613566715360621, "teacher_forcing": 1.0, "predicted_contact_fraction": 0.0, "epoch_seconds": 18.4054252570495, "elapsed_hours": 8.305706183802492, "loss": 6.770749816894531, "loss_alignment": 0.24972426096598307, "loss_coefficient": 3.6962430826822916, "loss_contact": 0.0, "loss_gate": 2.6621085103352864, "loss_reconstruction": 0.16267338434855144}
epoch=1150 step=86200 loss=6.35044
epoch=1150 step=86250 loss=6.44018
{"epoch": 1150, "global_step": 86250, "learning_rate": 0.00013603789510319305, "teacher_forcing": 1.0, "predicted_contact_fraction": 0.0, "epoch_seconds": 17.833868885412812, "elapsed_hours": 8.310661453806356, "loss": 6.760611368815105, "loss_alignment": 0.2564138412475586, "loss_coefficient": 3.6719376627604166, "loss_contact": 0.0, "loss_gate": 2.6703094991048175, "loss_reconstruction": 0.16195051829020182}
epoch=1151 step=86300 loss=6.43116
{"epoch": 1151, "global_step": 86325, "learning_rate": 0.00013594008344484056, "teacher_forcing": 1.0, "predicted_contact_fraction": 0.0, "epoch_seconds": 18.18451719218865, "elapsed_hours": 8.31585809396554, "loss": 6.671903076171875, "loss_alignment": 0.2551631037394206, "loss_coefficient": 3.5949693806966145, "loss_contact": 0.0, "loss_gate": 2.660378265380859, "loss_reconstruction": 0.1613920497894287}
epoch=1152 step=86350 loss=7.52675
epoch=1152 step=86400 loss=7.06445
{"epoch": 1152, "global_step": 86400, "learning_rate": 0.00013584223228604986, "teacher_forcing": 1.0, "predicted_contact_fraction": 0.0, "epoch_seconds": 18.348666546866298, "elapsed_hours": 8.320956344462854, "loss": 6.902897338867188, "loss_alignment": 0.26042296091715494, "loss_coefficient": 3.809314982096354, "loss_contact": 0.0, "loss_gate": 2.6692805989583333, "loss_reconstruction": 0.16387861887613933}
epoch=1153 step=86450 loss=7.07974
{"epoch": 1153, "global_step": 86475, "learning_rate": 0.00013574434173436575, "teacher_forcing": 1.0, "predicted_contact_fraction": 0.0, "epoch_seconds": 18.063943988177925, "elapsed_hours": 8.325975512661712, "loss": 6.9283984375, "loss_alignment": 0.25731950759887695, "loss_coefficient": 3.8428309122721354, "loss_contact": 0.0, "loss_gate": 2.6652790323893227, "loss_reconstruction": 0.1629688580830892}
epoch=1154 step=86500 loss=7.18616
epoch=1154 step=86550 loss=6.53095
{"epoch": 1154, "global_step": 86550, "learning_rate": 0.00013564641189737605, "teacher_forcing": 1.0, "predicted_contact_fraction": 0.0, "epoch_seconds": 18.000767638906837, "elapsed_hours": 8.33097714840111, "loss": 6.9932167561848955, "loss_alignment": 0.26517866134643553, "loss_coefficient": 3.8918690999348957, "loss_contact": 0.0, "loss_gate": 2.671983235677083, "loss_reconstruction": 0.16418580691019694}
epoch=1155 step=86600 loss=7.51817
{"epoch": 1155, "global_step": 86625, "learning_rate": 0.00013554844288271201, "teacher_forcing": 1.0, "predicted_contact_fraction": 0.0, "epoch_seconds": 17.813896215055138, "elapsed_hours": 8.335926822746924, "loss": 6.841426391601562, "loss_alignment": 0.275641295115153, "loss_coefficient": 3.729603373209635, "loss_contact": 0.0, "loss_gate": 2.673897908528646, "loss_reconstruction": 0.16228365262349448}
epoch=1156 step=86650 loss=7.58352
epoch=1156 step=86700 loss=7.41861
{"epoch": 1156, "global_step": 86700, "learning_rate": 0.00013545043479804768, "teacher_forcing": 1.0, "predicted_contact_fraction": 0.0, "epoch_seconds": 18.062581185251474, "elapsed_hours": 8.340945595412826, "loss": 6.7213426717122395, "loss_alignment": 0.24632518768310546, "loss_coefficient": 3.6585294596354165, "loss_contact": 0.0, "loss_gate": 2.6556378173828126, "loss_reconstruction": 0.16085017522176107}
epoch=1157 step=86750 loss=5.76139
{"epoch": 1157, "global_step": 86775, "learning_rate": 0.00013535238775110029, "teacher_forcing": 1.0, "predicted_contact_fraction": 0.0, "epoch_seconds": 17.771409835666418, "elapsed_hours": 8.345883475785506, "loss": 6.5732044474283855, "loss_alignment": 0.24065621693929037, "loss_coefficient": 3.5269739786783854, "loss_contact": 0.0, "loss_gate": 2.645688730875651, "loss_reconstruction": 0.15988558769226074}
epoch=1158 step=86800 loss=6.61461
epoch=1158 step=86850 loss=6.63587
{"epoch": 1158, "global_step": 86850, "learning_rate": 0.00013525430184962967, "teacher_forcing": 1.0, "predicted_contact_fraction": 0.0, "epoch_seconds": 18.121614689938724, "elapsed_hours": 8.350918754518887, "loss": 6.7235747273763025, "loss_alignment": 0.2618427848815918, "loss_coefficient": 3.6413787841796874, "loss_contact": 0.0, "loss_gate": 2.658905131022135, "loss_reconstruction": 0.16144903500874838}
epoch=1159 step=86900 loss=6.81559
{"epoch": 1159, "global_step": 86925, "learning_rate": 0.00013515617720143857, "teacher_forcing": 1.0, "predicted_contact_fraction": 0.0, "epoch_seconds": 18.004575876984745, "elapsed_hours": 8.355921426312221, "loss": 6.858040364583333, "loss_alignment": 0.25858006795247396, "loss_coefficient": 3.774503377278646, "loss_contact": 0.0, "loss_gate": 2.6618424479166665, "loss_reconstruction": 0.1631149482727051}
epoch=1160 step=86950 loss=7.98902
epoch=1160 step=87000 loss=7.17946
{"epoch": 1160, "global_step": 87000, "learning_rate": 0.00013505801391437214, "teacher_forcing": 1.0, "predicted_contact_fraction": 0.0, "epoch_seconds": 17.853409415110946, "elapsed_hours": 8.360882225798365, "loss": 6.958419596354167, "loss_alignment": 0.25919469197591144, "loss_coefficient": 3.878056844075521, "loss_contact": 0.0, "loss_gate": 2.6570426432291665, "loss_reconstruction": 0.16412537892659504}
epoch=1161 step=87050 loss=6.12611
{"epoch": 1161, "global_step": 87075, "learning_rate": 0.00013495981209631815, "teacher_forcing": 1.0, "predicted_contact_fraction": 0.0, "epoch_seconds": 17.8119498337619, "elapsed_hours": 8.365971659197756, "loss": 6.827204895019531, "loss_alignment": 0.2659352874755859, "loss_coefficient": 3.736688537597656, "loss_contact": 0.0, "loss_gate": 2.662502899169922, "loss_reconstruction": 0.1620791212717692}
epoch=1162 step=87100 loss=6.19833
epoch=1162 step=87150 loss=7.43605
{"epoch": 1162, "global_step": 87150, "learning_rate": 0.0001348615718552066, "teacher_forcing": 1.0, "predicted_contact_fraction": 0.0, "epoch_seconds": 17.69600238883868, "elapsed_hours": 8.37088863317803, "loss": 6.892356363932292, "loss_alignment": 0.264919064839681, "loss_coefficient": 3.7995791625976563, "loss_contact": 0.0, "loss_gate": 2.6645186869303386, "loss_reconstruction": 0.16333994547526043}
epoch=1163 step=87200 loss=7.11607
{"epoch": 1163, "global_step": 87225, "learning_rate": 0.00013476329329900976, "teacher_forcing": 1.0, "predicted_contact_fraction": 0.0, "epoch_seconds": 18.114804403390735, "elapsed_hours": 8.375921945560904, "loss": 7.032339680989583, "loss_alignment": 0.2732498296101888, "loss_coefficient": 3.9223243204752603, "loss_contact": 0.0, "loss_gate": 2.6718541971842447, "loss_reconstruction": 0.16491174379984538}
epoch=1164 step=87250 loss=6.14177
epoch=1164 step=87300 loss=6.17453
{"epoch": 1164, "global_step": 87300, "learning_rate": 0.00013466497653574205, "teacher_forcing": 1.0, "predicted_contact_fraction": 0.0, "epoch_seconds": 17.84472008375451, "elapsed_hours": 8.38088020694442, "loss": 6.795509745279948, "loss_alignment": 0.2555383936564128, "loss_coefficient": 3.717640889485677, "loss_contact": 0.0, "loss_gate": 2.6603944396972654, "loss_reconstruction": 0.16193644841512045}
epoch=1165 step=87350 loss=7.58264
{"epoch": 1165, "global_step": 87375, "learning_rate": 0.0001345666216734598, "teacher_forcing": 1.0, "predicted_contact_fraction": 0.0, "epoch_seconds": 17.680434138979763, "elapsed_hours": 8.385792876029672, "loss": 6.827746887207031, "loss_alignment": 0.26270363489786785, "loss_coefficient": 3.742007039388021, "loss_contact": 0.0, "loss_gate": 2.660165506998698, "loss_reconstruction": 0.16287057558695475}
epoch=1166 step=87400 loss=6.94373
epoch=1166 step=87450 loss=6.44704
{"epoch": 1166, "global_step": 87450, "learning_rate": 0.00013446822882026132, "teacher_forcing": 1.0, "predicted_contact_fraction": 0.0, "epoch_seconds": 17.84939829260111, "elapsed_hours": 8.390752503627574, "loss": 7.045356648763021, "loss_alignment": 0.2697860145568848, "loss_coefficient": 3.944496866861979, "loss_contact": 0.0, "loss_gate": 2.666246083577474, "loss_reconstruction": 0.16482787450154623}
epoch=1167 step=87500 loss=6.20199
{"epoch": 1167, "global_step": 87525, "learning_rate": 0.00013436979808428655, "teacher_forcing": 1.0, "predicted_contact_fraction": 0.0, "epoch_seconds": 17.630134062375873, "elapsed_hours": 8.395651679051937, "loss": 6.764041951497396, "loss_alignment": 0.2566071383158366, "loss_coefficient": 3.690421346028646, "loss_contact": 0.0, "loss_gate": 2.6547170003255207, "loss_reconstruction": 0.1622968864440918}
epoch=1168 step=87550 loss=5.76718
epoch=1168 step=87600 loss=6.62224
{"epoch": 1168, "global_step": 87600, "learning_rate": 0.0001342713295737172, "teacher_forcing": 1.0, "predicted_contact_fraction": 0.0, "epoch_seconds": 17.93524414068088, "elapsed_hours": 8.400635100413606, "loss": 6.730532633463541, "loss_alignment": 0.24400190989176432, "loss_coefficient": 3.679727071126302, "loss_contact": 0.0, "loss_gate": 2.644985555013021, "loss_reconstruction": 0.1618178685506185}
epoch=1169 step=87650 loss=7.01334
{"epoch": 1169, "global_step": 87675, "learning_rate": 0.00013417282339677638, "teacher_forcing": 1.0, "predicted_contact_fraction": 0.0, "epoch_seconds": 17.834847703110427, "elapsed_hours": 8.40559063185058, "loss": 6.698054606119792, "loss_alignment": 0.24044313430786132, "loss_coefficient": 3.6518372599283855, "loss_contact": 0.0, "loss_gate": 2.645010528564453, "loss_reconstruction": 0.16076392491658528}
epoch=1170 step=87700 loss=5.83426
epoch=1170 step=87750 loss=7.65630
{"epoch": 1170, "global_step": 87750, "learning_rate": 0.00013407427966172865, "teacher_forcing": 1.0, "predicted_contact_fraction": 0.0, "epoch_seconds": 17.56524199107662, "elapsed_hours": 8.410471236528311, "loss": 6.667940063476562, "loss_alignment": 0.24448856353759765, "loss_coefficient": 3.6205316162109376, "loss_contact": 0.0, "loss_gate": 2.641765340169271, "loss_reconstruction": 0.16115489323933918}
epoch=1171 step=87800 loss=6.26255
{"epoch": 1171, "global_step": 87825, "learning_rate": 0.00013397569847687984, "teacher_forcing": 1.0, "predicted_contact_fraction": 0.0, "epoch_seconds": 17.742709166835994, "elapsed_hours": 8.415543749309403, "loss": 6.710415547688802, "loss_alignment": 0.24473724365234376, "loss_coefficient": 3.664422098795573, "loss_contact": 0.0, "loss_gate": 2.6403815205891927, "loss_reconstruction": 0.16087472915649415}
epoch=1172 step=87850 loss=6.82106
epoch=1172 step=87900 loss=7.59640
{"epoch": 1172, "global_step": 87900, "learning_rate": 0.00013387707995057697, "teacher_forcing": 1.0, "predicted_contact_fraction": 0.0, "epoch_seconds": 18.269004909787327, "elapsed_hours": 8.42061987357421, "loss": 6.760591227213542, "loss_alignment": 0.26462175369262697, "loss_coefficient": 3.683216044108073, "loss_contact": 0.0, "loss_gate": 2.6515875244140625, "loss_reconstruction": 0.16116554578145345}
epoch=1173 step=87950 loss=6.52914
{"epoch": 1173, "global_step": 87975, "learning_rate": 0.00013377842419120807, "teacher_forcing": 1.0, "predicted_contact_fraction": 0.0, "epoch_seconds": 17.56889302097261, "elapsed_hours": 8.425501590031976, "loss": 6.788326314290365, "loss_alignment": 0.2541038958231608, "loss_coefficient": 3.7230877685546875, "loss_contact": 0.0, "loss_gate": 2.648223164876302, "loss_reconstruction": 0.16291160265604654}
epoch=1174 step=88000 loss=5.71986
epoch=1174 step=88050 loss=7.72261
{"epoch": 1174, "global_step": 88050, "learning_rate": 0.00013367973130720207, "teacher_forcing": 1.0, "predicted_contact_fraction": 0.0, "epoch_seconds": 17.580169910099357, "elapsed_hours": 8.430386343426976, "loss": 6.793306172688802, "loss_alignment": 0.2634218152364095, "loss_coefficient": 3.7164766438802084, "loss_contact": 0.0, "loss_gate": 2.6513221740722654, "loss_reconstruction": 0.16208566029866536}
epoch=1175 step=88100 loss=6.82251
{"epoch": 1175, "global_step": 88125, "learning_rate": 0.00013358100140702876, "teacher_forcing": 1.0, "predicted_contact_fraction": 0.0, "epoch_seconds": 17.754819049034268, "elapsed_hours": 8.435319722269972, "loss": 6.84925537109375, "loss_alignment": 0.2597288068135579, "loss_coefficient": 3.777673136393229, "loss_contact": 0.0, "loss_gate": 2.649482676188151, "loss_reconstruction": 0.16237035433451336}
epoch=1176 step=88150 loss=7.57436
epoch=1176 step=88200 loss=5.88760
{"epoch": 1176, "global_step": 88200, "learning_rate": 0.00013348223459919853, "teacher_forcing": 1.0, "predicted_contact_fraction": 0.0, "epoch_seconds": 17.944780971854925, "elapsed_hours": 8.440305771684766, "loss": 6.807663675944011, "loss_alignment": 0.276335932413737, "loss_coefficient": 3.716308797200521, "loss_contact": 0.0, "loss_gate": 2.6531303914388022, "loss_reconstruction": 0.16188902537027994}
epoch=1177 step=88250 loss=6.57332
{"epoch": 1177, "global_step": 88275, "learning_rate": 0.00013338343099226243, "teacher_forcing": 1.0, "predicted_contact_fraction": 0.0, "epoch_seconds": 17.829479629173875, "elapsed_hours": 8.445259798810584, "loss": 6.707010294596354, "loss_alignment": 0.24918548583984376, "loss_coefficient": 3.658577473958333, "loss_contact": 0.0, "loss_gate": 2.6381794230143227, "loss_reconstruction": 0.161068328221639}
epoch=1178 step=88300 loss=6.86542
epoch=1178 step=88350 loss=6.73759
{"epoch": 1178, "global_step": 88350, "learning_rate": 0.0001332845906948119, "teacher_forcing": 1.0, "predicted_contact_fraction": 0.0, "epoch_seconds": 17.986289991997182, "elapsed_hours": 8.450257409963395, "loss": 6.8083627319335935, "loss_alignment": 0.2579055913289388, "loss_coefficient": 3.742051289876302, "loss_contact": 0.0, "loss_gate": 2.645904591878255, "loss_reconstruction": 0.162501589457194}
epoch=1179 step=88400 loss=6.99694
{"epoch": 1179, "global_step": 88425, "learning_rate": 0.0001331857138154787, "teacher_forcing": 1.0, "predicted_contact_fraction": 0.0, "epoch_seconds": 17.987321480177343, "elapsed_hours": 8.455255394752214, "loss": 6.750130310058593, "loss_alignment": 0.26026146570841474, "loss_coefficient": 3.6827157592773436, "loss_contact": 0.0, "loss_gate": 2.6459591166178384, "loss_reconstruction": 0.16119390805562336}
epoch=1180 step=88450 loss=5.40896
epoch=1180 step=88500 loss=6.08151
{"epoch": 1180, "global_step": 88500, "learning_rate": 0.00013308680046293487, "teacher_forcing": 1.0, "predicted_contact_fraction": 0.0, "epoch_seconds": 18.247325097210705, "elapsed_hours": 8.460325593152213, "loss": 6.687987060546875, "loss_alignment": 0.245040709177653, "loss_coefficient": 3.644107666015625, "loss_contact": 0.0, "loss_gate": 2.637542724609375, "loss_reconstruction": 0.16129525502522787}
epoch=1181 step=88550 loss=6.30702
{"epoch": 1181, "global_step": 88575, "learning_rate": 0.0001329878507458924, "teacher_forcing": 1.0, "predicted_contact_fraction": 0.0, "epoch_seconds": 17.771033162716776, "elapsed_hours": 8.465405781984769, "loss": 6.767826741536458, "loss_alignment": 0.2581078847249349, "loss_coefficient": 3.702902628580729, "loss_contact": 0.0, "loss_gate": 2.645239766438802, "loss_reconstruction": 0.16157671292622885}
epoch=1182 step=88600 loss=7.10397
epoch=1182 step=88650 loss=7.55628
{"epoch": 1182, "global_step": 88650, "learning_rate": 0.00013288886477310334, "teacher_forcing": 1.0, "predicted_contact_fraction": 0.0, "epoch_seconds": 18.01298784883693, "elapsed_hours": 8.470410834396155, "loss": 6.692659403483073, "loss_alignment": 0.2519043731689453, "loss_coefficient": 3.640530802408854, "loss_contact": 0.0, "loss_gate": 2.6390554809570315, "loss_reconstruction": 0.16116904258728026}
epoch=1183 step=88700 loss=8.10935
{"epoch": 1183, "global_step": 88725, "learning_rate": 0.0001327898426533596, "teacher_forcing": 1.0, "predicted_contact_fraction": 0.0, "epoch_seconds": 17.99278732109815, "elapsed_hours": 8.475410194015002, "loss": 6.764424641927083, "loss_alignment": 0.26203877131144204, "loss_coefficient": 3.7020133463541667, "loss_contact": 0.0, "loss_gate": 2.6387369791666666, "loss_reconstruction": 0.1616359837849935}
epoch=1184 step=88750 loss=6.57656
epoch=1184 step=88800 loss=5.96775
{"epoch": 1184, "global_step": 88800, "learning_rate": 0.00013269078449549277, "teacher_forcing": 1.0, "predicted_contact_fraction": 0.0, "epoch_seconds": 18.27580479113385, "elapsed_hours": 8.480488275729973, "loss": 6.67327891031901, "loss_alignment": 0.2557053693135579, "loss_coefficient": 3.615228678385417, "loss_contact": 0.0, "loss_gate": 2.6417585754394532, "loss_reconstruction": 0.16058644930521648}
epoch=1185 step=88850 loss=6.97691
{"epoch": 1185, "global_step": 88875, "learning_rate": 0.0001325916904083741, "teacher_forcing": 1.0, "predicted_contact_fraction": 0.0, "epoch_seconds": 18.696739559993148, "elapsed_hours": 8.485683193081188, "loss": 6.593487548828125, "loss_alignment": 0.23688835779825845, "loss_coefficient": 3.570698547363281, "loss_contact": 0.0, "loss_gate": 2.62598876953125, "loss_reconstruction": 0.159911584854126}
epoch=1186 step=88900 loss=6.87864
epoch=1186 step=88950 loss=6.06142
{"epoch": 1186, "global_step": 88950, "learning_rate": 0.00013249256050091424, "teacher_forcing": 1.0, "predicted_contact_fraction": 0.0, "epoch_seconds": 18.464870837982744, "elapsed_hours": 8.490813750033654, "loss": 6.7106930541992185, "loss_alignment": 0.2507927449544271, "loss_coefficient": 3.6642835489908854, "loss_contact": 0.0, "loss_gate": 2.6343695576985677, "loss_reconstruction": 0.1612471644083659}
epoch=1187 step=89000 loss=5.60470
{"epoch": 1187, "global_step": 89025, "learning_rate": 0.0001323933948820633, "teacher_forcing": 1.0, "predicted_contact_fraction": 0.0, "epoch_seconds": 17.635887494776398, "elapsed_hours": 8.495714049671077, "loss": 6.624446004231771, "loss_alignment": 0.24184633255004884, "loss_coefficient": 3.5941238403320312, "loss_contact": 0.0, "loss_gate": 2.6285965983072916, "loss_reconstruction": 0.1598797639211019}
epoch=1188 step=89050 loss=6.50512
epoch=1188 step=89100 loss=6.73241
{"epoch": 1188, "global_step": 89100, "learning_rate": 0.00013229419366081062, "teacher_forcing": 1.0, "predicted_contact_fraction": 0.0, "epoch_seconds": 18.189960598014295, "elapsed_hours": 8.500768227817284, "loss": 6.7950838216145835, "loss_alignment": 0.25074068069458005, "loss_coefficient": 3.750070088704427, "loss_contact": 0.0, "loss_gate": 2.632186533610026, "loss_reconstruction": 0.1620862611134847}
epoch=1189 step=89150 loss=6.18661
{"epoch": 1189, "global_step": 89175, "learning_rate": 0.00013219495694618457, "teacher_forcing": 1.0, "predicted_contact_fraction": 0.0, "epoch_seconds": 17.9614803083241, "elapsed_hours": 8.505758984576678, "loss": 6.589490051269531, "loss_alignment": 0.23679470062255858, "loss_coefficient": 3.5745709228515623, "loss_contact": 0.0, "loss_gate": 2.6182840474446616, "loss_reconstruction": 0.15984071095784505}
epoch=1190 step=89200 loss=5.56500
epoch=1190 step=89250 loss=6.67373
{"epoch": 1190, "global_step": 89250, "learning_rate": 0.00013209568484725273, "teacher_forcing": 1.0, "predicted_contact_fraction": 0.0, "epoch_seconds": 17.80590076185763, "elapsed_hours": 8.510706493053068, "loss": 6.621300557454427, "loss_alignment": 0.2564227485656738, "loss_coefficient": 3.575060017903646, "loss_contact": 0.0, "loss_gate": 2.62957768758138, "loss_reconstruction": 0.16024033864339193}
epoch=1191 step=89300 loss=7.19403
{"epoch": 1191, "global_step": 89325, "learning_rate": 0.0001319963774731214, "teacher_forcing": 1.0, "predicted_contact_fraction": 0.0, "epoch_seconds": 17.870392620097846, "elapsed_hours": 8.515811085722461, "loss": 6.900679117838542, "loss_alignment": 0.270317325592041, "loss_coefficient": 3.827890625, "loss_contact": 0.0, "loss_gate": 2.6391422526041666, "loss_reconstruction": 0.16332854588826498}
epoch=1192 step=89350 loss=6.75888
epoch=1192 step=89400 loss=6.50098
{"epoch": 1192, "global_step": 89400, "learning_rate": 0.00013189703493293568, "teacher_forcing": 1.0, "predicted_contact_fraction": 0.0, "epoch_seconds": 17.863829866982996, "elapsed_hours": 8.520774661278377, "loss": 6.960127970377604, "loss_alignment": 0.2818239466349284, "loss_coefficient": 3.8646234130859374, "loss_contact": 0.0, "loss_gate": 2.6502904256184894, "loss_reconstruction": 0.1633910878499349}
epoch=1193 step=89450 loss=6.12710
{"epoch": 1193, "global_step": 89475, "learning_rate": 0.00013179765733587934, "teacher_forcing": 1.0, "predicted_contact_fraction": 0.0, "epoch_seconds": 18.10810674028471, "elapsed_hours": 8.525806087005314, "loss": 6.928276570638021, "loss_alignment": 0.2686555035909017, "loss_coefficient": 3.848641052246094, "loss_contact": 0.0, "loss_gate": 2.6477487182617185, "loss_reconstruction": 0.16322992324829103}
epoch=1194 step=89500 loss=6.80905
epoch=1194 step=89550 loss=6.51827
{"epoch": 1194, "global_step": 89550, "learning_rate": 0.00013169824479117472, "teacher_forcing": 1.0, "predicted_contact_fraction": 0.0, "epoch_seconds": 18.134861356113106, "elapsed_hours": 8.530845174073086, "loss": 6.815486043294271, "loss_alignment": 0.26149993896484375, "loss_coefficient": 3.7505555216471356, "loss_contact": 0.0, "loss_gate": 2.64179443359375, "loss_reconstruction": 0.16163587252298992}
epoch=1195 step=89600 loss=6.77270
{"epoch": 1195, "global_step": 89625, "learning_rate": 0.00013159879740808249, "teacher_forcing": 1.0, "predicted_contact_fraction": 0.0, "epoch_seconds": 17.764550507068634, "elapsed_hours": 8.535781258254751, "loss": 6.6838590494791665, "loss_alignment": 0.2433772087097168, "loss_coefficient": 3.6523727416992187, "loss_contact": 0.0, "loss_gate": 2.627364044189453, "loss_reconstruction": 0.16074477195739745}
epoch=1196 step=89650 loss=6.09866
epoch=1196 step=89700 loss=6.52364
{"epoch": 1196, "global_step": 89700, "learning_rate": 0.0001314993152959017, "teacher_forcing": 1.0, "predicted_contact_fraction": 0.0, "epoch_seconds": 17.76051631802693, "elapsed_hours": 8.540716130463018, "loss": 6.751531880696614, "loss_alignment": 0.2463899040222168, "loss_coefficient": 3.716855061848958, "loss_contact": 0.0, "loss_gate": 2.626761983235677, "loss_reconstruction": 0.1615242830912272}
epoch=1197 step=89750 loss=7.29434
{"epoch": 1197, "global_step": 89775, "learning_rate": 0.0001313997985639695, "teacher_forcing": 1.0, "predicted_contact_fraction": 0.0, "epoch_seconds": 17.815235246904194, "elapsed_hours": 8.545666271153086, "loss": 6.693524678548177, "loss_alignment": 0.2549595705668132, "loss_coefficient": 3.652383015950521, "loss_contact": 0.0, "loss_gate": 2.6254335021972657, "loss_reconstruction": 0.160748233795166}
epoch=1198 step=89800 loss=6.31171
epoch=1198 step=89850 loss=6.80259
{"epoch": 1198, "global_step": 89850, "learning_rate": 0.00013130024732166106, "teacher_forcing": 1.0, "predicted_contact_fraction": 0.0, "epoch_seconds": 17.870106833986938, "elapsed_hours": 8.550631573075274, "loss": 6.708285013834636, "loss_alignment": 0.2686937650044759, "loss_coefficient": 3.6460116577148436, "loss_contact": 0.0, "loss_gate": 2.6330196634928384, "loss_reconstruction": 0.1605600611368815}
epoch=1199 step=89900 loss=5.94575
{"epoch": 1199, "global_step": 89925, "learning_rate": 0.0001312006616783896, "teacher_forcing": 1.0, "predicted_contact_fraction": 0.0, "epoch_seconds": 18.047543201129884, "elapsed_hours": 8.555646128968284, "loss": 6.736331481933593, "loss_alignment": 0.24750750223795573, "loss_coefficient": 3.700344441731771, "loss_contact": 0.0, "loss_gate": 2.626553904215495, "loss_reconstruction": 0.1619253635406494}
epoch=1200 step=89950 loss=6.90356
epoch=1200 step=90000 loss=7.08536
{"epoch": 1200, "global_step": 90000, "learning_rate": 0.000131101041743606, "teacher_forcing": 1.0, "predicted_contact_fraction": 0.0, "epoch_seconds": 17.9414522331208, "elapsed_hours": 8.56063123405303, "loss": 6.777713419596354, "loss_alignment": 0.25311412175496417, "loss_coefficient": 3.735198465983073, "loss_contact": 0.0, "loss_gate": 2.6273268127441405, "loss_reconstruction": 0.16207383473714193}
[2026-09-22 08:39:02.285] [svulkan2] [warning] A second renderer will share the same internal context with the first one. Arguments passed to constructor will be ignored.
[LaptopEnv] change_instance_when_reset=True
[2026-09-22 08:39:02.289] [svulkan2] [warning] A second renderer will share the same internal context with the first one. Arguments passed to constructor will be ignored.
[BucketEnv] change_instance_when_reset=True
[2026-09-22 08:39:02.404] [svulkan2] [warning] A second renderer will share the same internal context with the first one. Arguments passed to constructor will be ignored.
[FaucetEnv] change_instance_when_reset=True
[2026-09-22 08:39:02.780] [svulkan2] [warning] A second renderer will share the same internal context with the first one. Arguments passed to constructor will be ignored.
[ToiletEnv] change_instance_when_reset=True
[2026-09-22 08:42:00.804] [svulkan2] [warning] A second renderer will share the same internal context with the first one. Arguments passed to constructor will be ignored.
[ToiletEnv] change_instance_when_reset=True
[2026-09-22 08:42:17.010] [svulkan2] [warning] A second renderer will share the same internal context with the first one. Arguments passed to constructor will be ignored.
[FaucetEnv] change_instance_when_reset=True
[2026-09-22 08:42:33.583] [svulkan2] [warning] A second renderer will share the same internal context with the first one. Arguments passed to constructor will be ignored.
[LaptopEnv] change_instance_when_reset=True
[2026-09-22 08:44:38.569] [svulkan2] [warning] A second renderer will share the same internal context with the first one. Arguments passed to constructor will be ignored.
[ToiletEnv] change_instance_when_reset=True
[2026-09-22 08:45:30.869] [svulkan2] [warning] A second renderer will share the same internal context with the first one. Arguments passed to constructor will be ignored.
[BucketEnv] change_instance_when_reset=True
[2026-09-22 08:45:31.082] [svulkan2] [warning] A second renderer will share the same internal context with the first one. Arguments passed to constructor will be ignored.
[FaucetEnv] change_instance_when_reset=True
[2026-09-22 08:46:09.970] [svulkan2] [warning] A second renderer will share the same internal context with the first one. Arguments passed to constructor will be ignored.
[LaptopEnv] change_instance_when_reset=True
[2026-09-22 08:46:53.153] [SAPIEN] [error] Failed to load visual mesh: /data/users/zhouyike/dexCG/third_party/dexart/assets/sapien/10090/textured_objs/new-1.obj
[2026-09-22 08:47:15.905] [svulkan2] [warning] A second renderer will share the same internal context with the first one. Arguments passed to constructor will be ignored.
[ToiletEnv] change_instance_when_reset=True
[2026-09-22 08:48:32.448] [SAPIEN] [error] Failed to load visual mesh: /data/users/zhouyike/dexCG/third_party/dexart/assets/sapien/10090/textured_objs/new-1.obj
[2026-09-22 08:49:03.549] [svulkan2] [warning] A second renderer will share the same internal context with the first one. Arguments passed to constructor will be ignored.
[FaucetEnv] change_instance_when_reset=True
[2026-09-22 08:49:22.197] [svulkan2] [warning] A second renderer will share the same internal context with the first one. Arguments passed to constructor will be ignored.
[LaptopEnv] change_instance_when_reset=True
[2026-09-22 08:49:22.204] [SAPIEN] [error] Failed to load visual mesh: /data/users/zhouyike/dexCG/third_party/dexart/assets/sapien/10090/textured_objs/new-1.obj
[2026-09-22 08:50:02.533] [svulkan2] [warning] A second renderer will share the same internal context with the first one. Arguments passed to constructor will be ignored.
[ToiletEnv] change_instance_when_reset=True
[2026-09-22 08:52:14.640] [svulkan2] [warning] A second renderer will share the same internal context with the first one. Arguments passed to constructor will be ignored.
[BucketEnv] change_instance_when_reset=True
[2026-09-22 08:52:29.407] [SAPIEN] [error] Failed to load visual mesh: /data/users/zhouyike/dexCG/third_party/dexart/assets/sapien/10090/textured_objs/new-1.obj
[2026-09-22 08:52:35.668] [svulkan2] [warning] A second renderer will share the same internal context with the first one. Arguments passed to constructor will be ignored.
[FaucetEnv] change_instance_when_reset=True
[2026-09-22 08:52:58.723] [svulkan2] [warning] A second renderer will share the same internal context with the first one. Arguments passed to constructor will be ignored.
[LaptopEnv] change_instance_when_reset=True
[2026-09-22 08:54:47.257] [SAPIEN] [error] Failed to load visual mesh: /data/users/zhouyike/dexCG/third_party/dexart/assets/sapien/10090/textured_objs/new-1.obj
[2026-09-22 08:55:21.826] [SAPIEN] [error] Failed to load visual mesh: /data/users/zhouyike/dexCG/third_party/dexart/assets/sapien/10090/textured_objs/new-1.obj
[2026-09-22 08:58:53.751] [svulkan2] [warning] A second renderer will share the same internal context with the first one. Arguments passed to constructor will be ignored.
[BucketEnv] change_instance_when_reset=True
[2026-09-22 09:05:11.340] [svulkan2] [warning] A second renderer will share the same internal context with the first one. Arguments passed to constructor will be ignored.
[BucketEnv] change_instance_when_reset=True
[2026-09-22 09:11:43.480] [svulkan2] [warning] A second renderer will share the same internal context with the first one. Arguments passed to constructor will be ignored.
[ToiletEnv] change_instance_when_reset=True
[2026-09-22 09:11:43.784] [svulkan2] [warning] A second renderer will share the same internal context with the first one. Arguments passed to constructor will be ignored.
[BucketEnv] change_instance_when_reset=True
[2026-09-22 09:11:43.916] [svulkan2] [warning] A second renderer will share the same internal context with the first one. Arguments passed to constructor will be ignored.
[LaptopEnv] change_instance_when_reset=True
[2026-09-22 09:11:45.778] [svulkan2] [warning] A second renderer will share the same internal context with the first one. Arguments passed to constructor will be ignored.
[FaucetEnv] change_instance_when_reset=True
[2026-09-22 09:14:53.000] [svulkan2] [warning] A second renderer will share the same internal context with the first one. Arguments passed to constructor will be ignored.
[ToiletEnv] change_instance_when_reset=True
[2026-09-22 09:15:13.427] [svulkan2] [warning] A second renderer will share the same internal context with the first one. Arguments passed to constructor will be ignored.
[FaucetEnv] change_instance_when_reset=True
[2026-09-22 09:15:24.732] [svulkan2] [warning] A second renderer will share the same internal context with the first one. Arguments passed to constructor will be ignored.
[LaptopEnv] change_instance_when_reset=True
[2026-09-22 09:17:43.795] [svulkan2] [warning] A second renderer will share the same internal context with the first one. Arguments passed to constructor will be ignored.
[ToiletEnv] change_instance_when_reset=True
[2026-09-22 09:18:44.657] [svulkan2] [warning] A second renderer will share the same internal context with the first one. Arguments passed to constructor will be ignored.
[FaucetEnv] change_instance_when_reset=True
[2026-09-22 09:18:47.881] [svulkan2] [warning] A second renderer will share the same internal context with the first one. Arguments passed to constructor will be ignored.
[BucketEnv] change_instance_when_reset=True
[2026-09-22 09:19:28.967] [svulkan2] [warning] A second renderer will share the same internal context with the first one. Arguments passed to constructor will be ignored.
[LaptopEnv] change_instance_when_reset=True
[2026-09-22 09:20:13.305] [SAPIEN] [error] Failed to load visual mesh: /data/users/zhouyike/dexCG/third_party/dexart/assets/sapien/10090/textured_objs/new-1.obj
[2026-09-22 09:20:20.378] [svulkan2] [warning] A second renderer will share the same internal context with the first one. Arguments passed to constructor will be ignored.
[ToiletEnv] change_instance_when_reset=True
[2026-09-22 09:21:38.218] [SAPIEN] [error] Failed to load visual mesh: /data/users/zhouyike/dexCG/third_party/dexart/assets/sapien/10090/textured_objs/new-1.obj
[2026-09-22 09:22:22.029] [svulkan2] [warning] A second renderer will share the same internal context with the first one. Arguments passed to constructor will be ignored.
[FaucetEnv] change_instance_when_reset=True
[2026-09-22 09:22:31.933] [svulkan2] [warning] A second renderer will share the same internal context with the first one. Arguments passed to constructor will be ignored.
[LaptopEnv] change_instance_when_reset=True
[2026-09-22 09:22:31.936] [SAPIEN] [error] Failed to load visual mesh: /data/users/zhouyike/dexCG/third_party/dexart/assets/sapien/10090/textured_objs/new-1.obj
[2026-09-22 09:23:02.580] [svulkan2] [warning] A second renderer will share the same internal context with the first one. Arguments passed to constructor will be ignored.
[ToiletEnv] change_instance_when_reset=True
[2026-09-22 09:25:20.878] [SAPIEN] [error] Failed to load visual mesh: /data/users/zhouyike/dexCG/third_party/dexart/assets/sapien/10090/textured_objs/new-1.obj
[2026-09-22 09:25:39.641] [svulkan2] [warning] A second renderer will share the same internal context with the first one. Arguments passed to constructor will be ignored.
[FaucetEnv] change_instance_when_reset=True
[2026-09-22 09:25:50.348] [svulkan2] [warning] A second renderer will share the same internal context with the first one. Arguments passed to constructor will be ignored.
[LaptopEnv] change_instance_when_reset=True
[2026-09-22 09:26:01.853] [svulkan2] [warning] A second renderer will share the same internal context with the first one. Arguments passed to constructor will be ignored.
[BucketEnv] change_instance_when_reset=True
[2026-09-22 09:27:53.732] [SAPIEN] [error] Failed to load visual mesh: /data/users/zhouyike/dexCG/third_party/dexart/assets/sapien/10090/textured_objs/new-1.obj
[2026-09-22 09:28:30.469] [SAPIEN] [error] Failed to load visual mesh: /data/users/zhouyike/dexCG/third_party/dexart/assets/sapien/10090/textured_objs/new-1.obj
[2026-09-22 09:32:48.000] [svulkan2] [warning] A second renderer will share the same internal context with the first one. Arguments passed to constructor will be ignored.
[BucketEnv] change_instance_when_reset=True
[2026-09-22 09:39:40.611] [svulkan2] [warning] A second renderer will share the same internal context with the first one. Arguments passed to constructor will be ignored.
[BucketEnv] change_instance_when_reset=True
epoch=1201 step=90050 loss=7.55196
{"epoch": 1201, "global_step": 90075, "learning_rate": 0.000131001387626799, "teacher_forcing": 1.0, "predicted_contact_fraction": 0.0, "epoch_seconds": 18.08144292421639, "elapsed_hours": 9.699288241050025, "loss": 6.869615580240885, "loss_alignment": 0.26111467361450197, "loss_coefficient": 3.8123077392578124, "loss_contact": 0.0, "loss_gate": 2.6323199971516926, "loss_reconstruction": 0.16387357393900553}
epoch=1202 step=90100 loss=7.57230
epoch=1202 step=90150 loss=7.62543
{"epoch": 1202, "global_step": 90150, "learning_rate": 0.00013090169943749476, "teacher_forcing": 1.0, "predicted_contact_fraction": 0.0, "epoch_seconds": 18.19574952311814, "elapsed_hours": 9.704344119531129, "loss": 6.7205823771158855, "loss_alignment": 0.25020543416341146, "loss_coefficient": 3.6865909830729167, "loss_contact": 0.0, "loss_gate": 2.6221004231770833, "loss_reconstruction": 0.1616861915588379}
epoch=1203 step=90200 loss=6.60646
{"epoch": 1203, "global_step": 90225, "learning_rate": 0.00013080197728525695, "teacher_forcing": 1.0, "predicted_contact_fraction": 0.0, "epoch_seconds": 18.107451639138162, "elapsed_hours": 9.709375404353358, "loss": 6.63401621500651, "loss_alignment": 0.2311350695292155, "loss_coefficient": 3.6357573445638023, "loss_contact": 0.0, "loss_gate": 2.607311503092448, "loss_reconstruction": 0.1598128859202067}
epoch=1204 step=90250 loss=5.67942
epoch=1204 step=90300 loss=6.71263
{"epoch": 1204, "global_step": 90300, "learning_rate": 0.00013070222127968653, "teacher_forcing": 1.0, "predicted_contact_fraction": 0.0, "epoch_seconds": 17.84606540389359, "elapsed_hours": 9.714334235868623, "loss": 6.802912089029948, "loss_alignment": 0.26223943710327147, "loss_coefficient": 3.752427164713542, "loss_contact": 0.0, "loss_gate": 2.627294616699219, "loss_reconstruction": 0.16095113118489585}
epoch=1205 step=90350 loss=6.90800
{"epoch": 1205, "global_step": 90375, "learning_rate": 0.00013060243153042176, "teacher_forcing": 1.0, "predicted_contact_fraction": 0.0, "epoch_seconds": 17.977675340604037, "elapsed_hours": 9.719329500255796, "loss": 6.504692586263021, "loss_alignment": 0.24525070190429688, "loss_coefficient": 3.4848506673177084, "loss_contact": 0.0, "loss_gate": 2.6151434834798177, "loss_reconstruction": 0.15944798151652018}
epoch=1206 step=90400 loss=6.33735
epoch=1206 step=90450 loss=6.27765
{"epoch": 1206, "global_step": 90450, "learning_rate": 0.00013050260814713785, "teacher_forcing": 1.0, "predicted_contact_fraction": 0.0, "epoch_seconds": 17.722744355909526, "elapsed_hours": 9.72425403978973, "loss": 6.484665120442708, "loss_alignment": 0.24107355753580728, "loss_coefficient": 3.4765756225585935, "loss_contact": 0.0, "loss_gate": 2.608021748860677, "loss_reconstruction": 0.15899421056111654}
epoch=1207 step=90500 loss=5.84686
{"epoch": 1207, "global_step": 90525, "learning_rate": 0.0001304027512395471, "teacher_forcing": 1.0, "predicted_contact_fraction": 0.0, "epoch_seconds": 17.73074141005054, "elapsed_hours": 9.7291806730553, "loss": 6.681377054850261, "loss_alignment": 0.25798752466837566, "loss_coefficient": 3.6450597127278646, "loss_contact": 0.0, "loss_gate": 2.6172557576497395, "loss_reconstruction": 0.16107343991597495}
epoch=1208 step=90550 loss=6.94484
epoch=1208 step=90600 loss=8.33978
{"epoch": 1208, "global_step": 90600, "learning_rate": 0.00013030286091739862, "teacher_forcing": 1.0, "predicted_contact_fraction": 0.0, "epoch_seconds": 18.091158610302955, "elapsed_hours": 9.734207442092528, "loss": 6.785835774739583, "loss_alignment": 0.2573286501566569, "loss_coefficient": 3.745962931315104, "loss_contact": 0.0, "loss_gate": 2.6208925882975262, "loss_reconstruction": 0.16165104230244953}
epoch=1209 step=90650 loss=6.47747
{"epoch": 1209, "global_step": 90675, "learning_rate": 0.0001302029372904782, "teacher_forcing": 1.0, "predicted_contact_fraction": 0.0, "epoch_seconds": 18.218018105253577, "elapsed_hours": 9.739269395869794, "loss": 6.620728963216146, "loss_alignment": 0.2693967882792155, "loss_coefficient": 3.5636001586914063, "loss_contact": 0.0, "loss_gate": 2.628155314127604, "loss_reconstruction": 0.15957640965779624}
epoch=1210 step=90700 loss=6.45963
epoch=1210 step=90750 loss=6.79267
{"epoch": 1210, "global_step": 90750, "learning_rate": 0.0001301029804686082, "teacher_forcing": 1.0, "predicted_contact_fraction": 0.0, "epoch_seconds": 19.223889458924532, "elapsed_hours": 9.744610830123873, "loss": 6.4953990681966145, "loss_alignment": 0.2405793062845866, "loss_coefficient": 3.483667500813802, "loss_contact": 0.0, "loss_gate": 2.612242685953776, "loss_reconstruction": 0.15890941619873047}
epoch=1211 step=90800 loss=5.76699
{"epoch": 1211, "global_step": 90825, "learning_rate": 0.00013000299056164765, "teacher_forcing": 1.0, "predicted_contact_fraction": 0.0, "epoch_seconds": 18.521978217177093, "elapsed_hours": 9.749896055686339, "loss": 6.490676981608073, "loss_alignment": 0.23019378026326498, "loss_coefficient": 3.498861796061198, "loss_contact": 0.0, "loss_gate": 2.602581278483073, "loss_reconstruction": 0.15903985977172852}
epoch=1212 step=90850 loss=6.13619
epoch=1212 step=90900 loss=7.40229
{"epoch": 1212, "global_step": 90900, "learning_rate": 0.0001299029676794917, "teacher_forcing": 1.0, "predicted_contact_fraction": 0.0, "epoch_seconds": 18.205294381827116, "elapsed_hours": 9.754954538304721, "loss": 6.771460673014323, "loss_alignment": 0.2553236643473307, "loss_coefficient": 3.7356718953450523, "loss_contact": 0.0, "loss_gate": 2.6185044860839843, "loss_reconstruction": 0.16195998509724935}
epoch=1213 step=90950 loss=7.07231
{"epoch": 1213, "global_step": 90975, "learning_rate": 0.00012980291193207197, "teacher_forcing": 1.0, "predicted_contact_fraction": 0.0, "epoch_seconds": 18.36669537704438, "elapsed_hours": 9.760057913253679, "loss": 6.543177795410156, "loss_alignment": 0.23815326690673827, "loss_coefficient": 3.5413784790039062, "loss_contact": 0.0, "loss_gate": 2.604220123291016, "loss_reconstruction": 0.15942551612854003}
epoch=1214 step=91000 loss=6.45938
epoch=1214 step=91050 loss=5.96057
{"epoch": 1214, "global_step": 91050, "learning_rate": 0.00012970282342935602, "teacher_forcing": 1.0, "predicted_contact_fraction": 0.0, "epoch_seconds": 18.147665169090033, "elapsed_hours": 9.765100652625293, "loss": 6.511342163085938, "loss_alignment": 0.2398060099283854, "loss_coefficient": 3.5115622965494793, "loss_contact": 0.0, "loss_gate": 2.6017419942220052, "loss_reconstruction": 0.15823207855224608}
epoch=1215 step=91100 loss=7.42442
{"epoch": 1215, "global_step": 91125, "learning_rate": 0.0001296027022813475, "teacher_forcing": 1.0, "predicted_contact_fraction": 0.0, "epoch_seconds": 17.9761272193864, "elapsed_hours": 9.770095480424999, "loss": 6.666630655924479, "loss_alignment": 0.2676322301228841, "loss_coefficient": 3.621883544921875, "loss_contact": 0.0, "loss_gate": 2.61684087117513, "loss_reconstruction": 0.16027397473653157}
epoch=1216 step=91150 loss=6.79715
epoch=1216 step=91200 loss=6.80248
{"epoch": 1216, "global_step": 91200, "learning_rate": 0.00012950254859808594, "teacher_forcing": 1.0, "predicted_contact_fraction": 0.0, "epoch_seconds": 18.199406436178833, "elapsed_hours": 9.775152534367516, "loss": 6.792627868652343, "loss_alignment": 0.26575435638427736, "loss_coefficient": 3.742220458984375, "loss_contact": 0.0, "loss_gate": 2.6227958679199217, "loss_reconstruction": 0.16185695966084798}
epoch=1217 step=91250 loss=6.46766
{"epoch": 1217, "global_step": 91275, "learning_rate": 0.00012940236248964654, "teacher_forcing": 1.0, "predicted_contact_fraction": 0.0, "epoch_seconds": 18.007046190090477, "elapsed_hours": 9.780155945818018, "loss": 6.629228006998698, "loss_alignment": 0.26148548126220705, "loss_coefficient": 3.5859952799479164, "loss_contact": 0.0, "loss_gate": 2.621129913330078, "loss_reconstruction": 0.160616029103597}
epoch=1218 step=91300 loss=7.09283
epoch=1218 step=91350 loss=6.83369
{"epoch": 1218, "global_step": 91350, "learning_rate": 0.00012930214406614031, "teacher_forcing": 1.0, "predicted_contact_fraction": 0.0, "epoch_seconds": 18.0732095958665, "elapsed_hours": 9.78517775755117, "loss": 6.670133972167969, "loss_alignment": 0.25199560801188153, "loss_coefficient": 3.644126281738281, "loss_contact": 0.0, "loss_gate": 2.6125968424479167, "loss_reconstruction": 0.1614155642191569}
epoch=1219 step=91400 loss=6.05873
{"epoch": 1219, "global_step": 91425, "learning_rate": 0.00012920189343771363, "teacher_forcing": 1.0, "predicted_contact_fraction": 0.0, "epoch_seconds": 18.2672026748769, "elapsed_hours": 9.79025341307033, "loss": 6.607642618815104, "loss_alignment": 0.23617197036743165, "loss_coefficient": 3.613314005533854, "loss_contact": 0.0, "loss_gate": 2.598241780598958, "loss_reconstruction": 0.15991494178771973}
epoch=1220 step=91450 loss=7.11598
epoch=1220 step=91500 loss=7.33732
{"epoch": 1220, "global_step": 91500, "learning_rate": 0.0001291016107145483, "teacher_forcing": 1.0, "predicted_contact_fraction": 0.0, "epoch_seconds": 18.363783166743815, "elapsed_hours": 9.795355882597569, "loss": 6.802642313639323, "loss_alignment": 0.2665991083780925, "loss_coefficient": 3.7567062377929688, "loss_contact": 0.0, "loss_gate": 2.616930440266927, "loss_reconstruction": 0.16240703264872233}
epoch=1221 step=91550 loss=7.04918
{"epoch": 1221, "global_step": 91575, "learning_rate": 0.0001290012960068614, "teacher_forcing": 1.0, "predicted_contact_fraction": 0.0, "epoch_seconds": 18.343752990011126, "elapsed_hours": 9.800591591350061, "loss": 6.666083679199219, "loss_alignment": 0.25873441696166993, "loss_coefficient": 3.627035929361979, "loss_contact": 0.0, "loss_gate": 2.6201852416992186, "loss_reconstruction": 0.16012804667154948}
epoch=1222 step=91600 loss=6.74147
epoch=1222 step=91650 loss=6.87550
{"epoch": 1222, "global_step": 91650, "learning_rate": 0.0001289009494249052, "teacher_forcing": 1.0, "predicted_contact_fraction": 0.0, "epoch_seconds": 18.45151254395023, "elapsed_hours": 9.805718432848032, "loss": 6.7470914713541665, "loss_alignment": 0.263279660542806, "loss_coefficient": 3.702775370279948, "loss_contact": 0.0, "loss_gate": 2.6193393961588542, "loss_reconstruction": 0.1616964817047119}
epoch=1223 step=91700 loss=6.01466
{"epoch": 1223, "global_step": 91725, "learning_rate": 0.00012880057107896698, "teacher_forcing": 1.0, "predicted_contact_fraction": 0.0, "epoch_seconds": 18.230305148288608, "elapsed_hours": 9.810783890928013, "loss": 6.578758036295573, "loss_alignment": 0.25817925135294595, "loss_coefficient": 3.5486154174804687, "loss_contact": 0.0, "loss_gate": 2.61250483194987, "loss_reconstruction": 0.15945901870727539}
epoch=1224 step=91750 loss=7.47436
epoch=1224 step=91800 loss=6.11906
{"epoch": 1224, "global_step": 91800, "learning_rate": 0.0001287001610793689, "teacher_forcing": 1.0, "predicted_contact_fraction": 0.0, "epoch_seconds": 18.347668904811144, "elapsed_hours": 9.815881917145258, "loss": 6.710780029296875, "loss_alignment": 0.2416544532775879, "loss_coefficient": 3.707363484700521, "loss_contact": 0.0, "loss_gate": 2.601020711263021, "loss_reconstruction": 0.16074134826660155}
epoch=1225 step=91850 loss=7.29361
{"epoch": 1225, "global_step": 91875, "learning_rate": 0.000128599719536468, "teacher_forcing": 1.0, "predicted_contact_fraction": 0.0, "epoch_seconds": 18.340186471119523, "elapsed_hours": 9.820977934200782, "loss": 6.583025309244792, "loss_alignment": 0.2458423360188802, "loss_coefficient": 3.5767886352539064, "loss_contact": 0.0, "loss_gate": 2.6017320760091147, "loss_reconstruction": 0.15866260528564452}
epoch=1226 step=91900 loss=6.88204
epoch=1226 step=91950 loss=6.06473
{"epoch": 1226, "global_step": 91950, "learning_rate": 0.0001284992465606559, "teacher_forcing": 1.0, "predicted_contact_fraction": 0.0, "epoch_seconds": 18.091983450111, "elapsed_hours": 9.826004927807825, "loss": 6.5578564453125, "loss_alignment": 0.24922056198120118, "loss_coefficient": 3.5526961263020835, "loss_contact": 0.0, "loss_gate": 2.5969845072428384, "loss_reconstruction": 0.15895528793334962}
epoch=1227 step=92000 loss=6.50247
{"epoch": 1227, "global_step": 92025, "learning_rate": 0.00012839874226235873, "teacher_forcing": 1.0, "predicted_contact_fraction": 0.0, "epoch_seconds": 18.232877483125776, "elapsed_hours": 9.831071006065338, "loss": 6.507611083984375, "loss_alignment": 0.2620596440633138, "loss_coefficient": 3.4753905232747395, "loss_contact": 0.0, "loss_gate": 2.611048024495443, "loss_reconstruction": 0.15911259333292643}
epoch=1228 step=92050 loss=6.19858
epoch=1228 step=92100 loss=6.64541
{"epoch": 1228, "global_step": 92100, "learning_rate": 0.00012829820675203717, "teacher_forcing": 1.0, "predicted_contact_fraction": 0.0, "epoch_seconds": 18.57790567772463, "elapsed_hours": 9.83623305852913, "loss": 6.533066202799479, "loss_alignment": 0.25066629409790037, "loss_coefficient": 3.523667907714844, "loss_contact": 0.0, "loss_gate": 2.5993923950195312, "loss_reconstruction": 0.15933876991271972}
epoch=1229 step=92150 loss=6.76372
{"epoch": 1229, "global_step": 92175, "learning_rate": 0.00012819764014018614, "teacher_forcing": 1.0, "predicted_contact_fraction": 0.0, "epoch_seconds": 18.287434671074152, "elapsed_hours": 9.841314297764976, "loss": 6.676745198567708, "loss_alignment": 0.2546666272481283, "loss_coefficient": 3.658990681966146, "loss_contact": 0.0, "loss_gate": 2.6024297587076823, "loss_reconstruction": 0.16065943717956543}
epoch=1230 step=92200 loss=6.12126
epoch=1230 step=92250 loss=6.54090
{"epoch": 1230, "global_step": 92250, "learning_rate": 0.00012809704253733472, "teacher_forcing": 1.0, "predicted_contact_fraction": 0.0, "epoch_seconds": 18.085495040751994, "elapsed_hours": 9.8463394927822, "loss": 6.428696899414063, "loss_alignment": 0.2263454755147298, "loss_coefficient": 3.4605833943684896, "loss_contact": 0.0, "loss_gate": 2.5832901000976562, "loss_reconstruction": 0.1584770647684733}
epoch=1231 step=92300 loss=6.04666
{"epoch": 1231, "global_step": 92325, "learning_rate": 0.0001279964140540461, "teacher_forcing": 1.0, "predicted_contact_fraction": 0.0, "epoch_seconds": 18.079087133985013, "elapsed_hours": 9.85150016079424, "loss": 6.463488566080729, "loss_alignment": 0.22935725529988607, "loss_coefficient": 3.493233235677083, "loss_contact": 0.0, "loss_gate": 2.582145487467448, "loss_reconstruction": 0.1587532329559326}
epoch=1232 step=92350 loss=6.16583
epoch=1232 step=92400 loss=5.94738
{"epoch": 1232, "global_step": 92400, "learning_rate": 0.00012789575480091735, "teacher_forcing": 1.0, "predicted_contact_fraction": 0.0, "epoch_seconds": 18.428346297703683, "elapsed_hours": 9.856620583359748, "loss": 6.626685384114583, "loss_alignment": 0.25895146052042645, "loss_coefficient": 3.6098206583658854, "loss_contact": 0.0, "loss_gate": 2.59814214070638, "loss_reconstruction": 0.1597709083557129}
epoch=1233 step=92450 loss=5.83761
{"epoch": 1233, "global_step": 92475, "learning_rate": 0.00012779506488857945, "teacher_forcing": 1.0, "predicted_contact_fraction": 0.0, "epoch_seconds": 18.336486401967704, "elapsed_hours": 9.86171556139533, "loss": 6.631923828125, "loss_alignment": 0.2416469637552897, "loss_coefficient": 3.6418738810221356, "loss_contact": 0.0, "loss_gate": 2.5889864603678387, "loss_reconstruction": 0.15941689809163412}
epoch=1234 step=92500 loss=5.69614
epoch=1234 step=92550 loss=6.76375
{"epoch": 1234, "global_step": 92550, "learning_rate": 0.00012769434442769695, "teacher_forcing": 1.0, "predicted_contact_fraction": 0.0, "epoch_seconds": 18.027005647774786, "elapsed_hours": 9.866724490619188, "loss": 6.49993418375651, "loss_alignment": 0.24175208409627277, "loss_coefficient": 3.509371541341146, "loss_contact": 0.0, "loss_gate": 2.5900938924153647, "loss_reconstruction": 0.15871617635091145}
epoch=1235 step=92600 loss=7.05007
{"epoch": 1235, "global_step": 92625, "learning_rate": 0.0001275935935289681, "teacher_forcing": 1.0, "predicted_contact_fraction": 0.0, "epoch_seconds": 18.229183436371386, "elapsed_hours": 9.871789547670632, "loss": 6.756436869303386, "loss_alignment": 0.24890962600708008, "loss_coefficient": 3.7525313313802084, "loss_contact": 0.0, "loss_gate": 2.59468017578125, "loss_reconstruction": 0.16031609535217284}
epoch=1236 step=92650 loss=6.74874
epoch=1236 step=92700 loss=6.27246
{"epoch": 1236, "global_step": 92700, "learning_rate": 0.00012749281230312452, "teacher_forcing": 1.0, "predicted_contact_fraction": 0.0, "epoch_seconds": 17.95235985517502, "elapsed_hours": 9.876777717776648, "loss": 6.711330159505208, "loss_alignment": 0.263147144317627, "loss_coefficient": 3.6855594889322916, "loss_contact": 0.0, "loss_gate": 2.6031129455566404, "loss_reconstruction": 0.15951022783915203}
epoch=1237 step=92750 loss=6.62449
{"epoch": 1237, "global_step": 92775, "learning_rate": 0.0001273920008609312, "teacher_forcing": 1.0, "predicted_contact_fraction": 0.0, "epoch_seconds": 17.991215188987553, "elapsed_hours": 9.881776679422474, "loss": 6.56585693359375, "loss_alignment": 0.2436790974934896, "loss_coefficient": 3.5749837239583333, "loss_contact": 0.0, "loss_gate": 2.58778813680013, "loss_reconstruction": 0.15940651257832844}
epoch=1238 step=92800 loss=6.18913
epoch=1238 step=92850 loss=7.75051
{"epoch": 1238, "global_step": 92850, "learning_rate": 0.0001272911593131863, "teacher_forcing": 1.0, "predicted_contact_fraction": 0.0, "epoch_seconds": 18.25724632386118, "elapsed_hours": 9.886849526794395, "loss": 6.605533447265625, "loss_alignment": 0.25160949071248373, "loss_coefficient": 3.6016275024414064, "loss_contact": 0.0, "loss_gate": 2.5923106384277346, "loss_reconstruction": 0.1599849065144857}
epoch=1239 step=92900 loss=6.60878
{"epoch": 1239, "global_step": 92925, "learning_rate": 0.00012719028777072116, "teacher_forcing": 1.0, "predicted_contact_fraction": 0.0, "epoch_seconds": 18.309419020079076, "elapsed_hours": 9.891936901589183, "loss": 6.591624450683594, "loss_alignment": 0.258330078125, "loss_coefficient": 3.5771007283528644, "loss_contact": 0.0, "loss_gate": 2.596482645670573, "loss_reconstruction": 0.15971107165018716}
epoch=1240 step=92950 loss=6.07245
epoch=1240 step=93000 loss=6.17694
{"epoch": 1240, "global_step": 93000, "learning_rate": 0.00012708938634439993, "teacher_forcing": 1.0, "predicted_contact_fraction": 0.0, "epoch_seconds": 17.802515153307468, "elapsed_hours": 9.896883444003631, "loss": 6.628117980957032, "loss_alignment": 0.2513217862447103, "loss_coefficient": 3.6286052449544273, "loss_contact": 0.0, "loss_gate": 2.5884034220377603, "loss_reconstruction": 0.1597879441579183}
epoch=1241 step=93050 loss=6.40848
{"epoch": 1241, "global_step": 93075, "learning_rate": 0.00012698845514511978, "teacher_forcing": 1.0, "predicted_contact_fraction": 0.0, "epoch_seconds": 17.768172877840698, "elapsed_hours": 9.901956748926702, "loss": 6.462379150390625, "loss_alignment": 0.24006336212158202, "loss_coefficient": 3.4824422200520835, "loss_contact": 0.0, "loss_gate": 2.5812164306640626, "loss_reconstruction": 0.15865737915039063}
epoch=1242 step=93100 loss=5.76334
epoch=1242 step=93150 loss=6.30929
{"epoch": 1242, "global_step": 93150, "learning_rate": 0.00012688749428381048, "teacher_forcing": 1.0, "predicted_contact_fraction": 0.0, "epoch_seconds": 18.9189282967709, "elapsed_hours": 9.907213452381935, "loss": 6.621647542317708, "loss_alignment": 0.24702547709147135, "loss_coefficient": 3.628023885091146, "loss_contact": 0.0, "loss_gate": 2.587563934326172, "loss_reconstruction": 0.1590347989400228}
epoch=1243 step=93200 loss=5.72058
{"epoch": 1243, "global_step": 93225, "learning_rate": 0.00012678650387143445, "teacher_forcing": 1.0, "predicted_contact_fraction": 0.0, "epoch_seconds": 18.60411693295464, "elapsed_hours": 9.912382665985884, "loss": 6.674632873535156, "loss_alignment": 0.26655168533325196, "loss_coefficient": 3.6486670939127603, "loss_contact": 0.0, "loss_gate": 2.5984326171875, "loss_reconstruction": 0.1609817663828532}
epoch=1244 step=93250 loss=6.44404
epoch=1244 step=93300 loss=6.38495
{"epoch": 1244, "global_step": 93300, "learning_rate": 0.00012668548401898656, "teacher_forcing": 1.0, "predicted_contact_fraction": 0.0, "epoch_seconds": 18.23805213207379, "elapsed_hours": 9.917450197566456, "loss": 6.447045593261719, "loss_alignment": 0.2594076919555664, "loss_coefficient": 3.435313873291016, "loss_contact": 0.0, "loss_gate": 2.5934735616048177, "loss_reconstruction": 0.1588501993815104}
epoch=1245 step=93350 loss=6.34096
{"epoch": 1245, "global_step": 93375, "learning_rate": 0.0001265844348374941, "teacher_forcing": 1.0, "predicted_contact_fraction": 0.0, "epoch_seconds": 18.351718455087394, "elapsed_hours": 9.922549726955282, "loss": 6.59925526936849, "loss_alignment": 0.2400979487101237, "loss_coefficient": 3.616147664388021, "loss_contact": 0.0, "loss_gate": 2.582980295817057, "loss_reconstruction": 0.16002924601236979}
epoch=1246 step=93400 loss=7.22776
epoch=1246 step=93450 loss=7.10781
{"epoch": 1246, "global_step": 93450, "learning_rate": 0.0001264833564380165, "teacher_forcing": 1.0, "predicted_contact_fraction": 0.0, "epoch_seconds": 17.777942202985287, "elapsed_hours": 9.927489669835325, "loss": 6.843329671223958, "loss_alignment": 0.2561913299560547, "loss_coefficient": 3.834497578938802, "loss_contact": 0.0, "loss_gate": 2.590660196940104, "loss_reconstruction": 0.16198039054870605}
epoch=1247 step=93500 loss=6.77477
{"epoch": 1247, "global_step": 93525, "learning_rate": 0.00012638224893164537, "teacher_forcing": 1.0, "predicted_contact_fraction": 0.0, "epoch_seconds": 18.131535886786878, "elapsed_hours": 9.932527616125558, "loss": 6.468875732421875, "loss_alignment": 0.23955141067504881, "loss_coefficient": 3.489226786295573, "loss_contact": 0.0, "loss_gate": 2.58183100382487, "loss_reconstruction": 0.1582671324412028}
epoch=1248 step=93550 loss=6.65102
epoch=1248 step=93600 loss=6.89147
{"epoch": 1248, "global_step": 93600, "learning_rate": 0.0001262811124295043, "teacher_forcing": 1.0, "predicted_contact_fraction": 0.0, "epoch_seconds": 18.256444574333727, "elapsed_hours": 9.937600236695337, "loss": 6.508320821126302, "loss_alignment": 0.24754929224650066, "loss_coefficient": 3.516652323404948, "loss_contact": 0.0, "loss_gate": 2.5853310139973957, "loss_reconstruction": 0.15878737449645997}
epoch=1249 step=93650 loss=6.90185
{"epoch": 1249, "global_step": 93675, "learning_rate": 0.0001261799470427487, "teacher_forcing": 1.0, "predicted_contact_fraction": 0.0, "epoch_seconds": 18.221427561249584, "elapsed_hours": 9.942663216234779, "loss": 6.57854726155599, "loss_alignment": 0.2510380045572917, "loss_coefficient": 3.584150695800781, "loss_contact": 0.0, "loss_gate": 2.5837249755859375, "loss_reconstruction": 0.15963418006896973}
epoch=1250 step=93700 loss=7.01444
epoch=1250 step=93750 loss=6.34082
{"epoch": 1250, "global_step": 93750, "learning_rate": 0.00012607875288256584, "teacher_forcing": 1.0, "predicted_contact_fraction": 0.0, "epoch_seconds": 18.267684541642666, "elapsed_hours": 9.947739036970823, "loss": 6.7163297526041665, "loss_alignment": 0.2567578570048014, "loss_coefficient": 3.7059031168619794, "loss_contact": 0.0, "loss_gate": 2.5928504943847654, "loss_reconstruction": 0.16081791877746582}
epoch=1251 step=93800 loss=6.22775
{"epoch": 1251, "global_step": 93825, "learning_rate": 0.00012597753006017443, "teacher_forcing": 1.0, "predicted_contact_fraction": 0.0, "epoch_seconds": 18.088155411649495, "elapsed_hours": 9.952901040218357, "loss": 6.572251586914063, "loss_alignment": 0.24959999720255535, "loss_coefficient": 3.5823260498046876, "loss_contact": 0.0, "loss_gate": 2.581438242594401, "loss_reconstruction": 0.1588868999481201}
epoch=1252 step=93850 loss=6.53164
epoch=1252 step=93900 loss=7.81882
{"epoch": 1252, "global_step": 93900, "learning_rate": 0.00012587627868682492, "teacher_forcing": 1.0, "predicted_contact_fraction": 0.0, "epoch_seconds": 18.6914004990831, "elapsed_hours": 9.958094554623305, "loss": 6.427526550292969, "loss_alignment": 0.23392085393269857, "loss_coefficient": 3.4644734191894533, "loss_contact": 0.0, "loss_gate": 2.571764424641927, "loss_reconstruction": 0.15736762682596842}
epoch=1253 step=93950 loss=6.92867
{"epoch": 1253, "global_step": 93975, "learning_rate": 0.00012577499887379893, "teacher_forcing": 1.0, "predicted_contact_fraction": 0.0, "epoch_seconds": 18.03830617899075, "elapsed_hours": 9.963107082871721, "loss": 6.544226989746094, "loss_alignment": 0.24462788899739582, "loss_coefficient": 3.5661892700195312, "loss_contact": 0.0, "loss_gate": 2.5747772216796876, "loss_reconstruction": 0.15863224983215332}
epoch=1254 step=94000 loss=6.75241
epoch=1254 step=94050 loss=5.92845
{"epoch": 1254, "global_step": 94050, "learning_rate": 0.00012567369073240945, "teacher_forcing": 1.0, "predicted_contact_fraction": 0.0, "epoch_seconds": 18.70399229088798, "elapsed_hours": 9.968304206362486, "loss": 6.443807474772135, "loss_alignment": 0.2515802065531413, "loss_coefficient": 3.452361551920573, "loss_contact": 0.0, "loss_gate": 2.5817267354329427, "loss_reconstruction": 0.1581391429901123}
epoch=1255 step=94100 loss=6.04136
{"epoch": 1255, "global_step": 94125, "learning_rate": 0.00012557235437400053, "teacher_forcing": 1.0, "predicted_contact_fraction": 0.0, "epoch_seconds": 18.484925102908164, "elapsed_hours": 9.973440553983027, "loss": 6.604238077799479, "loss_alignment": 0.2454327138264974, "loss_coefficient": 3.617284952799479, "loss_contact": 0.0, "loss_gate": 2.581289825439453, "loss_reconstruction": 0.16023126284281414}
epoch=1256 step=94150 loss=6.00868
epoch=1256 step=94200 loss=6.22615
{"epoch": 1256, "global_step": 94200, "learning_rate": 0.0001254709899099473, "teacher_forcing": 1.0, "predicted_contact_fraction": 0.0, "epoch_seconds": 18.432359610218555, "elapsed_hours": 9.978562089950623, "loss": 6.525419921875, "loss_alignment": 0.25489428838094075, "loss_coefficient": 3.5307567342122397, "loss_contact": 0.0, "loss_gate": 2.5811502075195314, "loss_reconstruction": 0.15861910502115886}
epoch=1257 step=94250 loss=6.82994
{"epoch": 1257, "global_step": 94275, "learning_rate": 0.00012536959745165576, "teacher_forcing": 1.0, "predicted_contact_fraction": 0.0, "epoch_seconds": 18.795903741847724, "elapsed_hours": 9.983784623060298, "loss": 6.593955586751302, "loss_alignment": 0.23822096506754556, "loss_coefficient": 3.6224092610677086, "loss_contact": 0.0, "loss_gate": 2.5739879353841144, "loss_reconstruction": 0.15933742841084797}
epoch=1258 step=94300 loss=7.03148
epoch=1258 step=94350 loss=6.10483
{"epoch": 1258, "global_step": 94350, "learning_rate": 0.0001252681771105627, "teacher_forcing": 1.0, "predicted_contact_fraction": 0.0, "epoch_seconds": 19.066949461121112, "elapsed_hours": 9.989082401596372, "loss": 6.6209242757161455, "loss_alignment": 0.26454254786173503, "loss_coefficient": 3.6111268107096355, "loss_contact": 0.0, "loss_gate": 2.5861622111002602, "loss_reconstruction": 0.15909303665161134}
epoch=1259 step=94400 loss=6.27306
{"epoch": 1259, "global_step": 94425, "learning_rate": 0.0001251667289981355, "teacher_forcing": 1.0, "predicted_contact_fraction": 0.0, "epoch_seconds": 18.12268844479695, "elapsed_hours": 9.994118069922552, "loss": 6.638938293457032, "loss_alignment": 0.24454288482666015, "loss_coefficient": 3.660532735188802, "loss_contact": 0.0, "loss_gate": 2.5741011047363282, "loss_reconstruction": 0.15976181983947754}
epoch=1260 step=94450 loss=6.32368
epoch=1260 step=94500 loss=7.18921
{"epoch": 1260, "global_step": 94500, "learning_rate": 0.00012506525322587207, "teacher_forcing": 1.0, "predicted_contact_fraction": 0.0, "epoch_seconds": 18.36875802092254, "elapsed_hours": 9.999222095250282, "loss": 6.892191060384115, "loss_alignment": 0.2651069513956706, "loss_coefficient": 3.8761141967773436, "loss_contact": 0.0, "loss_gate": 2.5899116007486978, "loss_reconstruction": 0.16105804761250814}
epoch=1261 step=94550 loss=6.44574
{"epoch": 1261, "global_step": 94575, "learning_rate": 0.00012496374990530074, "teacher_forcing": 1.0, "predicted_contact_fraction": 0.0, "epoch_seconds": 18.053029752802104, "elapsed_hours": 10.00437364859196, "loss": 6.504097493489583, "loss_alignment": 0.249289608001709, "loss_coefficient": 3.511826477050781, "loss_contact": 0.0, "loss_gate": 2.5845565287272136, "loss_reconstruction": 0.15842546463012697}
epoch=1262 step=94600 loss=6.36231
epoch=1262 step=94650 loss=6.89690
{"epoch": 1262, "global_step": 94650, "learning_rate": 0.00012486221914798014, "teacher_forcing": 1.0, "predicted_contact_fraction": 0.0, "epoch_seconds": 18.273291639983654, "elapsed_hours": 10.009451036011386, "loss": 6.8172433471679685, "loss_alignment": 0.26838750203450523, "loss_coefficient": 3.794993896484375, "loss_contact": 0.0, "loss_gate": 2.5925927734375, "loss_reconstruction": 0.16127004941304524}
epoch=1263 step=94700 loss=6.39802
{"epoch": 1263, "global_step": 94725, "learning_rate": 0.00012476066106549904, "teacher_forcing": 1.0, "predicted_contact_fraction": 0.0, "epoch_seconds": 18.298388978932053, "elapsed_hours": 10.014535387445035, "loss": 6.452805277506511, "loss_alignment": 0.2612129211425781, "loss_coefficient": 3.447807108561198, "loss_contact": 0.0, "loss_gate": 2.5864251708984374, "loss_reconstruction": 0.15736061096191406}
epoch=1264 step=94750 loss=5.93310
epoch=1264 step=94800 loss=6.23593
{"epoch": 1264, "global_step": 94800, "learning_rate": 0.00012465907576947622, "teacher_forcing": 1.0, "predicted_contact_fraction": 0.0, "epoch_seconds": 18.602479456923902, "elapsed_hours": 10.019704332079144, "loss": 6.39354970296224, "loss_alignment": 0.22707653681437173, "loss_coefficient": 3.4440884908040363, "loss_contact": 0.0, "loss_gate": 2.5644377136230467, "loss_reconstruction": 0.15794693946838378}
epoch=1265 step=94850 loss=6.57507
{"epoch": 1265, "global_step": 94875, "learning_rate": 0.00012455746337156035, "teacher_forcing": 1.0, "predicted_contact_fraction": 0.0, "epoch_seconds": 18.36252704495564, "elapsed_hours": 10.024806433977016, "loss": 6.5464838663736975, "loss_alignment": 0.25075411478678383, "loss_coefficient": 3.5636527506510416, "loss_contact": 0.0, "loss_gate": 2.573326212565104, "loss_reconstruction": 0.15875006993611654}
epoch=1266 step=94900 loss=6.92739
epoch=1266 step=94950 loss=6.13122
{"epoch": 1266, "global_step": 94950, "learning_rate": 0.00012445582398342998, "teacher_forcing": 1.0, "predicted_contact_fraction": 0.0, "epoch_seconds": 18.14873276092112, "elapsed_hours": 10.02984919837055, "loss": 6.676684061686198, "loss_alignment": 0.25500057856241864, "loss_coefficient": 3.684769694010417, "loss_contact": 0.0, "loss_gate": 2.5768968709309896, "loss_reconstruction": 0.16001704533894856}
epoch=1267 step=95000 loss=6.24007
{"epoch": 1267, "global_step": 95025, "learning_rate": 0.0001243541577167932, "teacher_forcing": 1.0, "predicted_contact_fraction": 0.0, "epoch_seconds": 18.14534747088328, "elapsed_hours": 10.034890986117793, "loss": 6.5726540120442705, "loss_alignment": 0.26985334396362304, "loss_coefficient": 3.567987569173177, "loss_contact": 0.0, "loss_gate": 2.5756175740559897, "loss_reconstruction": 0.1591955025990804}
epoch=1268 step=95050 loss=6.18172
epoch=1268 step=95100 loss=6.23546
{"epoch": 1268, "global_step": 95100, "learning_rate": 0.00012425246468338776, "teacher_forcing": 1.0, "predicted_contact_fraction": 0.0, "epoch_seconds": 18.156894579995424, "elapsed_hours": 10.039935975049415, "loss": 6.456889546712239, "loss_alignment": 0.2306879488627116, "loss_coefficient": 3.5110265096028646, "loss_contact": 0.0, "loss_gate": 2.557170562744141, "loss_reconstruction": 0.15800485293070476}
epoch=1269 step=95150 loss=5.99177
{"epoch": 1269, "global_step": 95175, "learning_rate": 0.00012415074499498075, "teacher_forcing": 1.0, "predicted_contact_fraction": 0.0, "epoch_seconds": 17.913512668106705, "elapsed_hours": 10.04491334766447, "loss": 6.351672770182292, "loss_alignment": 0.218512757619222, "loss_coefficient": 3.426982625325521, "loss_contact": 0.0, "loss_gate": 2.5488160196940104, "loss_reconstruction": 0.15736214955647787}
epoch=1270 step=95200 loss=7.99383
epoch=1270 step=95250 loss=7.33881
{"epoch": 1270, "global_step": 95250, "learning_rate": 0.0001240489987633686, "teacher_forcing": 1.0, "predicted_contact_fraction": 0.0, "epoch_seconds": 18.28127347584814, "elapsed_hours": 10.049992898809206, "loss": 6.64359364827474, "loss_alignment": 0.2403713607788086, "loss_coefficient": 3.6804190063476563, "loss_contact": 0.0, "loss_gate": 2.563431650797526, "loss_reconstruction": 0.1593715731302897}
epoch=1271 step=95300 loss=6.29136
{"epoch": 1271, "global_step": 95325, "learning_rate": 0.00012394722610037682, "teacher_forcing": 1.0, "predicted_contact_fraction": 0.0, "epoch_seconds": 18.06728914892301, "elapsed_hours": 10.05516206414193, "loss": 6.630096537272135, "loss_alignment": 0.24723490397135417, "loss_coefficient": 3.655434366861979, "loss_contact": 0.0, "loss_gate": 2.5684349568684897, "loss_reconstruction": 0.1589915625254313}
epoch=1272 step=95350 loss=6.09844
epoch=1272 step=95400 loss=7.17301
{"epoch": 1272, "global_step": 95400, "learning_rate": 0.00012384542711786013, "teacher_forcing": 1.0, "predicted_contact_fraction": 0.0, "epoch_seconds": 17.938673114404082, "elapsed_hours": 10.060146460236155, "loss": 6.678022054036458, "loss_alignment": 0.2507017962137858, "loss_coefficient": 3.701255289713542, "loss_contact": 0.0, "loss_gate": 2.5652813720703125, "loss_reconstruction": 0.16078307469685874}
epoch=1273 step=95450 loss=6.15922
{"epoch": 1273, "global_step": 95475, "learning_rate": 0.00012374360192770204, "teacher_forcing": 1.0, "predicted_contact_fraction": 0.0, "epoch_seconds": 18.12075540004298, "elapsed_hours": 10.065181395855292, "loss": 6.5479985555013025, "loss_alignment": 0.26411599477132164, "loss_coefficient": 3.550992024739583, "loss_contact": 0.0, "loss_gate": 2.573971455891927, "loss_reconstruction": 0.15891901652018228}
epoch=1274 step=95500 loss=6.17641
epoch=1274 step=95550 loss=6.55581
{"epoch": 1274, "global_step": 95550, "learning_rate": 0.00012364175064181495, "teacher_forcing": 1.0, "predicted_contact_fraction": 0.0, "epoch_seconds": 18.78464409802109, "elapsed_hours": 10.070400801837549, "loss": 6.318873901367187, "loss_alignment": 0.22764116287231445, "loss_coefficient": 3.3787490844726564, "loss_contact": 0.0, "loss_gate": 2.555527750651042, "loss_reconstruction": 0.1569552707672119}
epoch=1275 step=95600 loss=6.03647
{"epoch": 1275, "global_step": 95625, "learning_rate": 0.00012353987337213984, "teacher_forcing": 1.0, "predicted_contact_fraction": 0.0, "epoch_seconds": 18.78621560288593, "elapsed_hours": 10.07562061498472, "loss": 6.418080240885416, "loss_alignment": 0.2321888478597005, "loss_coefficient": 3.47473876953125, "loss_contact": 0.0, "loss_gate": 2.5528740946451824, "loss_reconstruction": 0.15827868143717447}
epoch=1276 step=95650 loss=6.89136
epoch=1276 step=95700 loss=7.38253
{"epoch": 1276, "global_step": 95700, "learning_rate": 0.00012343797023064637, "teacher_forcing": 1.0, "predicted_contact_fraction": 0.0, "epoch_seconds": 18.57194188889116, "elapsed_hours": 10.080780930292741, "loss": 6.772386576334635, "loss_alignment": 0.27227698008219403, "loss_coefficient": 3.758526611328125, "loss_contact": 0.0, "loss_gate": 2.5807511393229166, "loss_reconstruction": 0.16083293596903483}
epoch=1277 step=95750 loss=7.94715
{"epoch": 1277, "global_step": 95775, "learning_rate": 0.00012333604132933252, "teacher_forcing": 1.0, "predicted_contact_fraction": 0.0, "epoch_seconds": 18.592685188166797, "elapsed_hours": 10.08594701625368, "loss": 6.655021362304687, "loss_alignment": 0.2584464454650879, "loss_coefficient": 3.6640234375, "loss_contact": 0.0, "loss_gate": 2.5721192932128907, "loss_reconstruction": 0.16043253898620605}
epoch=1278 step=95800 loss=6.77219
epoch=1278 step=95850 loss=6.32598
{"epoch": 1278, "global_step": 95850, "learning_rate": 0.0001232340867802247, "teacher_forcing": 1.0, "predicted_contact_fraction": 0.0, "epoch_seconds": 17.97099047154188, "elapsed_hours": 10.090940382492521, "loss": 6.673460489908854, "loss_alignment": 0.26120005289713544, "loss_coefficient": 3.6790001424153647, "loss_contact": 0.0, "loss_gate": 2.5728944396972655, "loss_reconstruction": 0.16036494890848796}
epoch=1279 step=95900 loss=6.11912
{"epoch": 1279, "global_step": 95925, "learning_rate": 0.00012313210669537739, "teacher_forcing": 1.0, "predicted_contact_fraction": 0.0, "epoch_seconds": 18.224914986640215, "elapsed_hours": 10.096004313101682, "loss": 6.623259887695313, "loss_alignment": 0.2596603012084961, "loss_coefficient": 3.6347576904296877, "loss_contact": 0.0, "loss_gate": 2.5694380696614583, "loss_reconstruction": 0.15940357208251954}
epoch=1280 step=95950 loss=6.98129
epoch=1280 step=96000 loss=6.16587
{"epoch": 1280, "global_step": 96000, "learning_rate": 0.00012303010118687322, "teacher_forcing": 1.0, "predicted_contact_fraction": 0.0, "epoch_seconds": 18.59442020021379, "elapsed_hours": 10.101170864725848, "loss": 6.333425801595052, "loss_alignment": 0.2523927688598633, "loss_coefficient": 3.3629885864257814, "loss_contact": 0.0, "loss_gate": 2.5613417561848957, "loss_reconstruction": 0.1567023499806722}
epoch=1281 step=96050 loss=6.73043
{"epoch": 1281, "global_step": 96075, "learning_rate": 0.00012292807036682273, "teacher_forcing": 1.0, "predicted_contact_fraction": 0.0, "epoch_seconds": 18.6905932771042, "elapsed_hours": 10.106502112372286, "loss": 6.298511962890625, "loss_alignment": 0.22318439483642577, "loss_coefficient": 3.3718854268391927, "loss_contact": 0.0, "loss_gate": 2.5470850118001302, "loss_reconstruction": 0.1563568655649821}
epoch=1282 step=96100 loss=5.87310
epoch=1282 step=96150 loss=6.35363
{"epoch": 1282, "global_step": 96150, "learning_rate": 0.00012282601434736426, "teacher_forcing": 1.0, "predicted_contact_fraction": 0.0, "epoch_seconds": 18.444627115037292, "elapsed_hours": 10.111627556196181, "loss": 6.236005655924479, "loss_alignment": 0.21556042989095053, "loss_coefficient": 3.3247166951497396, "loss_contact": 0.0, "loss_gate": 2.5382341512044273, "loss_reconstruction": 0.15749394416809082}
epoch=1283 step=96200 loss=6.41708
{"epoch": 1283, "global_step": 96225, "learning_rate": 0.00012272393324066393, "teacher_forcing": 1.0, "predicted_contact_fraction": 0.0, "epoch_seconds": 18.1993531701155, "elapsed_hours": 10.116684473825023, "loss": 6.627256673177083, "loss_alignment": 0.2487993303934733, "loss_coefficient": 3.6612785847981772, "loss_contact": 0.0, "loss_gate": 2.5573702494303387, "loss_reconstruction": 0.15980910301208495}
epoch=1284 step=96250 loss=6.35103
epoch=1284 step=96300 loss=6.85452
{"epoch": 1284, "global_step": 96300, "learning_rate": 0.0001226218271589153, "teacher_forcing": 1.0, "predicted_contact_fraction": 0.0, "epoch_seconds": 18.848265757784247, "elapsed_hours": 10.121921705184505, "loss": 6.418197530110677, "loss_alignment": 0.2425546391805013, "loss_coefficient": 3.4583123270670573, "loss_contact": 0.0, "loss_gate": 2.5595765686035157, "loss_reconstruction": 0.1577535915374756}
epoch=1285 step=96350 loss=7.21068
{"epoch": 1285, "global_step": 96375, "learning_rate": 0.00012251969621433949, "teacher_forcing": 1.0, "predicted_contact_fraction": 0.0, "epoch_seconds": 18.67974438611418, "elapsed_hours": 10.12711194207051, "loss": 6.445013326009114, "loss_alignment": 0.2325816027323405, "loss_coefficient": 3.5094996134440106, "loss_contact": 0.0, "loss_gate": 2.5446492513020833, "loss_reconstruction": 0.15828352610270183}
epoch=1286 step=96400 loss=7.15540
epoch=1286 step=96450 loss=6.35111
{"epoch": 1286, "global_step": 96450, "learning_rate": 0.00012241754051918488, "teacher_forcing": 1.0, "predicted_contact_fraction": 0.0, "epoch_seconds": 18.59239075286314, "elapsed_hours": 10.132278065301943, "loss": 6.719576822916666, "loss_alignment": 0.24957191467285156, "loss_coefficient": 3.754385681152344, "loss_contact": 0.0, "loss_gate": 2.554407196044922, "loss_reconstruction": 0.16121294021606444}
epoch=1287 step=96500 loss=7.07452
{"epoch": 1287, "global_step": 96525, "learning_rate": 0.00012231536018572712, "teacher_forcing": 1.0, "predicted_contact_fraction": 0.0, "epoch_seconds": 18.246481511276215, "elapsed_hours": 10.1373480886684, "loss": 6.415966796875, "loss_alignment": 0.24609617869059244, "loss_coefficient": 3.4610110473632814, "loss_contact": 0.0, "loss_gate": 2.5507271830240885, "loss_reconstruction": 0.15813198725382488}
epoch=1288 step=96550 loss=6.32599
epoch=1288 step=96600 loss=6.23280
{"epoch": 1288, "global_step": 96600, "learning_rate": 0.00012221315532626883, "teacher_forcing": 1.0, "predicted_contact_fraction": 0.0, "epoch_seconds": 18.41343030286953, "elapsed_hours": 10.142464383244773, "loss": 6.548517659505208, "loss_alignment": 0.25243179957071943, "loss_coefficient": 3.5789493815104167, "loss_contact": 0.0, "loss_gate": 2.5579869079589845, "loss_reconstruction": 0.15914941787719727}
epoch=1289 step=96650 loss=6.77524
{"epoch": 1289, "global_step": 96675, "learning_rate": 0.00012211092605313972, "teacher_forcing": 1.0, "predicted_contact_fraction": 0.0, "epoch_seconds": 18.159880615305156, "elapsed_hours": 10.147510192231922, "loss": 6.409163513183594, "loss_alignment": 0.24464715321858724, "loss_coefficient": 3.4533321126302083, "loss_contact": 0.0, "loss_gate": 2.553027598063151, "loss_reconstruction": 0.15815656026204428}
epoch=1290 step=96700 loss=6.81518
epoch=1290 step=96750 loss=6.78299
{"epoch": 1290, "global_step": 96750, "learning_rate": 0.00012200867247869621, "teacher_forcing": 1.0, "predicted_contact_fraction": 0.0, "epoch_seconds": 18.16265676682815, "elapsed_hours": 10.152556809567743, "loss": 6.543949584960938, "loss_alignment": 0.23853857040405274, "loss_coefficient": 3.5988733927408854, "loss_contact": 0.0, "loss_gate": 2.547451833089193, "loss_reconstruction": 0.15908501625061036}
epoch=1291 step=96800 loss=7.10407
{"epoch": 1291, "global_step": 96825, "learning_rate": 0.00012190639471532153, "teacher_forcing": 1.0, "predicted_contact_fraction": 0.0, "epoch_seconds": 18.373618823941797, "elapsed_hours": 10.157802806493386, "loss": 6.398963724772136, "loss_alignment": 0.2322693951924642, "loss_coefficient": 3.4683723958333332, "loss_contact": 0.0, "loss_gate": 2.541128641764323, "loss_reconstruction": 0.15719284693400065}
epoch=1292 step=96850 loss=6.35620
epoch=1292 step=96900 loss=6.39990
{"epoch": 1292, "global_step": 96900, "learning_rate": 0.00012180409287542542, "teacher_forcing": 1.0, "predicted_contact_fraction": 0.0, "epoch_seconds": 18.330723703838885, "elapsed_hours": 10.162896088285294, "loss": 6.421218058268229, "loss_alignment": 0.23992435455322267, "loss_coefficient": 3.4756690470377603, "loss_contact": 0.0, "loss_gate": 2.548575642903646, "loss_reconstruction": 0.1570492712656657}
epoch=1293 step=96950 loss=5.60523
{"epoch": 1293, "global_step": 96975, "learning_rate": 0.00012170176707144412, "teacher_forcing": 1.0, "predicted_contact_fraction": 0.0, "epoch_seconds": 17.968481559306383, "elapsed_hours": 10.167888750087522, "loss": 6.4790255737304685, "loss_alignment": 0.2529977289835612, "loss_coefficient": 3.511399739583333, "loss_contact": 0.0, "loss_gate": 2.5568364461263022, "loss_reconstruction": 0.1577914015452067}
epoch=1294 step=97000 loss=6.07096
epoch=1294 step=97050 loss=7.14262
{"epoch": 1294, "global_step": 97050, "learning_rate": 0.00012159941741584017, "teacher_forcing": 1.0, "predicted_contact_fraction": 0.0, "epoch_seconds": 18.013114620000124, "elapsed_hours": 10.172893796227743, "loss": 6.531988525390625, "loss_alignment": 0.24134133656819662, "loss_coefficient": 3.585480041503906, "loss_contact": 0.0, "loss_gate": 2.546471659342448, "loss_reconstruction": 0.1586957899729411}
epoch=1295 step=97100 loss=6.92264
{"epoch": 1295, "global_step": 97125, "learning_rate": 0.00012149704402110243, "teacher_forcing": 1.0, "predicted_contact_fraction": 0.0, "epoch_seconds": 18.491450940724462, "elapsed_hours": 10.178031836799992, "loss": 6.527710978190104, "loss_alignment": 0.2414748509724935, "loss_coefficient": 3.5762975056966146, "loss_contact": 0.0, "loss_gate": 2.551912536621094, "loss_reconstruction": 0.15802587827046713}
epoch=1296 step=97150 loss=6.10301
epoch=1296 step=97200 loss=6.21885
{"epoch": 1296, "global_step": 97200, "learning_rate": 0.00012139464699974567, "teacher_forcing": 1.0, "predicted_contact_fraction": 0.0, "epoch_seconds": 18.778498956933618, "elapsed_hours": 10.183249467024968, "loss": 6.464869384765625, "loss_alignment": 0.24181357701619466, "loss_coefficient": 3.521947937011719, "loss_contact": 0.0, "loss_gate": 2.5424622090657554, "loss_reconstruction": 0.15864565213521323}
epoch=1297 step=97250 loss=6.14381
{"epoch": 1297, "global_step": 97275, "learning_rate": 0.00012129222646431082, "teacher_forcing": 1.0, "predicted_contact_fraction": 0.0, "epoch_seconds": 18.208845056593418, "elapsed_hours": 10.188308897433906, "loss": 6.456030171712239, "loss_alignment": 0.24625298182169597, "loss_coefficient": 3.502669372558594, "loss_contact": 0.0, "loss_gate": 2.5496209208170573, "loss_reconstruction": 0.15748648007710775}
epoch=1298 step=97300 loss=5.95456
epoch=1298 step=97350 loss=6.88809
{"epoch": 1298, "global_step": 97350, "learning_rate": 0.00012118978252736453, "teacher_forcing": 1.0, "predicted_contact_fraction": 0.0, "epoch_seconds": 18.61460926895961, "elapsed_hours": 10.193481181758301, "loss": 6.541272379557292, "loss_alignment": 0.254494997660319, "loss_coefficient": 3.576804402669271, "loss_contact": 0.0, "loss_gate": 2.5512117513020836, "loss_reconstruction": 0.1587619431813558}
epoch=1299 step=97400 loss=6.50629
{"epoch": 1299, "global_step": 97425, "learning_rate": 0.00012108731530149917, "teacher_forcing": 1.0, "predicted_contact_fraction": 0.0, "epoch_seconds": 18.214673585258424, "elapsed_hours": 10.198542588114764, "loss": 6.50431630452474, "loss_alignment": 0.24339469273885092, "loss_coefficient": 3.557343241373698, "loss_contact": 0.0, "loss_gate": 2.5453448486328125, "loss_reconstruction": 0.15823392232259115}
epoch=1300 step=97450 loss=7.19498
epoch=1300 step=97500 loss=7.27884
{"epoch": 1300, "global_step": 97500, "learning_rate": 0.00012098482489933278, "teacher_forcing": 1.0, "predicted_contact_fraction": 0.0, "epoch_seconds": 18.058435747865587, "elapsed_hours": 10.203560229642575, "loss": 6.770898742675781, "loss_alignment": 0.2648555564880371, "loss_coefficient": 3.782565409342448, "loss_contact": 0.0, "loss_gate": 2.562300364176432, "loss_reconstruction": 0.16117720286051432}
[2026-09-22 10:17:36.785] [svulkan2] [warning] A second renderer will share the same internal context with the first one. Arguments passed to constructor will be ignored.
[FaucetEnv] change_instance_when_reset=True
[2026-09-22 10:17:36.811] [svulkan2] [warning] A second renderer will share the same internal context with the first one. Arguments passed to constructor will be ignored.
[LaptopEnv] change_instance_when_reset=True
[2026-09-22 10:17:37.011] [svulkan2] [warning] A second renderer will share the same internal context with the first one. Arguments passed to constructor will be ignored.
[BucketEnv] change_instance_when_reset=True
[2026-09-22 10:17:37.694] [svulkan2] [warning] A second renderer will share the same internal context with the first one. Arguments passed to constructor will be ignored.
[ToiletEnv] change_instance_when_reset=True
[2026-09-22 10:20:34.721] [svulkan2] [warning] A second renderer will share the same internal context with the first one. Arguments passed to constructor will be ignored.
[ToiletEnv] change_instance_when_reset=True
[2026-09-22 10:20:57.232] [svulkan2] [warning] A second renderer will share the same internal context with the first one. Arguments passed to constructor will be ignored.
[LaptopEnv] change_instance_when_reset=True
[2026-09-22 10:21:05.799] [svulkan2] [warning] A second renderer will share the same internal context with the first one. Arguments passed to constructor will be ignored.
[FaucetEnv] change_instance_when_reset=True
[2026-09-22 10:23:19.037] [svulkan2] [warning] A second renderer will share the same internal context with the first one. Arguments passed to constructor will be ignored.
[ToiletEnv] change_instance_when_reset=True
[2026-09-22 10:24:26.581] [svulkan2] [warning] A second renderer will share the same internal context with the first one. Arguments passed to constructor will be ignored.
[FaucetEnv] change_instance_when_reset=True
[2026-09-22 10:24:41.267] [svulkan2] [warning] A second renderer will share the same internal context with the first one. Arguments passed to constructor will be ignored.
[LaptopEnv] change_instance_when_reset=True
[2026-09-22 10:25:02.974] [svulkan2] [warning] A second renderer will share the same internal context with the first one. Arguments passed to constructor will be ignored.
[BucketEnv] change_instance_when_reset=True
[2026-09-22 10:25:25.665] [SAPIEN] [error] Failed to load visual mesh: /data/users/zhouyike/dexCG/third_party/dexart/assets/sapien/10090/textured_objs/new-1.obj
[2026-09-22 10:25:59.229] [svulkan2] [warning] A second renderer will share the same internal context with the first one. Arguments passed to constructor will be ignored.
[ToiletEnv] change_instance_when_reset=True
[2026-09-22 10:27:09.853] [SAPIEN] [error] Failed to load visual mesh: /data/users/zhouyike/dexCG/third_party/dexart/assets/sapien/10090/textured_objs/new-1.obj
[2026-09-22 10:27:59.847] [svulkan2] [warning] A second renderer will share the same internal context with the first one. Arguments passed to constructor will be ignored.
[LaptopEnv] change_instance_when_reset=True
[2026-09-22 10:27:59.851] [SAPIEN] [error] Failed to load visual mesh: /data/users/zhouyike/dexCG/third_party/dexart/assets/sapien/10090/textured_objs/new-1.obj
[2026-09-22 10:28:07.995] [svulkan2] [warning] A second renderer will share the same internal context with the first one. Arguments passed to constructor will be ignored.
[FaucetEnv] change_instance_when_reset=True
[2026-09-22 10:28:38.237] [svulkan2] [warning] A second renderer will share the same internal context with the first one. Arguments passed to constructor will be ignored.
[ToiletEnv] change_instance_when_reset=True
[2026-09-22 10:31:08.675] [SAPIEN] [error] Failed to load visual mesh: /data/users/zhouyike/dexCG/third_party/dexart/assets/sapien/10090/textured_objs/new-1.obj
[2026-09-22 10:31:41.758] [svulkan2] [warning] A second renderer will share the same internal context with the first one. Arguments passed to constructor will be ignored.
[LaptopEnv] change_instance_when_reset=True
[2026-09-22 10:31:53.290] [svulkan2] [warning] A second renderer will share the same internal context with the first one. Arguments passed to constructor will be ignored.
[FaucetEnv] change_instance_when_reset=True
[2026-09-22 10:32:42.031] [svulkan2] [warning] A second renderer will share the same internal context with the first one. Arguments passed to constructor will be ignored.
[BucketEnv] change_instance_when_reset=True
[2026-09-22 10:33:36.907] [SAPIEN] [error] Failed to load visual mesh: /data/users/zhouyike/dexCG/third_party/dexart/assets/sapien/10090/textured_objs/new-1.obj
[2026-09-22 10:34:12.066] [SAPIEN] [error] Failed to load visual mesh: /data/users/zhouyike/dexCG/third_party/dexart/assets/sapien/10090/textured_objs/new-1.obj
[2026-09-22 10:39:20.867] [svulkan2] [warning] A second renderer will share the same internal context with the first one. Arguments passed to constructor will be ignored.
[BucketEnv] change_instance_when_reset=True
[2026-09-22 10:46:20.740] [svulkan2] [warning] A second renderer will share the same internal context with the first one. Arguments passed to constructor will be ignored.
[BucketEnv] change_instance_when_reset=True
[2026-09-22 10:53:56.731] [svulkan2] [warning] A second renderer will share the same internal context with the first one. Arguments passed to constructor will be ignored.
[BucketEnv] change_instance_when_reset=True
[2026-09-22 10:53:56.787] [svulkan2] [warning] A second renderer will share the same internal context with the first one. Arguments passed to constructor will be ignored.
[FaucetEnv] change_instance_when_reset=True
[2026-09-22 10:53:56.915] [svulkan2] [warning] A second renderer will share the same internal context with the first one. Arguments passed to constructor will be ignored.
[ToiletEnv] change_instance_when_reset=True
[2026-09-22 10:53:56.945] [svulkan2] [warning] A second renderer will share the same internal context with the first one. Arguments passed to constructor will be ignored.
[LaptopEnv] change_instance_when_reset=True
[2026-09-22 10:56:59.070] [svulkan2] [warning] A second renderer will share the same internal context with the first one. Arguments passed to constructor will be ignored.
[ToiletEnv] change_instance_when_reset=True
[2026-09-22 10:57:17.438] [svulkan2] [warning] A second renderer will share the same internal context with the first one. Arguments passed to constructor will be ignored.
[FaucetEnv] change_instance_when_reset=True
[2026-09-22 10:57:29.582] [svulkan2] [warning] A second renderer will share the same internal context with the first one. Arguments passed to constructor will be ignored.
[LaptopEnv] change_instance_when_reset=True
[2026-09-22 11:00:12.652] [svulkan2] [warning] A second renderer will share the same internal context with the first one. Arguments passed to constructor will be ignored.
[ToiletEnv] change_instance_when_reset=True
[2026-09-22 11:00:36.128] [svulkan2] [warning] A second renderer will share the same internal context with the first one. Arguments passed to constructor will be ignored.
[FaucetEnv] change_instance_when_reset=True
[2026-09-22 11:01:11.067] [svulkan2] [warning] A second renderer will share the same internal context with the first one. Arguments passed to constructor will be ignored.
[LaptopEnv] change_instance_when_reset=True
[2026-09-22 11:01:32.624] [svulkan2] [warning] A second renderer will share the same internal context with the first one. Arguments passed to constructor will be ignored.
[BucketEnv] change_instance_when_reset=True
[2026-09-22 11:01:56.945] [SAPIEN] [error] Failed to load visual mesh: /data/users/zhouyike/dexCG/third_party/dexart/assets/sapien/10090/textured_objs/new-1.obj
[2026-09-22 11:03:07.222] [svulkan2] [warning] A second renderer will share the same internal context with the first one. Arguments passed to constructor will be ignored.
[ToiletEnv] change_instance_when_reset=True
[2026-09-22 11:03:30.448] [SAPIEN] [error] Failed to load visual mesh: /data/users/zhouyike/dexCG/third_party/dexart/assets/sapien/10090/textured_objs/new-1.obj
[2026-09-22 11:04:12.957] [svulkan2] [warning] A second renderer will share the same internal context with the first one. Arguments passed to constructor will be ignored.
[FaucetEnv] change_instance_when_reset=True
[2026-09-22 11:04:20.619] [svulkan2] [warning] A second renderer will share the same internal context with the first one. Arguments passed to constructor will be ignored.
[LaptopEnv] change_instance_when_reset=True
[2026-09-22 11:04:20.623] [SAPIEN] [error] Failed to load visual mesh: /data/users/zhouyike/dexCG/third_party/dexart/assets/sapien/10090/textured_objs/new-1.obj
[2026-09-22 11:05:55.362] [svulkan2] [warning] A second renderer will share the same internal context with the first one. Arguments passed to constructor will be ignored.
[ToiletEnv] change_instance_when_reset=True
[2026-09-22 11:07:21.702] [SAPIEN] [error] Failed to load visual mesh: /data/users/zhouyike/dexCG/third_party/dexart/assets/sapien/10090/textured_objs/new-1.obj
[2026-09-22 11:07:24.285] [svulkan2] [warning] A second renderer will share the same internal context with the first one. Arguments passed to constructor will be ignored.
[FaucetEnv] change_instance_when_reset=True
[2026-09-22 11:07:57.052] [svulkan2] [warning] A second renderer will share the same internal context with the first one. Arguments passed to constructor will be ignored.
[LaptopEnv] change_instance_when_reset=True
[2026-09-22 11:08:12.729] [svulkan2] [warning] A second renderer will share the same internal context with the first one. Arguments passed to constructor will be ignored.
[BucketEnv] change_instance_when_reset=True
[2026-09-22 11:09:58.331] [SAPIEN] [error] Failed to load visual mesh: /data/users/zhouyike/dexCG/third_party/dexart/assets/sapien/10090/textured_objs/new-1.obj
[2026-09-22 11:10:35.342] [SAPIEN] [error] Failed to load visual mesh: /data/users/zhouyike/dexCG/third_party/dexart/assets/sapien/10090/textured_objs/new-1.obj
[2026-09-22 11:14:48.437] [svulkan2] [warning] A second renderer will share the same internal context with the first one. Arguments passed to constructor will be ignored.
[BucketEnv] change_instance_when_reset=True
[2026-09-22 11:21:51.431] [svulkan2] [warning] A second renderer will share the same internal context with the first one. Arguments passed to constructor will be ignored.
[BucketEnv] change_instance_when_reset=True
epoch=1301 step=97550 loss=6.38011
{"epoch": 1301, "global_step": 97575, "learning_rate": 0.00012088231143350884, "teacher_forcing": 1.0, "predicted_contact_fraction": 0.0, "epoch_seconds": 18.912556319963187, "elapsed_hours": 11.409740685742452, "loss": 6.469507649739583, "loss_alignment": 0.2600676918029785, "loss_coefficient": 3.491502176920573, "loss_contact": 0.0, "loss_gate": 2.5595605977376303, "loss_reconstruction": 0.15837709744771322}
epoch=1302 step=97600 loss=6.41502
epoch=1302 step=97650 loss=5.82416
{"epoch": 1302, "global_step": 97650, "learning_rate": 0.00012077977501669613, "teacher_forcing": 1.0, "predicted_contact_fraction": 0.0, "epoch_seconds": 18.578461575787514, "elapsed_hours": 11.41490284230172, "loss": 6.217518717447916, "loss_alignment": 0.22317943572998047, "loss_coefficient": 3.3086837259928386, "loss_contact": 0.0, "loss_gate": 2.5296841939290364, "loss_reconstruction": 0.1559717019399007}
epoch=1303 step=97700 loss=6.44060
{"epoch": 1303, "global_step": 97725, "learning_rate": 0.00012067721576158874, "teacher_forcing": 1.0, "predicted_contact_fraction": 0.0, "epoch_seconds": 17.921026987954974, "elapsed_hours": 11.419882332456377, "loss": 6.37628153483073, "loss_alignment": 0.23444051742553712, "loss_coefficient": 3.449820556640625, "loss_contact": 0.0, "loss_gate": 2.5337284342447917, "loss_reconstruction": 0.15829250971476236}
epoch=1304 step=97750 loss=6.37010
epoch=1304 step=97800 loss=6.18314
{"epoch": 1304, "global_step": 97800, "learning_rate": 0.00012057463378090578, "teacher_forcing": 1.0, "predicted_contact_fraction": 0.0, "epoch_seconds": 18.21786969108507, "elapsed_hours": 11.424944269680548, "loss": 6.549867960611979, "loss_alignment": 0.24392602920532228, "loss_coefficient": 3.608093058268229, "loss_contact": 0.0, "loss_gate": 2.539068349202474, "loss_reconstruction": 0.15878047307332357}
epoch=1305 step=97850 loss=5.88137
{"epoch": 1305, "global_step": 97875, "learning_rate": 0.0001204720291873914, "teacher_forcing": 1.0, "predicted_contact_fraction": 0.0, "epoch_seconds": 18.272325499914587, "elapsed_hours": 11.430021351164775, "loss": 6.53030771891276, "loss_alignment": 0.260094731648763, "loss_coefficient": 3.564098917643229, "loss_contact": 0.0, "loss_gate": 2.547874094645182, "loss_reconstruction": 0.158239959081014}
epoch=1306 step=97900 loss=6.54180
epoch=1306 step=97950 loss=6.54983
{"epoch": 1306, "global_step": 97950, "learning_rate": 0.00012036940209381456, "teacher_forcing": 1.0, "predicted_contact_fraction": 0.0, "epoch_seconds": 18.498029064852744, "elapsed_hours": 11.435161254697014, "loss": 6.403413696289062, "loss_alignment": 0.24472464243570963, "loss_coefficient": 3.4561196899414064, "loss_contact": 0.0, "loss_gate": 2.5449650065104166, "loss_reconstruction": 0.15760475794474285}
epoch=1307 step=98000 loss=6.83925
{"epoch": 1307, "global_step": 98025, "learning_rate": 0.00012026675261296895, "teacher_forcing": 1.0, "predicted_contact_fraction": 0.0, "epoch_seconds": 18.276850413065404, "elapsed_hours": 11.440239585845783, "loss": 6.463579508463542, "loss_alignment": 0.25173496882120766, "loss_coefficient": 3.509915974934896, "loss_contact": 0.0, "loss_gate": 2.5438736979166667, "loss_reconstruction": 0.15805499076843263}
epoch=1308 step=98050 loss=7.19529
epoch=1308 step=98100 loss=6.77971
{"epoch": 1308, "global_step": 98100, "learning_rate": 0.00012016408085767292, "teacher_forcing": 1.0, "predicted_contact_fraction": 0.0, "epoch_seconds": 18.340520155150443, "elapsed_hours": 11.445335631131893, "loss": 6.392293497721354, "loss_alignment": 0.23348612467447916, "loss_coefficient": 3.470672709147135, "loss_contact": 0.0, "loss_gate": 2.5310374450683595, "loss_reconstruction": 0.15709710121154785}
epoch=1309 step=98150 loss=6.58097
{"epoch": 1309, "global_step": 98175, "learning_rate": 0.00012006138694076922, "teacher_forcing": 1.0, "predicted_contact_fraction": 0.0, "epoch_seconds": 18.469311388675123, "elapsed_hours": 11.450467647940258, "loss": 6.477436319986979, "loss_alignment": 0.24391103744506837, "loss_coefficient": 3.5429476928710937, "loss_contact": 0.0, "loss_gate": 2.532681172688802, "loss_reconstruction": 0.1578964614868164}
epoch=1310 step=98200 loss=6.04162
epoch=1310 step=98250 loss=6.28118
{"epoch": 1310, "global_step": 98250, "learning_rate": 0.00011995867097512504, "teacher_forcing": 1.0, "predicted_contact_fraction": 0.0, "epoch_seconds": 18.997000189963728, "elapsed_hours": 11.455746065955351, "loss": 6.4389677937825525, "loss_alignment": 0.2471385129292806, "loss_coefficient": 3.498405253092448, "loss_contact": 0.0, "loss_gate": 2.535911661783854, "loss_reconstruction": 0.1575128173828125}
epoch=1311 step=98300 loss=6.69363
{"epoch": 1311, "global_step": 98325, "learning_rate": 0.00011985593307363172, "teacher_forcing": 1.0, "predicted_contact_fraction": 0.0, "epoch_seconds": 18.263417213223875, "elapsed_hours": 11.460959806212793, "loss": 6.506581522623698, "loss_alignment": 0.2319148381551107, "loss_coefficient": 3.583787027994792, "loss_contact": 0.0, "loss_gate": 2.5326552327473957, "loss_reconstruction": 0.15822484334309897}
epoch=1312 step=98350 loss=6.39076
epoch=1312 step=98400 loss=7.60283
{"epoch": 1312, "global_step": 98400, "learning_rate": 0.00011975317334920477, "teacher_forcing": 1.0, "predicted_contact_fraction": 0.0, "epoch_seconds": 18.624053129926324, "elapsed_hours": 11.466134704660055, "loss": 6.3842599487304685, "loss_alignment": 0.23645851135253906, "loss_coefficient": 3.463636678059896, "loss_contact": 0.0, "loss_gate": 2.527058308919271, "loss_reconstruction": 0.15710672696431477}
epoch=1313 step=98450 loss=6.41780
{"epoch": 1313, "global_step": 98475, "learning_rate": 0.00011965039191478366, "teacher_forcing": 1.0, "predicted_contact_fraction": 0.0, "epoch_seconds": 18.728525556158274, "elapsed_hours": 11.471338628395332, "loss": 6.380363057454427, "loss_alignment": 0.24369945526123046, "loss_coefficient": 3.4444024658203123, "loss_contact": 0.0, "loss_gate": 2.5356241861979165, "loss_reconstruction": 0.15663713773091634}
epoch=1314 step=98500 loss=6.53302
epoch=1314 step=98550 loss=6.88541
{"epoch": 1314, "global_step": 98550, "learning_rate": 0.00011954758888333175, "teacher_forcing": 1.0, "predicted_contact_fraction": 0.0, "epoch_seconds": 18.134837232064456, "elapsed_hours": 11.476377685448906, "loss": 6.490775655110677, "loss_alignment": 0.238443603515625, "loss_coefficient": 3.5630192057291667, "loss_contact": 0.0, "loss_gate": 2.5306435139973957, "loss_reconstruction": 0.1586691983540853}
epoch=1315 step=98600 loss=6.81675
{"epoch": 1315, "global_step": 98625, "learning_rate": 0.00011944476436783607, "teacher_forcing": 1.0, "predicted_contact_fraction": 0.0, "epoch_seconds": 17.776530942879617, "elapsed_hours": 11.481317117502007, "loss": 6.471569213867188, "loss_alignment": 0.25870771408081056, "loss_coefficient": 3.5064824422200522, "loss_contact": 0.0, "loss_gate": 2.548556213378906, "loss_reconstruction": 0.15782293955485027}
epoch=1316 step=98650 loss=7.17948
epoch=1316 step=98700 loss=6.15445
{"epoch": 1316, "global_step": 98700, "learning_rate": 0.00011934191848130731, "teacher_forcing": 1.0, "predicted_contact_fraction": 0.0, "epoch_seconds": 18.127107023261487, "elapsed_hours": 11.486353855042253, "loss": 6.506128336588541, "loss_alignment": 0.23186952590942383, "loss_coefficient": 3.590504252115885, "loss_contact": 0.0, "loss_gate": 2.525623321533203, "loss_reconstruction": 0.15813162167867026}
epoch=1317 step=98750 loss=5.93648
{"epoch": 1317, "global_step": 98775, "learning_rate": 0.00011923905133677966, "teacher_forcing": 1.0, "predicted_contact_fraction": 0.0, "epoch_seconds": 18.01107139000669, "elapsed_hours": 11.49135836209274, "loss": 6.393201090494792, "loss_alignment": 0.242781187693278, "loss_coefficient": 3.4611866760253904, "loss_contact": 0.0, "loss_gate": 2.532664540608724, "loss_reconstruction": 0.15656824429829916}
epoch=1318 step=98800 loss=6.08152
epoch=1318 step=98850 loss=6.79113
{"epoch": 1318, "global_step": 98850, "learning_rate": 0.00011913616304731063, "teacher_forcing": 1.0, "predicted_contact_fraction": 0.0, "epoch_seconds": 17.656093895900995, "elapsed_hours": 11.496264242753904, "loss": 6.326837056477864, "loss_alignment": 0.23502541859944662, "loss_coefficient": 3.407839762369792, "loss_contact": 0.0, "loss_gate": 2.5265933736165365, "loss_reconstruction": 0.15737867673238118}
epoch=1319 step=98900 loss=6.68159
{"epoch": 1319, "global_step": 98925, "learning_rate": 0.00011903325372598106, "teacher_forcing": 1.0, "predicted_contact_fraction": 0.0, "epoch_seconds": 18.089670544024557, "elapsed_hours": 11.501290566615578, "loss": 6.494843444824219, "loss_alignment": 0.2370086669921875, "loss_coefficient": 3.577416788736979, "loss_contact": 0.0, "loss_gate": 2.522963307698568, "loss_reconstruction": 0.15745444615681967}
epoch=1320 step=98950 loss=6.30352
epoch=1320 step=99000 loss=6.28323
{"epoch": 1320, "global_step": 99000, "learning_rate": 0.00011893032348589478, "teacher_forcing": 1.0, "predicted_contact_fraction": 0.0, "epoch_seconds": 18.350729851052165, "elapsed_hours": 11.506389632250906, "loss": 6.416176147460938, "loss_alignment": 0.2382864252726237, "loss_coefficient": 3.494471232096354, "loss_contact": 0.0, "loss_gate": 2.5261270650227865, "loss_reconstruction": 0.15729167620340984}
epoch=1321 step=99050 loss=6.69860
{"epoch": 1321, "global_step": 99075, "learning_rate": 0.00011882737244017869, "teacher_forcing": 1.0, "predicted_contact_fraction": 0.0, "epoch_seconds": 18.606673394795507, "elapsed_hours": 11.511699156729996, "loss": 6.3904427083333335, "loss_alignment": 0.239688720703125, "loss_coefficient": 3.4640658060709635, "loss_contact": 0.0, "loss_gate": 2.5295397440592446, "loss_reconstruction": 0.15714844385782878}
epoch=1322 step=99100 loss=6.47649
epoch=1322 step=99150 loss=6.34898
{"epoch": 1322, "global_step": 99150, "learning_rate": 0.00011872440070198254, "teacher_forcing": 1.0, "predicted_contact_fraction": 0.0, "epoch_seconds": 18.574619906954467, "elapsed_hours": 11.516860570219707, "loss": 6.3703690592447915, "loss_alignment": 0.23235328674316405, "loss_coefficient": 3.460283457438151, "loss_contact": 0.0, "loss_gate": 2.520132090250651, "loss_reconstruction": 0.15760018984476726}
epoch=1323 step=99200 loss=6.77672
{"epoch": 1323, "global_step": 99225, "learning_rate": 0.0001186214083844788, "teacher_forcing": 1.0, "predicted_contact_fraction": 0.0, "epoch_seconds": 18.181132653262466, "elapsed_hours": 11.521912462633594, "loss": 6.550082499186198, "loss_alignment": 0.24648523966471353, "loss_coefficient": 3.613546142578125, "loss_contact": 0.0, "loss_gate": 2.5312541198730467, "loss_reconstruction": 0.15879724502563478}
epoch=1324 step=99250 loss=5.73624
epoch=1324 step=99300 loss=6.76748
{"epoch": 1324, "global_step": 99300, "learning_rate": 0.0001185183956008626, "teacher_forcing": 1.0, "predicted_contact_fraction": 0.0, "epoch_seconds": 18.12357072485611, "elapsed_hours": 11.526948242680065, "loss": 6.497539367675781, "loss_alignment": 0.24939496994018553, "loss_coefficient": 3.5575736490885417, "loss_contact": 0.0, "loss_gate": 2.532491200764974, "loss_reconstruction": 0.15807920773824055}
epoch=1325 step=99350 loss=6.22570
{"epoch": 1325, "global_step": 99375, "learning_rate": 0.00011841536246435154, "teacher_forcing": 1.0, "predicted_contact_fraction": 0.0, "epoch_seconds": 18.29945898288861, "elapsed_hours": 11.53203282995861, "loss": 6.432354736328125, "loss_alignment": 0.24541118621826172, "loss_coefficient": 3.496451416015625, "loss_contact": 0.0, "loss_gate": 2.5338377888997394, "loss_reconstruction": 0.15665402094523112}
epoch=1326 step=99400 loss=6.08892
epoch=1326 step=99450 loss=6.85921
{"epoch": 1326, "global_step": 99450, "learning_rate": 0.00011831230908818563, "teacher_forcing": 1.0, "predicted_contact_fraction": 0.0, "epoch_seconds": 18.809780415613204, "elapsed_hours": 11.537259264011713, "loss": 6.354408162434896, "loss_alignment": 0.22629205067952474, "loss_coefficient": 3.4557726033528646, "loss_contact": 0.0, "loss_gate": 2.515824635823568, "loss_reconstruction": 0.1565186055501302}
epoch=1327 step=99500 loss=6.65455
{"epoch": 1327, "global_step": 99525, "learning_rate": 0.000118209235585627, "teacher_forcing": 1.0, "predicted_contact_fraction": 0.0, "epoch_seconds": 18.141502482816577, "elapsed_hours": 11.542299986300575, "loss": 6.486333312988282, "loss_alignment": 0.24997802734375, "loss_coefficient": 3.544333190917969, "loss_contact": 0.0, "loss_gate": 2.5335939025878904, "loss_reconstruction": 0.15842858950297037}
epoch=1328 step=99550 loss=6.08808
epoch=1328 step=99600 loss=5.73712
{"epoch": 1328, "global_step": 99600, "learning_rate": 0.00011810614206996007, "teacher_forcing": 1.0, "predicted_contact_fraction": 0.0, "epoch_seconds": 18.274891837965697, "elapsed_hours": 11.547377932456632, "loss": 6.364172566731771, "loss_alignment": 0.2245449384053548, "loss_coefficient": 3.468977355957031, "loss_contact": 0.0, "loss_gate": 2.5134844970703125, "loss_reconstruction": 0.15716604868570963}
epoch=1329 step=99650 loss=5.49962
{"epoch": 1329, "global_step": 99675, "learning_rate": 0.00011800302865449111, "teacher_forcing": 1.0, "predicted_contact_fraction": 0.0, "epoch_seconds": 18.16433655610308, "elapsed_hours": 11.552424993343367, "loss": 6.291502176920573, "loss_alignment": 0.24562515258789064, "loss_coefficient": 3.3692052205403646, "loss_contact": 0.0, "loss_gate": 2.5215838623046873, "loss_reconstruction": 0.1550874964396159}
epoch=1330 step=99700 loss=5.88509
epoch=1330 step=99750 loss=7.07489
{"epoch": 1330, "global_step": 99750, "learning_rate": 0.00011789989545254836, "teacher_forcing": 1.0, "predicted_contact_fraction": 0.0, "epoch_seconds": 18.03845816105604, "elapsed_hours": 11.557437061816971, "loss": 6.24460205078125, "loss_alignment": 0.23247822443644206, "loss_coefficient": 3.3413704935709636, "loss_contact": 0.0, "loss_gate": 2.51470957438151, "loss_reconstruction": 0.1560430177052816}
epoch=1331 step=99800 loss=5.98930
{"epoch": 1331, "global_step": 99825, "learning_rate": 0.00011779674257748177, "teacher_forcing": 1.0, "predicted_contact_fraction": 0.0, "epoch_seconds": 18.240696841850877, "elapsed_hours": 11.562641712743659, "loss": 6.429993184407552, "loss_alignment": 0.2373760986328125, "loss_coefficient": 3.5202723185221356, "loss_contact": 0.0, "loss_gate": 2.5144834391276043, "loss_reconstruction": 0.1578615125020345}
epoch=1332 step=99850 loss=6.74417
epoch=1332 step=99900 loss=6.02538
{"epoch": 1332, "global_step": 99900, "learning_rate": 0.00011769357014266291, "teacher_forcing": 1.0, "predicted_contact_fraction": 0.0, "epoch_seconds": 18.302999563049525, "elapsed_hours": 11.567727329373593, "loss": 6.440743001302083, "loss_alignment": 0.24564096450805664, "loss_coefficient": 3.516140848795573, "loss_contact": 0.0, "loss_gate": 2.521455841064453, "loss_reconstruction": 0.15750595728556316}
epoch=1333 step=99950 loss=6.41310
{"epoch": 1333, "global_step": 99975, "learning_rate": 0.00011759037826148483, "teacher_forcing": 1.0, "predicted_contact_fraction": 0.0, "epoch_seconds": 18.88506875280291, "elapsed_hours": 11.572974592376914, "loss": 6.50782969156901, "loss_alignment": 0.24815967559814453, "loss_coefficient": 3.5798353068033855, "loss_contact": 0.0, "loss_gate": 2.521617685953776, "loss_reconstruction": 0.15821771939595541}
epoch=1334 step=100000 loss=6.59962
epoch=1334 step=100050 loss=6.60034
{"epoch": 1334, "global_step": 100050, "learning_rate": 0.00011748716704736198, "teacher_forcing": 1.0, "predicted_contact_fraction": 0.0, "epoch_seconds": 18.590580218937248, "elapsed_hours": 11.57814008449062, "loss": 6.404039001464843, "loss_alignment": 0.23270145416259766, "loss_coefficient": 3.5003566487630207, "loss_contact": 0.0, "loss_gate": 2.514091033935547, "loss_reconstruction": 0.15689011255900065}
epoch=1335 step=100100 loss=6.25263
{"epoch": 1335, "global_step": 100125, "learning_rate": 0.00011738393661373004, "teacher_forcing": 1.0, "predicted_contact_fraction": 0.0, "epoch_seconds": 18.001088238786906, "elapsed_hours": 11.583141974706152, "loss": 6.276641642252605, "loss_alignment": 0.24043907801310221, "loss_coefficient": 3.3608079528808594, "loss_contact": 0.0, "loss_gate": 2.519431864420573, "loss_reconstruction": 0.15596179962158202}
epoch=1336 step=100150 loss=6.30660
epoch=1336 step=100200 loss=6.95985
{"epoch": 1336, "global_step": 100200, "learning_rate": 0.00011728068707404587, "teacher_forcing": 1.0, "predicted_contact_fraction": 0.0, "epoch_seconds": 19.11659648315981, "elapsed_hours": 11.588453564264217, "loss": 6.381327819824219, "loss_alignment": 0.2436963144938151, "loss_coefficient": 3.4591105143229166, "loss_contact": 0.0, "loss_gate": 2.521444091796875, "loss_reconstruction": 0.15707768440246583}
epoch=1337 step=100250 loss=5.98952
{"epoch": 1337, "global_step": 100275, "learning_rate": 0.00011717741854178723, "teacher_forcing": 1.0, "predicted_contact_fraction": 0.0, "epoch_seconds": 18.235142193734646, "elapsed_hours": 11.593520410255037, "loss": 6.4821865844726565, "loss_alignment": 0.26257200876871745, "loss_coefficient": 3.529917907714844, "loss_contact": 0.0, "loss_gate": 2.5320999654134115, "loss_reconstruction": 0.15759623527526856}
epoch=1338 step=100300 loss=6.26021
epoch=1338 step=100350 loss=5.70302
{"epoch": 1338, "global_step": 100350, "learning_rate": 0.00011707413113045282, "teacher_forcing": 1.0, "predicted_contact_fraction": 0.0, "epoch_seconds": 18.415861401241273, "elapsed_hours": 11.59863741418088, "loss": 6.187350260416666, "loss_alignment": 0.23421606063842773, "loss_coefficient": 3.286351725260417, "loss_contact": 0.0, "loss_gate": 2.511872049967448, "loss_reconstruction": 0.15491074562072754}
epoch=1339 step=100400 loss=6.77161
{"epoch": 1339, "global_step": 100425, "learning_rate": 0.00011697082495356211, "teacher_forcing": 1.0, "predicted_contact_fraction": 0.0, "epoch_seconds": 18.354260013904423, "elapsed_hours": 11.603737314257565, "loss": 6.1747513834635415, "loss_alignment": 0.23227850596110025, "loss_coefficient": 3.2774656677246092, "loss_contact": 0.0, "loss_gate": 2.510434010823568, "loss_reconstruction": 0.1545727793375651}
epoch=1340 step=100450 loss=6.71092
epoch=1340 step=100500 loss=7.12013
{"epoch": 1340, "global_step": 100500, "learning_rate": 0.00011686750012465513, "teacher_forcing": 1.0, "predicted_contact_fraction": 0.0, "epoch_seconds": 18.606824678368866, "elapsed_hours": 11.608907303086921, "loss": 6.2366935221354165, "loss_alignment": 0.2233221435546875, "loss_coefficient": 3.3520526123046874, "loss_contact": 0.0, "loss_gate": 2.5064556884765623, "loss_reconstruction": 0.154863011042277}
epoch=1341 step=100550 loss=5.92920
{"epoch": 1341, "global_step": 100575, "learning_rate": 0.00011676415675729244, "teacher_forcing": 1.0, "predicted_contact_fraction": 0.0, "epoch_seconds": 18.308229009155184, "elapsed_hours": 11.614136441613859, "loss": 6.258574829101563, "loss_alignment": 0.23651198705037435, "loss_coefficient": 3.3559432474772137, "loss_contact": 0.0, "loss_gate": 2.5105721537272134, "loss_reconstruction": 0.15554729143778484}
epoch=1342 step=100600 loss=7.00367
epoch=1342 step=100650 loss=5.46381
{"epoch": 1342, "global_step": 100650, "learning_rate": 0.00011666079496505495, "teacher_forcing": 1.0, "predicted_contact_fraction": 0.0, "epoch_seconds": 18.547754352912307, "elapsed_hours": 11.61929001126917, "loss": 6.304907328287761, "loss_alignment": 0.23051687240600585, "loss_coefficient": 3.4096689860026044, "loss_contact": 0.0, "loss_gate": 2.5078694152832033, "loss_reconstruction": 0.15685195604960123}
epoch=1343 step=100700 loss=6.62365
{"epoch": 1343, "global_step": 100725, "learning_rate": 0.00011655741486154395, "teacher_forcing": 1.0, "predicted_contact_fraction": 0.0, "epoch_seconds": 19.19366331305355, "elapsed_hours": 11.624623016500587, "loss": 6.299954427083334, "loss_alignment": 0.22925809860229493, "loss_coefficient": 3.406825205485026, "loss_contact": 0.0, "loss_gate": 2.507252655029297, "loss_reconstruction": 0.15661938667297362}
epoch=1344 step=100750 loss=6.85579
epoch=1344 step=100800 loss=6.11961
{"epoch": 1344, "global_step": 100800, "learning_rate": 0.0001164540165603806, "teacher_forcing": 1.0, "predicted_contact_fraction": 0.0, "epoch_seconds": 18.389235560316592, "elapsed_hours": 11.629732599771168, "loss": 6.3742726643880205, "loss_alignment": 0.2403489367167155, "loss_coefficient": 3.4662237548828125, "loss_contact": 0.0, "loss_gate": 2.5107559712727863, "loss_reconstruction": 0.15694353739420572}
epoch=1345 step=100850 loss=6.63215
{"epoch": 1345, "global_step": 100875, "learning_rate": 0.00011635060017520634, "teacher_forcing": 1.0, "predicted_contact_fraction": 0.0, "epoch_seconds": 18.82608896913007, "elapsed_hours": 11.634963488812533, "loss": 6.103265787760416, "loss_alignment": 0.22989346822102866, "loss_coefficient": 3.2189727274576825, "loss_contact": 0.0, "loss_gate": 2.4998014322916666, "loss_reconstruction": 0.15459797859191896}
epoch=1346 step=100900 loss=6.64929
epoch=1346 step=100950 loss=5.65120
{"epoch": 1346, "global_step": 100950, "learning_rate": 0.00011624716581968224, "teacher_forcing": 1.0, "predicted_contact_fraction": 0.0, "epoch_seconds": 18.476248502731323, "elapsed_hours": 11.640097183148091, "loss": 6.219242350260417, "loss_alignment": 0.24553157170613607, "loss_coefficient": 3.3101292419433594, "loss_contact": 0.0, "loss_gate": 2.5082710774739585, "loss_reconstruction": 0.15530986467997232}
epoch=1347 step=101000 loss=7.14338
{"epoch": 1347, "global_step": 101025, "learning_rate": 0.00011614371360748935, "teacher_forcing": 1.0, "predicted_contact_fraction": 0.0, "epoch_seconds": 18.756960679311305, "elapsed_hours": 11.645309152182502, "loss": 6.428651936848959, "loss_alignment": 0.24842922846476237, "loss_coefficient": 3.504411315917969, "loss_contact": 0.0, "loss_gate": 2.5185054524739585, "loss_reconstruction": 0.1573062992095947}
epoch=1348 step=101050 loss=6.50680
epoch=1348 step=101100 loss=6.37471
{"epoch": 1348, "global_step": 101100, "learning_rate": 0.00011604024365232815, "teacher_forcing": 1.0, "predicted_contact_fraction": 0.0, "epoch_seconds": 19.270007043145597, "elapsed_hours": 11.65066334473202, "loss": 6.459286397298177, "loss_alignment": 0.25363890329996747, "loss_coefficient": 3.523739217122396, "loss_contact": 0.0, "loss_gate": 2.5240777079264323, "loss_reconstruction": 0.15783129374186197}
epoch=1349 step=101150 loss=6.00803
{"epoch": 1349, "global_step": 101175, "learning_rate": 0.00011593675606791879, "teacher_forcing": 1.0, "predicted_contact_fraction": 0.0, "epoch_seconds": 18.505732385907322, "elapsed_hours": 11.655805282537282, "loss": 6.3770604451497395, "loss_alignment": 0.2392800458272298, "loss_coefficient": 3.4736399332682293, "loss_contact": 0.0, "loss_gate": 2.5069812520345054, "loss_reconstruction": 0.15715978622436524}
epoch=1350 step=101200 loss=6.22081
epoch=1350 step=101250 loss=5.82626
{"epoch": 1350, "global_step": 101250, "learning_rate": 0.00011583325096800061, "teacher_forcing": 1.0, "predicted_contact_fraction": 0.0, "epoch_seconds": 18.32876180205494, "elapsed_hours": 11.660898134924679, "loss": 6.413732604980469, "loss_alignment": 0.23549097061157226, "loss_coefficient": 3.5150272623697916, "loss_contact": 0.0, "loss_gate": 2.5056268819173177, "loss_reconstruction": 0.15758670171101888}
epoch=1351 step=101300 loss=7.51052
{"epoch": 1351, "global_step": 101325, "learning_rate": 0.00011572972846633234, "teacher_forcing": 1.0, "predicted_contact_fraction": 0.0, "epoch_seconds": 18.375067347195, "elapsed_hours": 11.666150700241172, "loss": 6.5645696004231775, "loss_alignment": 0.25113736470540365, "loss_coefficient": 3.6426526896158853, "loss_contact": 0.0, "loss_gate": 2.5123780314127604, "loss_reconstruction": 0.15840112368265788}
epoch=1352 step=101350 loss=6.69417
epoch=1352 step=101400 loss=6.69327
{"epoch": 1352, "global_step": 101400, "learning_rate": 0.00011562618867669182, "teacher_forcing": 1.0, "predicted_contact_fraction": 0.0, "epoch_seconds": 18.52500534011051, "elapsed_hours": 11.671298291512196, "loss": 6.306773376464844, "loss_alignment": 0.23776121775309245, "loss_coefficient": 3.4048016357421873, "loss_contact": 0.0, "loss_gate": 2.508425445556641, "loss_reconstruction": 0.15578530629475912}
epoch=1353 step=101450 loss=6.24382
{"epoch": 1353, "global_step": 101475, "learning_rate": 0.00011552263171287583, "teacher_forcing": 1.0, "predicted_contact_fraction": 0.0, "epoch_seconds": 18.211022809147835, "elapsed_hours": 11.676358378781911, "loss": 6.353477274576823, "loss_alignment": 0.2340285046895345, "loss_coefficient": 3.4588067626953123, "loss_contact": 0.0, "loss_gate": 2.5038772074381512, "loss_reconstruction": 0.15676416714986166}
epoch=1354 step=101500 loss=5.82918
epoch=1354 step=101550 loss=6.37902
{"epoch": 1354, "global_step": 101550, "learning_rate": 0.00011541905768870008, "teacher_forcing": 1.0, "predicted_contact_fraction": 0.0, "epoch_seconds": 18.582121674902737, "elapsed_hours": 11.681521498641361, "loss": 6.274197692871094, "loss_alignment": 0.2444428571065267, "loss_coefficient": 3.3585496012369793, "loss_contact": 0.0, "loss_gate": 2.5157595316569012, "loss_reconstruction": 0.15544621149698892}
epoch=1355 step=101600 loss=5.40822
{"epoch": 1355, "global_step": 101625, "learning_rate": 0.00011531546671799902, "teacher_forcing": 1.0, "predicted_contact_fraction": 0.0, "epoch_seconds": 18.45125650195405, "elapsed_hours": 11.686648367014197, "loss": 6.129346008300781, "loss_alignment": 0.2236039670308431, "loss_coefficient": 3.257939961751302, "loss_contact": 0.0, "loss_gate": 2.4930233256022136, "loss_reconstruction": 0.15477877298990886}
epoch=1356 step=101650 loss=6.30068
epoch=1356 step=101700 loss=6.65427
{"epoch": 1356, "global_step": 101700, "learning_rate": 0.00011521185891462571, "teacher_forcing": 1.0, "predicted_contact_fraction": 0.0, "epoch_seconds": 18.37598271621391, "elapsed_hours": 11.691754227269751, "loss": 6.2913134765625, "loss_alignment": 0.23691635131835936, "loss_coefficient": 3.394275410970052, "loss_contact": 0.0, "loss_gate": 2.50473876953125, "loss_reconstruction": 0.15538254419962566}
epoch=1357 step=101750 loss=6.64933
{"epoch": 1357, "global_step": 101775, "learning_rate": 0.00011510823439245169, "teacher_forcing": 1.0, "predicted_contact_fraction": 0.0, "epoch_seconds": 18.48640192206949, "elapsed_hours": 11.696890772245048, "loss": 6.283538411458333, "loss_alignment": 0.2418761189778646, "loss_coefficient": 3.3823524475097657, "loss_contact": 0.0, "loss_gate": 2.5028888448079427, "loss_reconstruction": 0.1564211654663086}
epoch=1358 step=101800 loss=5.98547
epoch=1358 step=101850 loss=6.36252
{"epoch": 1358, "global_step": 101850, "learning_rate": 0.00011500459326536693, "teacher_forcing": 1.0, "predicted_contact_fraction": 0.0, "epoch_seconds": 18.50526640098542, "elapsed_hours": 11.70203274026112, "loss": 6.402275797526042, "loss_alignment": 0.24486893971761067, "loss_coefficient": 3.490384521484375, "loss_contact": 0.0, "loss_gate": 2.5102950032552083, "loss_reconstruction": 0.15672712961832683}
epoch=1359 step=101900 loss=6.01535
{"epoch": 1359, "global_step": 101925, "learning_rate": 0.0001149009356472796, "teacher_forcing": 1.0, "predicted_contact_fraction": 0.0, "epoch_seconds": 18.658450257964432, "elapsed_hours": 11.70721708946331, "loss": 6.451789143880208, "loss_alignment": 0.2542499287923177, "loss_coefficient": 3.5282298787434896, "loss_contact": 0.0, "loss_gate": 2.512018127441406, "loss_reconstruction": 0.15729187965393066}
epoch=1360 step=101950 loss=6.66068
epoch=1360 step=102000 loss=6.54098
{"epoch": 1360, "global_step": 102000, "learning_rate": 0.00011479726165211609, "teacher_forcing": 1.0, "predicted_contact_fraction": 0.0, "epoch_seconds": 19.56793388677761, "elapsed_hours": 11.712654394426952, "loss": 6.441028442382812, "loss_alignment": 0.2519552421569824, "loss_coefficient": 3.525681457519531, "loss_contact": 0.0, "loss_gate": 2.50606450398763, "loss_reconstruction": 0.15732690493265789}
epoch=1361 step=102050 loss=5.56752
{"epoch": 1361, "global_step": 102075, "learning_rate": 0.0001146935713938206, "teacher_forcing": 1.0, "predicted_contact_fraction": 0.0, "epoch_seconds": 18.765098122879863, "elapsed_hours": 11.718010465479974, "loss": 6.194892171223958, "loss_alignment": 0.22784761428833009, "loss_coefficient": 3.3168740844726563, "loss_contact": 0.0, "loss_gate": 2.4950973002115884, "loss_reconstruction": 0.15507372538248698}
epoch=1362 step=102100 loss=5.83897
epoch=1362 step=102150 loss=6.90800
{"epoch": 1362, "global_step": 102150, "learning_rate": 0.00011458986498635542, "teacher_forcing": 1.0, "predicted_contact_fraction": 0.0, "epoch_seconds": 20.09466867474839, "elapsed_hours": 11.723593766231918, "loss": 6.103138834635416, "loss_alignment": 0.22769864400227866, "loss_coefficient": 3.2286617024739583, "loss_contact": 0.0, "loss_gate": 2.4924017842610677, "loss_reconstruction": 0.15437641779581707}
epoch=1363 step=102200 loss=5.69688
{"epoch": 1363, "global_step": 102225, "learning_rate": 0.00011448614254370041, "teacher_forcing": 1.0, "predicted_contact_fraction": 0.0, "epoch_seconds": 19.68548583611846, "elapsed_hours": 11.729064003614994, "loss": 6.305612487792969, "loss_alignment": 0.23572267532348634, "loss_coefficient": 3.4184547424316407, "loss_contact": 0.0, "loss_gate": 2.49520258585612, "loss_reconstruction": 0.1562331263224284}
epoch=1364 step=102250 loss=6.38737
epoch=1364 step=102300 loss=6.34611
{"epoch": 1364, "global_step": 102300, "learning_rate": 0.00011438240417985319, "teacher_forcing": 1.0, "predicted_contact_fraction": 0.0, "epoch_seconds": 19.299407206010073, "elapsed_hours": 11.734426425351735, "loss": 6.1546269734700525, "loss_alignment": 0.22733927408854165, "loss_coefficient": 3.2825499979654946, "loss_contact": 0.0, "loss_gate": 2.4895172627766926, "loss_reconstruction": 0.15522007942199706}
epoch=1365 step=102350 loss=6.49232
{"epoch": 1365, "global_step": 102375, "learning_rate": 0.0001142786500088288, "teacher_forcing": 1.0, "predicted_contact_fraction": 0.0, "epoch_seconds": 18.778359164018184, "elapsed_hours": 11.739644250887473, "loss": 6.373895365397136, "loss_alignment": 0.23719820022583007, "loss_coefficient": 3.483514811197917, "loss_contact": 0.0, "loss_gate": 2.4966754659016925, "loss_reconstruction": 0.1565062967936198}
epoch=1366 step=102400 loss=7.28576
epoch=1366 step=102450 loss=6.33458
{"epoch": 1366, "global_step": 102450, "learning_rate": 0.00011417488014465969, "teacher_forcing": 1.0, "predicted_contact_fraction": 0.0, "epoch_seconds": 19.25733012612909, "elapsed_hours": 11.744994972136338, "loss": 6.3351220703125, "loss_alignment": 0.23352694193522136, "loss_coefficient": 3.4502161153157553, "loss_contact": 0.0, "loss_gate": 2.494706624348958, "loss_reconstruction": 0.15667272567749024}
epoch=1367 step=102500 loss=6.10786
{"epoch": 1367, "global_step": 102525, "learning_rate": 0.00011407109470139551, "teacher_forcing": 1.0, "predicted_contact_fraction": 0.0, "epoch_seconds": 19.290626300964504, "elapsed_hours": 11.75035500410996, "loss": 6.264266866048177, "loss_alignment": 0.2286444918314616, "loss_coefficient": 3.3906451416015626, "loss_contact": 0.0, "loss_gate": 2.488611246744792, "loss_reconstruction": 0.1563663641611735}
epoch=1368 step=102550 loss=6.59573
epoch=1368 step=102600 loss=6.26343
{"epoch": 1368, "global_step": 102600, "learning_rate": 0.00011396729379310311, "teacher_forcing": 1.0, "predicted_contact_fraction": 0.0, "epoch_seconds": 18.754701846279204, "elapsed_hours": 11.755566106507192, "loss": 6.356629130045573, "loss_alignment": 0.23289183298746743, "loss_coefficient": 3.475352071126302, "loss_contact": 0.0, "loss_gate": 2.4921247863769533, "loss_reconstruction": 0.15626023292541505}
epoch=1369 step=102650 loss=5.95690
{"epoch": 1369, "global_step": 102675, "learning_rate": 0.00011386347753386625, "teacher_forcing": 1.0, "predicted_contact_fraction": 0.0, "epoch_seconds": 18.702166783157736, "elapsed_hours": 11.760762610294494, "loss": 6.4444677734375, "loss_alignment": 0.25272526423136393, "loss_coefficient": 3.5304163614908854, "loss_contact": 0.0, "loss_gate": 2.503384755452474, "loss_reconstruction": 0.1579408836364746}
epoch=1370 step=102700 loss=5.48818
epoch=1370 step=102750 loss=6.28296
{"epoch": 1370, "global_step": 102750, "learning_rate": 0.00011375964603778561, "teacher_forcing": 1.0, "predicted_contact_fraction": 0.0, "epoch_seconds": 20.313982462044805, "elapsed_hours": 11.766407658295034, "loss": 6.269265747070312, "loss_alignment": 0.2215847142537435, "loss_coefficient": 3.410349375406901, "loss_contact": 0.0, "loss_gate": 2.482029978434245, "loss_reconstruction": 0.1553019364674886}
epoch=1371 step=102800 loss=6.76541
{"epoch": 1371, "global_step": 102825, "learning_rate": 0.00011365579941897865, "teacher_forcing": 1.0, "predicted_contact_fraction": 0.0, "epoch_seconds": 19.53072421485558, "elapsed_hours": 11.771981388562514, "loss": 6.3561083984375, "loss_alignment": 0.2371109453837077, "loss_coefficient": 3.472196350097656, "loss_contact": 0.0, "loss_gate": 2.4899748229980467, "loss_reconstruction": 0.15682682037353515}
epoch=1372 step=102850 loss=5.87275
epoch=1372 step=102900 loss=6.64475
{"epoch": 1372, "global_step": 102900, "learning_rate": 0.00011355193779157937, "teacher_forcing": 1.0, "predicted_contact_fraction": 0.0, "epoch_seconds": 18.59673146996647, "elapsed_hours": 11.777148593256458, "loss": 6.207966613769531, "loss_alignment": 0.22560742060343425, "loss_coefficient": 3.342230173746745, "loss_contact": 0.0, "loss_gate": 2.4851426188151042, "loss_reconstruction": 0.15498603502909342}
epoch=1373 step=102950 loss=7.29561
{"epoch": 1373, "global_step": 102975, "learning_rate": 0.00011344806126973832, "teacher_forcing": 1.0, "predicted_contact_fraction": 0.0, "epoch_seconds": 19.061788545921445, "elapsed_hours": 11.782445008219737, "loss": 6.436470540364583, "loss_alignment": 0.23765933990478516, "loss_coefficient": 3.5529439290364584, "loss_contact": 0.0, "loss_gate": 2.4883906555175783, "loss_reconstruction": 0.15747698148091635}
epoch=1374 step=103000 loss=5.80447
epoch=1374 step=103050 loss=6.73630
{"epoch": 1374, "global_step": 103050, "learning_rate": 0.00011334416996762238, "teacher_forcing": 1.0, "predicted_contact_fraction": 0.0, "epoch_seconds": 18.633524175733328, "elapsed_hours": 11.787622488527559, "loss": 6.337866312662761, "loss_alignment": 0.2402195103963216, "loss_coefficient": 3.4460303751627603, "loss_contact": 0.0, "loss_gate": 2.4955103556315104, "loss_reconstruction": 0.15610618591308595}
epoch=1375 step=103100 loss=6.10145
{"epoch": 1375, "global_step": 103125, "learning_rate": 0.00011324026399941477, "teacher_forcing": 1.0, "predicted_contact_fraction": 0.0, "epoch_seconds": 19.058662435039878, "elapsed_hours": 11.792918000957515, "loss": 6.2751023356119795, "loss_alignment": 0.25356678644816083, "loss_coefficient": 3.3667289225260415, "loss_contact": 0.0, "loss_gate": 2.49851801554362, "loss_reconstruction": 0.15628843307495116}
epoch=1376 step=103150 loss=5.88018
epoch=1376 step=103200 loss=6.69245
{"epoch": 1376, "global_step": 103200, "learning_rate": 0.00011313634347931466, "teacher_forcing": 1.0, "predicted_contact_fraction": 0.0, "epoch_seconds": 19.27837741514668, "elapsed_hours": 11.798274634238332, "loss": 6.277721252441406, "loss_alignment": 0.2291404914855957, "loss_coefficient": 3.4055709838867188, "loss_contact": 0.0, "loss_gate": 2.486913808186849, "loss_reconstruction": 0.1560968526204427}
epoch=1377 step=103250 loss=6.94514
{"epoch": 1377, "global_step": 103275, "learning_rate": 0.00011303240852153738, "teacher_forcing": 1.0, "predicted_contact_fraction": 0.0, "epoch_seconds": 19.44911623094231, "elapsed_hours": 11.803678786789792, "loss": 6.375098571777344, "loss_alignment": 0.233287353515625, "loss_coefficient": 3.497205810546875, "loss_contact": 0.0, "loss_gate": 2.4879998270670574, "loss_reconstruction": 0.15660508791605632}
epoch=1378 step=103300 loss=7.16890
epoch=1378 step=103350 loss=5.75975
{"epoch": 1378, "global_step": 103350, "learning_rate": 0.00011292845924031406, "teacher_forcing": 1.0, "predicted_contact_fraction": 0.0, "epoch_seconds": 19.350795635953546, "elapsed_hours": 11.809055600766635, "loss": 6.472383626302084, "loss_alignment": 0.25652804056803385, "loss_coefficient": 3.5576127115885416, "loss_contact": 0.0, "loss_gate": 2.5018951416015627, "loss_reconstruction": 0.15634758949279784}
epoch=1379 step=103400 loss=6.86313
{"epoch": 1379, "global_step": 103425, "learning_rate": 0.00011282449574989154, "teacher_forcing": 1.0, "predicted_contact_fraction": 0.0, "epoch_seconds": 19.03411692334339, "elapsed_hours": 11.814344338825515, "loss": 6.186988830566406, "loss_alignment": 0.23149004618326824, "loss_coefficient": 3.319879353841146, "loss_contact": 0.0, "loss_gate": 2.4806202697753905, "loss_reconstruction": 0.1549994977315267}
epoch=1380 step=103450 loss=5.76113
epoch=1380 step=103500 loss=6.14839
{"epoch": 1380, "global_step": 103500, "learning_rate": 0.00011272051816453232, "teacher_forcing": 1.0, "predicted_contact_fraction": 0.0, "epoch_seconds": 19.082496553193778, "elapsed_hours": 11.819646644595002, "loss": 6.211314493815104, "loss_alignment": 0.22735954920450846, "loss_coefficient": 3.3479348754882814, "loss_contact": 0.0, "loss_gate": 2.4812636820475262, "loss_reconstruction": 0.15475644111633302}
epoch=1381 step=103550 loss=6.65629
{"epoch": 1381, "global_step": 103575, "learning_rate": 0.00011261652659851441, "teacher_forcing": 1.0, "predicted_contact_fraction": 0.0, "epoch_seconds": 19.67878403980285, "elapsed_hours": 11.825259462399796, "loss": 6.287159932454427, "loss_alignment": 0.24034479141235351, "loss_coefficient": 3.40124267578125, "loss_contact": 0.0, "loss_gate": 2.4905794779459636, "loss_reconstruction": 0.15499311129252116}
epoch=1382 step=103600 loss=5.41439
epoch=1382 step=103650 loss=6.71484
{"epoch": 1382, "global_step": 103650, "learning_rate": 0.00011251252116613113, "teacher_forcing": 1.0, "predicted_contact_fraction": 0.0, "epoch_seconds": 19.14270033594221, "elapsed_hours": 11.830578343854674, "loss": 6.3823764038085935, "loss_alignment": 0.2455712064107259, "loss_coefficient": 3.4917972819010417, "loss_contact": 0.0, "loss_gate": 2.4876755777994792, "loss_reconstruction": 0.1573321533203125}
epoch=1383 step=103700 loss=5.67102
{"epoch": 1383, "global_step": 103725, "learning_rate": 0.00011240850198169109, "teacher_forcing": 1.0, "predicted_contact_fraction": 0.0, "epoch_seconds": 18.652614740189165, "elapsed_hours": 11.835761306767559, "loss": 6.210124816894531, "loss_alignment": 0.23035409291585288, "loss_coefficient": 3.347174072265625, "loss_contact": 0.0, "loss_gate": 2.477563781738281, "loss_reconstruction": 0.15503323237101238}
epoch=1384 step=103750 loss=6.85101
epoch=1384 step=103800 loss=6.22989
{"epoch": 1384, "global_step": 103800, "learning_rate": 0.00011230446915951796, "teacher_forcing": 1.0, "predicted_contact_fraction": 0.0, "epoch_seconds": 18.86482505314052, "elapsed_hours": 11.841003019496437, "loss": 6.195160929361979, "loss_alignment": 0.22437700907389324, "loss_coefficient": 3.3391814676920575, "loss_contact": 0.0, "loss_gate": 2.476506907145182, "loss_reconstruction": 0.15509619077046713}
epoch=1385 step=103850 loss=6.58464
{"epoch": 1385, "global_step": 103875, "learning_rate": 0.00011220042281395043, "teacher_forcing": 1.0, "predicted_contact_fraction": 0.0, "epoch_seconds": 19.13369118515402, "elapsed_hours": 11.846319407972171, "loss": 6.285501810709635, "loss_alignment": 0.24088409423828125, "loss_coefficient": 3.4049801635742187, "loss_contact": 0.0, "loss_gate": 2.4839128621419273, "loss_reconstruction": 0.15572539647420247}
epoch=1386 step=103900 loss=5.86395
epoch=1386 step=103950 loss=6.09675
{"epoch": 1386, "global_step": 103950, "learning_rate": 0.00011209636305934208, "teacher_forcing": 1.0, "predicted_contact_fraction": 0.0, "epoch_seconds": 18.968410953879356, "elapsed_hours": 11.851589859443614, "loss": 6.216127827962239, "loss_alignment": 0.22424760182698567, "loss_coefficient": 3.3628653971354168, "loss_contact": 0.0, "loss_gate": 2.4731991068522134, "loss_reconstruction": 0.1558147652943929}
epoch=1387 step=104000 loss=5.79417
{"epoch": 1387, "global_step": 104025, "learning_rate": 0.00011199229001006118, "teacher_forcing": 1.0, "predicted_contact_fraction": 0.0, "epoch_seconds": 18.828904974274337, "elapsed_hours": 11.856821709960544, "loss": 6.325597229003907, "loss_alignment": 0.24622995376586915, "loss_coefficient": 3.438146464029948, "loss_contact": 0.0, "loss_gate": 2.485382334391276, "loss_reconstruction": 0.15583839416503906}
epoch=1388 step=104050 loss=7.26304
epoch=1388 step=104100 loss=6.21205
{"epoch": 1388, "global_step": 104100, "learning_rate": 0.00011188820378049065, "teacher_forcing": 1.0, "predicted_contact_fraction": 0.0, "epoch_seconds": 18.220279208384454, "elapsed_hours": 11.861884369524972, "loss": 6.060478820800781, "loss_alignment": 0.22005379994710286, "loss_coefficient": 3.2190009562174478, "loss_contact": 0.0, "loss_gate": 2.4671703084309895, "loss_reconstruction": 0.15425347010294596}
epoch=1389 step=104150 loss=6.34412
{"epoch": 1389, "global_step": 104175, "learning_rate": 0.00011178410448502787, "teacher_forcing": 1.0, "predicted_contact_fraction": 0.0, "epoch_seconds": 19.628783331718296, "elapsed_hours": 11.867338590063284, "loss": 6.142013956705729, "loss_alignment": 0.22580267588297526, "loss_coefficient": 3.2904961649576823, "loss_contact": 0.0, "loss_gate": 2.4702926127115887, "loss_reconstruction": 0.155422207514445}
epoch=1390 step=104200 loss=6.68436
epoch=1390 step=104250 loss=6.40052
{"epoch": 1390, "global_step": 104250, "learning_rate": 0.00011167999223808458, "teacher_forcing": 1.0, "predicted_contact_fraction": 0.0, "epoch_seconds": 18.563777649309486, "elapsed_hours": 11.872496618051988, "loss": 6.282950236002605, "loss_alignment": 0.22133562723795572, "loss_coefficient": 3.438951873779297, "loss_contact": 0.0, "loss_gate": 2.4662371317545575, "loss_reconstruction": 0.1564248784383138}
epoch=1391 step=104300 loss=6.91964
{"epoch": 1391, "global_step": 104325, "learning_rate": 0.00011157586715408677, "teacher_forcing": 1.0, "predicted_contact_fraction": 0.0, "epoch_seconds": 18.636583904735744, "elapsed_hours": 11.877815091688083, "loss": 6.379926554361979, "loss_alignment": 0.24178516387939453, "loss_coefficient": 3.504582722981771, "loss_contact": 0.0, "loss_gate": 2.4774594116210937, "loss_reconstruction": 0.15609942118326822}
epoch=1392 step=104350 loss=6.66177
epoch=1392 step=104400 loss=6.16259
{"epoch": 1392, "global_step": 104400, "learning_rate": 0.0001114717293474745, "teacher_forcing": 1.0, "predicted_contact_fraction": 0.0, "epoch_seconds": 18.67071969481185, "elapsed_hours": 11.883002837049231, "loss": 6.242537027994792, "loss_alignment": 0.22517258961995443, "loss_coefficient": 3.393441670735677, "loss_contact": 0.0, "loss_gate": 2.4683906046549478, "loss_reconstruction": 0.15553115526835123}
epoch=1393 step=104450 loss=5.58735
{"epoch": 1393, "global_step": 104475, "learning_rate": 0.00011136757893270191, "teacher_forcing": 1.0, "predicted_contact_fraction": 0.0, "epoch_seconds": 18.659898322075605, "elapsed_hours": 11.888188483334508, "loss": 6.312789510091146, "loss_alignment": 0.23124438603719075, "loss_coefficient": 3.455628153483073, "loss_contact": 0.0, "loss_gate": 2.469058074951172, "loss_reconstruction": 0.1568595282236735}
epoch=1394 step=104500 loss=5.95263
epoch=1394 step=104550 loss=6.88605
{"epoch": 1394, "global_step": 104550, "learning_rate": 0.00011126341602423689, "teacher_forcing": 1.0, "predicted_contact_fraction": 0.0, "epoch_seconds": 18.69710851320997, "elapsed_hours": 11.893383722043104, "loss": 6.477867838541667, "loss_alignment": 0.24144506454467773, "loss_coefficient": 3.602070617675781, "loss_contact": 0.0, "loss_gate": 2.4764613342285156, "loss_reconstruction": 0.15789064407348632}
epoch=1395 step=104600 loss=6.76178
{"epoch": 1395, "global_step": 104625, "learning_rate": 0.00011115924073656112, "teacher_forcing": 1.0, "predicted_contact_fraction": 0.0, "epoch_seconds": 18.738336198031902, "elapsed_hours": 11.898590267019786, "loss": 6.2988225301106775, "loss_alignment": 0.23906972885131836, "loss_coefficient": 3.430140380859375, "loss_contact": 0.0, "loss_gate": 2.473650105794271, "loss_reconstruction": 0.15596293449401855}
epoch=1396 step=104650 loss=5.87366
epoch=1396 step=104700 loss=6.29549
{"epoch": 1396, "global_step": 104700, "learning_rate": 0.00011105505318416982, "teacher_forcing": 1.0, "predicted_contact_fraction": 0.0, "epoch_seconds": 19.381564155220985, "elapsed_hours": 11.903975640946948, "loss": 6.1446771240234375, "loss_alignment": 0.21205058733622234, "loss_coefficient": 3.3238761901855467, "loss_contact": 0.0, "loss_gate": 2.454220987955729, "loss_reconstruction": 0.15452976226806642}
epoch=1397 step=104750 loss=7.59288
{"epoch": 1397, "global_step": 104775, "learning_rate": 0.00011095085348157182, "teacher_forcing": 1.0, "predicted_contact_fraction": 0.0, "epoch_seconds": 18.82152179814875, "elapsed_hours": 11.90920559961672, "loss": 6.275519714355469, "loss_alignment": 0.22621718724568685, "loss_coefficient": 3.431118876139323, "loss_contact": 0.0, "loss_gate": 2.4623565673828125, "loss_reconstruction": 0.1558275286356608}
epoch=1398 step=104800 loss=6.17362
epoch=1398 step=104850 loss=6.38226
{"epoch": 1398, "global_step": 104850, "learning_rate": 0.00011084664174328914, "teacher_forcing": 1.0, "predicted_contact_fraction": 0.0, "epoch_seconds": 18.5007037720643, "elapsed_hours": 11.9143463259753, "loss": 6.392606201171875, "loss_alignment": 0.23315413157145182, "loss_coefficient": 3.5371022542317707, "loss_contact": 0.0, "loss_gate": 2.465942637125651, "loss_reconstruction": 0.15640755653381347}
epoch=1399 step=104900 loss=6.32642
{"epoch": 1399, "global_step": 104925, "learning_rate": 0.00011074241808385717, "teacher_forcing": 1.0, "predicted_contact_fraction": 0.0, "epoch_seconds": 18.642879348248243, "elapsed_hours": 11.91952713512893, "loss": 6.331176045735677, "loss_alignment": 0.23703055699666342, "loss_coefficient": 3.4690010579427084, "loss_contact": 0.0, "loss_gate": 2.4682298278808594, "loss_reconstruction": 0.1569145933787028}
epoch=1400 step=104950 loss=6.78511
epoch=1400 step=105000 loss=5.56929
{"epoch": 1400, "global_step": 105000, "learning_rate": 0.0001106381826178243, "teacher_forcing": 1.0, "predicted_contact_fraction": 0.0, "epoch_seconds": 18.37549098674208, "elapsed_hours": 11.92463282000946, "loss": 6.258860168457031, "loss_alignment": 0.2470798110961914, "loss_coefficient": 3.3835723876953123, "loss_contact": 0.0, "loss_gate": 2.472668202718099, "loss_reconstruction": 0.1555394236246745}
[2026-09-22 12:00:53.041] [svulkan2] [warning] A second renderer will share the same internal context with the first one. Arguments passed to constructor will be ignored.
[FaucetEnv] change_instance_when_reset=True
[2026-09-22 12:00:53.107] [svulkan2] [warning] A second renderer will share the same internal context with the first one. Arguments passed to constructor will be ignored.
[LaptopEnv] change_instance_when_reset=True
[2026-09-22 12:00:53.117] [svulkan2] [warning] A second renderer will share the same internal context with the first one. Arguments passed to constructor will be ignored.
[BucketEnv] change_instance_when_reset=True
[2026-09-22 12:00:53.560] [svulkan2] [warning] A second renderer will share the same internal context with the first one. Arguments passed to constructor will be ignored.
[ToiletEnv] change_instance_when_reset=True
[2026-09-22 12:03:59.105] [svulkan2] [warning] A second renderer will share the same internal context with the first one. Arguments passed to constructor will be ignored.
[ToiletEnv] change_instance_when_reset=True
[2026-09-22 12:04:25.545] [svulkan2] [warning] A second renderer will share the same internal context with the first one. Arguments passed to constructor will be ignored.
[LaptopEnv] change_instance_when_reset=True
[2026-09-22 12:04:27.796] [svulkan2] [warning] A second renderer will share the same internal context with the first one. Arguments passed to constructor will be ignored.
[FaucetEnv] change_instance_when_reset=True
[2026-09-22 12:06:46.636] [svulkan2] [warning] A second renderer will share the same internal context with the first one. Arguments passed to constructor will be ignored.
[ToiletEnv] change_instance_when_reset=True
[2026-09-22 12:07:29.110] [svulkan2] [warning] A second renderer will share the same internal context with the first one. Arguments passed to constructor will be ignored.
[FaucetEnv] change_instance_when_reset=True
[2026-09-22 12:07:53.757] [svulkan2] [warning] A second renderer will share the same internal context with the first one. Arguments passed to constructor will be ignored.
[LaptopEnv] change_instance_when_reset=True
[2026-09-22 12:08:37.764] [SAPIEN] [error] Failed to load visual mesh: /data/users/zhouyike/dexCG/third_party/dexart/assets/sapien/10090/textured_objs/new-1.obj
[2026-09-22 12:08:54.747] [svulkan2] [warning] A second renderer will share the same internal context with the first one. Arguments passed to constructor will be ignored.
[BucketEnv] change_instance_when_reset=True
[2026-09-22 12:09:47.798] [svulkan2] [warning] A second renderer will share the same internal context with the first one. Arguments passed to constructor will be ignored.
[ToiletEnv] change_instance_when_reset=True
[2026-09-22 12:10:27.095] [SAPIEN] [error] Failed to load visual mesh: /data/users/zhouyike/dexCG/third_party/dexart/assets/sapien/10090/textured_objs/new-1.obj
[2026-09-22 12:11:09.863] [svulkan2] [warning] A second renderer will share the same internal context with the first one. Arguments passed to constructor will be ignored.
[FaucetEnv] change_instance_when_reset=True
[2026-09-22 12:11:14.868] [svulkan2] [warning] A second renderer will share the same internal context with the first one. Arguments passed to constructor will be ignored.
[LaptopEnv] change_instance_when_reset=True
[2026-09-22 12:11:14.906] [SAPIEN] [error] Failed to load visual mesh: /data/users/zhouyike/dexCG/third_party/dexart/assets/sapien/10090/textured_objs/new-1.obj
[2026-09-22 12:12:32.248] [svulkan2] [warning] A second renderer will share the same internal context with the first one. Arguments passed to constructor will be ignored.
[ToiletEnv] change_instance_when_reset=True
[2026-09-22 12:14:24.436] [SAPIEN] [error] Failed to load visual mesh: /data/users/zhouyike/dexCG/third_party/dexart/assets/sapien/10090/textured_objs/new-1.obj
[2026-09-22 12:14:40.746] [svulkan2] [warning] A second renderer will share the same internal context with the first one. Arguments passed to constructor will be ignored.
[FaucetEnv] change_instance_when_reset=True
[2026-09-22 12:14:53.690] [svulkan2] [warning] A second renderer will share the same internal context with the first one. Arguments passed to constructor will be ignored.
[LaptopEnv] change_instance_when_reset=True
[2026-09-22 12:16:00.496] [svulkan2] [warning] A second renderer will share the same internal context with the first one. Arguments passed to constructor will be ignored.
[BucketEnv] change_instance_when_reset=True
[2026-09-22 12:16:56.610] [SAPIEN] [error] Failed to load visual mesh: /data/users/zhouyike/dexCG/third_party/dexart/assets/sapien/10090/textured_objs/new-1.obj
[2026-09-22 12:17:31.139] [SAPIEN] [error] Failed to load visual mesh: /data/users/zhouyike/dexCG/third_party/dexart/assets/sapien/10090/textured_objs/new-1.obj
[2026-09-22 12:23:02.949] [svulkan2] [warning] A second renderer will share the same internal context with the first one. Arguments passed to constructor will be ignored.
[BucketEnv] change_instance_when_reset=True
[2026-09-22 12:30:17.666] [svulkan2] [warning] A second renderer will share the same internal context with the first one. Arguments passed to constructor will be ignored.
[BucketEnv] change_instance_when_reset=True
[2026-09-22 12:37:56.588] [svulkan2] [warning] A second renderer will share the same internal context with the first one. Arguments passed to constructor will be ignored.
[FaucetEnv] change_instance_when_reset=True
[2026-09-22 12:37:56.639] [svulkan2] [warning] A second renderer will share the same internal context with the first one. Arguments passed to constructor will be ignored.
[BucketEnv] change_instance_when_reset=True
[2026-09-22 12:37:56.891] [svulkan2] [warning] A second renderer will share the same internal context with the first one. Arguments passed to constructor will be ignored.
[ToiletEnv] change_instance_when_reset=True
[2026-09-22 12:37:57.348] [svulkan2] [warning] A second renderer will share the same internal context with the first one. Arguments passed to constructor will be ignored.
[LaptopEnv] change_instance_when_reset=True
[2026-09-22 12:41:03.209] [svulkan2] [warning] A second renderer will share the same internal context with the first one. Arguments passed to constructor will be ignored.
[ToiletEnv] change_instance_when_reset=True
[2026-09-22 12:41:24.543] [svulkan2] [warning] A second renderer will share the same internal context with the first one. Arguments passed to constructor will be ignored.
[FaucetEnv] change_instance_when_reset=True
[2026-09-22 12:41:30.903] [svulkan2] [warning] A second renderer will share the same internal context with the first one. Arguments passed to constructor will be ignored.
[LaptopEnv] change_instance_when_reset=True
[2026-09-22 12:43:56.624] [svulkan2] [warning] A second renderer will share the same internal context with the first one. Arguments passed to constructor will be ignored.
[ToiletEnv] change_instance_when_reset=True
[2026-09-22 12:44:49.569] [svulkan2] [warning] A second renderer will share the same internal context with the first one. Arguments passed to constructor will be ignored.
[FaucetEnv] change_instance_when_reset=True
[2026-09-22 12:45:04.685] [svulkan2] [warning] A second renderer will share the same internal context with the first one. Arguments passed to constructor will be ignored.
[BucketEnv] change_instance_when_reset=True
[2026-09-22 12:45:09.277] [svulkan2] [warning] A second renderer will share the same internal context with the first one. Arguments passed to constructor will be ignored.
[LaptopEnv] change_instance_when_reset=True
[2026-09-22 12:45:56.643] [SAPIEN] [error] Failed to load visual mesh: /data/users/zhouyike/dexCG/third_party/dexart/assets/sapien/10090/textured_objs/new-1.obj
[2026-09-22 12:46:52.089] [svulkan2] [warning] A second renderer will share the same internal context with the first one. Arguments passed to constructor will be ignored.
[ToiletEnv] change_instance_when_reset=True
[2026-09-22 12:47:25.381] [SAPIEN] [error] Failed to load visual mesh: /data/users/zhouyike/dexCG/third_party/dexart/assets/sapien/10090/textured_objs/new-1.obj
[2026-09-22 12:48:12.290] [svulkan2] [warning] A second renderer will share the same internal context with the first one. Arguments passed to constructor will be ignored.
[LaptopEnv] change_instance_when_reset=True
[2026-09-22 12:48:12.295] [SAPIEN] [error] Failed to load visual mesh: /data/users/zhouyike/dexCG/third_party/dexart/assets/sapien/10090/textured_objs/new-1.obj
[2026-09-22 12:48:16.020] [svulkan2] [warning] A second renderer will share the same internal context with the first one. Arguments passed to constructor will be ignored.
[FaucetEnv] change_instance_when_reset=True
[2026-09-22 12:49:32.069] [svulkan2] [warning] A second renderer will share the same internal context with the first one. Arguments passed to constructor will be ignored.
[ToiletEnv] change_instance_when_reset=True
[2026-09-22 12:51:10.419] [SAPIEN] [error] Failed to load visual mesh: /data/users/zhouyike/dexCG/third_party/dexart/assets/sapien/10090/textured_objs/new-1.obj
[2026-09-22 12:51:37.575] [svulkan2] [warning] A second renderer will share the same internal context with the first one. Arguments passed to constructor will be ignored.
[BucketEnv] change_instance_when_reset=True
[2026-09-22 12:51:41.478] [svulkan2] [warning] A second renderer will share the same internal context with the first one. Arguments passed to constructor will be ignored.
[FaucetEnv] change_instance_when_reset=True
[2026-09-22 12:51:44.968] [svulkan2] [warning] A second renderer will share the same internal context with the first one. Arguments passed to constructor will be ignored.
[LaptopEnv] change_instance_when_reset=True
[2026-09-22 12:53:47.493] [SAPIEN] [error] Failed to load visual mesh: /data/users/zhouyike/dexCG/third_party/dexart/assets/sapien/10090/textured_objs/new-1.obj
[2026-09-22 12:54:23.702] [SAPIEN] [error] Failed to load visual mesh: /data/users/zhouyike/dexCG/third_party/dexart/assets/sapien/10090/textured_objs/new-1.obj
[2026-09-22 12:58:54.369] [svulkan2] [warning] A second renderer will share the same internal context with the first one. Arguments passed to constructor will be ignored.
[BucketEnv] change_instance_when_reset=True
[2026-09-22 13:05:28.348] [svulkan2] [warning] A second renderer will share the same internal context with the first one. Arguments passed to constructor will be ignored.
[BucketEnv] change_instance_when_reset=True
epoch=1401 step=105050 loss=5.80240
{"epoch": 1401, "global_step": 105075, "learning_rate": 0.00011053393545975199, "teacher_forcing": 1.0, "predicted_contact_fraction": 0.0, "epoch_seconds": 18.71005481109023, "elapsed_hours": 13.13598536536809, "loss": 6.227083129882812, "loss_alignment": 0.23001924514770508, "loss_coefficient": 3.375071919759115, "loss_contact": 0.0, "loss_gate": 2.466846923828125, "loss_reconstruction": 0.1551453431447347}
epoch=1402 step=105100 loss=7.50327
epoch=1402 step=105150 loss=5.66057
{"epoch": 1402, "global_step": 105150, "learning_rate": 0.00011042967672421442, "teacher_forcing": 1.0, "predicted_contact_fraction": 0.0, "epoch_seconds": 19.28404591884464, "elapsed_hours": 13.141343491571929, "loss": 6.068821512858073, "loss_alignment": 0.21353917121887206, "loss_coefficient": 3.2468961588541667, "loss_contact": 0.0, "loss_gate": 2.454478454589844, "loss_reconstruction": 0.15390756924947102}
epoch=1403 step=105200 loss=7.19593
{"epoch": 1403, "global_step": 105225, "learning_rate": 0.00011032540652579869, "teacher_forcing": 1.0, "predicted_contact_fraction": 0.0, "epoch_seconds": 19.320513745304197, "elapsed_hours": 13.146712302631155, "loss": 6.263935445149739, "loss_alignment": 0.22761042912801108, "loss_coefficient": 3.418063710530599, "loss_contact": 0.0, "loss_gate": 2.462549387613932, "loss_reconstruction": 0.1557109006245931}
epoch=1404 step=105250 loss=6.21215
epoch=1404 step=105300 loss=6.06186
{"epoch": 1404, "global_step": 105300, "learning_rate": 0.00011022112497910424, "teacher_forcing": 1.0, "predicted_contact_fraction": 0.0, "epoch_seconds": 18.542212621308863, "elapsed_hours": 13.151864484912819, "loss": 6.214108784993489, "loss_alignment": 0.2407216262817383, "loss_coefficient": 3.3483826700846353, "loss_contact": 0.0, "loss_gate": 2.469842478434245, "loss_reconstruction": 0.1551620864868164}
epoch=1405 step=105350 loss=6.60204
{"epoch": 1405, "global_step": 105375, "learning_rate": 0.00011011683219874323, "teacher_forcing": 1.0, "predicted_contact_fraction": 0.0, "epoch_seconds": 18.529805957805365, "elapsed_hours": 13.157013103777233, "loss": 6.031830749511719, "loss_alignment": 0.2326731808980306, "loss_coefficient": 3.177547353108724, "loss_contact": 0.0, "loss_gate": 2.467692108154297, "loss_reconstruction": 0.15391782760620118}
epoch=1406 step=105400 loss=6.43811
epoch=1406 step=105450 loss=6.55945
{"epoch": 1406, "global_step": 105450, "learning_rate": 0.00011001252829934003, "teacher_forcing": 1.0, "predicted_contact_fraction": 0.0, "epoch_seconds": 18.79423331702128, "elapsed_hours": 13.162235157467011, "loss": 6.128626098632813, "loss_alignment": 0.22422975540161133, "loss_coefficient": 3.2932647196451823, "loss_contact": 0.0, "loss_gate": 2.4566522725423177, "loss_reconstruction": 0.1544786294301351}
epoch=1407 step=105500 loss=6.46091
{"epoch": 1407, "global_step": 105525, "learning_rate": 0.00010990821339553123, "teacher_forcing": 1.0, "predicted_contact_fraction": 0.0, "epoch_seconds": 18.72412706213072, "elapsed_hours": 13.167437749277, "loss": 6.226071573893229, "loss_alignment": 0.23145387013753255, "loss_coefficient": 3.3805416361490885, "loss_contact": 0.0, "loss_gate": 2.4585733540852863, "loss_reconstruction": 0.15550262133280437}
epoch=1408 step=105550 loss=5.78805
epoch=1408 step=105600 loss=5.90624
{"epoch": 1408, "global_step": 105600, "learning_rate": 0.0001098038876019656, "teacher_forcing": 1.0, "predicted_contact_fraction": 0.0, "epoch_seconds": 18.891239615622908, "elapsed_hours": 13.172686851620545, "loss": 6.222575581868489, "loss_alignment": 0.23043923060099283, "loss_coefficient": 3.376978047688802, "loss_contact": 0.0, "loss_gate": 2.459686584472656, "loss_reconstruction": 0.15547165234883625}
epoch=1409 step=105650 loss=5.81724
{"epoch": 1409, "global_step": 105675, "learning_rate": 0.00010969955103330377, "teacher_forcing": 1.0, "predicted_contact_fraction": 0.0, "epoch_seconds": 19.557695169001818, "elapsed_hours": 13.178120949683038, "loss": 6.28674072265625, "loss_alignment": 0.23468014399210613, "loss_coefficient": 3.4293385314941407, "loss_contact": 0.0, "loss_gate": 2.4669268798828123, "loss_reconstruction": 0.15579547882080078}
epoch=1410 step=105700 loss=5.43781
epoch=1410 step=105750 loss=5.63786
{"epoch": 1410, "global_step": 105750, "learning_rate": 0.0001095952038042183, "teacher_forcing": 1.0, "predicted_contact_fraction": 0.0, "epoch_seconds": 18.73333776416257, "elapsed_hours": 13.183326324973669, "loss": 6.272062581380208, "loss_alignment": 0.23957682291666665, "loss_coefficient": 3.409474843343099, "loss_contact": 0.0, "loss_gate": 2.467528839111328, "loss_reconstruction": 0.1554819107055664}
epoch=1411 step=105800 loss=6.53651
{"epoch": 1411, "global_step": 105825, "learning_rate": 0.00010949084602939346, "teacher_forcing": 1.0, "predicted_contact_fraction": 0.0, "epoch_seconds": 18.936239921022207, "elapsed_hours": 13.188790146451081, "loss": 6.138855387369792, "loss_alignment": 0.23549470901489258, "loss_coefficient": 3.2850875345865886, "loss_contact": 0.0, "loss_gate": 2.464697519938151, "loss_reconstruction": 0.15357574780782063}
epoch=1412 step=105850 loss=6.14369
epoch=1412 step=105900 loss=6.15188
{"epoch": 1412, "global_step": 105900, "learning_rate": 0.00010938647782352502, "teacher_forcing": 1.0, "predicted_contact_fraction": 0.0, "epoch_seconds": 19.455751040950418, "elapsed_hours": 13.19419614153138, "loss": 6.31677266438802, "loss_alignment": 0.234560120900472, "loss_coefficient": 3.457523193359375, "loss_contact": 0.0, "loss_gate": 2.4684832763671873, "loss_reconstruction": 0.15620592435201008}
epoch=1413 step=105950 loss=6.05825
{"epoch": 1413, "global_step": 105975, "learning_rate": 0.0001092820993013203, "teacher_forcing": 1.0, "predicted_contact_fraction": 0.0, "epoch_seconds": 19.35916138580069, "elapsed_hours": 13.19957531161063, "loss": 6.345269368489583, "loss_alignment": 0.23111682256062827, "loss_coefficient": 3.493943684895833, "loss_contact": 0.0, "loss_gate": 2.463781433105469, "loss_reconstruction": 0.15642753918965657}
epoch=1414 step=106000 loss=6.97755
epoch=1414 step=106050 loss=5.90747
{"epoch": 1414, "global_step": 106050, "learning_rate": 0.00010917771057749797, "teacher_forcing": 1.0, "predicted_contact_fraction": 0.0, "epoch_seconds": 19.682713178917766, "elapsed_hours": 13.205045238949953, "loss": 6.255215352376302, "loss_alignment": 0.2495196024576823, "loss_coefficient": 3.378805440266927, "loss_contact": 0.0, "loss_gate": 2.4715590413411457, "loss_reconstruction": 0.15533109347025553}
epoch=1415 step=106100 loss=5.74367
{"epoch": 1415, "global_step": 106125, "learning_rate": 0.00010907331176678783, "teacher_forcing": 1.0, "predicted_contact_fraction": 0.0, "epoch_seconds": 18.82463478296995, "elapsed_hours": 13.210275727278399, "loss": 6.071866556803386, "loss_alignment": 0.22025877634684246, "loss_coefficient": 3.2458175659179687, "loss_contact": 0.0, "loss_gate": 2.451703847249349, "loss_reconstruction": 0.15408594131469727}
epoch=1416 step=106150 loss=5.72944
epoch=1416 step=106200 loss=5.73997
{"epoch": 1416, "global_step": 106200, "learning_rate": 0.00010896890298393085, "teacher_forcing": 1.0, "predicted_contact_fraction": 0.0, "epoch_seconds": 18.846333251800388, "elapsed_hours": 13.215512556018592, "loss": 6.181509602864583, "loss_alignment": 0.2224442990620931, "loss_coefficient": 3.352334493001302, "loss_contact": 0.0, "loss_gate": 2.452375742594401, "loss_reconstruction": 0.15435414314270018}
epoch=1417 step=106250 loss=5.65932
{"epoch": 1417, "global_step": 106275, "learning_rate": 0.00010886448434367891, "teacher_forcing": 1.0, "predicted_contact_fraction": 0.0, "epoch_seconds": 18.751625461969525, "elapsed_hours": 13.22072281389523, "loss": 6.03703857421875, "loss_alignment": 0.21552993456522623, "loss_coefficient": 3.2192476399739585, "loss_contact": 0.0, "loss_gate": 2.4485597737630207, "loss_reconstruction": 0.153701597849528}
epoch=1418 step=106300 loss=6.90981
epoch=1418 step=106350 loss=5.88926
{"epoch": 1418, "global_step": 106350, "learning_rate": 0.00010876005596079475, "teacher_forcing": 1.0, "predicted_contact_fraction": 0.0, "epoch_seconds": 18.932246495969594, "elapsed_hours": 13.225983260841394, "loss": 6.018048299153646, "loss_alignment": 0.2203369140625, "loss_coefficient": 3.193531799316406, "loss_contact": 0.0, "loss_gate": 2.4506466674804686, "loss_reconstruction": 0.15353339831034343}
epoch=1419 step=106400 loss=5.83360
{"epoch": 1419, "global_step": 106425, "learning_rate": 0.00010865561795005177, "teacher_forcing": 1.0, "predicted_contact_fraction": 0.0, "epoch_seconds": 19.073933406267315, "elapsed_hours": 13.231283242168914, "loss": 5.937014465332031, "loss_alignment": 0.2040397580464681, "loss_coefficient": 3.1392244974772137, "loss_contact": 0.0, "loss_gate": 2.4414192708333333, "loss_reconstruction": 0.15233105977376302}
epoch=1420 step=106450 loss=5.90813
epoch=1420 step=106500 loss=5.66621
{"epoch": 1420, "global_step": 106500, "learning_rate": 0.000108551170426234, "teacher_forcing": 1.0, "predicted_contact_fraction": 0.0, "epoch_seconds": 19.263719809707254, "elapsed_hours": 13.236635944870068, "loss": 6.084569600423177, "loss_alignment": 0.21272327423095702, "loss_coefficient": 3.2788939412434894, "loss_contact": 0.0, "loss_gate": 2.4389901224772137, "loss_reconstruction": 0.15396256764729818}
epoch=1421 step=106550 loss=5.83413
{"epoch": 1421, "global_step": 106575, "learning_rate": 0.00010844671350413595, "teacher_forcing": 1.0, "predicted_contact_fraction": 0.0, "epoch_seconds": 18.833074147813022, "elapsed_hours": 13.242070330996066, "loss": 6.084079996744792, "loss_alignment": 0.22541893005371094, "loss_coefficient": 3.262162170410156, "loss_contact": 0.0, "loss_gate": 2.442594502766927, "loss_reconstruction": 0.15390451431274413}
epoch=1422 step=106600 loss=5.71700
epoch=1422 step=106650 loss=6.11771
{"epoch": 1422, "global_step": 106650, "learning_rate": 0.00010834224729856242, "teacher_forcing": 1.0, "predicted_contact_fraction": 0.0, "epoch_seconds": 19.869932795874774, "elapsed_hours": 13.24759126875252, "loss": 5.9588916015625, "loss_alignment": 0.21439448674519856, "loss_coefficient": 3.153707529703776, "loss_contact": 0.0, "loss_gate": 2.4371657307942707, "loss_reconstruction": 0.15362435976664227}
epoch=1423 step=106700 loss=5.98473
{"epoch": 1423, "global_step": 106725, "learning_rate": 0.00010823777192432837, "teacher_forcing": 1.0, "predicted_contact_fraction": 0.0, "epoch_seconds": 19.165644412860274, "elapsed_hours": 13.252916471912759, "loss": 6.083435668945312, "loss_alignment": 0.22592113494873048, "loss_coefficient": 3.257124277750651, "loss_contact": 0.0, "loss_gate": 2.4467855326334633, "loss_reconstruction": 0.15360459327697754}
epoch=1424 step=106750 loss=6.35171
epoch=1424 step=106800 loss=6.20288
{"epoch": 1424, "global_step": 106800, "learning_rate": 0.00010813328749625893, "teacher_forcing": 1.0, "predicted_contact_fraction": 0.0, "epoch_seconds": 19.27834449382499, "elapsed_hours": 13.258273090772823, "loss": 6.152776489257812, "loss_alignment": 0.21969460805257163, "loss_coefficient": 3.3360504150390624, "loss_contact": 0.0, "loss_gate": 2.442994893391927, "loss_reconstruction": 0.15403638839721678}
epoch=1425 step=106850 loss=6.55218
{"epoch": 1425, "global_step": 106875, "learning_rate": 0.00010802879412918909, "teacher_forcing": 1.0, "predicted_contact_fraction": 0.0, "epoch_seconds": 19.15143419522792, "elapsed_hours": 13.26359442348385, "loss": 6.190682067871093, "loss_alignment": 0.23713366190592447, "loss_coefficient": 3.347117869059245, "loss_contact": 0.0, "loss_gate": 2.4521548461914064, "loss_reconstruction": 0.15427572886149088}
epoch=1426 step=106900 loss=6.06108
epoch=1426 step=106950 loss=6.64093
{"epoch": 1426, "global_step": 106950, "learning_rate": 0.00010792429193796374, "teacher_forcing": 1.0, "predicted_contact_fraction": 0.0, "epoch_seconds": 18.88778394367546, "elapsed_hours": 13.26884250671137, "loss": 6.411980997721354, "loss_alignment": 0.24352127075195312, "loss_coefficient": 3.55828857421875, "loss_contact": 0.0, "loss_gate": 2.4534288533528645, "loss_reconstruction": 0.1567417240142822}
epoch=1427 step=107000 loss=5.78442
{"epoch": 1427, "global_step": 107025, "learning_rate": 0.00010781978103743742, "teacher_forcing": 1.0, "predicted_contact_fraction": 0.0, "epoch_seconds": 19.017285572364926, "elapsed_hours": 13.274126688596636, "loss": 6.22139404296875, "loss_alignment": 0.22504591623942058, "loss_coefficient": 3.397743631998698, "loss_contact": 0.0, "loss_gate": 2.4435531107584634, "loss_reconstruction": 0.15505135536193848}
epoch=1428 step=107050 loss=6.47139
epoch=1428 step=107100 loss=7.28674
{"epoch": 1428, "global_step": 107100, "learning_rate": 0.00010771526154247429, "teacher_forcing": 1.0, "predicted_contact_fraction": 0.0, "epoch_seconds": 19.247498359065503, "elapsed_hours": 13.27947531312717, "loss": 6.308260803222656, "loss_alignment": 0.2262293561299642, "loss_coefficient": 3.484333292643229, "loss_contact": 0.0, "loss_gate": 2.4413823954264324, "loss_reconstruction": 0.15631649335225423}
epoch=1429 step=107150 loss=5.63178
{"epoch": 1429, "global_step": 107175, "learning_rate": 0.00010761073356794789, "teacher_forcing": 1.0, "predicted_contact_fraction": 0.0, "epoch_seconds": 19.177820201963186, "elapsed_hours": 13.284804031016668, "loss": 6.3480826822916665, "loss_alignment": 0.24071773529052734, "loss_coefficient": 3.5000905354817706, "loss_contact": 0.0, "loss_gate": 2.4516312662760416, "loss_reconstruction": 0.1556434186299642}
epoch=1430 step=107200 loss=6.77387
epoch=1430 step=107250 loss=6.10730
{"epoch": 1430, "global_step": 107250, "learning_rate": 0.0001075061972287411, "teacher_forcing": 1.0, "predicted_contact_fraction": 0.0, "epoch_seconds": 18.78240179968998, "elapsed_hours": 13.290023251521376, "loss": 6.253176472981771, "loss_alignment": 0.2457114346822103, "loss_coefficient": 3.395618336995443, "loss_contact": 0.0, "loss_gate": 2.4568434651692708, "loss_reconstruction": 0.1550036080678304}
epoch=1431 step=107300 loss=5.36542
{"epoch": 1431, "global_step": 107325, "learning_rate": 0.00010740165263974604, "teacher_forcing": 1.0, "predicted_contact_fraction": 0.0, "epoch_seconds": 18.884446763899177, "elapsed_hours": 13.295414309942732, "loss": 6.056273193359375, "loss_alignment": 0.21431038538614908, "loss_coefficient": 3.2516151428222657, "loss_contact": 0.0, "loss_gate": 2.4368196614583333, "loss_reconstruction": 0.15352827707926434}
epoch=1432 step=107350 loss=6.86974
epoch=1432 step=107400 loss=6.12590
{"epoch": 1432, "global_step": 107400, "learning_rate": 0.00010729709991586386, "teacher_forcing": 1.0, "predicted_contact_fraction": 0.0, "epoch_seconds": 19.431312017142773, "elapsed_hours": 13.300813773581629, "loss": 6.172545471191406, "loss_alignment": 0.23428070704142254, "loss_coefficient": 3.334603983561198, "loss_contact": 0.0, "loss_gate": 2.4494898986816405, "loss_reconstruction": 0.1541709327697754}
epoch=1433 step=107450 loss=6.43990
{"epoch": 1433, "global_step": 107475, "learning_rate": 0.00010719253917200465, "teacher_forcing": 1.0, "predicted_contact_fraction": 0.0, "epoch_seconds": 19.138146976940334, "elapsed_hours": 13.306131427141631, "loss": 6.346271870930989, "loss_alignment": 0.23816857020060223, "loss_coefficient": 3.5042291259765626, "loss_contact": 0.0, "loss_gate": 2.4473110961914064, "loss_reconstruction": 0.15656263033548992}
epoch=1434 step=107500 loss=5.89618
epoch=1434 step=107550 loss=5.94946
{"epoch": 1434, "global_step": 107550, "learning_rate": 0.0001070879705230873, "teacher_forcing": 1.0, "predicted_contact_fraction": 0.0, "epoch_seconds": 19.40552337979898, "elapsed_hours": 13.311523383375283, "loss": 6.180360921223959, "loss_alignment": 0.23861042022705078, "loss_coefficient": 3.339437713623047, "loss_contact": 0.0, "loss_gate": 2.4475518798828126, "loss_reconstruction": 0.1547612794240316}
epoch=1435 step=107600 loss=5.77896
{"epoch": 1435, "global_step": 107625, "learning_rate": 0.00010698339408403944, "teacher_forcing": 1.0, "predicted_contact_fraction": 0.0, "epoch_seconds": 18.98280805768445, "elapsed_hours": 13.31679786387249, "loss": 6.010430603027344, "loss_alignment": 0.2255003547668457, "loss_coefficient": 3.190515391031901, "loss_contact": 0.0, "loss_gate": 2.44081792195638, "loss_reconstruction": 0.15359652519226075}
epoch=1436 step=107650 loss=6.39376
epoch=1436 step=107700 loss=6.19457
{"epoch": 1436, "global_step": 107700, "learning_rate": 0.00010687880996979722, "teacher_forcing": 1.0, "predicted_contact_fraction": 0.0, "epoch_seconds": 19.208318505901843, "elapsed_hours": 13.322134943963935, "loss": 6.0966740926106775, "loss_alignment": 0.22121113459269207, "loss_coefficient": 3.280538075764974, "loss_contact": 0.0, "loss_gate": 2.441580759684245, "loss_reconstruction": 0.15334402720133464}
epoch=1437 step=107750 loss=5.84814
{"epoch": 1437, "global_step": 107775, "learning_rate": 0.0001067742182953052, "teacher_forcing": 1.0, "predicted_contact_fraction": 0.0, "epoch_seconds": 18.924251487944275, "elapsed_hours": 13.327393080361652, "loss": 6.2130959065755205, "loss_alignment": 0.2288853899637858, "loss_coefficient": 3.3882406107584635, "loss_contact": 0.0, "loss_gate": 2.4412973022460935, "loss_reconstruction": 0.1546725336710612}
epoch=1438 step=107800 loss=5.80734
epoch=1438 step=107850 loss=6.47312
{"epoch": 1438, "global_step": 107850, "learning_rate": 0.00010666961917551636, "teacher_forcing": 1.0, "predicted_contact_fraction": 0.0, "epoch_seconds": 19.437984922900796, "elapsed_hours": 13.332793982791353, "loss": 6.036774291992187, "loss_alignment": 0.22819176355997722, "loss_coefficient": 3.2166322326660155, "loss_contact": 0.0, "loss_gate": 2.4384410095214846, "loss_reconstruction": 0.15350967725118}
epoch=1439 step=107900 loss=5.50425
{"epoch": 1439, "global_step": 107925, "learning_rate": 0.00010656501272539172, "teacher_forcing": 1.0, "predicted_contact_fraction": 0.0, "epoch_seconds": 18.963006051257253, "elapsed_hours": 13.338063014273583, "loss": 5.912199503580729, "loss_alignment": 0.21791861216227212, "loss_coefficient": 3.111411539713542, "loss_contact": 0.0, "loss_gate": 2.430245666503906, "loss_reconstruction": 0.15262263933817546}
epoch=1440 step=107950 loss=5.95146
epoch=1440 step=108000 loss=6.08032
{"epoch": 1440, "global_step": 108000, "learning_rate": 0.00010646039905990046, "teacher_forcing": 1.0, "predicted_contact_fraction": 0.0, "epoch_seconds": 19.162704084068537, "elapsed_hours": 13.343387431987276, "loss": 5.970452779134114, "loss_alignment": 0.22440813700358073, "loss_coefficient": 3.1597824096679688, "loss_contact": 0.0, "loss_gate": 2.4329376729329426, "loss_reconstruction": 0.15332439104715984}
epoch=1441 step=108050 loss=6.90697
{"epoch": 1441, "global_step": 108075, "learning_rate": 0.00010635577829401961, "teacher_forcing": 1.0, "predicted_contact_fraction": 0.0, "epoch_seconds": 19.032334125600755, "elapsed_hours": 13.348865346352751, "loss": 6.028887125651042, "loss_alignment": 0.21416584968566896, "loss_coefficient": 3.229754892985026, "loss_contact": 0.0, "loss_gate": 2.431425018310547, "loss_reconstruction": 0.15354074796040854}
epoch=1442 step=108100 loss=5.83991
epoch=1442 step=108150 loss=6.35866
{"epoch": 1442, "global_step": 108150, "learning_rate": 0.00010625115054273412, "teacher_forcing": 1.0, "predicted_contact_fraction": 0.0, "epoch_seconds": 18.987608100287616, "elapsed_hours": 13.354141113012771, "loss": 6.287878316243489, "loss_alignment": 0.23558990478515626, "loss_coefficient": 3.451043701171875, "loss_contact": 0.0, "loss_gate": 2.446025085449219, "loss_reconstruction": 0.1552207597096761}
epoch=1443 step=108200 loss=6.07366
{"epoch": 1443, "global_step": 108225, "learning_rate": 0.00010614651592103644, "teacher_forcing": 1.0, "predicted_contact_fraction": 0.0, "epoch_seconds": 18.934035478159785, "elapsed_hours": 13.359402004652786, "loss": 6.1314994303385415, "loss_alignment": 0.23431072235107422, "loss_coefficient": 3.2989605712890624, "loss_contact": 0.0, "loss_gate": 2.444310353597005, "loss_reconstruction": 0.15391733169555663}
epoch=1444 step=108250 loss=6.44416
epoch=1444 step=108300 loss=6.41348
{"epoch": 1444, "global_step": 108300, "learning_rate": 0.00010604187454392678, "teacher_forcing": 1.0, "predicted_contact_fraction": 0.0, "epoch_seconds": 18.88911648467183, "elapsed_hours": 13.364650546088944, "loss": 6.149045308430989, "loss_alignment": 0.22759600957234702, "loss_coefficient": 3.3328844197591145, "loss_contact": 0.0, "loss_gate": 2.43451176961263, "loss_reconstruction": 0.1540537643432617}
epoch=1445 step=108350 loss=5.61810
{"epoch": 1445, "global_step": 108375, "learning_rate": 0.00010593722652641263, "teacher_forcing": 1.0, "predicted_contact_fraction": 0.0, "epoch_seconds": 18.910668570082635, "elapsed_hours": 13.369904928741096, "loss": 5.978541971842448, "loss_alignment": 0.21929445266723632, "loss_coefficient": 3.178327789306641, "loss_contact": 0.0, "loss_gate": 2.427406921386719, "loss_reconstruction": 0.15351301829020184}
epoch=1446 step=108400 loss=6.40844
epoch=1446 step=108450 loss=6.02115
{"epoch": 1446, "global_step": 108450, "learning_rate": 0.0001058325719835088, "teacher_forcing": 1.0, "predicted_contact_fraction": 0.0, "epoch_seconds": 19.06399710616097, "elapsed_hours": 13.375201907510249, "loss": 5.946198933919271, "loss_alignment": 0.22292518615722656, "loss_coefficient": 3.1396366373697915, "loss_contact": 0.0, "loss_gate": 2.43094970703125, "loss_reconstruction": 0.15268731753031412}
epoch=1447 step=108500 loss=5.75372
{"epoch": 1447, "global_step": 108525, "learning_rate": 0.00010572791103023729, "teacher_forcing": 1.0, "predicted_contact_fraction": 0.0, "epoch_seconds": 19.013228347990662, "elapsed_hours": 13.380484823767846, "loss": 6.090565287272136, "loss_alignment": 0.22754117329915366, "loss_coefficient": 3.27355951944987, "loss_contact": 0.0, "loss_gate": 2.4351677958170574, "loss_reconstruction": 0.1542960770924886}
epoch=1448 step=108550 loss=6.15008
epoch=1448 step=108600 loss=6.46885
{"epoch": 1448, "global_step": 108600, "learning_rate": 0.00010562324378162718, "teacher_forcing": 1.0, "predicted_contact_fraction": 0.0, "epoch_seconds": 18.38260727468878, "elapsed_hours": 13.385592498525899, "loss": 6.244443868001302, "loss_alignment": 0.23472789764404298, "loss_coefficient": 3.417958068847656, "loss_contact": 0.0, "loss_gate": 2.4362920125325522, "loss_reconstruction": 0.15546579678853353}
epoch=1449 step=108650 loss=5.95475
{"epoch": 1449, "global_step": 108675, "learning_rate": 0.00010551857035271441, "teacher_forcing": 1.0, "predicted_contact_fraction": 0.0, "epoch_seconds": 18.60123796388507, "elapsed_hours": 13.390760957929952, "loss": 6.145019124348958, "loss_alignment": 0.2358320681254069, "loss_coefficient": 3.315508066813151, "loss_contact": 0.0, "loss_gate": 2.439846852620443, "loss_reconstruction": 0.1538328742980957}
epoch=1450 step=108700 loss=5.99868
epoch=1450 step=108750 loss=6.00418
{"epoch": 1450, "global_step": 108750, "learning_rate": 0.00010541389085854176, "teacher_forcing": 1.0, "predicted_contact_fraction": 0.0, "epoch_seconds": 19.153807295951992, "elapsed_hours": 13.396083300575846, "loss": 6.119359944661459, "loss_alignment": 0.2357384936014811, "loss_coefficient": 3.2892835489908854, "loss_contact": 0.0, "loss_gate": 2.439449666341146, "loss_reconstruction": 0.154888703028361}
epoch=1451 step=108800 loss=7.20350
{"epoch": 1451, "global_step": 108825, "learning_rate": 0.00010530920541415866, "teacher_forcing": 1.0, "predicted_contact_fraction": 0.0, "epoch_seconds": 18.33204306429252, "elapsed_hours": 13.40136600681309, "loss": 6.188931274414062, "loss_alignment": 0.22519973754882813, "loss_coefficient": 3.3735647583007813, "loss_contact": 0.0, "loss_gate": 2.4358734639485675, "loss_reconstruction": 0.15429322560628256}
epoch=1452 step=108850 loss=6.75439
epoch=1452 step=108900 loss=6.04738
{"epoch": 1452, "global_step": 108900, "learning_rate": 0.000105204514134621, "teacher_forcing": 1.0, "predicted_contact_fraction": 0.0, "epoch_seconds": 19.062538178171962, "elapsed_hours": 13.406662594708873, "loss": 6.064995015462239, "loss_alignment": 0.24226366678873698, "loss_coefficient": 3.231268259684245, "loss_contact": 0.0, "loss_gate": 2.4379177856445313, "loss_reconstruction": 0.15354580879211427}
epoch=1453 step=108950 loss=7.46661
{"epoch": 1453, "global_step": 108975, "learning_rate": 0.00010509981713499121, "teacher_forcing": 1.0, "predicted_contact_fraction": 0.0, "epoch_seconds": 18.586100466083735, "elapsed_hours": 13.41182679239363, "loss": 6.08705078125, "loss_alignment": 0.2536144002278646, "loss_coefficient": 3.2327877298990884, "loss_contact": 0.0, "loss_gate": 2.447012176513672, "loss_reconstruction": 0.15363691012064615}
epoch=1454 step=109000 loss=5.60119
epoch=1454 step=109050 loss=6.61823
{"epoch": 1454, "global_step": 109050, "learning_rate": 0.00010499511453033797, "teacher_forcing": 1.0, "predicted_contact_fraction": 0.0, "epoch_seconds": 18.86661903001368, "elapsed_hours": 13.417068942450246, "loss": 5.899336344401042, "loss_alignment": 0.21879238764444986, "loss_coefficient": 3.1028339131673177, "loss_contact": 0.0, "loss_gate": 2.425265604654948, "loss_reconstruction": 0.15244382858276367}
epoch=1455 step=109100 loss=6.59670
{"epoch": 1455, "global_step": 109125, "learning_rate": 0.0001048904064357361, "teacher_forcing": 1.0, "predicted_contact_fraction": 0.0, "epoch_seconds": 18.709783085156232, "elapsed_hours": 13.422267496108025, "loss": 6.346241048177084, "loss_alignment": 0.23372714360555014, "loss_coefficient": 3.5205368041992187, "loss_contact": 0.0, "loss_gate": 2.4361475626627604, "loss_reconstruction": 0.15582960446675617}
epoch=1456 step=109150 loss=5.79496
epoch=1456 step=109200 loss=5.63823
{"epoch": 1456, "global_step": 109200, "learning_rate": 0.00010478569296626643, "teacher_forcing": 1.0, "predicted_contact_fraction": 0.0, "epoch_seconds": 18.703727900981903, "elapsed_hours": 13.427464415606421, "loss": 6.036466471354166, "loss_alignment": 0.21627191225687661, "loss_coefficient": 3.243505045572917, "loss_contact": 0.0, "loss_gate": 2.4242789204915365, "loss_reconstruction": 0.15241063117980957}
epoch=1457 step=109250 loss=6.14438
{"epoch": 1457, "global_step": 109275, "learning_rate": 0.00010468097423701575, "teacher_forcing": 1.0, "predicted_contact_fraction": 0.0, "epoch_seconds": 18.710694699082524, "elapsed_hours": 13.432663224563909, "loss": 5.988293151855469, "loss_alignment": 0.2182026735941569, "loss_coefficient": 3.194730173746745, "loss_contact": 0.0, "loss_gate": 2.4232928466796877, "loss_reconstruction": 0.15206713358561197}
epoch=1458 step=109300 loss=5.46952
epoch=1458 step=109350 loss=5.57565
{"epoch": 1458, "global_step": 109350, "learning_rate": 0.00010457625036307654, "teacher_forcing": 1.0, "predicted_contact_fraction": 0.0, "epoch_seconds": 18.495765949133784, "elapsed_hours": 13.437802417430536, "loss": 5.964214579264323, "loss_alignment": 0.21986224492390952, "loss_coefficient": 3.1701899719238282, "loss_contact": 0.0, "loss_gate": 2.421941579182943, "loss_reconstruction": 0.1522213363647461}
epoch=1459 step=109400 loss=6.17954
{"epoch": 1459, "global_step": 109425, "learning_rate": 0.0001044715214595471, "teacher_forcing": 1.0, "predicted_contact_fraction": 0.0, "epoch_seconds": 18.582801700104028, "elapsed_hours": 13.442965766347479, "loss": 6.0462477620442705, "loss_alignment": 0.2172212028503418, "loss_coefficient": 3.255151570638021, "loss_contact": 0.0, "loss_gate": 2.420426330566406, "loss_reconstruction": 0.1534485944112142}
epoch=1460 step=109450 loss=7.04290
epoch=1460 step=109500 loss=5.94304
{"epoch": 1460, "global_step": 109500, "learning_rate": 0.0001043667876415311, "teacher_forcing": 1.0, "predicted_contact_fraction": 0.0, "epoch_seconds": 18.366635472048074, "elapsed_hours": 13.448069012814797, "loss": 6.193819885253906, "loss_alignment": 0.21981354395548502, "loss_coefficient": 3.396875, "loss_contact": 0.0, "loss_gate": 2.4218639119466148, "loss_reconstruction": 0.15526772499084474}
epoch=1461 step=109550 loss=5.33926
{"epoch": 1461, "global_step": 109575, "learning_rate": 0.00010426204902413768, "teacher_forcing": 1.0, "predicted_contact_fraction": 0.0, "epoch_seconds": 18.447745876852423, "elapsed_hours": 13.453379216247834, "loss": 6.196103820800781, "loss_alignment": 0.23641634623209634, "loss_coefficient": 3.37406255086263, "loss_contact": 0.0, "loss_gate": 2.431671091715495, "loss_reconstruction": 0.15395327568054198}
epoch=1462 step=109600 loss=6.42393
epoch=1462 step=109650 loss=5.48231
{"epoch": 1462, "global_step": 109650, "learning_rate": 0.00010415730572248124, "teacher_forcing": 1.0, "predicted_contact_fraction": 0.0, "epoch_seconds": 18.335080854129046, "elapsed_hours": 13.458473706432205, "loss": 6.0904913330078125, "loss_alignment": 0.22301982243855795, "loss_coefficient": 3.290243835449219, "loss_contact": 0.0, "loss_gate": 2.4231546529134116, "loss_reconstruction": 0.15407329241434733}
epoch=1463 step=109700 loss=5.58729
{"epoch": 1463, "global_step": 109725, "learning_rate": 0.00010405255785168131, "teacher_forcing": 1.0, "predicted_contact_fraction": 0.0, "epoch_seconds": 18.344657928217202, "elapsed_hours": 13.463570861224499, "loss": 6.034329121907552, "loss_alignment": 0.2211012077331543, "loss_coefficient": 3.239175567626953, "loss_contact": 0.0, "loss_gate": 2.4205695597330728, "loss_reconstruction": 0.1534833304087321}
epoch=1464 step=109750 loss=6.08646
epoch=1464 step=109800 loss=6.49263
{"epoch": 1464, "global_step": 109800, "learning_rate": 0.0001039478055268625, "teacher_forcing": 1.0, "predicted_contact_fraction": 0.0, "epoch_seconds": 19.072958492208272, "elapsed_hours": 13.46887031119692, "loss": 6.05308837890625, "loss_alignment": 0.2266500981648763, "loss_coefficient": 3.252499847412109, "loss_contact": 0.0, "loss_gate": 2.420139414469401, "loss_reconstruction": 0.15379867871602376}
epoch=1465 step=109850 loss=6.76459
{"epoch": 1465, "global_step": 109875, "learning_rate": 0.00010384304886315426, "teacher_forcing": 1.0, "predicted_contact_fraction": 0.0, "epoch_seconds": 19.4148961128667, "elapsed_hours": 13.474264855244998, "loss": 6.049415486653646, "loss_alignment": 0.21057324409484862, "loss_coefficient": 3.2758197530110675, "loss_contact": 0.0, "loss_gate": 2.4091337076822916, "loss_reconstruction": 0.15388908386230468}
epoch=1466 step=109900 loss=5.63964
epoch=1466 step=109950 loss=6.17747
{"epoch": 1466, "global_step": 109950, "learning_rate": 0.00010373828797569085, "teacher_forcing": 1.0, "predicted_contact_fraction": 0.0, "epoch_seconds": 18.822543556801975, "elapsed_hours": 13.479494746008035, "loss": 6.046851501464844, "loss_alignment": 0.22227698644002278, "loss_coefficient": 3.2510479736328124, "loss_contact": 0.0, "loss_gate": 2.4203394571940104, "loss_reconstruction": 0.15318729082743326}
epoch=1467 step=110000 loss=5.90961
{"epoch": 1467, "global_step": 110025, "learning_rate": 0.00010363352297961113, "teacher_forcing": 1.0, "predicted_contact_fraction": 0.0, "epoch_seconds": 19.040944477077574, "elapsed_hours": 13.48478527856137, "loss": 6.020709025065104, "loss_alignment": 0.21557650566101075, "loss_coefficient": 3.2395150756835935, "loss_contact": 0.0, "loss_gate": 2.412336578369141, "loss_reconstruction": 0.15328060150146483}
epoch=1468 step=110050 loss=6.22607
epoch=1468 step=110100 loss=5.23184
{"epoch": 1468, "global_step": 110100, "learning_rate": 0.00010352875399005853, "teacher_forcing": 1.0, "predicted_contact_fraction": 0.0, "epoch_seconds": 18.88515882473439, "elapsed_hours": 13.490032648379241, "loss": 5.941103210449219, "loss_alignment": 0.21179083506266275, "loss_coefficient": 3.1694378662109375, "loss_contact": 0.0, "loss_gate": 2.4068449910481773, "loss_reconstruction": 0.15302953720092774}
epoch=1469 step=110150 loss=5.70722
{"epoch": 1469, "global_step": 110175, "learning_rate": 0.00010342398112218075, "teacher_forcing": 1.0, "predicted_contact_fraction": 0.0, "epoch_seconds": 18.839044095017016, "elapsed_hours": 13.49526711190805, "loss": 5.891705729166667, "loss_alignment": 0.2248971176147461, "loss_coefficient": 3.0974684651692708, "loss_contact": 0.0, "loss_gate": 2.417191467285156, "loss_reconstruction": 0.1521489429473877}
epoch=1470 step=110200 loss=6.31316
epoch=1470 step=110250 loss=6.15312
{"epoch": 1470, "global_step": 110250, "learning_rate": 0.00010331920449112991, "teacher_forcing": 1.0, "predicted_contact_fraction": 0.0, "epoch_seconds": 18.50827275821939, "elapsed_hours": 13.500409707579399, "loss": 5.876102498372396, "loss_alignment": 0.20222708066304526, "loss_coefficient": 3.11860844930013, "loss_contact": 0.0, "loss_gate": 2.402995300292969, "loss_reconstruction": 0.15227097511291504}
epoch=1471 step=110300 loss=6.18592
{"epoch": 1471, "global_step": 110325, "learning_rate": 0.00010321442421206218, "teacher_forcing": 1.0, "predicted_contact_fraction": 0.0, "epoch_seconds": 18.527771112974733, "elapsed_hours": 13.505738359056414, "loss": 6.21197021484375, "loss_alignment": 0.2334737014770508, "loss_coefficient": 3.404920908610026, "loss_contact": 0.0, "loss_gate": 2.4192039489746096, "loss_reconstruction": 0.1543711789449056}
epoch=1472 step=110350 loss=6.32590
epoch=1472 step=110400 loss=5.61311
{"epoch": 1472, "global_step": 110400, "learning_rate": 0.00010310964040013775, "teacher_forcing": 1.0, "predicted_contact_fraction": 0.0, "epoch_seconds": 18.53151412215084, "elapsed_hours": 13.510887565816132, "loss": 5.974822387695313, "loss_alignment": 0.23078839619954428, "loss_coefficient": 3.17405522664388, "loss_contact": 0.0, "loss_gate": 2.417603098551432, "loss_reconstruction": 0.15237626711527508}
epoch=1473 step=110450 loss=6.05603
{"epoch": 1473, "global_step": 110475, "learning_rate": 0.00010300485317052069, "teacher_forcing": 1.0, "predicted_contact_fraction": 0.0, "epoch_seconds": 18.6381481513381, "elapsed_hours": 13.51606632494924, "loss": 5.873817749023438, "loss_alignment": 0.2096223545074463, "loss_coefficient": 3.1092267354329426, "loss_contact": 0.0, "loss_gate": 2.4030650838216148, "loss_reconstruction": 0.15190379142761232}
epoch=1474 step=110500 loss=6.43874
epoch=1474 step=110550 loss=5.93236
{"epoch": 1474, "global_step": 110550, "learning_rate": 0.00010290006263837884, "teacher_forcing": 1.0, "predicted_contact_fraction": 0.0, "epoch_seconds": 18.734042208641768, "elapsed_hours": 13.521271611490262, "loss": 5.860082600911459, "loss_alignment": 0.21090373039245605, "loss_coefficient": 3.0948667399088543, "loss_contact": 0.0, "loss_gate": 2.4023173014322916, "loss_reconstruction": 0.15199423472086587}
epoch=1475 step=110600 loss=6.32316
{"epoch": 1475, "global_step": 110625, "learning_rate": 0.00010279526891888364, "teacher_forcing": 1.0, "predicted_contact_fraction": 0.0, "epoch_seconds": 20.02098116884008, "elapsed_hours": 13.526834463631449, "loss": 5.94622314453125, "loss_alignment": 0.2236935806274414, "loss_coefficient": 3.15982177734375, "loss_contact": 0.0, "loss_gate": 2.4108287048339845, "loss_reconstruction": 0.15187893549601236}
epoch=1476 step=110650 loss=5.60041
epoch=1476 step=110700 loss=5.21917
{"epoch": 1476, "global_step": 110700, "learning_rate": 0.00010269047212721006, "teacher_forcing": 1.0, "predicted_contact_fraction": 0.0, "epoch_seconds": 18.66403967095539, "elapsed_hours": 13.532020347921126, "loss": 5.830207824707031, "loss_alignment": 0.2228860346476237, "loss_coefficient": 3.0505914306640625, "loss_contact": 0.0, "loss_gate": 2.4051224263509114, "loss_reconstruction": 0.15160817782084146}
epoch=1477 step=110750 loss=5.77682
{"epoch": 1477, "global_step": 110775, "learning_rate": 0.0001025856723785365, "teacher_forcing": 1.0, "predicted_contact_fraction": 0.0, "epoch_seconds": 18.94648393522948, "elapsed_hours": 13.537284686966643, "loss": 5.944419657389323, "loss_alignment": 0.21991373697916666, "loss_coefficient": 3.1644017537434896, "loss_contact": 0.0, "loss_gate": 2.4078080749511717, "loss_reconstruction": 0.15229540824890136}
epoch=1478 step=110800 loss=5.99784
epoch=1478 step=110850 loss=6.03763
{"epoch": 1478, "global_step": 110850, "learning_rate": 0.00010248086978804445, "teacher_forcing": 1.0, "predicted_contact_fraction": 0.0, "epoch_seconds": 18.78613106906414, "elapsed_hours": 13.542504767413872, "loss": 6.007339375813802, "loss_alignment": 0.22316293080647787, "loss_coefficient": 3.2225575764973957, "loss_contact": 0.0, "loss_gate": 2.407728576660156, "loss_reconstruction": 0.15389057795206706}
epoch=1479 step=110900 loss=6.87043
{"epoch": 1479, "global_step": 110925, "learning_rate": 0.00010237606447091873, "teacher_forcing": 1.0, "predicted_contact_fraction": 0.0, "epoch_seconds": 18.519195755012333, "elapsed_hours": 13.54765064158257, "loss": 5.960739440917969, "loss_alignment": 0.21426313082377116, "loss_coefficient": 3.191295623779297, "loss_contact": 0.0, "loss_gate": 2.401646931966146, "loss_reconstruction": 0.15353453954060872}
epoch=1480 step=110950 loss=6.15480
epoch=1480 step=111000 loss=5.80479
{"epoch": 1480, "global_step": 111000, "learning_rate": 0.00010227125654234695, "teacher_forcing": 1.0, "predicted_contact_fraction": 0.0, "epoch_seconds": 18.558719228953123, "elapsed_hours": 13.552807364918344, "loss": 6.121080525716146, "loss_alignment": 0.22926639556884765, "loss_coefficient": 3.3290560913085936, "loss_contact": 0.0, "loss_gate": 2.4082078043619792, "loss_reconstruction": 0.1545502503712972}
epoch=1481 step=111050 loss=6.60851
{"epoch": 1481, "global_step": 111075, "learning_rate": 0.00010216644611751975, "teacher_forcing": 1.0, "predicted_contact_fraction": 0.0, "epoch_seconds": 18.43807490589097, "elapsed_hours": 13.55811638939479, "loss": 6.180298767089844, "loss_alignment": 0.23364086786905924, "loss_coefficient": 3.372991231282552, "loss_contact": 0.0, "loss_gate": 2.4191605631510416, "loss_reconstruction": 0.15450677871704102}
epoch=1482 step=111100 loss=5.27389
epoch=1482 step=111150 loss=5.85253
{"epoch": 1482, "global_step": 111150, "learning_rate": 0.00010206163331163043, "teacher_forcing": 1.0, "predicted_contact_fraction": 0.0, "epoch_seconds": 18.36573554901406, "elapsed_hours": 13.563219406758565, "loss": 5.9820023600260415, "loss_alignment": 0.22038923263549803, "loss_coefficient": 3.2038946533203125, "loss_contact": 0.0, "loss_gate": 2.4043277486165366, "loss_reconstruction": 0.1533909066518148}
epoch=1483 step=111200 loss=5.62980
{"epoch": 1483, "global_step": 111225, "learning_rate": 0.00010195681823987497, "teacher_forcing": 1.0, "predicted_contact_fraction": 0.0, "epoch_seconds": 18.43345449026674, "elapsed_hours": 13.568341377579685, "loss": 5.990686136881511, "loss_alignment": 0.22455139795939127, "loss_coefficient": 3.2070941162109374, "loss_contact": 0.0, "loss_gate": 2.406008707682292, "loss_reconstruction": 0.15303194681803386}
epoch=1484 step=111250 loss=5.57411
epoch=1484 step=111300 loss=6.58562
{"epoch": 1484, "global_step": 111300, "learning_rate": 0.00010185200101745177, "teacher_forcing": 1.0, "predicted_contact_fraction": 0.0, "epoch_seconds": 18.70619245292619, "elapsed_hours": 13.573538944700525, "loss": 5.935982157389323, "loss_alignment": 0.20989296277364095, "loss_coefficient": 3.1766399637858074, "loss_contact": 0.0, "loss_gate": 2.397345479329427, "loss_reconstruction": 0.1521037769317627}
epoch=1485 step=111350 loss=6.20367
{"epoch": 1485, "global_step": 111375, "learning_rate": 0.00010174718175956164, "teacher_forcing": 1.0, "predicted_contact_fraction": 0.0, "epoch_seconds": 19.090857638977468, "elapsed_hours": 13.578843561253613, "loss": 5.920377807617188, "loss_alignment": 0.2241005261739095, "loss_coefficient": 3.137364756266276, "loss_contact": 0.0, "loss_gate": 2.4069972737630208, "loss_reconstruction": 0.15191535313924154}
epoch=1486 step=111400 loss=5.76590
epoch=1486 step=111450 loss=5.14572
{"epoch": 1486, "global_step": 111450, "learning_rate": 0.00010164236058140759, "teacher_forcing": 1.0, "predicted_contact_fraction": 0.0, "epoch_seconds": 19.030577016063035, "elapsed_hours": 13.584131233155237, "loss": 5.758801066080729, "loss_alignment": 0.20220946629842124, "loss_coefficient": 3.0138284301757814, "loss_contact": 0.0, "loss_gate": 2.3916634623209636, "loss_reconstruction": 0.15109971046447754}
epoch=1487 step=111500 loss=6.31071
{"epoch": 1487, "global_step": 111525, "learning_rate": 0.00010153753759819478, "teacher_forcing": 1.0, "predicted_contact_fraction": 0.0, "epoch_seconds": 18.377982723992318, "elapsed_hours": 13.58923770062134, "loss": 5.946809285481771, "loss_alignment": 0.21308863321940105, "loss_coefficient": 3.1827961730957033, "loss_contact": 0.0, "loss_gate": 2.398203837076823, "loss_reconstruction": 0.1527210521697998}
epoch=1488 step=111550 loss=5.76905
epoch=1488 step=111600 loss=7.50123
{"epoch": 1488, "global_step": 111600, "learning_rate": 0.00010143271292513032, "teacher_forcing": 1.0, "predicted_contact_fraction": 0.0, "epoch_seconds": 18.95547488098964, "elapsed_hours": 13.594504607285295, "loss": 5.980286560058594, "loss_alignment": 0.22027475357055665, "loss_coefficient": 3.2078643798828126, "loss_contact": 0.0, "loss_gate": 2.399602966308594, "loss_reconstruction": 0.15254374821980796}
epoch=1489 step=111650 loss=5.47618
{"epoch": 1489, "global_step": 111675, "learning_rate": 0.00010132788667742323, "teacher_forcing": 1.0, "predicted_contact_fraction": 0.0, "epoch_seconds": 18.661644760984927, "elapsed_hours": 13.599689885274145, "loss": 5.852902628580729, "loss_alignment": 0.21226786295572916, "loss_coefficient": 3.0951419576009114, "loss_contact": 0.0, "loss_gate": 2.392910664876302, "loss_reconstruction": 0.15258149782816569}
epoch=1490 step=111700 loss=5.92214
epoch=1490 step=111750 loss=6.48249
{"epoch": 1490, "global_step": 111750, "learning_rate": 0.00010122305897028424, "teacher_forcing": 1.0, "predicted_contact_fraction": 0.0, "epoch_seconds": 18.065189502201974, "elapsed_hours": 13.604709528535604, "loss": 6.13904795328776, "loss_alignment": 0.23408923467000325, "loss_coefficient": 3.3441765848795573, "loss_contact": 0.0, "loss_gate": 2.407594909667969, "loss_reconstruction": 0.15318669001261392}
epoch=1491 step=111800 loss=6.01099
{"epoch": 1491, "global_step": 111825, "learning_rate": 0.00010111822991892556, "teacher_forcing": 1.0, "predicted_contact_fraction": 0.0, "epoch_seconds": 18.0763874030672, "elapsed_hours": 13.60991847248942, "loss": 5.878909403483073, "loss_alignment": 0.21069819768269857, "loss_coefficient": 3.12314692179362, "loss_contact": 0.0, "loss_gate": 2.3932786051432293, "loss_reconstruction": 0.15178598403930665}
epoch=1492 step=111850 loss=6.29349
epoch=1492 step=111900 loss=7.41898
{"epoch": 1492, "global_step": 111900, "learning_rate": 0.00010101339963856111, "teacher_forcing": 1.0, "predicted_contact_fraction": 0.0, "epoch_seconds": 18.352862847037613, "elapsed_hours": 13.615017901158039, "loss": 5.958292236328125, "loss_alignment": 0.2266794776916504, "loss_coefficient": 3.177759450276693, "loss_contact": 0.0, "loss_gate": 2.4012179056803387, "loss_reconstruction": 0.15263566335042317}
epoch=1493 step=111950 loss=5.44986
{"epoch": 1493, "global_step": 111975, "learning_rate": 0.00010090856824440596, "teacher_forcing": 1.0, "predicted_contact_fraction": 0.0, "epoch_seconds": 18.380536030977964, "elapsed_hours": 13.620125106064759, "loss": 6.061975708007813, "loss_alignment": 0.23330663045247396, "loss_coefficient": 3.2677291870117187, "loss_contact": 0.0, "loss_gate": 2.40770263671875, "loss_reconstruction": 0.15323755582173665}
epoch=1494 step=112000 loss=5.94812
epoch=1494 step=112050 loss=5.65369
{"epoch": 1494, "global_step": 112050, "learning_rate": 0.00010080373585167653, "teacher_forcing": 1.0, "predicted_contact_fraction": 0.0, "epoch_seconds": 18.770773057825863, "elapsed_hours": 13.625340615626968, "loss": 5.971314188639323, "loss_alignment": 0.23490205764770508, "loss_coefficient": 3.1734723409016925, "loss_contact": 0.0, "loss_gate": 2.4108762613932293, "loss_reconstruction": 0.15206348419189453}
epoch=1495 step=112100 loss=6.84077
{"epoch": 1495, "global_step": 112125, "learning_rate": 0.00010069890257559027, "teacher_forcing": 1.0, "predicted_contact_fraction": 0.0, "epoch_seconds": 18.72520865406841, "elapsed_hours": 13.630543566117218, "loss": 5.921873575846354, "loss_alignment": 0.2177526601155599, "loss_coefficient": 3.1547178649902343, "loss_contact": 0.0, "loss_gate": 2.3978921508789064, "loss_reconstruction": 0.15151122093200683}
epoch=1496 step=112150 loss=6.50804
epoch=1496 step=112200 loss=5.85505
{"epoch": 1496, "global_step": 112200, "learning_rate": 0.00010059406853136562, "teacher_forcing": 1.0, "predicted_contact_fraction": 0.0, "epoch_seconds": 19.13895942736417, "elapsed_hours": 13.63586138100635, "loss": 5.9055730183919275, "loss_alignment": 0.21810002009073892, "loss_coefficient": 3.140658721923828, "loss_contact": 0.0, "loss_gate": 2.3946617635091147, "loss_reconstruction": 0.15215196291605632}
epoch=1497 step=112250 loss=6.31689
{"epoch": 1497, "global_step": 112275, "learning_rate": 0.00010048923383422182, "teacher_forcing": 1.0, "predicted_contact_fraction": 0.0, "epoch_seconds": 18.84347510104999, "elapsed_hours": 13.641097071201463, "loss": 6.092413228352864, "loss_alignment": 0.22043114344278972, "loss_coefficient": 3.3190512084960937, "loss_contact": 0.0, "loss_gate": 2.399361826578776, "loss_reconstruction": 0.15356908798217772}
epoch=1498 step=112300 loss=5.73696
epoch=1498 step=112350 loss=5.83042
{"epoch": 1498, "global_step": 112350, "learning_rate": 0.00010038439859937896, "teacher_forcing": 1.0, "predicted_contact_fraction": 0.0, "epoch_seconds": 18.884489085990936, "elapsed_hours": 13.646344173359685, "loss": 6.010609639485677, "loss_alignment": 0.22160741170247397, "loss_coefficient": 3.2404278055826823, "loss_contact": 0.0, "loss_gate": 2.3956277974446616, "loss_reconstruction": 0.1529467805226644}
epoch=1499 step=112400 loss=5.91799
{"epoch": 1499, "global_step": 112425, "learning_rate": 0.00010027956294205753, "teacher_forcing": 1.0, "predicted_contact_fraction": 0.0, "epoch_seconds": 18.868177303113043, "elapsed_hours": 13.651586759654132, "loss": 6.013399353027344, "loss_alignment": 0.22632919947306315, "loss_coefficient": 3.2349889119466146, "loss_contact": 0.0, "loss_gate": 2.399173583984375, "loss_reconstruction": 0.1529081344604492}
epoch=1500 step=112450 loss=5.51336
epoch=1500 step=112500 loss=5.89681
{"epoch": 1500, "global_step": 112500, "learning_rate": 0.0001001747269774787, "teacher_forcing": 1.0, "predicted_contact_fraction": 0.0, "epoch_seconds": 19.228813226800412, "elapsed_hours": 13.656929967284151, "loss": 6.0215675862630205, "loss_alignment": 0.22964130401611327, "loss_coefficient": 3.2417804463704427, "loss_contact": 0.0, "loss_gate": 2.39764399210612, "loss_reconstruction": 0.15250212987263997}
[2026-09-22 13:44:50.818] [svulkan2] [warning] A second renderer will share the same internal context with the first one. Arguments passed to constructor will be ignored.
[FaucetEnv] change_instance_when_reset=True
[2026-09-22 13:44:50.884] [svulkan2] [warning] A second renderer will share the same internal context with the first one. Arguments passed to constructor will be ignored.
[LaptopEnv] change_instance_when_reset=True
[2026-09-22 13:44:50.919] [svulkan2] [warning] A second renderer will share the same internal context with the first one. Arguments passed to constructor will be ignored.
[BucketEnv] change_instance_when_reset=True
[2026-09-22 13:44:50.938] [svulkan2] [warning] A second renderer will share the same internal context with the first one. Arguments passed to constructor will be ignored.
[ToiletEnv] change_instance_when_reset=True
[2026-09-22 13:47:42.001] [svulkan2] [warning] A second renderer will share the same internal context with the first one. Arguments passed to constructor will be ignored.
[ToiletEnv] change_instance_when_reset=True
[2026-09-22 13:48:32.165] [svulkan2] [warning] A second renderer will share the same internal context with the first one. Arguments passed to constructor will be ignored.
[LaptopEnv] change_instance_when_reset=True
[2026-09-22 13:48:35.527] [svulkan2] [warning] A second renderer will share the same internal context with the first one. Arguments passed to constructor will be ignored.
[FaucetEnv] change_instance_when_reset=True
[2026-09-22 13:50:25.381] [svulkan2] [warning] A second renderer will share the same internal context with the first one. Arguments passed to constructor will be ignored.
[ToiletEnv] change_instance_when_reset=True
[2026-09-22 13:51:07.434] [svulkan2] [warning] A second renderer will share the same internal context with the first one. Arguments passed to constructor will be ignored.
[BucketEnv] change_instance_when_reset=True
[2026-09-22 13:52:15.659] [svulkan2] [warning] A second renderer will share the same internal context with the first one. Arguments passed to constructor will be ignored.
[LaptopEnv] change_instance_when_reset=True
[2026-09-22 13:52:29.998] [svulkan2] [warning] A second renderer will share the same internal context with the first one. Arguments passed to constructor will be ignored.
[FaucetEnv] change_instance_when_reset=True
[2026-09-22 13:53:01.403] [SAPIEN] [error] Failed to load visual mesh: /data/users/zhouyike/dexCG/third_party/dexart/assets/sapien/10090/textured_objs/new-1.obj
[2026-09-22 13:53:08.477] [svulkan2] [warning] A second renderer will share the same internal context with the first one. Arguments passed to constructor will be ignored.
[ToiletEnv] change_instance_when_reset=True
[2026-09-22 13:54:57.551] [SAPIEN] [error] Failed to load visual mesh: /data/users/zhouyike/dexCG/third_party/dexart/assets/sapien/10090/textured_objs/new-1.obj
[2026-09-22 13:55:46.502] [svulkan2] [warning] A second renderer will share the same internal context with the first one. Arguments passed to constructor will be ignored.
[ToiletEnv] change_instance_when_reset=True
[2026-09-22 13:55:47.553] [svulkan2] [warning] A second renderer will share the same internal context with the first one. Arguments passed to constructor will be ignored.
[LaptopEnv] change_instance_when_reset=True
[2026-09-22 13:55:47.557] [SAPIEN] [error] Failed to load visual mesh: /data/users/zhouyike/dexCG/third_party/dexart/assets/sapien/10090/textured_objs/new-1.obj
[2026-09-22 13:56:38.975] [svulkan2] [warning] A second renderer will share the same internal context with the first one. Arguments passed to constructor will be ignored.
[FaucetEnv] change_instance_when_reset=True
[2026-09-22 13:58:35.554] [svulkan2] [warning] A second renderer will share the same internal context with the first one. Arguments passed to constructor will be ignored.
[BucketEnv] change_instance_when_reset=True
[2026-09-22 13:58:54.634] [SAPIEN] [error] Failed to load visual mesh: /data/users/zhouyike/dexCG/third_party/dexart/assets/sapien/10090/textured_objs/new-1.obj
[2026-09-22 13:59:31.274] [svulkan2] [warning] A second renderer will share the same internal context with the first one. Arguments passed to constructor will be ignored.
[LaptopEnv] change_instance_when_reset=True
[2026-09-22 14:00:40.655] [svulkan2] [warning] A second renderer will share the same internal context with the first one. Arguments passed to constructor will be ignored.
[FaucetEnv] change_instance_when_reset=True
[2026-09-22 14:01:35.038] [SAPIEN] [error] Failed to load visual mesh: /data/users/zhouyike/dexCG/third_party/dexart/assets/sapien/10090/textured_objs/new-1.obj
[2026-09-22 14:02:10.214] [SAPIEN] [error] Failed to load visual mesh: /data/users/zhouyike/dexCG/third_party/dexart/assets/sapien/10090/textured_objs/new-1.obj
[2026-09-22 14:05:28.285] [svulkan2] [warning] A second renderer will share the same internal context with the first one. Arguments passed to constructor will be ignored.
[BucketEnv] change_instance_when_reset=True
[2026-09-22 14:11:59.512] [svulkan2] [warning] A second renderer will share the same internal context with the first one. Arguments passed to constructor will be ignored.
[BucketEnv] change_instance_when_reset=True
[2026-09-22 14:19:32.424] [svulkan2] [warning] A second renderer will share the same internal context with the first one. Arguments passed to constructor will be ignored.
[FaucetEnv] change_instance_when_reset=True
[2026-09-22 14:19:32.470] [svulkan2] [warning] A second renderer will share the same internal context with the first one. Arguments passed to constructor will be ignored.
[ToiletEnv] change_instance_when_reset=True
[2026-09-22 14:19:32.476] [svulkan2] [warning] A second renderer will share the same internal context with the first one. Arguments passed to constructor will be ignored.
[LaptopEnv] change_instance_when_reset=True
[2026-09-22 14:19:32.758] [svulkan2] [warning] A second renderer will share the same internal context with the first one. Arguments passed to constructor will be ignored.
[BucketEnv] change_instance_when_reset=True
[2026-09-22 14:23:15.133] [svulkan2] [warning] A second renderer will share the same internal context with the first one. Arguments passed to constructor will be ignored.
[ToiletEnv] change_instance_when_reset=True
[2026-09-22 14:23:21.853] [svulkan2] [warning] A second renderer will share the same internal context with the first one. Arguments passed to constructor will be ignored.
[LaptopEnv] change_instance_when_reset=True
[2026-09-22 14:23:52.457] [svulkan2] [warning] A second renderer will share the same internal context with the first one. Arguments passed to constructor will be ignored.
[FaucetEnv] change_instance_when_reset=True
[2026-09-22 14:26:34.770] [svulkan2] [warning] A second renderer will share the same internal context with the first one. Arguments passed to constructor will be ignored.
[ToiletEnv] change_instance_when_reset=True
[2026-09-22 14:27:12.172] [svulkan2] [warning] A second renderer will share the same internal context with the first one. Arguments passed to constructor will be ignored.
[LaptopEnv] change_instance_when_reset=True
[2026-09-22 14:27:13.614] [svulkan2] [warning] A second renderer will share the same internal context with the first one. Arguments passed to constructor will be ignored.
[BucketEnv] change_instance_when_reset=True
[2026-09-22 14:27:48.768] [svulkan2] [warning] A second renderer will share the same internal context with the first one. Arguments passed to constructor will be ignored.
[FaucetEnv] change_instance_when_reset=True
[2026-09-22 14:28:03.339] [SAPIEN] [error] Failed to load visual mesh: /data/users/zhouyike/dexCG/third_party/dexart/assets/sapien/10090/textured_objs/new-1.obj
[2026-09-22 14:29:56.655] [SAPIEN] [error] Failed to load visual mesh: /data/users/zhouyike/dexCG/third_party/dexart/assets/sapien/10090/textured_objs/new-1.obj
[2026-09-22 14:30:09.653] [svulkan2] [warning] A second renderer will share the same internal context with the first one. Arguments passed to constructor will be ignored.
[ToiletEnv] change_instance_when_reset=True
[2026-09-22 14:30:52.874] [svulkan2] [warning] A second renderer will share the same internal context with the first one. Arguments passed to constructor will be ignored.
[LaptopEnv] change_instance_when_reset=True
[2026-09-22 14:30:52.880] [SAPIEN] [error] Failed to load visual mesh: /data/users/zhouyike/dexCG/third_party/dexart/assets/sapien/10090/textured_objs/new-1.obj
[2026-09-22 14:32:21.765] [svulkan2] [warning] A second renderer will share the same internal context with the first one. Arguments passed to constructor will be ignored.
[FaucetEnv] change_instance_when_reset=True
[2026-09-22 14:32:57.398] [svulkan2] [warning] A second renderer will share the same internal context with the first one. Arguments passed to constructor will be ignored.
[ToiletEnv] change_instance_when_reset=True
[2026-09-22 14:33:44.168] [SAPIEN] [error] Failed to load visual mesh: /data/users/zhouyike/dexCG/third_party/dexart/assets/sapien/10090/textured_objs/new-1.obj
[2026-09-22 14:34:21.152] [svulkan2] [warning] A second renderer will share the same internal context with the first one. Arguments passed to constructor will be ignored.
[LaptopEnv] change_instance_when_reset=True
[2026-09-22 14:34:54.947] [svulkan2] [warning] A second renderer will share the same internal context with the first one. Arguments passed to constructor will be ignored.
[BucketEnv] change_instance_when_reset=True
[2026-09-22 14:36:16.912] [svulkan2] [warning] A second renderer will share the same internal context with the first one. Arguments passed to constructor will be ignored.
[FaucetEnv] change_instance_when_reset=True
[2026-09-22 14:36:22.558] [SAPIEN] [error] Failed to load visual mesh: /data/users/zhouyike/dexCG/third_party/dexart/assets/sapien/10090/textured_objs/new-1.obj
[2026-09-22 14:37:00.182] [SAPIEN] [error] Failed to load visual mesh: /data/users/zhouyike/dexCG/third_party/dexart/assets/sapien/10090/textured_objs/new-1.obj
[2026-09-22 14:41:57.997] [svulkan2] [warning] A second renderer will share the same internal context with the first one. Arguments passed to constructor will be ignored.
[BucketEnv] change_instance_when_reset=True
[2026-09-22 14:48:38.616] [svulkan2] [warning] A second renderer will share the same internal context with the first one. Arguments passed to constructor will be ignored.
[BucketEnv] change_instance_when_reset=True
epoch=1501 step=112550 loss=6.10304
{"epoch": 1501, "global_step": 112575, "learning_rate": 0.00010006989082086378, "teacher_forcing": 1.0, "predicted_contact_fraction": 0.0, "epoch_seconds": 18.63362529827282, "elapsed_hours": 14.85188485410168, "loss": 5.791809692382812, "loss_alignment": 0.20706438700358074, "loss_coefficient": 3.0445846048990886, "loss_contact": 0.0, "loss_gate": 2.389759368896484, "loss_reconstruction": 0.15040140787760417}
epoch=1502 step=112600 loss=5.35962
epoch=1502 step=112650 loss=5.87777
{"epoch": 1502, "global_step": 112650, "learning_rate": 9.996505458743441e-05, "teacher_forcing": 1.0, "predicted_contact_fraction": 0.0, "epoch_seconds": 19.436712353955954, "elapsed_hours": 14.857285394276648, "loss": 5.995744018554688, "loss_alignment": 0.21313262939453126, "loss_coefficient": 3.2386881510416665, "loss_contact": 0.0, "loss_gate": 2.391692403157552, "loss_reconstruction": 0.15223060925801596}
epoch=1503 step=112700 loss=6.34318
{"epoch": 1503, "global_step": 112725, "learning_rate": 9.986021839241225e-05, "teacher_forcing": 1.0, "predicted_contact_fraction": 0.0, "epoch_seconds": 18.61628399696201, "elapsed_hours": 14.862458056850075, "loss": 5.788988138834635, "loss_alignment": 0.20400111516316732, "loss_coefficient": 3.053787841796875, "loss_contact": 0.0, "loss_gate": 2.3805152384440103, "loss_reconstruction": 0.150684388478597}
epoch=1504 step=112750 loss=6.50988
epoch=1504 step=112800 loss=7.57251
{"epoch": 1504, "global_step": 112800, "learning_rate": 9.975538235101898e-05, "teacher_forcing": 1.0, "predicted_contact_fraction": 0.0, "epoch_seconds": 18.576525277923793, "elapsed_hours": 14.867619893571957, "loss": 5.940988260904948, "loss_alignment": 0.2132782236735026, "loss_coefficient": 3.1916007486979168, "loss_contact": 0.0, "loss_gate": 2.383661651611328, "loss_reconstruction": 0.1524475892384847}
epoch=1505 step=112850 loss=5.58290
{"epoch": 1505, "global_step": 112875, "learning_rate": 9.965054657847605e-05, "teacher_forcing": 1.0, "predicted_contact_fraction": 0.0, "epoch_seconds": 18.746830289717764, "elapsed_hours": 14.872828845303092, "loss": 6.126969299316406, "loss_alignment": 0.22894081751505535, "loss_coefficient": 3.3487068684895833, "loss_contact": 0.0, "loss_gate": 2.395652872721354, "loss_reconstruction": 0.1536691983540853}
epoch=1506 step=112900 loss=6.43755
epoch=1506 step=112950 loss=5.51856
{"epoch": 1506, "global_step": 112950, "learning_rate": 9.954571119000472e-05, "teacher_forcing": 1.0, "predicted_contact_fraction": 0.0, "epoch_seconds": 18.744915356859565, "elapsed_hours": 14.878037232058123, "loss": 6.017528483072916, "loss_alignment": 0.22401267369588215, "loss_coefficient": 3.2443424479166665, "loss_contact": 0.0, "loss_gate": 2.396117451985677, "loss_reconstruction": 0.15305598258972167}
epoch=1507 step=113000 loss=4.91589
{"epoch": 1507, "global_step": 113025, "learning_rate": 9.944087630082565e-05, "teacher_forcing": 1.0, "predicted_contact_fraction": 0.0, "epoch_seconds": 19.976826118770987, "elapsed_hours": 14.883587794615629, "loss": 5.929896341959635, "loss_alignment": 0.21611058553059895, "loss_coefficient": 3.1738071695963543, "loss_contact": 0.0, "loss_gate": 2.3878707377115886, "loss_reconstruction": 0.1521078586578369}
epoch=1508 step=113050 loss=5.77407
epoch=1508 step=113100 loss=5.72455
{"epoch": 1508, "global_step": 113100, "learning_rate": 9.93360420261591e-05, "teacher_forcing": 1.0, "predicted_contact_fraction": 0.0, "epoch_seconds": 19.020914969965816, "elapsed_hours": 14.888873456985586, "loss": 5.820903218587239, "loss_alignment": 0.216264435450236, "loss_coefficient": 3.0656192525227866, "loss_contact": 0.0, "loss_gate": 2.3882201131184897, "loss_reconstruction": 0.150799347559611}
epoch=1509 step=113150 loss=5.98544
{"epoch": 1509, "global_step": 113175, "learning_rate": 9.923120848122459e-05, "teacher_forcing": 1.0, "predicted_contact_fraction": 0.0, "epoch_seconds": 18.64810507791117, "elapsed_hours": 14.894054947590792, "loss": 5.879955647786458, "loss_alignment": 0.2168709373474121, "loss_coefficient": 3.120850067138672, "loss_contact": 0.0, "loss_gate": 2.3907354227701823, "loss_reconstruction": 0.1514988899230957}
epoch=1510 step=113200 loss=5.56798
epoch=1510 step=113250 loss=5.89145
{"epoch": 1510, "global_step": 113250, "learning_rate": 9.912637578124091e-05, "teacher_forcing": 1.0, "predicted_contact_fraction": 0.0, "epoch_seconds": 19.016915266867727, "elapsed_hours": 14.899338916327753, "loss": 5.932146708170573, "loss_alignment": 0.21523494720458985, "loss_coefficient": 3.1747762552897134, "loss_contact": 0.0, "loss_gate": 2.389748992919922, "loss_reconstruction": 0.15238640149434407}
epoch=1511 step=113300 loss=6.66103
{"epoch": 1511, "global_step": 113325, "learning_rate": 9.902154404142579e-05, "teacher_forcing": 1.0, "predicted_contact_fraction": 0.0, "epoch_seconds": 18.969771295785904, "elapsed_hours": 14.904758081256102, "loss": 5.975904541015625, "loss_alignment": 0.2260989761352539, "loss_coefficient": 3.2034375508626303, "loss_contact": 0.0, "loss_gate": 2.3941670735677083, "loss_reconstruction": 0.15220079104105633}
epoch=1512 step=113350 loss=5.76400
epoch=1512 step=113400 loss=6.39714
{"epoch": 1512, "global_step": 113400, "learning_rate": 9.891671337699602e-05, "teacher_forcing": 1.0, "predicted_contact_fraction": 0.0, "epoch_seconds": 18.908587483223528, "elapsed_hours": 14.910011925087828, "loss": 6.020871988932291, "loss_alignment": 0.22122833251953125, "loss_coefficient": 3.2583025614420573, "loss_contact": 0.0, "loss_gate": 2.389068603515625, "loss_reconstruction": 0.15227227210998534}
epoch=1513 step=113450 loss=5.80884
{"epoch": 1513, "global_step": 113475, "learning_rate": 9.881188390316716e-05, "teacher_forcing": 1.0, "predicted_contact_fraction": 0.0, "epoch_seconds": 19.245650501921773, "elapsed_hours": 14.915359391892821, "loss": 5.985809834798177, "loss_alignment": 0.21415764808654786, "loss_coefficient": 3.234539591471354, "loss_contact": 0.0, "loss_gate": 2.3849280293782553, "loss_reconstruction": 0.1521851348876953}
epoch=1514 step=113500 loss=5.80560
epoch=1514 step=113550 loss=6.08497
{"epoch": 1514, "global_step": 113550, "learning_rate": 9.870705573515351e-05, "teacher_forcing": 1.0, "predicted_contact_fraction": 0.0, "epoch_seconds": 18.630363389384, "elapsed_hours": 14.920536200762209, "loss": 6.080520935058594, "loss_alignment": 0.227266845703125, "loss_coefficient": 3.3051548767089844, "loss_contact": 0.0, "loss_gate": 2.394484456380208, "loss_reconstruction": 0.15361411730448404}
epoch=1515 step=113600 loss=5.74474
{"epoch": 1515, "global_step": 113625, "learning_rate": 9.860222898816783e-05, "teacher_forcing": 1.0, "predicted_contact_fraction": 0.0, "epoch_seconds": 19.926838389132172, "elapsed_hours": 14.926072896991908, "loss": 5.889808959960938, "loss_alignment": 0.20843700091044107, "loss_coefficient": 3.1497615559895835, "loss_contact": 0.0, "loss_gate": 2.3796388244628908, "loss_reconstruction": 0.15197168668111166}
epoch=1516 step=113650 loss=5.82766
epoch=1516 step=113700 loss=6.28632
{"epoch": 1516, "global_step": 113700, "learning_rate": 9.84974037774214e-05, "teacher_forcing": 1.0, "predicted_contact_fraction": 0.0, "epoch_seconds": 18.920222660992295, "elapsed_hours": 14.931329993902473, "loss": 5.901272989908854, "loss_alignment": 0.20672077178955078, "loss_coefficient": 3.1660701497395833, "loss_contact": 0.0, "loss_gate": 2.3764856465657553, "loss_reconstruction": 0.1519967269897461}
epoch=1517 step=113750 loss=5.48128
{"epoch": 1517, "global_step": 113775, "learning_rate": 9.839258021812381e-05, "teacher_forcing": 1.0, "predicted_contact_fraction": 0.0, "epoch_seconds": 18.87912307213992, "elapsed_hours": 14.936575698492558, "loss": 5.891562805175782, "loss_alignment": 0.22303789138793945, "loss_coefficient": 3.1310383605957033, "loss_contact": 0.0, "loss_gate": 2.385608113606771, "loss_reconstruction": 0.15187890688578287}
epoch=1518 step=113800 loss=5.37451
epoch=1518 step=113850 loss=5.35916
{"epoch": 1518, "global_step": 113850, "learning_rate": 9.828775842548285e-05, "teacher_forcing": 1.0, "predicted_contact_fraction": 0.0, "epoch_seconds": 18.650466857943684, "elapsed_hours": 14.941757894833055, "loss": 5.855450744628906, "loss_alignment": 0.21205018679300944, "loss_coefficient": 3.11342290242513, "loss_contact": 0.0, "loss_gate": 2.378510233561198, "loss_reconstruction": 0.15146659215291342}
epoch=1519 step=113900 loss=6.02744
{"epoch": 1519, "global_step": 113925, "learning_rate": 9.818293851470431e-05, "teacher_forcing": 1.0, "predicted_contact_fraction": 0.0, "epoch_seconds": 18.92760511673987, "elapsed_hours": 14.947017167409133, "loss": 5.897173055013021, "loss_alignment": 0.21809143702189127, "loss_coefficient": 3.147859395345052, "loss_contact": 0.0, "loss_gate": 2.3799229939778646, "loss_reconstruction": 0.1512997086842855}
epoch=1520 step=113950 loss=5.57199
epoch=1520 step=114000 loss=5.53113
{"epoch": 1520, "global_step": 114000, "learning_rate": 9.807812060099191e-05, "teacher_forcing": 1.0, "predicted_contact_fraction": 0.0, "epoch_seconds": 18.871003068983555, "elapsed_hours": 14.9522606275739, "loss": 5.8596258544921875, "loss_alignment": 0.21721806208292643, "loss_coefficient": 3.109890645345052, "loss_contact": 0.0, "loss_gate": 2.380989990234375, "loss_reconstruction": 0.1515267785390218}
epoch=1521 step=114050 loss=5.82031
{"epoch": 1521, "global_step": 114075, "learning_rate": 9.797330479954725e-05, "teacher_forcing": 1.0, "predicted_contact_fraction": 0.0, "epoch_seconds": 18.661313069984317, "elapsed_hours": 14.957587266688288, "loss": 5.8368072509765625, "loss_alignment": 0.21795552571614582, "loss_coefficient": 3.0890767415364584, "loss_contact": 0.0, "loss_gate": 2.3785225423177083, "loss_reconstruction": 0.15125243504842123}
epoch=1522 step=114100 loss=6.12772
epoch=1522 step=114150 loss=5.56766
{"epoch": 1522, "global_step": 114150, "learning_rate": 9.786849122556953e-05, "teacher_forcing": 1.0, "predicted_contact_fraction": 0.0, "epoch_seconds": 18.80041774082929, "elapsed_hours": 14.962811209168027, "loss": 5.805458272298177, "loss_alignment": 0.21015262603759766, "loss_coefficient": 3.0708268229166666, "loss_contact": 0.0, "loss_gate": 2.3733260091145834, "loss_reconstruction": 0.15115212758382163}
epoch=1523 step=114200 loss=5.83669
{"epoch": 1523, "global_step": 114225, "learning_rate": 9.776367999425561e-05, "teacher_forcing": 1.0, "predicted_contact_fraction": 0.0, "epoch_seconds": 19.403869536705315, "elapsed_hours": 14.968202642237173, "loss": 5.9998524983723955, "loss_alignment": 0.22784326553344728, "loss_coefficient": 3.238034108479818, "loss_contact": 0.0, "loss_gate": 2.381474609375, "loss_reconstruction": 0.1524998919169108}
epoch=1524 step=114250 loss=5.30010
epoch=1524 step=114300 loss=6.07738
{"epoch": 1524, "global_step": 114300, "learning_rate": 9.765887122079962e-05, "teacher_forcing": 1.0, "predicted_contact_fraction": 0.0, "epoch_seconds": 18.99152455292642, "elapsed_hours": 14.973479655599222, "loss": 5.888021545410156, "loss_alignment": 0.22420232772827148, "loss_coefficient": 3.130862070719401, "loss_contact": 0.0, "loss_gate": 2.3810159810384115, "loss_reconstruction": 0.15194052060445148}
epoch=1525 step=114350 loss=6.52466
{"epoch": 1525, "global_step": 114375, "learning_rate": 9.755406502039308e-05, "teacher_forcing": 1.0, "predicted_contact_fraction": 0.0, "epoch_seconds": 19.52700166963041, "elapsed_hours": 14.978905534298004, "loss": 5.9584427897135415, "loss_alignment": 0.2303336715698242, "loss_coefficient": 3.1932443237304686, "loss_contact": 0.0, "loss_gate": 2.3826053873697917, "loss_reconstruction": 0.1522591177622477}
epoch=1526 step=114400 loss=6.47203
epoch=1526 step=114450 loss=5.86513
{"epoch": 1526, "global_step": 114450, "learning_rate": 9.744926150822467e-05, "teacher_forcing": 1.0, "predicted_contact_fraction": 0.0, "epoch_seconds": 19.062985834199935, "elapsed_hours": 14.984202329188637, "loss": 5.855774943033854, "loss_alignment": 0.22003892262776692, "loss_coefficient": 3.1032089233398437, "loss_contact": 0.0, "loss_gate": 2.3805058797200522, "loss_reconstruction": 0.15202139536539713}
epoch=1527 step=114500 loss=6.38070
{"epoch": 1527, "global_step": 114525, "learning_rate": 9.734446079948019e-05, "teacher_forcing": 1.0, "predicted_contact_fraction": 0.0, "epoch_seconds": 18.978443314787, "elapsed_hours": 14.989475693236649, "loss": 6.076721598307292, "loss_alignment": 0.23091739654541016, "loss_coefficient": 3.304063161214193, "loss_contact": 0.0, "loss_gate": 2.388161112467448, "loss_reconstruction": 0.1535806941986084}
epoch=1528 step=114550 loss=5.41464
epoch=1528 step=114600 loss=6.00712
{"epoch": 1528, "global_step": 114600, "learning_rate": 9.723966300934218e-05, "teacher_forcing": 1.0, "predicted_contact_fraction": 0.0, "epoch_seconds": 18.61849163286388, "elapsed_hours": 14.994648958415233, "loss": 5.80026123046875, "loss_alignment": 0.20590862274169922, "loss_coefficient": 3.0703172302246093, "loss_contact": 0.0, "loss_gate": 2.3730809020996095, "loss_reconstruction": 0.15095419883728028}
epoch=1529 step=114650 loss=5.67048
{"epoch": 1529, "global_step": 114675, "learning_rate": 9.713486825299014e-05, "teacher_forcing": 1.0, "predicted_contact_fraction": 0.0, "epoch_seconds": 19.110375531949103, "elapsed_hours": 14.999959044864195, "loss": 5.809915771484375, "loss_alignment": 0.21021924018859864, "loss_coefficient": 3.0772885640462238, "loss_contact": 0.0, "loss_gate": 2.371360371907552, "loss_reconstruction": 0.1510479259490967}
epoch=1530 step=114700 loss=6.35037
epoch=1530 step=114750 loss=5.96098
{"epoch": 1530, "global_step": 114750, "learning_rate": 9.703007664560016e-05, "teacher_forcing": 1.0, "predicted_contact_fraction": 0.0, "epoch_seconds": 19.00864831916988, "elapsed_hours": 15.005240709504708, "loss": 5.881824239095052, "loss_alignment": 0.22386579513549804, "loss_coefficient": 3.1274464416503904, "loss_contact": 0.0, "loss_gate": 2.3793684387207032, "loss_reconstruction": 0.15114352226257324}
epoch=1531 step=114800 loss=5.22760
{"epoch": 1531, "global_step": 114825, "learning_rate": 9.692528830234487e-05, "teacher_forcing": 1.0, "predicted_contact_fraction": 0.0, "epoch_seconds": 18.537433352787048, "elapsed_hours": 15.010542722764141, "loss": 5.803407287597656, "loss_alignment": 0.2163569132486979, "loss_coefficient": 3.0614893086751302, "loss_contact": 0.0, "loss_gate": 2.3743604532877605, "loss_reconstruction": 0.15120129585266112}
epoch=1532 step=114850 loss=6.42064
epoch=1532 step=114900 loss=5.70251
{"epoch": 1532, "global_step": 114900, "learning_rate": 9.68205033383934e-05, "teacher_forcing": 1.0, "predicted_contact_fraction": 0.0, "epoch_seconds": 19.485806131269783, "elapsed_hours": 15.015957059768908, "loss": 5.84568359375, "loss_alignment": 0.2185605239868164, "loss_coefficient": 3.1001460774739584, "loss_contact": 0.0, "loss_gate": 2.3754268391927083, "loss_reconstruction": 0.15155008951822915}
epoch=1533 step=114950 loss=6.06614
{"epoch": 1533, "global_step": 114975, "learning_rate": 9.671572186891099e-05, "teacher_forcing": 1.0, "predicted_contact_fraction": 0.0, "epoch_seconds": 18.742746370844543, "elapsed_hours": 15.021164853604407, "loss": 5.880173543294271, "loss_alignment": 0.210365260442098, "loss_coefficient": 3.148506113688151, "loss_contact": 0.0, "loss_gate": 2.3690942891438804, "loss_reconstruction": 0.1522072188059489}
epoch=1534 step=115000 loss=5.61721
epoch=1534 step=115050 loss=5.36454
{"epoch": 1534, "global_step": 115050, "learning_rate": 9.661094400905917e-05, "teacher_forcing": 1.0, "predicted_contact_fraction": 0.0, "epoch_seconds": 18.646677517332137, "elapsed_hours": 15.026345910936103, "loss": 5.915057881673177, "loss_alignment": 0.21565450032552083, "loss_coefficient": 3.178438517252604, "loss_contact": 0.0, "loss_gate": 2.3692859395345054, "loss_reconstruction": 0.15167965253194174}
epoch=1535 step=115100 loss=6.70083
{"epoch": 1535, "global_step": 115125, "learning_rate": 9.650616987399553e-05, "teacher_forcing": 1.0, "predicted_contact_fraction": 0.0, "epoch_seconds": 18.81181825324893, "elapsed_hours": 15.031572901472552, "loss": 5.786538696289062, "loss_alignment": 0.21588630040486653, "loss_coefficient": 3.046477305094401, "loss_contact": 0.0, "loss_gate": 2.373101298014323, "loss_reconstruction": 0.15107355753580728}
epoch=1536 step=115150 loss=5.55950
epoch=1536 step=115200 loss=6.28354
{"epoch": 1536, "global_step": 115200, "learning_rate": 9.640139957887346e-05, "teacher_forcing": 1.0, "predicted_contact_fraction": 0.0, "epoch_seconds": 18.54927171813324, "elapsed_hours": 15.036726981485263, "loss": 5.8729866536458335, "loss_alignment": 0.22878445943196615, "loss_coefficient": 3.110773366292318, "loss_contact": 0.0, "loss_gate": 2.3821924845377604, "loss_reconstruction": 0.15123586972554526}
epoch=1537 step=115250 loss=5.63443
{"epoch": 1537, "global_step": 115275, "learning_rate": 9.629663323884216e-05, "teacher_forcing": 1.0, "predicted_contact_fraction": 0.0, "epoch_seconds": 19.46655529923737, "elapsed_hours": 15.042135833687174, "loss": 5.79038828531901, "loss_alignment": 0.21965840657552083, "loss_coefficient": 3.0443434651692707, "loss_contact": 0.0, "loss_gate": 2.375497792561849, "loss_reconstruction": 0.1508879280090332}
epoch=1538 step=115300 loss=5.82562
epoch=1538 step=115350 loss=5.80746
{"epoch": 1538, "global_step": 115350, "learning_rate": 9.619187096904653e-05, "teacher_forcing": 1.0, "predicted_contact_fraction": 0.0, "epoch_seconds": 18.512719764839858, "elapsed_hours": 15.047279865701114, "loss": 5.822376302083334, "loss_alignment": 0.21389741579691568, "loss_coefficient": 3.0861859130859375, "loss_contact": 0.0, "loss_gate": 2.37160888671875, "loss_reconstruction": 0.15068435351053874}
epoch=1539 step=115400 loss=5.67957
{"epoch": 1539, "global_step": 115425, "learning_rate": 9.608711288462696e-05, "teacher_forcing": 1.0, "predicted_contact_fraction": 0.0, "epoch_seconds": 18.43464663811028, "elapsed_hours": 15.052402076939405, "loss": 5.676653951009115, "loss_alignment": 0.21459575970967612, "loss_coefficient": 2.9433336385091144, "loss_contact": 0.0, "loss_gate": 2.3686942545572918, "loss_reconstruction": 0.15003094991048177}
epoch=1540 step=115450 loss=5.32991
epoch=1540 step=115500 loss=4.84884
{"epoch": 1540, "global_step": 115500, "learning_rate": 9.598235910071931e-05, "teacher_forcing": 1.0, "predicted_contact_fraction": 0.0, "epoch_seconds": 18.63561093993485, "elapsed_hours": 15.057580134000293, "loss": 5.716720479329427, "loss_alignment": 0.2128435262044271, "loss_coefficient": 2.988900095621745, "loss_contact": 0.0, "loss_gate": 2.3646761576334634, "loss_reconstruction": 0.1503004010518392}
epoch=1541 step=115550 loss=6.29168
{"epoch": 1541, "global_step": 115575, "learning_rate": 9.587760973245458e-05, "teacher_forcing": 1.0, "predicted_contact_fraction": 0.0, "epoch_seconds": 19.417988278903067, "elapsed_hours": 15.063129570504469, "loss": 5.76688232421875, "loss_alignment": 0.21342299461364747, "loss_coefficient": 3.0379488627115885, "loss_contact": 0.0, "loss_gate": 2.364901682535807, "loss_reconstruction": 0.15060799598693847}
epoch=1542 step=115600 loss=6.48624
epoch=1542 step=115650 loss=6.18566
{"epoch": 1542, "global_step": 115650, "learning_rate": 9.577286489495899e-05, "teacher_forcing": 1.0, "predicted_contact_fraction": 0.0, "epoch_seconds": 19.06783578079194, "elapsed_hours": 15.068427727083133, "loss": 5.798096923828125, "loss_alignment": 0.21040263493855793, "loss_coefficient": 3.0728719075520834, "loss_contact": 0.0, "loss_gate": 2.3639848327636717, "loss_reconstruction": 0.15083808263142903}
epoch=1543 step=115700 loss=5.90262
{"epoch": 1543, "global_step": 115725, "learning_rate": 9.56681247033538e-05, "teacher_forcing": 1.0, "predicted_contact_fraction": 0.0, "epoch_seconds": 18.976875765714794, "elapsed_hours": 15.073700608200808, "loss": 5.929759521484375, "loss_alignment": 0.23545313517252603, "loss_coefficient": 3.161318155924479, "loss_contact": 0.0, "loss_gate": 2.3815841166178386, "loss_reconstruction": 0.15140419324239096}
epoch=1544 step=115750 loss=5.46673
epoch=1544 step=115800 loss=5.85621
{"epoch": 1544, "global_step": 115800, "learning_rate": 9.556338927275514e-05, "teacher_forcing": 1.0, "predicted_contact_fraction": 0.0, "epoch_seconds": 18.975215772166848, "elapsed_hours": 15.078973037657173, "loss": 5.81574696858724, "loss_alignment": 0.22379262288411458, "loss_coefficient": 3.067399495442708, "loss_contact": 0.0, "loss_gate": 2.373726247151693, "loss_reconstruction": 0.15082939147949218}
epoch=1545 step=115850 loss=5.52178
{"epoch": 1545, "global_step": 115875, "learning_rate": 9.545865871827396e-05, "teacher_forcing": 1.0, "predicted_contact_fraction": 0.0, "epoch_seconds": 19.33022084599361, "elapsed_hours": 15.084344205237253, "loss": 5.7532666015625, "loss_alignment": 0.23172701517740885, "loss_coefficient": 2.999033457438151, "loss_contact": 0.0, "loss_gate": 2.3728260294596355, "loss_reconstruction": 0.14968051592508952}
epoch=1546 step=115900 loss=6.11161
epoch=1546 step=115950 loss=6.21204
{"epoch": 1546, "global_step": 115950, "learning_rate": 9.535393315501571e-05, "teacher_forcing": 1.0, "predicted_contact_fraction": 0.0, "epoch_seconds": 18.6122352280654, "elapsed_hours": 15.089515756028963, "loss": 5.8631417846679685, "loss_alignment": 0.21750898996988932, "loss_coefficient": 3.122089538574219, "loss_contact": 0.0, "loss_gate": 2.3727149454752605, "loss_reconstruction": 0.15082783063252767}
epoch=1547 step=116000 loss=5.28681
{"epoch": 1547, "global_step": 116025, "learning_rate": 9.524921269808051e-05, "teacher_forcing": 1.0, "predicted_contact_fraction": 0.0, "epoch_seconds": 19.137435810174793, "elapsed_hours": 15.094833729203092, "loss": 5.805843709309896, "loss_alignment": 0.211420472462972, "loss_coefficient": 3.0805342102050783, "loss_contact": 0.0, "loss_gate": 2.362626953125, "loss_reconstruction": 0.1512620480855306}
epoch=1548 step=116050 loss=5.26884
epoch=1548 step=116100 loss=5.45702
{"epoch": 1548, "global_step": 116100, "learning_rate": 9.514449746256277e-05, "teacher_forcing": 1.0, "predicted_contact_fraction": 0.0, "epoch_seconds": 18.91671087872237, "elapsed_hours": 15.100089897193119, "loss": 5.854990743001302, "loss_alignment": 0.2156148910522461, "loss_coefficient": 3.1239569091796877, "loss_contact": 0.0, "loss_gate": 2.3641261291503906, "loss_reconstruction": 0.15129229545593262}
epoch=1549 step=116150 loss=5.31338
{"epoch": 1549, "global_step": 116175, "learning_rate": 9.503978756355126e-05, "teacher_forcing": 1.0, "predicted_contact_fraction": 0.0, "epoch_seconds": 19.723404868971556, "elapsed_hours": 15.105570079216914, "loss": 5.836146443684896, "loss_alignment": 0.21523316065470377, "loss_coefficient": 3.109874013264974, "loss_contact": 0.0, "loss_gate": 2.3603396606445313, "loss_reconstruction": 0.15069921811421713}
epoch=1550 step=116200 loss=5.39033
epoch=1550 step=116250 loss=6.15551
{"epoch": 1550, "global_step": 116250, "learning_rate": 9.493508311612874e-05, "teacher_forcing": 1.0, "predicted_contact_fraction": 0.0, "epoch_seconds": 18.502078579273075, "elapsed_hours": 15.110711085301462, "loss": 5.7385117594401045, "loss_alignment": 0.20757296562194824, "loss_coefficient": 3.0243651835123697, "loss_contact": 0.0, "loss_gate": 2.356423594156901, "loss_reconstruction": 0.15014966328938803}
epoch=1551 step=116300 loss=5.10768
{"epoch": 1551, "global_step": 116325, "learning_rate": 9.483038423537209e-05, "teacher_forcing": 1.0, "predicted_contact_fraction": 0.0, "epoch_seconds": 18.91905397316441, "elapsed_hours": 15.116110524955051, "loss": 5.872559000651042, "loss_alignment": 0.22391055425008138, "loss_coefficient": 3.1301731872558594, "loss_contact": 0.0, "loss_gate": 2.3671441650390626, "loss_reconstruction": 0.15133109092712402}
epoch=1552 step=116350 loss=5.68245
epoch=1552 step=116400 loss=5.25571
{"epoch": 1552, "global_step": 116400, "learning_rate": 9.472569103635205e-05, "teacher_forcing": 1.0, "predicted_contact_fraction": 0.0, "epoch_seconds": 18.368906856048852, "elapsed_hours": 15.121214531871956, "loss": 5.852938435872396, "loss_alignment": 0.2208322016398112, "loss_coefficient": 3.115383860270182, "loss_contact": 0.0, "loss_gate": 2.3658685302734375, "loss_reconstruction": 0.1508536434173584}
epoch=1553 step=116450 loss=5.24455
{"epoch": 1553, "global_step": 116475, "learning_rate": 9.462100363413314e-05, "teacher_forcing": 1.0, "predicted_contact_fraction": 0.0, "epoch_seconds": 18.055835044942796, "elapsed_hours": 15.126231679464432, "loss": 5.8890303548177085, "loss_alignment": 0.21989284515380858, "loss_coefficient": 3.15335932413737, "loss_contact": 0.0, "loss_gate": 2.364083557128906, "loss_reconstruction": 0.15169445037841797}
epoch=1554 step=116500 loss=6.07634
epoch=1554 step=116550 loss=6.28349
{"epoch": 1554, "global_step": 116550, "learning_rate": 9.451632214377338e-05, "teacher_forcing": 1.0, "predicted_contact_fraction": 0.0, "epoch_seconds": 18.14177530677989, "elapsed_hours": 15.13127261766336, "loss": 5.796309000651042, "loss_alignment": 0.2196983782450358, "loss_coefficient": 3.0626456705729166, "loss_contact": 0.0, "loss_gate": 2.3634654235839845, "loss_reconstruction": 0.15049962997436522}
epoch=1555 step=116600 loss=4.74612
{"epoch": 1555, "global_step": 116625, "learning_rate": 9.441164668032444e-05, "teacher_forcing": 1.0, "predicted_contact_fraction": 0.0, "epoch_seconds": 18.52277610497549, "elapsed_hours": 15.136419403068851, "loss": 5.895383605957031, "loss_alignment": 0.20432202339172365, "loss_coefficient": 3.186372985839844, "loss_contact": 0.0, "loss_gate": 2.3522819010416667, "loss_reconstruction": 0.15240711212158203}
epoch=1556 step=116650 loss=5.70178
epoch=1556 step=116700 loss=6.31773
{"epoch": 1556, "global_step": 116700, "learning_rate": 9.430697735883133e-05, "teacher_forcing": 1.0, "predicted_contact_fraction": 0.0, "epoch_seconds": 18.467885546851903, "elapsed_hours": 15.141550876474163, "loss": 5.849415995279948, "loss_alignment": 0.2167010243733724, "loss_coefficient": 3.1200104268391926, "loss_contact": 0.0, "loss_gate": 2.361543731689453, "loss_reconstruction": 0.15116108576456705}
epoch=1557 step=116750 loss=6.23242
{"epoch": 1557, "global_step": 116775, "learning_rate": 9.420231429433229e-05, "teacher_forcing": 1.0, "predicted_contact_fraction": 0.0, "epoch_seconds": 19.223256084136665, "elapsed_hours": 15.146892120371081, "loss": 5.8712781778971355, "loss_alignment": 0.21388527552286785, "loss_coefficient": 3.148673400878906, "loss_contact": 0.0, "loss_gate": 2.357086944580078, "loss_reconstruction": 0.1516332689921061}
epoch=1558 step=116800 loss=6.40957
epoch=1558 step=116850 loss=5.30643
{"epoch": 1558, "global_step": 116850, "learning_rate": 9.409765760185869e-05, "teacher_forcing": 1.0, "predicted_contact_fraction": 0.0, "epoch_seconds": 18.73382527893409, "elapsed_hours": 15.152097473083607, "loss": 5.789266052246094, "loss_alignment": 0.21134575208028158, "loss_coefficient": 3.071565907796224, "loss_contact": 0.0, "loss_gate": 2.355565236409505, "loss_reconstruction": 0.15078901290893554}
epoch=1559 step=116900 loss=5.43285
{"epoch": 1559, "global_step": 116925, "learning_rate": 9.399300739643484e-05, "teacher_forcing": 1.0, "predicted_contact_fraction": 0.0, "epoch_seconds": 18.38722017686814, "elapsed_hours": 15.15720658515554, "loss": 5.952017923990885, "loss_alignment": 0.22116339365641277, "loss_coefficient": 3.217010599772135, "loss_contact": 0.0, "loss_gate": 2.361211496988932, "loss_reconstruction": 0.15263246536254882}
epoch=1560 step=116950 loss=5.11167
epoch=1560 step=117000 loss=5.85545
{"epoch": 1560, "global_step": 117000, "learning_rate": 9.388836379307801e-05, "teacher_forcing": 1.0, "predicted_contact_fraction": 0.0, "epoch_seconds": 18.71560898097232, "elapsed_hours": 15.162406816677734, "loss": 5.906722717285156, "loss_alignment": 0.23067130406697592, "loss_coefficient": 3.152529805501302, "loss_contact": 0.0, "loss_gate": 2.3719090779622394, "loss_reconstruction": 0.15161279996236166}
epoch=1561 step=117050 loss=6.61962
{"epoch": 1561, "global_step": 117075, "learning_rate": 9.378372690679819e-05, "teacher_forcing": 1.0, "predicted_contact_fraction": 0.0, "epoch_seconds": 18.28588495682925, "elapsed_hours": 15.167630981519405, "loss": 5.739919637044271, "loss_alignment": 0.2082152779897054, "loss_coefficient": 3.0265438334147134, "loss_contact": 0.0, "loss_gate": 2.3551593526204426, "loss_reconstruction": 0.1500014305114746}
epoch=1562 step=117100 loss=5.70501
epoch=1562 step=117150 loss=5.57924
{"epoch": 1562, "global_step": 117150, "learning_rate": 9.3679096852598e-05, "teacher_forcing": 1.0, "predicted_contact_fraction": 0.0, "epoch_seconds": 18.500988294836134, "elapsed_hours": 15.172771672344146, "loss": 5.692870178222656, "loss_alignment": 0.20510228792826335, "loss_coefficient": 2.9855911254882814, "loss_contact": 0.0, "loss_gate": 2.3526214090983073, "loss_reconstruction": 0.14955549240112304}
epoch=1563 step=117200 loss=5.75170
{"epoch": 1563, "global_step": 117225, "learning_rate": 9.357447374547245e-05, "teacher_forcing": 1.0, "predicted_contact_fraction": 0.0, "epoch_seconds": 18.689715430140495, "elapsed_hours": 15.177964751820287, "loss": 5.758997294108073, "loss_alignment": 0.206230042775472, "loss_coefficient": 3.0514335123697918, "loss_contact": 0.0, "loss_gate": 2.3506434122721354, "loss_reconstruction": 0.15069027582804362}
epoch=1564 step=117250 loss=5.69654
epoch=1564 step=117300 loss=6.10991
{"epoch": 1564, "global_step": 117300, "learning_rate": 9.346985770040904e-05, "teacher_forcing": 1.0, "predicted_contact_fraction": 0.0, "epoch_seconds": 18.79933987511322, "elapsed_hours": 15.183188371239748, "loss": 5.776639607747396, "loss_alignment": 0.20568874994913736, "loss_coefficient": 3.072379201253255, "loss_contact": 0.0, "loss_gate": 2.3479595947265626, "loss_reconstruction": 0.15061197598775228}
epoch=1565 step=117350 loss=5.79070
{"epoch": 1565, "global_step": 117375, "learning_rate": 9.336524883238743e-05, "teacher_forcing": 1.0, "predicted_contact_fraction": 0.0, "epoch_seconds": 18.858693681191653, "elapsed_hours": 15.188428401714967, "loss": 5.847895914713542, "loss_alignment": 0.2088022994995117, "loss_coefficient": 3.1386690775553387, "loss_contact": 0.0, "loss_gate": 2.349377237955729, "loss_reconstruction": 0.15104675610860188}
epoch=1566 step=117400 loss=5.59417
epoch=1566 step=117450 loss=5.57484
{"epoch": 1566, "global_step": 117450, "learning_rate": 9.326064725637949e-05, "teacher_forcing": 1.0, "predicted_contact_fraction": 0.0, "epoch_seconds": 18.662895775865763, "elapsed_hours": 15.193614134056649, "loss": 5.653855895996093, "loss_alignment": 0.19880505243937174, "loss_coefficient": 2.9624016825358073, "loss_contact": 0.0, "loss_gate": 2.342950388590495, "loss_reconstruction": 0.1496986675262451}
epoch=1567 step=117500 loss=5.87227
{"epoch": 1567, "global_step": 117525, "learning_rate": 9.31560530873489e-05, "teacher_forcing": 1.0, "predicted_contact_fraction": 0.0, "epoch_seconds": 19.060059725306928, "elapsed_hours": 15.19891010853035, "loss": 5.8128648885091145, "loss_alignment": 0.20070583979288736, "loss_coefficient": 3.1176888529459634, "loss_contact": 0.0, "loss_gate": 2.3434549458821614, "loss_reconstruction": 0.1510153579711914}
epoch=1568 step=117550 loss=6.06439
epoch=1568 step=117600 loss=5.81891
{"epoch": 1568, "global_step": 117600, "learning_rate": 9.305146644025137e-05, "teacher_forcing": 1.0, "predicted_contact_fraction": 0.0, "epoch_seconds": 18.338222976308316, "elapsed_hours": 15.204005589085346, "loss": 5.786675109863281, "loss_alignment": 0.2200168228149414, "loss_coefficient": 3.064148915608724, "loss_contact": 0.0, "loss_gate": 2.3513870239257812, "loss_reconstruction": 0.15112237294514974}
epoch=1569 step=117650 loss=5.67067
{"epoch": 1569, "global_step": 117675, "learning_rate": 9.29468874300343e-05, "teacher_forcing": 1.0, "predicted_contact_fraction": 0.0, "epoch_seconds": 18.172313963994384, "elapsed_hours": 15.209055176673639, "loss": 5.7763379923502605, "loss_alignment": 0.21476803143819173, "loss_coefficient": 3.0617596435546877, "loss_contact": 0.0, "loss_gate": 2.3496306864420573, "loss_reconstruction": 0.15017908732096355}
epoch=1570 step=117700 loss=5.93218
epoch=1570 step=117750 loss=5.62626
{"epoch": 1570, "global_step": 117750, "learning_rate": 9.284231617163666e-05, "teacher_forcing": 1.0, "predicted_contact_fraction": 0.0, "epoch_seconds": 18.187693547923118, "elapsed_hours": 15.214108756722288, "loss": 5.793821309407552, "loss_alignment": 0.20792539914449057, "loss_coefficient": 3.0861246744791666, "loss_contact": 0.0, "loss_gate": 2.3483882649739583, "loss_reconstruction": 0.15138259251912434}
epoch=1571 step=117800 loss=5.59662
{"epoch": 1571, "global_step": 117825, "learning_rate": 9.273775277998886e-05, "teacher_forcing": 1.0, "predicted_contact_fraction": 0.0, "epoch_seconds": 19.077642497140914, "elapsed_hours": 15.21955211721917, "loss": 5.9032975260416665, "loss_alignment": 0.22032208760579428, "loss_coefficient": 3.179224599202474, "loss_contact": 0.0, "loss_gate": 2.3524044291178385, "loss_reconstruction": 0.15134668986002603}
epoch=1572 step=117850 loss=6.08928
epoch=1572 step=117900 loss=6.08147
{"epoch": 1572, "global_step": 117900, "learning_rate": 9.263319737001275e-05, "teacher_forcing": 1.0, "predicted_contact_fraction": 0.0, "epoch_seconds": 18.347190762870014, "elapsed_hours": 15.224650016057744, "loss": 5.837751261393229, "loss_alignment": 0.21930773417154947, "loss_coefficient": 3.1166571044921874, "loss_contact": 0.0, "loss_gate": 2.3510304260253907, "loss_reconstruction": 0.15075645128885906}
epoch=1573 step=117950 loss=5.64502
{"epoch": 1573, "global_step": 117975, "learning_rate": 9.25286500566214e-05, "teacher_forcing": 1.0, "predicted_contact_fraction": 0.0, "epoch_seconds": 18.437109709251672, "elapsed_hours": 15.229772923042507, "loss": 5.812880045572917, "loss_alignment": 0.21574102401733397, "loss_coefficient": 3.092806650797526, "loss_contact": 0.0, "loss_gate": 2.353265889485677, "loss_reconstruction": 0.15106741905212404}
epoch=1574 step=118000 loss=5.18205
epoch=1574 step=118050 loss=5.93301
{"epoch": 1574, "global_step": 118050, "learning_rate": 9.242411095471897e-05, "teacher_forcing": 1.0, "predicted_contact_fraction": 0.0, "epoch_seconds": 18.518729829695076, "elapsed_hours": 15.234918569681986, "loss": 5.780443318684896, "loss_alignment": 0.22787609736124675, "loss_coefficient": 3.0438487243652346, "loss_contact": 0.0, "loss_gate": 2.3581784057617186, "loss_reconstruction": 0.15054078737894694}
epoch=1575 step=118100 loss=5.76226
{"epoch": 1575, "global_step": 118125, "learning_rate": 9.231958017920058e-05, "teacher_forcing": 1.0, "predicted_contact_fraction": 0.0, "epoch_seconds": 19.297697430010885, "elapsed_hours": 15.240280574136156, "loss": 5.782982889811198, "loss_alignment": 0.21587930679321288, "loss_coefficient": 3.0657670084635416, "loss_contact": 0.0, "loss_gate": 2.350951690673828, "loss_reconstruction": 0.15038499196370442}
epoch=1576 step=118150 loss=5.11446
epoch=1576 step=118200 loss=6.30796
{"epoch": 1576, "global_step": 118200, "learning_rate": 9.221505784495213e-05, "teacher_forcing": 1.0, "predicted_contact_fraction": 0.0, "epoch_seconds": 18.55757755227387, "elapsed_hours": 15.245436962130867, "loss": 5.623336385091146, "loss_alignment": 0.19536678632100424, "loss_coefficient": 2.9408118693033853, "loss_contact": 0.0, "loss_gate": 2.3377130126953123, "loss_reconstruction": 0.14944456100463868}
epoch=1577 step=118250 loss=6.22049
{"epoch": 1577, "global_step": 118275, "learning_rate": 9.211054406685038e-05, "teacher_forcing": 1.0, "predicted_contact_fraction": 0.0, "epoch_seconds": 18.669215981382877, "elapsed_hours": 15.250624388713623, "loss": 5.739303283691406, "loss_alignment": 0.20520198504130047, "loss_coefficient": 3.042767079671224, "loss_contact": 0.0, "loss_gate": 2.3412376403808595, "loss_reconstruction": 0.15009670257568358}
epoch=1578 step=118300 loss=6.41112
epoch=1578 step=118350 loss=5.72558
{"epoch": 1578, "global_step": 118350, "learning_rate": 9.20060389597626e-05, "teacher_forcing": 1.0, "predicted_contact_fraction": 0.0, "epoch_seconds": 18.341204954776913, "elapsed_hours": 15.255721038120617, "loss": 5.712904663085937, "loss_alignment": 0.21286991119384766, "loss_coefficient": 3.0103660074869794, "loss_contact": 0.0, "loss_gate": 2.339088389078776, "loss_reconstruction": 0.15058000246683756}
epoch=1579 step=118400 loss=5.44632
{"epoch": 1579, "global_step": 118425, "learning_rate": 9.19015426385466e-05, "teacher_forcing": 1.0, "predicted_contact_fraction": 0.0, "epoch_seconds": 18.37237132806331, "elapsed_hours": 15.260826088575543, "loss": 5.657961120605469, "loss_alignment": 0.20001604398091635, "loss_coefficient": 2.9707324727376303, "loss_contact": 0.0, "loss_gate": 2.3375593566894532, "loss_reconstruction": 0.1496529483795166}
epoch=1580 step=118450 loss=5.53618
epoch=1580 step=118500 loss=4.66758
{"epoch": 1580, "global_step": 118500, "learning_rate": 9.17970552180504e-05, "teacher_forcing": 1.0, "predicted_contact_fraction": 0.0, "epoch_seconds": 18.172611642163247, "elapsed_hours": 15.265875582374218, "loss": 5.601293029785157, "loss_alignment": 0.19438171704610188, "loss_coefficient": 2.9258529154459634, "loss_contact": 0.0, "loss_gate": 2.332075907389323, "loss_reconstruction": 0.14898223241170247}
epoch=1581 step=118550 loss=5.42306
{"epoch": 1581, "global_step": 118575, "learning_rate": 9.16925768131124e-05, "teacher_forcing": 1.0, "predicted_contact_fraction": 0.0, "epoch_seconds": 18.23379894113168, "elapsed_hours": 15.271084625110573, "loss": 5.546243082682292, "loss_alignment": 0.19682026227315266, "loss_coefficient": 2.869495290120443, "loss_contact": 0.0, "loss_gate": 2.3309395345052084, "loss_reconstruction": 0.1489877732594808}
epoch=1582 step=118600 loss=5.97418
epoch=1582 step=118650 loss=6.02690
{"epoch": 1582, "global_step": 118650, "learning_rate": 9.158810753856095e-05, "teacher_forcing": 1.0, "predicted_contact_fraction": 0.0, "epoch_seconds": 18.644242183770984, "elapsed_hours": 15.276265056297545, "loss": 5.757078653971354, "loss_alignment": 0.24381338119506835, "loss_coefficient": 3.004202575683594, "loss_contact": 0.0, "loss_gate": 2.3593738810221354, "loss_reconstruction": 0.14968916575113933}
epoch=1583 step=118700 loss=5.61159
{"epoch": 1583, "global_step": 118725, "learning_rate": 9.14836475092145e-05, "teacher_forcing": 1.0, "predicted_contact_fraction": 0.0, "epoch_seconds": 18.199736048001796, "elapsed_hours": 15.281322062478866, "loss": 5.689239603678385, "loss_alignment": 0.21829388300577798, "loss_coefficient": 2.976392822265625, "loss_contact": 0.0, "loss_gate": 2.3443704732259114, "loss_reconstruction": 0.15018265088399252}
epoch=1584 step=118750 loss=5.48708
epoch=1584 step=118800 loss=6.20470
{"epoch": 1584, "global_step": 118800, "learning_rate": 9.137919683988118e-05, "teacher_forcing": 1.0, "predicted_contact_fraction": 0.0, "epoch_seconds": 18.19860449479893, "elapsed_hours": 15.286378917312508, "loss": 5.848722839355469, "loss_alignment": 0.2222109349568685, "loss_coefficient": 3.1276285298665365, "loss_contact": 0.0, "loss_gate": 2.3476004536946613, "loss_reconstruction": 0.15128291765848795}
epoch=1585 step=118850 loss=5.55616
{"epoch": 1585, "global_step": 118875, "learning_rate": 9.127475564535898e-05, "teacher_forcing": 1.0, "predicted_contact_fraction": 0.0, "epoch_seconds": 18.8479328090325, "elapsed_hours": 15.291616014992533, "loss": 5.630640462239583, "loss_alignment": 0.2090866724650065, "loss_coefficient": 2.938233184814453, "loss_contact": 0.0, "loss_gate": 2.3342437235514324, "loss_reconstruction": 0.1490772501627604}
epoch=1586 step=118900 loss=5.84702
epoch=1586 step=118950 loss=6.90157
{"epoch": 1586, "global_step": 118950, "learning_rate": 9.117032404043542e-05, "teacher_forcing": 1.0, "predicted_contact_fraction": 0.0, "epoch_seconds": 18.19494567019865, "elapsed_hours": 15.296671662231416, "loss": 5.699408976236979, "loss_alignment": 0.20960661252339682, "loss_coefficient": 3.0016795857747396, "loss_contact": 0.0, "loss_gate": 2.338184102376302, "loss_reconstruction": 0.14993847529093424}
epoch=1587 step=119000 loss=5.90238
{"epoch": 1587, "global_step": 119025, "learning_rate": 9.106590213988743e-05, "teacher_forcing": 1.0, "predicted_contact_fraction": 0.0, "epoch_seconds": 18.2920750817284, "elapsed_hours": 15.301754275368681, "loss": 5.801013793945312, "loss_alignment": 0.21035552660624185, "loss_coefficient": 3.100687967936198, "loss_contact": 0.0, "loss_gate": 2.339001007080078, "loss_reconstruction": 0.15096969286600748}
epoch=1588 step=119050 loss=6.69293
epoch=1588 step=119100 loss=5.96347
{"epoch": 1588, "global_step": 119100, "learning_rate": 9.096149005848141e-05, "teacher_forcing": 1.0, "predicted_contact_fraction": 0.0, "epoch_seconds": 18.05367968790233, "elapsed_hours": 15.306770871107, "loss": 5.719825541178386, "loss_alignment": 0.21307730356852214, "loss_coefficient": 3.018629404703776, "loss_contact": 0.0, "loss_gate": 2.337896219889323, "loss_reconstruction": 0.15022236188252766}
epoch=1589 step=119150 loss=6.25029
{"epoch": 1589, "global_step": 119175, "learning_rate": 9.085708791097279e-05, "teacher_forcing": 1.0, "predicted_contact_fraction": 0.0, "epoch_seconds": 18.28640154702589, "elapsed_hours": 15.311852019269976, "loss": 5.714231872558594, "loss_alignment": 0.20716387748718262, "loss_coefficient": 3.0208099365234373, "loss_contact": 0.0, "loss_gate": 2.336229502360026, "loss_reconstruction": 0.15002835591634114}
epoch=1590 step=119200 loss=6.53427
epoch=1590 step=119250 loss=6.15401
{"epoch": 1590, "global_step": 119250, "learning_rate": 9.075269581210618e-05, "teacher_forcing": 1.0, "predicted_contact_fraction": 0.0, "epoch_seconds": 18.175570626277477, "elapsed_hours": 15.316902440307507, "loss": 5.910477498372396, "loss_alignment": 0.21661975542704265, "loss_coefficient": 3.201088104248047, "loss_contact": 0.0, "loss_gate": 2.3411678059895835, "loss_reconstruction": 0.1516006851196289}
epoch=1591 step=119300 loss=6.33513
{"epoch": 1591, "global_step": 119325, "learning_rate": 9.06483138766152e-05, "teacher_forcing": 1.0, "predicted_contact_fraction": 0.0, "epoch_seconds": 18.30952446302399, "elapsed_hours": 15.322135575953094, "loss": 5.8403397623697915, "loss_alignment": 0.21427150090535482, "loss_coefficient": 3.136388448079427, "loss_contact": 0.0, "loss_gate": 2.338521016438802, "loss_reconstruction": 0.1511583932240804}
epoch=1592 step=119350 loss=5.31529
epoch=1592 step=119400 loss=5.04220
{"epoch": 1592, "global_step": 119400, "learning_rate": 9.05439422192222e-05, "teacher_forcing": 1.0, "predicted_contact_fraction": 0.0, "epoch_seconds": 18.259149893652648, "elapsed_hours": 15.327209252305071, "loss": 5.827085367838541, "loss_alignment": 0.219335880279541, "loss_coefficient": 3.1093795267740885, "loss_contact": 0.0, "loss_gate": 2.347679697672526, "loss_reconstruction": 0.15069043159484863}
epoch=1593 step=119450 loss=5.61060
{"epoch": 1593, "global_step": 119475, "learning_rate": 9.043958095463827e-05, "teacher_forcing": 1.0, "predicted_contact_fraction": 0.0, "epoch_seconds": 18.926181625109166, "elapsed_hours": 15.332467969460541, "loss": 5.692430928548177, "loss_alignment": 0.20665629704793295, "loss_coefficient": 3.000105234781901, "loss_contact": 0.0, "loss_gate": 2.336113026936849, "loss_reconstruction": 0.14955628395080567}
epoch=1594 step=119500 loss=5.04952
epoch=1594 step=119550 loss=5.02652
{"epoch": 1594, "global_step": 119550, "learning_rate": 9.033523019756306e-05, "teacher_forcing": 1.0, "predicted_contact_fraction": 0.0, "epoch_seconds": 18.004464369732887, "elapsed_hours": 15.33747076441301, "loss": 5.679128214518229, "loss_alignment": 0.21405113538106282, "loss_coefficient": 2.9772184753417967, "loss_contact": 0.0, "loss_gate": 2.3381196085611977, "loss_reconstruction": 0.14974010785420735}
epoch=1595 step=119600 loss=5.39645
{"epoch": 1595, "global_step": 119625, "learning_rate": 9.02308900626847e-05, "teacher_forcing": 1.0, "predicted_contact_fraction": 0.0, "epoch_seconds": 18.04671774012968, "elapsed_hours": 15.342485287925616, "loss": 5.683658142089843, "loss_alignment": 0.21181029319763184, "loss_coefficient": 2.987232513427734, "loss_contact": 0.0, "loss_gate": 2.335121765136719, "loss_reconstruction": 0.1494934368133545}
epoch=1596 step=119650 loss=5.03736
epoch=1596 step=119700 loss=5.71570
{"epoch": 1596, "global_step": 119700, "learning_rate": 9.01265606646797e-05, "teacher_forcing": 1.0, "predicted_contact_fraction": 0.0, "epoch_seconds": 18.101883178111166, "elapsed_hours": 15.34751501950112, "loss": 5.718223673502604, "loss_alignment": 0.21196909268697103, "loss_coefficient": 3.021280008951823, "loss_contact": 0.0, "loss_gate": 2.3352152506510415, "loss_reconstruction": 0.14975908279418945}
epoch=1597 step=119750 loss=4.41257
{"epoch": 1597, "global_step": 119775, "learning_rate": 9.002224211821262e-05, "teacher_forcing": 1.0, "predicted_contact_fraction": 0.0, "epoch_seconds": 18.616997005883604, "elapsed_hours": 15.352687869557283, "loss": 5.586817118326823, "loss_alignment": 0.20369035720825196, "loss_coefficient": 2.904951426188151, "loss_contact": 0.0, "loss_gate": 2.3290666198730468, "loss_reconstruction": 0.14910913467407227}
epoch=1598 step=119800 loss=5.36521
epoch=1598 step=119850 loss=5.56713
{"epoch": 1598, "global_step": 119850, "learning_rate": 8.991793453793623e-05, "teacher_forcing": 1.0, "predicted_contact_fraction": 0.0, "epoch_seconds": 18.343835738953203, "elapsed_hours": 15.357784836785351, "loss": 5.637480773925781, "loss_alignment": 0.20980289459228516, "loss_coefficient": 2.944935607910156, "loss_contact": 0.0, "loss_gate": 2.3333976236979166, "loss_reconstruction": 0.14934510548909505}
epoch=1599 step=119900 loss=5.39628
{"epoch": 1599, "global_step": 119925, "learning_rate": 8.981363803849114e-05, "teacher_forcing": 1.0, "predicted_contact_fraction": 0.0, "epoch_seconds": 18.317041819915175, "elapsed_hours": 15.362874574017736, "loss": 5.703060099283854, "loss_alignment": 0.20208324114481607, "loss_coefficient": 3.021195780436198, "loss_contact": 0.0, "loss_gate": 2.32926762898763, "loss_reconstruction": 0.15051336606343588}
epoch=1600 step=119950 loss=5.70461
epoch=1600 step=120000 loss=4.53769
{"epoch": 1600, "global_step": 120000, "learning_rate": 8.970935273450589e-05, "teacher_forcing": 1.0, "predicted_contact_fraction": 0.0, "epoch_seconds": 18.220690635032952, "elapsed_hours": 15.367937673449697, "loss": 5.715870971679688, "loss_alignment": 0.20652054150899252, "loss_coefficient": 3.033095397949219, "loss_contact": 0.0, "loss_gate": 2.326374715169271, "loss_reconstruction": 0.14988027572631835}
[2026-09-22 15:27:31.152] [svulkan2] [warning] A second renderer will share the same internal context with the first one. Arguments passed to constructor will be ignored.
[LaptopEnv] change_instance_when_reset=True
[2026-09-22 15:27:31.237] [svulkan2] [warning] A second renderer will share the same internal context with the first one. Arguments passed to constructor will be ignored.
[ToiletEnv] change_instance_when_reset=True
[2026-09-22 15:27:31.282] [svulkan2] [warning] A second renderer will share the same internal context with the first one. Arguments passed to constructor will be ignored.
[FaucetEnv] change_instance_when_reset=True
[2026-09-22 15:27:31.319] [svulkan2] [warning] A second renderer will share the same internal context with the first one. Arguments passed to constructor will be ignored.
[BucketEnv] change_instance_when_reset=True
[2026-09-22 15:30:21.218] [svulkan2] [warning] A second renderer will share the same internal context with the first one. Arguments passed to constructor will be ignored.
[ToiletEnv] change_instance_when_reset=True
[2026-09-22 15:31:07.403] [svulkan2] [warning] A second renderer will share the same internal context with the first one. Arguments passed to constructor will be ignored.
[LaptopEnv] change_instance_when_reset=True
[2026-09-22 15:31:17.755] [svulkan2] [warning] A second renderer will share the same internal context with the first one. Arguments passed to constructor will be ignored.
[FaucetEnv] change_instance_when_reset=True
[2026-09-22 15:33:21.138] [svulkan2] [warning] A second renderer will share the same internal context with the first one. Arguments passed to constructor will be ignored.
[ToiletEnv] change_instance_when_reset=True
[2026-09-22 15:34:00.246] [svulkan2] [warning] A second renderer will share the same internal context with the first one. Arguments passed to constructor will be ignored.
[BucketEnv] change_instance_when_reset=True
[2026-09-22 15:34:53.331] [svulkan2] [warning] A second renderer will share the same internal context with the first one. Arguments passed to constructor will be ignored.
[LaptopEnv] change_instance_when_reset=True
[2026-09-22 15:35:03.783] [svulkan2] [warning] A second renderer will share the same internal context with the first one. Arguments passed to constructor will be ignored.
[FaucetEnv] change_instance_when_reset=True
[2026-09-22 15:35:39.925] [SAPIEN] [error] Failed to load visual mesh: /data/users/zhouyike/dexCG/third_party/dexart/assets/sapien/10090/textured_objs/new-1.obj
[2026-09-22 15:36:16.482] [svulkan2] [warning] A second renderer will share the same internal context with the first one. Arguments passed to constructor will be ignored.
[ToiletEnv] change_instance_when_reset=True
[2026-09-22 15:37:18.769] [SAPIEN] [error] Failed to load visual mesh: /data/users/zhouyike/dexCG/third_party/dexart/assets/sapien/10090/textured_objs/new-1.obj
[2026-09-22 15:38:06.613] [svulkan2] [warning] A second renderer will share the same internal context with the first one. Arguments passed to constructor will be ignored.
[LaptopEnv] change_instance_when_reset=True
[2026-09-22 15:38:06.618] [SAPIEN] [error] Failed to load visual mesh: /data/users/zhouyike/dexCG/third_party/dexart/assets/sapien/10090/textured_objs/new-1.obj
[2026-09-22 15:38:58.928] [svulkan2] [warning] A second renderer will share the same internal context with the first one. Arguments passed to constructor will be ignored.
[FaucetEnv] change_instance_when_reset=True
[2026-09-22 15:39:08.129] [svulkan2] [warning] A second renderer will share the same internal context with the first one. Arguments passed to constructor will be ignored.
[ToiletEnv] change_instance_when_reset=True
[2026-09-22 15:41:06.446] [SAPIEN] [error] Failed to load visual mesh: /data/users/zhouyike/dexCG/third_party/dexart/assets/sapien/10090/textured_objs/new-1.obj
[2026-09-22 15:41:28.120] [svulkan2] [warning] A second renderer will share the same internal context with the first one. Arguments passed to constructor will be ignored.
[BucketEnv] change_instance_when_reset=True
[2026-09-22 15:41:43.108] [svulkan2] [warning] A second renderer will share the same internal context with the first one. Arguments passed to constructor will be ignored.
[LaptopEnv] change_instance_when_reset=True
[2026-09-22 15:43:13.957] [svulkan2] [warning] A second renderer will share the same internal context with the first one. Arguments passed to constructor will be ignored.
[FaucetEnv] change_instance_when_reset=True
[2026-09-22 15:43:47.010] [SAPIEN] [error] Failed to load visual mesh: /data/users/zhouyike/dexCG/third_party/dexart/assets/sapien/10090/textured_objs/new-1.obj
[2026-09-22 15:44:19.821] [SAPIEN] [error] Failed to load visual mesh: /data/users/zhouyike/dexCG/third_party/dexart/assets/sapien/10090/textured_objs/new-1.obj
[2026-09-22 15:47:51.526] [svulkan2] [warning] A second renderer will share the same internal context with the first one. Arguments passed to constructor will be ignored.
[BucketEnv] change_instance_when_reset=True
[2026-09-22 15:54:51.096] [svulkan2] [warning] A second renderer will share the same internal context with the first one. Arguments passed to constructor will be ignored.
[BucketEnv] change_instance_when_reset=True
[2026-09-22 16:02:03.499] [svulkan2] [warning] A second renderer will share the same internal context with the first one. Arguments passed to constructor will be ignored.
[ToiletEnv] change_instance_when_reset=True
[2026-09-22 16:02:03.527] [svulkan2] [warning] A second renderer will share the same internal context with the first one. Arguments passed to constructor will be ignored.
[FaucetEnv] change_instance_when_reset=True
[2026-09-22 16:02:03.742] [svulkan2] [warning] A second renderer will share the same internal context with the first one. Arguments passed to constructor will be ignored.
[LaptopEnv] change_instance_when_reset=True
[2026-09-22 16:02:03.854] [svulkan2] [warning] A second renderer will share the same internal context with the first one. Arguments passed to constructor will be ignored.
[BucketEnv] change_instance_when_reset=True
[2026-09-22 16:05:22.758] [svulkan2] [warning] A second renderer will share the same internal context with the first one. Arguments passed to constructor will be ignored.
[ToiletEnv] change_instance_when_reset=True
[2026-09-22 16:05:51.744] [svulkan2] [warning] A second renderer will share the same internal context with the first one. Arguments passed to constructor will be ignored.
[LaptopEnv] change_instance_when_reset=True
[2026-09-22 16:06:21.283] [svulkan2] [warning] A second renderer will share the same internal context with the first one. Arguments passed to constructor will be ignored.
[FaucetEnv] change_instance_when_reset=True
[2026-09-22 16:08:38.258] [svulkan2] [warning] A second renderer will share the same internal context with the first one. Arguments passed to constructor will be ignored.
[ToiletEnv] change_instance_when_reset=True
[2026-09-22 16:08:59.255] [svulkan2] [warning] A second renderer will share the same internal context with the first one. Arguments passed to constructor will be ignored.
[BucketEnv] change_instance_when_reset=True
[2026-09-22 16:09:40.677] [svulkan2] [warning] A second renderer will share the same internal context with the first one. Arguments passed to constructor will be ignored.
[LaptopEnv] change_instance_when_reset=True
[2026-09-22 16:10:24.137] [svulkan2] [warning] A second renderer will share the same internal context with the first one. Arguments passed to constructor will be ignored.
[FaucetEnv] change_instance_when_reset=True
[2026-09-22 16:10:33.967] [SAPIEN] [error] Failed to load visual mesh: /data/users/zhouyike/dexCG/third_party/dexart/assets/sapien/10090/textured_objs/new-1.obj
[2026-09-22 16:11:51.991] [svulkan2] [warning] A second renderer will share the same internal context with the first one. Arguments passed to constructor will be ignored.
[ToiletEnv] change_instance_when_reset=True
[2026-09-22 16:12:15.237] [SAPIEN] [error] Failed to load visual mesh: /data/users/zhouyike/dexCG/third_party/dexart/assets/sapien/10090/textured_objs/new-1.obj
[2026-09-22 16:13:13.840] [svulkan2] [warning] A second renderer will share the same internal context with the first one. Arguments passed to constructor will be ignored.
[LaptopEnv] change_instance_when_reset=True
[2026-09-22 16:13:13.845] [SAPIEN] [error] Failed to load visual mesh: /data/users/zhouyike/dexCG/third_party/dexart/assets/sapien/10090/textured_objs/new-1.obj
[2026-09-22 16:14:31.156] [svulkan2] [warning] A second renderer will share the same internal context with the first one. Arguments passed to constructor will be ignored.
[ToiletEnv] change_instance_when_reset=True
[2026-09-22 16:14:46.757] [svulkan2] [warning] A second renderer will share the same internal context with the first one. Arguments passed to constructor will be ignored.
[FaucetEnv] change_instance_when_reset=True
[2026-09-22 16:16:10.735] [svulkan2] [warning] A second renderer will share the same internal context with the first one. Arguments passed to constructor will be ignored.
[BucketEnv] change_instance_when_reset=True
[2026-09-22 16:16:23.701] [SAPIEN] [error] Failed to load visual mesh: /data/users/zhouyike/dexCG/third_party/dexart/assets/sapien/10090/textured_objs/new-1.obj
[2026-09-22 16:17:01.137] [svulkan2] [warning] A second renderer will share the same internal context with the first one. Arguments passed to constructor will be ignored.
[LaptopEnv] change_instance_when_reset=True
[2026-09-22 16:18:46.305] [svulkan2] [warning] A second renderer will share the same internal context with the first one. Arguments passed to constructor will be ignored.
[FaucetEnv] change_instance_when_reset=True
[2026-09-22 16:19:04.307] [SAPIEN] [error] Failed to load visual mesh: /data/users/zhouyike/dexCG/third_party/dexart/assets/sapien/10090/textured_objs/new-1.obj
[2026-09-22 16:19:43.709] [SAPIEN] [error] Failed to load visual mesh: /data/users/zhouyike/dexCG/third_party/dexart/assets/sapien/10090/textured_objs/new-1.obj
[2026-09-22 16:23:25.531] [svulkan2] [warning] A second renderer will share the same internal context with the first one. Arguments passed to constructor will be ignored.
[BucketEnv] change_instance_when_reset=True
[2026-09-22 16:30:07.676] [svulkan2] [warning] A second renderer will share the same internal context with the first one. Arguments passed to constructor will be ignored.
[BucketEnv] change_instance_when_reset=True
epoch=1601 step=120050 loss=5.54483
{"epoch": 1601, "global_step": 120075, "learning_rate": 8.960507874059669e-05, "teacher_forcing": 1.0, "predicted_contact_fraction": 0.0, "epoch_seconds": 18.797367034014314, "elapsed_hours": 16.538012290369434, "loss": 5.766258443196614, "loss_alignment": 0.2201676559448242, "loss_coefficient": 3.060663757324219, "loss_contact": 0.0, "loss_gate": 2.33483647664388, "loss_reconstruction": 0.15059027036031086}
epoch=1602 step=120100 loss=6.03001
epoch=1602 step=120150 loss=5.86285
{"epoch": 1602, "global_step": 120150, "learning_rate": 8.950081617136722e-05, "teacher_forcing": 1.0, "predicted_contact_fraction": 0.0, "epoch_seconds": 18.2457645656541, "elapsed_hours": 16.543082015292537, "loss": 5.834398803710937, "loss_alignment": 0.21961580276489256, "loss_coefficient": 3.129415283203125, "loss_contact": 0.0, "loss_gate": 2.334650675455729, "loss_reconstruction": 0.15071726163228352}
epoch=1603 step=120200 loss=6.34935
{"epoch": 1603, "global_step": 120225, "learning_rate": 8.939656514140872e-05, "teacher_forcing": 1.0, "predicted_contact_fraction": 0.0, "epoch_seconds": 18.920074209105223, "elapsed_hours": 16.548339016802817, "loss": 5.710029500325521, "loss_alignment": 0.20365501085917154, "loss_coefficient": 3.028578440348307, "loss_contact": 0.0, "loss_gate": 2.3273681640625, "loss_reconstruction": 0.1504282601674398}
epoch=1604 step=120250 loss=5.25695
epoch=1604 step=120300 loss=5.29507
{"epoch": 1604, "global_step": 120300, "learning_rate": 8.929232576529966e-05, "teacher_forcing": 1.0, "predicted_contact_fraction": 0.0, "epoch_seconds": 18.619583449326456, "elapsed_hours": 16.553512539031992, "loss": 5.767782694498698, "loss_alignment": 0.21601399739583332, "loss_coefficient": 3.0680577087402345, "loss_contact": 0.0, "loss_gate": 2.3331559753417968, "loss_reconstruction": 0.15055572827657063}
epoch=1605 step=120350 loss=5.35115
{"epoch": 1605, "global_step": 120375, "learning_rate": 8.918809815760585e-05, "teacher_forcing": 1.0, "predicted_contact_fraction": 0.0, "epoch_seconds": 19.265179484151304, "elapsed_hours": 16.55886540801924, "loss": 5.818322347005208, "loss_alignment": 0.22116259256998697, "loss_coefficient": 3.1077066040039063, "loss_contact": 0.0, "loss_gate": 2.338827616373698, "loss_reconstruction": 0.1506255563100179}
epoch=1606 step=120400 loss=5.35210
epoch=1606 step=120450 loss=5.91517
{"epoch": 1606, "global_step": 120450, "learning_rate": 8.908388243287994e-05, "teacher_forcing": 1.0, "predicted_contact_fraction": 0.0, "epoch_seconds": 19.020742248743773, "elapsed_hours": 16.564150803681695, "loss": 5.687331034342448, "loss_alignment": 0.21901077270507813, "loss_coefficient": 2.9811287434895832, "loss_contact": 0.0, "loss_gate": 2.3372427876790365, "loss_reconstruction": 0.1499476178487142}
epoch=1607 step=120500 loss=5.94145
{"epoch": 1607, "global_step": 120525, "learning_rate": 8.897967870566169e-05, "teacher_forcing": 1.0, "predicted_contact_fraction": 0.0, "epoch_seconds": 18.71681504463777, "elapsed_hours": 16.569351354361924, "loss": 5.844123738606771, "loss_alignment": 0.21714853286743163, "loss_coefficient": 3.1376606241861977, "loss_contact": 0.0, "loss_gate": 2.338440246582031, "loss_reconstruction": 0.15087393760681153}
epoch=1608 step=120550 loss=5.07271
epoch=1608 step=120600 loss=5.60775
{"epoch": 1608, "global_step": 120600, "learning_rate": 8.887548709047764e-05, "teacher_forcing": 1.0, "predicted_contact_fraction": 0.0, "epoch_seconds": 18.314528975170106, "elapsed_hours": 16.574440218426364, "loss": 5.5831247965494795, "loss_alignment": 0.20234181404113769, "loss_coefficient": 2.9034500630696614, "loss_contact": 0.0, "loss_gate": 2.3284007771809896, "loss_reconstruction": 0.14893224716186523}
epoch=1609 step=120650 loss=5.73289
{"epoch": 1609, "global_step": 120675, "learning_rate": 8.877130770184101e-05, "teacher_forcing": 1.0, "predicted_contact_fraction": 0.0, "epoch_seconds": 18.43360174400732, "elapsed_hours": 16.579562234013963, "loss": 5.659811604817708, "loss_alignment": 0.20319756507873535, "loss_coefficient": 2.9840777587890623, "loss_contact": 0.0, "loss_gate": 2.323299763997396, "loss_reconstruction": 0.1492366568247477}
epoch=1610 step=120700 loss=5.64283
epoch=1610 step=120750 loss=5.91754
{"epoch": 1610, "global_step": 120750, "learning_rate": 8.866714065425155e-05, "teacher_forcing": 1.0, "predicted_contact_fraction": 0.0, "epoch_seconds": 18.42768779816106, "elapsed_hours": 16.584682495484465, "loss": 5.679122009277344, "loss_alignment": 0.20000511169433594, "loss_coefficient": 3.0076360575358074, "loss_contact": 0.0, "loss_gate": 2.321628214518229, "loss_reconstruction": 0.1498537794748942}
epoch=1611 step=120800 loss=5.26546
{"epoch": 1611, "global_step": 120825, "learning_rate": 8.856298606219543e-05, "teacher_forcing": 1.0, "predicted_contact_fraction": 0.0, "epoch_seconds": 18.133427802938968, "elapsed_hours": 16.589861926293363, "loss": 5.746501057942709, "loss_alignment": 0.20656155586242675, "loss_coefficient": 3.0685357666015625, "loss_contact": 0.0, "loss_gate": 2.321000315348307, "loss_reconstruction": 0.15040279388427735}
epoch=1612 step=120850 loss=6.00965
epoch=1612 step=120900 loss=4.77201
{"epoch": 1612, "global_step": 120900, "learning_rate": 8.845884404014526e-05, "teacher_forcing": 1.0, "predicted_contact_fraction": 0.0, "epoch_seconds": 18.75341065507382, "elapsed_hours": 16.59507265649723, "loss": 5.678347269694011, "loss_alignment": 0.20328154563903808, "loss_coefficient": 3.003488260904948, "loss_contact": 0.0, "loss_gate": 2.321389923095703, "loss_reconstruction": 0.15018731435139973}
epoch=1613 step=120950 loss=6.05322
{"epoch": 1613, "global_step": 120975, "learning_rate": 8.835471470255972e-05, "teacher_forcing": 1.0, "predicted_contact_fraction": 0.0, "epoch_seconds": 18.905552071984857, "elapsed_hours": 16.600325663284167, "loss": 5.8446604410807295, "loss_alignment": 0.21923766454060872, "loss_coefficient": 3.1434839884440104, "loss_contact": 0.0, "loss_gate": 2.330786387125651, "loss_reconstruction": 0.15115230560302734}
epoch=1614 step=121000 loss=5.97277
epoch=1614 step=121050 loss=5.82776
{"epoch": 1614, "global_step": 121050, "learning_rate": 8.825059816388357e-05, "teacher_forcing": 1.0, "predicted_contact_fraction": 0.0, "epoch_seconds": 18.688015390187502, "elapsed_hours": 16.605518249401616, "loss": 5.894976094563802, "loss_alignment": 0.21364248275756836, "loss_coefficient": 3.2021549987792968, "loss_contact": 0.0, "loss_gate": 2.3274308268229165, "loss_reconstruction": 0.15174711227416993}
epoch=1615 step=121100 loss=5.78336
{"epoch": 1615, "global_step": 121125, "learning_rate": 8.81464945385475e-05, "teacher_forcing": 1.0, "predicted_contact_fraction": 0.0, "epoch_seconds": 18.376351482700557, "elapsed_hours": 16.610624268532522, "loss": 5.770160319010417, "loss_alignment": 0.2156586201985677, "loss_coefficient": 3.076058858235677, "loss_contact": 0.0, "loss_gate": 2.3277824910481772, "loss_reconstruction": 0.15066028277079263}
epoch=1616 step=121150 loss=5.98866
epoch=1616 step=121200 loss=6.09552
{"epoch": 1616, "global_step": 121200, "learning_rate": 8.8042403940968e-05, "teacher_forcing": 1.0, "predicted_contact_fraction": 0.0, "epoch_seconds": 17.961713537108153, "elapsed_hours": 16.615615040765068, "loss": 5.717040100097656, "loss_alignment": 0.20882083257039388, "loss_coefficient": 3.036154530843099, "loss_contact": 0.0, "loss_gate": 2.321896514892578, "loss_reconstruction": 0.15016879717508952}
epoch=1617 step=121250 loss=6.49555
{"epoch": 1617, "global_step": 121275, "learning_rate": 8.793832648554728e-05, "teacher_forcing": 1.0, "predicted_contact_fraction": 0.0, "epoch_seconds": 18.482574697118253, "elapsed_hours": 16.620750533555274, "loss": 5.837588094075521, "loss_alignment": 0.2100069522857666, "loss_coefficient": 3.148355712890625, "loss_contact": 0.0, "loss_gate": 2.3282126871744793, "loss_reconstruction": 0.15101284662882486}
epoch=1618 step=121300 loss=5.54294
epoch=1618 step=121350 loss=5.32821
{"epoch": 1618, "global_step": 121350, "learning_rate": 8.783426228667313e-05, "teacher_forcing": 1.0, "predicted_contact_fraction": 0.0, "epoch_seconds": 18.35805732337758, "elapsed_hours": 16.625851513857487, "loss": 5.580828552246094, "loss_alignment": 0.20462563514709473, "loss_coefficient": 2.906976369222005, "loss_contact": 0.0, "loss_gate": 2.3203161112467448, "loss_reconstruction": 0.1489107322692871}
epoch=1619 step=121400 loss=5.73829
{"epoch": 1619, "global_step": 121425, "learning_rate": 8.773021145871865e-05, "teacher_forcing": 1.0, "predicted_contact_fraction": 0.0, "epoch_seconds": 18.154974502976984, "elapsed_hours": 16.630895981430854, "loss": 5.482522684733073, "loss_alignment": 0.19915655136108398, "loss_coefficient": 2.8186215209960936, "loss_contact": 0.0, "loss_gate": 2.3169231669108075, "loss_reconstruction": 0.14782111803690592}
epoch=1620 step=121450 loss=6.09063
epoch=1620 step=121500 loss=5.36501
{"epoch": 1620, "global_step": 121500, "learning_rate": 8.762617411604235e-05, "teacher_forcing": 1.0, "predicted_contact_fraction": 0.0, "epoch_seconds": 18.987390898168087, "elapsed_hours": 16.63617174745227, "loss": 5.59582275390625, "loss_alignment": 0.20155227343241375, "loss_coefficient": 2.929159698486328, "loss_contact": 0.0, "loss_gate": 2.3153240966796873, "loss_reconstruction": 0.14978621482849122}
epoch=1621 step=121550 loss=5.87096
{"epoch": 1621, "global_step": 121575, "learning_rate": 8.752215037298787e-05, "teacher_forcing": 1.0, "predicted_contact_fraction": 0.0, "epoch_seconds": 18.91410151636228, "elapsed_hours": 16.64157319986313, "loss": 5.661181131998698, "loss_alignment": 0.20580631573994954, "loss_coefficient": 2.986631164550781, "loss_contact": 0.0, "loss_gate": 2.3193377176920573, "loss_reconstruction": 0.14940620422363282}
epoch=1622 step=121600 loss=5.55977
epoch=1622 step=121650 loss=5.20568
{"epoch": 1622, "global_step": 121650, "learning_rate": 8.7418140343884e-05, "teacher_forcing": 1.0, "predicted_contact_fraction": 0.0, "epoch_seconds": 18.148215162102133, "elapsed_hours": 16.646615789313284, "loss": 5.602092692057291, "loss_alignment": 0.20274168332417805, "loss_coefficient": 2.9367122904459637, "loss_contact": 0.0, "loss_gate": 2.313564961751302, "loss_reconstruction": 0.1490741284688314}
epoch=1623 step=121700 loss=5.81057
{"epoch": 1623, "global_step": 121725, "learning_rate": 8.731414414304427e-05, "teacher_forcing": 1.0, "predicted_contact_fraction": 0.0, "epoch_seconds": 18.061431032139808, "elapsed_hours": 16.65163439184026, "loss": 5.663763529459636, "loss_alignment": 0.2118416945139567, "loss_coefficient": 2.984081115722656, "loss_contact": 0.0, "loss_gate": 2.3182191975911457, "loss_reconstruction": 0.14962069511413575}
epoch=1624 step=121750 loss=6.22567
epoch=1624 step=121800 loss=5.33368
{"epoch": 1624, "global_step": 121800, "learning_rate": 8.721016188476717e-05, "teacher_forcing": 1.0, "predicted_contact_fraction": 0.0, "epoch_seconds": 18.592978563159704, "elapsed_hours": 16.65680064578088, "loss": 5.854718729654948, "loss_alignment": 0.2153306770324707, "loss_coefficient": 3.1655755615234376, "loss_contact": 0.0, "loss_gate": 2.322382609049479, "loss_reconstruction": 0.15142990430196127}
epoch=1625 step=121850 loss=5.86684
{"epoch": 1625, "global_step": 121875, "learning_rate": 8.710619368333584e-05, "teacher_forcing": 1.0, "predicted_contact_fraction": 0.0, "epoch_seconds": 19.15916923666373, "elapsed_hours": 16.662124167050546, "loss": 5.668799133300781, "loss_alignment": 0.22107293446858725, "loss_coefficient": 2.971121622721354, "loss_contact": 0.0, "loss_gate": 2.3269549560546876, "loss_reconstruction": 0.14964941024780273}
epoch=1626 step=121900 loss=5.78772
epoch=1626 step=121950 loss=5.27993
{"epoch": 1626, "global_step": 121950, "learning_rate": 8.70022396530179e-05, "teacher_forcing": 1.0, "predicted_contact_fraction": 0.0, "epoch_seconds": 18.40406480198726, "elapsed_hours": 16.66723817610919, "loss": 5.710371500651042, "loss_alignment": 0.20591716130574544, "loss_coefficient": 3.03171625773112, "loss_contact": 0.0, "loss_gate": 2.323086191813151, "loss_reconstruction": 0.14965256373087565}
epoch=1627 step=122000 loss=5.20568
{"epoch": 1627, "global_step": 122025, "learning_rate": 8.68982999080655e-05, "teacher_forcing": 1.0, "predicted_contact_fraction": 0.0, "epoch_seconds": 19.48130231210962, "elapsed_hours": 16.672651140971446, "loss": 5.570369873046875, "loss_alignment": 0.19683874448140462, "loss_coefficient": 2.9144076029459636, "loss_contact": 0.0, "loss_gate": 2.3099596150716146, "loss_reconstruction": 0.14916414578755696}
epoch=1628 step=122050 loss=5.95170
epoch=1628 step=122100 loss=4.69575
{"epoch": 1628, "global_step": 122100, "learning_rate": 8.679437456271496e-05, "teacher_forcing": 1.0, "predicted_contact_fraction": 0.0, "epoch_seconds": 18.51592329982668, "elapsed_hours": 16.67779606182607, "loss": 5.727899576822916, "loss_alignment": 0.20837836583455405, "loss_coefficient": 3.0580306498209637, "loss_contact": 0.0, "loss_gate": 2.311557159423828, "loss_reconstruction": 0.14993396759033203}
epoch=1629 step=122150 loss=6.62740
{"epoch": 1629, "global_step": 122175, "learning_rate": 8.669046373118689e-05, "teacher_forcing": 1.0, "predicted_contact_fraction": 0.0, "epoch_seconds": 18.452457920182496, "elapsed_hours": 16.68292338636225, "loss": 5.5949928792317705, "loss_alignment": 0.21048789978027344, "loss_coefficient": 2.9216561381022137, "loss_contact": 0.0, "loss_gate": 2.3137317911783852, "loss_reconstruction": 0.14911696751912434}
epoch=1630 step=122200 loss=6.82244
epoch=1630 step=122250 loss=6.48946
{"epoch": 1630, "global_step": 122250, "learning_rate": 8.658656752768591e-05, "teacher_forcing": 1.0, "predicted_contact_fraction": 0.0, "epoch_seconds": 18.28473605075851, "elapsed_hours": 16.688004111869184, "loss": 5.783125712076823, "loss_alignment": 0.21765431722005207, "loss_coefficient": 3.0938543701171874, "loss_contact": 0.0, "loss_gate": 2.3212909444173175, "loss_reconstruction": 0.1503252347310384}
epoch=1631 step=122300 loss=5.91389
{"epoch": 1631, "global_step": 122325, "learning_rate": 8.648268606640057e-05, "teacher_forcing": 1.0, "predicted_contact_fraction": 0.0, "epoch_seconds": 18.075556733179837, "elapsed_hours": 16.69317944212338, "loss": 5.749053955078125, "loss_alignment": 0.21774046579996745, "loss_coefficient": 3.056266123453776, "loss_contact": 0.0, "loss_gate": 2.3241839090983074, "loss_reconstruction": 0.15086385091145835}
epoch=1632 step=122350 loss=5.95376
epoch=1632 step=122400 loss=5.79338
{"epoch": 1632, "global_step": 122400, "learning_rate": 8.637881946150316e-05, "teacher_forcing": 1.0, "predicted_contact_fraction": 0.0, "epoch_seconds": 18.079260056838393, "elapsed_hours": 16.698202862750815, "loss": 5.56258310953776, "loss_alignment": 0.20692636171976725, "loss_coefficient": 2.891678212483724, "loss_contact": 0.0, "loss_gate": 2.3149961853027343, "loss_reconstruction": 0.1489820671081543}
epoch=1633 step=122450 loss=6.05875
{"epoch": 1633, "global_step": 122475, "learning_rate": 8.627496782714969e-05, "teacher_forcing": 1.0, "predicted_contact_fraction": 0.0, "epoch_seconds": 18.00702639296651, "elapsed_hours": 16.703206190826346, "loss": 5.733131713867188, "loss_alignment": 0.20573887189229328, "loss_coefficient": 3.0664324951171875, "loss_contact": 0.0, "loss_gate": 2.310271708170573, "loss_reconstruction": 0.1506885528564453}
epoch=1634 step=122500 loss=5.08108
epoch=1634 step=122550 loss=4.89007
{"epoch": 1634, "global_step": 122550, "learning_rate": 8.617113127747973e-05, "teacher_forcing": 1.0, "predicted_contact_fraction": 0.0, "epoch_seconds": 18.890398130752146, "elapsed_hours": 16.70845501097527, "loss": 5.645528767903646, "loss_alignment": 0.1949664370218913, "loss_coefficient": 2.9946970621744793, "loss_contact": 0.0, "loss_gate": 2.3065084838867187, "loss_reconstruction": 0.14935683886210124}
epoch=1635 step=122600 loss=6.12377
{"epoch": 1635, "global_step": 122625, "learning_rate": 8.60673099266163e-05, "teacher_forcing": 1.0, "predicted_contact_fraction": 0.0, "epoch_seconds": 18.406070216093212, "elapsed_hours": 16.713569299180268, "loss": 5.609270731608073, "loss_alignment": 0.20677824338277181, "loss_coefficient": 2.944788309733073, "loss_contact": 0.0, "loss_gate": 2.308627268473307, "loss_reconstruction": 0.1490764045715332}
epoch=1636 step=122650 loss=5.55993
epoch=1636 step=122700 loss=6.46401
{"epoch": 1636, "global_step": 122700, "learning_rate": 8.596350388866558e-05, "teacher_forcing": 1.0, "predicted_contact_fraction": 0.0, "epoch_seconds": 18.42358728032559, "elapsed_hours": 16.71868845018416, "loss": 5.682473754882812, "loss_alignment": 0.21113306045532226, "loss_coefficient": 3.0062521362304686, "loss_contact": 0.0, "loss_gate": 2.3149177042643228, "loss_reconstruction": 0.15017057100931802}
epoch=1637 step=122750 loss=5.37893
{"epoch": 1637, "global_step": 122775, "learning_rate": 8.585971327771707e-05, "teacher_forcing": 1.0, "predicted_contact_fraction": 0.0, "epoch_seconds": 18.101072151679546, "elapsed_hours": 16.72371796769245, "loss": 5.609067891438802, "loss_alignment": 0.20750281651814778, "loss_coefficient": 2.941754862467448, "loss_contact": 0.0, "loss_gate": 2.310289560953776, "loss_reconstruction": 0.1495208485921224}
epoch=1638 step=122800 loss=5.75847
epoch=1638 step=122850 loss=4.78052
{"epoch": 1638, "global_step": 122850, "learning_rate": 8.575593820784322e-05, "teacher_forcing": 1.0, "predicted_contact_fraction": 0.0, "epoch_seconds": 18.36351102264598, "elapsed_hours": 16.728820376022227, "loss": 5.533864339192708, "loss_alignment": 0.19982763290405273, "loss_coefficient": 2.8782587178548176, "loss_contact": 0.0, "loss_gate": 2.3073225911458333, "loss_reconstruction": 0.1484551239013672}
epoch=1639 step=122900 loss=5.33711
{"epoch": 1639, "global_step": 122925, "learning_rate": 8.56521787930995e-05, "teacher_forcing": 1.0, "predicted_contact_fraction": 0.0, "epoch_seconds": 17.738791796844453, "elapsed_hours": 16.733749332876695, "loss": 5.602886759440104, "loss_alignment": 0.2031856409708659, "loss_coefficient": 2.940521291097005, "loss_contact": 0.0, "loss_gate": 2.3100528462727863, "loss_reconstruction": 0.1491273021697998}
epoch=1640 step=122950 loss=5.50647
epoch=1640 step=123000 loss=6.05071
{"epoch": 1640, "global_step": 123000, "learning_rate": 8.554843514752401e-05, "teacher_forcing": 1.0, "predicted_contact_fraction": 0.0, "epoch_seconds": 18.1631398499012, "elapsed_hours": 16.738796096748363, "loss": 5.777906799316407, "loss_alignment": 0.21648815155029297, "loss_coefficient": 3.0946705118815103, "loss_contact": 0.0, "loss_gate": 2.3162295532226564, "loss_reconstruction": 0.15051831563313803}
epoch=1641 step=123050 loss=5.74927
{"epoch": 1641, "global_step": 123075, "learning_rate": 8.544470738513767e-05, "teacher_forcing": 1.0, "predicted_contact_fraction": 0.0, "epoch_seconds": 17.966320642270148, "elapsed_hours": 16.74393065957831, "loss": 5.570795084635416, "loss_alignment": 0.20005489349365235, "loss_coefficient": 2.918853963216146, "loss_contact": 0.0, "loss_gate": 2.303608703613281, "loss_reconstruction": 0.14827714284261068}
epoch=1642 step=123100 loss=5.08087
epoch=1642 step=123150 loss=5.17022
{"epoch": 1642, "global_step": 123150, "learning_rate": 8.53409956199439e-05, "teacher_forcing": 1.0, "predicted_contact_fraction": 0.0, "epoch_seconds": 19.39680941682309, "elapsed_hours": 16.749320078063366, "loss": 5.5806727091471355, "loss_alignment": 0.2141538937886556, "loss_coefficient": 2.9015681457519533, "loss_contact": 0.0, "loss_gate": 2.3165414428710935, "loss_reconstruction": 0.14840892791748048}
epoch=1643 step=123200 loss=5.38987
{"epoch": 1643, "global_step": 123225, "learning_rate": 8.52372999659285e-05, "teacher_forcing": 1.0, "predicted_contact_fraction": 0.0, "epoch_seconds": 18.431917984969914, "elapsed_hours": 16.75444147226362, "loss": 5.5567244466145835, "loss_alignment": 0.20226341883341473, "loss_coefficient": 2.897982584635417, "loss_contact": 0.0, "loss_gate": 2.3081509399414064, "loss_reconstruction": 0.14832757314046224}
epoch=1644 step=123250 loss=5.15553
epoch=1644 step=123300 loss=5.26875
{"epoch": 1644, "global_step": 123300, "learning_rate": 8.513362053705964e-05, "teacher_forcing": 1.0, "predicted_contact_fraction": 0.0, "epoch_seconds": 18.34596802527085, "elapsed_hours": 16.759539012282232, "loss": 5.46319081624349, "loss_alignment": 0.19256911913553873, "loss_coefficient": 2.8270255025227864, "loss_contact": 0.0, "loss_gate": 2.2959412638346355, "loss_reconstruction": 0.14765561739603678}
epoch=1645 step=123350 loss=5.92800
{"epoch": 1645, "global_step": 123375, "learning_rate": 8.502995744728754e-05, "teacher_forcing": 1.0, "predicted_contact_fraction": 0.0, "epoch_seconds": 18.306358500849456, "elapsed_hours": 16.764625906952812, "loss": 5.698927408854167, "loss_alignment": 0.19413638432820637, "loss_coefficient": 3.0573196919759114, "loss_contact": 0.0, "loss_gate": 2.2980167134602865, "loss_reconstruction": 0.14945479075113932}
epoch=1646 step=123400 loss=5.78613
epoch=1646 step=123450 loss=5.19464
{"epoch": 1646, "global_step": 123450, "learning_rate": 8.492631081054456e-05, "teacher_forcing": 1.0, "predicted_contact_fraction": 0.0, "epoch_seconds": 18.958035754039884, "elapsed_hours": 16.76989347446115, "loss": 5.580377909342448, "loss_alignment": 0.22089852650960287, "loss_coefficient": 2.8988028971354165, "loss_contact": 0.0, "loss_gate": 2.3122328186035155, "loss_reconstruction": 0.14844399134318034}
epoch=1647 step=123500 loss=5.57214
{"epoch": 1647, "global_step": 123525, "learning_rate": 8.482268074074495e-05, "teacher_forcing": 1.0, "predicted_contact_fraction": 0.0, "epoch_seconds": 18.37385012023151, "elapsed_hours": 16.774998784672288, "loss": 5.507104695638021, "loss_alignment": 0.1955434544881185, "loss_coefficient": 2.863755340576172, "loss_contact": 0.0, "loss_gate": 2.299477335611979, "loss_reconstruction": 0.14832869211832683}
epoch=1648 step=123550 loss=5.69586
epoch=1648 step=123600 loss=5.22961
{"epoch": 1648, "global_step": 123600, "learning_rate": 8.471906735178477e-05, "teacher_forcing": 1.0, "predicted_contact_fraction": 0.0, "epoch_seconds": 19.70212676981464, "elapsed_hours": 16.78047300607173, "loss": 5.716604817708333, "loss_alignment": 0.2112714131673177, "loss_coefficient": 3.051227010091146, "loss_contact": 0.0, "loss_gate": 2.3045408630371096, "loss_reconstruction": 0.14956557591756184}
epoch=1649 step=123650 loss=5.55783
{"epoch": 1649, "global_step": 123675, "learning_rate": 8.46154707575417e-05, "teacher_forcing": 1.0, "predicted_contact_fraction": 0.0, "epoch_seconds": 18.915255184285343, "elapsed_hours": 16.785728821808007, "loss": 5.758651428222656, "loss_alignment": 0.20932291666666666, "loss_coefficient": 3.092248840332031, "loss_contact": 0.0, "loss_gate": 2.3069930521647137, "loss_reconstruction": 0.1500860595703125}
epoch=1650 step=123700 loss=5.54608
epoch=1650 step=123750 loss=5.19142
{"epoch": 1650, "global_step": 123750, "learning_rate": 8.451189107187497e-05, "teacher_forcing": 1.0, "predicted_contact_fraction": 0.0, "epoch_seconds": 17.798710629343987, "elapsed_hours": 16.79067441478307, "loss": 5.597314656575521, "loss_alignment": 0.20874073346455893, "loss_coefficient": 2.932056884765625, "loss_contact": 0.0, "loss_gate": 2.3076937866210936, "loss_reconstruction": 0.1488237953186035}
epoch=1651 step=123800 loss=5.45373
{"epoch": 1651, "global_step": 123825, "learning_rate": 8.440832840862527e-05, "teacher_forcing": 1.0, "predicted_contact_fraction": 0.0, "epoch_seconds": 18.337538059800863, "elapsed_hours": 16.79591517754145, "loss": 5.641932678222656, "loss_alignment": 0.2133762264251709, "loss_coefficient": 2.972064463297526, "loss_contact": 0.0, "loss_gate": 2.3074310302734373, "loss_reconstruction": 0.1490608787536621}
epoch=1652 step=123850 loss=5.96415
epoch=1652 step=123900 loss=5.43950
{"epoch": 1652, "global_step": 123900, "learning_rate": 8.43047828816146e-05, "teacher_forcing": 1.0, "predicted_contact_fraction": 0.0, "epoch_seconds": 18.402086252812296, "elapsed_hours": 16.801028287076107, "loss": 5.782438659667969, "loss_alignment": 0.22698721567789715, "loss_coefficient": 3.090736999511719, "loss_contact": 0.0, "loss_gate": 2.3144402567545574, "loss_reconstruction": 0.15027458508809408}
epoch=1653 step=123950 loss=5.67548
{"epoch": 1653, "global_step": 123975, "learning_rate": 8.420125460464599e-05, "teacher_forcing": 1.0, "predicted_contact_fraction": 0.0, "epoch_seconds": 18.33436775393784, "elapsed_hours": 16.806122595593852, "loss": 5.537174886067708, "loss_alignment": 0.21169027010599772, "loss_coefficient": 2.870333811442057, "loss_contact": 0.0, "loss_gate": 2.306949717203776, "loss_reconstruction": 0.14820149739583333}
epoch=1654 step=124000 loss=4.94764
epoch=1654 step=124050 loss=5.84418
{"epoch": 1654, "global_step": 124050, "learning_rate": 8.409774369150365e-05, "teacher_forcing": 1.0, "predicted_contact_fraction": 0.0, "epoch_seconds": 18.175821260083467, "elapsed_hours": 16.811172847568912, "loss": 5.409406127929688, "loss_alignment": 0.18811898231506347, "loss_coefficient": 2.782579193115234, "loss_contact": 0.0, "loss_gate": 2.2913421630859374, "loss_reconstruction": 0.14736599286397298}
epoch=1655 step=124100 loss=5.31973
{"epoch": 1655, "global_step": 124125, "learning_rate": 8.399425025595266e-05, "teacher_forcing": 1.0, "predicted_contact_fraction": 0.0, "epoch_seconds": 18.68993866443634, "elapsed_hours": 16.81636593879886, "loss": 5.554620666503906, "loss_alignment": 0.19315903981526691, "loss_coefficient": 2.9190616353352863, "loss_contact": 0.0, "loss_gate": 2.2941602579752605, "loss_reconstruction": 0.14823930104573568}
epoch=1656 step=124150 loss=5.69584
epoch=1656 step=124200 loss=5.69542
{"epoch": 1656, "global_step": 124200, "learning_rate": 8.389077441173888e-05, "teacher_forcing": 1.0, "predicted_contact_fraction": 0.0, "epoch_seconds": 19.336324344854802, "elapsed_hours": 16.821738649978844, "loss": 5.6842188517252605, "loss_alignment": 0.20917012214660644, "loss_coefficient": 3.0213839213053384, "loss_contact": 0.0, "loss_gate": 2.303240254720052, "loss_reconstruction": 0.1504247792561849}
epoch=1657 step=124250 loss=5.79380
{"epoch": 1657, "global_step": 124275, "learning_rate": 8.378731627258886e-05, "teacher_forcing": 1.0, "predicted_contact_fraction": 0.0, "epoch_seconds": 18.692427675239742, "elapsed_hours": 16.82693251410913, "loss": 5.609301249186198, "loss_alignment": 0.19942444801330567, "loss_coefficient": 2.96800537109375, "loss_contact": 0.0, "loss_gate": 2.2924200948079427, "loss_reconstruction": 0.14945127169291178}
epoch=1658 step=124300 loss=5.43131
epoch=1658 step=124350 loss=5.90806
{"epoch": 1658, "global_step": 124350, "learning_rate": 8.368387595220966e-05, "teacher_forcing": 1.0, "predicted_contact_fraction": 0.0, "epoch_seconds": 18.234514482785016, "elapsed_hours": 16.831999087881737, "loss": 5.748100077311198, "loss_alignment": 0.2115274715423584, "loss_coefficient": 3.0811549377441407, "loss_contact": 0.0, "loss_gate": 2.305336354573568, "loss_reconstruction": 0.15008129437764486}
epoch=1659 step=124400 loss=5.21427
{"epoch": 1659, "global_step": 124425, "learning_rate": 8.358045356428878e-05, "teacher_forcing": 1.0, "predicted_contact_fraction": 0.0, "epoch_seconds": 18.600552123971283, "elapsed_hours": 16.837167381963614, "loss": 5.624875183105469, "loss_alignment": 0.20349339803059896, "loss_coefficient": 2.974104309082031, "loss_contact": 0.0, "loss_gate": 2.297496490478516, "loss_reconstruction": 0.14978047370910644}
epoch=1660 step=124450 loss=5.45790
epoch=1660 step=124500 loss=5.91591
{"epoch": 1660, "global_step": 124500, "learning_rate": 8.3477049222494e-05, "teacher_forcing": 1.0, "predicted_contact_fraction": 0.0, "epoch_seconds": 19.129792213905603, "elapsed_hours": 16.8424830236392, "loss": 5.68548604329427, "loss_alignment": 0.2087289841969808, "loss_coefficient": 3.0295467631022137, "loss_contact": 0.0, "loss_gate": 2.2981613159179686, "loss_reconstruction": 0.14904898643493653}
epoch=1661 step=124550 loss=5.27097
{"epoch": 1661, "global_step": 124575, "learning_rate": 8.337366304047332e-05, "teacher_forcing": 1.0, "predicted_contact_fraction": 0.0, "epoch_seconds": 18.452968676108867, "elapsed_hours": 16.847753027157548, "loss": 5.654998881022135, "loss_alignment": 0.19956667900085448, "loss_coefficient": 3.01084477742513, "loss_contact": 0.0, "loss_gate": 2.2952369689941405, "loss_reconstruction": 0.1493508529663086}
epoch=1662 step=124600 loss=5.96718
epoch=1662 step=124650 loss=5.61504
{"epoch": 1662, "global_step": 124650, "learning_rate": 8.327029513185463e-05, "teacher_forcing": 1.0, "predicted_contact_fraction": 0.0, "epoch_seconds": 18.42917064903304, "elapsed_hours": 16.852873737671697, "loss": 5.5678269449869795, "loss_alignment": 0.19385677973429363, "loss_coefficient": 2.9343048604329427, "loss_contact": 0.0, "loss_gate": 2.2917098999023438, "loss_reconstruction": 0.14795588811238608}
epoch=1663 step=124700 loss=5.19834
{"epoch": 1663, "global_step": 124725, "learning_rate": 8.316694561024589e-05, "teacher_forcing": 1.0, "predicted_contact_fraction": 0.0, "epoch_seconds": 18.124068482313305, "elapsed_hours": 16.857909651134783, "loss": 5.428087972005208, "loss_alignment": 0.18232472419738768, "loss_coefficient": 2.8169049580891925, "loss_contact": 0.0, "loss_gate": 2.280996805826823, "loss_reconstruction": 0.14786186536153156}
epoch=1664 step=124750 loss=5.09227
epoch=1664 step=124800 loss=6.05767
{"epoch": 1664, "global_step": 124800, "learning_rate": 8.306361458923482e-05, "teacher_forcing": 1.0, "predicted_contact_fraction": 0.0, "epoch_seconds": 18.6909274822101, "elapsed_hours": 16.863102970239964, "loss": 5.699902852376302, "loss_alignment": 0.19473697662353515, "loss_coefficient": 3.066999918619792, "loss_contact": 0.0, "loss_gate": 2.28864008585612, "loss_reconstruction": 0.14952535629272462}
epoch=1665 step=124850 loss=6.35191
{"epoch": 1665, "global_step": 124875, "learning_rate": 8.296030218238878e-05, "teacher_forcing": 1.0, "predicted_contact_fraction": 0.0, "epoch_seconds": 18.289978853892535, "elapsed_hours": 16.868184969657516, "loss": 5.775543721516927, "loss_alignment": 0.21991124471028645, "loss_coefficient": 3.101359405517578, "loss_contact": 0.0, "loss_gate": 2.3044525146484376, "loss_reconstruction": 0.14982001940409342}
epoch=1666 step=124900 loss=5.41457
epoch=1666 step=124950 loss=5.38397
{"epoch": 1666, "global_step": 124950, "learning_rate": 8.285700850325467e-05, "teacher_forcing": 1.0, "predicted_contact_fraction": 0.0, "epoch_seconds": 18.286911486182362, "elapsed_hours": 16.87326626912639, "loss": 5.5477544148763025, "loss_alignment": 0.21088549931844075, "loss_coefficient": 2.8879715474446614, "loss_contact": 0.0, "loss_gate": 2.3004332987467446, "loss_reconstruction": 0.14846429506937664}
epoch=1667 step=125000 loss=4.92301
{"epoch": 1667, "global_step": 125025, "learning_rate": 8.275373366535877e-05, "teacher_forcing": 1.0, "predicted_contact_fraction": 0.0, "epoch_seconds": 19.363455462735146, "elapsed_hours": 16.878646397178397, "loss": 5.667759501139323, "loss_alignment": 0.2058950901031494, "loss_coefficient": 3.017725270589193, "loss_contact": 0.0, "loss_gate": 2.294558563232422, "loss_reconstruction": 0.14958092371622722}
epoch=1668 step=125050 loss=5.18764
epoch=1668 step=125100 loss=5.39921
{"epoch": 1668, "global_step": 125100, "learning_rate": 8.265047778220673e-05, "teacher_forcing": 1.0, "predicted_contact_fraction": 0.0, "epoch_seconds": 18.416732490062714, "elapsed_hours": 16.88376363185506, "loss": 5.456978759765625, "loss_alignment": 0.2039180088043213, "loss_coefficient": 2.8134830729166667, "loss_contact": 0.0, "loss_gate": 2.2915333048502604, "loss_reconstruction": 0.14804469426472983}
epoch=1669 step=125150 loss=5.85906
{"epoch": 1669, "global_step": 125175, "learning_rate": 8.254724096728337e-05, "teacher_forcing": 1.0, "predicted_contact_fraction": 0.0, "epoch_seconds": 18.500779789872468, "elapsed_hours": 16.888904173794693, "loss": 5.51115956624349, "loss_alignment": 0.19596784591674804, "loss_coefficient": 2.8799698384602865, "loss_contact": 0.0, "loss_gate": 2.286802215576172, "loss_reconstruction": 0.14841904322306315}
epoch=1670 step=125200 loss=6.26468
epoch=1670 step=125250 loss=5.47407
{"epoch": 1670, "global_step": 125250, "learning_rate": 8.244402333405252e-05, "teacher_forcing": 1.0, "predicted_contact_fraction": 0.0, "epoch_seconds": 19.02820969792083, "elapsed_hours": 16.894191225236927, "loss": 5.643491312662761, "loss_alignment": 0.214885196685791, "loss_coefficient": 2.983780721028646, "loss_contact": 0.0, "loss_gate": 2.2959789021809898, "loss_reconstruction": 0.14884629249572753}
epoch=1671 step=125300 loss=5.83877
{"epoch": 1671, "global_step": 125325, "learning_rate": 8.234082499595686e-05, "teacher_forcing": 1.0, "predicted_contact_fraction": 0.0, "epoch_seconds": 18.368303700815886, "elapsed_hours": 16.899434053849223, "loss": 5.552005513509115, "loss_alignment": 0.2098712952931722, "loss_coefficient": 2.897547861735026, "loss_contact": 0.0, "loss_gate": 2.296385752360026, "loss_reconstruction": 0.14820035616556804}
epoch=1672 step=125350 loss=5.12910
epoch=1672 step=125400 loss=5.37959
{"epoch": 1672, "global_step": 125400, "learning_rate": 8.223764606641795e-05, "teacher_forcing": 1.0, "predicted_contact_fraction": 0.0, "epoch_seconds": 19.5121118593961, "elapsed_hours": 16.904855762343956, "loss": 5.573927510579427, "loss_alignment": 0.20367646217346191, "loss_coefficient": 2.9314297993977863, "loss_contact": 0.0, "loss_gate": 2.2901781209309897, "loss_reconstruction": 0.14864269892374674}
epoch=1673 step=125450 loss=5.35703
{"epoch": 1673, "global_step": 125475, "learning_rate": 8.2134486658836e-05, "teacher_forcing": 1.0, "predicted_contact_fraction": 0.0, "epoch_seconds": 18.55545618617907, "elapsed_hours": 16.91001159566196, "loss": 5.495058186848959, "loss_alignment": 0.19531132380167643, "loss_coefficient": 2.870486857096354, "loss_contact": 0.0, "loss_gate": 2.2812229919433595, "loss_reconstruction": 0.14803694089253744}
epoch=1674 step=125500 loss=5.35187
epoch=1674 step=125550 loss=6.29689
{"epoch": 1674, "global_step": 125550, "learning_rate": 8.203134688658982e-05, "teacher_forcing": 1.0, "predicted_contact_fraction": 0.0, "epoch_seconds": 18.69084472814575, "elapsed_hours": 16.915204902933652, "loss": 5.528240763346354, "loss_alignment": 0.20975298563639322, "loss_coefficient": 2.8708873494466145, "loss_contact": 0.0, "loss_gate": 2.2991810099283856, "loss_reconstruction": 0.14841893513997395}
epoch=1675 step=125600 loss=5.73501
{"epoch": 1675, "global_step": 125625, "learning_rate": 8.19282268630365e-05, "teacher_forcing": 1.0, "predicted_contact_fraction": 0.0, "epoch_seconds": 18.869490906130522, "elapsed_hours": 16.920447977009204, "loss": 5.373053894042969, "loss_alignment": 0.19240102767944336, "loss_coefficient": 2.748327433268229, "loss_contact": 0.0, "loss_gate": 2.2848431905110678, "loss_reconstruction": 0.14748229344685873}
epoch=1676 step=125650 loss=5.93914
epoch=1676 step=125700 loss=5.47758
{"epoch": 1676, "global_step": 125700, "learning_rate": 8.182512670151156e-05, "teacher_forcing": 1.0, "predicted_contact_fraction": 0.0, "epoch_seconds": 18.671639426145703, "elapsed_hours": 16.925636032382286, "loss": 5.657079162597657, "loss_alignment": 0.21208037694295248, "loss_coefficient": 3.0001982625325523, "loss_contact": 0.0, "loss_gate": 2.2956446838378906, "loss_reconstruction": 0.1491553052266439}
epoch=1677 step=125750 loss=5.12624
{"epoch": 1677, "global_step": 125775, "learning_rate": 8.172204651532858e-05, "teacher_forcing": 1.0, "predicted_contact_fraction": 0.0, "epoch_seconds": 18.625081569887698, "elapsed_hours": 16.930811103065885, "loss": 5.476259562174479, "loss_alignment": 0.19578769048055014, "loss_coefficient": 2.8538916524251303, "loss_contact": 0.0, "loss_gate": 2.278841501871745, "loss_reconstruction": 0.14773874600728354}
epoch=1678 step=125800 loss=5.69486
epoch=1678 step=125850 loss=5.06923
{"epoch": 1678, "global_step": 125850, "learning_rate": 8.161898641777933e-05, "teacher_forcing": 1.0, "predicted_contact_fraction": 0.0, "epoch_seconds": 19.80147468810901, "elapsed_hours": 16.93631299451692, "loss": 5.489578552246094, "loss_alignment": 0.20625956853230795, "loss_coefficient": 2.847916005452474, "loss_contact": 0.0, "loss_gate": 2.2875775655110675, "loss_reconstruction": 0.14782622655232747}
epoch=1679 step=125900 loss=6.07453
{"epoch": 1679, "global_step": 125925, "learning_rate": 8.151594652213332e-05, "teacher_forcing": 1.0, "predicted_contact_fraction": 0.0, "epoch_seconds": 18.496719755232334, "elapsed_hours": 16.941452397497294, "loss": 5.593914184570313, "loss_alignment": 0.21156843503316244, "loss_coefficient": 2.942843729654948, "loss_contact": 0.0, "loss_gate": 2.2909469095865886, "loss_reconstruction": 0.1485548178354899}
epoch=1680 step=125950 loss=5.10292
epoch=1680 step=126000 loss=5.42656
{"epoch": 1680, "global_step": 126000, "learning_rate": 8.141292694163797e-05, "teacher_forcing": 1.0, "predicted_contact_fraction": 0.0, "epoch_seconds": 18.75830621086061, "elapsed_hours": 16.946664448180883, "loss": 5.532599385579427, "loss_alignment": 0.21677352587381998, "loss_coefficient": 2.8699520874023436, "loss_contact": 0.0, "loss_gate": 2.2975476582845054, "loss_reconstruction": 0.14832627932230633}
epoch=1681 step=126050 loss=6.08174
{"epoch": 1681, "global_step": 126075, "learning_rate": 8.130992778951842e-05, "teacher_forcing": 1.0, "predicted_contact_fraction": 0.0, "epoch_seconds": 18.672143873758614, "elapsed_hours": 16.9519927774133, "loss": 5.412967325846354, "loss_alignment": 0.19805107752482096, "loss_coefficient": 2.7852718098958333, "loss_contact": 0.0, "loss_gate": 2.2827304077148436, "loss_reconstruction": 0.14691380182902017}
epoch=1682 step=126100 loss=4.99138
epoch=1682 step=126150 loss=5.92882
{"epoch": 1682, "global_step": 126150, "learning_rate": 8.120694917897722e-05, "teacher_forcing": 1.0, "predicted_contact_fraction": 0.0, "epoch_seconds": 18.44069718196988, "elapsed_hours": 16.95711663090197, "loss": 5.617335815429687, "loss_alignment": 0.20998382886250813, "loss_coefficient": 2.9649896748860676, "loss_contact": 0.0, "loss_gate": 2.2933328755696616, "loss_reconstruction": 0.1490293566385905}
epoch=1683 step=126200 loss=5.08690
{"epoch": 1683, "global_step": 126225, "learning_rate": 8.110399122319449e-05, "teacher_forcing": 1.0, "predicted_contact_fraction": 0.0, "epoch_seconds": 18.464126457925886, "elapsed_hours": 16.962247131453932, "loss": 5.475833638509115, "loss_alignment": 0.1976415983835856, "loss_coefficient": 2.8468749491373697, "loss_contact": 0.0, "loss_gate": 2.283724110921224, "loss_reconstruction": 0.14759264628092447}
epoch=1684 step=126250 loss=5.26535
epoch=1684 step=126300 loss=5.69641
{"epoch": 1684, "global_step": 126300, "learning_rate": 8.100105403532746e-05, "teacher_forcing": 1.0, "predicted_contact_fraction": 0.0, "epoch_seconds": 18.549464102368802, "elapsed_hours": 16.967401764886713, "loss": 5.68028554280599, "loss_alignment": 0.2032552178700765, "loss_coefficient": 3.044929860432943, "loss_contact": 0.0, "loss_gate": 2.2827025349934895, "loss_reconstruction": 0.14939810434977213}
epoch=1685 step=126350 loss=6.53633
{"epoch": 1685, "global_step": 126375, "learning_rate": 8.089813772851072e-05, "teacher_forcing": 1.0, "predicted_contact_fraction": 0.0, "epoch_seconds": 19.43850518297404, "elapsed_hours": 16.97280281459667, "loss": 5.733833516438802, "loss_alignment": 0.2127961254119873, "loss_coefficient": 3.078366546630859, "loss_contact": 0.0, "loss_gate": 2.292694803873698, "loss_reconstruction": 0.1499755605061849}
epoch=1686 step=126400 loss=5.54127
epoch=1686 step=126450 loss=5.66919
{"epoch": 1686, "global_step": 126450, "learning_rate": 8.079524241585584e-05, "teacher_forcing": 1.0, "predicted_contact_fraction": 0.0, "epoch_seconds": 18.519886828958988, "elapsed_hours": 16.97794867255337, "loss": 5.522855326334636, "loss_alignment": 0.19918641408284504, "loss_coefficient": 2.8923263549804688, "loss_contact": 0.0, "loss_gate": 2.2831521606445313, "loss_reconstruction": 0.14818978945414224}
epoch=1687 step=126500 loss=5.08509
{"epoch": 1687, "global_step": 126525, "learning_rate": 8.069236821045134e-05, "teacher_forcing": 1.0, "predicted_contact_fraction": 0.0, "epoch_seconds": 18.38264052895829, "elapsed_hours": 16.98305662723698, "loss": 5.448810323079427, "loss_alignment": 0.18548968315124512, "loss_coefficient": 2.8393815104166666, "loss_contact": 0.0, "loss_gate": 2.2761537170410158, "loss_reconstruction": 0.14778498967488607}
epoch=1688 step=126550 loss=5.68396
epoch=1688 step=126600 loss=5.71812
{"epoch": 1688, "global_step": 126600, "learning_rate": 8.058951522536245e-05, "teacher_forcing": 1.0, "predicted_contact_fraction": 0.0, "epoch_seconds": 19.09326146589592, "elapsed_hours": 16.98836173674868, "loss": 5.5157082112630205, "loss_alignment": 0.18172843933105468, "loss_coefficient": 2.9177059427897136, "loss_contact": 0.0, "loss_gate": 2.2678727213541667, "loss_reconstruction": 0.14840067863464357}
epoch=1689 step=126650 loss=5.33764
{"epoch": 1689, "global_step": 126675, "learning_rate": 8.048668357363116e-05, "teacher_forcing": 1.0, "predicted_contact_fraction": 0.0, "epoch_seconds": 18.4705631560646, "elapsed_hours": 16.993493948292194, "loss": 5.602201029459636, "loss_alignment": 0.20087392807006835, "loss_coefficient": 2.9751217142740884, "loss_contact": 0.0, "loss_gate": 2.27732177734375, "loss_reconstruction": 0.148883482615153}
epoch=1690 step=126700 loss=5.86313
epoch=1690 step=126750 loss=5.46266
{"epoch": 1690, "global_step": 126750, "learning_rate": 8.038387336827602e-05, "teacher_forcing": 1.0, "predicted_contact_fraction": 0.0, "epoch_seconds": 18.5657967957668, "elapsed_hours": 16.99865273051274, "loss": 5.529754842122395, "loss_alignment": 0.20745158513387044, "loss_coefficient": 2.892220153808594, "loss_contact": 0.0, "loss_gate": 2.28190434773763, "loss_reconstruction": 0.14817880312601725}
epoch=1691 step=126800 loss=5.21555
{"epoch": 1691, "global_step": 126825, "learning_rate": 8.0281084722292e-05, "teacher_forcing": 1.0, "predicted_contact_fraction": 0.0, "epoch_seconds": 18.851194084621966, "elapsed_hours": 17.00402698434113, "loss": 5.392535502115885, "loss_alignment": 0.19447843551635743, "loss_coefficient": 2.7755970764160156, "loss_contact": 0.0, "loss_gate": 2.275221710205078, "loss_reconstruction": 0.1472383213043213}
epoch=1692 step=126850 loss=5.30263
epoch=1692 step=126900 loss=5.51042
{"epoch": 1692, "global_step": 126900, "learning_rate": 8.017831774865031e-05, "teacher_forcing": 1.0, "predicted_contact_fraction": 0.0, "epoch_seconds": 18.584158619865775, "elapsed_hours": 17.00919066242253, "loss": 5.4953515625, "loss_alignment": 0.19645819346110027, "loss_coefficient": 2.873443705240885, "loss_contact": 0.0, "loss_gate": 2.276753692626953, "loss_reconstruction": 0.14869564374287922}
epoch=1693 step=126950 loss=5.39067
{"epoch": 1693, "global_step": 126975, "learning_rate": 8.007557256029844e-05, "teacher_forcing": 1.0, "predicted_contact_fraction": 0.0, "epoch_seconds": 18.367191998753697, "elapsed_hours": 17.01429413223523, "loss": 5.561815185546875, "loss_alignment": 0.2020575173695882, "loss_coefficient": 2.930390370686849, "loss_contact": 0.0, "loss_gate": 2.2807747395833333, "loss_reconstruction": 0.1485924498240153}
epoch=1694 step=127000 loss=6.33908
epoch=1694 step=127050 loss=5.55198
{"epoch": 1694, "global_step": 127050, "learning_rate": 7.997284927015984e-05, "teacher_forcing": 1.0, "predicted_contact_fraction": 0.0, "epoch_seconds": 19.264359819237143, "elapsed_hours": 17.01964703127884, "loss": 5.473238728841146, "loss_alignment": 0.20290199915568033, "loss_coefficient": 2.8424751281738283, "loss_contact": 0.0, "loss_gate": 2.280023956298828, "loss_reconstruction": 0.14783821105957032}
epoch=1695 step=127100 loss=5.69410
{"epoch": 1695, "global_step": 127125, "learning_rate": 7.987014799113397e-05, "teacher_forcing": 1.0, "predicted_contact_fraction": 0.0, "epoch_seconds": 18.60285720974207, "elapsed_hours": 17.024816031912472, "loss": 5.6234503173828125, "loss_alignment": 0.19950276692708332, "loss_coefficient": 2.994287414550781, "loss_contact": 0.0, "loss_gate": 2.2804885355631512, "loss_reconstruction": 0.14917160352071127}
epoch=1696 step=127150 loss=4.97316
epoch=1696 step=127200 loss=5.63426
{"epoch": 1696, "global_step": 127200, "learning_rate": 7.976746883609614e-05, "teacher_forcing": 1.0, "predicted_contact_fraction": 0.0, "epoch_seconds": 18.11653058975935, "elapsed_hours": 17.029849815726696, "loss": 5.497383422851563, "loss_alignment": 0.19928650538126627, "loss_coefficient": 2.8733481852213543, "loss_contact": 0.0, "loss_gate": 2.276528116861979, "loss_reconstruction": 0.14822054227193196}
epoch=1697 step=127250 loss=6.11337
{"epoch": 1697, "global_step": 127275, "learning_rate": 7.966481191789713e-05, "teacher_forcing": 1.0, "predicted_contact_fraction": 0.0, "epoch_seconds": 18.318399229086936, "elapsed_hours": 17.034939715344485, "loss": 5.468760986328125, "loss_alignment": 0.20054292043050131, "loss_coefficient": 2.8454517618815105, "loss_contact": 0.0, "loss_gate": 2.275171712239583, "loss_reconstruction": 0.14759379386901855}
epoch=1698 step=127300 loss=5.69614
epoch=1698 step=127350 loss=4.21216
{"epoch": 1698, "global_step": 127350, "learning_rate": 7.956217734936353e-05, "teacher_forcing": 1.0, "predicted_contact_fraction": 0.0, "epoch_seconds": 19.04818191472441, "elapsed_hours": 17.04023231443419, "loss": 5.365569864908855, "loss_alignment": 0.19294703165690105, "loss_coefficient": 2.7553240966796877, "loss_contact": 0.0, "loss_gate": 2.270127665201823, "loss_reconstruction": 0.14717164675394695}
epoch=1699 step=127400 loss=4.95077
{"epoch": 1699, "global_step": 127425, "learning_rate": 7.94595652432972e-05, "teacher_forcing": 1.0, "predicted_contact_fraction": 0.0, "epoch_seconds": 19.06021098094061, "elapsed_hours": 17.045528222978916, "loss": 5.508634745279948, "loss_alignment": 0.19140251477559408, "loss_coefficient": 2.9005701700846354, "loss_contact": 0.0, "loss_gate": 2.267882080078125, "loss_reconstruction": 0.1487805493672689}
epoch=1700 step=127450 loss=5.56537
epoch=1700 step=127500 loss=5.01823
{"epoch": 1700, "global_step": 127500, "learning_rate": 7.935697571247545e-05, "teacher_forcing": 1.0, "predicted_contact_fraction": 0.0, "epoch_seconds": 18.62827062793076, "elapsed_hours": 17.0507043634531, "loss": 5.471100260416667, "loss_alignment": 0.1941197109222412, "loss_coefficient": 2.8580054219563804, "loss_contact": 0.0, "loss_gate": 2.2710911560058595, "loss_reconstruction": 0.1478831990559896}
[2026-09-22 17:08:30.706] [svulkan2] [warning] A second renderer will share the same internal context with the first one. Arguments passed to constructor will be ignored.
[ToiletEnv] change_instance_when_reset=True
[2026-09-22 17:08:30.945] [svulkan2] [warning] A second renderer will share the same internal context with the first one. Arguments passed to constructor will be ignored.
[FaucetEnv] change_instance_when_reset=True
[2026-09-22 17:08:31.096] [svulkan2] [warning] A second renderer will share the same internal context with the first one. Arguments passed to constructor will be ignored.
[LaptopEnv] change_instance_when_reset=True
[2026-09-22 17:08:31.928] [svulkan2] [warning] A second renderer will share the same internal context with the first one. Arguments passed to constructor will be ignored.
[BucketEnv] change_instance_when_reset=True
[2026-09-22 17:11:23.113] [svulkan2] [warning] A second renderer will share the same internal context with the first one. Arguments passed to constructor will be ignored.
[ToiletEnv] change_instance_when_reset=True
[2026-09-22 17:12:18.764] [svulkan2] [warning] A second renderer will share the same internal context with the first one. Arguments passed to constructor will be ignored.
[LaptopEnv] change_instance_when_reset=True
[2026-09-22 17:12:22.090] [svulkan2] [warning] A second renderer will share the same internal context with the first one. Arguments passed to constructor will be ignored.
[FaucetEnv] change_instance_when_reset=True
[2026-09-22 17:13:59.086] [svulkan2] [warning] A second renderer will share the same internal context with the first one. Arguments passed to constructor will be ignored.
[ToiletEnv] change_instance_when_reset=True
[2026-09-22 17:15:11.392] [svulkan2] [warning] A second renderer will share the same internal context with the first one. Arguments passed to constructor will be ignored.
[BucketEnv] change_instance_when_reset=True
[2026-09-22 17:15:54.976] [svulkan2] [warning] A second renderer will share the same internal context with the first one. Arguments passed to constructor will be ignored.
[LaptopEnv] change_instance_when_reset=True
[2026-09-22 17:16:08.644] [svulkan2] [warning] A second renderer will share the same internal context with the first one. Arguments passed to constructor will be ignored.
[FaucetEnv] change_instance_when_reset=True
[2026-09-22 17:16:36.220] [svulkan2] [warning] A second renderer will share the same internal context with the first one. Arguments passed to constructor will be ignored.
[ToiletEnv] change_instance_when_reset=True
[2026-09-22 17:16:38.905] [SAPIEN] [error] Failed to load visual mesh: /data/users/zhouyike/dexCG/third_party/dexart/assets/sapien/10090/textured_objs/new-1.obj
[2026-09-22 17:18:20.054] [SAPIEN] [error] Failed to load visual mesh: /data/users/zhouyike/dexCG/third_party/dexart/assets/sapien/10090/textured_objs/new-1.obj
[2026-09-22 17:19:13.523] [svulkan2] [warning] A second renderer will share the same internal context with the first one. Arguments passed to constructor will be ignored.
[LaptopEnv] change_instance_when_reset=True
[2026-09-22 17:19:13.527] [SAPIEN] [error] Failed to load visual mesh: /data/users/zhouyike/dexCG/third_party/dexart/assets/sapien/10090/textured_objs/new-1.obj
[2026-09-22 17:19:20.430] [svulkan2] [warning] A second renderer will share the same internal context with the first one. Arguments passed to constructor will be ignored.
[ToiletEnv] change_instance_when_reset=True
[2026-09-22 17:20:08.581] [svulkan2] [warning] A second renderer will share the same internal context with the first one. Arguments passed to constructor will be ignored.
[FaucetEnv] change_instance_when_reset=True
[2026-09-22 17:21:46.692] [svulkan2] [warning] A second renderer will share the same internal context with the first one. Arguments passed to constructor will be ignored.
[BucketEnv] change_instance_when_reset=True
[2026-09-22 17:22:11.959] [SAPIEN] [error] Failed to load visual mesh: /data/users/zhouyike/dexCG/third_party/dexart/assets/sapien/10090/textured_objs/new-1.obj
[2026-09-22 17:22:41.806] [svulkan2] [warning] A second renderer will share the same internal context with the first one. Arguments passed to constructor will be ignored.
[LaptopEnv] change_instance_when_reset=True
[2026-09-22 17:24:05.132] [svulkan2] [warning] A second renderer will share the same internal context with the first one. Arguments passed to constructor will be ignored.
[FaucetEnv] change_instance_when_reset=True
[2026-09-22 17:24:43.461] [SAPIEN] [error] Failed to load visual mesh: /data/users/zhouyike/dexCG/third_party/dexart/assets/sapien/10090/textured_objs/new-1.obj
[2026-09-22 17:25:17.017] [SAPIEN] [error] Failed to load visual mesh: /data/users/zhouyike/dexCG/third_party/dexart/assets/sapien/10090/textured_objs/new-1.obj
[2026-09-22 17:28:06.832] [svulkan2] [warning] A second renderer will share the same internal context with the first one. Arguments passed to constructor will be ignored.
[BucketEnv] change_instance_when_reset=True
[2026-09-22 17:34:25.987] [svulkan2] [warning] A second renderer will share the same internal context with the first one. Arguments passed to constructor will be ignored.
[BucketEnv] change_instance_when_reset=True
[2026-09-22 17:41:41.469] [svulkan2] [warning] A second renderer will share the same internal context with the first one. Arguments passed to constructor will be ignored.
[ToiletEnv] change_instance_when_reset=True
[2026-09-22 17:41:41.893] [svulkan2] [warning] A second renderer will share the same internal context with the first one. Arguments passed to constructor will be ignored.
[FaucetEnv] change_instance_when_reset=True
[2026-09-22 17:41:41.917] [svulkan2] [warning] A second renderer will share the same internal context with the first one. Arguments passed to constructor will be ignored.
[LaptopEnv] change_instance_when_reset=True
[2026-09-22 17:41:41.944] [svulkan2] [warning] A second renderer will share the same internal context with the first one. Arguments passed to constructor will be ignored.
[BucketEnv] change_instance_when_reset=True
[2026-09-22 17:44:49.844] [svulkan2] [warning] A second renderer will share the same internal context with the first one. Arguments passed to constructor will be ignored.
[ToiletEnv] change_instance_when_reset=True
[2026-09-22 17:45:24.953] [svulkan2] [warning] A second renderer will share the same internal context with the first one. Arguments passed to constructor will be ignored.
[FaucetEnv] change_instance_when_reset=True
[2026-09-22 17:45:26.318] [svulkan2] [warning] A second renderer will share the same internal context with the first one. Arguments passed to constructor will be ignored.
[LaptopEnv] change_instance_when_reset=True
[2026-09-22 17:47:54.040] [svulkan2] [warning] A second renderer will share the same internal context with the first one. Arguments passed to constructor will be ignored.
[ToiletEnv] change_instance_when_reset=True
[2026-09-22 17:48:20.870] [svulkan2] [warning] A second renderer will share the same internal context with the first one. Arguments passed to constructor will be ignored.
[BucketEnv] change_instance_when_reset=True
[2026-09-22 17:48:56.848] [svulkan2] [warning] A second renderer will share the same internal context with the first one. Arguments passed to constructor will be ignored.
[FaucetEnv] change_instance_when_reset=True
[2026-09-22 17:49:00.431] [svulkan2] [warning] A second renderer will share the same internal context with the first one. Arguments passed to constructor will be ignored.
[LaptopEnv] change_instance_when_reset=True
[2026-09-22 17:49:47.133] [SAPIEN] [error] Failed to load visual mesh: /data/users/zhouyike/dexCG/third_party/dexart/assets/sapien/10090/textured_objs/new-1.obj
[2026-09-22 17:50:51.358] [svulkan2] [warning] A second renderer will share the same internal context with the first one. Arguments passed to constructor will be ignored.
[ToiletEnv] change_instance_when_reset=True
[2026-09-22 17:51:20.912] [SAPIEN] [error] Failed to load visual mesh: /data/users/zhouyike/dexCG/third_party/dexart/assets/sapien/10090/textured_objs/new-1.obj
[2026-09-22 17:52:19.572] [svulkan2] [warning] A second renderer will share the same internal context with the first one. Arguments passed to constructor will be ignored.
[LaptopEnv] change_instance_when_reset=True
[2026-09-22 17:52:19.576] [SAPIEN] [error] Failed to load visual mesh: /data/users/zhouyike/dexCG/third_party/dexart/assets/sapien/10090/textured_objs/new-1.obj
[2026-09-22 17:52:37.119] [svulkan2] [warning] A second renderer will share the same internal context with the first one. Arguments passed to constructor will be ignored.
[FaucetEnv] change_instance_when_reset=True
[2026-09-22 17:53:37.140] [svulkan2] [warning] A second renderer will share the same internal context with the first one. Arguments passed to constructor will be ignored.
[ToiletEnv] change_instance_when_reset=True
[2026-09-22 17:55:21.739] [svulkan2] [warning] A second renderer will share the same internal context with the first one. Arguments passed to constructor will be ignored.
[BucketEnv] change_instance_when_reset=True
[2026-09-22 17:55:28.797] [SAPIEN] [error] Failed to load visual mesh: /data/users/zhouyike/dexCG/third_party/dexart/assets/sapien/10090/textured_objs/new-1.obj
[2026-09-22 17:55:56.608] [svulkan2] [warning] A second renderer will share the same internal context with the first one. Arguments passed to constructor will be ignored.
[FaucetEnv] change_instance_when_reset=True
[2026-09-22 17:55:58.603] [svulkan2] [warning] A second renderer will share the same internal context with the first one. Arguments passed to constructor will be ignored.
[LaptopEnv] change_instance_when_reset=True
[2026-09-22 17:58:00.534] [SAPIEN] [error] Failed to load visual mesh: /data/users/zhouyike/dexCG/third_party/dexart/assets/sapien/10090/textured_objs/new-1.obj
[2026-09-22 17:58:36.677] [SAPIEN] [error] Failed to load visual mesh: /data/users/zhouyike/dexCG/third_party/dexart/assets/sapien/10090/textured_objs/new-1.obj
[2026-09-22 18:02:26.919] [svulkan2] [warning] A second renderer will share the same internal context with the first one. Arguments passed to constructor will be ignored.
[BucketEnv] change_instance_when_reset=True
[2026-09-22 18:09:25.266] [svulkan2] [warning] A second renderer will share the same internal context with the first one. Arguments passed to constructor will be ignored.
[BucketEnv] change_instance_when_reset=True
epoch=1701 step=127550 loss=5.84483
{"epoch": 1701, "global_step": 127575, "learning_rate": 7.925440886965059e-05, "teacher_forcing": 1.0, "predicted_contact_fraction": 0.0, "epoch_seconds": 19.71279184613377, "elapsed_hours": 18.18891430490702, "loss": 5.476029459635416, "loss_alignment": 0.20177395820617675, "loss_coefficient": 2.852694142659505, "loss_contact": 0.0, "loss_gate": 2.2739801534016926, "loss_reconstruction": 0.1475817330678304}
epoch=1702 step=127600 loss=5.40668
epoch=1702 step=127650 loss=5.44204
{"epoch": 1702, "global_step": 127650, "learning_rate": 7.915186482755016e-05, "teacher_forcing": 1.0, "predicted_contact_fraction": 0.0, "epoch_seconds": 20.538318367674947, "elapsed_hours": 18.194620896456893, "loss": 5.419079895019531, "loss_alignment": 0.20359360376993815, "loss_coefficient": 2.79321299235026, "loss_contact": 0.0, "loss_gate": 2.2753749084472656, "loss_reconstruction": 0.14689828554789225}
epoch=1703 step=127700 loss=6.16005
{"epoch": 1703, "global_step": 127725, "learning_rate": 7.904934369887662e-05, "teacher_forcing": 1.0, "predicted_contact_fraction": 0.0, "epoch_seconds": 20.55468247504905, "elapsed_hours": 18.200331972180606, "loss": 5.541353861490886, "loss_alignment": 0.20832931836446125, "loss_coefficient": 2.9072232564290363, "loss_contact": 0.0, "loss_gate": 2.277052764892578, "loss_reconstruction": 0.14874820073445638}
epoch=1704 step=127750 loss=5.23922
epoch=1704 step=127800 loss=5.57404
{"epoch": 1704, "global_step": 127800, "learning_rate": 7.894684559630722e-05, "teacher_forcing": 1.0, "predicted_contact_fraction": 0.0, "epoch_seconds": 19.896176103968173, "elapsed_hours": 18.205860229500622, "loss": 5.502363077799479, "loss_alignment": 0.20381463686625162, "loss_coefficient": 2.872751973470052, "loss_contact": 0.0, "loss_gate": 2.2781402587890627, "loss_reconstruction": 0.14765649795532226}
epoch=1705 step=127850 loss=4.96385
{"epoch": 1705, "global_step": 127875, "learning_rate": 7.884437063249382e-05, "teacher_forcing": 1.0, "predicted_contact_fraction": 0.0, "epoch_seconds": 20.807316132821143, "elapsed_hours": 18.211641471354135, "loss": 5.433808797200521, "loss_alignment": 0.19506837844848632, "loss_coefficient": 2.81935791015625, "loss_contact": 0.0, "loss_gate": 2.2719134012858073, "loss_reconstruction": 0.14746877988179524}
epoch=1706 step=127900 loss=5.03472
epoch=1706 step=127950 loss=5.28615
{"epoch": 1706, "global_step": 127950, "learning_rate": 7.874191892006296e-05, "teacher_forcing": 1.0, "predicted_contact_fraction": 0.0, "epoch_seconds": 19.97015634411946, "elapsed_hours": 18.21719033291589, "loss": 5.533890584309896, "loss_alignment": 0.21088847796122234, "loss_coefficient": 2.8922501118977864, "loss_contact": 0.0, "loss_gate": 2.2827775065104166, "loss_reconstruction": 0.14797426541646322}
epoch=1707 step=128000 loss=5.31936
{"epoch": 1707, "global_step": 128025, "learning_rate": 7.863949057161559e-05, "teacher_forcing": 1.0, "predicted_contact_fraction": 0.0, "epoch_seconds": 19.459212341811508, "elapsed_hours": 18.222597042071996, "loss": 5.439220784505208, "loss_alignment": 0.19590882937113444, "loss_coefficient": 2.8259319051106773, "loss_contact": 0.0, "loss_gate": 2.2704583740234376, "loss_reconstruction": 0.14692222595214843}
epoch=1708 step=128050 loss=5.66103
epoch=1708 step=