# SSTK version 0.8.0
# 1
mtllib original-1.mtl
o mesh1/mesh1-geometry#mesh1-geometry
v -0.439671 0.410500 -0.702254
v -0.473669 0.409781 -0.701075
v -0.475077 0.416797 -0.654214
v -0.442919 0.388340 -0.715539
v -0.489079 0.395237 -0.662743
v -0.439349 0.433428 -0.652527
v -0.361434 0.388300 -0.715786
v -0.482161 0.389176 -0.709802
v -0.488029 0.406266 -0.510550
v -0.362021 0.410780 -0.702264
v -0.473496 0.426873 -0.510763
v -0.457248 0.353024 -0.718633
v -0.493182 0.353158 -0.718633
v -0.493182 0.356300 -0.670555
v -0.493182 0.356300 -0.493172
v -0.362043 0.434572 -0.652501
v -0.438123 0.444322 -0.511174
v -0.296910 0.410981 -0.702264
v -0.351812 0.352640 -0.718633
v -0.484452 0.356300 -0.385382
v -0.481002 0.405745 -0.387428
v -0.467239 0.426267 -0.388766
v -0.296910 0.388300 -0.715786
v -0.351812 0.342624 -0.718633
v -0.457248 0.342624 -0.718633
v -0.493182 0.342624 -0.718633
v -0.493182 0.342624 -0.670555
v -0.493182 0.342624 -0.493172
v -0.361980 0.446728 -0.513205
v -0.296895 0.435346 -0.652603
v -0.433496 0.443879 -0.393011
v -0.204272 0.411240 -0.702264
v -0.299094 0.352354 -0.718633
v -0.299094 0.342624 -0.718633
v -0.484452 0.342624 -0.385382
v -0.475723 0.354785 -0.277591
v -0.471163 0.398365 -0.282941
v -0.361175 0.446542 -0.401824
v -0.204221 0.436182 -0.652705
v -0.426596 0.436835 -0.295621
v -0.207280 0.388300 -0.715786
v -0.299094 0.342624 -0.705761
v -0.302629 0.284457 -0.718633
v -0.457248 0.342624 -0.705761
v -0.355972 0.284457 -0.718633
v -0.478014 0.342624 -0.705761
v -0.462658 0.284457 -0.718633
v -0.478014 0.342624 -0.658616
v -0.478014 0.342624 -0.493621
v -0.498471 0.284674 -0.493172
v -0.458658 0.419046 -0.287693
v -0.296703 0.448407 -0.514784
v -0.294353 0.448647 -0.410085
v -0.203170 0.450216 -0.516542
v -0.358728 0.440092 -0.312987
v -0.001185 0.388300 -0.715786
v -0.001185 0.436918 -0.652841
v -0.246376 0.356300 -0.718633
v -0.246376 0.342624 -0.718633
v -0.351812 0.342624 -0.705761
v -0.246376 0.342624 -0.705761
v -0.249286 0.284457 -0.718633
v -0.493182 0.342624 -0.702851
v -0.498481 0.284566 -0.718633
v -0.470121 0.342624 -0.386294
v -0.478014 0.342624 -0.690911
v -0.498480 0.284574 -0.702851
v -0.489885 0.284804 -0.376108
v -0.475723 0.342624 -0.277591
v -0.461375 0.354761 -0.183961
v -0.448109 0.410809 -0.222711
v -0.284548 0.443404 -0.331272
v -0.352515 0.417631 -0.251467
v -0.417551 0.413794 -0.227599
v -0.001185 0.411397 -0.702264
v -0.351812 0.342624 -0.658585
v -0.351812 0.342624 -0.690880
v -0.246376 0.342624 -0.658585
v -0.246375 0.342624 -0.690880
v -0.252129 0.230194 -0.718633
v -0.306082 0.230194 -0.718633
v -0.457248 0.342624 -0.658585
v -0.457248 0.342624 -0.690880
v -0.360036 0.230194 -0.718633
v -0.467943 0.230194 -0.718633
v -0.457248 0.342624 -0.493172
v -0.503779 0.230416 -0.702851
v -0.503759 0.230605 -0.493172
v -0.453587 0.388971 -0.208844
v -0.196524 0.450923 -0.418519
v -0.178310 0.446642 -0.347918
v -0.001185 0.451816 -0.517580
v -0.269399 0.421985 -0.277660
v 0.201902 0.411240 -0.702264
v -0.001185 0.352338 -0.718633
v -0.001185 0.342624 -0.718633
v -0.001185 0.284457 -0.718633
v -0.299094 0.342624 -0.658585
v -0.299094 0.342624 -0.690880
v -0.001185 0.342624 -0.658585
v -0.001185 0.342624 -0.690880
v -0.001185 0.230194 -0.718633
v -0.503780 0.230401 -0.718633
v -0.462229 0.342624 -0.278968
v -0.449973 0.342624 -0.389372
v -0.495672 0.230852 -0.359789
v -0.481300 0.284934 -0.259045
v -0.461375 0.342624 -0.183961
v -0.420277 0.352706 -0.195021
v -0.001185 0.452631 -0.422129
v -0.157424 0.425962 -0.297444
v 0.200800 0.450216 -0.516542
v -0.349362 0.392759 -0.229923
v -0.414983 0.388300 -0.204537
v 0.204909 0.388300 -0.715786
v 0.201850 0.436182 -0.652705
v -0.001185 0.342624 -0.705761
v -0.351812 0.342624 -0.493172
v -0.246376 0.342624 -0.493172
v -0.001185 0.193070 -0.718633
v -0.254733 0.193070 -0.718633
v -0.309246 0.193070 -0.718633
v -0.363759 0.193070 -0.718633
v -0.472784 0.193070 -0.718633
v -0.450182 0.342624 -0.200353
v -0.442698 0.342624 -0.285571
v -0.353191 0.342624 -0.400761
v -0.507547 0.193070 -0.493172
v -0.001185 0.448316 -0.354130
v -0.150496 0.402037 -0.278257
v -0.263214 0.398103 -0.258741
v 0.294539 0.388300 -0.715786
v 0.244005 0.356300 -0.718633
v 0.244005 0.342624 -0.718633
v 0.294525 0.435346 -0.652603
v 0.244005 0.342624 -0.705761
v 0.246915 0.284457 -0.718633
v -0.299094 0.342624 -0.493172
v -0.001185 0.342624 -0.493172
v 0.249758 0.230194 -0.718633
v -0.507547 0.193070 -0.718633
v -0.507547 0.193070 -0.702851
v -0.425116 0.342624 -0.207098
v -0.354569 0.342624 -0.308351
v -0.499717 0.193070 -0.338423
v -0.487585 0.231100 -0.226407
v -0.466276 0.289802 -0.175006
v -0.420277 0.342624 -0.195021
v -0.352759 0.353375 -0.226021
v 0.194154 0.450923 -0.418519
v -0.001185 0.427292 -0.304410
v 0.294332 0.448407 -0.514784
v -0.267698 0.354619 -0.258259
v 0.294539 0.410981 -0.702263
v -0.298147 0.342624 -0.407322
v 0.244005 0.342624 -0.493172
v -0.001185 0.342624 -0.422590
v 0.244005 0.342624 -0.658585
v -0.243104 0.342624 -0.413882
v 0.244005 0.342624 -0.690880
v 0.252363 0.193070 -0.718633
v -0.001185 0.131008 -0.718633
v -0.257698 0.131008 -0.718633
v -0.312848 0.131008 -0.718633
v -0.367998 0.131008 -0.718633
v -0.478298 0.131008 -0.718633
v -0.357838 0.342624 -0.237988
v -0.297201 0.342624 -0.321471
v -0.513792 0.131008 -0.702734
v -0.513792 0.131008 -0.491498
v -0.426837 0.291353 -0.183973
v 0.175939 0.446642 -0.347918
v 0.155053 0.425962 -0.297444
v -0.160322 0.355885 -0.277358
v -0.001185 0.403645 -0.285520
v 0.359650 0.410780 -0.702264
v 0.296723 0.352354 -0.718633
v 0.296723 0.342624 -0.718633
v 0.359672 0.434572 -0.652501
v 0.359609 0.446728 -0.513205
v 0.300258 0.284457 -0.718633
v 0.296723 0.342624 -0.658584
v 0.296723 0.342624 -0.690880
v 0.303712 0.230194 -0.718633
v -0.513792 0.131008 -0.718633
v -0.271310 0.342624 -0.270573
v -0.505708 0.131008 -0.335601
v -0.491888 0.193070 -0.183674
v -0.471074 0.240344 -0.129395
v -0.433281 0.243291 -0.138677
v -0.356673 0.287683 -0.223356
v -0.352759 0.342624 -0.226021
v 0.291982 0.448647 -0.410085
v 0.148126 0.402037 -0.278257
v -0.001185 0.355981 -0.285864
v -0.267698 0.342624 -0.258259
v 0.359064 0.388300 -0.715786
v 0.296723 0.342624 -0.705761
v -0.203921 0.342624 -0.350965
v 0.240734 0.342624 -0.413882
v 0.296723 0.342624 -0.493172
v -0.001185 0.342624 -0.352008
v 0.306875 0.193070 -0.718633
v 0.255327 0.131008 -0.718633
v -0.001185 0.065645 -0.718633
v -0.260662 0.065645 -0.718633
v -0.316450 0.065645 -0.718633
v -0.372237 0.065645 -0.718633
v -0.483812 0.065645 -0.718633
v -0.162264 0.342624 -0.290019
v -0.520037 0.065645 -0.702616
v -0.520036 0.065645 -0.489825
v -0.360501 0.236321 -0.197018
v 0.282177 0.443404 -0.331272
v 0.267028 0.421985 -0.277660
v -0.160322 0.342624 -0.277358
v 0.157952 0.355885 -0.277358
v 0.436978 0.433428 -0.652527
v 0.437300 0.410500 -0.702254
v 0.349441 0.352640 -0.718633
v 0.349441 0.342624 -0.718633
v 0.349441 0.342624 -0.705761
v 0.435752 0.444322 -0.511174
v 0.358804 0.446542 -0.401824
v 0.353601 0.284457 -0.718633
v 0.349441 0.342624 -0.493172
v 0.349441 0.342624 -0.658585
v 0.349441 0.342624 -0.690880
v 0.357665 0.230194 -0.718633
v -0.520037 0.065645 -0.718633
v -0.511700 0.065645 -0.332778
v -0.497625 0.131008 -0.179703
v -0.477052 0.193070 -0.021869
v -0.441786 0.193070 -0.024783
v -0.364738 0.193070 -0.143075
v -0.273583 0.236022 -0.226952
v -0.270673 0.287526 -0.252397
v 0.260843 0.398103 -0.258741
v -0.001185 0.342624 -0.285864
v 0.265327 0.354619 -0.258259
v -0.162106 0.287369 -0.268297
v 0.440548 0.388340 -0.715539
v 0.295777 0.342624 -0.407322
v 0.201550 0.342624 -0.350965
v 0.361388 0.193070 -0.718633
v 0.310477 0.131008 -0.718633
v 0.258292 0.065645 -0.718633
v -0.001185 0.047889 -0.718633
v -0.261424 0.047889 -0.718633
v -0.317375 0.047889 -0.718633
v -0.373327 0.047889 -0.718633
v -0.485229 0.047889 -0.718633
v -0.001185 0.342624 -0.298805
v -0.521641 0.047889 -0.489395
v -0.276780 0.193070 -0.179461
v 0.356358 0.440092 -0.312987
v 0.346991 0.392759 -0.229923
v -0.001185 0.286763 -0.272846
v 0.157952 0.342624 -0.277358
v 0.472706 0.416797 -0.654214
v 0.471126 0.426873 -0.510763
v 0.471299 0.409781 -0.701075
v 0.454877 0.353024 -0.718633
v 0.454877 0.342624 -0.718633
v 0.454877 0.342624 -0.705761
v 0.454877 0.342624 -0.658585
v 0.454877 0.342624 -0.690880
v 0.431125 0.443879 -0.393011
v 0.460288 0.284457 -0.718633
v 0.159893 0.342624 -0.290019
v 0.350820 0.342624 -0.400761
v 0.454877 0.342624 -0.493172
v 0.465572 0.230194 -0.718633
v -0.521641 0.047889 -0.718633
v -0.521641 0.047889 -0.702587
v -0.513239 0.047889 -0.332053
v -0.503363 0.065645 -0.175732
v -0.482718 0.131008 -0.016767
v -0.440739 0.193070 0.083959
v -0.413824 0.193070 0.083057
v -0.339279 0.193070 0.036630
v -0.165747 0.193070 -0.202707
v -0.163851 0.235724 -0.243745
v 0.350144 0.417631 -0.251467
v 0.350388 0.353375 -0.226021
v 0.265327 0.342624 -0.258259
v -0.001185 0.234574 -0.249442
v 0.464869 0.426267 -0.388766
v 0.479790 0.389176 -0.709802
v 0.294830 0.342624 -0.321471
v 0.470414 0.193070 -0.718633
v 0.365628 0.131008 -0.718633
v 0.314079 0.065645 -0.718633
v 0.259053 0.047889 -0.718633
v -0.236473 -0.050614 -0.718633
v -0.287060 -0.050614 -0.718633
v -0.337647 -0.050614 -0.718633
v -0.475693 -0.050614 -0.718633
v -0.511036 -0.050614 -0.718633
v -0.511035 -0.050614 -0.491283
v -0.502975 -0.050614 -0.335238
v -0.466535 0.193070 0.080671
v -0.217104 0.193070 0.018520
v 0.424226 0.436835 -0.295621
v 0.417906 0.352706 -0.195021
v 0.412612 0.388300 -0.204537
v 0.159735 0.287369 -0.268297
v 0.268939 0.342624 -0.270573
v 0.486708 0.395237 -0.662743
v 0.485659 0.406266 -0.510550
v 0.478632 0.405745 -0.387428
v 0.490811 0.353158 -0.718633
v 0.490811 0.342624 -0.718633
v 0.475643 0.342624 -0.705761
v 0.475643 0.342624 -0.658616
v 0.475643 0.342624 -0.690911
v 0.475643 0.342624 -0.493620
v 0.496110 0.284566 -0.718633
v 0.352198 0.342624 -0.308350
v 0.447602 0.342624 -0.389372
v 0.501409 0.230401 -0.718633
v 0.234102 -0.050614 -0.718633
v -0.001185 -0.050614 -0.718633
v -0.511036 -0.050614 -0.702719
v -0.494914 -0.050614 -0.179193
v -0.504837 0.047889 -0.174712
v -0.488384 0.065645 -0.011665
v -0.472027 0.131008 0.086570
v -0.379720 0.193070 0.137091
v -0.440302 0.193070 0.132742
v -0.301242 0.193070 0.124705
v -0.202716 0.193070 0.114227
v -0.001186 0.193070 -0.217152
v -0.094929 0.193070 0.000410
v 0.415181 0.413794 -0.227599
v 0.350388 0.342624 -0.226021
v 0.268302 0.287526 -0.252397
v 0.161480 0.235724 -0.243745
v 0.468793 0.398365 -0.282941
v 0.467751 0.342624 -0.386294
v 0.456287 0.419046 -0.287693
v 0.505176 0.193070 -0.718633
v 0.475928 0.131008 -0.718633
v 0.369867 0.065645 -0.718633
v 0.315005 0.047889 -0.718633
v 0.284689 -0.050614 -0.718633
v -0.050985 -0.155931 -0.718633
v -0.171091 -0.155931 -0.718633
v -0.291198 -0.155931 -0.718633
v -0.466156 -0.155931 -0.718633
v -0.500430 -0.155931 -0.718633
v -0.500430 -0.155931 -0.702850
v -0.500430 -0.155931 -0.493172
v -0.492710 -0.155931 -0.338423
v -0.484991 -0.155931 -0.183674
v -0.453050 0.193070 0.183212
v -0.099141 0.193070 0.106132
v 0.417906 0.342624 -0.195021
v 0.459004 0.354761 -0.183961
v 0.451216 0.388971 -0.208844
v 0.355468 0.342624 -0.237988
v 0.490811 0.356300 -0.670555
v 0.490811 0.356300 -0.493172
v 0.482081 0.356300 -0.385381
v 0.490811 0.342624 -0.670555
v 0.490811 0.342624 -0.702851
v 0.490811 0.342624 -0.493172
v 0.482081 0.342624 -0.385381
v 0.496109 0.284574 -0.702851
v 0.501408 0.230416 -0.702851
v 0.440327 0.342624 -0.285571
v 0.505176 0.193070 -0.702851
v 0.168721 -0.155931 -0.718633
v 0.048614 -0.155931 -0.718633
v -0.001185 -0.155931 -0.718633
v -0.451091 -0.141947 0.107211
v -0.480102 -0.050614 -0.016112
v -0.489839 0.047889 -0.010354
v -0.477520 0.065645 0.092468
v -0.458333 0.131008 0.189907
v -0.280624 0.193070 0.213411
v -0.439863 0.193070 0.181525
v -0.190907 0.193070 0.210989
v -0.096291 0.193070 0.207839
v -0.001185 0.193070 0.008937
v -0.001185 0.193070 0.106032
v 0.445738 0.410809 -0.222711
v 0.354302 0.287683 -0.223356
v 0.271212 0.236022 -0.226952
v 0.163376 0.193070 -0.202707
v 0.473352 0.354785 -0.277591
v 0.473352 0.342624 -0.277591
v 0.459858 0.342624 -0.278967
v 0.511421 0.131008 -0.702734
v 0.511421 0.131008 -0.718633
v 0.481442 0.065645 -0.718633
v 0.370956 0.047889 -0.718633
v 0.335276 -0.050614 -0.718633
v 0.288827 -0.155931 -0.718633
v -0.001185 -0.155931 -0.681185
v -0.171047 -0.155931 -0.681186
v -0.464792 -0.155931 -0.681186
v -0.457940 -0.155931 -0.493172
v -0.452301 -0.155931 -0.338423
v -0.446662 -0.155931 -0.183674
v -0.437186 0.193070 0.295943
v -0.361805 0.193070 0.209211
v -0.001185 0.193070 0.207084
v 0.092558 0.193070 0.000410
v 0.422745 0.342624 -0.207098
v 0.424466 0.291353 -0.183973
v 0.459004 0.342624 -0.183961
v 0.496100 0.284674 -0.493172
v 0.487515 0.284804 -0.376108
v 0.505176 0.193070 -0.493172
v 0.168676 -0.155931 -0.681186
v -0.050860 -0.155931 -0.681186
v -0.291234 -0.155931 -0.681186
v -0.379585 -0.155931 0.064774
v -0.437194 -0.133817 0.196669
v -0.469463 -0.050614 0.087327
v -0.478931 0.047889 0.093983
v -0.463617 0.065645 0.196601
v -0.442284 0.131008 0.303474
v -0.179405 0.193070 0.314785
v -0.343858 0.193070 0.307284
v -0.424073 0.193070 0.293448
v -0.091231 0.193070 0.314475
v 0.096770 0.193070 0.106132
v 0.358130 0.236321 -0.197018
v 0.274410 0.193070 -0.179461
v 0.214733 0.193070 0.018520
v 0.478929 0.284934 -0.259045
v 0.447811 0.342624 -0.200353
v 0.501389 0.230605 -0.493172
v 0.511421 0.131008 -0.491498
v 0.517666 0.065645 -0.702616
v 0.517666 0.065645 -0.718633
v 0.482858 0.047889 -0.718633
v 0.473322 -0.050614 -0.718633
v 0.463786 -0.155931 -0.718633
v 0.288864 -0.155931 -0.681186
v 0.048490 -0.155931 -0.681185
v -0.001186 -0.155931 -0.400460
v -0.099094 -0.155931 -0.374842
v -0.214402 -0.155931 -0.391807
v -0.214511 -0.155931 -0.263885
v -0.334139 -0.196728 0.147385
v -0.220606 -0.155931 0.030093
v -0.415764 0.193070 0.408673
v -0.263662 0.193070 0.313382
v -0.402895 0.193070 0.405371
v -0.001186 0.193070 0.314290
v 0.093920 0.193070 0.207839
v 0.430910 0.243291 -0.138677
v 0.463906 0.289802 -0.175006
v 0.493301 0.230852 -0.359789
v 0.497346 0.193070 -0.338423
v 0.462421 -0.155931 -0.681185
v 0.096724 -0.155931 -0.374842
v -0.037219 -0.155931 -0.398733
v -0.214621 -0.155931 -0.183674
v -0.279936 -0.203914 0.139017
v -0.361351 -0.182822 0.211081
v -0.417821 -0.129976 0.284555
v -0.455837 -0.050614 0.190767
v -0.464974 0.047889 0.198321
v -0.447382 0.065645 0.311005
v -0.420612 0.131008 0.417041
v -0.084468 0.193070 0.430553
v -0.244369 0.193070 0.424062
v -0.321770 0.193070 0.416275
v 0.088860 0.193070 0.314475
v 0.200345 0.193070 0.114227
v 0.362367 0.193070 -0.143075
v 0.336909 0.193070 0.036630
v 0.485214 0.231100 -0.226407
v 0.503338 0.131008 -0.335601
v 0.517666 0.065645 -0.489824
v 0.519270 0.047889 -0.718633
v 0.508665 -0.050614 -0.718633
v 0.498060 -0.155931 -0.718633
v 0.498060 -0.155931 -0.702850
v 0.212031 -0.155931 -0.391807
v 0.455570 -0.155931 -0.493172
v 0.034848 -0.155931 -0.398733
v -0.001185 -0.167765 -0.396136
v -0.036305 -0.167807 -0.394526
v -0.125676 -0.155931 -0.271685
v -0.194642 -0.240469 0.215480
v -0.195974 -0.207944 0.097693
v -0.125541 -0.155931 -0.124300
v -0.382158 0.193070 0.521404
v -0.165761 0.193070 0.428500
v -0.001186 0.193070 0.431152
v 0.082097 0.193070 0.430553
v 0.188536 0.193070 0.210989
v 0.439415 0.193070 -0.024783
v 0.468703 0.240344 -0.129395
v 0.489517 0.193070 -0.183674
v 0.519270 0.047889 -0.489395
v 0.519270 0.047889 -0.702586
v 0.498059 -0.155931 -0.493172
v 0.212141 -0.155931 -0.263885
v 0.094651 -0.168525 -0.372442
v 0.033935 -0.167807 -0.394526
v -0.097022 -0.168525 -0.372442
v -0.162126 -0.243733 0.185716
v -0.128243 -0.155931 0.003546
v -0.358591 -0.184573 0.286141
v -0.395263 -0.129589 0.362713
v -0.439875 -0.050614 0.300944
v -0.448691 0.047889 0.312940
v -0.425459 0.065645 0.425410
v -0.386613 0.131008 0.530609
v -0.369365 0.193070 0.516988
v -0.075827 0.193070 0.558365
v -0.291583 0.193070 0.531761
v -0.219460 0.193070 0.544497
v 0.177034 0.193070 0.314785
v 0.298871 0.193070 0.124705
v 0.411453 0.193070 0.083057
v 0.495254 0.131008 -0.179703
v 0.509329 0.065645 -0.332778
v 0.508665 -0.050614 -0.702719
v 0.449931 -0.155931 -0.338423
v 0.123305 -0.155931 -0.271685
v 0.490340 -0.155931 -0.338423
v 0.123342 -0.169023 -0.267818
v 0.034848 -0.187791 -0.386137
v -0.037219 -0.187791 -0.386137
v -0.036840 -0.155931 -0.236510
v -0.163259 -0.256453 0.184605
v -0.117380 -0.208730 0.088492
v -0.125277 -0.168926 -0.125000
v -0.201095 -0.236264 0.273306
v -0.329922 0.193070 0.634135
v -0.148297 0.193070 0.553385
v -0.001186 0.193070 0.560002
v 0.073456 0.193070 0.558365
v 0.163390 0.193070 0.428500
v 0.278253 0.193070 0.213411
v 0.474681 0.193070 -0.021869
v 0.438369 0.193070 0.083959
v 0.510868 0.047889 -0.332053
v 0.508665 -0.050614 -0.491283
v 0.212250 -0.155931 -0.183674
v 0.444291 -0.155931 -0.183674
v 0.096724 -0.187791 -0.362247
v -0.001185 -0.187791 -0.389695
v -0.099094 -0.187791 -0.362247
v -0.125713 -0.169023 -0.267818
v -0.036461 -0.155931 -0.127271
v -0.102538 -0.258117 0.167820
v -0.196351 -0.253182 0.215283
v -0.101897 -0.245420 0.169239
v -0.038786 -0.209517 0.079291
v -0.127894 -0.168919 0.003985
v -0.037605 -0.168917 -0.127979
v -0.335560 -0.184965 0.356617
v -0.361504 -0.129568 0.449485
v -0.410876 -0.050614 0.410069
v -0.426704 0.047889 0.427559
v -0.391067 0.065645 0.539814
v -0.333765 0.131008 0.644176
v -0.317821 0.193070 0.628605
v -0.066009 0.193070 0.698462
v -0.252005 0.193070 0.652192
v -0.126531 0.193070 0.689792
v 0.241997 0.193070 0.424062
v 0.261291 0.193070 0.313382
v 0.377349 0.193070 0.137091
v 0.480347 0.131008 -0.016767
v 0.500992 0.065645 -0.175732
v 0.500604 -0.050614 -0.335238
v 0.482620 -0.155931 -0.183674
v 0.123170 -0.155931 -0.124300
v 0.037059 -0.168536 -0.233131
v 0.118736 -0.194902 -0.240515
v -0.001185 -0.277493 -0.353307
v -0.041394 -0.281396 -0.351249
v -0.039429 -0.168536 -0.233131
v -0.111590 -0.362242 0.156743
v -0.211532 -0.374584 0.207926
v -0.041669 -0.247106 0.152761
v -0.035880 -0.155931 -0.009352
v -0.124793 -0.222173 0.002271
v -0.125175 -0.174210 -0.127512
v -0.202837 -0.248949 0.273875
v -0.197891 -0.231179 0.339376
v -0.302220 -0.184935 0.437865
v -0.276565 0.193070 0.722229
v -0.266106 0.193070 0.714001
v -0.187743 0.193070 0.674315
v -0.001186 0.193070 0.701521
v 0.063638 0.193070 0.698462
v 0.145926 0.193070 0.553385
v 0.217089 0.193070 0.544497
v 0.341487 0.193070 0.307284
v 0.359435 0.193070 0.209211
v 0.464165 0.193070 0.080672
v 0.437931 0.193070 0.132742
v 0.502466 0.047889 -0.174712
v 0.492543 -0.050614 -0.179193
v 0.218236 -0.155931 0.030093
v 0.034469 -0.155931 -0.236510
v 0.448720 -0.141947 0.107211
v 0.094374 -0.277151 -0.324831
v 0.039023 -0.281396 -0.351249
v -0.097220 -0.280420 -0.327569
v -0.121106 -0.194902 -0.240515
v -0.042179 -0.259578 0.149993
v -0.177802 -0.376742 0.173071
v -0.220487 -0.371804 0.269156
v -0.039323 -0.221318 0.074984
v -0.036197 -0.169180 -0.011359
v -0.041285 -0.226695 0.001335
v -0.041667 -0.178754 -0.128448
v -0.317634 -0.129507 0.535000
v -0.369634 -0.050614 0.519195
v -0.392212 0.047889 0.542179
v -0.337609 0.065645 0.654218
v -0.278056 0.131008 0.733609
v -0.100790 0.193070 0.837502
v -0.208701 0.193070 0.775797
v -0.149564 0.193070 0.814040
v -0.058525 0.193070 0.849459
v 0.319399 0.193070 0.416275
v 0.289212 0.193070 0.531761
v 0.437493 0.193070 0.181525
v 0.469657 0.131008 0.086570
v 0.486013 0.065645 -0.011665
v 0.125872 -0.155931 0.003546
v 0.034090 -0.155931 -0.127271
v 0.377214 -0.155931 0.064774
v 0.035234 -0.168917 -0.127979
v 0.039503 -0.191254 -0.216227
v 0.093163 -0.380857 -0.280800
v -0.001185 -0.375325 -0.309883
v -0.095534 -0.380857 -0.280800
v -0.041874 -0.191254 -0.216228
v -0.045569 -0.363364 0.138677
v -0.120617 -0.492933 0.141692
v -0.226856 -0.490948 0.200773
v -0.238188 -0.489264 0.265076
v -0.131459 -0.396013 -0.047733
v -0.043558 -0.331995 0.081932
v -0.129944 -0.268641 -0.109130
v -0.216919 -0.368443 0.341592
v -0.199545 -0.243880 0.340175
v -0.186585 -0.224151 0.426572
v -0.261300 -0.184304 0.518308
v -0.216699 0.193070 0.786136
v -0.001186 0.193070 0.854718
v 0.056154 0.193070 0.849459
v 0.124160 0.193070 0.689792
v 0.249634 0.193070 0.652192
v 0.421702 0.193070 0.293448
v 0.400524 0.193070 0.405371
v 0.450679 0.193070 0.183212
v 0.487468 0.047889 -0.010354
v 0.477731 -0.050614 -0.016111
v 0.193603 -0.207944 0.097693
v 0.125523 -0.168919 0.003985
v 0.122906 -0.168926 -0.125000
v 0.277565 -0.203914 0.139017
v 0.044417 -0.311979 -0.151985
v 0.331768 -0.196728 0.147385
v 0.094548 -0.422639 -0.259602
v 0.043338 -0.382701 -0.304312
v -0.045709 -0.382701 -0.304312
v -0.046788 -0.311979 -0.151984
v -0.127747 -0.327697 0.082902
v -0.133222 -0.473303 0.067709
v -0.192031 -0.492256 0.161233
v -0.234353 -0.487230 0.343378
v -0.046437 -0.273095 -0.110066
v -0.268216 -0.128999 0.615009
v -0.319115 -0.050614 0.628320
v -0.338597 0.047889 0.656798
v -0.279547 0.065645 0.744989
v -0.218627 0.131008 0.797547
v -0.106064 0.193070 0.849499
v -0.062078 0.193070 0.861960
v 0.098419 0.193070 0.837502
v 0.185372 0.193070 0.674315
v 0.366994 0.193070 0.516988
v 0.315450 0.193070 0.628605
v 0.434815 0.193070 0.295943
v 0.455963 0.131008 0.189907
v 0.475149 0.065645 0.092468
v 0.115009 -0.208730 0.088492
v 0.033826 -0.169180 -0.011359
v 0.039296 -0.178754 -0.128447
v 0.119602 -0.310061 -0.174310
v 0.434823 -0.133817 0.196669
v 0.042340 -0.398781 -0.308486
v -0.001185 -0.395242 -0.312213
v -0.096919 -0.422639 -0.259602
v -0.121973 -0.310061 -0.174310
v -0.048130 -0.477390 0.066724
v -0.125118 -0.549889 0.134960
v -0.234604 -0.548500 0.197148
v -0.247140 -0.547321 0.263004
v -0.243172 -0.545899 0.344273
v -0.220906 -0.484421 0.446680
v -0.204452 -0.363795 0.437132
v -0.188146 -0.236872 0.427562
v -0.161571 -0.216414 0.518387
v -0.219011 -0.181329 0.591585
v -0.156805 0.193070 0.825534
v -0.001186 0.193070 0.867733
v 0.059707 0.193070 0.861960
v 0.147193 0.193070 0.814040
v 0.206330 0.193070 0.775797
v 0.263735 0.193070 0.714001
v 0.379787 0.193070 0.521404
v 0.476560 0.047889 0.093984
v 0.467092 -0.050614 0.087328
v 0.159755 -0.243733 0.185716
v 0.036415 -0.209517 0.079291
v 0.033509 -0.155931 -0.009352
v 0.038914 -0.226695 0.001335
v 0.122422 -0.222173 0.002271
v 0.122804 -0.174210 -0.127511
v 0.192272 -0.240469 0.215480
v 0.044066 -0.273095 -0.110066
v 0.047470 -0.454091 -0.079607
v 0.358980 -0.182822 0.211081
v 0.123438 -0.452286 -0.102176
v 0.044869 -0.437991 -0.272535
v 0.044984 -0.448797 -0.285924
v -0.044711 -0.398781 -0.308486
v -0.047240 -0.437991 -0.272535
v -0.049841 -0.454091 -0.079607
v -0.049196 -0.493610 0.122149
v -0.046852 -0.400175 -0.048748
v -0.051005 -0.550363 0.114682
v -0.199226 -0.549415 0.155238
v -0.189397 -0.173386 0.643042
v -0.219413 -0.127696 0.678281
v -0.265637 -0.050614 0.714338
v -0.279930 0.047889 0.747913
v -0.220554 0.065645 0.808957
v -0.158777 0.131008 0.837037
v -0.107739 0.131008 0.861050
v -0.063484 0.131008 0.873557
v 0.103693 0.193070 0.849499
v 0.327551 0.193070 0.634135
v 0.413393 0.193070 0.408674
v 0.439913 0.131008 0.303474
v 0.461246 0.065645 0.196601
v 0.099527 -0.245420 0.169239
v 0.039298 -0.247106 0.152761
v 0.036953 -0.221318 0.074984
v 0.127573 -0.268641 -0.109130
v 0.044481 -0.400175 -0.048748
v 0.415450 -0.129976 0.284556
v 0.096904 -0.507121 -0.208721
v 0.043689 -0.435906 -0.317891
v -0.001185 -0.433009 -0.321875
v -0.099275 -0.507121 -0.208721
v -0.125809 -0.452286 -0.102176
v -0.050622 -0.547303 0.063378
v -0.049992 -0.511995 -0.026627
v -0.052946 -0.611268 0.106659
v -0.129950 -0.611009 0.127728
v -0.206950 -0.610749 0.148796
v -0.256751 -0.609602 0.260773
v -0.252641 -0.608823 0.345227
v -0.229231 -0.543935 0.451501
v -0.176961 -0.358675 0.537656
v -0.162980 -0.229137 0.519733
v -0.128648 -0.209071 0.583062
v -0.001186 0.131008 0.879547
v 0.061113 0.131008 0.873557
v 0.105368 0.131008 0.861050
v 0.154434 0.193070 0.825534
v 0.214328 0.193070 0.786136
v 0.274194 0.193070 0.722229
v 0.384242 0.131008 0.530609
v 0.418241 0.131008 0.417042
v 0.462603 0.047889 0.198321
v 0.453466 -0.050614 0.190767
v 0.193980 -0.253182 0.215283
v 0.160888 -0.256453 0.184605
v 0.039808 -0.259578 0.149993
v 0.041187 -0.331995 0.081932
v 0.129088 -0.396013 -0.047733
v 0.356220 -0.184573 0.286141
v 0.047621 -0.511995 -0.026627
v 0.125415 -0.525116 -0.085461
v 0.047391 -0.508917 -0.225366
v 0.047515 -0.515620 -0.241183
v 0.045038 -0.474880 -0.332096
v -0.046060 -0.435906 -0.317891
v -0.047355 -0.448797 -0.285924
v -0.049762 -0.508917 -0.225366
v -0.127786 -0.525116 -0.085461
v -0.242922 -0.610247 0.193251
v -0.191217 -0.481334 0.555401
v -0.152098 -0.181329 0.659919
v -0.169155 -0.128999 0.721086
v -0.208972 -0.050614 0.775721
v -0.221049 0.047889 0.811888
v -0.160749 0.065645 0.848541
v -0.109415 0.065645 0.872600
v -0.064890 0.065645 0.885154
v 0.156406 0.131008 0.837037
v 0.331394 0.131008 0.644177
v 0.445011 0.065645 0.311006
v 0.200466 -0.248949 0.273876
v 0.100167 -0.258118 0.167820
v 0.125376 -0.327697 0.082902
v 0.198724 -0.236264 0.273307
v 0.130851 -0.473303 0.067709
v 0.045759 -0.477390 0.066725
v 0.051162 -0.528938 -0.065379
v 0.392892 -0.129589 0.362713
v 0.107328 -0.556129 -0.192424
v 0.048912 -0.556603 -0.215686
v -0.001185 -0.472602 -0.336337
v -0.051283 -0.556602 -0.215686
v -0.053518 -0.528929 -0.065345
v -0.052845 -0.607374 -0.010122
v -0.052908 -0.610958 0.060311
v -0.053162 -0.618096 0.105768
v -0.130486 -0.617861 0.126924
v -0.207809 -0.617625 0.148080
v -0.257819 -0.616584 0.260525
v -0.238170 -0.607747 0.456671
v -0.198431 -0.541778 0.564371
v -0.140767 -0.353812 0.606070
v -0.130024 -0.221763 0.584689
v -0.093968 -0.208691 0.614328
v -0.001186 0.065645 0.891360
v 0.062519 0.065645 0.885154
v 0.107044 0.065645 0.872600
v 0.158378 0.065645 0.848541
v 0.216255 0.131008 0.797547
v 0.275685 0.131008 0.733609
v 0.388696 0.065645 0.539814
v 0.423088 0.065645 0.425410
v 0.446320 0.047889 0.312940
v 0.437504 -0.050614 0.300944
v 0.218116 -0.371804 0.269156
v 0.209161 -0.374584 0.207926
v 0.109219 -0.362242 0.156743
v 0.043198 -0.363364 0.138678
v 0.333189 -0.184965 0.356617
v 0.048251 -0.547303 0.063378
v 0.050459 -0.601510 -0.054851
v 0.127454 -0.600404 -0.076149
v 0.121582 -0.606668 -0.180892
v 0.047687 -0.535753 -0.356990
v -0.047409 -0.474880 -0.332096
v -0.049885 -0.515620 -0.241183
v -0.109699 -0.556129 -0.192424
v -0.129824 -0.600404 -0.076149
v -0.052830 -0.601510 -0.054851
v -0.243846 -0.617170 0.192818
v -0.253693 -0.615877 0.345333
v -0.152054 -0.478407 0.627458
v -0.104226 -0.184305 0.677923
v -0.110879 -0.129507 0.753418
v -0.151855 -0.050614 0.812993
v -0.161256 0.047889 0.851496
v -0.109846 0.047889 0.875567
v -0.065252 0.047889 0.888133
v 0.218183 0.065645 0.808957
v 0.335238 0.065645 0.654219
v 0.197174 -0.243880 0.340176
v 0.214548 -0.368443 0.341592
v 0.175431 -0.376742 0.173071
v 0.195519 -0.231179 0.339376
v 0.118246 -0.492933 0.141692
v 0.046825 -0.493610 0.122149
v 0.050474 -0.607374 -0.010122
v 0.359133 -0.129568 0.449485
v 0.299849 -0.184935 0.437865
v 0.050451 -0.607061 -0.213541
v 0.046113 -0.561851 -0.231842
v -0.001186 -0.535972 -0.360822
v -0.050057 -0.535753 -0.356990
v -0.048483 -0.561851 -0.231842
v -0.052822 -0.607061 -0.213541
v -0.123953 -0.606668 -0.180892
v -0.053162 -0.618096 -0.052100
v -0.053162 -0.618096 -0.008288
v -0.053162 -0.618096 0.059970
v -0.130486 -0.617861 0.081127
v -0.207809 -0.617625 0.102284
v -0.243846 -0.617170 0.147024
v -0.257819 -0.616584 0.174173
v -0.255030 -0.624824 0.345467
v -0.239164 -0.614901 0.457245
v -0.206178 -0.606566 0.573996
v -0.157767 -0.539733 0.638271
v -0.102834 -0.353560 0.642628
v -0.095062 -0.221349 0.616366
v -0.072143 -0.208222 0.622423
v -0.001186 0.047889 0.894395
v 0.062881 0.047889 0.888133
v 0.107475 0.047889 0.875567
v 0.158885 0.047889 0.851496
v 0.218678 0.047889 0.811888
v 0.277176 0.065645 0.744989
v 0.389840 0.047889 0.542179
v 0.424333 0.047889 0.427560
v 0.408505 -0.050614 0.410070
v 0.231982 -0.487230 0.343378
v 0.235816 -0.489264 0.265076
v 0.224485 -0.490948 0.200773
v 0.048634 -0.550362 0.114682
v 0.050537 -0.610958 0.060311
v 0.050791 -0.618096 -0.052100
v 0.127900 -0.617064 -0.073258
v 0.124325 -0.617861 -0.177800
v 0.050791 -0.618096 -0.212227
v 0.049139 -0.573188 -0.371987
v -0.126695 -0.617861 -0.177800
v -0.130271 -0.617064 -0.073258
v -0.259177 -0.625439 0.260209
v -0.111094 -0.478255 0.668962
v -0.078406 -0.184620 0.683611
v -0.082639 -0.129538 0.761826
v -0.103104 -0.050614 0.836605
v -0.060829 -0.050614 0.848711
v 0.277559 0.047889 0.747913
v 0.336225 0.047889 0.656798
v 0.185775 -0.236872 0.427562
v 0.202081 -0.363795 0.437132
v 0.218535 -0.484421 0.446680
v 0.189660 -0.492256 0.161233
v 0.184214 -0.224151 0.426573
v 0.050575 -0.611268 0.106659
v 0.050791 -0.618096 -0.008288
v 0.315262 -0.129507 0.535000
v 0.054603 -0.619404 -0.228682
v 0.050515 -0.609556 -0.229872
v -0.001185 -0.573413 -0.376066
v -0.051510 -0.573188 -0.371987
v -0.052886 -0.609556 -0.229872
v -0.053162 -0.618096 -0.212227
v -0.130487 -0.617861 -0.005185
v -0.207809 -0.617625 -0.002083
v -0.243846 -0.617170 0.003580
v -0.257819 -0.616584 0.012149
v -0.259177 -0.625439 0.173802
v -0.262513 -0.675278 0.346215
v -0.240426 -0.623974 0.457975
v -0.207039 -0.613829 0.575066
v -0.163902 -0.605446 0.649877
v -0.115274 -0.539627 0.682280
v -0.078921 -0.353249 0.651486
v -0.072874 -0.220807 0.624821
v -0.050317 -0.207753 0.630518
v -0.001186 -0.050614 0.854488
v 0.058458 -0.050614 0.848711
v 0.100732 -0.050614 0.836605
v 0.149483 -0.050614 0.812993
v 0.206600 -0.050614 0.775721
v 0.316744 -0.050614 0.628320
v 0.367263 -0.050614 0.519195
v 0.240801 -0.545899 0.344273
v 0.244769 -0.547321 0.263004
v 0.232233 -0.548499 0.197148
v 0.122747 -0.549889 0.134960
v 0.258929 -0.184304 0.518308
v 0.050791 -0.618096 0.105768
v 0.050791 -0.618096 0.059970
v 0.205438 -0.617625 -0.178323
v 0.108128 -0.617912 -0.203621
v 0.050480 -0.609793 -0.388687
v -0.056974 -0.619404 -0.228682
v -0.207809 -0.617625 -0.178324
v -0.266772 -0.675373 0.258441
v -0.085239 -0.478068 0.678544
v -0.052586 -0.184935 0.689299
v -0.054400 -0.129568 0.770233
v -0.001186 -0.129568 0.775329
v 0.263266 -0.050614 0.714338
v 0.160609 -0.229137 0.519733
v 0.174590 -0.358675 0.537656
v 0.226860 -0.543935 0.451501
v 0.196855 -0.549415 0.155238
v 0.159200 -0.216414 0.518387
v 0.127579 -0.611008 0.127728
v 0.128116 -0.617861 0.126924
v 0.128116 -0.617861 -0.005185
v 0.194910 -0.617625 -0.326691
v 0.205438 -0.617625 -0.046767
v 0.088225 -0.618273 -0.383920
v 0.265845 -0.128999 0.615009
v -0.001185 -0.610064 -0.393012
v -0.052851 -0.609793 -0.388687
v -0.110499 -0.617912 -0.203621
v -0.197281 -0.617625 -0.326691
v -0.207809 -0.617625 -0.046767
v -0.243846 -0.617170 -0.042485
v -0.257819 -0.616584 -0.036007
v -0.259177 -0.625439 0.012002
v -0.266772 -0.675373 0.171725
v -0.263861 -0.684454 0.346350
v -0.247492 -0.675145 0.462055
v -0.208133 -0.623040 0.576425
v -0.164584 -0.612813 0.651166
v -0.119763 -0.605389 0.693446
v -0.088436 -0.539497 0.692229
v -0.050813 -0.220340 0.632984
v -0.055010 -0.352938 0.660343
v -0.001186 -0.207309 0.636873
v 0.052029 -0.129568 0.770233
v 0.080268 -0.129538 0.761826
v 0.108508 -0.129507 0.753418
v 0.166784 -0.128999 0.721086
v 0.217041 -0.127696 0.678281
v 0.188846 -0.481334 0.555401
v 0.250270 -0.608823 0.345227
v 0.254380 -0.609602 0.260773
v 0.204580 -0.610749 0.148796
v 0.216640 -0.181329 0.591586
v 0.128116 -0.617861 0.081127
v 0.234974 -0.617170 -0.265126
v 0.128116 -0.617861 -0.373960
v 0.241475 -0.617170 -0.153806
v 0.050791 -0.618096 -0.393472
v -0.094917 -0.618273 -0.383920
v -0.130486 -0.617861 -0.373960
v -0.237345 -0.617170 -0.265127
v -0.243846 -0.617170 -0.153806
v -0.268140 -0.684454 0.258122
v -0.059384 -0.477882 0.688126
v -0.001186 -0.184994 0.693003
v 0.127653 -0.221763 0.584689
v 0.138396 -0.353812 0.606070
v 0.196060 -0.541778 0.564371
v 0.235799 -0.607747 0.456671
v 0.240551 -0.610248 0.193251
v 0.126277 -0.209071 0.583062
v 0.205438 -0.617625 0.102284
v 0.205438 -0.617625 -0.002083
v 0.195945 -0.626345 -0.327901
v 0.128798 -0.626550 -0.375297
v 0.241475 -0.617170 -0.042485
v 0.089205 -0.627315 -0.387168
v 0.187026 -0.173386 0.643042
v -0.001185 -0.618378 -0.397570
v -0.053162 -0.618096 -0.393472
v -0.131169 -0.626550 -0.375297
v -0.198316 -0.626345 -0.327901
v -0.257819 -0.616584 -0.116704
v -0.259177 -0.625439 -0.036173
v -0.266772 -0.675373 0.011184
v -0.268140 -0.684453 0.171351
v -0.262047 -0.684454 0.257978
v -0.248764 -0.684454 0.462790
v -0.214257 -0.675000 0.584028
v -0.165451 -0.622156 0.652813
v -0.120262 -0.612760 0.695035
v -0.091870 -0.605317 0.706919
v -0.061598 -0.539366 0.702177
v -0.001186 -0.219891 0.639407
v -0.001186 -0.477705 0.695647
v 0.050215 -0.184935 0.689299
v 0.076035 -0.184620 0.683611
v 0.101854 -0.184305 0.677923
v 0.149727 -0.181329 0.659919
v 0.149683 -0.478407 0.627458
v 0.236793 -0.614901 0.457245
v 0.251322 -0.615877 0.345333
v 0.255448 -0.616584 0.260525
v 0.241475 -0.617170 0.192818
v 0.205438 -0.617625 0.148080
v 0.236117 -0.625949 -0.265968
v 0.251910 -0.616584 -0.197400
v 0.255448 -0.616584 -0.116704
v 0.051065 -0.626756 -0.394918
v -0.001185 -0.627001 -0.399147
v -0.095897 -0.627315 -0.387168
v -0.238488 -0.625949 -0.265969
v -0.254280 -0.616584 -0.197400
v -0.262047 -0.684453 0.171351
v -0.257766 -0.684454 0.346270
v -0.257845 -0.684454 0.345380
v -0.001186 -0.352644 0.667294
v 0.047946 -0.207753 0.630518
v 0.092690 -0.221349 0.616366
v 0.100463 -0.353560 0.642628
v 0.155396 -0.539733 0.638271
v 0.203807 -0.606566 0.573996
v 0.241475 -0.617170 0.003580
v 0.241475 -0.617170 0.147024
v 0.132616 -0.675546 -0.382770
v 0.253248 -0.625439 -0.198009
v 0.201737 -0.675514 -0.334664
v 0.092310 -0.676328 -0.394649
v 0.255448 -0.616584 -0.036007
v 0.052599 -0.675578 -0.403003
v -0.053436 -0.626756 -0.394918
v -0.134986 -0.675546 -0.382770
v -0.204108 -0.675514 -0.334664
v -0.255619 -0.625439 -0.198009
v -0.259177 -0.625439 -0.117091
v -0.266772 -0.675373 -0.037098
v -0.268140 -0.684453 0.011037
v -0.262047 -0.684453 0.011037
v -0.251447 -0.684454 0.257728
v -0.251447 -0.684454 0.171351
v -0.242773 -0.684453 0.461622
v -0.215360 -0.684454 0.585397
v -0.170301 -0.674863 0.662023
v -0.120896 -0.622110 0.697054
v -0.092251 -0.612695 0.708552
v -0.063976 -0.605246 0.717262
v -0.001186 -0.539243 0.709986
v 0.052638 -0.352938 0.660343
v 0.048442 -0.220340 0.632984
v 0.069772 -0.208222 0.622423
v 0.091597 -0.208691 0.614328
v 0.108722 -0.478255 0.668962
v 0.204668 -0.613829 0.575066
v 0.252659 -0.624824 0.345467
v 0.255448 -0.616584 0.174173
v 0.260739 -0.675373 -0.201412
v 0.242513 -0.675453 -0.270672
v 0.256806 -0.625439 -0.117091
v 0.256806 -0.625439 -0.036173
v -0.001185 -0.675616 -0.407967
v -0.054970 -0.675578 -0.403003
v -0.244884 -0.675453 -0.270672
v -0.263109 -0.675373 -0.201412
v -0.251447 -0.684454 0.011037
v -0.247187 -0.684453 0.345562
v -0.247303 -0.684454 0.344257
v 0.059227 -0.539366 0.702177
v 0.057013 -0.477882 0.688126
v 0.070503 -0.220807 0.624821
v 0.076550 -0.353249 0.651486
v 0.112903 -0.539627 0.682280
v 0.161531 -0.605447 0.649877
v 0.238055 -0.623974 0.457975
v 0.256806 -0.625439 0.260209
v 0.255448 -0.616584 0.012149
v 0.133303 -0.684453 -0.384115
v 0.093169 -0.684850 -0.397424
v 0.264401 -0.675373 -0.119255
v 0.202780 -0.684454 -0.335881
v 0.052875 -0.684453 -0.404458
v 0.256806 -0.625439 0.012003
v -0.001185 -0.684453 -0.409554
v -0.099002 -0.676328 -0.394649
v -0.135674 -0.684453 -0.384115
v -0.205151 -0.684453 -0.335881
v -0.266772 -0.675373 -0.119255
v -0.268139 -0.684453 -0.037264
v -0.262047 -0.684453 -0.037264
v -0.251447 -0.684453 -0.037264
v -0.209672 -0.684454 0.583117
v -0.232350 -0.684454 0.459589
v -0.171174 -0.684453 0.663681
v -0.124446 -0.674856 0.708350
v -0.092736 -0.622053 0.710627
v -0.064240 -0.612631 0.718938
v -0.001186 -0.605178 0.725101
v 0.061605 -0.605246 0.717262
v 0.082867 -0.478068 0.678544
v 0.162213 -0.612813 0.651166
v 0.205762 -0.623040 0.576425
v 0.260142 -0.675278 0.346215
v 0.256806 -0.625439 0.173802
v 0.265769 -0.684453 -0.119644
v 0.262088 -0.684453 -0.202024
v 0.243665 -0.684453 -0.271518
v 0.264401 -0.675373 -0.037098
v 0.264401 -0.675373 0.011184
v -0.055246 -0.684454 -0.404458
v -0.246035 -0.684453 -0.271519
v -0.264458 -0.684453 -0.202024
v -0.268139 -0.684453 -0.119644
v 0.089498 -0.605317 0.706919
v 0.086065 -0.539497 0.692229
v 0.117392 -0.605389 0.693446
v 0.245120 -0.675145 0.462056
v 0.264401 -0.675373 0.258441
v 0.198271 -0.684453 -0.331659
v 0.130523 -0.684455 -0.378692
v 0.091660 -0.684850 -0.391580
v 0.265769 -0.684453 -0.037264
v 0.238007 -0.684453 -0.269104
v 0.052054 -0.684452 -0.398494
v 0.264401 -0.675373 0.171725
v -0.099861 -0.684850 -0.397424
v -0.132803 -0.684454 -0.378756
v -0.200642 -0.684453 -0.331659
v -0.262047 -0.684454 -0.119512
v -0.251447 -0.684454 -0.119281
v -0.166197 -0.684453 0.660143
v -0.199775 -0.684454 0.579152
v -0.125085 -0.684453 0.710384
v -0.095451 -0.674847 0.722234
v -0.064576 -0.621997 0.721069
v -0.001186 -0.612569 0.726780
v 0.089880 -0.612695 0.708552
v 0.117891 -0.612760 0.695035
v 0.163080 -0.622155 0.652813
v 0.211886 -0.675000 0.584028
v 0.261490 -0.684454 0.346350
v 0.259677 -0.684453 -0.037264
v 0.259677 -0.684454 -0.119512
v 0.256030 -0.684453 -0.201120
v 0.265769 -0.684453 0.011037
v -0.001185 -0.684453 -0.403512
v 0.265769 -0.684453 0.171351
v -0.054475 -0.684451 -0.398489
v -0.098292 -0.684849 -0.391581
v -0.240378 -0.684453 -0.269104
v -0.258401 -0.684453 -0.201120
v 0.061869 -0.612631 0.718938
v 0.246393 -0.684453 0.462790
v 0.265769 -0.684454 0.258122
v 0.228163 -0.684453 -0.264903
v 0.190426 -0.684453 -0.324312
v 0.125686 -0.684453 -0.369257
v 0.089035 -0.684849 -0.381411
v 0.259677 -0.684453 0.011037
v 0.245489 -0.684453 -0.199547
v 0.050625 -0.684452 -0.388116
v -0.127807 -0.684452 -0.369431
v -0.095561 -0.684849 -0.381414
v -0.192796 -0.684453 -0.324312
v -0.247860 -0.684453 -0.199547
v -0.121573 -0.684454 0.705262
v -0.157538 -0.684454 0.653985
v -0.095940 -0.684453 0.724324
v -0.066456 -0.674838 0.732988
v -0.001186 -0.621944 0.728955
v 0.062205 -0.621997 0.721069
v 0.090365 -0.622053 0.710627
v 0.118525 -0.622110 0.697054
v 0.167930 -0.674862 0.662023
v 0.212989 -0.684453 0.585397
v 0.240402 -0.684453 0.461622
v 0.255394 -0.684454 0.346270
v 0.249076 -0.684453 0.011037
v 0.249076 -0.684453 -0.037264
v 0.249076 -0.684454 -0.119281
v 0.259677 -0.684453 0.171351
v -0.001185 -0.684453 -0.393000
v 0.259677 -0.684454 0.257978
v -0.053134 -0.684453 -0.388103
v -0.230534 -0.684453 -0.264903
v 0.207301 -0.684454 0.583118
v 0.255474 -0.684453 0.345380
v 0.249076 -0.684453 0.171351
v -0.093797 -0.684454 0.718694
v -0.115461 -0.684454 0.697719
v -0.066795 -0.684453 0.735134
v -0.001186 -0.674830 0.741118
v 0.064085 -0.674838 0.732988
v 0.093080 -0.674847 0.722234
v 0.122075 -0.674856 0.708350
v 0.168803 -0.684453 0.663681
v 0.163826 -0.684453 0.660143
v 0.197404 -0.684454 0.579152
v 0.229979 -0.684453 0.459589
v 0.244816 -0.684453 0.345562
v 0.249076 -0.684454 0.257728
v 0.155167 -0.684454 0.653985
v 0.244932 -0.684454 0.344258
v -0.065322 -0.684454 0.729256
v -0.090069 -0.684454 0.708898
v -0.001186 -0.684453 0.743308
v 0.064424 -0.684453 0.735134
v 0.093569 -0.684453 0.724324
v 0.122714 -0.684453 0.710384
v 0.119202 -0.684454 0.705262
v 0.113090 -0.684454 0.696350
v -0.001186 -0.684453 0.737246
v -0.062760 -0.684454 0.719027
v 0.062951 -0.684453 0.729256
v 0.091426 -0.684454 0.718694
v 0.087698 -0.684454 0.708898
v -0.001186 -0.684454 0.726698
v 0.060388 -0.684454 0.719027
vn -0.08056003816121857 0.770161364824755 -0.6327412997289917
vn -0.45539186876223015 0.7142147941729681 -0.5315218468226013
vn -0.5887249850952497 0.7964399798365293 -0.13815299650238044
vn 0.5887249850952497 -0.7964399798365293 0.13815299650238044
vn 0.45539186876223015 -0.7142147941729681 0.5315218468226013
vn 0.08056003816121857 -0.770161364824755 0.6327412997289917
vn -0.05114397832467514 0.3251698621897901 -0.944271599808338
vn 0.05114397832467514 -0.3251698621897901 0.944271599808338
vn -0.941184543041368 0.32719784114074224 -0.08433995905173682
vn 0.941184543041368 -0.32719784114074224 0.08433995905173682
vn -0.21919797026744134 0.9434408720293302 -0.24873996626029118
vn 0.21919797026744134 -0.9434408720293302 0.24873996626029118
vn -0.0012589999024659106 0.3379229738212774 -0.9411729270878066
vn 0.0012589999024659106 -0.3379229738212774 0.9411729270878066
vn -0.748301283362668 0.3847931457113798 -0.5403512046172609
vn 0.748301283362668 -0.3847931457113798 0.5403512046172609
vn -0.9379145870841319 0.3462518475630039 0.020636990914587462
vn 0.9379145870841319 -0.3462518475630039 -0.020636990914587462
vn -0.004770998010491859 0.7807976744070475 -0.6247657394724285
vn 0.004770998010491859 -0.7807976744070475 0.6247657394724285
vn -0.6494151528246129 0.7604111789449224 -0.005899001388191345
vn 0.6494151528246129 -0.7604111789449224 0.005899001388191345
vn -0.0003919998767391861 0.04258698660890767 -0.9990926858443462
vn 0.0003919998767391861 -0.04258698660890767 0.9990926858443462
vn -0.460699963369517 0.14527498844911368 -0.8755859303817276
vn 0.460699963369517 -0.14527498844911368 0.8755859303817276
vn -0.995461881007969 0.09019998921799005 -0.030324996375116924
vn 0.995461881007969 -0.09019998921799005 0.030324996375116924
vn -0.9980559245963787 0.05628599574756503 0.026762997978042206
vn 0.9980559245963787 -0.05628599574756503 -0.026762997978042206
vn -0.014887000467012652 0.9645890302596406 -0.26333700826101347
vn 0.014887000467012652 -0.9645890302596406 0.26333700826101347
vn -0.21385488281889062 0.9765364649099202 -0.025349986109554752
vn 0.21385488281889062 -0.9765364649099202 0.025349986109554752
vn -0.00420699860247316 0.7637167463002126 -0.6455377855581929
vn 0.00420699860247316 -0.7637167463002126 0.6455377855581929
vn 0.00012100005374575532 0.03973001764726352 -0.999210443828894
vn -0.00012100005374575532 -0.03973001764726352 0.999210443828894
vn -0.9959866395853679 0.045777983434461454 0.07690897216918603
vn 0.9959866395853679 -0.045777983434461454 -0.07690897216918603
vn -0.9383927063108114 0.3367138946185005 0.0777359756709367
vn 0.9383927063108114 -0.3367138946185005 -0.0777359756709367
vn -0.6357909575412454 0.7680589487082571 0.07651999488991855
vn 0.6357909575412454 -0.7680589487082571 -0.07651999488991855
vn -0.0001720000968387478 0.3027671704626581 -0.9530645365902577
vn 0.0001720000968387478 -0.3027671704626581 0.9530645365902577
vn 0.000001999999999996 0 -1
vn -0.000001999999999996 0 1
vn 9.999999999995e-7 0 -1
vn -9.999999999995e-7 0 1
vn -0.8164969142608882 -0.4082479571304965 -0.4082479571304967
vn 0.8164969142608882 0.4082479571304965 0.4082479571304967
vn -0.7071067811865476 -0.7071067811865476 0
vn 0.7071067811865476 0.7071067811865476 0
vn -0.8306571649294884 -0.5549791101927782 0.04479800889477981
vn 0.8306571649294884 0.5549791101927782 -0.04479800889477981
vn -0.02705900778935593 0.9986482874764301 -0.04437801277490046
vn 0.02705900778935593 -0.9986482874764301 0.04437801277490046
vn -0.015204999793896232 0.9769569867573482 -0.2128939971142217
vn 0.015204999793896232 -0.9769569867573482 0.2128939971142217
vn -0.2058090953206075 0.9770274525108581 0.05531702562011423
vn 0.2058090953206075 -0.9770274525108581 -0.05531702562011423
vn -0.0012700001168514461 0.7000210644082412 -0.714121065705568
vn 0.0012700001168514461 -0.7000210644082412 0.714121065705568
vn -0.0011469994838084832 0.04259998082845827 -0.9990915503724368
vn 0.0011469994838084832 -0.04259998082845827 0.9990915503724368
vn -9.999999999995e-7 0 -1
vn 9.999999999995e-7 0 1
vn -0.9967365764378787 0 0.08072296569686375
vn 0.9967365764378787 0 -0.08072296569686375
vn -0.9928176074394993 0.05170897955424765 0.10788595734184697
vn 0.9928176074394993 -0.05170897955424765 -0.10788595734184697
vn -0.906080111766801 0.38546404754776414 0.17446002151999404
vn 0.906080111766801 -0.38546404754776414 -0.17446002151999404
vn -0.029367994251612156 0.9988678044851311 0.03742499267456386
vn 0.029367994251612156 -0.9988678044851311 -0.03742499267456386
vn -0.005561996865137086 0.9494814648515087 -0.31377382315021984
vn 0.005561996865137086 -0.9494814648515087 0.31377382315021984
vn -0.21307910915555475 0.9521944877874605 0.2189131121441813
vn 0.21307910915555475 -0.9521944877874605 -0.2189131121441813
vn -0.0014950004720098462 0.26231808282052116 -0.9649803046689372
vn 0.0014950004720098462 -0.26231808282052116 0.9649803046689372
vn 0 -1 0
vn 0 1 0
vn -9.99999999999e-7 -9.999999997769554e-7 -1
vn 0 -0.000001999999999773955 -1
vn 0 0.000001999999999773955 1
vn 9.99999999999e-7 9.999999997769554e-7 1
vn 0 0 -1
vn 0.000001999999999987 -0.000002999999999758456 -1
vn -0.000001999999999987 0.000002999999999758456 1
vn 0 0 1
vn 0.0000029999999999865 0 -1
vn -0.6508900568419056 0.38620503372709414 -0.6535960570782192
vn 0.6508900568419056 -0.38620503372709414 0.6535960570782192
vn -0.0000029999999999865 0 1
vn 0 -1 9.999999997774554e-7
vn 0 1 -9.999999997774554e-7
vn -0.7954319746062324 0.6056639806644806 0.021426999315953908
vn -0.9946279525318795 0.09642699539806997 0.037643998203459074
vn -0.991894994832723 0.1004849994765234 0.07776299959489369
vn 0.991894994832723 -0.1004849994765234 -0.07776299959489369
vn 0.9946279525318795 -0.09642699539806997 -0.037643998203459074
vn 0.7954319746062324 -0.6056639806644806 -0.021426999315953908
vn -0.5524008814730128 0.8115018258785063 0.19057295910933642
vn 0.5524008814730128 -0.8115018258785063 -0.19057295910933642
vn -0.023527988309451364 0.9989375036495548 -0.039626980310210135
vn 0.023527988309451364 -0.9989375036495548 0.039626980310210135
vn -0.02343299177254915 0.9991606491892623 0.03359898820321274
vn 0.02343299177254915 -0.9991606491892623 -0.03359898820321274
vn -0.0112240007551059 0.9980460671445495 -0.06146600413518681
vn 0.0112240007551059 -0.9980460671445495 0.06146600413518681
vn 0.01051600542063939 0.9773175037735856 0.21151810903031618
vn -0.01051600542063939 -0.9773175037735856 -0.21151810903031618
vn 0.00018699996951545444 0.3328299457423997 -0.9429868462752397
vn -0.00018699996951545444 -0.3328299457423997 0.9429868462752397
vn 0 0.9585780426643925 -0.28483001267721425
vn 0 -0.9585780426643925 0.28483001267721425
vn -0.0010060004903584595 0.04421602155237561 -0.9990214869566587
vn 0.0010060004903584595 -0.04421602155237561 0.9990214869566587
vn -0.000001999999999996 0 -1
vn 0.000001999999999996 0 1
vn -0.5305940454421983 0.8476260725940905 0
vn 0.5305940454421983 -0.8476260725940905 0
vn -0.7038920437043064 0.06732600418023821 -0.7071090439040483
vn 0.7038920437043064 -0.06732600418023821 0.7071090439040483
vn -0.995661340753702 0.093051031845651 0.000001000000342259337
vn 0.995661340753702 -0.093051031845651 -0.000001000000342259337
vn -0.9909771635612897 0.11322701868817757 0.07172101183758986
vn 0.9909771635612897 -0.11322701868817757 -0.07172101183758986
vn -0.9917795942809029 0 0.12795794765471755
vn 0.9917795942809029 0 -0.12795794765471755
vn -0.7776748904652772 0.24327696573468494 0.5796879183515422
vn 0.7776748904652772 -0.24327696573468494 -0.5796879183515422
vn -0.5128212120490508 0.7377403050519904 0.4390371815397171
vn 0.5128212120490508 -0.7377403050519904 -0.4390371815397171
vn 0.006488999311896816 0.9755708965490043 0.219588976714457
vn -0.006488999311896816 -0.9755708965490043 -0.219588976714457
vn 0.13948806643511313 0.8280203943679912 0.5430702586524786
vn -0.13948806643511313 -0.8280203943679912 -0.5430702586524786
vn -0.030372002601028042 0.8313470711957347 0.5549230475230572
vn 0.030372002601028042 -0.8313470711957347 -0.5549230475230572
vn 0 0.7255925583776567 -0.6881245811820467
vn 0 -0.7255925583776567 0.6881245811820467
vn -9.99999999995e-7 -0.0000029999999997629554 -1
vn 9.99999999995e-7 0.0000029999999997629554 1
vn -9.99999999999e-7 0.0000010000000002210446 -1
vn 9.99999999999e-7 -0.0000010000000002210446 1
vn 0.000003999999999966001 -9.999999997694556e-7 -1
vn -0.000003999999999966001 9.999999997694556e-7 1
vn -0.995121002545022 0.09866200025232806 0
vn 0.995121002545022 -0.09866200025232806 0
vn -0.9938377670300441 0.10393197563684074 0.0385309909677781
vn 0.9938377670300441 -0.10393197563684074 -0.0385309909677781
vn -0.987294563788182 0.12270094578760521 0.10096495539111797
vn 0.987294563788182 -0.12270094578760521 -0.10096495539111797
vn -0.32065206179462835 0.5497311059417149 0.7713481486507586
vn 0.32065206179462835 -0.5497311059417149 -0.7713481486507586
vn -0.014031003008177214 0.9994682142810108 0.02943500631071908
vn 0.014031003008177214 -0.9994682142810108 -0.02943500631071908
vn -0.002141000200927526 0.9816300921235345 0.1907820179044165
vn 0.002141000200927526 -0.9816300921235345 -0.1907820179044165
vn 0 0.9982530144422256 -0.059084000854797564
vn 0 -0.9982530144422256 0.059084000854797564
vn 0.11217502031069145 0.7934151436577423 0.5982551083215756
vn -0.11217502031069145 -0.7934151436577423 -0.5982551083215756
vn 0.0022289991060322253 0.7303217070954091 -0.6830997260343709
vn -0.0022289991060322253 -0.7303217070954091 0.6830997260343709
vn -0.000020999999686197006 0.040832999389832716 -0.9991659850694627
vn 0.000020999999686197006 -0.040832999389832716 0.9991659850694627
vn 0 -9.999999997774554e-7 -1
vn 0 9.999999997774554e-7 1
vn -0.7036039925326508 0.07027299925419281 -0.7071089924954522
vn 0.7036039925326508 -0.07027299925419281 0.7071089924954522
vn -0.9897296918056449 0.12962695963514323 0.060265981233628384
vn 0.9897296918056449 -0.12962695963514323 -0.060265981233628384
vn -0.982809220004817 0.14525703251622613 0.11395802550984878
vn 0.982809220004817 -0.14525703251622613 -0.11395802550984878
vn -0.21957206385156544 0 0.9755962837034405
vn 0.21957206385156544 0 -0.9755962837034405
vn 0.25736998702392033 0.16991999143297387 0.9512559520395787
vn -0.25736998702392033 -0.16991999143297387 -0.9512559520395787
vn 0 0.9998709495735097 0.01606499918979414
vn 0 -0.9998709495735097 -0.01606499918979414
vn 0.03687299989242303 0.85339499751022 0.5199589984830197
vn -0.03687299989242303 -0.85339499751022 -0.5199589984830197
vn 0.011603005521419124 0.9983654750833063 -0.05596202663015207
vn -0.011603005521419124 -0.9983654750833063 0.05596202663015207
vn 0.29434103050182675 0.3625080375658034 0.8842800916357401
vn -0.29434103050182675 -0.3625080375658034 -0.8842800916357401
vn 0.18552389947779832 0.44174076065211004 0.87775052440944
vn -0.18552389947779832 -0.44174076065211004 -0.87775052440944
vn -0.00028700006205659514 0.26025005627257475 -0.9655412087741705
vn 0.00028700006205659514 -0.26025005627257475 0.9655412087741705
vn 0.009350999950388269 0.9698389948545192 -0.24356699870775506
vn -0.009350999950388269 -0.9698389948545192 0.24356699870775506
vn 0 -0.0000029999999997644555 -1
vn 0 0.0000029999999997644555 1
vn 0 0.0000020000000002180444 -1
vn 0 -0.0000020000000002180444 1
vn 0 0.0000030000000002085447 -1
vn 0 -0.0000030000000002085447 1
vn -9.999999999975e-7 0.0000020000000002170445 -1
vn 9.999999999975e-7 -0.0000020000000002170445 1
vn -0.9941755747583899 0.10530695495674988 0.022920990195938223
vn 0.9941755747583899 -0.10530695495674988 -0.022920990195938223
vn -0.5414260446876833 0.21055101737824986 0.8139570671815773
vn 0.5414260446876833 -0.21055101737824986 -0.8139570671815773
vn 0 0.9740657941891729 0.22626495219237036
vn 0 -0.9740657941891729 -0.22626495219237036
vn 0.08430895525632191 0.38160979747553625 0.9204705114963041
vn -0.08430895525632191 -0.38160979747553625 -0.9204705114963041
vn 0.20941097775950832 0.2615749722194313 0.9421918999345148
vn -0.20941097775950832 -0.2615749722194313 -0.9421918999345148
vn 0.0013119998138088717 0.33624995228142784 -0.9417718663493968
vn -0.0013119998138088717 -0.33624995228142784 0.9417718663493968
vn 0.0007580002486282915 0.04252001394680095 -0.9990953277088164
vn -0.0007580002486282915 -0.04252001394680095 0.9990953277088164
vn 0.012098000938623439 0.9621490746483391 -0.27225502112290645
vn -0.012098000938623439 -0.9621490746483391 0.27225502112290645
vn 9.99999999999e-7 -9.999999997769554e-7 -1
vn -9.99999999999e-7 9.999999997769554e-7 1
vn 0.000001999999999995 -9.999999997754553e-7 -1
vn -0.000001999999999995 9.999999997754553e-7 1
vn -0.7035470597107449 0.07086000601395998 -0.7071070600128858
vn 0.7035470597107449 -0.07086000601395998 0.7071070600128858
vn -0.9949588545683673 0.10028398534164136 0
vn 0.9949588545683673 -0.10028398534164136 0
vn -0.9910179112008352 0.1232219889588174 0.05195999534417682
vn 0.9910179112008352 -0.1232219889588174 -0.05195999534417682
vn -0.9759043184098177 0.1930040629717354 0.10178503320956092
vn 0.9759043184098177 -0.1930040629717354 -0.10178503320956092
vn -0.564733100659731 0.47344808438881425 0.6759611204853488
vn 0.564733100659731 -0.47344808438881425 -0.6759611204853488
vn 0.36593186080174217 0 0.930641645989569
vn -0.36593186080174217 0 -0.930641645989569
vn 0.3855728680336599 0.05047598272406766 0.9212956846769321
vn -0.3855728680336599 -0.05047598272406766 -0.9212956846769321
vn 0.014031003421172967 0.9994682436998719 0.02943400717688035
vn -0.014031003421172967 -0.9994682436998719 -0.02943400717688035
vn 0 0.7453038963874868 0.6667249073115766
vn 0 -0.7453038963874868 -0.6667249073115766
vn 0.021146997909904843 0.9985199013097925 -0.050107995047501165
vn -0.021146997909904843 -0.9985199013097925 0.050107995047501165
vn 0.289535899469534 0.00544499810942871 0.9571516676650343
vn -0.289535899469534 -0.00544499810942871 -0.9571516676650343
vn 0.004100000349906345 0.7754830661820542 -0.6313550538817364
vn -0.004100000349906345 -0.7754830661820542 0.6313550538817364
vn -0.9951420966437269 0.09844900956092524 -0.000002000000194209168
vn 0.9951420966437269 -0.09844900956092524 0.000002000000194209168
vn -0.9948836742741435 0.09773896800016939 0.025564991629997567
vn 0.9948836742741435 -0.09773896800016939 -0.025564991629997567
vn 0.37058007988873576 0.3495310753510433 0.8605221855092414
vn -0.37058007988873576 -0.3495310753510433 -0.8605221855092414
vn 0.3909360437971539 0.10402001165351839 0.9145211024551768
vn -0.3909360437971539 -0.10402001165351839 -0.9145211024551768
vn 0.002140999792462195 0.9816299048457098 0.19078298150645281
vn -0.002140999792462195 -0.9816299048457098 -0.19078298150645281
vn -0.03687299989242303 0.85339499751022 0.5199589984830197
vn 0.03687299989242303 -0.85339499751022 -0.5199589984830197
vn 0.1341130393428035 -0.002726000799687665 0.990962290704281
vn -0.1341130393428035 0.002726000799687665 -0.990962290704281
vn -0.011260006242521041 0.2629691457894772 0.9647385348487802
vn 0.011260006242521041 -0.2629691457894772 -0.9647385348487802
vn 0.003979998508302808 0.7411807222066291 -0.671293748400157
vn -0.003979998508302808 -0.7411807222066291 0.671293748400157
vn 0.000917000277569607 0.03969801201631239 -0.9992113024543126
vn -0.000917000277569607 -0.03969801201631239 0.9992113024543126
vn 0.014887000467012652 0.9645890302596406 -0.26333700826101347
vn -0.014887000467012652 -0.9645890302596406 0.26333700826101347
vn 0.027058008521217616 0.9986483144983713 -0.04437801397570365
vn -0.027058008521217616 -0.9986483144983713 0.04437801397570365
vn 0.000001999999999992 -0.0000019999999997699555 -1
vn -0.000001999999999992 0.0000019999999997699555 1
vn 9.99999999999e-7 0.0000010000000002210446 -1
vn -9.99999999999e-7 -0.0000010000000002210446 1
vn -0.7037851620131224 0.06843301575345327 -0.7071091627783157
vn 0.7037851620131224 -0.06843301575345327 0.7071091627783157
vn -9.999999999995e-7 -1 0
vn 9.999999999995e-7 1 0
vn 0 -1 -0.0000020000000002180444
vn 0 1 0.0000020000000002180444
vn -0.9940656333484024 0.0957979646658373 0.05153898099034001
vn 0.9940656333484024 -0.0957979646658373 -0.05153898099034001
vn -0.9816993990191647 0.17367207059032996 0.07813003175654389
vn 0.9816993990191647 -0.17367207059032996 -0.07813003175654389
vn -0.5742422284663358 0.7083612818265504 0.4104511633009011
vn 0.5742422284663358 -0.7083612818265504 -0.4104511633009011
vn 0.3374709726282367 0.7258739411254557 0.5993499513876265
vn -0.3374709726282367 -0.7258739411254557 -0.5993499513876265
vn 0.38888408124547635 0.23207604848521693 0.8915771862678795
vn -0.38888408124547635 -0.23207604848521693 -0.8915771862678795
vn 0.3755488399767956 0 0.92680260508486
vn -0.3755488399767956 0 -0.92680260508486
vn 0.02343299177254915 0.9991606491892623 0.03359898820321274
vn -0.02343299177254915 -0.9991606491892623 -0.03359898820321274
vn -0.10276195107417327 0.3817828182299981 0.9185215626841807
vn 0.10276195107417327 -0.3817828182299981 -0.9185215626841807
vn 0.017026008333143453 -0.0010560005168450174 0.9998544893649015
vn -0.017026008333143453 0.0010560005168450174 -0.9998544893649015
vn 0.23578600049255696 -0.000001000000002304784 0.9718050020301008
vn -0.23578600049255696 0.000001000000002304784 -0.9718050020301008
vn 0.0011710000192553388 0.3052360050191485 -0.9522760156587506
vn -0.0011710000192553388 -0.3052360050191485 0.9522760156587506
vn 0 -1 -0.0000010000000002215446
vn 0 1 0.0000010000000002215446
vn 9.999999999915002e-7 0.000004000000000188045 -1
vn -9.999999999915002e-7 -0.000004000000000188045 1
vn 0 0.0000010000000002215446 -1
vn 0 -0.0000010000000002215446 1
vn -0.9957080379543999 0.09255000352782111 0
vn 0.9957080379543999 -0.09255000352782111 0
vn -0.9951492631050606 0.09322002464621251 0.03143200831023122
vn 0.9951492631050606 -0.09322002464621251 -0.03143200831023122
vn 0.3972421656768314 0.5856012442352977 0.7065902946959093
vn -0.3972421656768314 -0.5856012442352977 -0.7065902946959093
vn 0.36395205770096384 0.03925400622333043 0.9305901475357737
vn -0.36395205770096384 -0.03925400622333043 -0.9305901475357737
vn -0.006488999311896816 0.9755708965490043 0.219588976714457
vn 0.006488999311896816 -0.9755708965490043 -0.219588976714457
vn -0.11217502031069145 0.7934151436577423 0.5982551083215756
vn 0.11217502031069145 -0.7934151436577423 -0.5982551083215756
vn 0.09411196403079068 -0.0000019999992358294975 0.995561619500404
vn -0.09411196403079068 0.0000019999992358294975 -0.995561619500404
vn -0.09333302471860151 -0.0027080007171953495 0.9956312636860055
vn 0.09333302471860151 0.0027080007171953495 -0.9956312636860055
vn 0.21919701831500762 0.9434410788292226 -0.24874002078347307
vn -0.21919701831500762 -0.9434410788292226 0.24874002078347307
vn 0.0805580068571784 0.7701650655572234 -0.6327370538592129
vn -0.0805580068571784 -0.7701650655572234 0.6327370538592129
vn 0.00036900002318482567 0.040976002574584 -0.9991600627787274
vn -0.00036900002318482567 -0.040976002574584 0.9991600627787274
vn -0.0000029999999999865 0 -1
vn 0.0000029999999999865 0 1
vn 0.21385509165606642 0.9765364185333449 -0.025350010864750593
vn -0.21385509165606642 -0.9765364185333449 0.025350010864750593
vn 0.029367994251612156 0.9988678044851311 0.03742499267456386
vn -0.029367994251612156 -0.9988678044851311 -0.03742499267456386
vn 0 -0.000003999999999745955 -1
vn 0 0.000003999999999745955 1
vn 9.999999999975e-7 -0.0000019999999997729553 -1
vn -9.999999999975e-7 0.0000019999999997729553 1
vn -0.5523179887633668 0.051341998955472895 -0.8320509830723389
vn 0.5523179887633668 -0.051341998955472895 0.8320509830723389
vn 0 -1 -0.0000030000000002085447
vn 0 1 0.0000030000000002085447
vn 0 1 0.000005000000000159545
vn 0 -1 -0.000005000000000159545
vn -9.999999999989998e-7 -1 9.999999997769552e-7
vn 9.999999999989998e-7 1 -9.999999997769552e-7
vn -0.9944708254057449 0.09086698404693934 0.05263999075826086
vn 0.9944708254057449 -0.09086698404693934 -0.05263999075826086
vn -0.9929614389193383 0.09451704177942447 0.07137303154906383
vn 0.9929614389193383 -0.09451704177942447 -0.07137303154906383
vn -0.7325391580870951 0.6649041434909839 0.14590703148776227
vn 0.7325391580870951 -0.6649041434909839 -0.14590703148776227
vn 0.10943499960805855 0.9725029965169806 0.20557699926372622
vn -0.10943499960805855 -0.9725029965169806 -0.20557699926372622
vn 0.2411820064616278 0.9292380248956807 0.2799070074991289
vn -0.2411820064616278 -0.9292380248956807 -0.2799070074991289
vn 0.20528198773101444 0.575627965596732 0.7915249526933255
vn -0.20528198773101444 -0.575627965596732 -0.7915249526933255
vn 0.23494804827090382 0.24949505125963659 0.9394421930117066
vn -0.23494804827090382 -0.24949505125963659 -0.9394421930117066
vn -0.2456099604355543 0.2779119552321392 0.9286768504027086
vn 0.2456099604355543 -0.2779119552321392 -0.9286768504027086
vn -0.01781300598294439 0 0.999841335821765
vn 0.01781300598294439 0 -0.999841335821765
vn -0.23516002324827381 -0.00854600084487072 0.9719190960853845
vn 0.23516002324827381 0.00854600084487072 -0.9719190960853845
vn 0.22468607511121935 0.1108960370718858 0.9681003236301837
vn -0.22468607511121935 -0.1108960370718858 -0.9681003236301837
vn 0.09114999668842953 0.2821209897502623 0.9550389653024801
vn 0.08471902284508062 0.18094104879202674 0.9798382642202824
vn -0.08471902284508062 -0.18094104879202674 -0.9798382642202824
vn -0.09114999668842953 -0.2821209897502623 -0.9550389653024801
vn 0.0524610051878166 0.3020260298670538 -0.9518550941280031
vn -0.0524610051878166 -0.3020260298670538 0.9518550941280031
vn -9.999999999975e-7 -0.0000019999999997729553 -1
vn 9.999999999975e-7 0.0000019999999997729553 1
vn -0.9995283092091278 0.00565900175064075 0.030185009337885007
vn 0.9995283092091278 -0.00565900175064075 -0.030185009337885007
vn 0.11216693758012611 0.9303024822951852 0.3492218056612624
vn -0.11216693758012611 -0.9303024822951852 -0.3492218056612624
vn -0.010517005310552654 0.9773174934956155 0.21151810680588368
vn 0.010517005310552654 -0.9773174934956155 -0.21151810680588368
vn -0.29887600158404276 0.3962180020999552 0.8681500046011951
vn 0.29887600158404276 -0.3962180020999552 -0.8681500046011951
vn 9.999999999995e-7 -1 0
vn -9.999999999995e-7 1 0
vn 0 0.22695812085750092 0.9739045186140335
vn 0 0.26731598012011204 0.9636089283378522
vn 0 -0.26731598012011204 -0.9636089283378522
vn 0 -0.22695812085750092 -0.9739045186140335
vn -0.13476199949275583 0 0.9908779962703352
vn 0.13476199949275583 0 -0.9908779962703352
vn 0.588723862807928 0.7964408144030292 -0.13815296780580302
vn -0.588723862807928 -0.7964408144030292 0.13815296780580302
vn 0.6494140769101137 0.7604120900556091 -0.0059000006987369544
vn -0.6494140769101137 -0.7604120900556091 0.0059000006987369544
vn 0.45539393809807843 0.7142149029164178 -0.5315199277502352
vn -0.45539393809807843 -0.7142149029164178 0.5315199277502352
vn 0.0232979956013272 0.07838598520068842 -0.9966508118318461
vn -0.0232979956013272 -0.07838598520068842 0.9966508118318461
vn 0.2058091067052578 0.9770275065566516 0.05531602867954309
vn -0.2058091067052578 -0.9770275065566516 -0.05531602867954309
vn 9.99999999975e-7 -0.000006999999999602955 -1
vn -9.99999999975e-7 0.000006999999999602955 1
vn -0.000003999999999968 0 -1
vn 0.000003999999999968 0 1
vn -0.8935190518303611 -0.007655000444043524 -0.448960026042825
vn 0.8935190518303611 0.007655000444043524 0.448960026042825
vn -0.9995976610864704 -0.02836399038319069 0
vn 0.9995976610864704 0.02836399038319069 0
vn -0.9985598426524445 -0.008434998670859417 0.05298199165138981
vn 0.9985598426524445 0.008434998670859417 -0.05298199165138981
vn -0.9933862494532257 0.08962602250635181 0.07177001802245857
vn 0.9933862494532257 -0.08962602250635181 -0.07177001802245857
vn -0.9907453212898433 0.09556803099185736 0.09638703125745186
vn 0.9907453212898433 -0.09556803099185736 -0.09638703125745186
vn 0.05696498439666629 0.9228057472333895 0.38103089563146086
vn -0.05696498439666629 -0.9228057472333895 -0.38103089563146086
vn 0.0862029894502202 0.5519059324561002 0.8294388984907858
vn -0.0862029894502202 -0.5519059324561002 -0.8294388984907858
vn -0.13948795093616806 0.828020708749977 0.5430698089793016
vn 0.13948795093616806 -0.828020708749977 -0.5430698089793016
vn -0.36877890604344427 0.015804995973242947 0.9293827632142132
vn 0.36877890604344427 -0.015804995973242947 -0.9293827632142132
vn -0.08471998500909653 0.18094296798277776 0.9798378266211415
vn 0.08471998500909653 -0.18094296798277776 -0.9798378266211415
vn -0.29578002455920804 0 0.9552560793168261
vn 0.29578002455920804 0 -0.9552560793168261
vn 0 0.48672510619126147 0.8735551905879245
vn 0 -0.48672510619126147 -0.8735551905879245
vn 0.63579209028598 0.7680581090684836 0.07651901086612134
vn -0.63579209028598 -0.7680581090684836 -0.07651901086612134
vn 0.5002969279559968 0.38196394499624114 -0.7770498881028814
vn -0.5002969279559968 -0.38196394499624114 0.7770498881028814
vn 9.999999999989998e-7 -1 9.999999997769552e-7
vn -9.999999999989998e-7 1 -9.999999997769552e-7
vn 0.000001999999999987 0.000003000000000202545 -1
vn -0.000001999999999987 -0.000003000000000202545 1
vn -0.7033818568262858 -0.07246398524992091 -0.7071088560676534
vn 0.7033818568262858 0.07246398524992091 0.7071088560676534
vn -0.9942931385219467 -0.10362101443616988 0.02537400353503027
vn 0.9942931385219467 0.10362101443616988 -0.02537400353503027
vn -0.9934797988829502 -0.1018069793905026 0.05131498961194847
vn 0.9934797988829502 0.1018069793905026 -0.05131498961194847
vn -0.6671142400834508 0.7411662667335581 0.07504102700603246
vn 0.6671142400834508 -0.7411662667335581 -0.07504102700603246
vn 0.2130800637530319 0.9521942848941921 0.21891306549825193
vn -0.2130800637530319 -0.9521942848941921 -0.21891306549825193
vn -0.35523499006247894 0.07738999783505333 0.931567973939852
vn 0.35523499006247894 -0.07738999783505333 -0.931567973939852
vn -0.15850304491905604 0.51947814721779 0.8396542379542665
vn 0.15850304491905604 -0.51947814721779 -0.8396542379542665
vn -0.09114999668842953 0.2821209897502623 0.9550389653024801
vn 0.09114999668842953 -0.2821209897502623 -0.9550389653024801
vn -0.2246860501943075 0.11089702477412065 0.9681002162711922
vn 0.2246860501943075 -0.11089702477412065 -0.9681002162711922
vn 0.9289832846549213 0.3594561101429406 -0.08821202702953643
vn -0.9289832846549213 -0.3594561101429406 0.08821202702953643
vn 0.9366802022929719 0.3501200756147407 0.0067920014668552105
vn -0.9366802022929719 -0.3501200756147407 -0.0067920014668552105
vn 0.9380109261883922 0.33792697340869643 0.07707699393485021
vn -0.9380109261883922 -0.33792697340869643 -0.07707699393485021
vn 0.8664949521881096 0.14843599180952496 -0.4766059737015979
vn -0.8664949521881096 -0.14843599180952496 0.4766059737015979
vn 0.4082519571268105 -0.40824795712723044 -0.8164949142545663
vn -0.4082519571268105 0.40824795712723044 0.8164949142545663
vn 0.6508911359366752 0.3862030806573634 -0.6535961365016064
vn -0.6508911359366752 -0.3862030806573634 0.6535961365016064
vn 0.7038907332655843 0.067321974488814 -0.7071107320453885
vn -0.7038907332655843 -0.067321974488814 0.7071107320453885
vn 0.7036028417298356 0.07027598419194636 -0.7071098409409625
vn -0.7036028417298356 -0.07027598419194636 0.7071098409409625
vn 9.99999999995e-7 -0.0000029999999997629554 -1
vn -9.99999999995e-7 0.0000029999999997629554 1
vn -0.9946170627349757 -0.10361900653571722 0.0000010000000630514978
vn 0.9946170627349757 0.10361900653571722 -0.0000010000000630514978
vn -0.9903380908080651 -0.11613201064860909 0.07578800694930579
vn 0.9903380908080651 0.11613201064860909 -0.07578800694930579
vn -0.9968968362786491 -0.00809299867087886 0.0783019871403874
vn 0.9968968362786491 0.00809299867087886 -0.0783019871403874
vn -0.9911691270708639 0.09063701161993754 0.0967920124090272
vn 0.9911691270708639 -0.09063701161993754 -0.0967920124090272
vn -0.9885266059125791 0.0960369617137684 0.11658495352207685
vn 0.9885266059125791 -0.0960369617137684 -0.11658495352207685
vn 0 0.9095849633669212 0.4155179832652216
vn 0 -0.9095849633669212 -0.4155179832652216
vn 0.030370986669782055 0.8313466351112343 0.554923756436803
vn -0.030370986669782055 -0.8313466351112343 -0.554923756436803
vn -0.3965109892898418 -9.999999731928446e-7 0.9180299752030927
vn 0.3965109892898418 9.999999731928446e-7 -0.9180299752030927
vn -0.23494905168867958 0.24949405488857312 0.9394422066768384
vn 0.23494905168867958 -0.24949405488857312 -0.9394422066768384
vn -0.0862029894502202 0.5519059324561002 0.8294388984907858
vn 0.0862029894502202 -0.5519059324561002 -0.8294388984907858
vn 0.925221593791726 0.3426248495743617 0.16301292843098272
vn -0.925221593791726 -0.3426248495743617 -0.16301292843098272
vn 0.5524007762001187 0.8115016712278738 0.19057392279080143
vn -0.5524007762001187 -0.8115016712278738 -0.19057392279080143
vn 0.7035470098570453 0.0708610009927982 -0.7071070099069228
vn -0.7035470098570453 -0.0708610009927982 0.7071070099069228
vn 0.00000199999999996 0.000006000000000102045 -1
vn -0.00000199999999996 -0.000006000000000102045 1
vn 9.99999999987e-7 0.0000050000000001570446 -1
vn -9.99999999987e-7 -0.0000050000000001570446 1
vn 0 -0.7999999999999999 -0.6000000000000002
vn 0 0.7999999999999999 0.6000000000000002
vn -0.000001000000353749688 -0.5547001962249517 -0.8320502943374279
vn 0.000001000000353749688 0.5547001962249517 0.8320502943374279
vn 9.999999999995e-7 -0.7999999999995999 -0.5999999999997002
vn -9.999999999995e-7 0.7999999999995999 0.5999999999997002
vn 0 -0.7071072811865695 -0.707106281186172
vn 0 0.7071072811865695 0.707106281186172
vn -0.39957587367250924 -0.44183586031184735 -0.8031937460671247
vn 0.39957587367250924 0.44183586031184735 0.8031937460671247
vn -0.6707481614058386 -0.7416851784758052 0
vn 0.6707481614058386 0.7416851784758052 0
vn -0.6704610760426938 -0.7418610841407761 0.01113900126336872
vn 0.6704610760426938 0.7418610841407761 -0.01113900126336872
vn -0.6702499398259685 -0.7413639334414611 0.03383099696270381
vn 0.6702499398259685 0.7413639334414611 -0.03383099696270381
vn -0.6694536149514793 -0.7403885741519369 0.06046996521959065
vn 0.6694536149514793 0.7403885741519369 -0.06046996521959065
vn -0.6652161663619361 0.7412371853738071 0.08974902244506673
vn 0.6652161663619361 -0.7412371853738071 -0.08974902244506673
vn -0.36395205770096384 0.03925400622333043 0.9305901475357737
vn 0.36395205770096384 -0.03925400622333043 -0.9305901475357737
vn -0.3133009629802037 -0.000001999999763889907 0.9496538877884283
vn 0.3133009629802037 0.000001999999763889907 -0.9496538877884283
vn 0.2839299984443476 0.26241699856221706 0.9222369949470637
vn -0.2839299984443476 -0.26241699856221706 -0.9222369949470637
vn 0.5789970463906926 0.5320450426287805 0.6178110495005679
vn -0.5789970463906926 -0.5320450426287805 -0.6178110495005679
vn 0.9986277118634913 0.0523549848938875 -0.0012839996295244186
vn -0.9986277118634913 -0.0523549848938875 0.0012839996295244186
vn 0.9975177059273348 0.04964598536414225 0.049936985278354204
vn -0.9975177059273348 -0.04964598536414225 -0.049936985278354204
vn 0.9955289866554318 0.04331799941934386 0.08393799887485312
vn -0.9955289866554318 -0.04331799941934386 -0.08393799887485312
vn 0.7071067811865476 -0.7071067811865476 0
vn -0.7071067811865476 0.7071067811865476 0
vn 0.5305940454421983 0.8476260725940905 0
vn -0.5305940454421983 -0.8476260725940905 0
vn 0.83156280316495 -0.5549788686337425 0.022399994697809757
vn -0.83156280316495 0.5549788686337425 -0.022399994697809757
vn 0.7954319746062324 0.6056639806644806 0.021426999315953908
vn -0.7954319746062324 -0.6056639806644806 -0.021426999315953908
vn 0.9956615347050712 0.09304895651613919 0
vn -0.9956615347050712 -0.09304895651613919 0
vn 0.995121002545022 0.09866200025232806 0
vn -0.995121002545022 -0.09866200025232806 0
vn 0.9949586550095881 0.10028596522700087 0
vn -0.9949586550095881 -0.10028596522700087 0
vn 9.999997990490605e-7 -0.5547008885323127 -0.8320498327987709
vn -9.999997990490605e-7 0.5547008885323127 0.8320498327987709
vn -0.6846499365599974 -0.7262859327019854 0.06134499431574225
vn 0.6846499365599974 0.7262859327019854 -0.06134499431574225
vn -0.9844915768513361 -0.14021793973230934 0.10542895468511626
vn 0.9844915768513361 0.14021793973230934 -0.10542895468511626
vn -0.9950298029796408 -0.0074699985209068466 0.099296980338753
vn 0.9950298029796408 0.0074699985209068466 -0.099296980338753
vn -0.9888902546689401 0.09111802346562758 0.11744603024588007
vn 0.9888902546689401 -0.09111802346562758 -0.11744603024588007
vn -0.9861600837437317 0.0961210081625002 0.13508901147162425
vn 0.9861600837437317 -0.0961210081625002 -0.13508901147162425
vn 0.5128202498860867 0.7377403594847343 0.43903821393371506
vn -0.5128202498860867 -0.7377403594847343 -0.43903821393371506
vn -0.38888399099461357 0.23207699462579293 0.8915769793537521
vn 0.38888399099461357 -0.23207699462579293 -0.8915769793537521
vn -0.3909371264881186 0.1040230336567618 0.9145202958940041
vn 0.3909371264881186 -0.1040230336567618 -0.9145202958940041
vn -0.20528198773101444 0.575627965596732 0.7915249526933255
vn 0.20528198773101444 -0.575627965596732 -0.7915249526933255
vn -0.0569650061020633 0.9228060988505331 0.38103004081574987
vn 0.0569650061020633 -0.9228060988505331 -0.38103004081574987
vn 0.9851389845466174 0.09445399851834733 0.14345599774967754
vn -0.9851389845466174 -0.09445399851834733 -0.14345599774967754
vn 0.9951421946159974 0.0984480192530872 0
vn -0.9951421946159974 -0.0984480192530872 0
vn 0.7037862125139093 0.06843202066359937 -0.7071082135170141
vn -0.7037862125139093 -0.06843202066359937 0.7071082135170141
vn -0.000001999999999932 0.000007999999999950045 -1
vn 0.000001999999999932 -0.000007999999999950045 1
vn 0 0.000008999999999857545 -1
vn 0 -0.000008999999999857545 1
vn 0 -0.7999995200000319 -0.6000006399994242
vn 0 0.7999995200000319 0.6000006399994242
vn -0.0237670043727727 -0.9996291839167923 0.013290002445161103
vn 0.0237670043727727 0.9996291839167923 -0.013290002445161103
vn -0.5632780358994001 0.8215050523569831 0.08858500564578851
vn 0.5632780358994001 -0.8215050523569831 -0.08858500564578851
vn -0.37058081302924195 0.34953182364918045 0.8605215658372917
vn 0.37058081302924195 -0.34953182364918045 -0.8605215658372917
vn 0.8043005687623012 0 0.5942226813986814
vn -0.8043005687623012 0 -0.5942226813986814
vn 0.9967365764378787 0 0.08072296569686375
vn -0.9967365764378787 0 -0.08072296569686375
vn 0.9945392693759703 0 0.10436302826725186
vn -0.9945392693759703 0 -0.10436302826725186
vn 0.991894994832723 0.1004849994765234 0.07776299959489369
vn 0.9946281069056185 0.09642501036404993 0.03764500404619821
vn -0.9946281069056185 -0.09642501036404993 -0.03764500404619821
vn -0.991894994832723 -0.1004849994765234 -0.07776299959489369
vn 0.9872944388559309 0.12270105454106027 0.10096604487977032
vn 0.9909771635612897 0.11322701868817757 0.07172101183758986
vn -0.9909771635612897 -0.11322701868817757 -0.07172101183758986
vn -0.9872944388559309 -0.12270105454106027 -0.10096604487977032
vn 0.9941753765410126 0.10530903988549048 0.022920008680886193
vn -0.9941753765410126 -0.10530903988549048 -0.022920008680886193
vn -0.15879205163592833 -0.9648443137476425 -0.20942906810205092
vn 0.15879205163592833 0.9648443137476425 0.20942906810205092
vn -0.8259946252194788 -0.5467237519337215 0.1372079377443134
vn 0.8259946252194788 0.5467237519337215 -0.1372079377443134
vn -0.9787017712598063 -0.158825962879518 0.13006596960124525
vn 0.9787017712598063 0.158825962879518 -0.13006596960124525
vn -0.9924209919430304 -0.0069799999433328985 0.12268599900397374
vn 0.9924209919430304 0.0069799999433328985 -0.12268599900397374
vn -0.9865306675323153 0.09119296926733615 0.13579795423514657
vn 0.9865306675323153 -0.09119296926733615 -0.13579795423514657
vn -0.9817782005704343 0.09783101998619455 0.16291303328199572
vn 0.9817782005704343 -0.09783101998619455 -0.16291303328199572
vn -0.3972430078753427 0.58560101160954 0.7065900140081472
vn 0.3972430078753427 -0.58560101160954 -0.7065900140081472
vn 0.5414251098326969 0.21055304271247854 0.8139571651181464
vn -0.5414251098326969 -0.21055304271247854 -0.8139571651181464
vn -0.11216605451024811 0.930302452106635 0.3492221697143331
vn 0.11216605451024811 -0.930302452106635 -0.3492221697143331
vn 0.982809220004817 0.14525703251622613 0.11395802550984878
vn -0.982809220004817 -0.14525703251622613 -0.11395802550984878
vn 0.9938375987381506 0.10393395803667291 0.038529984443521945
vn -0.9938375987381506 -0.10393395803667291 -0.038529984443521945
vn 0.9948837715125319 0.09773797755325431 0.02556499412868023
vn -0.9948837715125319 -0.09773797755325431 -0.02556499412868023
vn 0.9957082222580314 0.0925480206582013 0
vn -0.9957082222580314 -0.0925480206582013 0
vn 0.5523160825999809 0.05134400767859979 -0.8320521244350685
vn -0.5523160825999809 -0.05134400767859979 0.8320521244350685
vn 0 0.000007999999999966044 -1
vn 0 -0.000007999999999966044 1
vn -9.999996905506437e-7 -0.707106781186194 -0.7071067811861942
vn 9.999996905506437e-7 0.707106781186194 0.7071067811861942
vn 0.007413996062071866 -0.8721335367681392 -0.48921174015623187
vn -0.007413996062071866 0.8721335367681392 0.48921174015623187
vn -0.223085904022553 -0.9333955984285649 -0.2810788790724439
vn 0.223085904022553 0.9333955984285649 0.2810788790724439
vn -0.34328606460215233 -0.931198175239873 -0.12257502306708953
vn 0.34328606460215233 0.931198175239873 0.12257502306708953
vn -0.08217102528082368 -0.9703812985485266 -0.22717406989261246
vn 0.08217102528082368 0.9703812985485266 0.22717406989261246
vn -0.7700672592670587 0.6138302066650028 0.1738070585175443
vn 0.7700672592670587 -0.6138302066650028 -0.1738070585175443
vn -0.3374709726282367 0.7258739411254557 0.5993499513876265
vn 0.3374709726282367 -0.7258739411254557 -0.5993499513876265
vn 0.5647328332877862 0.4734488602353129 0.6759608004526835
vn -0.5647328332877862 -0.4734488602353129 -0.6759608004526835
vn 0.9897294147768798 0.1296290543250851 0.060266025256351455
vn -0.9897294147768798 -0.1296290543250851 -0.060266025256351455
vn 0.9910179112008352 0.1232219889588174 0.05195999534417682
vn -0.9910179112008352 -0.1232219889588174 -0.05195999534417682
vn 0.3214171775872181 -0.9252665112219172 -0.20142711129112847
vn -0.3214171775872181 0.9252665112219172 0.20142711129112847
vn -0.10386206765587676 -0.7341254782102262 -0.6710234371054804
vn 0.10386206765587676 0.7341254782102262 0.6710234371054804
vn -0.19865802425843082 -0.9167571119465929 -0.34654204231677144
vn 0.19865802425843082 0.9167571119465929 0.34654204231677144
vn -0.4925601503823311 -0.8695362654759838 0.035933010970619225
vn 0.4925601503823311 0.8695362654759838 -0.035933010970619225
vn -0.849567113059974 -0.49774406623953593 0.17460402323621754
vn 0.849567113059974 0.49774406623953593 -0.17460402323621754
vn -0.9683720134017845 -0.193664002680213 0.15732100217724396
vn 0.9683720134017845 0.193664002680213 -0.15732100217724396
vn -0.9903511165871112 -0.007328000862674326 0.13838701629133568
vn 0.9903511165871112 0.007328000862674326 -0.13838701629133568
vn -0.9821535712438987 0.0928169594810436 0.16358292858837892
vn 0.9821535712438987 -0.0928169594810436 -0.16358292858837892
vn -0.9661097445002355 0.10448497236764659 0.2360399375762963
vn 0.9661097445002355 -0.10448497236764659 -0.2360399375762963
vn -0.2411820064616278 0.9292380248956807 0.2799070074991289
vn 0.2411820064616278 -0.9292380248956807 -0.2799070074991289
vn 0.9759040307229231 0.19300500607608717 0.10178600320437614
vn -0.9759040307229231 -0.19300500607608717 -0.10178600320437614
vn 0.9940658238053275 0.09579598302049878 0.051538990864895086
vn -0.9940658238053275 -0.09579598302049878 -0.051538990864895086
vn 0.9951496125659403 0.093215963708935 0.03143298776243302
vn -0.9951496125659403 -0.093215963708935 -0.03143298776243302
vn 0.8935190381487961 -0.007657000326915535 -0.44896001916834843
vn -0.8935190381487961 0.007657000326915535 0.44896001916834843
vn 0.703382910416455 -0.07246299077104147 -0.7071079099420353
vn -0.703382910416455 0.07246299077104147 0.7071079099420353
vn 0.39957622676596616 -0.44183425074807753 -0.803194455825834
vn -0.39957622676596616 0.44183425074807753 0.803194455825834
vn 0.6707487115023215 -0.7416846809918454 0
vn -0.6707487115023215 0.7416846809918454 0
vn 0.1760979220620706 -0.7169006827120152 -0.6745687014474265
vn -0.1760979220620706 0.7169006827120152 0.6745687014474265
vn -0.0064560013092481465 -0.34398706975903665 -0.9389521904152983
vn 0.0064560013092481465 0.34398706975903665 0.9389521904152983
vn -0.21647588404407433 -0.3323788219603343 -0.9179665082886177
vn 0.21647588404407433 0.3323788219603343 0.9179665082886177
vn -0.48984209951510643 -0.8677641762928185 0.08390501704593503
vn 0.48984209951510643 0.8677641762928185 -0.08390501704593503
vn -0.6114183654726859 -0.7234114324160575 -0.3206921916923719
vn 0.6114183654726859 0.7234114324160575 0.3206921916923719
vn -0.15548994566902363 -0.8756556940301921 -0.457219840239186
vn 0.15548994566902363 0.8756556940301921 0.457219840239186
vn -0.1970750169679626 -0.9068240780766494 -0.3726010320805778
vn 0.1970750169679626 0.9068240780766494 0.3726010320805778
vn -0.6261819991458878 0.7479499989797962 0.22015199969971283
vn 0.6261819991458878 -0.7479499989797962 -0.22015199969971283
vn -0.10943499960805855 0.9725029965169806 0.20557699926372622
vn 0.10943499960805855 -0.9725029965169806 -0.20557699926372622
vn 0.574241821695358 0.7083617800505138 0.410450872553177
vn -0.574241821695358 -0.7083617800505138 -0.410450872553177
vn 0.9816993223184463 0.17367205702123478 0.07813102565252952
vn -0.9816993223184463 -0.17367205702123478 -0.07813102565252952
vn 0.9995283016551881 0.005655001706665629 0.03018600911006346
vn -0.9995283016551881 -0.005655001706665629 -0.03018600911006346
vn 0.9995976327334031 -0.028364989578293455 0
vn -0.9995976327334031 0.028364989578293455 0
vn 0.6704600281710548 -0.7418620311711885 0.011139000468032796
vn -0.6704600281710548 0.7418620311711885 -0.011139000468032796
vn 0.5954818756214159 -0.29201893900586434 -0.7484158436780249
vn -0.5954818756214159 0.29201893900586434 0.7484158436780249
vn 0.15416192392195718 -0.3549358248411655 -0.9220925449525128
vn -0.15416192392195718 0.3549358248411655 0.9220925449525128
vn -0.7244789864790487 -0.2470429953894365 -0.6435059879902478
vn 0.7244789864790487 0.2470429953894365 0.6435059879902478
vn -0.3328022016023164 -0.6190663750131897 -0.7113364309078231
vn 0.3328022016023164 0.6190663750131897 0.7113364309078231
vn -0.4423779587747999 -0.8661859192801379 -0.2324299783398515
vn 0.4423779587747999 0.8661859192801379 0.2324299783398515
vn -0.5026461812642986 -0.8596883100208542 0.09101003282004375
vn 0.5026461812642986 0.8596883100208542 -0.09101003282004375
vn -0.7987331191026986 -0.5474310816299182 0.2496890372322586
vn 0.7987331191026986 0.5474310816299182 -0.2496890372322586
vn -0.9483198109790174 -0.23633995289225262 0.2117379577959709
vn 0.9483198109790174 0.23633995289225262 -0.2117379577959709
vn -0.9826691602252022 -0.023196003782131963 0.18391102998687978
vn 0.9826691602252022 0.023196003782131963 -0.18391102998687978
vn -0.9664346479960555 0.09916496388120132 0.23700291367656298
vn 0.9664346479960555 -0.09916496388120132 -0.23700291367656298
vn -0.9285207170268551 0.11583696469787946 0.35274789249762695
vn 0.9285207170268551 -0.11583696469787946 -0.35274789249762695
vn 0.9929614759269868 0.09451595011562887 0.07137396232968914
vn -0.9929614759269868 -0.09451595011562887 -0.07137396232968914
vn 0.9944711868561811 0.09086301707270818 0.052640009890795605
vn -0.9944711868561811 -0.09086301707270818 -0.052640009890795605
vn 0.9946169596737536 -0.10361999579877917 0
vn -0.9946169596737536 0.10361999579877917 0
vn 0.40228408021444784 -0.8387821672510839 0.3668950731579675
vn -0.40228408021444784 0.8387821672510839 -0.3668950731579675
vn 0.6702499398259685 -0.7413639334414611 0.03383099696270381
vn -0.6702499398259685 0.7413639334414611 -0.03383099696270381
vn 0.9885901844487024 0.05959201111852947 0.13834102581132515
vn -0.9885901844487024 -0.05959201111852947 -0.13834102581132515
vn 0.17700610375003403 -0.36041821125487117 -0.9158425368102703
vn -0.17700610375003403 0.36041821125487117 0.9158425368102703
vn -0.17700610375003403 -0.36041821125487117 -0.9158425368102703
vn 0.17700610375003403 0.36041821125487117 0.9158425368102703
vn -0.6162071717144711 -0.44566812419145685 0.6493601809530061
vn 0.6162071717144711 0.44566812419145685 -0.6493601809530061
vn -0.5136709515767554 0.12644398808025245 -0.8486189200015468
vn 0.5136709515767554 -0.12644398808025245 0.8486189200015468
vn -0.08633799340632453 -0.8936559317510523 -0.4403689663688034
vn 0.08633799340632453 0.8936559317510523 0.4403689663688034
vn -0.8972346197744796 0.07948096631796073 -0.43434181593683596
vn 0.8972346197744796 -0.07948096631796073 0.43434181593683596
vn -0.845929863684758 -0.5332829140654649 0.003463999441802397
vn 0.845929863684758 0.5332829140654649 -0.003463999441802397
vn -0.4997417862769752 0.8278906459385668 0.2546668910873981
vn 0.4997417862769752 -0.8278906459385668 -0.2546668910873981
vn 0.7325400016581043 0.664903001505008 0.1459080003302629
vn -0.7325400016581043 -0.664903001505008 -0.1459080003302629
vn 0.998559817379403 -0.008437998456825243 0.05298199031044257
vn -0.998559817379403 0.008437998456825243 -0.05298199031044257
vn 0.9942931385219467 -0.10362101443616988 0.02537400353503027
vn -0.9942931385219467 0.10362101443616988 -0.02537400353503027
vn 0.0237670043727727 -0.9996291839167923 0.013290002445161103
vn -0.0237670043727727 0.9996291839167923 -0.013290002445161103
vn 0.741804154242983 -0.29783506192870185 -0.6008501249344792
vn -0.741804154242983 0.29783506192870185 0.6008501249344792
vn 0 -0.3412781305853236 -0.9399623596635063
vn 0 0.3412781305853236 0.9399623596635063
vn -0.7363658495085584 -0.29156694041232456 -0.6105358752244907
vn 0.7363658495085584 0.29156694041232456 0.6105358752244907
vn -0.8945950010511492 0.18157100021334588 0.4083280004797855
vn 0.8945950010511492 -0.18157100021334588 -0.4083280004797855
vn -0.863098979384881 -0.28089499329082307 -0.4197119899751792
vn 0.863098979384881 0.28089499329082307 0.4197119899751792
vn -0.26779890948318047 0.11957695958263596 -0.9560256768605077
vn 0.26779890948318047 -0.11957695958263596 0.9560256768605077
vn -0.9277332614338784 0.13571703824486328 -0.3476950979799708
vn 0.9277332614338784 -0.13571703824486328 0.3476950979799708
vn -0.26195816080804357 -0.3391772082104373 -0.9035135546391325
vn 0.26195816080804357 0.3391772082104373 0.9035135546391325
vn -0.7407214571549063 -0.5707003522220985 -0.35444721875602986
vn 0.7407214571549063 0.5707003522220985 0.35444721875602986
vn -0.3649409593158367 -0.007690999142596133 0.9309988962108523
vn 0.3649409593158367 0.007690999142596133 -0.9309988962108523
vn -0.5937760163965311 0.23224000641307577 -0.7703860212734398
vn 0.5937760163965311 -0.23224000641307577 0.7703860212734398
vn -0.4517289346255675 -0.8777998729643729 0.15939997693155714
vn 0.4517289346255675 0.8777998729643729 -0.15939997693155714
vn -0.8002628517325142 -0.5028469068358025 0.32668693947357286
vn 0.8002628517325142 0.5028469068358025 -0.32668693947357286
vn -0.9086084399246893 -0.2929681418475915 0.2976581441183691
vn 0.9086084399246893 0.2929681418475915 -0.2976581441183691
vn -0.9619726323634703 -0.0642289754536493 0.2654868985390241
vn 0.9619726323634703 0.0642289754536493 -0.2654868985390241
vn -0.9287065089883548 0.10997994185307011 0.35413081276931807
vn 0.9287065089883548 -0.10997994185307011 -0.35413081276931807
vn -0.8734131410164934 0.12411102003828418 0.470899076028781
vn 0.8734131410164934 -0.12411102003828418 -0.470899076028781
vn 0.9907453212898433 0.09556803099185736 0.09638703125745186
vn -0.9907453212898433 -0.09556803099185736 -0.09638703125745186
vn 0.9933864275178484 0.08962403857096801 0.07177003088724423
vn -0.9933864275178484 -0.08962403857096801 -0.07177003088724423
vn 0.9934800011673391 -0.1018050001196209 0.05131500006029511
vn -0.9934800011673391 0.1018050001196209 -0.05131500006029511
vn 0.6694541106072173 -0.7403881223269357 0.060470009990855715
vn -0.6694541106072173 0.7403881223269357 -0.060470009990855715
vn 0.37013000734374957 -0.9094870180451322 -0.1893070037560405
vn -0.37013000734374957 0.9094870180451322 0.1893070037560405
vn 0.6355200765925664 0.4274400515148642 0.6429690774903165
vn -0.6355200765925664 -0.4274400515148642 -0.6429690774903165
vn 0.9127805369063411 0.23050913558770317 0.3371901983385363
vn -0.9127805369063411 -0.23050913558770317 -0.3371901983385363
vn -9.99999505211367e-7 -0.37688381352208067 -0.9262605416965862
vn 9.99999505211367e-7 0.37688381352208067 0.9262605416965862
vn -0.22556099132526278 -0.375839985545758 -0.8988139654329639
vn 0.22556099132526278 0.375839985545758 0.8988139654329639
vn -0.7810969079828842 0.40136495271720446 0.47832394365105124
vn 0.7810969079828842 -0.40136495271720446 -0.47832394365105124
vn -0.5933741226890131 0.2975450615219112 -0.7479131546422794
vn 0.5933741226890131 -0.2975450615219112 0.7479131546422794
vn -0.8784972103601354 0.14697103519288005 -0.4545791088510262
vn 0.8784972103601354 -0.14697103519288005 0.4545791088510262
vn -0.7212558359676888 -0.4383699003032982 -0.5363038780305681
vn 0.7212558359676888 0.4383699003032982 0.5363038780305681
vn -0.4106461820951355 -0.5009422221356142 0.7618573378346644
vn 0.4106461820951355 0.5009422221356142 -0.7618573378346644
vn -0.8084110615208926 0.24329101851469043 0.5359860407890753
vn 0.8084110615208926 -0.24329101851469043 -0.5359860407890753
vn -0.7406470458982691 0.09274100574720681 -0.6654630412390786
vn 0.7406470458982691 -0.09274100574720681 0.6654630412390786
vn -0.9903876716895124 0.13766695436382517 -0.013418995551643937
vn 0.9903876716895124 -0.13766695436382517 0.013418995551643937
vn -0.8419632675309239 -0.5275531676281993 0.11307303592856702
vn 0.8419632675309239 0.5275531676281993 -0.11307303592856702
vn -0.4988100215972273 -0.836836036232909 0.22559700976778652
vn 0.4988100215972273 0.836836036232909 -0.22559700976778652
vn -0.5358072008211123 0.7535572824340758 0.38087014275053727
vn 0.5358072008211123 -0.7535572824340758 -0.38087014275053727
vn 0.6671152894844025 0.7411653216172731 0.07504103256290018
vn -0.6671152894844025 -0.7411653216172731 -0.07504103256290018
vn 0.9968967340110395 -0.00809599783985045 0.07830297910743679
vn -0.9968967340110395 0.00809599783985045 -0.07830297910743679
vn 0.9903381307612845 -0.11613101533359191 0.07578901000695415
vn -0.9903381307612845 0.11613101533359191 -0.07578901000695415
vn 0.08217102528082368 -0.9703812985485266 -0.22717406989261246
vn -0.08217102528082368 0.9703812985485266 0.22717406989261246
vn 0.8129315129359649 -0.4887633083953264 0.31662719978248544
vn -0.8129315129359649 0.4887633083953264 -0.31662719978248544
vn 0.6846509650653431 -0.7262849629409475 0.061344996869840775
vn -0.6846509650653431 0.7262849629409475 -0.061344996869840775
vn 0.7822926791341183 -0.25457189558455806 -0.5685167668166423
vn -0.7822926791341183 0.25457189558455806 0.5685167668166423
vn 0.24241686599550852 -0.37504079268294493 -0.8947505053950312
vn -0.24241686599550852 0.37504079268294493 0.8947505053950312
vn -0.7667520755906405 -0.26024302565618995 -0.5868260578525433
vn 0.7667520755906405 0.26024302565618995 0.5868260578525433
vn -0.9116709805681892 0.23157799506403082 0.33945199276475063
vn 0.9116709805681892 -0.23157799506403082 -0.33945199276475063
vn -0.7199749304756241 0.12292398812984578 -0.6830269340435072
vn 0.7199749304756241 -0.12292398812984578 0.6830269340435072
vn -0.5082810245504824 0.14312900691327454 -0.8492140410178886
vn 0.5082810245504824 -0.14312900691327454 0.8492140410178886
vn -0.9883185714444056 0.14448393734874418 -0.048484978975899456
vn 0.9883185714444056 -0.14448393734874418 0.048484978975899456
vn -0.9986450941173114 0.05200200490092918 -0.0019410001829295595
vn 0.9986450941173114 -0.05200200490092918 0.0019410001829295595
vn -0.8075571486183898 0.06486901193813716 0.5862111078830782
vn 0.8075571486183898 -0.06486901193813716 -0.5862111078830782
vn -0.5173308646039252 0.26322593110838655 0.814297786881604
vn 0.5173308646039252 -0.26322593110838655 -0.814297786881604
vn -0.6973860578004049 0.03222000267044242 -0.7159710593407579
vn 0.6973860578004049 -0.03222000267044242 0.7159710593407579
vn -0.7251808432442006 -0.5746688757790146 0.37929991801015916
vn 0.7251808432442006 0.5746688757790146 -0.37929991801015916
vn -0.8523327921633618 -0.37440390870367724 0.36517191095484874
vn 0.8523327921633618 0.37440390870367724 -0.36517191095484874
vn -0.921721270305402 -0.09069402659707027 0.37710011058896026
vn 0.921721270305402 0.09069402659707027 -0.37710011058896026
vn -0.8708598191659773 0.11845797540220385 0.4770439009418443
vn 0.8708598191659773 -0.11845797540220385 -0.4770439009418443
vn -0.7859422406755925 0.13069904002338487 0.6043281850607289
vn 0.7859422406755925 -0.13069904002338487 -0.6043281850607289
vn 0.9885266059125791 0.0960369617137684 0.11658495352207685
vn -0.9885266059125791 -0.0960369617137684 -0.11658495352207685
vn 0.9911694026790059 0.09063503682198663 0.09679103932296478
vn -0.9911694026790059 -0.09063503682198663 -0.09679103932296478
vn 0.23104192896986653 -0.9721797011189517 -0.038551988147810114
vn -0.23104192896986653 0.9721797011189517 0.038551988147810114
vn 0.44370906608470206 -0.3346230498377567 -0.8313541238193984
vn -0.44370906608470206 0.3346230498377567 0.8313541238193984
vn 0.15879302642109747 -0.9648441605375386 -0.20942903484627193
vn -0.15879302642109747 0.9648441605375386 0.20942903484627193
vn 0.7776220302557186 0.2617200101830025 -0.5716700222425376
vn -0.7776220302557186 -0.2617200101830025 0.5716700222425376
vn 0.8394547269938373 0.38795387383024355 0.3805358762427134
vn -0.8394547269938373 -0.38795387383024355 -0.3805358762427134
vn 0.7062840365456089 -0.29029601502093205 -0.64567103340928
vn -0.7062840365456089 0.29029601502093205 0.64567103340928
vn 0.01668400175674206 -0.17652301858699201 -0.9841551036266172
vn -0.01668400175674206 0.17652301858699201 0.9841551036266172
vn -0.6985670780652246 -0.3023390337865399 -0.6485330724738992
vn 0.6985670780652246 0.3023390337865399 0.6485330724738992
vn -0.839455046436136 0.3879540214604531 0.38053502105005643
vn 0.839455046436136 -0.3879540214604531 -0.38053502105005643
vn -0.4897438662152171 0.8708627621038392 -0.04182098857563645
vn 0.4897438662152171 -0.8708627621038392 0.04182098857563645
vn -0.41765172463458217 -0.20957786182148386 -0.8841064170924754
vn 0.41765172463458217 0.20957786182148386 0.8841064170924754
vn -0.8847191176380124 0.15128502011584108 -0.4408910586237447
vn 0.8847191176380124 -0.15128502011584108 0.4408910586237447
vn -0.9867819990645308 0.1499939998578057 -0.06134399994184586
vn 0.9867819990645308 -0.1499939998578057 0.06134399994184586
vn -0.8385658754474005 -0.31010795393951385 -0.44792893346889656
vn 0.8385658754474005 0.31010795393951385 0.44792893346889656
vn -0.6891840251617647 0.5284630192939209 0.49573401809900164
vn 0.6891840251617647 -0.5284630192939209 -0.49573401809900164
vn -0.3520459090373337 -0.24420893690057022 -0.9035627665347719
vn 0.3520459090373337 0.24420893690057022 0.9035627665347719
vn -0.9864649031000505 0.14222498602931138 0.08160299198417931
vn 0.9864649031000505 -0.14222498602931138 -0.08160299198417931
vn -0.9865764359240975 0.13494692284398396 0.09195794742296666
vn 0.9865764359240975 -0.13494692284398396 -0.09195794742296666
vn -0.8290886179320094 -0.522388759268166 0.1993039081550004
vn 0.8290886179320094 0.522388759268166 -0.1993039081550004
vn -0.45882808710301465 -0.8463821606755119 0.2703960513314503
vn 0.45882808710301465 0.8463821606755119 -0.2703960513314503
vn -0.43791380432789445 0.7609956599659072 0.47866178612055943
vn 0.43791380432789445 -0.7609956599659072 -0.47866178612055943
vn 0.6652167238489713 0.7412366922908465 0.08974896274256587
vn -0.6652167238489713 -0.7412366922908465 -0.08974896274256587
vn 0.9950297806765549 -0.007472998352809379 0.09929697811306179
vn -0.9950297806765549 0.007472998352809379 -0.09929697811306179
vn 0.984491714894194 -0.1402169593935951 0.1054289694680911
vn -0.984491714894194 0.1402169593935951 -0.1054289694680911
vn 0.15548994566902363 -0.8756556940301921 -0.457219840239186
vn -0.15548994566902363 0.8756556940301921 0.457219840239186
vn 0.6770650916035278 0.025647003469911403 0.7354760995062456
vn -0.6770650916035278 -0.025647003469911403 -0.7354760995062456
vn 0.7208523320520531 0.10357204770923206 -0.6853063156782034
vn -0.7208523320520531 -0.10357204770923206 0.6853063156782034
vn 0.1986579554150014 -0.9167567942513789 -0.34654292222503436
vn -0.1986579554150014 0.9167567942513789 0.34654292222503436
vn 0.8489279986769457 0.2703329995786859 0.454137999292226
vn -0.8489279986769457 -0.2703329995786859 -0.454137999292226
vn 0.34328606460215233 -0.931198175239873 -0.12257502306708953
vn -0.34328606460215233 0.931198175239873 0.12257502306708953
vn 0.8097638096403411 -0.26997693653369415 -0.5209558775334463
vn -0.8097638096403411 0.26997693653369415 0.5209558775334463
vn 0.5792322616992223 -0.2432801099148298 -0.7780133515092346
vn -0.5792322616992223 0.2432801099148298 0.7780133515092346
vn -0.4008078460665699 -0.21707591663027345 -0.8900736581601568
vn 0.4008078460665699 0.21707591663027345 0.8900736581601568
vn -0.8489286635276153 0.2703328928537142 0.45413682000313416
vn 0.8489286635276153 -0.2703328928537142 -0.45413682000313416
vn -0.6614040995939062 0.5929950892929108 0.4592400691521454
vn 0.6614040995939062 -0.5929950892929108 -0.4592400691521454
vn -0.7538040668982294 -0.6150670545856659 -0.23124002052197476
vn 0.7538040668982294 0.6150670545856659 0.23124002052197476
vn -0.5241188881690269 0.1492069681637874 -0.8384728210954925
vn 0.5241188881690269 -0.1492069681637874 0.8384728210954925
vn -0.9861413257590209 0.14760904876073835 0.07574202502039748
vn 0.9861413257590209 -0.14760904876073835 -0.07574202502039748
vn -0.5724190581354549 -0.2769860281309792 -0.771761078380831
vn 0.5724190581354549 0.2769860281309792 0.771761078380831
vn -0.6489212028845968 -0.628331196447151 0.42907013414836914
vn 0.6489212028845968 0.628331196447151 -0.42907013414836914
vn -0.7857369420020084 -0.4336829679883435 0.4410629674435997
vn 0.7857369420020084 0.4336829679883435 -0.4410629674435997
vn -0.8620218962306726 -0.0930069888039125 0.49826494001936855
vn 0.8620218962306726 0.0930069888039125 -0.49826494001936855
vn -0.7850517380651761 0.12420095855998435 0.6068507975224446
vn 0.7850517380651761 -0.12420095855998435 -0.6068507975224446
vn -0.6389981454535668 0.15390503503302216 0.7536541715524345
vn 0.6389981454535668 -0.15390503503302216 -0.7536541715524345
vn -0.24057900185185682 0.7689080059186693 0.5923700045597682
vn 0.24057900185185682 -0.7689080059186693 -0.5923700045597682
vn -0.11594602143789959 0.8401231553350051 0.5298580979683873
vn 0.11594602143789959 -0.8401231553350051 -0.5298580979683873
vn 0.563277986001134 0.8215049795835478 0.08858599779841671
vn -0.563277986001134 -0.8215049795835478 -0.08858599779841671
vn 0.9861600837437317 0.0961210081625002 0.13508901147162425
vn -0.9861600837437317 -0.0961210081625002 -0.13508901147162425
vn 0.988890637179553 0.09111396657061067 0.1174459569094974
vn -0.988890637179553 -0.09111396657061067 -0.1174459569094974
vn 0.08633799340632453 -0.8936559317510523 -0.4403689663688034
vn -0.08633799340632453 0.8936559317510523 0.4403689663688034
vn 0.46211072685521026 0.06173996350669123 0.8846704770882444
vn -0.46211072685521026 -0.06173996350669123 -0.8846704770882444
vn 0.6973871156989728 0.032218005345080444 -0.7159701187819584
vn -0.6973871156989728 -0.032218005345080444 0.7159701187819584
vn 0.7302928797244241 0.32930994576430284 0.5985209014266084
vn -0.7302928797244241 -0.32930994576430284 -0.5985209014266084
vn 0.8259945118861214 -0.5467236769186591 0.13720891891764808
vn -0.8259945118861214 0.5467236769186591 -0.13720891891764808
vn 0.507410199378251 0.1808950710796571 -0.8425033310474264
vn -0.507410199378251 -0.1808950710796571 0.8425033310474264
vn -0.030317000627349693 0.1950430040360251 -0.9803260202858863
vn 0.030317000627349693 -0.1950430040360251 0.9803260202858863
vn -0.8097630588867815 -0.26997501963285403 -0.5209580378845909
vn 0.8097630588867815 0.26997501963285403 0.5209580378845909
vn -0.7302928797244241 0.32930994576430284 0.5985209014266084
vn 0.7302928797244241 -0.32930994576430284 -0.5985209014266084
vn -0.7431702932714053 -0.6198402446026451 -0.251984099438489
vn 0.7431702932714053 0.6198402446026451 0.251984099438489
vn -0.26075195257170125 0.13367897568506668 -0.956105826093449
vn 0.26075195257170125 -0.13367897568506668 0.956105826093449
vn -0.8733930199260252 0.15474100353033876 -0.4617790105352573
vn 0.8733930199260252 -0.15474100353033876 0.4617790105352573
vn -0.9859563018742311 0.15199004653540765 -0.06920402118847521
vn 0.9859563018742311 -0.15199004653540765 0.06920402118847521
vn -0.9851346381399186 0.14933994514438673 0.08489596881597604
vn 0.9851346381399186 -0.14933994514438673 -0.08489596881597604
vn -0.9722801473058009 0.14875802253766024 0.1803950273308409
vn 0.9722801473058009 -0.14875802253766024 -0.1803950273308409
vn -0.9721297247254673 0.1416829598801378 0.18678794710791832
vn 0.9721297247254673 -0.1416829598801378 -0.18678794710791832
vn -0.9708675731678739 0.13565994035847687 0.19751591316412304
vn 0.9708675731678739 -0.13565994035847687 -0.19751591316412304
vn -0.7902364912344677 -0.5142223196558628 0.33331920720111635
vn 0.7902364912344677 0.5142223196558628 -0.33331920720111635
vn -0.4004860247035807 -0.8608200530988259 0.31400601936914774
vn 0.4004860247035807 0.8608200530988259 -0.31400601936914774
vn -0.38817698509225723 0.6491219750707954 0.6541859748763152
vn 0.38817698509225723 -0.6491219750707954 -0.6541859748763152
vn 0 0.5739172225484983 0.8189133175508978
vn 0 -0.5739172225484983 -0.8189133175508978
vn 0.11594602143789959 0.8401231553350051 0.5298580979683873
vn -0.11594602143789959 -0.8401231553350051 -0.5298580979683873
vn 0.6261819991458878 0.7479499989797962 0.22015199969971283
vn -0.6261819991458878 -0.7479499989797962 -0.22015199969971283
vn 0.9924208424700749 -0.006983998891409019 0.12268698052552907
vn -0.9924208424700749 0.006983998891409019 -0.12268698052552907
vn 0.9787017712598063 -0.158825962879518 0.13006596960124525
vn -0.9787017712598063 0.158825962879518 -0.13006596960124525
vn 0.40717425020112097 -0.6215203819128938 -0.6692694112537984
vn -0.40717425020112097 0.6215203819128938 0.6692694112537984
vn 0.7425442066292902 -0.5683361581520613 -0.35443209862854286
vn -0.7425442066292902 0.5683361581520613 0.35443209862854286
vn 0.8830772068688076 -0.42467309948350734 0.19956804675061646
vn -0.8830772068688076 0.42467309948350734 -0.19956804675061646
vn 0.5173308646039252 0.26322593110838655 0.814297786881604
vn -0.5173308646039252 -0.26322593110838655 -0.814297786881604
vn 0.808411998025858 0.2432879994058906 0.5359859986911222
vn -0.808411998025858 -0.2432879994058906 -0.5359859986911222
vn 0.7406449270412937 0.09272999086544739 -0.6654669344468519
vn -0.7406449270412937 -0.09272999086544739 0.6654669344468519
vn 0.6602619409366008 -0.7187279357065548 -0.21790898050706212
vn -0.6602619409366008 0.7187279357065548 0.21790898050706212
vn 0.5724197304713678 -0.2769858695788795 -0.7717606366100299
vn -0.5724197304713678 0.2769858695788795 0.7717606366100299
vn 0.7067979912590292 0.25365099686309794 0.6603769918331177
vn -0.7067979912590292 -0.25365099686309794 -0.6603769918331177
vn 0.4925608900670712 -0.8695358059313685 0.0359339919800188
vn -0.4925608900670712 0.8695358059313685 -0.0359339919800188
vn 0.9380880099507687 0.12993500137828545 0.3211040034061108
vn -0.9380880099507687 -0.12993500137828545 -0.3211040034061108
vn 0.8180953991893384 -0.2812241372232105 -0.501630244770287
vn -0.8180953991893384 0.2812241372232105 0.501630244770287
vn 0.9988773966792649 0.024045009548876322 -0.040814016208269396
vn -0.9988773966792649 -0.024045009548876322 0.040814016208269396
vn -0.7234517017050088 0.17288392871616756 -0.6683777244132167
vn 0.7234517017050088 -0.17288392871616756 0.6683777244132167
vn -0.8056572766265016 -0.287080098570404 -0.5181711779166954
vn 0.8056572766265016 0.287080098570404 0.5181711779166954
vn -0.7068581086702533 0.2536810390001647 0.6603011015127183
vn 0.7068581086702533 -0.2536810390001647 -0.6603011015127183
vn -0.8488118283074536 -0.2725479448706425 -0.45302990836383766
vn 0.8488118283074536 0.2725479448706425 0.45302990836383766
vn -0.8299064038757096 -0.39990219461325005 -0.3890161893155527
vn 0.8299064038757096 0.39990219461325005 0.3890161893155527
vn -0.6900063016152754 0.1159090506661175 -0.714462312305477
vn 0.6900063016152754 -0.1159090506661175 0.714462312305477
vn -0.4775530376584014 0.1510910119145846 -0.8655140682518456
vn 0.4775530376584014 -0.1510910119145846 0.8655140682518456
vn -0.4244439986396569 -0.8110069974007227 0.40263499870955466
vn 0.4244439986396569 0.8110069974007227 -0.40263499870955466
vn -0.5536977523100103 -0.6529637079045864 0.5167757688266128
vn 0.5536977523100103 0.6529637079045864 -0.5167757688266128
vn -0.6935797705482442 -0.47073784426935533 0.5453008196022493
vn 0.6935797705482442 0.47073784426935533 -0.5453008196022493
vn -0.7695166336382198 -0.09761295352711852 0.6311226995266566
vn 0.7695166336382198 0.09761295352711852 -0.6311226995266566
vn -0.6414206856234429 0.1458469285167186 0.7531986308382349
vn 0.6414206856234429 -0.1458469285167186 -0.7531986308382349
vn -0.48286870097640655 0.1697248948953453 0.8590874679973639
vn 0.48286870097640655 -0.1697248948953453 -0.8590874679973639
vn -0.3444529355304724 0.17649496696632244 0.92206382742194
vn 0.3444529355304724 -0.17649496696632244 -0.92206382742194
vn -0.18128301162577057 0.18037901156779637 0.9667470619979746
vn 0.18128301162577057 -0.18037901156779637 -0.9667470619979746
vn 0.240578959380291 0.7689088701762837 0.592368899983555
vn -0.240578959380291 -0.7689088701762837 -0.592368899983555
vn 0.49974103601858655 0.8278910596698362 0.2546670183549988
vn -0.49974103601858655 -0.8278910596698362 -0.2546670183549988
vn 0.7700671254235381 0.6138300999766649 0.17380802830872433
vn -0.7700671254235381 -0.6138300999766649 -0.17380802830872433
vn 0.9817781366733439 0.0978300136189171 0.1629140226792627
vn -0.9817781366733439 -0.0978300136189171 -0.1629140226792627
vn 0.9865311632916383 0.09118601509320162 0.1357990224775919
vn -0.9865311632916383 -0.09118601509320162 -0.1357990224775919
vn 0.25603612071158605 -0.36209717071545844 -0.8962874225664569
vn -0.25603612071158605 0.36209717071545844 0.8962874225664569
vn 0.48595809794753725 -0.39912908044666934 -0.777522156713883
vn -0.48595809794753725 0.39912908044666934 0.777522156713883
vn 0.9988018512179879 0.048893992716726946 -0.0020589996932903884
vn -0.9988018512179879 -0.048893992716726946 0.0020589996932903884
vn 0.3520450329734195 -0.24420902287322852 -0.9035630846299815
vn -0.3520450329734195 0.24420902287322852 0.9035630846299815
vn 0.8299067060956463 -0.39990285837782685 -0.3890148622337177
vn -0.8299067060956463 0.39990285837782685 0.3890148622337177
vn 0.8495666901928193 -0.49774481848991886 0.17460393632806706
vn -0.8495666901928193 0.49774481848991886 -0.17460393632806706
vn 0.7026327729309062 -0.22830492621893714 -0.6739317822061752
vn -0.7026327729309062 0.22830492621893714 0.6739317822061752
vn 0.6029091032282968 0.26607304555623273 -0.7521341287781601
vn -0.6029091032282968 -0.26607304555623273 0.7521341287781601
vn 0 0.2802958969895953 -0.9599136472260401
vn 0 -0.2802958969895953 0.9599136472260401
vn -0.7026329333450813 -0.22830397834205818 -0.6739319360677869
vn 0.7026329333450813 0.22830397834205818 0.6739319360677869
vn -0.9380880099507687 0.12993500137828545 0.3211040034061108
vn 0.9380880099507687 -0.12993500137828545 -0.3211040034061108
vn -0.9994163290853645 0.034145011243185794 -0.0010580003483757594
vn 0.9994163290853645 -0.034145011243185794 0.0010580003483757594
vn -0.9990135093146997 0.03231401647425529 0.030460015529052933
vn 0.9990135093146997 -0.03231401647425529 -0.030460015529052933
vn -0.791663792411135 0.10492997248542375 -0.6018788421762535
vn 0.791663792411135 -0.10492997248542375 0.6018788421762535
vn -0.26108292538211897 0.13318296193611537 -0.95608472674959
vn 0.26108292538211897 -0.13318296193611537 0.95608472674959
vn -0.5365109220500656 0.15081397808816352 -0.8303078793641618
vn 0.5365109220500656 -0.15081397808816352 0.8303078793641618
vn -0.9833605756313268 0.15204293438596186 -0.0994229570940818
vn 0.9833605756313268 -0.15204293438596186 0.0994229570940818
vn -0.9855488222631849 0.14908597311339075 0.08041698549736093
vn 0.9855488222631849 -0.14908597311339075 -0.08041698549736093
vn -0.9697649405757155 0.15122299073350903 0.1915399882630045
vn 0.9697649405757155 -0.15122299073350903 -0.1915399882630045
vn -0.9234117117584643 0.15166795265708338 0.35257288994491853
vn 0.9234117117584643 -0.15166795265708338 -0.35257288994491853
vn -0.9275361942738676 0.14490103034974128 0.3445000721560645
vn 0.9275361942738676 -0.14490103034974128 -0.3445000721560645
vn -0.6406229118176217 -0.596317917916248 0.4837429334123059
vn 0.6406229118176217 0.596317917916248 -0.4837429334123059
vn 0 0.18050597928585682 0.9835738871290015
vn 0 -0.18050597928585682 -0.9835738871290015
vn 0.18128204448897584 0.18037904426736762 0.9667472372523688
vn -0.18128204448897584 -0.18037904426736762 -0.9667472372523688
vn 0.3444528747361182 0.1764959358154112 0.9220636646819277
vn -0.3444528747361182 -0.1764959358154112 -0.9220636646819277
vn 0.38817698509225723 0.6491219750707954 0.6541859748763152
vn -0.38817698509225723 -0.6491219750707954 -0.6541859748763152
vn 0.4379139279653544 0.7609948748201583 0.4786629212623494
vn -0.4379139279653544 -0.7609948748201583 -0.4786629212623494
vn 0.5358067970597313 0.7535577145851714 0.38086985574309395
vn -0.5358067970597313 -0.7535577145851714 -0.38086985574309395
vn 0.9285204970493671 0.1158359372552806 0.35274880892695715
vn -0.9285204970493671 -0.1158359372552806 -0.35274880892695715
vn 0.9661097445002355 0.10448497236764659 0.2360399375762963
vn -0.9661097445002355 -0.10448497236764659 -0.2360399375762963
vn 0.9903509432360568 -0.007332999579694507 0.13838799206801572
vn -0.9903509432360568 0.007332999579694507 -0.13838799206801572
vn 0.9683716735169347 -0.19366493470655613 0.15732194695946508
vn -0.9683716735169347 0.19366493470655613 -0.15732194695946508
vn 0.8775319856321688 0.13548099778176975 -0.4599809924687312
vn -0.8775319856321688 -0.13548099778176975 0.4599809924687312
vn 0.45410823656479576 0.12925706733564682 -0.881520459222473
vn -0.45410823656479576 -0.12925706733564682 0.881520459222473
vn 0.8499836801592761 0.11028995849894428 -0.5151348061597026
vn -0.8499836801592761 -0.11028995849894428 0.5151348061597026
vn 0.6891849143946241 0.5284619343584259 0.4957339384236521
vn -0.6891849143946241 -0.5284619343584259 -0.4957339384236521
vn 0.8385645673565594 -0.310108840004502 -0.44793076889757033
vn -0.8385645673565594 0.310108840004502 0.44793076889757033
vn 0.502646928610821 -0.8596878779015483 0.0910099870741708
vn -0.502646928610821 0.8596878779015483 -0.0910099870741708
vn 0.9990104934843324 0.032327015968677 0.03054501508841647
vn -0.9990104934843324 -0.032327015968677 -0.03054501508841647
vn 0.8961175511863576 0.1709439143840439 0.4095747948675872
vn -0.8961175511863576 -0.1709439143840439 -0.4095747948675872
vn 0.8144811613951596 -0.19971003957394615 -0.5447351079430854
vn -0.8144811613951596 0.19971003957394615 0.5447351079430854
vn 0.9995670088876502 0.010822000096223822 -0.027362000243289226
vn -0.9995670088876502 -0.010822000096223822 0.027362000243289226
vn 0.8392567452348415 0.22044393308193974 -0.4970438491171435
vn -0.8392567452348415 -0.22044393308193974 0.4970438491171435
vn -0.6029108296961034 0.26607292484252476 -0.7521327875454575
vn 0.6029108296961034 -0.26607292484252476 0.7521327875454575
vn -0.9992012771614864 0.03587200995028713 -0.01760700488388451
vn 0.9992012771614864 -0.03587200995028713 0.01760700488388451
vn -0.8887196809416934 -0.15046294598245788 -0.43305684452872334
vn 0.8887196809416934 0.15046294598245788 0.43305684452872334
vn -0.8961517855356688 0.17099895907704693 0.409476902005228
vn 0.8961517855356688 -0.17099895907704693 -0.409476902005228
vn -0.8932928469798418 0.15175497400452703 -0.4230819275264951
vn 0.8932928469798418 -0.15175497400452703 0.4230819275264951
vn -0.9187150459568838 0.159848007996077 0.36112501806455727
vn 0.9187150459568838 -0.159848007996077 -0.36112501806455727
vn -0.31312307629964864 -0.8499212071028757 0.4237781032632941
vn 0.31312307629964864 0.8499212071028757 -0.4237781032632941
vn -0.4182909072898044 -0.7039498439762218 0.5740098727761788
vn 0.4182909072898044 0.7039498439762218 -0.5740098727761788
vn -0.554026751398834 -0.506550772702108 0.6606517035544159
vn 0.554026751398834 0.506550772702108 -0.6606517035544159
vn -0.6135887790816951 -0.102186963208306 0.7829857180915238
vn 0.6135887790816951 0.102186963208306 -0.7829857180915238
vn -0.4833987222715617 0.16109190744740956 0.8604505056429317
vn 0.4833987222715617 -0.16109190744740956 -0.8604505056429317
vn -0.3441950238260409 0.16755101159830013 0.9238270639496212
vn 0.3441950238260409 -0.16755101159830013 -0.9238270639496212
vn -0.1819779561202067 0.1712089587169022 0.9682827665209096
vn 0.1819779561202067 -0.1712089587169022 -0.9682827665209096
vn 0.4828691158028924 0.16972504070388825 0.8590872060284662
vn -0.4828691158028924 -0.16972504070388825 -0.8590872060284662
vn 0.8734131410164934 0.12411102003828418 0.470899076028781
vn -0.8734131410164934 -0.12411102003828418 -0.470899076028781
vn 0.9821539358781181 0.09281299394051823 0.16358298932015777
vn -0.9821539358781181 -0.09281299394051823 -0.16358298932015777
vn 0.9896129778910566 0.13815299691352392 -0.03974799911198993
vn -0.9896129778910566 -0.13815299691352392 0.03974799911198993
vn 0.2664500427054172 0.1420070227602486 -0.9533301527954791
vn -0.2664500427054172 -0.1420070227602486 0.9533301527954791
vn 0.6614046621380497 0.5929946970835611 0.4592397654089068
vn -0.6614046621380497 -0.5929946970835611 -0.4592397654089068
vn 0.8454850222950177 -0.5326600140459784 0.037794000996608804
vn -0.8454850222950177 0.5326600140459784 -0.037794000996608804
vn 0.7538040668982294 -0.6150670545856659 -0.23124002052197476
vn -0.7538040668982294 0.6150670545856659 0.23124002052197476
vn 0.7431698326244239 -0.6198408604003869 -0.25198394324856077
vn -0.7431698326244239 0.6198408604003869 0.25198394324856077
vn 0.6687150849117751 0.12599201599815207 0.7327660930448125
vn -0.6687150849117751 -0.12599201599815207 -0.7327660930448125
vn 0.7987326818512577 -0.5474317819486583 0.24968890054468587
vn -0.7987326818512577 0.5474317819486583 -0.24968890054468587
vn 0.6958261729218712 0.003183000791017334 -0.7182031784828488
vn -0.6958261729218712 -0.003183000791017334 0.7182031784828488
vn 0.789211764868201 -0.08596397438854188 -0.6080748188347761
vn -0.789211764868201 0.08596397438854188 0.6080748188347761
vn 0 0.35792303508898665 -0.9337510915402926
vn 0 -0.35792303508898665 0.9337510915402926
vn -0.7892101186190789 -0.08596301292032762 -0.6080770913946018
vn 0.7892101186190789 0.08596301292032762 0.6080770913946018
vn -0.668920166100256 0.12596703127900322 0.7325831819084851
vn 0.668920166100256 -0.12596703127900322 -0.7325831819084851
vn -0.9995638972823203 0.029454996973131028 0.002101999783993265
vn 0.9995638972823203 -0.029454996973131028 -0.002101999783993265
vn -0.9994213203995354 0.03401501090470402 0.0000580000185939465
vn 0.9994213203995354 -0.03401501090470402 -0.0000580000185939465
vn -0.640353981173273 0.593941982537809 -0.48701098568163365
vn 0.640353981173273 -0.593941982537809 0.48701098568163365
vn -0.17158906442467065 0.7527452826250443 -0.6355562386253544
vn 0.17158906442467065 -0.7527452826250443 0.6355562386253544
vn -0.3980279778529278 0.7724579570188955 -0.49485597246522456
vn 0.3980279778529278 -0.7724579570188955 0.49485597246522456
vn -0.9576670551075157 0.28631801647574123 -0.029930001722277035
vn 0.9576670551075157 -0.28631801647574123 0.029930001722277035
vn -0.9696498044730457 0.15072496960676507 0.19251296118034286
vn 0.9696498044730457 -0.15072496960676507 -0.19251296118034286
vn -0.9162996802586569 0.1625759432693783 0.3660108722810775
vn 0.9162996802586569 -0.1625759432693783 -0.3660108722810775
vn -0.7861959483406384 0.17014198882031045 0.5940939609632754
vn 0.7861959483406384 -0.17014198882031045 -0.5940939609632754
vn -0.7868437559191376 0.1635499492664046 0.5950868154026108
vn 0.7868437559191376 -0.1635499492664046 -0.5950868154026108
vn -0.47748299356400675 -0.49762999329244556 0.7241369902393575
vn 0.47748299356400675 0.49762999329244556 -0.7241369902393575
vn 0 0.17123600679841186 0.9852300391156038
vn 0 -0.17123600679841186 -0.9852300391156038
vn 0.1819789541600532 0.17120795687323453 0.9682827560925095
vn -0.1819789541600532 -0.17120795687323453 -0.9682827560925095
vn 0.3441950814961116 0.16755003967133003 0.9238272187373678
vn -0.3441950814961116 -0.16755003967133003 -0.9238272187373678
vn 0.4833990603402915 0.1610930201084373 0.8604501074056915
vn -0.4833990603402915 -0.1610930201084373 -0.8604501074056915
vn 0.6389970721878229 0.15390501738672757 0.7536550851407966
vn -0.6389970721878229 -0.15390501738672757 -0.7536550851407966
vn 0.7859417657084369 0.13069896103825332 0.6043288198477927
vn -0.7859417657084369 -0.13069896103825332 -0.6043288198477927
vn 0.9287067132646327 0.1099779660446381 0.35413089066316683
vn -0.9287067132646327 -0.1099779660446381 -0.35413089066316683
vn 0.966434802285822 0.09916097971354963 0.2370039515134996
vn -0.966434802285822 -0.09916097971354963 -0.2370039515134996
vn 0.9826689339110944 -0.02319799843983031 0.18391198763109165
vn -0.9826689339110944 0.02319799843983031 -0.18391198763109165
vn 0.9483200584331131 -0.23633801456255812 0.21173901304682902
vn -0.9483200584331131 0.23633801456255812 -0.21173901304682902
vn 0.9883186193624993 0.14448394435397008 -0.048483981327052686
vn -0.9883186193624993 -0.14448394435397008 0.048483981327052686
vn 0.8784982372938264 0.1469710396987939 -0.4545771227872069
vn -0.8784982372938264 -0.1469710396987939 0.4545771227872069
vn 0.5933741226890131 0.2975450615219112 -0.7479131546422794
vn -0.5933741226890131 -0.2975450615219112 0.7479131546422794
vn 0.48974384573340646 0.8708627256830743 -0.04182198682630604
vn -0.48974384573340646 -0.8708627256830743 0.04182198682630604
vn 0.4517289346255675 -0.8777998729643729 0.15939997693155714
vn -0.4517289346255675 0.8777998729643729 -0.15939997693155714
vn 0.9994163621520766 0.03414401237254607 -0.0010590003837431475
vn -0.9994163621520766 -0.03414401237254607 0.0010590003837431475
vn 0.7831149428008952 0.1089099920451599 0.6122659552797902
vn -0.7831149428008952 -0.1089099920451599 -0.6122659552797902
vn 0.8016947670816489 0.14849795685652345 0.578993831783499
vn -0.8016947670816489 -0.14849795685652345 -0.578993831783499
vn 0.8067420179968011 0.024732000551721606 -0.5903860131703313
vn -0.8067420179968011 -0.024732000551721606 0.5903860131703313
vn 0.7351840870193344 0.26329003116406324 -0.6246460739356122
vn -0.7351840870193344 -0.26329003116406324 0.6246460739356122
vn -0.8392571152514109 0.2204420302723142 -0.4970440682568298
vn 0.8392571152514109 -0.2204420302723142 0.4970440682568298
vn -0.9995258063738787 0.008193998412675176 -0.029681994250063994
vn 0.9995258063738787 -0.008193998412675176 0.029681994250063994
vn -0.6958261729218712 0.003183000791017334 -0.7182031784828488
vn 0.6958261729218712 -0.003183000791017334 0.7182031784828488
vn -0.8017396693818704 0.14840393880178981 0.5789557612525883
vn 0.8017396693818704 -0.14840393880178981 -0.5789557612525883
vn -0.78315540888163 0.10885305683165142 0.6122243196393397
vn 0.78315540888163 -0.10885305683165142 -0.6122243196393397
vn -0.43681411722585467 0.8725282341565072 -0.2188330587272509
vn 0.43681411722585467 -0.8725282341565072 0.2188330587272509
vn -0.9844693356799812 0.14800205046508172 0.09442203219560516
vn 0.9844693356799812 -0.14800205046508172 -0.09442203219560516
vn -0.7892269763981676 0.17807499467466723 0.5877159824243539
vn 0.7892269763981676 -0.17807499467466723 -0.5877159824243539
vn -0.18325695951698442 -0.8696378078896376 0.4584178987316006
vn 0.18325695951698442 0.8696378078896376 -0.4584178987316006
vn -0.2697220222319735 -0.7377010608053814 0.6189080510138075
vn 0.2697220222319735 0.7377010608053814 -0.6189080510138075
vn -0.4030841951216182 -0.5278402555124861 0.7476013618926001
vn 0.4030841951216182 0.5278402555124861 -0.7476013618926001
vn -0.4672939020643206 -0.1052499779416595 0.8778148160271513
vn 0.4672939020643206 0.1052499779416595 -0.8778148160271513
vn -0.322040921432008 -0.10608097411953417 0.9407637704828316
vn 0.322040921432008 0.10608097411953417 -0.9407637704828316
vn -0.16683105715958316 -0.050754017389319256 0.9846783373700574
vn 0.16683105715958316 0.050754017389319256 -0.9846783373700574
vn 0.6414199099440095 0.1458489795226587 0.7531988942501294
vn -0.6414199099440095 -0.1458489795226587 -0.7531988942501294
vn 0.8708598163613744 0.1184539750215536 0.4770448994053142
vn -0.8708598163613744 -0.1184539750215536 -0.4770448994053142
vn 0.9875463433274587 0.13625104736863858 0.07866302734775688
vn -0.9875463433274587 -0.13625104736863858 -0.07866302734775688
vn 0.9864649835980469 0.14222499763522495 0.08160199864320361
vn -0.9864649835980469 -0.14222499763522495 -0.08160199864320361
vn 0.5082799240098698 0.1431279786017249 -0.8492148730385646
vn -0.5082799240098698 -0.1431279786017249 0.8492148730385646
vn 0.8391249920862123 -0.5281689950188382 0.1300259987737247
vn -0.8391249920862123 0.5281689950188382 -0.1300259987737247
vn 0.4176520938831895 -0.20957804711063516 -0.8841061987364867
vn -0.4176520938831895 0.20957804711063516 0.8841061987364867
vn 0.8488110861029765 -0.2725500276473398 -0.45303004595514373
vn -0.8488110861029765 0.2725500276473398 0.45303004595514373
vn 0.9995638068498062 0.02945799430769975 0.0021029995936279705
vn -0.9995638068498062 -0.02945799430769975 -0.0021029995936279705
vn 0.8002629927060031 -0.5028459954168104 0.3266879970224022
vn -0.8002629927060031 0.5028459954168104 -0.3266879970224022
vn 0.4988092704080705 -0.8368364536550225 0.22559712229781215
vn -0.4988092704080705 0.8368364536550225 -0.22559712229781215
vn 0.877262085388748 0.05790700563640773 -0.47650604638095656
vn -0.877262085388748 -0.05790700563640773 0.47650604638095656
vn 0.9984324816818859 0.02479001195964669 -0.05018002420875636
vn -0.9984324816818859 -0.02479001195964669 0.05018002420875636
vn 0.0000010000005257694147 0.37059519484751646 -0.9287944883314776
vn -0.0000010000005257694147 -0.37059519484751646 0.9287944883314776
vn -0.7351830468113116 0.2632930167646569 -0.6246460397730884
vn 0.7351830468113116 -0.2632930167646569 0.6246460397730884
vn -0.9984324321775624 0.02479201073137293 -0.05018002172072818
vn 0.9984324321775624 -0.02479201073137293 0.05018002172072818
vn -0.8191289960083844 -0.013262999935369274 -0.5734559972055489
vn 0.8191289960083844 0.013262999935369274 0.5734559972055489
vn -0.8067421376963734 0.02472600422028435 -0.5903861007682891
vn 0.8067421376963734 -0.02472600422028435 0.5903861007682891
vn -0.8240567948193603 0.44521788914587934 0.3503019127788632
vn 0.8240567948193603 -0.44521788914587934 -0.3503019127788632
vn -0.693469891145693 0.7204798869059208 0.0028709995493379605
vn 0.693469891145693 -0.7204798869059208 -0.0028709995493379605
vn -0.5437240408141029 0.8392640629985199 0
vn 0.5437240408141029 -0.8392640629985199 0
vn 0.0030450011083044807 0.999995363973379 0
vn -0.0030450011083044807 -0.999995363973379 0
vn 0.007838002213432543 0.9999692823888654 0
vn -0.007838002213432543 -0.9999692823888654 0
vn 0.027262008791617585 0.9996283223661911 0
vn -0.027262008791617585 -0.9996283223661911 0
vn -0.6352991289158653 0.7722661567094228 0
vn 0.6352991289158653 -0.7722661567094228 0
vn -0.985171273531857 0.1481060411214999 0.08661502404857818
vn 0.985171273531857 -0.1481060411214999 -0.08661502404857818
vn -0.969659098236653 0.1502630152232219 0.19282701953540277
vn 0.969659098236653 -0.1502630152232219 -0.19282701953540277
vn -0.9148537232526738 0.16241295086935886 0.36968188816958225
vn 0.9148537232526738 -0.16241295086935886 -0.36968188816958225
vn -0.791345116730931 0.18016602657620231 0.5842200861780191
vn 0.791345116730931 -0.18016602657620231 -0.5842200861780191
vn -0.5611528357926755 0.19881994182032287 0.8034787648820609
vn 0.5611528357926755 -0.19881994182032287 -0.8034787648820609
vn -0.4947469653041387 0.18942198671612048 0.84814194052108
vn 0.4947469653041387 -0.18942198671612048 -0.84814194052108
vn -0.29284910576291295 -0.4844201749491046 0.8243642977204563
vn 0.29284910576291295 0.4844201749491046 -0.8243642977204563
vn 0 -0.20088093133720208 0.9796156651590959
vn 0 0.20088093133720208 -0.9796156651590959
vn 0.16683105715958316 -0.050754017389319256 0.9846783373700574
vn -0.16683105715958316 0.050754017389319256 -0.9846783373700574
vn 0.32204208652354205 -0.10608202850122175 0.9407632527563082
vn -0.32204208652354205 0.10608202850122175 -0.9407632527563082
vn 0.4672930220613714 -0.10525200496905271 0.8778150414425269
vn -0.4672930220613714 0.10525200496905271 -0.8778150414425269
vn 0.6135888417821492 -0.10218597365068606 0.7829857981020485
vn -0.6135888417821492 0.10218597365068606 -0.7829857981020485
vn 0.7850515541646386 0.12419792946727055 0.6068516553654015
vn -0.7850515541646386 -0.12419792946727055 -0.6068516553654015
vn 0.9217211867103146 -0.09069501837181973 0.3771000763880389
vn -0.9217211867103146 0.09069501837181973 -0.3771000763880389
vn 0.9619721787878369 -0.064231011937688 0.26548804934241876
vn -0.9619721787878369 0.064231011937688 -0.26548804934241876
vn 0.9086081652063317 -0.29296705326829986 0.2976600541215977
vn -0.9086081652063317 0.29296705326829986 -0.2976600541215977
vn 0.9861414004509019 0.14760905994087778 0.07574103075681043
vn -0.9861414004509019 -0.14760905994087778 -0.07574103075681043
vn 0.9867819721169956 0.14999499576166644 -0.06134199826668982
vn -0.9867819721169956 -0.14999499576166644 0.06134199826668982
vn 0.8847191176380124 0.15128502011584108 -0.4408910586237447
vn -0.8847191176380124 -0.15128502011584108 0.4408910586237447
vn 0.6900069054838955 0.11590798412309941 -0.714461902134087
vn -0.6900069054838955 -0.11590798412309941 0.714461902134087
vn 0.9994209463905622 0.0340259981748285 0.000057999996888858814
vn -0.9994209463905622 -0.0340259981748285 -0.000057999996888858814
vn 0.8240550522986556 0.44522102825595344 0.3503020222319187
vn -0.8240550522986556 -0.44522102825595344 -0.3503020222319187
vn 0.2569191019119919 0.9116843616374515 0.3206621271969111
vn -0.2569191019119919 -0.9116843616374515 -0.3206621271969111
vn 0.3580838127277652 0.9211915182312403 -0.15225692037201125
vn -0.3580838127277652 -0.9211915182312403 0.15225692037201125
vn 0.594134319335994 0.5939193192204355 -0.5424612915627157
vn -0.594134319335994 -0.5939193192204355 0.5424612915627157
vn 0.7274149090433181 0.30046396242968815 -0.6169189228598456
vn -0.7274149090433181 -0.30046396242968815 0.6169189228598456
vn -0.3582551212899787 0.9199143114439422 -0.15940805396880117
vn 0.3582551212899787 -0.9199143114439422 0.15940805396880117
vn -0.2569190195276447 0.9116840692943736 0.3206630243726356
vn 0.2569190195276447 -0.9116840692943736 -0.3206630243726356
vn -0.9884246574886759 0.1498619480694721 0.023623991813756746
vn 0.9884246574886759 -0.1498619480694721 -0.023623991813756746
vn -0.5334570022634582 0.20939200088845009 0.8194990034771343
vn 0.5334570022634582 -0.20939200088845009 -0.8194990034771343
vn -0.12210094219529088 -0.8777745844462491 0.4632527806880784
vn 0.12210094219529088 0.8777745844462491 -0.4632527806880784
vn -0.2015540455873984 -0.7531911703564217 0.6261621416250558
vn 0.2015540455873984 0.7531911703564217 -0.6261621416250558
vn -0.30190801965542036 -0.5440880354223089 0.782828050965239
vn 0.30190801965542036 0.5440880354223089 -0.782828050965239
vn -0.1490460041112105 -0.5259310145070185 0.8373660230974859
vn 0.1490460041112105 0.5259310145070185 -0.8373660230974859
vn 0.7695164834072133 -0.09761493446901788 0.6311225763139875
vn -0.7695164834072133 0.09761493446901788 -0.6311225763139875
vn 0.8620215755277505 -0.09301095420002238 0.4982647546470213
vn -0.8620215755277505 0.09301095420002238 -0.4982647546470213
vn 0.9758501986928791 0.13621802773535543 0.1707660347696759
vn -0.9758501986928791 -0.13621802773535543 -0.1707660347696759
vn 0.9721297247254673 0.1416829598801378 0.18678794710791832
vn -0.9721297247254673 -0.1416829598801378 -0.18678794710791832
vn 0.9722801473058009 0.14875802253766024 0.1803950273308409
vn -0.9722801473058009 -0.14875802253766024 -0.1803950273308409
vn 0.5241188881690269 0.1492069681637874 -0.8384728210954925
vn -0.5241188881690269 -0.1492069681637874 0.8384728210954925
vn 0.8220545341110004 -0.5219427041955805 0.22760087101008777
vn -0.8220545341110004 0.5219427041955805 -0.22760087101008777
vn 0.7211881053017648 0.11307701651054615 -0.6834480997912895
vn -0.7211881053017648 -0.11307701651054615 0.6834480997912895
vn 0.6934668389288228 0.7204828326538322 0.002868999333619197
vn -0.6934668389288228 -0.7204828326538322 -0.002868999333619197
vn 0.7251809849213119 -0.5746679880509288 0.37930099211319446
vn -0.7251809849213119 0.5746679880509288 -0.37930099211319446
vn 0.701381051278672 0.7126510521026331 0.013896001015950727
vn -0.701381051278672 -0.7126510521026331 -0.013896001015950727
vn 0.9799937029923734 0.19875893976193848 -0.010354996861701177
vn -0.9799937029923734 -0.19875893976193848 0.010354996861701177
vn 0.0000010000000646355061 0.404762026161997 -0.9144220591041288
vn -0.0000010000000646355061 -0.404762026161997 0.9144220591041288
vn -0.7274142196129328 0.3004650907131289 -0.6169191862534826
vn 0.7274142196129328 -0.3004650907131289 0.6169191862534826
vn -0.9842075863528935 0.17439192670579168 0.03037898723218526
vn 0.9842075863528935 -0.17439192670579168 -0.03037898723218526
vn -0.8009580495833096 0.34265102121181223 -0.49097503039381013
vn 0.8009580495833096 -0.34265102121181223 0.49097503039381013
vn 0.002075000486246333 0.999990234333239 0.003902000914377664
vn -0.002075000486246333 -0.999990234333239 -0.003902000914377664
vn 0.007837002274572685 0.9999692902261291 0
vn -0.007837002274572685 -0.9999692902261291 0
vn 0.027262008791603953 0.9996283223656912 0.000001000000322707618
vn -0.027262008791603953 -0.9996283223656912 -0.000001000000322707618
vn -0.6352930974253803 0.7722711184316464 0
vn 0.6352930974253803 -0.7722711184316464 0
vn -0.9885412406687969 0.15095103675031746 -0.0000010000002434250709
vn 0.9885412406687969 -0.15095103675031746 0.0000010000002434250709
vn -0.9853040926180964 0.1468640138051445 0.08721700819835558
vn 0.9853040926180964 -0.1468640138051445 -0.08721700819835558
vn -0.9696693146179872 0.14986004862344934 0.1930890626494944
vn 0.9696693146179872 -0.14986004862344934 -0.1930890626494944
vn -0.9143405559917621 0.1620229213208783 0.3711198197824037
vn 0.9143405559917621 -0.1620229213208783 -0.3711198197824037
vn -0.7868468510707567 0.17501296687468623 0.591812887985514
vn 0.7868468510707567 -0.17501296687468623 -0.591812887985514
vn -0.5338450194613205 0.19991200728779215 0.8216110299518306
vn 0.5338450194613205 -0.19991200728779215 -0.8216110299518306
vn -0.34372006925410137 0.20717404174225862 0.9159341845461018
vn 0.34372006925410137 -0.20717404174225862 -0.9159341845461018
vn -0.3478241198873427 0.1967720678230143 0.916678315958903
vn 0.3478241198873427 -0.1967720678230143 -0.916678315958903
vn -0.2299040282825654 -0.48193905928766495 0.8455051040131987
vn 0.2299040282825654 0.48193905928766495 -0.8455051040131987
vn 0 -0.5530139818113706 0.8331719725969741
vn 0 0.5530139818113706 -0.8331719725969741
vn 0.1490460041112105 -0.5259310145070185 0.8373660230974859
vn -0.1490460041112105 0.5259310145070185 -0.8373660230974859
vn 0.30190801965542036 -0.5440880354223089 0.782828050965239
vn -0.30190801965542036 0.5440880354223089 -0.782828050965239
vn 0.40308305625165525 -0.527840073661935 0.7476021043304975
vn -0.40308305625165525 0.527840073661935 -0.7476021043304975
vn 0.5540271174174727 -0.5065511073556671 0.6606511400147838
vn -0.5540271174174727 0.5065511073556671 -0.6606511400147838
vn 0.7857369420020084 -0.4336829679883435 0.4410629674435997
vn -0.7857369420020084 0.4336829679883435 -0.4410629674435997
vn 0.8523324730464639 -0.3744047685246979 0.3651717742329855
vn -0.8523324730464639 0.3744047685246979 -0.3651717742329855
vn 0.9851346381399186 0.14933994514438673 0.08489596881597604
vn -0.9851346381399186 -0.14933994514438673 -0.08489596881597604
vn 0.9859561520181822 0.1519910234345098 -0.06920401067011737
vn -0.9859561520181822 -0.1519910234345098 0.06920401067011737
vn 0.8733930199260252 0.15474100353033876 -0.4617790105352573
vn -0.8733930199260252 -0.15474100353033876 0.4617790105352573
vn 0.2607519874286255 0.13367799355511695 -0.9561059539042209
vn -0.2607519874286255 -0.13367799355511695 0.9561059539042209
vn 0.458827963037509 -0.8463819318167439 0.27039697821722575
vn -0.458827963037509 0.8463819318167439 -0.27039697821722575
vn 0.6846959951160634 0.6683809952324384 -0.2906169979270288
vn -0.6846959951160634 -0.6683809952324384 0.2906169979270288
vn 0.543719854367375 0.8392667752066206 9.99999732341462e-7
vn -0.543719854367375 -0.8392667752066206 -9.99999732341462e-7
vn -0.006193002361859824 0.9999803813680908 -0.0009400003584929532
vn 0.006193002361859824 -0.9999803813680908 0.0009400003584929532
vn -0.0057970014517026765 0.999792250371006 -0.01954100489351746
vn 0.0057970014517026765 -0.999792250371006 0.01954100489351746
vn 0.6947508166063038 0.3999218944324316 -0.597815842194274
vn -0.6947508166063038 -0.3999218944324316 0.597815842194274
vn -0.5004869759238243 0.8655109583641636 0.02008899903360887
vn 0.5004869759238243 -0.8655109583641636 -0.02008899903360887
vn 0.0061920023939988685 0.9999803866199917 -0.0009410003638164665
vn -0.0061920023939988685 -0.9999803866199917 0.0009410003638164665
vn -0.9886130553712302 0.14856700832108982 0.02391800133962341
vn 0.9886130553712302 -0.14856700832108982 -0.02391800133962341
vn -0.3406011203103847 0.21845807716585083 0.9144763230200714
vn 0.3406011203103847 -0.21845807716585083 -0.9144763230200714
vn -0.08365400889154326 -0.8811240936542445 0.4654270494700108
vn 0.08365400889154326 0.8811240936542445 -0.4654270494700108
vn -0.12237597912119123 -0.7674818690583947 0.6292818926369667
vn 0.12237597912119123 0.7674818690583947 -0.6292818926369667
vn 0 -0.7515173593538934 0.6597133154558511
vn 0 0.7515173593538934 -0.6597133154558511
vn 0.693580097042266 -0.4707370658631813 0.5453010762958054
vn -0.693580097042266 0.4707370658631813 -0.5453010762958054
vn 0.9389123868911347 0.14232305864607855 0.3133491291196089
vn -0.9389123868911347 -0.14232305864607855 -0.3133491291196089
vn 0.923411378928401 0.15166706223765333 0.35257414468129805
vn -0.923411378928401 -0.15166706223765333 -0.35257414468129805
vn 0.9697647548265301 0.15122296176819364 0.19154095157510162
vn -0.9697647548265301 -0.15122296176819364 -0.19154095157510162
vn 0.4775530376584014 0.1510910119145846 -0.8655140682518456
vn -0.4775530376584014 -0.1510910119145846 0.8655140682518456
vn 0.7747807927016159 -0.5107848633356974 0.3725769003142692
vn -0.7747807927016159 0.5107848633356974 -0.3725769003142692
vn 0.26106303050404206 0.1332120155652257 -0.9560861117143662
vn -0.26106303050404206 -0.1332120155652257 0.9560861117143662
vn 0.1951359259402712 0.665250747518097 -0.7206687264853706
vn -0.1951359259402712 -0.665250747518097 0.7206687264853706
vn -0.0020740004984062307 0.9999902403091836 0.0039010009374557215
vn 0.0020740004984062307 -0.9999902403091836 -0.0039010009374557215
vn 0.42613191819098917 0.772415851711233 -0.47094090958853724
vn -0.42613191819098917 -0.772415851711233 0.47094090958853724
vn -0.005077001079484777 0.9999852126193784 0.0019490004144016066
vn 0.005077001079484777 -0.9999852126193784 -0.0019490004144016066
vn 0.08319598228325106 0.9300278019487406 -0.3579479237742816
vn -0.08319598228325106 -0.9300278019487406 0.3579479237742816
vn 0.648920924451657 -0.6283309268487755 0.42907095004691914
vn -0.648920924451657 0.6283309268487755 -0.42907095004691914
vn 0 0.4675980979419392 -0.8839411851481301
vn 0 -0.4675980979419392 0.8839411851481301
vn -0.694753105832096 0.39991306091896134 -0.5978190910660879
vn 0.694753105832096 -0.39991306091896134 0.5978190910660879
vn 0.020140000632617568 0.9997830314041851 0.005317000167012516
vn -0.020140000632617568 -0.9997830314041851 -0.005317000167012516
vn -0.4261359063830653 0.7724118303104086 -0.4709438965392885
vn 0.4261359063830653 -0.7724118303104086 0.4709438965392885
vn 0.005076001105040484 0.9999852176958055 0.0019490004242957114
vn -0.005076001105040484 -0.9999852176958055 -0.0019490004242957114
vn 0.027259011019920835 0.9996284041168578 0.0000010000004044892072
vn -0.027259011019920835 -0.9996284041168578 -0.0000010000004044892072
vn -0.6352926068067273 0.7722715220281743 9.999993812550532e-7
vn 0.6352926068067273 -0.7722715220281743 -9.999993812550532e-7
vn -0.9885404717627647 0.1509560720410099 0.0000010000004772653605
vn 0.9885404717627647 -0.1509560720410099 -0.0000010000004772653605
vn -0.9887388853448568 0.14965098264632343 0
vn 0.9887388853448568 -0.14965098264632343 0
vn -0.8498759831070153 -0.52154298963329 0.07552299849882928
vn 0.8498759831070153 0.52154298963329 -0.07552299849882928
vn -0.9697437770651439 0.14856096584724915 0.1937179554660875
vn 0.9697437770651439 -0.14856096584724915 -0.1937179554660875
vn -0.9141561508078956 0.16169402667458488 0.3717170613219829
vn 0.9141561508078956 -0.16169402667458488 -0.3717170613219829
vn -0.7838032537598717 0.18030105837328833 0.5942591923941188
vn 0.7838032537598717 -0.18030105837328833 -0.5942591923941188
vn -0.5532470452771868 0.19751201616418637 0.8092630662292827
vn 0.5532470452771868 -0.19751201616418637 -0.8092630662292827
vn -0.35485496973832437 0.21409798174193884 0.9100769223895536
vn 0.35485496973832437 -0.21409798174193884 -0.9100769223895536
vn -0.2369779719194154 0.1995329763564409 0.9508038873349755
vn 0.2369779719194154 -0.1995329763564409 -0.9508038873349755
vn -0.22001710143428765 0.21248209796043152 0.9520734389335668
vn 0.22001710143428765 -0.21248209796043152 -0.9520734389335668
vn -0.02370199952883981 -0.582167988427374 0.8127229838442863
vn 0.02370199952883981 0.582167988427374 -0.8127229838442863
vn 0.12237597912119123 -0.7674818690583947 0.6292818926369667
vn -0.12237597912119123 0.7674818690583947 -0.6292818926369667
vn 0.20155308621092466 -0.7531913221648529 0.6261622678303224
vn -0.20155308621092466 0.7531913221648529 -0.6261622678303224
vn 0.2697220222319735 -0.7377010608053814 0.6189080510138075
vn -0.2697220222319735 0.7377010608053814 -0.6189080510138075
vn 0.4182909072898044 -0.7039498439762218 0.5740098727761788
vn -0.4182909072898044 0.7039498439762218 -0.5740098727761788
vn 0.5536970588909454 -0.6529640694489357 0.5167760549640457
vn -0.5536970588909454 0.6529640694489357 -0.5167760549640457
vn 0.9187145582221599 0.1598480971256514 0.3611262194246912
vn -0.9187145582221599 -0.1598480971256514 -0.3611262194246912
vn 0.9846238337497258 0.14865097490080525 0.09175398450766219
vn -0.9846238337497258 -0.14865097490080525 -0.09175398450766219
vn 0.9855921307461967 0.15159502011021772 -0.07501400995117165
vn -0.9855921307461967 -0.15159502011021772 0.07501400995117165
vn 0.5748541413138242 0.1503880369692191 -0.8043171977217016
vn -0.5748541413138242 -0.1503880369692191 0.8043171977217016
vn 0.4004860247035807 -0.8608200530988259 0.31400601936914774
vn -0.4004860247035807 0.8608200530988259 -0.31400601936914774
vn -0.0030440011172064513 0.999995367017367 0.0000010000003672412457
vn 0.0030440011172064513 -0.999995367017367 -0.0000010000003672412457
vn 0.6621295458620535 0.689124527346877 -0.294434798054602
vn -0.6621295458620535 -0.689124527346877 0.294434798054602
vn 0.26969513439046744 0.6843263410033225 -0.6774673375854458
vn -0.26969513439046744 -0.6843263410033225 0.6774673375854458
vn -0.02879399853068548 0.9995849489926806 0.0009139999533601764
vn 0.02879399853068548 -0.9995849489926806 -0.0009139999533601764
vn 0.2641840211197961 0.4435590354596633 -0.8564240684655401
vn -0.2641840211197961 -0.4435590354596633 0.8564240684655401
vn -0.15194998316113176 0.8060559106740983 -0.5720009366117176
vn 0.15194998316113176 -0.8060559106740983 0.5720009366117176
vn -0.21139099676096146 0.8648579867482137 -0.45533999302305284
vn 0.21139099676096146 -0.8648579867482137 0.45533999302305284
vn -0.6621263205523136 0.68912833362468 -0.2944331425426267
vn 0.6621263205523136 -0.68912833362468 0.2944331425426267
vn 0.02879499772780122 0.9995849211232569 0.0009129999279558571
vn -0.02879499772780122 -0.9995849211232569 -0.0009129999279558571
vn -0.7575520466091487 -0.6526600401555629 0.012238000752955112
vn 0.7575520466091487 0.6526600401555629 -0.012238000752955112
vn -0.2559401112478487 0.22184709642885614 0.9408924089716765
vn 0.2559401112478487 -0.22184709642885614 -0.9408924089716765
vn 0 -0.8660893601884521 0.49988920789346697
vn 0 0.8660893601884521 -0.49988920789346697
vn 0.8239541747207373 0.15816603353934813 0.5441351153846798
vn -0.8239541747207373 -0.15816603353934813 -0.5441351153846798
vn 0.7861950993695633 0.1701420215047617 0.5940950750894636
vn -0.7861950993695633 -0.1701420215047617 -0.5940950750894636
vn 0.9162996802586569 0.1625759432693783 0.3660108722810775
vn -0.9162996802586569 -0.1625759432693783 -0.3660108722810775
vn 0.9668653496330767 0.15115205465886009 0.20572907439473273
vn -0.9668653496330767 -0.15115205465886009 -0.20572907439473273
vn 0.9130327810483742 0.14892996428555644 -0.37972490893931965
vn -0.9130327810483742 -0.14892996428555644 0.37972490893931965
vn 0.5999630224236184 -0.5916750221138545 0.5384840201258405
vn -0.5999630224236184 0.5916750221138545 -0.5384840201258405
vn -0.007838002213432543 0.9999692823888654 0
vn 0.007838002213432543 -0.9999692823888654 0
vn 0.708537728027491 0.1741609331482517 -0.6838437375062898
vn -0.708537728027491 -0.1741609331482517 0.6838437375062898
vn 0.4290549044732959 0.1705579620262122 -0.887029802507715
vn -0.4290549044732959 -0.1705579620262122 0.887029802507715
vn -0.027259011019920835 0.9996284041168578 -0.0000010000004040452832
vn 0.027259011019920835 -0.9996284041168578 0.0000010000004040452832
vn 0.23253691625486766 0.21890392116461294 -0.9476326587224786
vn -0.23253691625486766 -0.21890392116461294 0.9476326587224786
vn 0.42444417197038214 -0.8110063285922567 0.4026361631345165
vn -0.42444417197038214 0.8110063285922567 -0.4026361631345165
vn 0 0.3346990290809961 -0.9423250818758029
vn 0 -0.3346990290809961 0.9423250818758029
vn -0.25777895261443284 0.44370191843761175 -0.8582998422251916
vn 0.25777895261443284 -0.44370191843761175 0.8582998422251916
vn -0.4347281579617653 0.202799073688578 -0.8774303188209449
vn 0.4347281579617653 -0.202799073688578 0.8774303188209449
vn -0.7085380982232263 0.17415802414318038 -0.6838440947999458
vn 0.7085380982232263 -0.17415802414318038 0.6838440947999458
vn -0.6342109716095464 0.773104965391957 -0.009227999586908436
vn 0.6342109716095464 -0.773104965391957 0.009227999586908436
vn -0.9885406437764777 0.15095494560294231 0
vn 0.9885406437764777 -0.15095494560294231 0
vn -0.9887384190472055 0.1496540634263986 0
vn 0.9887384190472055 -0.1496540634263986 0
vn -0.7579382947921987 -0.6523262537154962 -0.0000010000003890845722
vn 0.7579382947921987 0.6523262537154962 0.0000010000003890845722
vn -0.000002999999999985 -1 -0.0000010000000002170445
vn 0.000002999999999985 1 0.0000010000000002170445
vn -0.7386592929593508 -0.6534762591749438 0.16538206559211122
vn 0.7386592929593508 0.6534762591749438 -0.16538206559211122
vn -0.9135334828470149 0.16045790916448235 0.37377778840370646
vn 0.9135334828470149 -0.16045790916448235 -0.37377778840370646
vn -0.7836081972679032 0.1799750453074634 0.5946151496902204
vn 0.7836081972679032 -0.1799750453074634 -0.5946151496902204
vn -0.5650952144271151 0.20843007908943365 0.7982633029034625
vn 0.5650952144271151 -0.20843007908943365 -0.7982633029034625
vn -0.3826769606435901 0.2195559774197665 0.8974149077053687
vn 0.3826769606435901 -0.2195559774197665 -0.8974149077053687
vn -0.2340219435687744 0.2248099457901228 0.9458827719131665
vn 0.2340219435687744 -0.2248099457901228 -0.9458827719131665
vn 0.018365991716232516 0.20211990883615985 0.979188558348361
vn -0.018365991716232516 -0.20211990883615985 -0.979188558348361
vn 0 0.22411091815280249 0.9745636440811384
vn 0 -0.22411091815280249 -0.9745636440811384
vn 0.08365396995668593 -0.8811236835550594 0.46542783284720873
vn -0.08365396995668593 0.8811236835550594 -0.46542783284720873
vn 0.122101049372424 -0.8777743549342768 0.4632531873197067
vn -0.122101049372424 0.8777743549342768 -0.4632531873197067
vn 0.18325599310004548 -0.869637967256392 0.4584179827396463
vn -0.18325599310004548 0.869637967256392 -0.4584179827396463
vn 0.3131229436048407 -0.8499208469245948 0.42377892367509173
vn -0.3131229436048407 0.8499208469245948 -0.42377892367509173
vn 0.7892266530978687 0.178073921728159 0.5877167416709262
vn -0.7892266530978687 -0.178073921728159 -0.5877167416709262
vn 0.9715448008090477 0.14999996924625944 0.18330496241790395
vn -0.9715448008090477 -0.14999996924625944 -0.18330496241790395
vn 0.9857696762235101 0.1486199511857107 0.0785509741998975
vn -0.9857696762235101 -0.1486199511857107 -0.0785509741998975
vn 0.9504130110903697 0.3080980035951957 -0.042317000493797025
vn -0.9504130110903697 -0.3080980035951957 0.042317000493797025
vn 0.5422699212954916 0.7747068875598252 -0.32522695279688846
vn -0.5422699212954916 -0.7747068875598252 0.32522695279688846
vn 0.2644071307582161 0.8698504301702841 -0.4164722059595084
vn -0.2644071307582161 -0.8698504301702841 0.4164722059595084
vn 0.9045508009395975 0.15938896492399168 -0.39545291297446644
vn -0.9045508009395975 -0.15938896492399168 0.39545291297446644
vn 0.7524011651287494 0.6531301433418352 -0.08551901876877545
vn -0.7524011651287494 -0.6531301433418352 0.08551901876877545
vn 0.6342109774617277 0.7731049725257825 -0.009226999672095334
vn -0.6342109774617277 -0.7731049725257825 0.009226999672095334
vn 0.12926396378476665 0.16903495264232934 -0.977096726251734
vn -0.12926396378476665 -0.16903495264232934 0.977096726251734
vn -9.999997154236214e-7 0.17518395014677193 -0.9845357198243105
vn 9.999997154236214e-7 -0.17518395014677193 0.9845357198243105
vn -0.23911503762834088 0.21907703447506047 -0.9459541488600863
vn 0.23911503762834088 -0.21907703447506047 0.9459541488600863
vn -0.904549139746521 0.159398024625881 -0.3954530610947344
vn 0.904549139746521 -0.159398024625881 0.3954530610947344
vn -0.752401961745628 0.6531289667929647 -0.08552099565185599
vn 0.752401961745628 -0.6531289667929647 0.08552099565185599
vn -0.000012999999998894999 -1 -0.0000010000000001370446
vn 0.000012999999998894999 1 0.0000010000000001370446
vn -0.000022999999752129005 -0.9999999892230002 -0.00014499999843755706
vn 0.000022999999752129005 0.9999999892230002 0.00014499999843755706
vn 0.0000010000004765073407 0.2133471016614114 0.9769764655362356
vn -0.0000010000004765073407 -0.2133471016614114 -0.9769764655362356
vn 0.18266301121066864 -0.4816780295622676 0.8571000526032315
vn -0.18266301121066864 0.4816780295622676 -0.8571000526032315
vn 0.5405689080100453 0.18512996849597294 0.8206778603432088
vn -0.5405689080100453 -0.18512996849597294 -0.8206778603432088
vn 0.561153971773956 0.19881998999935457 0.8034779595850596
vn -0.561153971773956 -0.19881998999935457 -0.8034779595850596
vn 0.7913442806372417 0.180166063892933 0.5842212071844483
vn -0.7913442806372417 -0.180166063892933 -0.5842212071844483
vn 0.9148543430041159 0.16240206088901002 0.36968513860515084
vn -0.9148543430041159 -0.16240206088901002 -0.36968513860515084
vn -0.027262008791617585 0.9996283223661911 0
vn 0.027262008791617585 -0.9996283223661911 0
vn 0.42929125480053376 0.19669011674299502 -0.8814885231966497
vn -0.42929125480053376 -0.19669011674299502 0.8814885231966497
vn 0.9774438616032447 0.1549389780621142 -0.14351797967921892
vn -0.9774438616032447 -0.1549389780621142 0.14351797967921892
vn 0.7093802871763516 0.1727050699156896 -0.6833392766342453
vn -0.7093802871763516 -0.1727050699156896 0.6833392766342453
vn 0.23360905410257835 0.21684105021920064 -0.9478432195153018
vn -0.23360905410257835 -0.21684105021920064 0.9478432195153018
vn 0.6352930974241098 0.7722711184301019 -0.0000020000003065345917
vn -0.6352930974241098 -0.7722711184301019 0.0000020000003065345917
vn 0.14761600656994572 0.1663730074047638 -0.9749510433921469
vn -0.14761600656994572 -0.1663730074047638 0.9749510433921469
vn -0.12138004556868731 0.16895406342900002 -0.9781213672078597
vn 0.12138004556868731 -0.16895406342900002 0.9781213672078597
vn -0.44074198819781124 0.16923599546819876 -0.8815359763942299
vn 0.44074198819781124 -0.16923599546819876 0.8815359763942299
vn -0.7093791831344177 0.17270604458605746 -0.6833401764121477
vn 0.7093791831344177 -0.17270604458605746 0.6833401764121477
vn -0.977443211214749 0.15494303348148883 -0.14351803101267116
vn 0.977443211214749 -0.15494303348148883 0.14351803101267116
vn -0.9881912843674 0.15168204364886542 -0.021692006242211886
vn 0.9881912843674 -0.15168204364886542 0.021692006242211886
vn -0.9887393292373978 0.14964804983086347 -0.0000010000003329539377
vn 0.9887393292373978 -0.14964804983086347 0.0000010000003329539377
vn -0.7579368804150023 -0.6523278970776696 -9.999998423678832e-7
vn 0.7579368804150023 0.6523278970776696 9.999998423678832e-7
vn -0.000010999999999328999 -1 -0.0000010000000001610444
vn 0.000010999999999328999 1 0.0000010000000001610444
vn 0.000005999999999892 -1 0
vn -0.000005999999999892 1 0
vn -0.000011999999999130001 -1 -0.0000010000000001495445
vn 0.000011999999999130001 1 0.0000010000000001495445
vn -0.0000029999999999865 -1 0
vn 0.0000029999999999865 1 0
vn -0.6900642517972458 -0.6504942373585605 0.31728311577329843
vn 0.6900642517972458 0.6504942373585605 -0.31728311577329843
vn -0.7846008944605947 0.17815097603629015 0.5938549201185016
vn 0.7846008944605947 -0.17815097603629015 -0.5938549201185016
vn -0.5665541478848157 0.20775305422874787 0.7974052081427216
vn 0.5665541478848157 -0.20775305422874787 -0.7974052081427216
vn -0.3824511103798046 0.21888006317131228 0.8976762590797291
vn 0.3824511103798046 -0.21888006317131228 -0.8976762590797291
vn -0.23248104224018185 0.22348204060512586 0.9465771719864617
vn 0.23248104224018185 -0.22348204060512586 -0.9465771719864617
vn 0 0.22597005752565658 0.9741342479873354
vn 0 -0.22597005752565658 -0.9741342479873354
vn 0.22001498877648565 0.21248198916076258 0.9520739514323288
vn -0.22001498877648565 -0.21248198916076258 -0.9520739514323288
vn 0.27321998374341144 0.19924998814462586 0.94108994400515
vn -0.27321998374341144 -0.19924998814462586 -0.94108994400515
vn 0.291269122854138 -0.482094203342075 0.8262853485181443
vn -0.291269122854138 0.482094203342075 -0.8262853485181443
vn 0.41112387797660105 -0.4926918537668626 0.7669627723620315
vn -0.41112387797660105 0.4926918537668626 -0.7669627723620315
vn 0.5334570022634582 0.20939200088845009 0.8194990034771343
vn -0.5334570022634582 -0.20939200088845009 -0.8194990034771343
vn 0.914340809230582 0.16201896619612333 0.3711209225687822
vn -0.914340809230582 -0.16201896619612333 -0.3711209225687822
vn 0.9851717406939655 0.14810296101797285 0.08661497720216149
vn -0.9851717406939655 -0.14810296101797285 -0.08661497720216149
vn 0.6352930974253803 0.7722711184316464 0
vn -0.6352930974253803 -0.7722711184316464 0
vn 0.9770918457172098 0.1537899757165648 -0.14710597677196807
vn -0.9770918457172098 -0.1537899757165648 0.14710597677196807
vn 0.9046927802415556 0.15783096166136473 -0.3957529038678716
vn -0.9046927802415556 -0.15783096166136473 0.3957529038678716
vn 0.9881910060190716 0.15168400092390727 -0.021691000132119848
vn -0.9881910060190716 -0.15168400092390727 0.021691000132119848
vn 0.9885406437759834 0.15095494560286682 -9.99999639613176e-7
vn -0.9885406437759834 -0.15095494560286682 9.99999639613176e-7
vn 0 0.17382298478544883 -0.9847769138034652
vn 0 -0.17382298478544883 0.9847769138034652
vn -0.13778596922709174 0.166190962883164 -0.9764197819278948
vn 0.13778596922709174 -0.166190962883164 0.9764197819278948
vn -0.9046920275487773 0.1578350048062339 -0.39575301205107505
vn 0.9046920275487773 -0.1578350048062339 0.39575301205107505
vn -0.9770913496199581 0.15379305502977947 -0.1471060526370558
vn 0.9770913496199581 -0.15379305502977947 0.1471060526370558
vn -0.000017999999997075 -1 -0.0000010000000000595445
vn 0.000017999999997075 1 0.0000010000000000595445
vn -0.000014999999844945004 0.9999999896630002 -0.000142999998521587
vn 0.000014999999844945004 -0.9999999896630002 0.000142999998521587
vn -0.00003399999962292301 -0.9999999889095003 -0.00014499999839209958
vn 0.00003399999962292301 0.9999999889095003 0.00014499999839209958
vn 0.23402189095822737 0.22481089525006198 0.9458825592689618
vn -0.23402189095822737 -0.22481089525006198 -0.9458825592689618
vn 0.25594005446814444 0.22184804721281878 0.9408922002369356
vn -0.25594005446814444 -0.22184804721281878 -0.9408922002369356
vn 0.3479730051830579 0.19378000288635297 0.9172590136625731
vn -0.3479730051830579 -0.19378000288635297 -0.9172590136625731
vn 0.3437188725727823 0.20717392319421832 0.9159346604346904
vn -0.3437188725727823 -0.20717392319421832 -0.9159346604346904
vn 0.5338461730836344 0.19991206481549997 0.8216102663825237
vn -0.5338461730836344 -0.19991206481549997 -0.8216102663825237
vn 0.786846385024095 0.17501708564034377 0.5918122895889154
vn -0.786846385024095 -0.17501708564034377 -0.5918122895889154
vn 0.9696694180124552 0.14985806460195225 0.19309008323873922
vn -0.9696694180124552 -0.14985806460195225 -0.19309008323873922
vn 0.988423745690464 0.14986796144077688 0.023623993921830667
vn -0.988423745690464 -0.14986796144077688 -0.023623993921830667
vn 0.6352920104032245 0.7722720126463405 -0.0000010000000162040217
vn -0.6352920104032245 -0.7722720126463405 0.0000010000000162040217
vn 0.3748581299796425 -0.6480502247072418 -0.6629572298761501
vn -0.3748581299796425 0.6480502247072418 0.6629572298761501
vn 0.206229952460908 -0.6064808601970806 -0.7678868229905896
vn -0.206229952460908 0.6064808601970806 0.7678868229905896
vn 0.9883842725717104 0.15038704147299206 -0.02191500604361159
vn -0.9883842725717104 -0.15038704147299206 0.02191500604361159
vn 0.5808380679046208 -0.6519920762230941 -0.4873740569779298
vn -0.5808380679046208 0.6519920762230941 0.4873740569779298
vn 0.118853954013453 -0.6275257571999772 -0.7694707022791467
vn -0.118853954013453 0.6275257571999772 0.7694707022791467
vn 0 -0.5089110619136145 -0.8608191047263979
vn 0 0.5089110619136145 0.8608191047263979
vn -0.24508096887398367 0.21689797245330877 -0.9449288799912051
vn 0.24508096887398367 -0.21689797245330877 0.9449288799912051
vn -0.4005340051052065 -0.4894340062383257 -0.7746140098732304
vn 0.4005340051052065 0.4894340062383257 0.7746140098732304
vn -0.5808429033195781 -0.6519818914786011 -0.4873819188760176
vn 0.5808429033195781 0.6519818914786011 0.4873819188760176
vn -0.9883859320840515 0.1503759896670646 -0.0219159984940641
vn 0.9883859320840515 -0.1503759896670646 0.0219159984940641
vn -0.7579345460784419 -0.6523306093238814 0
vn 0.7579345460784419 0.6523306093238814 0
vn -0.000001999999999995 -1 9.999999997754553e-7
vn 0.000001999999999995 1 -9.999999997754553e-7
vn -0.000005999999999889 -1 -0.0000010000000002035445
vn 0.000005999999999889 1 0.0000010000000002035445
vn -0.000009999999999375 -1 0.000004999999999465456
vn 0.000009999999999375 1 -0.000004999999999465456
vn -0.000017999999997003 -1 0.000002999999999278456
vn 0.000017999999997003 1 -0.000002999999999278456
vn -0.589840875293201 -0.6435878639297722 0.4877318968815383
vn 0.589840875293201 0.6435878639297722 -0.4877318968815383
vn -0.5684258468112444 0.20582094453198316 0.7965737853261818
vn 0.5684258468112444 -0.20582094453198316 -0.7965737853261818
vn -0.3818927788136859 0.2182738735791921 0.8980614798568616
vn 0.3818927788136859 -0.2182738735791921 -0.8980614798568616
vn -0.23160900108508822 0.22280700104385062 0.9469500044364608
vn 0.23160900108508822 -0.22280700104385062 -0.9469500044364608
vn -0.024271997644536237 0.22303197835597402 0.974508905429275
vn 0.024271997644536237 -0.22303197835597402 -0.974508905429275
vn 0.21658602245780584 0.22315002313842686 0.9504180985488577
vn -0.21658602245780584 -0.22315002313842686 -0.9504180985488577
vn 0.34059992484782703 0.21845795179802271 0.9144767982239176
vn -0.34059992484782703 -0.21845795179802271 -0.9144767982239176
vn 0.783802245096176 0.18031205638385917 0.5942571858251424
vn -0.783802245096176 -0.18031205638385917 -0.5942571858251424
vn 0.9141560471699961 0.1616970083434849 0.3717160191803613
vn -0.9141560471699961 -0.1616970083434849 -0.3717160191803613
vn 0.9853043820277082 0.14686205694217547 0.08721703381627463
vn -0.9853043820277082 -0.14686205694217547 -0.08721703381627463
vn 0.9885404945509718 0.1509559228149733 0
vn -0.9885404945509718 -0.1509559228149733 0
vn 0.7578062791834628 -0.6520902402366097 -0.022538008303229315
vn -0.7578062791834628 0.6520902402366097 0.022538008303229315
vn 0.7439217467884224 -0.653241777653521 -0.14090995203792428
vn -0.7439217467884224 0.653241777653521 0.14090995203792428
vn 0.5374149919170098 -0.8098799878190002 -0.23511599646373801
vn -0.5374149919170098 0.8098799878190002 0.23511599646373801
vn 0.9887379751367008 0.1496569962366504 0
vn -0.9887379751367008 -0.1496569962366504 0
vn 0.988738419046711 0.14965406342632376 -0.0000010000004237865392
vn -0.988738419046711 -0.14965406342632376 0.0000010000004237865392
vn -0.11227499079895262 -0.6276389485643624 -0.7703659368677439
vn 0.11227499079895262 0.6276389485643624 0.7703659368677439
vn -0.5374026807952625 -0.809890518943802 -0.23510786035138007
vn 0.5374026807952625 0.809890518943802 0.23510786035138007
vn -0.7439232701148687 -0.6532402371883069 -0.14090905116338134
vn 0.7439232701148687 0.6532402371883069 0.14090905116338134
vn -0.7578048309758192 -0.6520918545545146 -0.0225399949725788
vn 0.7578048309758192 0.6520918545545146 0.0225399949725788
vn 0.38267687662442085 0.2195569292145279 0.8974147106721978
vn -0.38267687662442085 -0.2195569292145279 -0.8974147106721978
vn 0.35485496973832437 0.21409798174193884 0.9100769223895536
vn -0.35485496973832437 -0.21409798174193884 -0.9100769223895536
vn 0.5532462527093914 0.19751709022098807 0.8092623696513079
vn -0.5532462527093914 -0.19751709022098807 -0.8092623696513079
vn 0.9697429533383946 0.14856499285142408 0.19371899067872672
vn -0.9697429533383946 -0.14856499285142408 -0.19371899067872672
vn 0.9886130553712302 0.14856700832108982 0.02391800133962341
vn -0.9886130553712302 -0.14856700832108982 -0.02391800133962341
vn 0.0000029999999998905003 -1 -0.000007999999999930045
vn -0.0000029999999998905003 1 0.000007999999999930045
vn 0.004428002090511202 -0.9999884721061689 0.0018570008767114542
vn -0.004428002090511202 0.9999884721061689 -0.0018570008767114542
vn -0.00015799996805082969 -0.9999997977900614 0.0006159998754384558
vn 0.00015799996805082969 0.9999997977900614 -0.0006159998754384558
vn 0.7579345460784419 -0.6523306093238814 0
vn -0.7579345460784419 0.6523306093238814 0
vn -0.000017999999996355 -1 0.000008999999997955456
vn 0.000017999999996355 1 -0.000008999999997955456
vn -0.004929997786569531 -0.9999875510336901 -0.0007699996542920148
vn 0.004929997786569531 0.9999875510336901 0.0007699996542920148
vn 0.9887382710779598 0.14965504103025482 0
vn -0.9887382710779598 -0.14965504103025482 0
vn -0.15556406207365114 -0.78132731176763 -0.6044232411788234
vn 0.15556406207365114 0.78132731176763 0.6044232411788234
vn -0.005020999223678264 -0.999984845387355 0.0022579996508791888
vn 0.005020999223678264 0.999984845387355 -0.0022579996508791888
vn 0.000035999999947872 -0.9999999985520001 0.00003999999994185796
vn -0.000035999999947872 0.9999999985520001 -0.00003999999994185796
vn -0.00000799999999974 -1 -0.0000010000000001895445
vn 0.00000799999999974 1 0.0000010000000001895445
vn -0.000020999999992335 -1 0.000016999999993572958
vn 0.000020999999992335 1 -0.000016999999993572958
vn -0.000019999999995 -1 0.000009999999997277955
vn 0.000019999999995 1 -0.000009999999997277955
vn -0.41137719326114275 -0.6348032982246291 0.6540593072709211
vn 0.41137719326114275 0.6348032982246291 -0.6540593072709211
vn -0.38102312037227165 0.2163530683499474 0.8988952839776946
vn 0.38102312037227165 -0.2163530683499474 -0.8988952839776946
vn -0.2314929777750548 0.22280897860877924 0.9469779090834963
vn 0.2314929777750548 -0.22280897860877924 -0.9469779090834963
vn 0.017405996678648953 0.2245859571452976 0.9742988140877282
vn -0.017405996678648953 -0.2245859571452976 -0.9742988140877282
vn 0.3824510181933866 0.2188770104120889 0.8976770427029469
vn -0.3824510181933866 -0.2188770104120889 -0.8976770427029469
vn 0.5650942981921461 0.20843210998663106 0.7982634212321438
vn -0.5650942981921461 -0.20843210998663106 -0.7982634212321438
vn 0.7836081972679032 0.1799750453074634 0.5946151496902204
vn -0.7836081972679032 -0.1799750453074634 -0.5946151496902204
vn 0.9135321258239857 0.16046502210141053 0.3737780514817628
vn -0.9135321258239857 -0.16046502210141053 -0.3737780514817628
vn 0.8498759831070153 -0.52154298963329 0.07552299849882928
vn -0.8498759831070153 0.52154298963329 -0.07552299849882928
vn 0.000003999999999965999 -1 9.999999997694552e-7
vn -0.000003999999999965999 1 -9.999999997694552e-7
vn 0.00000799999999974 -1 9.999999997454553e-7
vn -0.00000799999999974 1 -9.999999997454553e-7
vn -0.000012999999998901499 -1 0
vn 0.000012999999998901499 1 0
vn 0.7579299462639055 -0.652335953750361 -9.99999929246355e-7
vn -0.7579299462639055 0.652335953750361 9.99999929246355e-7
vn 9.99999995099e-7 -0.999999995099 0.00009899999951457895
vn -9.99999995099e-7 0.999999995099 -0.00009899999951457895
vn 0.757932706157505 -0.6523327470974924 -9.999996124555723e-7
vn -0.757932706157505 0.6523327470974924 9.999996124555723e-7
vn 0.00438800072538046 -0.9999901653083879 -0.0006440001064598885
vn -0.00438800072538046 0.9999901653083879 0.0006440001064598885
vn -0.0005690002841898233 -0.9999994994543746 0.0008230004110511393
vn 0.0005690002841898233 0.9999994994543746 -0.0008230004110511393
vn 0.000019999999995360003 -1 0.000007999999997921955
vn -0.000019999999995360003 1 -0.000007999999997921955
vn 0.000004999999999935 -1 9.999999997649553e-7
vn -0.000004999999999935 1 -9.999999997649553e-7
vn 0.25349703109217325 0.22303402735579403 0.9412731154499786
vn -0.25349703109217325 -0.22303402735579403 -0.9412731154499786
vn 0.7386697169340628 -0.6534637495858778 0.16538493662276776
vn -0.7386697169340628 0.6534637495858778 -0.16538493662276776
vn 0.7575529578758903 -0.652658963708573 0.012238999319444197
vn -0.7575529578758903 0.652658963708573 -0.012238999319444197
vn -0.0000209999999946975 -1 0.000007999999997757956
vn 0.0000209999999946975 1 -0.000007999999997757956
vn -0.00005599999972848401 -0.9999999951515002 0.00008099999960704948
vn 0.00005599999972848401 0.9999999951515002 -0.00008099999960704948
vn 0.006135999918375861 -0.9999779866977929 0.002524999966410966
vn -0.006135999918375861 0.9999779866977929 -0.002524999966410966
vn -0.003269998673589072 -0.999994594371775 -0.000343999860463415
vn 0.003269998673589072 0.999994594371775 0.000343999860463415
vn -0.000008999999999630999 -1 -0.0000010000000001810446
vn 0.000008999999999630999 1 0.0000010000000001810446
vn -0.000017999999997048003 -1 0.0000019999999994499553
vn 0.000017999999997048003 1 -0.0000019999999994499553
vn -0.0033570008862735283 -0.9999942640060204 -0.00045000011880364405
vn 0.0033570008862735283 0.9999942640060204 0.00045000011880364405
vn -0.0033740016329497054 -0.9999924839764796 0.001910000924402249
vn 0.0033740016329497054 0.9999924839764796 -0.001910000924402249
vn -0.00388700182492252 -0.9999904694891358 0.0019880009333535136
vn 0.00388700182492252 0.9999904694891358 -0.0019880009333535136
vn 0.000026999999985285004 -1 0.00001899999998942296
vn -0.000026999999985285004 1 -0.00001899999998942296
vn 0.00000799999999974 -1 -0.0000010000000001895445
vn -0.00000799999999974 1 0.0000010000000001895445
vn -0.000027999999966624005 -0.9999999988080002 0.000039999999952097966
vn 0.000027999999966624005 0.9999999988080002 -0.000039999999952097966
vn -0.000024999999987675004 -1 0.000018999999990410958
vn 0.000024999999987675004 1 -0.000018999999990410958
vn -0.2930398431497334 -0.6266956645596689 0.7220666135121434
vn 0.2930398431497334 0.6266956645596689 -0.7220666135121434
vn -0.23149487280263065 0.2208188786686712 0.9474434794169013
vn 0.23149487280263065 -0.2208188786686712 -0.9474434794169013
vn 0 0.2247389993615163 0.9744189972316758
vn 0 -0.2247389993615163 -0.9744189972316758
vn 0.2314929777750548 0.22280897860877924 0.9469779090834963
vn -0.2314929777750548 -0.22280897860877924 -0.9469779090834963
vn 0.38189225808134764 0.21827014750614224 0.8980626069073226
vn -0.38189225808134764 -0.21827014750614224 -0.8980626069073226
vn 0.5665528007267018 0.20775092692788305 0.7974067195285827
vn -0.5665528007267018 -0.20775092692788305 -0.7974067195285827
vn 0.7845998577532356 0.1781589677000492 0.5938538923351898
vn -0.7845998577532356 -0.1781589677000492 -0.5938538923351898
vn 0.6900779023077486 -0.6504769079139423 0.31728895508235755
vn -0.6900779023077486 0.6504769079139423 -0.31728895508235755
vn -0.0000039999999887179995 -0.9999999971794999 -0.00007499999978868453
vn 0.0000039999999887179995 0.9999999971794999 0.00007499999978868453
vn 0.000001999999999996 -1 0
vn -0.000001999999999996 1 0
vn 0.0000039999999999599995 -1 0.000001999999999757955
vn -0.0000039999999999599995 1 -0.000001999999999757955
vn -0.000011999999999112001 -1 -0.0000020000000000740446
vn 0.000011999999999112001 1 0.0000020000000000740446
vn -0.0000069999999998249995 -1 -0.0000010000000001970446
vn 0.0000069999999998249995 1 0.0000010000000001970446
vn 0.005938997462240201 -0.9999815727034654 -0.0012579994624515056
vn -0.005938997462240201 0.9999815727034654 0.0012579994624515056
vn 0.000015999999997824 -1 0.000003999999999233955
vn -0.000015999999997824 1 -0.000003999999999233955
vn 0.000021999999993345 -1 0.000010999999996450456
vn -0.000021999999993345 1 -0.000010999999996450456
vn -0.000008999999994123 -1 0.00003499999997692295
vn 0.000008999999994123 1 -0.00003499999997692295
vn -0.000024999999959675002 -0.999999998387 0.000050999999917514955
vn 0.000024999999959675002 0.999999998387 -0.000050999999917514955
vn -0.000025999999975287002 -1 0.000034999999966510455
vn 0.000025999999975287002 1 -0.000034999999966510455
vn -0.15544195505831757 -0.6271678186720123 0.7632157793375592
vn 0.15544195505831757 0.6271678186720123 -0.7632157793375592
vn 0 0.2226550657239997 0.9748972877731485
vn 0 -0.2226550657239997 -0.9748972877731485
vn 0.23149488765521103 0.22082289283434464 0.9474425402048257
vn -0.23149488765521103 -0.22082289283434464 -0.9474425402048257
vn 0.3810221006786261 0.21635505716815318 0.8988952375178166
vn -0.3810221006786261 -0.21635505716815318 -0.8988952375178166
vn 0.5684248037405704 0.20582792893400895 0.7965727249681793
vn -0.5684248037405704 -0.20582792893400895 -0.7965727249681793
vn 0.5898500447999974 -0.6435740488804164 0.48773903704451266
vn -0.5898500447999974 0.6435740488804164 -0.48773903704451266
vn 0.000021999999991497 -1 0.000016999999993207456
vn -0.000021999999991497 1 -0.000016999999993207456
vn 0.000011999999999082001 -1 0.0000029999999995484557
vn -0.000011999999999082001 1 -0.0000029999999995484557
vn 0.000009999999895820002 -0.9999999895820001 -0.00014399999850003007
vn -0.000009999999895820002 0.9999999895820001 0.00014399999850003007
vn 0.000029999999978565002 -1 0.000022999999983344456
vn -0.000029999999978565002 1 -0.000022999999983344456
vn 0.000019999999942710003 0.9999999971355 -0.00007299999979066945
vn -0.000019999999942710003 -0.9999999971355 0.00007299999979066945
vn -0.000010999999988197 -0.9999999989270001 0.00004499999995149296
vn 0.000010999999988197 0.9999999989270001 -0.00004499999995149296
vn -0.000025999999950444004 -0.9999999980940002 0.000055999999893041964
vn 0.000025999999950444004 0.9999999980940002 -0.000055999999893041964
vn 0 -0.7975356900457897 0.6032717655445063
vn 0 0.7975356900457897 -0.6032717655445063
vn 0.15543796711399274 -0.6271638673109549 0.7632198385255956
vn -0.15543796711399274 0.6271638673109549 -0.7632198385255956
vn 0.2930349052152379 -0.6266977972889901 0.7220667664410435
vn -0.2930349052152379 0.6266977972889901 -0.7220667664410435
vn 0.4113790446111802 -0.6347930688388687 0.6540680709291076
vn -0.4113790446111802 0.6347930688388687 -0.6540680709291076
vn 0.000023999999982288003 -1 0.000029999999977637958
vn -0.000023999999982288003 1 -0.000029999999977637958
vn 0.0000229999999901905 -1 0.000017999999992100957
vn -0.0000229999999901905 1 -0.000017999999992100957
vn 9.999999987495e-7 -0.9999999987495001 0.00004999999993725296
vn -9.999999987495e-7 0.9999999987495001 -0.00004999999993725296
vn -0.0000109999999795345 -0.9999999981395 0.00005999999988814796
vn 0.0000109999999795345 0.9999999981395 -0.00005999999988814796
vn 0.000012999999977783001 -0.9999999982910002 0.00005699999990236497
vn -0.000012999999977783001 0.9999999982910002 -0.00005699999990236497
vn 0.000022999999955230504 -0.9999999980535001 0.000057999999886880966
vn -0.000022999999955230504 0.9999999980535001 -0.000057999999886880966
vn 0.000021999999977076005 -0.9999999989580002 0.00003999999995809797
vn -0.000021999999977076005 0.9999999989580002 -0.00003999999995809797
vn 0.000002999999994405 -0.9999999981350001 0.00006099999988601296
vn -0.000002999999994405 0.9999999981350001 -0.00006099999988601296
vn 0.000014999999972205 -0.999999998147 0.000058999999890450956
vn -0.000014999999972205 0.999999998147 -0.000058999999890450956
usemtl material_0_0
f 1//1 2//2 3//3
f 3//4 2//5 1//6
f 1//1 4//7 2//2
f 2//5 4//8 1//6
f 2//2 5//9 3//3
f 3//4 5//10 2//5
f 6//11 1//1 3//3
f 3//4 1//6 6//12
f 1//1 7//13 4//7
f 4//8 7//14 1//6
f 2//2 4//7 8//15
f 8//16 4//8 2//5
f 8//15 5//9 2//2
f 2//5 5//10 8//16
f 5//9 9//17 3//3
f 3//4 9//18 5//10
f 10//19 1//1 6//11
f 6//12 1//6 10//20
f 6//11 3//3 11//21
f 11//22 3//4 6//12
f 10//19 7//13 1//1
f 1//6 7//14 10//20
f 4//7 7//13 12//23
f 12//24 7//14 4//8
f 8//15 4//7 13//25
f 13//26 4//8 8//16
f 8//15 14//27 5//9
f 5//10 14//28 8//16
f 5//9 15//29 9//17
f 9//18 15//30 5//10
f 3//3 9//17 11//21
f 11//22 9//18 3//4
f 10//19 6//11 16//31
f 16//32 6//12 10//20
f 17//33 6//11 11//21
f 11//22 6//12 17//34
f 18//35 7//13 10//19
f 10//20 7//14 18//36
f 7//13 19//37 12//23
f 12//24 19//38 7//14
f 4//7 12//23 13//25
f 13//26 12//24 4//8
f 13//25 14//27 8//15
f 8//16 14//28 13//26
f 14//27 15//29 5//9
f 5//10 15//30 14//28
f 9//17 15//29 20//39
f 20//40 15//30 9//18
f 11//21 9//17 21//41
f 21//42 9//18 11//22
f 16//31 6//11 17//33
f 17//34 6//12 16//32
f 18//35 10//19 16//31
f 16//32 10//20 18//36
f 17//33 11//21 22//43
f 22//44 11//22 17//34
f 18//35 23//45 7//13
f 7//14 23//46 18//36
f 23//45 19//37 7//13
f 7//14 19//38 23//46
f 12//23 19//37 24//47
f 24//48 19//38 12//24
f 13//25 12//23 25//49
f 25//50 12//24 13//26
f 26//51 14//27 13//25
f 13//26 14//28 26//52
f 27//53 15//29 14//27
f 14//28 15//30 27//54
f 28//55 20//39 15//29
f 15//30 20//40 28//56
f 9//17 20//39 21//41
f 21//42 20//40 9//18
f 11//21 21//41 22//43
f 22//44 21//42 11//22
f 29//57 16//31 17//33
f 17//34 16//32 29//58
f 30//59 18//35 16//31
f 16//32 18//36 30//60
f 31//61 17//33 22//43
f 22//44 17//34 31//62
f 32//63 23//45 18//35
f 18//36 23//46 32//64
f 23//45 33//65 19//37
f 19//38 33//66 23//46
f 19//37 34//67 24//47
f 24//48 34//68 19//38
f 12//23 24//47 25//49
f 25//50 24//48 12//24
f 13//25 25//49 26//51
f 26//52 25//50 13//26
f 26//51 27//53 14//27
f 14//28 27//54 26//52
f 27//53 28//55 15//29
f 15//30 28//56 27//54
f 28//55 35//69 20//39
f 20//40 35//70 28//56
f 21//41 20//39 36//71
f 36//72 20//40 21//42
f 22//43 21//41 37//73
f 37//74 21//42 22//44
f 30//59 16//31 29//57
f 29//58 16//32 30//60
f 38//75 29//57 17//33
f 17//34 29//58 38//76
f 39//77 18//35 30//59
f 30//60 18//36 39//78
f 38//75 17//33 31//61
f 31//62 17//34 38//76
f 40//79 31//61 22//43
f 22//44 31//62 40//80
f 32//63 41//81 23//45
f 23//46 41//82 32//64
f 39//77 32//63 18//35
f 18//36 32//64 39//78
f 41//81 33//65 23//45
f 23//46 33//66 41//82
f 19//37 33//65 34//67
f 34//68 33//66 19//38
f 42//83 24//83 34//83
f 34//84 24//84 42//84
f 34//85 43//67 24//86
f 24//87 43//68 34//88
f 34//84 24//84 42//84
f 42//83 24//83 34//83
f 24//83 44//83 25//83
f 25//84 44//84 24//84
f 24//86 45//89 25//90
f 25//91 45//92 24//87
f 24//84 25//84 44//84
f 44//83 25//83 24//83
f 25//83 46//83 26//83
f 26//84 46//84 25//84
f 25//90 47//93 26//94
f 26//95 47//96 25//91
f 25//84 26//84 46//84
f 46//83 26//83 25//83
f 46//97 27//53 26//51
f 26//52 27//54 46//98
f 48//83 28//55 27//53
f 27//54 28//56 48//84
f 49//83 35//83 28//83
f 28//84 35//84 49//84
f 49//84 28//84 35//84
f 35//83 28//83 49//83
f 28//99 50//100 35//101
f 35//102 50//103 28//104
f 35//69 36//71 20//39
f 20//40 36//72 35//70
f 21//41 36//71 37//73
f 37//74 36//72 21//42
f 22//43 37//73 51//105
f 51//106 37//74 22//44
f 52//107 30//59 29//57
f 29//58 30//60 52//108
f 53//109 29//57 38//75
f 38//76 29//58 53//110
f 54//111 39//77 30//59
f 30//60 39//78 54//112
f 55//113 38//75 31//61
f 31//62 38//76 55//114
f 55//113 31//61 40//79
f 40//80 31//62 55//114
f 40//79 22//43 51//105
f 51//106 22//44 40//80
f 32//63 56//115 41//81
f 41//82 56//116 32//64
f 57//117 32//63 39//77
f 39//78 32//64 57//118
f 41//81 58//119 33//65
f 33//66 58//120 41//82
f 33//65 59//121 34//67
f 34//68 59//122 33//66
f 42//83 60//83 24//83
f 24//84 60//84 42//84
f 42//84 24//84 60//84
f 60//83 24//83 42//83
f 61//83 42//83 34//83
f 34//84 42//84 61//84
f 61//84 34//84 42//84
f 42//83 34//83 61//83
f 34//85 62//85 43//67
f 43//68 62//88 34//88
f 24//86 43//67 45//89
f 45//92 43//68 24//87
f 60//83 44//83 24//83
f 24//84 44//84 60//84
f 24//84 44//84 60//84
f 60//83 44//83 24//83
f 44//83 46//83 25//83
f 25//84 46//84 44//84
f 25//84 46//84 44//84
f 44//83 46//83 25//83
f 25//90 45//89 47//93
f 47//96 45//92 25//91
f 46//84 26//94 63//123
f 63//124 26//95 46//83
f 26//94 47//93 64//125
f 64//126 47//96 26//95
f 46//97 48//83 27//53
f 27//54 48//84 46//98
f 49//83 28//55 48//83
f 48//84 28//56 49//84
f 65//83 35//83 49//83
f 49//84 35//84 65//84
f 65//84 49//84 35//84
f 35//83 49//83 65//83
f 66//84 28//99 49//84
f 49//83 28//104 66//83
f 67//127 50//100 28//99
f 28//104 50//103 67//128
f 50//100 68//129 35//101
f 35//102 68//130 50//103
f 35//69 69//131 36//71
f 36//72 69//132 35//70
f 37//73 36//71 70//133
f 70//134 36//72 37//74
f 51//105 37//73 71//135
f 71//136 37//74 51//106
f 54//111 30//59 52//107
f 52//108 30//60 54//112
f 53//109 52//107 29//57
f 29//58 52//108 53//110
f 72//137 53//109 38//75
f 38//76 53//110 72//138
f 57//117 39//77 54//111
f 54//112 39//78 57//118
f 72//137 38//75 55//113
f 55//114 38//76 72//138
f 73//139 55//113 40//79
f 40//80 55//114 73//140
f 74//141 40//79 51//105
f 51//106 40//80 74//142
f 75//143 56//115 32//63
f 32//64 56//116 75//144
f 56//115 58//119 41//81
f 41//82 58//120 56//116
f 75//143 32//63 57//117
f 57//118 32//64 75//144
f 58//119 59//121 33//65
f 33//66 59//122 58//120
f 61//83 34//83 59//83
f 59//84 34//84 61//84
f 59//84 34//84 61//84
f 61//83 34//83 59//83
f 59//145 62//85 34//85
f 34//88 62//88 59//146
f 42//97 76//83 60//97
f 60//98 76//84 42//98
f 42//84 60//84 77//84
f 77//83 60//83 42//83
f 61//97 78//83 42//97
f 42//98 78//84 61//98
f 79//84 61//84 42//84
f 42//83 61//83 79//83
f 62//85 80//89 43//67
f 43//68 80//92 62//88
f 43//67 81//147 45//89
f 45//92 81//148 43//68
f 60//97 82//83 44//97
f 44//98 82//84 60//98
f 60//84 44//84 83//84
f 83//83 44//83 60//83
f 44//97 48//83 46//97
f 46//98 48//84 44//98
f 44//84 46//84 66//84
f 66//83 46//83 44//83
f 45//89 84//49 47//93
f 47//96 84//50 45//92
f 26//94 67//127 63//123
f 63//124 67//128 26//95
f 66//84 46//84 63//123
f 63//124 46//83 66//83
f 64//125 47//93 85//149
f 85//150 47//96 64//126
f 26//94 64//125 67//127
f 67//128 64//126 26//95
f 82//83 49//83 48//83
f 48//84 49//84 82//84
f 65//83 69//83 35//83
f 35//84 69//84 65//84
f 65//84 35//84 69//84
f 69//83 35//83 65//83
f 86//83 65//83 49//83
f 49//84 65//84 86//84
f 86//84 49//84 65//84
f 65//83 49//83 86//83
f 66//84 63//123 28//99
f 28//104 63//124 66//83
f 83//84 66//84 49//84
f 49//83 66//83 83//83
f 87//151 50//100 67//127
f 67//128 50//103 87//152
f 67//127 28//99 63//123
f 63//124 28//104 67//128
f 88//153 68//129 50//100
f 50//103 68//130 88//154
f 35//101 68//129 69//155
f 69//156 68//130 35//102
f 69//131 70//133 36//71
f 36//72 70//134 69//132
f 37//73 70//133 89//157
f 89//158 70//134 37//74
f 37//73 89//157 71//135
f 71//136 89//158 37//74
f 74//141 51//105 71//135
f 71//136 51//106 74//142
f 90//159 54//111 52//107
f 52//108 54//112 90//160
f 90//159 52//107 53//109
f 53//110 52//108 90//160
f 91//161 53//109 72//137
f 72//138 53//110 91//162
f 57//117 54//111 92//163
f 92//164 54//112 57//118
f 93//165 72//137 55//113
f 55//114 72//138 93//166
f 93//165 55//113 73//139
f 73//140 55//114 93//166
f 73//139 40//79 74//141
f 74//142 40//80 73//140
f 75//143 94//167 56//115
f 56//116 94//168 75//144
f 56//115 95//169 58//119
f 58//120 95//170 56//116
f 94//167 75//143 57//117
f 57//118 75//144 94//168
f 58//119 96//89 59//121
f 59//122 96//92 58//120
f 96//83 61//83 59//83
f 59//84 61//84 96//84
f 96//84 59//84 61//84
f 61//83 59//83 96//83
f 59//145 97//86 62//85
f 62//88 97//87 59//146
f 42//97 98//83 76//83
f 76//84 98//84 42//98
f 60//97 76//83 82//83
f 82//84 76//84 60//98
f 77//84 60//84 83//84
f 83//83 60//83 77//83
f 99//84 42//84 77//84
f 77//83 42//83 99//83
f 100//83 78//83 61//97
f 61//98 78//84 100//84
f 78//83 98//83 42//97
f 42//98 98//84 78//84
f 101//84 61//84 79//84
f 79//83 61//83 101//83
f 79//84 42//84 99//84
f 99//83 42//83 79//83
f 62//85 102//171 80//89
f 80//92 102//172 62//88
f 43//67 80//89 81//147
f 81//148 80//92 43//68
f 45//89 81//147 84//49
f 84//50 81//148 45//92
f 44//97 82//83 48//83
f 48//84 82//84 44//98
f 83//84 44//84 66//84
f 66//83 44//83 83//83
f 47//93 84//49 85//149
f 85//150 84//50 47//96
f 64//125 85//149 103//173
f 103//174 85//150 64//126
f 64//125 87//151 67//127
f 67//128 87//152 64//126
f 86//83 49//83 82//83
f 82//84 49//84 86//84
f 104//83 69//83 65//83
f 65//84 69//84 104//84
f 104//84 65//84 69//84
f 69//83 65//83 104//83
f 105//83 65//83 86//83
f 86//84 65//84 105//84
f 105//84 86//84 65//84
f 65//83 86//83 105//83
f 83//84 49//84 86//84
f 86//83 49//83 83//83
f 87//151 88//153 50//100
f 50//103 88//154 87//152
f 88//153 106//175 68//129
f 68//130 106//176 88//154
f 68//129 107//177 69//155
f 69//156 107//178 68//130
f 69//131 108//179 70//133
f 70//134 108//180 69//132
f 89//157 70//133 109//181
f 109//182 70//134 89//158
f 74//141 71//135 89//157
f 89//158 71//136 74//142
f 110//183 54//111 90//159
f 90//160 54//112 110//184
f 91//161 90//159 53//109
f 53//110 90//160 91//162
f 111//185 91//161 72//137
f 72//138 91//162 111//186
f 110//183 92//163 54//111
f 54//112 92//164 110//184
f 112//187 57//117 92//163
f 92//164 57//118 112//188
f 111//185 72//137 93//165
f 93//166 72//138 111//186
f 93//165 73//139 113//189
f 113//190 73//140 93//166
f 73//139 74//141 114//191
f 114//192 74//142 73//140
f 94//167 115//193 56//115
f 56//116 115//194 94//168
f 115//193 95//169 56//115
f 56//116 95//170 115//194
f 58//119 95//169 96//89
f 96//92 95//170 58//120
f 94//167 57//117 116//195
f 116//196 57//118 94//168
f 96//197 97//86 59//145
f 59//146 97//87 96//198
f 96//83 117//83 61//83
f 61//84 117//84 96//84
f 96//84 61//84 117//84
f 117//83 61//83 96//83
f 97//86 102//171 62//85
f 62//88 102//172 97//87
f 98//83 118//83 76//83
f 76//84 118//84 98//84
f 76//83 86//83 82//83
f 82//84 86//84 76//84
f 77//84 83//84 86//84
f 86//83 83//83 77//83
f 99//84 77//84 118//84
f 118//83 77//83 99//83
f 100//83 119//83 78//83
f 78//84 119//84 100//84
f 117//97 100//83 61//97
f 61//98 100//84 117//98
f 119//83 98//83 78//83
f 78//84 98//84 119//84
f 101//84 117//84 61//84
f 61//83 117//83 101//83
f 101//84 79//84 119//84
f 119//83 79//83 101//83
f 79//84 99//84 119//84
f 119//83 99//83 79//83
f 102//171 120//199 80//89
f 80//92 120//200 102//172
f 80//89 121//201 81//147
f 81//148 121//202 80//92
f 81//147 122//203 84//49
f 84//50 122//204 81//148
f 84//49 123//199 85//149
f 85//150 123//200 84//50
f 103//173 85//149 124//47
f 124//48 85//150 103//174
f 103//173 87//151 64//125
f 64//126 87//152 103//174
f 125//83 69//83 104//83
f 104//84 69//84 125//84
f 125//84 104//84 69//84
f 69//83 104//83 125//83
f 126//83 104//83 65//83
f 65//84 104//84 126//84
f 126//84 65//84 104//84
f 104//83 65//83 126//83
f 126//83 65//83 105//83
f 105//84 65//84 126//84
f 126//84 105//84 65//84
f 65//83 105//83 126//83
f 127//83 105//83 86//83
f 86//84 105//84 127//84
f 127//84 86//84 105//84
f 105//83 86//83 127//83
f 87//151 128//205 88//153
f 88//154 128//206 87//152
f 88//153 128//205 106//175
f 106//176 128//206 88//154
f 68//129 106//175 107//177
f 107//178 106//176 68//130
f 69//155 107//177 108//207
f 108//208 107//178 69//156
f 125//83 108//83 69//83
f 69//84 108//84 125//84
f 125//84 69//84 108//84
f 108//83 69//83 125//83
f 70//133 108//179 109//181
f 109//182 108//180 70//134
f 89//157 109//181 114//191
f 114//192 109//182 89//158
f 74//141 89//157 114//191
f 114//192 89//158 74//142
f 110//183 90//159 129//209
f 129//210 90//160 110//184
f 129//209 90//159 91//161
f 91//162 90//160 129//210
f 129//209 91//161 111//185
f 111//186 91//162 129//210
f 112//187 92//163 110//183
f 110//184 92//164 112//188
f 116//195 57//117 112//187
f 112//188 57//118 116//196
f 111//185 93//165 130//211
f 130//212 93//166 111//186
f 73//139 114//191 113//189
f 113//190 114//192 73//140
f 93//165 113//189 131//213
f 131//214 113//190 93//166
f 94//167 132//215 115//193
f 115//194 132//216 94//168
f 115//193 133//217 95//169
f 95//170 133//218 115//194
f 95//169 134//49 96//89
f 96//92 134//50 95//170
f 135//219 94//167 116//195
f 116//196 94//168 135//220
f 134//221 97//86 96//197
f 96//198 97//87 134//222
f 136//83 117//83 96//83
f 96//84 117//84 136//84
f 136//84 96//84 117//84
f 117//83 96//83 136//83
f 137//223 102//171 97//86
f 97//87 102//172 137//224
f 138//83 118//83 98//83
f 98//84 118//84 138//84
f 118//83 86//83 76//83
f 76//84 86//84 118//84
f 77//84 86//84 118//84
f 118//83 86//83 77//83
f 99//84 118//84 138//84
f 138//83 118//83 99//83
f 100//83 139//83 119//83
f 119//84 139//84 100//84
f 136//97 100//83 117//97
f 117//98 100//84 136//98
f 119//83 138//83 98//83
f 98//84 138//84 119//84
f 136//84 117//84 101//84
f 101//83 117//83 136//83
f 101//84 119//84 139//84
f 139//83 119//83 101//83
f 119//84 99//84 138//84
f 138//83 99//83 119//83
f 140//221 120//199 102//171
f 102//172 120//200 140//222
f 80//89 120//199 121//201
f 121//202 120//200 80//92
f 81//147 121//201 122//203
f 122//204 121//202 81//148
f 84//49 122//203 123//199
f 123//200 122//204 84//50
f 85//149 123//199 124//47
f 124//48 123//200 85//150
f 103//173 124//47 141//225
f 141//226 124//48 103//174
f 103//173 142//227 87//151
f 87//152 142//228 103//174
f 143//83 125//83 104//83
f 104//84 125//84 143//84
f 143//84 104//84 125//84
f 125//83 104//83 143//83
f 143//83 104//83 126//83
f 126//84 104//84 143//84
f 143//84 126//84 104//84
f 104//83 126//83 143//83
f 144//83 126//83 105//83
f 105//84 126//84 144//84
f 144//84 105//84 126//84
f 126//83 105//83 144//83
f 127//83 144//83 105//83
f 105//84 144//84 127//84
f 127//84 105//84 144//84
f 144//83 105//83 127//83
f 118//83 127//83 86//83
f 86//84 127//84 118//84
f 118//84 86//84 127//84
f 127//83 86//83 118//83
f 87//151 142//227 128//205
f 128//206 142//228 87//152
f 128//205 145//229 106//175
f 106//176 145//230 128//206
f 106//175 146//231 107//177
f 107//178 146//232 106//176
f 107//177 147//233 108//207
f 108//208 147//234 107//178
f 143//83 108//83 125//83
f 125//84 108//84 143//84
f 143//84 125//84 108//84
f 108//83 125//83 143//83
f 109//181 108//179 148//235
f 148//236 108//180 109//182
f 114//191 109//181 149//237
f 149//238 109//182 114//192
f 150//239 110//183 129//209
f 129//210 110//184 150//240
f 129//209 111//185 151//241
f 151//242 111//186 129//210
f 112//187 110//183 150//239
f 150//240 110//184 112//188
f 152//243 116//195 112//187
f 112//188 116//196 152//244
f 93//165 131//213 130//211
f 130//212 131//214 93//166
f 151//241 111//185 130//211
f 130//212 111//186 151//242
f 113//189 114//191 149//237
f 149//238 114//192 113//190
f 131//213 113//189 153//245
f 153//246 113//190 131//214
f 94//167 154//247 132//215
f 132//216 154//248 94//168
f 132//215 133//217 115//193
f 115//194 133//218 132//216
f 133//217 134//49 95//169
f 95//170 134//50 133//218
f 136//83 96//83 134//83
f 134//84 96//84 136//84
f 134//84 96//84 136//84
f 136//83 96//83 134//83
f 154//247 94//167 135//219
f 135//220 94//168 154//248
f 135//219 116//195 152//243
f 152//244 116//196 135//220
f 134//221 137//223 97//86
f 97//87 137//224 134//222
f 137//223 140//221 102//171
f 102//172 140//222 137//224
f 155//83 118//83 138//83
f 138//84 118//84 155//84
f 155//84 138//84 118//84
f 118//83 138//83 155//83
f 156//83 139//83 100//83
f 100//84 139//84 156//84
f 139//83 157//83 119//83
f 119//84 157//84 139//84
f 139//84 119//84 157//84
f 157//83 119//83 139//83
f 158//83 100//83 136//97
f 136//98 100//84 158//84
f 159//83 138//83 119//83
f 119//84 138//84 159//84
f 159//84 119//84 138//84
f 138//83 119//83 159//83
f 160//84 136//84 101//84
f 101//83 136//83 160//83
f 156//84 101//84 139//84
f 139//83 101//83 156//83
f 140//221 161//201 120//199
f 120//200 161//202 140//222
f 120//199 162//201 121//201
f 121//202 162//202 120//200
f 121//201 163//199 122//203
f 122//204 163//200 121//202
f 122//203 164//201 123//199
f 123//200 164//202 122//204
f 123//199 165//201 124//47
f 124//48 165//202 123//200
f 124//47 166//199 141//225
f 141//226 166//200 124//48
f 103//173 141//225 142//227
f 142//228 141//226 103//174
f 167//83 143//83 126//83
f 126//84 143//84 167//84
f 167//84 126//84 143//84
f 143//83 126//83 167//83
f 144//83 167//83 126//83
f 126//84 167//84 144//84
f 144//84 126//84 167//84
f 167//83 126//83 144//83
f 168//83 144//83 127//83
f 127//84 144//84 168//84
f 168//84 127//84 144//84
f 144//83 127//83 168//83
f 155//83 127//83 118//83
f 118//84 127//84 155//84
f 155//84 118//84 127//84
f 127//83 118//83 155//83
f 142//227 169//249 128//205
f 128//206 169//250 142//228
f 128//205 170//251 145//229
f 145//230 170//252 128//206
f 106//175 145//229 146//231
f 146//232 145//230 106//176
f 107//177 146//231 147//233
f 147//234 146//232 107//178
f 108//207 147//233 171//253
f 171//254 147//234 108//208
f 148//83 108//83 143//83
f 143//84 108//84 148//84
f 148//84 143//84 108//84
f 108//83 143//83 148//83
f 108//207 171//253 148//255
f 148//256 171//254 108//208
f 149//237 109//181 148//235
f 148//236 109//182 149//238
f 150//239 129//209 172//257
f 172//258 129//210 150//240
f 173//259 129//209 151//241
f 151//242 129//210 173//260
f 152//243 112//187 150//239
f 150//240 112//188 152//244
f 130//211 131//213 174//261
f 174//262 131//214 130//212
f 151//241 130//211 175//263
f 175//264 130//212 151//242
f 113//189 149//237 153//245
f 153//246 149//238 113//190
f 131//213 153//245 174//261
f 174//262 153//246 131//214
f 154//247 176//265 132//215
f 132//216 176//266 154//248
f 132//215 177//267 133//217
f 133//218 177//268 132//216
f 133//217 178//49 134//49
f 134//50 178//50 133//218
f 178//83 136//83 134//83
f 134//84 136//84 178//84
f 178//84 134//84 136//84
f 136//83 134//83 178//83
f 179//269 154//247 135//219
f 135//220 154//248 179//270
f 180//271 135//219 152//243
f 152//244 135//220 180//272
f 178//49 137//223 134//221
f 134//222 137//224 178//50
f 181//273 140//221 137//223
f 137//224 140//222 181//274
f 159//83 155//83 138//83
f 138//84 155//84 159//84
f 159//84 138//84 155//84
f 155//83 138//83 159//83
f 156//83 157//83 139//83
f 139//84 157//84 156//84
f 156//84 139//84 157//84
f 157//83 139//83 156//83
f 156//83 100//83 158//83
f 158//84 100//84 156//84
f 157//83 159//83 119//83
f 119//84 159//84 157//84
f 157//84 119//84 159//84
f 159//83 119//83 157//83
f 182//83 158//83 136//97
f 136//98 158//84 182//84
f 183//84 136//84 160//84
f 160//83 136//83 183//83
f 160//84 101//84 156//84
f 156//83 101//83 160//83
f 184//275 161//201 140//221
f 140//222 161//202 184//276
f 161//201 162//201 120//199
f 120//200 162//202 161//202
f 121//201 162//201 163//199
f 163//200 162//202 121//202
f 122//203 163//199 164//201
f 164//202 163//200 122//204
f 123//199 164//201 165//201
f 165//202 164//202 123//200
f 124//47 165//201 166//199
f 166//200 165//202 124//48
f 141//225 166//199 185//277
f 185//278 166//200 141//226
f 141//225 169//249 142//227
f 142//228 169//250 141//226
f 167//83 148//83 143//83
f 143//84 148//84 167//84
f 167//84 143//84 148//84
f 148//83 143//83 167//83
f 186//279 167//279 144//279
f 144//280 167//280 186//280
f 186//280 144//280 167//280
f 167//279 144//279 186//279
f 186//281 144//281 168//281
f 168//282 144//282 186//282
f 186//282 168//282 144//282
f 144//281 168//281 186//281
f 168//83 127//83 155//83
f 155//84 127//84 168//84
f 168//84 155//84 127//84
f 127//83 155//83 168//83
f 169//249 170//251 128//205
f 128//206 170//252 169//250
f 170//251 187//283 145//229
f 145//230 187//284 170//252
f 145//229 188//285 146//231
f 146//232 188//286 145//230
f 146//231 189//287 147//233
f 147//234 189//288 146//232
f 171//253 147//233 190//289
f 190//290 147//234 171//254
f 148//255 171//253 191//291
f 191//292 171//254 148//256
f 149//237 148//235 192//293
f 192//294 148//236 149//238
f 172//257 129//209 173//259
f 173//260 129//210 172//258
f 193//295 150//239 172//257
f 172//258 150//240 193//296
f 151//241 194//297 173//259
f 173//260 194//298 151//242
f 152//243 150//239 193//295
f 193//296 150//240 152//244
f 130//211 174//261 195//299
f 195//300 174//262 130//212
f 175//263 130//211 195//299
f 195//300 130//212 175//264
f 151//241 175//263 194//297
f 194//298 175//264 151//242
f 153//245 149//237 192//293
f 192//294 149//238 153//246
f 174//261 153//245 196//301
f 196//302 153//246 174//262
f 179//269 176//265 154//247
f 154//248 176//266 179//270
f 176//265 197//303 132//215
f 132//216 197//304 176//266
f 197//303 177//267 132//215
f 132//216 177//268 197//304
f 133//217 177//267 178//49
f 178//50 177//268 133//218
f 198//83 136//83 178//83
f 178//84 136//84 198//84
f 178//84 136//84 198//84
f 198//83 136//83 178//83
f 179//269 135//219 180//271
f 180//272 135//220 179//270
f 180//271 152//243 193//295
f 193//296 152//244 180//272
f 178//49 181//273 137//223
f 137//224 181//274 178//50
f 181//273 184//275 140//221
f 140//222 184//276 181//274
f 199//305 155//305 159//305
f 159//306 155//306 199//306
f 199//306 159//306 155//306
f 155//305 159//305 199//305
f 156//83 200//83 157//83
f 157//84 200//84 156//84
f 156//84 157//84 200//84
f 200//83 157//83 156//83
f 201//83 156//83 158//83
f 158//84 156//84 201//84
f 202//83 159//83 157//83
f 157//84 159//84 202//84
f 202//84 157//84 159//84
f 159//83 157//83 202//83
f 182//83 201//83 158//83
f 158//84 201//84 182//84
f 182//83 136//97 198//97
f 198//98 136//98 182//84
f 183//84 198//84 136//84
f 136//83 198//83 183//83
f 183//84 160//84 201//84
f 201//83 160//83 183//83
f 201//84 160//84 156//84
f 156//83 160//83 201//83
f 184//275 203//201 161//201
f 161//202 203//202 184//276
f 161//201 204//199 162//201
f 162//202 204//200 161//202
f 162//201 205//89 163//199
f 163//200 205//92 162//202
f 163//199 206//307 164//201
f 164//202 206//308 163//200
f 164//201 207//309 165//201
f 165//202 207//310 164//202
f 165//201 208//85 166//199
f 166//200 208//88 165//202
f 166//199 209//199 185//277
f 185//278 209//200 166//200
f 185//277 169//249 141//225
f 141//226 169//250 185//278
f 192//83 148//83 167//83
f 167//84 148//84 192//84
f 192//84 167//84 148//84
f 148//83 167//83 192//83
f 186//279 192//279 167//279
f 167//280 192//280 186//280
f 186//280 167//280 192//280
f 192//279 167//279 186//279
f 210//281 186//281 168//281
f 168//282 186//282 210//282
f 210//282 168//282 186//282
f 186//281 168//281 210//281
f 199//279 168//279 155//279
f 155//280 168//280 199//280
f 199//280 155//280 168//280
f 168//279 155//279 199//279
f 169//249 211//311 170//251
f 170//252 211//312 169//250
f 170//251 212//313 187//283
f 187//284 212//314 170//252
f 145//229 187//283 188//285
f 188//286 187//284 145//230
f 146//231 188//285 189//287
f 189//288 188//286 146//232
f 147//233 189//287 190//289
f 190//290 189//288 147//234
f 171//253 190//289 213//315
f 213//316 190//290 171//254
f 171//253 213//315 191//291
f 191//292 213//316 171//254
f 148//255 191//291 192//317
f 192//318 191//292 148//256
f 214//319 172//257 173//259
f 173//260 172//258 214//320
f 193//295 172//257 214//319
f 214//320 172//258 193//296
f 173//259 194//297 215//321
f 215//322 194//298 173//260
f 195//299 174//261 216//323
f 216//324 174//262 195//300
f 175//263 195//299 217//325
f 217//326 195//300 175//264
f 175//263 217//325 194//297
f 194//298 217//326 175//264
f 153//245 192//293 196//301
f 196//302 192//294 153//246
f 174//261 196//301 216//323
f 216//324 196//302 174//262
f 218//327 176//265 179//269
f 179//270 176//266 218//328
f 176//265 219//329 197//303
f 197//304 219//330 176//266
f 197//303 220//331 177//267
f 177//268 220//332 197//304
f 177//267 221//333 178//49
f 178//50 221//334 177//268
f 222//83 198//83 178//83
f 178//84 198//84 222//84
f 222//84 178//84 198//84
f 198//83 178//83 222//83
f 223//335 179//269 180//271
f 180//272 179//270 223//336
f 180//271 193//295 224//337
f 224//338 193//296 180//272
f 221//339 181//273 178//49
f 178//50 181//274 221//340
f 225//341 184//275 181//273
f 181//274 184//276 225//342
f 202//281 199//281 159//281
f 159//282 199//282 202//282
f 202//282 159//282 199//282
f 199//281 159//281 202//281
f 201//83 200//83 156//83
f 156//84 200//84 201//84
f 201//84 156//84 200//84
f 200//83 156//83 201//83
f 200//83 202//83 157//83
f 157//84 202//84 200//84
f 200//84 157//84 202//84
f 202//83 157//83 200//83
f 226//83 201//83 182//83
f 182//84 201//84 226//84
f 227//83 182//83 198//97
f 198//98 182//84 227//84
f 228//84 198//84 183//84
f 183//83 198//83 228//83
f 226//84 183//84 201//84
f 201//83 183//83 226//83
f 229//309 203//201 184//275
f 184//276 203//202 229//310
f 203//201 204//199 161//201
f 161//202 204//200 203//202
f 204//199 205//89 162//201
f 162//202 205//92 204//200
f 163//199 205//89 206//307
f 206//308 205//92 163//200
f 164//201 206//307 207//309
f 207//310 206//308 164//202
f 165//201 207//309 208//85
f 208//88 207//310 165//202
f 166//199 208//85 209//199
f 209//200 208//88 166//200
f 185//277 209//199 230//343
f 230//344 209//200 185//278
f 185//277 211//311 169//249
f 169//250 211//312 185//278
f 196//279 192//279 186//279
f 186//280 192//280 196//280
f 196//280 186//280 192//280
f 192//279 186//279 196//279
f 216//345 186//345 210//345
f 210//346 186//346 216//346
f 216//347 210//347 186//347
f 186//348 210//348 216//348
f 210//349 168//349 199//349
f 199//350 168//350 210//350
f 210//350 199//350 168//350
f 168//349 199//349 210//349
f 211//311 212//313 170//251
f 170//252 212//314 211//312
f 212//313 231//351 187//283
f 187//284 231//352 212//314
f 187//283 232//353 188//285
f 188//286 232//354 187//284
f 188//285 233//355 189//287
f 189//288 233//356 188//286
f 190//289 189//287 234//357
f 234//358 189//288 190//290
f 213//315 190//289 235//359
f 235//360 190//290 213//316
f 191//291 213//315 236//361
f 236//362 213//316 191//292
f 192//317 191//291 237//363
f 237//364 191//292 192//318
f 214//319 173//259 215//321
f 215//322 173//260 214//320
f 224//337 193//295 214//319
f 214//320 193//296 224//338
f 215//321 194//297 238//365
f 238//366 194//298 215//322
f 195//299 216//323 239//367
f 239//368 216//324 195//300
f 195//299 239//367 217//325
f 217//326 239//368 195//300
f 194//297 217//325 240//369
f 240//370 217//326 194//298
f 192//317 237//363 196//371
f 196//372 237//364 192//318
f 216//83 196//83 186//83
f 186//84 196//84 216//84
f 196//371 241//373 216//374
f 216//375 241//376 196//372
f 216//84 186//84 196//84
f 196//83 186//83 216//83
f 219//329 176//265 218//327
f 218//328 176//266 219//330
f 218//327 179//269 223//335
f 223//336 179//270 218//328
f 219//329 242//377 197//303
f 197//304 242//378 219//330
f 242//377 220//331 197//303
f 197//304 220//332 242//378
f 220//331 221//333 177//267
f 177//268 221//334 220//332
f 222//83 178//83 221//83
f 221//84 178//84 222//84
f 221//84 178//84 222//84
f 222//83 178//83 221//83
f 227//83 198//97 222//97
f 222//98 198//98 227//84
f 228//84 222//84 198//84
f 198//83 222//83 228//83
f 223//335 180//271 224//337
f 224//338 180//272 223//336
f 221//339 225//341 181//273
f 181//274 225//342 221//340
f 225//341 229//309 184//275
f 184//276 229//310 225//342
f 202//83 210//83 199//83
f 199//84 210//84 202//84
f 202//98 199//98 210//98
f 210//97 199//97 202//97
f 201//83 243//83 200//83
f 200//84 243//84 201//84
f 201//84 200//84 243//84
f 243//83 200//83 201//83
f 200//281 244//281 202//281
f 202//282 244//282 200//282
f 200//282 202//282 244//282
f 244//281 202//281 200//281
f 226//83 243//83 201//83
f 201//84 243//84 226//84
f 226//84 201//84 243//84
f 243//83 201//83 226//83
f 226//83 182//83 227//83
f 227//84 182//84 226//84
f 228//84 183//84 226//84
f 226//83 183//83 228//83
f 229//309 245//201 203//201
f 203//202 245//202 229//310
f 203//201 246//199 204//199
f 204//200 246//200 203//202
f 204//199 247//201 205//89
f 205//92 247//202 204//200
f 206//307 205//89 248//201
f 248//202 205//92 206//308
f 206//307 249//199 207//309
f 207//310 249//200 206//308
f 207//309 250//379 208//85
f 208//88 250//380 207//310
f 209//199 208//85 251//309
f 251//310 208//88 209//200
f 209//199 252//307 230//343
f 230//344 252//308 209//200
f 185//277 230//343 211//311
f 211//312 230//344 185//278
f 253//345 216//345 210//345
f 210//346 216//346 253//346
f 253//347 210//347 216//347
f 216//348 210//348 253//348
f 211//311 254//381 212//313
f 212//314 254//382 211//312
f 212//313 254//381 231//351
f 231//352 254//382 212//314
f 187//283 231//351 232//353
f 232//354 231//352 187//284
f 188//285 232//353 233//355
f 233//356 232//354 188//286
f 234//357 189//287 233//355
f 233//356 189//288 234//358
f 235//359 190//289 234//357
f 234//358 190//290 235//360
f 255//383 213//315 235//359
f 235//360 213//316 255//384
f 236//361 213//315 255//383
f 255//384 213//316 236//362
f 191//291 236//361 237//363
f 237//364 236//362 191//292
f 256//385 214//319 215//321
f 215//322 214//320 256//386
f 224//337 214//319 256//385
f 256//386 214//320 224//338
f 194//297 240//369 238//365
f 238//366 240//370 194//298
f 215//321 238//365 257//387
f 257//388 238//366 215//322
f 253//389 239//389 216//389
f 216//390 239//390 253//390
f 239//391 216//374 258//392
f 258//393 216//375 239//394
f 253//390 216//390 239//390
f 239//389 216//389 253//389
f 217//325 239//367 259//395
f 259//396 239//368 217//326
f 217//325 259//395 240//369
f 240//370 259//396 217//326
f 196//371 237//363 241//373
f 241//376 237//364 196//372
f 216//374 241//373 258//392
f 258//393 241//376 216//375
f 260//397 219//329 218//327
f 218//328 219//330 260//398
f 261//399 218//327 223//335
f 223//336 218//328 261//400
f 219//329 262//401 242//377
f 242//378 262//402 219//330
f 242//377 263//403 220//331
f 220//332 263//404 242//378
f 220//331 264//49 221//333
f 221//334 264//50 220//332
f 265//83 222//83 221//83
f 221//84 222//84 265//84
f 265//84 221//84 222//84
f 222//83 221//83 265//83
f 266//83 227//83 222//97
f 222//98 227//84 266//84
f 267//84 222//84 228//84
f 228//83 222//83 267//83
f 223//335 224//337 268//405
f 268//406 224//338 223//336
f 264//407 225//341 221//339
f 221//340 225//342 264//408
f 269//379 229//309 225//341
f 225//342 229//310 269//380
f 202//83 253//83 210//83
f 210//84 253//84 202//84
f 202//84 210//84 253//84
f 253//83 210//83 202//83
f 243//305 244//305 200//305
f 200//306 244//306 243//306
f 243//306 200//306 244//306
f 244//305 200//305 243//305
f 244//83 270//83 202//83
f 202//84 270//84 244//84
f 244//84 202//84 270//84
f 270//83 202//83 244//83
f 271//83 243//83 226//83
f 226//84 243//84 271//84
f 271//84 226//84 243//84
f 243//83 226//83 271//83
f 272//83 226//83 227//83
f 227//84 226//84 272//84
f 272//84 228//84 226//84
f 226//83 228//83 272//83
f 273//409 245//201 229//309
f 229//310 245//202 273//410
f 245//201 246//199 203//201
f 203//202 246//200 245//202
f 246//199 247//201 204//199
f 204//200 247//202 246//200
f 205//89 247//201 248//201
f 248//202 247//202 205//92
f 206//307 248//201 249//199
f 249//200 248//202 206//308
f 207//309 249//199 250//379
f 250//380 249//200 207//310
f 208//85 250//379 251//309
f 251//310 250//380 208//88
f 209//199 251//309 252//307
f 252//308 251//310 209//200
f 230//343 252//307 274//411
f 274//412 252//308 230//344
f 274//411 211//311 230//343
f 230//344 211//312 274//412
f 211//311 275//413 254//381
f 254//382 275//414 211//312
f 254//381 276//415 231//351
f 231//352 276//416 254//382
f 231//351 277//417 232//353
f 232//354 277//418 231//352
f 232//353 278//419 233//355
f 233//356 278//420 232//354
f 279//84 234//357 233//355
f 233//356 234//358 279//83
f 235//359 234//357 280//84
f 280//83 234//358 235//360
f 255//383 235//359 281//84
f 281//83 235//360 255//384
f 282//421 236//361 255//383
f 255//384 236//362 282//422
f 237//363 236//361 283//423
f 283//424 236//362 237//364
f 256//385 215//321 284//425
f 284//426 215//322 256//386
f 268//405 224//337 256//385
f 256//386 224//338 268//406
f 238//365 240//369 285//427
f 285//428 240//370 238//366
f 238//365 285//427 257//387
f 257//388 285//428 238//366
f 215//321 257//387 284//425
f 284//426 257//388 215//322
f 259//279 239//279 253//279
f 253//280 239//280 259//280
f 259//280 253//280 239//280
f 239//279 253//279 259//279
f 239//391 258//392 259//429
f 259//430 258//393 239//394
f 240//369 259//395 286//431
f 286//432 259//396 240//370
f 237//363 283//423 241//373
f 241//376 283//424 237//364
f 241//373 287//433 258//392
f 258//393 287//434 241//376
f 260//397 262//401 219//329
f 219//330 262//402 260//398
f 260//397 218//327 261//399
f 261//400 218//328 260//398
f 261//399 223//335 288//435
f 288//436 223//336 261//400
f 262//401 289//437 242//377
f 242//378 289//438 262//402
f 289//437 263//403 242//377
f 242//378 263//404 289//438
f 263//403 264//49 220//331
f 220//332 264//50 263//404
f 265//83 221//83 264//83
f 264//84 221//84 265//84
f 264//84 221//84 265//84
f 265//83 221//83 264//83
f 266//83 222//97 265//97
f 265//98 222//98 266//84
f 267//84 265//84 222//84
f 222//83 265//83 267//83
f 272//83 227//83 266//83
f 266//84 227//84 272//84
f 267//84 228//84 272//84
f 272//83 228//83 267//83
f 288//435 223//335 268//405
f 268//406 223//336 288//436
f 264//407 269//379 225//341
f 225//342 269//380 264//408
f 269//379 273//409 229//309
f 229//310 273//410 269//380
f 270//279 253//279 202//279
f 202//280 253//280 270//280
f 270//280 202//280 253//280
f 253//279 202//279 270//279
f 243//389 290//389 244//389
f 244//390 290//390 243//390
f 243//390 244//390 290//390
f 290//389 244//389 243//389
f 290//439 270//439 244//439
f 244//440 270//440 290//440
f 290//440 244//440 270//440
f 270//439 244//439 290//439
f 271//83 290//83 243//83
f 243//84 290//84 271//84
f 271//84 243//84 290//84
f 290//83 243//83 271//83
f 272//83 271//83 226//83
f 226//84 271//84 272//84
f 272//84 226//84 271//84
f 271//83 226//83 272//83
f 273//409 291//147 245//201
f 245//202 291//148 273//410
f 245//201 292//49 246//199
f 246//200 292//50 245//202
f 246//199 293//441 247//201
f 247//202 293//442 246//200
f 247//201 294//307 248//201
f 248//202 294//308 247//202
f 249//199 248//201 295//379
f 295//380 248//202 249//200
f 249//199 296//86 250//379
f 250//380 296//87 249//200
f 251//309 250//379 297//341
f 297//342 250//380 251//310
f 251//309 298//341 252//307
f 252//308 298//342 251//310
f 252//307 299//443 274//411
f 274//412 299//444 252//308
f 274//411 275//413 211//311
f 211//312 275//414 274//412
f 275//413 300//445 254//381
f 254//382 300//446 275//414
f 254//381 301//447 276//415
f 276//416 301//448 254//382
f 231//351 276//415 277//417
f 277//418 276//416 231//352
f 232//353 277//417 278//419
f 278//420 277//418 232//354
f 233//355 278//419 302//449
f 302//450 278//420 233//356
f 280//84 234//357 279//84
f 279//83 234//358 280//83
f 279//84 233//355 302//449
f 302//450 233//356 279//83
f 281//84 235//359 280//84
f 280//83 235//360 281//83
f 303//84 255//383 281//84
f 281//83 255//384 303//83
f 236//361 282//421 283//423
f 283//424 282//422 236//362
f 282//421 255//383 303//84
f 303//83 255//384 282//422
f 304//451 256//385 284//425
f 284//426 256//386 304//452
f 268//405 256//385 304//451
f 304//452 256//386 268//406
f 240//369 286//431 285//427
f 285//428 286//432 240//370
f 257//387 285//427 305//453
f 305//454 285//428 257//388
f 284//425 257//387 306//455
f 306//456 257//388 284//426
f 270//279 259//279 253//279
f 253//280 259//280 270//280
f 270//280 253//280 259//280
f 259//279 253//279 270//279
f 259//429 258//392 307//457
f 307//458 258//393 259//430
f 308//83 286//83 259//83
f 259//84 286//84 308//84
f 259//429 307//457 286//459
f 286//460 307//458 259//430
f 308//84 259//84 286//84
f 286//83 259//83 308//83
f 241//373 283//423 287//433
f 287//434 283//424 241//376
f 307//457 258//392 287//433
f 287//434 258//393 307//458
f 262//401 260//397 309//461
f 309//462 260//398 262//402
f 260//397 261//399 310//463
f 310//464 261//400 260//398
f 261//399 288//435 311//465
f 311//466 288//436 261//400
f 289//437 262//401 309//461
f 309//462 262//402 289//438
f 289//437 312//467 263//403
f 263//404 312//468 289//438
f 263//403 313//469 264//49
f 264//50 313//470 263//404
f 314//83 265//83 264//83
f 264//84 265//84 314//84
f 314//84 264//84 265//84
f 265//83 264//83 314//83
f 315//83 266//83 265//97
f 265//98 266//84 315//84
f 316//84 265//84 267//84
f 267//83 265//83 316//83
f 317//83 272//83 266//83
f 266//84 272//84 317//84
f 317//84 267//84 272//84
f 272//83 267//83 317//83
f 288//435 268//405 304//451
f 304//452 268//406 288//436
f 313//471 269//379 264//407
f 264//408 269//380 313//472
f 318//473 273//409 269//379
f 269//380 273//410 318//474
f 290//281 308//281 270//281
f 270//282 308//282 290//282
f 290//282 270//282 308//282
f 308//281 270//281 290//281
f 319//83 290//83 271//83
f 271//84 290//84 319//84
f 319//84 271//84 290//84
f 290//83 271//83 319//83
f 272//83 320//83 271//83
f 271//84 320//84 272//84
f 272//84 271//84 320//84
f 320//83 271//83 272//83
f 321//475 291//147 273//409
f 273//410 291//148 321//476
f 291//147 292//49 245//201
f 245//202 292//50 291//148
f 292//49 293//441 246//199
f 246//200 293//442 292//50
f 293//441 294//307 247//201
f 247//202 294//308 293//442
f 294//307 322//477 248//201
f 248//202 322//478 294//308
f 248//201 323//86 295//379
f 295//380 323//87 248//202
f 249//199 295//379 296//86
f 296//87 295//380 249//200
f 250//379 296//86 297//341
f 297//342 296//87 250//380
f 251//309 297//341 298//341
f 298//342 297//342 251//310
f 252//307 298//341 299//443
f 299//444 298//342 252//308
f 274//411 299//443 324//479
f 324//480 299//444 274//412
f 274//411 324//479 275//413
f 275//414 324//480 274//412
f 324//479 300//445 275//413
f 275//414 300//446 324//480
f 300//445 301//447 254//381
f 254//382 301//448 300//446
f 301//447 325//481 276//415
f 276//416 325//482 301//448
f 276//415 326//483 277//417
f 277//418 326//484 276//416
f 277//417 327//485 278//419
f 278//420 327//486 277//418
f 278//419 328//487 302//449
f 302//450 328//488 278//420
f 329//84 280//84 279//84
f 279//83 280//83 329//83
f 330//84 279//84 302//449
f 302//450 279//83 330//83
f 331//84 281//84 280//84
f 280//83 281//83 331//83
f 332//84 303//84 281//84
f 281//83 303//83 332//83
f 283//423 282//421 333//489
f 333//490 282//422 283//424
f 334//84 282//421 303//84
f 303//83 282//422 334//83
f 304//451 284//425 335//491
f 335//492 284//426 304//452
f 285//427 286//431 336//493
f 336//494 286//432 285//428
f 285//427 336//493 305//453
f 305//454 336//494 285//428
f 257//387 305//453 306//455
f 306//456 305//454 257//388
f 284//425 306//455 335//491
f 335//492 306//456 284//426
f 308//83 259//83 270//83
f 270//84 259//84 308//84
f 308//84 270//84 259//84
f 259//83 270//83 308//83
f 336//389 286//389 308//389
f 308//390 286//390 336//390
f 336//390 308//390 286//390
f 286//389 308//389 336//389
f 286//459 307//457 337//495
f 337//496 307//458 286//460
f 283//423 333//489 287//433
f 287//434 333//490 283//424
f 307//457 287//433 338//497
f 338//498 287//434 307//458
f 309//461 260//397 310//463
f 310//464 260//398 309//462
f 261//399 311//465 310//463
f 310//464 311//466 261//400
f 288//435 339//499 311//465
f 311//466 339//500 288//436
f 312//467 289//437 309//461
f 309//462 289//438 312//468
f 312//467 313//469 263//403
f 263//404 313//470 312//468
f 313//83 314//83 264//83
f 264//84 314//84 313//84
f 313//84 264//84 314//84
f 314//83 264//83 313//83
f 315//83 265//97 314//97
f 314//98 265//98 315//84
f 316//84 314//84 265//84
f 265//83 314//83 316//83
f 317//83 266//83 315//83
f 315//84 266//84 317//84
f 316//84 267//84 317//84
f 317//83 267//83 316//83
f 317//83 340//83 272//83
f 272//84 340//84 317//84
f 317//84 272//84 340//84
f 340//83 272//83 317//83
f 288//435 304//451 341//501
f 341//502 304//452 288//436
f 313//471 318//473 269//379
f 269//380 318//474 313//472
f 318//473 321//475 273//409
f 273//410 321//476 318//474
f 319//281 308//281 290//281
f 290//282 308//282 319//282
f 319//282 290//282 308//282
f 308//281 290//281 319//281
f 320//83 319//83 271//83
f 271//84 319//84 320//84
f 320//84 271//84 319//84
f 319//83 271//83 320//83
f 340//83 320//83 272//83
f 272//84 320//84 340//84
f 340//84 272//84 320//84
f 320//83 272//83 340//83
f 321//475 342//503 291//147
f 291//148 342//504 321//476
f 291//147 343//89 292//49
f 292//50 343//92 291//148
f 292//49 344//505 293//441
f 293//442 344//506 292//50
f 293//441 345//507 294//307
f 294//308 345//508 293//442
f 294//307 346//341 322//477
f 322//478 346//342 294//308
f 248//201 322//477 323//86
f 323//87 322//478 248//202
f 323//86 347//509 295//379
f 295//380 347//510 323//87
f 295//379 348//511 296//86
f 296//87 348//512 295//380
f 296//86 349//513 297//341
f 297//342 349//514 296//87
f 298//341 297//341 350//515
f 350//516 297//342 298//342
f 298//341 351//517 299//443
f 299//444 351//518 298//342
f 299//443 352//519 324//479
f 324//480 352//520 299//444
f 324//479 353//521 300//445
f 300//446 353//522 324//480
f 300//445 354//523 301//447
f 301//448 354//524 300//446
f 301//447 355//525 325//481
f 325//482 355//526 301//448
f 276//415 325//481 326//483
f 326//484 325//482 276//416
f 277//417 326//483 327//485
f 327//486 326//484 277//418
f 278//419 327//485 328//487
f 328//488 327//486 278//420
f 302//449 328//487 356//527
f 356//528 328//488 302//450
f 331//84 280//84 329//84
f 329//83 280//83 331//83
f 329//84 279//84 330//84
f 330//83 279//83 329//83
f 330//84 302//449 356//527
f 356//528 302//450 330//83
f 332//84 281//84 331//84
f 331//83 281//83 332//83
f 357//84 303//84 332//84
f 332//83 303//83 357//83
f 333//489 282//421 334//84
f 334//83 282//422 333//490
f 334//84 303//84 357//84
f 357//83 303//83 334//83
f 341//501 304//451 335//491
f 335//492 304//452 341//502
f 336//529 286//459 337//495
f 337//496 286//460 336//530
f 305//453 336//493 358//531
f 358//532 336//494 305//454
f 306//455 305//453 359//533
f 359//534 305//454 306//456
f 335//491 306//455 360//535
f 360//536 306//456 335//492
f 361//389 336//389 308//389
f 308//390 336//390 361//390
f 361//390 308//390 336//390
f 336//389 308//389 361//389
f 337//495 307//457 338//497
f 338//498 307//458 337//496
f 338//497 287//433 333//489
f 333//490 287//434 338//498
f 362//537 309//461 310//463
f 310//464 309//462 362//538
f 310//463 311//465 363//539
f 363//540 311//466 310//464
f 288//435 341//501 339//499
f 339//500 341//502 288//436
f 311//465 339//499 364//541
f 364//542 339//500 311//466
f 312//467 309//461 362//537
f 362//538 309//462 312//468
f 312//467 365//543 313//469
f 313//470 365//544 312//468
f 365//543 314//97 313//469
f 313//470 314//98 365//544
f 366//545 313//471 314//84
f 314//83 313//472 366//546
f 365//543 315//83 314//97
f 314//98 315//84 365//544
f 366//545 314//84 316//84
f 316//83 314//83 366//546
f 367//547 317//83 315//83
f 315//84 317//84 367//548
f 367//549 316//84 317//84
f 317//83 316//83 367//550
f 368//83 340//83 317//83
f 317//84 340//84 368//84
f 368//84 317//84 340//84
f 340//83 317//83 368//83
f 313//471 369//551 318//473
f 318//474 369//552 313//472
f 321//475 318//473 370//553
f 370//554 318//474 321//476
f 361//389 308//389 319//389
f 319//390 308//390 361//390
f 361//390 319//390 308//390
f 308//389 319//389 361//389
f 320//83 371//83 319//83
f 319//84 371//84 320//84
f 320//84 319//84 371//84
f 371//83 319//83 320//83
f 340//83 371//83 320//83
f 320//84 371//84 340//84
f 340//84 320//84 371//84
f 371//83 320//83 340//83
f 321//475 372//555 342//503
f 342//504 372//556 321//476
f 342//503 343//89 291//147
f 291//148 343//92 342//504
f 292//49 343//89 344//505
f 344//506 343//92 292//50
f 344//505 345//507 293//441
f 293//442 345//508 344//506
f 345//507 346//341 294//307
f 294//308 346//342 345//508
f 322//477 346//341 373//557
f 373//558 346//342 322//478
f 322//477 374//509 323//86
f 323//87 374//510 322//478
f 323//86 375//515 347//509
f 347//510 375//516 323//87
f 295//379 347//509 348//511
f 348//512 347//510 295//380
f 296//86 348//511 349//513
f 349//514 348//512 296//87
f 297//341 349//513 350//515
f 350//516 349//514 297//342
f 298//341 350//515 351//517
f 351//518 350//516 298//342
f 299//443 351//517 352//519
f 352//520 351//518 299//444
f 352//519 353//521 324//479
f 324//480 353//522 352//520
f 353//521 354//523 300//445
f 300//446 354//524 353//522
f 354//523 355//525 301//447
f 301//448 355//526 354//524
f 355//525 376//559 325//481
f 325//482 376//560 355//526
f 325//481 377//561 326//483
f 326//484 377//562 325//482
f 326//483 378//563 327//485
f 327//486 378//564 326//484
f 327//485 379//565 328//487
f 328//488 379//566 327//486
f 328//487 380//567 356//527
f 356//528 380//568 328//488
f 381//84 331//84 329//84
f 329//83 331//83 381//83
f 329//84 330//84 382//84
f 382//83 330//83 329//83
f 382//84 330//84 356//527
f 356//528 330//83 382//83
f 383//84 332//84 331//84
f 331//83 332//83 383//83
f 384//84 357//84 332//84
f 332//83 357//83 384//83
f 385//84 333//489 334//84
f 334//83 333//490 385//83
f 386//84 334//84 357//84
f 357//83 334//83 386//83
f 341//501 335//491 387//569
f 387//570 335//492 341//502
f 336//529 337//495 388//571
f 388//572 337//496 336//530
f 358//83 336//83 361//83
f 361//84 336//84 358//84
f 336//529 388//571 358//573
f 358//574 388//572 336//530
f 358//84 361//84 336//84
f 336//83 361//83 358//83
f 359//533 305//453 358//531
f 358//532 305//454 359//534
f 360//535 306//455 359//533
f 359//534 306//456 360//536
f 335//491 360//535 387//569
f 387//570 360//536 335//492
f 337//495 338//497 389//575
f 389//576 338//498 337//496
f 338//497 333//489 390//577
f 390//578 333//490 338//498
f 362//537 310//463 363//539
f 363//540 310//464 362//538
f 363//539 311//465 364//541
f 364//542 311//466 363//540
f 341//501 387//569 339//499
f 339//500 387//570 341//502
f 364//541 339//499 391//579
f 391//580 339//500 364//542
f 312//467 362//537 365//543
f 365//544 362//538 312//468
f 313//471 366//545 369//551
f 369//552 366//546 313//472
f 365//543 367//547 315//83
f 315//84 367//548 365//544
f 366//545 316//84 367//549
f 367//550 316//83 366//546
f 367//83 368//83 317//83
f 317//84 368//84 367//84
f 367//84 317//84 368//84
f 368//83 317//83 367//83
f 368//83 392//83 340//83
f 340//84 392//84 368//84
f 368//84 340//84 392//84
f 392//83 340//83 368//83
f 318//473 369//551 370//553
f 370//554 369//552 318//474
f 321//475 370//553 372//555
f 372//556 370//554 321//476
f 371//83 361//83 319//83
f 319//84 361//84 371//84
f 371//84 319//84 361//84
f 361//83 319//83 371//83
f 340//83 393//83 371//83
f 371//84 393//84 340//84
f 340//84 371//84 393//84
f 393//83 371//83 340//83
f 342//503 372//555 394//581
f 394//582 372//556 342//504
f 342//503 395//583 343//89
f 343//92 395//584 342//504
f 343//89 396//585 344//505
f 344//506 396//586 343//92
f 344//505 397//587 345//507
f 345//508 397//588 344//506
f 345//507 398//86 346//341
f 346//342 398//87 345//508
f 346//341 399//589 373//557
f 373//558 399//590 346//342
f 322//477 373//557 374//509
f 374//510 373//558 322//478
f 323//86 374//509 375//515
f 375//516 374//510 323//87
f 375//515 400//83 347//509
f 347//510 400//84 375//516
f 347//509 401//305 348//511
f 348//512 401//306 347//510
f 401//305 349//513 348//511
f 348//512 349//514 401//306
f 349//513 402//83 350//515
f 350//516 402//84 349//514
f 350//515 352//519 351//517
f 351//518 352//520 350//516
f 402//83 353//521 352//519
f 352//520 353//522 402//84
f 403//83 354//523 353//521
f 353//522 354//524 403//84
f 404//83 355//525 354//523
f 354//524 355//526 404//84
f 405//591 376//559 355//525
f 355//526 376//560 405//592
f 325//481 376//559 377//561
f 377//562 376//560 325//482
f 326//483 377//561 378//563
f 378//564 377//562 326//484
f 327//485 378//563 379//565
f 379//566 378//564 327//486
f 328//487 379//565 380//567
f 380//568 379//566 328//488
f 356//527 380//567 406//593
f 406//594 380//568 356//528
f 383//84 331//84 381//84
f 381//83 331//83 383//83
f 381//84 329//84 407//84
f 407//83 329//83 381//83
f 407//84 329//84 382//84
f 382//83 329//83 407//83
f 406//593 382//84 356//527
f 356//528 382//83 406//594
f 384//84 332//84 383//84
f 383//83 332//83 384//83
f 408//84 357//84 384//84
f 384//83 357//83 408//83
f 409//84 333//489 385//84
f 385//83 333//490 409//83
f 386//84 385//84 334//84
f 334//83 385//83 386//83
f 386//84 357//84 408//84
f 408//83 357//83 386//83
f 388//571 337//495 389//575
f 389//576 337//496 388//572
f 410//83 358//83 361//83
f 361//84 358//84 410//84
f 410//84 361//84 358//84
f 358//83 361//83 410//83
f 358//573 388//571 411//595
f 411//596 388//572 358//574
f 359//533 358//531 412//597
f 412//598 358//532 359//534
f 391//579 360//535 359//533
f 359//534 360//536 391//580
f 339//499 387//569 360//535
f 360//536 387//570 339//500
f 389//575 338//497 390//577
f 390//578 338//498 389//576
f 390//577 333//489 409//84
f 409//83 333//490 390//578
f 362//537 363//539 367//547
f 367//548 363//540 362//538
f 363//539 364//541 368//599
f 368//600 364//542 363//540
f 339//499 360//535 391//579
f 391//580 360//536 339//500
f 364//541 391//579 392//601
f 392//602 391//580 364//542
f 362//537 367//547 365//543
f 365//544 367//548 362//538
f 366//545 367//549 369//551
f 369//552 367//550 366//546
f 363//539 368//599 367//547
f 367//548 368//600 363//540
f 367//549 368//603 413//604
f 413//605 368//606 367//550
f 364//541 392//601 368//599
f 368//600 392//602 364//542
f 368//603 392//607 414//608
f 414//609 392//610 368//606
f 392//83 393//83 340//83
f 340//84 393//84 392//84
f 392//84 340//84 393//84
f 393//83 340//83 392//83
f 370//553 369//551 413//604
f 413//605 369//552 370//554
f 370//553 415//611 372//555
f 372//556 415//612 370//554
f 371//83 410//83 361//83
f 361//84 410//84 371//84
f 371//84 361//84 410//84
f 410//83 361//83 371//83
f 393//83 410//83 371//83
f 371//84 410//84 393//84
f 393//84 371//84 410//84
f 410//83 371//83 393//83
f 372//555 415//611 394//581
f 394//582 415//612 372//556
f 395//583 342//503 394//581
f 394//582 342//504 395//584
f 395//583 396//585 343//89
f 343//92 396//586 395//584
f 344//505 396//585 397//587
f 397//588 396//586 344//506
f 397//587 398//86 345//507
f 345//508 398//87 397//588
f 398//86 399//589 346//341
f 346//342 399//590 398//87
f 399//589 416//83 373//557
f 373//558 416//84 399//590
f 373//557 416//83 374//509
f 374//510 416//84 373//558
f 374//509 400//83 375//515
f 375//516 400//84 374//510
f 400//83 417//83 347//509
f 347//510 417//84 400//84
f 417//83 401//305 347//509
f 347//510 401//306 417//84
f 401//305 418//83 349//513
f 349//514 418//84 401//306
f 349//513 418//83 402//83
f 402//84 418//84 349//514
f 402//83 352//519 350//515
f 350//516 352//520 402//84
f 403//83 353//521 402//83
f 402//84 353//522 403//84
f 404//83 354//523 403//83
f 403//84 354//524 404//84
f 405//591 355//525 404//83
f 404//84 355//526 405//592
f 419//613 376//559 405//591
f 405//592 376//560 419//614
f 377//561 376//559 420//615
f 420//616 376//560 377//562
f 377//561 421//617 378//563
f 378//564 421//618 377//562
f 378//563 422//619 379//565
f 379//566 422//620 378//564
f 379//565 423//621 380//567
f 380//568 423//622 379//566
f 380//567 424//623 406//593
f 406//594 424//624 380//568
f 425//84 383//84 381//84
f 381//83 383//83 425//83
f 381//84 407//84 426//84
f 426//83 407//83 381//83
f 407//84 382//84 427//84
f 427//83 382//83 407//83
f 427//84 382//84 406//593
f 406//594 382//83 427//83
f 428//84 384//84 383//84
f 383//83 384//83 428//83
f 408//84 384//84 428//84
f 428//83 384//83 408//83
f 409//84 385//84 386//84
f 386//83 385//83 409//83
f 429//84 386//84 408//84
f 408//83 386//83 429//83
f 388//571 389//575 430//625
f 430//626 389//576 388//572
f 412//83 358//83 410//83
f 410//84 358//84 412//84
f 412//84 410//84 358//84
f 358//83 410//83 412//83
f 411//595 388//571 430//625
f 430//626 388//572 411//596
f 358//573 411//595 412//627
f 412//628 411//596 358//574
f 391//579 359//533 412//597
f 412//598 359//534 391//580
f 431//629 389//575 390//577
f 390//578 389//576 431//630
f 432//84 390//577 409//84
f 409//83 390//578 432//83
f 391//579 412//597 392//601
f 392//602 412//598 391//580
f 369//551 367//549 413//604
f 413//605 367//550 369//552
f 413//604 368//603 414//608
f 414//609 368//606 413//605
f 414//608 392//607 433//631
f 433//632 392//610 414//609
f 392//83 434//83 393//83
f 393//84 434//84 392//84
f 392//84 393//84 434//84
f 434//83 393//83 392//83
f 370//553 413//604 435//633
f 435//634 413//605 370//554
f 370//553 435//633 415//611
f 415//612 435//634 370//554
f 393//83 434//83 410//83
f 410//84 434//84 393//84
f 393//84 410//84 434//84
f 434//83 410//83 393//83
f 394//581 415//611 436//635
f 436//636 415//612 394//582
f 395//583 394//581 437//637
f 437//638 394//582 395//584
f 395//583 438//639 396//585
f 396//586 438//640 395//584
f 396//585 439//641 397//587
f 397//588 439//642 396//586
f 397//587 440//86 398//86
f 398//87 440//87 397//588
f 398//86 441//643 399//589
f 399//590 441//644 398//87
f 442//83 416//83 399//589
f 399//590 416//84 442//84
f 416//83 443//83 374//509
f 374//510 443//84 416//84
f 374//509 443//83 400//83
f 400//84 443//84 374//510
f 400//83 444//645 417//83
f 417//84 444//646 400//84
f 417//83 445//647 401//305
f 401//306 445//648 417//84
f 445//647 418//83 401//305
f 401//306 418//84 445//648
f 418//83 403//83 402//83
f 402//84 403//84 418//84
f 446//83 404//83 403//83
f 403//84 404//84 446//84
f 447//83 405//591 404//83
f 404//84 405//592 447//84
f 448//649 376//559 419//613
f 419//614 376//560 448//650
f 449//651 419//613 405//591
f 405//592 419//614 449//652
f 448//649 420//615 376//559
f 376//560 420//616 448//650
f 377//561 420//615 421//617
f 421//618 420//616 377//562
f 378//563 421//617 422//619
f 422//620 421//618 378//564
f 379//565 422//619 423//621
f 423//622 422//620 379//566
f 380//567 423//621 424//623
f 424//624 423//622 380//568
f 406//593 424//623 450//653
f 450//654 424//624 406//594
f 428//84 383//84 425//84
f 425//83 383//83 428//83
f 425//84 381//84 451//84
f 451//83 381//83 425//83
f 426//84 407//84 427//84
f 427//83 407//83 426//83
f 451//84 381//84 426//84
f 426//83 381//83 451//83
f 452//84 427//84 406//593
f 406//594 427//83 452//83
f 408//84 428//84 453//84
f 453//83 428//83 408//83
f 429//84 409//84 386//84
f 386//83 409//83 429//83
f 429//84 408//84 454//84
f 454//83 408//83 429//83
f 430//625 389//575 431//629
f 431//630 389//576 430//626
f 412//83 410//83 434//83
f 434//84 410//84 412//84
f 412//84 434//84 410//84
f 410//83 434//83 412//83
f 411//595 430//625 455//655
f 455//656 430//626 411//596
f 412//627 411//595 456//657
f 456//658 411//596 412//628
f 431//629 390//577 432//84
f 432//83 390//578 431//630
f 432//84 409//84 429//84
f 429//83 409//83 432//83
f 392//83 412//83 434//83
f 434//84 412//84 392//84
f 392//607 412//627 433//631
f 433//632 412//628 392//610
f 392//84 434//84 412//84
f 412//83 434//83 392//83
f 435//633 413//604 414//608
f 414//609 413//605 435//634
f 414//608 433//631 457//659
f 457//660 433//632 414//609
f 435//633 457//659 415//611
f 415//612 457//660 435//634
f 415//611 458//661 436//635
f 436//636 458//662 415//612
f 394//581 436//635 437//637
f 437//638 436//636 394//582
f 395//583 437//637 438//639
f 438//640 437//638 395//584
f 438//639 439//641 396//585
f 396//586 439//642 438//640
f 439//641 440//86 397//587
f 397//588 440//87 439//642
f 398//86 440//86 441//643
f 441//644 440//87 398//87
f 441//643 459//83 399//589
f 399//590 459//84 441//644
f 442//83 460//663 416//83
f 416//84 460//664 442//84
f 459//83 442//83 399//589
f 399//590 442//84 459//84
f 416//83 460//663 443//83
f 443//84 460//664 416//84
f 443//83 444//645 400//83
f 400//84 444//646 443//84
f 444//645 461//665 417//83
f 417//84 461//666 444//646
f 461//665 445//647 417//83
f 417//84 445//648 461//666
f 445//647 446//83 418//83
f 418//84 446//84 445//648
f 446//83 403//83 418//83
f 418//84 403//84 446//84
f 446//83 447//83 404//83
f 404//84 447//84 446//84
f 447//83 462//83 405//591
f 405//592 462//84 447//84
f 463//667 448//649 419//613
f 419//614 448//650 463//668
f 449//651 463//667 419//613
f 419//614 463//668 449//652
f 462//83 449//651 405//591
f 405//592 449//652 462//84
f 448//649 464//669 420//615
f 420//616 464//670 448//650
f 421//617 420//615 465//671
f 465//672 420//616 421//618
f 421//617 466//673 422//619
f 422//620 466//674 421//618
f 422//619 467//675 423//621
f 423//622 467//676 422//620
f 423//621 468//677 424//623
f 424//624 468//678 423//622
f 424//623 469//679 450//653
f 450//654 469//680 424//624
f 452//84 406//593 450//653
f 450//654 406//594 452//83
f 470//84 428//84 425//84
f 425//83 428//83 470//83
f 425//84 451//84 471//84
f 471//83 451//83 425//83
f 426//84 427//84 452//84
f 452//83 427//83 426//83
f 451//84 426//84 472//84
f 472//83 426//83 451//83
f 453//84 428//84 470//84
f 470//83 428//83 453//83
f 473//84 408//84 453//84
f 453//83 408//83 473//83
f 454//84 408//84 473//84
f 473//83 408//83 454//83
f 474//84 429//84 454//84
f 454//83 429//83 474//83
f 475//681 430//625 431//629
f 431//630 430//626 475//682
f 455//655 430//625 475//681
f 475//682 430//626 455//656
f 411//595 455//655 456//657
f 456//658 455//656 411//596
f 433//631 412//627 456//657
f 456//658 412//628 433//632
f 476//84 431//629 432//84
f 432//83 431//630 476//83
f 432//84 429//84 474//84
f 474//83 429//83 432//83
f 435//633 414//608 457//659
f 457//660 414//609 435//634
f 457//659 433//631 477//683
f 477//684 433//632 457//660
f 415//611 457//659 458//661
f 458//662 457//660 415//612
f 436//635 458//661 478//685
f 478//686 458//662 436//636
f 437//637 436//635 479//687
f 479//688 436//636 437//638
f 480//689 438//639 437//637
f 437//638 438//640 480//690
f 438//639 480//689 439//641
f 439//642 480//690 438//640
f 439//641 481//691 440//86
f 440//87 481//692 439//642
f 440//86 482//693 441//643
f 441//644 482//694 440//87
f 483//695 459//83 441//643
f 441//644 459//84 483//696
f 442//83 484//83 460//663
f 460//664 484//84 442//84
f 459//83 485//83 442//83
f 442//84 485//84 459//84
f 460//663 486//697 443//83
f 443//84 486//698 460//664
f 443//83 486//697 444//645
f 444//646 486//698 443//84
f 461//665 444//645 487//699
f 487//700 444//646 461//666
f 461//665 488//701 445//647
f 445//648 488//702 461//666
f 445//647 447//83 446//83
f 446//84 447//84 445//648
f 489//703 462//83 447//83
f 447//84 462//84 489//704
f 490//705 448//649 463//667
f 463//668 448//650 490//706
f 491//707 463//667 449//651
f 449//652 463//668 491//708
f 492//709 449//651 462//83
f 462//84 449//652 492//710
f 490//705 464//669 448//649
f 448//650 464//670 490//706
f 464//669 465//671 420//615
f 420//616 465//672 464//670
f 421//617 465//671 466//673
f 466//674 465//672 421//618
f 422//619 466//673 467//675
f 467//676 466//674 422//620
f 423//621 467//675 468//677
f 468//678 467//676 423//622
f 424//623 468//677 469//679
f 469//680 468//678 424//624
f 450//653 469//679 493//711
f 493//712 469//680 450//654
f 493//711 452//84 450//653
f 450//654 452//83 493//712
f 470//84 425//84 494//84
f 494//83 425//83 470//83
f 471//84 451//84 472//84
f 472//83 451//83 471//83
f 494//84 425//84 471//84
f 471//83 425//83 494//83
f 472//84 426//84 452//84
f 452//83 426//83 472//83
f 453//84 470//84 495//84
f 495//83 470//83 453//83
f 473//84 453//84 496//84
f 496//83 453//83 473//83
f 497//84 454//84 473//84
f 473//83 454//83 497//83
f 474//84 454//84 497//84
f 497//83 454//83 474//83
f 475//681 431//629 476//84
f 476//83 431//630 475//682
f 498//713 455//655 475//681
f 475//682 455//656 498//714
f 456//657 455//655 499//715
f 499//716 455//656 456//658
f 433//631 456//657 477//683
f 477//684 456//658 433//632
f 476//84 432//84 474//84
f 474//83 432//83 476//83
f 457//659 477//683 458//661
f 458//662 477//684 457//660
f 458//661 500//717 478//685
f 478//686 500//718 458//662
f 436//635 478//685 479//687
f 479//688 478//686 436//636
f 437//637 479//687 501//719
f 501//720 479//688 437//638
f 480//689 437//637 502//721
f 502//722 437//638 480//690
f 480//689 481//691 439//641
f 439//642 481//692 480//690
f 481//691 482//693 440//86
f 440//87 482//694 481//692
f 483//695 441//643 482//693
f 482//694 441//644 483//696
f 483//695 503//723 459//83
f 459//84 503//724 483//696
f 485//83 484//83 442//83
f 442//84 484//84 485//84
f 504//83 460//663 484//83
f 484//84 460//664 504//84
f 503//723 485//83 459//83
f 459//84 485//84 503//724
f 460//663 505//725 486//697
f 486//698 505//726 460//664
f 486//697 506//727 444//645
f 444//646 506//728 486//698
f 444//645 506//727 487//699
f 487//700 506//728 444//646
f 461//665 487//699 488//701
f 488//702 487//700 461//666
f 445//647 488//701 507//729
f 507//730 488//702 445//648
f 445//647 489//703 447//83
f 447//84 489//704 445//648
f 492//709 462//83 489//703
f 489//704 462//84 492//710
f 508//731 490//705 463//667
f 463//668 490//706 508//732
f 508//731 463//667 491//707
f 491//708 463//668 508//732
f 509//733 491//707 449//651
f 449//652 491//708 509//734
f 492//709 509//733 449//651
f 449//652 509//734 492//710
f 490//705 510//735 464//669
f 464//670 510//736 490//706
f 510//735 465//671 464//669
f 464//670 465//672 510//736
f 466//673 465//671 511//737
f 511//738 465//672 466//674
f 466//673 512//739 467//675
f 467//676 512//740 466//674
f 467//675 513//741 468//677
f 468//678 513//742 467//676
f 468//677 514//743 469//679
f 469//680 514//744 468//678
f 469//679 515//745 493//711
f 493//712 515//746 469//680
f 516//84 452//84 493//711
f 493//712 452//83 516//83
f 517//84 470//84 494//84
f 494//83 470//83 517//83
f 471//84 472//84 518//84
f 518//83 472//83 471//83
f 494//84 471//84 519//84
f 519//83 471//83 494//83
f 472//84 452//84 516//84
f 516//83 452//83 472//83
f 495//84 470//84 517//84
f 517//83 470//83 495//83
f 496//84 453//84 495//84
f 495//83 453//83 496//83
f 520//84 473//84 496//84
f 496//83 473//83 520//83
f 497//84 473//84 520//84
f 520//83 473//83 497//83
f 521//84 474//84 497//84
f 497//83 474//83 521//83
f 522//84 475//681 476//84
f 476//83 475//682 522//83
f 499//715 455//655 498//713
f 498//714 455//656 499//716
f 498//713 475//681 522//84
f 522//83 475//682 498//714
f 477//683 456//657 499//715
f 499//716 456//658 477//684
f 476//84 474//84 521//84
f 521//83 474//83 476//83
f 458//661 477//683 500//717
f 500//718 477//684 458//662
f 478//685 500//717 523//747
f 523//748 500//718 478//686
f 479//687 478//685 524//749
f 524//750 478//686 479//688
f 479//687 524//749 501//719
f 501//720 524//750 479//688
f 437//637 501//719 502//721
f 502//722 501//720 437//638
f 480//689 502//721 525//751
f 525//752 502//722 480//690
f 480//689 525//751 481//691
f 481//692 525//752 480//690
f 482//693 481//691 483//695
f 483//696 481//692 482//694
f 483//695 525//751 503//723
f 503//724 525//752 483//696
f 485//83 526//83 484//83
f 484//84 526//84 485//84
f 504//83 527//753 460//663
f 460//664 527//754 504//84
f 526//83 504//83 484//83
f 484//84 504//84 526//84
f 503//723 528//755 485//83
f 485//84 528//756 503//724
f 460//663 529//757 505//725
f 505//726 529//758 460//664
f 486//697 505//725 506//727
f 506//728 505//726 486//698
f 487//699 506//727 530//759
f 530//760 506//728 487//700
f 487//699 531//761 488//701
f 488//702 531//762 487//700
f 488//701 531//761 507//729
f 507//730 531//762 488//702
f 445//647 507//729 489//703
f 489//704 507//730 445//648
f 532//763 492//709 489//703
f 489//704 492//710 532//764
f 490//705 508//731 533//765
f 533//766 508//732 490//706
f 534//767 508//731 491//707
f 491//708 508//732 534//768
f 534//767 491//707 509//733
f 509//734 491//708 534//768
f 535//769 509//733 492//709
f 492//710 509//734 535//770
f 490//705 536//771 510//735
f 510//736 536//772 490//706
f 510//735 511//737 465//671
f 465//672 511//738 510//736
f 466//673 511//737 512//739
f 512//740 511//738 466//674
f 467//675 512//739 513//741
f 513//742 512//740 467//676
f 468//677 513//741 514//743
f 514//744 513//742 468//678
f 469//679 514//743 515//745
f 515//746 514//744 469//680
f 493//711 515//745 537//773
f 537//774 515//746 493//712
f 537//773 516//84 493//711
f 493//712 516//83 537//774
f 517//84 494//84 538//84
f 538//83 494//83 517//83
f 518//84 472//84 516//84
f 516//83 472//83 518//83
f 519//84 471//84 518//84
f 518//83 471//83 519//83
f 538//84 494//84 519//84
f 519//83 494//83 538//83
f 495//84 517//84 539//84
f 539//83 517//83 495//83
f 496//84 495//84 540//84
f 540//83 495//83 496//83
f 520//84 496//84 541//84
f 541//83 496//83 520//83
f 542//84 497//84 520//84
f 520//83 497//83 542//83
f 521//84 497//84 542//84
f 542//83 497//83 521//83
f 522//84 476//84 521//84
f 521//83 476//83 522//83
f 543//775 499//715 498//713
f 498//714 499//716 543//776
f 498//713 522//84 544//84
f 544//83 522//83 498//714
f 477//683 499//715 500//717
f 500//718 499//716 477//684
f 500//717 543//775 523//747
f 523//748 543//776 500//718
f 478//685 523//747 524//749
f 524//750 523//748 478//686
f 501//719 524//749 545//777
f 545//778 524//750 501//720
f 502//721 501//719 546//779
f 546//780 501//720 502//722
f 525//751 502//721 546//779
f 546//780 502//722 525//752
f 481//691 525//751 483//695
f 483//696 525//752 481//692
f 525//751 546//779 503//723
f 503//724 546//780 525//752
f 528//755 526//83 485//83
f 485//84 526//84 528//756
f 547//83 527//753 504//83
f 504//84 527//754 547//84
f 460//663 527//753 529//757
f 529//758 527//754 460//664
f 526//83 548//781 504//83
f 504//84 548//782 526//84
f 503//723 546//779 528//755
f 528//756 546//780 503//724
f 505//725 529//757 549//783
f 549//784 529//758 505//726
f 506//727 505//725 530//759
f 530//760 505//726 506//728
f 487//699 530//759 550//785
f 550//786 530//760 487//700
f 487//699 550//785 531//761
f 531//762 550//786 487//700
f 507//729 531//761 551//787
f 551//788 531//762 507//730
f 507//729 552//789 489//703
f 489//704 552//790 507//730
f 553//791 492//709 532//763
f 532//764 492//710 553//792
f 489//703 552//789 532//763
f 532//764 552//790 489//704
f 508//731 554//793 533//765
f 533//766 554//794 508//732
f 490//705 533//765 555//795
f 555//796 533//766 490//706
f 556//797 508//731 534//767
f 534//768 508//732 556//798
f 557//799 534//767 509//733
f 509//734 534//768 557//800
f 535//769 558//801 509//733
f 509//734 558//802 535//770
f 492//709 559//803 535//769
f 535//770 559//804 492//710
f 555//795 536//771 490//705
f 490//706 536//772 555//796
f 536//771 560//805 510//735
f 510//736 560//806 536//772
f 560//805 511//737 510//735
f 510//736 511//738 560//806
f 512//739 511//737 561//807
f 561//808 511//738 512//740
f 512//739 562//809 513//741
f 513//742 562//810 512//740
f 513//741 563//811 514//743
f 514//744 563//812 513//742
f 514//743 564//813 515//745
f 515//746 564//814 514//744
f 515//745 565//815 537//773
f 537//774 565//816 515//746
f 566//84 516//84 537//773
f 537//774 516//83 566//83
f 567//84 517//84 538//84
f 538//83 517//83 567//83
f 518//84 516//84 566//84
f 566//83 516//83 518//83
f 519//84 518//84 568//84
f 568//83 518//83 519//83
f 569//84 538//84 519//84
f 519//83 538//83 569//83
f 539//84 517//84 567//84
f 567//83 517//83 539//83
f 540//84 495//84 539//84
f 539//83 495//83 540//83
f 541//84 496//84 540//84
f 540//83 496//83 541//83
f 570//84 520//84 541//84
f 541//83 520//83 570//83
f 542//84 520//84 571//84
f 571//83 520//83 542//83
f 572//84 521//84 542//84
f 542//83 521//83 572//83
f 522//84 521//84 572//84
f 572//83 521//83 522//83
f 500//717 499//715 543//775
f 543//776 499//716 500//718
f 543//775 498//713 544//84
f 544//83 498//714 543//776
f 544//84 522//84 572//84
f 572//83 522//83 544//83
f 523//747 543//775 573//817
f 573//818 543//776 523//748
f 524//749 523//747 574//819
f 574//820 523//748 524//750
f 524//749 574//819 545//777
f 545//778 574//820 524//750
f 501//719 545//777 575//821
f 575//822 545//778 501//720
f 546//779 501//719 575//821
f 575//822 501//720 546//780
f 528//755 576//823 526//83
f 526//84 576//824 528//756
f 547//83 577//825 527//753
f 527//754 577//826 547//84
f 548//781 547//83 504//83
f 504//84 547//84 548//782
f 527//753 578//827 529//757
f 529//758 578//828 527//754
f 576//823 548//781 526//83
f 526//84 548//782 576//824
f 546//779 575//821 528//755
f 528//756 575//822 546//780
f 549//783 529//757 579//829
f 579//830 529//758 549//784
f 505//725 549//783 530//759
f 530//760 549//784 505//726
f 530//759 580//831 550//785
f 550//786 580//832 530//760
f 550//785 580//831 531//761
f 531//762 580//832 550//786
f 531//761 581//833 551//787
f 551//788 581//834 531//762
f 507//729 551//787 552//789
f 552//790 551//788 507//730
f 553//791 559//803 492//709
f 492//710 559//804 553//792
f 532//763 582//835 553//791
f 553//792 582//836 532//764
f 532//763 552//789 582//835
f 582//836 552//790 532//764
f 508//731 556//797 554//793
f 554//794 556//798 508//732
f 533//765 554//793 583//837
f 583//838 554//794 533//766
f 555//795 533//765 584//839
f 584//840 533//766 555//796
f 585//841 556//797 534//767
f 534//768 556//798 585//842
f 557//799 585//841 534//767
f 534//768 585//842 557//800
f 586//843 557//799 509//733
f 509//734 557//800 586//844
f 535//769 587//845 558//801
f 558//802 587//846 535//770
f 509//733 558//801 586//843
f 586//844 558//802 509//734
f 559//803 588//847 535//769
f 535//770 588//848 559//804
f 555//795 589//849 536//771
f 536//772 589//850 555//796
f 590//851 560//805 536//771
f 536//772 560//806 590//852
f 591//853 511//737 560//805
f 560//806 511//738 591//854
f 591//853 561//807 511//737
f 511//738 561//808 591//854
f 512//739 561//807 562//809
f 562//810 561//808 512//740
f 513//741 562//809 563//811
f 563//812 562//810 513//742
f 514//743 563//811 564//813
f 564//814 563//812 514//744
f 515//745 564//813 565//815
f 565//816 564//814 515//746
f 537//773 565//815 592//855
f 592//856 565//816 537//774
f 593//84 566//84 537//773
f 537//774 566//83 593//83
f 567//84 538//84 569//84
f 569//83 538//83 567//83
f 568//84 518//84 566//84
f 566//83 518//83 568//83
f 594//84 519//84 568//84
f 568//83 519//83 594//83
f 569//84 519//84 594//84
f 594//83 519//83 569//83
f 539//84 567//84 595//84
f 595//83 567//83 539//83
f 540//84 539//84 596//84
f 596//83 539//83 540//83
f 541//84 540//84 597//84
f 597//83 540//83 541//83
f 571//84 520//84 570//84
f 570//83 520//83 571//83
f 570//84 541//84 598//84
f 598//83 541//83 570//83
f 599//84 542//84 571//84
f 571//83 542//83 599//83
f 572//84 542//84 600//84
f 600//83 542//83 572//83
f 543//775 544//84 601//857
f 601//858 544//83 543//776
f 544//84 572//84 602//84
f 602//83 572//83 544//83
f 543//775 601//857 573//817
f 573//818 601//858 543//776
f 523//747 573//817 574//819
f 574//820 573//818 523//748
f 545//777 574//819 603//859
f 603//860 574//820 545//778
f 575//821 545//777 604//861
f 604//862 545//778 575//822
f 528//755 575//821 576//823
f 576//824 575//822 528//756
f 605//863 577//825 547//83
f 547//84 577//826 605//864
f 527//753 577//825 606//865
f 606//866 577//826 527//754
f 548//781 605//863 547//83
f 547//84 605//864 548//782
f 606//865 578//827 527//753
f 527//754 578//828 606//866
f 578//827 579//829 529//757
f 529//758 579//830 578//828
f 576//823 607//867 548//781
f 548//782 607//868 576//824
f 549//783 579//829 608//869
f 608//870 579//830 549//784
f 549//783 609//871 530//759
f 530//760 609//872 549//784
f 530//759 609//871 580//831
f 580//832 609//872 530//760
f 531//761 580//831 581//833
f 581//834 580//832 531//762
f 551//787 581//833 610//873
f 610//874 581//834 551//788
f 551//787 611//875 552//789
f 552//790 611//876 551//788
f 582//835 559//803 553//791
f 553//792 559//804 582//836
f 582//835 552//789 611//875
f 611//876 552//790 582//836
f 556//797 612//877 554//793
f 554//794 612//878 556//798
f 554//793 612//877 583//837
f 583//838 612//878 554//794
f 533//765 583//837 613//879
f 613//880 583//838 533//766
f 613//879 584//839 533//765
f 533//766 584//840 613//880
f 584//839 614//881 555//795
f 555//796 614//882 584//840
f 556//797 585//841 612//877
f 612//878 585//842 556//798
f 615//883 585//841 557//799
f 557//800 585//842 615//884
f 616//885 557//799 586//843
f 586//844 557//800 616//886
f 588//847 587//845 535//769
f 535//770 587//846 588//848
f 558//801 587//845 617//887
f 617//888 587//846 558//802
f 586//843 558//801 616//885
f 616//886 558//802 586//844
f 559//803 618//889 588//847
f 588//848 618//890 559//804
f 555//795 614//881 589//849
f 589//850 614//882 555//796
f 536//771 589//849 590//851
f 590//852 589//850 536//772
f 590//851 591//853 560//805
f 560//806 591//854 590//852
f 591//853 619//891 561//807
f 561//808 619//892 591//854
f 562//809 561//807 619//891
f 619//892 561//808 562//810
f 562//809 620//893 563//811
f 563//812 620//894 562//810
f 563//811 621//895 564//813
f 564//814 621//896 563//812
f 564//813 622//897 565//815
f 565//816 622//898 564//814
f 565//815 623//899 592//855
f 592//856 623//900 565//816
f 593//84 537//773 592//855
f 592//856 537//774 593//83
f 568//84 566//84 593//84
f 593//83 566//83 568//83
f 567//84 569//84 624//84
f 624//83 569//83 567//83
f 594//84 568//84 625//84
f 625//83 568//83 594//83
f 569//84 594//84 626//84
f 626//83 594//83 569//83
f 595//84 567//84 627//84
f 627//83 567//83 595//83
f 596//84 539//84 595//84
f 595//83 539//83 596//83
f 597//84 540//84 596//84
f 596//83 540//83 597//83
f 598//84 541//84 597//84
f 597//83 541//83 598//83
f 628//84 571//84 570//84
f 570//83 571//83 628//83
f 629//84 570//84 598//84
f 598//83 570//83 629//83
f 600//84 542//84 599//84
f 599//83 542//83 600//83
f 599//84 571//84 628//84
f 628//83 571//83 599//83
f 630//84 572//84 600//84
f 600//83 572//83 630//83
f 601//857 544//84 602//84
f 602//83 544//83 601//858
f 602//84 572//84 630//84
f 630//83 572//83 602//83
f 573//817 601//857 631//901
f 631//902 601//858 573//818
f 574//819 573//817 632//903
f 632//904 573//818 574//820
f 574//819 632//903 603//859
f 603//860 632//904 574//820
f 545//777 603//859 604//861
f 604//862 603//860 545//778
f 575//821 604//861 576//823
f 576//824 604//862 575//822
f 605//863 633//905 577//825
f 577//826 633//906 605//864
f 577//825 634//907 606//865
f 606//866 634//908 577//826
f 548//781 635//909 605//863
f 605//864 635//910 548//782
f 606//865 636//911 578//827
f 578//828 636//912 606//866
f 578//827 637//913 579//829
f 579//830 637//914 578//828
f 576//823 604//861 607//867
f 607//868 604//862 576//824
f 607//867 635//909 548//781
f 548//782 635//910 607//868
f 608//869 579//829 638//915
f 638//916 579//830 608//870
f 549//783 608//869 609//871
f 609//872 608//870 549//784
f 580//831 609//871 639//917
f 639//918 609//872 580//832
f 580//831 639//917 581//833
f 581//834 639//918 580//832
f 610//873 581//833 640//919
f 640//920 581//834 610//874
f 551//787 610//873 611//875
f 611//876 610//874 551//788
f 582//835 641//921 559//803
f 559//804 641//922 582//836
f 582//835 611//875 641//921
f 641//922 611//876 582//836
f 612//877 642//923 583//837
f 583//838 642//924 612//878
f 583//837 643//925 613//879
f 613//880 643//926 583//838
f 613//879 644//927 584//839
f 584//840 644//928 613//880
f 584//839 645//929 614//881
f 614//882 645//930 584//840
f 615//883 612//877 585//841
f 585//842 612//878 615//884
f 616//885 615//883 557//799
f 557//800 615//884 616//886
f 588//847 646//931 587//845
f 587//846 646//932 588//848
f 587//845 647//933 617//887
f 617//888 647//934 587//846
f 558//801 617//887 616//885
f 616//886 617//888 558//802
f 641//921 618//889 559//803
f 559//804 618//890 641//922
f 588//847 618//889 648//935
f 648//936 618//890 588//848
f 614//881 649//937 589//849
f 589//850 649//938 614//882
f 589//849 650//939 590//851
f 590//852 650//940 589//850
f 651//941 591//853 590//851
f 590//852 591//854 651//942
f 652//943 619//891 591//853
f 591//854 619//892 652//944
f 562//809 619//891 620//893
f 620//894 619//892 562//810
f 563//811 620//893 621//895
f 621//896 620//894 563//812
f 564//813 621//895 622//897
f 622//898 621//896 564//814
f 565//815 622//897 623//899
f 623//900 622//898 565//816
f 592//855 623//899 653//945
f 653//946 623//900 592//856
f 625//84 593//84 592//855
f 592//856 593//83 625//83
f 625//84 568//84 593//84
f 593//83 568//83 625//83
f 624//84 569//84 626//84
f 626//83 569//83 624//83
f 627//84 567//84 624//84
f 624//83 567//83 627//83
f 626//84 594//84 625//84
f 625//83 594//83 626//83
f 595//84 627//84 654//84
f 654//83 627//83 595//83
f 596//84 595//84 655//84
f 655//83 595//83 596//83
f 597//84 596//84 656//84
f 656//83 596//83 597//83
f 598//84 597//84 656//84
f 656//83 597//83 598//83
f 628//84 570//84 629//84
f 629//83 570//83 628//83
f 629//84 598//84 657//84
f 657//83 598//83 629//83
f 658//84 600//84 599//84
f 599//83 600//83 658//83
f 659//84 599//84 628//84
f 628//83 599//83 659//83
f 630//84 600//84 658//84
f 658//83 600//83 630//83
f 601//857 602//84 660//947
f 660//948 602//83 601//858
f 660//947 602//84 630//84
f 630//83 602//83 660//948
f 601//857 660//947 631//901
f 631//902 660//948 601//858
f 573//817 631//901 632//903
f 632//904 631//902 573//818
f 603//859 632//903 661//949
f 661//950 632//904 603//860
f 604//861 603//859 662//951
f 662//952 603//860 604//862
f 605//863 663//953 633//905
f 633//906 663//954 605//864
f 577//825 633//905 664//955
f 664//956 633//906 577//826
f 634//907 577//825 665//957
f 665//958 577//826 634//908
f 606//865 634//907 636//911
f 636//912 634//908 606//866
f 635//909 666//959 605//863
f 605//864 666//960 635//910
f 578//827 636//911 637//913
f 637//914 636//912 578//828
f 637//913 667//961 579//829
f 579//830 667//962 637//914
f 604//861 662//951 607//867
f 607//868 662//952 604//862
f 607//867 668//963 635//909
f 635//910 668//964 607//868
f 638//915 579//829 669//965
f 669//966 579//830 638//916
f 608//869 638//915 609//871
f 609//872 638//916 608//870
f 609//871 670//967 639//917
f 639//918 670//968 609//872
f 581//833 639//917 671//969
f 671//970 639//918 581//834
f 581//833 671//969 640//919
f 640//920 671//970 581//834
f 610//873 640//919 611//875
f 611//876 640//920 610//874
f 641//921 611//875 672//971
f 672//972 611//876 641//922
f 647//933 642//923 612//877
f 612//878 642//924 647//934
f 642//923 673//973 583//837
f 583//838 673//974 642//924
f 674//975 643//925 583//837
f 583//838 643//926 674//976
f 613//879 643//925 675//977
f 675//978 643//926 613//880
f 675//977 644//927 613//879
f 613//880 644//928 675//978
f 644//927 645//929 584//839
f 584//840 645//930 644//928
f 645//929 676//979 614//881
f 614//882 676//980 645//930
f 615//883 647//933 612//877
f 612//878 647//934 615//884
f 616//885 617//887 615//883
f 615//884 617//888 616//886
f 588//847 648//935 646//931
f 646//932 648//936 588//848
f 646//931 673//973 587//845
f 587//846 673//974 646//932
f 587//845 673//973 647//933
f 647//934 673//974 587//846
f 617//887 647//933 615//883
f 615//884 647//934 617//888
f 641//921 672//971 618//889
f 618//890 672//972 641//922
f 618//889 677//981 648//935
f 648//936 677//982 618//890
f 614//881 676//979 649//937
f 649//938 676//980 614//882
f 589//849 649//937 650//939
f 650//940 649//938 589//850
f 590//851 650//939 651//941
f 651//942 650//940 590//852
f 651//941 652//943 591//853
f 591//854 652//944 651//942
f 652//943 678//983 619//891
f 619//892 678//984 652//944
f 620//893 619//891 678//983
f 678//984 619//892 620//894
f 620//893 679//985 621//895
f 621//896 679//986 620//894
f 621//895 680//987 622//897
f 622//898 680//988 621//896
f 622//897 681//989 623//899
f 623//900 681//990 622//898
f 623//899 682//991 653//945
f 653//946 682//992 623//900
f 625//84 592//855 653//945
f 653//946 592//856 625//83
f 624//84 626//84 683//993
f 683//994 626//83 624//83
f 627//84 624//84 684//995
f 684//996 624//83 627//83
f 626//84 625//84 653//945
f 653//946 625//83 626//83
f 654//84 627//84 684//995
f 684//996 627//83 654//83
f 655//84 595//84 654//84
f 654//83 595//83 655//83
f 685//84 596//84 655//84
f 655//83 596//83 685//83
f 656//84 596//84 685//84
f 685//83 596//83 656//83
f 598//84 656//84 686//84
f 686//83 656//83 598//83
f 687//84 628//84 629//84
f 629//83 628//83 687//83
f 657//84 598//84 686//84
f 686//83 598//83 657//83
f 688//84 629//84 657//84
f 657//83 629//83 688//83
f 658//84 599//84 659//84
f 659//83 599//83 658//83
f 659//84 628//84 687//84
f 687//83 628//83 659//83
f 630//84 658//84 689//997
f 689//998 658//83 630//83
f 660//947 630//84 689//997
f 689//998 630//83 660//948
f 631//901 660//947 690//999
f 690//1000 660//948 631//902
f 632//903 631//901 691//1001
f 691//1002 631//902 632//904
f 632//903 691//1001 661//949
f 661//950 691//1002 632//904
f 603//859 661//949 662//951
f 662//952 661//950 603//860
f 666//959 663//953 605//863
f 605//864 663//954 666//960
f 663//953 692//1003 633//905
f 633//906 692//1004 663//954
f 633//905 693//1005 664//955
f 664//956 693//1006 633//906
f 665//957 577//825 664//955
f 664//956 577//826 665//958
f 634//907 665//957 636//911
f 636//912 665//958 634//908
f 635//909 668//963 666//959
f 666//960 668//964 635//910
f 637//913 636//911 694//1007
f 694//1008 636//912 637//914
f 637//913 694//1007 667//961
f 667//962 694//1008 637//914
f 579//829 667//961 695//1009
f 695//1010 667//962 579//830
f 662//951 696//1011 607//867
f 607//868 696//1012 662//952
f 607//867 696//1011 668//963
f 668//964 696//1012 607//868
f 669//965 579//829 695//1009
f 695//1010 579//830 669//966
f 638//915 669//965 670//967
f 670//968 669//966 638//916
f 609//871 638//915 670//967
f 670//968 638//916 609//872
f 639//917 670//967 697//1013
f 697//1014 670//968 639//918
f 639//917 698//1015 671//969
f 671//970 698//1016 639//918
f 640//919 671//969 699//1017
f 699//1018 671//970 640//920
f 640//919 699//1017 611//875
f 611//876 699//1018 640//920
f 611//875 700//1019 672//971
f 672//972 700//1020 611//876
f 647//933 673//973 642//923
f 642//924 673//974 647//934
f 674//975 583//837 673//973
f 673//974 583//838 674//976
f 701//1021 643//925 674//975
f 674//976 643//926 701//1022
f 675//977 643//925 702//1023
f 702//1024 643//926 675//978
f 675//977 703//1025 644//927
f 644//928 703//1026 675//978
f 644//927 704//1027 645//929
f 645//930 704//1028 644//928
f 645//929 705//1029 676//979
f 676//980 705//1030 645//930
f 648//935 677//981 646//931
f 646//932 677//982 648//936
f 646//931 674//975 673//973
f 673//974 674//976 646//932
f 672//971 677//981 618//889
f 618//890 677//982 672//972
f 649//937 676//979 706//1031
f 706//1032 676//980 649//938
f 650//939 649//937 707//1033
f 707//1034 649//938 650//940
f 650//939 708//1035 651//941
f 651//942 708//1036 650//940
f 709//1037 652//943 651//941
f 651//942 652//944 709//1038
f 710//1039 678//983 652//943
f 652//944 678//984 710//1040
f 620//893 678//983 679//985
f 679//986 678//984 620//894
f 621//895 679//985 680//987
f 680//988 679//986 621//896
f 622//897 680//987 681//989
f 681//990 680//988 622//898
f 623//899 681//989 682//991
f 682//992 681//990 623//900
f 653//945 682//991 711//1041
f 711//1042 682//992 653//946
f 683//993 626//84 711//1041
f 711//1042 626//83 683//994
f 684//995 624//84 683//993
f 683//994 624//83 684//996
f 626//84 653//945 711//1041
f 711//1042 653//946 626//83
f 654//84 684//995 712//1043
f 712//1044 684//996 654//83
f 713//1045 655//84 654//84
f 654//83 655//83 713//1046
f 685//84 655//84 713//1045
f 713//1046 655//83 685//83
f 714//84 656//84 685//84
f 685//83 656//83 714//83
f 686//84 656//84 714//84
f 714//83 656//83 686//83
f 687//84 629//84 688//84
f 688//83 629//83 687//83
f 657//84 686//84 715//84
f 715//83 686//83 657//83
f 688//84 657//84 716//84
f 716//83 657//83 688//83
f 689//997 658//84 659//84
f 659//83 658//83 689//998
f 659//84 687//84 717//1047
f 717//1048 687//83 659//83
f 660//947 689//997 690//999
f 690//1000 689//998 660//948
f 631//901 690//999 691//1001
f 691//1002 690//1000 631//902
f 661//949 691//1001 718//1049
f 718//1050 691//1002 661//950
f 662//951 661//949 719//1051
f 719//1052 661//950 662//952
f 666//959 720//1053 663//953
f 663//954 720//1054 666//960
f 663//953 720//1053 692//1003
f 692//1004 720//1054 663//954
f 633//905 692//1003 721//1055
f 721//1056 692//1004 633//906
f 722//1057 693//1005 633//905
f 633//906 693//1006 722//1058
f 664//955 693//1005 723//1059
f 723//1060 693//1006 664//956
f 665//957 664//955 724//1061
f 724//1062 664//956 665//958
f 636//911 665//957 725//1063
f 725//1064 665//958 636//912
f 668//963 726//1065 666//959
f 666//960 726//1066 668//964
f 636//911 725//1063 694//1007
f 694//1008 725//1064 636//912
f 667//961 694//1007 727//1067
f 727//1068 694//1008 667//962
f 695//1009 667//961 728//1069
f 728//1070 667//962 695//1010
f 662//951 719//1051 696//1011
f 696//1012 719//1052 662//952
f 696//1011 729//1071 668//963
f 668//964 729//1072 696//1012
f 669//965 695//1009 730//1073
f 730//1074 695//1010 669//966
f 670//967 669//965 731//1075
f 731//1076 669//966 670//968
f 697//1013 670//967 732//1077
f 732//1078 670//968 697//1014
f 639//917 697//1013 698//1015
f 698//1016 697//1014 639//918
f 671//969 698//1015 733//1079
f 733//1080 698//1016 671//970
f 671//969 734//1081 699//1017
f 699//1018 734//1082 671//970
f 699//1017 700//1019 611//875
f 611//876 700//1020 699//1018
f 700//1019 735//1083 672//971
f 672//972 735//1084 700//1020
f 701//1021 736//1085 643//925
f 643//926 736//1086 701//1022
f 737//1087 701//1021 674//975
f 674//976 701//1022 737//1088
f 643//925 738//1089 702//1023
f 702//1024 738//1090 643//926
f 675//977 702//1023 739//1091
f 739//1092 702//1024 675//978
f 739//1091 703//1025 675//977
f 675//978 703//1026 739//1092
f 703//1025 704//1027 644//927
f 644//928 704//1028 703//1026
f 704//1027 705//1029 645//929
f 645//930 705//1030 704//1028
f 676//979 705//1029 706//1031
f 706//1032 705//1030 676//980
f 677//981 737//1087 646//931
f 646//932 737//1088 677//982
f 737//1087 674//975 646//931
f 646//932 674//976 737//1088
f 672//971 737//1087 677//981
f 677//982 737//1088 672//972
f 649//937 706//1031 707//1033
f 707//1034 706//1032 649//938
f 650//939 707//1033 708//1035
f 708//1036 707//1034 650//940
f 651//941 708//1035 709//1037
f 709//1038 708//1036 651//942
f 709//1037 710//1039 652//943
f 652//944 710//1040 709//1038
f 740//1093 678//983 710//1039
f 710//1040 678//984 740//1094
f 678//983 741//1095 679//985
f 679//986 741//1096 678//984
f 679//985 742//1097 680//987
f 680//988 742//1098 679//986
f 680//987 743//1099 681//989
f 681//990 743//1100 680//988
f 681//989 744//1101 682//991
f 682//992 744//1102 681//990
f 711//1041 682//991 745//1103
f 745//1104 682//992 711//1042
f 711//1041 745//1103 683//993
f 683//994 745//1104 711//1042
f 684//995 683//993 746//1105
f 746//1106 683//994 684//996
f 684//995 747//1107 712//1043
f 712//1044 747//1108 684//996
f 713//1045 654//84 712//1043
f 712//1044 654//83 713//1046
f 748//1109 685//84 713//1045
f 713//1046 685//83 748//1110
f 714//84 685//84 748//1109
f 748//1110 685//83 714//83
f 715//84 686//84 714//84
f 714//83 686//83 715//83
f 687//84 688//84 749//1111
f 749//1112 688//83 687//83
f 716//84 657//84 715//84
f 715//83 657//83 716//83
f 749//1111 688//84 716//84
f 716//83 688//83 749//1112
f 689//997 659//84 750//1113
f 750//1114 659//83 689//998
f 717//1047 687//84 749//1111
f 749//1112 687//83 717//1048
f 750//1113 659//84 717//1047
f 717//1048 659//83 750//1114
f 690//999 689//997 751//1115
f 751//1116 689//998 690//1000
f 691//1001 690//999 752//1117
f 752//1118 690//1000 691//1002
f 691//1001 752//1117 718//1049
f 718//1050 752//1118 691//1002
f 661//949 718//1049 719//1051
f 719//1052 718//1050 661//950
f 666//959 726//1065 720//1053
f 720//1054 726//1066 666//960
f 720//1053 753//1119 692//1003
f 692//1004 753//1120 720//1054
f 692//1003 754//1121 721//1055
f 721//1056 754//1122 692//1004
f 633//905 721//1055 722//1057
f 722//1058 721//1056 633//906
f 693//1005 722//1057 755//1123
f 755//1124 722//1058 693//1006
f 693//1005 755//1123 723//1059
f 723//1060 755//1124 693//1006
f 664//955 723//1059 724//1061
f 724//1062 723//1060 664//956
f 725//1063 665//957 724//1061
f 724//1062 665//958 725//1064
f 729//1071 726//1065 668//963
f 668//964 726//1066 729//1072
f 725//1063 756//1125 694//1007
f 694//1008 756//1126 725//1064
f 694//1007 756//1125 727//1067
f 727//1068 756//1126 694//1008
f 667//961 727//1067 757//1127
f 757//1128 727//1068 667//962
f 667//961 757//1127 728//1069
f 728//1070 757//1128 667//962
f 695//1009 728//1069 730//1073
f 730//1074 728//1070 695//1010
f 719//1051 758//1129 696//1011
f 696//1012 758//1130 719//1052
f 696//1011 758//1129 729//1071
f 729//1072 758//1130 696//1012
f 669//965 730//1073 759//1131
f 759//1132 730//1074 669//966
f 669//965 759//1131 731//1075
f 731//1076 759//1132 669//966
f 670//967 731//1075 732//1077
f 732//1078 731//1076 670//968
f 760//1133 697//1013 732//1077
f 732//1078 697//1014 760//1134
f 698//1015 697//1013 761//1135
f 761//1136 697//1014 698//1016
f 698//1015 761//1135 733//1079
f 733//1080 761//1136 698//1016
f 733//1079 734//1081 671//969
f 671//970 734//1082 733//1080
f 699//1017 734//1081 762//1137
f 762//1138 734//1082 699//1018
f 699//1017 763//1139 700//1019
f 700//1020 763//1140 699//1018
f 700//1019 763//1139 735//1083
f 735//1084 763//1140 700//1020
f 672//971 735//1083 737//1087
f 737//1088 735//1084 672//972
f 764//1141 736//1085 701//1021
f 701//1022 736//1086 764//1142
f 643//925 736//1085 738//1089
f 738//1090 736//1086 643//926
f 737//1087 765//1143 701//1021
f 701//1022 765//1144 737//1088
f 702//1023 738//1089 766//1145
f 766//1146 738//1090 702//1024
f 739//1091 702//1023 767//1147
f 767//1148 702//1024 739//1092
f 768//1149 703//1025 739//1091
f 739//1092 703//1026 768//1150
f 703//1025 769//1151 704//1027
f 704//1028 769//1152 703//1026
f 704//1027 770//1153 705//1029
f 705//1030 770//1154 704//1028
f 705//1029 771//1155 706//1031
f 706//1032 771//1156 705//1030
f 707//1033 706//1031 772//1157
f 772//1158 706//1032 707//1034
f 708//1035 707//1033 773//1159
f 773//1160 707//1034 708//1036
f 708//1035 773//1159 709//1037
f 709//1038 773//1160 708//1036
f 774//1161 710//1039 709//1037
f 709//1038 710//1040 774//1162
f 740//1093 741//1095 678//983
f 678//984 741//1096 740//1094
f 774//1161 740//1093 710//1039
f 710//1040 740//1094 774//1162
f 679//985 741//1095 742//1097
f 742//1098 741//1096 679//986
f 680//987 742//1097 743//1099
f 743//1100 742//1098 680//988
f 681//989 743//1099 744//1101
f 744//1102 743//1100 681//990
f 682//991 744//1101 745//1103
f 745//1104 744//1102 682//992
f 683//993 745//1103 746//1105
f 746//1106 745//1104 683//994
f 684//995 746//1105 747//1107
f 747//1108 746//1106 684//996
f 712//1043 747//1107 775//1163
f 775//1164 747//1108 712//1044
f 712//1043 776//1165 713//1045
f 713//1046 776//1166 712//1044
f 713//1045 777//1167 748//1109
f 748//1110 777//1168 713//1046
f 778//1169 714//84 748//1109
f 748//1110 714//83 778//1170
f 779//1171 715//84 714//84
f 714//83 715//83 779//1172
f 780//1173 716//84 715//84
f 715//83 716//83 780//1174
f 749//1111 716//84 780//1173
f 780//1174 716//83 749//1112
f 689//997 750//1113 751//1115
f 751//1116 750//1114 689//998
f 717//1047 749//1111 781//1175
f 781//1176 749//1112 717//1048
f 750//1113 717//1047 782//1177
f 782//1178 717//1048 750//1114
f 690//999 751//1115 752//1117
f 752//1118 751//1116 690//1000
f 718//1049 752//1117 783//1179
f 783//1180 752//1118 718//1050
f 719//1051 718//1049 784//1181
f 784//1182 718//1050 719//1052
f 726//1065 785//1183 720//1053
f 720//1054 785//1184 726//1066
f 720//1053 786//1185 753//1119
f 753//1120 786//1186 720//1054
f 692//1003 753//1119 754//1121
f 754//1122 753//1120 692//1004
f 721//1055 754//1121 787//1187
f 787//1188 754//1122 721//1056
f 722//1057 721//1055 755//1123
f 755//1124 721//1056 722//1058
f 723//1059 755//1123 788//1189
f 788//1190 755//1124 723//1060
f 724//1061 723//1059 788//1189
f 788//1190 723//1060 724//1062
f 725//1063 724//1061 789//1191
f 789//1192 724//1062 725//1064
f 729//1071 790//1193 726//1065
f 726//1066 790//1194 729//1072
f 725//1063 789//1191 756//1125
f 756//1126 789//1192 725//1064
f 756//1125 789//1191 727//1067
f 727//1068 789//1192 756//1126
f 727//1067 789//1191 757//1127
f 757//1128 789//1192 727//1068
f 728//1069 757//1127 791//1195
f 791//1196 757//1128 728//1070
f 730//1073 728//1069 792//1197
f 792//1198 728//1070 730//1074
f 719//1051 784//1181 758//1129
f 758//1130 784//1182 719//1052
f 758//1129 790//1193 729//1071
f 729//1072 790//1194 758//1130
f 759//1131 730//1073 792//1197
f 792//1198 730//1074 759//1132
f 731//1075 759//1131 793//1199
f 793//1200 759//1132 731//1076
f 732//1077 731//1075 794//1201
f 794//1202 731//1076 732//1078
f 697//1013 760//1133 761//1135
f 761//1136 760//1134 697//1014
f 795//1203 760//1133 732//1077
f 732//1078 760//1134 795//1204
f 733//1079 761//1135 796//1205
f 796//1206 761//1136 733//1080
f 733//1079 797//1207 734//1081
f 734//1082 797//1208 733//1080
f 734//1081 798//1209 762//1137
f 762//1138 798//1210 734//1082
f 699//1017 762//1137 763//1139
f 763//1140 762//1138 699//1018
f 763//1139 799//1211 735//1083
f 735//1084 799//1212 763//1140
f 735//1083 765//1143 737//1087
f 737//1088 765//1144 735//1084
f 764//1141 738//1089 736//1085
f 736//1086 738//1090 764//1142
f 765//1143 764//1141 701//1021
f 701//1022 764//1142 765//1144
f 764//1141 766//1145 738//1089
f 738//1090 766//1146 764//1142
f 702//1023 766//1145 767//1147
f 767//1148 766//1146 702//1024
f 739//1091 767//1147 768//1149
f 768//1150 767//1148 739//1092
f 768//1149 800//1213 703//1025
f 703//1026 800//1214 768//1150
f 800//1213 769//1151 703//1025
f 703//1026 769//1152 800//1214
f 769//1151 770//1153 704//1027
f 704//1028 770//1154 769//1152
f 705//1029 770//1153 771//1155
f 771//1156 770//1154 705//1030
f 706//1031 771//1155 801//1215
f 801//1216 771//1156 706//1032
f 706//1031 801//1215 772//1157
f 772//1158 801//1216 706//1032
f 707//1033 772//1157 773//1159
f 773//1160 772//1158 707//1034
f 709//1037 773//1159 774//1161
f 774//1162 773//1160 709//1038
f 802//1217 741//1095 740//1093
f 740//1094 741//1096 802//1218
f 774//1161 802//1217 740//1093
f 740//1094 802//1218 774//1162
f 742//1097 741//1095 803//1219
f 803//1220 741//1096 742//1098
f 742//1097 804//1221 743//1099
f 743//1100 804//1222 742//1098
f 743//1099 805//1223 744//1101
f 744//1102 805//1224 743//1100
f 745//1103 744//1101 806//1225
f 806//1226 744//1102 745//1104
f 745//1103 806//1225 746//1105
f 746//1106 806//1226 745//1104
f 747//1107 746//1105 807//1227
f 807//1228 746//1106 747//1108
f 747//1107 808//1229 775//1163
f 775//1164 808//1230 747//1108
f 712//1043 775//1163 776//1165
f 776//1166 775//1164 712//1044
f 713//1045 776//1165 777//1167
f 777//1168 776//1166 713//1046
f 748//1109 777//1167 809//1231
f 809//1232 777//1168 748//1110
f 779//1171 714//84 778//1169
f 778//1170 714//83 779//1172
f 748//1109 809//1231 778//1169
f 778//1170 809//1232 748//1110
f 780//1173 715//84 779//1171
f 779//1172 715//83 780//1174
f 749//1111 780//1173 810//1233
f 810//1234 780//1174 749//1112
f 751//1115 750//1113 782//1177
f 782//1178 750//1114 751//1116
f 781//1175 749//1111 810//1233
f 810//1234 749//1112 781//1176
f 782//1177 717//1047 781//1175
f 781//1176 717//1048 782//1178
f 752//1117 751//1115 811//1235
f 811//1236 751//1116 752//1118
f 752//1117 811//1235 783//1179
f 783//1180 811//1236 752//1118
f 718//1049 783//1179 784//1181
f 784//1182 783//1180 718//1050
f 785//1183 726//1065 812//1237
f 812//1238 726//1066 785//1184
f 720//1053 785//1183 786//1185
f 786//1186 785//1184 720//1054
f 753//1119 786//1185 813//1239
f 813//1240 786//1186 753//1120
f 753//1119 813//1239 754//1121
f 754//1122 813//1240 753//1120
f 754//1121 813//1239 787//1187
f 787//1188 813//1240 754//1122
f 755//1123 721//1055 787//1187
f 787//1188 721//1056 755//1124
f 755//1123 787//1187 788//1189
f 788//1190 787//1188 755//1124
f 724//1061 788//1189 814//1241
f 814//1242 788//1190 724//1062
f 789//1191 724//1061 814//1241
f 814//1242 724//1062 789//1192
f 790//1193 815//1243 726//1065
f 726//1066 815//1244 790//1194
f 816//1245 757//1127 789//1191
f 789//1192 757//1128 816//1246
f 757//1127 817//1247 791//1195
f 791//1196 817//1248 757//1128
f 728//1069 791//1195 818//1249
f 818//1250 791//1196 728//1070
f 728//1069 818//1249 792//1197
f 792//1198 818//1250 728//1070
f 784//1181 819//1251 758//1129
f 758//1130 819//1252 784//1182
f 758//1129 819//1251 790//1193
f 790//1194 819//1252 758//1130
f 759//1131 792//1197 820//1253
f 820//1254 792//1198 759//1132
f 759//1131 821//1255 793//1199
f 793//1200 821//1256 759//1132
f 731//1075 793//1199 794//1201
f 794//1202 793//1200 731//1076
f 795//1203 732//1077 794//1201
f 794//1202 732//1078 795//1204
f 761//1135 760//1133 822//1257
f 822//1258 760//1134 761//1136
f 760//1133 795//1203 822//1257
f 822//1258 795//1204 760//1134
f 761//1135 822//1257 796//1205
f 796//1206 822//1258 761//1136
f 796//1205 797//1207 733//1079
f 733//1080 797//1208 796//1206
f 797//1207 798//1209 734//1081
f 734//1082 798//1210 797//1208
f 762//1137 798//1209 823//1259
f 823//1260 798//1210 762//1138
f 762//1137 799//1211 763//1139
f 763//1140 799//1212 762//1138
f 735//1083 799//1211 824//1261
f 824//1262 799//1212 735//1084
f 735//1083 824//1261 765//1143
f 765//1144 824//1262 735//1084
f 765//1143 825//1263 764//1141
f 764//1142 825//1264 765//1144
f 826//1265 766//1145 764//1141
f 764//1142 766//1146 826//1266
f 767//1147 766//1145 827//1267
f 827//1268 766//1146 767//1148
f 768//1149 767//1147 828//1269
f 828//1270 767//1148 768//1150
f 829//1271 800//1213 768//1149
f 768//1150 800//1214 829//1272
f 800//1213 830//1273 769//1151
f 769//1152 830//1274 800//1214
f 830//1273 770//1153 769//1151
f 769//1152 770//1154 830//1274
f 770//1153 831//1275 771//1155
f 771//1156 831//1276 770//1154
f 771//1155 832//1277 801//1215
f 801//1216 832//1278 771//1156
f 772//1157 801//1215 833//1279
f 833//1280 801//1216 772//1158
f 773//1159 772//1157 834//1281
f 834//1282 772//1158 773//1160
f 773//1159 834//1281 774//1161
f 774//1162 834//1282 773//1160
f 802//1217 803//1219 741//1095
f 741//1096 803//1220 802//1218
f 835//1283 802//1217 774//1161
f 774//1162 802//1218 835//1284
f 803//1219 804//1221 742//1097
f 742//1098 804//1222 803//1220
f 743//1099 804//1221 805//1223
f 805//1224 804//1222 743//1100
f 744//1101 805//1223 806//1225
f 806//1226 805//1224 744//1102
f 746//1105 806//1225 807//1227
f 807//1228 806//1226 746//1106
f 747//1107 807//1227 808//1229
f 808//1230 807//1228 747//1108
f 775//1163 808//1229 836//1285
f 836//1286 808//1230 775//1164
f 775//1163 837//1287 776//1165
f 776//1166 837//1288 775//1164
f 776//1165 838//1289 777//1167
f 777//1168 838//1290 776//1166
f 777//1167 839//1291 809//1231
f 809//1232 839//1292 777//1168
f 779//1171 778//1169 840//1293
f 840//1294 778//1170 779//1172
f 778//1169 809//1231 840//1293
f 840//1294 809//1232 778//1170
f 780//1173 779//1171 841//1295
f 841//1296 779//1172 780//1174
f 810//1233 780//1173 841//1295
f 841//1296 780//1174 810//1234
f 751//1115 782//1177 811//1235
f 811//1236 782//1178 751//1116
f 781//1175 810//1233 842//1297
f 842//1298 810//1234 781//1176
f 782//1177 781//1175 843//1299
f 843//1300 781//1176 782//1178
f 783//1179 811//1235 844//1301
f 844//1302 811//1236 783//1180
f 784//1181 783//1179 845//1303
f 845//1304 783//1180 784//1182
f 726//1065 815//1243 812//1237
f 812//1238 815//1244 726//1066
f 785//1183 812//1237 846//1305
f 846//1306 812//1238 785//1184
f 785//1183 847//1307 786//1185
f 786//1186 847//1308 785//1184
f 786//1185 848//1309 813//1239
f 813//1240 848//1310 786//1186
f 813//1239 848//1309 787//1187
f 787//1188 848//1310 813//1240
f 788//1189 787//1187 849//1311
f 849//1312 787//1188 788//1190
f 814//1241 788//1189 849//1311
f 849//1312 788//1190 814//1242
f 789//1191 814//1241 816//1245
f 816//1246 814//1242 789//1192
f 790//1193 850//1313 815//1243
f 815//1244 850//1314 790//1194
f 816//1245 817//1247 757//1127
f 757//1128 817//1248 816//1246
f 791//1195 817//1247 851//1315
f 851//1316 817//1248 791//1196
f 818//1249 791//1195 852//1317
f 852//1318 791//1196 818//1250
f 792//1197 818//1249 853//1319
f 853//1320 818//1250 792//1198
f 784//1181 845//1303 819//1251
f 819//1252 845//1304 784//1182
f 819//1251 850//1313 790//1193
f 790//1194 850//1314 819//1252
f 820//1253 792//1197 854//1321
f 854//1322 792//1198 820//1254
f 759//1131 820//1253 821//1255
f 821//1256 820//1254 759//1132
f 794//1201 793//1199 821//1255
f 821//1256 793//1200 794//1202
f 855//1323 795//1203 794//1201
f 794//1202 795//1204 855//1324
f 822//1257 795//1203 855//1323
f 855//1324 795//1204 822//1258
f 796//1205 822//1257 856//1325
f 856//1326 822//1258 796//1206
f 856//1325 797//1207 796//1205
f 796//1206 797//1208 856//1326
f 797//1207 857//1327 798//1209
f 798//1210 857//1328 797//1208
f 857//1327 823//1259 798//1209
f 798//1210 823//1260 857//1328
f 762//1137 823//1259 858//1329
f 858//1330 823//1260 762//1138
f 762//1137 858//1329 799//1211
f 799//1212 858//1330 762//1138
f 799//1211 859//1331 824//1261
f 824//1262 859//1332 799//1212
f 824//1261 860//1333 765//1143
f 765//1144 860//1334 824//1262
f 860//1333 825//1263 765//1143
f 765//1144 825//1264 860//1334
f 825//1263 826//1265 764//1141
f 764//1142 826//1266 825//1264
f 826//1265 827//1267 766//1145
f 766//1146 827//1268 826//1266
f 767//1147 827//1267 828//1269
f 828//1270 827//1268 767//1148
f 768//1149 828//1269 829//1271
f 829//1272 828//1270 768//1150
f 829//1271 861//1335 800//1213
f 800//1214 861//1336 829//1272
f 861//1335 830//1273 800//1213
f 800//1214 830//1274 861//1336
f 830//1273 862//1337 770//1153
f 770//1154 862//1338 830//1274
f 770//1153 862//1337 831//1275
f 831//1276 862//1338 770//1154
f 771//1155 831//1275 832//1277
f 832//1278 831//1276 771//1156
f 801//1215 832//1277 863//1339
f 863//1340 832//1278 801//1216
f 801//1215 863//1339 833//1279
f 833//1280 863//1340 801//1216
f 772//1157 833//1279 834//1281
f 834//1282 833//1280 772//1158
f 835//1283 774//1161 834//1281
f 834//1282 774//1162 835//1284
f 864//1341 803//1219 802//1217
f 802//1218 803//1220 864//1342
f 835//1283 864//1341 802//1217
f 802//1218 864//1342 835//1284
f 804//1221 803//1219 865//1343
f 865//1344 803//1220 804//1222
f 805//1223 804//1221 866//1345
f 866//1346 804//1222 805//1224
f 806//1225 805//1223 867//1347
f 867//1348 805//1224 806//1226
f 806//1225 867//1347 807//1227
f 807//1228 867//1348 806//1226
f 808//1229 807//1227 868//1349
f 868//1350 807//1228 808//1230
f 808//1229 869//1351 836//1285
f 836//1286 869//1352 808//1230
f 775//1163 836//1285 837//1287
f 837//1288 836//1286 775//1164
f 776//1165 837//1287 838//1289
f 838//1290 837//1288 776//1166
f 777//1167 838//1289 839//1291
f 839//1292 838//1290 777//1168
f 809//1231 839//1291 870//1353
f 870//1354 839//1292 809//1232
f 841//1295 779//1171 840//1293
f 840//1294 779//1172 841//1296
f 840//1293 809//1231 870//1353
f 870//1354 809//1232 840//1294
f 810//1233 841//1295 871//1355
f 871//1356 841//1296 810//1234
f 811//1235 782//1177 843//1299
f 843//1300 782//1178 811//1236
f 842//1297 810//1233 871//1355
f 871//1356 810//1234 842//1298
f 843//1299 781//1175 842//1297
f 842//1298 781//1176 843//1300
f 811//1235 843//1299 844//1301
f 844//1302 843//1300 811//1236
f 783//1179 844//1301 845//1303
f 845//1304 844//1302 783//1180
f 815//1243 872//1357 812//1237
f 812//1238 872//1358 815//1244
f 846//1305 812//1237 873//1359
f 873//1360 812//1238 846//1306
f 847//1307 785//1183 846//1305
f 846//1306 785//1184 847//1308
f 874//1361 786//1185 847//1307
f 847//1308 786//1186 874//1362
f 786//1185 874//1361 848//1309
f 848//1310 874//1362 786//1186
f 787//1187 848//1309 849//1311
f 849//1312 848//1310 787//1188
f 814//1241 849//1311 848//1309
f 848//1310 849//1312 814//1242
f 816//1245 814//1241 848//1309
f 848//1310 814//1242 816//1246
f 850//1313 875//1363 815//1243
f 815//1244 875//1364 850//1314
f 816//1245 876//1365 817//1247
f 817//1248 876//1366 816//1246
f 851//1315 817//1247 877//1367
f 877//1368 817//1248 851//1316
f 791//1195 851//1315 878//1369
f 878//1370 851//1316 791//1196
f 852//1317 791//1195 878//1369
f 878//1370 791//1196 852//1318
f 818//1249 852//1317 853//1319
f 853//1320 852//1318 818//1250
f 854//1321 792//1197 853//1319
f 853//1320 792//1198 854//1322
f 845//1303 879//1371 819//1251
f 819//1252 879//1372 845//1304
f 819//1251 880//1373 850//1313
f 850//1314 880//1374 819//1252
f 820//1253 854//1321 881//1375
f 881//1376 854//1322 820//1254
f 820//1253 881//1375 821//1255
f 821//1256 881//1376 820//1254
f 794//1201 821//1255 882//1377
f 882//1378 821//1256 794//1202
f 855//1323 794//1201 882//1377
f 882//1378 794//1202 855//1324
f 822//1257 855//1323 883//1379
f 883//1380 855//1324 822//1258
f 822//1257 884//1381 856//1325
f 856//1326 884//1382 822//1258
f 856//1325 857//1327 797//1207
f 797//1208 857//1328 856//1326
f 857//1327 885//1383 823//1259
f 823//1260 885//1384 857//1328
f 858//1329 823//1259 886//1385
f 886//1386 823//1260 858//1330
f 858//1329 887//1387 799//1211
f 799//1212 887//1388 858//1330
f 887//1387 859//1331 799//1211
f 799//1212 859//1332 887//1388
f 824//1261 859//1331 860//1333
f 860//1334 859//1332 824//1262
f 860//1333 888//1389 825//1263
f 825//1264 888//1390 860//1334
f 825//1263 889//1391 826//1265
f 826//1266 889//1392 825//1264
f 890//1393 827//1267 826//1265
f 826//1266 827//1268 890//1394
f 827//1267 891//1395 828//1269
f 828//1270 891//1396 827//1268
f 828//1269 892//1397 829//1271
f 829//1272 892//1398 828//1270
f 829//1271 893//1399 861//1335
f 861//1336 893//1400 829//1272
f 861//1335 894//1401 830//1273
f 830//1274 894//1402 861//1336
f 830//1273 895//1403 862//1337
f 862//1338 895//1404 830//1274
f 862//1337 896//1405 831//1275
f 831//1276 896//1406 862//1338
f 831//1275 897//1407 832//1277
f 832//1278 897//1408 831//1276
f 832//1277 898//1409 863//1339
f 863//1340 898//1410 832//1278
f 899//1411 833//1279 863//1339
f 863//1340 833//1280 899//1412
f 900//1413 834//1281 833//1279
f 833//1280 834//1282 900//1414
f 835//1283 834//1281 900//1413
f 900//1414 834//1282 835//1284
f 864//1341 865//1343 803//1219
f 803//1220 865//1344 864//1342
f 901//1415 864//1341 835//1283
f 835//1284 864//1342 901//1416
f 865//1343 866//1345 804//1221
f 804//1222 866//1346 865//1344
f 805//1223 866//1345 867//1347
f 867//1348 866//1346 805//1224
f 807//1227 867//1347 868//1349
f 868//1350 867//1348 807//1228
f 808//1229 868//1349 869//1351
f 869//1352 868//1350 808//1230
f 836//1285 869//1351 902//1417
f 902//1418 869//1352 836//1286
f 836//1285 903//1419 837//1287
f 837//1288 903//1420 836//1286
f 837//1287 904//1421 838//1289
f 838//1290 904//1422 837//1288
f 839//1291 838//1289 905//1423
f 905//1424 838//1290 839//1292
f 839//1291 906//1425 870//1353
f 870//1354 906//1426 839//1292
f 841//1295 840//1293 907//1427
f 907//1428 840//1294 841//1296
f 907//1427 840//1293 870//1353
f 870//1354 840//1294 907//1428
f 871//1355 841//1295 907//1427
f 907//1428 841//1296 871//1356
f 842//1297 871//1355 908//1429
f 908//1430 871//1356 842//1298
f 843//1299 842//1297 909//1431
f 909//1432 842//1298 843//1300
f 844//1301 843//1299 909//1431
f 909//1432 843//1300 844//1302
f 845//1303 844//1301 910//1433
f 910//1434 844//1302 845//1304
f 815//1243 875//1363 872//1357
f 872//1358 875//1364 815//1244
f 812//1237 872//1357 873//1359
f 873//1360 872//1358 812//1238
f 846//1305 873//1359 911//1435
f 911//1436 873//1360 846//1306
f 847//1307 846//1305 912//1437
f 912//1438 846//1306 847//1308
f 874//1361 847//1307 913//1439
f 913//1440 847//1308 874//1362
f 848//1309 874//1361 876//1365
f 876//1366 874//1362 848//1310
f 816//1245 848//1309 876//1365
f 876//1366 848//1310 816//1246
f 850//1313 880//1373 875//1363
f 875//1364 880//1374 850//1314
f 876//1365 877//1367 817//1247
f 817//1248 877//1368 876//1366
f 851//1315 877//1367 914//1441
f 914//1442 877//1368 851//1316
f 878//1369 851//1315 915//1443
f 915//1444 851//1316 878//1370
f 852//1317 878//1369 916//1445
f 916//1446 878//1370 852//1318
f 853//1319 852//1317 917//1447
f 917//1448 852//1318 853//1320
f 854//1321 853//1319 918//1449
f 918//1450 853//1320 854//1322
f 845//1303 910//1433 879//1371
f 879//1372 910//1434 845//1304
f 819//1251 879//1371 880//1373
f 880//1374 879//1372 819//1252
f 854//1321 919//1451 881//1375
f 881//1376 919//1452 854//1322
f 882//1377 821//1255 881//1375
f 881//1376 821//1256 882//1378
f 920//1453 855//1323 882//1377
f 882//1378 855//1324 920//1454
f 855//1323 920//1453 883//1379
f 883//1380 920//1454 855//1324
f 822//1257 883//1379 884//1381
f 884//1382 883//1380 822//1258
f 884//1381 857//1327 856//1325
f 856//1326 857//1328 884//1382
f 884//1381 885//1383 857//1327
f 857//1328 885//1384 884//1382
f 885//1383 886//1385 823//1259
f 823//1260 886//1386 885//1384
f 858//1329 886//1385 887//1387
f 887//1388 886//1386 858//1330
f 887//1387 921//1455 859//1331
f 859//1332 921//1456 887//1388
f 859//1331 922//1457 860//1333
f 860//1334 922//1458 859//1332
f 860//1333 922//1457 888//1389
f 888//1390 922//1458 860//1334
f 888//1389 889//1391 825//1263
f 825//1264 889//1392 888//1390
f 889//1391 890//1393 826//1265
f 826//1266 890//1394 889//1392
f 890//1393 891//1395 827//1267
f 827//1268 891//1396 890//1394
f 828//1269 891//1395 892//1397
f 892//1398 891//1396 828//1270
f 892//1397 893//1399 829//1271
f 829//1272 893//1400 892//1398
f 893//1399 894//1401 861//1335
f 861//1336 894//1402 893//1400
f 894//1401 923//1459 830//1273
f 830//1274 923//1460 894//1402
f 923//1459 895//1403 830//1273
f 830//1274 895//1404 923//1460
f 862//1337 895//1403 896//1405
f 896//1406 895//1404 862//1338
f 831//1275 896//1405 897//1407
f 897//1408 896//1406 831//1276
f 832//1277 897//1407 898//1409
f 898//1410 897//1408 832//1278
f 863//1339 898//1409 924//1461
f 924//1462 898//1410 863//1340
f 900//1413 833//1279 899//1411
f 899//1412 833//1280 900//1414
f 863//1339 924//1461 899//1411
f 899//1412 924//1462 863//1340
f 901//1415 835//1283 900//1413
f 900//1414 835//1284 901//1416
f 925//1463 865//1343 864//1341
f 864//1342 865//1344 925//1464
f 901//1415 925//1463 864//1341
f 864//1342 925//1464 901//1416
f 866//1345 865//1343 926//1465
f 926//1466 865//1344 866//1346
f 867//1347 866//1345 927//1467
f 927//1468 866//1346 867//1348
f 867//1347 927//1467 868//1349
f 868//1350 927//1468 867//1348
f 869//1351 868//1349 928//1469
f 928//1470 868//1350 869//1352
f 869//1351 928//1469 902//1417
f 902//1418 928//1470 869//1352
f 836//1285 902//1417 903//1419
f 903//1420 902//1418 836//1286
f 837//1287 903//1419 904//1421
f 904//1422 903//1420 837//1288
f 838//1289 904//1421 905//1423
f 905//1424 904//1422 838//1290
f 839//1291 905//1423 906//1425
f 906//1426 905//1424 839//1292
f 929//1471 870//1353 906//1425
f 906//1426 870//1354 929//1472
f 907//1427 870//1353 929//1471
f 929//1472 870//1354 907//1428
f 871//1355 907//1427 930//1473
f 930//1474 907//1428 871//1356
f 908//1429 871//1355 930//1473
f 930//1474 871//1356 908//1430
f 909//1431 842//1297 908//1429
f 908//1430 842//1298 909//1432
f 844//1301 909//1431 910//1433
f 910//1434 909//1432 844//1302
f 875//1363 931//1475 872//1357
f 872//1358 931//1476 875//1364
f 872//1357 932//1477 873//1359
f 873//1360 932//1478 872//1358
f 873//1359 933//1479 911//1435
f 911//1436 933//1480 873//1360
f 912//1437 846//1305 911//1435
f 911//1436 846//1306 912//1438
f 913//1439 847//1307 912//1437
f 912//1438 847//1308 913//1440
f 934//1481 874//1361 913//1439
f 913//1440 874//1362 934//1482
f 874//1361 934//1481 876//1365
f 876//1366 934//1482 874//1362
f 880//1373 935//1483 875//1363
f 875//1364 935//1484 880//1374
f 876//1365 914//1441 877//1367
f 877//1368 914//1442 876//1366
f 851//1315 914//1441 936//1485
f 936//1486 914//1442 851//1316
f 915//1443 851//1315 936//1485
f 936//1486 851//1316 915//1444
f 878//1369 915//1443 937//1487
f 937//1488 915//1444 878//1370
f 916//1445 878//1369 937//1487
f 937//1488 878//1370 916//1446
f 852//1317 916//1445 917//1447
f 917//1448 916//1446 852//1318
f 918//1449 853//1319 917//1447
f 917//1448 853//1320 918//1450
f 854//1321 918//1449 919//1451
f 919//1452 918//1450 854//1322
f 910//1433 938//1489 879//1371
f 879//1372 938//1490 910//1434
f 879//1371 938//1489 880//1373
f 880//1374 938//1490 879//1372
f 939//1491 881//1375 919//1451
f 919//1452 881//1376 939//1492
f 882//1377 881//1375 940//1493
f 940//1494 881//1376 882//1378
f 920//1453 882//1377 940//1493
f 940//1494 882//1378 920//1454
f 883//1379 920//1453 941//1495
f 941//1496 920//1454 883//1380
f 884//1381 883//1379 942//1497
f 942//1498 883//1380 884//1382
f 942//1497 885//1383 884//1381
f 884//1382 885//1384 942//1498
f 885//1383 943//1499 886//1385
f 886//1386 943//1500 885//1384
f 887//1387 886//1385 944//1501
f 944//1502 886//1386 887//1388
f 887//1387 944//1501 921//1455
f 921//1456 944//1502 887//1388
f 921//1455 922//1457 859//1331
f 859//1332 922//1458 921//1456
f 888//1389 922//1457 889//1391
f 889//1392 922//1458 888//1390
f 890//1393 889//1391 945//1503
f 945//1504 889//1392 890//1394
f 890//1393 945//1503 891//1395
f 891//1396 945//1504 890//1394
f 891//1395 946//1505 892//1397
f 892//1398 946//1506 891//1396
f 892//1397 947//1507 893//1399
f 893//1400 947//1508 892//1398
f 893//1399 948//1509 894//1401
f 894//1402 948//1510 893//1400
f 949//1511 923//1459 894//1401
f 894//1402 923//1460 949//1512
f 923//1459 950//1513 895//1403
f 895//1404 950//1514 923//1460
f 895//1403 951//1515 896//1405
f 896//1406 951//1516 895//1404
f 896//1405 952//1517 897//1407
f 897//1408 952//1518 896//1406
f 897//1407 953//1519 898//1409
f 898//1410 953//1520 897//1408
f 898//1409 954//1521 924//1461
f 924//1462 954//1522 898//1410
f 900//1413 899//1411 955//1523
f 955//1524 899//1412 900//1414
f 955//1523 899//1411 924//1461
f 924//1462 899//1412 955//1524
f 901//1415 900//1413 956//1525
f 956//1526 900//1414 901//1416
f 925//1463 926//1465 865//1343
f 865//1344 926//1466 925//1464
f 957//1527 925//1463 901//1415
f 901//1416 925//1464 957//1528
f 926//1465 927//1467 866//1345
f 866//1346 927//1468 926//1466
f 868//1349 927//1467 928//1469
f 928//1470 927//1468 868//1350
f 902//1417 928//1469 958//1529
f 958//1530 928//1470 902//1418
f 903//1419 902//1417 959//1531
f 959//1532 902//1418 903//1420
f 903//1419 959//1531 904//1421
f 904//1422 959//1532 903//1420
f 904//1421 960//1533 905//1423
f 905//1424 960//1534 904//1422
f 906//1425 905//1423 961//1535
f 961//1536 905//1424 906//1426
f 929//1471 906//1425 962//1537
f 962//1538 906//1426 929//1472
f 930//1473 907//1427 929//1471
f 929//1472 907//1428 930//1474
f 908//1429 930//1473 963//1539
f 963//1540 930//1474 908//1430
f 909//1431 908//1429 964//1541
f 964//1542 908//1430 909//1432
f 910//1433 909//1431 964//1541
f 964//1542 909//1432 910//1434
f 875//1363 935//1483 931//1475
f 931//1476 935//1484 875//1364
f 872//1357 931//1475 932//1477
f 932//1478 931//1476 872//1358
f 873//1359 932//1477 933//1479
f 933//1480 932//1478 873//1360
f 911//1435 933//1479 965//1543
f 965//1544 933//1480 911//1436
f 912//1437 911//1435 965//1543
f 965//1544 911//1436 912//1438
f 913//1439 912//1437 966//1545
f 966//1546 912//1438 913//1440
f 934//1481 913//1439 967//1547
f 967//1548 913//1440 934//1482
f 934//1481 968//1549 876//1365
f 876//1366 968//1550 934//1482
f 880//1373 969//1551 935//1483
f 935//1484 969//1552 880//1374
f 876//1365 968//1549 914//1441
f 914//1442 968//1550 876//1366
f 968//1549 936//1485 914//1441
f 914//1442 936//1486 968//1550
f 915//1443 936//1485 970//1553
f 970//1554 936//1486 915//1444
f 937//1487 915//1443 971//1555
f 971//1556 915//1444 937//1488
f 917//1447 916//1445 937//1487
f 937//1488 916//1446 917//1448
f 972//1557 918//1449 917//1447
f 917//1448 918//1450 972//1558
f 918//1449 973//1559 919//1451
f 919//1452 973//1560 918//1450
f 910//1433 964//1541 938//1489
f 938//1490 964//1542 910//1434
f 938//1489 969//1551 880//1373
f 880//1374 969//1552 938//1490
f 940//1493 881//1375 939//1491
f 939//1492 881//1376 940//1494
f 973//1559 939//1491 919//1451
f 919//1452 939//1492 973//1560
f 974//1561 920//1453 940//1493
f 940//1494 920//1454 974//1562
f 920//1453 974//1561 941//1495
f 941//1496 974//1562 920//1454
f 883//1379 941//1495 942//1497
f 942//1498 941//1496 883//1380
f 942//1497 943//1499 885//1383
f 885//1384 943//1500 942//1498
f 943//1499 944//1501 886//1385
f 886//1386 944//1502 943//1500
f 944//1501 975//1563 921//1455
f 921//1456 975//1564 944//1502
f 921//1455 976//1565 922//1457
f 922//1458 976//1566 921//1456
f 889//1391 922//1457 945//1503
f 945//1504 922//1458 889//1392
f 891//1395 945//1503 946//1505
f 946//1506 945//1504 891//1396
f 946//1505 947//1507 892//1397
f 892//1398 947//1508 946//1506
f 947//1507 948//1509 893//1399
f 893//1400 948//1510 947//1508
f 948//1509 949//1511 894//1401
f 894//1402 949//1512 948//1510
f 949//1511 977//1567 923//1459
f 923//1460 977//1568 949//1512
f 977//1567 950//1513 923//1459
f 923//1460 950//1514 977//1568
f 895//1403 950//1513 951//1515
f 951//1516 950//1514 895//1404
f 896//1405 951//1515 952//1517
f 952//1518 951//1516 896//1406
f 897//1407 952//1517 953//1519
f 953//1520 952//1518 897//1408
f 898//1409 953//1519 954//1521
f 954//1522 953//1520 898//1410
f 978//1569 924//1461 954//1521
f 954//1522 924//1462 978//1570
f 956//1525 900//1413 955//1523
f 955//1524 900//1414 956//1526
f 955//1523 924//1461 978//1569
f 978//1570 924//1462 955//1524
f 957//1527 901//1415 956//1525
f 956//1526 901//1416 957//1528
f 979//1571 926//1465 925//1463
f 925//1464 926//1466 979//1572
f 957//1527 979//1571 925//1463
f 925//1464 979//1572 957//1528
f 980//1573 927//1467 926//1465
f 926//1466 927//1468 980//1574
f 980//1573 928//1469 927//1467
f 927//1468 928//1470 980//1574
f 981//1575 958//1529 928//1469
f 928//1470 958//1530 981//1576
f 902//1417 958//1529 959//1531
f 959//1532 958//1530 902//1418
f 904//1421 959//1531 960//1533
f 960//1534 959//1532 904//1422
f 905//1423 960//1533 961//1535
f 961//1536 960//1534 905//1424
f 906//1425 961//1535 962//1537
f 962//1538 961//1536 906//1426
f 982//1577 929//1471 962//1537
f 962//1538 929//1472 982//1578
f 930//1473 929//1471 982//1577
f 982//1578 929//1472 930//1474
f 963//1539 930//1473 982//1577
f 982//1578 930//1474 963//1540
f 964//1541 908//1429 963//1539
f 963//1540 908//1430 964//1542
f 935//1483 983//1579 931//1475
f 931//1476 983//1580 935//1484
f 931//1475 983//1579 932//1477
f 932//1478 983//1580 931//1476
f 932//1477 984//1581 933//1479
f 933//1480 984//1582 932//1478
f 965//1543 933//1479 985//1583
f 985//1584 933//1480 965//1544
f 966//1545 912//1437 965//1543
f 965//1544 912//1438 966//1546
f 967//1547 913//1439 966//1545
f 966//1546 913//1440 967//1548
f 986//1585 934//1481 967//1547
f 967//1548 934//1482 986//1586
f 934//1481 986//1585 968//1549
f 968//1550 986//1586 934//1482
f 969//1551 987//1587 935//1483
f 935//1484 987//1588 969//1552
f 968//1549 988//1589 936//1485
f 936//1486 988//1590 968//1550
f 936//1485 989//1591 970//1553
f 970//1554 989//1592 936//1486
f 971//1555 915//1443 970//1553
f 970//1554 915//1444 971//1556
f 990//1593 937//1487 971//1555
f 971//1556 937//1488 990//1594
f 990//1593 917//1447 937//1487
f 937//1488 917//1448 990//1594
f 972//1557 991//1595 918//1449
f 918//1450 991//1596 972//1558
f 972//1557 917//1447 992//1597
f 992//1598 917//1448 972//1558
f 918//1449 993//1599 973//1559
f 973//1560 993//1600 918//1450
f 964//1541 994//1601 938//1489
f 938//1490 994//1602 964//1542
f 938//1489 994//1601 969//1551
f 969//1552 994//1602 938//1490
f 974//1561 940//1493 939//1491
f 939//1492 940//1494 974//1562
f 973//1559 993//1599 939//1491
f 939//1492 993//1600 973//1560
f 941//1495 974//1561 995//1603
f 995//1604 974//1562 941//1496
f 942//1497 941//1495 996//1605
f 996//1606 941//1496 942//1498
f 996//1605 943//1499 942//1497
f 942//1498 943//1500 996//1606
f 943//1499 975//1563 944//1501
f 944//1502 975//1564 943//1500
f 975//1563 997//1607 921//1455
f 921//1456 997//1608 975//1564
f 921//1455 998//1609 976//1565
f 976//1566 998//1610 921//1456
f 922//1457 976//1565 999//1611
f 999//1612 976//1566 922//1458
f 922//1457 999//1611 945//1503
f 945//1504 999//1612 922//1458
f 945//1503 999//1611 946//1505
f 946//1506 999//1612 945//1504
f 946//1505 1000//1613 947//1507
f 947//1508 1000//1614 946//1506
f 947//1507 1001//1615 948//1509
f 948//1510 1001//1616 947//1508
f 1002//1617 949//1511 948//1509
f 948//1510 949//1512 1002//1618
f 1003//1619 977//1567 949//1511
f 949//1512 977//1568 1003//1620
f 977//1567 1004//1621 950//1513
f 950//1514 1004//1622 977//1568
f 950//1513 1005//1623 951//1515
f 951//1516 1005//1624 950//1514
f 951//1515 1006//1625 952//1517
f 952//1518 1006//1626 951//1516
f 952//1517 1007//1627 953//1519
f 953//1520 1007//1628 952//1518
f 954//1521 953//1519 1008//1629
f 1008//1630 953//1520 954//1522
f 978//1569 954//1521 1009//1631
f 1009//1632 954//1522 978//1570
f 1010//1633 956//1525 955//1523
f 955//1524 956//1526 1010//1634
f 1011//1635 955//1523 978//1569
f 978//1570 955//1524 1011//1636
f 957//1527 956//1525 1010//1633
f 1010//1634 956//1526 957//1528
f 979//1571 980//1573 926//1465
f 926//1466 980//1574 979//1572
f 1012//1637 979//1571 957//1527
f 957//1528 979//1572 1012//1638
f 981//1575 928//1469 980//1573
f 980//1574 928//1470 981//1576
f 959//1531 958//1529 981//1575
f 981//1576 958//1530 959//1532
f 960//1533 959//1531 1013//1639
f 1013//1640 959//1532 960//1534
f 961//1535 960//1533 1014//1641
f 1014//1642 960//1534 961//1536
f 962//1537 961//1535 1015//1643
f 1015//1644 961//1536 962//1538
f 982//1577 962//1537 1016//1645
f 1016//1646 962//1538 982//1578
f 963//1539 982//1577 1017//1647
f 1017//1648 982//1578 963//1540
f 964//1541 963//1539 994//1601
f 994//1602 963//1540 964//1542
f 935//1483 987//1587 983//1579
f 983//1580 987//1588 935//1484
f 932//1477 983//1579 984//1581
f 984//1582 983//1580 932//1478
f 933//1479 984//1581 1018//1649
f 1018//1650 984//1582 933//1480
f 933//1479 1018//1649 985//1583
f 985//1584 1018//1650 933//1480
f 965//1543 985//1583 1019//1651
f 1019//1652 985//1584 965//1544
f 966//1545 965//1543 1019//1651
f 1019//1652 965//1544 966//1546
f 967//1547 966//1545 1020//1653
f 1020//1654 966//1546 967//1548
f 1021//1655 986//1585 967//1547
f 967//1548 986//1586 1021//1656
f 986//1585 988//1589 968//1549
f 968//1550 988//1590 986//1586
f 969//1551 1022//1657 987//1587
f 987//1588 1022//1658 969//1552
f 988//1589 989//1591 936//1485
f 936//1486 989//1592 988//1590
f 1023//1659 970//1553 989//1591
f 989//1592 970//1554 1023//1660
f 1023//1659 971//1555 970//1553
f 970//1554 971//1556 1023//1660
f 1023//1659 990//1593 971//1555
f 971//1556 990//1594 1023//1660
f 992//1597 917//1447 990//1593
f 990//1594 917//1448 992//1598
f 1024//1661 991//1595 972//1557
f 972//1558 991//1596 1024//1662
f 991//1595 1025//1663 918//1449
f 918//1450 1025//1664 991//1596
f 1026//1665 972//1557 992//1597
f 992//1598 972//1558 1026//1666
f 1025//1663 993//1599 918//1449
f 918//1450 993//1600 1025//1664
f 994//1601 1022//1657 969//1551
f 969//1552 1022//1658 994//1602
f 1027//1667 974//1561 939//1491
f 939//1492 974//1562 1027//1668
f 993//1599 1027//1667 939//1491
f 939//1492 1027//1668 993//1600
f 974//1561 1027//1667 995//1603
f 995//1604 1027//1668 974//1562
f 941//1495 995//1603 996//1605
f 996//1606 995//1604 941//1496
f 996//1605 975//1563 943//1499
f 943//1500 975//1564 996//1606
f 975//1563 1028//1669 997//1607
f 997//1608 1028//1670 975//1564
f 997//1607 1029//1671 921//1455
f 921//1456 1029//1672 997//1608
f 921//1455 1029//1671 998//1609
f 998//1610 1029//1672 921//1456
f 998//1609 1030//1673 976//1565
f 976//1566 1030//1674 998//1610
f 976//1565 1031//1675 999//1611
f 999//1612 1031//1676 976//1566
f 999//1611 1000//1613 946//1505
f 946//1506 1000//1614 999//1612
f 1000//1613 1001//1615 947//1507
f 947//1508 1001//1616 1000//1614
f 1001//1615 1002//1617 948//1509
f 948//1510 1002//1618 1001//1616
f 1002//1617 1003//1619 949//1511
f 949//1512 1003//1620 1002//1618
f 1003//1619 1032//1677 977//1567
f 977//1568 1032//1678 1003//1620
f 1032//1677 1004//1621 977//1567
f 977//1568 1004//1622 1032//1678
f 950//1513 1004//1621 1005//1623
f 1005//1624 1004//1622 950//1514
f 951//1515 1005//1623 1006//1625
f 1006//1626 1005//1624 951//1516
f 952//1517 1006//1625 1007//1627
f 1007//1628 1006//1626 952//1518
f 1008//1629 953//1519 1007//1627
f 1007//1628 953//1520 1008//1630
f 1009//1631 954//1521 1008//1629
f 1008//1630 954//1522 1009//1632
f 1033//1679 978//1569 1009//1631
f 1009//1632 978//1570 1033//1680
f 1010//1633 955//1523 1011//1635
f 1011//1636 955//1524 1010//1634
f 1011//1635 978//1569 1033//1679
f 1033//1680 978//1570 1011//1636
f 1012//1637 957//1527 1010//1633
f 1010//1634 957//1528 1012//1638
f 1034//1681 980//1573 979//1571
f 979//1572 980//1574 1034//1682
f 1012//1637 1034//1681 979//1571
f 979//1572 1034//1682 1012//1638
f 981//1575 980//1573 1034//1681
f 1034//1682 980//1574 981//1576
f 959//1531 981//1575 1013//1639
f 1013//1640 981//1576 959//1532
f 960//1533 1013//1639 1014//1641
f 1014//1642 1013//1640 960//1534
f 961//1535 1014//1641 1015//1643
f 1015//1644 1014//1642 961//1536
f 962//1537 1015//1643 1016//1645
f 1016//1646 1015//1644 962//1538
f 982//1577 1016//1645 1017//1647
f 1017//1648 1016//1646 982//1578
f 994//1601 963//1539 1017//1647
f 1017//1648 963//1540 994//1602
f 987//1587 1035//1683 983//1579
f 983//1580 1035//1684 987//1588
f 983//1579 1035//1683 984//1581
f 984//1582 1035//1684 983//1580
f 984//1581 1036//1685 1018//1649
f 1018//1650 1036//1686 984//1582
f 985//1583 1018//1649 1037//1687
f 1037//1688 1018//1650 985//1584
f 1019//1651 985//1583 1038//1689
f 1038//1690 985//1584 1019//1652
f 1020//1653 966//1545 1019//1651
f 1019//1652 966//1546 1020//1654
f 1039//1691 967//1547 1020//1653
f 1020//1654 967//1548 1039//1692
f 986//1585 1021//1655 988//1589
f 988//1590 1021//1656 986//1586
f 1021//1655 967//1547 1039//1691
f 1039//1692 967//1548 1021//1656
f 1022//1657 1040//1693 987//1587
f 987//1588 1040//1694 1022//1658
f 1021//1655 989//1591 988//1589
f 988//1590 989//1592 1021//1656
f 1041//1695 1023//1659 989//1591
f 989//1592 1023//1660 1041//1696
f 1042//1695 990//1593 1023//1659
f 1023//1660 990//1594 1042//1696
f 1042//1695 992//1597 990//1593
f 990//1594 992//1598 1042//1696
f 1043//1697 991//1595 1024//1661
f 1024//1662 991//1596 1043//1698
f 1026//1665 1024//1661 972//1557
f 972//1558 1024//1662 1026//1666
f 991//1595 1044//1699 1025//1663
f 1025//1664 1044//1700 991//1596
f 1026//1665 992//1597 1045//1701
f 1045//1702 992//1598 1026//1666
f 1025//1663 1046//1703 993//1599
f 993//1600 1046//1704 1025//1664
f 994//1601 1047//1705 1022//1657
f 1022//1658 1047//1706 994//1602
f 1027//1667 993//1599 1046//1703
f 1046//1704 993//1600 1027//1668
f 995//1603 1027//1667 1048//1707
f 1048//1708 1027//1668 995//1604
f 996//1605 995//1603 1049//1709
f 1049//1710 995//1604 996//1606
f 1049//1709 975//1563 996//1605
f 996//1606 975//1564 1049//1710
f 1049//1709 1028//1669 975//1563
f 975//1564 1028//1670 1049//1710
f 1028//1669 1029//1671 997//1607
f 997//1608 1029//1672 1028//1670
f 998//1609 1029//1671 1050//1711
f 1050//1712 1029//1672 998//1610
f 1051//1713 1030//1673 998//1609
f 998//1610 1030//1674 1051//1714
f 976//1565 1030//1673 1031//1675
f 1031//1676 1030//1674 976//1566
f 999//1611 1031//1675 1000//1613
f 1000//1614 1031//1676 999//1612
f 1000//1613 1052//1715 1001//1615
f 1001//1616 1052//1716 1000//1614
f 1053//1717 1002//1617 1001//1615
f 1001//1616 1002//1618 1053//1718
f 1054//1719 1003//1619 1002//1617
f 1002//1618 1003//1620 1054//1720
f 1055//1721 1032//1677 1003//1619
f 1003//1620 1032//1678 1055//1722
f 1056//1723 1004//1621 1032//1677
f 1032//1678 1004//1622 1056//1724
f 1004//1621 1057//1725 1005//1623
f 1005//1624 1057//1726 1004//1622
f 1005//1623 1058//1727 1006//1625
f 1006//1626 1058//1728 1005//1624
f 1006//1625 1059//1729 1007//1627
f 1007//1628 1059//1730 1006//1626
f 1008//1629 1007//1627 1060//1731
f 1060//1732 1007//1628 1008//1630
f 1009//1631 1008//1629 1061//1733
f 1061//1734 1008//1630 1009//1632
f 1033//1679 1009//1631 1062//1735
f 1062//1736 1009//1632 1033//1680
f 1063//1737 1010//1633 1011//1635
f 1011//1636 1010//1634 1063//1738
f 1011//1635 1033//1679 1064//1739
f 1064//1740 1033//1680 1011//1636
f 1012//1637 1010//1633 1063//1737
f 1063//1738 1010//1634 1012//1638
f 1065//1741 1034//1681 1012//1637
f 1012//1638 1034//1682 1065//1742
f 1013//1639 981//1575 1034//1681
f 1034//1682 981//1576 1013//1640
f 1014//1641 1013//1639 1065//1741
f 1065//1742 1013//1640 1014//1642
f 1015//1643 1014//1641 1066//1743
f 1066//1744 1014//1642 1015//1644
f 1016//1645 1015//1643 1067//1745
f 1067//1746 1015//1644 1016//1646
f 1017//1647 1016//1645 1068//1747
f 1068//1748 1016//1646 1017//1648
f 994//1601 1017//1647 1047//1705
f 1047//1706 1017//1648 994//1602
f 987//1587 1040//1693 1035//1683
f 1035//1684 1040//1694 987//1588
f 984//1581 1035//1683 1036//1685
f 1036//1686 1035//1684 984//1582
f 1018//1649 1036//1685 1069//1749
f 1069//1750 1036//1686 1018//1650
f 1018//1649 1069//1749 1037//1687
f 1037//1688 1069//1750 1018//1650
f 985//1583 1037//1687 1038//1689
f 1038//1690 1037//1688 985//1584
f 1019//1651 1038//1689 1070//1751
f 1070//1752 1038//1690 1019//1652
f 1020//1653 1019//1651 1071//1753
f 1071//1754 1019//1652 1020//1654
f 1039//1691 1020//1653 1072//1755
f 1072//1756 1020//1654 1039//1692
f 1021//1655 1039//1691 1073//1757
f 1073//1758 1039//1692 1021//1656
f 1022//1657 1047//1705 1040//1693
f 1040//1694 1047//1706 1022//1658
f 1021//1655 1074//1759 989//1591
f 989//1592 1074//1760 1021//1656
f 1042//1695 1023//1659 1041//1695
f 1041//1696 1023//1660 1042//1696
f 1041//1695 989//1591 1074//1759
f 1074//1760 989//1592 1041//1696
f 1045//1701 992//1597 1042//1695
f 1042//1696 992//1598 1045//1702
f 991//1595 1043//1697 1044//1699
f 1044//1700 1043//1698 991//1596
f 1043//1697 1024//1661 1075//1761
f 1075//1762 1024//1662 1043//1698
f 1076//1763 1024//1661 1026//1665
f 1026//1666 1024//1662 1076//1764
f 1025//1663 1044//1699 1046//1703
f 1046//1704 1044//1700 1025//1664
f 1077//1765 1026//1665 1045//1701
f 1045//1702 1026//1666 1077//1766
f 1027//1667 1046//1703 1078//1767
f 1078//1768 1046//1704 1027//1668
f 1027//1667 1079//1769 1048//1707
f 1048//1708 1079//1770 1027//1668
f 995//1603 1048//1707 1049//1709
f 1049//1710 1048//1708 995//1604
f 1049//1709 1080//1771 1028//1669
f 1028//1670 1080//1772 1049//1710
f 1029//1671 1028//1669 1050//1711
f 1050//1712 1028//1670 1029//1672
f 998//1609 1050//1711 1051//1713
f 1051//1714 1050//1712 998//1610
f 1051//1713 1081//1773 1030//1673
f 1030//1674 1081//1774 1051//1714
f 1030//1673 1082//1775 1031//1675
f 1031//1676 1082//1776 1030//1674
f 1031//1675 1052//1715 1000//1613
f 1000//1614 1052//1716 1031//1676
f 1052//1715 1053//1717 1001//1615
f 1001//1616 1053//1718 1052//1716
f 1053//1717 1054//1719 1002//1617
f 1002//1618 1054//1720 1053//1718
f 1054//1719 1055//1721 1003//1619
f 1003//1620 1055//1722 1054//1720
f 1083//1777 1032//1677 1055//1721
f 1055//1722 1032//1678 1083//1778
f 1084//97 1004//1621 1056//1723
f 1056//1724 1004//1622 1084//98
f 1083//1777 1056//1723 1032//1677
f 1032//1678 1056//1724 1083//1778
f 1057//1725 1004//1621 1085//1779
f 1085//1780 1004//1622 1057//1726
f 1005//1623 1057//1725 1058//1727
f 1058//1728 1057//1726 1005//1624
f 1006//1625 1058//1727 1059//1729
f 1059//1730 1058//1728 1006//1626
f 1060//1731 1007//1627 1059//1729
f 1059//1730 1007//1628 1060//1732
f 1061//1733 1008//1629 1060//1731
f 1060//1732 1008//1630 1061//1734
f 1062//1735 1009//1631 1061//1733
f 1061//1734 1009//1632 1062//1736
f 1064//1739 1033//1679 1062//1735
f 1062//1736 1033//1680 1064//1740
f 1063//1737 1011//1635 1086//1781
f 1086//1782 1011//1636 1063//1738
f 1086//1781 1011//1635 1064//1739
f 1064//1740 1011//1636 1086//1782
f 1012//1637 1063//1737 1087//1783
f 1087//1784 1063//1738 1012//1638
f 1013//1639 1034//1681 1065//1741
f 1065//1742 1034//1682 1013//1640
f 1065//1741 1012//1637 1087//1783
f 1087//1784 1012//1638 1065//1742
f 1014//1641 1065//1741 1066//1743
f 1066//1744 1065//1742 1014//1642
f 1015//1643 1066//1743 1067//1745
f 1067//1746 1066//1744 1015//1644
f 1016//1645 1067//1745 1068//1747
f 1068//1748 1067//1746 1016//1646
f 1017//1647 1068//1747 1047//1705
f 1047//1706 1068//1748 1017//1648
f 1040//1693 1088//1785 1035//1683
f 1035//1684 1088//1786 1040//1694
f 1088//1785 1036//1685 1035//1683
f 1035//1684 1036//1686 1088//1786
f 1089//1787 1069//1749 1036//1685
f 1036//1686 1069//1750 1089//1788
f 1037//1687 1069//1749 1090//1789
f 1090//1790 1069//1750 1037//1688
f 1038//1689 1037//1687 1091//1791
f 1091//1792 1037//1688 1038//1690
f 1038//1689 1091//1791 1070//1751
f 1070//1752 1091//1792 1038//1690
f 1019//1651 1070//1751 1071//1753
f 1071//1754 1070//1752 1019//1652
f 1072//1755 1020//1653 1071//1753
f 1071//1754 1020//1654 1072//1756
f 1073//1757 1039//1691 1072//1755
f 1072//1756 1039//1692 1073//1758
f 1074//1759 1021//1655 1073//1757
f 1073//1758 1021//1656 1074//1760
f 1047//1705 1068//1747 1040//1693
f 1040//1694 1068//1748 1047//1706
f 1092//1793 1042//1695 1041//1695
f 1041//1696 1042//1696 1092//1794
f 1093//1793 1041//1695 1074//1759
f 1074//1760 1041//1696 1093//1794
f 1045//1701 1042//1695 1092//1793
f 1092//1794 1042//1696 1045//1702
f 1043//1697 1094//1795 1044//1699
f 1044//1700 1094//1796 1043//1698
f 1075//1761 1024//1661 1095//1797
f 1095//1798 1024//1662 1075//1762
f 1096//1799 1043//1697 1075//1761
f 1075//1762 1043//1698 1096//1800
f 1024//1661 1076//1763 1095//1797
f 1095//1798 1076//1764 1024//1662
f 1077//1765 1076//1763 1026//1665
f 1026//1666 1076//1764 1077//1766
f 1044//1699 1097//1801 1046//1703
f 1046//1704 1097//1802 1044//1700
f 1077//1765 1045//1701 1098//1803
f 1098//1804 1045//1702 1077//1766
f 1078//1767 1046//1703 1099//1805
f 1099//1806 1046//1704 1078//1768
f 1027//1667 1078//1767 1079//1769
f 1079//1770 1078//1768 1027//1668
f 1049//1709 1048//1707 1079//1769
f 1079//1770 1048//1708 1049//1710
f 1049//1709 1100//1807 1080//1771
f 1080//1772 1100//1808 1049//1710
f 1028//1669 1080//1771 1050//1711
f 1050//1712 1080//1772 1028//1670
f 1051//1713 1050//1711 1101//1809
f 1101//1810 1050//1712 1051//1714
f 1102//1811 1081//1773 1051//1713
f 1051//1714 1081//1774 1102//1812
f 1081//1773 1103//1813 1030//1673
f 1030//1674 1103//1814 1081//1774
f 1030//1673 1103//1813 1082//1775
f 1082//1776 1103//1814 1030//1674
f 1031//1675 1082//1775 1052//1715
f 1052//1716 1082//1776 1031//1676
f 1104//1815 1053//1717 1052//1715
f 1052//1716 1053//1718 1104//1816
f 1105//1817 1054//1719 1053//1717
f 1053//1718 1054//1720 1105//1818
f 1106//1819 1055//1721 1054//1719
f 1054//1720 1055//1722 1106//1820
f 1083//1777 1055//1721 1107//1821
f 1107//1822 1055//1722 1083//1778
f 1108//1823 1084//97 1056//1723
f 1056//1724 1084//98 1108//1824
f 1109//1825 1056//1723 1083//1777
f 1083//1778 1056//1724 1109//1826
f 1110//1827 1057//1725 1085//1779
f 1085//1780 1057//1726 1110//1828
f 1057//1725 1111//1829 1058//1727
f 1058//1728 1111//1830 1057//1726
f 1058//1727 1112//1831 1059//1729
f 1059//1730 1112//1832 1058//1728
f 1060//1731 1059//1729 1113//1833
f 1113//1834 1059//1730 1060//1732
f 1061//1733 1060//1731 1114//1835
f 1114//1836 1060//1732 1061//1734
f 1062//1735 1061//1733 1115//1837
f 1115//1838 1061//1734 1062//1736
f 1064//1739 1062//1735 1116//1839
f 1116//1840 1062//1736 1064//1740
f 1063//1737 1086//1781 1117//1841
f 1117//1842 1086//1782 1063//1738
f 1086//1781 1064//1739 1117//1841
f 1117//1842 1064//1740 1086//1782
f 1087//1783 1063//1737 1118//1843
f 1118//1844 1063//1738 1087//1784
f 1066//1743 1065//1741 1087//1783
f 1087//1784 1065//1742 1066//1744
f 1067//1745 1066//1743 1119//1845
f 1119//1846 1066//1744 1067//1746
f 1068//1747 1067//1745 1120//1847
f 1120//1848 1067//1746 1068//1748
f 1120//1847 1088//1785 1040//1693
f 1040//1694 1088//1786 1120//1848
f 1088//1785 1089//1787 1036//1685
f 1036//1686 1089//1788 1088//1786
f 1069//1749 1089//1787 1121//1849
f 1121//1850 1089//1788 1069//1750
f 1069//1749 1121//1849 1090//1789
f 1090//1790 1121//1850 1069//1750
f 1037//1687 1090//1789 1091//1791
f 1091//1792 1090//1790 1037//1688
f 1070//1751 1091//1791 1122//1851
f 1122//1852 1091//1792 1070//1752
f 1071//1753 1070//1751 1123//1853
f 1123//1854 1070//1752 1071//1754
f 1072//1755 1071//1753 1123//1853
f 1123//1854 1071//1754 1072//1756
f 1124//1855 1073//1757 1072//1755
f 1072//1756 1073//1758 1124//1856
f 1093//1793 1074//1759 1073//1757
f 1073//1758 1074//1760 1093//1794
f 1068//1747 1120//1847 1040//1693
f 1040//1694 1120//1848 1068//1748
f 1093//1793 1092//1793 1041//1695
f 1041//1696 1092//1794 1093//1794
f 1098//1803 1045//1701 1092//1793
f 1092//1794 1045//1702 1098//1804
f 1043//1697 1096//1799 1094//1795
f 1094//1796 1096//1800 1043//1698
f 1044//1699 1094//1795 1097//1801
f 1097//1802 1094//1796 1044//1700
f 1075//1761 1095//1797 1125//1857
f 1125//1858 1095//1798 1075//1762
f 1096//1799 1075//1761 1126//1859
f 1126//1860 1075//1762 1096//1800
f 1095//1797 1076//1763 1127//1861
f 1127//1862 1076//1764 1095//1798
f 1076//1763 1077//1765 1127//1861
f 1127//1862 1077//1766 1076//1764
f 1046//1703 1097//1801 1099//1805
f 1099//1806 1097//1802 1046//1704
f 1077//1765 1098//1803 1128//1863
f 1128//1864 1098//1804 1077//1766
f 1078//1767 1099//1805 1129//1865
f 1129//1866 1099//1806 1078//1768
f 1078//1767 1129//1865 1079//1769
f 1079//1770 1129//1866 1078//1768
f 1049//1709 1079//1769 1100//1807
f 1100//1808 1079//1770 1049//1710
f 1100//1807 1130//1867 1080//1771
f 1080//1772 1130//1868 1100//1808
f 1050//1711 1080//1771 1101//1809
f 1101//1810 1080//1772 1050//1712
f 1051//1713 1101//1809 1102//1811
f 1102//1812 1101//1810 1051//1714
f 1102//1811 1131//1869 1081//1773
f 1081//1774 1131//1870 1102//1812
f 1081//1773 1132//1871 1103//1813
f 1103//1814 1132//1872 1081//1774
f 1103//1813 1104//1815 1082//1775
f 1082//1776 1104//1816 1103//1814
f 1082//1775 1104//1815 1052//1715
f 1052//1716 1104//1816 1082//1776
f 1104//1815 1105//1817 1053//1717
f 1053//1718 1105//1818 1104//1816
f 1105//1817 1106//1819 1054//1719
f 1054//1720 1106//1820 1105//1818
f 1107//1821 1055//1721 1106//1819
f 1106//1820 1055//1722 1107//1822
f 1133//1873 1083//1777 1107//1821
f 1107//1822 1083//1778 1133//1874
f 1134//1875 1084//97 1108//1823
f 1108//1824 1084//98 1134//1876
f 1109//1825 1108//1823 1056//1723
f 1056//1724 1108//1824 1109//1826
f 1109//1825 1083//1777 1133//1873
f 1133//1874 1083//1778 1109//1826
f 1111//1829 1057//1725 1110//1827
f 1110//1828 1057//1726 1111//1830
f 1110//1827 1085//1779 1135//1877
f 1135//1878 1085//1780 1110//1828
f 1058//1727 1111//1829 1112//1831
f 1112//1832 1111//1830 1058//1728
f 1113//1833 1059//1729 1112//1831
f 1112//1832 1059//1730 1113//1834
f 1114//1835 1060//1731 1113//1833
f 1113//1834 1060//1732 1114//1836
f 1115//1837 1061//1733 1114//1835
f 1114//1836 1061//1734 1115//1838
f 1116//1839 1062//1735 1115//1837
f 1115//1838 1062//1736 1116//1840
f 1064//1739 1116//1839 1136//1879
f 1136//1880 1116//1840 1064//1740
f 1063//1737 1117//1841 1118//1843
f 1118//1844 1117//1842 1063//1738
f 1117//1841 1064//1739 1137//1881
f 1137//1882 1064//1740 1117//1842
f 1087//1783 1118//1843 1119//1845
f 1119//1846 1118//1844 1087//1784
f 1066//1743 1087//1783 1119//1845
f 1119//1846 1087//1784 1066//1744
f 1067//1745 1119//1845 1120//1847
f 1120//1848 1119//1846 1067//1746
f 1120//1847 1138//1883 1088//1785
f 1088//1786 1138//1884 1120//1848
f 1088//1785 1139//1885 1089//1787
f 1089//1788 1139//1886 1088//1786
f 1139//1885 1121//1849 1089//1787
f 1089//1788 1121//1850 1139//1886
f 1090//1789 1121//1849 1140//1887
f 1140//1888 1121//1850 1090//1790
f 1091//1791 1090//1789 1141//1889
f 1141//1890 1090//1790 1091//1792
f 1091//1791 1141//1889 1122//1851
f 1122//1852 1141//1890 1091//1792
f 1070//1751 1122//1851 1142//1891
f 1142//1892 1122//1852 1070//1752
f 1123//1853 1070//1751 1142//1891
f 1142//1892 1070//1752 1123//1854
f 1143//1893 1072//1755 1123//1853
f 1123//1854 1072//1756 1143//1894
f 1124//1855 1093//1793 1073//1757
f 1073//1758 1093//1794 1124//1856
f 1124//1855 1072//1755 1143//1893
f 1143//1894 1072//1756 1124//1856
f 1144//1895 1092//1793 1093//1793
f 1093//1794 1092//1794 1144//1896
f 1144//1895 1098//1803 1092//1793
f 1092//1794 1098//1804 1144//1896
f 1096//1799 1145//1897 1094//1795
f 1094//1796 1145//1898 1096//1800
f 1094//1795 1146//1899 1097//1801
f 1097//1802 1146//1900 1094//1796
f 1125//1857 1095//1797 1147//1901
f 1147//1902 1095//1798 1125//1858
f 1126//1859 1075//1761 1125//1857
f 1125//1858 1075//1762 1126//1860
f 1148//1903 1096//1799 1126//1859
f 1126//1860 1096//1800 1148//1904
f 1095//1797 1127//1861 1147//1901
f 1147//1902 1127//1862 1095//1798
f 1127//1861 1077//1765 1128//1863
f 1128//1864 1077//1766 1127//1862
f 1099//1805 1097//1801 1149//1905
f 1149//1906 1097//1802 1099//1806
f 1128//1863 1098//1803 1150//1863
f 1150//1864 1098//1804 1128//1864
f 1099//1805 1151//1907 1129//1865
f 1129//1866 1151//1908 1099//1806
f 1100//1807 1079//1769 1129//1865
f 1129//1866 1079//1770 1100//1808
f 1100//1807 1129//1865 1130//1867
f 1130//1868 1129//1866 1100//1808
f 1080//1771 1130//1867 1152//1909
f 1152//1910 1130//1868 1080//1772
f 1080//1771 1152//1909 1101//1809
f 1101//1810 1152//1910 1080//1772
f 1102//1811 1101//1809 1153//1911
f 1153//1912 1101//1810 1102//1812
f 1154//1913 1131//1869 1102//1811
f 1102//1812 1131//1870 1154//1914
f 1131//1869 1132//1871 1081//1773
f 1081//1774 1132//1872 1131//1870
f 1132//1871 1155//1915 1103//1813
f 1103//1814 1155//1916 1132//1872
f 1103//1813 1155//1915 1104//1815
f 1104//1816 1155//1916 1103//1814
f 1155//1915 1105//1817 1104//1815
f 1104//1816 1105//1818 1155//1916
f 1156//1917 1106//1819 1105//1817
f 1105//1818 1106//1820 1156//1918
f 1157//1919 1107//1821 1106//1819
f 1106//1820 1107//1822 1157//1920
f 1158//1921 1133//1873 1107//1821
f 1107//1822 1133//1874 1158//1922
f 1134//1875 1085//1779 1084//97
f 1084//98 1085//1780 1134//1876
f 1159//1923 1111//1829 1110//1827
f 1110//1828 1111//1830 1159//1924
f 1134//1875 1135//1877 1085//1779
f 1085//1780 1135//1878 1134//1876
f 1160//1925 1110//1827 1135//1877
f 1135//1878 1110//1828 1160//1926
f 1111//1829 1161//1927 1112//1831
f 1112//1832 1161//1928 1111//1830
f 1112//1831 1162//1929 1113//1833
f 1113//1834 1162//1930 1112//1832
f 1114//1835 1113//1833 1163//1931
f 1163//1932 1113//1834 1114//1836
f 1115//1837 1114//1835 1164//1933
f 1164//1934 1114//1836 1115//1838
f 1116//1839 1115//1837 1165//1935
f 1165//1936 1115//1838 1116//1840
f 1116//1839 1166//1937 1136//1879
f 1136//1880 1166//1938 1116//1840
f 1064//1739 1136//1879 1137//1881
f 1137//1882 1136//1880 1064//1740
f 1118//1843 1117//1841 1139//1885
f 1139//1886 1117//1842 1118//1844
f 1117//1841 1137//1881 1167//1939
f 1167//1940 1137//1882 1117//1842
f 1119//1845 1118//1843 1138//1883
f 1138//1884 1118//1844 1119//1846
f 1119//1845 1138//1883 1120//1847
f 1120//1848 1138//1884 1119//1846
f 1138//1883 1139//1885 1088//1785
f 1088//1786 1139//1886 1138//1884
f 1139//1885 1167//1939 1121//1849
f 1121//1850 1167//1940 1139//1886
f 1167//1939 1140//1887 1121//1849
f 1121//1850 1140//1888 1167//1940
f 1090//1789 1140//1887 1141//1889
f 1141//1890 1140//1888 1090//1790
f 1122//1851 1141//1889 1168//1941
f 1168//1942 1141//1890 1122//1852
f 1142//1891 1122//1851 1169//1943
f 1169//1944 1122//1852 1142//1892
f 1123//1853 1142//1891 1170//1945
f 1170//1946 1142//1892 1123//1854
f 1143//1893 1123//1853 1170//1945
f 1170//1946 1123//1854 1143//1894
f 1144//1895 1093//1793 1124//1855
f 1124//1856 1093//1794 1144//1896
f 1171//1947 1124//1855 1143//1893
f 1143//1894 1124//1856 1171//1948
f 1098//1803 1144//1895 1150//1863
f 1150//1864 1144//1896 1098//1804
f 1096//1799 1148//1903 1145//1897
f 1145//1898 1148//1904 1096//1800
f 1094//1795 1145//1897 1146//1899
f 1146//1900 1145//1898 1094//1796
f 1097//1801 1146//1899 1149//1905
f 1149//1906 1146//1900 1097//1802
f 1125//1857 1147//1901 1172//1949
f 1172//1950 1147//1902 1125//1858
f 1126//1859 1125//1857 1173//1951
f 1173//1952 1125//1858 1126//1860
f 1148//1903 1126//1859 1174//1953
f 1174//1954 1126//1860 1148//1904
f 1147//1901 1127//1861 1175//1955
f 1175//1956 1127//1862 1147//1902
f 1127//1861 1128//1863 1175//1955
f 1175//1956 1128//1864 1127//1862
f 1099//1805 1149//1905 1151//1907
f 1151//1908 1149//1906 1099//1806
f 1128//1863 1150//1863 1176//1957
f 1176//1958 1150//1864 1128//1864
f 1130//1867 1129//1865 1151//1907
f 1151//1908 1129//1866 1130//1868
f 1130//1867 1177//1959 1152//1909
f 1152//1910 1177//1960 1130//1868
f 1101//1809 1152//1909 1153//1911
f 1153//1912 1152//1910 1101//1810
f 1102//1811 1153//1911 1154//1913
f 1154//1914 1153//1912 1102//1812
f 1154//1913 1178//1961 1131//1869
f 1131//1870 1178//1962 1154//1914
f 1131//1869 1179//1963 1132//1871
f 1132//1872 1179//1964 1131//1870
f 1132//1871 1180//1965 1155//1915
f 1155//1916 1180//1966 1132//1872
f 1155//1915 1156//1917 1105//1817
f 1105//1818 1156//1918 1155//1916
f 1157//1919 1106//1819 1156//1917
f 1156//1918 1106//1820 1157//1920
f 1158//1921 1107//1821 1157//1919
f 1157//1920 1107//1822 1158//1922
f 1161//1927 1111//1829 1159//1923
f 1159//1924 1111//1830 1161//1928
f 1159//1923 1110//1827 1160//1925
f 1160//1926 1110//1828 1159//1924
f 1112//1831 1161//1927 1162//1929
f 1162//1930 1161//1928 1112//1832
f 1163//1931 1113//1833 1162//1929
f 1162//1930 1113//1834 1163//1932
f 1164//1933 1114//1835 1163//1931
f 1163//1932 1114//1836 1164//1934
f 1165//1935 1115//1837 1164//1933
f 1164//1934 1115//1838 1165//1936
f 1116//1839 1165//1935 1166//1937
f 1166//1938 1165//1936 1116//1840
f 1136//1879 1166//1937 1181//1967
f 1181//1968 1166//1938 1136//1880
f 1137//1881 1136//1879 1182//1969
f 1182//1970 1136//1880 1137//1882
f 1117//1841 1167//1939 1139//1885
f 1139//1886 1167//1940 1117//1842
f 1118//1843 1139//1885 1138//1883
f 1138//1884 1139//1886 1118//1844
f 1137//1881 1182//1969 1167//1939
f 1167//1940 1182//1970 1137//1882
f 1167//1939 1182//1969 1140//1887
f 1140//1888 1182//1970 1167//1940
f 1140//1887 1183//1971 1141//1889
f 1141//1890 1183//1972 1140//1888
f 1183//1971 1168//1941 1141//1889
f 1141//1890 1168//1942 1183//1972
f 1122//1851 1168//1941 1169//1943
f 1169//1944 1168//1942 1122//1852
f 1142//1891 1169//1943 1184//1973
f 1184//1974 1169//1944 1142//1892
f 1170//1945 1142//1891 1184//1973
f 1184//1974 1142//1892 1170//1946
f 1185//1975 1143//1893 1170//1945
f 1170//1946 1143//1894 1185//1976
f 1144//1895 1124//1855 1171//1947
f 1171//1948 1124//1856 1144//1896
f 1171//1947 1143//1893 1185//1975
f 1185//1976 1143//1894 1171//1948
f 1150//1863 1144//1895 1171//1947
f 1171//1948 1144//1896 1150//1864
f 1148//1903 1186//1977 1145//1897
f 1145//1898 1186//1978 1148//1904
f 1145//1897 1187//1979 1146//1899
f 1146//1900 1187//1980 1145//1898
f 1146//1899 1188//1981 1149//1905
f 1149//1906 1188//1982 1146//1900
f 1172//1949 1147//1901 1189//1983
f 1189//1984 1147//1902 1172//1950
f 1173//1951 1125//1857 1172//1949
f 1172//1950 1125//1858 1173//1952
f 1174//1953 1126//1859 1173//1951
f 1173//1952 1126//1860 1174//1954
f 1174//1953 1190//1985 1148//1903
f 1148//1904 1190//1986 1174//1954
f 1147//1901 1175//1955 1189//1983
f 1189//1984 1175//1956 1147//1902
f 1175//1955 1128//1863 1176//1957
f 1176//1958 1128//1864 1175//1956
f 1149//1905 1191//1987 1151//1907
f 1151//1908 1191//1988 1149//1906
f 1176//1957 1150//1863 1192//1989
f 1192//1990 1150//1864 1176//1958
f 1130//1867 1151//1907 1177//1959
f 1177//1960 1151//1908 1130//1868
f 1152//1909 1177//1959 1193//1991
f 1193//1992 1177//1960 1152//1910
f 1152//1909 1193//1991 1153//1911
f 1153//1912 1193//1992 1152//1910
f 1194//1993 1154//1913 1153//1911
f 1153//1912 1154//1914 1194//1994
f 1195//1995 1178//1961 1154//1913
f 1154//1914 1178//1962 1195//1996
f 1178//1961 1179//1963 1131//1869
f 1131//1870 1179//1964 1178//1962
f 1179//1963 1180//1965 1132//1871
f 1132//1872 1180//1966 1179//1964
f 1180//1965 1156//1917 1155//1915
f 1155//1916 1156//1918 1180//1966
f 1157//1919 1156//1917 1196//1997
f 1196//1998 1156//1918 1157//1920
f 1197//83 1158//1921 1157//1919
f 1157//1920 1158//1922 1197//84
f 1198//1999 1161//1927 1159//1923
f 1159//1924 1161//1928 1198//2000
f 1199//2001 1159//1923 1160//1925
f 1160//1926 1159//1924 1199//2002
f 1161//1927 1200//2003 1162//1929
f 1162//1930 1200//2004 1161//1928
f 1163//1931 1162//1929 1201//2005
f 1201//2006 1162//1930 1163//1932
f 1164//1933 1163//1931 1202//2007
f 1202//2008 1163//1932 1164//1934
f 1165//1935 1164//1933 1203//2009
f 1203//2010 1164//1934 1165//1936
f 1165//1935 1203//2009 1166//1937
f 1166//1938 1203//2010 1165//1936
f 1166//1937 1204//2011 1181//1967
f 1181//1968 1204//2012 1166//1938
f 1136//1879 1181//1967 1182//1969
f 1182//1970 1181//1968 1136//1880
f 1182//1969 1183//1971 1140//1887
f 1140//1888 1183//1972 1182//1970
f 1183//1971 1205//2013 1168//1941
f 1168//1942 1205//2014 1183//1972
f 1169//1943 1168//1941 1206//2015
f 1206//2016 1168//1942 1169//1944
f 1184//1973 1169//1943 1207//2017
f 1207//2018 1169//1944 1184//1974
f 1170//1945 1184//1973 1208//2019
f 1208//2020 1184//1974 1170//1946
f 1185//1975 1170//1945 1208//2019
f 1208//2020 1170//1946 1185//1976
f 1192//1989 1171//1947 1185//1975
f 1185//1976 1171//1948 1192//1990
f 1150//1863 1171//1947 1192//1989
f 1192//1990 1171//1948 1150//1864
f 1190//1985 1186//1977 1148//1903
f 1148//1904 1186//1978 1190//1986
f 1186//1977 1187//1979 1145//1897
f 1145//1898 1187//1980 1186//1978
f 1187//1979 1188//1981 1146//1899
f 1146//1900 1188//1982 1187//1980
f 1188//1981 1191//1987 1149//1905
f 1149//1906 1191//1988 1188//1982
f 1172//1949 1189//1983 1209//2021
f 1209//2022 1189//1984 1172//1950
f 1172//1949 1210//2023 1173//1951
f 1173//1952 1210//2024 1172//1950
f 1173//1951 1211//2025 1174//1953
f 1174//1954 1211//2026 1173//1952
f 1211//2025 1190//1985 1174//1953
f 1174//1954 1190//1986 1211//2026
f 1189//1983 1175//1955 1212//2027
f 1212//2028 1175//1956 1189//1984
f 1175//1955 1176//1957 1212//2027
f 1212//2028 1176//1958 1175//1956
f 1191//1987 1213//2029 1151//1907
f 1151//1908 1213//2030 1191//1988
f 1176//1957 1192//1989 1214//2031
f 1214//2032 1192//1990 1176//1958
f 1151//1907 1213//2029 1177//1959
f 1177//1960 1213//2030 1151//1908
f 1215//2033 1193//1991 1177//1959
f 1177//1960 1193//1992 1215//2034
f 1216//2035 1153//1911 1193//1991
f 1193//1992 1153//1912 1216//2036
f 1194//1993 1195//1995 1154//1913
f 1154//1914 1195//1996 1194//1994
f 1216//2035 1194//1993 1153//1911
f 1153//1912 1194//1994 1216//2036
f 1195//1995 1217//2037 1178//1961
f 1178//1962 1217//2038 1195//1996
f 1217//2037 1179//1963 1178//1961
f 1178//1962 1179//1964 1217//2038
f 1218//2039 1180//1965 1179//1963
f 1179//1964 1180//1966 1218//2040
f 1196//1997 1156//1917 1180//1965
f 1180//1966 1156//1918 1196//1998
f 1197//83 1157//1919 1196//1997
f 1196//1998 1157//1920 1197//84
f 1200//2003 1161//1927 1198//1999
f 1198//2000 1161//1928 1200//2004
f 1198//1999 1159//1923 1199//2001
f 1199//2002 1159//1924 1198//2000
f 1201//2005 1162//1929 1200//2003
f 1200//2004 1162//1930 1201//2006
f 1202//2007 1163//1931 1201//2005
f 1201//2006 1163//1932 1202//2008
f 1203//2009 1164//1933 1202//2007
f 1202//2008 1164//1934 1203//2010
f 1166//1937 1203//2009 1219//2041
f 1219//2042 1203//2010 1166//1938
f 1166//1937 1219//2041 1204//2011
f 1204//2012 1219//2042 1166//1938
f 1181//1967 1204//2011 1205//2013
f 1205//2014 1204//2012 1181//1968
f 1182//1969 1181//1967 1183//1971
f 1183//1972 1181//1968 1182//1970
f 1181//1967 1205//2013 1183//1971
f 1183//1972 1205//2014 1181//1968
f 1205//2013 1206//2015 1168//1941
f 1168//1942 1206//2016 1205//2014
f 1169//1943 1206//2015 1207//2017
f 1207//2018 1206//2016 1169//1944
f 1184//1973 1207//2017 1220//2043
f 1220//2044 1207//2018 1184//1974
f 1208//2019 1184//1973 1220//2043
f 1220//2044 1184//1974 1208//2020
f 1221//2045 1185//1975 1208//2019
f 1208//2020 1185//1976 1221//2046
f 1192//1989 1185//1975 1221//2045
f 1221//2046 1185//1976 1192//1990
f 1190//1985 1222//2047 1186//1977
f 1186//1978 1222//2048 1190//1986
f 1186//1977 1223//2049 1187//1979
f 1187//1980 1223//2050 1186//1978
f 1187//1979 1224//2051 1188//1981
f 1188//1982 1224//2052 1187//1980
f 1188//1981 1225//2053 1191//1987
f 1191//1988 1225//2054 1188//1982
f 1189//1983 1226//2055 1209//2021
f 1209//2022 1226//2056 1189//1984
f 1172//1949 1209//2021 1210//2023
f 1210//2024 1209//2022 1172//1950
f 1173//1951 1210//2023 1211//2025
f 1211//2026 1210//2024 1173//1952
f 1211//2025 1227//2057 1190//1985
f 1190//1986 1227//2058 1211//2026
f 1189//1983 1212//2027 1226//2055
f 1226//2056 1212//2028 1189//1984
f 1212//2027 1176//1957 1214//2031
f 1214//2032 1176//1958 1212//2028
f 1191//1987 1228//2059 1213//2029
f 1213//2030 1228//2060 1191//1988
f 1214//2031 1192//1989 1221//2045
f 1221//2046 1192//1990 1214//2032
f 1213//2029 1215//2033 1177//1959
f 1177//1960 1215//2034 1213//2030
f 1215//2033 1216//2035 1193//1991
f 1193//1992 1216//2036 1215//2034
f 1229//2061 1195//1995 1194//1993
f 1194//1994 1195//1996 1229//2062
f 1230//2063 1194//1993 1216//2035
f 1216//2036 1194//1994 1230//2064
f 1231//2065 1217//2037 1195//1995
f 1195//1996 1217//2038 1231//2066
f 1217//2037 1218//2039 1179//1963
f 1179//1964 1218//2040 1217//2038
f 1218//2039 1196//1997 1180//1965
f 1180//1966 1196//1998 1218//2040
f 1232//2067 1197//83 1196//1997
f 1196//1998 1197//84 1232//2068
f 1233//2069 1200//2003 1198//1999
f 1198//2000 1200//2004 1233//2070
f 1234//2071 1198//1999 1199//2001
f 1199//2002 1198//2000 1234//2072
f 1201//2005 1200//2003 1235//2073
f 1235//2074 1200//2004 1201//2006
f 1202//2007 1201//2005 1236//2075
f 1236//2076 1201//2006 1202//2008
f 1203//2009 1202//2007 1237//2077
f 1237//2078 1202//2008 1203//2010
f 1203//2009 1238//2079 1219//2041
f 1219//2042 1238//2080 1203//2010
f 1219//2041 1239//2081 1204//2011
f 1204//2012 1239//2082 1219//2042
f 1204//2011 1240//2083 1205//2013
f 1205//2014 1240//2084 1204//2012
f 1205//2013 1240//2083 1206//2015
f 1206//2016 1240//2084 1205//2014
f 1207//2017 1206//2015 1241//2085
f 1241//2086 1206//2016 1207//2018
f 1220//2043 1207//2017 1242//2087
f 1242//2088 1207//2018 1220//2044
f 1208//2019 1220//2043 1243//389
f 1243//390 1220//2044 1208//2020
f 1221//2045 1208//2019 1244//2089
f 1244//2090 1208//2020 1221//2046
f 1227//2057 1222//2047 1190//1985
f 1190//1986 1222//2048 1227//2058
f 1222//2047 1223//2049 1186//1977
f 1186//1978 1223//2050 1222//2048
f 1223//2049 1224//2051 1187//1979
f 1187//1980 1224//2052 1223//2050
f 1224//2051 1225//2053 1188//1981
f 1188//1982 1225//2054 1224//2052
f 1225//2053 1228//2059 1191//1987
f 1191//1988 1228//2060 1225//2054
f 1209//2021 1226//2055 1245//2091
f 1245//2092 1226//2056 1209//2022
f 1210//2023 1209//2021 1246//2093
f 1246//2094 1209//2022 1210//2024
f 1210//2023 1247//1921 1211//2025
f 1211//2026 1247//1922 1210//2024
f 1211//2025 1247//1921 1227//2057
f 1227//2058 1247//1922 1211//2026
f 1212//2027 1248//1821 1226//2055
f 1226//2056 1248//1822 1212//2028
f 1214//2031 1248//1821 1212//2027
f 1212//2028 1248//1822 1214//2032
f 1228//2059 1249//2095 1213//2029
f 1213//2030 1249//2096 1228//2060
f 1214//2031 1221//2045 1250//2097
f 1250//2098 1221//2046 1214//2032
f 1213//2029 1249//2095 1215//2033
f 1215//2034 1249//2096 1213//2030
f 1251//2099 1216//2035 1215//2033
f 1215//2034 1216//2036 1251//2100
f 1229//2061 1231//2065 1195//1995
f 1195//1996 1231//2066 1229//2062
f 1230//2063 1229//2061 1194//1993
f 1194//1994 1229//2062 1230//2064
f 1251//2099 1230//2063 1216//2035
f 1216//2036 1230//2064 1251//2100
f 1231//2065 1252//2101 1217//2037
f 1217//2038 1252//2102 1231//2066
f 1252//2101 1218//2039 1217//2037
f 1217//2038 1218//2040 1252//2102
f 1232//2067 1196//1997 1218//2039
f 1218//2040 1196//1998 1232//2068
f 1235//2073 1200//2003 1233//2069
f 1233//2070 1200//2004 1235//2074
f 1233//2069 1198//1999 1234//2071
f 1234//2072 1198//2000 1233//2070
f 1236//2075 1201//2005 1235//2073
f 1235//2074 1201//2006 1236//2076
f 1237//2077 1202//2007 1236//2075
f 1236//2076 1202//2008 1237//2078
f 1203//2009 1237//2077 1238//2079
f 1238//2080 1237//2078 1203//2010
f 1219//2041 1238//2079 1239//2081
f 1239//2082 1238//2080 1219//2042
f 1204//2011 1239//2081 1240//2083
f 1240//2084 1239//2082 1204//2012
f 1240//2083 1241//2085 1206//2015
f 1206//2016 1241//2086 1240//2084
f 1207//2017 1241//2085 1242//2087
f 1242//2088 1241//2086 1207//2018
f 1220//2043 1242//2087 1253//2103
f 1253//2104 1242//2088 1220//2044
f 1220//2043 1253//2103 1243//389
f 1243//390 1253//2104 1220//2044
f 1208//2019 1243//389 1254//2105
f 1254//2106 1243//390 1208//2020
f 1221//2045 1244//2089 1250//2097
f 1250//2098 1244//2090 1221//2046
f 1226//2055 1255//305 1245//2091
f 1245//2092 1255//306 1226//2056
f 1209//2021 1245//2091 1246//2093
f 1246//2094 1245//2092 1209//2022
f 1210//2023 1246//2093 1247//1921
f 1247//1922 1246//2094 1210//2024
f 1248//1821 1255//305 1226//2055
f 1226//2056 1255//306 1248//1822
f 1214//2031 1250//2097 1248//1821
f 1248//1822 1250//2098 1214//2032
f 1249//2095 1251//2099 1215//2033
f 1215//2034 1251//2100 1249//2096
f 1252//2101 1232//2067 1218//2039
f 1218//2040 1232//2068 1252//2102
f 1256//2107 1235//2073 1233//2069
f 1233//2070 1235//2074 1256//2108
f 1257//2109 1233//2069 1234//2071
f 1234//2072 1233//2070 1257//2110
f 1236//2075 1235//2073 1258//2111
f 1258//2112 1235//2074 1236//2076
f 1237//2077 1236//2075 1259//2113
f 1259//2114 1236//2076 1237//2078
f 1237//2077 1260//2115 1238//2079
f 1238//2080 1260//2116 1237//2078
f 1238//2079 1261//2117 1239//2081
f 1239//2082 1261//2118 1238//2080
f 1239//2081 1262//2119 1240//2083
f 1240//2084 1262//2120 1239//2082
f 1241//2085 1240//2083 1262//2119
f 1262//2120 1240//2084 1241//2086
f 1242//2087 1241//2085 1263//2121
f 1263//2122 1241//2086 1242//2088
f 1242//2087 1264//2123 1253//2103
f 1253//2104 1264//2124 1242//2088
f 1243//389 1253//2103 1265//2125
f 1265//2126 1253//2104 1243//390
f 1254//2105 1243//389 1266//2091
f 1266//2092 1243//390 1254//2106
f 1250//2097 1244//2089 1267//2127
f 1267//2128 1244//2090 1250//2098
f 1248//1821 1268//305 1255//305
f 1255//306 1268//306 1248//1822
f 1248//1821 1250//2097 1268//305
f 1268//306 1250//2098 1248//1822
f 1258//2111 1235//2073 1256//2107
f 1256//2108 1235//2074 1258//2112
f 1256//2107 1233//2069 1257//2109
f 1257//2110 1233//2070 1256//2108
f 1259//2113 1236//2075 1258//2111
f 1258//2112 1236//2076 1259//2114
f 1237//2077 1259//2113 1260//2115
f 1260//2116 1259//2114 1237//2078
f 1238//2079 1260//2115 1261//2117
f 1261//2118 1260//2116 1238//2080
f 1239//2081 1261//2117 1262//2119
f 1262//2120 1261//2118 1239//2082
f 1241//2085 1262//2119 1263//2121
f 1263//2122 1262//2120 1241//2086
f 1242//2087 1263//2121 1264//2123
f 1264//2124 1263//2122 1242//2088
f 1253//2103 1264//2123 1269//2129
f 1269//2130 1264//2124 1253//2104
f 1253//2103 1269//2129 1265//2125
f 1265//2126 1269//2130 1253//2104
f 1243//389 1265//2125 1266//2091
f 1266//2092 1265//2126 1243//390
f 1254//2105 1266//2091 1270//2131
f 1270//2132 1266//2092 1254//2106
f 1244//2089 1270//2131 1267//2127
f 1267//2128 1270//2132 1244//2090
f 1250//2097 1267//2127 1268//305
f 1268//306 1267//2128 1250//2098
f 1271//2133 1258//2111 1256//2107
f 1256//2108 1258//2112 1271//2134
f 1272//2135 1256//2107 1257//2109
f 1257//2110 1256//2108 1272//2136
f 1259//2113 1258//2111 1273//2137
f 1273//2138 1258//2112 1259//2114
f 1259//2113 1274//2139 1260//2115
f 1260//2116 1274//2140 1259//2114
f 1260//2115 1275//2141 1261//2117
f 1261//2118 1275//2142 1260//2116
f 1261//2117 1276//2143 1262//2119
f 1262//2120 1276//2144 1261//2118
f 1263//2121 1262//2119 1276//2143
f 1276//2144 1262//2120 1263//2122
f 1263//2121 1277//2145 1264//2123
f 1264//2124 1277//2146 1263//2122
f 1264//2123 1278//2147 1269//2129
f 1269//2130 1278//2148 1264//2124
f 1254//2105 1270//2131 1244//2089
f 1244//2090 1270//2132 1254//2106
f 1273//2137 1258//2111 1271//2133
f 1271//2134 1258//2112 1273//2138
f 1271//2133 1256//2107 1272//2135
f 1272//2136 1256//2108 1271//2134
f 1259//2113 1273//2137 1274//2139
f 1274//2140 1273//2138 1259//2114
f 1260//2115 1274//2139 1275//2141
f 1275//2142 1274//2140 1260//2116
f 1261//2117 1275//2141 1276//2143
f 1276//2144 1275//2142 1261//2118
f 1263//2121 1276//2143 1277//2145
f 1277//2146 1276//2144 1263//2122
f 1264//2123 1277//2145 1278//2147
f 1278//2148 1277//2146 1264//2124
f 1279//2149 1273//2137 1271//2133
f 1271//2134 1273//2138 1279//2150
f 1280//2151 1271//2133 1272//2135
f 1272//2136 1271//2134 1280//2152
f 1274//2139 1273//2137 1279//2149
f 1279//2150 1273//2138 1274//2140
f 1275//2141 1274//2139 1281//2153
f 1281//2154 1274//2140 1275//2142
f 1276//2143 1275//2141 1282//2155
f 1282//2156 1275//2142 1276//2144
f 1276//2143 1282//2155 1277//2145
f 1277//2146 1282//2156 1276//2144
f 1277//2145 1283//2157 1278//2147
f 1278//2148 1283//2158 1277//2146
f 1279//2149 1271//2133 1280//2151
f 1280//2152 1271//2134 1279//2150
f 1274//2139 1279//2149 1281//2153
f 1281//2154 1279//2150 1274//2140
f 1275//2141 1281//2153 1282//2155
f 1282//2156 1281//2154 1275//2142
f 1277//2145 1282//2155 1283//2157
f 1283//2158 1282//2156 1277//2146
f 1279//2149 1280//2151 1284//2159
f 1284//2160 1280//2152 1279//2150
f 1281//2153 1279//2149 1284//2159
f 1284//2160 1279//2150 1281//2154
f 1282//2155 1281//2153 1285//2161
f 1285//2162 1281//2154 1282//2156
f 1282//2155 1285//2161 1283//2157
f 1283//2158 1285//2162 1282//2156
f 1281//2153 1284//2159 1285//2161
f 1285//2162 1284//2160 1281//2154
