# SSTK version 0.8.0
# 23
mtllib original-23.mtl
o mesh23/mesh23-geometry#mesh23-geometry
v -0.250638 0.208391 -0.252166
v -0.250586 0.204714 -0.250873
v -0.253015 0.205667 -0.249932
v -0.238954 0.208391 -0.252166
v -0.250569 0.203488 -0.247162
v -0.253902 0.208391 -0.250935
v -0.238910 0.204714 -0.250873
v -0.239051 0.216414 -0.252302
v -0.253845 0.204714 -0.247183
v -0.238895 0.203488 -0.247162
v -0.250750 0.216414 -0.252302
v -0.186076 0.204714 -0.250873
v -0.186176 0.216414 -0.252302
v -0.250569 0.203488 -0.183218
v -0.238895 0.203488 -0.183218
v -0.254990 0.208391 -0.247245
v -0.254026 0.216414 -0.251072
v -0.186107 0.208391 -0.252166
v -0.186066 0.203488 -0.247162
v -0.186419 0.244911 -0.252785
v -0.251150 0.244911 -0.252785
v -0.253845 0.204714 -0.183218
v -0.254990 0.208391 -0.183218
v -0.173928 0.204714 -0.250873
v -0.173918 0.203488 -0.247162
v -0.173958 0.208391 -0.252166
v -0.174022 0.216414 -0.252302
v -0.239393 0.244911 -0.252785
v -0.253135 0.205435 -0.180177
v -0.250164 0.204310 -0.180177
v -0.186066 0.203488 -0.183218
v -0.255119 0.216414 -0.247381
v -0.254469 0.244911 -0.251555
v -0.173918 0.203488 -0.183218
v -0.174250 0.244911 -0.252785
v -0.239489 0.252852 -0.252920
v -0.254174 0.208809 -0.180178
v -0.238794 0.204310 -0.180177
v -0.255118 0.216414 -0.183219
v -0.251261 0.252852 -0.252920
v -0.168068 0.204714 -0.250873
v -0.168058 0.203488 -0.247162
v -0.168098 0.208391 -0.252166
v -0.168162 0.216414 -0.252302
v -0.186486 0.252852 -0.252920
v -0.248949 0.206779 -0.179163
v -0.251005 0.207600 -0.179163
v -0.254297 0.216528 -0.180178
v -0.238490 0.206779 -0.179163
v -0.183483 0.204014 -0.179149
v -0.173918 0.203488 -0.179141
v -0.255576 0.244911 -0.183241
v -0.255576 0.244911 -0.247865
v -0.254593 0.252852 -0.251690
v -0.168058 0.203488 -0.183218
v -0.168390 0.244911 -0.252785
v -0.174314 0.252852 -0.252920
v -0.186530 0.257989 -0.253007
v -0.239551 0.257989 -0.253007
v -0.251725 0.210063 -0.179164
v -0.187309 0.206779 -0.178127
v -0.168058 0.203488 -0.179141
v -0.251334 0.257990 -0.253007
v -0.160437 0.204714 -0.250873
v -0.160427 0.203488 -0.247162
v -0.160427 0.203488 -0.183218
v -0.160466 0.208391 -0.252166
v -0.160531 0.216414 -0.252302
v -0.239180 0.211628 -0.179163
v -0.231872 0.209665 -0.179163
v -0.241312 0.213879 -0.179163
v -0.251834 0.216869 -0.179164
v -0.187344 0.213414 -0.178127
v -0.178893 0.206779 -0.175019
v -0.177649 0.204310 -0.175019
v -0.173918 0.203488 -0.175019
v -0.255067 0.246048 -0.179166
v -0.255703 0.252852 -0.247999
v -0.254672 0.257989 -0.251777
v -0.160427 0.203488 -0.179141
v -0.160759 0.244911 -0.252785
v -0.168454 0.252852 -0.252920
v -0.174355 0.257989 -0.253007
v -0.186580 0.263813 -0.253106
v -0.239621 0.263813 -0.253106
v -0.244965 0.215868 -0.179164
v -0.178893 0.214009 -0.175019
v -0.168058 0.203488 -0.175019
v -0.255703 0.252852 -0.179224
v -0.255703 0.252852 -0.183301
v -0.251415 0.263813 -0.253106
v 0.161333 0.208391 -0.252166
v 0.161304 0.204714 -0.250873
v 0.161294 0.203488 -0.183218
v 0.161397 0.216414 -0.252302
v 0.161626 0.244911 -0.252785
v -0.187447 0.226738 -0.178127
v -0.195224 0.239284 -0.178128
v -0.252265 0.243741 -0.178131
v -0.248111 0.220267 -0.179165
v -0.178893 0.229119 -0.175019
v -0.178893 0.206779 -0.138390
v -0.178893 0.214009 -0.138390
v -0.173918 0.203488 -0.138390
v -0.168058 0.203488 -0.138390
v -0.255703 0.252852 -0.175103
v -0.255785 0.257990 -0.248087
v -0.254763 0.263813 -0.251876
v 0.161294 0.203488 -0.247162
v -0.160427 0.203488 -0.175019
v 0.161294 0.203488 -0.179141
v 0.161690 0.252852 -0.252920
v -0.160823 0.252852 -0.252920
v -0.168495 0.257989 -0.253007
v -0.174402 0.263813 -0.253106
v -0.189421 0.597258 -0.258764
v -0.256094 0.597258 -0.258764
v -0.218280 0.243588 -0.178129
v -0.254822 0.249260 -0.175043
v -0.242123 0.243717 -0.178131
v -0.178893 0.229119 -0.138390
v -0.177649 0.204310 -0.138390
v -0.255785 0.257990 -0.175188
v -0.255785 0.257989 -0.179310
v -0.255785 0.257990 -0.183386
v 0.169029 0.216414 -0.252302
v 0.168964 0.208391 -0.252166
v 0.168935 0.204714 -0.250873
v 0.168925 0.203488 -0.247162
v 0.168925 0.203488 -0.183218
v 0.169257 0.244911 -0.252785
v 0.169321 0.252852 -0.252920
v -0.243631 0.597258 -0.258764
v -0.187661 0.243396 -0.175020
v -0.213968 0.248130 -0.175021
v -0.252335 0.248074 -0.175023
v -0.187309 0.206779 -0.135304
v -0.187344 0.213414 -0.135304
v -0.187447 0.226738 -0.135306
v -0.168058 0.203488 -0.134292
v -0.173918 0.203488 -0.134292
v -0.160427 0.203488 -0.138390
v -0.254822 0.249260 -0.138009
v -0.255703 0.252852 -0.137978
v -0.255879 0.263813 -0.248185
v -0.259943 0.597258 -0.257533
v 0.161294 0.203488 -0.175019
v 0.168925 0.203488 -0.179141
v 0.169362 0.257989 -0.253007
v 0.161731 0.257989 -0.253007
v -0.160864 0.257989 -0.253007
v -0.168542 0.263813 -0.253106
v -0.177076 0.597258 -0.258764
v -0.189483 0.604612 -0.258888
v -0.243720 0.604612 -0.258888
v -0.241098 0.248096 -0.175023
v -0.187661 0.243396 -0.138344
v -0.183483 0.204014 -0.134286
v -0.195224 0.239282 -0.135267
v -0.160427 0.203488 -0.134292
v 0.161294 0.203488 -0.138390
v -0.255785 0.257990 -0.137935
v -0.255879 0.263813 -0.175284
v -0.255879 0.263813 -0.183483
v -0.256198 0.604612 -0.258888
v 0.174889 0.216414 -0.252302
v 0.174824 0.208391 -0.252166
v 0.174795 0.204714 -0.250873
v 0.174785 0.203488 -0.183218
v 0.168925 0.203488 -0.175019
v 0.175181 0.252852 -0.252920
v 0.175222 0.257989 -0.253007
v -0.177135 0.604612 -0.258888
v -0.213968 0.248130 -0.138208
v -0.241098 0.248096 -0.138070
v -0.252335 0.248074 -0.138022
v -0.238490 0.206779 -0.134277
v -0.231872 0.209665 -0.134280
v -0.239180 0.211628 -0.134286
v -0.168058 0.203488 -0.130227
v -0.160427 0.203488 -0.130227
v -0.173918 0.203488 -0.130227
v 0.161294 0.203488 -0.134292
v -0.255067 0.246036 -0.133932
v -0.255703 0.252852 -0.133879
v -0.255879 0.263813 -0.179406
v -0.261226 0.597258 -0.189002
v -0.261226 0.597258 -0.253843
v -0.260057 0.604612 -0.257658
v 0.175117 0.244911 -0.252785
v 0.174785 0.203488 -0.247162
v 0.174785 0.203488 -0.175019
v 0.174785 0.203488 -0.179141
v 0.175269 0.263813 -0.253106
v 0.169409 0.263813 -0.253106
v 0.161778 0.263813 -0.253106
v -0.160911 0.263813 -0.253106
v -0.171216 0.597258 -0.258764
v -0.171275 0.604612 -0.258888
v -0.189527 0.609764 -0.258976
v -0.243782 0.609764 -0.258976
v -0.218280 0.243578 -0.135146
v -0.238794 0.204310 -0.133263
v -0.241312 0.213862 -0.134281
v -0.186066 0.203488 -0.130227
v 0.168925 0.203488 -0.138390
v -0.255785 0.257990 -0.133837
v -0.255879 0.263813 -0.137886
v -0.261226 0.597258 -0.184925
v -0.256270 0.609764 -0.258976
v 0.187285 0.244911 -0.252785
v 0.187043 0.216414 -0.252302
v 0.186974 0.208391 -0.252166
v 0.186943 0.204714 -0.250873
v 0.186933 0.203488 -0.247162
v 0.174785 0.203488 -0.138390
v 0.186933 0.203488 -0.183218
v 0.187353 0.252852 -0.252920
v 0.187397 0.257989 -0.253007
v 0.187447 0.263813 -0.253106
v -0.163584 0.597258 -0.258764
v -0.177176 0.609764 -0.258976
v -0.242123 0.243700 -0.135022
v -0.252265 0.243722 -0.134976
v -0.238895 0.203488 -0.130227
v -0.248949 0.206779 -0.134283
v -0.160427 0.203488 -0.125830
v -0.168058 0.203488 -0.125830
v 0.161294 0.203488 -0.130227
v -0.173918 0.203488 -0.125830
v 0.168925 0.203488 -0.134292
v -0.255703 0.252852 -0.129814
v -0.261226 0.597258 -0.135102
v -0.261226 0.597258 -0.180803
v -0.261344 0.604612 -0.253968
v -0.260137 0.609764 -0.257746
v 0.178516 0.204310 -0.175019
v 0.184350 0.204014 -0.179149
v 0.190287 0.597258 -0.258764
v 0.177943 0.597258 -0.258764
v 0.172083 0.597258 -0.258764
v 0.164451 0.597258 -0.258764
v -0.163643 0.604612 -0.258888
v -0.171316 0.609764 -0.258976
v -0.189553 0.614179 -0.259027
v -0.243819 0.614179 -0.259027
v -0.254172 0.208732 -0.133226
v -0.244964 0.215800 -0.134241
v -0.250569 0.203488 -0.130227
v -0.250164 0.204310 -0.133265
v -0.251005 0.207581 -0.134278
v -0.186066 0.203488 -0.125830
v -0.238895 0.203488 -0.125830
v -0.255785 0.257990 -0.129772
v -0.255879 0.263813 -0.133788
v -0.261344 0.604612 -0.189124
v -0.261344 0.604612 -0.180925
v -0.256313 0.614179 -0.259027
v 0.240260 0.244911 -0.252785
v 0.240356 0.252852 -0.252920
v 0.239821 0.208391 -0.252166
v 0.239777 0.204714 -0.250873
v 0.239762 0.203488 -0.183218
v 0.178516 0.204310 -0.138390
v 0.240418 0.257989 -0.253007
v 0.240488 0.263813 -0.253106
v 0.164510 0.604612 -0.258888
v -0.177201 0.614179 -0.259027
v -0.251724 0.209986 -0.134250
v -0.250569 0.203488 -0.125830
v -0.160427 0.203488 -0.120736
v 0.161294 0.203488 -0.125830
v -0.168058 0.203488 -0.120736
v 0.168925 0.203488 -0.130227
v -0.173918 0.203488 -0.120736
v 0.174785 0.203488 -0.134292
v -0.254989 0.208314 -0.130186
v -0.255703 0.252852 -0.125366
v -0.261226 0.597258 -0.131004
v -0.261344 0.604612 -0.135041
v -0.261344 0.604612 -0.185047
v -0.261427 0.609764 -0.254055
v -0.260185 0.614179 -0.257797
v 0.239918 0.216414 -0.252302
v 0.239762 0.203488 -0.247162
v 0.179759 0.206779 -0.138390
v 0.179759 0.206779 -0.175019
v 0.239661 0.204310 -0.180177
v 0.244498 0.597258 -0.258764
v 0.178002 0.604612 -0.258888
v 0.172142 0.604612 -0.258888
v -0.163685 0.609764 -0.258976
v -0.171341 0.614179 -0.259027
v -0.189562 0.619324 -0.259044
v -0.243832 0.619324 -0.259044
v -0.253135 0.205416 -0.133256
v -0.253845 0.204694 -0.125818
v -0.253845 0.204694 -0.130216
v 0.161294 0.203488 -0.120736
v -0.186066 0.203488 -0.120736
v -0.238895 0.203488 -0.120736
v -0.250569 0.203488 -0.120736
v -0.254989 0.208314 -0.125784
v -0.255785 0.257990 -0.125317
v -0.255879 0.263813 -0.129723
v -0.261427 0.609764 -0.189210
v -0.261427 0.609764 -0.181011
v -0.256328 0.619324 -0.259044
v 0.252017 0.244911 -0.252785
v 0.251504 0.208391 -0.252166
v 0.251453 0.204714 -0.250873
v 0.251436 0.203488 -0.247162
v 0.184350 0.204014 -0.134286
v 0.188176 0.206779 -0.135304
v 0.188176 0.206779 -0.178128
v 0.251031 0.204310 -0.180177
v 0.252128 0.252852 -0.252920
v 0.252200 0.257989 -0.253007
v 0.252282 0.263813 -0.253106
v 0.190350 0.604612 -0.258888
v 0.164552 0.609764 -0.258976
v -0.177209 0.619324 -0.259044
v -0.253845 0.204694 -0.120721
v -0.160427 0.203488 -0.115459
v 0.168925 0.203488 -0.125830
v -0.168058 0.203488 -0.115459
v 0.174785 0.203488 -0.130227
v -0.173918 0.203488 -0.115459
v -0.255703 0.252852 -0.120116
v -0.255785 0.257990 -0.120051
v -0.261226 0.597258 -0.126939
v -0.261344 0.604612 -0.130943
v -0.261427 0.609764 -0.185133
v -0.261427 0.609764 -0.134998
v -0.261476 0.614179 -0.189773
v -0.261476 0.614179 -0.254107
v -0.260202 0.619324 -0.257814
v 0.251617 0.216414 -0.252302
v 0.251436 0.203488 -0.183218
v 0.179759 0.214009 -0.138390
v 0.188211 0.213414 -0.135304
v 0.179759 0.214009 -0.175019
v 0.239357 0.206779 -0.179164
v 0.256961 0.597258 -0.258764
v 0.244587 0.604612 -0.258888
v 0.190394 0.609764 -0.258976
v 0.178043 0.609764 -0.258976
v 0.172183 0.609764 -0.258976
v 0.164576 0.614179 -0.259027
v -0.163709 0.614179 -0.259027
v -0.171349 0.619324 -0.259044
v -0.189563 0.624834 -0.259044
v -0.243833 0.624834 -0.259044
v -0.254989 0.208314 -0.120676
v 0.161294 0.203488 -0.115459
v 0.168925 0.203488 -0.120736
v -0.186066 0.203488 -0.115459
v -0.238895 0.203488 -0.115459
v -0.250569 0.203488 -0.115459
v -0.253845 0.204694 -0.115440
v -0.255879 0.263813 -0.125262
v -0.261476 0.614179 -0.135369
v -0.261476 0.614179 -0.181575
v -0.256329 0.624834 -0.259044
v 0.254893 0.216414 -0.251072
v 0.255336 0.244911 -0.251555
v 0.254769 0.208391 -0.250935
v 0.253882 0.205667 -0.249932
v 0.254712 0.204714 -0.247183
v 0.186933 0.203488 -0.130227
v 0.239357 0.206779 -0.134277
v 0.232739 0.209665 -0.134280
v 0.188211 0.213414 -0.178128
v 0.249816 0.206779 -0.179163
v 0.254002 0.205435 -0.180177
v 0.232739 0.209665 -0.179163
v 0.255459 0.252852 -0.251690
v 0.255539 0.257989 -0.251777
v 0.255630 0.263813 -0.251876
v 0.244649 0.609764 -0.258976
v 0.172208 0.614179 -0.259027
v -0.177210 0.624834 -0.259044
v -0.254989 0.208314 -0.115383
v -0.160427 0.203488 -0.110512
v 0.174785 0.203488 -0.125830
v -0.168058 0.203488 -0.110512
v -0.173918 0.203488 -0.110512
v -0.255703 0.252852 -0.114683
v -0.255785 0.257990 -0.114602
v -0.255879 0.263813 -0.119978
v -0.261226 0.597258 -0.122127
v -0.261344 0.604612 -0.126878
v -0.261427 0.609764 -0.130900
v -0.261476 0.614179 -0.185697
v -0.261493 0.619324 -0.254124
v -0.260203 0.624834 -0.257814
v 0.254712 0.204714 -0.183218
v 0.239661 0.204310 -0.133263
v 0.179759 0.229119 -0.138390
v 0.188314 0.226738 -0.135306
v 0.240047 0.211628 -0.134286
v 0.179759 0.229119 -0.175019
v 0.260810 0.597258 -0.257534
v 0.257064 0.604612 -0.258888
v 0.244686 0.614179 -0.259027
v 0.190420 0.614179 -0.259027
v 0.178067 0.614179 -0.259027
v 0.172216 0.619324 -0.259044
v 0.164585 0.619324 -0.259044
v -0.163718 0.619324 -0.259044
v -0.171350 0.624834 -0.259044
v -0.189564 0.630344 -0.259044
v -0.243834 0.630344 -0.259044
v 0.161294 0.203488 -0.110512
v 0.168925 0.203488 -0.115459
v 0.174785 0.203488 -0.120736
v -0.186066 0.203488 -0.110512
v -0.238895 0.203488 -0.110512
v -0.250569 0.203488 -0.110512
v -0.254989 0.208314 -0.110431
v -0.261226 0.597258 -0.115787
v -0.261427 0.609764 -0.126835
v -0.261493 0.619324 -0.187250
v -0.261476 0.614167 -0.131271
v -0.261493 0.619324 -0.136550
v -0.261493 0.619324 -0.183128
v -0.261493 0.619324 -0.191327
v -0.256331 0.630344 -0.259044
v 0.255985 0.216414 -0.247381
v 0.255857 0.208391 -0.247245
v 0.256442 0.244911 -0.247865
v 0.186933 0.203488 -0.125830
v 0.239762 0.203488 -0.130227
v 0.249816 0.206779 -0.134283
v 0.188314 0.226738 -0.178127
v 0.251872 0.207600 -0.179164
v 0.240047 0.211628 -0.179163
v 0.255041 0.208809 -0.180178
v 0.256570 0.252852 -0.247999
v 0.256652 0.257989 -0.248087
v 0.256745 0.263813 -0.248185
v 0.257137 0.609764 -0.258976
v 0.178076 0.619324 -0.259044
v -0.177211 0.630344 -0.259044
v -0.255703 0.252852 -0.109683
v -0.160437 0.204694 -0.106905
v -0.168068 0.204694 -0.106905
v -0.173928 0.204694 -0.106905
v -0.253845 0.204694 -0.110492
v -0.255879 0.263813 -0.114510
v -0.261344 0.604612 -0.122058
v -0.261427 0.609764 -0.122009
v -0.261476 0.614133 -0.127206
v -0.261493 0.619279 -0.132452
v -0.261495 0.624834 -0.254124
v -0.260205 0.630344 -0.257814
v 0.255857 0.208391 -0.183219
v 0.239762 0.203488 -0.125830
v 0.251436 0.203488 -0.130227
v 0.251031 0.204310 -0.133265
v 0.188528 0.243396 -0.138344
v 0.196091 0.239282 -0.135267
v 0.242178 0.213862 -0.134281
v 0.188528 0.243396 -0.175020
v 0.262093 0.597258 -0.253843
v 0.260924 0.604612 -0.257658
v 0.257180 0.614179 -0.259027
v 0.244699 0.619324 -0.259045
v 0.190429 0.619324 -0.259044
v 0.178077 0.624834 -0.259044
v 0.172217 0.624834 -0.259044
v 0.164585 0.624834 -0.259044
v -0.163719 0.624834 -0.259044
v -0.171351 0.630344 -0.259044
v -0.189565 0.636188 -0.259044
v -0.243835 0.636188 -0.259044
v 0.161303 0.204694 -0.106905
v 0.168925 0.203488 -0.110512
v 0.174785 0.203488 -0.115459
v 0.186933 0.203488 -0.120736
v -0.186076 0.204694 -0.106905
v -0.238910 0.204694 -0.106905
v -0.250586 0.204694 -0.106905
v -0.253901 0.208314 -0.106844
v -0.255785 0.257990 -0.109597
v -0.261226 0.597258 -0.109264
v -0.261344 0.604612 -0.115695
v -0.261476 0.614092 -0.122514
v -0.261495 0.624834 -0.185177
v -0.261495 0.624834 -0.189299
v -0.261493 0.619143 -0.128387
v -0.261495 0.624766 -0.134038
v -0.261495 0.624834 -0.193376
v -0.256332 0.636188 -0.259044
v 0.256442 0.244911 -0.183242
v 0.255985 0.216414 -0.183219
v 0.251436 0.203488 -0.125830
v 0.251872 0.207581 -0.134278
v 0.242179 0.213879 -0.179163
v 0.196091 0.239284 -0.178128
v 0.252592 0.210063 -0.179164
v 0.255164 0.216528 -0.180178
v 0.256652 0.257989 -0.183386
v 0.262093 0.597258 -0.189002
v 0.261004 0.609764 -0.257746
v 0.190430 0.624834 -0.259044
v -0.177211 0.636188 -0.259044
v -0.160466 0.208314 -0.105648
v -0.168097 0.208314 -0.105648
v -0.173957 0.208314 -0.105648
v -0.253015 0.205633 -0.107819
v -0.254593 0.252852 -0.106096
v -0.255879 0.263813 -0.109499
v -0.261226 0.597258 -0.103902
v -0.261427 0.609764 -0.115630
v -0.261476 0.614057 -0.116534
v -0.261493 0.618975 -0.124103
v -0.261495 0.624562 -0.129973
v -0.261495 0.624834 -0.138136
v -0.261496 0.630344 -0.254124
v -0.260206 0.636188 -0.257814
v 0.256570 0.252852 -0.183301
v 0.239762 0.203488 -0.120736
v 0.251436 0.203488 -0.120736
v 0.254712 0.204694 -0.125818
v 0.254712 0.204694 -0.130217
v 0.254002 0.205416 -0.133256
v 0.214835 0.248130 -0.138208
v 0.219146 0.243578 -0.135146
v 0.214835 0.248130 -0.175021
v 0.256745 0.263813 -0.183483
v 0.262211 0.604612 -0.253968
v 0.261052 0.614179 -0.257797
v 0.257195 0.619324 -0.259044
v 0.190431 0.630344 -0.259044
v 0.178078 0.630344 -0.259044
v 0.172218 0.630344 -0.259044
v 0.164586 0.630344 -0.259044
v -0.163719 0.630344 -0.259044
v -0.171352 0.636188 -0.259044
v -0.189566 0.642700 -0.259044
v -0.243836 0.642700 -0.259044
v 0.161333 0.208314 -0.105648
v 0.168935 0.204694 -0.106905
v 0.174785 0.203488 -0.110512
v 0.186933 0.203488 -0.115459
v -0.186107 0.208314 -0.105648
v -0.238953 0.208314 -0.105648
v -0.250636 0.208314 -0.105648
v -0.251261 0.252852 -0.104901
v -0.254672 0.257989 -0.106010
v -0.261344 0.604612 -0.109149
v -0.261427 0.609764 -0.109068
v -0.261493 0.618836 -0.119348
v -0.261496 0.630344 -0.187225
v -0.261496 0.630344 -0.195424
v -0.261495 0.624311 -0.126118
v -0.261496 0.630163 -0.131558
v -0.261496 0.630344 -0.139722
v -0.256333 0.642700 -0.259044
v 0.256570 0.252852 -0.179225
v 0.239762 0.203488 -0.115459
v 0.254712 0.204694 -0.120721
v 0.252591 0.209986 -0.134250
v 0.245831 0.215800 -0.134241
v 0.219147 0.243588 -0.178129
v 0.245832 0.215868 -0.179164
v 0.252701 0.216869 -0.179165
v 0.256652 0.257989 -0.179310
v 0.262211 0.604612 -0.189124
v 0.256745 0.263813 -0.179406
v 0.262294 0.609764 -0.254055
v 0.244700 0.624834 -0.259045
v 0.244701 0.630344 -0.259045
v -0.177212 0.642700 -0.259044
v -0.160823 0.252852 -0.104901
v -0.174314 0.252852 -0.104901
v -0.254763 0.263813 -0.105912
v -0.261344 0.604612 -0.103778
v -0.261476 0.614033 -0.110371
v -0.261493 0.618742 -0.114410
v -0.261495 0.624102 -0.122653
v -0.261496 0.630344 -0.191347
v -0.261496 0.629996 -0.127902
v -0.261496 0.630299 -0.135623
v -0.261498 0.636188 -0.196960
v -0.261498 0.636188 -0.254124
v -0.260208 0.642700 -0.257814
v 0.255934 0.246048 -0.179166
v 0.251436 0.203488 -0.115459
v 0.254712 0.204694 -0.115440
v 0.255856 0.208314 -0.120676
v 0.255856 0.208314 -0.125784
v 0.255856 0.208314 -0.130186
v 0.255039 0.208732 -0.133226
v 0.242990 0.243700 -0.135022
v 0.241964 0.248096 -0.175023
v 0.262093 0.597258 -0.184925
v 0.262343 0.614179 -0.254107
v 0.261069 0.619324 -0.257814
v 0.257196 0.624834 -0.259044
v 0.244702 0.636188 -0.259045
v 0.190432 0.636188 -0.259044
v 0.178078 0.636188 -0.259044
v 0.172218 0.636188 -0.259044
v -0.163720 0.636188 -0.259044
v -0.171352 0.642700 -0.259044
v -0.189570 0.671873 -0.259044
v -0.243842 0.671873 -0.259044
v -0.168454 0.252852 -0.104901
v 0.168964 0.208314 -0.105648
v 0.161690 0.252852 -0.104901
v 0.174795 0.204694 -0.106905
v 0.186933 0.203488 -0.110512
v -0.186486 0.252852 -0.104901
v -0.239489 0.252852 -0.104901
v -0.251334 0.257990 -0.104814
v -0.259943 0.597258 -0.100315
v -0.261427 0.609764 -0.103692
v -0.261495 0.623961 -0.119004
v -0.261498 0.636188 -0.188762
v -0.261498 0.636101 -0.129153
v -0.261498 0.636143 -0.132748
v -0.261498 0.636188 -0.140911
v -0.256340 0.671873 -0.259044
v 0.256652 0.257989 -0.175188
v 0.256570 0.252852 -0.175103
v 0.239762 0.203488 -0.110512
v 0.255856 0.208314 -0.115383
v 0.253132 0.243722 -0.134976
v 0.241964 0.248096 -0.138070
v 0.242990 0.243717 -0.178131
v 0.248978 0.220267 -0.179165
v 0.253132 0.243741 -0.178131
v 0.256745 0.263813 -0.175284
v 0.262294 0.609764 -0.189210
v 0.262211 0.604612 -0.185047
v 0.262343 0.614179 -0.189774
v 0.257197 0.630344 -0.259044
v 0.164587 0.636188 -0.259044
v -0.177216 0.671873 -0.259044
v -0.160864 0.257990 -0.104814
v -0.168495 0.257989 -0.104814
v -0.174355 0.257990 -0.104814
v -0.251415 0.263813 -0.104717
v -0.260057 0.604612 -0.100191
v -0.261476 0.614025 -0.105128
v -0.261493 0.618710 -0.109575
v -0.261495 0.623914 -0.114599
v -0.261496 0.629856 -0.125031
v -0.261498 0.636188 -0.192884
v -0.261498 0.636177 -0.136813
v -0.261499 0.642700 -0.254124
v -0.260216 0.671873 -0.257814
v 0.255689 0.249260 -0.175043
v 0.251436 0.203488 -0.110512
v 0.255856 0.208314 -0.110431
v 0.256570 0.252852 -0.125366
v 0.256570 0.252852 -0.114683
v 0.256570 0.252852 -0.129815
v 0.255934 0.246036 -0.133932
v 0.253202 0.248074 -0.138022
v 0.253202 0.248074 -0.175023
v 0.262211 0.604612 -0.180925
v 0.262093 0.597258 -0.180803
v 0.262360 0.619324 -0.254124
v 0.261070 0.624834 -0.257814
v 0.257199 0.636188 -0.259044
v 0.244703 0.642700 -0.259045
v 0.190433 0.642700 -0.259044
v 0.178079 0.642700 -0.259044
v 0.172219 0.642700 -0.259044
v 0.164588 0.642700 -0.259044
v -0.163721 0.642700 -0.259044
v -0.171356 0.671873 -0.259044
v -0.189580 0.745703 -0.259044
v -0.243857 0.745703 -0.259044
v 0.174824 0.208314 -0.105648
v 0.169321 0.252852 -0.104901
v 0.161731 0.257989 -0.104814
v 0.186943 0.204694 -0.106905
v -0.239551 0.257989 -0.104814
v -0.186530 0.257989 -0.104814
v -0.256094 0.597258 -0.099119
v -0.260137 0.609764 -0.100105
v -0.261496 0.629762 -0.121976
v -0.261499 0.642700 -0.141308
v -0.261499 0.642700 -0.189274
v -0.261499 0.642700 -0.193396
v -0.261498 0.636066 -0.126467
v -0.261499 0.642700 -0.129570
v -0.261499 0.642700 -0.133144
v -0.261499 0.642700 -0.137209
v -0.261499 0.642700 -0.197473
v -0.256358 0.745703 -0.259044
v 0.256746 0.263813 -0.137886
v 0.256570 0.252852 -0.137978
v 0.239777 0.204694 -0.106905
v 0.254712 0.204694 -0.110492
v 0.256570 0.252852 -0.109683
v 0.256570 0.252852 -0.120116
v 0.262294 0.609764 -0.185133
v 0.262294 0.609764 -0.181011
v 0.262093 0.597258 -0.135102
v 0.262360 0.619324 -0.191327
v 0.261072 0.630344 -0.257814
v -0.177226 0.745703 -0.259044
v -0.160911 0.263813 -0.104717
v 0.161778 0.263813 -0.104717
v -0.174402 0.263813 -0.104717
v -0.186580 0.263813 -0.104717
v -0.239621 0.263813 -0.104717
v -0.256198 0.604612 -0.098996
v -0.260185 0.614025 -0.101542
v -0.260202 0.618710 -0.105988
v -0.260203 0.623914 -0.111012
v -0.261496 0.629731 -0.117769
v -0.261499 0.642700 -0.126945
v -0.261507 0.671873 -0.254124
v -0.260235 0.745703 -0.257814
v 0.256652 0.257990 -0.137935
v 0.255689 0.249260 -0.138009
v 0.251453 0.204694 -0.106905
v 0.255459 0.252852 -0.106096
v 0.254767 0.208314 -0.106844
v 0.256652 0.257990 -0.120051
v 0.256652 0.257989 -0.114602
v 0.256652 0.257990 -0.129772
v 0.256570 0.252852 -0.133880
v 0.262343 0.614179 -0.185697
v 0.262294 0.609764 -0.134998
v 0.262362 0.624834 -0.254124
v 0.262362 0.624834 -0.193376
v 0.262360 0.619324 -0.187250
v 0.261073 0.636188 -0.257814
v 0.257200 0.642700 -0.259044
v 0.190437 0.671873 -0.259044
v 0.178083 0.671873 -0.259044
v 0.172223 0.671873 -0.259044
v 0.164592 0.671873 -0.259044
v -0.163725 0.671873 -0.259044
v -0.171366 0.745703 -0.259044
v -0.189591 0.819713 -0.259044
v -0.243872 0.819713 -0.259044
v -0.168542 0.263813 -0.104717
v 0.186974 0.208314 -0.105648
v 0.175181 0.252852 -0.104901
v 0.169362 0.257989 -0.104814
v -0.243631 0.597258 -0.099119
v -0.256270 0.609764 -0.098909
v -0.256313 0.614025 -0.100346
v -0.261498 0.636043 -0.123596
v -0.261507 0.671873 -0.137209
v -0.261507 0.671873 -0.189274
v -0.261507 0.671873 -0.193396
v -0.261499 0.642700 -0.124137
v -0.261507 0.671873 -0.126945
v -0.261507 0.671873 -0.129570
v -0.261507 0.671873 -0.133144
v -0.261507 0.671873 -0.197473
v -0.256375 0.819713 -0.259044
v 0.256746 0.263813 -0.133788
v 0.256652 0.257990 -0.133837
v 0.239820 0.208314 -0.105648
v 0.253881 0.205633 -0.107819
v 0.256652 0.257989 -0.109597
v 0.256652 0.257990 -0.125317
v 0.262343 0.614179 -0.181575
v 0.262343 0.614179 -0.135369
v 0.262211 0.604612 -0.135041
v 0.262362 0.624834 -0.189299
v 0.262363 0.630344 -0.254124
v 0.244709 0.671873 -0.259045
v -0.177236 0.819713 -0.259044
v -0.171216 0.597258 -0.099119
v -0.163584 0.597258 -0.099119
v 0.187353 0.252852 -0.104901
v 0.169409 0.263813 -0.104717
v -0.189421 0.597258 -0.099119
v -0.243720 0.604612 -0.098996
v -0.243782 0.609764 -0.098909
v -0.256328 0.618710 -0.104792
v -0.260205 0.629731 -0.114182
v -0.261498 0.636035 -0.119451
v -0.261507 0.671873 -0.141308
v -0.261507 0.671873 -0.124137
v -0.261527 0.745703 -0.254124
v -0.260254 0.819713 -0.257814
v 0.262093 0.597258 -0.131004
v 0.251503 0.208314 -0.105648
v 0.255539 0.257989 -0.106010
v 0.252128 0.252852 -0.104901
v 0.256746 0.263813 -0.125263
v 0.256746 0.263813 -0.119978
v 0.256746 0.263813 -0.114510
v 0.256746 0.263813 -0.129723
v 0.262360 0.619324 -0.183128
v 0.262294 0.609764 -0.130900
v 0.262211 0.604612 -0.130943
v 0.262363 0.630344 -0.195424
v 0.262361 0.624834 -0.185177
v 0.262365 0.636188 -0.254124
v 0.261075 0.642700 -0.257814
v 0.257207 0.671873 -0.259044
v 0.190447 0.745703 -0.259044
v 0.178093 0.745703 -0.259044
v 0.172233 0.745703 -0.259044
v 0.164602 0.745703 -0.259044
v -0.163735 0.745703 -0.259044
v -0.171376 0.819713 -0.259044
v -0.177240 0.849427 -0.259044
v -0.189595 0.849427 -0.259044
v -0.243878 0.849427 -0.259044
v 0.164451 0.597258 -0.099119
v 0.175222 0.257989 -0.104814
v 0.175269 0.263813 -0.104717
v -0.177076 0.597258 -0.099119
v -0.243819 0.614025 -0.100346
v -0.256329 0.623914 -0.109817
v -0.256331 0.629731 -0.112987
v -0.261499 0.642700 -0.120012
v -0.261527 0.745703 -0.137209
v -0.261527 0.745703 -0.141308
v -0.261527 0.745703 -0.189274
v -0.261527 0.745703 -0.197473
v -0.261507 0.671873 -0.120012
v -0.261527 0.745703 -0.126945
v -0.261527 0.745703 -0.129570
v -0.261527 0.745703 -0.133144
v -0.256382 0.849427 -0.259044
v 0.240356 0.252852 -0.104901
v 0.256746 0.263813 -0.109499
v 0.262360 0.619324 -0.136550
v 0.262343 0.614167 -0.131271
v 0.262363 0.630344 -0.191347
v 0.262363 0.630344 -0.187226
v 0.262365 0.636188 -0.196961
v 0.244724 0.745703 -0.259045
v -0.171380 0.849427 -0.259044
v -0.163643 0.604612 -0.098996
v 0.164510 0.604612 -0.098996
v 0.187397 0.257989 -0.104814
v 0.177943 0.597258 -0.099119
v 0.172083 0.597258 -0.099119
v -0.177135 0.604612 -0.098996
v -0.171275 0.604612 -0.098996
v -0.189483 0.604612 -0.098996
v -0.189553 0.614025 -0.100346
v -0.243832 0.618710 -0.104792
v -0.256332 0.636035 -0.114669
v -0.260206 0.636035 -0.115864
v -0.260208 0.642700 -0.116425
v -0.261527 0.745703 -0.193396
v -0.261527 0.745703 -0.124137
v -0.261547 0.819713 -0.197473
v -0.261547 0.819713 -0.254124
v -0.260262 0.849427 -0.257814
v 0.262093 0.597258 -0.126939
v 0.255630 0.263813 -0.105912
v 0.252200 0.257989 -0.104815
v 0.262093 0.597258 -0.122127
v 0.262093 0.597258 -0.115787
v 0.262093 0.597258 -0.109264
v 0.262362 0.624834 -0.138136
v 0.262360 0.619279 -0.132452
v 0.262343 0.614133 -0.127206
v 0.262294 0.609764 -0.126835
v 0.262363 0.630344 -0.139722
v 0.262366 0.642700 -0.254124
v 0.261082 0.671873 -0.257814
v 0.257225 0.745703 -0.259044
v 0.190458 0.819713 -0.259044
v 0.178103 0.819713 -0.259044
v 0.172243 0.819713 -0.259044
v -0.163745 0.819713 -0.259044
v -0.171381 0.856398 -0.259044
v -0.177241 0.856398 -0.259044
v -0.243879 0.856398 -0.259044
v 0.240418 0.257989 -0.104814
v 0.187447 0.263813 -0.104717
v -0.189527 0.609764 -0.098909
v -0.189562 0.618710 -0.104792
v -0.243833 0.623914 -0.109817
v -0.243834 0.629731 -0.112987
v -0.243835 0.636035 -0.114669
v -0.260215 0.671873 -0.116425
v -0.261547 0.819713 -0.137209
v -0.261547 0.819713 -0.141308
v -0.261547 0.819713 -0.189274
v -0.261527 0.745703 -0.120012
v -0.261547 0.819713 -0.126945
v -0.261547 0.819713 -0.129570
v -0.261547 0.819713 -0.133144
v -0.256384 0.856398 -0.259044
v 0.262093 0.597258 -0.103902
v 0.262362 0.624766 -0.134038
v 0.262360 0.619143 -0.128387
v 0.262211 0.604612 -0.126878
v 0.262365 0.636188 -0.192884
v 0.262365 0.636188 -0.188762
v 0.262365 0.636188 -0.140911
v 0.262366 0.642700 -0.197473
v 0.244739 0.819713 -0.259045
v 0.164612 0.819713 -0.259044
v -0.163749 0.849427 -0.259044
v -0.189596 0.856398 -0.259044
v -0.163685 0.609764 -0.098909
v 0.172142 0.604612 -0.098996
v 0.240488 0.263813 -0.104717
v 0.190287 0.597258 -0.099119
v -0.177176 0.609764 -0.098909
v -0.171316 0.609764 -0.098909
v -0.177201 0.614025 -0.100346
v -0.256333 0.642700 -0.115230
v -0.261547 0.819713 -0.193396
v -0.261547 0.819713 -0.124137
v -0.261555 0.849427 -0.254124
v -0.260264 0.856398 -0.257814
v 0.260810 0.597258 -0.100315
v 0.252282 0.263813 -0.104717
v 0.262211 0.604612 -0.122058
v 0.262211 0.604612 -0.115695
v 0.262211 0.604612 -0.109149
v 0.262362 0.624562 -0.129973
v 0.262360 0.618975 -0.124103
v 0.262343 0.614092 -0.122514
v 0.262294 0.609764 -0.122009
v 0.262366 0.642700 -0.193396
v 0.262363 0.630299 -0.135623
v 0.262374 0.671873 -0.254124
v 0.262374 0.671873 -0.197473
v 0.261102 0.745703 -0.257814
v 0.257242 0.819713 -0.259044
v 0.244745 0.849427 -0.259045
v 0.178107 0.849427 -0.259044
v 0.172247 0.849427 -0.259044
v 0.164616 0.849427 -0.259044
v -0.163750 0.856398 -0.259044
v -0.177242 0.862177 -0.259044
v -0.189597 0.862177 -0.259044
v -0.243881 0.862177 -0.259044
v 0.164552 0.609764 -0.098909
v 0.178002 0.604612 -0.098996
v -0.177209 0.618710 -0.104792
v -0.189563 0.623914 -0.109817
v -0.189565 0.636035 -0.114669
v -0.243836 0.642700 -0.115230
v -0.256340 0.671873 -0.115230
v -0.260235 0.745703 -0.116425
v -0.261555 0.849427 -0.133144
v -0.261555 0.849427 -0.141308
v -0.261555 0.849427 -0.189274
v -0.261555 0.849427 -0.197473
v -0.261547 0.819713 -0.120012
v -0.261555 0.849427 -0.126945
v -0.261555 0.849427 -0.129570
v -0.256385 0.862177 -0.259044
v 0.262211 0.604612 -0.103778
v 0.262363 0.630163 -0.131558
v 0.262362 0.624311 -0.126118
v 0.262366 0.642700 -0.189274
v 0.262366 0.642700 -0.141308
v 0.262365 0.636177 -0.136813
v 0.262374 0.671873 -0.193396
v 0.190462 0.849427 -0.259044
v 0.164617 0.856398 -0.259044
v -0.171382 0.862177 -0.259044
v -0.163709 0.614025 -0.100346
v 0.172183 0.609764 -0.098909
v 0.256961 0.597258 -0.099119
v 0.244498 0.597258 -0.099119
v 0.190350 0.604612 -0.098996
v -0.171341 0.614025 -0.100346
v -0.189564 0.629731 -0.112987
v -0.189566 0.642700 -0.115230
v -0.261555 0.849427 -0.137209
v -0.261555 0.849427 -0.193396
v -0.261555 0.849427 -0.124137
v -0.261557 0.856398 -0.254124
v -0.260265 0.862177 -0.257814
v 0.260924 0.604612 -0.100191
v 0.262294 0.609764 -0.115630
v 0.262294 0.609764 -0.109068
v 0.262363 0.629996 -0.127902
v 0.262362 0.624102 -0.122653
v 0.262360 0.618836 -0.119348
v 0.262343 0.614057 -0.116534
v 0.262374 0.671873 -0.189274
v 0.262366 0.642700 -0.137209
v 0.262365 0.636143 -0.132748
v 0.262394 0.745703 -0.254124
v 0.262394 0.745703 -0.197473
v 0.261121 0.819713 -0.257814
v 0.257249 0.849427 -0.259044
v 0.244746 0.856398 -0.259045
v 0.178108 0.856398 -0.259044
v 0.172248 0.856398 -0.259044
v -0.163751 0.862177 -0.259044
v -0.177242 0.866065 -0.257814
v -0.189598 0.866065 -0.257814
v -0.243881 0.866065 -0.257814
v 0.164576 0.614025 -0.100346
v 0.244587 0.604612 -0.098996
v 0.178043 0.609764 -0.098909
v -0.171349 0.618710 -0.104792
v -0.177210 0.623914 -0.109817
v -0.177211 0.629731 -0.112987
v -0.177211 0.636035 -0.114669
v -0.243842 0.671873 -0.115230
v -0.256358 0.745703 -0.115230
v -0.260254 0.819713 -0.116425
v -0.261557 0.856398 -0.129570
v -0.261557 0.856398 -0.133144
v -0.261557 0.856398 -0.141308
v -0.261557 0.856398 -0.189274
v -0.261557 0.856398 -0.197473
v -0.261555 0.849427 -0.120012
v -0.261557 0.856398 -0.126945
v -0.256386 0.866065 -0.257814
v 0.262294 0.609764 -0.103692
v 0.262365 0.636101 -0.129153
v 0.262374 0.671873 -0.141308
v 0.262374 0.671873 -0.137209
v 0.262366 0.642700 -0.133144
v 0.262394 0.745703 -0.193396
v 0.262394 0.745703 -0.189274
v 0.190463 0.856398 -0.259044
v 0.172249 0.862177 -0.259044
v 0.164617 0.862177 -0.259044
v -0.171382 0.866065 -0.257814
v -0.163718 0.618710 -0.104792
v 0.164585 0.618710 -0.104793
v 0.172208 0.614025 -0.100346
v 0.257064 0.604612 -0.098996
v 0.190394 0.609764 -0.098909
v -0.177212 0.642700 -0.115230
v -0.189570 0.671873 -0.115230
v -0.261557 0.856398 -0.137209
v -0.261557 0.856398 -0.193396
v -0.261557 0.856398 -0.124137
v -0.261558 0.862177 -0.254124
v -0.259260 0.865057 -0.256858
v 0.261004 0.609764 -0.100105
v 0.262343 0.614033 -0.110371
v 0.262363 0.629856 -0.125031
v 0.262362 0.623961 -0.119004
v 0.262360 0.618742 -0.114410
v 0.262394 0.745703 -0.141308
v 0.262374 0.671873 -0.133144
v 0.262366 0.642700 -0.129570
v 0.262414 0.819713 -0.254124
v 0.262414 0.819713 -0.197473
v 0.261129 0.849427 -0.257814
v 0.257251 0.856398 -0.259044
v 0.244747 0.862177 -0.259045
v 0.190464 0.862177 -0.259044
v 0.178109 0.862177 -0.259044
v 0.164618 0.866065 -0.257814
v -0.163751 0.866065 -0.257814
v -0.177243 0.867361 -0.254124
v -0.189598 0.867361 -0.254124
v -0.243882 0.867361 -0.254124
v -0.256386 0.867361 -0.254124
v 0.244649 0.609764 -0.098909
v 0.178068 0.614025 -0.100346
v -0.163719 0.623914 -0.109817
v -0.171350 0.623914 -0.109817
v -0.171351 0.629731 -0.112987
v -0.171351 0.636035 -0.114669
v -0.243857 0.745703 -0.115230
v -0.256375 0.819713 -0.115230
v -0.260262 0.849427 -0.116425
v -0.261558 0.862177 -0.129570
v -0.261558 0.862177 -0.133144
v -0.261558 0.862177 -0.141308
v -0.261558 0.862177 -0.189274
v -0.261558 0.862177 -0.193396
v -0.261557 0.856398 -0.120012
v -0.261558 0.862177 -0.124137
v -0.261558 0.862177 -0.126945
v -0.261558 0.862177 -0.197473
v -0.260266 0.866065 -0.254124
v 0.262343 0.614025 -0.105129
v 0.257137 0.609764 -0.098909
v 0.262365 0.636066 -0.126467
v 0.262394 0.745703 -0.137209
v 0.262374 0.671873 -0.129570
v 0.262414 0.819713 -0.193396
v 0.262414 0.819713 -0.189274
v 0.178109 0.866065 -0.257814
v 0.172249 0.866065 -0.257814
v -0.171383 0.867361 -0.254124
v 0.172216 0.618710 -0.104793
v 0.178076 0.618710 -0.104793
v 0.190420 0.614025 -0.100346
v -0.171352 0.642700 -0.115230
v -0.177216 0.671873 -0.115230
v -0.189580 0.745703 -0.115230
v -0.261558 0.862177 -0.137209
v 0.261052 0.614025 -0.101542
v 0.257180 0.614025 -0.100346
v 0.262360 0.618710 -0.109575
v 0.262366 0.642700 -0.126945
v 0.262363 0.629762 -0.121976
v 0.262362 0.623914 -0.114599
v 0.262394 0.745703 -0.133144
v 0.262374 0.671873 -0.126945
v 0.262422 0.849427 -0.254124
v 0.262422 0.849427 -0.197473
v 0.261130 0.856398 -0.257814
v 0.257252 0.862177 -0.259044
v 0.244748 0.866065 -0.257814
v 0.190465 0.866065 -0.257814
v 0.172249 0.867361 -0.254124
v -0.163751 0.867361 -0.254124
v -0.189598 0.867361 -0.197473
v -0.177243 0.867361 -0.197473
v -0.256386 0.867361 -0.197473
v 0.164586 0.623914 -0.109817
v 0.244686 0.614025 -0.100346
v 0.190429 0.618710 -0.104793
v -0.163719 0.629731 -0.112987
v -0.163720 0.636035 -0.114669
v -0.163721 0.642700 -0.115230
v -0.243872 0.819713 -0.115230
v -0.256382 0.849427 -0.115230
v -0.260264 0.856398 -0.116425
v -0.260266 0.866065 -0.126945
v -0.260266 0.866065 -0.129570
v -0.260266 0.866065 -0.133144
v -0.260266 0.866065 -0.141308
v -0.260266 0.866065 -0.189274
v -0.260266 0.866065 -0.193396
v -0.261558 0.862177 -0.120012
v -0.260266 0.866065 -0.124137
v -0.260266 0.866065 -0.197473
v 0.261069 0.618710 -0.105988
v 0.262366 0.642700 -0.124137
v 0.262365 0.636043 -0.123596
v 0.262414 0.819713 -0.141308
v 0.262414 0.819713 -0.137209
v 0.262394 0.745703 -0.129570
v 0.262422 0.849427 -0.193396
v 0.262422 0.849427 -0.189274
v 0.190465 0.867361 -0.254124
v 0.178109 0.867361 -0.254124
v 0.164618 0.867361 -0.254124
v -0.171383 0.867361 -0.197473
v -0.243882 0.867361 -0.197473
v 0.178077 0.623914 -0.109817
v 0.172217 0.623914 -0.109817
v 0.190430 0.623914 -0.109817
v -0.163725 0.671873 -0.115230
v -0.171356 0.671873 -0.115230
v -0.177226 0.745703 -0.115230
v -0.189591 0.819713 -0.115230
v -0.260266 0.866065 -0.137209
v 0.257195 0.618710 -0.104793
v 0.261070 0.623914 -0.111012
v 0.262374 0.671873 -0.124137
v 0.262363 0.629731 -0.117769
v 0.262422 0.849427 -0.141308
v 0.262414 0.819713 -0.133144
v 0.262394 0.745703 -0.126945
v 0.262424 0.856398 -0.254124
v 0.262424 0.856398 -0.197473
v 0.261132 0.862177 -0.257814
v 0.257253 0.866065 -0.257814
v 0.244749 0.867361 -0.254124
v 0.172249 0.867361 -0.197473
v -0.163751 0.867361 -0.197473
v -0.177243 0.867361 -0.193396
v -0.171383 0.867361 -0.193396
v -0.189598 0.867361 -0.193396
v -0.243882 0.867361 -0.193396
v -0.256386 0.867361 -0.193396
v 0.164586 0.629731 -0.112987
v 0.244700 0.623914 -0.109817
v 0.244699 0.618710 -0.104793
v 0.164587 0.636035 -0.114669
v 0.164588 0.642700 -0.115230
v -0.243878 0.849427 -0.115230
v -0.256384 0.856398 -0.115230
v -0.260265 0.862177 -0.116425
v -0.256386 0.867361 -0.124137
v -0.256386 0.867361 -0.126945
v -0.256386 0.867361 -0.129570
v -0.256386 0.867361 -0.133144
v -0.256386 0.867361 -0.137209
v -0.256386 0.867361 -0.141308
v -0.256386 0.867361 -0.189274
v -0.260266 0.866065 -0.120012
v 0.262374 0.671873 -0.120012
v 0.262366 0.642700 -0.120012
v 0.262365 0.636035 -0.119451
v 0.262422 0.849427 -0.133144
v 0.262414 0.819713 -0.129570
v 0.262424 0.856398 -0.193396
v 0.262424 0.856398 -0.189274
v 0.257253 0.867361 -0.254124
v 0.190465 0.867361 -0.197473
v 0.178109 0.867361 -0.197473
v 0.164618 0.867361 -0.197473
v 0.172218 0.629731 -0.112987
v 0.178078 0.629731 -0.112987
v 0.190431 0.629731 -0.112987
v -0.163735 0.745703 -0.115230
v 0.164592 0.671873 -0.115230
v -0.171366 0.745703 -0.115230
v -0.177236 0.819713 -0.115230
v -0.189595 0.849427 -0.115230
v -0.256385 0.862177 -0.115230
v -0.256386 0.867361 -0.120012
v 0.257196 0.623914 -0.109817
v 0.262394 0.745703 -0.124137
v 0.261072 0.629731 -0.114182
v 0.262422 0.849427 -0.137209
v 0.262422 0.849427 -0.129570
v 0.262414 0.819713 -0.126945
v 0.262425 0.862177 -0.254124
v 0.262425 0.862177 -0.193396
v 0.262424 0.856398 -0.141308
v 0.260127 0.865057 -0.256858
v 0.261133 0.866065 -0.254124
v 0.257253 0.867361 -0.197473
v 0.244749 0.867361 -0.197473
v 0.172249 0.867361 -0.193396
v 0.164618 0.867361 -0.193396
v -0.163751 0.867361 -0.193396
v -0.177243 0.867361 -0.189274
v -0.171383 0.867361 -0.189274
v -0.243882 0.867361 -0.189274
v 0.244701 0.629731 -0.112987
v 0.172218 0.636035 -0.114669
v 0.164602 0.745703 -0.115230
v 0.172219 0.642700 -0.115230
v -0.189596 0.856398 -0.115230
v -0.243879 0.856398 -0.115230
v -0.243881 0.862177 -0.115230
v -0.256386 0.866065 -0.116425
v -0.259260 0.865057 -0.117355
v -0.243882 0.867361 -0.124137
v -0.243882 0.867361 -0.120012
v -0.243882 0.867361 -0.126945
v -0.243882 0.867361 -0.129570
v -0.243882 0.867361 -0.133144
v -0.243882 0.867361 -0.137209
v 0.257197 0.629731 -0.112987
v 0.262394 0.745703 -0.120012
v 0.261082 0.671873 -0.116425
v 0.261075 0.642700 -0.116425
v 0.261073 0.636035 -0.115865
v 0.262424 0.856398 -0.133144
v 0.262424 0.856398 -0.129570
v 0.262425 0.862177 -0.197473
v 0.262425 0.862177 -0.189274
v 0.262425 0.862177 -0.141308
v 0.261133 0.866065 -0.197473
v 0.244749 0.867361 -0.193396
v 0.178109 0.867361 -0.193396
v -0.163751 0.867361 -0.189274
v -0.189598 0.867361 -0.189274
v 0.178078 0.636035 -0.114669
v 0.190432 0.636035 -0.114669
v -0.163745 0.819713 -0.115230
v 0.172223 0.671873 -0.115230
v -0.171376 0.819713 -0.115230
v -0.177240 0.849427 -0.115230
v -0.243881 0.866065 -0.116425
v -0.243882 0.867361 -0.141308
v 0.262414 0.819713 -0.124137
v 0.257199 0.636035 -0.114669
v 0.262424 0.856398 -0.137209
v 0.262422 0.849427 -0.126945
v 0.261133 0.866065 -0.193396
v 0.261133 0.866065 -0.189274
v 0.257253 0.867361 -0.193396
v 0.190465 0.867361 -0.193396
v 0.172249 0.867361 -0.189274
v 0.164618 0.867361 -0.189274
v -0.189598 0.867361 -0.141308
v -0.177243 0.867361 -0.141308
v -0.171383 0.867361 -0.141308
v 0.244702 0.636035 -0.114669
v 0.178079 0.642700 -0.115230
v 0.164612 0.819713 -0.115230
v 0.178083 0.671873 -0.115230
v 0.172233 0.745703 -0.115230
v -0.177241 0.856398 -0.115230
v -0.189598 0.866065 -0.116425
v -0.189598 0.867361 -0.124137
v -0.189598 0.867361 -0.120012
v -0.189598 0.867361 -0.126945
v -0.189598 0.867361 -0.129570
v -0.189598 0.867361 -0.137209
v 0.262414 0.819713 -0.120012
v 0.261102 0.745703 -0.116425
v 0.257200 0.642700 -0.115230
v 0.262425 0.862177 -0.133144
v 0.262425 0.862177 -0.129570
v 0.262424 0.856398 -0.126945
v 0.261133 0.866065 -0.141308
v 0.262425 0.862177 -0.137209
v 0.190465 0.867361 -0.189274
v 0.178109 0.867361 -0.189274
v -0.163751 0.867361 -0.141308
v 0.190433 0.642700 -0.115230
v -0.163749 0.849427 -0.115230
v 0.178093 0.745703 -0.115230
v -0.171380 0.849427 -0.115230
v -0.189597 0.862177 -0.115230
v -0.177242 0.862177 -0.115230
v -0.189598 0.867361 -0.133144
v 0.262422 0.849427 -0.124137
v 0.257207 0.671873 -0.115230
v 0.262425 0.862177 -0.126945
v 0.257253 0.867361 -0.189274
v 0.257253 0.867361 -0.141308
v 0.244749 0.867361 -0.189274
v 0.164618 0.867361 -0.141308
v 0.178109 0.867361 -0.141308
v -0.177243 0.867361 -0.137209
v -0.171383 0.867361 -0.137209
v 0.244703 0.642700 -0.115230
v 0.190437 0.671873 -0.115230
v 0.172243 0.819713 -0.115230
v 0.164616 0.849427 -0.115230
v 0.190447 0.745703 -0.115230
v 0.178103 0.819713 -0.115230
v -0.171381 0.856398 -0.115230
v -0.171382 0.862177 -0.115230
v -0.177242 0.866065 -0.116425
v -0.177243 0.867361 -0.120012
v -0.177243 0.867361 -0.126945
v -0.177243 0.867361 -0.124137
v -0.177243 0.867361 -0.129570
v -0.177243 0.867361 -0.133144
v 0.262422 0.849427 -0.120012
v 0.261121 0.819713 -0.116425
v 0.257225 0.745703 -0.115230
v 0.261133 0.866065 -0.133144
v 0.261133 0.866065 -0.129570
v 0.261133 0.866065 -0.126945
v 0.262425 0.862177 -0.124137
v 0.262424 0.856398 -0.124137
v 0.257253 0.867361 -0.137209
v 0.261133 0.866065 -0.137209
v 0.190465 0.867361 -0.141308
v 0.172250 0.867361 -0.141308
v -0.163751 0.867361 -0.137209
v 0.164618 0.867361 -0.137209
v -0.163750 0.856398 -0.115230
v 0.164617 0.856398 -0.115230
v 0.190458 0.819713 -0.115230
v -0.171382 0.866065 -0.116425
v 0.244709 0.671873 -0.115230
v 0.261133 0.866065 -0.124137
v 0.244749 0.867361 -0.141308
v 0.244749 0.867361 -0.137209
v 0.172250 0.867361 -0.137209
v 0.178109 0.867361 -0.137209
v -0.171383 0.867361 -0.133144
v 0.244724 0.745703 -0.115230
v 0.178107 0.849427 -0.115230
v 0.172247 0.849427 -0.115230
v 0.190462 0.849427 -0.115230
v -0.163751 0.862177 -0.115230
v -0.163751 0.866065 -0.116425
v -0.171383 0.867361 -0.120012
v -0.171383 0.867361 -0.124137
v -0.171383 0.867361 -0.129570
v -0.171383 0.867361 -0.126945
v 0.262424 0.856398 -0.120012
v 0.261129 0.849427 -0.116425
v 0.257242 0.819713 -0.115230
v 0.257253 0.867361 -0.133144
v 0.257253 0.867361 -0.129570
v 0.257253 0.867361 -0.126945
v 0.257253 0.867361 -0.124137
v 0.262425 0.862177 -0.120012
v 0.244749 0.867361 -0.133144
v 0.190465 0.867361 -0.137209
v -0.163751 0.867361 -0.133144
v 0.164618 0.867361 -0.133144
v 0.172250 0.867361 -0.133144
v 0.172248 0.856398 -0.115230
v 0.244739 0.819713 -0.115230
v 0.244745 0.849427 -0.115230
v -0.163751 0.867361 -0.120012
v 0.257253 0.867361 -0.120012
v 0.261133 0.866065 -0.120012
v 0.178109 0.867361 -0.133144
v 0.190465 0.867361 -0.133144
v 0.164617 0.862177 -0.115230
v 0.178108 0.856398 -0.115230
v 0.190463 0.856398 -0.115230
v 0.244746 0.856398 -0.115230
v 0.164618 0.866065 -0.116425
v -0.163751 0.867361 -0.124137
v -0.163751 0.867361 -0.126945
v -0.163751 0.867361 -0.129570
v 0.261131 0.856398 -0.116425
v 0.257249 0.849427 -0.115230
v 0.244749 0.867361 -0.129570
v 0.244749 0.867361 -0.126945
v 0.244749 0.867361 -0.124137
v 0.244749 0.867361 -0.120012
v 0.261132 0.862177 -0.116425
v 0.172250 0.867361 -0.129570
v 0.178109 0.867361 -0.129570
v 0.172249 0.862177 -0.115230
v 0.257251 0.856398 -0.115230
v 0.164618 0.867361 -0.120012
v 0.244748 0.866065 -0.116425
v 0.257253 0.866065 -0.116425
v 0.260127 0.865057 -0.117355
v 0.190465 0.867361 -0.129570
v 0.164618 0.867361 -0.129570
v 0.178109 0.862177 -0.115230
v 0.190464 0.862177 -0.115230
v 0.244748 0.862177 -0.115230
v 0.164618 0.867361 -0.124137
v 0.172249 0.866065 -0.116425
v 0.164618 0.867361 -0.126945
v 0.190465 0.867361 -0.124137
v 0.190465 0.867361 -0.120012
v 0.257252 0.862177 -0.115230
v 0.172250 0.867361 -0.126945
v 0.178109 0.867361 -0.126945
v 0.190465 0.867361 -0.126945
v 0.172250 0.867361 -0.120012
v 0.190465 0.866065 -0.116425
v 0.178109 0.866065 -0.116425
v 0.172250 0.867361 -0.124137
v 0.178109 0.867361 -0.124137
v 0.178109 0.867361 -0.120012
vn -0.19312393170115427 -0.19105893243144711 -0.9623926596470092
vn -0.16828895200450258 -0.7045877990537021 -0.6893728033929728
vn -0.5101790441534473 -0.617415053434188 -0.5987620518198641
vn 0.5101790441534473 0.617415053434188 0.5987620518198641
vn 0.16828895200450258 0.7045877990537021 0.6893728033929728
vn 0.19312393170115427 0.19105893243144711 0.9623926596470092
vn 0 -0.19924609851556396 -0.9799494845278128
vn 0 0.19924609851556396 0.9799494845278128
vn -0.1920679281765958 -0.9664456385996539 -0.1705659362172214
vn 0.1920679281765958 0.9664456385996539 0.1705659362172214
vn -0.6950739235043386 -0.2204859757346376 -0.6842939246907205
vn 0.6950739235043386 0.2204859757346376 0.6842939246907205
vn 0 -0.7788670602025315 -0.6271890484785795
vn 0 0.7788670602025315 0.6271890484785795
vn 0 -0.01696500142539078 -0.9998560840074119
vn 0 0.01696500142539078 0.9998560840074119
vn -0.7462139653827617 -0.6439329701276282 -0.16886399216631526
vn 0.7462139653827617 0.6439329701276282 0.16886399216631526
vn 0 -0.9816831158729734 -0.19052102248815042
vn 0 0.9816831158729734 0.19052102248815042
vn -0.214402025724171 -0.019685002361826194 -0.9765471171671067
vn 0.214402025724171 0.019685002361826194 0.9765471171671067
vn 0 -0.7137626535707406 -0.7003876600623793
vn 0 0.7137626535707406 0.7003876600623793
vn -0.0000010000000840190106 -0.016965001425382296 -0.9998560840069118
vn 0.0000010000000840190106 0.016965001425382296 0.9998560840069118
vn -0.23483003994165783 -0.9614051635230146 0.14337002438545088
vn 0.23483003994165783 0.9614051635230146 -0.14337002438545088
vn 0 -0.9936062389439474 0.1129010271506114
vn 0 0.9936062389439474 -0.1129010271506114
vn -0.9765642364750585 -0.1311520317584683 -0.17065004132291253
vn 0.9765642364750585 0.1311520317584683 0.17065004132291253
vn -0.7313596955313653 -0.022918990458711506 -0.681606716243775
vn 0.7313596955313653 0.022918990458711506 0.681606716243775
vn 0 -0.20829596625897212 -0.9780658415670394
vn 0 0.20829596625897212 0.9780658415670394
vn 0 -0.9906922152254305 -0.1361210295719568
vn 0 0.9906922152254305 0.1361210295719568
vn 0 -0.016964001713092612 -0.9998561009694734
vn 0 0.016964001713092612 0.9998561009694734
vn -0.15182796926356945 -0.018973996158856955 -0.9882247999413213
vn 0.15182796926356945 0.018973996158856955 0.9882247999413213
vn -0.7752458136693035 -0.6020028553083301 0.1912759540267342
vn 0.7752458136693035 0.6020028553083301 -0.1912759540267342
vn -0.983549757798443 -0.1371769662198333 0.11752597105893935
vn 0.983549757798443 0.1371769662198333 -0.11752597105893935
vn -0.0000010000002150305692 -0.7137631534808642 -0.7003871506046154
vn 0.0000010000002150305692 0.7137631534808642 0.7003871506046154
vn -0.000001000000357669192 -0.1765350631411306 -0.9842943520516397
vn 0.000001000000357669192 0.1765350631411306 0.9842943520516397
vn -0.0000010000000670535067 -0.016966001137629572 -0.999856067043851
vn 0.0000010000000670535067 0.016966001137629572 0.999856067043851
vn -0.4259608867519239 -0.5508798535403473 0.7176968091895631
vn 0.4259608867519239 0.5508798535403473 -0.7176968091895631
vn -0.08661402093097359 -0.7331781771783934 0.6744981629978967
vn 0.08661402093097359 0.7331781771783934 -0.6744981629978967
vn -0.010415998263418874 -0.9955898340127878 0.09323298445596483
vn 0.010415998263418874 0.9955898340127878 -0.09323298445596483
vn -0.9922032370403584 -0.01793600428496572 -0.12333302946463427
vn 0.9922032370403584 0.01793600428496572 0.12333302946463427
vn -0.7293357598093524 -0.022923992450488505 -0.6837717748148461
vn 0.7293357598093524 0.022923992450488505 0.6837717748148461
vn 0 -1 0
vn 0 1 0
vn 0 -0.016966001137638055 -0.9998560670443509
vn 0 0.016966001137638055 0.9998560670443509
vn -0.7205249585629709 -0.14794499149175788 0.6774629610394449
vn 0.7205249585629709 0.14794499149175788 -0.6774629610394449
vn -0.008618003126310472 -0.7625352766211599 0.6468892346688156
vn 0.008618003126310472 0.7625352766211599 -0.6468892346688156
vn -0.9911587238934483 -0.0158369955882967 0.13173296330321937
vn 0.9911587238934483 0.0158369955882967 -0.13173296330321937
vn -0.17611097877466586 -0.019259997678736852 -0.9841818813839465
vn 0.17611097877466586 0.019259997678736852 0.9841818813839465
vn -9.999995280173343e-7 -0.7137616631167084 -0.7003886694285328
vn 9.999995280173343e-7 0.7137616631167084 0.7003886694285328
vn 0 -0.9906923500790361 -0.13612004810047784
vn 0 0.9906923500790361 0.13612004810047784
vn 0 -0.17653295170818173 -0.9842947307393234
vn 0 0.17653295170818173 0.9842947307393234
vn -0.04225798626714975 -0.17305794376024447 0.9840046802216549
vn 0.04225798626714975 0.17305794376024447 -0.9840046802216549
vn -0.13627104202667717 -0.08805702715723185 0.9867503043187744
vn 0.13627104202667717 0.08805702715723185 -0.9867503043187744
vn -0.8055229575090679 -0.020868998899170904 0.5921969687619069
vn 0.8055229575090679 0.020868998899170904 -0.5921969687619069
vn -0.011531998975935471 -0.18253398379061808 0.9831319126959236
vn 0.011531998975935471 0.18253398379061808 -0.9831319126959236
vn -0.18177896765852516 -0.8132158553154942 0.5528439016399564
vn 0.18177896765852516 0.8132158553154942 -0.5528439016399564
vn -0.05434598849003714 -0.9971707888087225 0.05193198900129902
vn 0.05434598849003714 0.9971707888087225 -0.05193198900129902
vn -0.9973142951023516 -0.02719900804810609 0.0680030201218926
vn 0.9973142951023516 0.02719900804810609 -0.0680030201218926
vn -0.9845287743292939 -0.018646995725792034 -0.17422796006399427
vn 0.9845287743292939 0.018646995725792034 0.17422796006399427
vn -0.7283541747562231 -0.022927005500945716 -0.6848171643102564
vn 0.7283541747562231 0.022927005500945716 0.6848171643102564
vn -0.18626297611466194 -0.01870399760150259 0.9823218740324539
vn 0.18626297611466194 0.01870399760150259 -0.9823218740324539
vn -0.1777880352819502 -0.24245104811429424 0.9537341892680917
vn 0.1777880352819502 0.24245104811429424 -0.9537341892680917
vn -0.17567498847273466 -0.019252998736675804 -0.984259935415818
vn 0.17567498847273466 0.019252998736675804 0.984259935415818
vn 0 -0.5911111056844682 -0.8065901442098615
vn 0 0.5911111056844682 0.8065901442098615
vn 0 -0.9833926186748351 -0.18149092962418353
vn 0 0.9833926186748351 0.18149092962418353
vn 0 -0.12323801757540606 -0.9923771415263876
vn 0 0.12323801757540606 0.9923771415263876
vn -0.008895997825498141 -0.013465996708426253 0.9998697555958663
vn 0.008895997825498141 0.013465996708426253 -0.9998697555958663
vn -0.011616994427782175 0.000011999994243850113 0.9999325203714825
vn 0.011616994427782175 -0.000011999994243850113 -0.9999325203714825
vn -0.007302998153966617 -0.0075609980887502695 0.9999447472364986
vn 0.007302998153966617 0.0075609980887502695 -0.9999447472364986
vn -0.18654396953177593 -0.021567996477299643 0.98220983957568
vn 0.18654396953177593 0.021567996477299643 -0.98220983957568
vn -0.1619100483828584 -0.0006680001996157426 0.9868052948826298
vn 0.1619100483828584 0.0006680001996157426 -0.9868052948826298
vn -0.8222231419276488 -0.2763190476966785 0.49759108589144385
vn 0.8222231419276488 0.2763190476966785 -0.49759108589144385
vn -0.5054057992917725 -0.8485726630123451 0.1564909378538614
vn 0.5054057992917725 0.8485726630123451 -0.1564909378538614
vn -0.0721680352942193 -0.9973924877808997 0
vn 0.0721680352942193 0.9973924877808997 0
vn -0.8670298891736455 -0.17946097706076114 0.4648149405859636
vn 0.8670298891736455 0.17946097706076114 -0.4648149405859636
vn -0.9891627641138891 -0.018253995646961018 -0.1456839652586761
vn 0.9891627641138891 0.018253995646961018 0.1456839652586761
vn -0.7278271771899117 -0.022929005582078398 -0.6853771668554343
vn 0.7278271771899117 0.022929005582078398 0.6853771668554343
vn 0 -0.01696200228834366 -0.9998561348906001
vn 0 0.01696200228834366 0.9998561348906001
vn 0 -0.016963002000743573 -0.9998561179305364
vn 0 0.016963002000743573 0.9998561179305364
vn -0.009026004187972142 -0.01730800803073608 0.9998094639012008
vn 0.009026004187972142 0.01730800803073608 -0.9998094639012008
vn -0.8202249635811921 -0.0003639999838381641 0.5720409746008093
vn 0.8202249635811921 0.0003639999838381641 -0.5720409746008093
vn -0.9988357303843077 -0.041407988822743096 0.024749993319235195
vn 0.9988357303843077 0.041407988822743096 -0.024749993319235195
vn -0.9998714309991726 -0.016035006911963377 0.000005000002155270334
vn 0.9998714309991726 0.016035006911963377 -0.000005000002155270334
vn -0.21019292601851394 -0.01963899308767442 -0.9774626559630183
vn 0.21019292601851394 0.01963899308767442 0.9774626559630183
vn 0 -0.1765339205437771 -0.9842945569784705
vn 0 0.1765339205437771 0.9842945569784705
vn 0 -0.7137671152812497 -0.7003831131195861
vn 0 0.7137671152812497 0.7003831131195861
vn -0.16469406096382366 -0.06530602417394384 0.9841803643082079
vn 0.16469406096382366 0.06530602417394384 -0.9841803643082079
vn -0.08674698187079352 -0.2119229557103323 0.9734287965636237
vn 0.08674698187079352 0.2119229557103323 -0.9734287965636237
vn -0.23216801637573947 -0.3367080237493648 0.912538064364962
vn 0.23216801637573947 0.3367080237493648 -0.912538064364962
vn -0.00279700070596027 -0.02855700720776119 0.9995882522951071
vn 0.00279700070596027 0.02855700720776119 -0.9995882522951071
vn -0.6977347912004528 -0.17384894797510178 0.6949407920365668
vn 0.6977347912004528 0.17384894797510178 -0.6949407920365668
vn -0.7857266113317849 -0.22105289065378297 -0.5777277142207019
vn 0.7857266113317849 0.22105289065378297 0.5777277142207019
vn -0.8190379989622788 -0.0005629999992865516 -0.5737389992730727
vn 0.8190379989622788 0.0005629999992865516 0.5737389992730727
vn -0.10832396152160254 -0.9941156468742792 0
vn 0.10832396152160254 0.9941156468742792 0
vn -0.9894506364511667 -0.13943994876628624 0.039292985562777404
vn 0.9894506364511667 0.13943994876628624 -0.039292985562777404
vn -0.989114007777898 -0.018259000143579618 -0.1460140011481811
vn 0.989114007777898 0.018259000143579618 0.1460140011481811
vn -0.722516219518885 -0.022942006970367645 -0.6909732099353129
vn 0.722516219518885 0.022942006970367645 0.6909732099353129
vn 0 -0.981685245752661 -0.19051004769181526
vn 0 0.981685245752661 0.19051004769181526
vn 0.0000010000000670535067 -0.016966001137629572 -0.999856067043851
vn -0.0000010000000670535067 0.016966001137629572 0.999856067043851
vn -0.138003037257858 -0.018805005076947528 -0.9902532673471278
vn 0.138003037257858 0.018805005076947528 0.9902532673471278
vn -0.021213993231029512 -0.35551788656119326 0.9344287018420699
vn 0.021213993231029512 0.35551788656119326 -0.9344287018420699
vn -0.7462132878212366 -0.5712382203317654 0.3418371318496836
vn 0.7462132878212366 0.5712382203317654 -0.3418371318496836
vn -0.008597001843158708 -0.3224360691288499 0.9465522029365545
vn 0.008597001843158708 0.3224360691288499 -0.9465522029365545
vn -0.8263323172666357 -0.249893095945348 -0.5047061937797092
vn 0.8263323172666357 0.249893095945348 0.5047061937797092
vn -0.413702959214889 -0.849470916254489 -0.3274889677143381
vn 0.413702959214889 0.849470916254489 0.3274889677143381
vn -0.9998714470396243 -0.016034007168758104 -0.0000030000013412954597
vn 0.9998714470396243 0.016034007168758104 0.0000030000013412954597
vn -0.9998714470316252 -0.016034007168629832 0.000005000002235442939
vn 0.9998714470316252 0.016034007168629832 -0.000005000002235442939
vn -0.9998714470261261 -0.01603400716854165 0.00000600000268249924
vn 0.9998714470261261 0.01603400716854165 -0.00000600000268249924
vn 0 -0.17653506314121883 -0.9842943520521317
vn 0 0.17653506314121883 0.9842943520521317
vn 0 -0.7137690961725406 -0.7003810943686548
vn 0 0.7137690961725406 0.7003810943686548
vn 0 -0.9906933125548731 -0.13611304294244703
vn 0 0.9906933125548731 0.13611304294244703
vn -0.0000010000001009835153 -0.016964001713084133 -0.9998561009689737
vn 0.0000010000001009835153 0.016964001713084133 0.9998561009689737
vn -0.49864091098986274 -0.706608873866441 0.502056910380088
vn 0.49864091098986274 0.706608873866441 -0.502056910380088
vn -0.06817298303808672 -0.8697607835974558 0.48874187839761446
vn 0.06817298303808672 0.8697607835974558 -0.48874187839761446
vn -0.21581998470052186 -0.8622539388748205 0.4581919675187724
vn 0.21581998470052186 0.8622539388748205 -0.4581919675187724
vn -0.19850493191430882 -0.21749192540191337 -0.9556636722145841
vn 0.19850493191430882 0.21749192540191337 0.9556636722145841
vn -0.184212964978816 -0.012265997668080522 -0.9828098131555871
vn 0.184212964978816 0.012265997668080522 0.9828098131555871
vn -0.20471897274924522 -0.03805199493478493 -0.97808086980473
vn 0.20471897274924522 0.03805199493478493 0.97808086980473
vn -0.05437800997007309 -0.9982101830193582 -0.0248890045633374
vn 0.05437800997007309 0.9982101830193582 0.0248890045633374
vn -0.7749058697735924 -0.6121568971242873 -0.15743197354285074
vn 0.7749058697735924 0.6121568971242873 0.15743197354285074
vn -0.9939471270055781 -0.10231201307332753 -0.04001700511333324
vn 0.9939471270055781 0.10231201307332753 0.04001700511333324
vn -0.9912054690633192 -0.01805000854171729 -0.13109506203747542
vn 0.9912054690633192 0.01805000854171729 0.13109506203747542
vn -0.7026868726106111 -0.022984995833073313 -0.7111278710803511
vn 0.7026868726106111 0.022984995833073313 0.7111278710803511
vn 0 -0.016967000849834452 -0.9998560500802911
vn 0 0.016967000849834452 0.9998560500802911
vn -0.0000010000000500870038 -0.016967000849825973 -0.9998560500797913
vn 0.0000010000000500870038 0.016967000849825973 0.9998560500797913
vn 0.00070600008414639 -0.887158105738163 0.46146505500086926
vn -0.00070600008414639 0.887158105738163 -0.46146505500086926
vn -0.37060679284827924 -0.6538306345395074 -0.6596636312791375
vn 0.37060679284827924 0.6538306345395074 0.6596636312791375
vn -0.07394503210716175 -0.8975633897248011 -0.43464018872211513
vn 0.07394503210716175 0.8975633897248011 0.43464018872211513
vn -0.1217799895521907 -0.1487279872402545 -0.9813509158074553
vn 0.1217799895521907 0.1487279872402545 0.9813509158074553
vn -0.9998714470436239 -0.016034007168822244 -0.0000010000004471048601
vn 0.9998714470436239 0.016034007168822244 0.0000010000004471048601
vn -0.15375002845498165 -0.01899500351546239 -0.9879271828386644
vn 0.15375002845498165 0.01899500351546239 0.9879271828386644
vn -0.08699497905082862 -0.8730367897649088 -0.4798318844521778
vn 0.08699497905082862 0.8730367897649088 0.4798318844521778
vn -0.0012040004778552423 -0.8861493517034427 -0.46339818391791016
vn 0.0012040004778552423 0.8861493517034427 0.46339818391791016
vn -0.2641339180428237 -0.8825407261595694 -0.3890438792849553
vn 0.2641339180428237 0.8825407261595694 0.3890438792849553
vn -0.009593004246967816 -0.1844800816721172 -0.982789435095721
vn 0.009593004246967816 0.1844800816721172 0.982789435095721
vn -0.014993005548357637 -0.006201002294761715 -0.999868370014357
vn 0.014993005548357637 0.006201002294761715 0.999868370014357
vn -0.009929998976410791 -0.012789998681600386 -0.9998688969330194
vn 0.009929998976410791 0.012789998681600386 0.9998688969330194
vn -0.009175002808331164 -0.9997273060015791 -0.021474006572872528
vn 0.009175002808331164 0.9997273060015791 0.021474006572872528
vn -0.8683332943815352 -0.2722920923122084 -0.41455314054141507
vn 0.8683332943815352 0.2722920923122084 0.41455314054141507
vn -0.9989036245062048 -0.046813982402346445 0
vn 0.9989036245062048 0.046813982402346445 0
vn -0.9998714149762195 -0.016036006655417205 0.000002000000830055956
vn 0.9998714149762195 0.016036006655417205 -0.000002000000830055956
vn -0.9998714149777194 -0.016036006655441262 -0.000001000000415034819
vn 0.9998714149777194 0.016036006655441262 0.000001000000415034819
vn -0.979647047551579 -0.019006000922541757 -0.19982600969945483
vn 0.979647047551579 0.019006000922541757 0.19982600969945483
vn -0.6973697222272345 -0.022990990842345148 -0.7163427146700084
vn 0.6973697222272345 0.022990990842345148 0.7163427146700084
vn 0.08663798784278512 -0.99623986020564 0
vn -0.08663798784278512 0.99623986020564 0
vn 0.05434598849003714 -0.9971707888087225 0.05193198900129902
vn -0.05434598849003714 0.9971707888087225 -0.05193198900129902
vn -0.0000020000001341040137 -0.016966001137604124 -0.9998560670423513
vn 0.0000020000001341040137 0.016966001137604124 0.9998560670423513
vn 0 -0.014695000332922361 -0.999892022653054
vn 0 0.014695000332922361 0.999892022653054
vn 0 -0.014845996913398572 -0.9998897921149347
vn 0 0.014845996913398572 0.9998897921149347
vn -0.039296009785925824 -0.27443906834384385 -0.9608012392693231
vn 0.039296009785925824 0.27443906834384385 0.9608012392693231
vn -0.005292998251116918 -0.7498137522507048 -0.6616277813886237
vn 0.005292998251116918 0.7498137522507048 0.6616277813886237
vn -0.008611001198470618 -0.005964000830063506 -0.9999451391713741
vn 0.008611001198470618 0.005964000830063506 0.9999451391713741
vn 0 -0.9990764481857951 -0.042968019275457986
vn 0 0.9990764481857951 0.042968019275457986
vn -0.9998714470441237 -0.016034007168830258 0
vn 0.9998714470441237 0.016034007168830258 0
vn -0.9998714630750771 -0.016033007425440594 -0.0000010000004631383817
vn 0.9998714630750771 0.016033007425440594 0.0000010000004631383817
vn -0.9998714310116711 -0.016035006912163814 0
vn 0.9998714310116711 0.016035006912163814 0
vn -0.15342800899571454 -0.016137000946136376 -0.9880280579295686
vn 0.15342800899571454 0.016137000946136376 0.9880280579295686
vn -0.0000010000000432625027 -0.9906930428598586 -0.13611500588867578
vn 0.0000010000000432625027 0.9906930428598586 0.13611500588867578
vn 0.09283802098116302 -0.9956812250214931 0
vn -0.09283802098116302 0.9956812250214931 0
vn 0.010906001041490435 -0.9982430953292256 0.05823900556165037
vn -0.010906001041490435 0.9982430953292256 -0.05823900556165037
vn 0 -0.014316992935331467 -0.9998975066041967
vn 0 0.014316992935331467 0.9998975066041967
vn 0.0004209999364233309 -0.30781895351518573 -0.9514448563189931
vn -0.0004209999364233309 0.30781895351518573 0.9514448563189931
vn -0.24594191425999073 -0.30029289531220915 -0.9215946787146408
vn 0.24594191425999073 0.30029289531220915 0.9215946787146408
vn -0.0016800007084900482 -0.9939924191865713 -0.10943604615137933
vn 0.0016800007084900482 0.9939924191865713 0.10943604615137933
vn -0.021994000141377434 -0.18395800118248185 -0.9826880063167186
vn 0.021994000141377434 0.18395800118248185 0.9826880063167186
vn -0.9985560081437235 -0.026652000217360375 -0.046643000380396996
vn 0.9985560081437235 0.026652000217360375 0.046643000380396996
vn -0.9998714149782194 -0.01603600665544928 0
vn 0.9998714149782194 0.01603600665544928 0
vn -0.9998714149737198 -0.016036006655377116 0.0000030000012450782144
vn 0.9998714149737198 0.016036006655377116 -0.0000030000012450782144
vn -0.98577995149322 -0.018561999086628974 -0.1670129917818754
vn 0.98577995149322 0.018561999086628974 0.1670129917818754
vn -0.6969789924639147 -0.019439999789804843 -0.7168279922492974
vn 0.6969789924639147 0.019439999789804843 0.7168279922492974
vn 0.5054019632800217 -0.8485749383467901 0.15649098863014743
vn -0.5054019632800217 0.8485749383467901 -0.15649098863014743
vn 0.15443407509814305 -0.8460544114190162 0.510237248117974
vn -0.15443407509814305 0.8460544114190162 -0.510237248117974
vn 0 -0.007505998720902645 -0.9999718295948151
vn 0 0.007505998720902645 0.9999718295948151
vn 0 -0.00889500390212766 -0.9999604386702412
vn 0 0.00889500390212766 0.9999604386702412
vn -0.7509329465084198 -0.08988299359731987 -0.6542329533966985
vn 0.7509329465084198 0.08988299359731987 0.6542329533966985
vn -0.0018349995337688827 -0.010822997250125454 -0.9999397459383415
vn 0.0018349995337688827 0.010822997250125454 0.9999397459383415
vn -0.17476403193874143 -0.9748261781529122 -0.1384610253042395
vn 0.17476403193874143 0.9748261781529122 0.1384610253042395
vn -0.17193098939142848 -0.7102199561776544 -0.682661957878052
vn 0.17193098939142848 0.7102199561776544 0.682661957878052
vn -0.10479699116173652 -0.12228398968693537 -0.9869469167638614
vn 0.10479699116173652 0.12228398968693537 0.9869469167638614
vn -0.9998713989417685 -0.016037006398654567 0.0000020000007979829162
vn 0.9998713989417685 0.016037006398654567 -0.0000020000007979829162
vn -0.15323507730305527 -0.008582004329394634 -0.9881524984968753
vn 0.15323507730305527 0.008582004329394634 0.9881524984968753
vn 0 -0.7788701942794581 -0.6271851564435171
vn 0 0.7788701942794581 0.6271851564435171
vn 0.0012619998507533824 -0.9933778825211517 0.11488598641335405
vn -0.0012619998507533824 0.9933778825211517 -0.11488598641335405
vn 0.41369990528900247 -0.8494728055246913 -0.3274879250260694
vn -0.41369990528900247 0.8494728055246913 0.3274879250260694
vn -0.17815900938025023 -0.04429900233238661 -0.9830040517561476
vn 0.17815900938025023 0.04429900233238661 0.9830040517561476
vn -0.17551900755249528 -0.9844760423615126 -0.0000020000000862776028
vn 0.17551900755249528 0.9844760423615126 0.0000020000000862776028
vn 0.05437800997007309 -0.9982101830193582 -0.0248890045633374
vn -0.05437800997007309 0.9982101830193582 0.0248890045633374
vn -0.9683701241963817 -0.18378702357123866 -0.16876502164462176
vn 0.9683701241963817 0.18378702357123866 0.16876502164462176
vn -0.999871431011171 -0.016035006912155796 0.0000010000004310632182
vn 0.999871431011171 0.016035006912155796 -0.0000010000004310632182
vn -0.9895588561349752 -0.014977997822453869 -0.14334897915949688
vn 0.9895588561349752 0.014977997822453869 0.14334897915949688
vn -0.6968150999657982 -0.010282001475066159 -0.7171771028869517
vn 0.6968150999657982 0.010282001475066159 0.7171771028869517
vn 0 -0.98168348993381 -0.19051909508334133
vn 0 0.98168348993381 0.19051909508334133
vn 0.7857248039263283 -0.22105894483585234 -0.5777278558309202
vn -0.7857248039263283 0.22105894483585234 0.5777278558309202
vn 0.8222215000578246 -0.2763228319851309 0.4975916974451826
vn -0.8222215000578246 0.2763228319851309 -0.4975916974451826
vn 0.01066599935707491 -0.6794179590460456 0.7336739557756026
vn -0.01066599935707491 0.6794179590460456 -0.7336739557756026
vn 0 -0.013939997678927627 -0.9999028335116925
vn 0 0.013939997678927627 0.9999028335116925
vn 0 -0.0020029999879687586 -0.9999979939935121
vn 0 0.0020029999879687586 0.9999979939935121
vn 0 -0.0019080003429933984 -0.999998179765689
vn 0 0.0019080003429933984 0.999998179765689
vn -0.5819176347918076 -0.38703075710170154 -0.7152475511147117
vn 0.5819176347918076 0.38703075710170154 0.7152475511147117
vn -0.7234689343777534 -0.690356937381177 0
vn 0.7234689343777534 0.690356937381177 0
vn -0.7173922373671958 -0.6778152242721494 -0.16098105326461495
vn 0.7173922373671958 0.6778152242721494 0.16098105326461495
vn -0.17551301959620524 -0.98447710991786 0
vn 0.17551301959620524 0.98447710991786 0
vn -0.9901911903924953 -0.1397190268649675 0.0000010000001922475316
vn 0.9901911903924953 0.1397190268649675 -0.0000010000001922475316
vn -0.9998714470421239 -0.01603400716879819 0.0000020000008941960394
vn 0.9998714470421239 0.01603400716879819 -0.0000020000008941960394
vn -0.9999010407834643 -0.014068000573798582 0
vn 0.9999010407834643 0.014068000573798582 0
vn -0.999903014629581 -0.01392700020376594 0
vn 0.999903014629581 0.01392700020376594 0
vn -0.15314707005208936 -0.0019660008992822193 -0.9882014520202469
vn 0.15314707005208936 0.0019660008992822193 0.9882014520202469
vn 0.151826992315277 -0.018973999039630846 -0.9882249499809955
vn -0.151826992315277 0.018973999039630846 0.9882249499809955
vn 0.1931250802656969 -0.19105907940703556 -0.9623923999848004
vn -0.1931250802656969 0.19105907940703556 0.9623923999848004
vn 0.16829003713639828 -0.7045891554810014 -0.6893711521228596
vn -0.16829003713639828 0.7045891554810014 0.6893711521228596
vn 0.1920669978267619 -0.9664459890646636 -0.17056499807005726
vn -0.1920669978267619 0.9664459890646636 0.17056499807005726
vn 0.08528503079156893 -0.8829083187679256 -0.4617351667062801
vn -0.08528503079156893 0.8829083187679256 0.4617351667062801
vn 0.1985039281454619 -0.21749292127181766 -0.9556636540684554
vn -0.1985039281454619 0.21749292127181766 0.9556636540684554
vn 0.15586706895287888 -0.20086508885922003 0.9671394278456525
vn -0.15586706895287888 0.20086508885922003 -0.9671394278456525
vn 0.08661402601340064 -0.73317722020028 0.6744992025770973
vn -0.08661402601340064 0.73317722020028 -0.6744992025770973
vn 0.1761100131813947 -0.019259001441487945 -0.9841820736635706
vn -0.1761100131813947 0.019259001441487945 0.9841820736635706
vn 0.17567401595190404 -0.019254001748340233 -0.9842600893747572
vn -0.17567401595190404 0.019254001748340233 0.9842600893747572
vn 0.17527197846678713 -0.01924799763526793 -0.98433187906893
vn -0.17527197846678713 0.01924799763526793 0.98433187906893
vn 0 -0.013790998616031763 -0.9999048996565486
vn 0 0.013790998616031763 0.9999048996565486
vn 0 -0.001669999341267833 -0.9999986055501279
vn 0 0.001669999341267833 0.9999986055501279
vn -0.7234669822826556 -0.6903589830934539 -0.0000029999999266847935
vn 0.7234669822826556 0.6903589830934539 0.0000029999999266847935
vn 0.009175002808331164 -0.9997273060015791 -0.021474006572872528
vn -0.009175002808331164 0.9997273060015791 0.021474006572872528
vn -0.9998714470436239 -0.016034007168822244 0.0000010000004470977395
vn 0.9998714470436239 0.016034007168822244 -0.0000010000004470977395
vn -0.9999186644888475 -0.012753995720544125 0
vn 0.9999186644888475 0.012753995720544125 0
vn -0.9999010548495739 -0.014067000771645348 0
vn 0.9999010548495739 0.014067000771645348 0
vn -0.9999737618997758 -0.0072439982751571295 -9.999997618951936e-7
vn 0.9999737618997758 0.0072439982751571295 9.999997618951936e-7
vn -0.9795979332281581 -0.007563999484418859 -0.20082498631126736
vn 0.9795979332281581 0.007563999484418859 0.20082498631126736
vn -0.6967489546935522 -0.0024269998421829675 -0.7173109533564982
vn 0.6967489546935522 0.0024269998421829675 0.7173109533564982
vn 0.214402025724171 -0.019685002361826194 -0.9765471171671067
vn -0.214402025724171 0.019685002361826194 0.9765471171671067
vn 0.23483003994165783 -0.9614051635230146 0.14337002438545088
vn -0.23483003994165783 0.9614051635230146 -0.14337002438545088
vn 0.8190379989622788 -0.0005629999992865516 -0.5737389992730727
vn -0.8190379989622788 0.0005629999992865516 0.5737389992730727
vn 0.184212964978816 -0.012265997668080522 -0.9828098131555871
vn -0.184212964978816 0.012265997668080522 0.9828098131555871
vn 0.8202249632822203 -0.00036499998366072066 0.5720409743923004
vn -0.8202249632822203 0.00036499998366072066 -0.5720409743923004
vn 0.00795099651651812 -0.22281390238101753 0.9748285729091739
vn -0.00795099651651812 0.22281390238101753 -0.9748285729091739
vn 0.16105093622633818 -0.01908199244382804 -0.986761609257775
vn -0.16105093622633818 0.01908199244382804 0.986761609257775
vn -0.000001000000492133363 -0.014318007046365273 -0.9998974920826734
vn 0.000001000000492133363 0.014318007046365273 0.9998974920826734
vn 0 -0.014320006637259955 -0.9998974634480824
vn 0 0.014320006637259955 0.9998974634480824
vn 0 -0.006117001779894629 -0.9999812909695983
vn 0 0.006117001779894629 0.9999812909695983
vn 0 0 -1
vn 0 0 1
vn -0.9870618482663966 -0.16033997535214004 -9.99999846313138e-7
vn 0.9870618482663966 0.16033997535214004 9.99999846313138e-7
vn -0.11680301198200398 -0.9931551018808349 0
vn 0.11680301198200398 0.9931551018808349 0
vn -0.67344725354149 -0.7392352783095677 0
vn 0.67344725354149 0.7392352783095677 0
vn -0.9998714310096714 -0.016035006912131746 0.000002000000862126997
vn 0.9998714310096714 0.016035006912131746 -0.000002000000862126997
vn -0.9999695248795926 -0.007806996290623697 -0.000010999994773520457
vn 0.9999695248795926 0.007806996290623697 0.000010999994773520457
vn -0.9999737763858891 -0.007241998380544503 0
vn 0.9999737763858891 0.007241998380544503 0
vn -0.15312497382765203 -0.00003699999367568669 -0.9882068310942205
vn 0.15312497382765203 0.00003699999367568669 0.9882068310942205
vn 0.7313596955313653 -0.022918990458711506 -0.681606716243775
vn -0.7313596955313653 0.022918990458711506 0.681606716243775
vn 0.7293357598093524 -0.022923992450488505 -0.6837717748148461
vn -0.7293357598093524 0.022923992450488505 0.6837717748148461
vn 0.6950737702500065 -0.22048692712015278 -0.6842937738132313
vn -0.6950737702500065 0.22048692712015278 0.6842937738132313
vn 0.5101787196438611 -0.6174166607138939 -0.5987606709658334
vn -0.5101787196438611 0.6174166607138939 0.5987606709658334
vn 0.6916626942592193 -0.6949086928243665 -0.19673491303581023
vn -0.6916626942592193 0.6949086928243665 0.19673491303581023
vn 0.0011149995969082062 -0.9971706395054285 -0.07516297282727509
vn -0.0011149995969082062 0.9971706395054285 0.07516297282727509
vn 0.009591999029894044 -0.18448298134194546 -0.9827889006036841
vn -0.009591999029894044 0.18448298134194546 0.9827889006036841
vn 0.01499200577275539 -0.006201002387730313 -0.999868385004895
vn -0.01499200577275539 0.006201002387730313 0.999868385004895
vn 0.21830904720213234 -0.000962000208001038 0.9758792110016982
vn -0.21830904720213234 0.000962000208001038 -0.9758792110016982
vn 0.042257978954052686 -0.17305891381062552 0.984004509931436
vn -0.042257978954052686 0.17305891381062552 -0.984004509931436
vn 0.42596112140511333 -0.55087915700857 0.717697204554139
vn -0.42596112140511333 0.55087915700857 -0.717697204554139
vn 0.012716995761368793 0.0017139994287161506 0.9999176667229975
vn -0.012716995761368793 -0.0017139994287161506 -0.9999176667229975
vn 0.7283531897662574 -0.022928005973697697 -0.6848181784235787
vn -0.7283531897662574 0.022928005973697697 0.6848181784235787
vn 0.7278266783538105 -0.02292898986706238 -0.6853776971131573
vn -0.7278266783538105 0.02292898986706238 0.6853776971131573
vn 0.7225147430687454 -0.022941991841668407 -0.6909747542845842
vn -0.7225147430687454 0.022941991841668407 0.6909747542845842
vn 0.000001000000488471358 -0.01519900742427595 -0.9998844884146953
vn -0.000001000000488471358 0.01519900742427595 0.9998844884146953
vn -0.9870618482668901 -0.1603399753522202 0
vn 0.9870618482668901 0.1603399753522202 0
vn 0 -0.994262245809497 0.10697002644598876
vn 0 0.994262245809497 -0.10697002644598876
vn -9.999999497835039e-7 -0.9870039504361174 0.1606959919304097
vn 9.999999497835039e-7 0.9870039504361174 -0.1606959919304097
vn 0.0000020000008637315597 -0.9870044262532521 0.16069306939780753
vn -0.0000020000008637315597 0.9870044262532521 -0.16069306939780753
vn -0.999871431011171 -0.016035006912155796 -0.0000010000004310703392
vn 0.999871431011171 0.016035006912155796 0.0000010000004310703392
vn -0.9998714630735774 -0.016033007425416544 0.000002000000926263083
vn 0.9998714630735774 0.016033007425416544 -0.000002000000926263083
vn -0.9998714310071717 -0.01603500691209166 0.000003000001293184776
vn 0.9998714310071717 0.01603500691209166 -0.000003000001293184776
vn -0.999918255538642 -0.012786003267585019 -0.000019000004855635202
vn 0.999918255538642 0.012786003267585019 0.000019000004855635202
vn -0.9999790693260514 -0.006470000448548972 0.000002000000138653578
vn 0.9999790693260514 0.006470000448548972 -0.000002000000138653578
vn -0.9858695623011229 -0.001993999114719387 -0.16750292563332386
vn 0.9858695623011229 0.001993999114719387 0.16750292563332386
vn -0.6967276950841582 -0.00017999992122469245 -0.717335686065279
vn 0.6967276950841582 0.00017999992122469245 0.717335686065279
vn 0.8179482407369258 -0.5530861627832373 0.15829204658820534
vn -0.8179482407369258 0.5530861627832373 -0.15829204658820534
vn 0.0042070009651828935 -0.8058041848700346 -0.5921671358567766
vn -0.0042070009651828935 0.8058041848700346 0.5921671358567766
vn 0.7869964979293003 -0.18253211548728446 -0.5893373728712217
vn -0.7869964979293003 0.18253211548728446 0.5893373728712217
vn 0.17329298490046302 -0.03383599705176798 -0.9842889142359578
vn -0.17329298490046302 0.03383599705176798 0.9842889142359578
vn 0.008852996188051163 -0.013800994057527634 -0.9998655694749762
vn -0.008852996188051163 0.013800994057527634 0.9998655694749762
vn 0.7675790531667489 -0.256098017738758 0.5875680406981955
vn -0.7675790531667489 0.256098017738758 -0.5875680406981955
vn 0.7026838386592418 -0.02298599472226665 -0.7111308367197563
vn -0.7026838386592418 0.02298599472226665 0.7111308367197563
vn 0.15375295461567082 -0.018995994392819973 -0.9879267083868011
vn -0.15375295461567082 0.018995994392819973 0.9879267083868011
vn 0.0000010000004386872887 -0.008895003902123211 -0.9999604386697412
vn -0.0000010000004386872887 0.008895003902123211 0.9999604386697412
vn 0 -0.0011130004236245149 -0.9999993806148367
vn 0 0.0011130004236245149 0.9999993806148367
vn 0 -0.9870047692847013 0.16069096243800965
vn 0 0.9870047692847013 -0.16069096243800965
vn -0.0000010000002328545814 -0.9812512284887909 0.1927330448787618
vn 0.0000010000002328545814 0.9812512284887909 -0.1927330448787618
vn 0 -0.9904732819115171 0.1377050391940267
vn 0 0.9904732819115171 -0.1377050391940267
vn -0.17467898223960274 -0.9715679012163244 0.1598219837501803
vn 0.17467898223960274 0.9715679012163244 -0.1598219837501803
vn -0.9748811050639172 -0.19024402050278946 0.11581901248193144
vn 0.9748811050639172 0.19024402050278946 -0.11581901248193144
vn -0.9999068206792266 -0.013650997551864446 -0.000014999997309941255
vn 0.9999068206792266 0.013650997551864446 0.000014999997309941255
vn -0.9999983419769913 -0.0018210006227413467 0
vn 0.9999983419769913 0.0018210006227413467 0
vn -0.9999787497523493 -0.0065189983686013055 -0.000051999986986850337
vn 0.9999787497523493 0.0065189983686013055 0.000051999986986850337
vn -0.9999987231798917 -0.0015979995576410246 -0.000005999998339078045
vn 0.9999987231798917 0.0015979995576410246 0.000005999998339078045
vn -0.9999977294136508 -0.002130999423379337 0.000002999999188238856
vn 0.9999977294136508 0.002130999423379337 -0.000002999999188238856
vn -0.9999991497868839 -0.001304000195322292 -0.0000030000004493613907
vn 0.9999991497868839 0.001304000195322292 0.0000030000004493613907
vn -0.1531199397447891 -0.000036999985439678666 -0.9882076111240761
vn 0.1531199397447891 0.000036999985439678666 0.9882076111240761
vn 0.9894214066117155 -0.0182290074913762 -0.14392005914525577
vn -0.9894214066117155 0.0182290074913762 0.14392005914525577
vn 0.9827027895571683 -0.1393609701562695 -0.12195797388306859
vn -0.9827027895571683 0.1393609701562695 0.12195797388306859
vn 0.984528400558907 -0.018647007586601805 -0.17423007088612855
vn -0.984528400558907 0.018647007586601805 0.17423007088612855
vn -0.000002000000301532068 -0.9944201499247596 -0.1054920159046107
vn 0.000002000000301532068 0.9944201499247596 0.1054920159046107
vn 0.021996008649866113 -0.1839610723421538 -0.9826873864389425
vn -0.021996008649866113 0.1839610723421538 0.9826873864389425
vn 0.1429439584932973 -0.06112098225227262 0.9878417131599494
vn -0.1429439584932973 0.06112098225227262 -0.9878417131599494
vn 0.13627300488688632 -0.08805700315781247 0.9867500353858437
vn -0.13627300488688632 0.08805700315781247 -0.9867500353858437
vn 0.005060000865007222 -0.010102001726937565 0.9999361709391031
vn -0.005060000865007222 0.010102001726937565 -0.9999361709391031
vn 0.720527109700621 -0.14794302252440097 0.6774611031437994
vn -0.720527109700621 0.14794302252440097 -0.6774611031437994
vn 0.9920135905003465 -0.017958992586592223 -0.1248459484640401
vn -0.9920135905003465 0.017958992586592223 0.1248459484640401
vn 0.984366135189901 -0.018661002562846245 -0.17514302405361912
vn -0.984366135189901 0.018661002562846245 0.17514302405361912
vn 0.9912049313952398 -0.018050998750627215 -0.1310989909261803
vn -0.9912049313952398 0.018050998750627215 0.1310989909261803
vn 0.1534299619146223 -0.01613699599437024 -0.988027754745359
vn -0.1534299619146223 0.01613699599437024 0.988027754745359
vn -0.9916990043619881 -0.017971000079045472 0.1273190005600126
vn 0.9916990043619881 0.017971000079045472 -0.1273190005600126
vn -0.0000019999994947461915 -0.8154447939966543 0.5788348537707056
vn 0.0000019999994947461915 0.8154447939966543 -0.5788348537707056
vn 9.999999818670005e-7 -0.7110919871057693 0.7030989872507062
vn -9.999999818670005e-7 0.7110919871057693 -0.7030989872507062
vn 0.0000010000006769711873 -0.7110934813894726 0.7030974759764108
vn -0.0000010000006769711873 0.7110934813894726 -0.7030974759764108
vn -0.700881966982853 -0.6658639686324809 0.25571398795382555
vn 0.700881966982853 0.6658639686324809 -0.25571398795382555
vn -0.9998714149777194 -0.016036006655441262 0.0000010000004150276976
vn 0.9998714149777194 0.016036006655441262 -0.0000010000004150276976
vn -0.9999061094067326 -0.013703001499341396 -0.00001100000120359024
vn 0.9999061094067326 0.013703001499341396 0.00001100000120359024
vn -0.9999729129158627 -0.007359999359043443 -0.00006199999460063934
vn 0.9999729129158627 0.007359999359043443 0.00006199999460063934
vn -0.999998317739016 -0.0018340005827345207 -0.0000310000098499296
vn 0.999998317739016 0.0018340005827345207 0.0000310000098499296
vn -0.9858704975566424 -0.00026200013222818795 -0.16750908453976243
vn 0.9858704975566424 0.00026200013222818795 0.16750908453976243
vn -0.6967200799664002 -0.0001800000206594343 -0.7173430823334156
vn 0.6967200799664002 0.0001800000206594343 0.7173430823334156
vn 0.9780259201436979 -0.12813998953730626 0.16445498657216864
vn -0.9780259201436979 0.12813998953730626 -0.16445498657216864
vn -0.000001999999999995 -1 9.999999997754553e-7
vn 0.000001999999999995 1 -9.999999997754553e-7
vn 0.17477096527493513 -0.9748238063132519 -0.1384689724877413
vn -0.17477096527493513 0.9748238063132519 0.1384689724877413
vn 0.17193801720721374 -0.7102200710774077 -0.6826600683192579
vn -0.17193801720721374 0.7102200710774077 0.6826600683192579
vn 0.4932721755003521 -0.6651542366539377 -0.5605821994484552
vn -0.4932721755003521 0.6651542366539377 0.5605821994484552
vn 0.14316393605863395 -0.17621292129795224 -0.9738855650331004
vn -0.14316393605863395 0.17621292129795224 0.9738855650331004
vn 0.00999200036708112 -0.006331000232584904 -0.9999300367349305
vn -0.00999200036708112 0.006331000232584904 0.9999300367349305
vn 0.3978008166291811 -0.7088286732573469 0.582508731485963
vn -0.3978008166291811 0.7088286732573469 -0.582508731485963
vn 0.979646242834251 -0.019005004710951606 -0.19983004953377892
vn -0.979646242834251 0.019005004710951606 0.19983004953377892
vn 0.6973681792850136 -0.022992005910969417 -0.7163441841635173
vn -0.6973681792850136 0.022992005910969417 0.7163441841635173
vn 0.1532370303411649 -0.00858200169924916 -0.9881521956556365
vn -0.1532370303411649 0.00858200169924916 0.9881521956556365
vn 0.0000010000001797655485 -0.0019080003429924443 -0.999998179765189
vn -0.0000010000001797655485 0.0019080003429924443 0.999998179765189
vn 0.000001999999947743002 -0.7110929814202074 0.7030979816291045
vn -0.000001999999947743002 0.7110929814202074 -0.7030979816291045
vn 9.999999497835039e-7 -0.9870039504361174 0.1606959919304097
vn -9.999999497835039e-7 0.9870039504361174 -0.1606959919304097
vn -9.999999978490002e-7 -0.7110899984704456 0.7031009984876297
vn 9.999999978490002e-7 0.7110899984704456 -0.7031009984876297
vn 9.99999973873001e-7 -0.711092981421274 0.7030979816301591
vn -9.99999973873001e-7 0.711092981421274 -0.7030979816301591
vn -0.22894897451580556 -0.6706229253533017 0.705582921461922
vn 0.22894897451580556 0.6706229253533017 -0.705582921461922
vn -0.7432474199575799 -0.19307310909222633 0.6405513619311586
vn 0.7432474199575799 0.19307310909222633 -0.6405513619311586
vn -0.9885587279224787 -0.018285994967210333 0.14972395879200454
vn 0.9885587279224787 0.018285994967210333 -0.14972395879200454
vn -0.9998713989432685 -0.016037006398678624 -0.0000010000003989982996
vn 0.9998713989432685 0.016037006398678624 0.0000010000003989982996
vn -0.999972224592787 -0.007453001673936912 -0.00005300001190375267
vn 0.999972224592787 0.007453001673936912 0.00005300001190375267
vn -0.9999999643535019 -0.000266999990482385 0.0000019999999287069444
vn 0.9999999643535019 0.000266999990482385 -0.0000019999999287069444
vn -0.9999999638190018 -0.0002689999902673115 -9.999999638190615e-7
vn 0.9999999638190018 0.0002689999902673115 9.999999638190615e-7
vn -0.9999982520650912 -0.0018690004711105976 -0.000052000013107411366
vn 0.9999982520650912 0.0018690004711105976 0.000052000013107411366
vn -0.9999999637950019 -0.0002689999902608555 -0.000006999999746565073
vn 0.9999999637950019 0.0002689999902608555 0.000006999999746565073
vn -0.9999999638195018 -0.00026899999026744597 0
vn 0.9999999638195018 0.00026899999026744597 0
vn -0.15311505696968294 -0.00003700001376641525 -0.9882083676837439
vn 0.15311505696968294 0.00003700001376641525 0.9882083676837439
vn 0.9973144985591383 -0.027199013596831106 0.06800003399332749
vn -0.9973144985591383 0.027199013596831106 -0.06800003399332749
vn 0.9943079790872177 -0.015899999665583288 0.10535099778420516
vn -0.9943079790872177 0.015899999665583288 -0.10535099778420516
vn 0.17552191512955784 -0.984475523974696 0.0000019999990327181037
vn -0.17552191512955784 0.984475523974696 -0.0000019999990327181037
vn 0.10479794173330378 -0.12228693200958507 -0.9869464512668082
vn -0.10479794173330378 0.12228693200958507 0.9869464512668082
vn 0.007389998528547979 -0.011391997731694211 0.9999078009043779
vn -0.007389998528547979 0.011391997731694211 -0.9999078009043779
vn 0.10182402110399788 -0.250068051828985 0.9628591995617368
vn -0.10182402110399788 0.250068051828985 -0.9628591995617368
vn 0.18626701682410335 -0.018705001689482807 0.9823210887257005
vn -0.18626701682410335 0.018705001689482807 -0.9823210887257005
vn 0.8055245970162831 -0.020869989559268717 0.5921947037398687
vn -0.8055245970162831 0.020869989559268717 -0.5921947037398687
vn 0.999871431011171 -0.016035006912155796 -0.0000010000004310703392
vn -0.999871431011171 0.016035006912155796 0.0000010000004310703392
vn 0.696977965079314 -0.019440999025947495 -0.7168289640847195
vn -0.696977965079314 0.019440999025947495 0.7168289640847195
vn 0 -0.22673298966800484 0.9739569556177564
vn 0 0.22673298966800484 -0.9739569556177564
vn 0 -0.1519960163261212 0.9883811061635027
vn 0 0.1519960163261212 -0.9883811061635027
vn 0 -0.2059449129758332 0.978563586497769
vn 0 0.2059449129758332 -0.978563586497769
vn -0.5390849874724737 -0.5092539881657014 0.6708559844103132
vn 0.5390849874724737 0.5092539881657014 -0.6708559844103132
vn -0.7874438858765533 -0.022680996712866202 0.6159689107282482
vn 0.7874438858765533 0.022680996712866202 -0.6159689107282482
vn -0.9834874059654903 -0.018698007718193303 0.18000807430401825
vn 0.9834874059654903 0.018698007718193303 -0.18000807430401825
vn -0.9899131548417328 -0.018166002841517336 0.14050602197788342
vn 0.9899131548417328 0.018166002841517336 -0.14050602197788342
vn -0.9999055330892208 -0.01374499358170802 -0.000006999996731320341
vn 0.9999055330892208 0.01374499358170802 0.000006999996731320341
vn -0.9999715882132847 -0.007537996895864825 -0.00003699998476346658
vn 0.9999715882132847 0.007537996895864825 0.00003699998476346658
vn -0.9999981613527162 -0.0019170003093137756 -0.00004900000790629933
vn 0.9999981613527162 0.0019170003093137756 0.00004900000790629933
vn -0.999999963452002 -0.0002699999901320406 -0.000013999999488328088
vn 0.999999963452002 0.0002699999901320406 0.000013999999488328088
vn -0.9999999640875019 -0.00026799999037545053 -9.999999640875614e-7
vn 0.9999999640875019 0.00026799999037545053 9.999999640875614e-7
vn -0.9896441866840229 -0.00026500004998891973 -0.14354202707741168
vn 0.9896441866840229 0.00026500004998891973 0.14354202707741168
vn -0.696711964595189 -0.00018299999070033043 -0.7173509635463771
vn 0.696711964595189 0.00018299999070033043 0.7173509635463771
vn 0.9998714149762195 -0.016036006655417205 -0.000002000000830063077
vn -0.9998714149762195 0.016036006655417205 0.000002000000830063077
vn -0.000001999999999996 -1 0
vn 0.000001999999999996 1 0
vn 0.1755230571188981 -0.9844753203689954 -0.000002000000651060915
vn -0.1755230571188981 0.9844753203689954 0.000002000000651060915
vn 0.7234718625038238 -0.6903538687979145 -9.999998101028435e-7
vn -0.7234718625038238 0.6903538687979145 9.999998101028435e-7
vn 0.7173980000885987 -0.6778070000837093 -0.16099000001988242
vn -0.7173980000885987 0.6778070000837093 0.16099000001988242
vn 0.5819190943654627 -0.38703306276225397 -0.7152451159859456
vn -0.5819190943654627 0.38703306276225397 0.7152451159859456
vn 0.07415799852614688 -0.9090039819340004 -0.41013699184873265
vn -0.07415799852614688 0.9090039819340004 0.41013699184873265
vn 0.03929501132979471 -0.2744390791280703 -0.9608012770245093
vn -0.03929501132979471 0.2744390791280703 0.9608012770245093
vn 0.08155298732254833 -0.8086038743021332 0.5826739094230562
vn -0.08155298732254833 0.8086038743021332 -0.5826739094230562
vn 0.9998714630735774 -0.016033007425416544 -0.000002000000926270203
vn -0.9998714630735774 0.016033007425416544 0.000002000000926270203
vn 0.9857797685561888 -0.018562995641733953 -0.16701396078804936
vn -0.9857797685561888 0.018562995641733953 0.16701396078804936
vn 0.6968150999657982 -0.010282001475066159 -0.7171771028869517
vn -0.6968150999657982 0.010282001475066159 0.7171771028869517
vn 0.15314902314403525 -0.0019660002971037334 -0.988201149337957
vn -0.15314902314403525 0.0019660002971037334 0.988201149337957
vn 9.99999733867606e-7 -0.17454195354871993 0.9846497379527384
vn -9.99999733867606e-7 0.17454195354871993 -0.9846497379527384
vn -9.999999818670005e-7 -0.7110919871057693 0.7030989872507062
vn 9.999999818670005e-7 0.7110919871057693 -0.7030989872507062
vn -0.0000020000008637315597 -0.9870044262532521 0.16069306939780753
vn 0.0000020000008637315597 0.9870044262532521 -0.16069306939780753
vn 0 -0.15199699322321442 0.988380955933036
vn 0 0.15199699322321442 -0.988380955933036
vn 0 -0.20594607209297994 0.9785633425534971
vn 0 0.20594607209297994 -0.9785633425534971
vn -0.1884540212301005 -0.18922402131684432 0.963680108562425
vn 0.1884540212301005 0.18922402131684432 -0.963680108562425
vn -0.22911606057451397 -0.019724005214702436 0.9731992572978598
vn 0.22911606057451397 0.019724005214702436 -0.9731992572978598
vn -0.7219660462415658 -0.022821001461673932 0.691552044293564
vn 0.7219660462415658 0.022821001461673932 -0.691552044293564
vn -0.9998945502930277 -0.014521993468669558 0
vn 0.9998945502930277 0.014521993468669558 0
vn -0.9999980765528556 -0.00196100015012045 -0.00003700000283246175
vn 0.9999980765528556 0.00196100015012045 0.00003700000283246175
vn -0.9999999635500019 -0.00026999999015850053 0
vn 0.9999999635500019 0.00026999999015850053 0
vn -0.999999963279502 -0.00027099999004874504 0
vn 0.999999963279502 0.00027099999004874504 0
vn -0.999999962880002 -0.00027199998990336054 -0.000015999999406080094
vn 0.999999962880002 0.00027199998990336054 0.000015999999406080094
vn -0.9999999643055019 -0.00026699999046956896 -0.000009999999643055079
vn 0.9999999643055019 0.00026699999046956896 0.000009999999643055079
vn -0.9999999632775021 -0.00027099999004820305 -0.0000019999999265550644
vn 0.9999999632775021 0.00027099999004820305 0.0000019999999265550644
vn -0.1531090463207758 -0.00003700001119356215 -0.9882092989674515
vn 0.1531090463207758 0.00003700001119356215 0.9882092989674515
vn 0.9988357465394684 -0.04140998949196805 0.024745993720556404
vn -0.9988357465394684 0.04140998949196805 -0.024745993720556404
vn 0.7234718625038238 -0.6903538687979145 9.999998097962645e-7
vn -0.7234718625038238 0.6903538687979145 -9.999998097962645e-7
vn 0.21443488930520052 -0.046777975852443046 -0.9756174963702806
vn -0.21443488930520052 0.046777975852443046 0.9756174963702806
vn 0.0036810008171785902 -0.012000002663988664 -0.9999212219815358
vn -0.0036810008171785902 0.012000002663988664 0.9999212219815358
vn 0.019995996521096827 -0.3008499476581309 0.9534618341167245
vn -0.019995996521096827 0.3008499476581309 -0.9534618341167245
vn 0.009903002989449673 -0.01559800470861741 0.9998293018215164
vn -0.009903002989449673 0.01559800470861741 -0.9998293018215164
vn 0.1865470483610227 -0.021568005591355417 0.9822092546309068
vn -0.1865470483610227 0.021568005591355417 -0.9822092546309068
vn 0.9998714470421239 -0.01603400716879819 -0.0000020000008942031596
vn -0.9998714470421239 0.01603400716879819 0.0000020000008942031596
vn 0.9998714470436239 -0.016034007168822244 0.0000010000004470977395
vn -0.9998714470436239 0.016034007168822244 -0.0000010000004470977395
vn 0.9895586994601836 -0.014978995450714974 -0.14334995646304802
vn -0.9895586994601836 0.014978995450714974 0.14334995646304802
vn 9.999999999995e-7 0 -1
vn -9.999999999995e-7 0 1
vn 0.0000010000001051610165 -0.016786001765233045 0.9998591051461889
vn -0.0000010000001051610165 0.016786001765233045 -0.9998591051461889
vn -0.0000010000001051610165 -0.016786001765233045 0.9998591051461889
vn 0.0000010000001051610165 0.016786001765233045 -0.9998591051461889
vn -0.7166348415911107 -0.02282899495375411 0.6970748459147592
vn 0.7166348415911107 0.02282899495375411 -0.6970748459147592
vn -0.985067075741318 -0.01859400142968357 0.17116401316071592
vn 0.985067075741318 0.01859400142968357 -0.17116401316071592
vn -0.9999667881145597 -0.008149998273076673 -0.000013999997033507751
vn 0.9999667881145597 0.008149998273076673 0.000013999997033507751
vn -0.9999980217374572 -0.0019890000432358887 -0.000020000000434750456
vn 0.9999980217374572 0.0019890000432358887 0.000020000000434750456
vn -0.999999962401502 -0.00027399998969801156 -0.000010999999586416583
vn 0.999999962401502 0.00027399998969801156 0.000010999999586416583
vn -0.9999999647895018 -0.00026499999066921797 -0.000013999999507053084
vn 0.9999999647895018 0.00026499999066921797 0.000013999999507053084
vn -0.9999999635420018 -0.0002699999901563405 -0.000003999999854168067
vn 0.9999999635420018 0.0002699999901563405 0.000003999999854168067
vn -0.9796096819359719 -0.0002629999146079735 -0.20090993476766889
vn 0.9796096819359719 0.0002629999146079735 0.20090993476766889
vn -0.6966977632785126 -0.0001819999381605492 -0.7173647562563553
vn 0.6966977632785126 0.0001819999381605492 0.7173647562563553
vn 0.8670313464545238 -0.17946107171032571 0.4648121857329439
vn -0.8670313464545238 0.17946107171032571 -0.4648121857329439
vn 0.11680805977186755 -0.9931545082072234 0
vn -0.11680805977186755 0.9931545082072234 0
vn 0.6734551101065521 -0.7392281208601114 0.0000010000001633308983
vn -0.6734551101065521 0.7392281208601114 -0.0000010000001633308983
vn 0.9901911903929903 -0.13971902686503737 0
vn -0.9901911903929903 0.13971902686503737 0
vn 0.9819605120925404 -0.1890860986084261 -0.000002000001043042801
vn -0.9819605120925404 0.1890860986084261 0.000002000001043042801
vn 0.9776741943000555 -0.15601303100556477 -0.14075902797402973
vn -0.9776741943000555 0.15601303100556477 0.14075902797402973
vn 0.7509322404177537 -0.08988702877814572 -0.6542332094586837
vn -0.7509322404177537 0.08988702877814572 0.6542332094586837
vn 0.005309003121968167 -0.3634962137545563 -0.9315805478174995
vn -0.005309003121968167 0.3634962137545563 0.9315805478174995
vn -0.0007999997262841405 -0.9189166855973044 0.3944508650406316
vn 0.0007999997262841405 0.9189166855973044 -0.3944508650406316
vn 0.9998714470441237 -0.016034007168830258 0
vn -0.9998714470441237 0.016034007168830258 0
vn 0.9795977364999994 -0.0075639979653755445 -0.2008259459802377
vn -0.9795977364999994 0.0075639979653755445 0.2008259459802377
vn 0.6967479369829841 -0.0024289997803101804 -0.7173119351230836
vn -0.6967479369829841 0.0024289997803101804 0.7173119351230836
vn 0.1531259503800032 -0.000036999988010047395 -0.9882066797746419
vn -0.1531259503800032 0.000036999988010047395 0.9882066797746419
vn 0 -0.016785002046880992 0.9998591219298277
vn 0 0.016785002046880992 -0.9998591219298277
vn -9.99999559325291e-7 -0.1745429230833145 0.9846495660896479
vn 9.99999559325291e-7 0.1745429230833145 -0.9846495660896479
vn -0.0000010000006769711873 -0.7110934813894726 0.7030974759764108
vn 0.0000010000006769711873 0.7110934813894726 -0.7030974759764108
vn 0.0000010000002711736104 -0.9870042676494382 0.16069404357597195
vn -0.0000010000002711736104 0.9870042676494382 -0.16069404357597195
vn 0.0000010000000715870077 -0.016788001201802908 0.9998590715769139
vn -0.0000010000000715870077 0.016788001201802908 -0.9998590715769139
vn 0 -0.016786001765241438 0.9998591051466889
vn 0 0.016786001765241438 -0.9998591051466889
vn -0.1709179391900573 -0.01902099323262686 0.9851016495161646
vn 0.1709179391900573 0.01902099323262686 -0.9851016495161646
vn -0.69675887614485 -0.022865995935363953 0.7169408725573189
vn 0.69675887614485 0.022865995935363953 -0.7169408725573189
vn -0.9851939444168372 0.0038199997844813108 0.1714009903298135
vn 0.9851939444168372 -0.0038199997844813108 -0.1714009903298135
vn -0.9999999627035022 -0.00027299998981805614 -0.000007999999701628078
vn 0.9999999627035022 0.00027299998981805614 0.000007999999701628078
vn -0.9999999654030017 -0.00026299999090098944 -0.000004999999827015068
vn 0.9999999654030017 0.00026299999090098944 0.000004999999827015068
vn -0.9999999643510019 -0.0002669999904817175 -0.000002999999893053065
vn 0.9999999643510019 0.0002669999904817175 0.000002999999893053065
vn -0.1530880846533712 -0.00003700002045974304 -0.9882125464535252
vn 0.1530880846533712 0.00003700002045974304 0.9882125464535252
vn 0.9998714310116711 -0.016035006912163814 0
vn -0.9998714310116711 0.016035006912163814 0
vn 0.9917335833539663 -0.11932894986765147 0.04717098018257911
vn -0.9917335833539663 0.11932894986765147 -0.04717098018257911
vn -0.0000020000005423442206 -0.9870042676479576 0.1606940435757309
vn 0.0000020000005423442206 0.9870042676479576 -0.1606940435757309
vn 0.987061690000493 -0.16034094964284823 9.999996859015448e-7
vn -0.987061690000493 0.16034094964284823 -9.999996859015448e-7
vn 0.20758592191646635 -0.26131190170741575 -0.9426686454147845
vn -0.20758592191646635 0.26131190170741575 0.9426686454147845
vn 0.001710999995922687 -0.8331409980146249 -0.5530579986820631
vn -0.001710999995922687 0.8331409980146249 0.5530579986820631
vn 0.008598001590948569 -0.32243905966316205 0.946551175147006
vn -0.008598001590948569 0.32243905966316205 -0.946551175147006
vn 0.0027980006983852586 -0.028557007127872923 0.9995882494987576
vn -0.0027980006983852586 0.028557007127872923 -0.9995882494987576
vn 0.23216801637573947 -0.3367080237493648 0.912538064364962
vn -0.23216801637573947 0.3367080237493648 -0.912538064364962
vn 0.9999010267158559 -0.01406900037590259 0.000001000000026715377
vn -0.9999010267158559 0.01406900037590259 -0.000001000000026715377
vn 0.9999737546559694 -0.007244998222436281 0
vn -0.9999737546559694 0.007244998222436281 0
vn 0.15312106761376135 -0.000037000016337899896 -0.9882074363633482
vn -0.15312106761376135 0.000037000016337899896 0.9882074363633482
vn 0.0000010000000883745117 -0.01678700148354315 0.999859088362051
vn -0.0000010000000883745117 0.01678700148354315 -0.999859088362051
vn -0.16375794974220165 -0.01894099418695317 0.9863186972958793
vn 0.16375794974220165 0.01894099418695317 -0.9863186972958793
vn -0.6380249854881219 -0.02276799948214203 0.7696789824936519
vn 0.6380249854881219 0.02276799948214203 -0.7696789824936519
vn -0.9649549857929678 0.1356899980022361 0.22461099669305234
vn 0.9649549857929678 -0.1356899980022361 -0.22461099669305234
vn -0.9736272723362434 0.156977043908526 0.16555404630762546
vn 0.9736272723362434 -0.156977043908526 -0.16555404630762546
vn -0.9902514999087602 0.0835249578186958 0.11146994370607634
vn 0.9902514999087602 -0.0835249578186958 -0.11146994370607634
vn -0.9999999661595016 -0.0002599999912014704 -0.000008999999695435572
vn 0.9999999661595016 0.0002599999912014704 0.000008999999695435572
vn -0.9858664210927216 -0.0002640001127622231 -0.16753307155833239
vn 0.9858664210927216 0.0002640001127622231 0.16753307155833239
vn -0.6966541281404821 -0.00018100003329244688 -0.7174071319577278
vn 0.6966541281404821 0.00018100003329244688 0.7174071319577278
vn 0.8050722356185129 -0.5205091523361347 0.2844800832580868
vn -0.8050722356185129 0.5205091523361347 -0.2844800832580868
vn 0.17469095769946322 -0.9715647647404787 0.1598279612984628
vn -0.17469095769946322 0.9715647647404787 -0.1598279612984628
vn 0.9757785108184487 -0.16207191874939678 0.14693192633944396
vn -0.9757785108184487 0.16207191874939678 -0.14693192633944396
vn 0.9998714310096714 -0.016035006912131746 -0.000002000000862134118
vn -0.9998714310096714 0.016035006912131746 0.000002000000862134118
vn 0.9998714149782194 -0.01603600665544928 0
vn -0.9998714149782194 0.01603600665544928 0
vn 0.9981795221273818 -0.028170014735161064 -0.053330027895851624
vn -0.9981795221273818 0.028170014735161064 0.053330027895851624
vn 0.8683330579408278 -0.2722930181691606 -0.4145530276616736
vn -0.8683330579408278 0.2722930181691606 0.4145530276616736
vn 0.2641329602193341 -0.8825418670817032 -0.3890419414069814
vn -0.2641329602193341 0.8825418670817032 0.3890419414069814
vn 0.21581894407408891 -0.8622547765609309 0.4581908812674085
vn -0.21581894407408891 0.8622547765609309 -0.4581908812674085
vn 0.9896442720527528 -0.0017480004805244921 -0.14353103945661638
vn -0.9896442720527528 0.0017480004805244921 0.14353103945661638
vn 0.6967281948717681 -0.00018000005034505187 -0.7173352006354556
vn -0.6967281948717681 0.00018000005034505187 0.7173352006354556
vn 0.15311603352560135 -0.00003700000810113673 -0.9882082163736478
vn -0.15311603352560135 0.00003700000810113673 0.9882082163736478
vn 0.0000020000002148190343 -0.1519960163258172 0.9883811061615261
vn -0.0000020000002148190343 0.1519960163258172 -0.9883811061615261
vn 0 -0.016784002328470205 0.9998591387119679
vn 0 0.016784002328470205 -0.9998591387119679
vn 0.000001999999995695 -0.7110899984693789 0.703100998486575
vn -0.000001999999995695 0.7110899984693789 -0.703100998486575
vn 0.0000010000001387310289 -0.016784002328461813 0.9998591387114678
vn -0.0000010000001387310289 0.016784002328461813 -0.9998591387114678
vn -0.1498650364926654 -0.01877200457104959 0.9885282407101159
vn 0.1498650364926654 0.01877200457104959 -0.9885282407101159
vn -0.6886263446296824 0.1449580725456625 0.7104793555662321
vn 0.6886263446296824 -0.1449580725456625 -0.7104793555662321
vn -0.9999999677400014 -0.00025399999180596036 -0.000001999999935480059
vn 0.9999999677400014 0.00025399999180596036 0.000001999999935480059
vn -0.9999999664590016 -0.00025899999131288144 9.999999664589439e-7
vn 0.9999999664590016 0.00025899999131288144 -9.999999664589439e-7
vn -0.9999999643550018 -0.0002669999904827855 -9.99999964355061e-7
vn 0.9999999643550018 0.0002669999904827855 9.99999964355061e-7
vn -0.999999964088002 -0.00026799999037558454 0
vn 0.999999964088002 0.00026799999037558454 0
vn -0.9999999640875019 -0.00026799999037545053 9.999999640874424e-7
vn 0.9999999640875019 0.00026799999037545053 -9.999999640874424e-7
vn -0.15303496499822938 -0.00003699999153723597 -0.988220773976641
vn 0.15303496499822938 0.00003699999153723597 0.988220773976641
vn 0.9998714470436239 -0.016034007168822244 -0.0000010000004471048601
vn -0.9998714470436239 0.016034007168822244 0.0000010000004471048601
vn 0.9919359677516661 -0.12201099603336155 -0.03429799888495495
vn -0.9919359677516661 0.12201099603336155 0.03429799888495495
vn 0 -0.711090992789182 0.7030999928702144
vn 0 0.711090992789182 -0.7030999928702144
vn 0.700885035304281 -0.6658630335401878 0.25570801288026845
vn -0.700885035304281 0.6658630335401878 -0.25570801288026845
vn 0.9948768372774603 -0.017625997117083354 0.09954598371821045
vn -0.9948768372774603 0.017625997117083354 -0.09954598371821045
vn 0.9999186007115843 -0.012758994905066413 0
vn -0.9999186007115843 0.012758994905066413 0
vn 0.9999078147425967 -0.013577997484343537 -9.999998147285664e-7
vn -0.9999078147425967 0.013577997484343537 9.999998147285664e-7
vn 0.9999988599496695 -0.0015099997885237896 0
vn -0.9999988599496695 0.0015099997885237896 0
vn 0.6967200799664002 -0.0001800000206594343 -0.7173430823334156
vn -0.6967200799664002 0.0001800000206594343 0.7173430823334156
vn 0 -0.016783002610009073 0.9998591554931087
vn 0 0.016783002610009073 -0.9998591554931087
vn -0.09960504338448016 -0.018099007883296308 0.9948624333273501
vn 0.09960504338448016 0.018099007883296308 -0.9948624333273501
vn -0.6587163237584939 0.39011119173930753 0.6433553162085723
vn 0.6587163237584939 -0.39011119173930753 -0.6433553162085723
vn -0.6171399138148742 0.5425089242372777 0.5699319204075882
vn 0.6171399138148742 -0.5425089242372777 -0.5699319204075882
vn -0.6421669877532334 0.4560179913032808 0.616172988248965
vn 0.6421669877532334 -0.4560179913032808 -0.616172988248965
vn -0.9823963462687397 0.07666102702098525 0.17035406004530243
vn 0.9823963462687397 -0.07666102702098525 -0.17035406004530243
vn -0.9999999646215018 -0.0002659999905893195 9.999999646214427e-7
vn 0.9999999646215018 0.0002659999905893195 -9.999999646214427e-7
vn -0.985858791424835 -0.0002629999443578594 -0.16757796454603652
vn 0.985858791424835 0.0002629999443578594 0.16757796454603652
vn -0.6965602624761461 -0.00018100006820384674 -0.7174982703659555
vn 0.6965602624761461 0.00018100006820384674 0.7174982703659555
vn 0.7086570943895879 -0.6798440905518397 -0.18872502513723152
vn -0.7086570943895879 0.6798440905518397 0.18872502513723152
vn 0.22894598623290588 -0.6706249596736459 0.7055819575715941
vn -0.22894598623290588 0.6706249596736459 -0.7055819575715941
vn 0.826580446361414 -0.02245901212808331 0.5623703036853885
vn -0.826580446361414 0.02245901212808331 -0.5623703036853885
vn 0.6878581617178803 -0.2212270520112605 0.6913101625294579
vn -0.6878581617178803 0.2212270520112605 -0.6913101625294579
vn 0.9989036245057054 -0.04681398240232303 -9.999996241041068e-7
vn -0.9989036245057054 0.04681398240232303 9.999996241041068e-7
vn 0.9999790693280513 -0.006470000448561912 0
vn -0.9999790693280513 0.006470000448561912 0
vn 0.9998963577504822 -0.014397005151069404 0
vn -0.9998963577504822 0.014397005151069404 0
vn 0.9796127558834705 -0.0002599999352087596 -0.2008949499375874
vn -0.9796127558834705 0.0002599999352087596 0.2008949499375874
vn 0.999999964088002 -0.00026799999037558454 0
vn -0.999999964088002 0.00026799999037558454 0
vn 0.9999983437969897 -0.0018200006257117725 0.0000010000003437972732
vn -0.9999983437969897 0.0018200006257117725 -0.0000010000003437972732
vn 0.6967109503422771 -0.0001819999870278831 -0.7173519488711004
vn -0.6967109503422771 0.0001819999870278831 0.7173519488711004
vn 0.15311002287846687 -0.00003700000552850681 -0.9882091476631629
vn -0.15311002287846687 0.00003700000552850681 0.9882091476631629
vn 0.0000010000001441105313 -0.2059470296791318 0.9785631410212338
vn -0.0000010000001441105313 0.2059470296791318 -0.9785631410212338
vn -0.1491659486250186 0.15137494786420608 0.9771566634526456
vn 0.1491659486250186 -0.15137494786420608 -0.9771566634526456
vn -0.1718049444071933 0.5084408354782325 0.8437837269676621
vn 0.1718049444071933 -0.5084408354782325 -0.8437837269676621
vn -0.9999999667180015 -0.0002579999914132444 0
vn 0.9999999667180015 0.0002579999914132444 0
vn -0.999999964086002 -0.00026799999037504857 -0.000001999999928172064
vn 0.999999964086002 0.00026799999037504857 0.000001999999928172064
vn -0.9999999643555019 -0.00026699999048291896 0
vn 0.9999999643555019 0.00026699999048291896 0
vn -0.9999999638015018 -0.000268999990262604 0.000005999999782808951
vn 0.9999999638015018 0.000268999990262604 -0.000005999999782808951
vn -0.9999999638150019 -0.0002689999902662355 0.000002999999891444946
vn 0.9999999638150019 0.0002689999902662355 -0.000002999999891444946
vn -0.15296704483319423 -0.00003700001084413384 -0.9882312896412453
vn 0.15296704483319423 0.00003700001084413384 0.9882312896412453
vn 0 -0.1745440644820877 0.9846493637605587
vn 0 0.1745440644820877 -0.9846493637605587
vn 0.5390839771630556 -0.5092629784263477 0.6708499715811185
vn -0.5390839771630556 0.5092629784263477 -0.6708499715811185
vn 0.9885588759329033 -0.018285997705052612 0.14972298120931787
vn -0.9885588759329033 0.018285997705052612 -0.14972298120931787
vn 0.9999695170723382 -0.007807996229187692 -0.00001099999468763808
vn -0.9999695170723382 0.007807996229187692 0.00001099999468763808
vn 0.9999999643535019 -0.000266999990482385 0.0000019999999287069444
vn -0.9999999643535019 0.000266999990482385 -0.0000019999999287069444
vn 0.98964404488976 -0.00026400001197487695 -0.14354300651103916
vn -0.98964404488976 0.00026400001197487695 0.14354300651103916
vn -0.0000010000001387310289 -0.016784002328461813 0.9998591387114678
vn 0.0000010000001387310289 0.016784002328461813 -0.9998591387114678
vn 0 0.12917300937712098 0.9916220719853195
vn 0 -0.12917300937712098 -0.9916220719853195
vn -0.10933603369950283 0.6872932118372027 0.7181042213337582
vn 0.10933603369950283 -0.6872932118372027 -0.7181042213337582
vn -0.6783783704007968 0.24589313425990084 0.6923433780258188
vn 0.6783783704007968 -0.24589313425990084 -0.6923433780258188
vn -0.9727261973462247 0.039813008077243944 0.22851404636082018
vn 0.9727261973462247 -0.039813008077243944 -0.22851404636082018
vn -0.9896269246522829 -0.0002649999798235329 -0.14366098906201186
vn 0.9896269246522829 0.0002649999798235329 0.14366098906201186
vn -0.6964668996621103 -0.00018199997377965234 -0.7175888966191278
vn 0.6964668996621103 0.00018199997377965234 0.7175888966191278
vn 0.18845298542457553 -0.18922598536479002 0.9636799254665882
vn -0.18845298542457553 0.18922598536479002 -0.9636799254665882
vn 0.7219660791921026 -0.022819002503005267 0.6915520758560056
vn -0.7219660791921026 0.022819002503005267 -0.6915520758560056
vn 0.2291151130681071 -0.019724009733781696 0.9731994802730889
vn -0.2291151130681071 0.019724009733781696 -0.9731994802730889
vn 0.9998714310071717 -0.01603500691209166 -0.000003000001293191897
vn -0.9998714310071717 0.01603500691209166 0.000003000001293191897
vn 0.999998345616988 -0.0018190006286785585 0
vn -0.999998345616988 0.0018190006286785585 0
vn 0.9999182170952673 -0.01278900277665906 -0.000023000004993603465
vn -0.9999182170952673 0.01278900277665906 0.000023000004993603465
vn 0.9999999638195018 -0.00026899999026744597 0
vn -0.9999999638195018 0.00026899999026744597 0
vn 0.9999999643550018 -0.0002669999904827855 9.999999643549424e-7
vn -0.9999999643550018 0.0002669999904827855 -9.999999643549424e-7
vn 0.9796096821931193 -0.0002619999150014328 -0.20090993482040773
vn -0.9796096821931193 0.0002619999150014328 0.20090993482040773
vn 0.6966977632785126 -0.0001819999381605492 -0.7173647562563553
vn -0.6966977632785126 0.0001819999381605492 0.7173647562563553
vn 0.1530900377816309 -0.00003700000913114345 -0.9882122438843884
vn -0.1530900377816309 0.00003700000913114345 0.9882122438843884
vn 0.0000010000001219465221 -0.0167850020468726 0.9998591219293278
vn -0.0000010000001219465221 0.0167850020468726 -0.9998591219293278
vn 0.0000020000002438900445 -0.016785002046847422 0.9998591219278281
vn -0.0000020000002438900445 0.016785002046847422 -0.9998591219278281
vn 0 0.5427731996944383 0.8398793090042531
vn 0 -0.5427731996944383 -0.8398793090042531
vn -0.08097399803492304 0.5901559856780946 0.8032179805075065
vn 0.08097399803492304 -0.5901559856780946 -0.8032179805075065
vn -0.13704003519558564 0.3667390941885132 0.9201752363258758
vn 0.13704003519558564 -0.3667390941885132 -0.9201752363258758
vn -0.9850967087212301 0.004558998651970365 0.17194094915956198
vn 0.9850967087212301 -0.004558998651970365 -0.17194094915956198
vn -0.9999999638175019 -0.000268999990266908 0.000001999999927634944
vn 0.9999999638175019 0.000268999990266908 -0.000001999999927634944
vn -0.9934283926536432 -0.000267000105532105 0.11445504523848003
vn 0.9934283926536432 0.000267000105532105 -0.11445504523848003
vn -0.9999999638115018 -0.000268999990265294 0.000003999999855245947
vn 0.9999999638115018 0.000268999990265294 -0.000003999999855245947
vn -0.15292496928976368 -0.000036999992569479796 -0.9882378015430927
vn 0.15292496928976368 0.000036999992569479796 0.9882378015430927
vn 0.9885052463938598 -0.018291004559198108 0.15007603740780764
vn -0.9885052463938598 0.018291004559198108 -0.15007603740780764
vn 0.9999983401234931 -0.0018220006197062438 -0.000008000002720993791
vn -0.9999983401234931 0.0018220006197062438 0.000008000002720993791
vn 0.9999787559982134 -0.006517998409562956 -0.000056999986091607546
vn -0.9999787559982134 0.006517998409562956 0.000056999986091607546
vn 0.9999999635495018 -0.0002699999901583655 9.999999635494418e-7
vn -0.9999999635495018 0.0002699999901583655 -9.999999635494418e-7
vn 0.9999999638175019 -0.000268999990266908 0.000001999999927634944
vn -0.9999999638175019 0.000268999990266908 -0.000001999999927634944
vn 0.9999999635500019 -0.00026999999015850053 0
vn -0.9999999635500019 0.00026999999015850053 0
vn -0.0000020000002774590575 -0.01678400232843663 0.9998591387099679
vn 0.0000020000002774590575 0.01678400232843663 -0.9998591387099679
vn 0 0.47781324093977634 0.8784614429686868
vn 0 -0.47781324093977634 -0.8784614429686868
vn 0 0.6921431972438817 0.721760205684005
vn 0 -0.6921431972438817 -0.721760205684005
vn -0.19583598355506565 0.16819498587616283 0.966104918873275
vn 0.19583598355506565 -0.16819498587616283 -0.966104918873275
vn -0.6878670796226827 0.12459401442213162 0.7150630827707017
vn 0.6878670796226827 -0.12459401442213162 -0.7150630827707017
vn -0.6903347146422658 0.04030298334030163 0.7223667014014784
vn 0.6903347146422658 -0.04030298334030163 -0.7223667014014784
vn -0.9795634761473099 -0.00026200012735327026 -0.20113509776797325
vn 0.9795634761473099 0.00026200012735327026 0.20113509776797325
vn -0.6964212213470741 -0.00018000005721016793 -0.7176332280889932
vn 0.6964212213470741 0.00018000005721016793 0.7176332280889932
vn 0.7166343551561914 -0.022829011313809846 0.697075345462959
vn -0.7166343551561914 0.022829011313809846 -0.697075345462959
vn 0.1709179391900573 -0.01902099323262686 0.9851016495161646
vn -0.1709179391900573 0.01902099323262686 -0.9851016495161646
vn 0.9998714149777194 -0.016036006655441262 -0.000001000000415034819
vn -0.9998714149777194 0.016036006655441262 0.000001000000415034819
vn 0.999871431011171 -0.016035006912155796 0.0000010000004310632182
vn -0.999871431011171 0.016035006912155796 -0.0000010000004310632182
vn 0.9998714470421239 -0.01603400716879819 0.0000020000008941960394
vn -0.9998714470421239 0.01603400716879819 -0.0000020000008941960394
vn 0.9999999640800019 -0.00026799999037344053 -0.000003999999856320067
vn -0.9999999640800019 0.00026799999037344053 0.000003999999856320067
vn 0.9999983140995198 -0.0018360005766878715 -0.000030000009423004844
vn -0.9999983140995198 0.0018360005766878715 0.000030000009423004844
vn 0.9999729125933714 -0.007359999356669844 -0.0000669999941435994
vn -0.9999729125933714 0.007359999356669844 0.0000669999941435994
vn 0.9999067796575666 -0.013653996991164593 -0.00001899999581310742
vn -0.9999067796575666 0.013653996991164593 0.00001899999581310742
vn 0.999999964083502 -0.00026799999037437853 -0.000002999999892250566
vn -0.999999964083502 0.00026799999037437853 0.000002999999892250566
vn 0.9896418724584275 -0.00026499996584770225 -0.143557981498751
vn -0.9896418724584275 0.00026499996584770225 0.143557981498751
vn 0.6966531136819543 -0.00018100002953597095 -0.7174081170688184
vn -0.6966531136819543 0.00018100002953597095 0.7174081170688184
vn 0.15303594157808137 -0.000036999985874927664 -0.9882206227438848
vn -0.15303594157808137 0.000036999985874927664 0.9882206227438848
vn 9.999997053411305e-7 0.1875989447222905 0.982245710572504
vn -9.999997053411305e-7 -0.1875989447222905 -0.982245710572504
vn 0 0.6910791150363479 0.7227791203130998
vn 0 -0.6910791150363479 -0.7227791203130998
vn 0 0.6134930763648621 0.7897000982983209
vn 0 -0.6134930763648621 -0.7897000982983209
vn 0 0.3866068429460276 0.9222446253501864
vn 0 -0.3866068429460276 -0.9222446253501864
vn 0 0.15899895978582895 0.9872787502965028
vn 0 -0.15899895978582895 -0.9872787502965028
vn -0.7402032155716345 -0.00019400005649937598 0.6723831958202037
vn 0.7402032155716345 0.00019400005649937598 -0.6723831958202037
vn -0.9850925624008016 -0.0002629998831698616 0.1720249235828474
vn 0.9850925624008016 0.0002629998831698616 -0.1720249235828474
vn -0.1529119710451271 -0.00003699999299359205 -0.9882398128703856
vn 0.1529119710451271 0.00003699999299359205 0.9882398128703856
vn 0.9862918628043458 -0.01848999742799535 0.16397097719122875
vn -0.9862918628043458 0.01848999742799535 -0.16397097719122875
vn 0.999999964063502 -0.00026799999036901856 -0.000006999999748444573
vn -0.999999964063502 0.00026799999036901856 0.000006999999748444573
vn 0.9999982518490915 -0.0018690004707068934 -0.00005600001410357774
vn -0.9999982518490915 0.0018690004707068934 0.00005600001410357774
vn 0.999871431003672 -0.016035006912035535 -0.000004000001724240675
vn -0.999871431003672 0.016035006912035535 0.000004000001724240675
vn 0.999999963279002 -0.0002709999900486095 9.999999632789419e-7
vn -0.999999963279002 0.0002709999900486095 -9.999999632789419e-7
vn 0.999999963279002 -0.0002709999900486095 -9.999999632790621e-7
vn -0.999999963279002 0.0002709999900486095 9.999999632790621e-7
vn -9.99999845303036e-7 0.0965529850635438 0.9953278460257801
vn 9.99999845303036e-7 -0.0965529850635438 -0.9953278460257801
vn 0.0000010000002811891185 0.15358604318671176 0.9881352778528097
vn -0.0000010000002811891185 -0.15358604318671176 -0.9881352778528097
vn 0.0000010000004347747834 0.1535850667748849 0.9881354296161807
vn -0.0000010000004347747834 -0.1535850667748849 -0.9881354296161807
vn 0 0.5160551984103604 0.8565553293241738
vn 0 -0.5160551984103604 -0.8565553293241738
vn -0.1490589851222744 0.04176499583139399 0.9879459013921366
vn 0.1490589851222744 -0.04176499583139399 -0.9879459013921366
vn -0.9858326069441816 -0.00026399989474203773 -0.1677319331245368
vn 0.9858326069441816 0.00026399989474203773 0.1677319331245368
vn -0.6964049846836172 -0.00018099999601901728 -0.7176489842163872
vn 0.6964049846836172 0.00018099999601901728 0.7176489842163872
vn 0.6967558658159814 -0.022863995596760854 0.7169438619280967
vn -0.6967558658159814 0.022863995596760854 -0.7169438619280967
vn 0.16375794974220165 -0.01894099418695317 0.9863186972958793
vn -0.16375794974220165 0.01894099418695317 -0.9863186972958793
vn 0.9998714149737198 -0.016036006655377116 0.0000030000012450782144
vn -0.9998714149737198 0.016036006655377116 -0.0000030000012450782144
vn 0.9998713989432685 -0.016037006398678624 0.0000010000003989911778
vn -0.9998713989432685 0.016037006398678624 -0.0000010000003989911778
vn 0.9999999634375021 -0.0002699999901281256 -0.000014999999451562591
vn -0.9999999634375021 0.0002699999901281256 0.000014999999451562591
vn 0.9999981631177136 -0.001916000312534164 -0.00005200000848213849
vn -0.9999981631177136 0.001916000312534164 0.00005200000848213849
vn 0.9999722170859922 -0.007454001618204295 -0.000054000011722973474
vn -0.9999722170859922 0.007454001618204295 0.000054000011722973474
vn 0.9999061093952338 -0.013703001499183813 -0.000012000001312869259
vn -0.9999061093952338 0.013703001499183813 0.000012000001312869259
vn 0.9858587911650615 -0.0002639999440767286 -0.16757796450187976
vn -0.9858587911650615 0.0002639999440767286 0.16757796450187976
vn 0.6965607772796031 -0.00018099994212638547 -0.7174977705851471
vn -0.6965607772796031 0.00018099994212638547 0.7174977705851471
vn 0.15296802143433955 -0.00003700000518433266 -0.9882311384739214
vn -0.15296802143433955 0.00003700000518433266 0.9882311384739214
vn 0 0.15260992320144112 -0.988286502660261
vn 0 -0.15260992320144112 0.988286502660261
vn 0 0.15260796978110713 -0.9882868043029253
vn 0 -0.15260796978110713 0.9882868043029253
vn 0 0.10160300252818777 -0.9948250247542314
vn 0 -0.10160300252818777 0.9948250247542314
vn -0.0000010000001219465221 -0.0167850020468726 0.9998591219293278
vn 0.0000010000001219465221 0.0167850020468726 -0.9998591219293278
vn 0 0.6915227214706088 0.722354709052196
vn 0 -0.6915227214706088 -0.722354709052196
vn 0 0.5762257171432535 0.8172905988097153
vn 0 -0.5762257171432535 -0.8172905988097153
vn 0 0.18892298224190154 0.9819919076962021
vn 0 -0.18892298224190154 -0.9819919076962021
vn 0 0.033560988963638176 0.9994366713403019
vn 0 -0.033560988963638176 -0.9994366713403019
vn -0.14905498617052998 -0.000035999996660104035 0.9888289082554694
vn 0.14905498617052998 0.000035999996660104035 -0.9888289082554694
vn -0.6904080913879443 -0.00018000002382640538 0.7234200957576775
vn 0.6904080913879443 0.00018000002382640538 -0.7234200957576775
vn -0.9850794354362366 -0.00026400011669643156 0.17210007607367156
vn 0.9850794354362366 0.00026400011669643156 -0.17210007607367156
vn -0.9999999638175019 -0.000268999990266908 -0.0000019999999276350635
vn 0.9999999638175019 0.000268999990266908 0.0000019999999276350635
vn -0.15243103727655744 0.1520920371936562 -0.9765412388102596
vn 0.15243103727655744 -0.1520920371936562 0.9765412388102596
vn 0.9850664082884394 -0.018592007705979807 0.1711680709454144
vn -0.9850664082884394 0.018592007705979807 -0.1711680709454144
vn 0.9999999648555019 -0.000264999990686708 -0.000007999999718844074
vn -0.9999999648555019 0.000264999990686708 0.000007999999718844074
vn 0.9999999625735022 -0.00027299998978256614 -0.0000179999993263231
vn -0.9999999625735022 0.00027299998978256614 0.0000179999993263231
vn 0.9999999638190018 -0.0002689999902673115 -9.999999638190615e-7
vn -0.9999999638190018 0.0002689999902673115 9.999999638190615e-7
vn 0 0.4888261301653723 0.8723812322990141
vn 0 -0.4888261301653723 -0.8723812322990141
vn -0.0000010000004347747834 0.1535850667748849 0.9881354296161807
vn 0.0000010000004347747834 -0.1535850667748849 -0.9881354296161807
vn 0.1498650364926654 -0.01877200457104959 0.9885282407101159
vn -0.1498650364926654 0.01877200457104959 -0.9885282407101159
vn 0 0.5427708771704214 0.8398808099341544
vn 0 -0.5427708771704214 -0.8398808099341544
vn 0 0.34845692395381433 0.937324795441071
vn 0 -0.34845692395381433 -0.937324795441071
vn 9.999999292915075e-7 0.0479459966098104 0.9988499293728222
vn -9.999999292915075e-7 -0.0479459966098104 -0.9988499293728222
vn -0.999999964086002 -0.00026799999037504857 0.0000019999999281719444
vn 0.999999964086002 0.00026799999037504857 -0.0000019999999281719444
vn -0.9858310621729165 -0.00026500001671258676 -0.16774101057883875
vn 0.9858310621729165 0.00026500001671258676 0.16774101057883875
vn -0.7027781740837975 0.20650405115271198 -0.6807781686342195
vn 0.7027781740837975 -0.20650405115271198 0.6807781686342195
vn 0.6380228320153096 -0.02276699400569049 0.7696807973511542
vn -0.6380228320153096 0.02276699400569049 -0.7696807973511542
vn 0.9999055055998447 -0.013746993202842134 -0.0000069999965388766205
vn -0.9999055055998447 0.013746993202842134 0.0000069999965388766205
vn 0.9998945067266641 -0.014524992834452414 9.999995066716396e-7
vn -0.9998945067266641 0.014524992834452414 -9.999995066716396e-7
vn 0.9999999658115019 -0.000260999991076802 -0.000015999999452984086
vn -0.9999999658115019 0.000260999991076802 0.000015999999452984086
vn 0.9999999626510022 -0.00027299998980372364 -0.000012999999514463089
vn -0.9999999626510022 0.00027299998980372364 0.000012999999514463089
vn 0.9999980765153557 -0.0019610001500469125 -0.00003800000290758976
vn -0.9999980765153557 0.0019610001500469125 0.00003800000290758976
vn 0.9999715731357258 -0.0075399967813532505 -0.00003699998420558128
vn -0.9999715731357258 0.0075399967813532505 0.00003699998420558128
vn 0.9999999643535019 -0.000266999990482385 -0.000001999999928707063
vn -0.9999999643535019 0.000266999990482385 0.000001999999928707063
vn 0.9795776752289123 -0.00026199991313599456 -0.20106593333820938
vn -0.9795776752289123 0.00026199991313599456 0.20106593333820938
vn 0.6964679144984699 -0.00018099997777947026 -0.7175879119056842
vn -0.6964679144984699 0.00018099997777947026 0.7175879119056842
vn 0.1529269225163829 -0.00003699998125296781 -0.988237499288845
vn -0.1529269225163829 0.00003699998125296781 0.988237499288845
vn 0 0.17436906533950144 -0.9846803689790046
vn 0 -0.17436906533950144 0.9846803689790046
vn 0 0.6959582448075314 -0.7180822525897851
vn 0 -0.6959582448075314 0.7180822525897851
vn 0 0.695958760449296 -0.7180817528345079
vn 0 -0.695958760449296 0.7180817528345079
vn 0 0.6430691184453043 -0.7658081410522998
vn 0 -0.6430691184453043 0.7658081410522998
vn 0 0.47781008637158673 0.8784631587958466
vn 0 -0.47781008637158673 -0.8784631587958466
vn 0 0.15358604318678856 0.9881352778533039
vn 0 -0.15358604318678856 -0.9881352778533039
vn 0 0.6925570775601638 0.7213630807861773
vn 0 -0.6925570775601638 -0.7213630807861773
vn 0.000002000000103880008 0.5919100307438077 0.8060040418638512
vn -0.000002000000103880008 -0.5919100307438077 -0.8060040418638512
vn 9.999999385530055e-7 0.37078697721625303 0.9287179429330704
vn -9.999999385530055e-7 -0.37078697721625303 -0.9287179429330704
vn 0.000002000000068279003 0.1714890058545488 0.9851860336337591
vn -0.000002000000068279003 -0.1714890058545488 -0.9851860336337591
vn -0.14898800049456568 -0.00003600000011972157 0.9888390032824511
vn 0.14898800049456568 0.00003600000011972157 -0.9888390032824511
vn -0.6903139409450254 -0.00017999998460152262 0.7235099381051744
vn 0.6903139409450254 0.00017999998460152262 -0.7235099381051744
vn -0.9999999638190018 -0.0002689999902673115 9.99999963818942e-7
vn 0.9999999638190018 0.0002689999902673115 -9.99999963818942e-7
vn -0.9999999646175018 -0.0002659999905882555 -0.0000029999998938525645
vn 0.9999999646175018 0.0002659999905882555 0.0000029999998938525645
vn -0.985071598397227 -0.0002629998927778968 0.17214492981842
vn 0.985071598397227 0.0002629998927778968 -0.17214492981842
vn -0.2633640261050386 0.6695650663682972 -0.6944940688392971
vn 0.2633640261050386 -0.6695650663682972 0.6944940688392971
vn 0.9851932546084516 0.003816000986188304 0.17140504429706835
vn -0.9851932546084516 -0.003816000986188304 -0.17140504429706835
vn 0.9999999651115018 -0.0002639999907894365 -0.000008999999686003575
vn -0.9999999651115018 0.0002639999907894365 0.000008999999686003575
vn 0 0.1830439499410561 -0.9831047311400632
vn 0 -0.1830439499410561 0.9831047311400632
vn 0 0.6909022126915152 0.722948222556753
vn 0 -0.6909022126915152 -0.722948222556753
vn 0.09960603346359881 -0.018099006080534275 0.9948623342335084
vn -0.09960603346359881 0.018099006080534275 -0.9948623342335084
vn 0.0000019999990035717445 0.04195497909742605 0.9991195022243007
vn -0.0000019999990035717445 -0.04195497909742605 -0.9991195022243007
vn 9.999999999995e-7 0 1
vn -9.999999999995e-7 0 -1
vn -0.9999999635480019 -0.0002699999901579605 0.0000019999999270959436
vn 0.9999999635480019 0.0002699999901579605 -0.0000019999999270959436
vn -0.9680089878485831 0.17280699783075376 -0.18192399771630802
vn 0.9680089878485831 -0.17280699783075376 0.18192399771630802
vn -0.6835351819153941 0.5036641340446869 -0.5283011406015559
vn 0.6835351819153941 -0.5036641340446869 0.5283011406015559
vn 0.6886263544756718 0.14495307461570134 0.7104803657251909
vn -0.6886263544756718 -0.14495307461570134 -0.7104803657251909
vn 0.9999667636608831 -0.008152998073063591 -0.000013999996691144982
vn -0.9999667636608831 0.008152998073063591 0.000013999996691144982
vn 0.9999999663615016 -0.0002589999912876289 -0.000013999999529061079
vn -0.9999999663615016 0.0002589999912876289 0.000013999999529061079
vn 0.9999999629835021 -0.00027199998993151256 -0.000006999999740884575
vn -0.9999999629835021 0.00027199998993151256 0.000006999999740884575
vn 0.9999980237454534 -0.001988000047206056 -0.000019000000451164958
vn -0.9999980237454534 0.001988000047206056 0.000019000000451164958
vn 0.9896199548208814 -0.0002649999879019239 -0.14370899343925347
vn -0.9896199548208814 0.0002649999879019239 0.14370899343925347
vn 0.9999999638150019 -0.0002689999902662355 -0.0000029999998914450656
vn -0.9999999638150019 0.0002689999902662355 0.0000029999998914450656
vn 0.6964207214463919 -0.0001809999276036851 -0.7176337129616426
vn -0.6964207214463919 0.0001809999276036851 0.7176337129616426
vn 0.15291294766264726 -0.000036999987335834065 -0.9882396617562571
vn -0.15291294766264726 0.000036999987335834065 0.9882396617562571
vn 9.999998216745477e-7 0.10160498188124263 -0.9948248225973818
vn -9.999998216745477e-7 -0.10160498188124263 0.9948248225973818
vn 0 0.7453138075629812 -0.6667138278571787
vn 0 -0.7453138075629812 0.6667138278571787
vn 0 0.7639066785565406 -0.6453267284536683
vn 0 -0.7639066785565406 0.6453267284536683
vn 0 0.9857781281570797 -0.16805202184777235
vn 0 -0.9857781281570797 0.16805202184777235
vn 0 0.9794792456211029 -0.20154505054085384
vn 0 -0.9794792456211029 0.20154505054085384
vn 0 0.9895775516794136 -0.14400093476147108
vn 0 -0.9895775516794136 0.14400093476147108
vn -0.12665092834529448 0.9714184504051102 -0.2007628864153171
vn 0.12665092834529448 -0.9714184504051102 0.2007628864153171
vn 0 0.15358701959816548 0.9881351260890144
vn 0 -0.15358701959816548 -0.9881351260890144
vn 0.0000010000003844747218 0.5160551984101024 0.8565553293237455
vn -0.0000010000003844747218 -0.5160551984101024 -0.8565553293237455
vn -0.0000010000003493171832 0.6276182192377516 0.7785212719507629
vn 0.0000010000003493171832 -0.6276182192377516 -0.7785212719507629
vn 0 0.5698941017944934 0.8217181467753085
vn 0 -0.5698941017944934 -0.8217181467753085
vn 0 0.37078611469899414 0.9287182872897594
vn 0 -0.37078611469899414 -0.9287182872897594
vn 0 0.15900204092013429 0.987278254082015
vn 0 -0.15900204092013429 -0.987278254082015
vn -0.14893499814352526 -0.00003599999955147958 0.9888469876740223
vn 0.14893499814352526 0.00003599999955147958 -0.9888469876740223
vn -0.690266861355083 -0.00017999996384591158 0.7235548546689572
vn 0.690266861355083 0.00017999996384591158 -0.7235548546689572
vn -0.9871778888951093 0.1596239820346411 0.000005999999324747558
vn 0.9871778888951093 -0.1596239820346411 -0.000005999999324747558
vn -0.9871775737560656 0.15962593107665055 -9.999995681843354e-7
vn 0.9871775737560656 -0.15962593107665055 9.999995681843354e-7
vn -0.9918288011294188 0.1275759744198715 9.999997995193879e-7
vn 0.9918288011294188 -0.1275759744198715 -9.999997995193879e-7
vn -0.9906062762494202 0.13674503813395736 0.0000010000002788994803
vn 0.9906062762494202 -0.13674503813395736 -0.0000010000002788994803
vn -0.987177573752117 0.15962593107601206 0.0000029999987046827836
vn 0.987177573752117 -0.15962593107601206 -0.0000029999987046827836
vn -0.9850689652339616 -0.0002649999906473937 0.17215999392395745
vn 0.9850689652339616 0.0002649999906473937 -0.17215999392395745
vn -0.9943477818913296 0.10617197671133873 -0.0000029999993419311417
vn 0.9943477818913296 -0.10617197671133873 0.0000029999993419311417
vn -0.9871777313332003 0.15962495655703643 -0.0000019999994556517785
vn 0.9871777313332003 -0.15962495655703643 0.0000019999994556517785
vn -0.9771353800324516 0.2126180826925039 0.0000010000003889724375
vn 0.9771353800324516 -0.2126180826925039 -0.0000010000003889724375
vn -0.6625759684693355 0.7243179655311575 -0.19067399092620618
vn 0.6625759684693355 -0.7243179655311575 0.19067399092620618
vn 0.964955292784367 0.1356860411695256 0.22461206815124257
vn -0.964955292784367 -0.1356860411695256 -0.22461206815124257
vn 0.14916694895403462 0.15137394819878397 0.9771566656102062
vn -0.14916694895403462 -0.15137394819878397 -0.9771566656102062
vn 0.9999999661755017 -0.0002599999912056304 -0.000006999999763228569
vn -0.9999999661755017 0.0002599999912056304 0.000006999999763228569
vn 0.9999999638175019 -0.000268999990266908 -0.0000019999999276350635
vn -0.9999999638175019 0.000268999990266908 0.0000019999999276350635
vn 9.999995972227433e-7 0.691522721470263 0.7223547090518347
vn -9.999995972227433e-7 -0.691522721470263 -0.7223547090518347
vn 0.0000010000005042548814 0.4778132409395374 0.8784614429682476
vn -0.0000010000005042548814 -0.4778132409395374 -0.8784614429682476
vn 0 0.027965996503733062 0.9996088750304056
vn 0 -0.027965996503733062 -0.9996088750304056
vn -0.9771362562574367 0.21261405575878756 0.0000010000002623008128
vn 0.9771362562574367 -0.21261405575878756 -0.0000010000002623008128
vn 0.6587168131872795 0.39010788936502794 0.643356817543389
vn -0.6587168131872795 -0.39010788936502794 -0.643356817543389
vn 0.17180400366268964 0.5084390108394112 0.8437850179886532
vn -0.17180400366268964 -0.5084390108394112 -0.8437850179886532
vn 0.9736277995962634 0.15697596768932592 0.1655519659241113
vn -0.9736277995962634 -0.15697596768932592 -0.1655519659241113
vn 0.9999999643430019 -0.00026699999047958146 -0.000004999999821715069
vn -0.9999999643430019 0.00026699999047958146 0.000004999999821715069
vn 0.9999999677375014 -0.00025399999180532535 -0.0000029999999032125606
vn -0.9999999677375014 0.00025399999180532535 0.0000029999999032125606
vn 0.9902516102915067 0.08352496712917325 0.1114689561319583
vn -0.9902516102915067 -0.08352496712917325 -0.1114689561319583
vn 0.9999999638190018 -0.0002689999902673115 9.99999963818942e-7
vn -0.9999999638190018 0.0002689999902673115 -9.99999963818942e-7
vn 0.9999999638115018 -0.000268999990265294 -0.000003999999855246067
vn -0.9999999638115018 0.000268999990265294 0.000003999999855246067
vn 0.9795575597359947 -0.00026199988224361075 -0.20116390958649885
vn -0.9795575597359947 0.00026199988224361075 0.20116390958649885
vn 0.6964039697621403 -0.00018199999209740116 -0.7176499688396389
vn -0.6964039697621403 0.00018199999209740116 0.7176499688396389
vn 0.15243101409293383 0.15209301406168443 -0.9765410902856223
vn -0.15243101409293383 -0.15209301406168443 0.9765410902856223
vn 0 0.6430707838350078 -0.7658067425779356
vn 0 -0.6430707838350078 0.7658067425779356
vn -0.13752196084165866 0.990498717962959 0
vn 0.13752196084165866 -0.990498717962959 0
vn 0.0000010000000519415038 0.5919100307446955 0.8060040418650601
vn -0.0000010000000519415038 -0.5919100307446955 -0.8060040418650601
vn 0.0000010000001664585416 0.6910791150360024 0.7227791203127383
vn -0.0000010000001664585416 -0.6910791150360024 -0.7227791203127383
vn 0 0.38660599241073085 0.92224498189587
vn 0 -0.38660599241073085 -0.92224498189587
vn -9.999996911611431e-7 0.1714909470369154 0.985185695736282
vn 9.999996911611431e-7 -0.1714909470369154 -0.985185695736282
vn -9.99999936919506e-7 0.05034399682427539 0.998731936999492
vn 9.99999936919506e-7 -0.05034399682427539 -0.998731936999492
vn -0.14891402209943816 -0.000036000005342764765 0.9888501467493281
vn 0.14891402209943816 0.000036000005342764765 -0.9888501467493281
vn -0.6370463777794438 -0.0001650000978480632 0.7708254571127356
vn 0.6370463777794438 0.0001650000978480632 -0.7708254571127356
vn -0.7076290882056173 0.7065840880753587 0.0000020000002494559395
vn 0.7076290882056173 -0.7065840880753587 -0.0000020000002494559395
vn -0.7076270896828939 0.7065860895509603 0
vn 0.7076270896828939 -0.7065860895509603 0
vn -0.7076280889453183 0.7065850888142183 0.000001000000125851917
vn 0.7076280889453183 -0.7065850888142183 -0.000001000000125851917
vn -0.7561872854615103 0.6543552470198066 0.000002000000755147723
vn 0.7561872854615103 -0.6543552470198066 -0.000002000000755147723
vn -0.7076280889453183 0.7065850888142183 -0.0000010000001255381303
vn 0.7076280889453183 -0.7065850888142183 0.0000010000001255381303
vn -0.7076260904186986 0.7065870902859377 0
vn 0.7076260904186986 -0.7065870902859377 0
vn -0.9722465847370442 0.15900793208502356 0.17161892669865456
vn 0.9722465847370442 -0.15900793208502356 -0.17161892669865456
vn -0.7561858676489582 0.6543568854715233 -0.0000019999996498057954
vn 0.7561858676489582 -0.6543568854715233 0.0000019999996498057954
vn -0.6337846367372497 0.7735095566519088 0.000001999998853843739
vn 0.6337846367372497 -0.7735095566519088 -0.000001999998853843739
vn 0.6171398968904347 0.5425079093596847 0.5699329047776132
vn -0.6171398968904347 -0.5425079093596847 -0.5699329047776132
vn 0.9999999646220018 -0.0002659999905894525 0
vn -0.9999999646220018 0.0002659999905894525 0
vn 0.9999999667175015 -0.00025799999141311536 -9.999999667175587e-7
vn -0.9999999667175015 0.00025799999141311536 9.999999667175587e-7
vn 0.9999999638070018 -0.0002689999902640835 -0.0000049999998190350696
vn -0.9999999638070018 0.0002689999902640835 0.0000049999998190350696
vn 0 0.989577388442352 -0.1440020565256421
vn 0 -0.989577388442352 0.1440020565256421
vn 0 0.9937246557037813 -0.11185396124590861
vn 0 -0.9937246557037813 0.11185396124590861
vn -0.0000010000000519415038 0.5919100307446955 0.8060040418650601
vn 0.0000010000000519415038 -0.5919100307446955 -0.8060040418650601
vn 0.10933405760698212 0.6872933621277513 0.7181043783617566
vn -0.10933405760698212 -0.6872933621277513 -0.7181043783617566
vn 0.6421661072911957 0.4560190761903055 0.6161731029483623
vn -0.6421661072911957 -0.4560190761903055 -0.6161731029483623
vn 0.9823961789130259 0.07666101396142842 0.17035503102489072
vn -0.9823961789130259 -0.07666101396142842 -0.17035503102489072
vn 0.9858310621729165 -0.00026500001671258676 -0.16774101057883875
vn -0.9858310621729165 0.00026500001671258676 0.16774101057883875
vn 0.702777840773751 0.20650295321325082 -0.6807788457579967
vn -0.702777840773751 -0.20650295321325082 0.6807788457579967
vn 0.2633630888995425 0.6695642260147906 -0.6944952344303783
vn -0.2633630888995425 -0.6695642260147906 0.6944952344303783
vn -0.16048699272889622 0.9870379552807658 0
vn 0.16048699272889622 -0.9870379552807658 0
vn 9.999997943185634e-7 0.3929009191875577 0.9195808108592591
vn -9.999997943185634e-7 -0.3929009191875577 -0.9195808108592591
vn 0 0.5919100307449914 0.8060040418654631
vn 0 -0.5919100307449914 -0.8060040418654631
vn -9.999995928317488e-7 0.6921437181809378 0.721759706122243
vn 9.999995928317488e-7 -0.6921437181809378 -0.721759706122243
vn 0.0000010000004416987926 0.2005110885654664 0.9796914327283318
vn -0.0000010000004416987926 -0.2005110885654664 -0.9796914327283318
vn 9.999998813450211e-7 0.047946994310849506 0.9988498814814744
vn -9.999998813450211e-7 -0.047946994310849506 -0.9988498814814744
vn -0.0991489603374989 -0.000022999990799547968 0.9950726019416841
vn 0.0991489603374989 0.000022999990799547968 -0.9950726019416841
vn -0.6639790795277671 0.2590710310301049 0.7014370840142812
vn 0.6639790795277671 -0.2590710310301049 -0.7014370840142812
vn -0.16048601848478067 0.9870381136870565 0
vn 0.16048601848478067 -0.9870381136870565 0
vn -0.19248190636469714 0.9813005226337199 -9.999995133194623e-7
vn 0.19248190636469714 -0.9813005226337199 9.999995133194623e-7
vn -0.6776460187975619 0.676498018765717 0.2883510079987131
vn 0.6776460187975619 -0.676498018765717 -0.2883510079987131
vn 0.9934282789502294 -0.0002670000749724555 0.1144560321387433
vn -0.9934282789502294 0.0002670000749724555 -0.1144560321387433
vn 0.9850967042296844 0.0045599986308833785 0.17194094837559773
vn -0.9850967042296844 -0.0045599986308833785 -0.17194094837559773
vn 0.9727257527812949 0.03981298988150995 0.22851594192256647
vn -0.9727257527812949 -0.03981298988150995 -0.22851594192256647
vn 0.9999999638150019 -0.0002689999902662355 0.000002999999891444946
vn -0.9999999638150019 0.0002689999902662355 -0.000002999999891444946
vn 0.999999964086002 -0.00026799999037504857 -0.000001999999928172064
vn -0.999999964086002 0.00026799999037504857 0.000001999999928172064
vn 0.1598920656813556 0.9728193996201854 -0.16750206880743498
vn -0.1598920656813556 -0.9728193996201854 0.16750206880743498
vn 0 0.37078697721643844 0.9287179429335348
vn 0 -0.37078697721643844 -0.9287179429335348
vn 0.0000010000003093396434 0.37078611469880884 0.9287182872892952
vn -0.0000010000003093396434 -0.37078611469880884 -0.9287182872892952
vn 0.000001999999999996 0 1
vn -0.000001999999999996 0 -1
vn -0.14846195338377052 0.14813195348738842 0.9777606929885683
vn 0.14846195338377052 -0.14813195348738842 -0.9777606929885683
vn -0.15985906172407344 0.9720523753245612 0.17192806638410432
vn 0.15985906172407344 -0.9720523753245612 -0.17192806638410432
vn 0.08097302184381165 0.5901571592046526 0.8032172166811267
vn -0.08097302184381165 -0.5901571592046526 -0.8032172166811267
vn 0.6783767244468224 0.24589390011914736 0.6923447187730941
vn -0.6783767244468224 -0.24589390011914736 -0.6923447187730941
vn 0.9999999643510019 -0.0002669999904817175 -0.000002999999893053065
vn -0.9999999643510019 0.0002669999904817175 0.000002999999893053065
vn 0.9680093224042707 0.17280505755428927 -0.18192406059145577
vn -0.9680093224042707 -0.17280505755428927 0.18192406059145577
vn 0.9871773906962603 0.1596270631757749 0
vn -0.9871773906962603 -0.1596270631757749 0
vn 0.999999964086002 -0.00026799999037504857 0.0000019999999281719444
vn -0.999999964086002 0.00026799999037504857 -0.0000019999999281719444
vn 0.6835348039612211 0.5036628555487583 -0.5283028484819722
vn -0.6835348039612211 -0.5036628555487583 0.5283028484819722
vn 0.7123012886608682 0.665816269822764 -0.22207108999454941
vn -0.7123012886608682 -0.665816269822764 0.22207108999454941
vn 0.10683398631002679 0.994276872590884 0
vn -0.10683398631002679 -0.994276872590884 0
vn 0 0.12735404140503406 0.9918573224702255
vn 0 -0.12735404140503406 -0.9918573224702255
vn -0.259944048980092 0.6632771249783355 0.701778132232908
vn 0.259944048980092 -0.6632771249783355 -0.701778132232908
vn -0.5636607375920322 0.5624577381520793 0.6049197183842278
vn 0.5636607375920322 -0.5624577381520793 -0.6049197183842278
vn 0 0.9904460174729535 0.13790100243278075
vn 0 -0.9904460174729535 -0.13790100243278075
vn 0.13703794665518035 0.3667388572394092 0.9201756418028376
vn -0.13703794665518035 -0.3667388572394092 -0.9201756418028376
vn 0.9850921938848796 -0.0002630000517634505 0.17202703385819212
vn -0.9850921938848796 0.0002630000517634505 -0.17202703385819212
vn 0.7402032155716345 -0.00019400005649937598 0.6723831958202037
vn -0.7402032155716345 0.00019400005649937598 -0.6723831958202037
vn 0.6903351854941248 0.04030401082974946 0.722366194100906
vn -0.6903351854941248 -0.04030401082974946 -0.722366194100906
vn 0.6878679269195397 0.12459598676267374 0.7150619240303951
vn -0.6878679269195397 -0.12459598676267374 -0.7150619240303951
vn 0.9999999635455019 -0.0002699999901572855 0.0000029999998906364456
vn -0.9999999635455019 0.0002699999901572855 -0.0000029999998906364456
vn 0.9999999635375019 -0.0002699999901551255 -0.00000499999981768757
vn -0.9999999635375019 0.0002699999901551255 0.00000499999981768757
vn 0.9771358407503222 0.21261596534870325 0
vn -0.9771358407503222 -0.21261596534870325 0
vn 0.9871775737565592 0.15962593107673034 0
vn -0.9871775737565592 -0.15962593107673034 0
vn 0.9943477818953069 0.10617197671176341 -9.999997806319973e-7
vn -0.9943477818953069 -0.10617197671176341 9.999997806319973e-7
vn 0.5817970160677792 0.8133340224622525 0
vn -0.5817970160677792 -0.8133340224622525 0
vn -0.0000010000000341410018 0.17148900585480603 0.985186033635237
vn 0.0000010000000341410018 -0.17148900585480603 -0.985186033635237
vn 9.999999060030134e-7 0.1889229822418071 0.9819919076957111
vn -9.999999060030134e-7 -0.1889229822418071 -0.9819919076957111
vn 0 0.7395398068436904 0.6731128241933866
vn 0 -0.7395398068436904 -0.6731128241933866
vn 0.19583402731914248 0.168196023463599 0.9661051347731249
vn -0.19583402731914248 -0.168196023463599 -0.9661051347731249
vn 0.9999999637950019 -0.0002689999902608555 -0.000006999999746565073
vn -0.9999999637950019 0.0002689999902608555 0.000006999999746565073
vn 0.7076270896828939 0.7065860895509603 0
vn -0.7076270896828939 -0.7065860895509603 0
vn 0.16048601848478067 0.9870381136870565 0
vn -0.16048601848478067 -0.9870381136870565 0
vn -9.999995017873723e-7 0.041954979097488986 0.9991195022257995
vn 9.999995017873723e-7 -0.041954979097488986 -0.9991195022257995
vn 0 0.68980203338366 0.72399803503861
vn 0 -0.68980203338366 -0.72399803503861
vn 0 0.9890178704683381 0.14779598064316193
vn 0 -0.9890178704683381 -0.14779598064316193
vn 0.9850789270948037 -0.00026299998053554185 0.1721029872627444
vn -0.9850789270948037 0.00026299998053554185 -0.1721029872627444
vn 0.6904070685953976 -0.00018000001788406327 0.7234210718755041
vn -0.6904070685953976 0.00018000001788406327 -0.7234210718755041
vn 0.1490589851222744 0.04176499583139399 0.9879459013921366
vn -0.1490589851222744 -0.04176499583139399 -0.9879459013921366
vn 0.9871775737560656 0.15962593107665055 9.999995682552236e-7
vn -0.9871775737560656 -0.15962593107665055 -9.999995682552236e-7
vn 0.9871777313332003 0.15962495655703643 -0.0000019999994556517785
vn -0.9871777313332003 -0.15962495655703643 0.0000019999994556517785
vn 0.9999999638015018 -0.000268999990262604 -0.000005999999782809071
vn -0.9999999638015018 0.000268999990262604 0.000005999999782809071
vn 0.7561858676500924 0.6543568854725048 -9.999998248317495e-7
vn -0.7561858676500924 -0.6543568854725048 9.999998248317495e-7
vn 0.9771360485040577 0.21261501055399679 0.0000010000000496862138
vn -0.9771360485040577 -0.21261501055399679 -0.0000010000000496862138
vn 0 0.05593297343984212 0.998434525886489
vn 0 -0.05593297343984212 -0.998434525886489
vn 0.0000010000004996138744 0.17825408905817136 0.9839844916120587
vn -0.0000010000004996138744 -0.17825408905817136 -0.9839844916120587
vn 9.9999988454152e-7 0.14860998284171506 0.988895885823571
vn -9.9999988454152e-7 -0.14860998284171506 -0.988895885823571
vn 0.14905498617052998 -0.000035999996660104035 0.9888289082554694
vn -0.14905498617052998 0.000035999996660104035 -0.9888289082554694
vn 0.9871775737442195 0.15962593107473502 -0.000004999997841003455
vn -0.9871775737442195 -0.15962593107473502 0.000004999997841003455
vn 0 0.1486099828417894 0.9888958858240655
vn 0 -0.1486099828417894 -0.9888958858240655
vn 0 0.6898010097944846 0.7239990102800622
vn 0 -0.6898010097944846 -0.7239990102800622
vn 0 0.9850128495245234 0.17248097365094628
vn 0 -0.9850128495245234 -0.17248097365094628
vn 0.9850715981376609 -0.00026399989230064413 0.17214492977305987
vn -0.9850715981376609 0.00026399989230064413 -0.17214492977305987
vn 0.6903149638599417 -0.0001799999905766214 0.7235089621221363
vn -0.6903149638599417 0.0001799999905766214 -0.7235089621221363
vn 0.14898800049456568 -0.00003600000011972157 0.9888390032824511
vn -0.14898800049456568 0.00003600000011972157 -0.9888390032824511
vn 0.7076270896814787 0.706586089549547 0.000002000000253627942
vn -0.7076270896814787 -0.706586089549547 -0.000002000000253627942
vn 0.7076270896814787 0.706586089549547 -0.0000020000002533141542
vn -0.7076270896814787 -0.706586089549547 0.0000020000002533141542
vn 0.7076270896797097 0.7065860895477806 -0.0000030000003800421786
vn -0.7076270896797097 -0.7065860895477806 0.0000030000003800421786
vn 0.9943476763229802 0.10617296543890044 9.99999674506734e-7
vn -0.9943476763229802 -0.10617296543890044 -9.99999674506734e-7
vn 0.6337840384209403 0.7735100468913408 0.0000010000000607932592
vn -0.6337840384209403 -0.7735100468913408 -0.0000010000000607932592
vn 0 0.6897999862040004 0.7239999855200007
vn 0 -0.6897999862040004 -0.7239999855200007
vn 0.7561854394667483 0.6543573802880817 0.0000010000005813083033
vn -0.7561854394667483 -0.6543573802880817 -0.0000010000005813083033
vn 0 0.12734997996377428 0.991857843949034
vn 0 -0.12734997996377428 -0.991857843949034
vn 0 0.6144841372459691 0.7889291762085349
vn 0 -0.6144841372459691 -0.7889291762085349
vn 0.9850689657540781 -0.0002629999908568437 0.17215999401485793
vn -0.9850689657540781 0.0002629999908568437 -0.17215999401485793
vn 0.6902689071826525 -0.00018099997566191006 0.7235529027071037
vn -0.6902689071826525 0.00018099997566191006 -0.7235529027071037
vn 0.14893499814352526 -0.00003599999955147958 0.9888469876740223
vn -0.14893499814352526 0.00003599999955147958 -0.9888469876740223
vn 0.16048601848470043 0.9870381136865629 -0.0000010000001149603534
vn -0.16048601848470043 -0.9870381136865629 0.0000010000001149603534
vn 0.9722465969970633 0.1590089340896974 0.17161792886318192
vn -0.9722465969970633 -0.1590089340896974 -0.17161792886318192
vn 0 0.9803916455174059 0.1970589287489236
vn 0 -0.9803916455174059 -0.1970589287489236
vn 0.15985906172407344 0.9720523753245612 0.17192806638410432
vn -0.15985906172407344 -0.9720523753245612 -0.17192806638410432
vn 0.6776472134189248 0.6764972130567424 0.28835009081328045
vn -0.6776472134189248 -0.6764972130567424 -0.28835009081328045
vn 0 0.11883401598602802 0.99291413357079
vn 0 -0.11883401598602802 -0.99291413357079
vn 0 0.6365677932857824 0.7712207495595987
vn 0 -0.6365677932857824 -0.7712207495595987
vn 0.6370480572782674 -0.00016400001474574114 0.7708240693063367
vn -0.6370480572782674 0.00016400001474574114 -0.7708240693063367
vn 0.14891402209943816 -0.000036000005342764765 0.9888501467493281
vn -0.14891402209943816 0.000036000005342764765 -0.9888501467493281
vn 0 0.9933894280664977 0.1147930494660578
vn 0 -0.9933894280664977 -0.1147930494660578
vn 0.6639799323802871 0.2590719736161114 0.7014359285657686
vn -0.6639799323802871 -0.2590719736161114 -0.7014359285657686
vn 0.09914797016826406 -0.00002299999307996107 0.9950727006015757
vn -0.09914797016826406 0.00002299999307996107 -0.9950727006015757
vn 0 0.978372682210418 0.2068499328121536
vn 0 -0.978372682210418 -0.2068499328121536
vn 0.259944048980092 0.6632771249783355 0.701778132232908
vn -0.259944048980092 -0.6632771249783355 -0.701778132232908
vn 0.5636607375920322 0.5624577381520793 0.6049197183842278
vn -0.5636607375920322 -0.5624577381520793 -0.6049197183842278
vn 0 0.14861193867083758 0.9888955919026513
vn 0 -0.14861193867083758 -0.9888955919026513
vn 0 0.1486140414617627 0.9888952758914372
vn 0 -0.1486140414617627 -0.9888952758914372
vn 0 0.9850126796281257 0.17248194390086077
vn 0 -0.9850126796281257 -0.17248194390086077
vn 0.14846195338377052 0.14813195348738842 0.9777606929885683
vn -0.14846195338377052 -0.14813195348738842 -0.9777606929885683
vn 0.0000010000000483955035 0.6898020333833151 0.723998035038248
vn -0.0000010000000483955035 -0.6898020333833151 -0.723998035038248
vn 0.0000010000000141985003 0.6898010097941396 0.7239990102797002
vn -0.0000010000000141985003 -0.6898010097941396 -0.7239990102797002
usemtl material_0_0
f 1//1 2//2 3//3
f 3//4 2//5 1//6
f 4//7 2//2 1//1
f 1//6 2//5 4//8
f 5//9 3//3 2//2
f 2//5 3//4 5//10
f 1//1 3//3 6//11
f 6//12 3//4 1//6
f 4//7 7//13 2//2
f 2//5 7//14 4//8
f 8//15 4//7 1//1
f 1//6 4//8 8//16
f 5//9 9//17 3//3
f 3//4 9//18 5//10
f 10//19 5//9 2//2
f 2//5 5//10 10//20
f 6//11 3//3 9//17
f 9//18 3//4 6//12
f 11//21 1//1 6//11
f 6//12 1//6 11//22
f 4//7 12//23 7//13
f 7//14 12//24 4//8
f 10//19 2//2 7//13
f 7//14 2//5 10//20
f 13//25 4//7 8//15
f 8//16 4//8 13//26
f 8//15 1//1 11//21
f 11//22 1//6 8//16
f 14//27 9//17 5//9
f 5//10 9//18 14//28
f 15//29 5//9 10//19
f 10//20 5//10 15//30
f 6//11 9//17 16//31
f 16//32 9//18 6//12
f 11//21 6//11 17//33
f 17//34 6//12 11//22
f 18//35 12//23 4//7
f 4//8 12//24 18//36
f 19//37 7//13 12//23
f 12//24 7//14 19//38
f 19//37 10//19 7//13
f 7//14 10//20 19//38
f 13//25 18//35 4//7
f 4//8 18//36 13//26
f 20//39 13//25 8//15
f 8//16 13//26 20//40
f 21//41 8//15 11//21
f 11//22 8//16 21//42
f 14//27 22//43 9//17
f 9//18 22//44 14//28
f 15//29 14//27 5//9
f 5//10 14//28 15//30
f 19//37 15//29 10//19
f 10//20 15//30 19//38
f 16//31 9//17 23//45
f 23//46 9//18 16//32
f 17//33 6//11 16//31
f 16//32 6//12 17//34
f 21//41 11//21 17//33
f 17//34 11//22 21//42
f 18//35 24//47 12//23
f 12//24 24//48 18//36
f 25//19 19//37 12//23
f 12//24 19//38 25//20
f 13//25 26//49 18//35
f 18//36 26//50 13//26
f 20//39 27//51 13//25
f 13//26 27//52 20//40
f 28//39 20//39 8//15
f 8//16 20//40 28//40
f 28//39 8//15 21//41
f 21//42 8//16 28//40
f 14//27 29//53 22//43
f 22//44 29//54 14//28
f 9//17 22//43 23//45
f 23//46 22//44 9//18
f 15//29 30//55 14//27
f 14//28 30//56 15//30
f 31//57 15//29 19//37
f 19//38 15//30 31//58
f 32//59 16//31 23//45
f 23//46 16//32 32//60
f 17//33 16//31 32//59
f 32//60 16//32 17//34
f 21//41 17//33 33//61
f 33//62 17//34 21//42
f 26//49 24//47 18//35
f 18//36 24//48 26//50
f 25//19 12//23 24//47
f 24//48 12//24 25//20
f 34//63 19//37 25//19
f 25//20 19//38 34//64
f 27//51 26//49 13//25
f 13//26 26//50 27//52
f 35//15 27//51 20//39
f 20//40 27//52 35//16
f 36//65 20//39 28//39
f 28//40 20//40 36//66
f 36//65 28//39 21//41
f 21//42 28//40 36//66
f 30//55 29//53 14//27
f 14//28 29//54 30//56
f 22//43 29//53 37//67
f 37//68 29//54 22//44
f 23//45 22//43 37//67
f 37//68 22//44 23//46
f 38//69 30//55 15//29
f 15//30 30//56 38//70
f 31//57 38//69 15//29
f 15//30 38//70 31//58
f 34//63 31//57 19//37
f 19//38 31//58 34//64
f 32//59 23//45 39//71
f 39//72 23//46 32//60
f 33//61 17//33 32//59
f 32//60 17//34 33//62
f 40//73 21//41 33//61
f 33//62 21//42 40//74
f 26//49 41//75 24//47
f 24//48 41//76 26//50
f 42//77 25//19 24//47
f 24//48 25//20 42//78
f 42//77 34//63 25//19
f 25//20 34//64 42//78
f 27//51 43//79 26//49
f 26//50 43//80 27//52
f 35//15 44//65 27//51
f 27//52 44//66 35//16
f 45//51 35//15 20//39
f 20//40 35//16 45//52
f 36//65 45//51 20//39
f 20//40 45//52 36//66
f 36//65 21//41 40//73
f 40//74 21//42 36//66
f 46//81 29//53 30//55
f 30//56 29//54 46//82
f 37//67 29//53 47//83
f 47//84 29//54 37//68
f 23//45 37//67 48//85
f 48//86 37//68 23//46
f 49//87 30//55 38//69
f 38//70 30//56 49//88
f 50//89 38//69 31//57
f 31//58 38//70 50//90
f 51//91 31//57 34//63
f 34//64 31//58 51//92
f 39//71 23//45 48//85
f 48//86 23//46 39//72
f 32//59 39//71 52//93
f 52//94 39//72 32//60
f 33//61 32//59 53//95
f 53//96 32//60 33//62
f 40//73 33//61 54//97
f 54//98 33//62 40//74
f 43//79 41//75 26//49
f 26//50 41//76 43//80
f 42//77 24//47 41//75
f 41//76 24//48 42//78
f 55//63 34//63 42//77
f 42//78 34//64 55//64
f 44//65 43//79 27//51
f 27//52 43//80 44//66
f 56//65 44//65 35//15
f 35//16 44//66 56//66
f 57//51 35//15 45//51
f 45//52 35//16 57//52
f 58//65 45//51 36//65
f 36//66 45//52 58//66
f 59//65 36//65 40//73
f 40//74 36//66 59//66
f 47//83 29//53 46//81
f 46//82 29//54 47//84
f 46//81 30//55 49//87
f 49//88 30//56 46//82
f 60//99 37//67 47//83
f 47//84 37//68 60//100
f 48//85 37//67 60//99
f 60//100 37//68 48//86
f 49//87 38//69 61//101
f 61//102 38//70 49//88
f 61//101 38//69 50//89
f 50//90 38//70 61//102
f 51//91 50//89 31//57
f 31//58 50//90 51//92
f 62//63 51//91 34//63
f 34//64 51//92 62//64
f 52//93 39//71 48//85
f 48//86 39//72 52//94
f 53//95 32//59 52//93
f 52//94 32//60 53//96
f 54//97 33//61 53//95
f 53//96 33//62 54//98
f 63//103 40//73 54//97
f 54//98 40//74 63//104
f 43//79 64//105 41//75
f 41//76 64//106 43//80
f 65//107 42//77 41//75
f 41//76 42//78 65//108
f 62//63 34//63 55//63
f 55//64 34//64 62//64
f 66//63 55//63 42//77
f 42//78 55//64 66//64
f 44//65 67//109 43//79
f 43//80 67//110 44//66
f 56//65 68//65 44//65
f 44//66 68//66 56//66
f 57//51 56//65 35//15
f 35//16 56//66 57//52
f 58//65 57//51 45//51
f 45//52 57//52 58//66
f 58//65 36//65 59//65
f 59//66 36//66 58//66
f 63//103 59//65 40//73
f 40//74 59//66 63//104
f 69//111 47//83 46//81
f 46//82 47//84 69//112
f 70//113 46//81 49//87
f 49//88 46//82 70//114
f 71//115 60//99 47//83
f 47//84 60//100 71//116
f 72//117 48//85 60//99
f 60//100 48//86 72//118
f 73//119 49//87 61//101
f 61//102 49//88 73//120
f 61//101 50//89 74//121
f 74//122 50//90 61//102
f 51//91 75//123 50//89
f 50//90 75//124 51//92
f 62//63 76//125 51//91
f 51//92 76//126 62//64
f 52//93 48//85 77//127
f 77//128 48//86 52//94
f 78//129 53//95 52//93
f 52//94 53//96 78//130
f 54//97 53//95 78//129
f 78//130 53//96 54//98
f 63//103 54//97 79//131
f 79//132 54//98 63//104
f 67//109 64//105 43//79
f 43//80 64//106 67//110
f 65//107 41//75 64//105
f 64//106 41//76 65//108
f 66//63 42//77 65//107
f 65//108 42//78 66//64
f 80//63 62//63 55//63
f 55//64 62//64 80//64
f 80//63 55//63 66//63
f 66//64 55//64 80//64
f 68//65 67//109 44//65
f 44//66 67//110 68//66
f 81//65 68//65 56//65
f 56//66 68//66 81//66
f 82//15 56//65 57//51
f 57//52 56//66 82//16
f 83//133 57//51 58//65
f 58//66 57//52 83//134
f 84//135 58//65 59//65
f 59//66 58//66 84//136
f 85//39 59//65 63//103
f 63//104 59//66 85//40
f 71//115 47//83 69//111
f 69//112 47//84 71//116
f 69//111 46//81 70//113
f 70//114 46//82 69//112
f 73//119 70//113 49//87
f 49//88 70//114 73//120
f 86//137 60//99 71//115
f 71//116 60//100 86//138
f 77//127 48//85 72//117
f 72//118 48//86 77//128
f 72//117 60//99 86//137
f 86//138 60//100 72//118
f 87//139 73//119 61//101
f 61//102 73//120 87//140
f 74//121 50//89 75//123
f 75//124 50//90 74//122
f 87//139 61//101 74//121
f 74//122 61//102 87//140
f 76//125 75//123 51//91
f 51//92 75//124 76//126
f 62//63 88//63 76//125
f 76//126 88//64 62//64
f 52//93 77//127 89//141
f 89//142 77//128 52//94
f 78//129 52//93 90//143
f 90//144 52//94 78//130
f 79//131 54//97 78//129
f 78//130 54//98 79//132
f 91//145 63//103 79//131
f 79//132 63//104 91//146
f 67//109 92//147 64//105
f 64//106 92//148 67//110
f 93//149 65//107 64//105
f 64//106 65//108 93//150
f 94//63 66//63 65//107
f 65//108 66//64 94//64
f 80//63 88//63 62//63
f 62//64 88//64 80//64
f 94//63 80//63 66//63
f 66//64 80//64 94//64
f 95//15 67//109 68//65
f 68//66 67//110 95//16
f 96//25 68//65 81//65
f 81//66 68//66 96//26
f 82//15 81//65 56//65
f 56//66 81//66 82//16
f 83//133 82//15 57//51
f 57//52 82//16 83//134
f 84//135 83//133 58//65
f 58//66 83//134 84//136
f 85//39 84//135 59//65
f 59//66 84//136 85//40
f 85//39 63//103 91//145
f 91//146 63//104 85//40
f 97//151 71//115 69//111
f 69//112 71//116 97//152
f 73//119 69//111 70//113
f 70//114 69//112 73//120
f 98//153 86//137 71//115
f 71//116 86//138 98//154
f 77//127 72//117 99//155
f 99//156 72//118 77//128
f 100//157 72//117 86//137
f 86//138 72//118 100//158
f 101//159 73//119 87//139
f 87//140 73//120 101//160
f 75//123 102//161 74//121
f 74//122 102//162 75//124
f 74//121 103//163 87//139
f 87//140 103//164 74//122
f 76//125 104//165 75//123
f 75//124 104//166 76//126
f 105//63 76//125 88//63
f 88//64 76//126 105//64
f 89//141 77//127 106//167
f 106//168 77//128 89//142
f 90//143 52//93 89//141
f 89//142 52//94 90//144
f 107//169 78//129 90//143
f 90//144 78//130 107//170
f 79//131 78//129 107//169
f 107//170 78//130 79//132
f 91//145 79//131 108//171
f 108//172 79//132 91//146
f 95//15 92//147 67//109
f 67//110 92//148 95//16
f 92//147 93//149 64//105
f 64//106 93//150 92//148
f 93//149 109//173 65//107
f 65//108 109//174 93//150
f 94//63 65//107 109//173
f 109//174 65//108 94//64
f 110//63 88//63 80//63
f 80//64 88//64 110//64
f 111//63 80//63 94//63
f 94//64 80//64 111//64
f 96//25 95//15 68//65
f 68//66 95//16 96//26
f 112//51 96//25 81//65
f 81//66 96//26 112//52
f 113//15 81//65 82//15
f 82//16 81//66 113//16
f 114//133 82//15 83//133
f 83//134 82//16 114//134
f 115//39 83//133 84//135
f 84//136 83//134 115//40
f 116//175 84//135 85//39
f 85//40 84//136 116//176
f 117//177 85//39 91//145
f 91//146 85//40 117//178
f 98//153 71//115 97//151
f 97//152 71//116 98//154
f 97//151 69//111 73//119
f 73//120 69//112 97//152
f 118//179 86//137 98//153
f 98//154 86//138 118//180
f 99//155 72//117 100//157
f 100//158 72//118 99//156
f 77//127 99//155 119//181
f 119//182 99//156 77//128
f 120//183 100//157 86//137
f 86//138 100//158 120//184
f 101//159 97//151 73//119
f 73//120 97//152 101//160
f 87//139 121//185 101//159
f 101//160 121//186 87//140
f 75//123 122//187 102//161
f 102//162 122//188 75//124
f 74//121 102//161 103//163
f 103//164 102//162 74//122
f 87//139 103//163 121//185
f 121//186 103//164 87//140
f 105//63 104//165 76//125
f 76//126 104//166 105//64
f 104//165 122//187 75//123
f 75//124 122//188 104//166
f 110//63 105//63 88//63
f 88//64 105//64 110//64
f 77//127 119//181 106//167
f 106//168 119//182 77//128
f 89//141 106//167 123//189
f 123//190 106//168 89//142
f 90//143 89//141 124//191
f 124//192 89//142 90//144
f 107//169 90//143 125//193
f 125//194 90//144 107//170
f 108//171 79//131 107//169
f 107//170 79//132 108//172
f 117//177 91//145 108//171
f 108//172 91//146 117//178
f 95//15 126//39 92//147
f 92//148 126//40 95//16
f 127//195 93//149 92//147
f 92//148 93//150 127//196
f 128//197 109//173 93//149
f 93//150 109//174 128//198
f 129//199 94//63 109//173
f 109//174 94//64 129//200
f 111//63 110//63 80//63
f 80//64 110//64 111//64
f 130//63 111//63 94//63
f 94//64 111//64 130//64
f 131//65 95//15 96//25
f 96//26 95//16 131//66
f 132//201 96//25 112//51
f 112//52 96//26 132//202
f 113//15 112//51 81//65
f 81//66 112//52 113//16
f 114//133 113//15 82//15
f 82//16 113//16 114//134
f 115//39 114//133 83//133
f 83//134 114//134 115//40
f 116//175 115//39 84//135
f 84//136 115//40 116//176
f 116//175 85//39 133//65
f 133//66 85//40 116//176
f 133//65 85//39 117//177
f 117//178 85//40 133//66
f 134//203 98//153 97//151
f 97//152 98//154 134//204
f 120//183 86//137 118//179
f 118//180 86//138 120//184
f 135//205 118//179 98//153
f 98//154 118//180 135//206
f 99//155 100//157 120//183
f 120//184 100//158 99//156
f 119//181 99//155 136//207
f 136//208 99//156 119//182
f 134//203 97//151 101//159
f 101//160 97//152 134//204
f 134//203 101//159 121//185
f 121//186 101//160 134//204
f 102//161 122//187 137//209
f 137//210 122//188 102//162
f 103//163 102//161 138//211
f 138//212 102//162 103//164
f 121//185 103//163 139//213
f 139//214 103//164 121//186
f 140//63 104//165 105//63
f 105//64 104//166 140//64
f 141//215 122//187 104//165
f 104//166 122//188 141//216
f 142//63 105//63 110//63
f 110//64 105//64 142//64
f 106//167 119//181 143//217
f 143//218 119//182 106//168
f 123//189 106//167 144//219
f 144//220 106//168 123//190
f 124//191 89//141 123//189
f 123//190 89//142 124//192
f 125//193 90//143 124//191
f 124//192 90//144 125//194
f 145//221 107//169 125//193
f 125//194 107//170 145//222
f 108//171 107//169 145//221
f 145//222 107//170 108//172
f 117//177 108//171 146//223
f 146//224 108//172 117//178
f 131//65 126//39 95//15
f 95//16 126//40 131//66
f 126//39 127//195 92//147
f 92//148 127//196 126//40
f 127//195 128//197 93//149
f 93//150 128//198 127//196
f 128//197 129//199 109//173
f 109//174 129//200 128//198
f 130//63 94//63 129//199
f 129//200 94//64 130//64
f 111//63 147//63 110//63
f 110//64 147//64 111//64
f 148//63 111//63 130//63
f 130//64 111//64 148//64
f 132//201 131//65 96//25
f 96//26 131//66 132//202
f 149//51 132//201 112//51
f 112//52 132//202 149//52
f 150//225 112//51 113//15
f 113//16 112//52 150//226
f 151//135 113//15 114//133
f 114//134 113//16 151//136
f 152//201 114//133 115//39
f 115//40 114//134 152//202
f 153//227 115//39 116//175
f 116//176 115//40 153//228
f 154//15 116//175 133//65
f 133//66 116//176 154//16
f 155//39 133//65 117//177
f 117//178 133//66 155//40
f 135//205 98//153 134//203
f 134//204 98//154 135//206
f 156//229 120//183 118//179
f 118//180 120//184 156//230
f 135//205 156//229 118//179
f 118//180 156//230 135//206
f 136//207 99//155 120//183
f 120//184 99//156 136//208
f 136//207 143//217 119//181
f 119//182 143//218 136//208
f 134//203 121//185 157//231
f 157//232 121//186 134//204
f 122//187 158//233 137//209
f 137//210 158//234 122//188
f 138//211 102//161 137//209
f 137//210 102//162 138//212
f 139//213 103//163 138//211
f 138//212 103//164 139//214
f 159//235 121//185 139//213
f 139//214 121//186 159//236
f 140//63 141//215 104//165
f 104//166 141//216 140//64
f 160//63 140//63 105//63
f 105//64 140//64 160//64
f 141//215 158//233 122//187
f 122//188 158//234 141//216
f 160//63 105//63 142//63
f 142//64 105//64 160//64
f 161//63 142//63 110//63
f 110//64 142//64 161//64
f 106//167 143//217 144//219
f 144//220 143//218 106//168
f 123//189 144//219 162//237
f 162//238 144//220 123//190
f 124//191 123//189 163//237
f 163//238 123//190 124//192
f 164//193 125//193 124//191
f 124//192 125//194 164//194
f 145//221 125//193 164//193
f 164//194 125//194 145//222
f 146//223 108//171 145//221
f 145//222 108//172 146//224
f 165//239 117//177 146//223
f 146//224 117//178 165//240
f 131//65 166//39 126//39
f 126//40 166//40 131//66
f 166//39 127//195 126//39
f 126//40 127//196 166//40
f 167//195 128//197 127//195
f 127//196 128//198 167//196
f 168//197 129//199 128//197
f 128//198 129//200 168//198
f 169//63 130//63 129//199
f 129//200 130//64 169//64
f 170//63 147//63 111//63
f 111//64 147//64 170//64
f 161//63 110//63 147//63
f 147//64 110//64 161//64
f 148//63 170//63 111//63
f 111//64 170//64 148//64
f 169//63 148//63 130//63
f 130//64 148//64 169//64
f 171//175 131//65 132//201
f 132//202 131//66 171//176
f 172//15 132//201 149//51
f 149//52 132//202 172//16
f 149//51 112//51 150//225
f 150//226 112//52 149//52
f 150//225 113//15 151//135
f 151//136 113//16 150//226
f 152//201 151//135 114//133
f 114//134 151//136 152//202
f 153//227 152//201 115//39
f 115//40 152//202 153//228
f 173//15 153//227 116//175
f 116//176 153//228 173//16
f 173//15 116//175 154//15
f 154//16 116//176 173//16
f 154//15 133//65 155//39
f 155//40 133//66 154//16
f 155//39 117//177 165//239
f 165//240 117//178 155//40
f 134//203 174//241 135//205
f 135//206 174//242 134//204
f 156//229 136//207 120//183
f 120//184 136//208 156//230
f 135//205 175//243 156//229
f 156//230 175//244 135//206
f 136//207 176//245 143//217
f 143//218 176//246 136//208
f 157//231 121//185 159//235
f 159//236 121//186 157//232
f 157//231 174//241 134//203
f 134//204 174//242 157//232
f 137//209 158//233 177//247
f 177//248 158//234 137//210
f 138//211 137//209 178//249
f 178//250 137//210 138//212
f 139//213 138//211 179//251
f 179//252 138//212 139//214
f 159//235 139//213 179//251
f 179//252 139//214 159//236
f 140//63 180//63 141//215
f 141//216 180//64 140//64
f 181//63 140//63 160//63
f 160//64 140//64 181//64
f 182//253 158//233 141//215
f 141//216 158//234 182//254
f 183//63 160//63 142//63
f 142//64 160//64 183//64
f 183//63 142//63 161//63
f 161//64 142//64 183//64
f 143//217 184//255 144//219
f 144//220 184//256 143//218
f 144//219 185//257 162//237
f 162//238 185//258 144//220
f 163//237 123//189 162//237
f 162//238 123//190 163//238
f 186//259 124//191 163//237
f 163//238 124//192 186//260
f 164//193 124//191 186//259
f 186//260 124//192 164//194
f 145//221 164//193 187//261
f 187//262 164//194 145//222
f 146//223 145//221 188//263
f 188//264 145//222 146//224
f 165//239 146//223 189//265
f 189//266 146//224 165//240
f 190//175 166//39 131//65
f 131//66 166//40 190//176
f 166//39 167//195 127//195
f 127//196 167//196 166//40
f 167//195 168//197 128//197
f 128//198 168//198 167//196
f 168//197 191//173 129//199
f 129//200 191//174 168//198
f 169//63 129//199 191//173
f 191//174 129//200 169//64
f 170//63 161//63 147//63
f 147//64 161//64 170//64
f 192//267 170//63 148//63
f 148//64 170//64 192//268
f 193//269 148//63 169//63
f 169//64 148//64 193//270
f 171//175 190//175 131//65
f 131//66 190//176 171//176
f 172//15 171//175 132//201
f 132//202 171//176 172//16
f 194//65 172//15 149//51
f 149//52 172//16 194//66
f 195//65 149//51 150//225
f 150//226 149//52 195//66
f 196//15 150//225 151//135
f 151//136 150//226 196//16
f 197//39 151//135 152//201
f 152//202 151//136 197//40
f 198//271 152//201 153//227
f 153//228 152//202 198//272
f 199//25 153//227 173//15
f 173//16 153//228 199//26
f 200//273 173//15 154//15
f 154//16 173//16 200//274
f 200//273 154//15 155//39
f 155//40 154//16 200//274
f 201//275 155//39 165//239
f 165//240 155//40 201//276
f 174//241 175//243 135//205
f 135//206 175//244 174//242
f 156//229 176//245 136//207
f 136//208 176//246 156//230
f 175//243 176//245 156//229
f 156//230 176//246 175//244
f 176//245 184//255 143//217
f 143//218 184//256 176//246
f 202//277 157//231 159//235
f 159//236 157//232 202//278
f 174//241 157//231 202//277
f 202//278 157//232 174//242
f 177//247 158//233 203//279
f 203//280 158//234 177//248
f 178//249 137//209 177//247
f 177//248 137//210 178//250
f 138//211 178//249 179//251
f 179//252 178//250 138//212
f 159//235 179//251 204//281
f 204//282 179//252 159//236
f 181//63 180//63 140//63
f 140//64 180//64 181//64
f 180//63 182//253 141//215
f 141//216 182//254 180//64
f 183//63 181//63 160//63
f 160//64 181//64 183//64
f 182//253 205//283 158//233
f 158//234 205//284 182//254
f 206//63 183//63 161//63
f 161//64 183//64 206//64
f 144//219 184//255 185//257
f 185//258 184//256 144//220
f 162//237 185//257 207//285
f 207//286 185//258 162//238
f 163//237 162//237 208//287
f 208//288 162//238 163//238
f 209//289 186//259 163//237
f 163//238 186//260 209//290
f 187//261 164//193 186//259
f 186//260 164//194 187//262
f 188//263 145//221 187//261
f 187//262 145//222 188//264
f 189//265 146//223 188//263
f 188//264 146//224 189//266
f 210//291 165//239 189//265
f 189//266 165//240 210//292
f 211//15 166//39 190//175
f 190//176 166//40 211//16
f 212//39 167//195 166//39
f 166//40 167//196 212//40
f 213//35 168//197 167//195
f 167//196 168//198 213//36
f 214//197 191//173 168//197
f 168//198 191//174 214//198
f 215//293 169//63 191//173
f 191//174 169//64 215//294
f 206//63 161//63 170//63
f 170//64 161//64 206//64
f 216//295 170//63 192//267
f 192//268 170//64 216//296
f 192//267 148//63 193//269
f 193//270 148//64 192//268
f 217//297 193//269 169//63
f 169//64 193//270 217//298
f 218//175 190//175 171//175
f 171//176 190//176 218//176
f 219//65 171//175 172//15
f 172//16 171//176 219//66
f 220//225 172//15 194//65
f 194//66 172//16 220//226
f 194//65 149//51 195//65
f 195//66 149//52 194//66
f 195//65 150//225 196//15
f 196//16 150//226 195//66
f 196//15 151//135 197//39
f 197//40 151//136 196//16
f 221//15 197//39 152//201
f 152//202 197//40 221//16
f 221//15 152//201 198//271
f 198//272 152//202 221//16
f 199//25 198//271 153//227
f 153//228 198//272 199//26
f 222//299 199//25 173//15
f 173//16 199//26 222//300
f 222//299 173//15 200//273
f 200//274 173//16 222//300
f 200//273 155//39 201//275
f 201//276 155//40 200//274
f 201//275 165//239 210//291
f 210//292 165//240 201//276
f 174//241 223//301 175//243
f 175//244 223//302 174//242
f 175//243 224//303 176//245
f 176//246 224//304 175//244
f 176//245 224//303 184//255
f 184//256 224//304 176//246
f 202//277 159//235 204//281
f 204//282 159//236 202//278
f 174//241 202//277 223//301
f 223//302 202//278 174//242
f 158//233 225//305 203//279
f 203//280 225//306 158//234
f 177//247 203//279 226//307
f 226//308 203//280 177//248
f 179//251 178//249 177//247
f 177//248 178//250 179//252
f 204//281 179//251 226//307
f 226//308 179//252 204//282
f 227//63 180//63 181//63
f 181//64 180//64 227//64
f 228//63 182//253 180//63
f 180//64 182//254 228//64
f 229//63 181//63 183//63
f 183//64 181//64 229//64
f 230//63 205//283 182//253
f 182//254 205//284 230//64
f 158//233 205//283 225//305
f 225//306 205//284 158//234
f 231//63 183//63 206//63
f 206//64 183//64 231//64
f 184//255 232//309 185//257
f 185//258 232//310 184//256
f 185//257 232//309 207//285
f 207//286 232//310 185//258
f 162//237 207//285 208//287
f 208//288 207//286 162//238
f 163//237 208//287 233//311
f 233//312 208//288 163//238
f 187//261 186//259 209//289
f 209//290 186//260 187//262
f 209//289 163//237 234//313
f 234//314 163//238 209//290
f 235//315 188//263 187//261
f 187//262 188//264 235//316
f 189//265 188//263 235//315
f 235//316 188//264 189//266
f 210//291 189//265 236//317
f 236//318 189//266 210//292
f 211//15 212//39 166//39
f 166//40 212//40 211//16
f 218//175 211//15 190//175
f 190//176 211//16 218//176
f 212//39 213//35 167//195
f 167//196 213//36 212//40
f 213//35 214//197 168//197
f 168//198 214//198 213//36
f 214//197 215//293 191//173
f 191//174 215//294 214//198
f 217//297 169//63 215//293
f 215//294 169//64 217//298
f 216//295 206//63 170//63
f 170//64 206//64 216//296
f 237//319 216//295 192//267
f 192//268 216//296 237//320
f 237//319 192//267 193//269
f 193//270 192//268 237//320
f 217//297 238//321 193//269
f 193//270 238//322 217//298
f 219//65 218//175 171//175
f 171//176 218//176 219//66
f 220//225 219//65 172//15
f 172//16 219//66 220//226
f 239//15 220//225 194//65
f 194//66 220//226 239//16
f 240//135 194//65 195//65
f 195//66 194//66 240//136
f 241//135 195//65 196//15
f 196//16 195//66 241//136
f 242//39 196//15 197//39
f 197//40 196//16 242//40
f 242//39 197//39 221//15
f 221//16 197//40 242//40
f 243//39 221//15 198//271
f 198//272 221//16 243//40
f 243//39 198//271 199//25
f 199//26 198//272 243//40
f 244//299 199//25 222//299
f 222//300 199//26 244//300
f 245//323 222//299 200//273
f 200//274 222//300 245//324
f 246//325 200//273 201//275
f 201//276 200//274 246//326
f 246//325 201//275 210//291
f 210//292 201//276 246//326
f 175//243 223//301 224//303
f 224//304 223//302 175//244
f 184//255 224//303 247//327
f 247//328 224//304 184//256
f 202//277 204//281 248//329
f 248//330 204//282 202//278
f 223//301 202//277 248//329
f 248//330 202//278 223//302
f 203//279 225//305 249//331
f 249//332 225//306 203//280
f 226//307 203//279 250//333
f 250//334 203//280 226//308
f 179//251 177//247 226//307
f 226//308 177//248 179//252
f 204//281 226//307 251//335
f 251//336 226//308 204//282
f 227//63 228//63 180//63
f 180//64 228//64 227//64
f 229//63 227//63 181//63
f 181//64 227//64 229//64
f 228//63 230//63 182//253
f 182//254 230//64 228//64
f 231//63 229//63 183//63
f 183//64 229//64 231//64
f 230//63 252//63 205//283
f 205//284 252//64 230//64
f 205//283 253//63 225//305
f 225//306 253//64 205//284
f 216//295 231//63 206//63
f 206//64 231//64 216//296
f 184//255 247//327 232//309
f 232//310 247//328 184//256
f 207//285 232//309 254//285
f 254//286 232//310 207//286
f 208//287 207//285 255//285
f 255//286 207//286 208//288
f 208//287 255//285 233//311
f 233//312 255//286 208//288
f 234//313 163//237 233//311
f 233//312 163//238 234//314
f 256//261 187//261 209//289
f 209//290 187//262 256//262
f 209//289 234//313 257//337
f 257//338 234//314 209//290
f 235//315 187//261 256//261
f 256//262 187//262 235//316
f 236//317 189//265 235//315
f 235//316 189//266 236//318
f 258//339 210//291 236//317
f 236//318 210//292 258//340
f 259//51 212//39 211//15
f 211//16 212//40 259//52
f 260//25 211//15 218//175
f 218//176 211//16 260//26
f 212//39 261//7 213//35
f 213//36 261//8 212//40
f 261//7 214//197 213//35
f 213//36 214//198 261//8
f 262//341 215//293 214//197
f 214//198 215//294 262//342
f 263//343 217//297 215//293
f 215//294 217//298 263//344
f 264//345 216//295 237//319
f 237//320 216//296 264//346
f 238//321 237//319 193//269
f 193//270 237//320 238//322
f 263//343 238//321 217//297
f 217//298 238//322 263//344
f 219//65 260//25 218//175
f 218//176 260//26 219//66
f 220//225 265//51 219//65
f 219//66 265//52 220//226
f 239//15 266//15 220//225
f 220//226 266//16 239//16
f 239//15 194//65 240//135
f 240//136 194//66 239//16
f 240//135 195//65 241//135
f 241//136 195//66 240//136
f 241//135 196//15 242//39
f 242//40 196//16 241//136
f 267//15 242//39 221//15
f 221//16 242//40 267//16
f 267//15 221//15 243//39
f 243//40 221//16 267//16
f 244//299 243//39 199//25
f 199//26 243//40 244//300
f 268//323 244//299 222//299
f 222//300 244//300 268//324
f 268//323 222//299 245//323
f 245//324 222//300 268//324
f 245//323 200//273 246//325
f 246//326 200//274 245//324
f 246//325 210//291 258//339
f 258//340 210//292 246//326
f 224//303 223//301 269//347
f 269//348 223//302 224//304
f 224//303 269//347 247//327
f 247//328 269//348 224//304
f 248//329 204//281 251//335
f 251//336 204//282 248//330
f 223//301 248//329 269//347
f 269//348 248//330 223//302
f 225//305 270//349 249//331
f 249//332 270//350 225//306
f 203//279 249//331 250//333
f 250//334 249//332 203//280
f 251//335 226//307 250//333
f 250//334 226//308 251//336
f 271//63 228//63 227//63
f 227//64 228//64 271//64
f 272//63 227//63 229//63
f 229//64 227//64 272//64
f 228//63 273//63 230//63
f 230//64 273//64 228//64
f 231//63 274//63 229//63
f 229//64 274//64 231//64
f 275//63 252//63 230//63
f 230//64 252//64 275//64
f 252//63 253//63 205//283
f 205//284 253//64 252//64
f 253//63 270//349 225//305
f 225//306 270//350 253//64
f 276//351 231//63 216//295
f 216//296 231//64 276//352
f 247//327 277//353 232//309
f 232//310 277//354 247//328
f 232//309 278//355 254//285
f 254//286 278//356 232//310
f 207//285 254//285 255//285
f 255//286 254//286 207//286
f 233//311 255//285 279//311
f 279//312 255//286 233//312
f 234//313 233//311 280//311
f 280//312 233//312 234//314
f 256//261 209//289 281//311
f 281//312 209//290 256//262
f 257//337 234//313 280//311
f 280//312 234//314 257//338
f 281//311 209//289 257//337
f 257//338 209//290 281//312
f 282//357 235//315 256//261
f 256//262 235//316 282//358
f 236//317 235//315 282//357
f 282//358 235//316 236//318
f 258//339 236//317 283//359
f 283//360 236//318 258//340
f 259//51 284//39 212//39
f 212//40 284//40 259//52
f 260//25 259//51 211//15
f 211//16 259//52 260//26
f 284//39 261//7 212//39
f 212//40 261//8 284//40
f 261//7 262//341 214//197
f 214//198 262//342 261//8
f 262//341 285//361 215//293
f 215//294 285//362 262//342
f 263//343 215//293 285//361
f 285//362 215//294 263//344
f 264//345 276//351 216//295
f 216//296 276//352 264//346
f 237//319 286//363 264//345
f 264//346 286//364 237//320
f 287//365 237//319 238//321
f 238//322 237//320 287//366
f 263//343 288//367 238//321
f 238//322 288//368 263//344
f 265//51 260//25 219//65
f 219//66 260//26 265//52
f 266//15 265//51 220//225
f 220//226 265//52 266//16
f 289//225 266//15 239//15
f 239//16 266//16 289//226
f 290//25 239//15 240//135
f 240//136 239//16 290//26
f 291//15 240//135 241//135
f 241//136 240//136 291//16
f 267//15 241//135 242//39
f 242//40 241//136 267//16
f 292//369 267//15 243//39
f 243//40 267//16 292//370
f 292//369 243//39 244//299
f 244//300 243//40 292//370
f 293//323 244//299 268//323
f 268//324 244//300 293//324
f 294//371 268//323 245//323
f 245//324 268//324 294//372
f 295//373 245//323 246//325
f 246//326 245//324 295//374
f 295//373 246//325 258//339
f 258//340 246//326 295//374
f 269//347 296//375 247//327
f 247//328 296//376 269//348
f 248//329 251//335 269//347
f 269//348 251//336 248//330
f 270//349 297//377 249//331
f 249//332 297//378 270//350
f 250//333 249//331 298//379
f 298//380 249//332 250//334
f 251//335 250//333 296//375
f 296//376 250//334 251//336
f 271//63 273//63 228//63
f 228//64 273//64 271//64
f 299//63 271//63 227//63
f 227//64 271//64 299//64
f 299//63 227//63 272//63
f 272//64 227//64 299//64
f 274//63 272//63 229//63
f 229//64 272//64 274//64
f 273//63 275//63 230//63
f 230//64 275//64 273//64
f 276//351 274//63 231//63
f 231//64 274//64 276//352
f 275//63 300//63 252//63
f 252//64 300//64 275//64
f 252//63 301//63 253//63
f 253//64 301//64 252//64
f 253//63 302//381 270//349
f 270//350 302//382 253//64
f 296//375 277//353 247//327
f 247//328 277//354 296//376
f 277//353 303//383 232//309
f 232//310 303//384 277//354
f 232//309 303//383 278//355
f 278//356 303//384 232//310
f 254//285 278//355 304//385
f 304//386 278//356 254//286
f 255//285 254//285 305//285
f 305//286 254//286 255//286
f 255//285 305//285 279//311
f 279//312 305//286 255//286
f 233//311 279//311 280//311
f 280//312 279//312 233//312
f 306//387 256//261 281//311
f 281//312 256//262 306//388
f 307//389 257//337 280//311
f 280//312 257//338 307//390
f 281//311 257//337 307//389
f 307//390 257//338 281//312
f 282//357 256//261 306//387
f 306//388 256//262 282//358
f 283//359 236//317 282//357
f 282//358 236//318 283//360
f 308//391 258//339 283//359
f 283//360 258//340 308//392
f 309//393 284//39 259//51
f 259//52 284//40 309//394
f 260//25 309//393 259//51
f 259//52 309//394 260//26
f 284//39 310//395 261//7
f 261//8 310//396 284//40
f 261//7 311//397 262//341
f 262//342 311//398 261//8
f 311//397 285//361 262//341
f 262//342 285//362 311//398
f 312//399 263//343 285//361
f 285//362 263//344 312//400
f 313//401 276//351 264//345
f 264//346 276//352 313//402
f 287//365 286//363 237//319
f 237//320 286//364 287//366
f 314//403 264//345 286//363
f 286//364 264//346 314//404
f 287//365 238//321 315//405
f 315//406 238//322 287//366
f 316//407 288//367 263//343
f 263//344 288//368 316//408
f 315//405 238//321 288//367
f 288//368 238//322 315//406
f 265//51 317//409 260//25
f 260//26 317//410 265//52
f 266//15 318//411 265//51
f 265//52 318//412 266//16
f 289//225 319//413 266//15
f 266//16 319//414 289//226
f 320//25 289//225 239//15
f 239//16 289//226 320//26
f 320//25 239//15 290//25
f 290//26 239//16 320//26
f 290//25 240//135 291//15
f 291//16 240//136 290//26
f 291//15 241//135 267//15
f 267//16 241//136 291//16
f 321//415 267//15 292//369
f 292//370 267//16 321//416
f 293//323 292//369 244//299
f 244//300 292//370 293//324
f 322//417 293//323 268//323
f 268//324 293//324 322//418
f 322//417 268//323 294//371
f 294//372 268//324 322//418
f 294//371 245//323 295//373
f 295//374 245//324 294//372
f 295//373 258//339 308//391
f 308//392 258//340 295//374
f 269//347 251//335 296//375
f 296//376 251//336 269//348
f 270//349 323//419 297//377
f 297//378 323//420 270//350
f 249//331 297//377 298//379
f 298//380 297//378 249//332
f 250//333 298//379 296//375
f 296//376 298//380 250//334
f 324//63 273//63 271//63
f 271//64 273//64 324//64
f 299//63 324//63 271//63
f 271//64 324//64 299//64
f 325//63 299//63 272//63
f 272//64 299//64 325//64
f 325//63 272//63 274//63
f 274//64 272//64 325//64
f 326//63 275//63 273//63
f 273//64 275//64 326//64
f 327//421 274//63 276//351
f 276//352 274//64 327//422
f 328//63 300//63 275//63
f 275//64 300//64 328//64
f 300//63 301//63 252//63
f 252//64 301//64 300//64
f 301//63 302//381 253//63
f 253//64 302//382 301//64
f 302//381 323//419 270//349
f 270//350 323//420 302//382
f 296//375 298//379 277//353
f 277//354 298//380 296//376
f 298//379 303//383 277//353
f 277//354 303//384 298//380
f 303//383 329//237 278//355
f 278//356 329//238 303//384
f 278//355 330//285 304//385
f 304//386 330//286 278//356
f 254//285 304//385 305//285
f 305//286 304//386 254//286
f 279//311 305//285 331//423
f 331//424 305//286 279//312
f 280//311 279//311 332//385
f 332//386 279//312 280//312
f 306//387 281//311 333//425
f 333//426 281//312 306//388
f 307//389 280//311 334//427
f 334//428 280//312 307//390
f 333//425 281//311 307//389
f 307//390 281//312 333//426
f 282//357 306//387 335//429
f 335//430 306//388 282//358
f 283//359 282//357 336//431
f 336//432 282//358 283//360
f 308//391 283//359 337//433
f 337//434 283//360 308//392
f 309//393 338//435 284//39
f 284//40 338//436 309//394
f 317//409 309//393 260//25
f 260//26 309//394 317//410
f 338//435 310//395 284//39
f 284//40 310//396 338//436
f 310//395 311//397 261//7
f 261//8 311//398 310//396
f 311//397 312//399 285//361
f 285//362 312//400 311//398
f 339//437 263//343 312//399
f 312//400 263//344 339//438
f 313//401 327//421 276//351
f 276//352 327//422 313//402
f 314//403 313//401 264//345
f 264//346 313//402 314//404
f 287//365 340//439 286//363
f 286//364 340//440 287//366
f 341//441 314//403 286//363
f 286//364 314//404 341//442
f 342//443 287//365 315//405
f 315//406 287//366 342//444
f 343//445 288//367 316//407
f 316//408 288//368 343//446
f 339//437 316//407 263//343
f 263//344 316//408 339//438
f 315//405 288//367 343//445
f 343//446 288//368 315//406
f 318//411 317//409 265//51
f 265//52 317//410 318//412
f 319//413 318//411 266//15
f 266//16 318//412 319//414
f 344//447 319//413 289//225
f 289//226 319//414 344//448
f 345//175 289//225 320//25
f 320//26 289//226 345//176
f 346//449 320//25 290//25
f 290//26 320//26 346//450
f 347//451 290//25 291//15
f 291//16 290//26 347//452
f 348//451 291//15 267//15
f 267//16 291//16 348//452
f 348//451 267//15 321//415
f 321//416 267//16 348//452
f 349//323 321//415 292//369
f 292//370 321//416 349//324
f 350//453 292//369 293//323
f 293//324 292//370 350//454
f 351//417 293//323 322//417
f 322//418 293//324 351//418
f 352//455 322//417 294//371
f 294//372 322//418 352//456
f 352//455 294//371 295//373
f 295//374 294//372 352//456
f 353//455 295//373 308//391
f 308//392 295//374 353//456
f 297//377 323//419 354//457
f 354//458 323//420 297//378
f 298//379 297//377 303//383
f 303//384 297//378 298//380
f 324//63 326//63 273//63
f 273//64 326//64 324//64
f 355//63 324//63 299//63
f 299//64 324//64 355//64
f 325//63 356//63 299//63
f 299//64 356//64 325//64
f 327//421 325//63 274//63
f 274//64 325//64 327//422
f 326//63 328//63 275//63
f 275//64 328//64 326//64
f 328//63 357//63 300//63
f 300//64 357//64 328//64
f 300//63 358//63 301//63
f 301//64 358//64 300//64
f 301//63 359//459 302//381
f 302//382 359//460 301//64
f 302//381 360//461 323//419
f 323//420 360//462 302//382
f 303//383 354//457 329//237
f 329//238 354//458 303//384
f 278//355 329//237 330//285
f 330//286 329//238 278//356
f 304//385 330//285 361//463
f 361//464 330//286 304//386
f 305//285 304//385 361//463
f 361//464 304//386 305//286
f 305//285 361//463 331//423
f 331//424 361//464 305//286
f 279//311 331//423 332//385
f 332//386 331//424 279//312
f 280//311 332//385 334//427
f 334//428 332//386 280//312
f 335//429 306//387 333//425
f 333//426 306//388 335//430
f 307//389 334//427 362//465
f 362//466 334//428 307//390
f 333//425 307//389 363//467
f 363//468 307//390 333//426
f 336//431 282//357 335//429
f 335//430 282//358 336//432
f 337//433 283//359 336//431
f 336//432 283//360 337//434
f 364//469 308//391 337//433
f 337//434 308//392 364//470
f 309//393 365//471 338//435
f 338//436 365//472 309//394
f 317//409 366//473 309//393
f 309//394 366//474 317//410
f 338//435 367//475 310//395
f 310//396 367//476 338//436
f 310//395 368//477 311//397
f 311//398 368//478 310//396
f 368//477 312//399 311//397
f 311//398 312//400 368//478
f 369//479 339//437 312//399
f 312//400 339//438 369//480
f 370//481 327//421 313//401
f 313//402 327//422 370//482
f 371//483 313//401 314//403
f 314//404 313//402 371//484
f 342//443 340//439 287//365
f 287//366 340//440 342//444
f 340//439 341//441 286//363
f 286//364 341//442 340//440
f 341//441 372//485 314//403
f 314//404 372//486 341//442
f 342//443 315//405 373//487
f 373//488 315//406 342//444
f 343//445 316//407 374//489
f 374//490 316//408 343//446
f 375//491 316//407 339//437
f 339//438 316//408 375//492
f 376//493 315//405 343//445
f 343//446 315//406 376//494
f 318//411 377//495 317//409
f 317//410 377//496 318//412
f 319//413 378//497 318//411
f 318//412 378//498 319//414
f 344//447 379//499 319//413
f 319//414 379//500 344//448
f 345//175 344//447 289//225
f 289//226 344//448 345//176
f 380//501 345//175 320//25
f 320//26 345//176 380//502
f 380//501 320//25 346//449
f 346//450 320//26 380//502
f 346//449 290//25 347//451
f 347//452 290//26 346//450
f 347//451 291//15 348//451
f 348//452 291//16 347//452
f 381//323 348//451 321//415
f 321//416 348//452 381//324
f 381//323 321//415 349//323
f 349//324 321//416 381//324
f 349//323 292//369 350//453
f 350//454 292//370 349//324
f 351//417 350//453 293//323
f 293//324 350//454 351//418
f 382//455 351//417 322//417
f 322//418 351//418 382//456
f 382//455 322//417 352//455
f 352//456 322//418 382//456
f 352//455 295//373 353//455
f 353//456 295//374 352//456
f 353//455 308//391 364//469
f 364//470 308//392 353//456
f 323//419 383//503 354//457
f 354//458 383//504 323//420
f 297//377 354//457 303//383
f 303//384 354//458 297//378
f 324//63 384//505 326//63
f 326//64 384//506 324//64
f 355//63 384//505 324//63
f 324//64 384//506 355//64
f 356//63 355//63 299//63
f 299//64 355//64 356//64
f 385//63 356//63 325//63
f 325//64 356//64 385//64
f 385//63 325//63 327//421
f 327//422 325//64 385//64
f 326//63 386//507 328//63
f 328//64 386//508 326//64
f 328//63 387//509 357//63
f 357//64 387//510 328//64
f 300//63 357//63 358//63
f 358//64 357//64 300//64
f 301//63 358//63 359//459
f 359//460 358//64 301//64
f 359//459 360//461 302//381
f 302//382 360//462 359//460
f 323//419 360//461 383//503
f 383//504 360//462 323//420
f 354//457 388//311 329//237
f 329//238 388//312 354//458
f 329//237 389//285 330//285
f 330//286 389//286 329//238
f 361//463 330//285 390//511
f 390//512 330//286 361//464
f 331//423 361//463 391//513
f 391//514 361//464 331//424
f 332//385 331//423 392//515
f 392//516 331//424 332//386
f 334//427 332//385 393//517
f 393//518 332//386 334//428
f 335//429 333//425 394//519
f 394//520 333//426 335//430
f 362//465 334//427 393//517
f 393//518 334//428 362//466
f 363//467 307//389 362//465
f 362//466 307//390 363//468
f 394//519 333//425 363//467
f 363//468 333//426 394//520
f 395//521 336//431 335//429
f 335//430 336//432 395//522
f 337//433 336//431 395//521
f 395//522 336//432 337//434
f 364//469 337//433 396//523
f 396//524 337//434 364//470
f 366//473 365//471 309//393
f 309//394 365//472 366//474
f 365//471 367//475 338//435
f 338//436 367//476 365//472
f 377//495 366//473 317//409
f 317//410 366//474 377//496
f 367//475 368//477 310//395
f 310//396 368//478 367//476
f 369//479 312//399 368//477
f 368//478 312//400 369//480
f 397//525 339//437 369//479
f 369//480 339//438 397//526
f 370//481 385//63 327//421
f 327//422 385//64 370//482
f 398//527 370//481 313//401
f 313//402 370//482 398//528
f 371//483 398//527 313//401
f 313//402 398//528 371//484
f 372//485 371//483 314//403
f 314//404 371//484 372//486
f 342//443 399//529 340//439
f 340//440 399//530 342//444
f 400//531 341//441 340//439
f 340//440 341//442 400//532
f 341//441 401//533 372//485
f 372//486 401//534 341//442
f 373//487 315//405 376//493
f 376//494 315//406 373//488
f 402//535 342//443 373//487
f 373//488 342//444 402//536
f 374//489 316//407 375//491
f 375//492 316//408 374//490
f 376//493 343//445 374//489
f 374//490 343//446 376//494
f 397//525 375//491 339//437
f 339//438 375//492 397//526
f 378//497 377//495 318//411
f 318//412 377//496 378//498
f 379//499 378//497 319//413
f 319//414 378//498 379//500
f 403//537 379//499 344//447
f 344//448 379//500 403//538
f 404//539 344//447 345//175
f 345//176 344//448 404//540
f 380//501 404//539 345//175
f 345//176 404//540 380//502
f 405//541 380//501 346//449
f 346//450 380//502 405//542
f 406//323 346//449 347//451
f 347//452 346//450 406//324
f 407//323 347//451 348//451
f 348//452 347//452 407//324
f 407//323 348//451 381//323
f 381//324 348//452 407//324
f 408//417 381//323 349//323
f 349//324 381//324 408//418
f 409//417 349//323 350//453
f 350//454 349//324 409//418
f 410//543 350//453 351//417
f 351//418 350//454 410//544
f 411//455 351//417 382//455
f 382//456 351//418 411//456
f 412//455 382//455 352//455
f 352//456 382//456 412//456
f 412//455 352//455 353//455
f 353//456 352//456 412//456
f 413//455 353//455 364//469
f 364//470 353//456 413//456
f 354//457 383//503 388//311
f 388//312 383//504 354//458
f 384//505 386//507 326//63
f 326//64 386//508 384//506
f 414//545 384//505 355//63
f 355//64 384//506 414//546
f 415//63 355//63 356//63
f 356//64 355//64 415//64
f 416//63 356//63 385//63
f 385//64 356//64 416//64
f 386//507 387//509 328//63
f 328//64 387//510 386//508
f 387//509 417//547 357//63
f 357//64 417//548 387//510
f 357//63 418//549 358//63
f 358//64 418//550 357//64
f 418//549 359//459 358//63
f 358//64 359//460 418//550
f 419//551 360//461 359//459
f 359//460 360//462 419//552
f 360//461 420//553 383//503
f 383//504 420//554 360//462
f 329//237 388//311 389//285
f 389//286 388//312 329//238
f 330//285 389//285 390//511
f 390//512 389//286 330//286
f 361//463 390//511 421//289
f 421//290 390//512 361//464
f 361//463 421//289 391//513
f 391//514 421//290 361//464
f 331//423 391//513 392//515
f 392//516 391//514 331//424
f 332//385 392//515 422//555
f 422//556 392//516 332//386
f 332//385 422//555 393//517
f 393//518 422//556 332//386
f 335//429 394//519 423//557
f 423//558 394//520 335//430
f 362//465 393//517 424//559
f 424//560 393//518 362//466
f 363//467 362//465 425//561
f 425//562 362//466 363//468
f 394//519 363//467 426//563
f 426//564 363//468 394//520
f 395//521 335//429 427//565
f 427//566 335//430 395//522
f 337//433 395//521 396//523
f 396//524 395//522 337//434
f 428//567 364//469 396//523
f 396//524 364//470 428//568
f 366//473 429//569 365//471
f 365//472 429//570 366//474
f 365//471 430//571 367//475
f 367//476 430//572 365//472
f 377//495 431//573 366//473
f 366//474 431//574 377//496
f 367//475 369//479 368//477
f 368//478 369//480 367//476
f 430//571 397//525 369//479
f 369//480 397//526 430//572
f 432//63 385//63 370//481
f 370//482 385//64 432//64
f 433//575 370//481 398//527
f 398//528 370//482 433//576
f 434//577 398//527 371//483
f 371//484 398//528 434//578
f 401//533 371//483 372//485
f 372//486 371//484 401//534
f 402//535 399//529 342//443
f 342//444 399//530 402//536
f 399//529 400//531 340//439
f 340//440 400//532 399//530
f 400//531 401//533 341//441
f 341//442 401//534 400//532
f 435//579 373//487 376//493
f 376//494 373//488 435//580
f 402//535 373//487 435//579
f 435//580 373//488 402//536
f 436//581 374//489 375//491
f 375//492 374//490 436//582
f 437//583 376//493 374//489
f 374//490 376//494 437//584
f 397//525 438//585 375//491
f 375//492 438//586 397//526
f 378//497 439//587 377//495
f 377//496 439//588 378//498
f 379//499 440//589 378//497
f 378//498 440//590 379//500
f 403//537 441//591 379//499
f 379//500 441//592 403//538
f 404//539 403//537 344//447
f 344//448 403//538 404//540
f 442//593 404//539 380//501
f 380//502 404//540 442//594
f 405//541 442//593 380//501
f 380//502 442//594 405//542
f 405//541 346//449 406//323
f 406//324 346//450 405//542
f 406//323 347//451 407//323
f 407//324 347//452 406//324
f 443//417 407//323 381//323
f 381//324 407//324 443//418
f 443//417 381//323 408//417
f 408//418 381//324 443//418
f 408//417 349//323 409//417
f 409//418 349//324 408//418
f 409//417 350//453 410//543
f 410//544 350//454 409//418
f 411//455 410//543 351//417
f 351//418 410//544 411//456
f 444//455 411//455 382//455
f 382//456 411//456 444//456
f 444//455 382//455 412//455
f 412//456 382//456 444//456
f 412//455 353//455 413//455
f 413//456 353//456 412//456
f 413//455 364//469 428//567
f 428//568 364//470 413//456
f 383//503 445//595 388//311
f 388//312 445//596 383//504
f 384//505 446//597 386//507
f 386//508 446//598 384//506
f 414//545 446//597 384//505
f 384//506 446//598 414//546
f 415//63 414//545 355//63
f 355//64 414//546 415//64
f 416//63 415//63 356//63
f 356//64 415//64 416//64
f 432//63 416//63 385//63
f 385//64 416//64 432//64
f 386//507 447//599 387//509
f 387//510 447//600 386//508
f 387//509 448//601 417//547
f 417//548 448//602 387//510
f 417//547 418//549 357//63
f 357//64 418//550 417//548
f 418//549 419//551 359//459
f 359//460 419//552 418//550
f 419//551 449//603 360//461
f 360//462 449//604 419//552
f 360//461 449//603 420//553
f 420//554 449//604 360//462
f 383//503 420//553 445//595
f 445//596 420//554 383//504
f 388//311 445//595 389//285
f 389//286 445//596 388//312
f 390//511 389//285 450//355
f 450//356 389//286 390//512
f 390//511 450//355 421//289
f 421//290 450//356 390//512
f 391//513 421//289 451//605
f 451//606 421//290 391//514
f 392//515 391//513 451//605
f 451//606 391//514 392//516
f 392//515 452//607 422//555
f 422//556 452//608 392//516
f 393//517 422//555 453//609
f 453//610 422//556 393//518
f 423//557 394//519 426//563
f 426//564 394//520 423//558
f 427//565 335//429 423//557
f 423//558 335//430 427//566
f 424//559 393//517 453//609
f 453//610 393//518 424//560
f 362//465 424//559 454//611
f 454//612 424//560 362//466
f 425//561 362//465 454//611
f 454//612 362//466 425//562
f 426//563 363//467 425//561
f 425//562 363//468 426//564
f 395//521 427//565 455//613
f 455//614 427//566 395//522
f 396//523 395//521 455//613
f 455//614 395//522 396//524
f 428//567 396//523 456//615
f 456//616 396//524 428//568
f 366//473 431//573 429//569
f 429//570 431//574 366//474
f 365//471 429//569 430//571
f 430//572 429//570 365//472
f 367//475 430//571 369//479
f 369//480 430//572 367//476
f 377//495 439//587 431//573
f 431//574 439//588 377//496
f 430//571 457//617 397//525
f 397//526 457//618 430//572
f 458//619 432//63 370//481
f 370//482 432//64 458//620
f 458//619 370//481 433//575
f 433//576 370//482 458//620
f 459//621 433//575 398//527
f 398//528 433//576 459//622
f 434//577 460//623 398//527
f 398//528 460//624 434//578
f 401//533 434//577 371//483
f 371//484 434//578 401//534
f 402//535 461//625 399//529
f 399//530 461//626 402//536
f 462//627 400//531 399//529
f 399//530 400//532 462//628
f 400//531 463//629 401//533
f 401//534 463//630 400//532
f 435//579 376//493 437//583
f 437//584 376//494 435//580
f 464//631 402//535 435//579
f 435//580 402//536 464//632
f 437//583 374//489 436//581
f 436//582 374//490 437//584
f 438//585 436//581 375//491
f 375//492 436//582 438//586
f 457//617 438//585 397//525
f 397//526 438//586 457//618
f 378//497 440//589 439//587
f 439//588 440//590 378//498
f 379//499 441//591 440//589
f 440//590 441//592 379//500
f 403//537 465//633 441//591
f 441//592 465//634 403//538
f 466//635 403//537 404//539
f 404//540 403//538 466//636
f 442//593 466//635 404//539
f 404//540 466//636 442//594
f 467//637 442//593 405//541
f 405//542 442//594 467//638
f 468//639 405//541 406//323
f 406//324 405//542 468//640
f 469//371 406//323 407//323
f 407//324 406//324 469//372
f 469//371 407//323 443//417
f 443//418 407//324 469//372
f 470//455 443//417 408//417
f 408//418 443//418 470//456
f 471//455 408//417 409//417
f 409//418 408//418 471//456
f 472//455 409//417 410//543
f 410//544 409//418 472//456
f 473//455 410//543 411//455
f 411//456 410//544 473//456
f 474//455 411//455 444//455
f 444//456 411//456 474//456
f 475//455 444//455 412//455
f 412//456 444//456 475//456
f 476//455 412//455 413//455
f 413//456 412//456 476//456
f 476//455 413//455 428//567
f 428//568 413//456 476//456
f 446//597 447//599 386//507
f 386//508 447//600 446//598
f 477//641 446//597 414//545
f 414//546 446//598 477//642
f 415//63 478//643 414//545
f 414//546 478//644 415//64
f 479//63 415//63 416//63
f 416//64 415//64 479//64
f 432//63 480//63 416//63
f 416//64 480//64 432//64
f 447//599 448//601 387//509
f 387//510 448//602 447//600
f 448//601 481//645 417//547
f 417//548 481//646 448//602
f 417//547 481//645 418//549
f 418//550 481//646 417//548
f 418//549 482//647 419//551
f 419//552 482//648 418//550
f 419//551 483//649 449//603
f 449//604 483//650 419//552
f 449//603 484//651 420//553
f 420//554 484//652 449//604
f 420//553 484//651 445//595
f 445//596 484//652 420//554
f 389//285 445//595 485//653
f 485//654 445//596 389//286
f 389//285 485//653 450//355
f 450//356 485//654 389//286
f 421//289 450//355 486//285
f 486//286 450//356 421//290
f 451//605 421//289 487//655
f 487//656 421//290 451//606
f 392//515 451//605 452//607
f 452//608 451//606 392//516
f 422//555 452//607 488//657
f 488//658 452//608 422//556
f 453//609 422//555 488//657
f 488//658 422//556 453//610
f 423//557 426//563 489//659
f 489//660 426//564 423//558
f 427//565 423//557 490//661
f 490//662 423//558 427//566
f 424//559 453//609 491//663
f 491//664 453//610 424//560
f 454//611 424//559 491//663
f 491//664 424//560 454//612
f 425//561 454//611 492//665
f 492//666 454//612 425//562
f 489//659 426//563 425//561
f 425//562 426//564 489//660
f 455//613 427//565 493//667
f 493//668 427//566 455//614
f 396//523 455//613 456//615
f 456//616 455//614 396//524
f 494//669 428//567 456//615
f 456//616 428//568 494//670
f 431//573 495//671 429//569
f 429//570 495//672 431//574
f 429//569 496//673 430//571
f 430//572 496//674 429//570
f 439//587 495//671 431//573
f 431//574 495//672 439//588
f 430//571 496//673 457//617
f 457//618 496//674 430//572
f 458//619 480//63 432//63
f 432//64 480//64 458//620
f 497//675 458//619 433//575
f 433//576 458//620 497//676
f 497//675 433//575 459//621
f 459//622 433//576 497//676
f 459//621 398//527 460//623
f 460//624 398//528 459//622
f 498//677 460//623 434//577
f 434//578 460//624 498//678
f 463//629 434//577 401//533
f 401//534 434//578 463//630
f 464//631 461//625 402//535
f 402//536 461//626 464//632
f 461//625 462//627 399//529
f 399//530 462//628 461//626
f 462//627 463//629 400//531
f 400//532 463//630 462//628
f 435//579 437//583 499//679
f 499//680 437//584 435//580
f 464//631 435//579 500//681
f 500//682 435//580 464//632
f 499//679 437//583 436//581
f 436//582 437//584 499//680
f 501//683 436//581 438//585
f 438//586 436//582 501//684
f 457//617 502//685 438//585
f 438//586 502//686 457//618
f 440//589 503//687 439//587
f 439//588 503//688 440//590
f 441//591 503//687 440//589
f 440//590 503//688 441//592
f 466//635 465//633 403//537
f 403//538 465//634 466//636
f 465//633 504//687 441//591
f 441//592 504//688 465//634
f 505//689 466//635 442//593
f 442//594 466//636 505//690
f 467//637 505//689 442//593
f 442//594 505//690 467//638
f 468//639 467//637 405//541
f 405//542 467//638 468//640
f 468//639 406//323 469//371
f 469//372 406//324 468//640
f 506//455 469//371 443//417
f 443//418 469//372 506//456
f 506//455 443//417 470//455
f 470//456 443//418 506//456
f 470//455 408//417 471//455
f 471//456 408//418 470//456
f 471//455 409//417 472//455
f 472//456 409//418 471//456
f 472//455 410//543 473//455
f 473//456 410//544 472//456
f 474//455 473//455 411//455
f 411//456 473//456 474//456
f 507//455 474//455 444//455
f 444//456 474//456 507//456
f 507//455 444//455 475//455
f 475//456 444//456 507//456
f 475//455 412//455 476//455
f 476//456 412//456 475//456
f 476//455 428//567 494//669
f 494//670 428//568 476//456
f 508//691 447//599 446//597
f 446//598 447//600 508//692
f 508//691 446//597 477//641
f 477//642 446//598 508//692
f 478//643 477//641 414//545
f 414//546 477//642 478//644
f 479//63 478//643 415//63
f 415//64 478//644 479//64
f 480//63 479//63 416//63
f 416//64 479//64 480//64
f 509//693 448//601 447//599
f 447//600 448//602 509//694
f 510//695 481//645 448//601
f 448//602 481//646 510//696
f 481//645 482//647 418//549
f 418//550 482//648 481//646
f 482//647 483//649 419//551
f 419//552 483//650 482//648
f 483//649 511//697 449//603
f 449//604 511//698 483//650
f 449//603 511//697 484//651
f 484//652 511//698 449//604
f 445//595 484//651 512//699
f 512//700 484//652 445//596
f 445//595 512//699 485//653
f 485//654 512//700 445//596
f 450//355 485//653 513//701
f 513//702 485//654 450//356
f 450//355 514//703 486//285
f 486//286 514//704 450//356
f 421//289 486//285 487//655
f 487//656 486//286 421//290
f 451//605 487//655 515//705
f 515//706 487//656 451//606
f 451//605 515//705 452//607
f 452//608 515//706 451//606
f 488//657 452//607 516//707
f 516//708 452//608 488//658
f 453//609 488//657 517//709
f 517//710 488//658 453//610
f 490//661 423//557 489//659
f 489//660 423//558 490//662
f 493//667 427//565 490//661
f 490//662 427//566 493//668
f 491//663 453//609 517//709
f 517//710 453//610 491//664
f 454//611 491//663 518//711
f 518//712 491//664 454//612
f 492//665 454//611 518//711
f 518//712 454//612 492//666
f 519//713 425//561 492//665
f 492//666 425//562 519//714
f 489//659 425//561 519//713
f 519//714 425//562 489//660
f 455//613 493//667 520//715
f 520//716 493//668 455//614
f 456//615 455//613 520//715
f 520//716 455//614 456//616
f 494//669 456//615 521//717
f 521//718 456//616 494//670
f 429//569 495//671 496//673
f 496//674 495//672 429//570
f 439//587 522//719 495//671
f 495//672 522//720 439//588
f 496//673 502//685 457//617
f 457//618 502//686 496//674
f 523//721 480//63 458//619
f 458//620 480//64 523//722
f 524//723 458//619 497//675
f 497//676 458//620 524//724
f 525//725 497//675 459//621
f 459//622 497//676 525//726
f 526//727 459//621 460//623
f 460//624 459//622 526//728
f 498//677 527//729 460//623
f 460//624 527//730 498//678
f 463//629 498//677 434//577
f 434//578 498//678 463//630
f 528//731 461//625 464//631
f 464//632 461//626 528//732
f 529//733 462//627 461//625
f 461//626 462//628 529//734
f 529//733 463//629 462//627
f 462//628 463//630 529//734
f 500//681 435//579 499//679
f 499//680 435//580 500//682
f 530//735 464//631 500//681
f 500//682 464//632 530//736
f 499//679 436//581 501//683
f 501//684 436//582 499//680
f 502//685 501//683 438//585
f 438//586 501//684 502//686
f 439//587 503//687 522//719
f 522//720 503//688 439//588
f 441//591 531//737 503//687
f 503//688 531//738 441//592
f 466//635 532//739 465//633
f 465//634 532//740 466//636
f 532//739 504//687 465//633
f 465//634 504//688 532//740
f 441//591 504//687 531//737
f 531//738 504//688 441//592
f 505//689 532//739 466//635
f 466//636 532//740 505//690
f 533//741 505//689 467//637
f 467//638 505//690 533//742
f 534//743 467//637 468//639
f 468//640 467//638 534//744
f 506//455 468//639 469//371
f 469//372 468//640 506//456
f 535//455 506//455 470//455
f 470//456 506//456 535//456
f 536//455 470//455 471//455
f 471//456 470//456 536//456
f 537//455 471//455 472//455
f 472//456 471//456 537//456
f 538//455 472//455 473//455
f 473//456 472//456 538//456
f 539//455 473//455 474//455
f 474//456 473//456 539//456
f 540//455 474//455 507//455
f 507//456 474//456 540//456
f 541//455 507//455 475//455
f 475//456 507//456 541//456
f 542//455 475//455 476//455
f 476//456 475//456 542//456
f 542//455 476//455 494//669
f 494//670 476//456 542//456
f 509//693 447//599 508//691
f 508//692 447//600 509//694
f 508//691 477//641 543//745
f 543//746 477//642 508//692
f 544//747 477//641 478//643
f 478//644 477//642 544//748
f 479//63 545//749 478//643
f 478//644 545//750 479//64
f 546//63 479//63 480//63
f 480//64 479//64 546//64
f 510//695 448//601 509//693
f 509//694 448//602 510//696
f 547//751 481//645 510//695
f 510//696 481//646 547//752
f 547//751 482//647 481//645
f 481//646 482//648 547//752
f 548//753 483//649 482//647
f 482//648 483//650 548//754
f 549//755 511//697 483//649
f 483//650 511//698 549//756
f 484//651 511//697 549//755
f 549//756 511//698 484//652
f 512//699 484//651 550//757
f 550//758 484//652 512//700
f 485//653 512//699 551//759
f 551//760 512//700 485//654
f 485//653 551//759 513//701
f 513//702 551//760 485//654
f 450//355 513//701 514//703
f 514//704 513//702 450//356
f 486//285 514//703 552//605
f 552//606 514//704 486//286
f 487//655 486//285 552//605
f 552//606 486//286 487//656
f 487//655 553//761 515//705
f 515//706 553//762 487//656
f 452//607 515//705 516//707
f 516//708 515//706 452//608
f 488//657 516//707 554//763
f 554//764 516//708 488//658
f 517//709 488//657 554//763
f 554//764 488//658 517//710
f 490//661 489//659 555//765
f 555//766 489//660 490//662
f 556//767 493//667 490//661
f 490//662 493//668 556//768
f 491//663 517//709 557//769
f 557//770 517//710 491//664
f 518//711 491//663 557//769
f 557//770 491//664 518//712
f 492//665 518//711 558//771
f 558//772 518//712 492//666
f 559//773 519//713 492//665
f 492//666 519//714 559//774
f 555//765 489//659 519//713
f 519//714 489//660 555//766
f 520//715 493//667 556//767
f 556//768 493//668 520//716
f 456//615 520//715 521//717
f 521//718 520//716 456//616
f 560//775 494//669 521//717
f 521//718 494//670 560//776
f 495//671 502//685 496//673
f 496//674 502//686 495//672
f 522//719 561//777 495//671
f 495//672 561//778 522//720
f 562//721 480//63 523//721
f 523//722 480//64 562//722
f 524//723 523//721 458//619
f 458//620 523//722 524//724
f 563//779 524//723 497//675
f 497//676 524//724 563//780
f 563//779 497//675 525//725
f 525//726 497//676 563//780
f 525//725 459//621 526//727
f 526//728 459//622 525//726
f 526//727 460//623 527//729
f 527//730 460//624 526//728
f 564//781 527//729 498//677
f 498//678 527//730 564//782
f 565//783 498//677 463//629
f 463//630 498//678 565//784
f 528//731 529//733 461//625
f 461//626 529//734 528//732
f 528//731 464//631 530//735
f 530//736 464//632 528//732
f 529//733 565//783 463//629
f 463//630 565//784 529//734
f 566//785 500//681 499//679
f 499//680 500//682 566//786
f 530//735 500//681 566//785
f 566//786 500//682 530//736
f 567//787 499//679 501//683
f 501//684 499//680 567//788
f 568//789 501//683 502//685
f 502//686 501//684 568//790
f 503//687 569//791 522//719
f 522//720 569//792 503//688
f 531//737 569//791 503//687
f 503//688 569//792 531//738
f 532//739 570//793 504//687
f 504//688 570//794 532//740
f 504//687 571//791 531//737
f 531//738 571//792 504//688
f 505//689 572//795 532//739
f 532//740 572//796 505//690
f 533//741 572//795 505//689
f 505//690 572//796 533//742
f 534//743 533//741 467//637
f 467//638 533//742 534//744
f 573//797 534//743 468//639
f 468//640 534//744 573//798
f 573//797 468//639 506//455
f 506//456 468//640 573//798
f 574//797 506//455 535//455
f 535//456 506//456 574//798
f 535//455 470//455 536//455
f 536//456 470//456 535//456
f 536//455 471//455 537//455
f 537//456 471//456 536//456
f 537//455 472//455 538//455
f 538//456 472//456 537//456
f 538//455 473//455 539//455
f 539//456 473//456 538//456
f 540//455 539//455 474//455
f 474//456 539//456 540//456
f 575//455 540//455 507//455
f 507//456 540//456 575//456
f 575//455 507//455 541//455
f 541//456 507//456 575//456
f 541//455 475//455 542//455
f 542//456 475//456 541//456
f 542//455 494//669 560//775
f 560//776 494//670 542//456
f 576//799 509//693 508//691
f 508//692 509//694 576//800
f 543//745 477//641 544//747
f 544//748 477//642 543//746
f 576//799 508//691 543//745
f 543//746 508//692 576//800
f 545//749 544//747 478//643
f 478//644 544//748 545//750
f 546//63 545//749 479//63
f 479//64 545//750 546//64
f 562//721 546//63 480//63
f 480//64 546//64 562//722
f 577//801 510//695 509//693
f 509//694 510//696 577//802
f 577//801 547//751 510//695
f 510//696 547//752 577//802
f 548//753 482//647 547//751
f 547//752 482//648 548//754
f 549//755 483//649 548//753
f 548//754 483//650 549//756
f 550//757 484//651 549//755
f 549//756 484//652 550//758
f 551//759 512//699 550//757
f 550//758 512//700 551//760
f 513//701 551//759 578//803
f 578//804 551//760 513//702
f 513//701 578//803 514//703
f 514//704 578//804 513//702
f 552//605 514//703 579//805
f 579//806 514//704 552//606
f 487//655 552//605 553//761
f 553//762 552//606 487//656
f 515//705 553//761 580//807
f 580//808 553//762 515//706
f 516//707 515//705 580//807
f 580//808 515//706 516//708
f 554//763 516//707 581//809
f 581//810 516//708 554//764
f 517//709 554//763 582//811
f 582//812 554//764 517//710
f 583//767 490//661 555//765
f 555//766 490//662 583//768
f 556//767 490//661 583//767
f 583//768 490//662 556//768
f 557//769 517//709 582//811
f 582//812 517//710 557//770
f 518//711 557//769 584//813
f 584//814 557//770 518//712
f 558//771 518//711 584//813
f 584//814 518//712 558//772
f 585//815 492//665 558//771
f 558//772 492//666 585//816
f 555//765 519//713 559//773
f 559//774 519//714 555//766
f 559//773 492//665 585//815
f 585//816 492//666 559//774
f 520//715 556//767 586//765
f 586//766 556//768 520//716
f 521//717 520//715 587//817
f 587//818 520//716 521//718
f 560//775 521//717 588//819
f 588//820 521//718 560//776
f 495//671 589//821 502//685
f 502//686 589//822 495//672
f 522//719 569//791 561//777
f 561//778 569//792 522//720
f 495//671 561//777 589//821
f 589//822 561//778 495//672
f 590//823 562//721 523//721
f 523//722 562//722 590//824
f 590//823 523//721 524//723
f 524//724 523//722 590//824
f 563//779 591//825 524//723
f 524//724 591//826 563//780
f 525//725 592//827 563//779
f 563//780 592//828 525//726
f 526//727 593//829 525//725
f 525//726 593//830 526//728
f 527//729 594//831 526//727
f 526//728 594//832 527//730
f 564//781 595//833 527//729
f 527//730 595//834 564//782
f 565//783 564//781 498//677
f 498//678 564//782 565//784
f 528//731 596//835 529//733
f 529//734 596//836 528//732
f 597//837 528//731 530//735
f 530//736 528//732 597//838
f 596//835 565//783 529//733
f 529//734 565//784 596//836
f 566//785 499//679 567//787
f 567//788 499//680 566//786
f 530//735 566//785 597//837
f 597//838 566//786 530//736
f 568//789 567//787 501//683
f 501//684 567//788 568//790
f 589//821 568//789 502//685
f 502//686 568//790 589//822
f 531//737 571//791 569//791
f 569//792 571//792 531//738
f 572//795 570//793 532//739
f 532//740 570//794 572//796
f 570//793 598//839 504//687
f 504//688 598//840 570//794
f 504//687 598//839 571//791
f 571//792 598//840 504//688
f 533//741 599//841 572//795
f 572//796 599//842 533//742
f 600//843 533//741 534//743
f 534//744 533//742 600//844
f 601//845 534//743 573//797
f 573//798 534//744 601//846
f 574//797 573//797 506//455
f 506//456 573//798 574//798
f 602//797 574//797 535//455
f 535//456 574//798 602//798
f 603//455 535//455 536//455
f 536//456 535//456 603//456
f 604//455 536//455 537//455
f 537//456 536//456 604//456
f 605//455 537//455 538//455
f 538//456 537//456 605//456
f 606//455 538//455 539//455
f 539//456 538//456 606//456
f 606//455 539//455 540//455
f 540//456 539//456 606//456
f 607//455 540//455 575//455
f 575//456 540//456 607//456
f 608//455 575//455 541//455
f 541//456 575//456 608//456
f 608//455 541//455 542//455
f 542//456 541//456 608//456
f 609//455 542//455 560//775
f 560//776 542//456 609//456
f 610//847 509//693 576//799
f 576//800 509//694 610//848
f 543//745 544//747 611//849
f 611//850 544//748 543//746
f 576//799 543//745 612//847
f 612//848 543//746 576//800
f 613//851 544//747 545//749
f 545//750 544//748 613//852
f 546//63 614//853 545//749
f 545//750 614//854 546//64
f 562//721 614//853 546//63
f 546//64 614//854 562//722
f 577//801 509//693 610//847
f 610//848 509//694 577//802
f 615//855 547//751 577//801
f 577//802 547//752 615//856
f 616//857 548//753 547//751
f 547//752 548//754 616//858
f 616//857 549//755 548//753
f 548//754 549//756 616//858
f 550//757 549//755 616//857
f 616//858 549//756 550//758
f 617//859 551//759 550//757
f 550//758 551//760 617//860
f 578//803 551//759 617//859
f 617//860 551//760 578//804
f 578//803 618//861 514//703
f 514//704 618//862 578//804
f 514//703 618//861 579//805
f 579//806 618//862 514//704
f 552//605 579//805 553//761
f 553//762 579//806 552//606
f 580//807 553//761 619//863
f 619//864 553//762 580//808
f 516//707 580//807 581//809
f 581//810 580//808 516//708
f 554//763 581//809 620//865
f 620//866 581//810 554//764
f 582//811 554//763 620//865
f 620//866 554//764 582//812
f 583//767 555//765 621//765
f 621//766 555//766 583//768
f 586//765 556//767 583//767
f 583//768 556//768 586//766
f 584//813 557//769 582//811
f 582//812 557//770 584//814
f 558//771 584//813 622//867
f 622//868 584//814 558//772
f 585//815 558//771 623//869
f 623//870 558//772 585//816
f 555//765 559//773 624//765
f 624//766 559//774 555//766
f 624//765 559//773 585//815
f 585//816 559//774 624//766
f 520//715 586//765 587//817
f 587//818 586//766 520//716
f 521//717 587//817 588//819
f 588//820 587//818 521//718
f 625//871 560//775 588//819
f 588//820 560//776 625//872
f 569//791 626//873 561//777
f 561//778 626//874 569//792
f 561//777 627//875 589//821
f 589//822 627//876 561//778
f 590//823 628//877 562//721
f 562//722 628//878 590//824
f 591//825 590//823 524//723
f 524//724 590//824 591//826
f 563//779 629//879 591//825
f 591//826 629//880 563//780
f 525//725 593//829 592//827
f 592//828 593//830 525//726
f 563//779 592//827 629//879
f 629//880 592//828 563//780
f 526//727 594//831 593//829
f 593//830 594//832 526//728
f 527//729 595//833 594//831
f 594//832 595//834 527//730
f 630//881 595//833 564//781
f 564//782 595//834 630//882
f 630//881 564//781 565//783
f 565//784 564//782 630//882
f 528//731 631//883 596//835
f 596//836 631//884 528//732
f 631//883 528//731 597//837
f 597//838 528//732 631//884
f 630//881 565//783 596//835
f 596//836 565//784 630//882
f 632//885 566//785 567//787
f 567//788 566//786 632//886
f 597//837 566//785 632//885
f 632//886 566//786 597//838
f 633//887 567//787 568//789
f 568//790 567//788 633//888
f 589//821 634//889 568//789
f 568//790 634//890 589//822
f 571//791 635//839 569//791
f 569//792 635//840 571//792
f 572//795 636//891 570//793
f 570//794 636//892 572//796
f 570//793 637//873 598//839
f 598//840 637//874 570//794
f 598//839 635//839 571//791
f 571//792 635//840 598//840
f 600//843 599//841 533//741
f 533//742 599//842 600//844
f 599//841 638//893 572//795
f 572//796 638//894 599//842
f 601//845 600//843 534//743
f 534//744 600//844 601//846
f 574//797 601//845 573//797
f 573//798 601//846 574//798
f 602//797 639//895 574//797
f 574//798 639//896 602//798
f 602//797 535//455 603//455
f 603//456 535//456 602//798
f 603//455 536//455 604//455
f 604//456 536//456 603//456
f 604//455 537//455 605//455
f 605//456 537//456 604//456
f 605//455 538//455 640//455
f 640//456 538//456 605//456
f 640//455 538//455 606//455
f 606//456 538//456 640//456
f 607//455 606//455 540//455
f 540//456 606//456 607//456
f 641//455 607//455 575//455
f 575//456 607//456 641//456
f 641//455 575//455 608//455
f 608//456 575//456 641//456
f 608//455 542//455 609//455
f 609//456 542//456 608//456
f 609//455 560//775 625//871
f 625//872 560//776 609//456
f 642//799 610//847 576//799
f 576//800 610//848 642//800
f 611//849 544//747 613//851
f 613//852 544//748 611//850
f 612//847 543//745 611//849
f 611//850 543//746 612//848
f 642//799 576//799 612//847
f 612//848 576//800 642//800
f 614//853 613//851 545//749
f 545//750 613//852 614//854
f 562//721 628//877 614//853
f 614//854 628//878 562//722
f 643//801 577//801 610//847
f 610//848 577//802 643//802
f 616//857 547//751 615//855
f 615//856 547//752 616//858
f 644//897 615//855 577//801
f 577//802 615//856 644//898
f 617//859 550//757 616//857
f 616//858 550//758 617//860
f 578//803 617//859 645//899
f 645//900 617//860 578//804
f 618//861 578//803 645//899
f 645//900 578//804 618//862
f 579//805 618//861 646//901
f 646//902 618//862 579//806
f 553//761 579//805 619//863
f 619//864 579//806 553//762
f 580//807 619//863 647//903
f 647//904 619//864 580//808
f 581//809 580//807 648//905
f 648//906 580//808 581//810
f 620//865 581//809 649//907
f 649//908 581//810 620//866
f 650//909 582//811 620//865
f 620//866 582//812 650//910
f 621//765 555//765 624//765
f 624//766 555//766 621//766
f 651//765 583//767 621//765
f 621//766 583//768 651//766
f 586//765 583//767 651//765
f 651//766 583//768 586//766
f 584//813 582//811 650//909
f 650//910 582//812 584//814
f 622//867 584//813 650//909
f 650//910 584//814 622//868
f 623//869 558//771 622//867
f 622//868 558//772 623//870
f 652//661 585//815 623//869
f 623//870 585//816 652//662
f 624//765 585//815 652//661
f 652//662 585//816 624//766
f 587//817 586//765 653//911
f 653//912 586//766 587//818
f 588//819 587//817 653//911
f 653//912 587//818 588//820
f 625//871 588//819 654//913
f 654//914 588//820 625//872
f 569//791 635//839 626//873
f 626//874 635//840 569//792
f 561//777 626//873 627//875
f 627//876 626//874 561//778
f 589//821 627//875 655//915
f 655//916 627//876 589//822
f 590//823 656//917 628//877
f 628//878 656//918 590//824
f 591//825 656//917 590//823
f 590//824 656//918 591//826
f 591//825 629//879 657//919
f 657//920 629//880 591//826
f 593//829 658//921 592//827
f 592//828 658//922 593//830
f 592//827 659//923 629//879
f 629//880 659//924 592//828
f 594//831 658//921 593//829
f 593//830 658//922 594//832
f 595//833 660//925 594//831
f 594//832 660//926 595//834
f 661//927 595//833 630//881
f 630//882 595//834 661//928
f 631//883 630//881 596//835
f 596//836 630//882 631//884
f 662//929 631//883 597//837
f 597//838 631//884 662//930
f 632//885 567//787 633//887
f 633//888 567//788 632//886
f 597//837 632//885 663//931
f 663//932 632//886 597//838
f 634//889 633//887 568//789
f 568//790 633//888 634//890
f 589//821 655//915 634//889
f 634//890 655//916 589//822
f 572//795 638//893 636//891
f 636//892 638//894 572//796
f 636//891 637//873 570//793
f 570//794 637//874 636//892
f 637//873 664//687 598//839
f 598//840 664//688 637//874
f 598//839 665//873 635//839
f 635//840 665//874 598//840
f 600//843 666//933 599//841
f 599//842 666//934 600//844
f 666//933 638//893 599//841
f 599//842 638//894 666//934
f 667//935 600//843 601//845
f 601//846 600//844 667//936
f 639//895 601//845 574//797
f 574//798 601//846 639//896
f 668//937 639//895 602//797
f 602//798 639//896 668//938
f 669//797 602//797 603//455
f 603//456 602//798 669//798
f 670//455 603//455 604//455
f 604//456 603//456 670//456
f 671//455 604//455 605//455
f 605//456 604//456 671//456
f 672//455 605//455 640//455
f 640//456 605//456 672//456
f 673//455 640//455 606//455
f 606//456 640//456 673//456
f 674//455 606//455 607//455
f 607//456 606//456 674//456
f 675//455 607//455 641//455
f 641//456 607//456 675//456
f 676//455 641//455 608//455
f 608//456 641//456 676//456
f 676//455 608//455 609//455
f 609//456 608//456 676//456
f 677//455 609//455 625//871
f 625//872 609//456 677//456
f 642//799 643//801 610//847
f 610//848 643//802 642//800
f 611//849 613//851 678//939
f 678//940 613//852 611//850
f 612//847 611//849 679//941
f 679//942 611//850 612//848
f 642//799 612//847 680//941
f 680//942 612//848 642//800
f 681//943 613//851 614//853
f 614//854 613//852 681//944
f 628//877 681//943 614//853
f 614//854 681//944 628//878
f 644//897 577//801 643//801
f 643//802 577//802 644//898
f 682//801 616//857 615//855
f 615//856 616//858 682//802
f 644//897 683//945 615//855
f 615//856 683//946 644//898
f 617//859 616//857 682//801
f 682//802 616//858 617//860
f 645//899 617//859 682//801
f 682//802 617//860 645//900
f 618//861 645//899 684//947
f 684//948 645//900 618//862
f 646//901 618//861 684//947
f 684//948 618//862 646//902
f 579//805 646//901 619//863
f 619//864 646//902 579//806
f 647//903 619//863 685//949
f 685//950 619//864 647//904
f 580//807 647//903 648//905
f 648//906 647//904 580//808
f 649//907 581//809 648//905
f 648//906 581//810 649//908
f 686//951 620//865 649//907
f 649//908 620//866 686//952
f 650//909 620//865 686//951
f 686//952 620//866 650//910
f 621//765 624//765 687//667
f 687//668 624//766 621//766
f 651//765 621//765 688//667
f 688//668 621//766 651//766
f 586//765 651//765 689//713
f 689//714 651//766 586//766
f 622//867 650//909 690//953
f 690//954 650//910 622//868
f 623//869 622//867 691//955
f 691//956 622//868 623//870
f 652//661 623//869 692//957
f 692//958 623//870 652//662
f 624//765 652//661 693//667
f 693//668 652//662 624//766
f 653//911 586//765 694//959
f 694//960 586//766 653//912
f 588//819 653//911 654//913
f 654//914 653//912 588//820
f 695//961 625//871 654//913
f 654//914 625//872 695//962
f 635//839 696//963 626//873
f 626//874 696//964 635//840
f 626//873 697//965 627//875
f 627//876 697//966 626//874
f 627//875 697//965 655//915
f 655//916 697//966 627//876
f 656//917 698//967 628//877
f 628//878 698//968 656//918
f 699//969 656//917 591//825
f 591//826 656//918 699//970
f 629//879 700//971 657//919
f 657//920 700//972 629//880
f 591//825 657//919 699//969
f 699//970 657//920 591//826
f 658//921 701//687 592//827
f 592//828 701//688 658//922
f 592//827 701//687 659//923
f 659//924 701//688 592//828
f 629//879 659//923 700//971
f 700//972 659//924 629//880
f 594//831 660//925 658//921
f 658//922 660//926 594//832
f 661//927 660//925 595//833
f 595//834 660//926 661//928
f 662//929 661//927 630//881
f 630//882 661//928 662//930
f 631//883 662//929 630//881
f 630//882 662//930 631//884
f 662//929 597//837 663//931
f 663//932 597//838 662//930
f 634//889 632//885 633//887
f 633//888 632//886 634//890
f 663//931 632//885 634//889
f 634//890 632//886 663//932
f 655//915 663//931 634//889
f 634//890 663//932 655//916
f 638//893 702//973 636//891
f 636//892 702//974 638//894
f 636//891 702//973 637//873
f 637//874 702//974 636//892
f 637//873 703//975 664//687
f 664//688 703//976 637//874
f 598//839 664//687 665//873
f 665//874 664//688 598//840
f 665//873 704//873 635//839
f 635//840 704//874 665//874
f 667//935 666//933 600//843
f 600//844 666//934 667//936
f 666//933 705//977 638//893
f 638//894 705//978 666//934
f 639//895 667//935 601//845
f 601//846 667//936 639//896
f 668//937 706//979 639//895
f 639//896 706//980 668//938
f 669//797 668//937 602//797
f 602//798 668//938 669//798
f 669//797 603//455 670//455
f 670//456 603//456 669//798
f 670//455 604//455 671//455
f 671//456 604//456 670//456
f 671//455 605//455 672//455
f 672//456 605//456 671//456
f 672//455 640//455 673//455
f 673//456 640//456 672//456
f 673//455 606//455 674//455
f 674//456 606//456 673//456
f 675//455 674//455 607//455
f 607//456 674//456 675//456
f 707//455 675//455 641//455
f 641//456 675//456 707//456
f 707//455 641//455 676//455
f 676//456 641//456 707//456
f 676//455 609//455 677//455
f 677//456 609//456 676//456
f 677//455 625//871 695//961
f 695//962 625//872 677//456
f 708//857 643//801 642//799
f 642//800 643//802 708//858
f 678//939 613//851 681//943
f 681//944 613//852 678//940
f 679//941 611//849 678//939
f 678//940 611//850 679//942
f 680//941 612//847 679//941
f 679//942 612//848 680//942
f 709//857 642//799 680//941
f 680//942 642//800 709//858
f 698//967 681//943 628//877
f 628//878 681//944 698//968
f 710//857 644//897 643//801
f 643//802 644//898 710//858
f 682//801 615//855 683//945
f 683//946 615//856 682//802
f 711//941 683//945 644//897
f 644//898 683//946 711//942
f 645//899 682//801 712//981
f 712//982 682//802 645//900
f 684//947 645//899 712//981
f 712//982 645//900 684//948
f 646//901 684//947 713//983
f 713//984 684//948 646//902
f 619//863 646//901 685//949
f 685//950 646//902 619//864
f 647//903 685//949 714//985
f 714//986 685//950 647//904
f 648//905 647//903 715//987
f 715//988 647//904 648//906
f 649//907 648//905 716//989
f 716//990 648//906 649//908
f 686//951 649//907 717//991
f 717//992 649//908 686//952
f 690//953 650//909 686//951
f 686//952 650//910 690//954
f 687//667 624//765 693//667
f 693//668 624//766 687//668
f 688//667 621//765 687//667
f 687//668 621//766 688//668
f 689//713 651//765 688//667
f 688//668 651//766 689//714
f 694//959 586//765 689//713
f 689//714 586//766 694//960
f 622//867 690//953 718//993
f 718//994 690//954 622//868
f 691//955 622//867 718//993
f 718//994 622//868 691//956
f 692//957 623//869 691//955
f 691//956 623//870 692//958
f 693//667 652//661 692//957
f 692//958 652//662 693//668
f 653//911 694//959 719//995
f 719//996 694//960 653//912
f 654//913 653//911 719//995
f 719//996 653//912 654//914
f 695//961 654//913 720//997
f 720//998 654//914 695//962
f 635//839 704//873 696//963
f 696//964 704//874 635//840
f 626//873 696//963 721//921
f 721//922 696//964 626//874
f 626//873 721//921 697//965
f 697//966 721//922 626//874
f 655//915 697//965 722//999
f 722//1000 697//966 655//916
f 723//1001 698//967 656//917
f 656//918 698//968 723//1002
f 699//969 723//1001 656//917
f 656//918 723//1002 699//970
f 657//919 700//971 724//1003
f 724//1004 700//972 657//920
f 699//969 657//919 725//1005
f 725//1006 657//920 699//970
f 658//921 726//839 701//687
f 701//688 726//840 658//922
f 701//687 727//839 659//923
f 659//924 727//840 701//688
f 659//923 727//839 700//971
f 700//972 727//840 659//924
f 660//925 728//791 658//921
f 658//922 728//792 660//926
f 661//927 729//1007 660//925
f 660//926 729//1008 661//928
f 661//927 662//929 722//999
f 722//1000 662//930 661//928
f 722//999 662//929 663//931
f 663//932 662//930 722//1000
f 722//999 663//931 655//915
f 655//916 663//932 722//1000
f 638//893 730//1009 702//973
f 702//974 730//1010 638//894
f 702//973 703//975 637//873
f 637//874 703//976 702//974
f 703//975 731//1011 664//687
f 664//688 731//1012 703//976
f 664//687 704//873 665//873
f 665//874 704//874 664//688
f 667//935 732//1013 666//933
f 666//934 732//1014 667//936
f 666//933 733//1015 705//977
f 705//978 733//1016 666//934
f 705//977 734//1017 638//893
f 638//894 734//1018 705//978
f 706//979 667//935 639//895
f 639//896 667//936 706//980
f 735//1019 706//979 668//937
f 668//938 706//980 735//1020
f 736//1021 668//937 669//797
f 669//798 668//938 736//1022
f 737//455 669//797 670//455
f 670//456 669//798 737//456
f 737//455 670//455 671//455
f 671//456 670//456 737//456
f 738//455 671//455 672//455
f 672//456 671//456 738//456
f 739//455 672//455 673//455
f 673//456 672//456 739//456
f 740//455 673//455 674//455
f 674//456 673//456 740//456
f 741//455 674//455 675//455
f 675//456 674//456 741//456
f 742//455 675//455 707//455
f 707//456 675//456 742//456
f 743//455 707//455 676//455
f 676//456 707//456 743//456
f 743//455 676//455 677//455
f 677//456 676//456 743//456
f 744//455 677//455 695//961
f 695//962 677//456 744//456
f 745//857 643//801 708//857
f 708//858 643//802 745//858
f 708//857 642//799 709//857
f 709//858 642//800 708//858
f 678//939 681//943 746//1023
f 746//1024 681//944 678//940
f 679//941 678//939 747//945
f 747//946 678//940 679//942
f 680//941 679//941 748//847
f 748//848 679//942 680//942
f 709//857 680//941 748//847
f 748//848 680//942 709//858
f 746//1023 681//943 698//967
f 698//968 681//944 746//1024
f 711//941 644//897 710//857
f 710//858 644//898 711//942
f 710//857 643//801 745//857
f 745//858 643//802 710//858
f 712//981 682//801 683//945
f 683//946 682//802 712//982
f 712//981 683//945 711//941
f 711//942 683//946 712//982
f 684//947 712//981 749//941
f 749//942 712//982 684//948
f 713//983 684//947 749//941
f 749//942 684//948 713//984
f 750//1025 646//901 713//983
f 713//984 646//902 750//1026
f 685//949 646//901 750//1025
f 750//1026 646//902 685//950
f 714//985 685//949 751//1027
f 751//1028 685//950 714//986
f 715//987 647//903 714//985
f 714//986 647//904 715//988
f 716//989 648//905 715//987
f 715//988 648//906 716//990
f 717//991 649//907 716//989
f 716//990 649//908 717//992
f 752//1029 686//951 717//991
f 717//992 686//952 752//1030
f 690//953 686//951 752//1029
f 752//1030 686//952 690//954
f 687//667 693//667 753//667
f 753//668 693//668 687//668
f 688//667 687//667 754//1031
f 754//1032 687//668 688//668
f 689//713 688//667 754//1031
f 754//1032 688//668 689//714
f 694//959 689//713 755//957
f 755//958 689//714 694//960
f 718//993 690//953 756//1033
f 756//1034 690//954 718//994
f 691//955 718//993 757//1035
f 757//1036 718//994 691//956
f 692//957 691//955 758//667
f 758//668 691//956 692//958
f 693//667 692//957 759//667
f 759//668 692//958 693//668
f 719//995 694//959 760//1037
f 760//1038 694//960 719//996
f 654//913 719//995 720//997
f 720//998 719//996 654//914
f 761//1039 695//961 720//997
f 720//998 695//962 761//1040
f 696//963 704//873 762//793
f 762//794 704//874 696//964
f 721//921 696//963 763//839
f 763//840 696//964 721//922
f 697//965 721//921 729//1007
f 729//1008 721//922 697//966
f 722//999 697//965 661//927
f 661//928 697//966 722//1000
f 764//1041 698//967 723//1001
f 723//1002 698//968 764//1042
f 699//969 765//1043 723//1001
f 723//1002 765//1044 699//970
f 700//971 766//1045 724//1003
f 724//1004 766//1046 700//972
f 657//919 724//1003 725//1005
f 725//1006 724//1004 657//920
f 699//969 725//1005 765//1043
f 765//1044 725//1006 699//970
f 658//921 767//921 726//839
f 726//840 767//922 658//922
f 701//687 726//839 727//839
f 727//840 726//840 701//688
f 727//839 766//1045 700//971
f 700//972 766//1046 727//840
f 763//839 728//791 660//925
f 660//926 728//792 763//840
f 728//791 767//921 658//921
f 658//922 767//922 728//792
f 697//965 729//1007 661//927
f 661//928 729//1008 697//966
f 729//1007 763//839 660//925
f 660//926 763//840 729//1008
f 638//893 734//1017 730//1009
f 730//1010 734//1018 638//894
f 730//1009 768//893 702//973
f 702//974 768//894 730//1010
f 702//973 768//893 703//975
f 703//976 768//894 702//974
f 703//975 769//1047 731//1011
f 731//1012 769//1048 703//976
f 664//687 731//1011 770//793
f 770//794 731//1012 664//688
f 664//687 770//793 704//873
f 704//874 770//794 664//688
f 706//979 732//1013 667//935
f 667//936 732//1014 706//980
f 732//1013 733//1015 666//933
f 666//934 733//1016 732//1014
f 733//1015 771//1049 705//977
f 705//978 771//1050 733//1016
f 705//977 771//1049 734//1017
f 734//1018 771//1050 705//978
f 735//1019 772//1051 706//979
f 706//980 772//1052 735//1020
f 736//1021 735//1019 668//937
f 668//938 735//1020 736//1022
f 773//797 736//1021 669//797
f 669//798 736//1022 773//798
f 773//797 669//797 737//455
f 737//456 669//798 773//798
f 737//455 671//455 738//455
f 738//456 671//456 737//456
f 738//455 672//455 739//455
f 739//456 672//456 738//456
f 739//455 673//455 740//455
f 740//456 673//456 739//456
f 740//455 674//455 741//455
f 741//456 674//456 740//456
f 742//455 741//455 675//455
f 675//456 741//456 742//456
f 774//455 742//455 707//455
f 707//456 742//456 774//456
f 774//455 707//455 743//455
f 743//456 707//456 774//456
f 743//455 677//455 744//455
f 744//456 677//456 743//456
f 744//455 695//961 761//1039
f 761//1040 695//962 744//456
f 775//1053 745//857 708//857
f 708//858 745//858 775//1054
f 776//857 708//857 709//857
f 709//858 708//858 776//858
f 777//799 678//939 746//1023
f 746//1024 678//940 777//800
f 747//945 678//939 777//799
f 777//800 678//940 747//946
f 748//847 679//941 747//945
f 747//946 679//942 748//848
f 709//857 748//847 778//847
f 778//848 748//848 709//858
f 746//1023 698//967 764//1041
f 764//1042 698//968 746//1024
f 779//945 711//941 710//857
f 710//858 711//942 779//946
f 775//1053 710//857 745//857
f 745//858 710//858 775//1054
f 749//941 712//981 711//941
f 711//942 712//982 749//942
f 713//983 749//941 780//847
f 780//848 749//942 713//984
f 750//1025 713//983 781//1055
f 781//1056 713//984 750//1026
f 751//1027 685//949 750//1025
f 750//1026 685//950 751//1028
f 715//987 714//985 751//1027
f 751//1028 714//986 715//988
f 716//989 715//987 782//1057
f 782//1058 715//988 716//990
f 717//991 716//989 783//1059
f 783//1060 716//990 717//992
f 752//1029 717//991 784//1061
f 784//1062 717//992 752//1030
f 690//953 752//1029 756//1033
f 756//1034 752//1030 690//954
f 693//667 759//667 753//667
f 753//668 759//668 693//668
f 687//667 753//667 785//667
f 785//668 753//668 687//668
f 754//1031 687//667 785//667
f 785//668 687//668 754//1032
f 689//713 754//1031 755//957
f 755//958 754//1032 689//714
f 694//959 755//957 760//1037
f 760//1038 755//958 694//960
f 718//993 756//1033 786//959
f 786//960 756//1034 718//994
f 718//993 786//959 757//1035
f 757//1036 786//960 718//994
f 691//955 757//1035 758//667
f 758//668 757//1036 691//956
f 692//957 758//667 759//667
f 759//668 758//668 692//958
f 719//995 760//1037 787//1063
f 787//1064 760//1038 719//996
f 720//997 719//995 787//1063
f 787//1064 719//996 720//998
f 761//1039 720//997 788//1065
f 788//1066 720//998 761//1040
f 704//873 789//963 762//793
f 762//794 789//964 704//874
f 696//963 762//793 763//839
f 763//840 762//794 696//964
f 721//921 763//839 729//1007
f 729//1008 763//840 721//922
f 764//1041 723//1001 790//1067
f 790//1068 723//1002 764//1042
f 790//1067 723//1001 765//1043
f 765//1044 723//1002 790//1068
f 766//1045 791//1069 724//1003
f 724//1004 791//1070 766//1046
f 792//1071 725//1005 724//1003
f 724//1004 725//1006 792//1072
f 790//1067 765//1043 725//1005
f 725//1006 765//1044 790//1068
f 767//921 793//963 726//839
f 726//840 793//964 767//922
f 726//839 794//687 727//839
f 727//840 794//688 726//840
f 727//839 795//793 766//1045
f 766//1046 795//794 727//840
f 763//839 762//793 728//791
f 728//792 762//794 763//840
f 728//791 796//1073 767//921
f 767//922 796//1074 728//792
f 734//1017 797//1075 730//1009
f 730//1010 797//1076 734//1018
f 730//1009 797//1075 768//893
f 768//894 797//1076 730//1010
f 768//893 769//1047 703//975
f 703//976 769//1048 768//894
f 769//1047 798//1077 731//1011
f 731//1012 798//1078 769//1048
f 770//793 731//1011 799//921
f 799//922 731//1012 770//794
f 704//873 770//793 789//963
f 789//964 770//794 704//874
f 706//979 772//1051 732//1013
f 732//1014 772//1052 706//980
f 772//1051 733//1015 732//1013
f 732//1014 733//1016 772//1052
f 800//1079 771//1049 733//1015
f 733//1016 771//1050 800//1080
f 771//1049 801//1081 734//1017
f 734//1018 801//1082 771//1050
f 735//1019 802//1083 772//1051
f 772//1052 802//1084 735//1020
f 803//1085 735//1019 736//1021
f 736//1022 735//1020 803//1086
f 804//1087 736//1021 773//797
f 773//798 736//1022 804//1088
f 805//455 773//797 737//455
f 737//456 773//798 805//456
f 805//455 737//455 738//455
f 738//456 737//456 805//456
f 806//455 738//455 739//455
f 739//456 738//456 806//456
f 807//455 739//455 740//455
f 740//456 739//456 807//456
f 808//455 740//455 741//455
f 741//456 740//456 808//456
f 809//455 741//455 742//455
f 742//456 741//456 809//456
f 810//455 742//455 774//455
f 774//456 742//456 810//456
f 811//455 774//455 743//455
f 743//456 774//456 811//456
f 812//455 743//455 744//455
f 744//456 743//456 812//456
f 813//455 744//455 761//1039
f 761//1040 744//456 813//456
f 775//1053 708//857 776//857
f 776//858 708//858 775//1054
f 776//857 709//857 814//857
f 814//858 709//858 776//858
f 777//799 746//1023 764//1041
f 815//1089 747//945 777//799
f 777//800 747//946 815//1090
f 748//847 747//945 815//1089
f 815//1090 747//946 748//848
f 778//847 748//847 816//799
f 816//800 748//848 778//848
f 814//857 709//857 778//847
f 778//848 709//858 814//858
f 764//1042 746//1024 777//800
f 749//941 711//941 779//945
f 779//946 711//942 749//942
f 779//945 710//857 817//1091
f 817//1092 710//858 779//946
f 817//1091 710//857 775//1053
f 775//1054 710//858 817//1092
f 780//847 749//941 779//945
f 779//946 749//942 780//848
f 781//1055 713//983 780//847
f 780//848 713//984 781//1056
f 818//1093 750//1025 781//1055
f 781//1056 750//1026 818//1094
f 751//1027 750//1025 818//1093
f 818//1094 750//1026 751//1028
f 715//987 751//1027 782//1057
f 782//1058 751//1028 715//988
f 716//989 782//1057 819//1095
f 819//1096 782//1058 716//990
f 783//1059 716//989 820//1097
f 820//1098 716//990 783//1060
f 784//1061 717//991 783//1059
f 783//1060 717//992 784//1062
f 752//1029 784//1061 821//1099
f 821//1100 784//1062 752//1030
f 756//1033 752//1029 821//1099
f 821//1100 752//1030 756//1034
f 753//667 759//667 822//667
f 822//668 759//668 753//668
f 785//667 753//667 823//667
f 823//668 753//668 785//668
f 754//1031 785//667 824//661
f 824//662 785//668 754//1032
f 755//957 754//1031 824//661
f 824//662 754//1032 755//958
f 760//1037 755//957 825//1101
f 825//1102 755//958 760//1038
f 786//959 756//1033 826//1103
f 826//1104 756//1034 786//960
f 757//1035 786//959 827//1035
f 827//1036 786//960 757//1036
f 758//667 757//1035 828//1105
f 828//1106 757//1036 758//668
f 759//667 758//667 829//667
f 829//668 758//668 759//668
f 787//1063 760//1037 825//1101
f 825//1102 760//1038 787//1064
f 720//997 787//1063 788//1065
f 788//1066 787//1064 720//998
f 830//1107 761//1039 788//1065
f 788//1066 761//1040 830//1108
f 762//793 789//963 796//1073
f 796//1074 789//964 762//794
f 831//857 764//1041 790//1067
f 790//1068 764//1042 831//858
f 766//1045 832//1109 791//1069
f 791//1070 832//1110 766//1046
f 791//1069 792//1071 724//1003
f 724//1004 792//1072 791//1070
f 792//1071 790//1067 725//1005
f 725//1006 790//1068 792//1072
f 796//1073 793//963 767//921
f 767//922 793//964 796//1074
f 793//963 794//687 726//839
f 726//840 794//688 793//964
f 794//687 795//793 727//839
f 727//840 795//794 794//688
f 795//793 832//1109 766//1045
f 766//1046 832//1110 795//794
f 762//793 796//1073 728//791
f 728//792 796//1074 762//794
f 734//1017 801//1081 797//1075
f 797//1076 801//1082 734//1018
f 797//1075 833//1111 768//893
f 768//894 833//1112 797//1076
f 768//893 833//1111 769//1047
f 769//1048 833//1112 768//894
f 769//1047 834//1113 798//1077
f 798//1078 834//1114 769//1048
f 731//1011 798//1077 799//921
f 799//922 798//1078 731//1012
f 770//793 799//921 789//963
f 789//964 799//922 770//794
f 772//1051 800//1079 733//1015
f 733//1016 800//1080 772//1052
f 800//1079 835//1115 771//1049
f 771//1050 835//1116 800//1080
f 771//1049 836//1117 801//1081
f 801//1082 836//1118 771//1050
f 803//1085 802//1083 735//1019
f 735//1020 802//1084 803//1086
f 802//1083 837//1119 772//1051
f 772//1052 837//1120 802//1084
f 804//1087 803//1085 736//1021
f 736//1022 803//1086 804//1088
f 838//797 804//1087 773//797
f 773//798 804//1088 838//798
f 838//797 773//797 805//455
f 805//456 773//798 838//798
f 805//455 738//455 806//455
f 806//456 738//456 805//456
f 806//455 739//455 807//455
f 807//456 739//456 806//456
f 807//455 740//455 808//455
f 808//456 740//456 807//456
f 808//455 741//455 809//455
f 809//456 741//456 808//456
f 810//455 809//455 742//455
f 742//456 809//456 810//456
f 839//455 810//455 774//455
f 774//456 810//456 839//456
f 839//455 774//455 811//455
f 811//456 774//456 839//456
f 811//455 743//455 812//455
f 812//456 743//456 811//456
f 812//455 744//455 813//455
f 813//456 744//456 812//456
f 813//455 761//1039 830//1107
f 830//1108 761//1040 813//456
f 840//1121 775//1053 776//857
f 776//858 775//1054 840//1122
f 841//945 776//857 814//857
f 814//858 776//858 841//946
f 777//799 764//1041 831//857
f 831//858 764//1042 777//800
f 815//1089 777//799 842//941
f 842//942 777//800 815//1090
f 816//799 748//847 815//1089
f 815//1090 748//848 816//800
f 843//847 778//847 816//799
f 816//800 778//848 843//848
f 814//857 778//847 844//945
f 844//946 778//848 814//858
f 845//1091 779//945 817//1091
f 817//1092 779//946 845//1092
f 846//847 817//1091 775//1053
f 775//1054 817//1092 846//848
f 847//847 780//847 779//945
f 779//946 780//848 847//848
f 781//1055 780//847 847//847
f 847//848 780//848 781//1056
f 818//1093 781//1055 848//1123
f 848//1124 781//1056 818//1094
f 782//1057 751//1027 818//1093
f 818//1094 751//1028 782//1058
f 819//1095 782//1057 849//1125
f 849//1126 782//1058 819//1096
f 820//1097 716//989 819//1095
f 819//1096 716//990 820//1098
f 850//1127 783//1059 820//1097
f 820//1098 783//1060 850//1128
f 784//1061 783//1059 851//1129
f 851//1130 783//1060 784//1062
f 821//1099 784//1061 852//1131
f 852//1132 784//1062 821//1100
f 756//1033 821//1099 826//1103
f 826//1104 821//1100 756//1034
f 822//667 759//667 829//667
f 829//668 759//668 822//668
f 823//667 753//667 822//667
f 822//668 753//668 823//668
f 824//661 785//667 823//667
f 823//668 785//668 824//662
f 755//957 824//661 853//667
f 853//668 824//662 755//958
f 825//1101 755//957 853//667
f 853//668 755//958 825//1102
f 786//959 826//1103 854//661
f 854//662 826//1104 786//960
f 827//1035 786//959 854//661
f 854//662 786//960 827//1036
f 828//1105 757//1035 827//1035
f 827//1036 757//1036 828//1106
f 829//667 758//667 828//1105
f 828//1106 758//668 829//668
f 787//1063 825//1101 855//667
f 855//668 825//1102 787//1064
f 788//1065 787//1063 856//1133
f 856//1134 787//1064 788//1066
f 830//1107 788//1065 857//1135
f 857//1136 788//1066 830//1108
f 789//963 858//1073 796//1073
f 796//1074 858//1074 789//964
f 831//857 790//1067 792//1071
f 792//1072 790//1068 831//858
f 832//1109 859//1137 791//1069
f 791//1070 859//1138 832//1110
f 860//1139 792//1071 791//1069
f 791//1070 792//1072 860//1140
f 796//1073 858//1073 793//963
f 793//964 858//1074 796//1074
f 793//963 861//1141 794//687
f 794//688 861//1142 793//964
f 794//687 862//1143 795//793
f 795//794 862//1144 794//688
f 795//793 863//1145 832//1109
f 832//1110 863//1146 795//794
f 801//1081 864//1147 797//1075
f 797//1076 864//1148 801//1082
f 797//1075 864//1147 833//1111
f 833//1112 864//1148 797//1076
f 833//1111 865//1149 769//1047
f 769//1048 865//1150 833//1112
f 769//1047 865//1149 834//1113
f 834//1114 865//1150 769//1048
f 834//1113 866//1151 798//1077
f 798//1078 866//1152 834//1114
f 799//921 798//1077 867//1153
f 867//1154 798//1078 799//922
f 789//963 799//921 858//1073
f 858//1074 799//922 789//964
f 772//1051 837//1119 800//1079
f 800//1080 837//1120 772//1052
f 837//1119 835//1115 800//1079
f 800//1080 835//1116 837//1120
f 835//1115 836//1117 771//1049
f 771//1050 836//1118 835//1116
f 836//1117 868//1155 801//1081
f 801//1082 868//1156 836//1118
f 803//1085 869//1157 802//1083
f 802//1084 869//1158 803//1086
f 869//1157 837//1119 802//1083
f 802//1084 837//1120 869//1158
f 870//1159 803//1085 804//1087
f 804//1088 803//1086 870//1160
f 871//1161 804//1087 838//797
f 838//798 804//1088 871//1162
f 872//455 838//797 805//455
f 805//456 838//798 872//456
f 872//455 805//455 806//455
f 806//456 805//456 872//456
f 873//455 806//455 807//455
f 807//456 806//456 873//456
f 874//455 807//455 808//455
f 808//456 807//456 874//456
f 875//455 808//455 809//455
f 809//456 808//456 875//456
f 875//455 809//455 810//455
f 810//456 809//456 875//456
f 839//455 875//455 810//455
f 810//456 875//456 839//456
f 876//455 839//455 811//455
f 811//456 839//456 876//456
f 877//455 811//455 812//455
f 812//456 811//456 877//456
f 878//455 812//455 813//455
f 813//456 812//456 878//456
f 878//455 813//455 830//1107
f 830//1108 813//456 878//456
f 846//847 775//1053 840//1121
f 840//1122 775//1054 846//848
f 840//1121 776//857 841//945
f 841//946 776//858 840//1122
f 841//945 814//857 844//945
f 844//946 814//858 841//946
f 879//799 777//799 831//857
f 831//858 777//800 879//800
f 842//941 777//799 879//799
f 879//800 777//800 842//942
f 880//945 815//1089 842//941
f 842//942 815//1090 880//946
f 816//799 815//1089 880//945
f 880//946 815//1090 816//800
f 844//945 778//847 843//847
f 843//848 778//848 844//946
f 843//847 816//799 880//945
f 880//946 816//800 843//848
f 847//847 779//945 845//1091
f 845//1092 779//946 847//848
f 845//1091 817//1091 846//847
f 846//848 817//1092 845//1092
f 781//1055 847//847 881//1163
f 881//1164 847//848 781//1056
f 848//1123 781//1055 881//1163
f 881//1164 781//1056 848//1124
f 882//1165 818//1093 848//1123
f 848//1124 818//1094 882//1166
f 782//1057 818//1093 849//1125
f 849//1126 818//1094 782//1058
f 819//1095 849//1125 883//1167
f 883//1168 849//1126 819//1096
f 820//1097 819//1095 884//1169
f 884//1170 819//1096 820//1098
f 851//1129 783//1059 850//1127
f 850//1128 783//1060 851//1130
f 850//1127 820//1097 885//1171
f 885//1172 820//1098 850//1128
f 784//1061 851//1129 852//1131
f 852//1132 851//1130 784//1062
f 821//1099 852//1131 886//1173
f 886//1174 852//1132 821//1100
f 821//1099 886//1173 826//1103
f 826//1104 886//1174 821//1100
f 822//667 829//667 887//667
f 887//668 829//668 822//668
f 823//667 822//667 888//667
f 888//668 822//668 823//668
f 824//661 823//667 889//667
f 889//668 823//668 824//662
f 853//667 824//661 889//667
f 889//668 824//662 853//668
f 825//1101 853//667 855//667
f 855//668 853//668 825//1102
f 854//661 826//1103 890//1175
f 890//1176 826//1104 854//662
f 827//1035 854//661 891//667
f 891//668 854//662 827//1036
f 828//1105 827//1035 892//1037
f 892//1038 827//1036 828//1106
f 829//667 828//1105 893//667
f 893//668 828//1106 829//668
f 787//1063 855//667 856//1133
f 856//1134 855//668 787//1064
f 788//1065 856//1133 857//1135
f 857//1136 856//1134 788//1066
f 894//1177 830//1107 857//1135
f 857//1136 830//1108 894//1178
f 860//1139 831//857 792//1071
f 792//1072 831//858 860//1140
f 832//1109 895//1179 859//1137
f 859//1138 895//1180 832//1110
f 859//1137 860//1139 791//1069
f 791//1070 860//1140 859//1138
f 858//1073 861//1141 793//963
f 793//964 861//1142 858//1074
f 861//1141 862//1143 794//687
f 794//688 862//1144 861//1142
f 862//1143 863//1145 795//793
f 795//794 863//1146 862//1144
f 832//1109 863//1145 895//1179
f 895//1180 863//1146 832//1110
f 801//1081 868//1155 864//1147
f 864//1148 868//1156 801//1082
f 864//1147 896//1181 833//1111
f 833//1112 896//1182 864//1148
f 833//1111 896//1181 865//1149
f 865//1150 896//1182 833//1112
f 865//1149 897//1183 834//1113
f 834//1114 897//1184 865//1150
f 834//1113 897//1183 866//1151
f 866//1152 897//1184 834//1114
f 798//1077 866//1151 867//1153
f 867//1154 866//1152 798//1078
f 799//921 867//1153 898//1185
f 898//1186 867//1154 799//922
f 799//921 898//1185 858//1073
f 858//1074 898//1186 799//922
f 837//1119 899//1119 835//1115
f 835//1116 899//1120 837//1120
f 835//1115 900//1187 836//1117
f 836//1118 900//1188 835//1116
f 836//1117 901//1189 868//1155
f 868//1156 901//1190 836//1118
f 870//1159 869//1157 803//1085
f 803//1086 869//1158 870//1160
f 869//1157 902//1079 837//1119
f 837//1120 902//1080 869//1158
f 871//1161 870//1159 804//1087
f 804//1088 870//1160 871//1162
f 903//797 871//1161 838//797
f 838//798 871//1162 903//798
f 903//797 838//797 872//455
f 872//456 838//798 903//798
f 872//455 806//455 873//455
f 873//456 806//456 872//456
f 873//455 807//455 874//455
f 874//456 807//456 873//456
f 874//455 808//455 904//455
f 904//456 808//456 874//456
f 904//455 808//455 875//455
f 875//456 808//456 904//456
f 905//455 875//455 839//455
f 839//456 875//456 905//456
f 876//455 905//455 839//455
f 839//456 905//456 876//456
f 876//455 811//455 877//455
f 877//456 811//456 876//456
f 877//455 812//455 906//455
f 906//456 812//456 877//456
f 906//455 812//455 878//455
f 878//456 812//456 906//456
f 878//455 830//1107 894//1177
f 894//1178 830//1108 878//456
f 907//1191 846//847 840//1121
f 840//1122 846//848 907//1192
f 907//1191 840//1121 841//945
f 841//946 840//1122 907//1192
f 841//945 844//945 908//847
f 908//848 844//946 841//946
f 879//799 831//857 860//1139
f 860//1140 831//858 879//800
f 909//981 842//941 879//799
f 879//800 842//942 909//982
f 880//945 842//941 909//981
f 909//982 842//942 880//946
f 908//847 844//945 843//847
f 843//848 844//946 908//848
f 843//847 880//945 910//941
f 910//942 880//946 843//848
f 911//1193 847//847 845//1091
f 845//1092 847//848 911//1194
f 912//1195 845//1091 846//847
f 846//848 845//1092 912//1196
f 881//1163 847//847 911//1193
f 911//1194 847//848 881//1164
f 848//1123 881//1163 913//1197
f 913//1198 881//1164 848//1124
f 849//1125 818//1093 882//1165
f 882//1166 818//1094 849//1126
f 882//1165 848//1123 913//1197
f 913//1198 848//1124 882//1166
f 883//1167 849//1125 882//1165
f 882//1166 849//1126 883//1168
f 884//1169 819//1095 883//1167
f 883//1168 819//1096 884//1170
f 885//1171 820//1097 884//1169
f 884//1170 820//1098 885//1172
f 852//1131 851//1129 850//1127
f 850//1128 851//1130 852//1132
f 914//1199 850//1127 885//1171
f 885//1172 850//1128 914//1200
f 886//1173 852//1131 914//1199
f 914//1200 852//1132 886//1174
f 826//1103 886//1173 890//1175
f 890//1176 886//1174 826//1104
f 887//667 829//667 893//667
f 893//668 829//668 887//668
f 888//667 822//667 887//667
f 887//668 822//668 888//668
f 889//667 823//667 888//667
f 888//668 823//668 889//668
f 853//667 889//667 915//667
f 915//668 889//668 853//668
f 855//667 853//667 915//667
f 915//668 853//668 855//668
f 916//667 854//661 890//1175
f 890//1176 854//662 916//668
f 891//667 854//661 916//667
f 916//668 854//662 891//668
f 892//1037 827//1035 891//667
f 891//668 827//1036 892//1038
f 893//667 828//1105 892//1037
f 892//1038 828//1106 893//668
f 856//1133 855//667 917//1201
f 917//1202 855//668 856//1134
f 857//1135 856//1133 917//1201
f 917//1202 856//1134 857//1136
f 894//1177 857//1135 918//1203
f 918//1204 857//1136 894//1178
f 859//1137 895//1179 919//1205
f 919//1206 895//1180 859//1138
f 920//1207 860//1139 859//1137
f 859//1138 860//1140 920//1208
f 858//1073 898//1185 861//1141
f 861//1142 898//1186 858//1074
f 861//1141 921//873 862//1143
f 862//1144 921//874 861//1142
f 862//1143 922//1209 863//1145
f 863//1146 922//1210 862//1144
f 863//1145 923//1211 895//1179
f 895//1180 923//1212 863//1146
f 868//1155 896//1181 864//1147
f 864//1148 896//1182 868//1156
f 896//1181 924//1213 865//1149
f 865//1150 924//1214 896//1182
f 865//1149 924//1213 897//1183
f 897//1184 924//1214 865//1150
f 897//1183 925//1215 866//1151
f 866//1152 925//1216 897//1184
f 866//1151 926//1217 867//1153
f 867//1154 926//1218 866//1152
f 898//1185 867//1153 927//1219
f 927//1220 867//1154 898//1186
f 837//1119 928//1079 899//1119
f 899//1120 928//1080 837//1120
f 899//1119 900//1187 835//1115
f 835//1116 900//1188 899//1120
f 900//1187 901//1189 836//1117
f 836//1118 901//1190 900//1188
f 901//1189 929//1147 868//1155
f 868//1156 929//1148 901//1190
f 870//1159 930//1221 869//1157
f 869//1158 930//1222 870//1160
f 869//1157 931//1079 902//1079
f 902//1080 931//1080 869//1158
f 902//1079 928//1079 837//1119
f 837//1120 928//1080 902//1080
f 932//1223 870//1159 871//1161
f 871//1162 870//1160 932//1224
f 933//1225 871//1161 903//797
f 903//798 871//1162 933//1226
f 934//797 903//797 872//455
f 872//456 903//798 934//798
f 935//455 872//455 873//455
f 873//456 872//456 935//456
f 936//455 873//455 874//455
f 874//456 873//456 936//456
f 936//455 874//455 904//455
f 904//456 874//456 936//456
f 937//455 904//455 875//455
f 875//456 904//456 937//456
f 937//455 875//455 905//455
f 905//456 875//456 937//456
f 938//455 905//455 876//455
f 876//456 905//456 938//456
f 939//1227 876//455 877//455
f 877//456 876//456 939//1228
f 940//1229 877//455 906//455
f 906//456 877//456 940//1230
f 941//1231 906//455 878//455
f 878//456 906//456 941//1232
f 941//1231 878//455 894//1177
f 894//1178 878//456 941//1232
f 912//1195 846//847 907//1191
f 907//1192 846//848 912//1196
f 907//1191 841//945 942//1193
f 942//1194 841//946 907//1192
f 942//1193 841//945 908//847
f 908//848 841//946 942//1194
f 920//1207 879//799 860//1139
f 860//1140 879//800 920//1208
f 909//981 879//799 920//1207
f 920//1208 879//800 909//982
f 910//941 880//945 909//981
f 909//982 880//946 910//942
f 908//847 843//847 943//1233
f 943//1234 843//848 908//848
f 943//1233 843//847 910//941
f 910//942 843//848 943//1234
f 911//1193 845//1091 912//1195
f 912//1196 845//1092 911//1194
f 913//1197 881//1163 911//1193
f 911//1194 881//1164 913//1198
f 882//1165 913//1197 944//1235
f 944//1236 913//1198 882//1166
f 883//1167 882//1165 945//1237
f 945//1238 882//1166 883//1168
f 884//1169 883//1167 945//1237
f 945//1238 883//1168 884//1170
f 885//1171 884//1169 946//1239
f 946//1240 884//1170 885//1172
f 852//1131 850//1127 914//1199
f 914//1200 850//1128 852//1132
f 914//1199 885//1171 947//1241
f 947//1242 885//1172 914//1200
f 886//1173 914//1199 948//1243
f 948//1244 914//1200 886//1174
f 890//1175 886//1173 949//1245
f 949//1246 886//1174 890//1176
f 887//667 893//667 950//1101
f 950//1102 893//668 887//668
f 888//667 887//667 951//765
f 951//766 887//668 888//668
f 889//667 888//667 952//765
f 952//766 888//668 889//668
f 915//667 889//667 952//765
f 952//766 889//668 915//668
f 855//667 915//667 953//765
f 953//766 915//668 855//668
f 916//667 890//1175 954//1247
f 954//1248 890//1176 916//668
f 891//667 916//667 955//1249
f 955//1250 916//668 891//668
f 892//1037 891//667 956//957
f 956//958 891//668 892//1038
f 893//667 892//1037 956//957
f 956//958 892//1038 893//668
f 917//1201 855//667 953//765
f 953//766 855//668 917//1202
f 857//1135 917//1201 918//1203
f 918//1204 917//1202 857//1136
f 957//1251 894//1177 918//1203
f 918//1204 894//1178 957//1252
f 895//1179 958//1253 919//1205
f 919//1206 958//1254 895//1180
f 919//1205 920//1207 859//1137
f 859//1138 920//1208 919//1206
f 898//1185 921//873 861//1141
f 861//1142 921//874 898//1186
f 921//873 922//1209 862//1143
f 862//1144 922//1210 921//874
f 922//1209 923//1211 863//1145
f 863//1146 923//1212 922//1210
f 923//1211 958//1253 895//1179
f 895//1180 958//1254 923//1212
f 868//1155 929//1147 896//1181
f 896//1182 929//1148 868//1156
f 896//1181 959//1255 924//1213
f 924//1214 959//1256 896//1182
f 924//1213 960//1257 897//1183
f 897//1184 960//1258 924//1214
f 897//1183 960//1257 925//1215
f 925//1216 960//1258 897//1184
f 866//1151 925//1215 926//1217
f 926//1218 925//1216 866//1152
f 867//1153 926//1217 927//1219
f 927//1220 926//1218 867//1154
f 898//1185 927//1219 921//873
f 921//874 927//1220 898//1186
f 928//1079 961//1079 899//1119
f 899//1120 961//1080 928//1080
f 899//1119 961//1079 900//1187
f 900//1188 961//1080 899//1120
f 900//1187 962//1079 901//1189
f 901//1190 962//1080 900//1188
f 901//1189 963//1259 929//1147
f 929//1148 963//1260 901//1190
f 932//1223 930//1221 870//1159
f 870//1160 930//1222 932//1224
f 930//1221 931//1079 869//1157
f 869//1158 931//1080 930//1222
f 931//1079 964//1079 902//1079
f 902//1080 964//1080 931//1080
f 902//1079 964//1079 928//1079
f 928//1080 964//1080 902//1080
f 933//1225 932//1223 871//1161
f 871//1162 932//1224 933//1226
f 934//797 933//1225 903//797
f 903//798 933//1226 934//798
f 934//797 872//455 965//455
f 965//456 872//456 934//798
f 965//455 872//455 935//455
f 935//456 872//456 965//456
f 935//455 873//455 936//455
f 936//456 873//456 935//456
f 936//455 904//455 937//455
f 937//456 904//456 936//456
f 966//455 937//455 905//455
f 905//456 937//456 966//456
f 966//455 905//455 938//455
f 938//456 905//456 966//456
f 967//1227 938//455 876//455
f 876//456 938//456 967//1228
f 967//1227 876//455 939//1227
f 939//1228 876//456 967//1228
f 939//1227 877//455 940//1229
f 940//1230 877//456 939//1228
f 940//1229 906//455 941//1231
f 941//1232 906//456 940//1230
f 941//1231 894//1177 957//1251
f 957//1252 894//1178 941//1232
f 968//1261 912//1195 907//1191
f 907//1192 912//1196 968//1262
f 968//1261 907//1191 942//1193
f 942//1194 907//1192 968//1262
f 942//1193 908//847 969//1263
f 969//1264 908//848 942//1194
f 970//1265 909//981 920//1207
f 920//1208 909//982 970//1266
f 910//941 909//981 971//981
f 971//982 909//982 910//942
f 969//1263 908//847 943//1233
f 943//1234 908//848 969//1264
f 943//1233 910//941 972//1089
f 972//1090 910//942 943//1234
f 973//1267 911//1193 912//1195
f 912//1196 911//1194 973//1268
f 913//1197 911//1193 973//1267
f 973//1268 911//1194 913//1198
f 944//1235 913//1197 973//1267
f 973//1268 913//1198 944//1236
f 945//1237 882//1165 944//1235
f 944//1236 882//1166 945//1238
f 884//1169 945//1237 974//1269
f 974//1270 945//1238 884//1170
f 946//1239 884//1169 974//1269
f 974//1270 884//1170 946//1240
f 975//1271 885//1171 946//1239
f 946//1240 885//1172 975//1272
f 947//1241 885//1171 975//1271
f 975//1272 885//1172 947//1242
f 948//1243 914//1199 947//1241
f 947//1242 914//1200 948//1244
f 949//1245 886//1173 948//1243
f 948//1244 886//1174 949//1246
f 890//1175 949//1245 954//1247
f 954//1248 949//1246 890//1176
f 893//667 956//957 950//1101
f 950//1102 956//958 893//668
f 887//667 950//1101 976//957
f 976//958 950//1102 887//668
f 951//765 887//667 976//957
f 976//958 887//668 951//766
f 952//765 888//667 951//765
f 951//766 888//668 952//766
f 915//667 952//765 977//957
f 977//958 952//766 915//668
f 953//765 915//667 977//957
f 977//958 915//668 953//766
f 916//667 954//1247 978//1273
f 978//1274 954//1248 916//668
f 955//1249 916//667 978//1273
f 978//1274 916//668 955//1250
f 956//957 891//667 955//1249
f 955//1250 891//668 956//958
f 917//1201 953//765 979//1275
f 979//1276 953//766 917//1202
f 918//1203 917//1201 979//1275
f 979//1276 917//1202 918//1204
f 957//1251 918//1203 980//1277
f 980//1278 918//1204 957//1252
f 958//1253 981//1279 919//1205
f 919//1206 981//1280 958//1254
f 970//1265 920//1207 919//1205
f 919//1206 920//1208 970//1266
f 921//873 982//1281 922//1209
f 922//1210 982//1282 921//874
f 922//1209 983//1283 923//1211
f 923//1212 983//1284 922//1210
f 923//1211 983//1283 958//1253
f 958//1254 983//1284 923//1212
f 929//1147 959//1255 896//1181
f 896//1182 959//1256 929//1148
f 959//1255 984//1285 924//1213
f 924//1214 984//1286 959//1256
f 924//1213 984//1285 960//1257
f 960//1258 984//1286 924//1214
f 960//1257 985//1287 925//1215
f 925//1216 985//1288 960//1258
f 925//1215 986//1289 926//1217
f 926//1218 986//1290 925//1216
f 926//1217 987//1291 927//1219
f 927//1220 987//1292 926//1218
f 921//873 927//1219 982//1281
f 982//1282 927//1220 921//874
f 928//1079 988//1079 961//1079
f 961//1080 988//1080 928//1080
f 961//1079 962//1079 900//1187
f 900//1188 962//1080 961//1080
f 962//1079 989//1079 901//1189
f 901//1190 989//1080 962//1080
f 901//1189 989//1079 963//1259
f 963//1260 989//1080 901//1190
f 963//1259 990//1293 929//1147
f 929//1148 990//1294 963//1260
f 932//1223 991//1295 930//1221
f 930//1222 991//1296 932//1224
f 930//1221 992//1079 931//1079
f 931//1080 992//1080 930//1222
f 992//1079 964//1079 931//1079
f 931//1080 964//1080 992//1080
f 964//1079 988//1079 928//1079
f 928//1080 988//1080 964//1080
f 993//1297 932//1223 933//1225
f 933//1226 932//1224 993//1298
f 994//1299 933//1225 934//797
f 934//798 933//1226 994//1300
f 995//797 934//797 965//455
f 965//456 934//798 995//798
f 996//455 965//455 935//455
f 935//456 965//456 996//456
f 997//455 935//455 936//455
f 936//456 935//456 997//456
f 997//455 936//455 937//455
f 937//456 936//456 997//456
f 997//455 937//455 966//455
f 966//456 937//456 997//456
f 998//1301 966//455 938//455
f 938//456 966//456 998//1302
f 998//1301 938//455 967//1227
f 967//1228 938//456 998//1302
f 999//1303 967//1227 939//1227
f 939//1228 967//1228 999//1304
f 1000//1305 939//1227 940//1229
f 940//1230 939//1228 1000//1306
f 1001//1307 940//1229 941//1231
f 941//1232 940//1230 1001//1308
f 1001//1307 941//1231 957//1251
f 957//1252 941//1232 1001//1308
f 973//1267 912//1195 968//1261
f 968//1262 912//1196 973//1268
f 968//1261 942//1193 1002//1309
f 1002//1310 942//1194 968//1262
f 1002//1309 942//1193 969//1263
f 969//1264 942//1194 1002//1310
f 971//981 909//981 970//1265
f 970//1266 909//982 971//982
f 1003//847 910//941 971//981
f 971//982 910//942 1003//848
f 969//1263 943//1233 1004//1311
f 1004//1312 943//1234 969//1264
f 972//1089 910//941 1003//847
f 1003//848 910//942 972//1090
f 1004//1311 943//1233 972//1089
f 972//1090 943//1234 1004//1312
f 944//1235 973//1267 1005//1313
f 1005//1314 973//1268 944//1236
f 945//1237 944//1235 1006//1315
f 1006//1316 944//1236 945//1238
f 974//1269 945//1237 1007//1317
f 1007//1318 945//1238 974//1270
f 946//1239 974//1269 1008//1319
f 1008//1320 974//1270 946//1240
f 975//1271 946//1239 1008//1319
f 1008//1320 946//1240 975//1272
f 1009//456 947//1241 975//1271
f 975//1272 947//1242 1009//455
f 948//1243 947//1241 1009//456
f 1009//455 947//1242 948//1244
f 949//1245 948//1243 1010//1321
f 1010//1322 948//1244 949//1246
f 954//1247 949//1245 1011//1323
f 1011//1324 949//1246 954//1248
f 950//1101 956//957 1012//1325
f 1012//1326 956//958 950//1102
f 976//957 950//1101 1013//765
f 1013//766 950//1102 976//958
f 951//765 976//957 1014//1273
f 1014//1274 976//958 951//766
f 952//765 951//765 1014//1273
f 1014//1274 951//766 952//766
f 977//957 952//765 1015//1327
f 1015//1328 952//766 977//958
f 953//765 977//957 1016//1101
f 1016//1102 977//958 953//766
f 978//1273 954//1247 1017//1329
f 1017//1330 954//1248 978//1274
f 955//1249 978//1273 1018//1031
f 1018//1032 978//1274 955//1250
f 956//957 955//1249 1012//1325
f 1012//1326 955//1250 956//958
f 979//1275 953//765 1016//1101
f 1016//1102 953//766 979//1276
f 918//1203 979//1275 980//1277
f 980//1278 979//1276 918//1204
f 1019//1331 957//1251 980//1277
f 980//1278 957//1252 1019//1332
f 958//1253 1020//1333 981//1279
f 981//1280 1020//1334 958//1254
f 981//1279 970//1265 919//1205
f 919//1206 970//1266 981//1280
f 922//1209 982//1281 983//1283
f 983//1284 982//1282 922//1210
f 983//1283 1020//1333 958//1253
f 958//1254 1020//1334 983//1284
f 929//1147 990//1293 959//1255
f 959//1256 990//1294 929//1148
f 959//1255 1021//1335 984//1285
f 984//1286 1021//1336 959//1256
f 984//1285 985//1287 960//1257
f 960//1258 985//1288 984//1286
f 925//1215 985//1287 986//1289
f 986//1290 985//1288 925//1216
f 926//1217 986//1289 987//1291
f 987//1292 986//1290 926//1218
f 927//1219 987//1291 982//1281
f 982//1282 987//1292 927//1220
f 988//1079 1022//1079 961//1079
f 961//1080 1022//1080 988//1080
f 961//1079 1022//1079 962//1079
f 962//1080 1022//1080 961//1080
f 962//1079 1023//1079 989//1079
f 989//1080 1023//1080 962//1080
f 989//1079 1024//1015 963//1259
f 963//1260 1024//1016 989//1080
f 963//1259 1024//1015 990//1293
f 990//1294 1024//1016 963//1260
f 993//1297 991//1295 932//1223
f 932//1224 991//1296 993//1298
f 991//1295 992//1079 930//1221
f 930//1222 992//1080 991//1296
f 992//1079 1025//1079 964//1079
f 964//1080 1025//1080 992//1080
f 964//1079 1026//1079 988//1079
f 988//1080 1026//1080 964//1080
f 994//1299 993//1297 933//1225
f 933//1226 993//1298 994//1300
f 995//797 994//1299 934//797
f 934//798 994//1300 995//798
f 995//797 965//455 1027//455
f 1027//456 965//456 995//798
f 1027//455 965//455 996//455
f 996//456 965//456 1027//456
f 996//455 935//455 997//455
f 997//456 935//456 996//456
f 1028//1227 997//455 966//455
f 966//456 997//456 1028//1228
f 1029//1337 966//455 998//1301
f 998//1302 966//456 1029//1338
f 1030//1303 998//1301 967//1227
f 967//1228 998//1302 1030//1304
f 1030//1303 967//1227 999//1303
f 999//1304 967//1228 1030//1304
f 999//1303 939//1227 1000//1305
f 1000//1306 939//1228 999//1304
f 1000//1305 940//1229 1001//1307
f 1001//1308 940//1230 1000//1306
f 1001//1307 957//1251 1019//1331
f 1019//1332 957//1252 1001//1308
f 1031//1339 973//1267 968//1261
f 968//1262 973//1268 1031//1340
f 1032//1165 968//1261 1002//1309
f 1002//1310 968//1262 1032//1166
f 1002//1309 969//1263 1033//1267
f 1033//1268 969//1264 1002//1310
f 1034//1341 971//981 970//1265
f 970//1266 971//982 1034//1342
f 1003//847 971//981 1034//1341
f 1034//1342 971//982 1003//848
f 1033//1267 969//1263 1004//1311
f 1004//1312 969//1264 1033//1268
f 1035//1311 972//1089 1003//847
f 1003//848 972//1090 1035//1312
f 1004//1311 972//1089 1035//1311
f 1035//1312 972//1090 1004//1312
f 1005//1313 973//1267 1031//1339
f 1031//1340 973//1268 1005//1314
f 1006//1315 944//1235 1005//1313
f 1005//1314 944//1236 1006//1316
f 1007//1317 945//1237 1006//1315
f 1006//1316 945//1238 1007//1318
f 1008//1319 974//1269 1007//1317
f 1007//1318 974//1270 1008//1320
f 975//1271 1008//1319 1036//1343
f 1036//1344 1008//1320 975//1272
f 1009//456 975//1271 1037//1345
f 1037//1346 975//1272 1009//455
f 1010//1321 948//1243 1009//456
f 1009//455 948//1244 1010//1322
f 1011//1323 949//1245 1010//1321
f 1010//1322 949//1246 1011//1324
f 954//1247 1011//1323 1017//1329
f 1017//1330 1011//1324 954//1248
f 950//1101 1012//1325 1013//765
f 1013//766 1012//1326 950//1102
f 976//957 1013//765 1038//765
f 1038//766 1013//766 976//958
f 1014//1273 976//957 1038//765
f 1038//766 976//958 1014//1274
f 952//765 1014//1273 1015//1327
f 1015//1328 1014//1274 952//766
f 977//957 1015//1327 1039//1101
f 1039//1102 1015//1328 977//958
f 1016//1101 977//957 1039//1101
f 1039//1102 977//958 1016//1102
f 978//1273 1017//1329 1040//1347
f 1040//1348 1017//1330 978//1274
f 1018//1031 978//1273 1040//1347
f 1040//1348 978//1274 1018//1032
f 1012//1325 955//1249 1018//1031
f 1018//1032 955//1250 1012//1326
f 979//1275 1016//1101 1041//1349
f 1041//1350 1016//1102 979//1276
f 980//1277 979//1275 1041//1349
f 1041//1350 979//1276 980//1278
f 1019//1331 980//1277 1042//1351
f 1042//1352 980//1278 1019//1332
f 1020//1333 1043//1353 981//1279
f 981//1280 1043//1354 1020//1334
f 1034//1341 970//1265 981//1279
f 981//1280 970//1266 1034//1342
f 982//1281 1044//1355 983//1283
f 983//1284 1044//1356 982//1282
f 1044//1355 1020//1333 983//1283
f 983//1284 1020//1334 1044//1356
f 990//1293 1021//1335 959//1255
f 959//1256 1021//1336 990//1294
f 1021//1335 1045//1357 984//1285
f 984//1286 1045//1358 1021//1336
f 984//1285 1045//1357 985//1287
f 985//1288 1045//1358 984//1286
f 985//1287 1046//1359 986//1289
f 986//1290 1046//1360 985//1288
f 986//1289 1047//1361 987//1291
f 987//1292 1047//1362 986//1290
f 987//1291 1044//1355 982//1281
f 982//1282 1044//1356 987//1292
f 988//1079 1048//1079 1022//1079
f 1022//1080 1048//1080 988//1080
f 1022//1079 1023//1079 962//1079
f 962//1080 1023//1080 1022//1080
f 1023//1079 1049//1079 989//1079
f 989//1080 1049//1080 1023//1080
f 989//1079 1049//1079 1024//1015
f 1024//1016 1049//1080 989//1080
f 1024//1015 1050//1155 990//1293
f 990//1294 1050//1156 1024//1016
f 993//1297 1051//1363 991//1295
f 991//1296 1051//1364 993//1298
f 1051//1363 992//1079 991//1295
f 991//1296 992//1080 1051//1364
f 1052//1365 1025//1079 992//1079
f 992//1080 1025//1080 1052//1366
f 1025//1079 1026//1079 964//1079
f 964//1080 1026//1080 1025//1080
f 1053//1367 993//1297 994//1299
f 994//1300 993//1298 1053//1368
f 1054//1369 994//1299 995//797
f 995//798 994//1300 1054//1370
f 1055//1371 995//797 1027//455
f 1027//456 995//798 1055//1372
f 1056//1227 1027//455 996//455
f 996//456 1027//456 1056//1228
f 1057//1227 996//455 997//455
f 997//456 996//456 1057//1228
f 1057//1227 997//455 1028//1227
f 1028//1228 997//456 1057//1228
f 1028//1227 966//455 1029//1337
f 1029//1338 966//456 1028//1228
f 1058//1373 1029//1337 998//1301
f 998//1302 1029//1338 1058//1374
f 1059//1375 998//1301 1030//1303
f 1030//1304 998//1302 1059//1376
f 1030//1303 999//1303 1060//1377
f 1060//1378 999//1304 1030//1304
f 999//1303 1000//1305 1061//1379
f 1061//1380 1000//1306 999//1304
f 1000//1305 1001//1307 1062//1381
f 1062//1382 1001//1308 1000//1306
f 1001//1307 1019//1331 1063//1383
f 1063//1384 1019//1332 1001//1308
f 1031//1339 968//1261 1032//1165
f 1032//1166 968//1262 1031//1340
f 1032//1165 1002//1309 1033//1267
f 1033//1268 1002//1310 1032//1166
f 1064//1385 1003//847 1034//1341
f 1034//1342 1003//848 1064//1386
f 1033//1267 1004//1311 1065//1387
f 1065//1388 1004//1312 1033//1268
f 1035//1311 1003//847 1064//1385
f 1064//1386 1003//848 1035//1312
f 1065//1387 1004//1311 1035//1311
f 1035//1312 1004//1312 1065//1388
f 1066//1389 1005//1313 1031//1339
f 1031//1340 1005//1314 1066//1390
f 1006//1315 1005//1313 1067//1391
f 1067//1392 1005//1314 1006//1316
f 1007//1317 1006//1315 1068//1393
f 1068//1394 1006//1316 1007//1318
f 1008//1319 1007//1317 1069//1395
f 1069//1396 1007//1318 1008//1320
f 1036//1343 1008//1319 1069//1395
f 1069//1396 1008//1320 1036//1344
f 1037//1345 975//1271 1036//1343
f 1036//1344 975//1272 1037//1346
f 1070//456 1009//456 1037//1345
f 1037//1346 1009//455 1070//455
f 1010//1321 1009//456 1070//456
f 1070//455 1009//455 1010//1322
f 1011//1323 1010//1321 1071//1397
f 1071//1398 1010//1322 1011//1324
f 1017//1329 1011//1323 1072//1399
f 1072//1400 1011//1324 1017//1330
f 1013//765 1012//1325 1073//1401
f 1073//1402 1012//1326 1013//766
f 1038//765 1013//765 1074//1403
f 1074//1404 1013//766 1038//766
f 1014//1273 1038//765 1075//1405
f 1075//1406 1038//766 1014//1274
f 1015//1327 1014//1273 1076//1407
f 1076//1408 1014//1274 1015//1328
f 1039//1101 1015//1327 1076//1407
f 1076//1408 1015//1328 1039//1102
f 1016//1101 1039//1101 1077//1409
f 1077//1410 1039//1102 1016//1102
f 1040//1347 1017//1329 1078//1411
f 1078//1412 1017//1330 1040//1348
f 1018//1031 1040//1347 1079//1413
f 1079//1414 1040//1348 1018//1032
f 1012//1325 1018//1031 1080//1415
f 1080//1416 1018//1032 1012//1326
f 1041//1349 1016//1101 1081//1417
f 1081//1418 1016//1102 1041//1350
f 980//1277 1041//1349 1042//1351
f 1042//1352 1041//1350 980//1278
f 1019//1331 1042//1351 1082//1419
f 1082//1420 1042//1352 1019//1332
f 1083//1421 1043//1353 1020//1333
f 1020//1334 1043//1354 1083//1422
f 1084//1423 981//1279 1043//1353
f 1043//1354 981//1280 1084//1424
f 1084//1423 1034//1341 981//1279
f 981//1280 1034//1342 1084//1424
f 1044//1355 1083//1421 1020//1333
f 1020//1334 1083//1422 1044//1356
f 990//1293 1050//1155 1021//1335
f 1021//1336 1050//1156 990//1294
f 1021//1335 1085//1425 1045//1357
f 1045//1358 1085//1426 1021//1336
f 1045//1357 1046//1359 985//1287
f 985//1288 1046//1360 1045//1358
f 986//1289 1046//1359 1047//1361
f 1047//1362 1046//1360 986//1290
f 987//1291 1047//1361 1044//1355
f 1044//1356 1047//1362 987//1292
f 1026//1079 1048//1079 988//1079
f 988//1080 1048//1080 1026//1080
f 1048//1079 1023//1079 1022//1079
f 1022//1080 1023//1080 1048//1080
f 1086//1259 1049//1079 1023//1079
f 1023//1080 1049//1080 1086//1260
f 1049//1079 1087//1427 1024//1015
f 1024//1016 1087//1428 1049//1080
f 1024//1015 1087//1427 1050//1155
f 1050//1156 1087//1428 1024//1016
f 1053//1367 1051//1363 993//1297
f 993//1298 1051//1364 1053//1368
f 1051//1363 1052//1365 992//1079
f 992//1080 1052//1366 1051//1364
f 1052//1365 1088//1079 1025//1079
f 1025//1080 1088//1080 1052//1366
f 1025//1079 1089//1117 1026//1079
f 1026//1080 1089//1118 1025//1080
f 1054//1369 1053//1367 994//1299
f 994//1300 1053//1368 1054//1370
f 1055//1371 1054//1369 995//797
f 995//798 1054//1370 1055//1372
f 1055//1371 1027//455 1056//1227
f 1056//1228 1027//456 1055//1372
f 1056//1227 996//455 1057//1227
f 1057//1228 996//456 1056//1228
f 1090//1303 1057//1227 1028//1227
f 1028//1228 1057//1228 1090//1304
f 1091//1303 1028//1227 1029//1337
f 1029//1338 1028//1228 1091//1304
f 1091//1303 1029//1337 1058//1373
f 1058//1374 1029//1338 1091//1304
f 1058//1373 998//1301 1059//1375
f 1059//1376 998//1302 1058//1374
f 1059//1375 1030//1303 1092//1377
f 1092//1378 1030//1304 1059//1376
f 999//1303 1061//1379 1060//1377
f 1060//1378 1061//1380 999//1304
f 1030//1303 1060//1377 1092//1377
f 1092//1378 1060//1378 1030//1304
f 1000//1305 1062//1381 1061//1379
f 1061//1380 1062//1382 1000//1306
f 1001//1307 1063//1383 1062//1381
f 1062//1382 1063//1384 1001//1308
f 1019//1331 1082//1419 1063//1383
f 1063//1384 1082//1420 1019//1332
f 1066//1389 1031//1339 1032//1165
f 1032//1166 1031//1340 1066//1390
f 1032//1165 1033//1267 1093//1313
f 1093//1314 1033//1268 1032//1166
f 1064//1385 1034//1341 1084//1423
f 1084//1424 1034//1342 1064//1386
f 1094//1429 1033//1267 1065//1387
f 1065//1388 1033//1268 1094//1430
f 1095//1431 1035//1311 1064//1385
f 1064//1386 1035//1312 1095//1432
f 1065//1387 1035//1311 1095//1431
f 1095//1432 1035//1312 1065//1388
f 1067//1391 1005//1313 1066//1389
f 1066//1390 1005//1314 1067//1392
f 1068//1393 1006//1315 1067//1391
f 1067//1392 1006//1316 1068//1394
f 1069//1395 1007//1317 1068//1393
f 1068//1394 1007//1318 1069//1396
f 1036//1343 1069//1395 1096//1433
f 1096//1434 1069//1396 1036//1344
f 1037//1345 1036//1343 1097//1345
f 1097//1346 1036//1344 1037//1346
f 1070//456 1037//1345 1098//1345
f 1098//1346 1037//1346 1070//455
f 1071//1397 1010//1321 1070//456
f 1070//455 1010//1322 1071//1398
f 1072//1399 1011//1323 1071//1397
f 1071//1398 1011//1324 1072//1400
f 1017//1329 1072//1399 1078//1411
f 1078//1412 1072//1400 1017//1330
f 1012//1325 1080//1415 1073//1401
f 1073//1402 1080//1416 1012//1326
f 1013//765 1073//1401 1074//1403
f 1074//1404 1073//1402 1013//766
f 1038//765 1074//1403 1099//1435
f 1099//1436 1074//1404 1038//766
f 1075//1405 1038//765 1099//1435
f 1099//1436 1038//766 1075//1406
f 1076//1407 1014//1273 1075//1405
f 1075//1406 1014//1274 1076//1408
f 1039//1101 1076//1407 1077//1409
f 1077//1410 1076//1408 1039//1102
f 1016//1101 1077//1409 1081//1417
f 1081//1418 1077//1410 1016//1102
f 1079//1413 1040//1347 1078//1411
f 1078//1412 1040//1348 1079//1414
f 1018//1031 1079//1413 1080//1415
f 1080//1416 1079//1414 1018//1032
f 1041//1349 1081//1417 1082//1419
f 1082//1420 1081//1418 1041//1350
f 1042//1351 1041//1349 1082//1419
f 1082//1420 1041//1350 1042//1352
f 1083//1421 1100//1437 1043//1353
f 1043//1354 1100//1438 1083//1422
f 1101//1439 1084//1423 1043//1353
f 1043//1354 1084//1424 1101//1440
f 1044//1355 1102//1441 1083//1421
f 1083//1422 1102//1442 1044//1356
f 1050//1155 1103//1443 1021//1335
f 1021//1336 1103//1444 1050//1156
f 1021//1335 1103//1443 1085//1425
f 1085//1426 1103//1444 1021//1336
f 1085//1425 1104//1445 1045//1357
f 1045//1358 1104//1446 1085//1426
f 1045//1357 1104//1445 1046//1359
f 1046//1360 1104//1446 1045//1358
f 1046//1359 1105//1447 1047//1361
f 1047//1362 1105//1448 1046//1360
f 1047//1361 1102//1441 1044//1355
f 1044//1356 1102//1442 1047//1362
f 1089//1117 1048//1079 1026//1079
f 1026//1080 1048//1080 1089//1118
f 1048//1079 1086//1259 1023//1079
f 1023//1080 1086//1260 1048//1080
f 1086//1259 1106//1449 1049//1079
f 1049//1080 1106//1450 1086//1260
f 1106//1449 1087//1427 1049//1079
f 1049//1080 1087//1428 1106//1450
f 1087//1427 1107//1451 1050//1155
f 1050//1156 1107//1452 1087//1428
f 1053//1367 1108//1453 1051//1363
f 1051//1364 1108//1454 1053//1368
f 1051//1363 1109//1259 1052//1365
f 1052//1366 1109//1260 1051//1364
f 1109//1259 1088//1079 1052//1365
f 1052//1366 1088//1080 1109//1260
f 1088//1079 1089//1117 1025//1079
f 1025//1080 1089//1118 1088//1080
f 1110//1455 1053//1367 1054//1369
f 1054//1370 1053//1368 1110//1456
f 1111//1457 1054//1369 1055//1371
f 1055//1372 1054//1370 1111//1458
f 1112//1459 1055//1371 1056//1227
f 1056//1228 1055//1372 1112//1460
f 1113//1305 1056//1227 1057//1227
f 1057//1228 1056//1228 1113//1306
f 1113//1305 1057//1227 1090//1303
f 1090//1304 1057//1228 1113//1306
f 1090//1303 1028//1227 1091//1303
f 1091//1304 1028//1228 1090//1304
f 1114//1379 1091//1303 1058//1373
f 1058//1374 1091//1304 1114//1380
f 1058//1373 1059//1375 1115//1377
f 1115//1378 1059//1376 1058//1374
f 1059//1375 1092//1377 1115//1377
f 1115//1378 1092//1378 1059//1376
f 1060//1377 1061//1379 1116//64
f 1116//63 1061//1380 1060//1378
f 1092//1377 1060//1377 1117//64
f 1117//63 1060//1378 1092//1378
f 1061//1379 1062//1381 1116//64
f 1116//63 1062//1382 1061//1380
f 1062//1381 1063//1383 1118//1461
f 1118//1462 1063//1384 1062//1382
f 1063//1383 1082//1419 1118//1461
f 1118//1462 1082//1420 1063//1384
f 1066//1389 1032//1165 1119//1463
f 1119//1464 1032//1166 1066//1390
f 1093//1313 1033//1267 1094//1429
f 1094//1430 1033//1268 1093//1314
f 1119//1463 1032//1165 1093//1313
f 1093//1314 1032//1166 1119//1464
f 1120//1093 1064//1385 1084//1423
f 1084//1424 1064//1386 1120//1094
f 1094//1429 1065//1387 1121//1465
f 1121//1466 1065//1388 1094//1430
f 1095//1431 1064//1385 1120//1093
f 1120//1094 1064//1386 1095//1432
f 1121//1465 1065//1387 1095//1431
f 1095//1432 1065//1388 1121//1466
f 1122//1467 1067//1391 1066//1389
f 1066//1390 1067//1392 1122//1468
f 1068//1393 1067//1391 1122//1467
f 1122//1468 1067//1392 1068//1394
f 1069//1395 1068//1393 1123//1469
f 1123//1470 1068//1394 1069//1396
f 1096//1433 1069//1395 1124//1471
f 1124//1472 1069//1396 1096//1434
f 1097//1345 1036//1343 1096//1433
f 1096//1434 1036//1344 1097//1346
f 1098//1345 1037//1345 1097//1345
f 1097//1346 1037//1346 1098//1346
f 1125//456 1070//456 1098//1345
f 1098//1346 1070//455 1125//455
f 1071//1397 1070//456 1125//456
f 1125//455 1070//455 1071//1398
f 1072//1399 1071//1397 1126//1473
f 1126//1474 1071//1398 1072//1400
f 1078//1411 1072//1399 1127//1475
f 1127//1476 1072//1400 1078//1412
f 1073//1401 1080//1415 1128//1477
f 1128//1478 1080//1416 1073//1402
f 1074//1403 1073//1401 1129//1479
f 1129//1480 1073//1402 1074//1404
f 1099//1435 1074//1403 1130//1481
f 1130//1482 1074//1404 1099//1436
f 1075//1405 1099//1435 1131//1483
f 1131//1484 1099//1436 1075//1406
f 1076//1407 1075//1405 1131//1483
f 1131//1484 1075//1406 1076//1408
f 1077//1409 1076//1407 1132//1485
f 1132//1486 1076//1408 1077//1410
f 1081//1417 1077//1409 1133//1487
f 1133//1488 1077//1410 1081//1418
f 1079//1413 1078//1411 1134//1489
f 1134//1490 1078//1412 1079//1414
f 1080//1415 1079//1413 1135//1491
f 1135//1492 1079//1414 1080//1416
f 1082//1419 1081//1417 1136//1493
f 1136//1494 1081//1418 1082//1420
f 1137//1495 1100//1437 1083//1421
f 1083//1422 1100//1438 1137//1496
f 1101//1439 1043//1353 1100//1437
f 1100//1438 1043//1354 1101//1440
f 1120//1093 1084//1423 1101//1439
f 1101//1440 1084//1424 1120//1094
f 1102//1441 1137//1495 1083//1421
f 1083//1422 1137//1496 1102//1442
f 1050//1155 1107//1451 1103//1443
f 1103//1444 1107//1452 1050//1156
f 1103//1443 1138//1497 1085//1425
f 1085//1426 1138//1498 1103//1444
f 1085//1425 1139//1499 1104//1445
f 1104//1446 1139//1500 1085//1426
f 1104//1445 1105//1447 1046//1359
f 1046//1360 1105//1448 1104//1446
f 1105//1447 1102//1441 1047//1361
f 1047//1362 1102//1442 1105//1448
f 1089//1117 1140//1365 1048//1079
f 1048//1080 1140//1366 1089//1118
f 1140//1365 1086//1259 1048//1079
f 1048//1080 1086//1260 1140//1366
f 1141//1449 1106//1449 1086//1259
f 1086//1260 1106//1450 1141//1450
f 1106//1449 1142//1501 1087//1427
f 1087//1428 1142//1502 1106//1450
f 1142//1501 1107//1451 1087//1427
f 1087//1428 1107//1452 1142//1502
f 1110//1455 1108//1453 1053//1367
f 1053//1368 1108//1454 1110//1456
f 1108//1453 1109//1259 1051//1363
f 1051//1364 1109//1260 1108//1454
f 1109//1259 1143//1079 1088//1079
f 1088//1080 1143//1080 1109//1260
f 1088//1079 1144//1449 1089//1117
f 1089//1118 1144//1450 1088//1080
f 1111//1457 1110//1455 1054//1369
f 1054//1370 1110//1456 1111//1458
f 1112//1459 1111//1457 1055//1371
f 1055//1372 1111//1458 1112//1460
f 1112//1459 1056//1227 1113//1305
f 1113//1306 1056//1228 1112//1460
f 1145//1379 1113//1305 1090//1303
f 1090//1304 1113//1306 1145//1380
f 1146//1503 1090//1303 1091//1303
f 1091//1304 1090//1304 1146//1504
f 1146//1503 1091//1303 1114//1379
f 1114//1380 1091//1304 1146//1504
f 1114//1379 1058//1373 1147//1505
f 1147//1506 1058//1374 1114//1380
f 1147//1505 1058//1373 1115//1377
f 1115//1378 1058//1374 1147//1506
f 1115//1377 1092//1377 1148//64
f 1148//63 1092//1378 1115//1378
f 1117//64 1060//1377 1116//64
f 1116//63 1060//1378 1117//63
f 1092//1377 1117//64 1148//64
f 1148//63 1117//63 1092//1378
f 1116//64 1062//1381 1149//64
f 1149//63 1062//1382 1116//63
f 1062//1381 1118//1461 1149//64
f 1149//63 1118//1462 1062//1382
f 1118//1461 1082//1419 1136//1493
f 1136//1494 1082//1420 1118//1462
f 1122//1467 1066//1389 1119//1463
f 1119//1464 1066//1390 1122//1468
f 1150//1507 1093//1313 1094//1429
f 1094//1430 1093//1314 1150//1508
f 1119//1463 1093//1313 1151//1391
f 1151//1392 1093//1314 1119//1464
f 1152//1463 1094//1429 1121//1465
f 1121//1466 1094//1430 1152//1464
f 1121//1465 1095//1431 1120//1093
f 1120//1094 1095//1432 1121//1466
f 1123//1469 1068//1393 1122//1467
f 1122//1468 1068//1394 1123//1470
f 1124//1471 1069//1395 1123//1469
f 1123//1470 1069//1396 1124//1472
f 1153//456 1096//1433 1124//1471
f 1124//1472 1096//1434 1153//455
f 1097//1345 1096//1433 1154//456
f 1154//455 1096//1434 1097//1346
f 1098//1345 1097//1345 1155//1345
f 1155//1346 1097//1346 1098//1346
f 1125//456 1098//1345 1156//1345
f 1156//1346 1098//1346 1125//455
f 1126//1473 1071//1397 1125//456
f 1125//455 1071//1398 1126//1474
f 1127//1475 1072//1399 1126//1473
f 1126//1474 1072//1400 1127//1476
f 1078//1411 1127//1475 1134//1489
f 1134//1490 1127//1476 1078//1412
f 1080//1415 1135//1491 1128//1477
f 1128//1478 1135//1492 1080//1416
f 1073//1401 1128//1477 1129//1479
f 1129//1480 1128//1478 1073//1402
f 1074//1403 1129//1479 1130//1481
f 1130//1482 1129//1480 1074//1404
f 1099//1435 1130//1481 1157//1493
f 1157//1494 1130//1482 1099//1436
f 1131//1483 1099//1435 1157//1493
f 1157//1494 1099//1436 1131//1484
f 1076//1407 1131//1483 1132//1485
f 1132//1486 1131//1484 1076//1408
f 1077//1409 1132//1485 1133//1487
f 1133//1488 1132//1486 1077//1410
f 1081//1417 1133//1487 1136//1493
f 1136//1494 1133//1488 1081//1418
f 1079//1413 1134//1489 1135//1491
f 1135//1492 1134//1490 1079//1414
f 1137//1495 1101//1439 1100//1437
f 1100//1438 1101//1440 1137//1496
f 1158//1509 1120//1093 1101//1439
f 1101//1440 1120//1094 1158//1510
f 1159//1511 1137//1495 1102//1441
f 1102//1442 1137//1496 1159//1512
f 1107//1451 1160//1079 1103//1443
f 1103//1444 1160//1080 1107//1452
f 1103//1443 1160//1079 1138//1497
f 1138//1498 1160//1080 1103//1444
f 1085//1425 1138//1497 1139//1499
f 1139//1500 1138//1498 1085//1426
f 1139//1499 1161//1513 1104//1445
f 1104//1446 1161//1514 1139//1500
f 1104//1445 1161//1513 1105//1447
f 1105//1448 1161//1514 1104//1446
f 1105//1447 1159//1511 1102//1441
f 1102//1442 1159//1512 1105//1448
f 1089//1117 1162//1119 1140//1365
f 1140//1366 1162//1120 1089//1118
f 1140//1365 1141//1449 1086//1259
f 1086//1260 1141//1450 1140//1366
f 1141//1449 1163//1079 1106//1449
f 1106//1450 1163//1080 1141//1450
f 1163//1079 1142//1501 1106//1449
f 1106//1450 1142//1502 1163//1080
f 1142//1501 1164//1259 1107//1451
f 1107//1452 1164//1260 1142//1502
f 1110//1455 1165//1515 1108//1453
f 1108//1454 1165//1516 1110//1456
f 1165//1515 1109//1259 1108//1453
f 1108//1454 1109//1260 1165//1516
f 1166//1079 1143//1079 1109//1259
f 1109//1260 1143//1080 1166//1080
f 1143//1079 1144//1449 1088//1079
f 1088//1080 1144//1450 1143//1080
f 1144//1449 1162//1119 1089//1117
f 1089//1118 1162//1120 1144//1450
f 1167//1517 1110//1455 1111//1457
f 1111//1458 1110//1456 1167//1518
f 1168//1519 1111//1457 1112//1459
f 1112//1460 1111//1458 1168//1520
f 1169//1381 1112//1459 1113//1305
f 1113//1306 1112//1460 1169//1382
f 1169//1381 1113//1305 1145//1379
f 1145//1380 1113//1306 1169//1382
f 1145//1379 1090//1303 1146//1503
f 1146//1504 1090//1304 1145//1380
f 1146//1503 1114//1379 1170//64
f 1170//63 1114//1380 1146//1504
f 1114//1379 1147//1505 1170//64
f 1170//63 1147//1506 1114//1380
f 1147//1505 1115//1377 1171//64
f 1171//63 1115//1378 1147//1506
f 1115//1377 1148//64 1171//64
f 1171//63 1148//63 1115//1378
f 1117//64 1116//64 1172//64
f 1172//63 1116//63 1117//63
f 1173//64 1148//64 1117//64
f 1117//63 1148//63 1173//63
f 1116//64 1149//64 1174//64
f 1174//63 1149//63 1116//63
f 1149//64 1118//1461 1175//64
f 1175//63 1118//1462 1149//63
f 1118//1461 1136//1493 1176//1521
f 1176//1522 1136//1494 1118//1462
f 1122//1467 1119//1463 1177//1523
f 1177//1524 1119//1464 1122//1468
f 1151//1391 1093//1313 1150//1507
f 1150//1508 1093//1314 1151//1392
f 1150//1507 1094//1429 1152//1463
f 1152//1464 1094//1430 1150//1508
f 1177//1523 1119//1463 1151//1391
f 1151//1392 1119//1464 1177//1524
f 1152//1463 1121//1465 1178//1525
f 1178//1526 1121//1466 1152//1464
f 1121//1465 1120//1093 1179//1527
f 1179//1528 1120//1094 1121//1466
f 1123//1469 1122//1467 1180//1529
f 1180//1530 1122//1468 1123//1470
f 1124//1471 1123//1469 1181//1531
f 1181//1532 1123//1470 1124//1472
f 1154//456 1096//1433 1153//456
f 1153//455 1096//1434 1154//455
f 1153//456 1124//1471 1181//1531
f 1181//1532 1124//1472 1153//455
f 1155//1345 1097//1345 1154//456
f 1154//455 1097//1346 1155//1346
f 1156//1345 1098//1345 1155//1345
f 1155//1346 1098//1346 1156//1346
f 1182//456 1125//456 1156//1345
f 1156//1346 1125//455 1182//455
f 1126//1473 1125//456 1182//456
f 1182//455 1125//455 1126//1474
f 1127//1475 1126//1473 1183//1533
f 1183//1534 1126//1474 1127//1476
f 1134//1489 1127//1475 1184//1535
f 1184//1536 1127//1476 1134//1490
f 1185//1537 1128//1477 1135//1491
f 1135//1492 1128//1478 1185//1538
f 1186//1537 1129//1479 1128//1477
f 1128//1478 1129//1480 1186//1538
f 1187//1537 1130//1481 1129//1479
f 1129//1480 1130//1482 1187//1538
f 1188//1521 1157//1493 1130//1481
f 1130//1482 1157//1494 1188//1522
f 1189//1537 1131//1483 1157//1493
f 1157//1494 1131//1484 1189//1538
f 1190//1461 1132//1485 1131//1483
f 1131//1484 1132//1486 1190//1462
f 1191//1539 1133//1487 1132//1485
f 1132//1486 1133//1488 1191//1540
f 1176//1521 1136//1493 1133//1487
f 1133//1488 1136//1494 1176//1522
f 1135//1491 1134//1489 1192//1541
f 1192//1542 1134//1490 1135//1492
f 1158//1509 1101//1439 1137//1495
f 1137//1496 1101//1440 1158//1510
f 1179//1527 1120//1093 1158//1509
f 1158//1510 1120//1094 1179//1528
f 1159//1511 1158//1509 1137//1495
f 1137//1496 1158//1510 1159//1512
f 1164//1259 1160//1079 1107//1451
f 1107//1452 1160//1080 1164//1260
f 1160//1079 1193//1543 1138//1497
f 1138//1498 1193//1544 1160//1080
f 1138//1497 1194//1545 1139//1499
f 1139//1500 1194//1546 1138//1498
f 1139//1499 1195//1547 1161//1513
f 1161//1514 1195//1548 1139//1500
f 1161//1513 1159//1511 1105//1447
f 1105//1448 1159//1512 1161//1514
f 1162//1119 1141//1449 1140//1365
f 1140//1366 1141//1450 1162//1120
f 1141//1449 1196//1549 1163//1079
f 1163//1080 1196//1550 1141//1450
f 1163//1079 1197//1551 1142//1501
f 1142//1502 1197//1552 1163//1080
f 1197//1551 1164//1259 1142//1501
f 1142//1502 1164//1260 1197//1552
f 1167//1517 1165//1515 1110//1455
f 1110//1456 1165//1516 1167//1518
f 1165//1515 1166//1079 1109//1259
f 1109//1260 1166//1080 1165//1516
f 1166//1079 1198//1079 1143//1079
f 1143//1080 1198//1080 1166//1080
f 1143//1079 1199//1079 1144//1449
f 1144//1450 1199//1080 1143//1080
f 1199//1079 1162//1119 1144//1449
f 1144//1450 1162//1120 1199//1080
f 1168//1519 1167//1517 1111//1457
f 1111//1458 1167//1518 1168//1520
f 1200//1553 1168//1519 1112//1459
f 1112//1460 1168//1520 1200//1554
f 1200//1553 1112//1459 1169//1381
f 1169//1382 1112//1460 1200//1554
f 1169//1381 1145//1379 1201//64
f 1201//63 1145//1380 1169//1382
f 1145//1379 1146//1503 1201//64
f 1201//63 1146//1504 1145//1380
f 1146//1503 1170//64 1202//64
f 1202//63 1170//63 1146//1504
f 1170//64 1147//1505 1203//64
f 1203//63 1147//1506 1170//63
f 1147//1505 1171//64 1203//64
f 1203//63 1171//63 1147//1506
f 1171//64 1148//64 1173//64
f 1173//63 1148//63 1171//63
f 1172//64 1116//64 1174//64
f 1174//63 1116//63 1172//63
f 1173//64 1117//64 1172//64
f 1172//63 1117//63 1173//63
f 1174//64 1149//64 1175//64
f 1175//63 1149//63 1174//63
f 1175//64 1118//1461 1176//1521
f 1176//1522 1118//1462 1175//63
f 1180//1529 1122//1467 1177//1523
f 1177//1524 1122//1468 1180//1530
f 1204//1393 1151//1391 1150//1507
f 1150//1508 1151//1392 1204//1394
f 1205//1555 1150//1507 1152//1463
f 1152//1464 1150//1508 1205//1556
f 1177//1523 1151//1391 1204//1393
f 1204//1394 1151//1392 1177//1524
f 1178//1525 1121//1465 1179//1527
f 1179//1528 1121//1466 1178//1526
f 1206//1557 1152//1463 1178//1525
f 1178//1526 1152//1464 1206//1558
f 1181//1531 1123//1469 1180//1529
f 1180//1530 1123//1470 1181//1532
f 1207//456 1154//456 1153//456
f 1153//455 1154//455 1207//455
f 1153//456 1181//1531 1208//456
f 1208//455 1181//1532 1153//455
f 1155//1345 1154//456 1209//456
f 1209//455 1154//455 1155//1346
f 1156//1345 1155//1345 1210//1345
f 1210//1346 1155//1346 1156//1346
f 1182//456 1156//1345 1211//1559
f 1211//1560 1156//1346 1182//455
f 1183//1533 1126//1473 1182//456
f 1182//455 1126//1474 1183//1534
f 1212//1561 1127//1475 1183//1533
f 1183//1534 1127//1476 1212//1562
f 1184//1535 1127//1475 1212//1561
f 1212//1562 1127//1476 1184//1536
f 1134//1489 1184//1535 1192//1541
f 1192//1542 1184//1536 1134//1490
f 1186//1537 1128//1477 1185//1537
f 1185//1538 1128//1478 1186//1538
f 1185//1537 1135//1491 1213//1563
f 1213//1564 1135//1492 1185//1538
f 1187//1537 1129//1479 1186//1537
f 1186//1538 1129//1480 1187//1538
f 1187//1537 1188//1521 1130//1481
f 1130//1482 1188//1522 1187//1538
f 1189//1537 1157//1493 1188//1521
f 1188//1522 1157//1494 1189//1538
f 1189//1537 1190//1461 1131//1483
f 1131//1484 1190//1462 1189//1538
f 1191//1539 1132//1485 1190//1461
f 1190//1462 1132//1486 1191//1540
f 1176//1521 1133//1487 1191//1539
f 1191//1540 1133//1488 1176//1522
f 1213//1563 1135//1491 1192//1541
f 1192//1542 1135//1492 1213//1564
f 1214//1565 1179//1527 1158//1509
f 1158//1510 1179//1528 1214//1566
f 1214//1565 1158//1509 1159//1511
f 1159//1512 1158//1510 1214//1566
f 1164//1259 1215//1427 1160//1079
f 1160//1080 1215//1428 1164//1260
f 1215//1427 1193//1543 1160//1079
f 1160//1080 1193//1544 1215//1428
f 1138//1497 1193//1543 1194//1545
f 1194//1546 1193//1544 1138//1498
f 1139//1499 1194//1545 1195//1547
f 1195//1548 1194//1546 1139//1500
f 1195//1547 1216//1567 1161//1513
f 1161//1514 1216//1568 1195//1548
f 1161//1513 1216//1567 1159//1511
f 1159//1512 1216//1568 1161//1514
f 1162//1119 1217//1117 1141//1449
f 1141//1450 1217//1118 1162//1120
f 1217//1117 1196//1549 1141//1449
f 1141//1450 1196//1550 1217//1118
f 1196//1549 1218//1569 1163//1079
f 1163//1080 1218//1570 1196//1550
f 1163//1079 1218//1569 1197//1551
f 1197//1552 1218//1570 1163//1080
f 1197//1551 1219//1365 1164//1259
f 1164//1260 1219//1366 1197//1552
f 1167//1517 1220//1571 1165//1515
f 1165//1516 1220//1572 1167//1518
f 1220//1571 1166//1079 1165//1515
f 1165//1516 1166//1080 1220//1572
f 1166//1079 1221//1573 1198//1079
f 1198//1080 1221//1574 1166//1080
f 1198//1079 1199//1079 1143//1079
f 1143//1080 1199//1080 1198//1080
f 1199//1079 1222//1575 1162//1119
f 1162//1120 1222//1576 1199//1080
f 1168//1519 1223//1577 1167//1517
f 1167//1518 1223//1578 1168//1520
f 1224//1579 1168//1519 1200//1553
f 1200//1554 1168//1520 1224//1580
f 1200//1553 1169//1381 1225//1581
f 1225//1582 1169//1382 1200//1554
f 1169//1381 1201//64 1226//64
f 1226//63 1201//63 1169//1382
f 1201//64 1146//1503 1202//64
f 1202//63 1146//1504 1201//63
f 1202//64 1170//64 1227//64
f 1227//63 1170//63 1202//63
f 1170//64 1203//64 1227//64
f 1227//63 1203//63 1170//63
f 1203//64 1171//64 1228//64
f 1228//63 1171//63 1203//63
f 1171//64 1173//64 1229//64
f 1229//63 1173//63 1171//63
f 1172//64 1174//64 1230//64
f 1230//63 1174//63 1172//63
f 1173//64 1172//64 1231//64
f 1231//63 1172//63 1173//63
f 1174//64 1175//64 1232//64
f 1232//63 1175//63 1174//63
f 1175//64 1176//1521 1232//64
f 1232//63 1176//1522 1175//63
f 1180//1529 1177//1523 1204//1393
f 1204//1394 1177//1524 1180//1530
f 1204//1393 1150//1507 1205//1555
f 1205//1556 1150//1508 1204//1394
f 1205//1555 1152//1463 1206//1557
f 1206//1558 1152//1464 1205//1556
f 1178//1525 1179//1527 1214//1565
f 1214//1566 1179//1528 1178//1526
f 1206//1557 1178//1525 1233//1393
f 1233//1394 1178//1526 1206//1558
f 1181//1531 1180//1529 1234//1395
f 1234//1396 1180//1530 1181//1532
f 1209//456 1154//456 1207//456
f 1207//455 1154//455 1209//455
f 1207//456 1153//456 1235//456
f 1235//455 1153//455 1207//455
f 1208//456 1181//1531 1236//1433
f 1236//1434 1181//1532 1208//455
f 1235//456 1153//456 1208//456
f 1208//455 1153//455 1235//455
f 1210//1345 1155//1345 1209//456
f 1209//455 1155//1346 1210//1346
f 1211//1559 1156//1345 1210//1345
f 1210//1346 1156//1346 1211//1560
f 1237//1345 1182//456 1211//1559
f 1211//1560 1182//455 1237//1346
f 1183//1533 1182//456 1238//456
f 1238//455 1182//455 1183//1534
f 1212//1561 1183//1533 1239//1583
f 1239//1584 1183//1534 1212//1562
f 1240//1585 1184//1535 1212//1561
f 1212//1562 1184//1536 1240//1586
f 1192//1541 1184//1535 1241//1587
f 1241//1588 1184//1536 1192//1542
f 1242//64 1186//1537 1185//1537
f 1185//1538 1186//1538 1242//63
f 1243//1589 1185//1537 1213//1563
f 1213//1564 1185//1538 1243//1590
f 1244//64 1187//1537 1186//1537
f 1186//1538 1187//1538 1244//63
f 1245//64 1188//1521 1187//1537
f 1187//1538 1188//1522 1245//63
f 1246//64 1189//1537 1188//1521
f 1188//1522 1189//1538 1246//63
f 1247//64 1190//1461 1189//1537
f 1189//1538 1190//1462 1247//63
f 1232//64 1191//1539 1190//1461
f 1190//1462 1191//1540 1232//63
f 1232//64 1176//1521 1191//1539
f 1191//1540 1176//1522 1232//63
f 1240//1585 1213//1563 1192//1541
f 1192//1542 1213//1564 1240//1586
f 1248//1591 1214//1565 1159//1511
f 1159//1512 1214//1566 1248//1592
f 1219//1365 1215//1427 1164//1259
f 1164//1260 1215//1428 1219//1366
f 1215//1427 1249//1593 1193//1543
f 1193//1544 1249//1594 1215//1428
f 1193//1543 1250//1595 1194//1545
f 1194//1546 1250//1596 1193//1544
f 1194//1545 1251//1597 1195//1547
f 1195//1548 1251//1598 1194//1546
f 1195//1547 1252//1599 1216//1567
f 1216//1568 1252//1600 1195//1548
f 1248//1591 1159//1511 1216//1567
f 1216//1568 1159//1512 1248//1592
f 1222//1575 1217//1117 1162//1119
f 1162//1120 1217//1118 1222//1576
f 1217//1117 1253//1601 1196//1549
f 1196//1550 1253//1602 1217//1118
f 1196//1549 1254//1603 1218//1569
f 1218//1570 1254//1604 1196//1550
f 1218//1569 1219//1365 1197//1551
f 1197//1552 1219//1366 1218//1570
f 1167//1517 1223//1577 1220//1571
f 1220//1572 1223//1578 1167//1518
f 1220//1571 1255//1605 1166//1079
f 1166//1080 1255//1606 1220//1572
f 1255//1605 1221//1573 1166//1079
f 1166//1080 1221//1574 1255//1606
f 1221//1573 1256//1607 1198//1079
f 1198//1080 1256//1608 1221//1574
f 1198//1079 1256//1607 1199//1079
f 1199//1080 1256//1608 1198//1080
f 1199//1079 1257//1609 1222//1575
f 1222//1576 1257//1610 1199//1080
f 1224//1579 1223//1577 1168//1519
f 1168//1520 1223//1578 1224//1580
f 1224//1579 1200//1553 1258//1611
f 1258//1612 1200//1554 1224//1580
f 1225//1581 1169//1381 1226//64
f 1226//63 1169//1382 1225//1582
f 1258//1611 1200//1553 1225//1581
f 1225//1582 1200//1554 1258//1612
f 1226//64 1201//64 1259//64
f 1259//63 1201//63 1226//63
f 1201//64 1202//64 1260//64
f 1260//63 1202//63 1201//63
f 1202//64 1227//64 1260//64
f 1260//63 1227//63 1202//63
f 1227//64 1203//64 1228//64
f 1228//63 1203//63 1227//63
f 1228//64 1171//64 1229//64
f 1229//63 1171//63 1228//63
f 1261//64 1229//64 1173//64
f 1173//63 1229//63 1261//63
f 1230//64 1174//64 1262//64
f 1262//63 1174//63 1230//63
f 1231//64 1172//64 1230//64
f 1230//63 1172//63 1231//63
f 1261//64 1173//64 1231//64
f 1231//63 1173//63 1261//63
f 1174//64 1232//64 1262//64
f 1262//63 1232//63 1174//63
f 1180//1529 1204//1393 1234//1395
f 1234//1396 1204//1394 1180//1530
f 1234//1395 1204//1393 1205//1555
f 1205//1556 1204//1394 1234//1396
f 1263//1613 1205//1555 1206//1557
f 1206//1558 1205//1556 1263//1614
f 1233//1393 1178//1525 1214//1565
f 1214//1566 1178//1526 1233//1394
f 1264//1615 1206//1557 1233//1393
f 1233//1394 1206//1558 1264//1616
f 1181//1531 1234//1395 1236//1433
f 1236//1434 1234//1396 1181//1532
f 1265//456 1209//456 1207//456
f 1207//455 1209//455 1265//455
f 1265//456 1207//456 1235//456
f 1235//455 1207//455 1265//455
f 1208//456 1236//1433 1266//456
f 1266//455 1236//1434 1208//455
f 1235//456 1208//456 1266//456
f 1266//455 1208//455 1235//455
f 1210//1345 1209//456 1267//456
f 1267//455 1209//455 1210//1346
f 1211//1559 1210//1345 1268//1345
f 1268//1346 1210//1346 1211//1560
f 1238//456 1182//456 1237//1345
f 1237//1346 1182//455 1238//455
f 1237//1345 1211//1559 1268//1345
f 1268//1346 1211//1560 1237//1346
f 1239//1583 1183//1533 1238//456
f 1238//455 1183//1534 1239//1584
f 1269//1617 1212//1561 1239//1583
f 1239//1584 1212//1562 1269//1618
f 1240//1585 1241//1587 1184//1535
f 1184//1536 1241//1588 1240//1586
f 1240//1585 1212//1561 1269//1617
f 1269//1618 1212//1562 1240//1586
f 1240//1585 1192//1541 1241//1587
f 1241//1588 1192//1542 1240//1586
f 1244//64 1186//1537 1242//64
f 1242//63 1186//1538 1244//63
f 1242//64 1185//1537 1243//1589
f 1243//1590 1185//1538 1242//63
f 1269//1617 1243//1589 1213//1563
f 1213//1564 1243//1590 1269//1618
f 1245//64 1187//1537 1244//64
f 1244//63 1187//1538 1245//63
f 1246//64 1188//1521 1245//64
f 1245//63 1188//1522 1246//63
f 1247//64 1189//1537 1246//64
f 1246//63 1189//1538 1247//63
f 1270//64 1190//1461 1247//64
f 1247//63 1190//1462 1270//63
f 1232//64 1190//1461 1270//64
f 1270//63 1190//1462 1232//63
f 1269//1617 1213//1563 1240//1585
f 1240//1586 1213//1564 1269//1618
f 1233//1393 1214//1565 1248//1591
f 1248//1592 1214//1566 1233//1394
f 1219//1365 1271//1259 1215//1427
f 1215//1428 1271//1260 1219//1366
f 1271//1259 1249//1593 1215//1427
f 1215//1428 1249//1594 1271//1260
f 1249//1593 1250//1595 1193//1543
f 1193//1544 1250//1596 1249//1594
f 1194//1545 1250//1595 1251//1597
f 1251//1598 1250//1596 1194//1546
f 1195//1547 1251//1597 1252//1599
f 1252//1600 1251//1598 1195//1548
f 1272//1619 1216//1567 1252//1599
f 1252//1600 1216//1568 1272//1620
f 1272//1619 1248//1591 1216//1567
f 1216//1568 1248//1592 1272//1620
f 1222//1575 1273//1115 1217//1117
f 1217//1118 1273//1116 1222//1576
f 1273//1115 1253//1601 1217//1117
f 1217//1118 1253//1602 1273//1116
f 1253//1601 1254//1603 1196//1549
f 1196//1550 1254//1604 1253//1602
f 1254//1603 1274//1621 1218//1569
f 1218//1570 1274//1622 1254//1604
f 1218//1569 1274//1621 1219//1365
f 1219//1366 1274//1622 1218//1570
f 1223//1577 1224//1579 1220//1571
f 1220//1572 1224//1580 1223//1578
f 1224//1579 1255//1605 1220//1571
f 1220//1572 1255//1606 1224//1580
f 1255//1605 1275//1623 1221//1573
f 1221//1574 1275//1624 1255//1606
f 1221//1573 1276//1623 1256//1607
f 1256//1608 1276//1624 1221//1574
f 1256//1607 1257//1609 1199//1079
f 1199//1080 1257//1610 1256//1608
f 1257//1609 1273//1115 1222//1575
f 1222//1576 1273//1116 1257//1610
f 1224//1579 1258//1611 1255//1605
f 1255//1606 1258//1612 1224//1580
f 1225//1581 1226//64 1259//64
f 1259//63 1226//63 1225//1582
f 1258//1611 1225//1581 1277//1625
f 1277//1626 1225//1582 1258//1612
f 1259//64 1201//64 1278//64
f 1278//63 1201//63 1259//63
f 1201//64 1260//64 1278//64
f 1278//63 1260//63 1201//63
f 1260//64 1227//64 1279//64
f 1279//63 1227//63 1260//63
f 1227//64 1228//64 1280//64
f 1280//63 1228//63 1227//63
f 1228//64 1229//64 1261//64
f 1261//63 1229//63 1228//63
f 1230//64 1262//64 1281//64
f 1281//63 1262//63 1230//63
f 1231//64 1230//64 1282//64
f 1282//63 1230//63 1231//63
f 1261//64 1231//64 1283//64
f 1283//63 1231//63 1261//63
f 1281//64 1262//64 1232//64
f 1232//63 1262//63 1281//63
f 1234//1395 1205//1555 1263//1613
f 1263//1614 1205//1556 1234//1396
f 1263//1613 1206//1557 1264//1615
f 1264//1616 1206//1558 1263//1614
f 1264//1615 1233//1393 1284//1171
f 1284//1172 1233//1394 1264//1616
f 1236//1433 1234//1395 1285//1627
f 1285//1628 1234//1396 1236//1434
f 1267//456 1209//456 1265//456
f 1265//455 1209//455 1267//455
f 1265//456 1235//456 1286//456
f 1286//455 1235//455 1265//455
f 1266//456 1236//1433 1287//456
f 1287//455 1236//1434 1266//455
f 1235//456 1266//456 1288//456
f 1288//455 1266//455 1235//455
f 1268//1345 1210//1345 1267//456
f 1267//455 1210//1346 1268//1346
f 1239//1583 1238//456 1237//1345
f 1237//1346 1238//455 1239//1584
f 1237//1345 1268//1345 1289//1345
f 1289//1346 1268//1346 1237//1346
f 1269//1617 1239//1583 1290//1629
f 1290//1630 1239//1584 1269//1618
f 1291//64 1244//64 1242//64
f 1242//63 1244//63 1291//63
f 1292//1631 1242//64 1243//1589
f 1243//1590 1242//63 1292//1632
f 1292//1631 1243//1589 1269//1617
f 1269//1618 1243//1590 1292//1632
f 1293//64 1245//64 1244//64
f 1244//63 1245//63 1293//63
f 1294//64 1246//64 1245//64
f 1245//63 1246//63 1294//63
f 1295//64 1247//64 1246//64
f 1246//63 1247//63 1295//63
f 1281//64 1270//64 1247//64
f 1247//63 1270//63 1281//63
f 1281//64 1232//64 1270//64
f 1270//63 1232//63 1281//63
f 1284//1171 1233//1393 1248//1591
f 1248//1592 1233//1394 1284//1172
f 1274//1621 1271//1259 1219//1365
f 1219//1366 1271//1260 1274//1622
f 1271//1259 1296//1633 1249//1593
f 1249//1594 1296//1634 1271//1260
f 1249//1593 1297//1635 1250//1595
f 1250//1596 1297//1636 1249//1594
f 1250//1595 1298//1637 1251//1597
f 1251//1598 1298//1638 1250//1596
f 1251//1597 1272//1619 1252//1599
f 1252//1600 1272//1620 1251//1598
f 1284//1171 1248//1591 1272//1619
f 1272//1620 1248//1592 1284//1172
f 1273//1115 1299//1639 1253//1601
f 1253//1602 1299//1640 1273//1116
f 1253//1601 1300//1641 1254//1603
f 1254//1604 1300//1642 1253//1602
f 1254//1603 1301//1643 1274//1621
f 1274//1622 1301//1644 1254//1604
f 1258//1611 1275//1623 1255//1605
f 1255//1606 1275//1624 1258//1612
f 1275//1623 1276//1623 1221//1573
f 1221//1574 1276//1624 1275//1624
f 1276//1623 1302//1645 1256//1607
f 1256//1608 1302//1646 1276//1624
f 1256//1607 1302//1645 1257//1609
f 1257//1610 1302//1646 1256//1608
f 1257//1609 1303//1647 1273//1115
f 1273//1116 1303//1648 1257//1610
f 1225//1581 1259//64 1277//1625
f 1277//1626 1259//63 1225//1582
f 1258//1611 1277//1625 1275//1623
f 1275//1624 1277//1626 1258//1612
f 1259//64 1278//64 1304//64
f 1304//63 1278//63 1259//63
f 1278//64 1260//64 1305//64
f 1305//63 1260//63 1278//63
f 1227//64 1280//64 1279//64
f 1279//63 1280//63 1227//63
f 1260//64 1279//64 1305//64
f 1305//63 1279//63 1260//63
f 1228//64 1261//64 1280//64
f 1280//63 1261//63 1228//63
f 1282//64 1230//64 1281//64
f 1281//63 1230//63 1282//63
f 1283//64 1231//64 1282//64
f 1282//63 1231//63 1283//63
f 1261//64 1283//64 1306//64
f 1306//63 1283//63 1261//63
f 1285//1627 1234//1395 1263//1613
f 1263//1614 1234//1396 1285//1628
f 1307//1649 1263//1613 1264//1615
f 1264//1616 1263//1614 1307//1650
f 1307//1649 1264//1615 1284//1171
f 1284//1172 1264//1616 1307//1650
f 1287//456 1236//1433 1285//1627
f 1285//1628 1236//1434 1287//455
f 1308//456 1267//456 1265//456
f 1265//455 1267//455 1308//455
f 1286//456 1235//456 1288//456
f 1288//455 1235//455 1286//455
f 1308//456 1265//456 1286//456
f 1286//455 1265//455 1308//455
f 1309//456 1266//456 1287//456
f 1287//455 1266//455 1309//455
f 1288//456 1266//456 1309//456
f 1309//455 1266//455 1288//455
f 1268//1345 1267//456 1310//456
f 1310//455 1267//455 1268//1346
f 1239//1583 1237//1345 1311//1651
f 1311//1652 1237//1346 1239//1584
f 1289//1345 1268//1345 1310//456
f 1310//455 1268//1346 1289//1346
f 1312//1653 1237//1345 1289//1345
f 1289//1346 1237//1346 1312//1654
f 1290//1629 1239//1583 1311//1651
f 1311//1652 1239//1584 1290//1630
f 1290//1629 1292//1631 1269//1617
f 1269//1618 1292//1632 1290//1630
f 1291//64 1293//64 1244//64
f 1244//63 1293//63 1291//63
f 1291//64 1242//64 1292//1631
f 1292//1632 1242//63 1291//63
f 1294//64 1245//64 1293//64
f 1293//63 1245//63 1294//63
f 1294//64 1313//64 1246//64
f 1246//63 1313//63 1294//63
f 1281//64 1247//64 1295//64
f 1295//63 1247//63 1281//63
f 1295//64 1246//64 1313//64
f 1313//63 1246//63 1295//63
f 1274//1621 1314//1449 1271//1259
f 1271//1260 1314//1450 1274//1622
f 1314//1449 1296//1633 1271//1259
f 1271//1260 1296//1634 1314//1450
f 1296//1633 1297//1635 1249//1593
f 1249//1594 1297//1636 1296//1634
f 1297//1635 1315//1655 1250//1595
f 1250//1596 1315//1656 1297//1636
f 1315//1655 1298//1637 1250//1595
f 1250//1596 1298//1638 1315//1656
f 1298//1637 1272//1619 1251//1597
f 1251//1598 1272//1620 1298//1638
f 1298//1637 1284//1171 1272//1619
f 1272//1620 1284//1172 1298//1638
f 1303//1647 1299//1639 1273//1115
f 1273//1116 1299//1640 1303//1648
f 1299//1639 1300//1641 1253//1601
f 1253//1602 1300//1642 1299//1640
f 1300//1641 1316//1657 1254//1603
f 1254//1604 1316//1658 1300//1642
f 1254//1603 1316//1657 1301//1643
f 1301//1644 1316//1658 1254//1604
f 1301//1643 1314//1449 1274//1621
f 1274//1622 1314//1450 1301//1644
f 1275//1623 1317//1625 1276//1623
f 1276//1624 1317//1626 1275//1624
f 1302//1645 1276//1623 1318//1625
f 1318//1626 1276//1624 1302//1646
f 1302//1645 1303//1647 1257//1609
f 1257//1610 1303//1648 1302//1646
f 1277//1625 1259//64 1319//64
f 1319//63 1259//63 1277//1626
f 1275//1623 1277//1625 1317//1625
f 1317//1626 1277//1626 1275//1624
f 1304//64 1278//64 1305//64
f 1305//63 1278//63 1304//63
f 1319//64 1259//64 1304//64
f 1304//63 1259//63 1319//63
f 1279//64 1280//64 1320//64
f 1320//63 1280//63 1279//63
f 1321//64 1305//64 1279//64
f 1279//63 1305//63 1321//63
f 1320//64 1280//64 1261//64
f 1261//63 1280//63 1320//63
f 1282//64 1281//64 1295//64
f 1295//63 1281//63 1282//63
f 1283//64 1282//64 1322//64
f 1322//63 1282//63 1283//63
f 1306//64 1283//64 1323//64
f 1323//63 1283//63 1306//63
f 1320//64 1261//64 1306//64
f 1306//63 1261//63 1320//63
f 1285//1627 1263//1613 1307//1649
f 1307//1650 1263//1614 1285//1628
f 1307//1649 1284//1171 1324//1433
f 1324//1434 1284//1172 1307//1650
f 1287//456 1285//1627 1325//456
f 1325//455 1285//1628 1287//455
f 1310//456 1267//456 1308//456
f 1308//455 1267//455 1310//455
f 1286//456 1288//456 1326//456
f 1326//455 1288//455 1286//455
f 1308//456 1286//456 1327//456
f 1327//455 1286//455 1308//455
f 1309//456 1287//456 1328//456
f 1328//455 1287//455 1309//455
f 1329//456 1288//456 1309//456
f 1309//455 1288//455 1329//455
f 1311//1651 1237//1345 1312//1653
f 1312//1654 1237//1346 1311//1652
f 1289//1345 1310//456 1330//456
f 1330//455 1310//455 1289//1346
f 1312//1653 1289//1345 1331//1659
f 1331//1660 1289//1346 1312//1654
f 1290//1629 1311//1651 1332//1661
f 1332//1662 1311//1652 1290//1630
f 1333//1663 1292//1631 1290//1629
f 1290//1630 1292//1632 1333//1664
f 1334//64 1293//64 1291//64
f 1291//63 1293//63 1334//63
f 1335//64 1291//64 1292//1631
f 1292//1632 1291//63 1335//63
f 1336//64 1294//64 1293//64
f 1293//63 1294//63 1336//63
f 1337//64 1313//64 1294//64
f 1294//63 1313//63 1337//63
f 1322//64 1295//64 1313//64
f 1313//63 1295//63 1322//63
f 1314//1449 1338//1665 1296//1633
f 1296//1634 1338//1666 1314//1450
f 1296//1633 1339//1667 1297//1635
f 1297//1636 1339//1668 1296//1634
f 1340//1669 1315//1655 1297//1635
f 1297//1636 1315//1656 1340//1670
f 1315//1655 1324//1433 1298//1637
f 1298//1638 1324//1434 1315//1656
f 1324//1433 1284//1171 1298//1637
f 1298//1638 1284//1172 1324//1434
f 1303//1647 1341//1671 1299//1639
f 1299//1640 1341//1672 1303//1648
f 1299//1639 1342//1673 1300//1641
f 1300//1642 1342//1674 1299//1640
f 1300//1641 1343//1675 1316//1657
f 1316//1658 1343//1676 1300//1642
f 1301//1643 1316//1657 1344//1677
f 1344//1678 1316//1658 1301//1644
f 1301//1643 1345//1119 1314//1449
f 1314//1450 1345//1120 1301//1644
f 1276//1623 1317//1625 1318//1625
f 1318//1626 1317//1626 1276//1624
f 1302//1645 1318//1625 1346//1625
f 1346//1626 1318//1626 1302//1646
f 1302//1645 1347//1679 1303//1647
f 1303//1648 1347//1680 1302//1646
f 1277//1625 1319//64 1317//1625
f 1317//1626 1319//63 1277//1626
f 1304//64 1305//64 1321//64
f 1321//63 1305//63 1304//63
f 1319//64 1304//64 1348//64
f 1348//63 1304//63 1319//63
f 1349//64 1279//64 1320//64
f 1320//63 1279//63 1349//63
f 1321//64 1279//64 1349//64
f 1349//63 1279//63 1321//63
f 1282//64 1295//64 1322//64
f 1322//63 1295//63 1282//63
f 1323//64 1283//64 1322//64
f 1322//63 1283//63 1323//63
f 1306//64 1323//64 1350//64
f 1350//63 1323//63 1306//63
f 1320//64 1306//64 1351//64
f 1351//63 1306//63 1320//63
f 1325//456 1285//1627 1307//1649
f 1307//1650 1285//1628 1325//455
f 1325//456 1307//1649 1324//1433
f 1324//1434 1307//1650 1325//455
f 1328//456 1287//456 1325//456
f 1325//455 1287//455 1328//455
f 1352//456 1310//456 1308//456
f 1308//455 1310//455 1352//455
f 1326//456 1288//456 1329//456
f 1329//455 1288//455 1326//455
f 1327//456 1286//456 1326//456
f 1326//455 1286//455 1327//455
f 1353//456 1308//456 1327//456
f 1327//455 1308//455 1353//455
f 1354//456 1309//456 1328//456
f 1328//455 1309//455 1354//455
f 1329//456 1309//456 1354//456
f 1354//455 1309//455 1329//455
f 1332//1661 1311//1651 1312//1653
f 1312//1654 1311//1652 1332//1662
f 1330//456 1310//456 1352//456
f 1352//455 1310//455 1330//455
f 1331//1659 1289//1345 1330//456
f 1330//455 1289//1346 1331//1660
f 1355//1681 1312//1653 1331//1659
f 1331//1660 1312//1654 1355//1682
f 1332//1661 1333//1663 1290//1629
f 1290//1630 1333//1664 1332//1662
f 1335//64 1292//1631 1333//1663
f 1333//1664 1292//1632 1335//63
f 1334//64 1336//64 1293//64
f 1293//63 1336//63 1334//63
f 1334//64 1291//64 1335//64
f 1335//63 1291//63 1334//63
f 1337//64 1294//64 1336//64
f 1336//63 1294//63 1337//63
f 1322//64 1313//64 1337//64
f 1337//63 1313//63 1322//63
f 1314//1449 1345//1119 1338//1665
f 1338//1666 1345//1120 1314//1450
f 1338//1665 1339//1667 1296//1633
f 1296//1634 1339//1668 1338//1666
f 1339//1667 1340//1669 1297//1635
f 1297//1636 1340//1670 1339//1668
f 1340//1669 1356//456 1315//1655
f 1315//1656 1356//455 1340//1670
f 1356//456 1324//1433 1315//1655
f 1315//1656 1324//1434 1356//455
f 1347//1679 1341//1671 1303//1647
f 1303//1648 1341//1672 1347//1680
f 1341//1671 1342//1673 1299//1639
f 1299//1640 1342//1674 1341//1672
f 1342//1673 1343//1675 1300//1641
f 1300//1642 1343//1676 1342//1674
f 1343//1675 1357//1683 1316//1657
f 1316//1658 1357//1684 1343//1676
f 1316//1657 1357//1683 1344//1677
f 1344//1678 1357//1684 1316//1658
f 1301//1643 1344//1677 1345//1119
f 1345//1120 1344//1678 1301//1644
f 1318//1625 1317//1625 1358//64
f 1358//63 1317//1626 1318//1626
f 1318//1625 1359//64 1346//1625
f 1346//1626 1359//63 1318//1626
f 1302//1645 1346//1625 1347//1679
f 1347//1680 1346//1626 1302//1646
f 1317//1625 1319//64 1358//64
f 1358//63 1319//63 1317//1626
f 1348//64 1304//64 1321//64
f 1321//63 1304//63 1348//63
f 1358//64 1319//64 1348//64
f 1348//63 1319//63 1358//63
f 1349//64 1320//64 1360//64
f 1360//63 1320//63 1349//63
f 1321//64 1349//64 1361//64
f 1361//63 1349//63 1321//63
f 1323//64 1322//64 1337//64
f 1337//63 1322//63 1323//63
f 1350//64 1323//64 1362//64
f 1362//63 1323//63 1350//63
f 1351//64 1306//64 1350//64
f 1350//63 1306//63 1351//63
f 1360//64 1320//64 1351//64
f 1351//63 1320//63 1360//63
f 1325//456 1324//1433 1356//456
f 1356//455 1324//1434 1325//455
f 1328//456 1325//456 1363//456
f 1363//455 1325//455 1328//455
f 1352//456 1308//456 1353//456
f 1353//455 1308//455 1352//455
f 1364//456 1326//456 1329//456
f 1329//455 1326//455 1364//455
f 1327//456 1326//456 1365//456
f 1365//455 1326//455 1327//455
f 1353//456 1327//456 1365//456
f 1365//455 1327//455 1353//455
f 1354//456 1328//456 1363//456
f 1363//455 1328//455 1354//455
f 1366//456 1329//456 1354//456
f 1354//455 1329//455 1366//455
f 1332//1661 1312//1653 1355//1681
f 1355//1682 1312//1654 1332//1662
f 1367//1685 1330//456 1352//456
f 1352//455 1330//455 1367//1686
f 1331//1659 1330//456 1367//1685
f 1367//1686 1330//455 1331//1660
f 1355//1681 1331//1659 1368//1687
f 1368//1688 1331//1660 1355//1682
f 1369//1663 1333//1663 1332//1661
f 1332//1662 1333//1664 1369//1664
f 1370//64 1335//64 1333//1663
f 1333//1664 1335//63 1370//63
f 1371//64 1336//64 1334//64
f 1334//63 1336//63 1371//63
f 1372//64 1334//64 1335//64
f 1335//63 1334//63 1372//63
f 1362//64 1337//64 1336//64
f 1336//63 1337//63 1362//63
f 1345//1119 1373//1689 1338//1665
f 1338//1666 1373//1690 1345//1120
f 1338//1665 1374//1691 1339//1667
f 1339//1668 1374//1692 1338//1666
f 1375//1693 1340//1669 1339//1667
f 1339//1668 1340//1670 1375//1694
f 1363//456 1356//456 1340//1669
f 1340//1670 1356//455 1363//455
f 1347//1679 1376//1625 1341//1671
f 1341//1672 1376//1626 1347//1680
f 1341//1671 1377//1625 1342//1673
f 1342//1674 1377//1626 1341//1672
f 1343//1675 1342//1673 1378//1695
f 1378//1696 1342//1674 1343//1676
f 1343//1675 1379//1625 1357//1683
f 1357//1684 1379//1626 1343//1676
f 1357//1683 1380//1697 1344//1677
f 1344//1678 1380//1698 1357//1684
f 1344//1677 1373//1689 1345//1119
f 1345//1120 1373//1690 1344//1678
f 1318//1625 1358//64 1359//64
f 1359//63 1358//63 1318//1626
f 1346//1625 1359//64 1381//64
f 1381//63 1359//63 1346//1626
f 1347//1679 1346//1625 1376//1625
f 1376//1626 1346//1626 1347//1680
f 1348//64 1321//64 1382//64
f 1382//63 1321//63 1348//63
f 1358//64 1348//64 1359//64
f 1359//63 1348//63 1358//63
f 1361//64 1349//64 1360//64
f 1360//63 1349//63 1361//63
f 1382//64 1321//64 1361//64
f 1361//63 1321//63 1382//63
f 1323//64 1337//64 1362//64
f 1362//63 1337//63 1323//63
f 1350//64 1362//64 1383//64
f 1383//63 1362//63 1350//63
f 1351//64 1350//64 1384//64
f 1384//63 1350//63 1351//63
f 1360//64 1351//64 1385//64
f 1385//63 1351//63 1360//63
f 1363//456 1325//456 1356//456
f 1356//455 1325//455 1363//455
f 1367//1685 1352//456 1353//456
f 1353//455 1352//455 1367//1686
f 1365//456 1326//456 1364//456
f 1364//455 1326//455 1365//455
f 1364//456 1329//456 1366//456
f 1366//455 1329//455 1364//455
f 1353//456 1365//456 1386//456
f 1386//455 1365//455 1353//455
f 1354//456 1363//456 1387//456
f 1387//455 1363//455 1354//455
f 1366//456 1354//456 1388//456
f 1388//455 1354//455 1366//455
f 1355//1681 1369//1663 1332//1661
f 1332//1662 1369//1664 1355//1682
f 1368//1687 1331//1659 1367//1685
f 1367//1686 1331//1660 1368//1688
f 1368//1687 1389//1699 1355//1681
f 1355//1682 1389//1700 1368//1688
f 1370//64 1333//1663 1369//1663
f 1369//1664 1333//1664 1370//63
f 1370//64 1372//64 1335//64
f 1335//63 1372//63 1370//63
f 1371//64 1362//64 1336//64
f 1336//63 1362//63 1371//63
f 1371//64 1334//64 1372//64
f 1372//63 1334//63 1371//63
f 1373//1689 1374//1691 1338//1665
f 1338//1666 1374//1692 1373//1690
f 1374//1691 1375//1693 1339//1667
f 1339//1668 1375//1694 1374//1692
f 1375//1693 1363//456 1340//1669
f 1340//1670 1363//455 1375//1694
f 1341//1671 1376//1625 1377//1625
f 1377//1626 1376//1626 1341//1672
f 1342//1673 1377//1625 1378//1695
f 1378//1696 1377//1626 1342//1674
f 1343//1675 1378//1695 1379//1625
f 1379//1626 1378//1696 1343//1676
f 1357//1683 1379//1625 1390//1701
f 1390//1702 1379//1626 1357//1684
f 1357//1683 1391//1703 1380//1697
f 1380//1698 1391//1704 1357//1684
f 1344//1677 1380//1697 1373//1689
f 1373//1690 1380//1698 1344//1678
f 1359//64 1382//64 1381//64
f 1381//63 1382//63 1359//63
f 1346//1625 1381//64 1376//1625
f 1376//1626 1381//63 1346//1626
f 1359//64 1348//64 1382//64
f 1382//63 1348//63 1359//63
f 1361//64 1360//64 1392//64
f 1392//63 1360//63 1361//63
f 1382//64 1361//64 1393//64
f 1393//63 1361//63 1382//63
f 1383//64 1362//64 1371//64
f 1371//63 1362//63 1383//63
f 1384//64 1350//64 1383//64
f 1383//63 1350//63 1384//63
f 1385//64 1351//64 1384//64
f 1384//63 1351//63 1385//63
f 1392//64 1360//64 1385//64
f 1385//63 1360//63 1392//63
f 1367//1685 1353//456 1394//1705
f 1394//1706 1353//455 1367//1686
f 1395//456 1365//456 1364//456
f 1364//455 1365//455 1395//455
f 1396//456 1364//456 1366//456
f 1366//455 1364//455 1396//455
f 1386//456 1365//456 1395//456
f 1395//455 1365//455 1386//455
f 1394//1705 1353//456 1386//456
f 1386//455 1353//455 1394//1706
f 1387//456 1363//456 1375//1693
f 1375//1694 1363//455 1387//455
f 1388//456 1354//456 1387//456
f 1387//455 1354//455 1388//455
f 1397//456 1366//456 1388//456
f 1388//455 1366//455 1397//455
f 1389//1699 1369//1663 1355//1681
f 1355//1682 1369//1664 1389//1700
f 1368//1687 1367//1685 1398//1707
f 1398//1708 1367//1686 1368//1688
f 1398//1707 1389//1699 1368//1687
f 1368//1688 1389//1700 1398//1708
f 1399//64 1370//64 1369//1663
f 1369//1664 1370//63 1399//63
f 1400//64 1372//64 1370//64
f 1370//63 1372//63 1400//63
f 1401//64 1371//64 1372//64
f 1372//63 1371//63 1401//63
f 1373//1689 1402//1709 1374//1691
f 1374//1692 1402//1710 1373//1690
f 1403//1711 1375//1693 1374//1691
f 1374//1692 1375//1694 1403//1712
f 1376//1625 1404//64 1377//1625
f 1377//1626 1404//63 1376//1626
f 1378//1695 1377//1625 1405//64
f 1405//63 1377//1626 1378//1696
f 1378//1695 1406//64 1379//1625
f 1379//1626 1406//63 1378//1696
f 1379//1625 1407//1713 1390//1701
f 1390//1702 1407//1714 1379//1626
f 1357//1683 1390//1701 1391//1703
f 1391//1704 1390//1702 1357//1684
f 1391//1703 1408//1715 1380//1697
f 1380//1698 1408//1716 1391//1704
f 1380//1697 1402//1709 1373//1689
f 1373//1690 1402//1710 1380//1698
f 1381//64 1382//64 1393//64
f 1393//63 1382//63 1381//63
f 1376//1625 1381//64 1404//64
f 1404//63 1381//63 1376//1626
f 1393//64 1361//64 1392//64
f 1392//63 1361//63 1393//63
f 1383//64 1371//64 1401//64
f 1401//63 1371//63 1383//63
f 1384//64 1383//64 1401//64
f 1401//63 1383//63 1384//63
f 1385//64 1384//64 1409//64
f 1409//63 1384//63 1385//63
f 1392//64 1385//64 1410//64
f 1410//63 1385//63 1392//63
f 1398//1707 1367//1685 1394//1705
f 1394//1706 1367//1686 1398//1708
f 1395//456 1364//456 1396//456
f 1396//455 1364//455 1395//455
f 1396//456 1366//456 1397//456
f 1397//455 1366//455 1396//455
f 1411//1659 1386//456 1395//456
f 1395//455 1386//455 1411//1660
f 1394//1705 1386//456 1411//1659
f 1411//1660 1386//455 1394//1706
f 1403//1711 1387//456 1375//1693
f 1375//1694 1387//455 1403//1712
f 1388//456 1387//456 1403//1711
f 1403//1712 1387//455 1388//455
f 1397//456 1388//456 1412//1717
f 1412//1718 1388//455 1397//455
f 1399//64 1369//1663 1389//1699
f 1389//1700 1369//1664 1399//63
f 1413//1719 1389//1699 1398//1707
f 1398//1708 1389//1700 1413//1720
f 1400//64 1370//64 1399//64
f 1399//63 1370//63 1400//63
f 1400//64 1401//64 1372//64
f 1372//63 1401//63 1400//63
f 1402//1709 1403//1711 1374//1691
f 1374//1692 1403//1712 1402//1710
f 1377//1625 1404//64 1405//64
f 1405//63 1404//63 1377//1626
f 1378//1695 1405//64 1406//64
f 1406//63 1405//63 1378//1696
f 1379//1625 1406//64 1407//1713
f 1407//1714 1406//63 1379//1626
f 1390//1701 1407//1713 1414//1617
f 1414//1618 1407//1714 1390//1702
f 1391//1703 1390//1701 1415//1721
f 1415//1722 1390//1702 1391//1704
f 1391//1703 1416//1723 1408//1715
f 1408//1716 1416//1724 1391//1704
f 1380//1697 1408//1715 1402//1709
f 1402//1710 1408//1716 1380//1698
f 1381//64 1393//64 1417//64
f 1417//63 1393//63 1381//63
f 1381//64 1417//64 1404//64
f 1404//63 1417//63 1381//63
f 1393//64 1392//64 1417//64
f 1417//63 1392//63 1393//63
f 1384//64 1401//64 1418//64
f 1418//63 1401//63 1384//63
f 1409//64 1384//64 1418//64
f 1418//63 1384//63 1409//63
f 1410//64 1385//64 1409//64
f 1409//63 1385//63 1410//63
f 1417//64 1392//64 1410//64
f 1410//63 1392//63 1417//63
f 1398//1707 1394//1705 1411//1659
f 1411//1660 1394//1706 1398//1708
f 1419//1659 1395//456 1396//456
f 1396//455 1395//455 1419//1660
f 1420//1725 1396//456 1397//456
f 1397//455 1396//455 1420//1726
f 1411//1659 1395//456 1419//1659
f 1419//1660 1395//455 1411//1660
f 1412//1717 1388//456 1403//1711
f 1403//1712 1388//455 1412//1718
f 1421//1727 1397//456 1412//1717
f 1412//1718 1397//455 1421//1728
f 1422//64 1399//64 1389//1699
f 1389//1700 1399//63 1422//63
f 1422//64 1389//1699 1413//1719
f 1413//1720 1389//1700 1422//63
f 1423//1681 1413//1719 1398//1707
f 1398//1708 1413//1720 1423//1682
f 1422//64 1400//64 1399//64
f 1399//63 1400//63 1422//63
f 1424//64 1401//64 1400//64
f 1400//63 1401//63 1424//63
f 1412//1717 1403//1711 1402//1709
f 1402//1710 1403//1712 1412//1718
f 1405//64 1404//64 1417//64
f 1417//63 1404//63 1405//63
f 1405//64 1425//64 1406//64
f 1406//63 1425//63 1405//63
f 1407//1713 1406//64 1425//64
f 1425//63 1406//63 1407//1714
f 1407//1713 1426//1729 1414//1617
f 1414//1618 1426//1730 1407//1714
f 1390//1701 1414//1617 1415//1721
f 1415//1722 1414//1618 1390//1702
f 1391//1703 1415//1721 1416//1723
f 1416//1724 1415//1722 1391//1704
f 1415//1721 1408//1715 1416//1723
f 1416//1724 1408//1716 1415//1722
f 1427//1731 1402//1709 1408//1715
f 1408//1716 1402//1710 1427//1732
f 1424//64 1418//64 1401//64
f 1401//63 1418//63 1424//63
f 1428//64 1409//64 1418//64
f 1418//63 1409//63 1428//63
f 1429//64 1410//64 1409//64
f 1409//63 1410//63 1429//63
f 1430//64 1417//64 1410//64
f 1410//63 1417//63 1430//63
f 1398//1707 1411//1659 1423//1681
f 1423//1682 1411//1660 1398//1708
f 1419//1659 1396//456 1420//1725
f 1420//1726 1396//455 1419//1660
f 1420//1725 1397//456 1421//1727
f 1421//1728 1397//455 1420//1726
f 1423//1681 1411//1659 1419//1659
f 1419//1660 1411//1660 1423//1682
f 1421//1727 1412//1717 1427//1731
f 1427//1732 1412//1718 1421//1728
f 1431//1663 1422//64 1413//1719
f 1413//1720 1422//63 1431//1664
f 1431//1663 1413//1719 1423//1681
f 1423//1682 1413//1720 1431//1664
f 1424//64 1400//64 1422//64
f 1422//63 1400//63 1424//63
f 1427//1731 1412//1717 1402//1709
f 1402//1710 1412//1718 1427//1732
f 1405//64 1417//64 1430//64
f 1430//63 1417//63 1405//63
f 1405//64 1430//64 1425//64
f 1425//63 1430//63 1405//63
f 1407//1713 1425//64 1426//1729
f 1426//1730 1425//63 1407//1714
f 1414//1617 1426//1729 1432//1733
f 1432//1734 1426//1730 1414//1618
f 1414//1617 1427//1731 1415//1721
f 1415//1722 1427//1732 1414//1618
f 1415//1721 1427//1731 1408//1715
f 1408//1716 1427//1732 1415//1722
f 1428//64 1418//64 1424//64
f 1424//63 1418//63 1428//63
f 1429//64 1409//64 1428//64
f 1428//63 1409//63 1429//63
f 1430//64 1410//64 1429//64
f 1429//63 1410//63 1430//63
f 1433//1735 1419//1659 1420//1725
f 1420//1726 1419//1660 1433//1736
f 1432//1733 1420//1725 1421//1727
f 1421//1728 1420//1726 1432//1734
f 1423//1681 1419//1659 1433//1735
f 1433//1736 1419//1660 1423//1682
f 1414//1617 1421//1727 1427//1731
f 1427//1732 1421//1728 1414//1618
f 1434//64 1422//64 1431//1663
f 1431//1664 1422//63 1434//63
f 1433//1735 1431//1663 1423//1681
f 1423//1682 1431//1664 1433//1736
f 1434//64 1424//64 1422//64
f 1422//63 1424//63 1434//63
f 1430//64 1429//64 1425//64
f 1425//63 1429//63 1430//63
f 1426//1729 1425//64 1435//64
f 1435//63 1425//63 1426//1730
f 1426//1729 1436//1663 1432//1733
f 1432//1734 1436//1664 1426//1730
f 1432//1733 1421//1727 1414//1617
f 1414//1618 1421//1728 1432//1734
f 1428//64 1424//64 1434//64
f 1434//63 1424//63 1428//63
f 1429//64 1428//64 1435//64
f 1435//63 1428//63 1429//63
f 1433//1735 1420//1725 1432//1733
f 1432//1734 1420//1726 1433//1736
f 1436//1663 1434//64 1431//1663
f 1431//1664 1434//63 1436//1664
f 1436//1663 1431//1663 1433//1735
f 1433//1736 1431//1664 1436//1664
f 1425//64 1429//64 1435//64
f 1435//63 1429//63 1425//63
f 1426//1729 1435//64 1436//1663
f 1436//1664 1435//63 1426//1730
f 1432//1733 1436//1663 1433//1735
f 1433//1736 1436//1664 1432//1734
f 1435//64 1428//64 1434//64
f 1434//63 1428//63 1435//63
f 1435//64 1434//64 1436//1663
f 1436//1664 1434//63 1435//63
