# SSTK version 0.8.0
# 4
mtllib original-4.mtl
o mesh4/mesh4-geometry#mesh4-geometry
v -0.064576 -0.718399 0.765732
v -0.230290 -0.718320 0.412663
v -0.243021 -0.718399 0.275338
v -0.204481 -0.718399 0.528102
v -0.242795 -0.713144 0.322520
v 0.235190 -0.718399 0.279952
v -0.140163 -0.718400 0.684132
v -0.213982 -0.713144 0.504116
v -0.231806 -0.681483 0.413759
v -0.246641 -0.713162 0.233500
v 0.223561 -0.718270 0.413475
v 0.234398 -0.718396 -0.351141
v -0.086874 -0.713144 0.755565
v -0.189708 -0.713144 0.585730
v -0.242772 -0.681013 0.322540
v -0.242215 -0.718396 -0.351144
v 0.234975 -0.713144 0.322520
v 0.196660 -0.718399 0.528102
v 0.238738 -0.713208 0.235596
v -0.046027 -0.713144 0.781299
v -0.125181 -0.713144 0.713379
v -0.159832 -0.713144 0.656260
v -0.213969 -0.681073 0.504117
v -0.223058 -0.535315 0.339584
v -0.245503 -0.712979 -0.379508
v -0.245912 -0.677711 0.240368
v 0.234950 -0.681012 0.322541
v 0.206162 -0.713144 0.504116
v 0.132343 -0.718400 0.684133
v 0.205439 -0.718392 -0.370979
v 0.237710 -0.713425 -0.378582
v -0.003910 -0.713144 0.790053
v -0.046014 -0.680934 0.781190
v -0.125135 -0.680933 0.713298
v -0.159822 -0.681074 0.656251
v -0.189634 -0.680930 0.585702
v -0.196647 -0.534579 0.505532
v -0.212034 -0.526936 0.423416
v -0.213204 -0.718369 -0.371088
v -0.245640 -0.680439 -0.329060
v -0.246478 -0.680440 0.157626
v 0.223905 -0.680934 0.413794
v 0.206148 -0.681074 0.504117
v 0.181888 -0.713144 0.585730
v 0.077896 -0.718399 0.748067
v 0.214950 -0.713368 -0.379735
v 0.237822 -0.680439 -0.329120
v -0.003911 -0.681016 0.790026
v 0.021582 -0.718400 0.780606
v -0.086848 -0.680577 0.755479
v -0.200567 -0.348077 0.359521
v -0.223662 -0.513719 0.266449
v -0.013044 -0.713134 -0.380167
v -0.245636 -0.589967 -0.330516
v -0.232273 -0.677595 0.178958
v 0.238073 -0.677750 0.240130
v 0.213526 -0.535319 0.339584
v 0.152011 -0.713144 0.656260
v 0.079054 -0.713144 0.755565
v 0.237711 -0.589968 -0.378573
v 0.238680 -0.680439 0.157635
v 0.038207 -0.713144 0.781299
v -0.080549 -0.534580 0.735200
v -0.004771 -0.534573 0.766700
v -0.147186 -0.534581 0.644497
v -0.173707 -0.526620 0.579791
v -0.177098 -0.347484 0.507129
v -0.191653 -0.347597 0.433417
v -0.216748 -0.545066 0.205453
v -0.163280 -0.387352 -0.379828
v -0.186102 -0.680397 0.157650
v -0.231813 -0.471101 -0.329575
v -0.243152 -0.523308 -0.378599
v 0.202409 -0.526933 0.423414
v 0.187105 -0.534578 0.505532
v 0.181845 -0.681265 0.585716
v 0.151994 -0.681015 0.656247
v 0.117361 -0.713144 0.713379
v -0.014567 -0.357929 -0.380228
v 0.237816 -0.589966 -0.330516
v 0.219463 -0.470866 -0.379411
v 0.038185 -0.680935 0.781191
v -0.043098 -0.526580 0.757561
v -0.115050 -0.526605 0.695824
v -0.199072 -0.312947 0.361251
v -0.203566 -0.349296 0.290332
v -0.195656 -0.351821 0.240352
v -0.084868 -0.357870 -0.379867
v -0.228006 -0.460255 -0.379398
v -0.242187 -0.516945 -0.330516
v -0.196131 -0.413394 -0.329017
v -0.191037 -0.647468 0.165132
v 0.224039 -0.677551 0.178597
v 0.213885 -0.513644 0.266474
v 0.189077 -0.348047 0.359574
v 0.079045 -0.681015 0.755542
v 0.058102 -0.357975 -0.379713
v 0.233201 -0.516943 -0.378573
v 0.219767 -0.471163 -0.329596
v 0.055439 -0.357869 -0.328989
v 0.136852 -0.391680 -0.379848
v -0.072424 -0.319031 0.709155
v -0.005908 -0.319251 0.736756
v 0.033469 -0.526580 0.757561
v -0.132928 -0.347491 0.631234
v -0.157299 -0.347607 0.573702
v -0.175789 -0.312232 0.507994
v -0.190207 -0.312232 0.434970
v -0.183550 -0.530318 0.189877
v -0.130505 -0.373646 -0.330517
v -0.196890 -0.414081 -0.378572
v 0.181895 -0.677398 0.158667
v -0.216210 -0.440668 -0.330489
v 0.207698 -0.554752 0.203730
v 0.180164 -0.347546 0.433421
v 0.165607 -0.347412 0.507130
v 0.164078 -0.526618 0.579791
v 0.137644 -0.534579 0.644497
v 0.117332 -0.681265 0.713337
v 0.233305 -0.516945 -0.330516
v 0.170513 -0.414114 -0.329067
v 0.198403 -0.440675 -0.378573
v 0.071007 -0.534581 0.735201
v -0.039791 -0.320805 0.729969
v -0.103491 -0.320936 0.675434
v -0.195662 -0.292893 0.435576
v -0.202027 -0.315093 0.293214
v -0.194513 -0.317239 0.243507
v -0.171720 -0.351489 0.224368
v -0.169831 -0.391608 -0.330491
v -0.084661 -0.357864 -0.329216
v 0.171185 -0.536541 0.188648
v 0.183613 -0.352057 0.240306
v 0.192067 -0.349187 0.290345
v 0.187001 -0.312947 0.361251
v 0.127358 -0.386060 -0.330519
v 0.198483 -0.440686 -0.330538
v 0.170666 -0.414083 -0.378572
v -0.042248 -0.289229 0.734142
v 0.027984 -0.320767 0.729965
v 0.060601 -0.318947 0.709148
v -0.132031 -0.312232 0.630727
v -0.107086 -0.292855 0.680488
v -0.156174 -0.312232 0.573943
v -0.205365 -0.292079 0.357962
v -0.208919 -0.290605 0.289056
v 0.161505 -0.401339 0.214554
v 0.178136 -0.312232 0.434971
v 0.163718 -0.312232 0.507994
v 0.145812 -0.347559 0.573701
v 0.121439 -0.347426 0.631230
v 0.105422 -0.526607 0.695825
v -0.075941 -0.290032 0.713563
v -0.006586 -0.288921 0.741938
v 0.029140 -0.289189 0.734165
v -0.160519 -0.293197 0.578396
v -0.180614 -0.293201 0.511454
v -0.225363 -0.255062 0.417395
v -0.171973 -0.317955 0.224781
v -0.070333 -0.352289 0.224494
v 0.181891 -0.317239 0.243507
v 0.189956 -0.315093 0.293214
v 0.182746 -0.292921 0.435590
v -0.104583 -0.209899 0.768187
v -0.010221 -0.208816 0.807980
v 0.091689 -0.320863 0.675420
v -0.135810 -0.293312 0.636116
v -0.131536 -0.237334 0.709383
v -0.239311 -0.253193 0.250118
v -0.235824 -0.254595 0.330404
v -0.200425 -0.293144 0.235418
v -0.175111 -0.293982 0.207541
v -0.128319 -0.318230 0.221336
v 0.061714 -0.352290 0.224494
v 0.158051 -0.352289 0.224494
v 0.195896 -0.290606 0.288990
v 0.192367 -0.292137 0.358224
v 0.144103 -0.312232 0.573944
v 0.119960 -0.312232 0.630727
v -0.061597 -0.190502 0.811578
v 0.062876 -0.289962 0.713601
v 0.094175 -0.292876 0.680483
v -0.185203 -0.255062 0.581387
v -0.208349 -0.255062 0.503565
v -0.212685 -0.273358 0.216186
v -0.262657 -0.229080 0.304728
v -0.002473 -0.317955 0.217721
v 0.157698 -0.317955 0.224781
v 0.209292 -0.255062 0.417395
v 0.167735 -0.293208 0.511461
v 0.147632 -0.293211 0.578401
v -0.155834 -0.203059 0.724216
v -0.117425 -0.172188 0.791053
v -0.012076 -0.159600 0.842047
v 0.037388 -0.206248 0.800021
v 0.083887 -0.211154 0.767361
v -0.171157 -0.232880 0.652846
v -0.232597 -0.229197 0.494358
v -0.242031 -0.238941 0.163780
v -0.251572 -0.229197 0.399993
v -0.073939 -0.293232 0.185803
v 0.114256 -0.318255 0.221322
v 0.160330 -0.293892 0.207797
v 0.186944 -0.293144 0.235418
v 0.223240 -0.253193 0.250118
v 0.219753 -0.254595 0.330404
v -0.068617 -0.111696 0.857356
v 0.113897 -0.237388 0.709356
v 0.122972 -0.293241 0.636145
v -0.264801 -0.228730 0.216805
v -0.207270 -0.247473 0.137938
v -0.289696 -0.203059 0.380211
v -0.188488 -0.272796 0.180956
v -0.144890 -0.272796 0.158911
v -0.002713 -0.293232 0.180706
v 0.064532 -0.293232 0.185803
v 0.197892 -0.273358 0.216186
v 0.244276 -0.229080 0.304728
v 0.192278 -0.255062 0.503565
v 0.169132 -0.255062 0.581387
v -0.173034 -0.172188 0.738675
v -0.200696 -0.203059 0.658638
v -0.126148 -0.107513 0.825362
v -0.013157 -0.076422 0.885432
v 0.041593 -0.152617 0.835075
v 0.093969 -0.172188 0.791053
v 0.134810 -0.203059 0.724216
v -0.206782 -0.229197 0.579583
v -0.298306 -0.203059 0.178805
v -0.246947 -0.203059 0.051983
v -0.300808 -0.203059 0.275472
v -0.082993 -0.258443 0.108280
v -0.003128 -0.272796 0.130173
v 0.224237 -0.238738 0.163478
v 0.233194 -0.229197 0.399993
v 0.214219 -0.229197 0.494359
v -0.225038 -0.172188 0.667758
v -0.182875 -0.132120 0.757815
v -0.238101 -0.203059 0.577662
v -0.070358 -0.069063 0.875108
v 0.153181 -0.232810 0.652867
v -0.267838 -0.203059 0.483962
v -0.280811 -0.203059 0.100785
v -0.165528 -0.236144 0.087540
v -0.336634 -0.172188 0.253394
v 0.128672 -0.272796 0.158911
v 0.179388 -0.260170 0.161707
v 0.246411 -0.228730 0.216806
v 0.268718 -0.203059 0.380212
v -0.190616 -0.073270 0.782523
v -0.129069 -0.069063 0.840192
v -0.013253 -0.043404 0.888034
v 0.043863 -0.073651 0.874411
v 0.100592 -0.106264 0.825930
v 0.149626 -0.172188 0.738675
v 0.179706 -0.203059 0.658638
v -0.301057 -0.172188 0.478859
v -0.305616 -0.172188 0.064483
v -0.190123 -0.203059 0.021342
v -0.325636 -0.172188 0.366661
v -0.103751 -0.203059 -0.002195
v -0.004001 -0.242794 0.065166
v 0.071538 -0.258484 0.108364
v 0.277282 -0.203059 0.178805
v 0.222806 -0.203059 0.051983
v 0.279819 -0.203059 0.275472
v 0.188404 -0.229197 0.579583
v -0.238491 -0.132120 0.683495
v -0.267618 -0.172188 0.580189
v -0.248256 -0.075365 0.704806
v -0.129359 -0.043394 0.841140
v -0.070465 -0.040410 0.875762
v 0.157898 -0.132120 0.757815
v 0.201677 -0.172188 0.667758
v 0.217123 -0.203059 0.577663
v -0.329328 -0.172188 0.148856
v -0.267397 -0.172188 0.011708
v -0.205946 -0.172188 -0.020239
v -0.345293 -0.132120 0.367952
v 0.145793 -0.235753 0.086708
v 0.258986 -0.203059 0.100785
v 0.246860 -0.203059 0.483962
v 0.313273 -0.172188 0.253394
v -0.283791 -0.132120 0.591724
v -0.249492 -0.043380 0.706115
v -0.012482 0.037721 0.866014
v 0.043983 -0.040408 0.875763
v 0.102623 -0.069063 0.840192
v 0.164170 -0.073424 0.782478
v -0.347368 -0.132120 0.139697
v -0.280429 -0.132120 -0.004032
v -0.356491 -0.132120 0.249250
v -0.005355 -0.203059 -0.012188
v 0.087540 -0.203059 -0.002195
v 0.281330 -0.172188 0.064483
v 0.166429 -0.203059 0.021342
v 0.277712 -0.172188 0.478860
v 0.302291 -0.172188 0.366661
v -0.191206 -0.040386 0.783459
v -0.295834 -0.072507 0.609748
v -0.123360 0.037786 0.821205
v -0.067208 0.037162 0.854754
v 0.102836 -0.043387 0.841138
v 0.221762 -0.075651 0.704764
v 0.213532 -0.132120 0.683495
v 0.244273 -0.172188 0.580189
v -0.319238 -0.132120 0.485533
v -0.320991 -0.132120 0.051275
v -0.112541 -0.172188 -0.042125
v -0.371683 -0.071948 0.253435
v -0.006134 -0.172188 -0.050553
v 0.305920 -0.172188 0.148856
v 0.179636 -0.172188 -0.020239
v 0.240604 -0.172188 0.011708
v 0.320340 -0.132120 0.367952
v -0.238033 0.037863 0.692225
v -0.296609 -0.040378 0.610044
v -0.066728 0.047703 0.842541
v 0.042232 0.037151 0.854757
v 0.098434 0.037770 0.821192
v 0.222869 -0.043376 0.706113
v 0.258838 -0.132120 0.591725
v -0.332488 -0.073975 0.499224
v -0.335188 -0.069130 0.046924
v -0.216030 -0.132120 -0.037137
v -0.118143 -0.132120 -0.058949
v -0.360057 -0.071542 0.376764
v 0.322391 -0.132120 0.139697
v 0.251946 -0.132120 -0.004032
v 0.331532 -0.132120 0.249250
v -0.182596 0.037302 0.766467
v -0.333884 -0.043376 0.499246
v -0.012695 0.047924 0.852739
v 0.041379 0.047676 0.842587
v 0.164625 -0.040380 0.783499
v 0.269301 -0.072683 0.609715
v -0.362460 -0.069933 0.138869
v -0.225446 -0.070557 -0.045163
v -0.292834 -0.068384 -0.011174
v -0.372802 -0.043379 0.252332
v 0.094325 -0.172188 -0.042125
v 0.295125 -0.132120 0.051275
v 0.294285 -0.132120 0.485534
v 0.345168 -0.071991 0.253371
v -0.283333 0.037442 0.600606
v -0.180969 0.047794 0.754976
v -0.318609 0.037952 0.494648
v -0.122192 0.047976 0.808373
v -0.063350 0.047960 0.817584
v 0.157664 0.037278 0.766459
v 0.269992 -0.040359 0.610057
v 0.213146 0.037856 0.692184
v -0.335666 -0.042256 0.045687
v -0.006630 -0.132120 -0.067033
v -0.360823 -0.040377 0.376403
v 0.098648 -0.132120 -0.058949
v 0.307823 -0.068923 0.046881
v 0.188053 -0.132120 -0.037137
v 0.305967 -0.074212 0.499183
v 0.333513 -0.071638 0.376759
v -0.280612 0.047962 0.590792
v -0.235730 0.048073 0.680531
v 0.039692 0.047960 0.817584
v -0.011829 0.047904 0.828289
v 0.096815 0.047940 0.808447
v 0.155669 0.047732 0.755072
v 0.307242 -0.043369 0.499246
v -0.362797 -0.039632 0.137676
v -0.123441 -0.068972 -0.068404
v -0.225994 -0.047155 -0.047048
v -0.293307 -0.047155 -0.012445
v -0.007082 -0.072476 -0.076046
v -0.353350 0.047725 0.259457
v 0.335979 -0.069842 0.138868
v 0.195881 -0.070850 -0.045124
v 0.262748 -0.068344 -0.011178
v 0.346178 -0.043375 0.252334
v -0.172187 0.047960 0.734297
v -0.342344 0.047243 0.376574
v -0.116317 0.047905 0.786051
v -0.063347 -0.019025 0.817579
v 0.293711 0.037926 0.494650
v 0.258422 0.037415 0.600605
v -0.322357 0.019934 0.057019
v -0.289751 -0.018213 -0.007504
v 0.308275 -0.047155 0.045365
v 0.334214 -0.040358 0.376386
v -0.315085 0.048185 0.486112
v -0.267037 0.047958 0.578467
v -0.224555 0.047904 0.664402
v 0.092668 0.047905 0.786050
v 0.039689 -0.019025 0.817579
v -0.011829 -0.019025 0.828287
v 0.148564 0.047961 0.734297
v 0.210410 0.048021 0.680636
v 0.255348 0.047878 0.590920
v -0.344417 0.047433 0.151671
v -0.007121 -0.047155 -0.078296
v -0.123679 -0.047155 -0.069847
v 0.102734 -0.069024 -0.068397
v -0.324094 0.047952 0.371817
v 0.336228 -0.039448 0.137630
v 0.196370 -0.047155 -0.047048
v 0.263154 -0.047155 -0.012445
v 0.330858 0.038006 0.259008
v -0.172181 -0.019026 0.734295
v -0.116314 -0.019025 0.786050
v -0.010717 -0.069602 0.804727
v 0.319782 0.037512 0.377280
v -0.317254 0.047400 0.064634
v -0.266158 0.029168 -0.008847
v -0.122151 -0.018213 -0.064219
v -0.223243 -0.018213 -0.041693
v -0.326662 0.047942 0.166797
v -0.334494 0.047892 0.264218
v 0.301013 -0.001357 0.051596
v 0.260059 -0.018213 -0.007504
v -0.300063 0.047901 0.479823
v -0.267028 -0.019029 0.578467
v -0.224551 -0.019027 0.664404
v -0.109504 -0.069603 0.764794
v 0.148557 -0.019026 0.734294
v 0.092665 -0.019025 0.786050
v -0.059425 -0.069602 0.794603
v 0.200957 0.047906 0.664401
v 0.243447 0.047960 0.578466
v 0.289764 0.048134 0.486211
v 0.315478 0.048018 0.372270
v -0.226829 0.010947 -0.050971
v 0.102921 -0.047155 -0.069847
v -0.324084 -0.019035 0.371820
v 0.323618 0.028689 0.148207
v -0.211838 -0.069604 0.649781
v 0.088078 -0.069603 0.764794
v 0.037991 -0.069602 0.794603
v -0.061532 -0.089989 0.720582
v -0.302204 0.047881 0.088005
v -0.277821 0.044838 0.010573
v -0.237280 0.019231 -0.077673
v 0.101741 -0.018213 -0.064219
v -0.006837 0.005007 -0.069271
v -0.326653 -0.019044 0.166803
v -0.334489 -0.019039 0.264222
v 0.318573 0.047767 0.153290
v 0.236207 0.029115 -0.009182
v 0.291883 0.038342 0.060430
v 0.194074 -0.018213 -0.041693
v 0.325992 0.048208 0.258283
v -0.300058 -0.019031 0.479826
v -0.162324 -0.069603 0.715861
v 0.200953 -0.019027 0.664402
v 0.047009 -0.089990 0.720452
v -0.007381 -0.089966 0.734039
v 0.243438 -0.019029 0.578466
v 0.276473 0.047903 0.479824
v 0.300503 0.047955 0.371821
v -0.262757 0.047935 0.036287
v -0.272601 0.048387 0.016847
v -0.240022 0.044830 -0.048320
v -0.240142 0.029302 -0.055626
v -0.222471 0.015075 -0.234140
v -0.119344 0.005484 -0.061603
v -0.315780 -0.069616 0.271425
v 0.196085 0.010947 -0.050985
v -0.283227 -0.069608 0.475270
v -0.251999 -0.069606 0.568532
v -0.132752 -0.089967 0.660552
v 0.190460 -0.069605 0.649780
v 0.140922 -0.069603 0.715860
v -0.002493 -0.095244 0.651392
v -0.262751 -0.019049 0.036299
v -0.302200 -0.019048 0.088012
v -0.208533 0.048013 -0.045729
v -0.232848 0.035658 -0.083220
v -0.222756 0.012135 -0.163742
v 0.099365 0.005484 -0.061619
v -0.159513 0.011751 -0.067352
v -0.305943 -0.069612 0.373155
v 0.291285 0.048071 0.071301
v 0.303064 0.047943 0.166937
v 0.248639 0.044653 0.009718
v 0.205320 0.019480 -0.078057
v 0.310901 0.047894 0.264258
v -0.217261 -0.089989 0.514266
v -0.173698 -0.089968 0.605907
v 0.118016 -0.089967 0.660551
v 0.276468 -0.019031 0.479827
v 0.300493 -0.019035 0.371825
v -0.200960 0.047881 0.001594
v -0.285252 -0.069624 0.104825
v -0.109507 0.048252 -0.026152
v -0.224867 0.045899 -0.142768
v -0.182513 0.012570 -0.417296
v -0.217536 0.043302 -0.246135
v 0.039297 0.011456 -0.078575
v -0.308372 -0.069620 0.179319
v -0.251518 -0.089974 0.377151
v 0.209051 0.044670 -0.048303
v 0.197279 0.015781 -0.149763
v 0.208697 0.029302 -0.055626
v -0.140620 -0.095228 0.523963
v 0.230628 -0.069606 0.568531
v 0.261856 -0.069608 0.475271
v -0.200958 -0.019047 0.001603
v -0.100159 0.049282 -0.246224
v -0.202741 0.046119 -0.335230
v -0.193206 0.010252 -0.161269
v -0.208104 0.015981 -0.331629
v -0.147210 0.009733 -0.114131
v 0.091358 0.009586 -0.116666
v -0.253527 -0.089981 0.216859
v -0.259653 -0.089977 0.293026
v 0.180370 0.048015 -0.047623
v 0.277750 0.047882 0.088250
v 0.303055 -0.019044 0.166944
v 0.201006 0.035701 -0.084303
v 0.190585 0.012134 -0.163857
v 0.310896 -0.019039 0.264263
v 0.134934 -0.095233 0.523448
v 0.202577 -0.089994 0.514177
v 0.158981 -0.089968 0.605906
v -0.109471 -0.019043 -0.026136
v -0.247954 -0.069625 0.055932
v -0.189531 -0.069624 0.023129
v -0.138203 0.048803 -0.470095
v -0.006155 0.048244 -0.038243
v -0.125671 0.010508 -0.495917
v -0.191519 0.015851 -0.402464
v 0.163464 0.011400 -0.090125
v -0.186810 -0.095235 0.316152
v 0.235746 0.047935 0.036578
v 0.193540 0.045801 -0.142149
v 0.189781 0.015759 -0.246007
v 0.294407 -0.069616 0.271463
v 0.181016 -0.095235 0.315490
v 0.284572 -0.069612 0.373159
v -0.203564 -0.089985 0.114824
v -0.234407 -0.089984 0.155256
v -0.074119 0.049294 -0.513351
v 0.082401 0.049273 -0.247989
v -0.170345 0.045780 -0.452858
v -0.167195 0.015904 -0.470113
v -0.188108 0.043408 -0.403033
v -0.014296 0.009809 -0.514880
v 0.163997 0.010253 -0.161765
v 0.174412 0.047881 0.001859
v 0.235740 -0.019049 0.036590
v 0.277745 -0.019048 0.088257
v 0.172558 0.046050 -0.335346
v 0.186544 0.043307 -0.246032
v 0.152563 0.012569 -0.417927
v 0.154522 -0.095239 0.210432
v 0.236807 -0.089974 0.377155
v -0.006155 -0.019041 -0.038227
v -0.103034 -0.069620 -0.003097
v -0.146282 -0.095247 0.185638
v -0.137768 0.044472 -0.512564
v 0.058179 0.049306 -0.514728
v 0.091156 0.048252 -0.025998
v -0.132284 0.015998 -0.520194
v 0.104253 0.010535 -0.488749
v 0.263064 -0.069624 0.105057
v 0.286994 -0.069621 0.179452
v 0.124047 0.048729 -0.434562
v 0.177196 0.015979 -0.331749
v 0.238810 -0.089981 0.216969
v 0.046330 -0.095239 0.151960
v 0.244941 -0.089977 0.293058
v -0.005353 -0.069618 -0.014529
v 0.091125 -0.019044 -0.025981
v -0.155251 -0.089984 0.087697
v -0.083723 -0.089981 0.066010
v -0.098132 0.044662 -0.541347
v -0.100816 0.015871 -0.541312
v 0.075989 0.014675 -0.541467
v 0.174410 -0.019048 0.001868
v 0.141918 0.045711 -0.452995
v 0.161570 0.015850 -0.402490
v 0.219022 -0.089985 0.155448
v 0.177123 -0.090011 0.106575
v 0.073912 0.044920 -0.541486
v 0.111340 0.044422 -0.512300
v -0.057233 0.015885 -0.548287
v 0.105709 0.015997 -0.520206
v 0.138586 0.015903 -0.470233
v 0.165364 -0.069624 0.023380
v 0.223350 -0.069625 0.056207
v 0.158737 0.043408 -0.402988
v 0.073113 -0.089981 0.066130
v 0.086622 -0.069620 -0.002951
v -0.002945 -0.089979 0.056556
v -0.056387 0.043362 -0.548189
v 0.037496 0.016066 -0.548312
v 0.036608 0.043117 -0.548308
vn 0.000032999999889219 -0.999999996643 -0.00007499999974844704
vn -0.00011999999746266009 -0.9999999788555007 -0.00016699999646909065
vn -0.0005289999164336252 -0.9999998420295374 0.00018999996998539007
vn 0.0005289999164336252 0.9999998420295374 -0.00018999996998539007
vn 0.00011999999746266009 0.9999999788555007 0.00016699999646909065
vn -0.000032999999889219 0.999999996643 0.00007499999974844704
vn 0.0009510003723723522 -0.9999993915583383 -0.0005590002188815521
vn -0.0009510003723723522 0.9999993915583383 0.0005590002188815521
vn -0.8577562832200205 -0.5126531692714399 0.03795901253357442
vn -0.7812581657361248 -0.6199501315162349 0.07278401544040254
vn -0.8753596793431156 -0.48002282416071146 0.05764997888198058
vn 0.8753596793431156 0.48002282416071146 -0.05764997888198058
vn 0.7812581657361248 0.6199501315162349 -0.07278401544040254
vn 0.8577562832200205 0.5126531692714399 -0.03795901253357442
vn 0.000608999844474553 -0.9999997446215979 0.0003739999044882556
vn -0.000608999844474553 0.9999997446215979 -0.0003739999044882556
vn 0.000023999999991060005 -1 -0.000012999999995379546
vn -0.000023999999991060005 1 0.000012999999995379546
vn -0.7728837975040852 -0.6106838400005496 0.17238295483558544
vn -0.7387471556045461 -0.6372501342259216 0.2194650462265858
vn -0.8332429416384165 -0.507752964436222 0.21884498467176944
vn 0.8332429416384165 0.507752964436222 -0.21884498467176944
vn 0.7387471556045461 0.6372501342259216 -0.2194650462265858
vn 0.7728837975040852 0.6106838400005496 -0.17238295483558544
vn -0.9949626568404236 -0.014479995005894045 0.09919496578795978
vn -0.9866649189647202 -0.04524399628408815 0.1563499871588979
vn -0.9865690361429572 0.047000001721845056 0.15643700573106978
vn 0.9865690361429572 -0.047000001721845056 -0.15643700573106978
vn 0.9866649189647202 0.04524399628408815 -0.1563499871588979
vn 0.9949626568404236 0.014479995005894045 -0.09919496578795978
vn -0.8777692040133365 -0.4789131113101955 0.012785002971522592
vn 0.8777692040133365 0.4789131113101955 -0.012785002971522592
vn 0.0002599999880887508 -0.9999999541875032 -0.00015499999289928505
vn -0.0002599999880887508 0.9999999541875032 0.00015499999289928505
vn 0.04366701104773335 -0.9942462515438363 -0.09781402474690269
vn -0.04366701104773335 0.9942462515438363 0.09781402474690269
vn -0.24875102902290358 -0.8459750987037274 0.47164505502895393
vn -0.41062207044037446 -0.7748961329299562 0.4805470824356965
vn -0.5286040489460943 -0.7829370724960618 0.32800503037162704
vn 0.5286040489460943 0.7829370724960618 -0.32800503037162704
vn 0.41062207044037446 0.7748961329299562 -0.4805470824356965
vn 0.24875102902290358 0.8459750987037274 -0.47164505502895393
vn -0.6625632482277111 -0.7094102657788324 0.24030609003009257
vn 0.6625632482277111 0.7094102657788324 -0.24030609003009257
vn -0.9755683023315904 -0.015009004651336337 0.2191830679255008
vn 0.9755683023315904 0.015009004651336337 -0.2191830679255008
vn -0.9959493204960449 0.052694016956911026 0.0728580234456793
vn 0.9959493204960449 -0.052694016956911026 -0.0728580234456793
vn -0.8350838524799452 -0.5501209028195007 -0.0013969997532159463
vn 0.8350838524799452 0.5501209028195007 0.0013969997532159463
vn -0.9998357358254365 0.006543998270958091 0.016901995534189137
vn 0.9998357358254365 -0.006543998270958091 -0.016901995534189137
vn 0.8769672130706109 -0.4790361163880661 0.03811700926102394
vn 0.900688140622649 -0.4306160672312306 0.05771200901046115
vn 0.8286331638816972 -0.5550501097742138 0.07270801437971977
vn -0.8286331638816972 0.5550501097742138 -0.07270801437971977
vn -0.900688140622649 0.4306160672312306 -0.05771200901046115
vn -0.8769672130706109 0.4790361163880661 -0.03811700926102394
vn -0.0006569996869617332 -0.9999995235338405 -0.0007219996559916548
vn 0.0006569996869617332 0.9999995235338405 0.0007219996559916548
vn -0.029647987480369085 -0.9985975783162981 -0.04386198147814205
vn 0.029647987480369085 0.9985975783162981 0.04386198147814205
vn 0.8253818002807392 -0.5645738633889497 -0.001111999730927359
vn 0.8770263278938945 -0.4802601795549069 0.013228004945555028
vn -0.8770263278938945 0.4802601795549069 -0.013228004945555028
vn -0.8253818002807392 0.5645738633889497 0.001111999730927359
vn -0.281928998252886 -0.755771995316481 0.5910369963373435
vn 0.281928998252886 0.755771995316481 -0.5910369963373435
vn -0.6121438814947715 -0.6619578718512572 0.4325409162641957
vn 0.6121438814947715 0.6619578718512572 -0.4325409162641957
vn -0.6845543131022078 -0.6315992888815805 0.36396116646896015
vn 0.6845543131022078 0.6315992888815805 -0.36396116646896015
vn -0.9411191706037458 0.0014100002556012693 0.3380720612848636
vn -0.9675106818777026 0.04541998506568421 0.24871691822064715
vn 0.9675106818777026 -0.04541998506568421 -0.24871691822064715
vn 0.9411191706037458 -0.0014100002556012693 -0.3380720612848636
vn -0.9895354143591357 0.11925804993824553 0.08122303401142164
vn 0.9895354143591357 -0.11925804993824553 -0.08122303401142164
vn -0.8508277455527687 -0.5254418428621741 -0.0017369994805357353
vn 0.8508277455527687 0.5254418428621741 0.0017369994805357353
vn -0.9937348089415828 0.10189898040859822 -0.045909991173208195
vn 0.9937348089415828 -0.10189898040859822 0.045909991173208195
vn 0.9964680133461945 0.0007330000098174171 0.08397000112465222
vn 0.9955914299825911 0.04618901994841846 0.08163503525707728
vn 0.9876472115219569 -0.004940001057987825 0.15661603354206796
vn -0.9876472115219569 0.004940001057987825 -0.15661603354206796
vn -0.9955914299825911 -0.04618901994841846 -0.08163503525707728
vn -0.9964680133461945 -0.0007330000098174171 -0.08397000112465222
vn 0.7897078832551232 -0.5850289135134271 0.18466897269983365
vn 0.8400501831897634 -0.4938361076908518 0.22459204897679336
vn 0.7448010239308298 -0.6286470201987434 0.2237730071899386
vn -0.7448010239308298 0.6286470201987434 -0.2237730071899386
vn -0.8400501831897634 0.4938361076908518 -0.22459204897679336
vn -0.7897078832551232 0.5850289135134271 -0.18466897269983365
vn -0.0000019999999999799998 -1 0.000003999999999737955
vn 0.0000019999999999799998 1 -0.000003999999999737955
vn 0.04318599687909928 -0.962215930464025 -0.2688409805718042
vn -0.04318599687909928 0.962215930464025 0.2688409805718042
vn 0.8292253065335564 -0.5589132066092913 -0.0011910004402684055
vn -0.8292253065335564 0.5589132066092913 0.0011910004402684055
vn 0.0052100013831591655 -0.8475242250020325 0.5307311408993177
vn -0.0052100013831591655 0.8475242250020325 -0.5307311408993177
vn -0.3969901962295236 0.0860150425166437 0.9137834516768752
vn -0.64257710340705 0.0027420004412576577 0.7662161233037227
vn -0.31845493114909595 0.0024659994668433643 0.9479347950536756
vn 0.31845493114909595 -0.0024659994668433643 -0.9479347950536756
vn 0.64257710340705 -0.0027420004412576577 -0.7662161233037227
vn 0.3969901962295236 -0.0860150425166437 -0.9137834516768752
vn -0.7910252238281336 0.06956001968267103 0.6078161719873845
vn -0.8199179175945638 0.0019009998089408473 0.5724779424633936
vn 0.8199179175945638 -0.0019009998089408473 -0.5724779424633936
vn 0.7910252238281336 -0.06956001968267103 -0.6078161719873845
vn -0.8902127415628217 0.00038499988823079 0.45554486775101644
vn -0.8895311482448259 0.03855200642488507 0.4552450758688745
vn 0.8895311482448259 -0.03855200642488507 -0.4552450758688745
vn 0.8902127415628217 -0.00038499988823079 -0.45554486775101644
vn -0.9385301612075855 0.07409201272648969 0.33715205791126535
vn 0.9385301612075855 -0.07409201272648969 -0.33715205791126535
vn -0.965255243907 0.10724102709836318 0.23828906021243626
vn 0.965255243907 -0.10724102709836318 -0.23828906021243626
vn -0.9819601025102573 0.10731801120330335 0.1556830162522958
vn 0.9819601025102573 -0.10731801120330335 -0.1556830162522958
vn -0.030914999647414437 -0.9500809891643263 -0.31046799645911277
vn -0.061306981901139396 -0.9307117252381171 -0.3605788935509967
vn 0.061306981901139396 0.9307117252381171 0.3605788935509967
vn 0.030914999647414437 0.9500809891643263 0.31046799645911277
vn -0.9999092693050999 0.003736001006215422 -0.012942003485663798
vn -0.9999977791485147 -0.00012199997305606443 -0.0021039995353275454
vn 0.9999977791485147 0.00012199997305606443 0.0021039995353275454
vn 0.9999092693050999 -0.003736001006215422 0.012942003485663798
vn -0.9999458283783123 0.010164998255371335 0.002238999615718292
vn 0.9999458283783123 -0.010164998255371335 -0.002238999615718292
vn 0.9998384063599067 0.00583600237190066 0.01700300691045699
vn -0.9998384063599067 -0.00583600237190066 -0.01700300691045699
vn 0.9843567756016255 0.08165198138624899 0.1561239644092826
vn -0.9843567756016255 -0.08165198138624899 -0.1561239644092826
vn 0.9703216200628815 0.03964598447630059 0.23854590659546018
vn 0.9714898063116679 0.00042199991586477757 0.23708095273258245
vn -0.9714898063116679 -0.00042199991586477757 -0.23708095273258245
vn -0.9703216200628815 -0.03964598447630059 -0.23854590659546018
vn 0.6625632482277111 -0.7094102657788324 0.24030609003009257
vn -0.6625632482277111 0.7094102657788324 -0.24030609003009257
vn 0.5591049670248286 -0.752093955642628 0.34893597942027976
vn -0.5591049670248286 0.752093955642628 -0.34893597942027976
vn 0 -1 -0.000007999999999966044
vn 0 1 0.000007999999999966044
vn 0.07300901210164631 -0.9405421559000482 -0.33173805498741193
vn -0.07300901210164631 0.9405421559000482 0.33173805498741193
vn 0.9999979708175596 -0.0004439999870429701 -0.00196499994265639
vn 0.9999977217066727 -0.000821999771242427 -0.0019699994517610488
vn -0.9999977217066727 0.000821999771242427 0.0019699994517610488
vn -0.9999979708175596 0.0004439999870429701 0.00196499994265639
vn 0.006554999700610228 -0.984100955052666 -0.17748899189345693
vn -0.006554999700610228 0.984100955052666 0.17748899189345693
vn -0.0000049999996702125335 0.05403699643585471 0.9985389341388705
vn -9.999996480391856e-7 0.0008389997047046548 0.9999996480391857
vn 9.999996480391856e-7 -0.0008389997047046548 -0.9999996480391857
vn 0.0000049999996702125335 -0.05403699643585471 -0.9985389341388705
vn 0.16952002932518767 -0.8306861436999933 0.5303050917372204
vn -0.16952002932518767 0.8306861436999933 -0.5303050917372204
vn -0.641088088366306 0.06789600935865062 0.7644581053713836
vn 0.641088088366306 -0.06789600935865062 -0.7644581053713836
vn -0.9929893564340899 0.0864970310481581 0.08056302891814471
vn 0.9929893564340899 -0.0864970310481581 -0.08056302891814471
vn -0.9885663697752969 0.13438605026738032 -0.06838802558068251
vn 0.9885663697752969 -0.13438605026738032 0.06838802558068251
vn -0.0006469999811021014 -0.860287974872279 -0.5098079851092739
vn 0.0006469999811021014 0.860287974872279 0.5098079851092739
vn -0.9997717529714268 0.019918995078315706 -0.007724998091269078
vn 0.9997717529714268 -0.019918995078315706 0.007724998091269078
vn -0.07586798754714336 0.9937418368887189 -0.08198298654343644
vn -0.05081900668445308 0.9972111311676761 -0.05465700718928236
vn -0.15046102397491287 0.988112157448768 -0.031557005028388034
vn 0.15046102397491287 -0.988112157448768 0.031557005028388034
vn 0.05081900668445308 -0.9972111311676761 0.05465700718928236
vn 0.07586798754714336 -0.9937418368887189 0.08198298654343644
vn 0.9926096966679527 0.11079996614058812 -0.04949098487602747
vn -0.9926096966679527 -0.11079996614058812 0.04949098487602747
vn 0.9881585361649152 0.13021493887796842 0.0811589619045198
vn -0.9881585361649152 -0.13021493887796842 -0.0811589619045198
vn 0.9411074708295977 0.0009730004867853793 0.338106169152192
vn -0.9411074708295977 -0.0009730004867853793 -0.338106169152192
vn 0.6845540639507013 -0.6315990590036711 0.3639620340011526
vn -0.6845540639507013 0.6315990590036711 -0.3639620340011526
vn 0.3675550426975853 -0.8232310956318807 0.4326590502604903
vn 0.4091042635972124 -0.7757274998227219 0.48050030959966283
vn -0.4091042635972124 0.7757274998227219 -0.48050030959966283
vn -0.3675550426975853 0.8232310956318807 -0.4326590502604903
vn -0.0000029999999986365002 -1 -0.000029999999986587044
vn 0.0000029999999986365002 1 0.000029999999986587044
vn 0.9997861576577913 0.0205610032422957 -0.002210000348498293
vn -0.9997861576577913 -0.0205610032422957 0.002210000348498293
vn 0.9999669804816446 0.007729999849118132 0.00250699995106587
vn -0.9999669804816446 -0.007729999849118132 -0.00250699995106587
vn 0.05865100115721359 0.0017470000344694061 -0.9982770196965048
vn 0.05058698258682538 0.0000739999745277699 -0.9987196562182823
vn 0.018773991408525988 0.0006489997030008274 -0.9998235424543565
vn -0.018773991408525988 -0.0006489997030008274 0.9998235424543565
vn -0.05058698258682538 -0.0000739999745277699 0.9987196562182823
vn -0.05865100115721359 -0.0017470000344694061 0.9982770196965048
vn 0.37430388639261175 0.002100999362311918 0.9273037185480636
vn -0.37430388639261175 -0.002100999362311918 -0.9273037185480636
vn 0.2158099909988892 -0.7630939681724961 0.6091909745915586
vn -0.2158099909988892 0.7630939681724961 -0.6091909745915586
vn -0.6374463107130808 0.12701006190903746 0.7599543704276889
vn 0.6374463107130808 -0.12701006190903746 -0.7599543704276889
vn -0.00003400001203294638 0.15043205323941716 0.98862034988269
vn 0.00003400001203294638 -0.15043205323941716 -0.98862034988269
vn -0.8850038616663848 0.10803498311321508 0.4528759292116484
vn 0.8850038616663848 -0.10803498311321508 -0.4528759292116484
vn -0.9362626243743193 0.10138895932306179 0.33635186505666786
vn 0.9362626243743193 -0.10138895932306179 -0.33635186505666786
vn -0.9680474399326473 0.07597803452849151 0.23898010860537153
vn 0.9680474399326473 -0.07597803452849151 -0.23898010860537153
vn -0.9860725325655929 0.056855030706699665 0.1562960844135843
vn 0.9860725325655929 -0.056855030706699665 -0.1562960844135843
vn -0.9686573227363319 0.15228805073918897 -0.19624306538407915
vn 0.9686573227363319 -0.15228805073918897 0.19624306538407915
vn -0.030391007358955394 0.02335300565475608 -0.9992652419646131
vn -0.001709999209617173 0.000017999991680402816 -0.9999985377882827
vn -0.02902700953187644 0.002144000704046217 -0.9995763282404287
vn 0.02902700953187644 -0.002144000704046217 0.9995763282404287
vn 0.001709999209617173 -0.000017999991680402816 0.9999985377882827
vn 0.030391007358955394 -0.02335300565475608 0.9992652419646131
vn -0.0004249999943445251 0.999029986705908 -0.04403299941405266
vn -0.00020499999558081514 0.9999999784430007 -0.00003299999928839698
vn 0.00020499999558081514 -0.9999999784430007 0.00003299999928839698
vn 0.0004249999943445251 -0.999029986705908 0.04403299941405266
vn -0.1725829896351837 0.057947996519817066 0.9832889409466179
vn -0.15822797896161372 0.010584998592592 0.9873458687200335
vn -0.0562510021793045 0.004817000186622412 0.9984050386807081
vn 0.0562510021793045 -0.004817000186622412 -0.9984050386807081
vn 0.15822797896161372 -0.010584998592592 -0.9873458687200335
vn 0.1725829896351837 -0.057947996519817066 -0.9832889409466179
vn -0.991536435988582 0.12912805677891032 -0.013470005922897576
vn 0.991536435988582 -0.12912805677891032 0.013470005922897576
vn -0.9643625232492637 0.15572808449582357 -0.21390111605967546
vn 0.9643625232492637 -0.15572808449582357 0.21390111605967546
vn 0.9807906073292799 0.11778095284505047 0.15549093774742742
vn -0.9807906073292799 -0.11778095284505047 -0.15549093774742742
vn 0.9640761623330861 0.11796201986268244 0.23799604007425262
vn -0.9640761623330861 -0.11796201986268244 -0.23799604007425262
vn 0.9380172604522539 0.08098102248539622 0.3369950935709132
vn -0.9380172604522539 -0.08098102248539622 -0.3369950935709132
vn 0.8894258293565556 0.04171599199645387 0.45517191267163554
vn 0.8902120046874114 0.0006530000034382704 0.4555460023986775
vn -0.8902120046874114 -0.0006530000034382704 -0.4555460023986775
vn -0.8894258293565556 -0.04171599199645387 -0.45517191267163554
vn 0.6121440219303661 -0.6619570237149419 0.43254201549603405
vn -0.6121440219303661 0.6619570237149419 -0.43254201549603405
vn 0.0012839996498109712 0.0009469997417221766 -0.9999987272673843
vn -0.0012839996498109712 -0.0009469997417221766 0.9999987272673843
vn 0.9991516858887407 0.041123987071525224 -0.002173999316542541
vn -0.9991516858887407 -0.041123987071525224 0.002173999316542541
vn 0.000049999999875 0.9999999975 -0.00004999999987477796
vn 0 1 0
vn 0 -1 0
vn -0.000049999999875 -0.9999999975 0.00004999999987477796
vn 0.05687902877121171 0.02514001271661378 -0.9980645048525931
vn -0.05687902877121171 -0.02514001271661378 0.9980645048525931
vn 0.3723710873832162 0.10278002411908255 0.9223752164510504
vn -0.3723710873832162 -0.10278002411908255 -0.9223752164510504
vn -0.3707239523580826 0.13544298259415552 0.9188138819227762
vn 0.3707239523580826 -0.13544298259415552 -0.9188138819227762
vn -0.7970279117211934 0.10943998787842747 0.5939439342147735
vn 0.7970279117211934 -0.10943998787842747 -0.5939439342147735
vn -0.9895501293594439 -0.11832001546744418 0.08240701077269835
vn 0.9895501293594439 0.11832001546744418 -0.08240701077269835
vn -0.995533215920227 0.07446301615021086 -0.05804201258867542
vn 0.995533215920227 -0.07446301615021086 0.05804201258867542
vn -0.9797393797377496 0.10977304254699673 -0.16751306492648513
vn 0.9797393797377496 -0.10977304254699673 0.16751306492648513
vn -0.002949998871602047 0.0002499999043732769 -0.9999956174937494
vn 0.002949998871602047 -0.0002499999043732769 0.9999956174937494
vn -0.06485201514836246 0.03290500768606798 -0.9973522329650525
vn 0.06485201514836246 -0.03290500768606798 0.9973522329650525
vn -0.11387900736330296 0.005379000347800574 0.9934800642374294
vn 0.11387900736330296 -0.005379000347800574 -0.9934800642374294
vn -0.08908804404139817 0.09329804612264668 0.9916444902275081
vn 0.08908804404139817 -0.09329804612264668 -0.9916444902275081
vn -0.9909032702025131 0.13456003669223948 0.002075000565817486
vn 0.9909032702025131 -0.13456003669223948 -0.002075000565817486
vn -0.07646498660192093 0.0057259989966993545 -0.9970558252973893
vn 0.07646498660192093 -0.0057259989966993545 0.9970558252973893
vn -0.2315899533543142 0.2084929580063953 -0.9502088086137119
vn -0.1385500490927247 0.23408008294207885 -0.9622943409717387
vn -0.43120086688615694 0.18491994291429803 -0.8831027273818146
vn 0.43120086688615694 -0.18491994291429803 0.8831027273818146
vn 0.1385500490927247 -0.23408008294207885 0.9622943409717387
vn 0.2315899533543142 -0.2084929580063953 0.9502088086137119
vn -0.47785210425372165 0.21402704669460706 -0.8519681858751972
vn 0.47785210425372165 -0.21402704669460706 0.8519681858751972
vn 0.10105797964606596 0.9926768000664749 -0.06618198667038647
vn 0.15037196866601873 0.9881397940949096 -0.03111299351678376
vn -0.15037196866601873 -0.9881397940949096 0.03111299351678376
vn -0.10105797964606596 -0.9926768000664749 0.06618198667038647
vn 0.9864374159481936 0.1458560615027009 -0.07528103174353347
vn -0.9864374159481936 -0.1458560615027009 0.07528103174353347
vn 0.9918562324906322 0.09881602316242913 0.08035301883470966
vn -0.9918562324906322 -0.09881602316242913 -0.08035301883470966
vn 0.8013541911081724 0.001100000262329611 0.598189142657061
vn -0.8013541911081724 -0.001100000262329611 -0.598189142657061
vn 0.6416961060428571 0.047926007919965 0.7654601264953582
vn 0.642592084426324 0.0007480000982750812 0.7662081006674917
vn -0.642592084426324 -0.0007480000982750812 -0.7662081006674917
vn -0.6416961060428571 -0.047926007919965 -0.7654601264953582
vn 0.0025030004639950056 0.0011680002165188662 -0.99999618537481
vn -0.0025030004639950056 -0.0011680002165188662 0.99999618537481
vn 0.9846961149017345 0.17426002033396729 -0.002647000308871828
vn -0.9846961149017345 -0.17426002033396729 0.002647000308871828
vn 0.12167504438237982 0.05428601980145341 0.9910843615094844
vn 0.041710003046874125 0.0046210003375592446 0.999119072984652
vn 0.11828998557004215 0.01027999874596337 0.9929258788749654
vn -0.11828998557004215 -0.01027999874596337 -0.9929258788749654
vn -0.041710003046874125 -0.0046210003375592446 -0.999119072984652
vn -0.12167504438237982 -0.05428601980145341 -0.9910843615094844
vn 0.020276007343139873 0.0428590155217808 0.9988753617517677
vn -0.020276007343139873 -0.0428590155217808 -0.9988753617517677
vn 0.07668500968585414 0.004735000598063979 -0.9970441259336604
vn -0.07668500968585414 -0.004735000598063979 0.9970441259336604
vn 0.055219998406903066 0.05518599840788419 -0.9969479712380515
vn -0.055219998406903066 -0.05518599840788419 0.9969479712380515
vn -0.636864993006904 -0.03609399960367002 0.7701299915435877
vn 0.636864993006904 0.03609399960367002 -0.7701299915435877
vn 0.000028000000570164016 -0.009053000184346467 0.9999590203621658
vn -0.000028000000570164016 0.009053000184346467 -0.9999590203621658
vn 0.3704641175616199 0.13941604424173668 0.9183242914174037
vn -0.3704641175616199 -0.13941604424173668 -0.9183242914174037
vn -0.8861168208586541 0.07571198469372592 0.45723590756314064
vn 0.8861168208586541 -0.07571198469372592 -0.45723590756314064
vn -0.9398010952084345 0.05127600519461845 0.3378530342268791
vn 0.9398010952084345 -0.05127600519461845 -0.3378530342268791
vn -0.9632520256798177 -0.12442100331700184 0.23804400634613423
vn 0.9632520256798177 0.12442100331700184 -0.23804400634613423
vn -0.9802961906043985 -0.121068023539924 0.156083030348085
vn 0.9802961906043985 0.121068023539924 -0.156083030348085
vn -0.5308571007200581 0.1648000312676779 -0.8312831577201998
vn -0.26390193470248846 0.20640294892951846 -0.9422067668688662
vn 0.26390193470248846 -0.20640294892951846 0.9422067668688662
vn 0.5308571007200581 -0.1648000312676779 0.8312831577201998
vn -0.13714603394392189 0.990512245153792 -0.008744002164158072
vn -0.46758779317918486 0.8839256090269728 -0.006096997303210088
vn -0.3646050374877804 0.9311620957397637 -0.0005640000579888722
vn 0.3646050374877804 -0.9311620957397637 0.0005640000579888722
vn 0.46758779317918486 -0.8839256090269728 0.006096997303210088
vn 0.13714603394392189 -0.990512245153792 0.008744002164158072
vn -0.11001603273412024 0.09184402732723024 -0.9896772944681311
vn 0.11001603273412024 -0.09184402732723024 0.9896772944681311
vn 0.1807219775241512 0.24724296925113576 -0.951950881608732
vn 0 0.32135404161583336 -0.9469591226326347
vn 0 -0.32135404161583336 0.9469591226326347
vn -0.1807219775241512 -0.24724296925113576 0.951950881608732
vn -0.952112281790525 0.3057480904902884 -0.0005550001642597476
vn 0.952112281790525 -0.3057480904902884 0.0005550001642597476
vn -0.3444471188502933 0.2041170704298927 0.9163473161824888
vn 0.3444471188502933 -0.2041170704298927 -0.9163473161824888
vn -0.9069959942487384 0.42110499732977325 -0.005370999965942396
vn 0.9069959942487384 -0.42110499732977325 0.005370999965942396
vn 0.05137202060501337 0.9935583985103923 -0.10100804051372692
vn -0.05137202060501337 -0.9935583985103923 0.10100804051372692
vn 0.9604651084931842 0.17252901948870664 -0.21849602468109378
vn 0.9640417876539129 0.16607996341815184 -0.20746295430286618
vn -0.9640417876539129 -0.16607996341815184 0.20746295430286618
vn -0.9604651084931842 -0.17252901948870664 0.21849602468109378
vn 0.9851760587396464 0.07111600424018517 0.15611100930788505
vn -0.9851760587396464 -0.07111600424018517 -0.15611100930788505
vn 0.9670930086390419 0.08792600078544292 0.23874700213272698
vn -0.9670930086390419 -0.08792600078544292 -0.23874700213272698
vn 0.9352561443843871 0.11137901719463826 0.335992051870289
vn -0.9352561443843871 -0.11137901719463826 -0.335992051870289
vn 0.8840078894190181 0.1178659852560858 0.45236894341294626
vn -0.8840078894190181 -0.1178659852560858 -0.45236894341294626
vn 0.7983611061365277 0.08651301150129993 0.5959320792250037
vn -0.7983611061365277 -0.08651301150129993 -0.5959320792250037
vn 0.1936710447056734 0.9810372264557922 -0.007582001750176193
vn 0.0007539997120121271 0.9998726181017261 -0.015942993910622247
vn -0.0007539997120121271 -0.9998726181017261 0.015942993910622247
vn -0.1936710447056734 -0.9810372264557922 0.007582001750176193
vn 0.9847889337527582 0.17374198831228996 -0.0021159998576555975
vn -0.9847889337527582 -0.17374198831228996 0.0021159998576555975
vn 0.08822102157454167 0.10149902482169083 0.9909162423295875
vn -0.08822102157454167 -0.10149902482169083 -0.9909162423295875
vn 0.08560203233304935 0.005288001997349899 0.996315376321839
vn -0.08560203233304935 -0.005288001997349899 -0.996315376321839
vn 0.9007003813521186 0.43443118393603003 -0.0028930012248824166
vn 0.9008843622506297 0.43405317453520387 -0.002282000917605208
vn -0.9008843622506297 -0.43405317453520387 0.002282000917605208
vn -0.9007003813521186 -0.43443118393603003 0.0028930012248824166
vn 0.10794200271776376 0.1098820027666093 -0.9880660248775265
vn -0.10794200271776376 -0.1098820027666093 0.9880660248775265
vn 0.6368330284696212 0.13410100599498545 0.7592500339422735
vn -0.6368330284696212 -0.13410100599498545 -0.7592500339422735
vn -0.3736778459668474 -0.010276995763736071 0.9275016176760283
vn 0.3736778459668474 0.010276995763736071 -0.9275016176760283
vn -0.8089506430291702 -0.03533398440794659 0.5868137410529433
vn 0.8089506430291702 0.03533398440794659 -0.5868137410529433
vn -0.9145274086205399 -0.3775631686992259 0.1452090648809493
vn 0.9145274086205399 0.3775631686992259 -0.1452090648809493
vn -0.9921388027881252 -0.11538197706500747 -0.04845199036898083
vn 0.9921388027881252 0.11538197706500747 0.04845199036898083
vn -0.9123831277979699 -0.24524303435131675 -0.32773904590657527
vn 0.9123831277979699 0.24524303435131675 0.32773904590657527
vn -0.27315208625133586 0.09225102912946652 -0.957537302354899
vn 0.27315208625133586 -0.09225102912946652 0.957537302354899
vn -0.5627681649279579 0.8266112422512726 0.002418000708632874
vn 0.5627681649279579 -0.8266112422512726 -0.002418000708632874
vn -0.1650130368894111 0.9862912204898654 0.0005710001276498813
vn 0.1650130368894111 -0.9862912204898654 -0.0005710001276498813
vn -0.8432446371679323 0.5375157687172272 0.003908998318032776
vn -0.730756740037355 0.6825777571767603 -0.009065996774821932
vn 0.730756740037355 -0.6825777571767603 0.009065996774821932
vn 0.8432446371679323 -0.5375157687172272 -0.003908998318032776
vn -0.7271148766460623 0.6865138835339594 0.001625999724151762
vn 0.7271148766460623 -0.6865138835339594 -0.001625999724151762
vn -0.04789199102231188 0.09969498131147943 0.9938648136931012
vn 0.04789199102231188 -0.09969498131147943 -0.9938648136931012
vn 0.24983895920992075 0.2114089654842126 -0.9449268457260586
vn -0.24983895920992075 -0.2114089654842126 0.9449268457260586
vn 0.4470620812285051 0.221252040200172 -0.8667081574756862
vn 0.4162160428101114 0.23515302418678333 -0.878332090341291
vn -0.4162160428101114 -0.23515302418678333 0.878332090341291
vn -0.4470620812285051 -0.221252040200172 0.8667081574756862
vn 0.9760988395093539 0.12299197977759889 -0.17917597053979972
vn -0.9760988395093539 -0.12299197977759889 0.17917597053979972
vn 0.9939255543114573 0.08954495984692971 -0.0639819713096907
vn -0.9939255543114573 -0.08954495984692971 0.0639819713096907
vn 0.9924751369367664 -0.09064501250674648 0.08232001135810434
vn -0.9924751369367664 0.09064501250674648 -0.08232001135810434
vn 0.12391299436233061 0.9922799548542399 0.005104999767738051
vn -0.12391299436233061 -0.9922799548542399 -0.005104999767738051
vn 0.47464905849812683 0.880130108471642 -0.008903001097250242
vn 0.46609284616468327 0.8847357079903736 0.0004309998577474239
vn -0.46609284616468327 -0.8847357079903736 -0.0004309998577474239
vn -0.47464905849812683 -0.880130108471642 0.008903001097250242
vn 0.23218390836991568 0.1916079243830012 0.9536126236620973
vn -0.23218390836991568 -0.1916079243830012 -0.9536126236620973
vn 0.10186494183172236 0.20706088176133353 0.9730104443785991
vn -0.10186494183172236 -0.20706088176133353 -0.9730104443785991
vn 0.7807318605093835 0.6248648883575875 -0.0012779997716641355
vn -0.7807318605093835 -0.6248648883575875 0.0012779997716641355
vn 0.12044495256619746 0.12567695050572483 -0.984732612191202
vn -0.12044495256619746 -0.12567695050572483 0.984732612191202
vn -0.33790904242870684 -0.4097870514538901 0.8472851063872427
vn 0.33790904242870684 0.4097870514538901 -0.8472851063872427
vn 0.37373698281538703 -0.0011939999450994926 0.9275339573515258
vn -0.37373698281538703 0.0011939999450994926 -0.9275339573515258
vn 0.6371489691584862 -0.020538999005799675 0.7704669627051622
vn -0.6371489691584862 0.020538999005799675 -0.7704669627051622
vn -0.8821031213972452 -0.1439110198053958 0.44853506172852076
vn 0.8821031213972452 0.1439110198053958 -0.44853506172852076
vn -0.7377098985881337 -0.34275395288213156 0.5816389200429755
vn 0.7377098985881337 0.34275395288213156 -0.5816389200429755
vn -0.9330691754986651 -0.1288100242275578 0.33584206316769993
vn 0.9330691754986651 0.1288100242275578 -0.33584206316769993
vn -0.8630602487836256 -0.5005631442911014 0.06755401947295547
vn 0.8630602487836256 0.5005631442911014 -0.06755401947295547
vn -0.8950286808601277 -0.4425928421849197 -0.05509298035552714
vn 0.8950286808601277 0.4425928421849197 0.05509298035552714
vn -0.5977470477734403 0.04933900394329688 -0.8001650639511948
vn 0.5977470477734403 -0.04933900394329688 0.8001650639511948
vn 0.15352595222296136 0.20444493637705255 -0.9667636991446337
vn -0.15352595222296136 -0.20444493637705255 0.9667636991446337
vn -0.08009600993635117 0.16930802100359224 0.9823031218601124
vn -0.0664920072715663 0.14702001607810963 0.9868961079269643
vn 0.0664920072715663 -0.14702001607810963 -0.9868961079269643
vn 0.08009600993635117 -0.16930802100359224 -0.9823031218601124
vn 0.5065701623291681 0.17905105737647306 -0.8434022702661922
vn -0.5065701623291681 -0.17905105737647306 0.8434022702661922
vn 0.9832913102259991 -0.09311802937851016 0.15642004935014228
vn -0.9832913102259991 0.09311802937851016 -0.15642004935014228
vn 0.9661946655237547 -0.09727796632441676 0.23875691734738336
vn -0.9661946655237547 0.09727796632441676 -0.23875691734738336
vn 0.9390583450035259 0.06484102382214257 0.33758712402716906
vn -0.9390583450035259 -0.06484102382214257 -0.33758712402716906
vn 0.8854220663012924 0.08667300649016155 0.4566350341932893
vn -0.8854220663012924 -0.08667300649016155 -0.4566350341932893
vn 0.7961897147451811 0.11801095771963159 0.5934267873900559
vn -0.7961897147451811 -0.11801095771963159 -0.5934267873900559
vn 0.6220279292020292 0.7829859108821147 0.003783999569312936
vn -0.6220279292020292 -0.7829859108821147 -0.003783999569312936
vn 0.7368348038258649 0.6760728200030726 0.00011799996858396067
vn -0.7368348038258649 -0.6760728200030726 -0.00011799996858396067
vn 0.6195010784260537 0.7849920993764736 0.0024120003053485785
vn -0.6195010784260537 -0.7849920993764736 -0.0024120003053485785
vn -0.5754960791189186 -0.4404000605459845 0.6890950947364556
vn 0.5754960791189186 0.4404000605459845 -0.6890950947364556
vn 0.00029599991242903085 -0.41737187652138363 0.9087357311523911
vn -0.00029599991242903085 0.41737187652138363 -0.9087357311523911
vn 0.34028409214009725 -0.39453610683013446 0.8535502311192416
vn -0.34028409214009725 0.39453610683013446 -0.8535502311192416
vn -0.8734772363546741 -0.3705311002622093 0.31582308545873816
vn 0.8734772363546741 0.3705311002622093 -0.31582308545873816
vn -0.8597770067806314 -0.4641630036606216 0.21292300167921716
vn 0.8597770067806314 0.4641630036606216 -0.21292300167921716
vn -0.7745178488741558 -0.6207108788853533 0.12181997623018385
vn 0.7745178488741558 0.6207108788853533 -0.12181997623018385
vn -0.6389348390734191 0.004649998828819063 -0.7692468062521389
vn 0.6389348390734191 -0.004649998828819063 0.7692468062521389
vn -0.005022000620181962 -0.0029210003607228977 -0.9999831234909234
vn 0.005022000620181962 0.0029210003607228977 0.9999831234909234
vn 0.9110061358765753 -0.22439203346807424 -0.3460000516059116
vn -0.9110061358765753 0.22439203346807424 0.3460000516059116
vn 0.9944869822876896 -0.08932399840909491 -0.05492599902174052
vn -0.9944869822876896 0.08932399840909491 0.05492599902174052
vn 0.9305647936403005 -0.3350269257052748 0.14766896725330253
vn -0.9305647936403005 0.3350269257052748 -0.14766896725330253
vn -0.5003141888971598 -0.5973512255341793 0.626783236646443
vn 0.5003141888971598 0.5973512255341793 -0.626783236646443
vn 0.002183001096890654 -0.6137423083865617 0.7895033967010818
vn -0.002183001096890654 0.6137423083865617 -0.7895033967010818
vn 0.8094212109469316 -0.017383004530263757 0.5869711529732136
vn -0.8094212109469316 0.017383004530263757 -0.5869711529732136
vn -0.7826865917531284 -0.4637597581043647 0.41512478347221476
vn 0.7826865917531284 0.4637597581043647 -0.41512478347221476
vn -0.6344409721521658 -0.586658974249485 0.5033049779081833
vn 0.6344409721521658 0.586658974249485 -0.5033049779081833
vn -0.7124608636442656 -0.7007418658871293 -0.03688299294107545
vn 0.7124608636442656 0.7007418658871293 0.03688299294107545
vn -0.7558541814046472 -0.65244315658605 0.05479401315053718
vn 0.7558541814046472 0.65244315658605 -0.05479401315053718
vn -0.779381099896789 -0.5254890673543026 -0.34121304373481415
vn 0.779381099896789 0.5254890673543026 0.34121304373481415
vn -0.3714160640000075 -0.7115491226095302 -0.5964461027757245
vn -0.31951319133717704 -0.5804443475931068 -0.7489964485287932
vn 0.31951319133717704 0.5804443475931068 0.7489964485287932
vn 0.3714160640000075 0.7115491226095302 0.5964461027757245
vn -0.07859402944667333 0.011672004373127575 -0.9968383734835096
vn -0.03549101285436806 -0.07333902656240994 -0.996675360982426
vn 0.03549101285436806 0.07333902656240994 0.996675360982426
vn 0.07859402944667333 -0.011672004373127575 0.9968383734835096
vn 0.006126001055739798 -0.00566800097680898 -0.9999651723315126
vn -0.006126001055739798 0.00566800097680898 0.9999651723315126
vn 0.5517060551482641 0.10765101076074192 -0.8270620826727163
vn -0.5517060551482641 -0.10765101076074192 0.8270620826727163
vn 0.5685527134637184 0.058409970562842674 -0.8205705864530428
vn -0.5685527134637184 -0.058409970562842674 0.8205705864530428
vn 0.911021046238419 -0.4077490206950982 -0.0614930031210468
vn -0.911021046238419 0.4077490206950982 0.0614930031210468
vn 0.8870211939959914 -0.45642509982246243 0.06978201526167722
vn -0.8870211939959914 0.45642509982246243 -0.06978201526167722
vn 0.9359426010737382 -0.10258695627442231 0.33687885641232407
vn -0.9359426010737382 0.10258695627442231 -0.33687885641232407
vn 0.885111348717123 -0.11849404668441232 0.4500411773077081
vn -0.885111348717123 0.11849404668441232 -0.4500411773077081
vn -0.3042179898036779 -0.5670969809928946 0.765409974346137
vn 0.3042179898036779 0.5670969809928946 -0.765409974346137
vn 0.5845617659952954 -0.410375835723303 0.6999137198189946
vn -0.5845617659952954 0.410375835723303 -0.6999137198189946
vn 0.7467132105033373 -0.30924308717764876 0.5888871660111432
vn -0.7467132105033373 0.30924308717764876 -0.5888871660111432
vn -0.7745820253392895 -0.5699000186434247 0.2742930089730844
vn 0.7745820253392895 0.5699000186434247 -0.2742930089730844
vn -0.7814270719483382 -0.5932980546267344 0.19331101779872603
vn 0.7814270719483382 0.5932980546267344 -0.19331101779872603
vn -0.5929751576113355 -0.7636822029848471 -0.2552840678538762
vn 0.5929751576113355 0.7636822029848471 0.2552840678538762
vn -0.6541331762006067 -0.7552592034404227 0.041150011084374064
vn 0.6541331762006067 0.7552592034404227 -0.041150011084374064
vn -0.0773829621156712 -0.7010686567782523 -0.7088826529527592
vn 0.0773829621156712 0.7010686567782523 0.7088826529527592
vn 0.0006859997529437505 -0.15743794330023037 -0.9875286443510044
vn -0.0006859997529437505 0.15743794330023037 0.9875286443510044
vn 0.026645004274951475 0.03863300619831887 -0.9988981602642326
vn -0.026645004274951475 -0.03863300619831887 0.9988981602642326
vn 0.6118041210635055 0.012897002552052842 -0.7909041565037344
vn -0.6118041210635055 -0.012897002552052842 0.7909041565037344
vn 0.8068737520840433 -0.5769028227437505 0.12703496096787892
vn -0.8068737520840433 0.5769028227437505 -0.12703496096787892
vn 0.8820719662748611 -0.4174279840400588 0.21840999164931243
vn -0.8820719662748611 0.4174279840400588 -0.21840999164931243
vn 0.8879328857381397 -0.3294589576042357 0.3209859586945664
vn -0.8879328857381397 0.3294589576042357 -0.3209859586945664
vn -0.6084009465976092 -0.6185649457054644 0.49721795635669563
vn 0.6084009465976092 0.6185649457054644 -0.49721795635669563
vn -0.5301270147070488 -0.5107310141689554 0.676845018777373
vn 0.5301270147070488 0.5107310141689554 -0.676845018777373
vn 0.003127000740389434 -0.523322123908564 0.8521292017612112
vn -0.003127000740389434 0.523322123908564 -0.8521292017612112
vn 0.30278814799546455 -0.5696172784150383 0.7641043734755882
vn -0.30278814799546455 0.5696172784150383 -0.7641043734755882
vn 0.5130999497162074 -0.5682599443105283 0.6432799369585691
vn -0.5130999497162074 0.5682599443105283 -0.6432799369585691
vn -0.6834099796589855 -0.6360979810671801 0.358231989337583
vn 0.6834099796589855 0.6360979810671801 -0.358231989337583
vn -0.6873919836916254 -0.7049949832739942 0.17456899585835045
vn 0.6873919836916254 0.7049949832739942 -0.17456899585835045
vn -0.5234587416736982 -0.832745589040986 -0.18034891099801495
vn 0.5234587416736982 0.832745589040986 0.18034891099801495
vn -0.6688979928066711 -0.7357519920877231 0.10603999885964568
vn 0.6688979928066711 0.7357519920877231 -0.10603999885964568
vn -0.06988597090140963 -0.8622246409934453 -0.501681791113542
vn 0.06988597090140963 0.8622246409934453 0.501681791113542
vn 0.000832999942603807 -0.8193409435449529 -0.573305960497501
vn -0.000832999942603807 0.8193409435449529 0.573305960497501
vn 0.036580997665236197 -0.07433799525541455 -0.9965619363949347
vn -0.036580997665236197 0.07433799525541455 0.9965619363949347
vn 0.07928898099038979 0.009140997808437119 -0.9968097610138916
vn -0.07928898099038979 -0.009140997808437119 0.9968097610138916
vn 0.36457504696219084 -0.7075120911371146 -0.6054020779839657
vn 0.3085440192745912 -0.5708100356582184 -0.7609050475333594
vn -0.3085440192745912 0.5708100356582184 0.7609050475333594
vn -0.36457504696219084 0.7075120911371146 0.6054020779839657
vn 0.7842820276616276 -0.5036560177639479 -0.362260012776911
vn -0.7842820276616276 0.5036560177639479 0.362260012776911
vn 0.7429787633263816 -0.6681067871766212 -0.04019798719505396
vn -0.7429787633263816 0.6681067871766212 0.04019798719505396
vn 0.7887790780252415 -0.6119400605325019 0.05793900573126865
vn -0.7887790780252415 0.6119400605325019 -0.05793900573126865
vn -0.32581784370114514 -0.44655478578213886 0.8333256002433888
vn 0.32581784370114514 0.44655478578213886 -0.8333256002433888
vn 0.6557116841893297 -0.5472687364187484 0.5201337494877823
vn -0.6557116841893297 0.5472687364187484 -0.5201337494877823
vn 0.8012941314358865 -0.4210570690657863 0.425016069715179
vn -0.8012941314358865 0.4210570690657863 -0.425016069715179
vn -0.6219978998197824 -0.7819818740524455 -0.040285993511458014
vn 0.6219978998197824 0.7819818740524455 0.040285993511458014
vn -0.3237670692157409 -0.8799611881203226 -0.3476250743161656
vn 0.3237670692157409 0.8799611881203226 0.3476250743161656
vn -0.6390931781398987 -0.7624072125122724 0.10146502828221357
vn 0.6390931781398987 0.7624072125122724 -0.10146502828221357
vn -0.3587520524151137 -0.8393721226356334 -0.4083520596618738
vn 0.3587520524151137 0.8393721226356334 0.4083520596618738
vn -0.17462401453203646 -0.8839650735626924 -0.4337190360936662
vn 0.17462401453203646 0.8839650735626924 0.4337190360936662
vn 0.0010040002766452862 -0.8839432435644067 -0.46759312884203147
vn -0.0010040002766452862 0.8839432435644067 0.46759312884203147
vn 0.08155794563455182 -0.6993425338275138 -0.7101185266443796
vn 0.07519196127851845 -0.8616465562792796 -0.50190774153339
vn -0.07519196127851845 0.8616465562792796 0.50190774153339
vn -0.08155794563455182 0.6993425338275138 0.7101185266443796
vn 0.6279079613871151 -0.7330379549221988 -0.2615089839186365
vn -0.6279079613871151 0.7330379549221988 0.2615089839186365
vn 0.6859249797209711 -0.7263799785249394 0.04334799871843794
vn -0.6859249797209711 0.7263799785249394 -0.04334799871843794
vn 0.8126602274262471 -0.546974153072926 0.2010040562517969
vn -0.8126602274262471 0.546974153072926 -0.2010040562517969
vn 0.8038541582945745 -0.5222941028499039 0.28465305605374286
vn -0.8038541582945745 0.5222941028499039 -0.28465305605374286
vn -0.6402117575233639 -0.5196888031707614 0.5657317857322381
vn 0.6402117575233639 0.5196888031707614 -0.5657317857322381
vn -0.6485930370988742 -0.66576703808121 0.36889202110025515
vn 0.6485930370988742 0.66576703808121 -0.36889202110025515
vn -0.5522309578907344 -0.38372797073959236 0.7401309435627972
vn 0.5522309578907344 0.38372797073959236 -0.7401309435627972
vn 0.0011079995288072347 -0.3261638612941184 0.9453125979921961
vn -0.0011079995288072347 0.3261638612941184 -0.9453125979921961
vn 0.3179569695126975 -0.4755359544032374 0.8202249213527372
vn -0.3179569695126975 0.4755359544032374 -0.8202249213527372
vn 0.5367731051629866 -0.49588609715252613 0.6826211337370977
vn -0.5367731051629866 0.49588609715252613 -0.6826211337370977
vn 0.6285479152862034 -0.5843949212370112 0.5132349308277403
vn -0.6285479152862034 0.5843949212370112 -0.5132349308277403
vn -0.6922697750933551 -0.6747787807758809 0.2558049168933445
vn 0.6922697750933551 0.6747787807758809 -0.2558049168933445
vn -0.6139071157396125 -0.785894148164245 -0.07408401396702362
vn 0.6139071157396125 0.785894148164245 0.07408401396702362
vn -0.34393522694814194 -0.8599305674313915 -0.37713124885277677
vn 0.34393522694814194 0.8599305674313915 0.37713124885277677
vn -0.6200452032945641 -0.784135257094861 0.025997008523653407
vn 0.6200452032945641 0.784135257094861 -0.025997008523653407
vn -0.0913850285601105 -0.9042812826105519 -0.41704213033611237
vn 0.0913850285601105 0.9042812826105519 0.41704213033611237
vn 0.0013119994799044852 -0.9166826366137828 -0.3996138415873104
vn -0.0013119994799044852 0.9166826366137828 0.3996138415873104
vn 0.5375837370431296 -0.819843598976881 -0.19712990357471993
vn -0.5375837370431296 0.819843598976881 0.19712990357471993
vn 0.7004272154829639 -0.7050302168990545 0.11105903416676167
vn -0.7004272154829639 0.7050302168990545 -0.11105903416676167
vn 0.7191260057900432 -0.6704550053981685 0.1826140014703165
vn -0.7191260057900432 0.6704550053981685 -0.1826140014703165
vn -0.7217203119817153 -0.5406712337187082 0.43219718682807917
vn 0.7217203119817153 0.5406712337187082 -0.43219718682807917
vn -0.6893471408618986 -0.40505308276896057 0.6006101227292856
vn 0.6893471408618986 0.40505308276896057 -0.6006101227292856
vn -0.66073677591975 -0.705318760800352 0.25681191290559285
vn 0.66073677591975 0.705318760800352 -0.25681191290559285
vn -0.3782021385594845 -0.1825900668943484 0.9075373324886143
vn 0.3782021385594845 0.1825900668943484 -0.9075373324886143
vn 0.7111089388851671 -0.5960819487709315 0.37284096795692995
vn -0.7111089388851671 0.5960819487709315 -0.37284096795692995
vn -0.6520231181120424 -0.7383891337569884 0.17218403119062334
vn 0.6520231181120424 0.7383891337569884 -0.17218403119062334
vn -0.5336708398104496 -0.8155067552130438 -0.2239289327842702
vn 0.5336708398104496 0.8155067552130438 0.2239289327842702
vn -0.17052997282519836 -0.9006168564822122 -0.3997609362961013
vn 0.17052997282519836 0.9006168564822122 0.3997609362961013
vn -0.7981480410994372 -0.6023100310150523 0.013503000695316649
vn 0.7981480410994372 0.6023100310150523 -0.013503000695316649
vn 0.16980697829094338 -0.8839288869936766 -0.43570094429759876
vn -0.16980697829094338 0.8839288869936766 0.43570094429759876
vn 0.3418179691958787 -0.85789192268807 -0.38364296542667314
vn -0.3418179691958787 0.85789192268807 0.38364296542667314
vn 0.650945004143265 -0.7578140048234862 -0.044593000283834616
vn -0.650945004143265 0.7578140048234862 0.044593000283834616
vn 0.66688900912771 -0.7376010100955451 0.10584800144874146
vn -0.66688900912771 0.7376010100955451 -0.10584800144874146
vn -0.7246439897854183 -0.17088399759121933 0.6675999905895106
vn 0.7246439897854183 0.17088399759121933 -0.6675999905895106
vn -0.586911280870569 -0.18780208987402638 0.7875693768969284
vn 0.586911280870569 0.18780208987402638 -0.7875693768969284
vn 0.001196999801287875 0.051001991533236375 0.9986978342076844
vn -0.001196999801287875 -0.051001991533236375 -0.9986978342076844
vn 0.37412302028981426 -0.20235401097426556 0.9050330490826586
vn -0.37412302028981426 0.20235401097426556 -0.9050330490826586
vn 0.5543590394229674 -0.38057302706426166 0.7401690526367538
vn -0.5543590394229674 0.38057302706426166 -0.7401690526367538
vn 0.6519030989295623 -0.49270907477107145 0.5764200874746369
vn -0.6519030989295623 0.49270907477107145 -0.5764200874746369
vn 0.673321586495161 -0.6323966116282854 0.3830307647705376
vn -0.673321586495161 0.6323966116282854 -0.3830307647705376
vn -0.7878468705020144 -0.5771469051346595 0.2149389646705926
vn 0.7878468705020144 0.5771469051346595 -0.2149389646705926
vn -0.7045248623041517 -0.6265358775467073 -0.33331293485566
vn 0.7045248623041517 0.6265358775467073 0.33331293485566
vn -0.185310050198183 -0.8666112347541824 -0.46329812550168803
vn 0.185310050198183 0.8666112347541824 0.46329812550168803
vn -0.7923479752989486 -0.5970819813862681 0.12521099609660974
vn 0.7923479752989486 0.5970819813862681 -0.12521099609660974
vn -0.09482397395939646 -0.8520187660182126 -0.5148518586111448
vn 0.09482397395939646 0.8520187660182126 0.5148518586111448
vn 0.0016199991379630481 -0.8986615218025608 -0.43863976659019244
vn -0.0016199991379630481 0.8986615218025608 0.43863976659019244
vn 0.09945595807007312 -0.9027266194168565 -0.4185608235377242
vn -0.09945595807007312 0.9027266194168565 0.4185608235377242
vn 0.6388201767982994 -0.765182211769945 -0.08003102214918882
vn -0.6388201767982994 0.765182211769945 0.08003102214918882
vn 0.34851195074655206 -0.8511588797099798 -0.3925149445278296
vn -0.34851195074655206 0.8511588797099798 0.3925149445278296
vn 0.6470080439664626 -0.762005051780912 0.02699800183460861
vn -0.6470080439664626 0.762005051780912 -0.02699800183460861
vn 0.7229298328311706 -0.6372258526491854 0.2670499382479134
vn -0.7229298328311706 0.6372258526491854 -0.2670499382479134
vn -0.7873707879665868 -0.38352889671836676 0.4826518700252473
vn 0.7873707879665868 0.38352889671836676 -0.4826518700252473
vn -0.7669257923142228 -0.5610488480663095 0.311526915637588
vn 0.7669257923142228 0.5610488480663095 -0.311526915637588
vn -0.8285276080000684 -0.23474288893647546 0.5083677594767815
vn 0.8285276080000684 0.23474288893647546 -0.5083677594767815
vn -0.5982062222489072 0.057337021302169285 0.7992882969560393
vn 0.5982062222489072 -0.057337021302169285 -0.7992882969560393
vn -0.35766094134253745 0.16453897301511683 0.9192418492415914
vn 0.35766094134253745 -0.16453897301511683 -0.9192418492415914
vn 0.6954140362540209 -0.3862370201356952 0.6059870315919227
vn -0.6954140362540209 0.3862370201356952 -0.6059870315919227
vn 0.7371830613413738 -0.5115090425629251 0.4414970367371906
vn -0.7371830613413738 0.5115090425629251 -0.4414970367371906
vn 0.6880749209271226 -0.6745669224794484 0.26741796926859596
vn -0.6880749209271226 0.6745669224794484 -0.26741796926859596
vn -0.7827780824265362 -0.6076540639859762 -0.13422001413336837
vn 0.7827780824265362 0.6076540639859762 0.13422001413336837
vn -0.49511110411642995 -0.6559551379401644 -0.5697261198071487
vn 0.49511110411642995 0.6559551379401644 0.5697261198071487
vn -0.26605893955101667 -0.6458988532508282 -0.7155608374235229
vn 0.26605893955101667 0.6458988532508282 0.7155608374235229
vn -0.9260687226026382 -0.348137895717746 0.1455909563892546
vn 0.9260687226026382 0.348137895717746 -0.1455909563892546
vn 0.18036208302276008 -0.8963334125926725 -0.40503818644377826
vn -0.18036208302276008 0.8963334125926725 0.40503818644377826
vn 0.5463512071515579 -0.8021213041279595 -0.24104309139259023
vn -0.5463512071515579 0.8021213041279595 0.24104309139259023
vn 0.6799830207034433 -0.7109040216448951 0.17955100546678937
vn -0.6799830207034433 0.7109040216448951 -0.17955100546678937
vn 0.8182122051385079 -0.5747521440992893 0.013739003444581422
vn -0.8182122051385079 0.5747521440992893 -0.013739003444581422
vn -0.8621016512256403 -0.3633008530219468 0.35326085708375676
vn 0.8621016512256403 0.3633008530219468 -0.35326085708375676
vn -0.85141037114093 0.041025017883342396 0.5228932279360053
vn 0.85141037114093 -0.041025017883342396 -0.5228932279360053
vn -0.00005099998053818164 0.5484677907022627 0.8361716809131848
vn 0.00005099998053818164 -0.5484677907022627 -0.8361716809131848
vn 0.3583602055751828 0.1548030888035912 0.9206595281410932
vn -0.3583602055751828 -0.1548030888035912 -0.9206595281410932
vn 0.5894443624691963 -0.1799691106690693 0.7875064842642676
vn -0.5894443624691963 0.1799691106690693 -0.7875064842642676
vn 0.725774054883036 -0.16317801233952187 0.6683000505368517
vn -0.725774054883036 0.16317801233952187 -0.6683000505368517
vn -0.9257207924136156 -0.33701792442609796 -0.17163896151116878
vn 0.9257207924136156 0.33701792442609796 0.17163896151116878
vn -0.6123028339480863 -0.3335399095464902 -0.7168238056027866
vn 0.6123028339480863 0.3335399095464902 0.7168238056027866
vn -0.9380940671614401 -0.3463410247957671 0.00523600037486353
vn 0.9380940671614401 0.3463410247957671 -0.00523600037486353
vn 0.0017090002592117794 -0.8386311271989665 -0.5446970826166642
vn -0.0017090002592117794 0.8386311271989665 0.5446970826166642
vn 0.10321103937780575 -0.849980324290505 -0.5166051970988689
vn -0.10321103937780575 0.849980324290505 0.5166051970988689
vn 0.7118185918027629 -0.60686665198817 -0.353591797230367
vn -0.7118185918027629 0.60686665198817 0.353591797230367
vn 0.19502192186116732 -0.8617646547194102 -0.4683248123577402
vn -0.19502192186116732 0.8617646547194102 0.4683248123577402
vn 0.8070081356576754 -0.5479810921153553 0.22012403700274352
vn -0.8070081356576754 0.5479810921153553 -0.22012403700274352
vn 0.8121518583879354 -0.5691699007558451 0.1282769776327942
vn -0.8121518583879354 0.5691699007558451 -0.1282769776327942
vn -0.7360213508754461 0.13736406548407543 0.6628753160053331
vn 0.7360213508754461 -0.13736406548407543 -0.6628753160053331
vn -0.9178348952947778 -0.12186398609794014 0.37779395690183454
vn 0.9178348952947778 0.12186398609794014 -0.37779395690183454
vn -0.5213818690518317 0.494631875770252 0.6953418253607505
vn 0.5213818690518317 -0.494631875770252 -0.6953418253607505
vn -0.31152105105550076 0.5200640852338297 0.7952911303410695
vn 0.31152105105550076 -0.5200640852338297 -0.7952911303410695
vn 0.5975760154114856 0.051912001338810354 0.8001300206353535
vn -0.5975760154114856 -0.051912001338810354 -0.8001300206353535
vn 0.831343659661277 -0.2209639095409295 0.5099437912372138
vn -0.831343659661277 0.2209639095409295 -0.5099437912372138
vn 0.7948569705783698 -0.36154098661756073 0.487329981961481
vn -0.7948569705783698 0.36154098661756073 -0.487329981961481
vn 0.784780626149041 -0.5314857468127405 0.31881384812461094
vn -0.784780626149041 0.5314857468127405 -0.31881384812461094
vn -0.9012630918864807 -0.35424503611634606 0.2494700254342187
vn 0.9012630918864807 0.35424503611634606 -0.2494700254342187
vn -0.8437588714946899 -0.3355949488885574 -0.41886393620660856
vn 0.8437588714946899 0.3355949488885574 0.41886393620660856
vn -0.09276995594982036 -0.7974926213246748 -0.5961537169269077
vn 0.09276995594982036 0.7974926213246748 0.5961537169269077
vn -0.9842726731949514 -0.17656894137435386 0.005541998159907244
vn 0.9842726731949514 0.17656894137435386 -0.005541998159907244
vn 0.0017139989327703267 -0.7874825096702305 -0.6163346162362892
vn -0.0017139989327703267 0.7874825096702305 0.6163346162362892
vn 0.8006988093964735 -0.5821758614150904 -0.14125396637499182
vn -0.8006988093964735 0.5821758614150904 0.14125396637499182
vn 0.2776948697847407 -0.6375657010359493 -0.7186066630346358
vn -0.2776948697847407 0.6375657010359493 0.7186066630346358
vn 0.4956928780156981 -0.640937842272587 -0.5860778557729973
vn -0.4956928780156981 0.640937842272587 0.5860778557729973
vn 0.9354307659304628 -0.3214759195582159 0.14704596320520782
vn -0.9354307659304628 0.3214759195582159 -0.14704596320520782
vn -0.7766708653792623 0.4135119283257769 0.4751739176378746
vn 0.7766708653792623 -0.4135119283257769 -0.4751739176378746
vn -0.917644782575565 0.12398097062426215 0.37756691054025066
vn 0.917644782575565 -0.12398097062426215 -0.37756691054025066
vn -0.17023703832087234 0.885883199414988 0.431544097141882
vn 0.17023703832087234 -0.885883199414988 -0.431544097141882
vn 0.31155006161526183 0.5194421027300746 0.7956861573628671
vn -0.31155006161526183 -0.5194421027300746 -0.7956861573628671
vn 0.5215419165958056 0.4940479209926037 0.6956368887548012
vn -0.5215419165958056 -0.4940479209926037 -0.6956368887548012
vn 0.8516839304970582 0.03702899697819316 0.5227459573405339
vn -0.8516839304970582 -0.03702899697819316 -0.5227459573405339
vn 0.8706407275473926 -0.3386748940172967 0.3567688883550805
vn -0.8706407275473926 0.3386748940172967 -0.3567688883550805
vn -0.9450281585076964 -0.1959840328720127 0.2617480439024796
vn 0.9450281585076964 0.1959840328720127 -0.2617480439024796
vn -0.8835488023687097 -0.16401396331352472 -0.4386809018763056
vn 0.8835488023687097 0.16401396331352472 0.4386809018763056
vn -0.32340290847149195 -0.306148913354665 -0.8953677465957424
vn 0.32340290847149195 0.306148913354665 0.8953677465957424
vn -0.14122897457384384 -0.2811099493903746 -0.9492268291059633
vn -0.14099396841256082 -0.3999759103918067 -0.9056157971112933
vn 0.14099396841256082 0.3999759103918067 0.9056157971112933
vn 0.14122897457384384 0.2811099493903746 0.9492268291059633
vn -0.982211393400297 -0.10633004258784885 0.154773061990493
vn 0.982211393400297 0.10633004258784885 -0.154773061990493
vn 0.9335508395571659 -0.31140494648101624 -0.1775099694926068
vn -0.9335508395571659 0.31140494648101624 0.1775099694926068
vn 0.60691107911663 -0.3153440411080941 -0.7295320951014456
vn -0.60691107911663 0.3153440411080941 0.7295320951014456
vn 0.9475602537467205 -0.3195350855681523 0.005186001388756833
vn -0.9475602537467205 0.3195350855681523 -0.005186001388756833
vn -0.6654901768673478 0.4472181188571751 0.5975941588226208
vn 0.6654901768673478 -0.4472181188571751 -0.5975941588226208
vn -0.9628421288759462 0.04179600559437477 0.2668110357125262
vn 0.9628421288759462 -0.04179600559437477 -0.2668110357125262
vn 0.000013999996808750093 0.9765437774002893 0.2153189509188046
vn -0.000013999996808750093 -0.9765437774002893 -0.2153189509188046
vn 0.16909891886255346 0.8873115742480442 0.42904979413230476
vn -0.16909891886255346 -0.8873115742480442 -0.42904979413230476
vn 0.7370747401660898 0.12825395478785956 0.6635297660921962
vn -0.7370747401660898 -0.12825395478785956 -0.6635297660921962
vn 0.9188552263760928 -0.11274802777745323 0.3781440931624263
vn -0.9188552263760928 0.11274802777745323 -0.3781440931624263
vn -0.9780681769731389 -0.09673801750392351 -0.1844570333759353
vn 0.9780681769731389 0.09673801750392351 0.1844570333759353
vn -0.33614709985940183 -0.14361504266379865 -0.9307952765118592
vn 0.33614709985940183 0.14361504266379865 0.9307952765118592
vn -0.6453078119954041 -0.11040296783509347 -0.7559027797745603
vn 0.6453078119954041 0.11040296783509347 0.7559027797745603
vn 0.0020840004704652435 -0.3876810875194029 -0.9217912080953107
vn -0.0020840004704652435 0.3876810875194029 0.9217912080953107
vn -0.9987075072408337 0.05051097507804258 0.005652997210828835
vn 0.9987075072408337 -0.05051097507804258 -0.005652997210828835
vn 0.10101197083815128 -0.7953107703961996 -0.5977268274380833
vn -0.10101197083815128 0.7953107703961996 0.5977268274380833
vn 0.8423128760342963 -0.3129409539435443 -0.4388359354152037
vn -0.8423128760342963 0.3129409539435443 0.4388359354152037
vn 0.9103561041984553 -0.3282610375724323 0.251985028841956
vn -0.9103561041984553 0.3282610375724323 -0.251985028841956
vn 0.9871906548283543 -0.15944394425035494 0.0056779980146854665
vn -0.9871906548283543 0.15944394425035494 -0.0056779980146854665
vn -0.863093814473689 0.35989292263922507 0.3543249238360942
vn 0.863093814473689 -0.35989292263922507 -0.3543249238360942
vn -0.4030771489396541 0.8408933107156014 0.36114713344623806
vn 0.4030771489396541 -0.8408933107156014 -0.36114713344623806
vn -0.9095829038288952 0.3235829657872512 0.26067797243825885
vn 0.9095829038288952 -0.3235829657872512 -0.26067797243825885
vn -0.14635803448503049 0.9699372285376068 0.19442504581062933
vn 0.14635803448503049 -0.9699372285376068 -0.19442504581062933
vn -0.0013010003967232186 0.999991304934395 0.0039620012081611694
vn 0.0013010003967232186 -0.999991304934395 -0.0039620012081611694
vn 0.6656222163415664 0.44660814515727276 0.5979031943314247
vn -0.6656222163415664 -0.44660814515727276 -0.5979031943314247
vn 0.9189837389562732 0.11192296820750185 0.37807689260462735
vn -0.9189837389562732 -0.11192296820750185 -0.37807689260462735
vn 0.7763870373465466 0.41418901992373475 0.47504802285123565
vn -0.7763870373465466 -0.41418901992373475 -0.47504802285123565
vn -0.8823312158980927 0.08330702038443907 -0.4631971133399471
vn 0.8823312158980927 -0.08330702038443907 0.4631971133399471
vn 0.002071999201861917 -0.2668218972196911 -0.9637436287640982
vn -0.002071999201861917 0.2668218972196911 0.9637436287640982
vn -0.979958624804293 0.12680395145070716 0.15362894118025217
vn 0.979958624804293 -0.12680395145070716 -0.15362894118025217
vn 0.1530659319027423 -0.27832987617426624 -0.9482105781521122
vn 0.15288599322057655 -0.39657698241458705 -0.9051809598615617
vn -0.15288599322057655 0.39657698241458705 0.9051809598615617
vn -0.1530659319027423 0.27832987617426624 0.9482105781521122
vn 0.8762175392161156 -0.15465109517084397 -0.45642728088109913
vn -0.8762175392161156 0.15465109517084397 0.45642728088109913
vn 0.33496400371793295 -0.2973160033000588 -0.8940930099239855
vn -0.33496400371793295 0.2973160033000588 0.8940930099239855
vn 0.9480789508008662 -0.17942499068900955 0.2625889863733388
vn -0.9480789508008662 0.17942499068900955 -0.2625889863733388
vn 0.9832024677247647 -0.09640904586328838 0.15497807372548933
vn -0.9832024677247647 0.09640904586328838 -0.15497807372548933
vn -0.5887740262428364 0.771386034382219 0.24147201076289082
vn 0.5887740262428364 -0.771386034382219 -0.24147201076289082
vn -0.24279200909935908 0.9586760359292611 0.14829800555791298
vn 0.24279200909935908 -0.9586760359292611 -0.14829800555791298
vn 0.0018950002103971476 0.9999861110259641 0.004918000546033557
vn -0.0018950002103971476 -0.9999861110259641 -0.004918000546033557
vn -0.000011999996273473738 0.9999996894561448 -0.00078799975529122
vn 0.000011999996273473738 -0.9999996894561448 0.00078799975529122
vn 0.14536905413559123 0.9703493613591399 0.1931060719129079
vn -0.14536905413559123 -0.9703493613591399 -0.1931060719129079
vn 0.3976709048488964 0.8454507977081663 0.3564699147070975
vn -0.3976709048488964 -0.8454507977081663 -0.3564699147070975
vn 0.9630198091251592 0.037179992630758815 0.2668529471085503
vn -0.9630198091251592 -0.037179992630758815 -0.2668529471085503
vn -0.9712845001548263 0.1497350771048251 -0.18489409520966724
vn 0.9712845001548263 -0.1497350771048251 0.18489409520966724
vn -0.14441697321166486 -0.10386398073396019 -0.9840508174654787
vn 0.14441697321166486 0.10386398073396019 0.9840508174654787
vn -0.339160915301016 0.0644099839148325 -0.9385207656222998
vn 0.339160915301016 -0.0644099839148325 0.9385207656222998
vn -0.6467331350450067 0.0735670153616038 -0.7591601585210083
vn 0.6467331350450067 -0.0735670153616038 0.7591601585210083
vn 0.002063999308084596 -0.13044295627154967 -0.9914536676345471
vn -0.002063999308084596 0.13044295627154967 0.9914536676345471
vn -0.6348537102017271 0.7726216473133646 0.004068998142582289
vn 0.6348537102017271 -0.7726216473133646 -0.004068998142582289
vn 0.9780475344876283 -0.08932295748576591 -0.1882669103923144
vn -0.9780475344876283 0.08932295748576591 0.1882669103923144
vn 0.34731491866823305 -0.13856396755206363 -0.9274547828151566
vn -0.34731491866823305 0.13856396755206363 0.9274547828151566
vn 0.6345226617554122 -0.10716694287258642 -0.7654385919681413
vn -0.6345226617554122 0.10716694287258642 0.7654385919681413
vn 0.9989886030994093 0.04457798228905971 0.0058799976638627014
vn -0.9989886030994093 -0.04457798228905971 -0.0058799976638627014
vn -0.00031899988747440455 0.9999996472551868 0.0007769997259175022
vn 0.00031899988747440455 -0.9999996472551868 -0.0007769997259175022
vn -0.7000746781442411 0.7027306769231592 0.12674794172828108
vn 0.7000746781442411 -0.7027306769231592 -0.12674794172828108
vn 0.0019579990208852126 0.9999944999438753 -0.002676998661342839
vn -0.0019579990208852126 -0.9999944999438753 0.002676998661342839
vn 0.3624739594752324 0.000082999990720767 -0.9319938958026223
vn -9.999999987495e-7 0.00004999999993769705 -0.9999999987495001
vn 0.3547539608752521 0.21068297676440803 -0.9109128995381546
vn -0.3547539608752521 -0.21068297676440803 0.9109128995381546
vn 9.999999987495e-7 -0.00004999999993769705 0.9999999987495001
vn -0.3624739594752324 -0.000082999990720767 0.9319938958026223
vn 0.9070242153561456 0.3381800802946132 0.25088105956707346
vn -0.9070242153561456 -0.3381800802946132 -0.25088105956707346
vn 0.8626879341022906 0.36100997242371274 0.35417697294566175
vn -0.8626879341022906 -0.36100997242371274 -0.35417697294566175
vn -0.8539321349887488 0.28191304456453586 -0.43740706914487754
vn 0.8539321349887488 -0.28191304456453586 0.43740706914487754
vn -0.6527271553745378 0.25849706153238955 -0.7121281695142975
vn 0.6527271553745378 -0.25849706153238955 0.7121281695142975
vn 0.8732740553319558 0.059724003784202694 -0.4835550306387731
vn -0.8732740553319558 -0.059724003784202694 0.4835550306387731
vn 0.9816801896306898 0.11151502154130302 0.1544940298435374
vn -0.9816801896306898 -0.11151502154130302 -0.1544940298435374
vn -0.3183480050983434 0.9437210151136922 0.08969500143646567
vn 0.3183480050983434 -0.9437210151136922 -0.08969500143646567
vn 0.006708998083004705 0.9999747142722657 -0.0023579993262369363
vn -0.006708998083004705 -0.9999747142722657 0.0023579993262369363
vn 0.008043996481041893 0.9999555625555353 -0.004915997849428165
vn -0.008043996481041893 -0.9999555625555353 0.004915997849428165
vn 0.5988558662201058 0.000059999986596632305 -0.8008568210946124
vn -0.5988558662201058 -0.000059999986596632305 0.8008568210946124
vn -0.0010019995365748205 0.9999985375002833 -0.0013859993589745297
vn 0.0010019995365748205 -0.9999985375002833 0.0013859993589745297
vn -0.3624429784031109 0.00008299999505448638 -0.9320059444645634
vn -0.35540097825408096 0.20410298751155104 -0.9121579441877934
vn 0.35540097825408096 -0.20410298751155104 0.9121579441877934
vn 0.3624429784031109 -0.00008299999505448638 0.9320059444645634
vn -0.00016400005252947123 0.21665006939335354 -0.9762493126941694
vn 0.00016400005252947123 -0.21665006939335354 0.9762493126941694
vn 0.002535000489210779 0.999993192981205 0.002681000517386454
vn -0.002535000489210779 -0.999993192981205 -0.002681000517386454
vn 0.23995398676401844 0.9596509470651753 0.14660199191336126
vn -0.23995398676401844 -0.9596509470651753 -0.14660199191336126
vn 0.5779459149272345 0.7808908850540415 0.23703996510807543
vn -0.5779459149272345 -0.7808908850540415 -0.23703996510807543
vn -0.716811746365527 0.677016760446463 -0.16682094097258904
vn 0.716811746365527 -0.677016760446463 0.16682094097258904
vn 0.0021580006644258474 0.05277101624764452 -0.9986043074598281
vn -0.0021580006644258474 -0.05277101624764452 0.9986043074598281
vn -0.14496706979955892 0.06522203140347019 -0.9872844753632739
vn 0.14496706979955892 -0.06522203140347019 0.9872844753632739
vn 0.15643993815789672 -0.10305295926224557 -0.9822966116893855
vn -0.15643993815789672 0.10305295926224557 0.9822966116893855
vn -0.01672500315763072 0.9998591887704332 0.0013700002586521853
vn 0.01672500315763072 -0.9998591887704332 -0.0013700002586521853
vn 0.9737091182404265 0.12787301552800487 -0.18851802289231043
vn -0.9737091182404265 -0.12787301552800487 0.18851802289231043
vn 0.3501550004226371 0.062280000075172176 -0.9346190011280852
vn -0.3501550004226371 -0.062280000075172176 0.9346190011280852
vn 0.6374573358387489 0.0694370365822876 -0.7673504042717609
vn -0.6374573358387489 -0.0694370365822876 0.7673504042717609
vn 0.9572509110996333 0.2892079731411122 0.005425999496084802
vn -0.9572509110996333 -0.2892079731411122 -0.005425999496084802
vn 0.8519683797215396 0.00007700003431896222 -0.5235932333650326
vn 0.7429542345194847 0.00009800003093464726 -0.669342211283257
vn 0.7303392105341842 0.18437905315077305 -0.6577301896032514
vn -0.7303392105341842 -0.18437905315077305 0.6577301896032514
vn -0.7429542345194847 -0.00009800003093464726 0.669342211283257
vn -0.8519683797215396 -0.00007700003431896222 0.5235932333650326
vn 0.5874018832791457 0.1963989609741557 -0.7851028439945847
vn -0.5874018832791457 -0.1963989609741557 0.7851028439945847
vn -0.5987397358908716 0.000058999973974793566 -0.8009436466970273
vn 0.5987397358908716 -0.000058999973974793566 0.8009436466970273
vn -0.0003190000852264667 0.422248112810988 -0.9064802421820923
vn 0.0003190000852264667 -0.422248112810988 0.9064802421820923
vn 0.9399349346956728 0.3077829786160088 0.1476209897436631
vn -0.9399349346956728 -0.3077829786160088 -0.1476209897436631
vn -0.4340819896078602 0.8604489794004215 -0.26683399361186066
vn 0.4340819896078602 -0.8604489794004215 0.26683399361186066
vn -0.758763968941515 0.22767699068049804 -0.6102789750194512
vn 0.758763968941515 -0.22767699068049804 0.6102789750194512
vn -0.1366179446560818 0.09840996013413343 -0.9857236006834502
vn 0.1366179446560818 -0.09840996013413343 0.9857236006834502
vn -0.33939101915098724 -0.06263000353405442 -0.9385580529604859
vn 0.33939101915098724 0.06263000353405442 0.9385580529604859
vn -0.019134000359900986 0.9998050188058328 -0.00488000009179014
vn 0.019134000359900986 -0.9998050188058328 0.00488000009179014
vn -0.00886999697966897 0.9999606595024537 0.0000509999826341699
vn 0.00886999697966897 -0.9999606595024537 -0.0000509999826341699
vn 0.8497600542074701 0.26053601661998393 -0.45828902923494547
vn -0.8497600542074701 -0.26053601661998393 0.45828902923494547
vn 0.629480159353552 0.1657270419539719 -0.7591371921763636
vn -0.629480159353552 -0.1657270419539719 0.7591371921763636
vn 0.01692900792523227 0.9998454680727662 -0.004738002218072346
vn -0.01692900792523227 -0.9998454680727662 0.004738002218072346
vn 0.9244930009822739 0.00011500000012227216 -0.38119900040502397
vn 0.9114598138799251 0.16743196581039616 -0.3757759232665643
vn -0.9114598138799251 -0.16743196581039616 0.3757759232665643
vn -0.9244930009822739 -0.00011500000012227216 0.38119900040502397
vn 0.8389920792209918 0.1743720164649042 -0.515448048670669
vn -0.8389920792209918 -0.1743720164649042 0.515448048670669
vn 0.5531102620554076 0.38498318239930046 -0.7388213500425561
vn -0.5531102620554076 -0.38498318239930046 0.7388213500425561
vn -0.7428030200092567 0.00009600000258614877 -0.6695100180349264
vn -0.7320966235585752 0.17026991244782957 -0.6595776608475624
vn 0.7320966235585752 -0.17026991244782957 0.6595776608475624
vn 0.7428030200092567 -0.00009600000258614877 0.6695100180349264
vn -0.588624576523913 0.18526886671141887 -0.7868904338848647
vn 0.588624576523913 -0.18526886671141887 0.7868904338848647
vn 0.33118505418486005 0.41142106731219513 -0.849146138927962
vn -0.33118505418486005 -0.41142106731219513 0.849146138927962
vn -0.0059509983899397505 0.999975729453603 -0.0036229990197866567
vn 0.0059509983899397505 -0.999975729453603 0.0036229990197866567
vn -0.0032640007977088365 0.9999942443946233 -0.0009260002263105568
vn 0.0032640007977088365 -0.9999942443946233 0.0009260002263105568
vn 0.30689695358828406 0.947931856645224 0.08508498713268364
vn -0.30689695358828406 -0.947931856645224 -0.08508498713268364
vn 0.6772369278251714 0.7280199224131011 0.10647598865258849
vn -0.6772369278251714 -0.7280199224131011 -0.10647598865258849
vn -0.6317677070556998 0.2942598635546757 -0.7171336674723668
vn 0.6317677070556998 -0.2942598635546757 0.7171336674723668
vn 0.15697303082864295 0.06454901267707254 -0.9854911935450693
vn -0.15697303082864295 -0.06454901267707254 0.9854911935450693
vn -0.25214397751770934 -0.17972798397464468 -0.950852915217679
vn -0.432955884315502 -0.32123691416647154 -0.8422327749579593
vn 0.432955884315502 0.32123691416647154 0.8422327749579593
vn 0.25214397751770934 0.17972798397464468 0.950852915217679
vn 0.9999674391202978 0.00010900004786569382 -0.008069003543378615
vn 0.9875998692886968 0.00012899998292656572 -0.15699197922172042
vn 0.9736138734881348 0.1676489782156094 -0.1548219798823558
vn -0.9736138734881348 -0.1676489782156094 0.1548219798823558
vn -0.9875998692886968 -0.00012899998292656572 0.15699197922172042
vn -0.9999674391202978 -0.00010900004786569382 0.008069003543378615
vn 0.9431409382304009 0.2576409831261909 -0.2100149862453839
vn -0.9431409382304009 -0.2576409831261909 0.2100149862453839
vn 0.9635033912359309 0.00009200003735718821 -0.2676961086994994
vn -0.9635033912359309 -0.00009200003735718821 0.2676961086994994
vn 0.8003473190305103 0.3432801368366391 -0.49153119593174666
vn -0.8003473190305103 -0.3432801368366391 0.49153119593174666
vn -0.8518880006406198 0.0000760000000572683 -0.5237240003938404
vn 0.8518880006406198 -0.0000760000000572683 0.5237240003938404
vn -0.558162040610197 0.36399102648289616 -0.7456310542498804
vn 0.558162040610197 -0.36399102648289616 0.7456310542498804
vn -0.3334600461748827 0.39918005527526457 -0.854084118266744
vn 0.3334600461748827 -0.39918005527526457 0.854084118266744
vn -0.0006860003054362159 0.9619984283221996 -0.27305412157519005
vn 0.08859601396113816 0.9774281540250954 -0.191794030223289
vn 0.10711904901629547 0.9577714382638592 -0.2668321220989379
vn -0.10711904901629547 -0.9577714382638592 0.2668321220989379
vn -0.08859601396113816 -0.9774281540250954 0.191794030223289
vn 0.0006860003054362159 -0.9619984283221996 0.27305412157519005
vn -0.018055999499117553 0.9997969722651324 -0.008943999751888757
vn 0.018055999499117553 -0.9997969722651324 0.008943999751888757
vn -0.5545020137602449 0.719819017862669 -0.41759801036290334
vn 0.5545020137602449 -0.719819017862669 0.41759801036290334
vn -0.4553420131263721 -0.8894090256394391 -0.04019000115857747
vn -0.4874710156063848 -0.8695600278389647 -0.07897700252844897
vn -0.5291099999428561 -0.8467299999085532 -0.05559599999399583
vn 0.5291099999428561 0.8467299999085532 0.05559599999399583
vn 0.4874710156063848 0.8695600278389647 0.07897700252844897
vn 0.4553420131263721 0.8894090256394391 0.04019000115857747
vn 0.148313025163754 0.09839701669467905 -0.9840331669574774
vn -0.148313025163754 -0.09839701669467905 0.9840331669574774
vn 0.002112000358085467 0.1437060243650713 -0.9896181677877951
vn -0.002112000358085467 -0.1437060243650713 0.9896181677877951
vn 0.9818901587691967 0.0001520000245779839 0.1894510306337605
vn 0.9640832232479573 0.18994104398370287 0.18565004299005722
vn -0.9640832232479573 -0.18994104398370287 -0.18565004299005722
vn -0.9818901587691967 -0.0001520000245779839 -0.1894510306337605
vn 0.9843970075990528 0.17577400135688742 -0.00812600006272862
vn -0.9843970075990528 -0.17577400135688742 0.00812600006272862
vn 0.7249940766471029 0.6730310711535217 -0.14633101547026198
vn -0.7249940766471029 -0.6730310711535217 0.14633101547026198
vn 0.7395589427696032 0.22601198251017654 -0.6340119509373041
vn -0.7395589427696032 -0.22601198251017654 0.6340119509373041
vn 0.8256756129687756 0.34427483862292874 -0.44691679051003813
vn -0.8256756129687756 -0.34427483862292874 0.44691679051003813
vn 0.35054195369183355 -0.05681899249395569 -0.9348218765058315
vn -0.35054195369183355 0.05681899249395569 0.9348218765058315
vn 0.340672998045048 0.9401779946047886 0.002691999984552167
vn -0.340672998045048 -0.9401779946047886 -0.002691999984552167
vn 0.9502511522411746 0.1652760264791223 -0.2640200422990503
vn -0.9502511522411746 -0.1652760264791223 0.2640200422990503
vn 0.6927219013460174 0.3622889484046233 -0.6236049111893128
vn -0.6927219013460174 -0.3622889484046233 0.6236049111893128
vn 0.18959902085485064 0.9512611046334953 -0.24321702675253648
vn -0.18959902085485064 -0.9512611046334953 0.24321702675253648
vn -0.8412861322396742 0.15790202482022656 -0.5170150812683144
vn 0.8412861322396742 -0.15790202482022656 0.5170150812683144
vn -0.09317697220442815 0.9754927090013011 -0.19932894053829206
vn -0.11172302585192911 0.9546232208931565 -0.27606606387976185
vn 0.11172302585192911 -0.9546232208931565 0.27606606387976185
vn 0.09317697220442815 -0.9754927090013011 0.19932894053829206
vn -0.0005830000203309601 0.9852380343582066 -0.1711890059698741
vn 0.0005830000203309601 -0.9852380343582066 0.1711890059698741
vn -0.9244777811738238 0.00011499997277930682 -0.38123590976051774
vn -0.9141284964519993 0.14935391772834247 -0.37691179237800787
vn 0.9141284964519993 -0.14935391772834247 0.37691179237800787
vn 0.9244777811738238 -0.00011499997277930682 0.38123590976051774
vn -0.015299996623291118 0.9998737793278814 -0.004281999054962691
vn 0.015299996623291118 -0.9998737793278814 0.004281999054962691
vn -0.01155399958199941 0.999931963824462 -0.001603999941970269
vn 0.01155399958199941 -0.999931963824462 0.001603999941970269
vn -0.0008960003503460615 0.9999513909920699 0.009819003839339483
vn 0.0008960003503460615 -0.9999513909920699 -0.009819003839339483
vn 0.8886986239628092 0.00013999994076138578 0.458491805997257
vn -0.8886986239628092 -0.00013999994076138578 -0.458491805997257
vn -0.09137004816235289 0.993495523684544 -0.06795703582104624
vn 0.09137004816235289 -0.993495523684544 0.06795703582104624
vn -0.43919905449340646 0.8609211068183626 -0.2567470318557614
vn 0.43919905449340646 -0.8609211068183626 0.2567470318557614
vn -0.6793709876877597 0.630125988580227 -0.3760269931852627
vn 0.6793709876877597 -0.630125988580227 0.3760269931852627
vn -0.4666658865047703 -0.8834817851332804 -0.04102299002302563
vn 0.4666658865047703 0.8834817851332804 0.04102299002302563
vn -0.07936296657117477 0.11868195000945253 -0.9897555831006849
vn 0.07936296657117477 -0.11868195000945253 0.9897555831006849
vn 0.9382257333909988 0.3459329016986828 -0.007930997746304132
vn -0.9382257333909988 -0.3459329016986828 0.007930997746304132
vn 0.3702520532511352 -0.0538680077475127 -0.9273681333778041
vn -0.3702520532511352 0.0538680077475127 0.9273681333778041
vn 0.910889334288249 0.3259241196112406 -0.2530890928814363
vn -0.910889334288249 -0.3259241196112406 0.2530890928814363
vn 0.8727318251377236 0.3300159338773541 -0.3597619279173878
vn -0.8727318251377236 -0.3300159338773541 0.3597619279173878
vn 0.15575608096226556 0.9773505080283922 -0.14326907447149895
vn 0.29335191626138735 0.9392907318752719 -0.1779819491942587
vn 0.24320592770485988 0.9451687190401334 -0.21796093520915974
vn -0.24320592770485988 -0.9451687190401334 0.21796093520915974
vn -0.29335191626138735 -0.9392907318752719 0.1779819491942587
vn -0.15575608096226556 -0.9773505080283922 0.14326907447149895
vn -0.8096034108195918 0.31174515818982107 -0.4973502523719946
vn 0.8096034108195918 -0.31174515818982107 0.4973502523719946
vn -0.7000402697588199 0.3354441292625817 -0.6304132429282139
vn 0.7000402697588199 -0.3354441292625817 0.6304132429282139
vn -0.20172708179933962 0.9447453830896069 -0.2583841047734836
vn 0.20172708179933962 -0.9447453830896069 0.2583841047734836
vn -0.0008689996488625139 0.9990645963070511 -0.04323398253040476
vn 0.0008689996488625139 -0.9990645963070511 0.04323398253040476
vn -0.9635031333093392 0.00009200001272909008 -0.2676970370382969
vn 0.9635031333093392 -0.00009200001272909008 0.2676970370382969
vn 0.6559020154002515 0.00018900000443745804 0.7548460177234073
vn 0.639371225587791 0.2243480791561857 0.735440259483594
vn -0.639371225587791 -0.2243480791561857 -0.735440259483594
vn -0.6559020154002515 -0.00018900000443745804 -0.7548460177234073
vn 0.8692022542069285 0.21015006146049586 0.4475761308981344
vn -0.8692022542069285 -0.21015006146049586 -0.4475761308981344
vn -0.07896899880464629 0.9957669849270755 -0.047031999288076415
vn 0.07896899880464629 -0.9957669849270755 0.047031999288076415
vn -0.7834299292276855 0.5422979510107034 -0.30356297257718473
vn 0.7834299292276855 -0.5422979510107034 0.30356297257718473
vn -0.5813628140345648 -0.7457217614596796 -0.3254478958962321
vn 0.5813628140345648 0.7457217614596796 0.3254478958962321
vn -0.969540706571943 0.2147559350048778 -0.11777396435612726
vn -0.9657757605875987 0.2084759483195485 -0.1543209617443784
vn -0.9594119350684416 0.18784298728706889 -0.21034198576437035
vn 0.9594119350684416 -0.18784298728706889 0.21034198576437035
vn 0.9657757605875987 -0.2084759483195485 0.1543209617443784
vn 0.969540706571943 -0.2147559350048778 0.11777396435612726
vn -0.19359898957634025 -0.9810789471772393 -0.0018789998988320475
vn 0.19359898957634025 0.9810789471772393 0.0018789998988320475
vn -0.9812526931019837 0.1585849504007408 -0.10951696574731483
vn 0.9812526931019837 -0.1585849504007408 0.10951696574731483
vn 0.08638800263301998 0.11720700357235253 -0.9893430301541866
vn -0.08638800263301998 -0.11720700357235253 0.9893430301541866
vn -0.01601799663464329 -0.8150118287672552 -0.5792228783061552
vn -0.06482299886190263 -0.8676769847661953 -0.492883991346436
vn -0.057061970592293634 -0.8229775758666823 -0.5652007087156946
vn 0.057061970592293634 0.8229775758666823 0.5652007087156946
vn 0.06482299886190263 0.8676769847661953 0.492883991346436
vn 0.01601799663464329 0.8150118287672552 0.5792228783061552
vn -0.08571803434585176 -0.9137583661284304 -0.39711215911652054
vn 0.08571803434585176 0.9137583661284304 0.39711215911652054
vn 0.9321117413161909 0.3304269082984503 -0.14827595884979425
vn -0.9321117413161909 -0.3304269082984503 0.14827595884979425
vn 0.2787450001167942 0.9477840003971216 -0.15494100006492006
vn -0.2787450001167942 -0.9477840003971216 0.15494100006492006
vn -0.003038001170435746 0.9999953852632962 0.0000010000003854872663
vn 0.003038001170435746 -0.9999953852632962 -0.0000010000003854872663
vn 0.6099350387766213 0.6420160408161711 -0.46453702953294235
vn -0.6099350387766213 -0.6420160408161711 0.46453702953294235
vn 0.49674611669213425 -0.8618572024614848 -0.10220302400882199
vn 0.3462868980645797 -0.937301724089344 -0.0393809884075385
vn 0.5648562305447054 -0.8225003357015243 -0.06656302716753885
vn -0.5648562305447054 0.8225003357015243 0.06656302716753885
vn -0.3462868980645797 0.937301724089344 0.0393809884075385
vn -0.49674611669213425 0.8618572024614848 0.10220302400882199
vn -0.020919002790825265 0.9997811333818097 -0.0002840000378885096
vn 0.020919002790825265 -0.9997811333818097 0.0002840000378885096
vn 0.24773713668615388 0.9641775319740118 -0.09480505230761156
vn 0.3338869476942765 0.93266385389169 -0.1365929786017552
vn -0.3338869476942765 -0.93266385389169 0.1365929786017552
vn -0.24773713668615388 -0.9641775319740118 0.09480505230761156
vn 0.18188098200496935 0.9772499033123653 -0.10909598920620679
vn -0.18188098200496935 -0.9772499033123653 0.10909598920620679
vn -0.26308086578946216 0.9355865227111251 -0.23551287985325262
vn -0.16869293245317038 0.9734356102238051 -0.15480893801250092
vn 0.16869293245317038 -0.9734356102238051 0.15480893801250092
vn 0.26308086578946216 -0.9355865227111251 0.23551287985325262
vn -0.9531263993328809 0.14636606132322116 -0.2648151109500075
vn 0.9531263993328809 -0.14636606132322116 0.2648151109500075
vn -0.9875987593009783 0.00012899996855997284 -0.1569989617359822
vn -0.9766672060235738 0.14832803128913405 -0.15530603276111216
vn 0.9766672060235738 -0.14832803128913405 0.15530603276111216
vn 0.9875987593009783 -0.00012899996855997284 0.1569989617359822
vn 0.02195300266454586 0.9973051210479164 0.07000400849673726
vn -0.02195300266454586 -0.9973051210479164 -0.07000400849673726
vn 0.39220903888497877 0.0002160000214147949 0.9198760911997398
vn -0.39220903888497877 -0.0002160000214147949 -0.9198760911997398
vn 0.8111101676950168 0.41035308483948313 0.41678608616949037
vn -0.8111101676950168 -0.41035308483948313 -0.41678608616949037
vn 0.007330001792017067 0.9994892443521618 0.031105007604460097
vn -0.007330001792017067 -0.9994892443521618 -0.031105007604460097
vn -0.9743101572429547 -0.16033902587695711 -0.15814902552351517
vn 0.9743101572429547 0.16033902587695711 0.15814902552351517
vn -0.23603900961469515 0.9714440395703164 -0.024126000982736266
vn 0.23603900961469515 -0.9714440395703164 0.024126000982736266
vn -0.2978560008701864 -0.9506850027774264 -0.08648600025266906
vn 0.2978560008701864 0.9506850027774264 0.08648600025266906
vn -0.010128003549886121 -0.9995463503430562 0.02836400994164373
vn 0.010128003549886121 0.9995463503430562 -0.02836400994164373
vn -0.9773516941217089 0.17699494460652038 -0.11600196369527707
vn 0.9773516941217089 -0.17699494460652038 0.11600196369527707
vn 0.07618297703315947 -0.8247347513676643 -0.5603648310671203
vn 0.03724000995254295 -0.792206211720307 -0.6091161627887529
vn -0.03724000995254295 0.792206211720307 0.6091161627887529
vn -0.07618297703315947 0.8247347513676643 0.5603648310671203
vn 0.9112696145981903 0.37272584236365186 0.17510892594146035
vn -0.9112696145981903 -0.37272584236365186 -0.17510892594146035
vn 0.2324980066292158 0.9718070277091342 -0.039189001117395796
vn 0.34229800230982693 0.9395840063403129 -0.003738000025223816
vn 0.35349005160513264 0.9337301363129381 -0.056505008249025275
vn -0.35349005160513264 -0.9337301363129381 0.056505008249025275
vn -0.34229800230982693 -0.9395840063403129 0.003738000025223816
vn -0.2324980066292158 -0.9718070277091342 0.039189001117395796
vn 0.8257988676715227 0.02464699605049185 -0.5634259097149492
vn -0.8257988676715227 -0.02464699605049185 0.5634259097149492
vn 0.5700071994301638 -0.8208542871948021 -0.03591701256639531
vn -0.5700071994301638 0.8208542871948021 0.03591701256639531
vn 0.6529537183693689 0.6527577184539072 -0.3841338343161984
vn -0.6529537183693689 -0.6527577184539072 0.3841338343161984
vn -0.9999679135002792 0.0001089999905712305 -0.008009999307115065
vn 0.9999679135002792 -0.0001089999905712305 0.008009999307115065
vn 0.3503409379059281 0.931853834839173 -0.0943909832702378
vn -0.3503409379059281 -0.931853834839173 0.0943909832702378
vn 0.027576008245655124 0.9995272988741997 -0.013592004064220276
vn -0.027576008245655124 -0.9995272988741997 0.013592004064220276
vn -0.8833038950047638 0.295248964904791 -0.3641459567152472
vn 0.8833038950047638 -0.295248964904791 0.3641459567152472
vn -0.32236094976311236 0.9262478556530823 -0.1953159695618638
vn 0.32236094976311236 -0.9262478556530823 0.1953159695618638
vn -0.9222420798597118 0.2895050250691098 -0.2562350221881602
vn 0.9222420798597118 -0.2895050250691098 0.2562350221881602
vn 0.38229778049920476 0.2221278724626529 0.8969434850092826
vn -0.38229778049920476 -0.2221278724626529 -0.8969434850092826
vn -0.003245999600675531 0.9999928769803837 0.0019259997630627825
vn 0.003245999600675531 -0.9999928769803837 -0.0019259997630627825
vn -0.9497130491675957 0.30400801573879943 -0.0749950038825664
vn 0.9497130491675957 -0.30400801573879943 0.0749950038825664
vn -0.26390199405164916 0.9631399782908253 -0.05212599882507979
vn 0.26390199405164916 -0.9631399782908253 0.05212599882507979
vn -0.04783199766587032 -0.9988269512587442 0.007537999632156712
vn 0.04783199766587032 0.9988269512587442 -0.007537999632156712
vn -0.4083630663912644 -0.908777147748092 -0.08581201395123277
vn 0.4083630663912644 0.908777147748092 0.08581201395123277
vn -0.022595993282641526 -0.9995347028573683 0.02048899390901209
vn 0.022595993282641526 0.9995347028573683 -0.02048899390901209
vn -0.9737348070028591 0.13184097386872606 -0.18562996320758798
vn 0.9737348070028591 -0.13184097386872606 0.18562996320758798
vn 0.1148779298090894 -0.7366645498947826 -0.6664295928086444
vn -0.1148779298090894 0.7366645498947826 0.6664295928086444
vn 0.005563001013818087 -0.9997211821922042 0.022948004182113287
vn 0.0015629993981367192 -0.999486615128263 0.03200098767739783
vn -0.0015629993981367192 0.999486615128263 -0.03200098767739783
vn -0.005563001013818087 0.9997211821922042 -0.022948004182113287
vn 0.20536204984127282 0.9778942373344711 0.03936100955289871
vn 0.31194286942105415 0.9482926030457477 0.0585899754743002
vn -0.31194286942105415 -0.9482926030457477 -0.0585899754743002
vn -0.20536204984127282 -0.9778942373344711 -0.03936100955289871
vn 0.20924299533607835 0.9778609782039681 -0.002296999948800803
vn -0.20924299533607835 -0.9778609782039681 0.002296999948800803
vn 0.06357497582050227 0.9975436206038082 -0.029409988814486157
vn -0.06357497582050227 -0.9975436206038082 0.029409988814486157
vn -0.008474003587910827 0.9999544233827923 0.0043980018621234
vn 0.008474003587910827 -0.9999544233827923 -0.0043980018621234
vn -0.9808918048079451 0.0001529999695538074 0.1945539612848356
vn -0.9663814654838373 0.17179808275120498 0.1912910921405416
vn 0.9663814654838373 -0.17179808275120498 -0.1912910921405416
vn 0.9808918048079451 -0.0001529999695538074 -0.1945539612848356
vn 0.11475603940694382 0.9924953408204774 -0.042238014504430856
vn -0.11475603940694382 -0.9924953408204774 0.042238014504430856
vn 0.7684449495677281 0.5592279632984293 -0.31105697958564205
vn -0.7684449495677281 -0.5592279632984293 0.31105697958564205
vn 0.25869094287302674 -0.9657097867413657 -0.021990995143707306
vn -0.25869094287302674 0.9657097867413657 0.021990995143707306
vn 0.9851118947698605 0.14062898497794235 -0.09888398943716335
vn 0.9781197045922438 0.17354394758695907 -0.11473596534790788
vn 0.9666533571934645 0.19167607082729227 -0.16982806275411305
vn -0.9666533571934645 -0.19167607082729227 0.16982806275411305
vn -0.9781197045922438 -0.17354394758695907 0.11473596534790788
vn -0.9851118947698605 -0.14062898497794235 0.09888398943716335
vn 0.9605294397756231 0.1709360782625886 -0.21946310048054515
vn -0.9605294397756231 -0.1709360782625886 0.21946310048054515
vn 0.531030900602442 -0.785535852964591 -0.3177099405315356
vn -0.531030900602442 0.785535852964591 0.3177099405315356
vn -0.9876528493864087 0.15644997614192804 -0.00807799876813352
vn 0.9876528493864087 -0.15644997614192804 0.00807799876813352
vn -0.048533024024993356 0.9985424943021227 -0.023610011687513286
vn 0.048533024024993356 -0.9985424943021227 0.023610011687513286
vn -0.3715410045376303 0.9159220111861556 -0.15180300185396986
vn -0.27677898105157317 0.9550919346139308 -0.10579599275715347
vn 0.27677898105157317 -0.9550919346139308 0.10579599275715347
vn 0.3715410045376303 -0.9159220111861556 0.15180300185396986
vn -0.20120392085957198 0.9721166176330716 -0.12044195262603388
vn 0.20120392085957198 -0.9721166176330716 0.12044195262603388
vn 0.20406697243677796 0.00034899995286053674 0.9789568677727943
vn 0.1990210359919625 0.2188850395842683 0.9552381727500628
vn -0.1990210359919625 -0.2188850395842683 -0.9552381727500628
vn -0.20406697243677796 -0.00034899995286053674 -0.9789568677727943
vn 0.5905470785197354 0.43631005801222533 0.6788870902655126
vn -0.5905470785197354 -0.43631005801222533 -0.6788870902655126
vn 0.353377948054859 0.43280793637896914 0.8293378780906584
vn -0.353377948054859 -0.43280793637896914 -0.8293378780906584
vn 0.25573098086173346 0.9581049282978251 0.12898299034723604
vn -0.25573098086173346 -0.9581049282978251 -0.12898299034723604
vn -0.06892897957820746 0.9967757046823154 -0.04107298783118425
vn 0.06892897957820746 -0.9967757046823154 0.04107298783118425
vn 0.000024999991889666446 0.9999886755902264 0.004758998456117127
vn -0.000024999991889666446 -0.9999886755902264 -0.004758998456117127
vn -0.5114080479920677 0.8573910804601551 -0.05781300542534595
vn 0.5114080479920677 -0.8573910804601551 0.05781300542534595
vn -0.09310102885820454 -0.9917753074171685 -0.08782902722406061
vn 0.09310102885820454 0.9917753074171685 0.08782902722406061
vn -0.5799949682641262 -0.7953229564819173 -0.17625899035554912
vn 0.5799949682641262 0.7953229564819173 0.17625899035554912
vn -0.9709854378708369 0.1506040679156728 -0.1857570837681046
vn 0.9709854378708369 -0.1506040679156728 0.1857570837681046
vn 0.01861000472094007 -0.9997362536106256 0.013457003413739194
vn -0.01861000472094007 0.9997362536106256 -0.013457003413739194
vn 0.05312100439857871 0.9985880826860924 0.000003000000248630762
vn -0.05312100439857871 -0.9985880826860924 -0.000003000000248630762
vn -0.0045760010475726 0.9999802289230001 0.004313000987364869
vn 0.0045760010475726 -0.9999802289230001 -0.004313000987364869
vn -0.8790611175454235 0.000142000018987712 0.4767090637441102
vn 0.8790611175454235 -0.000142000018987712 -0.4767090637441102
vn 0.25108595944409695 0.9676518437029515 -0.024611996024621285
vn -0.25108595944409695 -0.9676518437029515 0.024611996024621285
vn 0.9632067937528858 -0.21460895404675528 -0.16178896535686063
vn -0.9632067937528858 0.21460895404675528 0.16178896535686063
vn 0.3782500314429808 -0.9246340768625224 -0.04448300369776126
vn -0.3782500314429808 0.9246340768625224 0.04448300369776126
vn 0.98977739402551 0.10011603985570283 -0.10157504043652374
vn -0.98977739402551 -0.10011603985570283 0.10157504043652374
vn -0.9510528796970491 0.30892596092256747 -0.007947998994621836
vn 0.9510528796970491 -0.30892596092256747 0.007947998994621836
vn -0.05063301147883412 0.9987172264157125 -0.0004470001013376182
vn 0.05063301147883412 -0.9987172264157125 0.0004470001013376182
vn -0.3918291002057992 0.9139612337351051 -0.10556902699806787
vn 0.3918291002057992 -0.9139612337351051 0.10556902699806787
vn -0.9441638770538203 0.29325696181296074 -0.15018298044362405
vn 0.9441638770538203 -0.29325696181296074 0.15018298044362405
vn -0.004358002032267562 0.0002740001277742873 0.9999904663256629
vn 0.004358002032267562 -0.0002740001277742873 -0.9999904663256629
vn 0.13026198981214504 0.9802009233379987 0.149123988336939
vn 0.17552397103696746 0.9637608409708004 0.20088896685151542
vn -0.17552397103696746 -0.9637608409708004 -0.20088896685151542
vn -0.13026198981214504 -0.9802009233379987 -0.149123988336939
vn 0.15411697000467942 0.98495680830083 0.07815398478912611
vn -0.15411697000467942 -0.98495680830083 -0.07815398478912611
vn -0.032656987358531626 0.9968116141357941 -0.07280197181847115
vn 0.032656987358531626 -0.9968116141357941 0.07280197181847115
vn 0.004302001156326443 0.999988268784883 0.0022260005983225513
vn -0.004302001156326443 -0.999988268784883 -0.0022260005983225513
vn -0.2660499326503992 0.9591717571890575 -0.09595297570984289
vn 0.2660499326503992 -0.9591717571890575 0.09595297570984289
vn -0.3682250540110708 -0.9130601339272137 -0.17530402571350892
vn 0.3682250540110708 0.9130601339272137 0.17530402571350892
vn -0.9537427332124437 0.11573296762636874 -0.27745392238865746
vn -0.952859818942835 0.11214997868987994 -0.2819229464305573
vn 0.952859818942835 -0.11214997868987994 0.2819229464305573
vn 0.9537427332124437 -0.11573296762636874 0.27745392238865746
vn -0.003782998728462464 -0.9967816649627999 -0.08007497308528486
vn 0.003782998728462464 0.9967816649627999 0.08007497308528486
vn 0.04553499435006378 -0.998961876049817 0.0013169998365877655
vn -0.04553499435006378 0.998961876049817 -0.0013169998365877655
vn 0.0005709999812766255 0.9999959672096328 0.002781999908777056
vn -0.0005709999812766255 -0.9999959672096328 -0.002781999908777056
vn -0.6454898510335466 0.0001899999561515506 0.7637688237370693
vn -0.6311109809874664 0.2119969936134845 0.7461609775215279
vn 0.6311109809874664 -0.2119969936134845 -0.7461609775215279
vn 0.6454898510335466 -0.0001899999561515506 -0.7637688237370693
vn -0.862614527567718 0.19494489323358472 0.4667897443509968
vn 0.862614527567718 -0.19494489323358472 -0.4667897443509968
vn 0.2794539461609668 0.95875581528804 -0.051891990002593744
vn -0.2794539461609668 -0.95875581528804 0.051891990002593744
vn 0.9797451691701635 0.16579402862724293 -0.11230201939091056
vn 0.9525235126929056 0.2960098485625842 -0.07125396354676651
vn -0.9525235126929056 -0.2960098485625842 0.07125396354676651
vn -0.9797451691701635 -0.16579402862724293 0.11230201939091056
vn 0.30307292732827296 -0.9494137723467447 -0.08222098028480926
vn -0.30307292732827296 0.9494137723467447 0.08222098028480926
vn -0.03315800999253256 0.9992453011336087 0.020233006097440092
vn 0.03315800999253256 -0.9992453011336087 -0.020233006097440092
vn -0.2613030363385012 0.9642531340953178 -0.04400700611990052
vn 0.2613030363385012 -0.9642531340953178 0.04400700611990052
vn -0.39584695931861213 0.9161339058484652 -0.06327599349709463
vn 0.39584695931861213 -0.9161339058484652 0.06327599349709463
vn -0.004300999631434455 0.21756698135603328 0.9760359163605579
vn 0.004300999631434455 -0.21756698135603328 -0.9760359163605579
vn 0.10532402976831402 0.9630772721998647 0.24776807002806245
vn -0.10532402976831402 -0.9630772721998647 -0.24776807002806245
vn 0.18439305442352583 0.426766125959827 0.8853642613148576
vn -0.18439305442352583 -0.426766125959827 -0.8853642613148576
vn 0.02598999598245374 0.9992808455306792 0.02760999573203361
vn -0.02598999598245374 -0.9992808455306792 -0.02760999573203361
vn -0.10004395972511115 0.989857601511126 -0.10086195939580724
vn 0.10004395972511115 -0.989857601511126 0.10086195939580724
vn 0.02816099067637626 0.9970166699047844 -0.0718659762064007
vn -0.02816099067637626 -0.9970166699047844 0.0718659762064007
vn 0.0021570008700706952 0.999989403366307 0.004067001640509039
vn -0.0021570008700706952 -0.999989403366307 -0.004067001640509039
vn -0.5227680300264896 0.839810048236591 -0.1463990084087931
vn 0.5227680300264896 -0.839810048236591 0.1463990084087931
vn -0.17568608407600111 -0.9694124639202009 -0.1713880820191576
vn 0.17568608407600111 0.9694124639202009 0.1713880820191576
vn -0.8968558440609973 0.09554298338765639 -0.43188092490757446
vn 0.8968558440609973 -0.09554298338765639 0.43188092490757446
vn 0.10196901634252457 -0.9916881589373782 -0.07846601257570983
vn -0.10196901634252457 0.9916881589373782 0.07846601257570983
vn -0.4068099139464909 0.00021399995473185652 0.9135128067623726
vn 0.4068099139464909 -0.00021399995473185652 -0.9135128067623726
vn -0.8132517380203471 0.3819028769743998 0.43905785856258295
vn 0.8132517380203471 -0.3819028769743998 -0.43905785856258295
vn -0.9232090230705321 0.3382760084533484 0.1823580045570355
vn 0.9232090230705321 -0.3382760084533484 -0.1823580045570355
vn 0.5219331443179269 0.8511732353549647 -0.055587015370173
vn -0.5219331443179269 -0.8511732353549647 0.055587015370173
vn 0.06919002515777448 0.9971143625548365 -0.031236011357540516
vn -0.06919002515777448 -0.9971143625548365 0.031236011357540516
vn 0.39742123206684393 -0.9143645339264096 -0.07742004520801653
vn -0.39742123206684393 0.9143645339264096 0.07742004520801653
vn 0.9769842808551771 0.11758503380235096 -0.17797605116304974
vn -0.9769842808551771 -0.11758503380235096 0.17797605116304974
vn -0.38222106467735173 0.9240611563645597 -0.004247000718653957
vn 0.38222106467735173 -0.9240611563645597 0.004247000718653957
vn -0.22855308569073882 0.9725213646245859 0.04433601662277303
vn 0.22855308569073882 -0.9725213646245859 -0.04433601662277303
vn -0.005459998061621862 0.9993016452334891 0.036964986876896214
vn 0.005459998061621862 -0.9993016452334891 -0.036964986876896214
vn -0.23502895872950605 0.971984829321909 -0.002622999539407663
vn 0.23502895872950605 -0.971984829321909 0.002622999539407663
vn -0.0040380000124572305 0.42423100130875246 0.9055450027936065
vn 0.0040380000124572305 -0.42423100130875246 -0.9055450027936065
vn -0.21690408903166364 0.2156370885116033 0.9520783907954129
vn 0.21690408903166364 -0.2156370885116033 -0.9520783907954129
vn 0.06413097751023208 0.9865196540424156 0.15055294720334916
vn -0.06413097751023208 -0.9865196540424156 -0.15055294720334916
vn 0.03634100563116645 0.9837341524330618 0.17591602725880645
vn 0.0556439823963334 0.9618546957052918 0.2678419152648757
vn -0.0556439823963334 -0.9618546957052918 -0.2678419152648757
vn -0.03634100563116645 -0.9837341524330618 -0.17591602725880645
vn -0.020376005579470682 0.9877022704581052 -0.15501304244652947
vn 0.020376005579470682 -0.9877022704581052 0.15501304244652947
vn -0.22216310317812316 0.00035000016254864674 0.9750094528188703
vn 0.22216310317812316 -0.00035000016254864674 -0.9750094528188703
vn -0.7710601915448688 0.09563802375816186 -0.6295391563885627
vn -0.9042897195920094 0.1379919572105637 -0.404002874724182
vn 0.9042897195920094 -0.1379919572105637 0.404002874724182
vn 0.7710601915448688 -0.09563802375816186 0.6295391563885627
vn -0.060349985848714524 -0.9858947688205204 -0.15610696339495098
vn 0.060349985848714524 0.9858947688205204 0.15610696339495098
vn -0.6636549795946006 0.05042999844942903 -0.7463369770523773
vn 0.6636549795946006 -0.05042999844942903 0.7463369770523773
vn 0.04703200175589278 -0.9858220368046806 -0.16106800601331325
vn -0.04703200175589278 0.9858220368046806 0.16106800601331325
vn -0.39731210532566513 0.2145770568834195 0.8922442365299632
vn 0.39731210532566513 -0.2145770568834195 -0.8922442365299632
vn -0.34426813472109846 0.9365403664926671 0.06611802587370785
vn 0.34426813472109846 -0.9365403664926671 -0.06611802587370785
vn 0.9757784710457589 0.12939192985865947 -0.17639190438070862
vn -0.9757784710457589 -0.12939192985865947 0.17639190438070862
vn 0.25991302610644534 0.9618720966133237 -0.0851310085508141
vn -0.25991302610644534 -0.9618720966133237 0.0851310085508141
vn 0.5741818656207885 -0.8020178122989813 -0.16456796148517722
vn -0.5741818656207885 0.8020178122989813 0.16456796148517722
vn -0.16470494270459565 0.9822966582914678 0.08924996895288667
vn 0.16470494270459565 -0.9822966582914678 -0.08924996895288667
vn -0.11238698615763294 0.9828218789487851 0.14639098196946326
vn 0.11238698615763294 -0.9828218789487851 -0.14639098196946326
vn -0.0013419999081018626 0.9613279341697073 0.27540298114081785
vn 0.0013419999081018626 -0.9613279341697073 -0.27540298114081785
vn -0.37485791087810455 0.04513798926851224 -0.9259827798490091
vn 0.37485791087810455 -0.04513798926851224 0.9259827798490091
vn 0.023744009113688506 0.9827513772105161 -0.1834010703950295
vn -0.023744009113688506 -0.9827513772105161 0.1834010703950295
vn 0.0950569955056103 0.9920629530942726 -0.08231199610820637
vn -0.0950569955056103 -0.9920629530942726 0.08231199610820637
vn -0.007184002243675603 -0.9837733072477003 -0.17927205598945073
vn 0.007184002243675603 0.9837733072477003 0.17927205598945073
vn -0.36576501514358634 0.03297100136508212 -0.9301230385094199
vn 0.36576501514358634 -0.03297100136508212 0.9301230385094199
vn 0.1967059962523574 -0.9675019815671524 -0.15889199697278994
vn -0.1967059962523574 0.9675019815671524 0.15889199697278994
vn 0.3738899289706413 -0.9119418267547797 -0.1690219678902239
vn -0.3738899289706413 0.9119418267547797 0.1690219678902239
vn -0.3693897824714079 0.41887175333215176 0.8295165115090688
vn 0.3693897824714079 -0.41887175333215176 -0.8295165115090688
vn -0.5882515849060039 0.41363870811987796 0.6948835096622258
vn 0.5882515849060039 -0.41363870811987796 -0.6948835096622258
vn -0.27161907422141607 0.951458259991238 0.144742039551564
vn 0.27161907422141607 -0.951458259991238 -0.144742039551564
vn 0.9596909429814038 0.09738899421377921 -0.2636449843359292
vn -0.9596909429814038 -0.09738899421377921 0.2636449843359292
vn 0.5364088871422641 0.8319098249703508 -0.14209697010351094
vn -0.5364088871422641 -0.8319098249703508 0.14209697010351094
vn 0.9589111378583491 0.09374201347686847 -0.2677720384963838
vn -0.9589111378583491 -0.09374201347686847 0.2677720384963838
vn -0.04751098328036529 0.9790446554634767 0.1980259303125093
vn 0.04751098328036529 -0.9790446554634767 -0.1980259303125093
vn -0.20151506431898392 0.4207111342813389 0.884530282321767
vn 0.20151506431898392 -0.4207111342813389 -0.884530282321767
vn -0.0010099996379162046 0.9860566464997416 0.1664069403432892
vn 0.0010099996379162046 -0.9860566464997416 -0.1664069403432892
vn 0.0002860000955433529 0.9727903249776864 -0.23168707739913547
vn -0.0002860000955433529 -0.9727903249776864 0.23168707739913547
vn -0.0805199938166686 0.006480999502308086 -0.9967319234584666
vn 0.0805199938166686 -0.006480999502308086 0.9967319234584666
vn 0.0018140002297630975 -0.9779291238654885 -0.20892902646316128
vn -0.0018140002297630975 0.9779291238654885 0.20892902646316128
vn 0.397928850536758 0.03947398517345574 -0.9165666557348792
vn 0.686083086146656 0.04175300524263309 -0.7263240911994376
vn 0.38734385006212974 0.026034989922052814 -0.921567643268146
vn -0.38734385006212974 -0.026034989922052814 0.921567643268146
vn -0.686083086146656 -0.04175300524263309 0.7263240911994376
vn -0.397928850536758 -0.03947398517345574 0.9165666557348792
vn -0.18430804133274165 0.9582332148924465 0.21867704904030205
vn 0.18430804133274165 -0.9582332148924465 -0.21867704904030205
vn 0.90713788532145 0.08063598980616017 -0.41303594778482483
vn 0.914361340067047 0.12121204508088924 -0.386330143682968
vn -0.914361340067047 -0.12121204508088924 0.386330143682968
vn -0.90713788532145 -0.08063598980616017 0.41303594778482483
vn 0.7895280583346775 0.08471800625943263 -0.6078390449104935
vn -0.7895280583346775 -0.08471800625943263 0.6078390449104935
vn -0.10996398352211824 0.9601958561165821 0.2567719615232382
vn 0.10996398352211824 -0.9601958561165821 -0.2567719615232382
vn -0.061781013332776594 0.9605842073008184 0.271037058491701
vn 0.061781013332776594 -0.9605842073008184 -0.271037058491701
vn 0.0022009992290891495 0.9637466624429718 -0.2668099065485123
vn -0.0022009992290891495 -0.9637466624429718 0.2668099065485123
vn -0.08164101291781359 0.006096000964552243 -0.9966431576958694
vn 0.08164101291781359 -0.006096000964552243 0.9966431576958694
vn 0.05957701712440323 0.0032910009459426325 -0.9982182869209182
vn 0.11869798091283207 0.005905999050289073 -0.99291284033516
vn -0.11869798091283207 -0.005905999050289073 0.99291284033516
vn -0.05957701712440323 -0.0032910009459426325 0.9982182869209182
usemtl material_0_0
f 1//1 2//2 3//3
f 3//4 2//5 1//6
f 1//1 4//7 2//2
f 2//5 4//8 1//6
f 3//9 2//10 5//11
f 5//12 2//13 3//14
f 6//15 1//1 3//3
f 3//4 1//6 6//16
f 1//1 7//17 4//7
f 4//8 7//18 1//6
f 2//19 4//20 8//21
f 8//22 4//23 2//24
f 5//25 2//26 9//27
f 9//28 2//29 5//30
f 10//31 3//9 5//11
f 5//12 3//14 10//32
f 6//15 11//33 1//1
f 1//6 11//34 6//16
f 6//15 3//3 12//35
f 12//36 3//4 6//16
f 1//37 13//38 7//39
f 7//40 13//41 1//42
f 7//39 14//43 4//20
f 4//23 14//44 7//40
f 8//21 4//20 14//43
f 14//44 4//23 8//22
f 2//26 8//45 9//27
f 9//28 8//46 2//29
f 5//25 9//27 15//47
f 15//48 9//28 5//30
f 16//49 3//9 10//31
f 10//32 3//14 16//50
f 10//51 5//25 15//47
f 15//48 5//30 10//52
f 6//53 17//54 11//55
f 11//56 17//57 6//58
f 11//33 18//59 1//1
f 1//6 18//60 11//34
f 12//35 3//3 16//61
f 16//62 3//4 12//36
f 12//63 19//64 6//53
f 6//58 19//65 12//66
f 13//38 1//37 20//67
f 20//68 1//42 13//41
f 13//38 21//69 7//39
f 7//40 21//70 13//41
f 7//39 22//71 14//43
f 14//44 22//72 7//40
f 8//45 14//73 23//74
f 23//75 14//76 8//46
f 9//27 8//45 23//74
f 23//75 8//46 9//28
f 15//47 9//27 24//77
f 24//78 9//28 15//48
f 25//79 16//49 10//31
f 10//32 16//50 25//80
f 10//51 15//47 26//81
f 26//82 15//48 10//52
f 19//64 17//54 6//53
f 6//58 17//57 19//65
f 17//83 27//84 11//85
f 11//86 27//87 17//88
f 11//89 28//90 18//91
f 18//92 28//93 11//94
f 18//59 29//95 1//1
f 1//6 29//96 18//60
f 12//35 16//61 30//97
f 30//98 16//62 12//36
f 31//99 19//64 12//63
f 12//66 19//65 31//100
f 32//101 20//67 1//37
f 1//42 20//68 32//102
f 33//103 13//104 20//105
f 20//106 13//107 33//108
f 34//109 21//110 13//104
f 13//107 21//111 34//112
f 22//71 7//39 21//69
f 21//70 7//40 22//72
f 14//73 22//113 35//114
f 35//115 22//116 14//76
f 23//74 14//73 36//117
f 36//118 14//76 23//75
f 9//27 23//74 37//119
f 37//120 23//75 9//28
f 24//77 9//27 38//121
f 38//122 9//28 24//78
f 26//81 15//47 24//77
f 24//78 15//48 26//82
f 39//123 16//61 25//124
f 25//125 16//62 39//126
f 25//127 10//51 40//128
f 40//129 10//52 25//130
f 41//131 10//51 26//81
f 26//82 10//52 41//132
f 19//133 27//84 17//83
f 17//88 27//87 19//134
f 27//84 42//135 11//85
f 11//86 42//136 27//87
f 11//85 43//137 28//138
f 28//139 43//140 11//86
f 28//90 44//141 18//91
f 18//92 44//142 28//93
f 18//91 44//141 29//143
f 29//144 44//142 18//92
f 29//95 45//145 1//1
f 1//6 45//146 29//96
f 30//97 16//61 39//123
f 39//126 16//62 30//98
f 12//35 30//97 46//147
f 46//148 30//98 12//36
f 31//149 47//150 19//133
f 19//134 47//151 31//152
f 31//153 12//35 46//147
f 46//148 12//36 31//154
f 48//155 20//105 32//156
f 32//157 20//106 48//158
f 49//159 32//101 1//37
f 1//42 32//102 49//160
f 50//161 13//104 33//103
f 33//108 13//107 50//162
f 33//103 20//105 48//155
f 48//158 20//106 33//108
f 35//114 21//110 34//109
f 34//112 21//111 35//115
f 34//109 13//104 50//161
f 50//162 13//107 34//112
f 35//114 22//113 21//110
f 21//111 22//116 35//115
f 36//117 14//73 35//114
f 35//115 14//76 36//118
f 23//74 36//117 37//119
f 37//120 36//118 23//75
f 9//27 37//119 38//121
f 38//122 37//120 9//28
f 24//77 38//121 51//163
f 51//164 38//122 24//78
f 26//81 24//77 52//165
f 52//166 24//78 26//82
f 53//167 39//123 25//124
f 25//125 39//126 53//168
f 40//128 10//51 41//131
f 41//132 10//52 40//129
f 25//127 40//128 54//169
f 54//170 40//129 25//130
f 55//171 41//172 26//173
f 26//174 41//175 55//176
f 19//133 56//177 27//84
f 27//87 56//178 19//134
f 27//84 57//179 42//135
f 42//136 57//180 27//87
f 11//85 42//135 43//137
f 43//140 42//136 11//86
f 28//138 43//137 44//181
f 44//182 43//140 28//139
f 44//141 58//183 29//143
f 29//144 58//184 44//142
f 29//143 59//185 45//186
f 45//187 59//188 29//144
f 45//145 49//189 1//1
f 1//6 49//190 45//146
f 30//97 39//123 53//167
f 53//168 39//126 30//98
f 46//147 30//97 53//167
f 53//168 30//98 46//148
f 31//149 60//191 47//150
f 47//151 60//192 31//152
f 47//150 61//193 19//133
f 19//134 61//194 47//151
f 60//195 31//196 46//197
f 46//198 31//199 60//200
f 48//155 32//156 62//201
f 62//202 32//157 48//158
f 32//101 49//159 62//203
f 62//204 49//160 32//102
f 63//205 50//161 33//103
f 33//108 50//162 63//206
f 64//207 33//103 48//155
f 48//158 33//108 64//208
f 65//209 35//114 34//109
f 34//112 35//115 65//210
f 34//109 50//161 63//205
f 63//206 50//162 34//112
f 36//117 35//114 65//209
f 65//210 35//115 36//118
f 37//119 36//117 66//211
f 66//212 36//118 37//120
f 38//121 37//119 67//213
f 67//214 37//120 38//122
f 51//163 38//121 68//215
f 68//216 38//122 51//164
f 52//165 24//77 51//163
f 51//164 24//78 52//166
f 69//217 26//81 52//165
f 52//166 26//82 69//218
f 70//219 53//220 25//221
f 25//222 53//223 70//224
f 71//225 40//226 41//172
f 41//175 40//227 71//228
f 72//229 54//230 40//231
f 40//232 54//233 72//234
f 25//127 54//169 73//235
f 73//236 54//170 25//130
f 71//225 41//172 55//171
f 55//176 41//175 71//228
f 55//237 26//81 69//217
f 69//218 26//82 55//238
f 61//193 56//177 19//133
f 19//134 56//178 61//194
f 56//177 57//179 27//84
f 27//87 57//180 56//178
f 57//179 74//239 42//135
f 42//136 74//240 57//180
f 42//135 75//241 43//137
f 43//140 75//242 42//136
f 43//137 76//243 44//181
f 44//182 76//244 43//140
f 44//181 77//245 58//246
f 58//247 77//248 44//182
f 58//183 78//249 29//143
f 29//144 78//250 58//184
f 29//143 78//249 59//185
f 59//188 78//250 29//144
f 59//185 49//159 45//186
f 45//187 49//160 59//188
f 79//251 46//197 53//220
f 53//223 46//198 79//252
f 60//191 80//253 47//150
f 47//151 80//254 60//192
f 61//255 47//256 40//226
f 40//227 47//257 61//258
f 81//259 60//195 46//197
f 46//198 60//200 81//260
f 82//261 48//155 62//201
f 62//202 48//158 82//262
f 59//185 62//203 49//159
f 49//160 62//204 59//188
f 83//263 63//205 33//103
f 33//108 63//206 83//264
f 83//263 33//103 64//207
f 64//208 33//108 83//264
f 64//207 48//155 82//261
f 82//262 48//158 64//208
f 65//209 34//109 84//265
f 84//266 34//112 65//210
f 84//265 34//109 63//205
f 63//206 34//112 84//266
f 66//211 36//117 65//209
f 65//210 36//118 66//212
f 37//119 66//211 67//213
f 67//214 66//212 37//120
f 38//121 67//213 68//215
f 68//216 67//214 38//122
f 51//163 68//215 85//267
f 85//268 68//216 51//164
f 52//165 51//163 86//269
f 86//270 51//164 52//166
f 69//217 52//165 87//271
f 87//272 52//166 69//218
f 88//273 53//220 70//219
f 70//224 53//223 88//274
f 70//219 25//221 89//275
f 89//276 25//222 70//224
f 61//255 40//226 71//225
f 71//228 40//227 61//258
f 72//229 90//277 54//230
f 54//233 90//278 72//234
f 91//279 72//229 40//231
f 40//232 72//234 91//280
f 73//235 54//169 90//281
f 90//282 54//170 73//236
f 89//275 25//221 73//283
f 73//284 25//222 89//276
f 92//285 71//286 55//287
f 55//288 71//289 92//290
f 69//291 92//285 55//287
f 55//288 92//290 69//292
f 61//293 93//293 56//294
f 56//295 93//296 61//296
f 56//177 94//297 57//179
f 57//180 94//298 56//178
f 57//179 95//299 74//239
f 74//240 95//300 57//180
f 42//135 74//239 75//241
f 75//242 74//240 42//136
f 43//137 75//241 76//243
f 76//244 75//242 43//140
f 76//243 77//245 44//181
f 44//182 77//248 76//244
f 77//245 78//301 58//246
f 58//247 78//302 77//248
f 78//301 96//303 59//304
f 59//305 96//306 78//302
f 79//251 97//307 46//197
f 46//198 97//308 79//252
f 88//273 79//251 53//220
f 53//223 79//252 88//274
f 98//309 80//253 60//191
f 60//192 80//254 98//310
f 99//311 47//312 80//313
f 80//314 47//315 99//316
f 100//317 40//231 47//312
f 47//315 40//232 100//318
f 81//259 98//319 60//195
f 60//200 98//320 81//260
f 101//321 81//259 46//197
f 46//198 81//260 101//322
f 82//261 62//201 96//303
f 96//306 62//202 82//262
f 96//303 62//201 59//304
f 59//305 62//202 96//306
f 102//323 63//205 83//263
f 83//264 63//206 102//324
f 103//325 83//263 64//207
f 64//208 83//264 103//326
f 104//327 64//207 82//261
f 82//262 64//208 104//328
f 105//329 65//209 84//265
f 84//266 65//210 105//330
f 84//265 63//205 102//323
f 102//324 63//206 84//266
f 66//211 65//209 105//329
f 105//330 65//210 66//212
f 67//213 66//211 106//331
f 106//332 66//212 67//214
f 68//215 67//213 107//333
f 107//334 67//214 68//216
f 85//267 68//215 108//335
f 108//336 68//216 85//268
f 86//269 51//163 85//267
f 85//268 51//164 86//270
f 87//271 52//165 86//269
f 86//270 52//166 87//272
f 87//337 109//338 69//291
f 69//292 109//339 87//340
f 88//341 70//342 110//343
f 110//344 70//345 88//346
f 70//219 89//275 111//347
f 111//348 89//276 70//224
f 112//349 61//350 71//286
f 71//289 61//351 112//352
f 73//235 90//281 72//353
f 72//354 90//282 73//236
f 91//279 113//355 72//229
f 72//234 113//356 91//280
f 100//317 91//279 40//231
f 40//232 91//280 100//318
f 89//357 73//235 72//353
f 72//354 73//236 89//358
f 92//285 112//349 71//286
f 71//289 112//352 92//290
f 109//338 92//285 69//291
f 69//292 92//290 109//339
f 61//293 112//359 93//293
f 93//296 112//360 61//296
f 93//361 114//362 56//177
f 56//178 114//363 93//364
f 114//362 94//297 56//177
f 56//178 94//298 114//363
f 94//297 95//299 57//179
f 57//180 95//300 94//298
f 95//299 115//365 74//239
f 74//240 115//366 95//300
f 74//239 116//367 75//241
f 75//242 116//368 74//240
f 75//241 117//369 76//243
f 76//244 117//370 75//242
f 76//243 118//371 77//245
f 77//248 118//372 76//244
f 77//245 119//373 78//301
f 78//302 119//374 77//248
f 119//373 96//303 78//301
f 78//302 96//306 119//374
f 97//375 79//376 88//341
f 88//346 79//377 97//378
f 97//307 101//321 46//197
f 46//198 101//322 97//308
f 98//309 120//379 80//253
f 80//254 120//380 98//310
f 121//381 47//312 99//311
f 99//316 47//315 121//382
f 99//311 80//313 120//383
f 120//384 80//314 99//316
f 100//317 47//312 121//381
f 121//382 47//315 100//318
f 81//385 99//386 98//309
f 98//310 99//387 81//388
f 101//321 122//389 81//259
f 81//260 122//390 101//322
f 123//391 82//261 96//303
f 96//306 82//262 123//392
f 102//323 83//263 124//393
f 124//394 83//264 102//324
f 103//325 124//393 83//263
f 83//264 124//394 103//326
f 103//325 64//207 104//327
f 104//328 64//208 103//326
f 104//327 82//261 123//391
f 123//392 82//262 104//328
f 105//329 84//265 125//395
f 125//396 84//266 105//330
f 125//395 84//265 102//323
f 102//324 84//266 125//396
f 106//331 66//211 105//329
f 105//330 66//212 106//332
f 67//213 106//331 107//333
f 107//334 106//332 67//214
f 68//215 107//333 108//335
f 108//336 107//334 68//216
f 85//267 108//335 126//397
f 126//398 108//336 85//268
f 86//269 85//267 127//399
f 127//400 85//268 86//270
f 87//271 86//269 128//401
f 128//402 86//270 87//272
f 129//403 109//338 87//337
f 87//340 109//339 129//404
f 110//343 70//342 130//405
f 130//406 70//345 110//344
f 131//407 88//341 110//343
f 110//344 88//346 131//408
f 89//357 113//409 111//410
f 111//411 113//412 89//358
f 70//342 111//410 130//405
f 130//406 111//411 70//345
f 111//410 113//409 91//413
f 91//414 113//412 111//411
f 89//357 72//353 113//409
f 113//412 72//354 89//358
f 131//415 91//279 100//317
f 100//318 91//280 131//416
f 132//417 112//349 92//285
f 92//290 112//352 132//418
f 109//338 132//417 92//285
f 92//290 132//418 109//339
f 114//419 93//420 112//349
f 112//352 93//421 114//422
f 114//362 133//423 94//297
f 94//298 133//424 114//363
f 94//297 134//425 95//299
f 95//300 134//426 94//298
f 95//299 135//427 115//365
f 115//366 135//428 95//300
f 74//239 115//365 116//367
f 116//368 115//366 74//240
f 75//241 116//367 117//369
f 117//370 116//368 75//242
f 117//369 118//371 76//243
f 76//244 118//372 117//370
f 118//371 119//373 77//245
f 77//248 119//374 118//372
f 119//373 123//391 96//303
f 96//306 123//392 119//374
f 97//375 88//341 100//429
f 100//430 88//346 97//378
f 101//431 97//375 136//432
f 136//433 97//378 101//434
f 98//309 99//386 120//379
f 120//380 99//387 98//310
f 121//381 99//311 137//435
f 137//436 99//316 121//382
f 100//317 121//381 136//437
f 136//438 121//382 100//318
f 81//385 122//439 99//386
f 99//387 122//440 81//388
f 101//321 138//441 122//389
f 122//390 138//442 101//322
f 139//443 102//323 124//393
f 124//394 102//324 139//444
f 139//443 124//393 103//325
f 103//326 124//394 139//444
f 103//325 104//327 140//445
f 140//446 104//328 103//326
f 141//447 104//327 123//391
f 123//392 104//328 141//448
f 142//449 105//329 125//395
f 125//396 105//330 142//450
f 125//395 102//323 143//451
f 143//452 102//324 125//396
f 106//331 105//329 142//449
f 142//450 105//330 106//332
f 107//333 106//331 144//453
f 144//454 106//332 107//334
f 108//335 107//333 126//397
f 126//398 107//334 108//336
f 145//455 85//267 126//397
f 126//398 85//268 145//456
f 146//457 127//399 85//267
f 85//268 127//400 146//458
f 128//401 86//269 127//399
f 127//400 86//270 128//402
f 128//459 129//403 87//337
f 87//340 129//404 128//460
f 129//403 147//461 109//338
f 109//339 147//462 129//404
f 110//463 130//464 91//279
f 91//280 130//465 110//466
f 100//429 88//341 131//407
f 131//408 88//346 100//430
f 131//415 110//463 91//279
f 91//280 110//466 131//416
f 130//405 111//410 91//413
f 91//414 111//411 130//406
f 132//417 114//419 112//349
f 112//352 114//422 132//418
f 147//461 132//417 109//338
f 109//339 132//418 147//462
f 133//467 114//419 132//417
f 132//418 114//422 133//468
f 133//423 134//425 94//297
f 94//298 134//426 133//424
f 134//425 135//427 95//299
f 95//300 135//428 134//426
f 135//427 148//469 115//365
f 115//366 148//470 135//428
f 115//365 149//471 116//367
f 116//368 149//472 115//366
f 116//367 150//473 117//369
f 117//370 150//474 116//368
f 117//369 151//475 118//371
f 118//372 151//476 117//370
f 118//371 152//477 119//373
f 119//374 152//478 118//372
f 152//477 123//391 119//373
f 119//374 123//392 152//478
f 136//432 97//375 100//429
f 100//430 97//378 136//433
f 138//479 101//431 136//432
f 136//433 101//434 138//480
f 122//439 137//481 99//386
f 99//387 137//482 122//440
f 137//481 138//479 121//483
f 121//484 138//480 137//482
f 138//479 136//432 121//483
f 121//484 136//433 138//480
f 137//481 122//439 138//479
f 138//480 122//440 137//482
f 139//443 153//485 102//323
f 102//324 153//486 139//444
f 154//487 139//443 103//325
f 103//326 139//444 154//488
f 141//447 140//445 104//327
f 104//328 140//446 141//448
f 155//489 103//325 140//445
f 140//446 103//326 155//490
f 152//477 141//447 123//391
f 123//392 141//448 152//478
f 142//449 125//395 143//451
f 143//452 125//396 142//450
f 143//451 102//323 153//485
f 153//486 102//324 143//452
f 106//331 142//449 144//453
f 144//454 142//450 106//332
f 107//333 144//453 156//491
f 156//492 144//454 107//334
f 126//397 107//333 157//493
f 157//494 107//334 126//398
f 146//457 85//267 145//455
f 145//456 85//268 146//458
f 145//455 126//397 158//495
f 158//496 126//398 145//456
f 128//401 127//399 146//457
f 146//458 127//400 128//402
f 128//459 159//497 129//403
f 129//404 159//498 128//460
f 129//403 160//499 147//461
f 147//462 160//500 129//404
f 133//467 132//417 147//461
f 147//462 132//418 133//468
f 133//423 161//501 134//425
f 134//426 161//502 133//424
f 134//425 162//503 135//427
f 135//428 162//504 134//426
f 135//427 163//505 148//469
f 148//470 163//506 135//428
f 115//365 148//469 149//471
f 149//472 148//470 115//366
f 116//367 149//471 150//473
f 150//474 149//472 116//368
f 150//473 151//475 117//369
f 117//370 151//476 150//474
f 151//475 152//477 118//371
f 118//372 152//478 151//476
f 164//507 153//485 139//443
f 139//444 153//486 164//508
f 165//509 139//443 154//487
f 154//488 139//444 165//510
f 154//487 103//325 155//489
f 155//490 103//326 154//488
f 155//489 140//445 141//447
f 141//448 140//446 155//490
f 166//511 141//447 152//477
f 152//478 141//448 166//512
f 142//449 143//451 167//513
f 167//514 143//452 142//450
f 168//515 143//451 153//485
f 153//486 143//452 168//516
f 144//453 142//449 156//491
f 156//492 142//450 144//454
f 107//333 156//491 157//493
f 157//494 156//492 107//334
f 158//495 126//397 157//493
f 157//494 126//398 158//496
f 169//517 146//457 145//455
f 145//456 146//458 169//518
f 170//519 145//455 158//495
f 158//496 145//456 170//520
f 171//521 128//401 146//457
f 146//458 128//402 171//522
f 172//523 159//524 128//401
f 128//402 159//525 172//526
f 159//527 173//528 129//403
f 129//404 173//529 159//530
f 173//528 160//499 129//403
f 129//404 160//500 173//529
f 160//499 174//531 147//461
f 147//462 174//532 160//500
f 133//467 147//461 175//533
f 175//534 147//462 133//468
f 161//535 133//467 175//533
f 175//534 133//468 161//536
f 161//501 162//503 134//425
f 134//426 162//504 161//502
f 176//537 135//427 162//503
f 162//504 135//428 176//538
f 177//539 163//505 135//427
f 135//428 163//506 177//540
f 148//469 163//505 149//471
f 149//472 163//506 148//470
f 149//471 178//541 150//473
f 150//474 178//542 149//472
f 150//473 179//543 151//475
f 151//476 179//544 150//474
f 151//475 166//511 152//477
f 152//478 166//512 151//476
f 168//515 153//485 164//507
f 164//508 153//486 168//516
f 180//545 164//507 139//443
f 139//444 164//508 180//546
f 180//545 139//443 165//509
f 165//510 139//444 180//546
f 165//509 154//487 155//489
f 155//490 154//488 165//510
f 155//489 141//447 181//547
f 181//548 141//448 155//490
f 166//511 182//549 141//447
f 141//448 182//550 166//512
f 167//513 143//451 168//515
f 168//516 143//452 167//514
f 156//491 142//449 167//513
f 167//514 142//450 156//492
f 157//493 156//491 183//551
f 183//552 156//492 157//494
f 158//495 157//493 184//553
f 184//554 157//494 158//496
f 146//457 169//517 185//555
f 185//556 169//518 146//458
f 169//517 145//455 170//519
f 170//520 145//456 169//518
f 186//557 170//519 158//495
f 158//496 170//520 186//558
f 172//523 128//401 171//521
f 171//522 128//402 172//526
f 185//555 171//521 146//457
f 146//458 171//522 185//556
f 172//523 173//559 159//524
f 159//525 173//560 172//526
f 187//561 160//499 173//528
f 173//529 160//500 187//562
f 187//561 174//531 160//499
f 160//500 174//532 187//562
f 175//563 147//461 174//531
f 174//532 147//462 175//564
f 161//535 175//533 188//565
f 188//566 175//534 161//536
f 161//501 176//537 162//503
f 162//504 176//538 161//502
f 176//537 177//539 135//427
f 135//428 177//540 176//538
f 177//539 189//567 163//505
f 163//506 189//568 177//540
f 163//505 190//569 149//471
f 149//472 190//570 163//506
f 149//471 191//571 178//541
f 178//542 191//572 149//472
f 150//473 178//541 179//543
f 179//544 178//542 150//474
f 179//543 166//511 151//475
f 151//476 166//512 179//544
f 164//507 192//573 168//515
f 168//516 192//574 164//508
f 193//575 164//507 180//545
f 180//546 164//508 193//576
f 194//577 180//545 165//509
f 165//510 180//546 194//578
f 195//579 165//509 155//489
f 155//490 165//510 195//580
f 182//549 181//547 141//447
f 141//448 181//548 182//550
f 196//581 155//489 181//547
f 181//548 155//490 196//582
f 179//543 182//549 166//511
f 166//512 182//550 179//544
f 167//513 168//515 197//583
f 197//584 168//516 167//514
f 156//491 167//513 183//551
f 183//552 167//514 156//492
f 184//553 157//493 183//551
f 183//552 157//494 184//554
f 158//495 184//553 198//585
f 198//586 184//554 158//496
f 185//555 169//517 199//587
f 199//588 169//518 185//556
f 170//519 186//557 169//517
f 169//518 186//558 170//520
f 186//557 158//495 200//589
f 200//590 158//496 186//558
f 172//523 171//521 185//555
f 185//556 171//522 172//526
f 201//591 173//559 172//523
f 172//526 173//560 201//592
f 187//593 173//559 201//591
f 201//592 173//560 187//594
f 187//561 202//595 174//531
f 174//532 202//596 187//562
f 202//595 175//563 174//531
f 174//532 175//564 202//596
f 188//597 175//563 202//595
f 202//596 175//564 188//598
f 203//599 161//501 188//600
f 188//601 161//502 203//602
f 204//603 176//537 161//501
f 161//502 176//538 204//604
f 205//605 177//539 176//537
f 176//538 177//540 205//606
f 206//607 189//567 177//539
f 177//540 189//568 206//608
f 189//567 190//569 163//505
f 163//506 190//570 189//568
f 149//471 190//569 191//571
f 191//572 190//570 149//472
f 178//541 191//571 179//543
f 179//544 191//572 178//542
f 193//575 192//573 164//507
f 164//508 192//574 193//576
f 197//583 168//515 192//573
f 192//574 168//516 197//584
f 207//609 193//575 180//545
f 180//546 193//576 207//610
f 207//609 180//545 194//577
f 194//578 180//546 207//610
f 194//577 165//509 195//579
f 195//580 165//510 194//578
f 195//579 155//489 196//581
f 196//582 155//490 195//580
f 208//611 181//547 182//549
f 182//550 181//548 208//612
f 208//611 196//581 181//547
f 181//548 196//582 208//612
f 179//543 209//613 182//549
f 182//550 209//614 179//544
f 183//551 167//513 197//583
f 197//584 167//514 183//552
f 198//585 184//553 183//551
f 183//552 184//554 198//586
f 200//589 158//495 198//585
f 198//586 158//496 200//590
f 169//517 210//615 199//587
f 199//588 210//616 169//518
f 211//617 185//555 199//587
f 199//588 185//556 211//618
f 169//517 186//557 210//615
f 210//616 186//558 169//518
f 200//589 212//619 186//557
f 186//558 212//620 200//590
f 172//523 185//555 213//621
f 213//622 185//556 172//526
f 201//591 172//523 214//623
f 214//624 172//526 201//592
f 187//593 201//591 215//625
f 215//626 201//592 187//594
f 202//627 187//593 216//628
f 216//629 187//594 202//630
f 203//599 188//600 202//627
f 202//630 188//601 203//602
f 203//599 204//603 161//501
f 161//502 204//604 203//602
f 217//631 176//537 204//603
f 204//604 176//538 217//632
f 205//605 206//607 177//539
f 177//540 206//608 205//606
f 217//631 205//605 176//537
f 176//538 205//606 217//632
f 218//633 189//567 206//607
f 206//608 189//568 218//634
f 189//567 219//635 190//569
f 190//570 219//636 189//568
f 190//569 220//637 191//571
f 191//572 220//638 190//570
f 191//571 209//613 179//543
f 179//544 209//614 191//572
f 221//639 192//573 193//575
f 193//576 192//574 221//640
f 192//573 222//641 197//583
f 197//584 222//642 192//574
f 223//643 193//575 207//609
f 207//610 193//576 223//644
f 224//645 207//609 194//577
f 194//578 207//610 224//646
f 225//647 194//577 195//579
f 195//580 194//578 225//648
f 226//649 195//579 196//581
f 196//582 195//580 226//650
f 209//613 208//611 182//549
f 182//550 208//612 209//614
f 227//651 196//581 208//611
f 208//612 196//582 227//652
f 228//653 183//551 197//583
f 197//584 183//552 228//654
f 198//585 183//551 228//653
f 228//654 183//552 198//586
f 198//585 212//619 200//589
f 200//590 212//620 198//586
f 199//587 210//615 229//655
f 229//656 210//616 199//588
f 213//621 185//555 211//617
f 211//618 185//556 213//622
f 211//617 199//587 230//657
f 230//658 199//588 211//618
f 186//557 229//655 210//615
f 210//616 229//656 186//558
f 186//557 212//619 231//659
f 231//660 212//620 186//558
f 214//623 172//523 213//621
f 213//622 172//526 214//624
f 201//591 214//623 232//661
f 232//662 214//624 201//592
f 215//625 201//591 233//663
f 233//664 201//592 215//626
f 216//628 187//593 215//625
f 215//626 187//594 216//629
f 216//628 203//599 202//627
f 202//630 203//602 216//629
f 217//631 204//603 203//599
f 203//602 204//604 217//632
f 205//605 218//633 206//607
f 206//608 218//634 205//606
f 234//665 205//605 217//631
f 217//632 205//606 234//666
f 218//633 235//667 189//567
f 189//568 235//668 218//634
f 189//567 236//669 219//635
f 219//636 236//670 189//568
f 219//635 220//637 190//569
f 190//570 220//638 219//636
f 191//571 220//637 209//613
f 209//614 220//638 191//572
f 237//671 192//573 221//639
f 221//640 192//574 237//672
f 238//673 221//639 193//575
f 193//576 221//640 238//674
f 222//641 192//573 237//671
f 237//672 192//574 222//642
f 197//583 222//641 239//675
f 239//676 222//642 197//584
f 223//643 238//673 193//575
f 193//576 238//674 223//644
f 240//677 223//643 207//609
f 207//610 223//644 240//678
f 240//677 207//609 224//645
f 224//646 207//610 240//678
f 224//645 194//577 225//647
f 225//648 194//578 224//646
f 225//647 195//579 226//649
f 226//650 195//580 225//648
f 226//649 196//581 227//651
f 227//652 196//582 226//650
f 209//613 241//679 208//611
f 208//612 241//680 209//614
f 241//679 227//651 208//611
f 208//612 227//652 241//680
f 197//583 239//675 228//653
f 228//654 239//676 197//584
f 228//653 239//675 198//585
f 198//586 239//676 228//654
f 198//585 242//681 212//619
f 212//620 242//682 198//586
f 199//587 229//655 243//683
f 243//684 229//656 199//588
f 214//623 213//621 211//617
f 211//618 213//622 214//624
f 199//587 243//683 230//657
f 230//658 243//684 199//588
f 244//685 211//617 230//657
f 230//658 211//618 244//686
f 186//557 231//659 229//655
f 229//656 231//660 186//558
f 212//619 245//687 231//659
f 231//660 245//688 212//620
f 232//661 214//623 244//685
f 244//686 214//624 232//662
f 233//663 201//591 232//661
f 232//662 201//592 233//664
f 216//628 215//625 233//663
f 233//664 215//626 216//629
f 203//599 216//628 246//689
f 246//690 216//629 203//602
f 217//631 203//599 247//691
f 247//692 203//602 217//632
f 248//693 218//633 205//605
f 205//606 218//634 248//694
f 248//693 205//605 234//665
f 234//666 205//606 248//694
f 234//665 217//631 247//691
f 247//692 217//632 234//666
f 249//695 235//667 218//633
f 218//634 235//668 249//696
f 235//667 236//669 189//567
f 189//568 236//670 235//668
f 236//669 220//637 219//635
f 219//636 220//638 236//670
f 220//637 241//679 209//613
f 209//614 241//680 220//638
f 237//671 221//639 238//673
f 238//674 221//640 237//672
f 239//675 222//641 237//671
f 237//672 222//642 239//676
f 250//697 238//673 223//643
f 223//644 238//674 250//698
f 251//699 223//643 240//677
f 240//678 223//644 251//700
f 252//701 240//677 224//645
f 224//646 240//678 252//702
f 253//703 224//645 225//647
f 225//648 224//646 253//704
f 254//705 225//647 226//649
f 226//650 225//648 254//706
f 226//649 227//651 255//707
f 255//708 227//652 226//650
f 256//709 227//651 241//679
f 241//680 227//652 256//710
f 198//585 239//675 242//681
f 242//682 239//676 198//586
f 242//681 257//711 212//619
f 212//620 257//712 242//682
f 243//683 229//655 258//713
f 258//714 229//656 243//684
f 214//623 211//617 244//685
f 244//686 211//618 214//624
f 230//657 243//683 258//713
f 258//714 243//684 230//658
f 244//685 230//657 259//715
f 259//716 230//658 244//686
f 229//655 231//659 245//687
f 245//688 231//660 229//656
f 212//619 260//717 245//687
f 245//688 260//718 212//620
f 232//661 244//685 261//719
f 261//720 244//686 232//662
f 233//663 232//661 262//721
f 262//722 232//662 233//664
f 263//723 216//628 233//663
f 233//664 216//629 263//724
f 246//689 216//628 263//723
f 263//724 216//629 246//690
f 247//691 203//599 246//689
f 246//690 203//602 247//692
f 264//725 218//633 248//693
f 248//694 218//634 264//726
f 264//725 248//693 234//665
f 234//666 248//694 264//726
f 234//665 247//691 265//727
f 265//728 247//692 234//666
f 249//695 236//669 235//667
f 235//668 236//670 249//696
f 266//729 249//695 218//633
f 218//634 249//696 266//730
f 236//669 267//731 220//637
f 220//638 267//732 236//670
f 267//731 241//679 220//637
f 220//638 241//680 267//732
f 237//671 238//673 268//733
f 268//734 238//674 237//672
f 239//675 237//671 269//735
f 269//736 237//672 239//676
f 270//737 238//673 250//697
f 250//698 238//674 270//738
f 251//699 250//697 223//643
f 223//644 250//698 251//700
f 271//739 251//699 240//677
f 240//678 251//700 271//740
f 272//741 240//677 252//701
f 252//702 240//678 272//742
f 252//701 224//645 253//703
f 253//704 224//646 252//702
f 253//703 225//647 254//705
f 254//706 225//648 253//704
f 254//705 226//649 273//743
f 273//744 226//650 254//706
f 274//745 255//707 227//651
f 227//652 255//708 274//746
f 273//743 226//649 255//707
f 255//708 226//650 273//744
f 256//709 274//745 227//651
f 227//652 274//746 256//710
f 275//747 256//709 241//679
f 241//680 256//710 275//748
f 239//675 257//711 242//681
f 242//682 257//712 239//676
f 212//619 257//711 260//717
f 260//718 257//712 212//620
f 229//655 276//749 258//713
f 258//714 276//750 229//656
f 230//657 258//713 277//751
f 277//752 258//714 230//658
f 259//715 230//657 278//753
f 278//754 230//658 259//716
f 261//719 244//685 259//715
f 259//716 244//686 261//720
f 229//655 245//687 276//749
f 276//750 245//688 229//656
f 245//687 260//717 279//755
f 279//756 260//718 245//688
f 262//721 232//661 261//719
f 261//720 232//662 262//722
f 263//723 233//663 262//721
f 262//722 233//664 263//724
f 280//757 246//689 263//723
f 263//724 246//690 280//758
f 247//691 246//689 280//757
f 280//758 246//690 247//692
f 266//729 218//633 264//725
f 264//726 218//634 266//730
f 264//725 234//665 281//759
f 281//760 234//666 264//726
f 265//727 247//691 280//757
f 280//758 247//692 265//728
f 281//759 234//665 265//727
f 265//728 234//666 281//760
f 249//695 282//761 236//669
f 236//670 282//762 249//696
f 283//763 249//695 266//729
f 266//730 249//696 283//764
f 275//747 267//731 236//669
f 236//670 267//732 275//748
f 275//747 241//679 267//731
f 267//732 241//680 275//748
f 268//733 238//673 270//737
f 270//738 238//674 268//734
f 284//765 237//671 268//733
f 268//734 237//672 284//766
f 269//735 237//671 284//765
f 284//766 237//672 269//736
f 257//711 239//675 269//735
f 269//736 239//676 257//712
f 270//737 250//697 285//767
f 285//768 250//698 270//738
f 271//739 250//697 251//699
f 251//700 250//698 271//740
f 272//741 271//739 240//677
f 240//678 271//740 272//742
f 286//769 272//741 252//701
f 252//702 272//742 286//770
f 287//771 252//701 253//703
f 253//704 252//702 287//772
f 288//773 253//703 254//705
f 254//706 253//704 288//774
f 289//775 254//705 273//743
f 273//744 254//706 289//776
f 274//745 273//743 255//707
f 255//708 273//744 274//746
f 275//747 274//745 256//709
f 256//710 274//746 275//748
f 260//717 257//711 279//755
f 279//756 257//712 260//718
f 258//713 276//749 290//777
f 290//778 276//750 258//714
f 291//779 277//751 258//713
f 258//714 277//752 291//780
f 278//753 230//657 277//751
f 277//752 230//658 278//754
f 261//719 259//715 278//753
f 278//754 259//716 261//720
f 290//777 276//749 245//687
f 245//688 276//750 290//778
f 292//781 245//687 279//755
f 279//756 245//688 292//782
f 262//721 261//719 293//783
f 293//784 261//720 262//722
f 294//785 263//723 262//721
f 262//722 263//724 294//786
f 280//757 263//723 294//785
f 294//786 263//724 280//758
f 283//763 266//729 264//725
f 264//726 266//730 283//764
f 295//787 264//725 281//759
f 281//760 264//726 295//788
f 265//727 280//757 296//789
f 296//790 280//758 265//728
f 295//787 281//759 265//727
f 265//728 281//760 295//788
f 249//695 297//791 282//761
f 282//762 297//792 249//696
f 282//761 275//747 236//669
f 236//670 275//748 282//762
f 283//763 298//793 249//695
f 249//696 298//794 283//764
f 284//765 268//733 270//737
f 270//738 268//734 284//766
f 257//711 269//735 284//765
f 284//766 269//736 257//712
f 285//767 250//697 299//795
f 299//796 250//698 285//768
f 300//797 270//737 285//767
f 285//768 270//738 300//798
f 299//795 250//697 271//739
f 271//740 250//698 299//796
f 301//799 271//739 272//741
f 272//742 271//740 301//800
f 286//769 302//801 272//741
f 272//742 302//802 286//770
f 286//769 252//701 287//771
f 287//772 252//702 286//770
f 287//771 253//703 303//803
f 303//804 253//704 287//772
f 303//803 253//703 288//773
f 288//774 253//704 303//804
f 288//773 254//705 289//775
f 289//776 254//706 288//774
f 304//805 289//775 273//743
f 273//744 289//776 304//806
f 274//745 305//807 273//743
f 273//744 305//808 274//746
f 275//747 306//809 274//745
f 274//746 306//810 275//748
f 279//755 257//711 307//811
f 307//812 257//712 279//756
f 308//813 258//713 290//777
f 290//778 258//714 308//814
f 291//779 278//753 277//751
f 277//752 278//754 291//780
f 291//779 258//713 308//813
f 308//814 258//714 291//780
f 261//719 278//753 309//815
f 309//816 278//754 261//720
f 290//777 245//687 292//781
f 292//782 245//688 290//778
f 292//781 279//755 310//817
f 310//818 279//756 292//782
f 293//783 261//719 311//819
f 311//820 261//720 293//784
f 294//785 262//721 293//783
f 293//784 262//722 294//786
f 296//789 280//757 294//785
f 294//786 280//758 296//790
f 312//821 283//763 264//725
f 264//726 283//764 312//822
f 312//821 264//725 295//787
f 295//788 264//726 312//822
f 265//727 296//789 313//823
f 313//824 296//790 265//728
f 295//787 265//727 314//825
f 314//826 265//728 295//788
f 298//793 297//791 249//695
f 249//696 297//792 298//794
f 297//791 275//747 282//761
f 282//762 275//748 297//792
f 283//763 315//827 298//793
f 298//794 315//828 283//764
f 284//765 270//737 300//797
f 300//798 270//738 284//766
f 257//711 284//765 307//811
f 307//812 284//766 257//712
f 316//829 285//767 299//795
f 299//796 285//768 316//830
f 300//797 285//767 317//831
f 317//832 285//768 300//798
f 301//799 299//795 271//739
f 271//740 299//796 301//800
f 301//799 272//741 302//801
f 302//802 272//742 301//800
f 286//769 318//833 302//801
f 302//802 318//834 286//770
f 286//769 287//771 319//835
f 319//836 287//772 286//770
f 320//837 287//771 303//803
f 303//804 287//772 320//838
f 303//803 288//773 289//775
f 289//776 288//774 303//804
f 304//805 321//839 289//775
f 289//776 321//840 304//806
f 305//807 304//805 273//743
f 273//744 304//806 305//808
f 322//841 305//807 274//745
f 274//746 305//808 322//842
f 297//791 306//809 275//747
f 275//748 306//810 297//792
f 306//809 322//841 274//745
f 274//746 322//842 306//810
f 279//755 307//811 323//843
f 323//844 307//812 279//756
f 324//845 308//813 290//777
f 290//778 308//814 324//846
f 325//847 278//753 291//779
f 291//780 278//754 325//848
f 291//779 308//813 324//845
f 324//846 308//814 291//780
f 326//849 309//850 278//753
f 278//754 309//851 326//852
f 311//819 261//719 309//815
f 309//816 261//720 311//820
f 290//777 292//781 310//817
f 310//818 292//782 290//778
f 310//817 279//755 327//853
f 327//854 279//756 310//818
f 294//785 293//783 311//819
f 311//820 293//784 294//786
f 313//823 296//789 294//785
f 294//786 296//790 313//824
f 328//855 283//763 312//821
f 312//822 283//764 328//856
f 295//787 328//855 312//821
f 312//822 328//856 295//788
f 314//825 265//727 313//823
f 313//824 265//728 314//826
f 329//857 295//787 314//825
f 314//826 295//788 329//858
f 298//793 315//827 297//791
f 297//792 315//828 298//794
f 330//859 315//827 283//763
f 283//764 315//828 330//860
f 323//843 284//765 300//797
f 300//798 284//766 323//844
f 307//811 284//765 323//843
f 323//844 284//766 307//812
f 317//831 285//767 316//829
f 316//830 285//768 317//832
f 316//829 299//795 331//861
f 331//862 299//796 316//830
f 332//863 300//797 317//831
f 317//832 300//798 332//864
f 301//799 331//861 299//795
f 299//796 331//862 301//800
f 318//833 301//799 302//801
f 302//802 301//800 318//834
f 286//769 333//865 318//833
f 318//834 333//866 286//770
f 320//837 319//835 287//771
f 287//772 319//836 320//838
f 319//835 334//867 286//769
f 286//770 334//868 319//836
f 320//837 303//803 335//869
f 335//870 303//804 320//838
f 335//869 303//803 289//775
f 289//776 303//804 335//870
f 336//871 321//839 304//805
f 304//806 321//840 336//872
f 321//839 335//869 289//775
f 289//776 335//870 321//840
f 322//841 304//805 305//807
f 305//808 304//806 322//842
f 297//791 322//841 306//809
f 306//810 322//842 297//792
f 279//755 323//843 327//853
f 327//854 323//844 279//756
f 324//845 290//777 337//873
f 337//874 290//778 324//846
f 326//849 278//753 325//847
f 325//848 278//754 326//852
f 338//875 325//847 291//779
f 291//780 325//848 338//876
f 339//877 291//779 324//845
f 324//846 291//780 339//878
f 326//849 311//879 309//850
f 309//851 311//880 326//852
f 337//873 290//777 310//817
f 310//818 290//778 337//874
f 340//881 310//817 327//853
f 327//854 310//818 340//882
f 341//883 294//785 311//819
f 311//820 294//786 341//884
f 313//823 294//785 341//883
f 341//884 294//786 313//824
f 328//855 330//859 283//763
f 283//764 330//860 328//856
f 342//885 328//855 295//787
f 295//788 328//856 342//886
f 329//857 314//825 313//823
f 313//824 314//826 329//858
f 329//857 342//885 295//787
f 295//788 342//886 329//858
f 315//827 343//887 297//791
f 297//792 343//888 315//828
f 330//859 344//889 315//827
f 315//828 344//890 330//860
f 323//843 300//797 332//863
f 332//864 300//798 323//844
f 345//891 317//831 316//829
f 316//830 317//832 345//892
f 316//829 331//861 346//893
f 346//894 331//862 316//830
f 347//895 332//863 317//831
f 317//832 332//864 347//896
f 301//799 346//893 331//861
f 331//862 346//894 301//800
f 318//833 348//897 301//799
f 301//800 348//898 318//834
f 334//867 333//865 286//769
f 286//770 333//866 334//868
f 333//865 349//899 318//833
f 318//834 349//900 333//866
f 320//837 334//867 319//835
f 319//836 334//868 320//838
f 320//837 335//869 350//901
f 350//902 335//870 320//838
f 336//871 351//903 321//839
f 321//840 351//904 336//872
f 322//841 336//871 304//805
f 304//806 336//872 322//842
f 352//905 335//869 321//839
f 321//840 335//870 352//906
f 297//791 343//887 322//841
f 322//842 343//888 297//792
f 327//853 323//843 332//863
f 332//864 323//844 327//854
f 353//907 324//845 337//873
f 337//874 324//846 353//908
f 338//875 326//849 325//847
f 325//848 326//852 338//876
f 339//877 338//875 291//779
f 291//780 338//876 339//878
f 339//877 324//845 353//907
f 353//908 324//846 339//878
f 354//909 311//879 326//849
f 326//852 311//880 354//910
f 337//873 310//817 340//881
f 340//882 310//818 337//874
f 340//881 327//853 355//911
f 355//912 327//854 340//882
f 356//913 341//914 311//879
f 311//880 341//915 356//916
f 356//913 313//823 341//914
f 341//915 313//824 356//916
f 328//855 344//889 330//859
f 330//860 344//890 328//856
f 357//917 328//855 342//885
f 342//886 328//856 357//918
f 329//857 313//823 358//919
f 358//920 313//824 329//858
f 329//857 357//917 342//885
f 342//886 357//918 329//858
f 315//827 359//921 343//887
f 343//888 359//922 315//828
f 344//889 360//923 315//827
f 315//828 360//924 344//890
f 347//895 317//831 345//891
f 345//892 317//832 347//896
f 361//925 345//891 316//829
f 316//830 345//892 361//926
f 346//893 362//927 316//829
f 316//830 362//928 346//894
f 355//911 332//863 347//895
f 347//896 332//864 355//912
f 348//897 346//893 301//799
f 301//800 346//894 348//898
f 349//899 348//897 318//833
f 318//834 348//898 349//900
f 334//867 363//929 333//865
f 333//866 363//930 334//868
f 364//931 349//899 333//865
f 333//866 349//900 364//932
f 320//837 365//933 334//867
f 334//868 365//934 320//838
f 352//905 350//901 335//869
f 335//870 350//902 352//906
f 350//901 366//935 320//837
f 320//838 366//936 350//902
f 367//937 351//903 336//871
f 336//872 351//904 367//938
f 351//903 352//905 321//839
f 321//840 352//906 351//904
f 359//921 336//871 322//841
f 322//842 336//872 359//922
f 343//887 359//921 322//841
f 322//842 359//922 343//888
f 355//911 327//853 332//863
f 332//864 327//854 355//912
f 353//907 337//873 368//939
f 368//940 337//874 353//908
f 369//941 326//849 338//875
f 338//876 326//852 369//942
f 370//943 338//875 339//877
f 339//878 338//876 370//944
f 371//945 339//877 353//907
f 353//908 339//878 371//946
f 356//913 311//879 354//909
f 354//910 311//880 356//916
f 372//947 354//909 326//849
f 326//852 354//910 372//948
f 368//939 337//873 340//881
f 340//882 337//874 368//940
f 340//881 355//911 373//949
f 373//950 355//912 340//882
f 358//919 313//823 356//913
f 356//916 313//824 358//920
f 374//951 344//889 328//855
f 328//856 344//890 374//952
f 357//917 374//951 328//855
f 328//856 374//952 357//918
f 375//953 329//857 358//919
f 358//920 329//858 375//954
f 376//955 357//917 329//857
f 329//858 357//918 376//956
f 315//827 360//923 359//921
f 359//922 360//924 315//828
f 377//957 360//923 344//889
f 344//890 360//924 377//958
f 347//895 345//891 361//925
f 361//926 345//892 347//896
f 361//925 316//829 362//927
f 362//928 316//830 361//926
f 378//959 362//927 346//893
f 346//894 362//928 378//960
f 355//911 347//895 379//961
f 379//962 347//896 355//912
f 348//897 378//959 346//893
f 346//894 378//960 348//898
f 349//899 380//963 348//897
f 348//898 380//964 349//900
f 365//933 363//929 334//867
f 334//868 363//930 365//934
f 363//929 364//931 333//865
f 333//866 364//932 363//930
f 349//965 364//966 381//967
f 381//968 364//969 349//970
f 366//935 365//933 320//837
f 320//838 365//934 366//936
f 352//905 366//935 350//901
f 350//902 366//936 352//906
f 382//971 351//903 367//937
f 367//938 351//904 382//972
f 359//921 367//937 336//871
f 336//872 367//938 359//922
f 383//973 352//905 351//903
f 351//904 352//906 383//974
f 353//907 368//939 384//975
f 384//976 368//940 353//908
f 369//941 372//947 326//849
f 326//852 372//948 369//942
f 370//943 369//941 338//875
f 338//876 369//942 370//944
f 370//943 339//877 371//945
f 371//946 339//878 370//944
f 371//945 353//907 385//977
f 385//978 353//908 371//946
f 372//947 356//913 354//909
f 354//910 356//916 372//948
f 368//939 340//881 373//949
f 373//950 340//882 368//940
f 373//949 355//911 379//961
f 379//962 355//912 373//950
f 375//953 358//919 356//913
f 356//916 358//920 375//954
f 374//951 377//957 344//889
f 344//890 377//958 374//952
f 386//979 374//951 357//917
f 357//918 374//952 386//980
f 376//955 329//857 375//953
f 375//954 329//858 376//956
f 376//955 386//979 357//917
f 357//918 386//980 376//956
f 360//923 367//937 359//921
f 359//922 367//938 360//924
f 377//957 387//981 360//923
f 360//924 387//982 377//958
f 388//983 347//895 361//925
f 361//926 347//896 388//984
f 362//927 389//985 361//925
f 361//926 389//986 362//928
f 378//959 390//987 362//927
f 362//928 390//988 378//960
f 379//961 347//895 388//983
f 388//984 347//896 379//962
f 380//963 378//959 348//897
f 348//898 378//960 380//964
f 349//965 381//967 380//989
f 380//990 381//968 349//970
f 365//933 391//991 363//929
f 363//930 391//992 365//934
f 363//993 392//994 364//966
f 364//969 392//995 363//996
f 364//966 393//997 381//967
f 381//968 393//998 364//969
f 366//935 394//999 365//933
f 365//934 394//1000 366//936
f 352//905 395//1001 366//935
f 366//936 395//1002 352//906
f 382//971 383//973 351//903
f 351//904 383//974 382//972
f 387//981 382//971 367//937
f 367//938 382//972 387//982
f 396//1003 352//905 383//973
f 383//974 352//906 396//1004
f 384//975 368//939 397//1005
f 397//1006 368//940 384//976
f 385//977 353//907 384//975
f 384//976 353//908 385//978
f 398//1007 372//947 369//941
f 369//942 372//948 398//1008
f 399//1009 369//941 370//943
f 370//944 369//942 399//1010
f 385//977 370//943 371//945
f 371//946 370//944 385//978
f 400//1011 356//913 372//947
f 372//948 356//916 400//1012
f 368//939 373//949 397//1005
f 397//1006 373//950 368//940
f 401//1013 373//949 379//961
f 379//962 373//950 401//1014
f 400//1011 375//953 356//913
f 356//916 375//954 400//1012
f 402//1015 377//957 374//951
f 374//952 377//958 402//1016
f 386//979 402//1015 374//951
f 374//952 402//1016 386//980
f 403//1017 376//955 375//953
f 375//954 376//956 403//1018
f 404//1019 386//979 376//955
f 376//956 386//980 404//1020
f 387//981 367//937 360//923
f 360//924 367//938 387//982
f 377//957 405//1021 387//981
f 387//982 405//1022 377//958
f 389//985 388//983 361//925
f 361//926 388//984 389//986
f 390//987 389//985 362//927
f 362//928 389//986 390//988
f 390//1023 378//1024 406//1025
f 406//1026 378//1027 390//1028
f 388//983 401//1013 379//961
f 379//962 401//1014 388//984
f 378//1024 380//989 406//1025
f 406//1026 380//990 378//1027
f 380//989 381//967 407//1029
f 407//1030 381//968 380//990
f 394//999 391//991 365//933
f 365//934 391//992 394//1000
f 363//993 391//1031 392//994
f 392//995 391//1032 363//996
f 364//966 392//994 393//997
f 393//998 392//995 364//969
f 393//997 408//1033 381//967
f 381//968 408//1034 393//998
f 395//1001 394//999 366//935
f 366//936 394//1000 395//1002
f 396//1003 395//1001 352//905
f 352//906 395//1002 396//1004
f 382//971 396//1003 383//973
f 383//974 396//1004 382//972
f 387//981 409//1035 382//971
f 382//972 409//1036 387//982
f 384//975 397//1005 410//1037
f 410//1038 397//1006 384//976
f 411//1039 385//977 384//975
f 384//976 385//978 411//1040
f 398//1007 400//1011 372//947
f 372//948 400//1012 398//1008
f 398//1007 369//941 399//1009
f 399//1010 369//942 398//1008
f 412//1041 399//1009 370//943
f 370//944 399//1010 412//1042
f 413//1043 370//943 385//977
f 385//978 370//944 413//1044
f 414//1045 397//1005 373//949
f 373//950 397//1006 414//1046
f 401//1013 415//1047 373//949
f 373//950 415//1048 401//1014
f 403//1017 375//953 400//1011
f 400//1012 375//954 403//1018
f 402//1015 405//1021 377//957
f 377//958 405//1022 402//1016
f 386//979 416//1049 402//1015
f 402//1016 416//1050 386//980
f 404//1019 376//955 403//1017
f 403//1018 376//956 404//1020
f 404//1019 417//1051 386//979
f 386//980 417//1052 404//1020
f 405//1021 409//1035 387//981
f 387//982 409//1036 405//1022
f 389//985 418//1053 388//983
f 388//984 418//1054 389//986
f 389//1055 390//1023 419//1056
f 419//1057 390//1028 389//1058
f 390//1023 406//1025 420//1059
f 420//1060 406//1026 390//1028
f 418//1053 401//1013 388//983
f 388//984 401//1014 418//1054
f 380//989 407//1029 406//1025
f 406//1026 407//1030 380//990
f 381//967 421//1061 407//1029
f 407//1030 421//1062 381//968
f 394//1063 422//1064 391//1031
f 391//1032 422//1065 394//1066
f 391//1031 423//1067 392//994
f 392//995 423//1068 391//1032
f 393//997 392//994 408//1033
f 408//1034 392//995 393//998
f 381//967 408//1033 424//1069
f 424//1070 408//1034 381//968
f 395//1001 425//1071 394//999
f 394//1000 425//1072 395//1002
f 396//1003 426//1073 395//1001
f 395//1002 426//1074 396//1004
f 427//1075 396//1003 382//971
f 382//972 396//1004 427//1076
f 428//1077 382//971 409//1035
f 409//1036 382//972 428//1078
f 410//1037 397//1005 414//1045
f 414//1046 397//1006 410//1038
f 411//1039 384//975 410//1037
f 410//1038 384//976 411//1040
f 411//1039 429//1079 385//977
f 385//978 429//1080 411//1040
f 430//1081 400//1011 398//1007
f 398//1008 400//1012 430//1082
f 412//1041 398//1007 399//1009
f 399//1010 398//1008 412//1042
f 412//1041 370//943 413//1043
f 413//1044 370//944 412//1042
f 429//1083 413//1043 385//1084
f 385//1085 413//1044 429//1086
f 414//1045 373//949 415//1047
f 415//1048 373//950 414//1046
f 415//1087 401//1088 431//1089
f 431//1090 401//1091 415//1092
f 403//1017 400//1011 430//1081
f 430//1082 400//1012 403//1018
f 402//1015 432//1093 405//1021
f 405//1022 432//1094 402//1016
f 417//1051 416//1049 386//979
f 386//980 416//1050 417//1052
f 416//1049 432//1093 402//1015
f 402//1016 432//1094 416//1050
f 417//1051 404//1019 403//1017
f 403//1018 404//1020 417//1052
f 405//1021 428//1077 409//1035
f 409//1036 428//1078 405//1022
f 418//1095 389//1055 419//1056
f 419//1057 389//1058 418//1096
f 419//1056 390//1023 420//1059
f 420//1060 390//1028 419//1057
f 433//1097 420//1059 406//1025
f 406//1026 420//1060 433//1098
f 401//1088 418//1095 431//1089
f 431//1090 418//1096 401//1091
f 407//1029 421//1061 406//1025
f 406//1026 421//1062 407//1030
f 381//967 424//1069 421//1061
f 421//1062 424//1070 381//968
f 425//1099 422//1064 394//1063
f 394//1066 422//1065 425//1100
f 391//1031 422//1064 423//1067
f 423//1068 422//1065 391//1032
f 392//994 423//1067 434//1101
f 434//1102 423//1068 392//995
f 392//994 435//1103 408//1033
f 408//1034 435//1104 392//995
f 408//1105 436//1106 424//1107
f 424//1108 436//1109 408//1110
f 426//1073 425//1071 395//1001
f 395//1002 425//1072 426//1074
f 427//1075 426//1073 396//1003
f 396//1004 426//1074 427//1076
f 428//1077 427//1075 382//971
f 382//972 427//1076 428//1078
f 437//1111 410//1037 414//1045
f 414//1046 410//1038 437//1112
f 411//1039 410//1037 438//1113
f 438//1114 410//1038 411//1040
f 429//1115 411//1116 439//1117
f 439//1118 411//1119 429//1120
f 440//1121 430//1081 398//1007
f 398//1008 430//1082 440//1122
f 441//1123 398//1007 412//1041
f 412//1042 398//1008 441//1124
f 429//1083 412//1041 413//1043
f 413//1044 412//1042 429//1086
f 414//1125 415//1087 442//1126
f 442//1127 415//1092 414//1128
f 415//1087 431//1089 443//1129
f 443//1130 431//1090 415//1092
f 440//1121 403//1017 430//1081
f 430//1082 403//1018 440//1122
f 432//1093 444//1131 405//1021
f 405//1022 444//1132 432//1094
f 445//1133 416//1049 417//1051
f 417//1052 416//1050 445//1134
f 416//1049 446//1135 432//1093
f 432//1094 446//1136 416//1050
f 417//1051 403//1017 447//1137
f 447//1138 403//1018 417//1052
f 448//1139 428//1077 405//1021
f 405//1022 428//1078 448//1140
f 418//1095 419//1056 449//1141
f 449//1142 419//1057 418//1096
f 419//1056 420//1059 433//1097
f 433//1098 420//1060 419//1057
f 433//1097 406//1025 450//1143
f 450//1144 406//1026 433//1098
f 431//1089 418//1095 449//1141
f 449//1142 418//1096 431//1090
f 406//1025 421//1061 450//1143
f 450//1144 421//1062 406//1026
f 424//1107 436//1106 421//1145
f 421//1146 436//1109 424//1108
f 425//1099 451//1147 422//1064
f 422//1065 451//1148 425//1100
f 423//1067 422//1064 434//1101
f 434//1102 422//1065 423//1068
f 392//994 434//1101 435//1103
f 435//1104 434//1102 392//995
f 452//1149 408//1105 435//1150
f 435//1151 408//1110 452//1152
f 453//1153 436//1106 408//1105
f 408//1110 436//1109 453//1154
f 426//1155 454//1156 425//1099
f 425//1100 454//1157 426//1158
f 427//1075 455//1159 426//1073
f 426//1074 455//1160 427//1076
f 428//1077 456//1161 427//1075
f 427//1076 456//1162 428//1078
f 457//1163 410//1037 437//1111
f 437//1112 410//1038 457//1164
f 437//1165 414//1125 442//1126
f 442//1127 414//1128 437//1166
f 458//1167 438//1113 410//1037
f 410//1038 438//1114 458//1168
f 459//1169 411//1039 438//1113
f 438//1114 411//1040 459//1170
f 439//1171 411//1171 460//1171
f 460//1172 411//1172 439//1172
f 461//1173 429//1115 439//1117
f 439//1118 429//1120 461//1174
f 441//1123 440//1121 398//1007
f 398//1008 440//1122 441//1124
f 462//1175 441//1123 412//1041
f 412//1042 441//1124 462//1176
f 429//1083 462//1175 412//1041
f 412//1042 462//1176 429//1086
f 442//1126 415//1087 443//1129
f 443//1130 415//1092 442//1127
f 443//1129 431//1089 463//1177
f 463//1178 431//1090 443//1130
f 447//1137 403//1017 440//1121
f 440//1122 403//1018 447//1138
f 446//1135 444//1131 432//1093
f 432//1094 444//1132 446//1136
f 444//1131 448//1139 405//1021
f 405//1022 448//1140 444//1132
f 445//1133 446//1135 416//1049
f 416//1050 446//1136 445//1134
f 445//1133 417//1051 464//1179
f 464//1180 417//1052 445//1134
f 464//1179 417//1051 447//1137
f 447//1138 417//1052 464//1180
f 448//1139 456//1161 428//1077
f 428//1078 456//1162 448//1140
f 465//1181 449//1141 419//1056
f 419//1057 449//1142 465//1182
f 466//1183 419//1056 433//1097
f 433//1098 419//1057 466//1184
f 467//1185 433//1186 450//1187
f 450//1188 433//1189 467//1190
f 431//1089 449//1141 465//1181
f 465//1182 449//1142 431//1090
f 421//1145 467//1185 450//1187
f 450//1188 467//1190 421//1146
f 436//1106 467//1185 421//1145
f 421//1146 467//1190 436//1109
f 454//1156 451//1147 425//1099
f 425//1100 451//1148 454//1157
f 468//1191 422//1064 451//1147
f 451//1148 422//1065 468//1192
f 422//1064 469//1193 434//1101
f 434//1102 469//1194 422//1065
f 434//1195 452//1149 435//1150
f 435//1151 452//1152 434//1196
f 452//1149 453//1153 408//1105
f 408//1110 453//1154 452//1152
f 470//1197 436//1106 453//1153
f 453//1154 436//1109 470//1198
f 455//1199 454//1156 426//1155
f 426//1158 454//1157 455//1200
f 456//1161 455//1159 427//1075
f 427//1076 455//1160 456//1162
f 457//1163 458//1167 410//1037
f 410//1038 458//1168 457//1164
f 457//1201 437//1165 471//1202
f 471//1203 437//1166 457//1204
f 437//1165 442//1126 472//1205
f 472//1206 442//1127 437//1166
f 473//1207 438//1113 458//1167
f 458//1168 438//1114 473//1208
f 474//1209 411//1209 459//1209
f 459//1210 411//1210 474//1210
f 473//1207 459//1169 438//1113
f 438//1114 459//1170 473//1208
f 474//1211 460//1211 411//1211
f 411//1212 460//1212 474//1212
f 474//1213 439//1214 460//1215
f 460//1216 439//1217 474//1218
f 461//1173 475//1219 429//1115
f 429//1120 475//1220 461//1174
f 461//1221 439//1214 474//1213
f 474//1218 439//1217 461//1222
f 476//1223 440//1121 441//1123
f 441//1124 440//1122 476//1224
f 441//1225 462//1226 477//1227
f 477//1228 462//1229 441//1230
f 462//1226 429//1231 477//1227
f 477//1228 429//1232 462//1229
f 442//1126 443//1129 463//1177
f 463//1178 443//1130 442//1127
f 463//1177 431//1089 478//1233
f 478//1234 431//1090 463//1178
f 464//1179 447//1137 440//1121
f 440//1122 447//1138 464//1180
f 446//1135 479//1235 444//1131
f 444//1132 479//1236 446//1136
f 448//1139 444//1131 480//1237
f 480//1238 444//1132 448//1140
f 445//1133 481//1239 446//1135
f 446//1136 481//1240 445//1134
f 445//1241 464//1242 482//1243
f 482//1244 464//1245 445//1246
f 448//1139 483//1247 456//1161
f 456//1162 483//1248 448//1140
f 465//1181 419//1056 466//1183
f 466//1184 419//1057 465//1182
f 433//1186 484//1249 466//1250
f 466//1251 484//1252 433//1189
f 467//1185 485//1253 433//1186
f 433//1189 485//1254 467//1190
f 431//1089 465//1181 478//1233
f 478//1234 465//1182 431//1090
f 470//1197 467//1185 436//1106
f 436//1109 467//1190 470//1198
f 454//1156 468//1191 451//1147
f 451//1148 468//1192 454//1157
f 468//1191 469//1193 422//1064
f 422//1065 469//1194 468//1192
f 469//1255 486//1256 434//1195
f 434//1196 486//1257 469//1258
f 486//1256 452//1149 434//1195
f 434//1196 452//1152 486//1257
f 452//1149 470//1197 453//1153
f 453//1154 470//1198 452//1152
f 455//1199 487//1259 454//1156
f 454//1157 487//1260 455//1200
f 456//1261 488//1262 455//1199
f 455//1200 488//1263 456//1264
f 489//1265 458//1167 457//1163
f 457//1164 458//1168 489//1266
f 471//1202 437//1165 472//1205
f 472//1206 437//1166 471//1203
f 457//1201 471//1202 489//1267
f 489//1268 471//1203 457//1204
f 472//1205 442//1126 490//1269
f 490//1270 442//1127 472//1206
f 491//1271 473//1207 458//1167
f 458//1168 473//1208 491//1272
f 492//1273 474//1273 459//1273
f 459//1274 474//1274 492//1274
f 473//1207 492//1275 459//1169
f 459//1170 492//1276 473//1208
f 493//1277 475//1219 461//1173
f 461//1174 475//1220 493//1278
f 477//1279 429//1115 475//1219
f 475//1220 429//1120 477//1280
f 494//1281 461//1221 474//1213
f 474//1218 461//1222 494//1282
f 464//1179 440//1121 476//1223
f 476//1224 440//1122 464//1180
f 476//1283 441//1225 495//1284
f 495//1285 441//1230 476//1286
f 495//1284 441//1225 477//1227
f 477//1228 441//1230 495//1285
f 442//1126 463//1177 496//1287
f 496//1288 463//1178 442//1127
f 497//1289 463//1290 478//1291
f 478//1292 463//1293 497//1294
f 481//1239 479//1235 446//1135
f 446//1136 479//1236 481//1240
f 444//1131 479//1235 480//1237
f 480//1238 479//1236 444//1132
f 448//1139 480//1237 483//1247
f 483//1248 480//1238 448//1140
f 498//1295 481//1239 445//1133
f 445//1134 481//1240 498//1296
f 482//1243 464//1242 499//1297
f 499//1298 464//1245 482//1244
f 482//1299 500//1299 445//1299
f 445//1300 500//1300 482//1300
f 483//1301 488//1262 456//1261
f 456//1264 488//1263 483//1302
f 484//1249 465//1303 466//1250
f 466//1251 465//1304 484//1252
f 485//1253 484//1249 433//1186
f 433//1189 484//1252 485//1254
f 467//1185 501//1305 485//1253
f 485//1254 501//1306 467//1190
f 497//1289 478//1291 465//1303
f 465//1304 478//1292 497//1294
f 470//1197 501//1305 467//1185
f 467//1190 501//1306 470//1198
f 502//1307 468//1191 454//1156
f 454//1157 468//1192 502//1308
f 468//1309 486//1256 469//1255
f 469//1258 486//1257 468//1310
f 486//1256 470//1197 452//1149
f 452//1152 470//1198 486//1257
f 488//1262 487//1259 455//1199
f 455//1200 487//1260 488//1263
f 503//1311 454//1156 487//1259
f 487//1260 454//1157 503//1312
f 491//1271 458//1167 489//1265
f 489//1266 458//1168 491//1272
f 471//1202 472//1205 490//1269
f 490//1270 472//1206 471//1203
f 489//1267 471//1202 504//1313
f 504//1314 471//1203 489//1268
f 490//1269 442//1126 496//1287
f 496//1288 442//1127 490//1270
f 505//1315 473//1207 491//1271
f 491//1272 473//1208 505//1316
f 494//1281 474//1213 492//1317
f 492//1318 474//1218 494//1282
f 506//1319 492//1275 473//1207
f 473//1208 492//1276 506//1320
f 493//1277 507//1321 475//1219
f 475//1220 507//1322 493//1278
f 493//1277 461//1173 508//1323
f 508//1324 461//1174 493//1278
f 509//1325 477//1279 475//1219
f 475//1220 477//1280 509//1326
f 508//1327 461//1221 494//1281
f 494//1282 461//1222 508//1328
f 464//1329 476//1283 495//1284
f 495//1285 476//1286 464//1330
f 510//1331 495//1332 477//1279
f 477//1280 495//1333 510//1334
f 511//1335 496//1336 463//1290
f 463//1293 496//1337 511//1338
f 497//1289 512//1339 463//1290
f 463//1293 512//1340 497//1294
f 479//1235 481//1239 513//1341
f 513//1342 481//1240 479//1236
f 480//1237 479//1235 514//1343
f 514//1344 479//1236 480//1238
f 480//1345 515//1346 483//1301
f 483//1302 515//1347 480//1348
f 481//1239 498//1349 513//1341
f 513//1342 498//1350 481//1240
f 516//1351 498//1351 445//1351
f 445//1352 498//1352 516//1352
f 499//1297 464//1242 517//1353
f 517//1354 464//1245 499//1298
f 499//1355 516//1356 482//1357
f 482//1358 516//1359 499//1360
f 516//1356 500//1361 482//1357
f 482//1358 500//1362 516//1359
f 445//1363 500//1363 516//1363
f 516//1364 500//1364 445//1364
f 483//1301 518//1365 488//1262
f 488//1263 518//1366 483//1302
f 484//1249 497//1289 465//1303
f 465//1304 497//1294 484//1252
f 501//1305 484//1249 485//1253
f 485//1254 484//1252 501//1306
f 519//1367 501//1305 470//1197
f 470//1198 501//1306 519//1368
f 502//1369 520//1370 468//1309
f 468//1310 520//1371 502//1372
f 503//1311 502//1307 454//1156
f 454//1157 502//1308 503//1312
f 468//1309 521//1373 486//1256
f 486//1257 521//1374 468//1310
f 519//1367 470//1197 486//1256
f 486//1257 470//1198 519//1368
f 488//1262 503//1311 487//1259
f 487//1260 503//1312 488//1263
f 491//1375 489//1267 522//1376
f 522//1377 489//1268 491//1378
f 471//1202 490//1269 523//1379
f 523//1380 490//1270 471//1203
f 504//1313 471//1202 524//1381
f 524//1382 471//1203 504//1314
f 489//1267 504//1313 522//1376
f 522//1377 504//1314 489//1268
f 511//1335 490//1383 496//1336
f 496//1337 490//1384 511//1338
f 505//1315 525//1385 473//1207
f 473//1208 525//1386 505//1316
f 526//1387 505//1315 491//1271
f 491//1272 505//1316 526//1388
f 506//1319 494//1389 492//1275
f 492//1276 494//1390 506//1320
f 525//1385 506//1319 473//1207
f 473//1208 506//1320 525//1386
f 527//1391 507//1321 493//1277
f 493//1278 507//1322 527//1392
f 509//1325 475//1219 507//1321
f 507//1322 475//1220 509//1326
f 493//1277 508//1323 528//1393
f 528//1394 508//1324 493//1278
f 510//1331 477//1279 509//1325
f 509//1326 477//1280 510//1334
f 506//1395 508//1327 494//1281
f 494//1282 508//1328 506//1396
f 464//1242 495//1332 529//1397
f 529//1398 495//1333 464//1245
f 529//1397 495//1332 510//1331
f 510//1334 495//1333 529//1398
f 511//1335 463//1290 512//1339
f 512//1340 463//1293 511//1338
f 530//1399 512//1339 497//1289
f 497//1294 512//1340 530//1400
f 479//1235 513//1341 531//1401
f 531//1402 513//1342 479//1236
f 479//1235 531//1401 514//1343
f 514//1344 531//1402 479//1236
f 514//1403 515//1346 480//1345
f 480//1348 515//1347 514//1404
f 515//1346 518//1365 483//1301
f 483//1302 518//1366 515//1347
f 498//1349 532//1405 513//1341
f 513//1342 532//1406 498//1350
f 532//1407 498//1407 516//1407
f 516//1408 498//1408 532//1408
f 464//1242 529//1397 517//1353
f 517//1354 529//1398 464//1245
f 499//1297 517//1353 533//1409
f 533//1410 517//1354 499//1298
f 533//1411 516//1356 499//1355
f 499//1360 516//1359 533//1412
f 518//1365 534//1413 488//1262
f 488//1263 534//1414 518//1366
f 501//1305 497//1289 484//1249
f 484//1252 497//1294 501//1306
f 535//1415 501//1305 519//1367
f 519//1368 501//1306 535//1416
f 503//1417 520//1370 502//1369
f 502//1372 520//1371 503//1418
f 520//1370 521//1373 468//1309
f 468//1310 521//1374 520//1371
f 521//1373 519//1367 486//1256
f 486//1257 519//1368 521//1374
f 488//1262 536//1419 503//1311
f 503//1312 536//1420 488//1263
f 491//1375 522//1376 526//1421
f 526//1422 522//1377 491//1378
f 537//1423 523//1424 490//1383
f 490//1384 523//1425 537//1426
f 471//1202 523//1379 524//1381
f 524//1382 523//1380 471//1203
f 522//1376 504//1313 524//1381
f 524//1382 504//1314 522//1377
f 538//1427 490//1383 511//1335
f 511//1338 490//1384 538//1428
f 539//1429 525//1385 505//1315
f 505//1316 525//1386 539//1430
f 540//1431 505//1315 526//1387
f 526//1388 505//1316 540//1432
f 525//1385 541//1433 506//1319
f 506//1320 541//1434 525//1386
f 527//1391 509//1325 507//1321
f 507//1322 509//1326 527//1392
f 527//1391 493//1277 542//1435
f 542//1436 493//1278 527//1392
f 543//1437 528//1438 508//1327
f 508//1328 528//1439 543//1440
f 542//1435 493//1277 528//1393
f 528//1394 493//1278 542//1436
f 510//1331 509//1325 544//1441
f 544//1442 509//1326 510//1334
f 543//1437 508//1327 506//1395
f 506//1396 508//1328 543//1440
f 545//1443 529//1397 510//1331
f 510//1334 529//1398 545//1444
f 530//1399 511//1335 512//1339
f 512//1340 511//1338 530//1400
f 501//1305 530//1399 497//1289
f 497//1294 530//1400 501//1306
f 531//1401 513//1341 546//1445
f 546//1446 513//1342 531//1402
f 531//1447 547//1448 514//1403
f 514//1404 547//1449 531//1450
f 514//1403 548//1451 515//1346
f 515//1347 548//1452 514//1404
f 515//1346 534//1413 518//1365
f 518//1366 534//1414 515//1347
f 532//1405 549//1453 513//1341
f 513//1342 549//1454 532//1406
f 550//1455 532//1456 516//1356
f 516//1359 532//1457 550//1458
f 517//1353 529//1397 545//1443
f 545//1444 529//1398 517//1354
f 517//1353 551//1459 533//1409
f 533//1410 551//1460 517//1354
f 550//1455 516//1356 533//1411
f 533//1412 516//1359 550//1458
f 534//1413 536//1419 488//1262
f 488//1263 536//1420 534//1414
f 535//1415 552//1461 501//1305
f 501//1306 552//1462 535//1416
f 553//1463 535//1415 519//1367
f 519//1368 535//1416 553//1464
f 503//1417 553//1463 520//1370
f 520//1371 553//1464 503//1418
f 520//1370 519//1367 521//1373
f 521//1374 519//1368 520//1371
f 536//1465 553//1463 503//1417
f 503//1418 553//1464 536//1466
f 526//1421 522//1376 554//1467
f 554//1468 522//1377 526//1422
f 524//1469 523//1424 537//1423
f 537//1426 523//1425 524//1470
f 537//1423 490//1383 538//1427
f 538//1428 490//1384 537//1426
f 522//1376 524//1381 555//1471
f 555//1472 524//1382 522//1377
f 556//1473 538//1427 511//1335
f 511//1338 538//1428 556//1474
f 539//1429 557//1475 525//1385
f 525//1386 557//1476 539//1430
f 558//1477 539//1429 505//1315
f 505//1316 539//1430 558//1478
f 540//1431 558//1477 505//1315
f 505//1316 558//1478 540//1432
f 559//1479 540//1431 526//1387
f 526//1388 540//1432 559//1480
f 557//1475 541//1433 525//1385
f 525//1386 541//1434 557//1476
f 541//1433 543//1481 506//1319
f 506//1320 543//1482 541//1434
f 544//1441 509//1325 527//1391
f 527//1392 509//1326 544//1442
f 527//1391 542//1435 560//1483
f 560//1484 542//1436 527//1392
f 542//1485 528//1438 543//1437
f 543//1440 528//1439 542//1486
f 561//1487 510//1331 544//1441
f 544//1442 510//1334 561//1488
f 545//1443 510//1331 561//1487
f 561//1488 510//1334 545//1444
f 556//1473 511//1335 530//1399
f 530//1400 511//1338 556//1474
f 501//1305 556//1473 530//1399
f 530//1400 556//1474 501//1306
f 513//1341 559//1479 546//1445
f 546//1446 559//1480 513//1342
f 531//1447 546//1489 547//1448
f 547//1449 546//1490 531//1450
f 547//1448 548//1451 514//1403
f 514//1404 548//1452 547//1449
f 548//1451 562//1491 515//1346
f 515//1347 562//1492 548//1452
f 515//1346 563//1493 534//1413
f 534//1414 563//1494 515//1347
f 532//1405 550//1495 549//1453
f 549//1454 550//1496 532//1406
f 513//1341 549//1453 564//1497
f 564//1498 549//1454 513//1342
f 517//1353 545//1443 551//1459
f 551//1460 545//1444 517//1354
f 533//1409 551//1459 565//1499
f 565//1500 551//1460 533//1410
f 565//1501 550//1455 533//1411
f 533//1412 550//1458 565//1502
f 534//1503 553//1463 536//1465
f 536//1466 553//1464 534//1504
f 566//1505 552//1461 535//1415
f 535//1416 552//1462 566//1506
f 552//1461 567//1507 501//1305
f 501//1306 567//1508 552//1462
f 568//1509 535//1415 553//1463
f 553//1464 535//1416 568//1510
f 553//1463 519//1367 520//1370
f 520//1371 519//1368 553//1464
f 554//1467 522//1376 569//1511
f 569//1512 522//1377 554//1468
f 526//1421 554//1467 570//1513
f 570//1514 554//1468 526//1422
f 571//1515 524//1469 537//1423
f 537//1426 524//1470 571//1516
f 556//1473 537//1423 538//1427
f 538//1428 537//1426 556//1474
f 572//1517 555//1518 524//1469
f 524//1470 555//1519 572//1520
f 522//1376 555//1471 569//1511
f 569//1512 555//1472 522//1377
f 539//1429 573//1521 557//1475
f 557//1476 573//1522 539//1430
f 558//1477 573//1521 539//1429
f 539//1430 573//1522 558//1478
f 564//1497 558//1477 540//1431
f 540//1432 558//1478 564//1498
f 513//1341 540//1431 559//1479
f 559//1480 540//1432 513//1342
f 559//1523 526//1421 570//1513
f 570//1514 526//1422 559//1524
f 557//1525 542//1485 541//1526
f 541//1527 542//1486 557//1528
f 542//1485 543//1437 541//1526
f 541//1527 543//1440 542//1486
f 544//1441 527//1391 574//1529
f 574//1530 527//1392 544//1442
f 560//1531 542//1485 557//1525
f 557//1528 542//1486 560//1532
f 574//1529 527//1391 560//1483
f 560//1484 527//1392 574//1530
f 561//1487 544//1441 575//1533
f 575//1534 544//1442 561//1488
f 545//1443 561//1487 551//1459
f 551//1460 561//1488 545//1444
f 567//1507 556//1473 501//1305
f 501//1306 556//1474 567//1508
f 559//1523 570//1513 546//1489
f 546//1490 570//1514 559//1524
f 546//1489 576//1535 547//1448
f 547//1449 576//1536 546//1490
f 547//1448 562//1491 548//1451
f 548//1452 562//1492 547//1449
f 562//1491 563//1493 515//1346
f 515//1347 563//1494 562//1492
f 534//1503 563//1537 566//1505
f 566//1506 563//1538 534//1504
f 549//1539 550//1455 565//1501
f 565//1502 550//1458 549//1540
f 549//1453 577//1541 564//1497
f 564//1498 577//1542 549//1454
f 513//1341 564//1497 540//1431
f 540//1432 564//1498 513//1342
f 565//1499 551//1459 578//1543
f 578//1544 551//1460 565//1500
f 534//1503 568//1509 553//1463
f 553//1464 568//1510 534//1504
f 566//1505 579//1545 552//1461
f 552//1462 579//1546 566//1506
f 568//1509 566//1505 535//1415
f 535//1416 566//1506 568//1510
f 580//1547 567//1507 552//1461
f 552//1462 567//1508 580//1548
f 554//1467 569//1511 570//1513
f 570//1514 569//1512 554//1468
f 572//1517 524//1469 571//1515
f 571//1516 524//1470 572//1520
f 556//1473 571//1515 537//1423
f 537//1426 571//1516 556//1474
f 569//1549 555//1518 572//1517
f 572//1520 555//1519 569//1550
f 573//1551 560//1531 557//1525
f 557//1528 560//1532 573//1552
f 581//1553 573//1521 558//1477
f 558//1478 573//1522 581//1554
f 564//1497 582//1555 558//1477
f 558//1478 582//1556 564//1498
f 544//1441 574//1529 583//1557
f 583//1558 574//1530 544//1442
f 573//1551 574//1559 560//1531
f 560//1532 574//1560 573//1552
f 575//1533 544//1441 583//1557
f 583//1558 544//1442 575//1534
f 584//1561 561//1487 575//1533
f 575//1534 561//1488 584//1562
f 551//1459 561//1487 585//1563
f 585//1564 561//1488 551//1460
f 567//1507 572//1517 556//1473
f 556//1474 572//1520 567//1508
f 546//1489 570//1513 576//1535
f 576//1536 570//1514 546//1490
f 576//1535 586//1565 547//1448
f 547//1449 586//1566 576//1536
f 547//1448 587//1567 562//1491
f 562//1492 587//1568 547//1449
f 563//1537 562//1569 566//1505
f 566//1506 562//1570 563//1538
f 534//1503 566//1505 568//1509
f 568//1510 566//1506 534//1504
f 588//1571 549//1539 565//1501
f 565//1502 549//1540 588//1572
f 549//1453 588//1573 577//1541
f 577//1542 588//1574 549//1454
f 577//1541 582//1555 564//1497
f 564//1498 582//1556 577//1542
f 578//1543 551//1459 585//1563
f 585//1564 551//1460 578//1544
f 588//1571 565//1501 578//1575
f 578//1576 565//1502 588//1572
f 562//1569 579//1545 566//1505
f 566//1506 579//1546 562//1570
f 579//1545 580//1547 552//1461
f 552//1462 580//1548 579//1546
f 580//1547 589//1577 567//1507
f 567//1508 589//1578 580//1548
f 570//1513 569//1511 590//1579
f 590//1580 569//1512 570//1514
f 572//1517 571//1515 556//1473
f 556//1474 571//1516 572//1520
f 591//1581 569//1549 572//1517
f 572//1520 569//1550 591//1582
f 581//1553 592//1583 573//1521
f 573//1522 592//1584 581//1554
f 582//1555 581//1553 558//1477
f 558//1478 581//1554 582//1556
f 573//1551 583//1585 574//1559
f 574//1560 583//1586 573//1552
f 575//1533 583//1557 593//1587
f 593//1588 583//1558 575//1534
f 585//1563 561//1487 584//1561
f 584//1562 561//1488 585//1564
f 581//1589 584//1590 575//1591
f 575//1592 584//1593 581//1594
f 567//1507 591//1581 572//1517
f 572//1520 591//1582 567//1508
f 570//1513 586//1565 576//1535
f 576//1536 586//1566 570//1514
f 547//1448 586//1565 587//1567
f 587//1568 586//1566 547//1449
f 562//1569 587//1595 580//1547
f 580//1548 587//1596 562//1570
f 585//1597 577//1598 588//1571
f 588//1572 577//1599 585//1600
f 582//1601 577//1598 585//1597
f 585//1600 577//1599 582//1602
f 585//1597 588//1571 578//1575
f 578//1576 588//1572 585//1600
f 562//1569 580//1547 579//1545
f 579//1546 580//1548 562//1570
f 580//1547 586//1603 589//1577
f 589//1578 586//1604 580//1548
f 589//1577 591//1581 567//1507
f 567//1508 591//1582 589//1578
f 590//1605 569//1549 589//1577
f 589//1578 569//1550 590//1606
f 570//1513 590//1579 586//1565
f 586//1566 590//1580 570//1514
f 589//1577 569//1549 591//1581
f 591//1582 569//1550 589//1578
f 581//1553 594//1607 592//1583
f 592//1584 594//1608 581//1554
f 573//1551 592//1609 583//1585
f 583//1586 592//1610 573//1552
f 581//1589 582//1601 584//1590
f 584//1593 582//1602 581//1594
f 594//1611 593//1612 583//1585
f 583//1586 593//1613 594//1614
f 581//1589 575//1591 593//1612
f 593//1613 575//1592 581//1594
f 584//1590 582//1601 585//1597
f 585//1600 582//1602 584//1593
f 587//1595 586//1603 580//1547
f 580//1548 586//1604 587//1596
f 586//1603 590//1605 589//1577
f 589//1578 590//1606 586//1604
f 581//1589 593//1612 594//1611
f 594//1614 593//1613 581//1594
f 592//1609 594//1611 583//1585
f 583//1586 594//1614 592//1610
