# SSTK version 0.8.0
# 3
mtllib original-3.mtl
o mesh3/mesh3-geometry#mesh3-geometry
v -0.005607 -0.256385 0.004925
v -0.005608 -0.265510 0.001508
v -0.035377 -0.263756 0.008044
v 0.024162 -0.263756 0.008044
v -0.036362 -0.271862 -0.000686
v -0.038557 -0.241812 -0.002568
v 0.025146 -0.271862 -0.000686
v 0.027460 -0.241798 -0.002542
v -0.005608 -0.268984 -0.023279
v -0.062116 -0.284330 0.016280
v -0.063048 -0.265756 0.019232
v 0.050901 -0.284330 0.016281
v 0.051833 -0.265755 0.019232
v -0.036257 -0.271484 -0.028037
v -0.062340 -0.287668 -0.027103
v -0.068246 -0.244242 0.008579
v -0.051658 -0.215575 -0.025187
v 0.051125 -0.287667 -0.027104
v 0.025042 -0.271483 -0.028038
v 0.057031 -0.244242 0.008579
v -0.035523 -0.261069 -0.046330
v -0.082867 -0.315141 0.027495
v -0.084999 -0.302008 0.041481
v -0.099389 -0.247351 0.038084
v -0.087477 -0.217031 -0.013120
v 0.040358 -0.213829 -0.026872
v 0.073783 -0.302008 0.041481
v 0.071652 -0.315141 0.027496
v 0.024308 -0.261068 -0.046331
v 0.088173 -0.247351 0.038084
v 0.076262 -0.217031 -0.013120
v -0.005607 -0.256866 -0.045032
v -0.081538 -0.317438 -0.013919
v -0.091848 -0.278289 0.048686
v -0.064745 -0.181507 -0.050512
v 0.053682 -0.180983 -0.050859
v 0.080634 -0.278289 0.048686
v 0.070323 -0.317439 -0.013914
v -0.005607 -0.159369 -0.143417
v -0.062032 -0.272331 -0.054880
v -0.081327 -0.308088 -0.051134
v -0.087824 -0.350869 0.006287
v -0.090626 -0.343602 0.045511
v -0.109009 -0.290240 0.078151
v -0.121930 -0.217086 0.019088
v -0.113942 -0.183033 -0.037215
v 0.097794 -0.290240 0.078150
v 0.079411 -0.343602 0.045511
v 0.076609 -0.350869 0.006283
v 0.070112 -0.308088 -0.051134
v 0.050817 -0.272330 -0.054881
v 0.110715 -0.217086 0.019087
v -0.035649 -0.162538 -0.145668
v -0.061818 -0.173442 -0.153335
v -0.087742 -0.334367 -0.071707
v -0.096393 -0.325889 0.064958
v -0.125942 -0.250427 0.076809
v -0.152802 -0.217635 0.066141
v -0.153078 -0.183090 -0.000256
v -0.146391 -0.135144 -0.061657
v -0.086023 -0.132644 -0.076637
v 0.102727 -0.183033 -0.037215
v 0.085178 -0.325889 0.064958
v 0.076527 -0.334367 -0.071708
v 0.050604 -0.173442 -0.153335
v 0.024433 -0.162538 -0.145668
v 0.114727 -0.250427 0.076809
v 0.141863 -0.183090 -0.000256
v 0.141586 -0.217635 0.066141
v -0.035386 -0.104914 -0.212649
v -0.080588 -0.284857 -0.078247
v -0.079414 -0.379942 -0.044066
v -0.079427 -0.385253 0.018496
v -0.094141 -0.347977 0.087023
v -0.147516 -0.252376 0.119332
v 0.074893 -0.130194 -0.077844
v 0.135177 -0.135144 -0.061657
v 0.082925 -0.347977 0.087023
v 0.068212 -0.385253 0.018494
v 0.068199 -0.379942 -0.044067
v 0.069373 -0.284855 -0.078250
v 0.024171 -0.104914 -0.212649
v 0.136301 -0.252376 0.119332
v -0.005608 -0.101827 -0.210690
v -0.080434 -0.193740 -0.167223
v -0.087615 -0.171862 -0.231271
v -0.079851 -0.362843 -0.082706
v -0.082561 -0.374023 0.059501
v -0.119332 -0.299634 0.113402
v -0.185032 -0.183461 0.052392
v -0.189930 -0.135317 -0.020047
v -0.098764 -0.078450 -0.093763
v 0.087255 -0.078021 -0.093929
v 0.108117 -0.299634 0.113402
v 0.071346 -0.374023 0.059501
v 0.068636 -0.362843 -0.082706
v 0.076400 -0.171862 -0.231271
v 0.069220 -0.193740 -0.167223
v 0.173817 -0.183461 0.052392
v -0.005608 -0.069815 -0.267644
v -0.061616 -0.115391 -0.219307
v -0.079885 -0.134355 -0.231400
v -0.079936 -0.339669 -0.112385
v -0.061262 -0.401796 -0.061545
v -0.061201 -0.412204 0.005986
v -0.064591 -0.396017 0.071773
v -0.106614 -0.308619 0.132764
v -0.181445 -0.216258 0.116249
v -0.214581 -0.182707 0.109452
v -0.222045 -0.136252 0.039814
v -0.221946 -0.081703 -0.033455
v -0.174075 -0.080286 -0.078393
v 0.178715 -0.135317 -0.020047
v 0.095399 -0.308619 0.132764
v 0.053376 -0.396017 0.071773
v 0.049985 -0.412204 0.005986
v 0.050047 -0.401796 -0.061546
v 0.068720 -0.339672 -0.112382
v 0.068670 -0.134355 -0.231400
v 0.050401 -0.115392 -0.219307
v 0.170230 -0.216258 0.116249
v 0.210830 -0.136252 0.039814
v 0.203366 -0.182707 0.109452
v -0.034696 -0.073171 -0.268726
v -0.061076 -0.084248 -0.272310
v -0.080702 -0.187990 -0.255066
v -0.061598 -0.364768 -0.122831
v -0.061595 -0.387640 -0.092403
v -0.061508 -0.409153 -0.028090
v -0.062340 -0.407712 0.039441
v -0.077041 -0.365657 0.102542
v -0.155289 -0.250748 0.169858
v -0.197623 -0.216977 0.176922
v -0.193337 -0.015654 -0.084452
v -0.107325 -0.012771 -0.099319
v 0.162860 -0.080286 -0.078393
v 0.210731 -0.081703 -0.033455
v 0.065826 -0.365657 0.102542
v 0.051125 -0.407712 0.039442
v 0.050292 -0.409153 -0.028090
v 0.050380 -0.387640 -0.092403
v 0.050383 -0.364768 -0.122832
v 0.069487 -0.187987 -0.255069
v 0.049861 -0.084248 -0.272310
v 0.023481 -0.073171 -0.268726
v 0.186408 -0.216977 0.176923
v 0.144075 -0.250748 0.169858
v -0.035150 -0.064036 -0.319043
v -0.087866 -0.131183 -0.287083
v -0.061748 -0.263371 -0.216381
v -0.035336 -0.401932 -0.097910
v -0.035172 -0.424826 -0.028713
v -0.035624 -0.422924 0.045235
v -0.045965 -0.375908 0.113970
v -0.081342 -0.263668 0.162003
v -0.252770 -0.134633 0.104465
v -0.254529 -0.084029 0.030933
v 0.097832 -0.011532 -0.099287
v 0.182122 -0.015654 -0.084452
v 0.034750 -0.375908 0.113970
v 0.024408 -0.422924 0.045235
v 0.023957 -0.424826 -0.028713
v 0.024121 -0.401932 -0.097910
v 0.050533 -0.263371 -0.216381
v 0.076651 -0.131183 -0.287083
v 0.023934 -0.064036 -0.319043
v 0.070126 -0.263668 0.162003
v 0.241555 -0.134633 0.104465
v -0.005608 -0.060347 -0.319099
v -0.078417 -0.103200 -0.278670
v -0.082863 -0.154636 -0.294369
v -0.062059 -0.202900 -0.273944
v -0.035174 -0.375192 -0.133094
v -0.034881 -0.416570 -0.064781
v -0.034607 -0.427617 0.008277
v -0.036688 -0.410086 0.081566
v -0.068053 -0.307403 0.145270
v -0.178925 -0.236061 0.256594
v -0.148008 -0.251925 0.189571
v -0.233134 -0.183149 0.177175
v -0.284033 -0.086245 0.100247
v -0.271170 -0.136510 0.179028
v -0.276325 -0.029314 0.026291
v -0.243198 -0.021056 -0.039865
v -0.111472 0.037912 -0.112420
v 0.102037 0.038056 -0.112226
v 0.243314 -0.084029 0.030933
v 0.056838 -0.307403 0.145270
v 0.025472 -0.410086 0.081566
v 0.023392 -0.427617 0.008277
v 0.023666 -0.416570 -0.064781
v 0.023959 -0.375193 -0.133093
v 0.067202 -0.103200 -0.278669
v 0.050843 -0.202899 -0.273944
v 0.071648 -0.154636 -0.294369
v 0.221920 -0.183149 0.177175
v 0.167710 -0.236061 0.256594
v 0.136793 -0.251925 0.189571
v 0.259955 -0.136510 0.179028
v 0.272819 -0.086245 0.100247
v -0.005608 -0.070598 -0.369768
v -0.061432 -0.076388 -0.318856
v -0.079385 -0.098318 -0.318533
v -0.081592 -0.153298 -0.317663
v -0.062806 -0.177217 -0.305236
v -0.035843 -0.218441 -0.276692
v -0.005608 -0.421165 -0.065781
v -0.005608 -0.432266 0.009138
v -0.005608 -0.415431 0.084312
v -0.005608 -0.316050 0.145718
v -0.203461 -0.214479 0.256003
v -0.086208 -0.253449 0.167051
v -0.237222 -0.181866 0.261528
v -0.257476 0.026823 -0.037482
v -0.211282 0.042225 -0.098003
v 0.231984 -0.021057 -0.039865
v 0.265110 -0.029315 0.026290
v 0.024629 -0.218440 -0.276693
v 0.068170 -0.098318 -0.318533
v 0.051591 -0.177217 -0.305236
v 0.070377 -0.153298 -0.317663
v 0.050217 -0.076388 -0.318856
v 0.226007 -0.181866 0.261528
v 0.192246 -0.214479 0.256002
v 0.074993 -0.253449 0.167051
v -0.034702 -0.073950 -0.368598
v -0.061082 -0.085017 -0.364729
v -0.087830 -0.128093 -0.338559
v -0.005607 -0.381634 -0.132642
v -0.005608 -0.225175 -0.275776
v -0.005608 -0.406330 -0.099593
v -0.005608 -0.429625 -0.028864
v -0.005608 -0.427742 0.047162
v -0.005608 -0.382294 0.117258
v -0.197983 -0.210804 0.346034
v -0.171994 -0.247111 0.257068
v -0.005608 -0.253424 0.166858
v -0.090609 -0.296800 0.161564
v -0.304026 -0.089623 0.180836
v -0.304509 -0.039628 0.094040
v -0.188492 0.055128 -0.152686
v -0.104847 0.054402 -0.151640
v 0.200068 0.042225 -0.098003
v 0.246261 0.026823 -0.037482
v 0.076615 -0.128093 -0.338559
v 0.049867 -0.085017 -0.364729
v 0.023486 -0.073950 -0.368598
v 0.160779 -0.247111 0.257068
v 0.186768 -0.210803 0.346035
v 0.079394 -0.296801 0.161564
v 0.292812 -0.089623 0.180836
v -0.035230 -0.098028 -0.412341
v -0.078434 -0.103971 -0.357907
v -0.081863 -0.160754 -0.350611
v -0.062567 -0.181474 -0.336680
v -0.037616 -0.192137 -0.306624
v -0.005608 -0.196538 -0.307847
v -0.176873 -0.231058 0.343133
v -0.173389 -0.409394 0.175160
v -0.170535 -0.242016 0.341432
v -0.274466 -0.136372 0.266968
v -0.307719 -0.090562 0.271458
v -0.326244 -0.051154 0.180234
v -0.319345 -0.006849 0.099425
v -0.294670 0.027999 0.028969
v -0.233372 0.053936 -0.096098
v 0.102204 0.054475 -0.150981
v 0.177277 0.055127 -0.152685
v 0.293294 -0.039628 0.094039
v 0.067219 -0.103971 -0.357907
v 0.026401 -0.192137 -0.306624
v 0.051352 -0.181474 -0.336680
v 0.070648 -0.160753 -0.350609
v 0.024015 -0.098028 -0.412341
v 0.263251 -0.136372 0.266969
v 0.159320 -0.242016 0.341432
v 0.162174 -0.409394 0.175160
v 0.165658 -0.231058 0.343134
v 0.315028 -0.051154 0.180234
v 0.296504 -0.090562 0.271458
v -0.005608 -0.095198 -0.414424
v -0.079481 -0.124663 -0.392309
v -0.087740 -0.159201 -0.390225
v -0.036789 -0.190987 -0.321819
v -0.228267 -0.179681 0.352515
v -0.163839 -0.227004 0.421096
v -0.196073 -0.400144 0.239376
v -0.192189 -0.402062 0.317770
v -0.005608 -0.414209 0.142551
v -0.102598 -0.419383 0.146686
v -0.264172 -0.135164 0.359919
v -0.214305 0.057145 -0.153391
v -0.162246 0.055142 -0.347034
v 0.100439 0.054667 -0.453137
v 0.222157 0.053936 -0.096098
v 0.283455 0.028001 0.028969
v 0.308130 -0.006849 0.099426
v 0.068267 -0.124663 -0.392309
v 0.025574 -0.190987 -0.321818
v 0.076525 -0.159200 -0.390224
v 0.217052 -0.179681 0.352515
v 0.252957 -0.135164 0.359919
v 0.180974 -0.402062 0.317770
v 0.184857 -0.400144 0.239376
v 0.152624 -0.227004 0.421096
v 0.091382 -0.419383 0.146686
v -0.005608 -0.128419 -0.447965
v -0.061476 -0.107593 -0.405227
v -0.081412 -0.195124 -0.382800
v -0.062291 -0.206291 -0.361143
v -0.036378 -0.202078 -0.341027
v -0.208506 -0.176807 0.436363
v -0.215862 -0.533517 0.221533
v -0.158622 -0.238036 0.417580
v -0.113056 -0.538276 0.129284
v -0.330469 -0.055005 0.272954
v -0.343658 -0.014222 0.181360
v -0.324899 0.009209 0.103078
v -0.292881 0.075286 0.025799
v -0.214758 0.075255 -0.152136
v -0.204096 0.057148 -0.228973
v -0.110746 0.054874 -0.462189
v 0.151031 0.055142 -0.347034
v 0.203090 0.057145 -0.153391
v 0.025163 -0.202078 -0.341028
v 0.051076 -0.206289 -0.361142
v 0.070197 -0.195123 -0.382800
v 0.050261 -0.107592 -0.405227
v 0.197291 -0.176807 0.436363
v 0.147407 -0.238036 0.417580
v 0.204646 -0.533517 0.221533
v 0.101840 -0.538276 0.129284
v 0.319255 -0.055005 0.272954
v -0.035017 -0.130580 -0.445394
v -0.061253 -0.137867 -0.436501
v -0.078804 -0.150615 -0.420382
v -0.087795 -0.213867 -0.418841
v -0.005608 -0.196872 -0.327349
v -0.142343 -0.221535 0.492687
v -0.192290 -0.535671 0.160484
v -0.192287 -0.503124 0.380748
v -0.296912 -0.090206 0.366247
v -0.319549 -0.054773 0.369168
v -0.343403 -0.030200 0.272622
v -0.233019 0.075292 -0.096453
v -0.184614 0.057147 -0.347093
v -0.137045 0.057148 -0.452162
v -0.050306 0.055648 -0.494053
v 0.125830 0.057148 -0.452162
v 0.192881 0.057147 -0.228970
v 0.281666 0.075286 0.025799
v 0.203543 0.075255 -0.152136
v 0.313684 0.009208 0.103078
v 0.332443 -0.014222 0.181360
v 0.067589 -0.150615 -0.420383
v 0.076580 -0.213866 -0.418841
v 0.050038 -0.137868 -0.436501
v 0.023802 -0.130580 -0.445394
v 0.285697 -0.090206 0.366247
v 0.181072 -0.503131 0.380748
v 0.181075 -0.535671 0.160484
v 0.131128 -0.221535 0.492687
v 0.332188 -0.030200 0.272622
v 0.308334 -0.054773 0.369168
v -0.035292 -0.169167 -0.467857
v -0.079659 -0.183119 -0.437325
v -0.081942 -0.229559 -0.395411
v -0.062461 -0.235149 -0.371543
v -0.036233 -0.230901 -0.357383
v -0.005608 -0.216440 -0.346577
v -0.242865 -0.132558 0.448181
v -0.138194 -0.234063 0.486097
v -0.180931 -0.174548 0.510555
v -0.200220 -0.596263 0.144384
v -0.208778 -0.533695 0.299037
v -0.161109 -0.401447 0.465731
v -0.005608 -0.536861 0.121457
v -0.273708 -0.089388 0.458936
v -0.347092 -0.017060 0.272168
v -0.341487 0.033628 0.176650
v -0.319916 0.075284 0.092586
v -0.195902 0.078248 -0.117355
v -0.183982 0.075288 -0.347615
v -0.097644 0.055948 -0.491942
v 0.043564 0.055442 -0.494177
v 0.086429 0.055948 -0.491943
v 0.173399 0.057146 -0.347093
v 0.221804 0.075292 -0.096454
v 0.068445 -0.183119 -0.437325
v 0.025018 -0.230901 -0.357383
v 0.051246 -0.235148 -0.371543
v 0.070727 -0.229559 -0.395411
v 0.024077 -0.169167 -0.467857
v 0.231650 -0.132558 0.448181
v 0.262493 -0.089389 0.458936
v 0.126979 -0.234063 0.486097
v 0.149620 -0.400549 0.466212
v 0.197563 -0.533695 0.299037
v 0.189005 -0.596263 0.144383
v 0.169716 -0.174548 0.510555
v -0.005608 -0.167660 -0.470753
v -0.079805 -0.235779 -0.450282
v -0.080828 -0.263654 -0.393702
v -0.212113 -0.132194 0.526543
v -0.151596 -0.171434 0.570884
v -0.116487 -0.220011 0.544552
v -0.226547 -0.616974 0.201905
v -0.218399 -0.617945 0.287684
v -0.186465 -0.620701 0.448293
v -0.005608 -0.595832 0.102418
v -0.117476 -0.595946 0.111413
v -0.332399 -0.030145 0.369625
v -0.336025 -0.016986 0.369694
v -0.290215 0.078336 0.125109
v -0.161546 0.078300 -0.347710
v -0.095224 0.075495 -0.493626
v 0.073456 0.078042 -0.493819
v 0.088438 0.075287 -0.490015
v 0.172768 0.075288 -0.347615
v 0.308701 0.075284 0.092585
v 0.184691 0.078248 -0.117341
v 0.330272 0.033628 0.176650
v 0.335877 -0.017060 0.272168
v 0.069613 -0.263655 -0.393702
v 0.068590 -0.235780 -0.450282
v 0.200898 -0.132194 0.526543
v 0.175626 -0.617702 0.446465
v 0.207163 -0.617700 0.287675
v 0.215332 -0.616974 0.201905
v 0.105272 -0.220011 0.544552
v 0.140381 -0.171434 0.570884
v 0.106260 -0.595946 0.111413
v 0.321184 -0.030145 0.369625
v -0.005608 -0.209995 -0.483269
v -0.061536 -0.174186 -0.457276
v -0.061322 -0.213196 -0.468844
v -0.087674 -0.271639 -0.420163
v -0.035979 -0.255399 -0.358245
v -0.005607 -0.246456 -0.355713
v -0.120341 -0.279111 0.535378
v -0.112770 -0.231346 0.539747
v -0.213040 -0.617585 0.115383
v -0.204983 -0.621580 0.370678
v -0.154831 -0.533722 0.517742
v -0.124062 -0.613900 0.088114
v -0.295894 -0.054078 0.465783
v -0.308503 -0.029970 0.468484
v -0.341332 0.075289 0.257862
v -0.338167 0.075290 0.168997
v -0.217990 0.079304 0.020308
v -0.136583 0.075290 -0.452291
v -0.161955 0.079173 -0.018427
v 0.125368 0.075290 -0.452291
v 0.279009 0.078336 0.125139
v 0.150331 0.078300 -0.347710
v 0.324811 -0.016986 0.369694
v 0.050321 -0.174186 -0.457276
v 0.024764 -0.255398 -0.358245
v 0.076459 -0.271639 -0.420163
v 0.050108 -0.213196 -0.468844
v 0.284680 -0.054078 0.465783
v 0.109126 -0.279115 0.535378
v 0.143615 -0.533722 0.517741
v 0.193768 -0.621580 0.370679
v 0.201825 -0.617585 0.115383
v 0.101555 -0.231346 0.539747
v 0.112846 -0.613900 0.088114
v 0.297288 -0.029971 0.468483
v -0.034952 -0.210781 -0.480091
v -0.061604 -0.252526 -0.471471
v -0.080154 -0.302884 -0.440555
v -0.080816 -0.309020 -0.375089
v -0.062347 -0.265915 -0.369622
v -0.241466 -0.089421 0.542248
v -0.198763 -0.100546 0.603643
v -0.088635 -0.217836 0.586452
v -0.086751 -0.229032 0.579666
v -0.229463 -0.629135 0.116287
v -0.226678 -0.683237 0.200776
v -0.204959 -0.683237 0.371119
v -0.163853 -0.620542 0.516439
v -0.262930 -0.054562 0.553497
v -0.330566 0.075289 0.352586
v -0.277551 0.079591 0.255674
v -0.254882 0.079304 0.095492
v -0.120126 0.078301 -0.452313
v -0.076652 0.079242 -0.492251
v 0.326952 0.075290 0.168997
v 0.206775 0.079304 0.020308
v 0.106470 0.079304 -0.102581
v 0.330117 0.075289 0.257862
v 0.051132 -0.265914 -0.369622
v 0.069601 -0.309018 -0.375090
v 0.068940 -0.302885 -0.440554
v 0.050389 -0.252526 -0.471471
v 0.023737 -0.210781 -0.480091
v 0.230251 -0.089421 0.542248
v 0.251715 -0.054561 0.553498
v 0.152636 -0.620160 0.516358
v 0.175359 -0.683237 0.448159
v 0.193744 -0.683237 0.371119
v 0.215463 -0.683237 0.200776
v 0.218248 -0.629135 0.116287
v 0.075536 -0.229032 0.579666
v 0.077420 -0.217836 0.586451
v 0.187550 -0.100543 0.603644
v -0.035350 -0.252258 -0.483480
v -0.061528 -0.288838 -0.467710
v -0.087729 -0.321678 -0.399746
v -0.005608 -0.283253 -0.344034
v -0.036132 -0.285963 -0.346821
v -0.111155 -0.399798 0.575869
v -0.126076 -0.155928 0.627715
v -0.205300 -0.622226 0.044309
v -0.229463 -0.683237 0.116288
v -0.218463 -0.683237 0.287971
v -0.186574 -0.683237 0.448158
v -0.163713 -0.683237 0.517014
v -0.137432 -0.615623 0.574828
v -0.005608 -0.619255 0.049069
v -0.312181 -0.016726 0.469120
v -0.307062 0.075287 0.450008
v -0.273980 0.079304 0.169302
v -0.244911 0.068183 0.105529
v -0.209494 0.068086 0.034045
v 0.048156 0.079328 -0.489391
v 0.108912 0.078300 -0.452313
v 0.266318 0.079591 0.256091
v 0.152168 0.079304 -0.018141
v 0.243667 0.079304 0.095492
v 0.319351 0.075289 0.352586
v 0.024917 -0.285964 -0.346820
v 0.076514 -0.321675 -0.399748
v 0.050312 -0.288838 -0.467710
v 0.024134 -0.252258 -0.483480
v 0.099940 -0.399798 0.575869
v 0.126217 -0.615626 0.574828
v 0.207247 -0.683237 0.287971
v 0.194085 -0.622226 0.044309
v 0.114860 -0.155928 0.627715
v 0.300966 -0.016727 0.469120
v -0.005608 -0.252161 -0.486971
v -0.061659 -0.323223 -0.456807
v -0.080070 -0.359524 -0.409743
v -0.080534 -0.376979 -0.326972
v -0.062090 -0.303640 -0.350950
v -0.181139 -0.057620 0.679305
v -0.089447 -0.165509 0.651960
v -0.066142 -0.215859 0.612180
v -0.141300 -0.619929 0.053812
v -0.226678 -0.629135 0.041142
v -0.205995 -0.691158 0.191299
v -0.184565 -0.691163 0.346619
v -0.123032 -0.619871 0.018184
v -0.275746 -0.030094 0.559516
v -0.279328 -0.016384 0.562032
v -0.280659 0.078262 0.410643
v -0.266341 0.068350 0.259592
v -0.263245 0.068260 0.176386
v -0.157072 0.068045 -0.002866
v -0.005607 0.079304 -0.035315
v 0.262765 0.079304 0.169301
v 0.145856 0.068045 -0.002866
v 0.198280 0.068086 0.034044
v 0.295847 0.075287 0.450008
v 0.050875 -0.303638 -0.350951
v 0.069319 -0.376987 -0.326967
v 0.068855 -0.359530 -0.409739
v 0.050444 -0.323223 -0.456807
v 0.264531 -0.030094 0.559516
v 0.152498 -0.683237 0.517014
v 0.173350 -0.691163 0.346619
v 0.194780 -0.691158 0.191298
v 0.218247 -0.683237 0.116287
v 0.215463 -0.629135 0.041142
v 0.130084 -0.619929 0.053812
v 0.054927 -0.215859 0.612180
v 0.078232 -0.165509 0.651960
v 0.169924 -0.057620 0.679305
v 0.111816 -0.619871 0.018184
v 0.268112 -0.016384 0.562033
v -0.005608 -0.290684 -0.483592
v -0.035247 -0.290258 -0.479976
v -0.035391 -0.326280 -0.469298
v -0.061416 -0.366312 -0.434309
v -0.087638 -0.427786 -0.325371
v -0.035796 -0.357336 -0.298238
v -0.225702 -0.054159 0.624926
v -0.097806 -0.504111 0.615725
v -0.066433 -0.228226 0.603862
v -0.114957 -0.098920 0.698648
v -0.218463 -0.629135 -0.027500
v -0.226678 -0.683237 0.041142
v -0.204753 -0.691158 0.046550
v -0.144769 -0.691163 0.478085
v -0.137000 -0.683237 0.576019
v -0.067844 -0.619863 -0.117247
v -0.238553 -0.029998 0.633400
v -0.266331 0.079304 0.350213
v -0.274966 0.075290 0.540247
v -0.255902 0.068449 0.350061
v -0.202257 -0.024298 0.025735
v -0.236417 -0.023359 0.099470
v -0.151695 -0.024689 -0.012111
v 0.252030 0.068260 0.176386
v -0.005607 0.068028 -0.019353
v 0.233696 0.068182 0.105530
v 0.269453 0.078262 0.410606
v 0.024581 -0.357336 -0.298238
v 0.076422 -0.427787 -0.325371
v 0.050201 -0.366314 -0.434308
v 0.024176 -0.326280 -0.469298
v 0.024031 -0.290258 -0.479976
v 0.214487 -0.054159 0.624926
v 0.227338 -0.029998 0.633400
v 0.055219 -0.228226 0.603862
v 0.086592 -0.504126 0.615726
v 0.125784 -0.683237 0.576019
v 0.133554 -0.691163 0.478085
v 0.215463 -0.683237 0.041142
v 0.207247 -0.629135 -0.027499
v 0.103743 -0.098917 0.698649
v 0.064516 -0.619887 -0.105933
v -0.062311 -0.444828 -0.374573
v -0.080317 -0.441326 -0.350470
v -0.080358 -0.422284 -0.301025
v -0.061564 -0.369944 -0.304941
v -0.005608 -0.360545 -0.291713
v -0.107256 -0.619998 0.623039
v -0.139265 -0.033434 0.736941
v -0.063373 -0.145371 0.689386
v -0.043699 -0.214104 0.629476
v -0.043159 -0.226204 0.622715
v -0.184343 -0.622228 -0.077221
v -0.129183 -0.693839 0.050149
v -0.113518 -0.693841 0.272096
v -0.107053 -0.683237 0.623514
v -0.244946 0.079304 0.443408
v -0.220232 0.078280 0.595534
v -0.254101 -0.022610 0.172122
v -0.257087 -0.021626 0.267643
v 0.255127 0.068351 0.259592
v 0.140480 -0.024689 -0.012112
v 0.191042 -0.024298 0.025735
v 0.263751 0.075290 0.540247
v 0.255117 0.079304 0.350213
v 0.050349 -0.369946 -0.304939
v 0.069142 -0.422284 -0.301025
v 0.069102 -0.441327 -0.350469
v 0.051096 -0.444828 -0.374573
v 0.096041 -0.620000 0.623039
v 0.095837 -0.683237 0.623514
v 0.102303 -0.693841 0.272096
v 0.193538 -0.691158 0.046550
v 0.173128 -0.622228 -0.077221
v 0.031944 -0.226204 0.622715
v 0.032483 -0.214103 0.629476
v 0.052159 -0.145371 0.689386
v 0.128050 -0.033434 0.736941
v -0.035119 -0.362100 -0.451473
v -0.035557 -0.396122 -0.428815
v -0.080478 -0.528094 -0.333270
v -0.080727 -0.491483 -0.288270
v -0.035487 -0.402211 -0.274021
v -0.074745 -0.620722 0.658231
v -0.059357 -0.405772 0.638874
v -0.194265 -0.030041 0.691965
v -0.079396 -0.065950 0.749012
v -0.204960 -0.629135 -0.092437
v -0.218463 -0.683237 -0.027500
v -0.184178 -0.691163 -0.073306
v -0.144239 -0.693813 0.171027
v -0.053682 -0.693822 0.389693
v -0.095288 -0.691162 0.565152
v 0.029767 -0.622223 -0.282246
v -0.146906 -0.622225 -0.175432
v -0.242378 -0.016154 0.636240
v -0.238511 0.075289 0.613376
v -0.235373 0.068547 0.439529
v -0.213957 0.079304 0.536238
v -0.247018 -0.020670 0.360405
v -0.186814 -0.121269 0.042079
v -0.140223 -0.121985 0.007205
v -0.218291 -0.119544 0.108665
v -0.005607 -0.024863 -0.029016
v 0.225202 -0.023359 0.099470
v 0.242886 -0.022610 0.172122
v 0.209021 0.078280 0.595526
v 0.233731 0.079304 0.443408
v 0.024271 -0.402211 -0.274021
v 0.069512 -0.491482 -0.288270
v 0.069262 -0.528091 -0.333271
v 0.024342 -0.396122 -0.428815
v 0.023903 -0.362100 -0.451473
v 0.231163 -0.016154 0.636240
v 0.048142 -0.405780 0.638875
v 0.063530 -0.620724 0.658231
v 0.084073 -0.691162 0.565152
v 0.036067 -0.693824 0.398590
v 0.124237 -0.693808 0.156095
v 0.207247 -0.683237 -0.027500
v 0.193744 -0.629135 -0.092436
v 0.068181 -0.065952 0.749010
v 0.183050 -0.030042 0.691965
v 0.135691 -0.622225 -0.175432
v 0.227296 0.075289 0.613376
v -0.005608 -0.327203 -0.472911
v -0.005608 -0.363562 -0.454856
v -0.035777 -0.452086 -0.385078
v -0.061807 -0.472730 -0.364849
v -0.087828 -0.507146 -0.311023
v -0.061888 -0.417227 -0.280660
v -0.005608 -0.400878 -0.270638
v -0.197678 -0.015862 0.695641
v -0.086310 -0.030037 0.769160
v -0.039088 -0.087583 0.746276
v -0.033722 -0.149168 0.696647
v -0.024933 -0.213833 0.637486
v -0.025154 -0.225949 0.631208
v -0.186575 -0.629135 -0.152159
v -0.204960 -0.683237 -0.092436
v -0.085983 -0.693829 -0.071746
v 0.115183 -0.693816 0.025941
v -0.074647 -0.683237 0.658415
v 0.086578 -0.622223 -0.244760
v -0.035986 -0.622220 -0.284661
v -0.097793 -0.622223 -0.244760
v -0.205623 0.068644 0.528646
v -0.227217 -0.019726 0.452140
v -0.180135 0.079304 0.605762
v -0.194544 0.075291 0.671752
v -0.234586 -0.118170 0.175611
v -0.237338 -0.116139 0.274644
v 0.244688 0.068449 0.350061
v 0.245872 -0.021625 0.267643
v 0.129008 -0.121985 0.007205
v 0.175599 -0.121268 0.042079
v 0.202742 0.079304 0.536239
v 0.050673 -0.417228 -0.280660
v 0.076613 -0.507148 -0.311023
v 0.050592 -0.472730 -0.364849
v 0.024562 -0.452086 -0.385078
v 0.186463 -0.015862 0.695641
v 0.063431 -0.683237 0.658415
v 0.172963 -0.691163 -0.073307
v 0.193744 -0.683237 -0.092437
v 0.175359 -0.629135 -0.152159
v 0.013718 -0.213833 0.637487
v 0.013938 -0.225949 0.631208
v 0.022507 -0.149169 0.696646
v 0.027873 -0.087583 0.746276
v 0.075095 -0.030037 0.769160
v -0.005608 -0.452242 -0.389136
v -0.061382 -0.533189 -0.354263
v -0.091091 -0.543750 -0.293718
v -0.062531 -0.494608 -0.266058
v -0.005608 -0.426556 -0.262378
v -0.035370 -0.428055 -0.265684
v -0.035896 -0.464990 0.661014
v -0.042910 -0.035441 0.780712
v -0.087385 -0.015474 0.773336
v -0.142351 -0.015651 0.742013
v -0.186574 -0.683237 -0.152159
v -0.146351 -0.691162 -0.171747
v -0.041749 -0.691166 0.610804
v 0.063432 -0.629135 -0.313055
v -0.005608 -0.629135 -0.334591
v -0.136999 -0.629135 -0.250363
v -0.163713 -0.629135 -0.205183
v -0.198524 -0.018785 0.543515
v -0.173154 0.068717 0.595389
v -0.140096 0.079304 0.667143
v -0.143173 0.078341 0.703344
v -0.209814 -0.112658 0.444652
v -0.228060 -0.114388 0.360122
v -0.142190 -0.216463 0.092751
v -0.107072 -0.208006 0.064699
v -0.005607 -0.122305 -0.008372
v -0.165915 -0.220085 0.142926
v 0.207076 -0.119545 0.108665
v 0.223371 -0.118171 0.175612
v 0.183329 0.075291 0.671752
v 0.168920 0.079304 0.605762
v 0.224158 0.068547 0.439529
v 0.024155 -0.428056 -0.265683
v 0.051316 -0.494608 -0.266058
v 0.079876 -0.543750 -0.293718
v 0.050167 -0.533186 -0.354264
v 0.024678 -0.464896 0.661002
v 0.024470 -0.691169 0.614588
v 0.175359 -0.683237 -0.152158
v 0.031695 -0.035441 0.780712
v 0.131136 -0.015651 0.742014
v 0.076171 -0.015474 0.773336
v 0.152498 -0.629135 -0.205184
v 0.125784 -0.629135 -0.250363
v -0.005607 -0.397928 -0.432075
v -0.005607 -0.478424 -0.379352
v -0.035731 -0.477330 -0.376009
v -0.035527 -0.522710 -0.368187
v -0.076712 -0.585169 -0.326458
v -0.088566 -0.566332 -0.315627
v -0.082060 -0.515102 -0.280169
v -0.040549 -0.683237 0.679657
v -0.040650 -0.621705 0.679530
v -0.140156 0.075295 0.717415
v -0.005608 -0.066987 0.763748
v -0.005607 -0.142336 0.705038
v -0.005607 -0.213147 0.640232
v -0.005607 -0.225820 0.633891
v -0.005608 -0.412367 0.659933
v -0.097760 -0.691165 -0.240334
v -0.012569 -0.693819 -0.126070
v 0.095837 -0.629135 -0.286556
v 0.029334 -0.629135 -0.329143
v -0.040549 -0.629135 -0.329144
v -0.074647 -0.629135 -0.313056
v -0.107053 -0.629135 -0.286556
v -0.167207 -0.018082 0.611949
v -0.183374 -0.110936 0.528852
v -0.134716 0.068781 0.654314
v -0.178197 -0.218368 0.196777
v -0.180272 -0.215704 0.280432
v 0.235804 -0.020670 0.360405
v 0.226123 -0.116139 0.274644
v 0.095857 -0.208006 0.064699
v 0.130975 -0.216463 0.092751
v 0.131956 0.078341 0.703346
v 0.128881 0.079304 0.667143
v 0.194409 0.068644 0.528646
v 0.216002 -0.019726 0.452139
v 0.070845 -0.515102 -0.280168
v 0.077351 -0.566332 -0.315626
v 0.065497 -0.585169 -0.326458
v 0.024312 -0.522709 -0.368187
v 0.024516 -0.477330 -0.376009
v 0.029435 -0.621708 0.679530
v 0.029334 -0.683237 0.679657
v 0.135135 -0.691162 -0.171747
v 0.128941 0.075294 0.717414
v -0.038892 -0.563401 -0.353788
v -0.096605 -0.581079 -0.271803
v -0.081421 -0.523462 -0.248634
v -0.036622 -0.484750 -0.256189
v -0.005608 -0.481859 -0.253481
v -0.005608 -0.621665 0.686785
v -0.043690 -0.015366 0.786970
v -0.005607 -0.030092 0.785340
v -0.163713 -0.683237 -0.205184
v -0.137000 -0.683237 -0.250363
v 0.064900 -0.693821 -0.088132
v -0.005608 -0.683237 0.686858
v 0.063431 -0.683237 -0.313056
v 0.029334 -0.683237 -0.329144
v -0.040549 -0.683237 -0.329144
v -0.107053 -0.683237 -0.286556
v -0.154517 -0.109647 0.591912
v -0.130134 -0.017461 0.672368
v -0.084248 0.068824 0.694117
v -0.087525 0.079304 0.708604
v -0.086065 0.075639 0.748058
v -0.139597 -0.203713 0.484912
v -0.159526 -0.211358 0.417183
v -0.173278 -0.213518 0.349188
v -0.122335 -0.228345 0.201557
v -0.102463 -0.225743 0.168663
v -0.005607 -0.204406 0.052169
v 0.154700 -0.220085 0.142926
v 0.166982 -0.218368 0.196777
v 0.161939 0.068716 0.595388
v 0.187309 -0.018786 0.543515
v 0.025406 -0.484750 -0.256189
v 0.070206 -0.523462 -0.248634
v 0.085390 -0.581079 -0.271803
v 0.027676 -0.563401 -0.353788
v 0.152498 -0.683237 -0.205184
v 0.032475 -0.015367 0.786970
v 0.125784 -0.683237 -0.250363
v -0.005608 -0.528687 -0.370066
v -0.053229 -0.614604 -0.320484
v -0.092677 -0.554108 -0.177040
v -0.062772 -0.501895 -0.237037
v -0.036282 -0.490031 -0.231162
v -0.005608 -0.015336 0.789527
v -0.043085 0.075295 0.761667
v -0.040946 -0.691165 -0.277854
v 0.024772 -0.691168 -0.280256
v 0.095838 -0.683237 -0.286556
v -0.005608 -0.683237 -0.334591
v -0.074647 -0.683237 -0.313056
v -0.120355 -0.108511 0.647586
v -0.117846 -0.195005 0.535637
v -0.081457 -0.017041 0.713180
v -0.043690 0.078322 0.750387
v -0.129332 -0.224803 0.312152
v -0.077660 -0.219467 0.147568
v 0.216845 -0.114388 0.360122
v 0.198599 -0.112658 0.444652
v 0.169057 -0.215704 0.280431
v -0.005607 -0.216906 0.138707
v 0.066445 -0.219467 0.147567
v 0.091368 -0.225749 0.168623
v 0.074850 0.075639 0.748058
v 0.076310 0.079304 0.708605
v 0.123502 0.068781 0.654314
v 0.155992 -0.018082 0.611949
v 0.172159 -0.110936 0.528852
v 0.025067 -0.490031 -0.231162
v 0.051557 -0.501896 -0.237037
v 0.081462 -0.554108 -0.177040
v 0.042014 -0.614604 -0.320484
v 0.086545 -0.691165 -0.240334
v 0.031870 0.075295 0.761667
v -0.005608 -0.564710 -0.357279
v -0.005608 -0.615104 -0.325853
v -0.092749 -0.611420 -0.289460
v -0.099385 -0.586852 -0.182870
v -0.078774 -0.528052 -0.088320
v -0.092097 -0.182872 0.580420
v -0.075501 -0.107743 0.685193
v -0.005607 0.068831 0.711675
v -0.005607 0.079304 0.726417
v -0.082290 -0.210387 0.481120
v -0.100378 -0.216633 0.444093
v -0.114518 -0.222114 0.396278
v 0.112445 -0.228394 0.200407
v 0.117265 -0.224475 0.322362
v 0.042958 0.078300 0.747887
v 0.118919 -0.017460 0.672368
v 0.143302 -0.109648 0.591912
v 0.067559 -0.528052 -0.088320
v 0.088170 -0.586852 -0.182871
v 0.081533 -0.611420 -0.289460
v -0.005608 -0.626427 -0.320568
v -0.091056 -0.626967 -0.277337
v -0.102379 -0.613356 -0.185989
v -0.097071 -0.586760 -0.091121
v -0.090348 -0.555339 -0.089474
v -0.060557 -0.507108 -0.086305
v -0.035093 -0.495280 -0.085507
v -0.005608 -0.486846 -0.228185
v -0.005607 0.075294 0.764115
v -0.058289 -0.171695 0.610672
v -0.066391 -0.201229 0.513862
v -0.005607 -0.016977 0.730892
v 0.162064 -0.213518 0.349188
v 0.148311 -0.211358 0.417183
v 0.128382 -0.203713 0.484912
v 0.073033 0.068824 0.694117
v 0.070242 -0.017041 0.713180
v 0.109140 -0.108511 0.647586
v 0.106631 -0.195005 0.535636
v 0.023878 -0.495280 -0.085507
v 0.049342 -0.507108 -0.086305
v 0.079133 -0.555339 -0.089474
v 0.085856 -0.586760 -0.091121
v 0.091164 -0.613356 -0.185989
v 0.079841 -0.626967 -0.277337
v -0.054477 -0.626427 -0.315133
v -0.085836 -0.566270 -0.042744
v -0.056543 -0.516399 -0.042834
v -0.005608 -0.491017 -0.089235
v -0.039598 -0.192045 0.539985
v -0.005607 -0.107626 0.702415
v 0.055856 -0.201469 0.512676
v 0.089534 -0.216632 0.443781
v 0.103678 -0.222139 0.395269
v 0.064286 -0.107743 0.685193
v 0.080882 -0.182872 0.580420
v 0.045328 -0.516399 -0.042834
v 0.074621 -0.566270 -0.042744
v 0.043262 -0.626427 -0.315133
v -0.054089 -0.631095 -0.284731
v -0.103377 -0.626427 -0.187028
v -0.101243 -0.626355 -0.091852
v -0.073268 -0.534987 -0.043781
v -0.005607 -0.501667 -0.042727
v -0.005607 -0.171567 0.615302
v 0.074109 -0.210302 0.480352
v 0.047074 -0.171695 0.610671
v 0.062053 -0.534987 -0.043781
v 0.090028 -0.626355 -0.091852
v 0.092162 -0.626427 -0.187028
v 0.040030 -0.631119 -0.287197
v -0.090760 -0.631095 -0.188552
v -0.094276 -0.626315 -0.041788
v -0.065174 -0.546573 -0.019584
v -0.033040 -0.504979 -0.043382
v 0.032010 -0.193222 0.534772
v 0.021825 -0.504979 -0.043382
v 0.053959 -0.546573 -0.019583
v 0.083060 -0.626315 -0.041788
v 0.079544 -0.631095 -0.188552
v 0.041188 -0.632657 -0.194835
v -0.052926 -0.632654 -0.193123
v -0.086538 -0.631100 -0.054912
v -0.078057 -0.576596 -0.020384
v -0.050513 -0.530330 -0.019377
v -0.028430 -0.524301 -0.013737
v 0.018409 -0.519991 -0.019517
v 0.039298 -0.530330 -0.019377
v 0.066843 -0.576597 -0.020384
v 0.075323 -0.631100 -0.054914
v -0.044161 -0.632694 0.009852
v -0.077026 -0.626618 -0.003271
v -0.066091 -0.580704 -0.002015
v -0.049266 -0.550623 -0.003126
v -0.005608 -0.516978 -0.019028
v 0.038050 -0.550622 -0.003126
v 0.054875 -0.580704 -0.002015
v 0.065811 -0.626618 -0.003272
v 0.034223 -0.632752 -0.000036
v -0.066981 -0.631224 -0.001722
v 0.002310 -0.535002 -0.002553
v 0.055766 -0.631224 -0.001722
v -0.058694 -0.626363 0.011996
v -0.049650 -0.579883 0.009490
v -0.026793 -0.573293 0.014606
v 0.038435 -0.579884 0.009490
v 0.047479 -0.626363 0.011996
v 0.025382 -0.630012 0.017918
v 0.002385 -0.563951 0.012770
v -0.025545 -0.626463 0.020249
v 0.009348 -0.587793 0.017978
vn 0.00017100001028479595 -0.13833800832033974 -0.9903850595667112
vn 0.0000010000001488065332 0.7649151138243494 -0.6441310958509011
vn -0.3106701106512377 0.1830200651861767 -0.9327313322105113
vn 0.3106701106512377 -0.1830200651861767 0.9327313322105113
vn -0.0000010000001488065332 -0.7649151138243494 0.6441310958509011
vn -0.00017100001028479595 0.13833800832033974 0.9903850595667112
vn 0.310689846662637 0.18316890959911342 -0.932695539678956
vn -0.310689846662637 -0.18316890959911342 0.932695539678956
vn -0.3571438483967543 0.9025436168811465 -0.2405478978903256
vn 0.3571438483967543 -0.9025436168811465 0.2405478978903256
vn -0.14157707402571618 -0.5619712938351974 -0.8149504261091659
vn 0.14157707402571618 0.5619712938351974 0.8149504261091659
vn 0.3571398849900828 0.9025497093515127 -0.24053092254171923
vn -0.3571398849900828 -0.9025497093515127 0.24053092254171923
vn 0.12374600187592752 -0.5746270087110582 -0.8090060122641267
vn -0.12374600187592752 0.5746270087110582 0.8090060122641267
vn -0.0000010000002951826305 0.974897287772661 0.2226550657238886
vn 0.0000010000002951826305 -0.974897287772661 -0.2226550657238886
vn -0.7229310786498451 0.48561805283184767 -0.4914730534688308
vn 0.7229310786498451 -0.48561805283184767 0.4914730534688308
vn -0.5430249311721373 -0.24038796953106717 -0.8045728980211962
vn 0.5430249311721373 0.24038796953106717 0.8045728980211962
vn 0.7229310913416261 0.48562106135773936 -0.4914700620967548
vn -0.7229310913416261 -0.48562106135773936 0.4914700620967548
vn 0.5430329131508526 -0.2404369615460783 -0.8045528713250536
vn -0.5430329131508526 0.2404369615460783 0.8045528713250536
vn -0.32097089651033345 0.9149617049916899 0.2445869211385855
vn 0.32097089651033345 -0.9149617049916899 -0.2445869211385855
vn -0.6893211699156213 0.7101141750410355 0.14343703535680327
vn 0.6893211699156213 -0.7101141750410355 -0.14343703535680327
vn -0.3815538765267054 -0.6073788034483031 -0.6967837745162779
vn 0.3815538765267054 0.6073788034483031 0.6967837745162779
vn -0.07235796391447735 -0.641696679980491 -0.7635376192173942
vn 0.07235796391447735 0.641696679980491 0.7635376192173942
vn 0.6893217887456516 0.7101127823738992 0.14344095604008725
vn -0.6893217887456516 -0.7101127823738992 -0.14344095604008725
vn 0.3209690996402184 0.9149582840355764 0.24460207593317954
vn -0.3209690996402184 -0.9149582840355764 -0.24460207593317954
vn 0.38155601474008144 -0.6073760234638473 -0.6967850269178513
vn -0.38155601474008144 0.6073760234638473 0.6967850269178513
vn -0.30628905614064506 0.7611981395223033 0.5716331047763562
vn 0.30628905614064506 -0.7611981395223033 -0.5716331047763562
vn -0.9302878338129311 0.3278639414302268 -0.16452897060846505
vn 0.9302878338129311 -0.3278639414302268 0.16452897060846505
vn -0.8591144004260128 0.06518603038266176 -0.5076152365952022
vn 0.8591144004260128 -0.06518603038266176 0.5076152365952022
vn -0.6090742528249475 -0.5546532302349396 -0.5669112353232019
vn 0.6090742528249475 0.5546532302349396 0.5669112353232019
vn -0.3392020709054515 -0.7041681471965082 -0.6237701303904266
vn 0.3392020709054515 0.7041681471965082 0.6237701303904266
vn 0.10699794474253067 -0.6478446654304266 -0.7542206104941797
vn -0.10699794474253067 0.6478446654304266 0.7542206104941797
vn 0.8591123561755997 0.06518202702352888 -0.507619210451608
vn -0.8591123561755997 -0.06518202702352888 0.507619210451608
vn 0.9302890342225434 0.32785901206094975 -0.16453200605263904
vn -0.9302890342225434 -0.32785901206094975 0.16453200605263904
vn 0.3062870677755162 0.7611951684380468 0.5716381264926704
vn -0.3062870677755162 -0.7611951684380468 -0.5716381264926704
vn 0.6090726028549479 -0.5546546383381157 -0.5669116303459588
vn -0.6090726028549479 0.5546546383381157 0.5669116303459588
vn 0.3394071220552353 -0.703647253040745 -0.6242462244870978
vn -0.3394071220552353 0.703647253040745 0.6242462244870978
vn -0.000001999999365271302 0.7992807463367059 0.6009578092773556
vn 0.000001999999365271302 -0.7992807463367059 -0.6009578092773556
vn -0.9389971785569035 0.34284606519458544 0.027219005175884863
vn 0.9389971785569035 -0.34284606519458544 -0.027219005175884863
vn -0.7323066583856143 -0.21520189961027406 -0.6460766986111051
vn 0.7323066583856143 0.21520189961027406 0.6460766986111051
vn -0.1322730111287241 -0.5771410485574755 -0.8058610678007208
vn 0.1322730111287241 0.5771410485574755 0.8058610678007208
vn 0.09886395202267038 -0.5655807255313758 -0.8187456026739085
vn -0.09886395202267038 0.5655807255313758 0.8187456026739085
vn 0.7323041633529112 -0.21520304800470372 -0.6460791441189526
vn -0.7323041633529112 0.21520304800470372 0.6460791441189526
vn 0.938999592757843 0.3428398513110744 0.027213988197350308
vn -0.938999592757843 -0.3428398513110744 -0.027213988197350308
vn 0 0.7351013035785235 0.6779572799794655
vn 0 -0.7351013035785235 -0.6779572799794655
vn -0.696787805523415 0.5710718406113017 0.4340088788661857
vn 0.696787805523415 -0.5710718406113017 -0.4340088788661857
vn -0.9020142886423634 0.3873031239360512 0.19070006102355253
vn 0.9020142886423634 -0.3873031239360512 -0.19070006102355253
vn -0.9992269636431277 -0.021495999217868086 -0.032914998802387796
vn 0.9992269636431277 0.021495999217868086 0.032914998802387796
vn -0.9860658237989277 -0.08985498394372451 -0.140000974983088
vn 0.9860658237989277 0.08985498394372451 0.140000974983088
vn -0.8488650868295653 -0.2890610295677652 -0.44257404527045885
vn 0.8488650868295653 0.2890610295677652 0.44257404527045885
vn -0.5329930801933453 -0.7137531073902299 -0.45439506836760546
vn 0.5329930801933453 0.7137531073902299 0.45439506836760546
vn -0.35252490950157944 -0.6579008311070098 -0.6655018291557199
vn 0.35252490950157944 0.6579008311070098 0.6655018291557199
vn 0.8488641863405645 -0.2890620634541885 -0.4425750971529896
vn -0.8488641863405645 0.2890620634541885 0.4425750971529896
vn 0.9860660112939073 -0.08985600102916573 -0.1399990016034786
vn -0.9860660112939073 0.08985600102916573 0.1399990016034786
vn 0.9992269965321828 -0.021495999925398135 -0.03291399988577196
vn -0.9992269965321828 0.021495999925398135 0.03291399988577196
vn 0.9020137619486773 0.38730489778599053 0.1906989496724561
vn -0.9020137619486773 -0.38730489778599053 -0.1906989496724561
vn 0.696788203439191 0.5710711667339596 0.43400912671636116
vn -0.696788203439191 -0.5710711667339596 -0.43400912671636116
vn 0.5329917416600315 -0.7137536540451153 -0.45439577975532774
vn -0.5329917416600315 0.7137536540451153 0.45439577975532774
vn -0.29323789989548915 0.7023947602189761 0.6485777785908258
vn 0.29323789989548915 -0.7023947602189761 -0.6485777785908258
vn -0.6360271371487725 0.5628981213797051 0.5278401138200234
vn 0.6360271371487725 -0.5628981213797051 -0.5278401138200234
vn -0.9998706570339249 -0.009655996687892316 -0.01286199558820122
vn 0.9998706570339249 0.009655996687892316 0.01286199558820122
vn -0.946825740624225 -0.12547496562707894 -0.296271918838541
vn 0.946825740624225 0.12547496562707894 0.296271918838541
vn -0.7245909608365843 -0.5118309723360486 -0.4615159750555238
vn 0.7245909608365843 0.5118309723360486 0.4615159750555238
vn -0.6191199097679231 -0.68994189944615 -0.37506094533768414
vn 0.6191199097679231 0.68994189944615 0.37506094533768414
vn -0.5643911051339383 -0.6867091279191583 -0.45814108534184217
vn 0.5643911051339383 0.6867091279191583 0.45814108534184217
vn -0.3896441400348171 -0.5256201889034621 -0.756241271786734
vn 0.3896441400348171 0.5256201889034621 0.756241271786734
vn -0.0674089932072635 -0.40399095929023704 -0.9122759080708736
vn 0.0674089932072635 0.40399095929023704 0.9122759080708736
vn 0.3523581454295121 -0.6578642715216926 -0.6656262747253203
vn -0.3523581454295121 0.6578642715216926 0.6656262747253203
vn 0.9468252806897101 -0.12547803719840883 -0.2962720878309104
vn -0.9468252806897101 0.12547803719840883 0.2962720878309104
vn 0.9998706280651933 -0.009658996407018209 -0.012861995215557325
vn -0.9998706280651933 0.009658996407018209 0.012861995215557325
vn 0.6360268014280114 0.5628978242593864 0.527840835204422
vn -0.6360268014280114 -0.5628978242593864 -0.527840835204422
vn 0.2932340378776296 0.7023960907299137 0.6485780837781336
vn -0.2932340378776296 -0.7023960907299137 -0.6485780837781336
vn 0.7245898170465287 -0.5118308707665602 -0.46151788347021055
vn -0.7245898170465287 0.5118308707665602 0.46151788347021055
vn 0.5643890960632653 -0.6867101168832221 -0.45814207797922435
vn -0.5643890960632653 0.6867101168832221 0.45814207797922435
vn 0.6191192930769029 -0.6899423266029061 -0.3750611775453771
vn -0.6191192930769029 0.6899423266029061 0.3750611775453771
vn -0.2783150518332609 0.7854141462751515 0.552870102966261
vn 0.2783150518332609 -0.7854141462751515 -0.552870102966261
vn -0.9082680265100734 0.3062850089396938 0.2850240083191384
vn 0.9082680265100734 -0.3062850089396938 -0.2850240083191384
vn -0.9061561434911959 -0.41404406556450407 -0.08630501366652947
vn 0.9061561434911959 0.41404406556450407 0.08630501366652947
vn -0.9008218649289781 -0.43334193502384843 0.027105995935673064
vn 0.9008218649289781 0.43334193502384843 -0.027105995935673064
vn -0.9040809024903594 -0.42650695399909494 0.02700999708683692
vn 0.9040809024903594 0.42650695399909494 -0.02700999708683692
vn -0.7655413462900269 -0.6089512754570404 -0.20766509393659965
vn 0.7655413462900269 0.6089512754570404 0.20766509393659965
vn 0.10057199629005 -0.4086169849267327 -0.907147966536673
vn -0.10057199629005 0.4086169849267327 0.907147966536673
vn 0.38998903138280866 -0.5243440421944913 -0.7569490609124504
vn -0.38998903138280866 0.5243440421944913 0.7569490609124504
vn 0.9040809269091284 -0.42650696551883255 0.027008997816444155
vn -0.9040809269091284 0.42650696551883255 -0.027008997816444155
vn 0.9008205541470845 -0.4333447855199516 0.027103986585129098
vn -0.9008205541470845 0.4333447855199516 -0.027103986585129098
vn 0.9061542067590411 -0.41404809447419255 -0.08630601969261935
vn -0.9061542067590411 0.41404809447419255 0.08630601969261935
vn 0.9082682853879311 0.3062850962381615 0.28502308955740413
vn -0.9082682853879311 -0.3062850962381615 -0.28502308955740413
vn 0.278314129291972 0.7854143648674695 0.5528702568381489
vn -0.278314129291972 -0.7854143648674695 -0.5528702568381489
vn 0.765541028336119 -0.6089510225400181 -0.2076670076866906
vn -0.765541028336119 0.6089510225400181 0.2076670076866906
vn 0 0.819742782820245 0.5727318482624488
vn 0 -0.819742782820245 -0.5727318482624488
vn -0.8991945449847459 0.3159988400965694 0.3026448468540288
vn 0.8991945449847459 -0.3159988400965694 -0.3026448468540288
vn -0.9992584365341374 0.02852601246181947 0.025862011298028998
vn 0.9992584365341374 -0.02852601246181947 -0.025862011298028998
vn -0.8836891988004884 -0.40401109088897125 -0.23636505317422468
vn 0.8836891988004884 0.40401109088897125 0.23636505317422468
vn -0.8983905090270258 -0.4369647611975123 0.04422997582819212
vn 0.8983905090270258 0.4369647611975123 -0.04422997582819212
vn -0.8782144674394915 -0.4766987109237922 -0.038699976531838244
vn 0.8782144674394915 0.4766987109237922 0.038699976531838244
vn -0.6452229698484087 -0.67376596851458 -0.36017598316879657
vn 0.6452229698484087 0.67376596851458 0.36017598316879657
vn -0.6365789877566764 -0.5937489885804257 -0.49216799053413307
vn 0.6365789877566764 0.5937489885804257 0.49216799053413307
vn -0.12669204823135521 -0.22699008641457485 -0.9656213676097105
vn 0.12669204823135521 0.22699008641457485 0.9656213676097105
vn 0.0954140432849245 -0.21711609849550034 -0.9714714407115193
vn -0.0954140432849245 0.21711609849550034 0.9714714407115193
vn 0.8782132066563259 -0.47670111217469696 -0.038699009106439045
vn -0.8782132066563259 0.47670111217469696 0.038699009106439045
vn 0.8983908618553462 -0.4369639328084982 0.04423099319864493
vn -0.8983908618553462 0.4369639328084982 -0.04423099319864493
vn 0.8836893469466682 -0.4040101586190656 -0.2363660928000645
vn -0.8836893469466682 0.4040101586190656 0.2363660928000645
vn 0.9992585467079471 0.02852398706070947 0.025859988269174974
vn -0.9992585467079471 -0.02852398706070947 -0.025859988269174974
vn 0.899196608722324 0.31599486249755143 0.30264286830755693
vn -0.899196608722324 -0.31599486249755143 -0.30264286830755693
vn 0.6452199145932134 -0.6737689108142257 -0.3601759523240526
vn -0.6452199145932134 0.6737689108142257 0.3601759523240526
vn -0.0000010000000174430003 0.9403520164025603 0.34020300593416103
vn 0.0000010000000174430003 -0.9403520164025603 -0.34020300593416103
vn -0.6169736311914742 0.6394676177452366 0.45872072579036427
vn 0.6169736311914742 -0.6394676177452366 -0.45872072579036427
vn -0.8719491190860232 0.3963550541319971 0.287415039253568
vn 0.8719491190860232 -0.3963550541319971 -0.287415039253568
vn -0.9040445500820006 -0.3093938460232295 -0.29492185322554054
vn 0.9040445500820006 0.3093938460232295 0.29492185322554054
vn -0.6546533009252067 -0.7152853287959979 -0.2445321124043465
vn 0.6546533009252067 0.7152853287959979 0.2445321124043465
vn -0.6635297679696524 -0.7481407383819627 0.0036989987064936693
vn 0.6635297679696524 0.7481407383819627 -0.0036989987064936693
vn -0.6751480515472181 -0.6772740517095373 0.2923610223216187
vn 0.6751480515472181 0.6772740517095373 -0.2923610223216187
vn -0.584383981237476 -0.5946309809084808 0.552185982271241
vn 0.584383981237476 0.5946309809084808 -0.552185982271241
vn -0.6730579951980679 -0.6871469950975497 -0.27353599804845746
vn 0.6730579951980679 0.6871469950975497 0.27353599804845746
vn -0.6962489150444089 -0.6661859187126653 -0.2672709673878658
vn 0.6962489150444089 0.6661859187126653 0.2672709673878658
vn -0.7218859968449973 -0.5851929974424139 -0.36936399838569467
vn 0.7218859968449973 0.5851929974424139 0.36936399838569467
vn -0.7122089987276385 -0.42475399924117696 -0.558875999001568
vn 0.7122089987276385 0.42475399924117696 0.558875999001568
vn -0.421869726750426 -0.3318807850372345 -0.8437304535066813
vn 0.421869726750426 0.3318807850372345 0.8437304535066813
vn 0.6365793010603846 -0.5937492808045857 -0.49216723276291924
vn -0.6365793010603846 0.5937492808045857 0.49216723276291924
vn 0.584383981237476 -0.5946309809084808 0.552185982271241
vn -0.584383981237476 0.5946309809084808 -0.552185982271241
vn 0.6751472474975488 -0.6772752482776379 0.2923601071742648
vn -0.6751472474975488 0.6772752482776379 -0.2923601071742648
vn 0.6635292106951085 -0.7481412375625618 0.0036980011742523853
vn -0.6635292106951085 0.7481412375625618 -0.0036980011742523853
vn 0.6546519530503275 -0.7152869487017677 -0.24453098246297214
vn -0.6546519530503275 0.7152869487017677 0.24453098246297214
vn 0.9040438079648427 -0.3093959342787414 -0.2949219373532786
vn -0.9040438079648427 0.3093959342787414 0.2949219373532786
vn 0.8719492747050466 0.3963561248708278 0.2874130905486462
vn -0.8719492747050466 -0.3963561248708278 -0.2874130905486462
vn 0.6169741972278646 0.6394682044185138 0.45871914663854363
vn -0.6169741972278646 -0.6394682044185138 -0.45871914663854363
vn 0.6730574482045845 -0.6871474575874488 -0.2735361821540957
vn -0.6730574482045845 0.6871474575874488 0.2735361821540957
vn 0.721885251324755 -0.5851932037353419 -0.3693651285946766
vn -0.721885251324755 0.5851932037353419 0.3693651285946766
vn 0.6962481220617058 -0.6661871167916054 -0.2672700468560515
vn -0.6962481220617058 0.6661871167916054 0.2672700468560515
vn -0.26497507566059647 0.9067232589044362 0.32808709368151
vn 0.26497507566059647 -0.9067232589044362 -0.32808709368151
vn -0.6064250410749886 0.7473220506183661 0.27158501839526866
vn 0.6064250410749886 -0.7473220506183661 -0.27158501839526866
vn -0.8857890869552615 -0.3507880344358106 -0.30385102982814544
vn 0.8857890869552615 0.3507880344358106 0.30385102982814544
vn -0.6661581275120041 -0.5663121084000764 -0.4853080928947722
vn 0.6661581275120041 0.5663121084000764 0.4853080928947722
vn -0.6766189297378641 -0.6339699341666636 -0.37452496110820643
vn 0.6766189297378641 0.6339699341666636 0.37452496110820643
vn -0.6851400994134932 -0.719901104457298 -0.11102001610895
vn 0.6851400994134932 0.719901104457298 0.11102001610895
vn -0.6903527796929302 -0.710305773325482 0.13739995615258946
vn 0.6903527796929302 0.710305773325482 -0.13739995615258946
vn -0.640696898310198 -0.628198900293849 0.44144492993496987
vn 0.640696898310198 0.628198900293849 -0.44144492993496987
vn -0.4807038429192292 -0.8670347166769443 0.13105195717583132
vn 0.4807038429192292 0.8670347166769443 -0.13105195717583132
vn -0.6733277086723733 -0.7331116828057365 -0.09579695855168259
vn 0.6733277086723733 0.7331116828057365 0.09579695855168259
vn -0.42926700655855604 -0.2424230037038599 -0.8700350132928302
vn 0.42926700655855604 0.2424230037038599 0.8700350132928302
vn -0.053575999804420814 -0.17300899936843067 -0.983461996409872
vn 0.053575999804420814 0.17300899936843067 0.983461996409872
vn 0.4218199228837323 -0.3318439393329602 -0.8437698457436984
vn -0.4218199228837323 0.3318439393329602 0.8437698457436984
vn 0.7122097939986884 -0.4247528771434337 -0.5588758383493787
vn -0.7122097939986884 0.4247528771434337 0.5588758383493787
vn 0.6406981731346093 -0.6281981697567579 0.44144411929057753
vn -0.6406981731346093 0.6281981697567579 -0.44144411929057753
vn 0.6903505463393941 -0.710308533224097 0.13739690971026872
vn -0.6903505463393941 0.710308533224097 -0.13739690971026872
vn 0.6851410863695759 -0.7199010907514571 -0.1110140139945385
vn -0.6851410863695759 0.7199010907514571 0.1110140139945385
vn 0.6766183096835349 -0.6339692901633727 -0.3745271714185039
vn -0.6766183096835349 0.6339692901633727 0.3745271714185039
vn 0.6661569246932953 -0.5663119359804213 -0.4853099451374123
vn -0.6661569246932953 0.5663119359804213 0.4853099451374123
vn 0.8857879394005918 -0.3507909760013378 -0.30385097921264365
vn -0.8857879394005918 0.3507909760013378 0.30385097921264365
vn 0.6064261265180896 0.7473211559128817 0.27158505666052474
vn -0.6064261265180896 -0.7473211559128817 -0.27158505666052474
vn 0.26497507566059647 0.9067232589044362 0.32808709368151
vn -0.26497507566059647 -0.9067232589044362 -0.32808709368151
vn 0.6733282022967756 -0.7331112202581674 -0.09579702878155104
vn -0.6733282022967756 0.7331112202581674 0.09579702878155104
vn 0.4807001614381289 -0.8670362911850833 0.13105504401346782
vn -0.4807001614381289 0.8670362911850833 -0.13105504401346782
vn -0.27332502966191713 0.9618831043859649 -0.008621000935572625
vn 0.27332502966191713 -0.9618831043859649 0.008621000935572625
vn -0.99957557191536 0.028225987911757535 0.007208996912628785
vn 0.99957557191536 -0.028225987911757535 -0.007208996912628785
vn -0.6433740482797555 -0.5237200393007388 -0.5583790419016025
vn 0.6433740482797555 0.5237200393007388 0.5583790419016025
vn -0.33079405760564 -0.8136111416851043 -0.47813408326395
vn 0.33079405760564 0.8136111416851043 0.47813408326395
vn -0.33692614338889015 -0.9310573962390255 -0.1400460596007447
vn 0.33692614338889015 0.9310573962390255 0.1400460596007447
vn -0.3479231395907927 -0.9151723671777517 0.20349208164337967
vn 0.3479231395907927 0.9151723671777517 -0.20349208164337967
vn -0.28490109082790677 -0.600290191375545 0.7473172382485102
vn 0.28490109082790677 0.600290191375545 -0.7473172382485102
vn -0.004563999740616492 -0.4049849769836919 0.9143119480373676
vn 0.004563999740616492 0.4049849769836919 -0.9143119480373676
vn -0.7683667453456303 -0.5776908085400109 -0.27547390870162586
vn 0.7683667453456303 0.5776908085400109 0.27547390870162586
vn -0.8020303591969961 -0.4535912031451749 -0.38859017403384
vn 0.8020303591969961 0.4535912031451749 0.38859017403384
vn 0.0816869590146405 -0.176286911550356 -0.9809435078244705
vn -0.0816869590146405 0.176286911550356 0.9809435078244705
vn 0.42938405610804764 -0.24291103174142947 -0.8698411136630155
vn -0.42938405610804764 0.24291103174142947 0.8698411136630155
vn 0.2849000009729335 -0.6002910020499939 0.7473170025520877
vn -0.2849000009729335 0.6002910020499939 -0.7473170025520877
vn 0.34792394774026136 -0.9151718625370784 0.2034929694344426
vn -0.34792394774026136 0.9151718625370784 -0.2034929694344426
vn 0.3369269826841435 -0.9310569521497257 -0.14004699280249505
vn -0.3369269826841435 0.9310569521497257 0.14004699280249505
vn 0.3307918491534931 -0.8136116289797573 -0.47813478196269993
vn -0.3307918491534931 0.8136116289797573 0.47813478196269993
vn 0.6433749712967913 -0.523718976635064 -0.55837897508876
vn -0.6433749712967913 0.523718976635064 0.55837897508876
vn 0.9995755292869996 0.028226986707548137 0.007210996604248756
vn -0.9995755292869996 -0.028226986707548137 -0.007210996604248756
vn 0.27332502966191713 0.9618831043859649 -0.008621000935572625
vn -0.27332502966191713 -0.9618831043859649 0.008621000935572625
vn 0.004564998347265472 -0.4049878533761992 0.9143106689784538
vn -0.004564998347265472 0.4049878533761992 -0.9143106689784538
vn 0.7683673803377215 -0.5776912859540799 -0.27547113635673115
vn -0.7683673803377215 0.5776912859540799 0.27547113635673115
vn -0.0000010000000501010037 0.9999610500990498 -0.00882600044219146
vn 0.0000010000000501010037 -0.9999610500990498 0.00882600044219146
vn -0.8711750177083747 0.4608890093684909 0.16922000343973503
vn 0.8711750177083747 -0.4608890093684909 -0.16922000343973503
vn -0.9058751887685562 -0.3914170815644785 -0.16181103371859126
vn 0.9058751887685562 0.3914170815644785 0.16181103371859126
vn -0.6343370757230414 -0.5710720681708755 -0.5210500621995733
vn 0.6343370757230414 0.5710720681708755 0.5210500621995733
vn -0.31680102423116085 -0.681497052125667 -0.6596960504581737
vn 0.31680102423116085 0.681497052125667 0.6596960504581737
vn -0.3320070174431511 -0.8954350470448154 -0.2965930155825525
vn 0.3320070174431511 0.8954350470448154 0.2965930155825525
vn -0.3365398832173154 -0.94141767331871 0.021763992447678293
vn 0.3365398832173154 0.94141767331871 -0.021763992447678293
vn -0.36216715442195074 -0.8031323424420506 0.47308920171723606
vn 0.36216715442195074 0.8031323424420506 -0.47308920171723606
vn -0.16411293828919782 -0.4246278403287094 0.8903696651974741
vn 0.16411293828919782 0.4246278403287094 -0.8903696651974741
vn -0.7067344129789614 -0.7074724134102106 -0.0030420017775881743
vn 0.7067344129789614 0.7074724134102106 0.0030420017775881743
vn -0.47431993747111834 -0.8779788842573684 -0.06460399148335327
vn -0.1716440762731518 -0.9851484377685382 0.004568002029874377
vn 0.1716440762731518 0.9851484377685382 -0.004568002029874377
vn 0.47431993747111834 0.8779788842573684 0.06460399148335327
vn -0.7304047696413279 -0.6734317876097491 -0.11401096404265776
vn 0.7304047696413279 0.6734317876097491 0.11401096404265776
vn -0.8206648456940965 -0.48419890895826656 -0.303414942950259
vn 0.8206648456940965 0.48419890895826656 0.303414942950259
vn -0.7929080393801752 -0.5968780296442465 -0.12261100608953707
vn 0.7929080393801752 0.5968780296442465 0.12261100608953707
vn -0.8449955609095784 -0.3189388342677835 -0.42925577694308853
vn 0.8449955609095784 0.3189388342677835 0.42925577694308853
vn -0.7508450239688507 -0.2596810082896671 -0.6072870193861202
vn 0.7508450239688507 0.2596810082896671 0.6072870193861202
vn -0.1016340197314338 -0.26013605050333805 -0.9602081864167559
vn 0.1016340197314338 0.26013605050333805 0.9602081864167559
vn 0.07699196968992283 -0.25915689797552127 -0.9627616209815238
vn -0.07699196968992283 0.25915689797552127 0.9627616209815238
vn 0.8020300996666827 -0.45359005636673266 -0.3885920482895597
vn -0.8020300996666827 0.45359005636673266 0.3885920482895597
vn 0.1641139877900839 -0.42462896840803055 0.8903689337574442
vn -0.1641139877900839 0.42462896840803055 -0.8903689337574442
vn 0.36216599471853334 -0.8031329882879117 0.4730889931009432
vn -0.36216599471853334 0.8031329882879117 -0.4730889931009432
vn 0.336544063827607 -0.9414161785452435 0.021764004127674354
vn -0.336544063827607 0.9414161785452435 -0.021764004127674354
vn 0.3320038538955942 -0.8954356059470828 -0.2965948694779694
vn -0.3320038538955942 0.8954356059470828 0.2965948694779694
vn 0.316801017324264 -0.6814980372677211 -0.6596950360754239
vn -0.316801017324264 0.6814980372677211 0.6596950360754239
vn 0.8711730362072589 0.4608920191553641 0.16922200703312062
vn -0.8711730362072589 -0.4608920191553641 -0.16922200703312062
vn 0.6343389954578156 -0.5710699959108533 -0.5210499962690215
vn -0.6343389954578156 0.5710699959108533 0.5210499962690215
vn 0.9058732274059141 -0.3914240982611608 -0.16180504061873346
vn -0.9058732274059141 0.3914240982611608 0.16180504061873346
vn 0.7304043864059347 -0.6734323562660136 -0.11401006031475815
vn -0.7304043864059347 0.6734323562660136 0.11401006031475815
vn 0.7067329146104141 -0.7074739145208844 -0.0030409996325773234
vn -0.7067329146104141 0.7074739145208844 0.0030409996325773234
vn 0.47430603134451516 -0.8779870580217767 -0.064595004268761
vn 0.1716380729488569 -0.9851494187038619 0.004582001947422263
vn -0.1716380729488569 0.9851494187038619 -0.004582001947422263
vn -0.47430603134451516 0.8779870580217767 0.064595004268761
vn 0.7929080393801752 -0.5968780296442465 -0.12261100608953707
vn -0.7929080393801752 0.5968780296442465 0.12261100608953707
vn 0.8206658185688622 -0.4841978929545101 -0.303413932921862
vn -0.8206658185688622 0.4841978929545101 0.303413932921862
vn -9.999995675177806e-7 0.9390575938741121 -0.3437598513299123
vn 9.999995675177806e-7 -0.9390575938741121 0.3437598513299123
vn -0.6153439943136062 0.7882249927160129 -0.007288999932642352
vn 0.6153439943136062 -0.7882249927160129 0.007288999932642352
vn -0.8638889554984893 0.5036759740541402 -0.002526999869826659
vn 0.8638889554984893 -0.5036759740541402 0.002526999869826659
vn -0.9036412084076996 -0.4278360986722786 0.019719004547814264
vn 0.9036412084076996 0.4278360986722786 -0.019719004547814264
vn -0.6562259505002221 -0.7121689462803862 -0.2493649811901508
vn 0.6562259505002221 0.7121689462803862 0.2493649811901508
vn -0.3217540067431596 -0.6894600144493583 -0.6489370136000976
vn 0.3217540067431596 0.6894600144493583 0.6489370136000976
vn 0 -0.9493005796967868 -0.31436986081261775
vn 0 0.9493005796967868 0.31436986081261775
vn -9.999998094990545e-7 -0.9997008095560141 0.02445999534034687
vn 9.999998094990545e-7 0.9997008095560141 -0.02445999534034687
vn 0 -0.8500649065315433 0.5266779420893933
vn 0 0.8500649065315433 -0.5266779420893933
vn -0.0000020000002522710476 -0.3804460479877555 0.9248031166505108
vn 0.0000020000002522710476 0.3804460479877555 -0.9248031166505108
vn -0.676859217812316 -0.7357812367733364 0.022081007105636107
vn 0.676859217812316 0.7357812367733364 -0.022081007105636107
vn 0.16425197110660258 -0.3728829344065417 0.9132248393555459
vn 0.3210839568866151 -0.29210296077802367 0.9008778790350814
vn -0.3210839568866151 0.29210296077802367 -0.9008778790350814
vn -0.16425197110660258 0.3728829344065417 -0.9132248393555459
vn -0.7350542223285766 -0.6773722048817538 0.029363008881298513
vn 0.7350542223285766 0.6773722048817538 -0.029363008881298513
vn -0.7478398434154404 -0.34501392776012885 -0.5671868812410054
vn 0.7478398434154404 0.34501392776012885 0.5671868812410054
vn -0.40042221194173094 -0.6902993653724444 -0.6026183189632488
vn 0.40042221194173094 0.6902993653724444 0.6026183189632488
vn 0.7508447629699837 -0.2596799180230878 -0.6072878082886821
vn -0.7508447629699837 0.2596799180230878 0.6072878082886821
vn 0.8449963694122136 -0.3189361394312562 -0.4292561876605442
vn -0.8449963694122136 0.3189361394312562 0.4292561876605442
vn 0.32175801023367456 -0.6894600219286211 -0.6489350206397032
vn -0.32175801023367456 0.6894600219286211 0.6489350206397032
vn 0.8638882710458515 0.5036771580292368 -0.002525000792221648
vn -0.8638882710458515 -0.5036771580292368 0.002525000792221648
vn 0.6562258104344371 -0.7121697942737609 -0.24936292796591802
vn -0.6562258104344371 0.7121697942737609 0.24936292796591802
vn 0.903641190588339 -0.427836090235561 0.019720004159176095
vn -0.903641190588339 0.427836090235561 -0.019720004159176095
vn 0.6153440032828604 0.7882250042051805 -0.007287000038876146
vn -0.6153440032828604 -0.7882250042051805 0.007287000038876146
vn 0.7350532431431571 -0.6773732240635842 0.029364009713116833
vn -0.7350532431431571 0.6773732240635842 -0.029364009713116833
vn 0.6768607995537956 -0.7357797821054718 0.02208099346091348
vn -0.6768607995537956 0.7357797821054718 -0.02208099346091348
vn -0.32107683442762236 -0.29211184936423856 0.9008775354369437
vn -0.16424995757834768 -0.37288890369213085 0.913222764137421
vn 0.16424995757834768 0.37288890369213085 -0.913222764137421
vn 0.32107683442762236 0.29211184936423856 -0.9008775354369437
vn -0.26667611963493426 0.905315406138162 -0.3305871483063868
vn 0.26667611963493426 -0.905315406138162 0.3305871483063868
vn -0.6031638960453147 0.7501208707174293 -0.2711309532708554
vn 0.6031638960453147 -0.7501208707174293 0.2711309532708554
vn -0.9980887228038519 0.05775698395932835 -0.021977993896118538
vn 0.9980887228038519 -0.05775698395932835 0.021977993896118538
vn 0.0000019999994792712037 -0.7600498021100391 -0.6498648307982904
vn -0.0000019999994792712037 0.7600498021100391 0.6498648307982904
vn 0 -0.6996488613401041 -0.7144868583994359
vn 0 0.6996488613401041 0.7144868583994359
vn 0.0000020000005389072176 -0.8639922328057623 -0.5035051356712392
vn -0.0000020000005389072176 0.8639922328057623 0.5035051356712392
vn 0 -0.9891644044496244 -0.14681206002852737
vn 0 0.9891644044496244 0.14681206002852737
vn 9.999999279275079e-7 -0.9760799296514818 0.21741198433057535
vn -9.999999279275079e-7 0.9760799296514818 -0.21741198433057535
vn -0.000002000000039210001 -0.5594190109674098 0.8288850162502909
vn 0.000002000000039210001 0.5594190109674098 -0.8288850162502909
vn -0.6875859398125113 -0.7170929372296311 0.1140319900182672
vn 0.6875859398125113 0.7170929372296311 -0.1140319900182672
vn -0.9859584206188257 -0.07271703102174651 -0.15032706413089217
vn 0.9859584206188257 0.07271703102174651 0.15032706413089217
vn -0.0000019999994997781877 -0.3817569045184108 0.9242627688317435
vn 0.0000019999994997781877 0.3817569045184108 -0.9242627688317435
vn -0.1712479687488754 0.1408089743037022 -0.9751138220510073
vn -0.18516407061186888 0.14176505406175927 -0.9724283708331988
vn -0.33926993533278166 0.14603297216509592 -0.9292848228718247
vn 0.33926993533278166 -0.14603297216509592 0.9292848228718247
vn 0.18516407061186888 -0.14176505406175927 0.9724283708331988
vn 0.1712479687488754 -0.1408089743037022 0.9751138220510073
vn -0.8363173038935102 -0.5317401932190008 -0.13351304851477874
vn 0.8363173038935102 0.5317401932190008 0.13351304851477874
vn -0.8608708037305184 -0.3786569136702094 -0.33988292251027125
vn 0.8608708037305184 0.3786569136702094 0.33988292251027125
vn -0.11447196909594944 -0.9794457355785807 -0.16607895516358748
vn -0.027179008424542652 -0.9377982906846923 -0.3461151072835859
vn 0.027179008424542652 0.9377982906846923 0.3461151072835859
vn 0.11447196909594944 0.9794457355785807 0.16607895516358748
vn 0.020126005047220306 -0.9336192341339945 -0.3577010897046482
vn -0.00263099937535478 -0.9853567660590877 -0.17048495952389192
vn 0.00263099937535478 0.9853567660590877 0.17048495952389192
vn -0.020126005047220306 0.9336192341339945 0.3577010897046482
vn 0.4004090876345435 -0.6903551510928708 -0.6025631318784879
vn -0.4004090876345435 0.6903551510928708 0.6025631318784879
vn 0.7478412243445487 -0.345012103500024 -0.5671861701499211
vn -0.7478412243445487 0.345012103500024 0.5671861701499211
vn 0.9980885855722463 0.05775897601723631 -0.02197899087385233
vn -0.9980885855722463 -0.05775897601723631 0.02197899087385233
vn 0.6031618823011128 0.750122853623666 -0.2711299470926562
vn -0.6031618823011128 -0.750122853623666 0.2711299470926562
vn 0.266673003396214 0.9053160115296521 -0.3305880042102035
vn -0.266673003396214 -0.9053160115296521 0.3305880042102035
vn 0.9859583537422016 -0.07272002609049565 -0.1503260539339913
vn -0.9859583537422016 0.07272002609049565 0.1503260539339913
vn 0.6875869601003612 -0.7170919583882305 0.11403199338289466
vn -0.6875869601003612 0.7170919583882305 -0.11403199338289466
vn 0.3392658822881603 0.14603694933095585 -0.9292856775746327
vn 0.18516195912457623 0.14176496870467778 -0.9724287853315072
vn 0.17124602558920993 0.1408160210420692 -0.9751131457106809
vn -0.17124602558920993 -0.1408160210420692 0.9751131457106809
vn -0.18516195912457623 -0.14176496870467778 0.9724287853315072
vn -0.3392658822881603 -0.14603694933095585 0.9292856775746327
vn 0.8363189061027183 -0.531737940299392 -0.13351198501000947
vn -0.8363189061027183 0.531737940299392 0.13351198501000947
vn -0.266325968556759 0.7731649087178367 -0.5755749320459007
vn 0.266325968556759 -0.7731649087178367 0.5755749320459007
vn -0.8721760094020574 0.46161000497615595 -0.1619420017457348
vn 0.8721760094020574 -0.46161000497615595 0.1619420017457348
vn -0.9045950028539973 -0.355432001121388 0.23532100074243778
vn 0.9045950028539973 0.355432001121388 -0.23532100074243778
vn -0.6451222269753284 -0.692141243518173 0.3236631138753844
vn 0.6451222269753284 0.692141243518173 -0.3236631138753844
vn -0.3230030640561975 -0.869999172533468 -0.3725190738759412
vn 0.3230030640561975 0.869999172533468 0.3725190738759412
vn -0.000001000000301067136 -0.9291972797506796 -0.3695841112695964
vn 0.000001000000301067136 0.9291972797506796 0.3695841112695964
vn -0.7744028023178346 -0.6234858408424779 0.10754397254719986
vn 0.7744028023178346 0.6234858408424779 -0.10754397254719986
vn -0.9227733344823251 0.17992006521653747 -0.34076112351741067
vn -0.9187218074685439 0.18175296191103538 -0.3505939265279668
vn 0.9187218074685439 -0.18175296191103538 0.3505939265279668
vn 0.9227733344823251 -0.17992006521653747 0.34076112351741067
vn -0.9453633188815003 -0.3097001044652696 0.10185303435615467
vn 0.9453633188815003 0.3097001044652696 -0.10185303435615467
vn 9.999999599750024e-7 0.1376569944902789 -0.9904799603560405
vn -9.999999599750024e-7 -0.1376569944902789 0.9904799603560405
vn -0.3499129889731921 0.1532559951704439 -0.9241609708769157
vn 0.3499129889731921 -0.1532559951704439 0.9241609708769157
vn -0.7896902083041157 -0.6126151615953424 0.03304600871686081
vn 0.7896902083041157 0.6126151615953424 -0.03304600871686081
vn -0.8285296553151645 -0.5593057673176631 0.026751988870639908
vn 0.8285296553151645 0.5593057673176631 -0.026751988870639908
vn -0.8768797680122808 -0.4518638804546817 -0.16401495660812682
vn 0.8768797680122808 0.4518638804546817 0.16401495660812682
vn -0.8854507341939276 -0.30144390950866207 -0.35370689381968234
vn 0.8854507341939276 0.30144390950866207 0.35370689381968234
vn -0.8850138322978598 -0.16206896928939185 -0.436444917297624
vn 0.8850138322978598 0.16206896928939185 0.436444917297624
vn -0.8055112519917492 -0.40549312685225947 -0.43211913518179473
vn 0.8055112519917492 0.40549312685225947 0.43211913518179473
vn 0.004194999515802695 -0.9871718860581594 -0.1596059815778796
vn -0.004194999515802695 0.9871718860581594 0.1596059815778796
vn 0.11382597502988477 -0.979470785132538 -0.16637496350216188
vn -0.11382597502988477 0.979470785132538 0.16637496350216188
vn 0.8608732106130872 -0.37865309263767977 -0.3398810831520871
vn -0.8608732106130872 0.37865309263767977 0.3398810831520871
vn 0.8721767925566993 0.4616088902084158 -0.16194096148307563
vn -0.8721767925566993 -0.4616088902084158 0.16194096148307563
vn 0.3230048157887911 -0.8699965038367854 -0.37252378754788196
vn -0.3230048157887911 0.8699965038367854 0.37252378754788196
vn 0.645122082379192 -0.6921460883839464 0.32365304132903955
vn -0.645122082379192 0.6921460883839464 -0.32365304132903955
vn 0.9045967432148727 -0.35543489910377585 0.23530993320328467
vn -0.9045967432148727 0.35543489910377585 -0.23530993320328467
vn 0.26632297543037503 0.7731659286715806 -0.5755749469003357
vn -0.26632297543037503 -0.7731659286715806 0.5755749469003357
vn 0.7896910684689825 -0.6126140531157849 0.03304600286520423
vn -0.7896910684689825 0.6126140531157849 -0.03304600286520423
vn 0.9453626370332847 -0.30970188109168895 0.10185396089373942
vn -0.9453626370332847 0.30970188109168895 -0.10185396089373942
vn 0.9187232518046221 0.18175304981506446 -0.35059009609009734
vn 0.9227734829013315 0.17992109415543203 -0.34076017832495936
vn -0.9227734829013315 -0.17992109415543203 0.34076017832495936
vn -0.9187232518046221 -0.18175304981506446 0.35059009609009734
vn 0.7744022354508402 -0.6234861895660168 0.10754603269851584
vn -0.7744022354508402 0.6234861895660168 -0.10754603269851584
vn 0.3499071304728703 0.15325505714552648 -0.9241633446007059
vn -0.3499071304728703 -0.15325505714552648 0.9241633446007059
vn 0.8768807915523075 -0.45186189258566295 -0.16401496101118818
vn -0.8768807915523075 0.45186189258566295 0.16401496101118818
vn 0.828529341776295 -0.5593062307191812 0.026752011035460974
vn -0.828529341776295 0.5593062307191812 -0.026752011035460974
vn 0 0.8008641288542436 -0.5988460963507517
vn 0 -0.8008641288542436 0.5988460963507517
vn -0.8642550992264298 0.4064940466701939 -0.2963540340248531
vn 0.8642550992264298 -0.4064940466701939 0.2963540340248531
vn -0.9983932131874247 0.031977006828066985 -0.04678100998917352
vn 0.9983932131874247 -0.031977006828066985 0.04678100998917352
vn -0.3199869521947529 -0.9348548603350314 0.15380097702252024
vn 0.3199869521947529 0.9348548603350314 -0.15380097702252024
vn -0.727822068241692 -0.6712320629357281 0.14043701316758564
vn 0.727822068241692 0.6712320629357281 -0.14043701316758564
vn -0.7893281951914147 -0.575772142381559 0.21318405271786453
vn 0.7893281951914147 0.575772142381559 -0.21318405271786453
vn -0.9739494995753495 0.16788208611303962 -0.15244007819225264
vn 0.9739494995753495 -0.16788208611303962 0.15244007819225264
vn -0.9878971475967844 0.12130501812357758 0.09666601444238697
vn 0.9878971475967844 -0.12130501812357758 -0.09666601444238697
vn 0.0000010000004161517597 0.14834006173195205 -0.9889364115474567
vn -0.0000010000004161517597 -0.14834006173195205 0.9889364115474567
vn -0.20192692414283336 0.1483399442736628 -0.9681016363167149
vn 0.20192692414283336 -0.1483399442736628 0.9681016363167149
vn -0.7734797546259624 -0.6165178044196219 0.1470879533387076
vn 0.7734797546259624 0.6165178044196219 -0.1470879533387076
vn -0.07658302300607965 -0.9960162992103134 -0.04567901372229753
vn 0.07658302300607965 0.9960162992103134 0.04567901372229753
vn -0.06260203059674994 -0.9978644877063876 -0.01864000911030668
vn 0.06260203059674994 0.9978644877063876 0.01864000911030668
vn 0.027564996603069204 -0.999330876848966 -0.024040997037343977
vn -0.027564996603069204 0.999330876848966 0.024040997037343977
vn 0.8055116460349007 -0.40549482181385504 -0.4321168101153839
vn -0.8055116460349007 0.40549482181385504 0.4321168101153839
vn 0.8850151524629011 -0.1620640279190156 -0.436444075186882
vn -0.8850151524629011 0.1620640279190156 0.436444075186882
vn 0.8854504672799547 -0.3014448186395475 -0.35370678719679677
vn -0.8854504672799547 0.3014448186395475 0.35370678719679677
vn 0.8642566592902142 0.40649083975199324 -0.29635388317050615
vn -0.8642566592902142 -0.40649083975199324 0.29635388317050615
vn 0.3199879443654609 -0.9348558374617715 0.15379297326086394
vn -0.3199879443654609 0.9348558374617715 -0.15379297326086394
vn 0.9983933385222916 0.03197601084201191 -0.046779015861223266
vn -0.9983933385222916 -0.03197601084201191 0.046779015861223266
vn 0.727822068241692 -0.6712320629357281 0.14043701316758564
vn -0.727822068241692 0.6712320629357281 -0.14043701316758564
vn 0.7734797546259624 -0.6165178044196219 0.1470879533387076
vn -0.7734797546259624 0.6165178044196219 -0.1470879533387076
vn 0.9878973629288604 0.12130404456408156 0.09666503551232394
vn -0.9878973629288604 -0.12130404456408156 -0.09666503551232394
vn 0.9739500114414779 0.16788100197218211 -0.15243800179076544
vn -0.9739500114414779 -0.16788100197218211 0.15243800179076544
vn 0.789327572445839 -0.5757726881218682 0.21318488452438808
vn -0.789327572445839 0.5757726881218682 -0.21318488452438808
vn 0.20192407641808022 0.14833905613885226 -0.9681023663779259
vn -0.20192407641808022 -0.14833905613885226 0.9681023663779259
vn -0.000001000000059555005 0.6124400364738674 -0.7905170470792441
vn 0.000001000000059555005 -0.6124400364738674 0.7905170470792441
vn -0.6046038247335388 0.6400608144550376 -0.47410586256313086
vn 0.6046038247335388 -0.6400608144550376 0.47410586256313086
vn -0.9030019188824383 -0.20148298190058306 0.37946296591246387
vn 0.9030019188824383 0.20148298190058306 -0.37946296591246387
vn -0.6340650313640277 -0.4256830210564112 0.6455660319329246
vn 0.6340650313640277 0.4256830210564112 -0.6455660319329246
vn -0.30769207003195387 -0.6711421527546558 0.674458153509391
vn 0.30769207003195387 0.6711421527546558 -0.674458153509391
vn -0.7128733447281675 -0.6614323198525422 0.2330641127041221
vn 0.7128733447281675 0.6614323198525422 -0.2330641127041221
vn -0.9775114428435755 0.15809607162251668 -0.1395600632251191
vn 0.9775114428435755 -0.15809607162251668 0.1395600632251191
vn -0.9705474264300017 -0.0949790417309982 0.2213970972753747
vn 0.9705474264300017 0.0949790417309982 -0.2213970972753747
vn -0.21226597263626457 0.23244997003429516 -0.9491628776410483
vn 0.21226597263626457 -0.23244997003429516 0.9491628776410483
vn -0.865107384778655 -0.5012102229260771 0.019430008641993728
vn 0.865107384778655 0.5012102229260771 -0.019430008641993728
vn -0.96149083324914 -0.2192969619674408 -0.16566297126915622
vn 0.96149083324914 0.2192969619674408 0.16566297126915622
vn -0.9440888938740294 -0.06475099272127657 -0.32326996366090216
vn 0.9440888938740294 0.06475099272127657 0.32326996366090216
vn -0.913077093474446 0.008074000826559728 -0.40770704173819505
vn 0.913077093474446 -0.008074000826559728 0.40770704173819505
vn -0.9730000982885829 0.01786800180495416 -0.23011202324499733
vn -0.9741237780235177 -0.008718998013175992 -0.22584694853558415
vn 0.9741237780235177 0.008718998013175992 0.22584694853558415
vn 0.9730000982885829 -0.01786800180495416 0.23011202324499733
vn -0.08145902946854239 -0.9966053605310239 -0.011924004313616659
vn 0.08145902946854239 0.9966053605310239 0.011924004313616659
vn -0.03987299602344637 -0.9986559004035528 -0.03311399669752472
vn 0.03987299602344637 0.9986559004035528 0.03311399669752472
vn 0.06240298727060313 -0.9978817964451067 -0.01837899625092407
vn -0.06240298727060313 0.9978817964451067 0.01837899625092407
vn 0.07658303000240346 -0.9960163902024456 -0.04567701789456907
vn -0.07658303000240346 0.9960163902024456 0.04567701789456907
vn 0.3076929794336481 -0.6711459551402703 0.6744539549191619
vn -0.3076929794336481 0.6711459551402703 -0.6744539549191619
vn 0.6340679494660545 -0.4256939660730436 0.645555948550484
vn -0.6340679494660545 0.4256939660730436 -0.645555948550484
vn 0.9030016944834249 -0.20148793182969288 0.3794608716153175
vn -0.9030016944834249 0.20148793182969288 -0.3794608716153175
vn 0.6046019825303283 0.6400609815057582 -0.47410798630088696
vn -0.6046019825303283 -0.6400609815057582 0.47410798630088696
vn 0.7128730393552265 -0.661433036515404 0.23306301286659353
vn -0.7128730393552265 0.661433036515404 -0.23306301286659353
vn 0.9705061647570226 -0.09504401613505373 0.22155003761122377
vn -0.9705061647570226 0.09504401613505373 -0.22155003761122377
vn 0.9775097889903609 0.15810196587140185 -0.1395649698728808
vn -0.9775097889903609 -0.15810196587140185 0.1395649698728808
vn 0.21226501769292677 0.23245001937540727 -0.9491630791155935
vn -0.21226501769292677 -0.23245001937540727 0.9491630791155935
vn 0.8651076699839798 -0.501209808801526 0.019427992588727374
vn -0.8651076699839798 0.501209808801526 -0.019427992588727374
vn -0.2603390095166927 0.5921850216473239 -0.762588027876406
vn 0.2603390095166927 -0.5921850216473239 0.762588027876406
vn -0.6009601280931627 0.48999610444145586 -0.6314671345956555
vn 0.6009601280931627 -0.48999610444145586 0.6314671345956555
vn -0.8763690496502518 0.2951870167236733 -0.3805810215616281
vn 0.8763690496502518 -0.2951870167236733 0.3805810215616281
vn -0.9997514205970108 -0.0016300006857438779 0.02223600935472446
vn 0.9997514205970108 0.0016300006857438779 -0.02223600935472446
vn -0.0000010000003608471951 -0.9019123254524156 0.4319191558567597
vn 0.0000010000003608471951 0.9019123254524156 -0.4319191558567597
vn -0.7267978268745979 -0.6054388557826654 0.3243589227367408
vn 0.7267978268745979 0.6054388557826654 -0.3243589227367408
vn -0.9123278918722731 0.19655697670436334 -0.35919795742839944
vn 0.9123278918722731 -0.19655697670436334 0.35919795742839944
vn -0.9761463842947532 0.09278803652931177 0.1962870772753914
vn 0.9761463842947532 -0.09278803652931177 -0.1962870772753914
vn -0.3509120806878559 0.22209105106706697 -0.9096902091719167
vn 0.3509120806878559 -0.22209105106706697 0.9096902091719167
vn -0.8087412182525957 -0.5686521534604714 0.15024104054510434
vn 0.8087412182525957 0.5686521534604714 -0.15024104054510434
vn -0.8502535283177347 -0.503312720784829 0.15409491451509943
vn 0.8502535283177347 0.503312720784829 -0.15409491451509943
vn -0.9261166680103868 -0.3756058653547115 0.03504498743725038
vn 0.9261166680103868 0.3756058653547115 -0.03504498743725038
vn -0.9263381636543252 0.009058001600259168 -0.37658406653035975
vn 0.9263381636543252 -0.009058001600259168 0.37658406653035975
vn -0.988111716988541 0.030739991195560572 -0.15063295685624187
vn 0.988111716988541 -0.030739991195560572 0.15063295685624187
vn -0.08917602571725484 -0.995635287128813 -0.027532007939888088
vn 0.08917602571725484 0.995635287128813 0.027532007939888088
vn -0.10360698890685209 -0.9929628936839651 -0.05736099385838739
vn 0.10360698890685209 0.9929628936839651 0.05736099385838739
vn -0.003420000118350816 -0.9996420345931131 -0.02653500091825699
vn 0.003420000118350816 0.9996420345931131 0.02653500091825699
vn 0.09582802857573071 -0.9941122964423427 -0.05057401508107239
vn -0.09582802857573071 0.9941122964423427 0.05057401508107239
vn 0.08145199570466985 -0.996605947444485 -0.011922999371246606
vn -0.08145199570466985 0.996605947444485 0.011922999371246606
vn 0.913077982177631 0.008076999842345042 -0.40770499204200633
vn -0.913077982177631 -0.008076999842345042 0.40770499204200633
vn 0.9730004959944266 0.017858009103256394 -0.23011111730089776
vn 0.9741239555468284 -0.008723999601889012 -0.22584598969374434
vn -0.9741239555468284 0.008723999601889012 0.22584598969374434
vn -0.9730004959944266 -0.017858009103256394 0.23011111730089776
vn 0.9440885275470642 -0.06475196759598673 -0.3232708382246451
vn -0.9440885275470642 0.06475196759598673 0.3232708382246451
vn 0.9614890984781221 -0.21930302246156494 -0.16566501696782604
vn -0.9614890984781221 0.21930302246156494 0.16566501696782604
vn 0.8763702822118712 0.29518709505719687 -0.38057812255511886
vn -0.8763702822118712 -0.29518709505719687 0.38057812255511886
vn 0.9997513522709489 -0.0016310005746970173 0.022239007836104822
vn -0.9997513522709489 0.0016310005746970173 -0.022239007836104822
vn 0.6009599580538978 0.4899939657991573 -0.6314689559244155
vn -0.6009599580538978 -0.4899939657991573 0.6314689559244155
vn 0.260336946537861 0.5921848783904063 -0.7625888433966778
vn -0.260336946537861 -0.5921848783904063 0.7625888433966778
vn 0.8087392681998217 -0.5686551885814455 0.15024004982366526
vn -0.8087392681998217 0.5686551885814455 -0.15024004982366526
vn 0.9761952456683501 0.09298402340026928 0.1959510493128513
vn -0.9761952456683501 -0.09298402340026928 -0.1959510493128513
vn 0.9123299275911136 0.19655298440017993 -0.3591949714917739
vn -0.9123299275911136 -0.19655298440017993 0.3591949714917739
vn 0.7267948871876332 -0.6054429060237648 0.3243579496534873
vn -0.7267948871876332 0.6054429060237648 -0.3243579496534873
vn 0.350910163611551 0.2220891035488466 -0.9096914241428157
vn -0.350910163611551 -0.2220891035488466 0.9096914241428157
vn 0.9261153722790061 -0.37560915098702125 0.03504401408696057
vn -0.9261153722790061 0.37560915098702125 -0.03504401408696057
vn 0.8502535283177347 -0.503312720784829 0.15409491451509943
vn -0.8502535283177347 0.503312720784829 -0.15409491451509943
vn -0.2603731192428444 0.38126317460675485 -0.8870424062380169
vn 0.2603731192428444 -0.38126317460675485 0.8870424062380169
vn -0.8702482116108862 0.19210204671182748 -0.45361311030125767
vn 0.8702482116108862 -0.19210204671182748 0.45361311030125767
vn -0.9018091071804697 -0.07141300848747227 0.4261930506532602
vn 0.9018091071804697 0.07141300848747227 -0.4261930506532602
vn -0.6549048979229286 -0.09704098487465955 0.749454883185849
vn 0.6549048979229286 0.09704098487465955 -0.749454883185849
vn -0.30003590005655817 -0.2735169088901652 0.9138746955838202
vn 0.30003590005655817 0.2735169088901652 -0.9138746955838202
vn 0 -0.5049560371241166 0.8631450634579958
vn 0 0.5049560371241166 -0.8631450634579958
vn -0.7458609823450978 -0.6190759853461619 0.2458379941808918
vn 0.7458609823450978 0.6190759853461619 -0.2458379941808918
vn -0.900514158075819 -0.2303860404418539 0.36877706473494726
vn 0.900514158075819 0.2303860404418539 -0.36877706473494726
vn -0.6853332483836609 -0.6542602371219451 0.31978411589857875
vn 0.6853332483836609 0.6542602371219451 -0.31978411589857875
vn -0.6016729783611325 0.5287659809831962 -0.5986619784694217
vn 0.6016729783611325 -0.5287659809831962 0.5986619784694217
vn -0.9867879964036511 0.10097299963200389 0.12670399953822728
vn 0.9867879964036511 -0.10097299963200389 -0.12670399953822728
vn -0.9461338811102432 0.08956898874489594 0.3111399609026217
vn 0.9461338811102432 -0.08956898874489594 -0.3111399609026217
vn 0 0.23896692784717308 -0.971027706811337
vn 0 -0.23896692784717308 0.971027706811337
vn -0.7773247517419472 -0.5780138153968672 0.2483269206906024
vn 0.7773247517419472 0.5780138153968672 -0.2483269206906024
vn -0.9970928336879207 -0.07270798787252676 0.022790996198530526
vn 0.9970928336879207 0.07270798787252676 -0.022790996198530526
vn -0.9902024490905794 0.04453202019678983 -0.13234806002435867
vn 0.9902024490905794 -0.04453202019678983 0.13234806002435867
vn -0.959525746198757 0.02731699277446515 -0.28029292586056886
vn 0.959525746198757 -0.02731699277446515 0.28029292586056886
vn -0.08432199464719778 0.9957539367890442 -0.03693099765560188
vn -0.06551202008123881 0.9976003057919746 -0.022401006866525682
vn -0.10337404423474504 0.9937114252186502 -0.043028018412101784
vn 0.10337404423474504 -0.9937114252186502 0.043028018412101784
vn 0.06551202008123881 -0.9976003057919746 0.022401006866525682
vn 0.08432199464719778 -0.9957539367890442 0.03693099765560188
vn -0.9568344503729208 0.03728597858210112 -0.2882318344331966
vn 0.9568344503729208 -0.03728597858210112 0.2882318344331966
vn -0.1182029610498849 0.9927016728859913 -0.023904992122852197
vn 0.1182029610498849 -0.9927016728859913 0.023904992122852197
vn -0.9567031862959595 0.02498400486506079 -0.28999105646909396
vn 0.9567031862959595 -0.02498400486506079 0.28999105646909396
vn -0.06372299297941521 -0.9959128902767971 -0.06400699294812594
vn 0.06372299297941521 0.9959128902767971 0.06400699294812594
vn 0.0057800005291330624 -0.9996220915109083 -0.02687500246028565
vn -0.0057800005291330624 0.9996220915109083 0.02687500246028565
vn 0.05675000068471714 -0.996960012028821 -0.053387000644140856
vn -0.05675000068471714 0.996960012028821 0.053387000644140856
vn 0.08916196683826333 -0.9956366296959241 -0.02752898976122733
vn -0.08916196683826333 0.9956366296959241 0.02752898976122733
vn 0.9263387298745709 0.009048997361262984 -0.37658289018637403
vn -0.9263387298745709 -0.009048997361262984 0.37658289018637403
vn 0.9881120236529318 0.030725000735479714 -0.1506340036058015
vn -0.9881120236529318 -0.030725000735479714 0.1506340036058015
vn 0.8702486818571559 0.1921029297716001 -0.45361183416997686
vn -0.8702486818571559 -0.1921029297716001 0.45361183416997686
vn 0.3000369741639673 -0.2735149764477632 0.9138749213066909
vn -0.3000369741639673 0.2735149764477632 -0.9138749213066909
vn 0.6549047708164429 -0.0970429660398685 0.7494547377287352
vn -0.6549047708164429 0.0970429660398685 -0.7494547377287352
vn 0.9018077050471549 -0.07140797664470401 0.4261968606044549
vn -0.9018077050471549 0.07140797664470401 -0.4261968606044549
vn 0.2603719560749943 0.3812629356805669 -0.8870428503549966
vn -0.2603719560749943 -0.3812629356805669 0.8870428503549966
vn 0.7458617927563627 -0.6190758279848524 0.24583593169252912
vn -0.7458617927563627 0.6190758279848524 -0.24583593169252912
vn 0.7773249447722306 -0.5780139589329767 0.24832598235681203
vn -0.7773249447722306 0.5780139589329767 -0.24832598235681203
vn 0.9005046544269026 -0.23041391157752633 0.3687828584777613
vn -0.9005046544269026 0.23041391157752633 -0.3687828584777613
vn 0.9461002419178628 0.0897500229490838 0.3111900795713135
vn -0.9461002419178628 -0.0897500229490838 -0.3111900795713135
vn 0.9867871983925994 0.10098202030233626 0.12670302547351917
vn -0.9867871983925994 -0.10098202030233626 -0.12670302547351917
vn 0.6016719801722011 0.5287659825747817 -0.5986629802713611
vn -0.6016719801722011 -0.5287659825747817 0.5986629802713611
vn 0.6853322696779585 -0.6542612574515282 0.31978412583491833
vn -0.6853322696779585 0.6542612574515282 -0.31978412583491833
vn -9.999996904906437e-7 0.39564687754355177 -0.9184027157456787
vn 9.999996904906437e-7 -0.39564687754355177 0.9184027157456787
vn -0.8741557945974517 0.013679996785577332 -0.4854528859319352
vn 0.8741557945974517 -0.013679996785577332 0.4854528859319352
vn -0.8970644626002385 0.06046296377876545 0.43774373776312625
vn 0.8970644626002385 -0.06046296377876545 -0.43774373776312625
vn -0.7112421035035147 -0.6240950908214447 0.3234810470745828
vn 0.7112421035035147 0.6240950908214447 -0.3234810470745828
vn -0.6446829666215403 -0.6529059661957946 0.397614979413485
vn 0.6446829666215403 0.6529059661957946 -0.397614979413485
vn -0.7273840938481928 -0.5273260680364046 0.4391350566578673
vn 0.7273840938481928 0.5273260680364046 -0.4391350566578673
vn -0.9619155374072339 0.2691218705771705 -0.047873976977027013
vn 0.9619155374072339 -0.2691218705771705 0.047873976977027013
vn -0.9905742907925361 0.048946014368569615 0.12793303755596405
vn 0.9905742907925361 -0.048946014368569615 -0.12793303755596405
vn -0.9600089096876462 0.044761995789037834 0.2763679740008223
vn 0.9600089096876462 -0.044761995789037834 -0.2763679740008223
vn 0.0000010000004178272618 0.6239962607225401 -0.7814273265015038
vn -0.0000010000004178272618 -0.6239962607225401 0.7814273265015038
vn -0.18617999877083968 0.5823519961553122 -0.7913299947756395
vn 0.18617999877083968 -0.5823519961553122 0.7913299947756395
vn -0.9174579357187707 -0.36301397456560824 0.16276298859609298
vn 0.9174579357187707 0.36301397456560824 -0.16276298859609298
vn -0.9808689800937547 -0.08900199819374896 0.17313199648637273
vn 0.9808689800937547 0.08900199819374896 -0.17313199648637273
vn -0.05624998554336182 0.9982847434338659 -0.016232995828006976
vn -0.0760689643987441 0.996811533479353 -0.02408898872604276
vn 0.0760689643987441 -0.996811533479353 0.02408898872604276
vn 0.05624998554336182 -0.9982847434338659 0.016232995828006976
vn -0.09144596600473982 0.9954416299421541 -0.02708498993108915
vn -0.1331150036251875 0.9902720269685735 -0.04051800110344699
vn 0.1331150036251875 -0.9902720269685735 0.04051800110344699
vn 0.09144596600473982 -0.9954416299421541 0.02708498993108915
vn -0.8227367014017549 0.020418992589275105 -0.568055793833844
vn 0.8227367014017549 -0.020418992589275105 0.568055793833844
vn -0.33152502589392885 0.2647420206778086 -0.9055400707276626
vn -0.4056709919642662 -0.0284599994362501 -0.9135759819034303
vn 0.4056709919642662 0.0284599994362501 0.9135759819034303
vn 0.33152502589392885 -0.2647420206778086 0.9055400707276626
vn -0.015886000284510322 -0.014817000265365067 -0.9997640179052737
vn 0.015886000284510322 0.014817000265365067 0.9997640179052737
vn 0.10709794991629801 0.6084277154724959 -0.7863496322683985
vn 0.02568901176246171 -0.018136008304099248 -0.9995054576526642
vn -0.02568901176246171 0.018136008304099248 0.9995054576526642
vn -0.10709794991629801 -0.6084277154724959 0.7863496322683985
vn 0.5658652229042579 0.30301811936416356 -0.766796302054542
vn 0.8244684037942176 0.012619006180323836 -0.5657672770919467
vn 0.3576740750990451 0.004165000874504501 -0.9338371960731475
vn -0.3576740750990451 -0.004165000874504501 0.9338371960731475
vn -0.8244684037942176 -0.012619006180323836 0.5657672770919467
vn -0.5658652229042579 -0.30301811936416356 0.766796302054542
vn 0.9568351542121772 0.037274006007414755 -0.28823104645391323
vn 0.9567042798542201 0.02496500730274004 -0.2899890848273295
vn -0.9567042798542201 -0.02496500730274004 0.2899890848273295
vn -0.9568351542121772 -0.037274006007414755 0.28823104645391323
vn 0.9595251814102467 0.02731500516424365 -0.2802950529932885
vn -0.9595251814102467 -0.02731500516424365 0.2802950529932885
vn 0.08430803512197597 0.9957554148228305 -0.0369230153817991
vn 0.1033590257501474 0.9937132475667935 -0.04302201071820393
vn 0.05841298363026014 0.9980847202952801 -0.02036699429232377
vn -0.05841298363026014 -0.9980847202952801 0.02036699429232377
vn -0.1033590257501474 -0.9937132475667935 0.04302201071820393
vn -0.08430803512197597 -0.9957554148228305 0.0369230153817991
vn 0.11820000296510622 0.992702024902427 -0.0239050005996689
vn -0.11820000296510622 -0.992702024902427 0.0239050005996689
vn 0.9902023180386778 0.04453201430303958 -0.13234904250860022
vn -0.9902023180386778 -0.04453201430303958 0.13234904250860022
vn 0.9970923431050184 -0.07271502502164436 0.022790007842168395
vn -0.9970923431050184 0.07271502502164436 -0.022790007842168395
vn 0.8970642130850703 0.06046401436238183 0.4377441039799959
vn -0.8970642130850703 -0.06046401436238183 -0.4377441039799959
vn 0.8741558304688573 0.013676997347524424 -0.485452905852729
vn -0.8741558304688573 -0.013676997347524424 0.485452905852729
vn 0.7112416596208048 -0.6240957013262796 0.3234808451916472
vn -0.7112416596208048 0.6240957013262796 -0.3234808451916472
vn 0.9591579598338225 0.060309997474428445 0.27636698842671803
vn -0.9591579598338225 -0.060309997474428445 -0.27636698842671803
vn 0.9905709967915406 0.04903099984118859 0.1279259995856477
vn -0.9905709967915406 -0.04903099984118859 -0.1279259995856477
vn 0.9469215927968154 0.31541786436135805 -0.06205697331373859
vn -0.9469215927968154 -0.31541786436135805 0.06205697331373859
vn 0.7273837744281432 -0.5273258364689009 0.43913586381784186
vn -0.7273837744281432 0.5273258364689009 -0.43913586381784186
vn 0.6446821259012739 -0.6529061275073559 0.3976160776512466
vn -0.6446821259012739 0.6529061275073559 -0.3976160776512466
vn 0.18618006828518308 0.5823502135883358 -0.7913312902362348
vn -0.18618006828518308 -0.5823502135883358 0.7913312902362348
vn 0.9174597681684966 -0.3630089082718351 0.16276395887142456
vn -0.9174597681684966 0.3630089082718351 -0.16276395887142456
vn 0 0.1846169170691764 -0.9828105585166823
vn 0 -0.1846169170691764 0.9828105585166823
vn -0.6046239709330057 0.31340198493335664 -0.732262964796825
vn 0.6046239709330057 -0.31340198493335664 0.732262964796825
vn -0.5742749942578244 0.15213699847878218 -0.8044019919567845
vn 0.5742749942578244 -0.15213699847878218 0.8044019919567845
vn -0.9998978182355913 0.00913099834013988 -0.010998998000569329
vn 0.9998978182355913 -0.00913099834013988 0.010998998000569329
vn -0.2951080467272642 0.16149902557167697 0.9417161491108759
vn 0.2951080467272642 -0.16149902557167697 -0.9417161491108759
vn -9.999998152230513e-7 -0.008022998517534541 0.9999678152289642
vn 9.999998152230513e-7 0.008022998517534541 -0.9999678152289642
vn -0.8867196043489042 0.09372295818115342 0.45270779800341004
vn 0.8867196043489042 -0.09372295818115342 -0.45270779800341004
vn -0.85379258401784 -0.18297191085299622 0.4874007625301205
vn 0.85379258401784 0.18297191085299622 -0.4874007625301205
vn -0.46179500682509933 0.8647200127801296 -0.1974960029188922
vn 0.46179500682509933 -0.8647200127801296 0.1974960029188922
vn -0.9794883906744095 0.04452801776024832 0.19651907838273086
vn 0.9794883906744095 -0.04452801776024832 -0.19651907838273086
vn -0.9187526180902348 0.09348896113823624 0.3836058405416065
vn 0.9187526180902348 -0.09348896113823624 -0.3836058405416065
vn -0.10148203760919937 0.9415493489377826 -0.3212261190462612
vn 0.10148203760919937 -0.9415493489377826 0.3212261190462612
vn -0.821459258839389 -0.5103541608110904 0.25444708017552425
vn 0.821459258839389 0.5103541608110904 -0.25444708017552425
vn -0.8872617115153305 -0.3759938777491825 0.26719891312282595
vn 0.8872617115153305 0.3759938777491825 -0.26719891312282595
vn -0.9965407787370789 0.07256598388810383 0.04050499100663734
vn 0.9965407787370789 -0.07256598388810383 -0.04050499100663734
vn -0.9894300255243267 0.05414100139667543 -0.13452500347034158
vn 0.9894300255243267 -0.05414100139667543 0.13452500347034158
vn -0.07159698623526592 0.9973988082471054 -0.008335998397379453
vn 0.07159698623526592 -0.9973988082471054 0.008335998397379453
vn 0.2464671271106475 0.9531314915591076 0.17548309050200536
vn -0.2464671271106475 -0.9531314915591076 -0.17548309050200536
vn -0.1683379831939783 0.9784009023213509 -0.11997498802229768
vn 0.1683379831939783 -0.9784009023213509 0.11997498802229768
vn 0.0893989932665575 0.9764859264520593 0.19617098522459817
vn -0.0893989932665575 -0.9764859264520593 -0.19617098522459817
vn -0.8221403098626858 0.016893006366933066 -0.5690342144676133
vn 0.8221403098626858 -0.016893006366933066 0.5690342144676133
vn 0.8252200806367967 0.01701200166233633 -0.5645550551657822
vn -0.8252200806367967 -0.01701200166233633 0.5645550551657822
vn 0.05626300512530682 0.9982840909391926 -0.016228001478297976
vn 0.0760580317056718 0.9968124155328054 -0.02408701004094923
vn -0.0760580317056718 -0.9968124155328054 0.02408701004094923
vn -0.05626300512530682 -0.9982840909391926 0.016228001478297976
vn 0.13311094807748916 0.990272613724932 -0.040516984195563314
vn 0.0884530379979296 0.9957364277515338 -0.026173011243483105
vn -0.0884530379979296 -0.9957364277515338 0.026173011243483105
vn -0.13311094807748916 -0.990272613724932 0.040516984195563314
vn 0.9808687181915533 -0.08900497442842949 0.17313195025833217
vn -0.9808687181915533 0.08900497442842949 -0.17313195025833217
vn 0.6046190915595921 0.31340404745987543 -0.7322661108896285
vn -0.6046190915595921 -0.31340404745987543 0.7322661108896285
vn 0.2951070384958304 0.16150102106732508 0.9417161228440512
vn -0.2951070384958304 -0.16150102106732508 -0.9417161228440512
vn 0.9998978292329638 0.009130998440567131 -0.010997998121712552
vn -0.9998978292329638 -0.009130998440567131 0.010997998121712552
vn 0.5742720597331985 0.1521370158246086 -0.8044040836704973
vn -0.5742720597331985 -0.1521370158246086 0.8044040836704973
vn 0.8214607489111138 -0.5103508440054194 0.25444892222477267
vn -0.8214607489111138 0.5103508440054194 -0.25444892222477267
vn 0.8867016926018573 0.09372796750676878 0.452741843045296
vn -0.8867016926018573 -0.09372796750676878 -0.452741843045296
vn 0.9186953533803698 0.09352103597329425 0.38373514760547967
vn -0.9186953533803698 -0.09352103597329425 -0.38373514760547967
vn 0.9784548569797533 0.03608499472547475 0.20328297028623205
vn -0.9784548569797533 -0.03608499472547475 -0.20328297028623205
vn 0.46179491562222613 0.8647198420009992 -0.19749696391395055
vn -0.46179491562222613 -0.8647198420009992 0.19749696391395055
vn 0.8537932088916335 -0.1829680447655162 0.4874011192490346
vn -0.8537932088916335 0.1829680447655162 -0.4874011192490346
vn 0.10148200501047117 0.9415490464871022 -0.32122701585994184
vn -0.10148200501047117 -0.9415490464871022 0.32122701585994184
vn 0.8872599515533899 -0.37599797946957086 0.2671989854102678
vn -0.8872599515533899 0.37599797946957086 -0.2671989854102678
vn -0.2581728538841457 0.17668690000204537 -0.9498044624473939
vn 0.2581728538841457 -0.17668690000204537 0.9498044624473939
vn -0.6030860557890813 -0.01198600110877707 -0.7975860737815008
vn 0.6030860557890813 0.01198600110877707 0.7975860737815008
vn -0.8816354499255747 -0.16191708263124682 -0.44328522622202887
vn 0.8816354499255747 0.16191708263124682 0.44328522622202887
vn -0.8942893810737779 0.20558008760160001 0.3974711693700533
vn 0.8942893810737779 -0.20558008760160001 -0.3974711693700533
vn -0.6270706565845353 0.22757587536799215 0.7449775920127608
vn 0.6270706565845353 -0.22757587536799215 -0.7449775920127608
vn -0.7313072649786314 -0.5921542145585321 0.3384421226296179
vn 0.7313072649786314 0.5921542145585321 -0.3384421226296179
vn -0.6739451443233463 -0.6059001297517089 0.42270909052189326
vn 0.6739451443233463 0.6059001297517089 -0.42270909052189326
vn -0.6135426331743198 -0.6006166409025291 0.5126646934873557
vn 0.6135426331743198 0.6006166409025291 -0.5126646934873557
vn -0.7831620052060695 -0.2174690014456252 0.5825500038725012
vn 0.7831620052060695 0.2174690014456252 -0.5825500038725012
vn -0.801046821162312 0.5963148668697393 -0.052273988329572044
vn 0.801046821162312 -0.5963148668697393 0.052273988329572044
vn -0.997272211970231 0.0010500002231775708 0.07380401568704519
vn 0.997272211970231 -0.0010500002231775708 -0.07380401568704519
vn -0.9805717407697151 0.0012299996748293338 0.196156948142681
vn 0.9805717407697151 -0.0012299996748293338 -0.196156948142681
vn -0.9310135795249447 0.04624302878474523 0.3620432253598495
vn 0.9310135795249447 -0.04624302878474523 -0.3620432253598495
vn -0.7707368914236042 -0.5362929244505441 0.3440269515357227
vn 0.7707368914236042 0.5362929244505441 -0.3440269515357227
vn -0.9807346262352401 0.09015796564017474 0.17329493395610018
vn 0.9807346262352401 -0.09015796564017474 -0.17329493395610018
vn -0.058966002579644745 0.9982580436717939 0.0019720000862710617
vn 0.058966002579644745 -0.9982580436717939 -0.0019720000862710617
vn 0.38666998760684035 0.9135409707200987 0.1262109959548114
vn -0.38666998760684035 -0.9135409707200987 -0.1262109959548114
vn -0.13096004033249012 0.9877053041890819 -0.08536802629126464
vn 0.13096004033249012 -0.9877053041890819 0.08536802629126464
vn -0.055295993958912985 0.9767498932900799 -0.2071279773712697
vn 0.055295993958912985 -0.9767498932900799 0.2071279773712697
vn 0.1810560617737135 0.9749223326294202 -0.12940304415044984
vn -0.1810560617737135 -0.9749223326294202 0.12940304415044984
vn 0.07157503174832915 0.9974004424140201 -0.008329003694472
vn -0.07157503174832915 -0.9974004424140201 0.008329003694472
vn 0.9894300255243267 0.05414100139667543 -0.13452500347034158
vn -0.9894300255243267 -0.05414100139667543 0.13452500347034158
vn -0.20227504190997708 0.9572171983287234 0.2069300428744608
vn 0.20227504190997708 -0.9572171983287234 -0.2069300428744608
vn 0.00512300249086077 0.9999854862040616 -0.0016680008110005397
vn -0.00512300249086077 -0.9999854862040616 0.0016680008110005397
vn 0.9965407787370789 0.07256598388810383 0.04050499100663734
vn -0.9965407787370789 -0.07256598388810383 -0.04050499100663734
vn 0.6270720159310783 0.22757400578163148 0.7449770189265139
vn -0.6270720159310783 -0.22757400578163148 -0.7449770189265139
vn 0.8942908724039289 0.20557597066873098 0.3974699432895888
vn -0.8942908724039289 -0.20557597066873098 -0.3974699432895888
vn 0.8816362740738702 -0.16192105033632379 -0.4432821378029179
vn -0.8816362740738702 0.16192105033632379 0.4432821378029179
vn 0.603083163208197 -0.011989003244500465 -0.7975882158457449
vn -0.603083163208197 0.011989003244500465 0.7975882158457449
vn 0.25816892089795834 0.1766859458640529 -0.9498057089828997
vn -0.25816892089795834 -0.1766859458640529 0.9498057089828997
vn 0.731308813942629 -0.5921518493465221 0.3384429138943801
vn -0.731308813942629 0.5921518493465221 -0.3384429138943801
vn 0.7707378589129795 -0.536290901829546 0.34402793702414375
vn -0.7707378589129795 0.536290901829546 -0.34402793702414375
vn 0.9351047177849712 0.03803998851951417 0.3523238936684888
vn -0.9351047177849712 -0.03803998851951417 -0.3523238936684888
vn 0.9619041747871426 0.002191000398125623 0.27337804967539325
vn -0.9619041747871426 -0.002191000398125623 -0.27337804967539325
vn 0.9829183788182905 0.0013480005195215224 0.18403707092817687
vn -0.9829183788182905 -0.0013480005195215224 -0.18403707092817687
vn 0.9979571518841003 0.0008600001308877299 0.06388100972237101
vn -0.9979571518841003 -0.0008600001308877299 -0.06388100972237101
vn 0.903696692239818 0.4264768547603465 -0.038075987032958294
vn -0.903696692239818 -0.4264768547603465 0.038075987032958294
vn 0.7831636300758794 -0.21746389728182225 0.5825497248350328
vn -0.7831636300758794 0.21746389728182225 -0.5825497248350328
vn 0.6135413320790291 -0.600618325084456 0.5126642774793589
vn -0.6135413320790291 0.600618325084456 -0.5126642774793589
vn 0.6739448594403898 -0.6058998736320207 0.42270991183857315
vn -0.6739448594403898 0.6058998736320207 -0.42270991183857315
vn -0.26852892152431385 -0.005872998283657612 -0.9632537184958846
vn 0.26852892152431385 0.005872998283657612 0.9632537184958846
vn -0.5942493417404154 -0.1539750885478654 -0.7894044539700544
vn 0.5942493417404154 0.1539750885478654 0.7894044539700544
vn -0.9999817400897798 0.001608999581796928 -0.0058249984859957155
vn 0.9999817400897798 -0.001608999581796928 0.0058249984859957155
vn -0.0000019999997376070513 0.44816694120206974 0.8939498827169119
vn 0.0000019999997376070513 -0.44816694120206974 -0.8939498827169119
vn -0.3223818893171285 0.4320378516691179 0.8422667108258832
vn 0.3223818893171285 -0.4320378516691179 -0.8422667108258832
vn -0.8424270132349498 0.10292300161697183 0.5288890083091109
vn 0.8424270132349498 -0.10292300161697183 -0.5288890083091109
vn -0.5794331118914419 -0.6328701222103968 0.5135490991689085
vn 0.5794331118914419 0.6328701222103968 -0.5135490991689085
vn -0.20199991939194825 0.9775556099065116 -0.059841976120064186
vn 0.20199991939194825 -0.9775556099065116 0.059841976120064186
vn -0.999998363801471 0.0003540001287859783 -0.0017740006453851004
vn 0.999998363801471 -0.0003540001287859783 0.0017740006453851004
vn -0.9918856657360747 0.0015249994860775471 0.12712395715942432
vn 0.9918856657360747 -0.0015249994860775471 -0.12712395715942432
vn -0.9617663546196703 0.0010930004030079037 0.2738691009802119
vn 0.9617663546196703 -0.0010930004030079037 -0.2738691009802119
vn -0.9313407119149415 0.0012339996182955952 0.3641468873610098
vn 0.9313407119149415 -0.0012339996182955952 -0.3641468873610098
vn -0.8779650300483536 0.050873001741128514 0.47601401629157997
vn 0.8779650300483536 -0.050873001741128514 -0.47601401629157997
vn 0.00007199996397144305 0.9898625046758962 -0.14202892892916782
vn -0.00007199996397144305 -0.9898625046758962 0.14202892892916782
vn -0.9557449765904606 -0.08049899802829781 0.28296899306909906
vn 0.9557449765904606 0.08049899802829781 -0.28296899306909906
vn -0.0724690283054659 0.997303389533815 0.01158400452456246
vn -0.06721500589223571 0.9977350874639559 0.0026150002292374677
vn 0.06721500589223571 -0.9977350874639559 -0.0026150002292374677
vn 0.0724690283054659 -0.997303389533815 -0.01158400452456246
vn -0.9527453271990021 0.1118260384041434 0.28243809699702627
vn 0.9527453271990021 -0.1118260384041434 -0.28243809699702627
vn -0.04015999516658423 0.9991678797461561 -0.007121999142838966
vn 0.04015999516658423 -0.9991678797461561 0.007121999142838966
vn 0.5999660394030708 0.7618980500380369 0.24403301602699085
vn -0.5999660394030708 -0.7618980500380369 -0.24403301602699085
vn 0.414365698594437 0.8111154100025709 0.4127866997429853
vn -0.414365698594437 -0.8111154100025709 -0.4127866997429853
vn 0.01658399201619453 0.9979755195582339 -0.06139897044152967
vn -0.01658399201619453 -0.9979755195582339 0.06139897044152967
vn 0.1061900195590884 0.9918391826863798 -0.07056001299641469
vn -0.1061900195590884 -0.9918391826863798 0.07056001299641469
vn 0.05897297660280052 0.9982576039468646 0.0019859992120658918
vn -0.05897297660280052 -0.9982576039468646 -0.0019859992120658918
vn -0.07662902704319301 0.9565033375601305 0.2814770993362413
vn 0.07662902704319301 -0.9565033375601305 -0.2814770993362413
vn -0.3676909194030785 0.9177667988278342 0.15002496711490587
vn 0.3676909194030785 -0.9177667988278342 -0.15002496711490587
vn 0.9807347961910714 0.09015798126404648 0.17329396398735186
vn -0.9807347961910714 -0.09015798126404648 -0.17329396398735186
vn 0.3223789295748798 0.4320379056193856 0.8422678160028254
vn -0.3223789295748798 -0.4320379056193856 -0.8422678160028254
vn 0.9999817322464272 0.0016029995707832968 -0.005827998439504088
vn -0.9999817322464272 -0.0016029995707832968 0.005827998439504088
vn 0.5942467321926682 -0.15397393060904624 -0.789406644240556
vn -0.5942467321926682 0.15397393060904624 0.789406644240556
vn 0.2685270673158506 -0.005872001472025809 -0.9632542414739015
vn -0.2685270673158506 0.005872001472025809 0.9632542414739015
vn 0.8424282813555081 0.10292203437406118 0.5288871766385621
vn -0.8424282813555081 -0.10292203437406118 -0.5288871766385621
vn 0.8779981041463853 0.05093800604216476 0.4759460564557727
vn -0.8779981041463853 -0.05093800604216476 -0.4759460564557727
vn 0.9918853540966873 0.0018520006611523158 0.127122045381752
vn -0.9918853540966873 -0.0018520006611523158 -0.127122045381752
vn 0.20199896019600783 0.9775558073721583 -0.05984198820810747
vn -0.20199896019600783 -0.9775558073721583 0.05984198820810747
vn 0.5794340737156074 -0.6328700805137367 0.5135480653335889
vn -0.5794340737156074 0.6328700805137367 -0.5135480653335889
vn 0.9557440832792421 -0.08051300701554141 0.28296802465656135
vn -0.9557440832792421 0.08051300701554141 -0.28296802465656135
vn 0 0.000033999999980348 -1
vn 0 -0.000033999999980348 1
vn -0.620968990582695 -0.30069899543974943 -0.7238629890222561
vn 0.620968990582695 0.30069899543974943 0.7238629890222561
vn -0.8945619004491318 -0.2468259725320966 -0.3726069585346233
vn 0.8945619004491318 0.2468259725320966 0.3726069585346233
vn -0.8868312588456851 0.250887073228177 0.38805411326408695
vn 0.8868312588456851 -0.250887073228177 -0.38805411326408695
vn -0.6200222050909789 0.4121841363422912 0.6675902208255298
vn 0.6200222050909789 -0.4121841363422912 -0.6675902208255298
vn -0.6069568354376365 -0.5750888440779082 0.5485218512809362
vn 0.6069568354376365 0.5750888440779082 -0.5485218512809362
vn -0.47841085068536554 -0.6527307962791602 0.5874228166621367
vn 0.47841085068536554 0.6527307962791602 -0.5874228166621367
vn -0.5677682819072418 -0.5219142591398884 0.636588316077636
vn 0.5677682819072418 0.5219142591398884 -0.636588316077636
vn -0.07214201213482851 0.9932901670788697 -0.09038901520411154
vn 0.07214201213482851 -0.9932901670788697 0.09038901520411154
vn -0.3042781555310583 0.9522864867589814 -0.023775012152541134
vn 0.3042781555310583 -0.9522864867589814 0.023775012152541134
vn -0.9979273250594113 -0.0000010000003257346592 -0.06435102096135106
vn 0.9979273250594113 0.0000010000003257346592 0.06435102096135106
vn -0.34874510551197585 -0.9369582834744292 0.022046006669965215
vn -0.3341101109457913 -0.9425333129809628 -0.001178000391170998
vn -0.18391805413178122 -0.9828722892844207 0.011671003435074429
vn 0.18391805413178122 0.9828722892844207 -0.011671003435074429
vn 0.3341101109457913 0.9425333129809628 0.001178000391170998
vn 0.34874510551197585 0.9369582834744292 -0.022046006669965215
vn -0.3156218684284751 -0.9479976048135349 0.041028982896477134
vn 0.3156218684284751 0.9479976048135349 -0.041028982896477134
vn -0.298669942072821 -0.9524998152622025 0.059500988459754656
vn -0.19935295061888478 -0.9790727574768544 0.04092598986234708
vn 0.19935295061888478 0.9790727574768544 -0.04092598986234708
vn 0.298669942072821 0.9524998152622025 -0.059500988459754656
vn -0.25462999289518673 -0.9642589730947643 0.07326799795563971
vn 0.25462999289518673 0.9642589730947643 -0.07326799795563971
vn -0.04119599878469746 0.9985729705415985 -0.03398399899745505
vn 0.04119599878469746 -0.9985729705415985 0.03398399899745505
vn -0.8413013057600782 -0.40193014607631306 0.36147513137346116
vn 0.8413013057600782 0.40193014607631306 -0.36147513137346116
vn -0.9169814901129828 -0.08276304423561753 0.39025020858293846
vn 0.9169814901129828 0.08276304423561753 -0.39025020858293846
vn -0.057988995849553755 0.9981989285559107 0.015367998900066255
vn 0.057988995849553755 -0.9981989285559107 -0.015367998900066255
vn -0.07799401257357176 0.9966881606781048 0.023014003710133867
vn 0.07799401257357176 -0.9966881606781048 -0.023014003710133867
vn 0.7116168692265358 0.7024888709039833 -0.010526998065459005
vn 0.6893459236632153 0.7206679201946802 0.07375599183240943
vn 0.7147808055020938 0.6977798101282084 -0.04681598726097367
vn -0.7147808055020938 -0.6977798101282084 0.04681598726097367
vn -0.6893459236632153 -0.7206679201946802 -0.07375599183240943
vn -0.7116168692265358 -0.7024888709039833 0.010526998065459005
vn 0.6727921846044453 0.7298542002614373 0.12109303322617705
vn -0.6727921846044453 -0.7298542002614373 -0.12109303322617705
vn 0.154516012590506 0.8240360671453456 0.5450590444133204
vn -0.154516012590506 -0.8240360671453456 -0.5450590444133204
vn 0.01252099793807979 0.9328478463814278 0.36005294070756677
vn -0.01252099793807979 -0.9328478463814278 -0.36005294070756677
vn 0.06721400970630861 0.9977351440819447 0.0026190003782072526
vn -0.06721400970630861 -0.9977351440819447 -0.0026190003782072526
vn 0.04022098036217146 0.9991655121590565 -0.007109996528555707
vn -0.04022098036217146 -0.9991655121590565 0.007109996528555707
vn -0.24276199679250715 0.8264089890810712 0.5080499932873895
vn 0.24276199679250715 -0.8264089890810712 -0.5080499932873895
vn -0.49583505554865237 0.7962150892003795 0.34668303883907636
vn 0.49583505554865237 -0.7962150892003795 -0.34668303883907636
vn 0.9527453271990021 0.1118260384041434 0.28243809699702627
vn -0.9527453271990021 -0.1118260384041434 -0.28243809699702627
vn 0.07248600709199504 0.9973020975755436 0.011589001133862133
vn -0.07248600709199504 -0.9973020975755436 -0.011589001133862133
vn 0.6200221439353674 0.41218109568599776 0.6675921549785326
vn -0.6200221439353674 -0.41218109568599776 -0.6675921549785326
vn 0.8868308730931809 0.2508809640985603 0.3880589444681869
vn -0.8868308730931809 -0.2508809640985603 -0.3880589444681869
vn 0.8945622379978677 -0.24682906566875823 -0.37260409913114745
vn -0.8945622379978677 0.24682906566875823 0.37260409913114745
vn 0.6209663244385337 -0.30070115710842704 -0.723864378200054
vn -0.6209663244385337 0.30070115710842704 0.723864378200054
vn 0.8412993347101655 -0.4019351599095332 0.36147414381215526
vn -0.8412993347101655 0.4019351599095332 -0.36147414381215526
vn 0.9249142991432303 0.0016420005310690336 0.3801721229583293
vn -0.9249142991432303 -0.0016420005310690336 -0.3801721229583293
vn 0.2546309280583702 -0.9642587275651273 0.07326797929938092
vn 0.19935391087676085 -0.9790725622954286 0.04092598170361424
vn 0.29866903127632394 -0.952500099744863 0.05950100623088619
vn -0.29866903127632394 0.952500099744863 -0.05950100623088619
vn -0.19935391087676085 0.9790725622954286 -0.04092598170361424
vn -0.2546309280583702 0.9642587275651273 -0.07326797929938092
vn 0.3156230680200925 -0.9479972043033734 0.04102900884218316
vn -0.3156230680200925 0.9479972043033734 -0.04102900884218316
vn 0.20338693646874445 -0.9790076941908409 0.013329995836156508
vn 0.34874805971229916 -0.9369571604248819 0.022047003774866264
vn -0.34874805971229916 0.9369571604248819 -0.022047003774866264
vn -0.20338693646874445 0.9790076941908409 -0.013329995836156508
vn 0.9999979048757038 -0.000005999999429253081 -0.002046999805280176
vn -0.9999979048757038 0.000005999999429253081 0.002046999805280176
vn 0.3042730533996213 0.9522881671256357 -0.023773004172138824
vn -0.3042730533996213 -0.9522881671256357 0.023773004172138824
vn 0.07214201865563986 0.9932902568609205 -0.09038802337398431
vn -0.07214201865563986 -0.9932902568609205 0.09038802337398431
vn 0.5677728553959371 -0.5219098670766196 0.6365878378696923
vn -0.5677728553959371 0.5219098670766196 -0.6365878378696923
vn 0.4784111004696905 -0.6527321370783323 0.5874211233625608
vn -0.4784111004696905 0.6527321370783323 -0.5874211233625608
vn 0.6069558709047487 -0.5750888776826343 0.5485228833330347
vn -0.6069558709047487 0.5750888776826343 -0.5485228833330347
vn 0.04126401596007855 0.9985713862270162 -0.03394801313039809
vn -0.04126401596007855 -0.9985713862270162 0.03394801313039809
vn 0.916980600993401 -0.08276996398423063 0.39025083018980294
vn -0.916980600993401 0.08276996398423063 -0.39025083018980294
vn -0.0000010000005009673765 -0.18687609361877944 -0.9823834921418342
vn 0.0000010000005009673765 0.18687609361877944 0.9823834921418342
vn -0.2764529728586778 -0.18146798218401877 -0.9437389073465499
vn 0.2764529728586778 0.18146798218401877 0.9437389073465499
vn -0.2840009536893883 -0.3548479421367251 -0.8907448547507022
vn 0.2840009536893883 0.3548479421367251 0.8907448547507022
vn -0.6081251519966437 -0.4105951026253845 -0.6794081698133373
vn 0.6081251519966437 0.4105951026253845 0.6794081698133373
vn -0.9999663874085528 0.0007990003095499584 0.008160003161361278
vn 0.9999663874085528 -0.0007990003095499584 -0.008160003161361278
vn -0.28718483590349325 0.5110127080089552 0.8101795370659753
vn 0.28718483590349325 -0.5110127080089552 -0.8101795370659753
vn -0.6952171957728422 -0.5654361592265622 0.44379612497278453
vn 0.6952171957728422 0.5654361592265622 -0.44379612497278453
vn -0.7744789358100266 0.10778899106628709 0.6233489483359062
vn 0.7744789358100266 -0.10778899106628709 -0.6233489483359062
vn -0.7183313414305101 -0.06993303323991287 0.6921773289992305
vn 0.7183313414305101 0.06993303323991287 -0.6921773289992305
vn -0.4902791996981129 -0.5975002433708613 0.6345232584508936
vn 0.4902791996981129 0.5975002433708613 -0.6345232584508936
vn -0.2806500344361823 0.9586891176325999 -0.04637600569040581
vn 0.2806500344361823 -0.9586891176325999 0.04637600569040581
vn -0.9957922919733134 -0.000001000000293207129 -0.09163902686920809
vn 0.9957922919733134 0.000001000000293207129 0.09163902686920809
vn -0.22505105584080018 -0.9741702417160213 -0.01855700460445734
vn 0.22505105584080018 0.9741702417160213 0.01855700460445734
vn -0.13150694453761538 -0.9899035825132017 0.05288497769602979
vn 0.13150694453761538 0.9899035825132017 -0.05288497769602979
vn -0.22573697411135663 -0.9702348887286182 0.08767598994487968
vn 0.22573697411135663 0.9702348887286182 -0.08767598994487968
vn -0.880513721667015 0.0027209991398841446 0.4740128501631397
vn 0.880513721667015 -0.0027209991398841446 -0.4740128501631397
vn -0.00991599853405359 0.9998988521784643 -0.010195998492659382
vn 0.00991599853405359 -0.9998988521784643 0.010195998492659382
vn -0.7658506724648836 -0.42911781647707703 0.478884795192989
vn 0.7658506724648836 0.42911781647707703 -0.478884795192989
vn -0.038401015396390986 0.9992294006281184 0.008122003256412273
vn 0.038401015396390986 -0.9992294006281184 -0.008122003256412273
vn -0.08794298859757665 0.9954868709281671 0.03566399537591365
vn 0.08794298859757665 -0.9954868709281671 -0.03566399537591365
vn 0.7166319808268699 0.6886739815748721 -0.11030299704889848
vn -0.7166319808268699 -0.6886739815748721 0.11030299704889848
vn 0.926501726204883 0.05345098420443474 0.3724748899280992
vn 0.7695918421163258 0.12425997450775818 0.6263288715070794
vn 0.7085288902552602 -0.014689997724651741 0.7055288907199332
vn -0.7085288902552602 0.014689997724651741 -0.7055288907199332
vn -0.7695918421163258 -0.12425997450775818 -0.6263288715070794
vn -0.926501726204883 -0.05345098420443474 -0.3724748899280992
vn 0.9808343295422447 0.08635902901504099 0.17466005868255838
vn 0.9341742711399178 0.13998304062945352 0.32821209526209755
vn -0.9341742711399178 -0.13998304062945352 -0.32821209526209755
vn -0.9808343295422447 -0.08635902901504099 -0.17466005868255838
vn 0.3645021519556936 0.028136011729497767 0.9307773880276777
vn 0.3525891174104327 -0.07256702416446024 0.9329603106711704
vn -0.3525891174104327 0.07256702416446024 -0.9329603106711704
vn -0.3645021519556936 -0.028136011729497767 -0.9307773880276777
vn -0.7115750368862719 0.7025320364175055 -0.010474000542946019
vn -0.672618999002506 0.7299579989174724 0.1214289998199208
vn -0.68975882808798 0.7203048204748504 0.07344198169568998
vn 0.68975882808798 -0.7203048204748504 -0.07344198169568998
vn 0.672618999002506 -0.7299579989174724 -0.1214289998199208
vn 0.7115750368862719 -0.7025320364175055 0.010474000542946019
vn -0.020906992583841544 0.8167147102937842 0.5766627954453445
vn 0.020906992583841544 -0.8167147102937842 -0.5766627954453445
vn -0.6271629678550765 0.7508839615138191 0.20697798939144693
vn 0.6271629678550765 -0.7508839615138191 -0.20697798939144693
vn 0.07799600040729512 0.9966880052047049 0.023014000120179113
vn 0.05798600237217842 0.9981990408358246 0.015372000628860875
vn -0.05798600237217842 -0.9981990408358246 -0.015372000628860875
vn -0.07799600040729512 -0.9966880052047049 -0.023014000120179113
vn 0.28718193657300445 0.5110138871374853 0.8101798210637045
vn -0.28718193657300445 -0.5110138871374853 -0.8101798210637045
vn 0.9999663710870892 0.0007990002965086655 0.008162003028915805
vn -0.9999663710870892 -0.0007990002965086655 -0.008162003028915805
vn 0.6081257731992311 -0.4105998468666104 -0.6794047466157073
vn -0.6081257731992311 0.4105998468666104 0.6794047466157073
vn 0.28400008576292685 -0.35485010715836124 -0.8907442689887765
vn -0.28400008576292685 0.35485010715836124 0.8907442689887765
vn 0.276451838553141 -0.18146689402399996 -0.9437394488596259
vn -0.276451838553141 0.18146689402399996 0.9437394488596259
vn 0.6952187067825344 -0.5654337615210108 0.4437968128229643
vn -0.6952187067825344 0.5654337615210108 -0.4437968128229643
vn 0.765849930351313 -0.4291189609746361 0.4788849564487674
vn -0.765849930351313 0.4291189609746361 -0.4788849564487674
vn 0.718334139480031 -0.06992601357764026 0.6921751344006972
vn -0.718334139480031 0.06992601357764026 -0.6921751344006972
vn 0.7744804684918963 0.10778706520160111 0.6233473770697993
vn -0.7744804684918963 -0.10778706520160111 -0.6233473770697993
vn 0.8805141581804204 0.002713000487378373 0.47401208515414567
vn -0.8805141581804204 -0.002713000487378373 -0.47401208515414567
vn 0.22574002046502684 -0.9702340879590009 0.08767700794857872
vn 0.1314290190836264 -0.989914143736534 0.05288100767837575
vn -0.1314290190836264 0.989914143736534 -0.05288100767837575
vn -0.22574002046502684 0.9702340879590009 -0.08767700794857872
vn 0.3341130905723912 -0.942532255504506 -0.0011790003196069869
vn -0.3341130905723912 0.942532255504506 0.0011790003196069869
vn 0.9969532012659296 -0.000005000001009405306 -0.07800201574712654
vn -0.9969532012659296 0.000005000001009405306 0.07800201574712654
vn 0.2806479098933723 0.9586896921969053 -0.046376985109906094
vn -0.2806479098933723 -0.9586896921969053 0.046376985109906094
vn 0.4902788704519152 -0.5974988421208106 0.6345248323373048
vn -0.4902788704519152 0.5974988421208106 -0.6345248323373048
vn 0.012002995930853034 0.9998826610288365 -0.009517996773294943
vn -0.012002995930853034 -0.9998826610288365 0.009517996773294943
vn -0.6312398726555748 -0.40334491863041444 -0.6624568663579526
vn 0.6312398726555748 0.40334491863041444 0.6624568663579526
vn -0.8711352917585029 -0.18703406264099118 -0.4540281520619991
vn 0.8711352917585029 0.18703406264099118 0.4540281520619991
vn -0.8563325367948702 0.19464489471319862 0.47833874125827386
vn 0.8563325367948702 -0.19464489471319862 -0.47833874125827386
vn -0.6071689373708309 0.39979295876155835 0.6866669291706533
vn 0.6071689373708309 -0.39979295876155835 -0.6866669291706533
vn 0 0.4999539827965837 0.8660519701991523
vn 0 -0.4999539827965837 -0.8660519701991523
vn -0.7920001177442902 0.052365007784949194 0.608271090429845
vn 0.7920001177442902 -0.052365007784949194 -0.608271090429845
vn -0.5229431477683276 -0.43351712249916735 0.7338892073754696
vn 0.5229431477683276 0.43351712249916735 -0.7338892073754696
vn -0.34320113134292646 -0.634890242972225 0.692190264900919
vn 0.34320113134292646 0.634890242972225 -0.692190264900919
vn -0.3747731503384056 -0.6047102425765389 0.7027592819084287
vn 0.3747731503384056 0.6047102425765389 -0.7027592819084287
vn -0.49537689054302053 -0.2685169406693089 0.8261358174595284
vn 0.49537689054302053 0.2685169406693089 -0.8261358174595284
vn -0.157885034827469 0.9865722176255232 -0.04180400922144291
vn 0.157885034827469 -0.9865722176255232 0.04180400922144291
vn -0.9868954375174906 0 -0.16136107153573565
vn 0.9868954375174906 0 0.16136107153573565
vn -0.33397797269162427 -0.942220922957425 -0.026046997870215215
vn 0.33397797269162427 0.942220922957425 0.026046997870215215
vn -0.020469996595512328 -0.9997858337196331 -0.0030439994937342223
vn 0.020469996595512328 0.9997858337196331 0.0030439994937342223
vn -0.01728800111337324 -0.999838064391073 0.004997000321814326
vn 0.01728800111337324 0.999838064391073 -0.004997000321814326
vn -0.1779349314022716 -0.9793166224524595 0.09632296286543404
vn 0.1779349314022716 0.9793166224524595 -0.09632296286543404
vn -0.7936350659808381 0.0022200001845652734 0.6083900505800299
vn 0.7936350659808381 -0.0022200001845652734 -0.6083900505800299
vn -0.9117994439616399 0.13549606597399905 0.3876371887433066
vn 0.9117994439616399 -0.13549606597399905 -0.3876371887433066
vn -0.039462989496098014 0.9991577340532222 0.011246997006375959
vn 0.039462989496098014 -0.9991577340532222 -0.011246997006375959
vn 0.7123715433920705 0.6884045587541597 -0.13647691252255786
vn -0.7123715433920705 -0.6884045587541597 0.13647691252255786
vn -0.06533802046047363 0.9971743122631905 0.037072011609028115
vn 0.06533802046047363 -0.9971743122631905 -0.037072011609028115
vn 0.9950106727206459 0.09850596759937322 -0.015821994795822417
vn 0.9797990887159124 0.15012501359306996 0.1321220119629881
vn -0.9797990887159124 -0.15012501359306996 -0.1321220119629881
vn -0.9950106727206459 -0.09850596759937322 0.015821994795822417
vn 0.9833461742110986 0.07720001367687143 -0.1645310291485665
vn 0.988089792916163 0.14813396895408604 -0.04165199127057659
vn -0.988089792916163 -0.14813396895408604 0.04165199127057659
vn -0.9833461742110986 -0.07720001367687143 0.1645310291485665
vn 0.0000010000003294636629 -0.09822403236123882 0.9951643278703766
vn -0.0000010000003294636629 0.09822403236123882 -0.9951643278703766
vn -0.7148361574837842 0.6976921537068311 -0.0472750104150405
vn 0.7148361574837842 -0.6976921537068311 0.0472750104150405
vn -0.35258690916057817 -0.07257198130277485 0.9329607596348197
vn -0.36450183319598023 0.02813398712527149 0.9307775740558024
vn 0.36450183319598023 -0.02813398712527149 -0.9307775740558024
vn 0.35258690916057817 0.07257198130277485 -0.9329607596348197
vn -0.708528371449993 -0.014692007702367864 0.7055293698777495
vn 0.708528371449993 0.014692007702367864 -0.7055293698777495
vn -0.926502071303139 0.05345100411356271 0.3724740286654162
vn -0.7695927318612407 0.12425995670578834 0.6263277817771045
vn 0.7695927318612407 -0.12425995670578834 -0.6263277817771045
vn 0.926502071303139 -0.05345100411356271 -0.3724740286654162
vn 0.08794299800637621 0.9954869774328082 0.035660999191582984
vn -0.08794299800637621 -0.9954869774328082 -0.035660999191582984
vn 0.038374013695687936 0.999230356625378 0.008132002902312354
vn -0.038374013695687936 -0.999230356625378 -0.008132002902312354
vn 0.6071697058318134 0.3997888063059684 0.6866686673152913
vn -0.6071697058318134 -0.3997888063059684 -0.6866686673152913
vn 0.856331950902637 0.1946419888402992 0.47834097257456026
vn -0.856331950902637 -0.1946419888402992 -0.47834097257456026
vn 0.871136091332526 -0.1870330196091039 -0.45402704760156026
vn -0.871136091332526 0.1870330196091039 0.45402704760156026
vn 0.6312414015750765 -0.40334325659375114 -0.6624564214330483
vn -0.6312414015750765 0.40334325659375114 0.6624564214330483
vn 0.7920005319523759 0.05236396905452671 0.6082706405310141
vn -0.7920005319523759 -0.05236396905452671 -0.6082706405310141
vn 0.7936350712628771 0.002217000199071108 0.6083900546291706
vn -0.7936350712628771 -0.002217000199071108 -0.6083900546291706
vn 0.17793704233531996 -0.9793162330018836 0.0963230229174653
vn -0.17793704233531996 0.9793162330018836 -0.0963230229174653
vn 0.019307992569011563 -0.9998016152104257 0.004891998117236615
vn -0.019307992569011563 0.9998016152104257 -0.004891998117236615
vn 0.19842596843062935 -0.9799808440860401 -0.016268997411618986
vn -0.19842596843062935 0.9799808440860401 0.016268997411618986
vn 0.3339830356436734 -0.9422191005564544 -0.02604800277992115
vn -0.3339830356436734 0.9422191005564544 0.02604800277992115
vn 0.9868954375155169 -0.00000200000088665059 -0.16136107153541293
vn -0.9868954375155169 0.00000200000088665059 0.16136107153541293
vn 0.15803102247430445 0.9865491403016028 -0.04179700594414073
vn -0.15803102247430445 -0.9865491403016028 0.04179700594414073
vn 0.4953749924755016 -0.26852299592127 0.8261349874514227
vn -0.4953749924755016 0.26852299592127 -0.8261349874514227
vn 0.37477505314947757 -0.6047150857588856 0.7027540996624854
vn -0.37477505314947757 0.6047150857588856 -0.7027540996624854
vn 0.3431997740092008 -0.6348895819367759 0.6921915442044776
vn -0.3431997740092008 0.6348895819367759 -0.6921915442044776
vn 0.5229418107505306 -0.43351784311252206 0.7338897344097566
vn -0.5229418107505306 0.43351784311252206 -0.7338897344097566
vn 0.9117984899738039 0.13549792420749582 0.387638783169268
vn -0.9117984899738039 -0.13549792420749582 -0.387638783169268
vn -0.28345584990605704 -0.48021774571780773 -0.8300865604572463
vn 0.28345584990605704 0.48021774571780773 0.8300865604572463
vn -0.25918395200276517 -0.5670538949895672 -0.7818398552142181
vn 0.25918395200276517 0.5670538949895672 0.7818398552142181
vn -0.8826420073329898 -0.06926800057547855 -0.46491400386250553
vn 0.8826420073329898 0.06926800057547855 0.46491400386250553
vn -0.8910532376252182 0.13852803694252333 0.43224311527017717
vn 0.8910532376252182 -0.13852803694252333 -0.43224311527017717
vn -0.25163313008001875 0.38599219953601716 0.88751945879709
vn 0.25163313008001875 -0.38599219953601716 -0.88751945879709
vn -0.6318686721076344 0.05691997046281199 0.7729825988801089
vn 0.6318686721076344 -0.05691997046281199 -0.7729825988801089
vn -0.5840760739355666 0.11968201515000869 0.8028271016262765
vn 0.5840760739355666 -0.11968201515000869 -0.8028271016262765
vn -0.6523762804171546 -0.4456321915503596 0.6130392635085472
vn 0.6523762804171546 0.4456321915503596 -0.6130392635085472
vn -0.3496950862815032 -0.5598881381431771 0.7511581853359109
vn 0.3496950862815032 0.5598881381431771 -0.7511581853359109
vn -0.27053700701800065 0.9602070249087309 -0.06937000179952725
vn 0.27053700701800065 -0.9602070249087309 0.06937000179952725
vn -0.9868954375169972 0.0000010000004433267948 -0.16136107153565493
vn 0.9868954375169972 -0.0000010000004433267948 0.16136107153565493
vn -0.30741697518115263 -0.9502229232851808 -0.050706995906246916
vn 0.30741697518115263 0.9502229232851808 0.050706995906246916
vn -0.1727170665791604 -0.9839183792819138 -0.04553501755288748
vn 0.1727170665791604 0.9839183792819138 0.04553501755288748
vn -0.02833700541547145 -0.9995961910323464 0.0021140004040055985
vn 0.02833700541547145 0.9995961910323464 -0.0021140004040055985
vn -0.008350003600835454 -0.9999364312101798 0.0075770032674886524
vn 0.008350003600835454 0.9999364312101798 -0.0075770032674886524
vn -0.09352395558693365 -0.9930125284338538 0.07196796582353664
vn 0.09352395558693365 0.9930125284338538 -0.07196796582353664
vn -0.139438992676246 -0.9845849482866462 0.10558999445409688
vn 0.139438992676246 0.9845849482866462 -0.10558999445409688
vn 0.027727011338714063 0.9959424072817673 -0.08561503501150519
vn -0.027727011338714063 -0.9959424072817673 0.08561503501150519
vn -0.14066098176569614 0.9874318719962523 -0.07206099065851819
vn 0.14066098176569614 -0.9874318719962523 0.07206099065851819
vn -0.8477283841257396 -0.08226003727396444 0.524013237442766
vn 0.8477283841257396 0.08226003727396444 -0.524013237442766
vn -0.8391636356243195 0.16508692831712518 0.51821877498272
vn 0.8391636356243195 -0.16508692831712518 -0.51821877498272
vn 0.6916302861396121 0.6920972863328182 -0.20651608543933625
vn 0.7010981341628528 0.6885931317698828 -0.18520503544102415
vn -0.7010981341628528 -0.6885931317698828 0.18520503544102415
vn -0.6916302861396121 -0.6920972863328182 0.20651608543933625
vn -0.037091015894060074 0.9992174281797478 0.013740005887799882
vn 0.037091015894060074 -0.9992174281797478 -0.013740005887799882
vn -0.10145496862277309 0.9928756929308998 0.062487980674188995
vn 0.10145496862277309 -0.9928756929308998 -0.062487980674188995
vn 0.9744778625162875 0.15754597777270604 -0.15991297743875912
vn -0.9744778625162875 -0.15754597777270604 0.15991297743875912
vn 0.7058154625132601 0.41410768465214887 0.574751562319955
vn -0.7058154625132601 -0.41410768465214887 -0.574751562319955
vn 0.34614295862536154 0.3588359571081612 0.8668458963854828
vn -0.34614295862536154 -0.3588359571081612 -0.8668458963854828
vn 0.8759990108685198 0.3716920046115828 0.307361003813428
vn -0.8759990108685198 -0.3716920046115828 -0.307361003813428
vn 9.999996624186708e-7 0.10493896457455291 0.9944786642824575
vn -9.999996624186708e-7 -0.10493896457455291 -0.9944786642824575
vn -0.980834418049373 0.08636203680906245 0.17465807444243103
vn -0.9341748809015851 0.13998398215337327 0.328209958156351
vn 0.9341748809015851 -0.13998398215337327 -0.328209958156351
vn 0.980834418049373 -0.08636203680906245 -0.17465807444243103
vn -0.7163150721612258 0.6890360694131525 -0.11010001109142062
vn 0.7163150721612258 -0.6890360694131525 0.11010001109142062
vn -0.995010368718573 0.09850903650425413 -0.01582200586312224
vn -0.9797990534333428 0.15012700818717664 0.13212000720516479
vn 0.9797990534333428 -0.15012700818717664 -0.13212000720516479
vn 0.995010368718573 -0.09850903650425413 0.01582200586312224
vn 0.06533497538142657 0.9971746242591879 0.03706898603220481
vn -0.06533497538142657 -0.9971746242591879 -0.03706898603220481
vn 0.039474009575823525 0.9991572423810888 0.011252002729573041
vn -0.039474009575823525 -0.9991572423810888 -0.011252002729573041
vn 0.25163103338829496 0.38599205121632374 0.8875201177628335
vn -0.25163103338829496 -0.38599205121632374 -0.8875201177628335
vn 0.8910557962752633 0.13853096832725273 0.43223690117639185
vn -0.8910557962752633 -0.13853096832725273 -0.43223690117639185
vn 0.8826414371746187 -0.06926703430814375 -0.46491523027373294
vn -0.8826414371746187 0.06926703430814375 0.46491523027373294
vn 0.25918409897400285 -0.5670532165392356 -0.7818402985594572
vn -0.25918409897400285 0.5670532165392356 0.7818402985594572
vn 0.2834559490781354 -0.4802189137303607 -0.8300858508779956
vn -0.2834559490781354 0.4802189137303607 0.8300858508779956
vn 0.847728105182295 -0.08226401020694883 0.5240130650171869
vn -0.847728105182295 0.08226401020694883 -0.5240130650171869
vn 0.584072031771183 0.1196820065102226 0.8028300436707442
vn -0.584072031771183 -0.1196820065102226 -0.8028300436707442
vn 0.6318670541292095 0.05691800487590957 0.7729840662180695
vn -0.6318670541292095 -0.05691800487590957 -0.7729840662180695
vn 0.1394389779528169 -0.9845848443238564 0.10559098330464137
vn 0.09301098581182626 -0.9930658485147678 0.07189698903261844
vn -0.09301098581182626 0.9930658485147678 -0.07189698903261844
vn -0.1394389779528169 0.9845848443238564 -0.10559098330464137
vn 0.006570002473484851 -0.9999443764606295 0.008251003106350609
vn -0.006570002473484851 0.9999443764606295 -0.008251003106350609
vn 0.026995004843255236 -0.9996351793475625 0.0008820001582423084
vn -0.026995004843255236 0.9996351793475625 -0.0008820001582423084
vn 0.3074199837785239 -0.9502219498601149 -0.050706997324369306
vn -0.3074199837785239 0.9502219498601149 0.050706997324369306
vn 0.9868956227962288 -0.0000029999988533631574 -0.16135993832622636
vn -0.9868956227962288 0.0000029999988533631574 0.16135993832622636
vn 0.27053698825071415 0.9602069582986928 -0.06937099698725235
vn -0.27053698825071415 -0.9602069582986928 0.06937099698725235
vn 0.3496949573767333 -0.5598899317567 0.7511569084437434
vn -0.3496949573767333 0.5598899317567 -0.7511569084437434
vn 0.6523781921684628 -0.4456281312669155 0.6130401805808204
vn -0.6523781921684628 0.4456281312669155 -0.6130401805808204
vn 0.14072596267321733 0.9874217380918495 -0.07207298088304076
vn -0.14072596267321733 -0.9874217380918495 0.07207298088304076
vn 0.8391637934226548 0.16508895935997334 0.5182178724300629
vn -0.8391637934226548 -0.16508895935997334 -0.5182178724300629
vn -9.999999687095015e-7 -0.3641559886053772 -0.9313379708579697
vn 9.999999687095015e-7 0.3641559886053772 0.9313379708579697
vn 9.999999472475042e-7 -0.5001479736159448 -0.8659399543195038
vn -9.999999472475042e-7 0.5001479736159448 0.8659399543195038
vn -0.2772720494701903 -0.41992507492198866 -0.8641661541823784
vn 0.2772720494701903 0.41992507492198866 0.8641661541823784
vn -0.5796090166455019 -0.20379100585257212 -0.7890010226589262
vn 0.5796090166455019 0.20379100585257212 0.7890010226589262
vn -0.9990835633481264 0.03411998508777848 -0.02584298870525965
vn 0.9990835633481264 -0.03411998508777848 0.02584298870525965
vn -0.5993258720061825 0.24458494776571035 0.7622248372169944
vn 0.5993258720061825 -0.24458494776571035 -0.7622248372169944
vn -0.0000020000008991356065 0.3860701735646418 0.9224694147123619
vn 0.0000020000008991356065 -0.3860701735646418 -0.9224694147123619
vn -0.7241520322186108 -0.06561300291922098 0.6865120305439507
vn 0.7241520322186108 0.06561300291922098 -0.6865120305439507
vn -0.37257313856109364 -0.3978031479442116 0.8384163118095995
vn 0.37257313856109364 0.3978031479442116 -0.8384163118095995
vn -0.1644470492695767 -0.5995241796219676 0.7832802346766681
vn 0.1644470492695767 0.5995241796219676 -0.7832802346766681
vn -0.1699209552185276 -0.6613018257185559 0.730620807450026
vn 0.1699209552185276 0.6613018257185559 -0.730620807450026
vn -0.22278296706276607 -0.5311779214682716 0.8174458791451317
vn 0.22278296706276607 0.5311779214682716 -0.8174458791451317
vn -0.30498207210127765 -0.06298201488967436 0.9502732246555451
vn 0.30498207210127765 0.06298201488967436 -0.9502732246555451
vn -0.2356238982309972 0.9679285819391527 -0.08715296235751069
vn 0.2356238982309972 -0.9679285819391527 0.08715296235751069
vn -0.9644500999512734 -0.000002000000207271032 -0.26426502738723967
vn -0.9722303200699409 0 -0.23402607704420558
vn 0.9722303200699409 0 0.23402607704420558
vn 0.9644500999512734 0.000002000000207271032 0.26426502738723967
vn -0.014187004013369227 -0.9998652828524298 -0.008255002335262069
vn 0.014187004013369227 0.9998652828524298 0.008255002335262069
vn 0.010308997042874931 -0.999943713167187 -0.0025089992802961687
vn -0.010308997042874931 0.999943713167187 0.0025089992802961687
vn -0.09301699524920358 -0.9895959494568828 0.10976199439396113
vn 0.09301699524920358 0.9895959494568828 -0.10976199439396113
vn 0.09007197609562129 0.9919157367535336 -0.08938797627714934
vn -0.09007197609562129 -0.9919157367535336 0.08938797627714934
vn -0.030109002918375465 0.9946770964110715 -0.09854400955157568
vn 0.030109002918375465 -0.9946770964110715 0.09854400955157568
vn -0.08978898080540756 0.991937787949018 -0.08942798088258014
vn 0.08978898080540756 -0.991937787949018 0.08942798088258014
vn 0.6664489706742465 0.7005419691740524 -0.2551209887739114
vn -0.6664489706742465 -0.7005419691740524 0.2551209887739114
vn 0.647909026754108 0.7081020292396577 -0.28072301159189555
vn -0.647909026754108 -0.7081020292396577 0.28072301159189555
vn 0.9590290449933282 0.04216800197833294 -0.2801520131434721
vn 0.9577988243042731 0.12903697632984637 -0.2568479528845864
vn -0.9577988243042731 -0.12903697632984637 0.2568479528845864
vn -0.9590290449933282 -0.04216800197833294 0.2801520131434721
vn -0.029892003790769645 0.9994071267403225 0.017084002166516413
vn 0.029892003790769645 -0.9994071267403225 -0.017084002166516413
vn -0.13661905193779172 0.9817783732378461 0.13208505021412265
vn 0.13661905193779172 -0.9817783732378461 -0.13208505021412265
vn 0.9264677912621977 0.3591689190774558 0.11249497465432258
vn -0.9264677912621977 -0.3591689190774558 -0.11249497465432258
vn 0.9349790629862692 0.3515550236830323 -0.047151003176398164
vn -0.9349790629862692 -0.3515550236830323 0.047151003176398164
vn -0.7123210470342041 0.688426045456429 -0.13663200902174355
vn 0.7123210470342041 -0.688426045456429 0.13663200902174355
vn -0.9880898752259947 0.1481339812939383 -0.0416499947405223
vn 0.9880898752259947 -0.1481339812939383 0.0416499947405223
vn -0.3461420784399576 0.3588360813165713 0.8668461964377726
vn 0.3461420784399576 -0.3588360813165713 -0.8668461964377726
vn -0.705815868181488 0.41410792266100455 0.5747508926592461
vn 0.705815868181488 -0.41410792266100455 -0.5747508926592461
vn 0.10145201851981406 0.9928761812470814 0.06248501140648367
vn -0.10145201851981406 -0.9928761812470814 -0.06248501140648367
vn 0.03709201451868899 0.9992173911172452 0.013740005378162048
vn -0.03709201451868899 -0.9992173911172452 -0.013740005378162048
vn -0.7011370950009277 0.6886160933043881 -0.18497202506287871
vn 0.7011370950009277 -0.6886160933043881 0.18497202506287871
vn 0.5993308862562982 0.24458195358214063 0.7622218553421201
vn -0.5993308862562982 -0.24458195358214063 -0.7622218553421201
vn 0.9990833373610271 0.03411901152098562 -0.025853008729799856
vn -0.9990833373610271 -0.03411901152098562 0.025853008729799856
vn 0.5796112593752272 -0.20379109119622804 -0.788999353076106
vn -0.5796112593752272 0.20379109119622804 0.788999353076106
vn 0.27727297259018163 -0.4199249584883203 -0.8641659145728827
vn -0.27727297259018163 0.4199249584883203 0.8641659145728827
vn 0.7241521747567689 -0.06561001583340459 0.6865121656732549
vn -0.7241521747567689 0.06561001583340459 -0.6865121656732549
vn 0.09206702585044506 -0.9897052778880024 0.10957703076687866
vn -0.09206702585044506 0.9897052778880024 -0.10957703076687866
vn 0.19697198542870245 -0.9790549275729457 -0.05151199618932295
vn -0.19697198542870245 0.9790549275729457 0.05151199618932295
vn 0.9722303200679965 0.0000020000006584203252 -0.23402607704373754
vn -0.9722303200679965 -0.0000020000006584203252 0.23402607704373754
vn 0.9644498450780227 0.000002999999518102616 -0.26426595755030197
vn -0.9644498450780227 -0.000002999999518102616 0.26426595755030197
vn 0.23562507077966124 0.9679282907569908 -0.08715302617998862
vn -0.23562507077966124 -0.9679282907569908 0.08715302617998862
vn 0.22277888356297612 -0.5311847223723936 0.8174425727576202
vn -0.22277888356297612 0.5311847223723936 -0.8174425727576202
vn 0.3049789844898367 -0.06298599679675274 0.950273951672394
vn -0.3049789844898367 0.06298599679675274 -0.950273951672394
vn 0.1699209552185276 -0.6613018257185559 0.730620807450026
vn -0.1699209552185276 0.6613018257185559 -0.730620807450026
vn 0.1644480222267962 -0.5995240810316802 0.7832801058681462
vn -0.1644480222267962 0.5995240810316802 -0.7832801058681462
vn 0.37257196500021866 -0.3978029626299936 0.8384169212382796
vn -0.37257196500021866 0.3978029626299936 -0.8384169212382796
vn -0.0000010000002953746307 -0.5342931578165976 -0.84529924967988
vn 0.0000010000002953746307 0.5342931578165976 0.84529924967988
vn -0.5537798608392919 -0.2087489475429617 -0.8060717974402284
vn 0.5537798608392919 0.2087489475429617 0.8060717974402284
vn -0.9873580502125887 0.1582750080491549 -0.00855000043481456
vn 0.9873580502125887 -0.1582750080491549 0.00855000043481456
vn -0.6663658625550583 0.5202218926987834 0.5341588898241317
vn 0.6663658625550583 -0.5202218926987834 -0.5341588898241317
vn -0.0000010000003498746835 0.2578410902120383 0.966187338044371
vn 0.0000010000003498746835 -0.2578410902120383 -0.966187338044371
vn -0.2627240917252722 0.20975607323246523 0.9417953288104731
vn 0.2627240917252722 -0.20975607323246523 -0.9417953288104731
vn -0.6363787435464183 0.0012809994837714033 0.7713756891441451
vn 0.6363787435464183 -0.0012809994837714033 -0.7713756891441451
vn -0.3555140214293193 0.12423900748875487 0.9263770558392315
vn 0.3555140214293193 -0.12423900748875487 -0.9263770558392315
vn -0.17156507186081746 -0.4143051735336227 0.8938213743811834
vn 0.17156507186081746 0.4143051735336227 -0.8938213743811834
vn -0.39958284587713 -0.022182991443811112 0.916428646524833
vn 0.39958284587713 0.022182991443811112 -0.916428646524833
vn -0.5704719151910842 -0.045136993289731954 0.8200758780838387
vn 0.5704719151910842 0.045136993289731954 -0.8200758780838387
vn -0.9383918855025903 -0.000005999999267913135 -0.34557295783509095
vn -0.9383918855152587 -0.0000029999996339970674 -0.3455729578397562
vn 0.9383918855152587 0.0000029999996339970674 0.3455729578397562
vn 0.9383918855025903 0.000005999999267913135 0.34557295783509095
vn -0.29405285935058134 -0.952816544255093 -0.0753229639720181
vn 0.29405285935058134 0.952816544255093 0.0753229639720181
vn -0.15035007141201592 -0.9856264681445933 -0.0770410365923054
vn 0.15035007141201592 0.9856264681445933 0.0770410365923054
vn -0.029045990831329454 -0.9972406852105563 0.06831797843471617
vn 0.029045990831329454 0.9972406852105563 -0.06831797843471617
vn 0.08888402055772084 0.9864932281630855 -0.13758903182255805
vn -0.08888402055772084 -0.9864932281630855 0.13758903182255805
vn 0.0013869999796325987 0.989599985468219 -0.14383999788778154
vn -0.0013869999796325987 -0.989599985468219 0.14383999788778154
vn -0.16910396440218187 0.97847579402255 -0.11827497510211504
vn 0.16910396440218187 -0.97847579402255 0.11827497510211504
vn -0.21085691697742467 0.971689617407977 -0.10657695803650337
vn 0.21085691697742467 -0.971689617407977 0.10657695803650337
vn 0.9205097342097565 0.001463999577281163 -0.39071688718344544
vn 0.9256385983270855 0.11664894938119093 -0.3599808437894066
vn -0.9256385983270855 -0.11664894938119093 0.3599808437894066
vn -0.9205097342097565 -0.001463999577281163 0.39071688718344544
vn 0.6093367624187286 0.7217547185868074 -0.3282968719965821
vn -0.6093367624187286 -0.7217547185868074 0.3282968719965821
vn 0.5873761795133481 0.7303812232184131 -0.3486151065434166
vn -0.5873761795133481 -0.7303812232184131 0.3486151065434166
vn -0.028067991040909197 0.9993446810167238 0.022855992704539713
vn 0.028067991040909197 -0.9993446810167238 -0.022855992704539713
vn -0.08642996597058443 0.9894836104181159 0.11598295433491025
vn 0.08642996597058443 -0.9894836104181159 -0.11598295433491025
vn -0.7110280544014694 0.20103501538139062 0.6738130515541123
vn 0.7110280544014694 -0.20103501538139062 -0.6738130515541123
vn 0.901875671624873 0.35287487151740043 -0.24919790926643476
vn -0.901875671624873 -0.35287487151740043 0.24919790926643476
vn 0.9051331105262634 0.3964710484132809 -0.1534430187370049
vn -0.9051331105262634 -0.3964710484132809 0.1534430187370049
vn 0.6638200602370264 0.5616670509673556 0.4938350448120756
vn -0.6638200602370264 -0.5616670509673556 -0.4938350448120756
vn 0.27510007117582536 0.5994651550978413 0.751639194469379
vn -0.27510007117582536 -0.5994651550978413 -0.751639194469379
vn 0.0000010000002093170656 0.4698820983543215 0.8827291847702441
vn -0.0000010000002093170656 -0.4698820983543215 -0.8827291847702441
vn 0.8167511413163364 0.516973089447984 0.2562350443344317
vn -0.8167511413163364 -0.516973089447984 -0.2562350443344317
vn -0.8759995493631417 0.37169223309830823 0.307359192753309
vn 0.8759995493631417 -0.37169223309830823 -0.307359192753309
vn -0.9833460982962643 0.07720100771709032 -0.16453101644668577
vn 0.9833460982962643 -0.07720100771709032 0.16453101644668577
vn -0.9264678954846994 0.3591689594819724 0.11249398730949776
vn 0.9264678954846994 -0.3591689594819724 -0.11249398730949776
vn 0.13662102241718904 0.981777161092955 0.13209202167405695
vn -0.13662102241718904 -0.981777161092955 -0.13209202167405695
vn 0.02988800991633524 0.9994073315864178 0.017079005666524677
vn -0.02988800991633524 -0.9994073315864178 -0.017079005666524677
vn -0.6665298524423046 0.7005418449126625 -0.25490994356753316
vn -0.6915107230565803 0.692151722799866 -0.20673391720504675
vn 0.6915107230565803 -0.692151722799866 0.20673391720504675
vn 0.6665298524423046 -0.7005418449126625 0.25490994356753316
vn 0.2627230235319709 0.20975401878756342 0.9417960843562081
vn -0.2627230235319709 -0.20975401878756342 -0.9417960843562081
vn 0.6663622335130253 0.520224182301932 0.5341611871858705
vn -0.6663622335130253 -0.520224182301932 -0.5341611871858705
vn 0.9873583289834069 0.15827305273587775 -0.008554002850155734
vn -0.9873583289834069 -0.15827305273587775 0.008554002850155734
vn 0.5537850134287329 -0.2087460050618819 -0.8060690195463679
vn -0.5537850134287329 0.2087460050618819 0.8060690195463679
vn 0.3555110270890526 0.12424000946677849 0.9263780705876958
vn -0.3555110270890526 -0.12424000946677849 -0.9263780705876958
vn 0.6363776608928898 0.0012769993195242768 0.7713765889558951
vn -0.6363776608928898 -0.0012769993195242768 -0.7713765889558951
vn 0.031059012548138663 -0.99644040257147 0.0783700316622437
vn -0.031059012548138663 0.99644040257147 -0.0783700316622437
vn 0.2940549665938874 -0.9528158917553566 -0.07532299144293203
vn -0.2940549665938874 0.9528158917553566 0.07532299144293203
vn 0.9383918855190122 9.999998780030224e-7 -0.34557295784113845
vn -0.9383918855190122 -9.999998780030224e-7 0.34557295784113845
vn 0.9383918855194814 0 -0.34557295784131126
vn -0.9383918855194814 0 0.34557295784131126
vn 0.17156599371922643 -0.4143099848327332 0.893818967278629
vn -0.17156599371922643 0.4143099848327332 -0.893818967278629
vn 0.5704712148791476 -0.04513801700211749 0.8200763088977914
vn -0.5704712148791476 0.04513801700211749 -0.8200763088977914
vn 0.399584043535483 -0.022184002416991557 0.9164280998466796
vn -0.399584043535483 0.022184002416991557 -0.9164280998466796
vn 0.21085998848177342 0.9716889469214928 -0.10657699417823185
vn -0.21085998848177342 -0.9716889469214928 0.10657699417823185
vn 0.16910396440218187 0.97847579402255 -0.11827497510211504
vn -0.16910396440218187 -0.97847579402255 0.11827497510211504
vn 9.999998362745403e-7 -0.586864903915258 -0.8096848674339511
vn -9.999998362745403e-7 0.586864903915258 0.8096848674339511
vn -9.99999753774591e-7 -0.2610149357314749 -0.9653347623099949
vn 9.99999753774591e-7 0.2610149357314749 0.9653347623099949
vn -0.2697850850619018 -0.2462040776269269 -0.9309132935123531
vn 0.2697850850619018 0.2462040776269269 0.9309132935123531
vn -0.25801691941952254 -0.21490993288213409 -0.9419347058272438
vn 0.25801691941952254 0.21490993288213409 0.9419347058272438
vn -0.7085582749982512 -0.2877641116840072 -0.6443112500633655
vn 0.7085582749982512 0.2877641116840072 0.6443112500633655
vn -0.9366816854918482 -0.09278196884674271 -0.33766688662211497
vn 0.9366816854918482 0.09278196884674271 0.33766688662211497
vn -0.8883277939910342 0.3360149220759645 0.31299792741375454
vn 0.8883277939910342 -0.3360149220759645 -0.31299792741375454
vn -0.3715908332536675 0.0013759993825389917 0.9283955833951087
vn 0.3715908332536675 -0.0013759993825389917 -0.9283955833951087
vn -0.3708048757724151 0.06082697962165746 0.9267166895300366
vn 0.3708048757724151 -0.06082697962165746 -0.9267166895300366
vn -0.5561640103577206 0.22979600427960592 0.7986710148740498
vn 0.5561640103577206 -0.22979600427960592 -0.7986710148740498
vn 0.0000010000003989077389 -0.5593222231178743 0.82895033067457
vn -0.0000010000003989077389 0.5593222231178743 -0.82895033067457
vn 9.99999893367517e-7 -0.640799931669905 0.7677079181373898
vn -9.99999893367517e-7 0.640799931669905 -0.7677079181373898
vn -0.000003000000352012562 -0.6066800711863269 0.7949460932769927
vn 0.000003000000352012562 0.6066800711863269 -0.7949460932769927
vn 0.0000010000003112811452 -0.2671090831459954 0.9636662999710562
vn -0.0000010000003112811452 0.2671090831459954 -0.9636662999710562
vn 0.0000020000006953473627 0.13263204611265572 0.9911653446019844
vn -0.0000020000006953473627 -0.13263204611265572 -0.9911653446019844
vn -0.9007317094221958 -0.000001999999354796312 -0.4343758598695014
vn 0.9007317094221958 0.000001999999354796312 0.4343758598695014
vn -0.2530869723965647 -0.9628868949808207 -0.09378598977104399
vn 0.2530869723965647 0.9628868949808207 0.09378598977104399
vn -0.08322302800863159 -0.993062334214192 -0.0830730279581492
vn 0.08322302800863159 0.993062334214192 0.0830730279581492
vn -0.002403001104912177 -0.9999414597781886 -0.010550004850946097
vn 0.002403001104912177 0.9999414597781886 0.010550004850946097
vn -0.04776699113908065 -0.9922058159428615 0.11509097865028015
vn 0.04776699113908065 0.9922058159428615 -0.11509097865028015
vn 0.13359803132440007 0.982094230269206 -0.13282503114315664
vn -0.13359803132440007 -0.982094230269206 0.13282503114315664
vn 0.04585898599884098 0.9882086982910366 -0.14608395539926045
vn -0.04585898599884098 -0.9882086982910366 0.14608395539926045
vn -0.046319988943512594 0.9877797642189738 -0.14881396447840853
vn 0.046319988943512594 -0.9877797642189738 0.14881396447840853
vn -0.08816303017948876 0.9865813377211551 -0.13742104704122504
vn 0.08816303017948876 -0.9865813377211551 0.13742104704122504
vn -0.13359803132440007 0.982094230269206 -0.13282503114315664
vn 0.13359803132440007 -0.982094230269206 0.13282503114315664
vn 0.8754937960270414 0.10216997619639062 -0.47230488996218334
vn -0.8754937960270414 -0.10216997619639062 0.47230488996218334
vn 0.8635342304233461 -0.044340011831579484 -0.502337134042403
vn -0.8635342304233461 0.044340011831579484 0.502337134042403
vn 0.8593674119146646 0.3770641807355776 -0.34541316556451446
vn -0.8593674119146646 -0.3770641807355776 0.34541316556451446
vn 0.5072501244614421 0.7578871859590123 -0.41024910066078296
vn -0.5072501244614421 -0.7578871859590123 0.41024910066078296
vn 0.44523697110990956 0.7751459497031064 -0.4482329709155081
vn -0.44523697110990956 -0.7751459497031064 0.4482329709155081
vn -0.17549392818316092 0.9537326097069451 0.24412290009833837
vn 0.17549392818316092 -0.9537326097069451 -0.24412290009833837
vn 0.8624571582134679 0.5018940920699702 0.06534501198721683
vn -0.8624571582134679 -0.5018940920699702 -0.06534501198721683
vn 0.8673548258963171 0.4931049010193098 -0.0674029864702336
vn -0.8673548258963171 -0.4931049010193098 0.0674029864702336
vn -0.9744780183474722 0.15754600296627616 -0.1599120030108232
vn 0.9744780183474722 -0.15754600296627616 0.1599120030108232
vn -0.9349791511548192 0.3515550568346802 -0.04714900762241566
vn 0.9349791511548192 -0.3515550568346802 0.04714900762241566
vn -0.27509894007988106 0.5994648694287726 0.7516398362830901
vn 0.27509894007988106 -0.5994648694287726 -0.7516398362830901
vn -0.6638200602370264 0.5616670509673556 0.4938350448120756
vn 0.6638200602370264 -0.5616670509673556 -0.4938350448120756
vn 0.7110272740772476 0.2010370774930736 0.673813259732489
vn -0.7110272740772476 -0.2010370774930736 -0.673813259732489
vn 0.08792002119356326 0.9891672384437374 0.11755102833626656
vn -0.08792002119356326 -0.9891672384437374 -0.11755102833626656
vn 0.02806898961117766 0.9993446301251323 0.022856991540228997
vn -0.02806898961117766 -0.9993446301251323 -0.022856991540228997
vn -0.6094657727162379 0.7217267308515525 -0.3281188776369466
vn -0.6477437564739793 0.7081767337535712 -0.28091589438673975
vn 0.6477437564739793 -0.7081767337535712 0.28091589438673975
vn 0.6094657727162379 -0.7217267308515525 0.3281188776369466
vn -0.9590290045525108 0.04216900020017625 -0.2801520013298816
vn -0.9577984956733011 0.1290370667783768 -0.2568491329227997
vn 0.9577984956733011 -0.1290370667783768 0.2568491329227997
vn 0.9590290045525108 -0.04216900020017625 0.2801520013298816
vn 0.8883283296298337 0.33601612468468645 0.3129951161423368
vn -0.8883283296298337 -0.33601612468468645 -0.3129951161423368
vn 0.9366804401851403 -0.09278394454690345 -0.3376697981888352
vn -0.9366804401851403 0.09278394454690345 0.3376697981888352
vn 0.7085557543458882 -0.28776690023209633 -0.6443127766187321
vn -0.7085557543458882 0.28776690023209633 0.6443127766187321
vn 0.2580169748697929 -0.21490897906840373 -0.9419349082578993
vn -0.2580169748697929 0.21490897906840373 0.9419349082578993
vn 0.26978495221704246 -0.24620595639323595 -0.9309128351213879
vn -0.26978495221704246 0.24620595639323595 0.9309128351213879
vn 0.3708049208815479 0.06082498702180431 0.9267168022669204
vn -0.3708049208815479 -0.06082498702180431 -0.9267168022669204
vn 0.37158997337557936 0.0013719999016962108 0.9283959334804339
vn -0.37158997337557936 -0.0013719999016962108 -0.9283959334804339
vn 0.04823498144762382 -0.9919236184814515 0.11730695488082113
vn -0.04823498144762382 0.9919236184814515 -0.11730695488082113
vn 0.1326269820612735 -0.9888518662508721 -0.06769099084432027
vn -0.1326269820612735 0.9888518662508721 0.06769099084432027
vn 0.2530869961324511 -0.9628869852856428 -0.09378499856682455
vn -0.2530869961324511 0.9628869852856428 0.09378499856682455
vn 0.8913314512522598 0 -0.45335222951755794
vn -0.8913314512522598 0 0.45335222951755794
vn 0.5561629362606723 0.22979897366377525 0.7986709084679265
vn -0.5561629362606723 -0.22979897366377525 -0.7986709084679265
vn -0.22805903723896506 -0.3995610652429332 -0.8878851449796696
vn 0.22805903723896506 0.3995610652429332 0.8878851449796696
vn -0.9903158621633913 0.020551997139480752 -0.1373029808895546
vn 0.9903158621633913 -0.020551997139480752 0.1373029808895546
vn -0.8665482859605483 0.49212916240240434 0.08308402741769204
vn 0.8665482859605483 -0.49212916240240434 -0.08308402741769204
vn -0.30870114775953106 0.6584503151666603 0.6864013285453883
vn 0.30870114775953106 -0.6584503151666603 -0.6864013285453883
vn -0.0000010000000462545032 0.16310300754424825 0.9866090456351092
vn 0.0000010000000462545032 -0.16310300754424825 -0.9866090456351092
vn 0 0.06360002987214607 0.9979754687367132
vn 0 -0.06360002987214607 -0.9979754687367132
vn -0.1837549742323174 -0.017523997542636283 0.9828158621812155
vn 0.1837549742323174 0.017523997542636283 -0.9828158621812155
vn 0.0000010000005855275142 -0.39231122970888466 0.9198325385869445
vn -0.0000010000005855275142 0.39231122970888466 -0.9198325385869445
vn -0.8815300047214748 0.000002000000010712 -0.4721280025287176
vn 0.8815300047214748 -0.000002000000010712 0.4721280025287176
vn -0.2239550802406561 -0.968009346827163 -0.11314604053898898
vn 0.2239550802406561 0.968009346827163 0.11314604053898898
vn -0.1792379508202497 -0.975788732260685 -0.1253399656089116
vn 0.1792379508202497 0.975788732260685 0.1253399656089116
vn 0.012646996153359794 -0.999855695889437 -0.011341996550281236
vn -0.012646996153359794 0.999855695889437 0.011341996550281236
vn -0.0017439993230519701 -0.9935336143515574 0.11352495593433194
vn 0.0017439993230519701 0.9935336143515574 -0.11352495593433194
vn 0.7050633360653464 -0.0000020000009532916816 -0.7091443380105381
vn 0.533859947165752 -0.000001999999802067029 -0.845572916316612
vn 0.5338599471644174 -0.0000029999997030930436 -0.845572916314498
vn -0.5338599471644174 0.0000029999997030930436 0.845572916314498
vn -0.533859947165752 0.000001999999802067029 0.845572916316612
vn -0.7050633360653464 0.0000020000009532916816 0.7091443380105381
vn 0.3388980386796215 0 -0.9408231073794402
vn -0.3388980386796215 0 0.9408231073794402
vn 0.24717190924232274 9.999996328157021e-7 -0.9689716442086966
vn 0 0 -1
vn 0 0 1
vn -0.24717190924232274 -9.999996328157021e-7 0.9689716442086966
vn -0.2471709703362721 9.999998799870215e-7 -0.9689718837107844
vn -0.338895949539583 9.999998511035332e-7 -0.9408238599146306
vn 0.338895949539583 -9.999998511035332e-7 0.9408238599146306
vn 0.2471709703362721 -9.999998799870215e-7 0.9689718837107844
vn -0.6816931672554841 0.0000010000002453530902 -0.7316381795096443
vn -0.7276939595223885 0.0000029999998331265143 -0.6859019618470474
vn -0.8181499294177996 0.0000039999996549180444 -0.5750049503940375
vn 0.8181499294177996 -0.0000039999996549180444 0.5750049503940375
vn 0.7276939595223885 -0.0000029999998331265143 0.6859019618470474
vn 0.6816931672554841 -0.0000010000002453530902 0.7316381795096443
vn 0.7910496501880339 0.4167138157239825 -0.4478728019450923
vn -0.7910496501880339 -0.4167138157239825 0.4478728019450923
vn 0.751345082127657 0.09047400988948838 -0.6536780714519197
vn -0.751345082127657 -0.09047400988948838 0.6536780714519197
vn 0.7031030392929144 -0.11703900654072506 -0.7013900391971833
vn -0.7031030392929144 0.11703900654072506 0.7013900391971833
vn 0.2987180267410896 0.8036910719460262 -0.5146340460697846
vn -0.2987180267410896 -0.8036910719460262 0.5146340460697846
vn -0.01596600156149898 0.9993000977330534 0.03382900330852743
vn 0.01596600156149898 -0.9993000977330534 -0.03382900330852743
vn -0.09587598172810095 0.9714148148692393 0.2171659586128413
vn 0.09587598172810095 -0.9714148148692393 -0.2171659586128413
vn 0.7913408305320053 0.5180748890527201 -0.32461993048167553
vn -0.7913408305320053 -0.5180748890527201 0.32461993048167553
vn 0.8402599492058676 0.492773970211568 -0.22613498633002743
vn -0.8402599492058676 -0.492773970211568 0.22613498633002743
vn 0.858999160369145 0.4907830916257762 -0.14578202721648653
vn -0.858999160369145 -0.4907830916257762 0.14578202721648653
vn 0.06419096853921163 0.9975115111072592 0.02915998570833
vn -0.0016009998617240492 0.9922559143003487 0.12419998927303368
vn 0.1159340135285727 0.9918121157365463 0.053554006249324465
vn -0.1159340135285727 -0.9918121157365463 -0.053554006249324465
vn 0.0016009998617240492 -0.9922559143003487 -0.12419998927303368
vn -0.06419096853921163 -0.9975115111072592 -0.02915998570833
vn -0.02309998838380416 0.9853635044943205 0.16889391506901386
vn -0.07283403693513275 0.984056499028462 0.162259082283792
vn 0.07283403693513275 -0.984056499028462 -0.162259082283792
vn 0.02309998838380416 -0.9853635044943205 -0.16889391506901386
vn 0.0000019999993164913502 0.593486797173251 0.8048437249410821
vn -0.0000019999993164913502 -0.593486797173251 -0.8048437249410821
vn 0.18145398097582127 0.983316896906112 -0.012740998664195547
vn -0.18145398097582127 -0.983316896906112 0.012740998664195547
vn -0.8167518927923368 0.5169729321416204 0.2562329663666068
vn 0.8167518927923368 -0.5169729321416204 -0.2562329663666068
vn -0.8624572145703258 0.5018941248660038 0.06534401625690714
vn 0.8624572145703258 -0.5018941248660038 -0.06534401625690714
vn 0.1755189589634089 0.9537187770191454 0.24415894291527956
vn -0.1755189589634089 -0.9537187770191454 -0.24415894291527956
vn -0.5073698525854865 0.7578677798042011 -0.41013688083618205
vn -0.5871813523362209 0.730461438310961 -0.3487752092814064
vn 0.5871813523362209 -0.730461438310961 0.3487752092814064
vn 0.5073698525854865 -0.7578677798042011 0.41013688083618205
vn -0.9205092218883145 0.0014640003528965956 -0.3907180941824126
vn -0.925638347158413 0.11665004374931548 -0.35998113501005
vn 0.925638347158413 -0.11665004374931548 0.35998113501005
vn 0.9205092218883145 -0.0014640003528965956 0.3907180941824126
vn 0.3086998278991222 0.6584506329122285 0.686401617329489
vn -0.3086998278991222 -0.6584506329122285 -0.686401617329489
vn 0.8665493159634355 0.49212717944067513 0.08308503029467698
vn -0.8665493159634355 -0.49212717944067513 -0.08308503029467698
vn 0.9903160388401958 0.020550000805971046 -0.13730200538498477
vn -0.9903160388401958 -0.020550000805971046 0.13730200538498477
vn 0.22805998522787102 -0.3995609741192378 -0.8878849424890304
vn -0.22805998522787102 0.3995609741192378 0.8878849424890304
vn 0.8913310471643381 0.0000010000000529145043 -0.4533530239889493
vn -0.8913310471643381 -0.0000010000000529145043 0.4533530239889493
vn 0.18375492268687824 -0.01753999262021629 0.9828155864897657
vn -0.18375492268687824 0.01753999262021629 -0.9828155864897657
vn 0.8181503998641514 -0.0000010000004887418582 -0.5750042810285234
vn 0.818150730492603 -0.0000019999993411793253 -0.5750038105877383
vn -0.818150730492603 0.0000019999993411793253 0.5750038105877383
vn -0.8181503998641514 0.0000010000004887418582 0.5750042810285234
vn -0.000001000000180654549 -0.28087905074206904 -0.9597431733819387
vn 0.000001000000180654549 0.28087905074206904 0.9597431733819387
vn -0.3616249488203095 -0.46588993406400003 -0.8075728857066403
vn 0.3616249488203095 0.46588993406400003 0.8075728857066403
vn -0.9605722214364172 0.2775460639814526 0.016407003782233188
vn 0.9605722214364172 -0.2775460639814526 -0.016407003782233188
vn -0.6131239830038968 0.785363978229318 0.08533699763441578
vn 0.6131239830038968 -0.785363978229318 -0.08533699763441578
vn -0.2525149248518221 0.9585217147449386 0.13218296066248894
vn 0.2525149248518221 -0.9585217147449386 -0.13218296066248894
vn -0.0000020000007082233757 -0.008677003072627117 0.9999623540982318
vn 0.0000020000007082233757 0.008677003072627117 -0.9999623540982318
vn -0.17751094695680805 0.2660159205100655 0.9474837168762742
vn 0.17751094695680805 -0.2660159205100655 -0.9474837168762742
vn -0.3866349143458772 0.2517489442281745 0.8872068034504447
vn 0.3866349143458772 -0.2517489442281745 -0.8872068034504447
vn -0.14070401250324052 -0.9801280870961461 -0.1398260124252197
vn 0.14070401250324052 0.9801280870961461 0.1398260124252197
vn -0.03376201390468572 -0.9941084094176681 -0.10299804241913453
vn 0.03376201390468572 0.9941084094176681 0.10299804241913453
vn 0.028136013824802603 -0.995434489112829 -0.09120604481464835
vn -0.028136013824802603 0.995434489112829 0.09120604481464835
vn 0.0000010000002990711341 0.0011840003541002226 0.999999299070835
vn -0.0000010000002990711341 -0.0011840003541002226 -0.999999299070835
vn 0.7050628360746722 -9.99999767502581e-7 -0.7091448351256179
vn -0.7050628360746722 9.99999767502581e-7 0.7091448351256179
vn -0.53385994716682 0 -0.8455729163183033
vn 0.53385994716682 0 0.8455729163183033
vn -0.5338592321727613 0 -0.8455733677357098
vn 0.5338592321727613 0 0.8455733677357098
vn -0.8181503998498338 0.00000600000293234615 -0.5750042810184609
vn 0.8181503998498338 -0.00000600000293234615 0.5750042810184609
vn 0.6478890075861324 0.4871100057035711 -0.5856310068571535
vn -0.6478890075861324 -0.4871100057035711 0.5856310068571535
vn 0.40178911860555366 0.8383042474620014 -0.368526108786528
vn -0.40178911860555366 -0.8383042474620014 0.368526108786528
vn 0.4421558120225812 -0.022153990581487672 -0.8966646187934298
vn -0.4421558120225812 0.022153990581487672 0.8966646187934298
vn 0.42308486658338146 -0.18325194221288352 -0.8873657201759194
vn -0.42308486658338146 0.18325194221288352 0.8873657201759194
vn 0.21238704919415596 0.8112341879021405 -0.5447851261858694
vn -0.21238704919415596 -0.8112341879021405 0.5447851261858694
vn -0.02637699288408176 0.9894647330647139 0.14235096159691862
vn 0.02637699288408176 -0.9894647330647139 -0.14235096159691862
vn 0.1292260616230129 0.9908764725114492 -0.03826801824856808
vn 0.19936991019613692 0.9791355589597469 -0.03930898229372497
vn -0.19936991019613692 -0.9791355589597469 0.03930898229372497
vn -0.1292260616230129 -0.9908764725114492 0.03826801824856808
vn 0.20103895926488707 0.9775458019267571 -0.06314698720496931
vn -0.20103895926488707 -0.9775458019267571 0.06314698720496931
vn -0.034036996693612265 0.9818629046208603 0.18651198188204046
vn 0.034036996693612265 -0.9818629046208603 -0.18651198188204046
vn -0.005863002775343897 0.9897064684930081 0.14299206768752765
vn 0.005863002775343897 -0.9897064684930081 -0.14299206768752765
vn -0.905133029437642 0.3964720128944595 -0.1534410049903619
vn 0.905133029437642 -0.3964720128944595 0.1534410049903619
vn -0.9018753537602259 0.3528741384147315 -0.2492000977486329
vn 0.9018753537602259 -0.3528741384147315 0.2492000977486329
vn -0.8673542089647359 0.4931061188001267 -0.06740201623863053
vn 0.8673542089647359 -0.4931061188001267 0.06740201623863053
vn 0.0029090001863927377 0.9766310625771488 0.21490301376980356
vn 0.04489900052017738 0.9872920114382717 0.15244200176611683
vn -0.04489900052017738 -0.9872920114382717 -0.15244200176611683
vn -0.0029090001863927377 -0.9766310625771488 -0.21490301376980356
vn 0.05437800447966021 0.9794900806903963 0.19401601598304008
vn 0.050312989640003046 0.9878817965842922 0.14682696976671494
vn -0.050312989640003046 -0.9878817965842922 -0.14682696976671494
vn -0.05437800447966021 -0.9794900806903963 -0.19401601598304008
vn 0.0010399998254792039 0.984915834722765 0.17303097096393472
vn -0.0915700319858756 0.9931593469155863 0.07245302530820842
vn 0.0915700319858756 -0.9931593469155863 -0.07245302530820842
vn -0.0010399998254792039 -0.984915834722765 -0.17303097096393472
vn 0.10043903868741767 0.969188373314957 0.22491308663271412
vn -0.10043903868741767 -0.969188373314957 -0.22491308663271412
vn 0.015954993752679825 0.9993176087082731 0.033312986956002696
vn -0.015954993752679825 -0.9993176087082731 -0.033312986956002696
vn -0.4450140683314704 0.7752091190325942 -0.44834506884294223
vn 0.4450140683314704 -0.7752091190325942 0.44834506884294223
vn -0.8635367284790528 -0.04433998605822472 -0.5023328420520118
vn -0.8754951805840322 0.10217102107430784 -0.4723020974194022
vn 0.8754951805840322 -0.10217102107430784 0.4723020974194022
vn 0.8635367284790528 0.04433998605822472 0.5023328420520118
vn -0.8593662327138293 0.3770651021081123 -0.3454150935373838
vn 0.8593662327138293 -0.3770651021081123 0.3454150935373838
vn 0.2525130523785354 0.9585221988253219 0.13218302741859603
vn -0.2525130523785354 -0.9585221988253219 -0.13218302741859603
vn 0.6131229297207881 0.7853649099775523 0.08533599021836266
vn -0.6131229297207881 -0.7853649099775523 -0.08533599021836266
vn 0.9605728319410738 0.27754395144174715 0.016406997129481255
vn -0.9605728319410738 -0.27754395144174715 -0.016406997129481255
vn 0.36162694557894587 -0.46588492988921515 -0.8075748784684695
vn -0.36162694557894587 0.46588492988921515 0.8075748784684695
vn 0.09488302886631571 -0.9910073014946927 -0.09434902870385656
vn -0.09488302886631571 0.9910073014946927 0.09434902870385656
vn 0.22395203925554863 -0.9680101696781614 -0.1131450198326831
vn -0.22395203925554863 0.9680101696781614 0.1131450198326831
vn 0.38663900244607163 0.25174900159269004 0.8872050056129025
vn -0.38663900244607163 -0.25174900159269004 -0.8872050056129025
vn 0.17751007290766216 0.2660141092584014 0.9474843891546582
vn -0.17751007290766216 -0.2660141092584014 -0.9474843891546582
vn -0.000001999998869599958 -0.43438875448332814 -0.900725490909646
vn 0.000001999998869599958 0.43438875448332814 0.900725490909646
vn -0.0000010000003949992339 -0.4931851948076972 -0.8699243436193137
vn 0.0000010000003949992339 0.4931851948076972 0.8699243436193137
vn -0.8749233202123696 -0.2809071028089285 -0.39446214436883215
vn 0.8749233202123696 0.2809071028089285 0.39446214436883215
vn -0.9877108132095811 0.15627797044557257 0.0021319995968080005
vn 0.9877108132095811 -0.15627797044557257 -0.0021319995968080005
vn -0.8454127551427165 0.5227258486026731 0.10970396822638943
vn 0.8454127551427165 -0.5227258486026731 -0.10970396822638943
vn 0 0.9796572462207153 0.20067805043712308
vn 0 -0.9796572462207153 -0.20067805043712308
vn -0.09348301339807992 -0.9850621411801013 -0.14461502072637086
vn 0.09348301339807992 0.9850621411801013 0.14461502072637086
vn 0.092741028709381 -0.9851553049696492 -0.14445804471916154
vn 0.14070399282909152 -0.9801279500482701 -0.1398269928737874
vn -0.14070399282909152 0.9801279500482701 0.1398269928737874
vn -0.092741028709381 0.9851553049696492 0.14445804471916154
vn 0.04844701120712727 -0.9866402282370437 -0.15554403598161712
vn -0.04844701120712727 0.9866402282370437 0.15554403598161712
vn -0.001483000735768011 -0.9885614904595824 -0.15081107482259576
vn 0.001483000735768011 0.9885614904595824 0.15081107482259576
vn -0.04800599633164593 -0.9870669245737773 -0.15295198831225074
vn 0.04800599633164593 0.9870669245737773 0.15295198831225074
vn 0.26925286261255027 0.861431560450782 -0.4306257802713138
vn -0.26925286261255027 -0.861431560450782 0.4306257802713138
vn 0.39874004007796154 0.4632960465665829 -0.7914310795479289
vn -0.39874004007796154 -0.4632960465665829 0.7914310795479289
vn -9.999998613290287e-7 -0.2142499702897444 -0.9767788645491073
vn 9.999998613290287e-7 0.2142499702897444 0.9767788645491073
vn 0.0410720188382197 0.8173333748806637 -0.5746992635933488
vn -0.0410720188382197 -0.8173333748806637 0.5746992635933488
vn 0.0005679997675038267 0.9993865909266669 0.0350159856671021
vn -0.0005679997675038267 -0.9993865909266669 -0.0350159856671021
vn -0.04615898219108341 0.9641826280020228 0.26119189922774444
vn 0.04615898219108341 -0.9641826280020228 -0.26119189922774444
vn 0.028121003188218915 0.9742401104544787 -0.22375302536800068
vn 0.11900801151021742 0.9739520941987032 -0.19301401866793075
vn -0.11900801151021742 -0.9739520941987032 0.19301401866793075
vn -0.028121003188218915 -0.9742401104544787 0.22375302536800068
vn 0.08346096308877127 0.9832445651528129 -0.16206292832647035
vn 0.17271205074539867 0.9764752869031286 -0.1290990379312394
vn -0.17271205074539867 -0.9764752869031286 0.1290990379312394
vn -0.08346096308877127 -0.9832445651528129 0.16206292832647035
vn 0.07965299139743758 0.9932538927280887 -0.08427399089836735
vn -0.07965299139743758 -0.9932538927280887 0.08427399089836735
vn -0.08494497118743517 0.9959706621757725 0.028753990246906946
vn 0.08494497118743517 -0.9959706621757725 -0.028753990246906946
vn -0.09957302940297398 0.994089293545168 -0.043263012775158566
vn 0.09957302940297398 -0.994089293545168 0.043263012775158566
vn -0.18133991580525669 0.9833835434225021 -0.008522996042837776
vn 0.18133991580525669 -0.9833835434225021 0.008522996042837776
vn -0.19205291934336036 0.9807815881002623 -0.03439698555426661
vn 0.19205291934336036 -0.9807815881002623 0.03439698555426661
vn 0.030153997277802783 0.989648910657964 0.14030598733366706
vn -0.030153997277802783 -0.989648910657964 -0.14030598733366706
vn -0.2977300532701636 0.803857143826937 -0.5149470921348569
vn 0.2977300532701636 -0.803857143826937 0.5149470921348569
vn -0.7031006308392199 -0.11703793854959761 -0.7013926317359995
vn -0.75134408753084 0.09047501054024887 -0.6536790761529632
vn 0.75134408753084 -0.09047501054024887 0.6536790761529632
vn 0.7031006308392199 0.11703793854959761 0.7013926317359995
vn -0.791051111938882 0.4167150589678937 -0.4478690633763881
vn 0.791051111938882 -0.4167150589678937 0.4478690633763881
vn 0.8454132898064574 0.5227251791894381 0.10970303760604319
vn -0.8454132898064574 -0.5227251791894381 -0.10970303760604319
vn 0.9877097061494922 0.15628495350413926 0.0021329993654178522
vn -0.9877097061494922 -0.15628495350413926 -0.0021329993654178522
vn 0.8749241403671533 -0.2808990450656205 -0.39446606328557615
vn -0.8749241403671533 0.2808990450656205 0.39446606328557615
vn 0.1792379508202497 -0.975788732260685 -0.1253399656089116
vn -0.1792379508202497 0.975788732260685 0.1253399656089116
vn 0 -0.4131858700107127 -0.9106467135083123
vn 0 0.4131858700107127 0.9106467135083123
vn -0.6295546857109552 -0.39948180056894766 -0.6663896673220346
vn 0.6295546857109552 0.39948180056894766 0.6663896673220346
vn -0.9986422856446898 0.03413100976259651 -0.03935301125626148
vn 0.9986422856446898 -0.03413100976259651 0.03935301125626148
vn -0.9852801553151422 0.15172302391693662 0.07876001241537492
vn 0.9852801553151422 -0.15172302391693662 -0.07876001241537492
vn -0.9505811386779159 0.29574204314507047 0.09451001378783062
vn 0.9505811386779159 -0.29574204314507047 -0.09451001378783062
vn -0.6012560780015572 0.7885991023057567 0.1288510167159723
vn 0.6012560780015572 -0.7885991023057567 -0.1288510167159723
vn -0.297266005497043 0.9434640174465369 0.14665800271199983
vn 0.297266005497043 -0.9434640174465369 -0.14665800271199983
vn -9.999999380665058e-7 0.9937049384563771 0.11202899306165258
vn 9.999999380665058e-7 -0.9937049384563771 -0.11202899306165258
vn -0.0000020000004055991233 0.2699790547516229 0.9628661952688029
vn 0.0000020000004055991233 -0.2699790547516229 -0.9628661952688029
vn 0.16069907353639498 0.8475433878384857 -0.5058122314612475
vn -0.16069907353639498 -0.8475433878384857 0.5058122314612475
vn -0.009299994991168197 0.9588644835705907 -0.28371184719723785
vn 0.009299994991168197 -0.9588644835705907 0.28371184719723785
vn -0.0000019999995925311245 0.13389297272138492 -0.9909957980999871
vn 0.0000019999995925311245 -0.13389297272138492 0.9909957980999871
vn -0.04220499365764505 0.8171858771974015 -0.5748269136178921
vn 0.04220499365764505 -0.8171858771974015 0.5748269136178921
vn 0.0012239996999603784 0.9736657613248544 0.22797694411590455
vn -0.0012239996999603784 -0.9736657613248544 -0.22797694411590455
vn -0.8589989892380311 0.4907839938512127 -0.14577999817359527
vn 0.8589989892380311 -0.4907839938512127 0.14577999817359527
vn -0.8402594652295278 0.49277427283613184 -0.22613612520561457
vn 0.8402594652295278 -0.49277427283613184 0.22613612520561457
vn -0.7913389023384981 0.5180759360626985 -0.32462295993730916
vn 0.7913389023384981 -0.5180759360626985 0.32462295993730916
vn 0.046621002367274705 0.9675190491277161 0.24846201261615594
vn -0.046621002367274705 -0.9675190491277161 -0.24846201261615594
vn -0.21226295300615486 0.8111318204198961 -0.544985879343137
vn 0.21226295300615486 -0.8111318204198961 0.544985879343137
vn -0.44215220735417954 -0.022153010389000024 -0.8966664205057147
vn 0.44215220735417954 0.022153010389000024 0.8966664205057147
vn -0.6478868364937914 0.48711187706832165 -0.5856318522049865
vn 0.6478868364937914 -0.48711187706832165 0.5856318522049865
vn -0.41778509277295023 0.835916185622733 -0.35594907904170536
vn 0.41778509277295023 -0.835916185622733 0.35594907904170536
vn 0.297266005497043 0.9434640174465369 0.14665800271199983
vn -0.297266005497043 -0.9434640174465369 -0.14665800271199983
vn 0.6012600544089267 0.7885960713612445 0.12885101165992185
vn -0.6012600544089267 -0.7885960713612445 -0.12885101165992185
vn 0.9505812285169031 0.2957420710955152 0.09450902271968827
vn -0.9505812285169031 -0.2957420710955152 -0.09450902271968827
vn 0.9852801553151422 0.15172302391693662 0.07876001241537492
vn -0.9852801553151422 -0.15172302391693662 -0.07876001241537492
vn 0.9986421152088535 0.03413600393811738 -0.0393530045399793
vn -0.9986421152088535 -0.03413600393811738 0.0393530045399793
vn 0.6295571482122501 -0.3994670940437528 -0.666396156885001
vn -0.6295571482122501 0.3994670940437528 0.666396156885001
vn -0.4229559885165336 -0.33617899087257247 -0.8414819771533438
vn 0.4229559885165336 0.33617899087257247 0.8414819771533438
vn -0.9921236436967156 -0.04752198293333829 -0.11589795837734189
vn 0.9921236436967156 0.04752198293333829 0.11589795837734189
vn -0.9191946081207655 0.2777878815709955 0.2791328809975834
vn 0.9191946081207655 -0.2777878815709955 -0.2791328809975834
vn -0.5589719801986974 0.7372639738827929 0.37946298655771366
vn 0.5589719801986974 -0.7372639738827929 -0.37946298655771366
vn -9.999996704146629e-7 0.9952606719765679 0.09724296795013307
vn 9.999996704146629e-7 -0.9952606719765679 -0.09724296795013307
vn -0.016955007803671304 0.9538664390242837 -0.29975213796320144
vn 0.016955007803671304 -0.9538664390242837 0.29975213796320144
vn -0.0000030000015629127212 0.6563053419158112 -0.7544953930699446
vn 0.0000030000015629127212 -0.6563053419158112 0.7544953930699446
vn 0.016030996593004797 0.9555727969164352 -0.2943189374497273
vn -0.016030996593004797 -0.9555727969164352 0.2943189374497273
vn -0.05171802257574928 0.9851884300506067 -0.1634900713660476
vn 0.05171802257574928 -0.9851884300506067 0.1634900713660476
vn -0.10438104405491619 0.9888714173616753 -0.10600904474202787
vn 0.10438104405491619 -0.9888714173616753 0.10600904474202787
vn -0.20222394652420997 0.9774047415365903 -0.0615259837301633
vn 0.20222394652420997 -0.9774047415365903 0.0615259837301633
vn -0.42308188531330504 -0.18324895032588914 -0.8873677594572609
vn 0.42308188531330504 0.18324895032588914 0.8873677594572609
vn -0.3987378577548801 0.4632968347242116 -0.7914317176658866
vn 0.3987378577548801 -0.4632968347242116 0.7914317176658866
vn -0.2773550293318214 0.8614080910986481 -0.42550004499897237
vn 0.2773550293318214 -0.8614080910986481 0.42550004499897237
vn 0.561858127230259 0.7363161667355014 0.3770330853774552
vn -0.561858127230259 -0.7363161667355014 -0.3770330853774552
vn 0.9191951188013808 0.27778603590245854 0.2791330360765516
vn -0.9191951188013808 -0.27778603590245854 -0.2791330360765516
vn 0.992124047275704 -0.04751100226394682 -0.11589900552270364
vn -0.992124047275704 0.04751100226394682 0.11589900552270364
vn 0.4229570922186138 -0.3361670732955235 -0.8414861834717771
vn -0.4229570922186138 0.3361670732955235 0.8414861834717771
vn -0.04640801152271622 -0.9960282473053782 -0.07598701886693324
vn -0.07810297891696283 -0.9855447339630761 -0.15033795941792708
vn -0.0008100000384596126 -0.9887170469452752 -0.14979300711232194
vn 0.0008100000384596126 0.9887170469452752 0.14979300711232194
vn 0.07810297891696283 0.9855447339630761 0.15033795941792708
vn 0.04640801152271622 0.9960282473053782 0.07598701886693324
vn -0.20481593826746142 -0.9755727059575529 -0.0794249760609187
vn 0.20481593826746142 0.9755727059575529 0.0794249760609187
vn -0.9951455065413006 0.08049596008480016 -0.056619971924087964
vn 0.9951455065413006 -0.08049596008480016 0.056619971924087964
vn -0.993690995546774 0.09345099958119936 0.062008999722106675
vn 0.993690995546774 -0.09345099958119936 -0.062008999722106675
vn -0.8020750539435595 0.49621203337274133 0.3323390223514617
vn 0.8020750539435595 -0.49621203337274133 -0.3323390223514617
vn -0.0033020002409981466 0.9196350671200275 0.3927600286657881
vn 0.0033020002409981466 -0.9196350671200275 -0.3927600286657881
vn -0.0005970002570346355 0.9150983939897503 -0.40323017360816765
vn 0.0005970002570346355 -0.9150983939897503 0.40323017360816765
vn -0.021840992353185984 0.9716916597981775 -0.23524091763911104
vn 0.021840992353185984 -0.9716916597981775 0.23524091763911104
vn -0.1859989365168998 0.9775556663515099 -0.09894096623056352
vn 0.1859989365168998 -0.9775556663515099 0.09894096623056352
vn -0.13929695575462744 0.9747226903954695 -0.17467694451675955
vn 0.13929695575462744 -0.9747226903954695 0.17467694451675955
vn -0.12745696245666502 0.8702827436521636 -0.4757758598569106
vn 0.12745696245666502 -0.8702827436521636 0.4757758598569106
vn 0.8020760751781931 0.4962110465096155 0.332338031149879
vn -0.8020760751781931 -0.4962110465096155 -0.332338031149879
vn 0.9936910892687398 0.09344800839494895 0.062012005570879776
vn -0.9936910892687398 -0.09344800839494895 -0.062012005570879776
vn 0.9951465100108772 0.08048496037090545 -0.05661797212250637
vn -0.9951465100108772 -0.08048496037090545 0.05661797212250637
vn 0.2030800612159552 -0.975938294184444 -0.07939102393143539
vn 0.05200600367627853 -0.9947680703196601 -0.08793100621579909
vn 0.07867797038164429 -0.9845756293560819 -0.15627094117173712
vn -0.07867797038164429 0.9845756293560819 0.15627094117173712
vn -0.05200600367627853 0.9947680703196601 0.08793100621579909
vn -0.2030800612159552 0.975938294184444 0.07939102393143539
vn -0.18361007388691192 -0.9829263955414562 -0.011960004812850426
vn 0.18361007388691192 0.9829263955414562 0.011960004812850426
vn -0.34874107003819926 -0.937066188192427 -0.01693000340007832
vn 0.34874107003819926 0.937066188192427 0.01693000340007832
vn -0.953241986566914 0.12506799823754178 0.2751139961230936
vn 0.953241986566914 -0.12506799823754178 -0.2751139961230936
vn -0.710160860353627 0.43685191409722957 0.5521158914316657
vn 0.710160860353627 -0.43685191409722957 -0.5521158914316657
vn -0.259679011441847 0.8793940387474213 0.3990400175823021
vn 0.259679011441847 -0.8793940387474213 -0.3990400175823021
vn 0.007947996423811736 0.9557625699561622 -0.29403186770083195
vn -0.007947996423811736 -0.9557625699561622 0.29403186770083195
vn 0.2606919014239382 0.8827546662018343 0.3908758521971648
vn -0.2606919014239382 -0.8827546662018343 -0.3908758521971648
vn 0.710161006872228 0.4368490042273878 0.5521180053428459
vn -0.710161006872228 -0.4368490042273878 -0.5521180053428459
vn 0.9532428408327666 0.12506597911717243 0.2751119540633229
vn -0.9532428408327666 -0.12506597911717243 -0.2751119540633229
vn 0.3487330744137176 -0.9370691999546585 -0.01692800361214858
vn 0.18321109962756651 -0.982998534540495 -0.012148006605911643
vn -0.18321109962756651 0.982998534540495 0.012148006605911643
vn -0.3487330744137176 0.9370691999546585 0.01692800361214858
vn 0.013696995048030397 -0.9998706385098343 -0.00843199695152167
vn -0.013696995048030397 0.9998706385098343 0.00843199695152167
vn -0.0211340097214248 -0.99974445987206 -0.008023003690498305
vn 0.0211340097214248 0.99974445987206 0.008023003690498305
vn -0.3748610972282977 -0.926680240354475 0.02725600706943235
vn 0.3748610972282977 0.926680240354475 -0.02725600706943235
vn -0.3910572161274111 -0.9146015054770695 0.10285105684317213
vn -0.2810101079764687 -0.9573163678431411 0.0676660260002695
vn 0.2810101079764687 0.9573163678431411 -0.0676660260002695
vn 0.3910572161274111 0.9146015054770695 -0.10285105684317213
vn -0.8509781284428191 0.219326033104087 0.47721307202839913
vn 0.8509781284428191 -0.219326033104087 -0.47721307202839913
vn -0.4828597504463154 0.613231683066924 0.6251346769151667
vn 0.4828597504463154 -0.613231683066924 -0.6251346769151667
vn -0.21357792179226448 0.6914067468214152 0.6901747472725475
vn 0.21357792179226448 -0.6914067468214152 -0.6901747472725475
vn 0.2342129437572815 0.7337698237962045 0.6377508468537186
vn -0.2342129437572815 -0.7337698237962045 -0.6377508468537186
vn 0.47402904833911463 0.6154750627630727 0.629672064210812
vn -0.47402904833911463 -0.6154750627630727 -0.629672064210812
vn 0.8509798327705655 0.2193219569001692 0.47721190622118875
vn -0.8509798327705655 -0.2193219569001692 -0.47721190622118875
vn 0.39106104252358903 -0.9146000994527056 0.10284901118369924
vn 0.28062394439773836 -0.9574498102928283 0.06737998664946553
vn 0.3748628059676881 -0.9266795203424643 0.02725698589154244
vn -0.3748628059676881 0.9266795203424643 -0.02725698589154244
vn -0.28062394439773836 0.9574498102928283 -0.06737998664946553
vn -0.39106104252358903 0.9146000994527056 -0.10284901118369924
vn -0.07559501729444104 -0.9710022221434863 0.22680405188766992
vn 0.07559501729444104 0.9710022221434863 -0.22680405188766992
vn -0.40360295366254934 -0.8717288999172466 0.27783696810167846
vn 0.40360295366254934 0.8717288999172466 -0.27783696810167846
vn -0.7461394611076141 0.14709909090594236 0.6493364012841759
vn 0.7461394611076141 -0.14709909090594236 -0.6493364012841759
vn -0.6729948847920344 0.26644295438843385 0.6899898818827122
vn 0.6729948847920344 -0.26644295438843385 -0.6899898818827122
vn -0.4356938912686817 0.4498988877236974 0.7795908054461224
vn 0.4356938912686817 -0.4498988877236974 -0.7795908054461224
vn 0.0088450001769575 0.7665690153363631 0.6421010128461941
vn -0.0088450001769575 -0.7665690153363631 -0.6421010128461941
vn 0.4009170053021274 0.46955000620979886 0.786631010403195
vn -0.4009170053021274 -0.46955000620979886 -0.786631010403195
vn 0.6729969812469393 0.2664399925756497 0.6899889807734573
vn -0.6729969812469393 -0.2664399925756497 -0.6899889807734573
vn 0.7461429071996007 0.14709698170503466 0.6493329192401971
vn -0.7461429071996007 -0.14709698170503466 -0.6493329192401971
vn 0.4035938693798922 -0.8717347178696422 0.2778319100818006
vn -0.4035938693798922 0.8717347178696422 -0.2778319100818006
vn 0.04314999358842924 -0.9970758518465045 0.06306999062855694
vn -0.04314999358842924 0.9970758518465045 -0.06306999062855694
vn -0.3173701468195897 -0.8981574154993925 0.3042851407662944
vn 0.3173701468195897 0.8981574154993925 -0.3042851407662944
vn 0.05215400866575434 0.5700670947206461 0.8199411362389708
vn -0.05215400866575434 -0.5700670947206461 -0.8199411362389708
vn 0.26372091840766143 -0.9231887143756111 0.27959591349611335
vn -0.26372091840766143 0.9231887143756111 -0.27959591349611335
vn -0.30282892101601977 -0.7568318026027766 0.5792238489265659
vn 0.30282892101601977 0.7568318026027766 -0.5792238489265659
vn -0.4349469367071788 0.203377970404745 0.877187872352946
vn 0.4349469367071788 -0.203377970404745 -0.877187872352946
vn -0.14907893422594148 0.32642285598128845 0.9333935881840395
vn 0.14907893422594148 -0.32642285598128845 -0.9333935881840395
vn 0.3970139765845133 0.21406898737442553 0.8924989473613061
vn -0.3970139765845133 -0.21406898737442553 -0.8924989473613061
vn 0.3439478651697117 -0.8001756863247912 0.4913438073893346
vn -0.3439478651697117 0.8001756863247912 -0.4913438073893346
vn 0.0856520251127492 -0.932885273517338 0.34984110257167716
vn -0.0856520251127492 0.932885273517338 -0.34984110257167716
vn -0.4478371970495296 0.13479905931193614 0.8838953889162664
vn 0.4478371970495296 -0.13479905931193614 -0.8838953889162664
vn 0.1154330255950253 0.36287308046003847 0.924661205025614
vn -0.1154330255950253 -0.36287308046003847 -0.924661205025614
vn 0.44883675749670726 0.13496092708157553 0.8833635227250012
vn -0.44883675749670726 -0.13496092708157553 -0.8833635227250012
vn -0.10851697612957766 -0.7549488339343008 0.6467428577363126
vn 0.10851697612957766 0.7549488339343008 -0.6467428577363126
vn -0.12305604184053799 0.07969802709829019 0.9891943363380018
vn 0.12305604184053799 -0.07969802709829019 -0.9891943363380018
vn 0.09052802138978236 0.1401560331157911 0.9859822329659376
vn -0.09052802138978236 -0.1401560331157911 -0.9859822329659376
vn 0.18230908958789366 0.07070903474688782 0.9806954819202528
vn -0.18230908958789366 -0.07070903474688782 -0.9806954819202528
usemtl material_0_0
f 1//1 2//2 3//3
f 3//4 2//5 1//6
f 4//7 2//2 1//1
f 1//6 2//5 4//8
f 3//3 2//2 5//9
f 5//10 2//5 3//4
f 1//1 3//3 6//11
f 6//12 3//4 1//6
f 4//7 7//13 2//2
f 2//5 7//14 4//8
f 8//15 4//7 1//1
f 1//6 4//8 8//16
f 2//2 9//17 5//9
f 5//10 9//18 2//5
f 3//3 5//9 10//19
f 10//20 5//10 3//4
f 3//3 11//21 6//11
f 6//12 11//22 3//4
f 8//15 1//1 6//11
f 6//12 1//6 8//16
f 4//7 12//23 7//13
f 7//14 12//24 4//8
f 2//2 7//13 9//17
f 9//18 7//14 2//5
f 13//25 4//7 8//15
f 8//16 4//8 13//26
f 5//9 9//17 14//27
f 14//28 9//18 5//10
f 10//19 5//9 15//29
f 15//30 5//10 10//20
f 3//3 10//19 11//21
f 11//22 10//20 3//4
f 6//11 11//21 16//31
f 16//32 11//22 6//12
f 8//15 6//11 17//33
f 17//34 6//12 8//16
f 13//25 12//23 4//7
f 4//8 12//24 13//26
f 12//23 18//35 7//13
f 7//14 18//36 12//24
f 7//13 19//37 9//17
f 9//18 19//38 7//14
f 20//39 13//25 8//15
f 8//16 13//26 20//40
f 9//17 21//41 14//27
f 14//28 21//42 9//18
f 5//9 14//27 15//29
f 15//30 14//28 5//10
f 10//19 15//29 22//43
f 22//44 15//30 10//20
f 11//21 10//19 23//45
f 23//46 10//20 11//22
f 11//21 24//47 16//31
f 16//32 24//48 11//22
f 16//31 25//49 6//11
f 6//12 25//50 16//32
f 6//11 25//49 17//33
f 17//34 25//50 6//12
f 26//51 8//15 17//33
f 17//34 8//16 26//52
f 13//25 27//53 12//23
f 12//24 27//54 13//26
f 12//23 28//55 18//35
f 18//36 28//56 12//24
f 7//13 18//35 19//37
f 19//38 18//36 7//14
f 9//17 19//37 29//57
f 29//58 19//38 9//18
f 30//59 13//25 20//39
f 20//40 13//26 30//60
f 20//39 8//15 31//61
f 31//62 8//16 20//40
f 9//17 32//63 21//41
f 21//42 32//64 9//18
f 15//29 14//27 21//41
f 21//42 14//28 15//30
f 15//29 33//65 22//43
f 22//44 33//66 15//30
f 10//19 22//43 23//45
f 23//46 22//44 10//20
f 11//21 23//45 34//67
f 34//68 23//46 11//22
f 11//21 34//67 24//47
f 24//48 34//68 11//22
f 24//47 25//49 16//31
f 16//32 25//50 24//48
f 17//33 25//49 35//69
f 35//70 25//50 17//34
f 8//15 26//51 31//61
f 31//62 26//52 8//16
f 36//71 26//51 17//33
f 17//34 26//52 36//72
f 13//25 37//73 27//53
f 27//54 37//74 13//26
f 12//23 27//53 28//55
f 28//56 27//54 12//24
f 18//35 28//55 38//75
f 38//76 28//56 18//36
f 18//35 29//57 19//37
f 19//38 29//58 18//36
f 9//17 29//57 32//63
f 32//64 29//58 9//18
f 30//59 37//73 13//25
f 13//26 37//74 30//60
f 30//59 20//39 31//61
f 31//62 20//40 30//60
f 32//63 39//77 21//41
f 21//42 39//78 32//64
f 15//29 21//41 40//79
f 40//80 21//42 15//30
f 15//29 41//81 33//65
f 33//66 41//82 15//30
f 22//43 33//65 42//83
f 42//84 33//66 22//44
f 23//45 22//43 43//85
f 43//86 22//44 23//46
f 34//67 23//45 44//87
f 44//88 23//46 34//68
f 24//47 34//67 44//87
f 44//88 34//68 24//48
f 24//47 45//89 25//49
f 25//50 45//90 24//48
f 35//69 25//49 46//91
f 46//92 25//50 35//70
f 36//71 17//33 35//69
f 35//70 17//34 36//72
f 31//61 26//51 36//71
f 36//72 26//52 31//62
f 37//73 47//93 27//53
f 27//54 47//94 37//74
f 27//53 48//95 28//55
f 28//56 48//96 27//54
f 28//55 49//97 38//75
f 38//76 49//98 28//56
f 18//35 38//75 50//99
f 50//100 38//76 18//36
f 18//35 51//101 29//57
f 29//58 51//102 18//36
f 32//63 29//57 39//77
f 39//78 29//58 32//64
f 30//59 47//93 37//73
f 37//74 47//94 30//60
f 30//59 31//61 52//103
f 52//104 31//62 30//60
f 21//41 39//77 53//105
f 53//106 39//78 21//42
f 21//41 54//107 40//79
f 40//80 54//108 21//42
f 40//79 41//81 15//29
f 15//30 41//82 40//80
f 41//81 55//109 33//65
f 33//66 55//110 41//82
f 33//65 55//109 42//83
f 42//84 55//110 33//66
f 22//43 42//83 43//85
f 43//86 42//84 22//44
f 23//45 43//85 56//111
f 56//112 43//86 23//46
f 44//87 23//45 56//111
f 56//112 23//46 44//88
f 24//47 44//87 57//113
f 57//114 44//88 24//48
f 58//115 45//89 24//47
f 24//48 45//90 58//116
f 45//89 59//117 25//49
f 25//50 59//118 45//90
f 59//117 46//91 25//49
f 25//50 46//92 59//118
f 35//69 46//91 60//119
f 60//120 46//92 35//70
f 36//71 35//69 61//121
f 61//122 35//70 36//72
f 62//123 31//61 36//71
f 36//72 31//62 62//124
f 47//93 63//125 27//53
f 27//54 63//126 47//94
f 27//53 63//125 48//95
f 48//96 63//126 27//54
f 28//55 48//95 49//97
f 49//98 48//96 28//56
f 38//75 49//97 64//127
f 64//128 49//98 38//76
f 50//99 38//75 64//127
f 64//128 38//76 50//100
f 51//101 18//35 50//99
f 50//100 18//36 51//102
f 51//101 65//129 29//57
f 29//58 65//130 51//102
f 29//57 66//131 39//77
f 39//78 66//132 29//58
f 30//59 67//133 47//93
f 47//94 67//134 30//60
f 52//103 31//61 68//135
f 68//136 31//62 52//104
f 69//137 30//59 52//103
f 52//104 30//60 69//138
f 39//77 70//139 53//105
f 53//106 70//140 39//78
f 21//41 53//105 54//107
f 54//108 53//106 21//42
f 54//107 71//141 40//79
f 40//80 71//142 54//108
f 40//79 71//141 41//81
f 41//82 71//142 40//80
f 71//141 55//109 41//81
f 41//82 55//110 71//142
f 55//109 72//143 42//83
f 42//84 72//144 55//110
f 43//85 42//83 73//145
f 73//146 42//84 43//86
f 56//111 43//85 74//147
f 74//148 43//86 56//112
f 44//87 56//111 74//147
f 74//148 56//112 44//88
f 57//113 44//87 75//149
f 75//150 44//88 57//114
f 57//113 58//115 24//47
f 24//48 58//116 57//114
f 58//115 59//117 45//89
f 45//90 59//118 58//116
f 59//117 60//119 46//91
f 46//92 60//120 59//118
f 35//69 60//119 61//121
f 61//122 60//120 35//70
f 76//151 36//71 61//121
f 61//122 36//72 76//152
f 68//135 31//61 62//123
f 62//124 31//62 68//136
f 77//153 62//123 36//71
f 36//72 62//124 77//154
f 47//93 78//155 63//125
f 63//126 78//156 47//94
f 63//125 78//155 48//95
f 48//96 78//156 63//126
f 48//95 79//157 49//97
f 49//98 79//158 48//96
f 64//127 49//97 80//159
f 80//160 49//98 64//128
f 81//161 50//99 64//127
f 64//128 50//100 81//162
f 51//101 50//99 81//161
f 81//162 50//100 51//102
f 65//129 51//101 81//161
f 81//162 51//102 65//130
f 29//57 65//129 66//131
f 66//132 65//130 29//58
f 39//77 66//131 82//163
f 82//164 66//132 39//78
f 67//133 30//59 69//137
f 69//138 30//60 67//134
f 67//133 83//165 47//93
f 47//94 83//166 67//134
f 69//137 52//103 68//135
f 68//136 52//104 69//138
f 39//77 84//167 70//139
f 70//140 84//168 39//78
f 53//105 70//139 54//107
f 54//108 70//140 53//106
f 54//107 85//169 71//141
f 71//142 85//170 54//108
f 86//171 55//109 71//141
f 71//142 55//110 86//172
f 55//109 87//173 72//143
f 72//144 87//174 55//110
f 42//83 72//143 73//145
f 73//146 72//144 42//84
f 43//85 73//145 88//175
f 88//176 73//146 43//86
f 43//85 88//175 74//147
f 74//148 88//176 43//86
f 44//87 74//147 89//177
f 89//178 74//148 44//88
f 75//149 44//87 89//177
f 89//178 44//88 75//150
f 58//115 57//113 75//149
f 75//150 57//114 58//116
f 58//115 90//179 59//117
f 59//118 90//180 58//116
f 59//117 91//181 60//119
f 60//120 91//182 59//118
f 61//121 60//119 92//183
f 92//184 60//120 61//122
f 77//153 36//71 76//151
f 76//152 36//72 77//154
f 93//185 76//151 61//121
f 61//122 76//152 93//186
f 68//135 62//123 77//153
f 77//154 62//124 68//136
f 47//93 94//187 78//155
f 78//156 94//188 47//94
f 48//95 78//155 95//189
f 95//190 78//156 48//96
f 48//95 95//189 79//157
f 79//158 95//190 48//96
f 49//97 79//157 80//159
f 80//160 79//158 49//98
f 64//127 80//159 96//191
f 96//192 80//160 64//128
f 97//193 81//161 64//127
f 64//128 81//162 97//194
f 65//129 81//161 98//195
f 98//196 81//162 65//130
f 66//131 65//129 82//163
f 82//164 65//130 66//132
f 39//77 82//163 84//167
f 84//168 82//164 39//78
f 69//137 83//165 67//133
f 67//134 83//166 69//138
f 83//165 94//187 47//93
f 47//94 94//188 83//166
f 69//137 68//135 99//197
f 99//198 68//136 69//138
f 84//167 100//199 70//139
f 70//140 100//200 84//168
f 54//107 70//139 101//201
f 101//202 70//140 54//108
f 102//203 85//169 54//107
f 54//108 85//170 102//204
f 86//171 71//141 85//169
f 85//170 71//142 86//172
f 86//171 103//205 55//109
f 55//110 103//206 86//172
f 55//109 103//205 87//173
f 87//174 103//206 55//110
f 87//173 104//207 72//143
f 72//144 104//208 87//174
f 72//143 105//209 73//145
f 73//146 105//210 72//144
f 88//175 73//145 106//211
f 106//212 73//146 88//176
f 74//147 88//175 106//211
f 106//212 88//176 74//148
f 89//177 74//147 107//213
f 107//214 74//148 89//178
f 75//149 89//177 107//213
f 107//214 89//178 75//150
f 108//215 58//115 75//149
f 75//150 58//116 108//216
f 109//217 90//179 58//115
f 58//116 90//180 109//218
f 110//219 59//117 90//179
f 90//180 59//118 110//220
f 110//219 91//181 59//117
f 59//118 91//182 110//220
f 60//119 91//181 111//221
f 111//222 91//182 60//120
f 92//183 60//119 112//223
f 112//224 60//120 92//184
f 93//185 61//121 92//183
f 92//184 61//122 93//186
f 77//153 76//151 93//185
f 93//186 76//152 77//154
f 68//135 77//153 113//225
f 113//226 77//154 68//136
f 94//187 114//227 78//155
f 78//156 114//228 94//188
f 78//155 115//229 95//189
f 95//190 115//230 78//156
f 95//189 115//229 79//157
f 79//158 115//230 95//190
f 80//159 79//157 116//231
f 116//232 79//158 80//160
f 96//191 80//159 117//233
f 117//234 80//160 96//192
f 64//127 96//191 118//235
f 118//236 96//192 64//128
f 97//193 98//195 81//161
f 81//162 98//196 97//194
f 97//193 64//127 118//235
f 118//236 64//128 97//194
f 119//237 65//129 98//195
f 98//196 65//130 119//238
f 65//129 120//239 82//163
f 82//164 120//240 65//130
f 84//167 82//163 100//199
f 100//200 82//164 84//168
f 121//241 83//165 69//137
f 69//138 83//166 121//242
f 83//165 114//227 94//187
f 94//188 114//228 83//166
f 122//243 99//197 68//135
f 68//136 99//198 122//244
f 123//245 69//137 99//197
f 99//198 69//138 123//246
f 70//139 100//199 124//247
f 124//248 100//200 70//140
f 70//139 125//249 101//201
f 101//202 125//250 70//140
f 101//201 102//203 54//107
f 54//108 102//204 101//202
f 102//203 86//171 85//169
f 85//170 86//172 102//204
f 86//171 126//251 103//205
f 103//206 126//252 86//172
f 103//205 127//253 87//173
f 87//174 127//254 103//206
f 87//173 128//255 104//207
f 104//208 128//256 87//174
f 72//143 104//207 129//257
f 129//258 104//208 72//144
f 72//143 129//257 105//209
f 105//210 129//258 72//144
f 73//145 105//209 130//259
f 130//260 105//210 73//146
f 73//145 130//259 106//211
f 106//212 130//260 73//146
f 74//147 106//211 131//261
f 131//262 106//212 74//148
f 107//213 74//147 131//261
f 131//262 74//148 107//214
f 132//263 75//149 107//213
f 107//214 75//150 132//264
f 108//215 109//217 58//115
f 58//116 109//218 108//216
f 108//215 75//149 133//265
f 133//266 75//150 108//216
f 110//219 90//179 109//217
f 109//218 90//180 110//220
f 111//221 91//181 110//219
f 110//220 91//182 111//222
f 60//119 111//221 112//223
f 112//224 111//222 60//120
f 92//183 112//223 134//267
f 134//268 112//224 92//184
f 93//185 92//183 135//269
f 135//270 92//184 93//186
f 136//271 77//153 93//185
f 93//186 77//154 136//272
f 137//273 113//225 77//153
f 77//154 113//226 137//274
f 122//243 68//135 113//225
f 113//226 68//136 122//244
f 114//227 138//275 78//155
f 78//156 138//276 114//228
f 78//155 138//275 115//229
f 115//230 138//276 78//156
f 79//157 115//229 139//277
f 139//278 115//230 79//158
f 79//157 139//277 116//231
f 116//232 139//278 79//158
f 80//159 116//231 140//279
f 140//280 116//232 80//160
f 80//159 140//279 117//233
f 117//234 140//280 80//160
f 96//191 117//233 141//281
f 141//282 117//234 96//192
f 118//235 96//191 142//283
f 142//284 96//192 118//236
f 119//237 98//195 97//193
f 97//194 98//196 119//238
f 97//193 118//235 143//285
f 143//286 118//236 97//194
f 120//239 65//129 119//237
f 119//238 65//130 120//240
f 82//163 120//239 144//287
f 144//288 120//240 82//164
f 82//163 145//289 100//199
f 100//200 145//290 82//164
f 121//241 146//291 83//165
f 83//166 146//292 121//242
f 121//241 69//137 123//245
f 123//246 69//138 121//242
f 147//293 114//227 83//165
f 83//166 114//228 147//294
f 122//243 123//245 99//197
f 99//198 123//246 122//244
f 100//199 148//295 124//247
f 124//248 148//296 100//200
f 70//139 124//247 125//249
f 125//250 124//248 70//140
f 125//249 102//203 101//201
f 101//202 102//204 125//250
f 149//297 86//171 102//203
f 102//204 86//172 149//298
f 149//297 126//251 86//171
f 86//172 126//252 149//298
f 126//251 150//299 103//205
f 103//206 150//300 126//252
f 150//299 127//253 103//205
f 103//206 127//254 150//300
f 87//173 127//253 128//255
f 128//256 127//254 87//174
f 104//207 128//255 151//301
f 151//302 128//256 104//208
f 129//257 104//207 152//303
f 152//304 104//208 129//258
f 105//209 129//257 152//303
f 152//304 129//258 105//210
f 153//305 130//259 105//209
f 105//210 130//260 153//306
f 106//211 130//259 153//305
f 153//306 130//260 106//212
f 154//307 131//261 106//211
f 106//212 131//262 154//308
f 154//307 107//213 131//261
f 131//262 107//214 154//308
f 133//265 75//149 132//263
f 132//264 75//150 133//266
f 155//309 132//263 107//213
f 107//214 132//264 155//310
f 133//265 109//217 108//215
f 108//216 109//218 133//266
f 156//311 110//219 109//217
f 109//218 110//220 156//312
f 111//221 110//219 157//313
f 157//314 110//220 111//222
f 112//223 111//221 134//267
f 134//268 111//222 112//224
f 92//183 134//267 135//269
f 135//270 134//268 92//184
f 158//315 93//185 135//269
f 135//270 93//186 158//316
f 137//273 77//153 136//271
f 136//272 77//154 137//274
f 159//317 136//271 93//185
f 93//186 136//272 159//318
f 137//273 122//243 113//225
f 113//226 122//244 137//274
f 114//227 160//319 138//275
f 138//276 160//320 114//228
f 160//319 115//229 138//275
f 138//276 115//230 160//320
f 115//229 161//321 139//277
f 139//278 161//322 115//230
f 161//321 116//231 139//277
f 139//278 116//232 161//322
f 116//231 162//323 140//279
f 140//280 162//324 116//232
f 140//279 162//323 117//233
f 117//234 162//324 140//280
f 117//233 163//325 141//281
f 141//282 163//326 117//234
f 96//191 141//281 142//283
f 142//284 141//282 96//192
f 164//327 118//235 142//283
f 142//284 118//236 164//328
f 165//329 119//237 97//193
f 97//194 119//238 165//330
f 143//285 118//235 164//327
f 164//328 118//236 143//286
f 165//329 97//193 143//285
f 143//286 97//194 165//330
f 144//287 120//239 119//237
f 119//238 120//240 144//288
f 82//163 144//287 145//289
f 145//290 144//288 82//164
f 100//199 145//289 166//331
f 166//332 145//290 100//200
f 146//291 121//241 123//245
f 123//246 121//242 146//292
f 146//291 147//293 83//165
f 83//166 147//294 146//292
f 147//293 167//333 114//227
f 114//228 167//334 147//294
f 168//335 123//245 122//243
f 122//244 123//246 168//336
f 100//199 169//337 148//295
f 148//296 169//338 100//200
f 124//247 148//295 125//249
f 125//250 148//296 124//248
f 125//249 170//339 102//203
f 102//204 170//340 125//250
f 170//339 149//297 102//203
f 102//204 149//298 170//340
f 149//297 171//341 126//251
f 126//252 171//342 149//298
f 126//251 172//343 150//299
f 150//300 172//344 126//252
f 173//345 127//253 150//299
f 150//300 127//254 173//346
f 128//255 127//253 151//301
f 151//302 127//254 128//256
f 104//207 151//301 174//347
f 174//348 151//302 104//208
f 152//303 104//207 174//347
f 174//348 104//208 152//304
f 175//349 105//209 152//303
f 152//304 105//210 175//350
f 153//305 105//209 175//349
f 175//350 105//210 153//306
f 176//351 106//211 153//305
f 153//306 106//212 176//352
f 154//307 106//211 176//351
f 176//352 106//212 154//308
f 154//307 177//353 107//213
f 107//214 177//354 154//308
f 178//355 133//265 132//263
f 132//264 133//266 178//356
f 179//357 132//263 155//358
f 155//359 132//264 179//360
f 177//353 155//309 107//213
f 107//214 155//310 177//354
f 180//361 109//217 133//265
f 133//266 109//218 180//362
f 181//363 110//219 156//311
f 156//312 110//220 181//364
f 156//311 109//217 182//365
f 182//366 109//218 156//312
f 157//313 110//219 181//363
f 181//364 110//220 157//314
f 183//367 111//221 157//313
f 157//314 111//222 183//368
f 134//267 111//221 184//369
f 184//370 111//222 134//268
f 135//269 134//267 185//371
f 185//372 134//268 135//270
f 159//317 93//185 158//315
f 158//316 93//186 159//318
f 186//373 158//315 135//269
f 135//270 158//316 186//374
f 137//273 136//271 159//317
f 159//318 136//272 137//274
f 137//273 187//375 122//243
f 122//244 187//376 137//274
f 114//227 188//377 160//319
f 160//320 188//378 114//228
f 160//319 189//379 115//229
f 115//230 189//380 160//320
f 189//379 161//321 115//229
f 115//230 161//322 189//380
f 161//321 190//381 116//231
f 116//232 190//382 161//322
f 190//381 162//323 116//231
f 116//232 162//324 190//382
f 162//323 191//383 117//233
f 117//234 191//384 162//324
f 117//233 191//383 163//325
f 163//326 191//384 117//234
f 141//281 163//325 142//283
f 142//284 163//326 141//282
f 164//327 142//283 192//385
f 192//386 142//284 164//328
f 193//387 119//237 165//329
f 165//330 119//238 193//388
f 143//285 164//327 194//389
f 194//390 164//328 143//286
f 165//329 143//285 195//391
f 195//392 143//286 165//330
f 144//287 119//237 193//387
f 193//388 119//238 144//288
f 145//289 144//287 166//331
f 166//332 144//288 145//290
f 100//199 166//331 169//337
f 169//338 166//332 100//200
f 196//393 146//291 123//245
f 123//246 146//292 196//394
f 197//395 147//293 146//291
f 146//292 147//294 197//396
f 198//397 167//398 147//293
f 147//294 167//399 198//400
f 114//227 167//333 188//377
f 188//378 167//334 114//228
f 168//335 199//401 123//245
f 123//246 199//402 168//336
f 200//403 168//335 122//243
f 122//244 168//336 200//404
f 148//295 169//337 201//405
f 201//406 169//338 148//296
f 125//249 148//295 202//407
f 202//408 148//296 125//250
f 125//249 203//409 170//339
f 170//340 203//410 125//250
f 203//409 149//297 170//339
f 170//340 149//298 203//410
f 149//297 204//411 171//341
f 171//342 204//412 149//298
f 171//341 205//413 126//251
f 126//252 205//414 171//342
f 205//413 172//343 126//251
f 126//252 172//344 205//414
f 206//415 150//299 172//343
f 172//344 150//300 206//416
f 151//301 127//253 173//345
f 173//346 127//254 151//302
f 173//345 150//299 206//415
f 206//416 150//300 173//346
f 174//347 151//301 207//417
f 207//418 151//302 174//348
f 152//303 174//347 207//417
f 207//418 174//348 152//304
f 208//419 175//349 152//303
f 152//304 175//350 208//420
f 153//305 175//349 208//419
f 208//420 175//350 153//306
f 209//421 176//351 153//305
f 153//306 176//352 209//422
f 154//307 176//351 209//421
f 209//422 176//352 154//308
f 210//423 177//353 154//307
f 154//308 177//354 210//424
f 178//355 211//425 133//265
f 133//266 211//426 178//356
f 178//355 132//263 179//357
f 179//360 132//264 178//356
f 155//309 212//427 179//428
f 179//429 212//430 155//310
f 210//423 155//309 177//353
f 177//354 155//310 210//424
f 182//365 109//217 180//361
f 180//362 109//218 182//366
f 213//431 180//361 133//265
f 133//266 180//362 213//432
f 181//363 156//311 182//365
f 182//366 156//312 181//364
f 183//367 157//313 181//363
f 181//364 157//314 183//368
f 184//369 111//221 183//367
f 183//368 111//222 184//370
f 134//267 184//369 214//433
f 214//434 184//370 134//268
f 185//371 134//267 215//435
f 215//436 134//268 185//372
f 186//373 135//269 185//371
f 185//372 135//270 186//374
f 159//317 158//315 186//373
f 186//374 158//316 159//318
f 216//437 137//273 159//317
f 159//318 137//274 216//438
f 217//439 187//375 137//273
f 137//274 187//376 217//440
f 187//375 200//403 122//243
f 122//244 200//404 187//376
f 188//377 210//423 160//319
f 160//320 210//424 188//378
f 160//319 209//421 189//379
f 189//380 209//422 160//320
f 209//421 161//321 189//379
f 189//380 161//322 209//422
f 161//321 208//419 190//381
f 190//382 208//420 161//322
f 208//419 162//323 190//381
f 190//382 162//324 208//420
f 162//323 207//417 191//383
f 191//384 207//418 162//324
f 191//383 207//417 163//325
f 163//326 207//418 191//384
f 163//325 192//385 142//283
f 142//284 192//386 163//326
f 164//327 192//385 218//441
f 218//442 192//386 164//328
f 219//443 193//387 165//329
f 165//330 193//388 219//444
f 194//389 164//327 218//441
f 218//442 164//328 194//390
f 220//445 143//285 194//389
f 194//390 143//286 220//446
f 195//391 143//285 220//445
f 220//446 143//286 195//392
f 165//329 195//391 221//447
f 221//448 195//392 165//330
f 144//287 193//387 219//443
f 219//444 193//388 144//288
f 144//287 222//449 166//331
f 166//332 222//450 144//288
f 166//331 201//405 169//337
f 169//338 201//406 166//332
f 223//451 146//291 196//393
f 196//394 146//292 223//452
f 199//401 196//393 123//245
f 123//246 196//394 199//402
f 197//395 198//397 147//293
f 147//294 198//400 197//396
f 197//395 146//291 224//453
f 224//454 146//292 197//396
f 198//455 225//456 167//333
f 167//334 225//457 198//458
f 167//333 210//423 188//377
f 188//378 210//424 167//334
f 200//403 199//401 168//335
f 168//336 199//402 200//404
f 148//295 201//405 226//459
f 226//460 201//406 148//296
f 202//407 148//295 227//461
f 227//462 148//296 202//408
f 202//407 203//409 125//249
f 125//250 203//410 202//408
f 203//409 228//463 149//297
f 149//298 228//464 203//410
f 228//463 204//411 149//297
f 149//298 204//412 228//464
f 204//411 205//413 171//341
f 171//342 205//414 204//412
f 172//343 205//413 206//415
f 206//416 205//414 172//344
f 151//301 173//345 229//465
f 229//466 173//346 151//302
f 230//467 173//345 206//415
f 206//416 173//346 230//468
f 207//417 151//301 231//469
f 231//470 151//302 207//418
f 152//303 207//417 232//471
f 232//472 207//418 152//304
f 208//419 152//303 232//471
f 232//472 152//304 208//420
f 233//473 153//305 208//419
f 208//420 153//306 233//474
f 209//421 153//305 233//473
f 233//474 153//306 209//422
f 209//421 234//475 154//307
f 154//308 234//476 209//422
f 234//475 210//423 154//307
f 154//308 210//424 234//476
f 235//477 211//425 178//355
f 178//356 211//426 235//478
f 213//431 133//265 211//425
f 211//426 133//266 213//432
f 178//355 179//357 236//479
f 236//480 179//360 178//356
f 237//481 212//427 155//309
f 155//310 212//430 237//482
f 212//483 238//484 179//485
f 179//486 238//487 212//488
f 210//423 237//481 155//309
f 155//310 237//482 210//424
f 182//365 180//361 213//431
f 213//432 180//362 182//366
f 181//363 182//365 239//489
f 239//490 182//366 181//364
f 183//367 181//363 240//491
f 240//492 181//364 183//368
f 214//433 184//369 183//367
f 183//368 184//370 214//434
f 215//435 134//267 214//433
f 214//434 134//268 215//436
f 215//435 241//493 185//494
f 185//495 241//496 215//436
f 186//497 185//494 242//498
f 242//499 185//495 186//500
f 243//501 159//317 186//373
f 186//374 159//318 243//502
f 216//437 217//439 137//273
f 137//274 217//440 216//438
f 244//503 216//437 159//317
f 159//318 216//438 244//504
f 217//439 200//403 187//375
f 187//376 200//404 217//440
f 160//319 210//423 234//475
f 234//476 210//424 160//320
f 160//319 234//475 209//421
f 209//422 234//476 160//320
f 209//421 233//473 161//321
f 161//322 233//474 209//422
f 233//473 208//419 161//321
f 161//322 208//420 233//474
f 208//419 232//471 162//323
f 162//324 232//472 208//420
f 162//323 232//471 207//417
f 207//418 232//472 162//324
f 207//417 231//469 163//325
f 163//326 231//470 207//418
f 163//325 229//465 192//385
f 192//386 229//466 163//326
f 218//441 192//385 230//467
f 230//468 192//386 218//442
f 219//443 165//329 245//505
f 245//506 165//330 219//444
f 194//389 218//441 220//445
f 220//446 218//442 194//390
f 221//447 195//391 220//445
f 220//446 195//392 221//448
f 245//505 165//329 221//447
f 221//448 165//330 245//506
f 222//449 144//287 219//443
f 219//444 144//288 222//450
f 222//449 246//507 166//331
f 166//332 246//508 222//450
f 166//331 247//509 201//405
f 201//406 247//510 166//332
f 223//451 224//453 146//291
f 146//292 224//454 223//452
f 199//401 223//451 196//393
f 196//394 223//452 199//402
f 197//395 248//511 198//397
f 198//400 248//512 197//396
f 249//513 197//395 224//453
f 224//454 197//396 249//514
f 198//515 250//516 225//517
f 225//518 250//519 198//520
f 225//456 237//481 167//333
f 167//334 237//482 225//457
f 167//333 237//481 210//423
f 210//424 237//482 167//334
f 200//403 251//521 199//401
f 199//402 251//522 200//404
f 226//459 201//405 252//523
f 252//524 201//406 226//460
f 148//295 226//459 227//461
f 227//462 226//460 148//296
f 202//407 227//461 203//409
f 203//410 227//462 202//408
f 203//409 253//525 228//463
f 228//464 253//526 203//410
f 228//463 254//527 204//411
f 204//412 254//528 228//464
f 204//411 255//529 205//413
f 205//414 255//530 204//412
f 206//415 205//413 256//531
f 256//532 205//414 206//416
f 229//465 173//345 230//467
f 230//468 173//346 229//466
f 151//301 229//465 231//469
f 231//470 229//466 151//302
f 230//467 206//415 257//533
f 257//534 206//416 230//468
f 235//477 213//431 211//425
f 211//426 213//432 235//478
f 235//477 178//355 258//535
f 258//536 178//356 235//478
f 236//479 179//537 259//538
f 259//539 179//540 236//480
f 178//355 236//479 260//541
f 260//542 236//480 178//356
f 237//543 238//484 212//483
f 212//488 238//487 237//544
f 238//484 259//545 179//485
f 179//486 259//546 238//487
f 261//547 182//365 213//431
f 213//432 182//366 261//548
f 239//489 182//365 262//549
f 262//550 182//366 239//490
f 263//551 181//363 239//489
f 239//490 181//364 263//552
f 240//491 181//363 263//551
f 263//552 181//364 240//492
f 264//553 183//367 240//491
f 240//492 183//368 264//554
f 265//555 214//433 183//367
f 183//368 214//434 265//556
f 214//433 266//557 215//435
f 215//436 266//558 214//434
f 266//557 241//493 215//435
f 215//436 241//496 266//558
f 185//494 241//493 242//498
f 242//499 241//496 185//495
f 186//497 242//498 267//559
f 267//560 242//499 186//500
f 243//501 244//503 159//317
f 159//318 244//504 243//502
f 243//501 186//497 268//561
f 268//562 186//500 243//502
f 244//503 217//439 216//437
f 216//438 217//440 244//504
f 217//439 269//563 200//403
f 200//404 269//564 217//440
f 163//325 231//469 229//465
f 229//466 231//470 163//326
f 192//385 229//465 230//467
f 230//468 229//466 192//386
f 230//467 257//533 218//441
f 218//442 257//534 230//468
f 219//443 245//505 270//565
f 270//566 245//506 219//444
f 218//441 271//567 220//445
f 220//446 271//568 218//442
f 221//447 220//445 272//569
f 272//570 220//446 221//448
f 245//505 221//447 273//571
f 273//572 221//448 245//506
f 222//449 219//443 246//507
f 246//508 219//444 222//450
f 166//331 246//507 247//509
f 247//510 246//508 166//332
f 247//509 274//573 201//405
f 201//406 274//574 247//510
f 249//513 224//453 223//451
f 223//452 224//454 249//514
f 275//575 223//451 199//401
f 199//402 223//452 275//576
f 197//395 276//577 248//511
f 248//512 276//578 197//396
f 248//511 277//579 198//580
f 198//581 277//582 248//512
f 249//513 278//583 197//395
f 197//396 278//584 249//514
f 277//585 250//516 198//515
f 198//520 250//519 277//586
f 250//516 237//543 225//517
f 225//518 237//544 250//519
f 279//587 251//521 200//403
f 200//404 251//522 279//588
f 251//521 280//589 199//401
f 199//402 280//590 251//522
f 201//405 281//591 252//523
f 252//524 281//592 201//406
f 227//461 226//459 252//523
f 252//524 226//460 227//462
f 227//461 253//525 203//409
f 203//410 253//526 227//462
f 253//525 282//593 228//463
f 228//464 282//594 253//526
f 228//463 283//595 254//527
f 254//528 283//596 228//464
f 204//411 254//527 255//529
f 255//530 254//528 204//412
f 205//413 255//529 284//597
f 284//598 255//530 205//414
f 205//413 284//597 256//531
f 256//532 284//598 205//414
f 206//415 256//531 257//533
f 257//534 256//532 206//416
f 285//599 213//431 235//477
f 235//478 213//432 285//600
f 258//535 178//355 260//541
f 260//542 178//356 258//536
f 286//601 235//477 258//535
f 258//536 235//478 286//602
f 236//479 259//538 287//603
f 287//604 259//539 236//480
f 260//541 236//479 288//605
f 288//606 236//480 260//542
f 289//607 238//484 237//543
f 237//544 238//487 289//608
f 238//484 290//609 259//545
f 259//546 290//610 238//487
f 262//549 182//365 261//547
f 261//548 182//366 262//550
f 291//611 261//547 213//431
f 213//432 261//548 291//612
f 263//551 239//489 262//549
f 262//550 239//490 263//552
f 264//553 240//491 263//551
f 263//552 240//492 264//554
f 265//555 183//367 264//553
f 264//554 183//368 265//556
f 266//557 214//433 265//555
f 265//556 214//434 266//558
f 266//557 292//613 241//493
f 241//496 292//614 266//558
f 242//498 241//493 293//615
f 293//616 241//496 242//499
f 267//559 242//498 294//617
f 294//618 242//499 267//560
f 186//497 267//559 268//561
f 268//562 267//560 186//500
f 244//503 243//501 295//619
f 295//620 243//502 244//504
f 295//619 243//501 268//561
f 268//562 243//502 295//620
f 296//621 217//439 244//503
f 244//504 217//440 296//622
f 297//623 269//563 217//439
f 217//440 269//564 297//624
f 269//563 279//587 200//403
f 200//404 279//588 269//564
f 218//441 257//533 271//567
f 271//568 257//534 218//442
f 270//565 245//505 298//625
f 298//626 245//506 270//566
f 246//507 219//443 270//565
f 270//566 219//444 246//508
f 220//445 271//567 299//627
f 299//628 271//568 220//446
f 220//445 299//627 272//569
f 272//570 299//628 220//446
f 221//447 272//569 273//571
f 273//572 272//570 221//448
f 245//505 273//571 300//629
f 300//630 273//572 245//506
f 246//507 274//573 247//509
f 247//510 274//574 246//508
f 201//405 274//573 281//591
f 281//592 274//574 201//406
f 301//631 249//513 223//451
f 223//452 249//514 301//632
f 302//633 223//451 275//575
f 275//576 223//452 302//634
f 280//589 275//575 199//401
f 199//402 275//576 280//590
f 278//583 276//577 197//395
f 197//396 276//578 278//584
f 276//577 303//635 248//511
f 248//512 303//636 276//578
f 248//511 304//637 277//579
f 277//582 304//638 248//512
f 305//639 278//583 249//513
f 249//514 278//584 305//640
f 277//585 306//641 250//516
f 250//519 306//642 277//586
f 250//516 289//607 237//543
f 237//544 289//608 250//519
f 279//587 280//589 251//521
f 251//522 280//590 279//588
f 252//523 281//591 307//643
f 307//644 281//592 252//524
f 227//461 252//523 308//645
f 308//646 252//524 227//462
f 227//461 282//593 253//525
f 253//526 282//594 227//462
f 282//593 283//595 228//463
f 228//464 283//596 282//594
f 283//595 309//647 254//527
f 254//528 309//648 283//596
f 254//527 310//649 255//529
f 255//530 310//650 254//528
f 284//597 255//529 311//651
f 311//652 255//530 284//598
f 256//531 284//597 257//533
f 257//534 284//598 256//532
f 291//611 213//431 285//599
f 285//600 213//432 291//612
f 312//653 285//599 235//477
f 235//478 285//600 312//654
f 286//601 258//535 260//541
f 260//542 258//536 286//602
f 312//653 235//477 286//601
f 286//602 235//478 312//654
f 287//603 259//538 313//655
f 313//656 259//539 287//604
f 236//479 287//603 288//605
f 288//606 287//604 236//480
f 314//657 260//541 288//605
f 288//606 260//542 314//658
f 289//607 290//609 238//484
f 238//487 290//610 289//608
f 290//609 315//659 259//545
f 259//546 315//660 290//610
f 262//549 261//547 291//611
f 291//612 261//548 262//550
f 263//551 262//549 316//661
f 316//662 262//550 263//552
f 264//553 263//551 317//663
f 317//664 263//552 264//554
f 265//555 264//553 318//665
f 318//666 264//554 265//556
f 319//667 266//557 265//555
f 265//556 266//558 319//668
f 320//669 292//670 266//557
f 266//558 292//671 320//672
f 241//493 292//613 321//673
f 321//674 292//614 241//496
f 241//493 321//673 293//615
f 293//616 321//674 241//496
f 242//498 293//615 322//675
f 322//676 293//616 242//499
f 242//498 322//675 294//617
f 294//618 322//676 242//499
f 267//559 294//617 323//677
f 323//678 294//618 267//560
f 267//559 323//677 268//561
f 268//562 323//678 267//560
f 295//619 296//621 244//503
f 244//504 296//622 295//620
f 295//619 268//561 324//679
f 324//680 268//562 295//620
f 296//621 297//623 217//439
f 217//440 297//624 296//622
f 297//623 279//587 269//563
f 269//564 279//588 297//624
f 271//567 257//533 299//627
f 299//628 257//534 271//568
f 298//625 245//505 300//629
f 300//630 245//506 298//626
f 246//507 270//565 298//625
f 298//626 270//566 246//508
f 299//627 325//681 272//569
f 272//570 325//682 299//628
f 273//571 272//569 326//683
f 326//684 272//570 273//572
f 300//629 273//571 327//685
f 327//686 273//572 300//630
f 246//507 328//687 274//573
f 274//574 328//688 246//508
f 274//573 307//643 281//591
f 281//592 307//644 274//574
f 329//689 249//513 301//631
f 301//632 249//514 329//690
f 302//633 301//631 223//451
f 223//452 301//632 302//634
f 280//589 302//633 275//575
f 275//576 302//634 280//590
f 305//639 276//577 278//583
f 278//584 276//578 305//640
f 330//691 303//635 276//577
f 276//578 303//636 330//692
f 248//511 303//635 304//637
f 304//638 303//636 248//512
f 304//637 331//693 277//579
f 277//582 331//694 304//638
f 329//689 305//639 249//513
f 249//514 305//640 329//690
f 277//585 332//695 306//641
f 306//642 332//696 277//586
f 306//641 289//607 250//516
f 250//519 289//608 306//642
f 279//587 333//697 280//589
f 280//590 333//698 279//588
f 252//523 307//643 334//699
f 334//700 307//644 252//524
f 308//645 252//523 335//701
f 335//702 252//524 308//646
f 227//461 308//645 282//593
f 282//594 308//646 227//462
f 282//593 336//703 283//595
f 283//596 336//704 282//594
f 283//595 337//705 309//647
f 309//648 337//706 283//596
f 254//527 309//647 310//649
f 310//650 309//648 254//528
f 311//651 255//529 310//649
f 310//650 255//530 311//652
f 284//597 311//651 338//707
f 338//708 311//652 284//598
f 257//533 284//597 338//707
f 338//708 284//598 257//534
f 291//611 285//599 312//653
f 312//654 285//600 291//612
f 286//601 260//541 314//657
f 314//658 260//542 286//602
f 339//709 312//653 286//601
f 286//602 312//654 339//710
f 259//538 340//711 313//655
f 313//656 340//712 259//539
f 287//603 313//655 288//605
f 288//606 313//656 287//604
f 314//657 288//605 341//713
f 341//714 288//606 314//658
f 289//607 315//659 290//609
f 290//610 315//660 289//608
f 315//659 340//715 259//545
f 259//546 340//716 315//660
f 342//717 262//549 291//611
f 291//612 262//550 342//718
f 343//719 316//661 262//549
f 262//550 316//662 343//720
f 344//721 263//551 316//661
f 316//662 263//552 344//722
f 317//663 263//551 344//721
f 344//722 263//552 317//664
f 318//665 264//553 317//663
f 317//664 264//554 318//666
f 319//667 265//555 318//665
f 318//666 265//556 319//668
f 345//723 266//557 319//667
f 319//668 266//558 345//724
f 320//669 321//725 292//670
f 292//671 321//726 320//672
f 345//723 320//669 266//557
f 266//558 320//672 345//724
f 321//673 346//727 293//615
f 293//616 346//728 321//674
f 293//615 347//729 322//675
f 322//676 347//730 293//616
f 294//617 322//675 348//731
f 348//732 322//676 294//618
f 323//677 294//617 349//733
f 349//734 294//618 323//678
f 268//561 323//677 350//735
f 350//736 323//678 268//562
f 351//737 296//621 295//619
f 295//620 296//622 351//738
f 268//561 350//735 324//679
f 324//680 350//736 268//562
f 352//739 295//619 324//740
f 324//741 295//620 352//742
f 296//621 353//743 297//623
f 297//624 353//744 296//622
f 297//623 354//745 279//587
f 279//588 354//746 297//624
f 257//533 338//707 299//627
f 299//628 338//708 257//534
f 298//625 300//629 355//747
f 355//748 300//630 298//626
f 246//507 298//625 328//687
f 328//688 298//626 246//508
f 299//627 338//707 325//681
f 325//682 338//708 299//628
f 272//569 325//681 326//683
f 326//684 325//682 272//570
f 273//571 326//683 327//685
f 327//686 326//684 273//572
f 300//629 327//685 356//749
f 356//750 327//686 300//630
f 328//687 357//751 274//573
f 274//574 357//752 328//688
f 274//573 358//753 307//643
f 307//644 358//754 274//574
f 302//633 329//689 301//631
f 301//632 329//690 302//634
f 359//755 302//633 280//589
f 280//590 302//634 359//756
f 305//639 330//691 276//577
f 276//578 330//692 305//640
f 330//691 360//757 303//635
f 303//636 360//758 330//692
f 304//637 303//635 331//693
f 331//694 303//636 304//638
f 277//579 331//693 361//759
f 361//760 331//694 277//582
f 362//761 305//639 329//689
f 329//690 305//640 362//762
f 361//763 332//695 277//585
f 277//586 332//696 361//764
f 332//695 289//607 306//641
f 306//642 289//608 332//696
f 363//765 333//697 279//587
f 279//588 333//698 363//766
f 364//767 280//589 333//697
f 333//698 280//590 364//768
f 307//643 365//769 334//699
f 334//700 365//770 307//644
f 252//523 334//699 335//701
f 335//702 334//700 252//524
f 308//645 335//701 282//593
f 282//594 335//702 308//646
f 282//593 335//701 336//703
f 336//704 335//702 282//594
f 336//703 366//771 283//595
f 283//596 366//772 336//704
f 283//595 366//771 337//705
f 337//706 366//772 283//596
f 309//647 337//705 367//773
f 367//774 337//706 309//648
f 309//647 368//775 310//649
f 310//650 368//776 309//648
f 369//777 311//651 310//649
f 310//650 311//652 369//778
f 338//707 311//651 370//779
f 370//780 311//652 338//708
f 371//781 291//611 312//653
f 312//654 291//612 371//782
f 286//601 314//657 372//783
f 372//784 314//658 286//602
f 373//785 312//653 339//709
f 339//710 312//654 373//786
f 339//709 286//601 372//783
f 372//784 286//602 339//710
f 313//655 340//711 374//787
f 374//788 340//712 313//656
f 288//605 313//655 375//789
f 375//790 313//656 288//606
f 288//605 375//789 341//713
f 341//714 375//790 288//606
f 314//657 341//713 376//791
f 376//792 341//714 314//658
f 289//607 377//793 315//659
f 315//660 377//794 289//608
f 315//659 374//787 340//715
f 340//716 374//788 315//660
f 343//719 262//549 342//717
f 342//718 262//550 343//720
f 378//795 342//717 291//611
f 291//612 342//718 378//796
f 344//721 316//661 343//719
f 343//720 316//662 344//722
f 317//663 344//721 379//797
f 379//798 344//722 317//664
f 380//799 318//665 317//663
f 317//664 318//666 380//800
f 319//667 318//665 381//801
f 381//802 318//666 319//668
f 319//803 382//804 345//805
f 345//806 382//807 319//808
f 383//809 321//725 320//669
f 320//672 321//726 383//810
f 345//805 382//804 320//811
f 320//812 382//807 345//806
f 383//809 346//813 321//725
f 321//726 346//814 383//810
f 293//615 346//727 347//729
f 347//730 346//728 293//616
f 347//729 384//815 322//675
f 322//676 384//816 347//730
f 322//675 384//815 348//731
f 348//732 384//816 322//676
f 294//617 348//731 385//817
f 385//818 348//732 294//618
f 349//733 294//617 386//819
f 386//820 294//618 349//734
f 323//677 349//733 387//821
f 387//822 349//734 323//678
f 350//735 323//677 387//821
f 387//822 323//678 350//736
f 351//737 353//743 296//621
f 296//622 353//744 351//738
f 388//823 351//737 295//619
f 295//620 351//738 388//824
f 352//739 324//740 350//825
f 350//826 324//741 352//742
f 388//823 295//619 352//739
f 352//742 295//620 388//824
f 353//743 354//745 297//623
f 297//624 354//746 353//744
f 354//745 363//765 279//587
f 279//588 363//766 354//746
f 355//747 300//629 389//827
f 389//828 300//630 355//748
f 298//625 355//747 357//751
f 357//752 355//748 298//626
f 328//687 298//625 357//751
f 357//752 298//626 328//688
f 325//681 338//707 370//779
f 370//780 338//708 325//682
f 326//683 325//681 390//829
f 390//830 325//682 326//684
f 327//685 326//683 391//831
f 391//832 326//684 327//686
f 327//685 392//833 356//749
f 356//750 392//834 327//686
f 300//629 356//749 389//827
f 389//828 356//750 300//630
f 274//573 357//751 358//753
f 358//754 357//752 274//574
f 393//835 307//643 358//753
f 358//754 307//644 393//836
f 394//837 329//689 302//633
f 302//634 329//690 394//838
f 395//839 302//633 359//755
f 359//756 302//634 395//840
f 364//767 359//755 280//589
f 280//590 359//756 364//768
f 305//639 396//841 330//691
f 330//692 396//842 305//640
f 330//691 397//843 360//757
f 360//758 397//844 330//692
f 303//635 360//757 398//845
f 398//846 360//758 303//636
f 303//635 398//845 331//693
f 331//694 398//846 303//636
f 331//693 399//847 361//759
f 361//760 399//848 331//694
f 362//761 396//841 305//639
f 305//640 396//842 362//762
f 400//849 362//761 329//689
f 329//690 362//762 400//850
f 399//847 332//695 361//763
f 361//764 332//696 399//848
f 332//695 377//793 289//607
f 289//608 377//794 332//696
f 363//765 364//767 333//697
f 333//698 364//768 363//766
f 401//851 365//769 307//643
f 307//644 365//770 401//852
f 334//699 365//769 335//701
f 335//702 365//770 334//700
f 335//701 366//771 336//703
f 336//704 366//772 335//702
f 366//771 402//853 337//705
f 337//706 402//854 366//772
f 337//705 403//855 367//773
f 367//774 403//856 337//706
f 309//647 367//773 368//775
f 368//776 367//774 309//648
f 369//777 310//649 368//775
f 368//776 310//650 369//778
f 370//779 311//651 369//777
f 369//778 311//652 370//780
f 378//795 291//611 371//781
f 371//782 291//612 378//796
f 404//857 371//781 312//653
f 312//654 371//782 404//858
f 372//783 314//657 376//791
f 376//792 314//658 372//784
f 404//857 312//653 373//785
f 373//786 312//654 404//858
f 405//859 373//785 339//709
f 339//710 373//786 405//860
f 406//861 339//709 372//783
f 372//784 339//710 406//862
f 313//655 374//787 407//863
f 407//864 374//788 313//656
f 313//655 408//865 375//789
f 375//790 408//866 313//656
f 341//713 375//789 408//865
f 408//866 375//790 341//714
f 376//791 341//713 409//867
f 409//868 341//714 376//792
f 410//869 315//659 377//793
f 377//794 315//660 410//870
f 315//659 411//871 374//787
f 374//788 411//872 315//660
f 343//719 342//717 378//795
f 378//796 342//718 343//720
f 412//873 344//721 343//719
f 343//720 344//722 412//874
f 413//875 379//797 344//721
f 344//722 379//798 413//876
f 380//799 317//663 379//797
f 379//798 317//664 380//800
f 381//801 318//665 380//799
f 380//800 318//666 381//802
f 414//877 319//803 381//878
f 381//879 319//808 414//880
f 414//877 382//804 319//803
f 319//808 382//807 414//880
f 320//811 415//881 383//882
f 383//883 415//884 320//812
f 382//804 415//881 320//811
f 320//812 415//884 382//807
f 383//809 347//885 346//813
f 346//814 347//886 383//810
f 416//887 384//888 347//885
f 347//886 384//889 416//890
f 348//891 384//888 416//887
f 416//890 384//889 348//892
f 417//893 385//894 348//891
f 348//892 385//895 417//896
f 294//617 385//817 386//819
f 386//820 385//818 294//618
f 418//897 349//898 386//899
f 386//900 349//901 418//902
f 419//903 387//904 349//898
f 349//901 387//905 419//906
f 419//903 350//825 387//904
f 387//905 350//826 419//906
f 351//737 420//907 353//743
f 353//744 420//908 351//738
f 351//909 388//910 421//911
f 421//912 388//913 351//914
f 419//903 352//739 350//825
f 350//826 352//742 419//906
f 388//910 352//915 421//911
f 421//912 352//916 388//913
f 422//917 354//745 353//743
f 353//744 354//746 422//918
f 354//745 423//919 363//765
f 363//766 423//920 354//746
f 357//751 355//747 389//827
f 389//828 355//748 357//752
f 325//681 370//779 390//829
f 390//830 370//780 325//682
f 391//831 326//683 390//829
f 390//830 326//684 391//832
f 327//685 391//831 392//833
f 392//834 391//832 327//686
f 356//749 392//833 424//921
f 424//922 392//834 356//750
f 389//827 356//749 425//923
f 425//924 356//750 389//828
f 357//751 393//835 358//753
f 358//754 393//836 357//752
f 393//835 401//851 307//643
f 307//644 401//852 393//836
f 426//925 329//689 394//837
f 394//838 329//690 426//926
f 395//839 394//837 302//633
f 302//634 394//838 395//840
f 364//767 395//839 359//755
f 359//756 395//840 364//768
f 396//841 397//843 330//691
f 330//692 397//844 396//842
f 397//843 427//927 360//757
f 360//758 427//928 397//844
f 360//757 428//929 398//845
f 398//846 428//930 360//758
f 331//693 398//845 428//929
f 428//930 398//846 331//694
f 331//693 429//931 399//847
f 399//848 429//932 331//694
f 430//933 396//841 362//761
f 362//762 396//842 430//934
f 431//935 362//761 400//849
f 400//850 362//762 431//936
f 426//925 400//849 329//689
f 329//690 400//850 426//926
f 399//847 432//937 332//695
f 332//696 432//938 399//848
f 332//695 410//869 377//793
f 377//794 410//870 332//696
f 433//939 364//767 363//765
f 363//766 364//768 433//940
f 401//851 434//941 365//769
f 365//770 434//942 401//852
f 365//769 435//943 335//701
f 335//702 435//944 365//770
f 335//701 435//943 366//771
f 366//772 435//944 335//702
f 366//771 436//945 402//853
f 402//854 436//946 366//772
f 337//705 402//853 437//947
f 437//948 402//854 337//706
f 337//705 437//947 403//855
f 403//856 437//948 337//706
f 367//773 403//855 368//775
f 368//776 403//856 367//774
f 438//949 369//777 368//775
f 368//776 369//778 438//950
f 439//951 370//779 369//777
f 369//778 370//780 439//952
f 378//795 371//781 404//857
f 404//858 371//782 378//796
f 372//783 376//791 440//953
f 440//954 376//792 372//784
f 404//857 373//785 405//859
f 405//860 373//786 404//858
f 405//859 339//709 406//861
f 406//862 339//710 405//860
f 406//861 372//783 441//955
f 441//956 372//784 406//862
f 374//787 442//957 407//863
f 407//864 442//958 374//788
f 313//655 407//863 408//865
f 408//866 407//864 313//656
f 341//713 408//865 443//959
f 443//960 408//866 341//714
f 341//713 443//959 409//867
f 409//868 443//960 341//714
f 376//791 409//867 444//961
f 444//962 409//868 376//792
f 410//869 411//871 315//659
f 315//660 411//872 410//870
f 374//787 411//871 445//963
f 445//964 411//872 374//788
f 446//965 343//719 378//795
f 378//796 343//720 446//966
f 413//875 344//721 412//873
f 412//874 344//722 413//876
f 447//967 412//873 343//719
f 343//720 412//874 447//968
f 448//969 379//797 413//875
f 413//876 379//798 448//970
f 448//969 380//799 379//797
f 379//798 380//800 448//970
f 449//971 381//801 380//799
f 380//800 381//802 449//972
f 449//973 414//877 381//878
f 381//879 414//880 449//974
f 414//877 450//975 382//804
f 382//807 450//976 414//880
f 383//882 415//881 451//977
f 451//978 415//884 383//883
f 452//979 415//881 382//804
f 382//807 415//884 452//980
f 451//981 347//885 383//809
f 383//810 347//886 451//982
f 416//887 347//885 451//981
f 451//982 347//886 416//890
f 417//893 348//891 416//887
f 416//890 348//892 417//896
f 386//899 385//894 417//893
f 417//896 385//895 386//900
f 453//983 349//898 418//897
f 418//902 349//901 453//984
f 418//897 386//899 417//893
f 417//896 386//900 418//902
f 453//983 419//903 349//898
f 349//901 419//906 453//984
f 454//985 420//986 351//909
f 351//914 420//987 454//988
f 420//907 422//917 353//743
f 353//744 422//918 420//908
f 454//985 351//909 421//911
f 421//912 351//914 454//988
f 352//915 419//989 455//990
f 455//991 419//992 352//916
f 421//911 352//915 455//990
f 455//991 352//916 421//912
f 422//917 423//919 354//745
f 354//746 423//920 422//918
f 456//993 363//765 423//919
f 423//920 363//766 456//994
f 357//751 389//827 457//995
f 457//996 389//828 357//752
f 390//829 370//779 439//951
f 439//952 370//780 390//830
f 391//831 390//829 458//997
f 458//998 390//830 391//832
f 392//833 391//831 424//921
f 424//922 391//832 392//834
f 356//749 424//921 459//999
f 459//1000 424//922 356//750
f 356//749 459//999 425//923
f 425//924 459//1000 356//750
f 389//827 425//923 460//1001
f 460//1002 425//924 389//828
f 457//995 393//835 357//751
f 357//752 393//836 457//996
f 393//835 434//941 401//851
f 401//852 434//942 393//836
f 395//839 426//925 394//837
f 394//838 426//926 395//840
f 461//1003 395//839 364//767
f 364//768 395//840 461//1004
f 396//841 462//1005 397//843
f 397//844 462//1006 396//842
f 397//843 463//1007 427//927
f 427//928 463//1008 397//844
f 360//757 427//927 464//1009
f 464//1010 427//928 360//758
f 360//757 464//1009 428//929
f 428//930 464//1010 360//758
f 331//693 428//929 429//931
f 429//932 428//930 331//694
f 399//847 429//931 465//1011
f 465//1012 429//932 399//848
f 430//933 466//1013 396//841
f 396//842 466//1014 430//934
f 431//935 430//933 362//761
f 362//762 430//934 431//936
f 426//925 431//935 400//849
f 400//850 431//936 426//926
f 399//847 467//1015 432//937
f 432//938 467//1016 399//848
f 432//937 410//869 332//695
f 332//696 410//870 432//938
f 468//1017 364//767 433//939
f 433//940 364//768 468//1018
f 456//993 433//939 363//765
f 363//766 433//940 456//994
f 434//941 469//1019 365//769
f 365//770 469//1020 434//942
f 365//769 436//945 435//943
f 435//944 436//946 365//770
f 435//943 436//945 366//771
f 366//772 436//946 435//944
f 436//945 470//1021 402//853
f 402//854 470//1022 436//946
f 402//853 471//1023 437//947
f 437//948 471//1024 402//854
f 403//855 437//947 472//1025
f 472//1026 437//948 403//856
f 368//775 403//855 473//1027
f 473//1028 403//856 368//776
f 439//951 369//777 438//949
f 438//950 369//778 439//952
f 438//949 368//775 473//1027
f 473//1028 368//776 438//950
f 378//795 404//857 474//1029
f 474//1030 404//858 378//796
f 440//953 376//791 444//961
f 444//962 376//792 440//954
f 441//955 372//783 440//953
f 440//954 372//784 441//956
f 475//1031 404//857 405//859
f 405//860 404//858 475//1032
f 476//1033 405//859 406//861
f 406//862 405//860 476//1034
f 406//861 441//955 477//1035
f 477//1036 441//956 406//862
f 374//787 445//963 442//957
f 442//958 445//964 374//788
f 407//863 442//957 478//1037
f 478//1038 442//958 407//864
f 407//863 479//1039 408//865
f 408//866 479//1040 407//864
f 408//865 480//1041 443//959
f 443//960 480//1042 408//866
f 409//867 443//959 480//1041
f 480//1042 443//960 409//868
f 444//961 409//867 481//1043
f 481//1044 409//868 444//962
f 411//871 410//869 445//963
f 445//964 410//870 411//872
f 447//967 343//719 446//965
f 446//966 343//720 447//968
f 446//965 378//795 482//1045
f 482//1046 378//796 446//966
f 413//875 412//873 447//967
f 447//968 412//874 413//876
f 483//1047 448//969 413//875
f 413//876 448//970 483//1048
f 449//971 380//799 448//969
f 448//970 380//800 449//972
f 484//1049 414//877 449//973
f 449//974 414//880 484//1050
f 414//877 485//1051 450//975
f 450//976 485//1052 414//880
f 450//975 452//979 382//804
f 382//807 452//980 450//976
f 415//881 486//1053 451//977
f 451//978 486//1054 415//884
f 452//979 487//1055 415//881
f 415//884 487//1056 452//980
f 451//977 487//1055 416//887
f 416//890 487//1056 451//978
f 417//893 416//887 487//1055
f 487//1056 416//890 417//896
f 453//1057 418//897 417//893
f 417//896 418//902 453//1058
f 419//989 453//1057 455//990
f 455//991 453//1058 419//992
f 488//1059 420//986 454//985
f 454//988 420//987 488//1060
f 488//1061 422//917 420//907
f 420//908 422//918 488//1062
f 454//985 421//911 489//1063
f 489//1064 421//912 454//988
f 490//1065 421//911 455//990
f 455//991 421//912 490//1066
f 491//1067 423//919 422//917
f 422//918 423//920 491//1068
f 491//1067 456//993 423//919
f 423//920 456//994 491//1068
f 457//995 389//827 460//1001
f 460//1002 389//828 457//996
f 390//829 439//951 458//997
f 458//998 439//952 390//830
f 391//831 458//997 492//1069
f 492//1070 458//998 391//832
f 391//831 492//1069 424//921
f 424//922 492//1070 391//832
f 424//921 493//1071 459//999
f 459//1000 493//1072 424//922
f 425//923 459//999 494//1073
f 494//1074 459//1000 425//924
f 460//1001 425//923 495//1075
f 495//1076 425//924 460//1002
f 457//995 460//1001 393//835
f 393//836 460//1002 457//996
f 393//835 496//1077 434//941
f 434//942 496//1078 393//836
f 395//839 497//1079 426//925
f 426//926 497//1080 395//840
f 461//1003 498//1081 395//839
f 395//840 498//1082 461//1004
f 468//1017 461//1003 364//767
f 364//768 461//1004 468//1018
f 466//1013 462//1005 396//841
f 396//842 462//1006 466//1014
f 462//1005 463//1007 397//843
f 397//844 463//1008 462//1006
f 463//1007 499//1083 427//927
f 427//928 499//1084 463//1008
f 427//927 500//1085 464//1009
f 464//1010 500//1086 427//928
f 428//929 464//1009 501//1087
f 501//1088 464//1010 428//930
f 429//931 428//929 502//1089
f 502//1090 428//930 429//932
f 429//931 503//1091 465//1011
f 465//1012 503//1092 429//932
f 399//847 465//1011 467//1015
f 467//1016 465//1012 399//848
f 430//933 504//1093 466//1013
f 466//1014 504//1094 430//934
f 505//1095 430//933 431//935
f 431//936 430//934 505//1096
f 506//1097 431//935 426//925
f 426//926 431//936 506//1098
f 432//937 467//1015 410//869
f 410//870 467//1016 432//938
f 456//993 468//1017 433//939
f 433//940 468//1018 456//994
f 434//941 507//1099 469//1019
f 469//1020 507//1100 434//942
f 469//1019 436//945 365//769
f 365//770 436//946 469//1020
f 507//1099 470//1021 436//945
f 436//946 470//1022 507//1100
f 402//853 470//1021 508//1101
f 508//1102 470//1022 402//854
f 402//853 508//1101 471//1023
f 471//1024 508//1102 402//854
f 437//947 471//1023 509//1103
f 509//1104 471//1024 437//948
f 437//947 509//1103 472//1025
f 472//1026 509//1104 437//948
f 403//855 472//1025 473//1027
f 473//1028 472//1026 403//856
f 439//951 438//949 510//1105
f 510//1106 438//950 439//952
f 438//949 473//1027 511//1107
f 511//1108 473//1028 438//950
f 474//1029 404//857 475//1031
f 475//1032 404//858 474//1030
f 482//1045 378//795 474//1029
f 474//1030 378//796 482//1046
f 440//953 444//961 512//1109
f 512//1110 444//962 440//954
f 477//1035 441//955 440//953
f 440//954 441//956 477//1036
f 475//1031 405//859 513//1111
f 513//1112 405//860 475//1032
f 513//1111 405//859 476//1033
f 476//1034 405//860 513//1112
f 476//1033 406//861 477//1035
f 477//1036 406//862 476//1034
f 442//957 445//963 514//1113
f 514//1114 445//964 442//958
f 478//1037 442//957 514//1113
f 514//1114 442//958 478//1038
f 407//863 478//1037 515//1115
f 515//1116 478//1038 407//864
f 407//863 515//1115 479//1039
f 479//1040 515//1116 407//864
f 408//865 479//1039 516//1117
f 516//1118 479//1040 408//866
f 408//865 516//1117 480//1041
f 480//1042 516//1118 408//866
f 409//867 480//1041 517//1119
f 517//1120 480//1042 409//868
f 481//1043 409//867 518//1121
f 518//1122 409//868 481//1044
f 444//961 481//1043 519//1123
f 519//1124 481//1044 444//962
f 410//869 520//1125 445//963
f 445//964 520//1126 410//870
f 447//967 446//965 482//1045
f 482//1046 446//966 447//968
f 521//1127 413//875 447//967
f 447//968 413//876 521//1128
f 483//1129 484//1049 448//1130
f 448//1131 484//1050 483//1132
f 483//1047 413//875 522//1133
f 522//1134 413//876 483//1048
f 448//1130 484//1049 449//973
f 449//974 484//1050 448//1131
f 484//1049 523//1135 414//877
f 414//880 523//1136 484//1050
f 523//1135 485//1051 414//877
f 414//880 485//1052 523//1136
f 524//1137 450//975 485//1051
f 485//1052 450//976 524//1138
f 525//1139 452//979 450//975
f 450//976 452//980 525//1140
f 415//881 487//1055 486//1053
f 486//1054 487//1056 415//884
f 451//977 486//1053 487//1055
f 487//1056 486//1054 451//978
f 452//979 490//1065 487//1055
f 487//1056 490//1066 452//980
f 526//1141 417//893 487//1055
f 487//1056 417//896 526//1142
f 453//1057 417//893 527//1143
f 527//1144 417//896 453//1058
f 455//990 453//1057 527//1143
f 527//1144 453//1058 455//991
f 528//1145 488//1059 454//985
f 454//988 488//1060 528//1146
f 488//1061 491//1067 422//917
f 422//918 491//1068 488//1062
f 489//1063 421//911 529//1147
f 529//1148 421//912 489//1064
f 454//985 489//1063 530//1149
f 530//1150 489//1064 454//988
f 529//1147 421//911 490//1065
f 490//1066 421//912 529//1148
f 490//1065 455//990 526//1141
f 526//1142 455//991 490//1066
f 531//1151 456//993 491//1067
f 491//1068 456//994 531//1152
f 458//997 439//951 510//1105
f 510//1106 439//952 458//998
f 492//1069 458//997 532//1153
f 532//1154 458//998 492//1070
f 424//921 492//1069 493//1071
f 493//1072 492//1070 424//922
f 459//999 493//1071 533//1155
f 533//1156 493//1072 459//1000
f 459//999 533//1155 494//1073
f 494//1074 533//1156 459//1000
f 425//923 494//1073 534//1157
f 534//1158 494//1074 425//924
f 425//923 534//1157 495//1075
f 495//1076 534//1158 425//924
f 495//1075 535//1159 460//1001
f 460//1002 535//1160 495//1076
f 460//1001 496//1077 393//835
f 393//836 496//1078 460//1002
f 535//1159 434//941 496//1077
f 496//1078 434//942 535//1160
f 498//1081 497//1079 395//839
f 395//840 497//1080 498//1082
f 497//1079 506//1097 426//925
f 426//926 506//1098 497//1080
f 468//1017 498//1081 461//1003
f 461//1004 498//1082 468//1018
f 504//1093 462//1005 466//1013
f 466//1014 462//1006 504//1094
f 462//1005 536//1161 463//1007
f 463//1008 536//1162 462//1006
f 463//1007 537//1163 499//1083
f 499//1084 537//1164 463//1008
f 427//927 499//1083 500//1085
f 500//1086 499//1084 427//928
f 464//1009 500//1085 501//1087
f 501//1088 500//1086 464//1010
f 428//929 501//1087 538//1165
f 538//1166 501//1088 428//930
f 428//929 538//1165 502//1089
f 502//1090 538//1166 428//930
f 429//931 502//1089 503//1091
f 503//1092 502//1090 429//932
f 503//1091 539//1167 465//1011
f 465//1012 539//1168 503//1092
f 465//1011 539//1167 467//1015
f 467//1016 539//1168 465//1012
f 505//1095 504//1093 430//933
f 430//934 504//1094 505//1096
f 540//1169 505//1095 431//935
f 431//936 505//1096 540//1170
f 506//1097 540//1169 431//935
f 431//936 540//1170 506//1098
f 410//869 467//1015 520//1125
f 520//1126 467//1016 410//870
f 541//1171 468//1017 456//993
f 456//994 468//1018 541//1172
f 542//1173 507//1099 434//941
f 434//942 507//1100 542//1174
f 469//1019 507//1099 436//945
f 436//946 507//1100 469//1020
f 507//1099 508//1101 470//1021
f 470//1022 508//1102 507//1100
f 508//1101 543//1175 471//1023
f 471//1024 543//1176 508//1102
f 471//1023 544//1177 509//1103
f 509//1104 544//1178 471//1024
f 472//1025 509//1103 545//1179
f 545//1180 509//1104 472//1026
f 473//1027 472//1025 546//1181
f 546//1182 472//1026 473//1028
f 510//1105 438//949 511//1107
f 511//1108 438//950 510//1106
f 511//1107 473//1027 546//1181
f 546//1182 473//1028 511//1108
f 482//1045 474//1029 475//1031
f 475//1032 474//1030 482//1046
f 512//1109 444//961 519//1123
f 519//1124 444//962 512//1110
f 477//1035 440//953 512//1109
f 512//1110 440//954 477//1036
f 547//1183 475//1031 513//1111
f 513//1112 475//1032 547//1184
f 548//1185 513//1111 476//1033
f 476//1034 513//1112 548//1186
f 549//1187 476//1033 477//1035
f 477//1036 476//1034 549//1188
f 445//963 550//1189 514//1113
f 514//1114 550//1190 445//964
f 478//1037 514//1113 551//1191
f 551//1192 514//1114 478//1038
f 478//1037 551//1193 515//1115
f 515//1116 551//1194 478//1038
f 479//1195 515//1196 552//1197
f 552//1198 515//1199 479//1200
f 516//1201 479//1195 552//1197
f 552//1198 479//1200 516//1202
f 480//1203 516//1201 553//1204
f 553//1205 516//1202 480//1206
f 517//1207 480//1203 553//1204
f 553//1205 480//1206 517//1208
f 409//867 517//1119 518//1121
f 518//1122 517//1120 409//868
f 519//1123 481//1043 518//1121
f 518//1122 481//1044 519//1124
f 445//963 520//1125 554//1209
f 554//1210 520//1126 445//964
f 447//967 482//1045 555//1211
f 555//1212 482//1046 447//968
f 522//1133 413//875 521//1127
f 521//1128 413//876 522//1134
f 556//1213 521//1127 447//967
f 447//968 521//1128 556//1214
f 557//1215 484//1049 483//1129
f 483//1132 484//1050 557//1216
f 522//1217 557//1215 483//1129
f 483//1132 557//1216 522//1218
f 558//1219 523//1220 484//1221
f 484//1222 523//1223 558//1224
f 559//1225 485//1051 523//1220
f 523//1223 485//1052 559//1226
f 524//1137 525//1139 450//975
f 450//976 525//1140 524//1138
f 559//1225 524//1137 485//1051
f 485//1052 524//1138 559//1226
f 525//1139 560//1227 452//979
f 452//980 560//1228 525//1140
f 452//979 561//1229 490//1065
f 490//1066 561//1230 452//980
f 490//1065 526//1141 487//1055
f 487//1056 526//1142 490//1066
f 527//1143 417//893 526//1141
f 526//1142 417//896 527//1144
f 455//990 527//1143 526//1141
f 526//1142 527//1144 455//991
f 491//1231 488//1059 528//1145
f 528//1146 488//1060 491//1232
f 528//1145 454//985 562//1233
f 562//1234 454//988 528//1146
f 489//1063 529//1147 563//1235
f 563//1236 529//1148 489//1064
f 530//1149 489//1063 564//1237
f 564//1238 489//1064 530//1150
f 562//1233 454//985 530//1149
f 530//1150 454//988 562//1234
f 529//1147 490//1065 561//1229
f 561//1230 490//1066 529//1148
f 531//1151 565//1239 456//993
f 456//994 565//1240 531//1152
f 531//1241 491//1231 528//1145
f 528//1146 491//1232 531//1242
f 532//1153 458//997 510//1105
f 510//1106 458//998 532//1154
f 492//1069 532//1153 566//1243
f 566//1244 532//1154 492//1070
f 492//1069 566//1243 493//1071
f 493//1072 566//1244 492//1070
f 493//1071 567//1245 533//1155
f 533//1156 567//1246 493//1072
f 494//1073 533//1155 568//1247
f 568//1248 533//1156 494//1074
f 534//1157 494//1073 569//1249
f 569//1250 494//1074 534//1158
f 495//1075 534//1157 535//1159
f 535//1160 534//1158 495//1076
f 460//1001 535//1159 496//1077
f 496//1078 535//1160 460//1002
f 535//1159 542//1173 434//941
f 434//942 542//1174 535//1160
f 498//1081 506//1097 497//1079
f 497//1080 506//1098 498//1082
f 468//1017 570//1251 498//1081
f 498//1082 570//1252 468//1018
f 504//1093 536//1161 462//1005
f 462//1006 536//1162 504//1094
f 536//1161 537//1163 463//1007
f 463//1008 537//1164 536//1162
f 537//1163 571//1253 499//1083
f 499//1084 571//1254 537//1164
f 499//1083 571//1253 500//1085
f 500//1086 571//1254 499//1084
f 500//1255 572//1256 501//1257
f 501//1258 572//1259 500//1260
f 501//1257 572//1256 538//1261
f 538//1262 572//1259 501//1258
f 538//1261 573//1263 502//1264
f 502//1265 573//1266 538//1262
f 503//1091 502//1089 574//1267
f 574//1268 502//1090 503//1092
f 503//1091 575//1269 539//1167
f 539//1168 575//1270 503//1092
f 467//1015 539//1167 576//1271
f 576//1272 539//1168 467//1016
f 577//1273 504//1093 505//1095
f 505//1096 504//1094 577//1274
f 578//1275 505//1095 540//1169
f 540//1170 505//1096 578//1276
f 579//1277 540//1169 506//1097
f 506//1098 540//1170 579//1278
f 467//1015 580//1279 520//1125
f 520//1126 580//1280 467//1016
f 581//1281 468//1017 541//1171
f 541//1172 468//1018 581//1282
f 565//1239 541//1171 456//993
f 456//994 541//1172 565//1240
f 542//1173 582//1283 507//1099
f 507//1100 582//1284 542//1174
f 583//1285 508//1101 507//1099
f 507//1100 508//1102 583//1286
f 584//1287 543//1175 508//1101
f 508//1102 543//1176 584//1288
f 471//1023 543//1175 585//1289
f 585//1290 543//1176 471//1024
f 471//1023 585//1289 544//1177
f 544//1178 585//1290 471//1024
f 509//1103 544//1177 586//1291
f 586//1292 544//1178 509//1104
f 509//1103 586//1291 545//1179
f 545//1180 586//1292 509//1104
f 546//1181 472//1025 545//1179
f 545//1180 472//1026 546//1182
f 510//1105 511//1107 587//1293
f 587//1294 511//1108 510//1106
f 587//1293 511//1107 546//1181
f 546//1182 511//1108 587//1294
f 588//1295 482//1045 475//1031
f 475//1032 482//1046 588//1296
f 512//1109 519//1123 589//1297
f 589//1298 519//1124 512//1110
f 590//1299 477//1035 512//1109
f 512//1110 477//1036 590//1300
f 588//1295 475//1031 547//1183
f 547//1184 475//1032 588//1296
f 591//1301 547//1183 513//1111
f 513//1112 547//1184 591//1302
f 591//1301 513//1111 548//1185
f 548//1186 513//1112 591//1302
f 548//1185 476//1033 549//1187
f 549//1188 476//1034 548//1186
f 549//1187 477//1035 590//1299
f 590//1300 477//1036 549//1188
f 445//963 554//1209 550//1189
f 550//1190 554//1210 445//964
f 550//1189 554//1209 514//1113
f 514//1114 554//1210 550//1190
f 514//1113 592//1303 551//1191
f 551//1192 592//1304 514//1114
f 551//1193 593//1305 515//1115
f 515//1116 593//1306 551//1194
f 552//1197 515//1196 594//1307
f 594//1308 515//1199 552//1198
f 553//1204 516//1201 552//1197
f 552//1198 516//1202 553//1205
f 595//1309 517//1207 553//1204
f 553//1205 517//1208 595//1310
f 518//1311 517//1207 595//1309
f 595//1310 517//1208 518//1312
f 519//1123 518//1121 596//1313
f 596//1314 518//1122 519//1124
f 520//1125 597//1315 554//1209
f 554//1210 597//1316 520//1126
f 598//1317 555//1211 482//1045
f 482//1046 555//1212 598//1318
f 556//1213 447//967 555//1211
f 555//1212 447//968 556//1214
f 522//1133 521//1127 556//1213
f 556//1214 521//1128 522//1134
f 557//1215 599//1319 484//1049
f 484//1050 599//1320 557//1216
f 600//1321 557//1215 522//1217
f 522//1218 557//1216 600//1322
f 523//1220 558//1219 559//1225
f 559//1226 558//1224 523//1223
f 484//1221 601//1323 558//1219
f 558//1224 601//1324 484//1222
f 524//1325 602//1326 525//1327
f 525//1328 602//1329 524//1330
f 559//1331 603//1332 524//1325
f 524//1330 603//1333 559//1334
f 604//1335 560//1336 525//1327
f 525//1328 560//1337 604//1338
f 560//1227 561//1229 452//979
f 452//980 561//1230 560//1228
f 528//1339 562//1340 605//1341
f 605//1342 562//1343 528//1344
f 563//1235 529//1147 606//1345
f 606//1346 529//1148 563//1236
f 564//1237 489//1063 563//1235
f 563//1236 489//1064 564//1238
f 607//1347 530//1149 564//1237
f 564//1238 530//1150 607//1348
f 562//1340 530//1149 607//1347
f 607//1348 530//1150 562//1343
f 529//1147 561//1229 606//1345
f 606//1346 561//1230 529//1148
f 565//1349 531//1241 608//1350
f 608//1351 531//1242 565//1352
f 608//1350 531//1241 528//1145
f 528//1146 531//1242 608//1351
f 532//1153 510//1105 609//1353
f 609//1354 510//1106 532//1154
f 566//1243 532//1153 609//1353
f 609//1354 532//1154 566//1244
f 566//1243 567//1245 493//1071
f 493//1072 567//1246 566//1244
f 533//1155 567//1245 610//1355
f 610//1356 567//1246 533//1156
f 533//1155 610//1355 568//1247
f 568//1248 610//1356 533//1156
f 494//1073 568//1247 611//1357
f 611//1358 568//1248 494//1074
f 494//1073 611//1357 569//1249
f 569//1250 611//1358 494//1074
f 569//1249 612//1359 534//1157
f 534//1158 612//1360 569//1250
f 534//1157 613//1361 535//1159
f 535//1160 613//1362 534//1158
f 535//1159 582//1283 542//1173
f 542//1174 582//1284 535//1160
f 614//1363 506//1097 498//1081
f 498//1082 506//1098 614//1364
f 581//1281 570//1251 468//1017
f 468//1018 570//1252 581//1282
f 615//1365 498//1081 570//1251
f 570//1252 498//1082 615//1366
f 616//1367 536//1161 504//1093
f 504//1094 536//1162 616//1368
f 536//1161 617//1369 537//1163
f 537//1164 617//1370 536//1162
f 537//1163 618//1371 571//1253
f 571//1254 618//1372 537//1164
f 571//1373 619//1374 500//1255
f 500//1260 619//1375 571//1376
f 619//1374 572//1256 500//1255
f 500//1260 572//1259 619//1375
f 572//1256 573//1263 538//1261
f 538//1262 573//1266 572//1259
f 502//1264 573//1263 574//1377
f 574//1378 573//1266 502//1265
f 503//1091 574//1267 620//1379
f 620//1380 574//1268 503//1092
f 575//1379 503//1091 620//1379
f 620//1380 503//1092 575//1380
f 539//1167 575//1269 621//1381
f 621//1382 575//1270 539//1168
f 576//1271 539//1167 580//1279
f 580//1280 539//1168 576//1272
f 467//1015 576//1271 580//1279
f 580//1280 576//1272 467//1016
f 577//1273 616//1367 504//1093
f 504//1094 616//1368 577//1274
f 578//1275 577//1273 505//1095
f 505//1096 577//1274 578//1276
f 622//1383 578//1275 540//1169
f 540//1170 578//1276 622//1384
f 622//1383 540//1169 579//1277
f 579//1278 540//1170 622//1384
f 614//1363 579//1277 506//1097
f 506//1098 579//1278 614//1364
f 520//1125 580//1279 623//1385
f 623//1386 580//1280 520//1126
f 565//1239 581//1281 541//1171
f 541//1172 581//1282 565//1240
f 582//1283 583//1285 507//1099
f 507//1100 583//1286 582//1284
f 583//1285 584//1287 508//1101
f 508//1102 584//1288 583//1286
f 584//1287 585//1289 543//1175
f 543//1176 585//1290 584//1288
f 544//1177 585//1289 624//1387
f 624//1388 585//1290 544//1178
f 544//1177 625//1389 586//1291
f 586//1292 625//1390 544//1178
f 545//1179 586//1291 626//1391
f 626//1392 586//1292 545//1180
f 546//1181 545//1179 627//1393
f 627//1394 545//1180 546//1182
f 510//1105 587//1293 628//1395
f 628//1396 587//1294 510//1106
f 587//1293 546//1181 627//1393
f 627//1394 546//1182 587//1294
f 598//1317 482//1045 588//1295
f 588//1296 482//1046 598//1318
f 589//1297 519//1123 629//1397
f 629//1398 519//1124 589//1298
f 590//1299 512//1109 589//1297
f 589//1298 512//1110 590//1300
f 598//1317 588//1295 547//1183
f 547//1184 588//1296 598//1318
f 591//1301 630//1399 547//1183
f 547//1184 630//1400 591//1302
f 631//1401 591//1301 548//1185
f 548//1186 591//1302 631//1402
f 548//1185 549//1187 632//1403
f 632//1404 549//1188 548//1186
f 633//1405 549//1187 590//1299
f 590//1300 549//1188 633//1406
f 514//1113 554//1209 634//1407
f 634//1408 554//1210 514//1114
f 514//1113 634//1407 592//1303
f 592//1304 634//1408 514//1114
f 592//1409 593//1305 551//1193
f 551//1194 593//1306 592//1410
f 515//1196 593//1411 594//1307
f 594//1308 593//1412 515//1199
f 552//1197 594//1307 635//1413
f 635//1414 594//1308 552//1198
f 553//1204 552//1197 636//1415
f 636//1416 552//1198 553//1205
f 595//1309 553//1204 636//1415
f 636//1416 553//1205 595//1310
f 596//1417 518//1311 595//1309
f 595//1310 518//1312 596//1418
f 519//1123 596//1313 637//1419
f 637//1420 596//1314 519//1124
f 520//1125 623//1385 597//1315
f 597//1316 623//1386 520//1126
f 554//1209 597//1315 634//1407
f 634//1408 597//1316 554//1210
f 556//1213 555//1211 598//1317
f 598//1318 555//1212 556//1214
f 600//1421 522//1133 556//1213
f 556//1214 522//1134 600//1422
f 638//1423 599//1319 557//1215
f 557//1216 599//1320 638//1424
f 484//1221 599//1425 601//1323
f 601//1324 599//1426 484//1222
f 639//1427 557//1215 600//1321
f 600//1322 557//1216 639//1428
f 558//1429 640//1430 559//1331
f 559//1334 640//1431 558//1432
f 601//1433 641//1434 558//1429
f 558//1432 641//1435 601//1436
f 524//1325 603//1332 602//1326
f 602//1329 603//1333 524//1330
f 604//1335 525//1327 602//1326
f 602//1329 525//1328 604//1338
f 559//1331 640//1430 603//1332
f 603//1333 640//1431 559//1334
f 606//1437 560//1336 604//1335
f 604//1338 560//1337 606//1438
f 560//1227 606//1345 561//1229
f 561//1230 606//1346 560//1228
f 605//1341 562//1340 607//1347
f 607//1348 562//1343 605//1342
f 642//1439 528//1339 605//1341
f 605//1342 528//1344 642//1440
f 563//1441 606//1437 643//1442
f 643//1443 606//1438 563//1444
f 564//1445 563//1441 643//1442
f 643//1443 563//1444 564//1446
f 607//1447 564//1445 644//1448
f 644//1449 564//1446 607//1450
f 645//1451 565//1349 608//1350
f 608//1351 565//1352 645//1452
f 608//1350 528//1145 646//1453
f 646//1454 528//1146 608//1351
f 609//1353 510//1105 628//1395
f 628//1396 510//1106 609//1354
f 566//1243 609//1353 647//1455
f 647//1456 609//1354 566//1244
f 566//1243 647//1455 567//1245
f 567//1246 647//1456 566//1244
f 567//1245 648//1457 610//1355
f 610//1356 648//1458 567//1246
f 568//1247 610//1355 649//1459
f 649//1460 610//1356 568//1248
f 568//1247 650//1461 611//1357
f 611//1358 650//1462 568//1248
f 569//1249 611//1357 612//1359
f 612//1360 611//1358 569//1250
f 534//1157 612//1359 613//1361
f 613//1362 612//1360 534//1158
f 535//1159 613//1361 582//1283
f 582//1284 613//1362 535//1160
f 615//1365 614//1363 498//1081
f 498//1082 614//1364 615//1366
f 581//1281 615//1365 570//1251
f 570//1252 615//1366 581//1282
f 616//1367 617//1369 536//1161
f 536//1162 617//1370 616//1368
f 617//1369 651//1463 537//1163
f 537//1164 651//1464 617//1370
f 537//1163 652//1465 618//1371
f 618//1372 652//1466 537//1164
f 618//1467 619//1374 571//1373
f 571//1376 619//1375 618//1468
f 619//1374 653//1469 572//1256
f 572//1259 653//1470 619//1375
f 572//1256 653//1469 573//1263
f 573//1266 653//1470 572//1259
f 573//1263 654//1471 574//1377
f 574//1378 654//1472 573//1266
f 574//1377 654//1471 620//1473
f 620//1474 654//1472 574//1378
f 575//1379 620//1379 621//1475
f 621//1476 620//1380 575//1380
f 539//1167 621//1381 655//1477
f 655//1478 621//1382 539//1168
f 539//1167 655//1477 580//1279
f 580//1280 655//1478 539//1168
f 616//1367 577//1273 656//1479
f 656//1480 577//1274 616//1368
f 578//1275 657//1481 577//1273
f 577//1274 657//1482 578//1276
f 622//1383 658//1483 578//1275
f 578//1276 658//1484 622//1384
f 579//1277 659//1485 622//1383
f 622//1384 659//1486 579//1278
f 615//1365 579//1277 614//1363
f 614//1364 579//1278 615//1366
f 580//1279 655//1477 623//1385
f 623//1386 655//1478 580//1280
f 645//1487 581//1281 565//1239
f 565//1240 581//1282 645//1488
f 582//1283 584//1287 583//1285
f 583//1286 584//1288 582//1284
f 660//1489 585//1289 584//1287
f 584//1288 585//1290 660//1490
f 661//1491 624//1387 585//1289
f 585//1290 624//1388 661//1492
f 544//1177 624//1387 625//1389
f 625//1390 624//1388 544//1178
f 586//1291 625//1389 662//1493
f 662//1494 625//1390 586//1292
f 626//1391 586//1291 663//1495
f 663//1496 586//1292 626//1392
f 627//1393 545//1179 626//1391
f 626//1392 545//1180 627//1394
f 628//1395 587//1293 664//1497
f 664//1498 587//1294 628//1396
f 664//1497 587//1293 627//1393
f 627//1394 587//1294 664//1498
f 519//1123 637//1419 629//1397
f 629//1398 637//1420 519//1124
f 589//1297 629//1397 665//1499
f 665//1500 629//1398 589//1298
f 590//1299 589//1297 666//1501
f 666//1502 589//1298 590//1300
f 598//1317 547//1183 667//1503
f 667//1504 547//1184 598//1318
f 668//1505 630//1399 591//1301
f 591//1302 630//1400 668//1506
f 630//1399 667//1503 547//1183
f 547//1184 667//1504 630//1400
f 631//1401 668//1505 591//1301
f 591//1302 668//1506 631//1402
f 631//1401 548//1185 632//1403
f 632//1404 548//1186 631//1402
f 633//1405 632//1403 549//1187
f 549//1188 632//1404 633//1406
f 633//1405 590//1299 666//1501
f 666//1502 590//1300 633//1406
f 592//1303 634//1407 669//1507
f 669//1508 634//1408 592//1304
f 592//1409 670//1509 593//1305
f 593//1306 670//1510 592//1410
f 594//1307 593//1411 670//1511
f 670//1512 593//1412 594//1308
f 635//1413 594//1307 671//1513
f 671//1514 594//1308 635//1414
f 552//1197 635//1413 672//1515
f 672//1516 635//1414 552//1198
f 636//1415 552//1197 672//1515
f 672//1516 552//1198 636//1416
f 595//1309 636//1415 673//1517
f 673//1518 636//1416 595//1310
f 596//1417 595//1309 674//1519
f 674//1520 595//1310 596//1418
f 637//1521 596//1417 674//1519
f 674//1520 596//1418 637//1522
f 623//1385 675//1523 597//1315
f 597//1316 675//1524 623//1386
f 634//1407 597//1315 676//1525
f 676//1526 597//1316 634//1408
f 677//1527 556//1213 598//1317
f 598//1318 556//1214 677//1528
f 600//1421 556//1213 678//1529
f 678//1530 556//1214 600//1422
f 599//1425 638//1531 679//1532
f 679//1533 638//1534 599//1426
f 680//1535 638//1423 557//1215
f 557//1216 638//1424 680//1536
f 599//1425 679//1532 601//1323
f 601//1324 679//1533 599//1426
f 639//1427 680//1535 557//1215
f 557//1216 680//1536 639//1428
f 678//1537 639//1427 600//1321
f 600//1322 639//1428 678//1538
f 558//1429 641//1434 640//1430
f 640//1431 641//1435 558//1432
f 601//1433 681//1539 641//1434
f 641//1435 681//1540 601//1436
f 603//1332 682//1541 602//1326
f 602//1329 682//1542 603//1333
f 683//1543 604//1335 602//1326
f 602//1329 604//1338 683//1544
f 640//1430 684//1545 603//1332
f 603//1333 684//1546 640//1431
f 606//1437 604//1335 685//1547
f 685//1548 604//1338 606//1438
f 605//1549 607//1447 686//1550
f 686//1551 607//1450 605//1552
f 528//1339 642//1439 646//1553
f 646//1554 642//1440 528//1344
f 642//1555 605//1549 687//1556
f 687//1557 605//1552 642//1558
f 643//1442 606//1437 685//1547
f 685//1548 606//1438 643//1443
f 564//1445 643//1442 644//1448
f 644//1449 643//1443 564//1446
f 607//1447 644//1448 686//1550
f 686//1551 644//1449 607//1450
f 688//1559 645//1451 608//1350
f 608//1351 645//1452 688//1560
f 689//1561 608//1350 646//1453
f 646//1454 608//1351 689//1562
f 609//1353 628//1395 690//1563
f 690//1564 628//1396 609//1354
f 647//1455 609//1353 690//1563
f 690//1564 609//1354 647//1456
f 647//1455 648//1457 567//1245
f 567//1246 648//1458 647//1456
f 648//1457 691//1565 610//1355
f 610//1356 691//1566 648//1458
f 610//1355 692//1567 649//1459
f 649//1460 692//1568 610//1356
f 568//1247 649//1459 650//1461
f 650//1462 649//1460 568//1248
f 650//1461 693//1569 611//1357
f 611//1358 693//1570 650//1462
f 611//1357 694//1571 612//1359
f 612//1360 694//1572 611//1358
f 612//1359 582//1283 613//1361
f 613//1362 582//1284 612//1360
f 695//1573 615//1365 581//1281
f 581//1282 615//1366 695//1574
f 616//1367 696//1575 617//1369
f 617//1370 696//1576 616//1368
f 617//1369 697//1577 651//1463
f 651//1464 697//1578 617//1370
f 537//1163 651//1463 652//1465
f 652//1466 651//1464 537//1164
f 652//1579 698//1580 618//1467
f 618//1468 698//1581 652//1582
f 618//1467 698//1580 619//1374
f 619//1375 698//1581 618//1468
f 619//1374 699//1583 653//1469
f 653//1470 699//1584 619//1375
f 653//1469 700//1585 573//1263
f 573//1266 700//1586 653//1470
f 573//1263 700//1585 654//1471
f 654//1472 700//1586 573//1266
f 654//1471 701//1587 620//1473
f 620//1474 701//1588 654//1472
f 621//1475 620//1379 701//1589
f 701//1590 620//1380 621//1476
f 621//1381 702//1591 655//1477
f 655//1478 702//1592 621//1382
f 577//1273 657//1481 656//1479
f 656//1480 657//1482 577//1274
f 616//1367 656//1479 696//1575
f 696//1576 656//1480 616//1368
f 658//1483 657//1481 578//1275
f 578//1276 657//1482 658//1484
f 622//1383 703//1593 658//1483
f 658//1484 703//1594 622//1384
f 704//1595 659//1485 579//1277
f 579//1278 659//1486 704//1596
f 659//1485 703//1593 622//1383
f 622//1384 703//1594 659//1486
f 615//1365 704//1595 579//1277
f 579//1278 704//1596 615//1366
f 655//1477 705//1597 623//1385
f 623//1386 705//1598 655//1478
f 645//1487 706//1599 581//1281
f 581//1282 706//1600 645//1488
f 582//1283 707//1601 584//1287
f 584//1288 707//1602 582//1284
f 660//1489 661//1491 585//1289
f 585//1290 661//1492 660//1490
f 708//1603 660//1489 584//1287
f 584//1288 660//1490 708//1604
f 661//1491 709//1605 624//1387
f 624//1388 709//1606 661//1492
f 625//1389 624//1387 710//1607
f 710//1608 624//1388 625//1390
f 625//1389 710//1607 662//1493
f 662//1494 710//1608 625//1390
f 586//1291 662//1493 711//1609
f 711//1610 662//1494 586//1292
f 586//1291 711//1609 663//1495
f 663//1496 711//1610 586//1292
f 712//1611 626//1391 663//1495
f 663//1496 626//1392 712//1612
f 627//1393 626//1391 712//1611
f 712//1612 626//1392 627//1394
f 713//1613 628//1395 664//1497
f 664//1498 628//1396 713//1614
f 664//1497 627//1393 712//1611
f 712//1612 627//1394 664//1498
f 629//1397 637//1419 665//1499
f 665//1500 637//1420 629//1398
f 666//1501 589//1297 665//1499
f 665//1500 589//1298 666//1502
f 714//1615 598//1317 667//1503
f 667//1504 598//1318 714//1616
f 668//1505 715//1617 630//1399
f 630//1400 715//1618 668//1506
f 630//1399 714//1615 667//1503
f 667//1504 714//1616 630//1400
f 716//1619 668//1505 631//1401
f 631//1402 668//1506 716//1620
f 717//1621 631//1401 632//1403
f 632//1404 631//1402 717//1622
f 718//1623 632//1403 633//1405
f 633//1406 632//1404 718//1624
f 719//1625 633//1405 666//1501
f 666//1502 633//1406 719//1626
f 634//1407 720//1627 669//1507
f 669//1508 720//1628 634//1408
f 592//1409 669//1629 721//1630
f 721//1631 669//1632 592//1410
f 592//1409 721//1630 670//1509
f 670//1510 721//1631 592//1410
f 594//1307 670//1511 671//1513
f 671//1514 670//1512 594//1308
f 635//1413 671//1513 722//1633
f 722//1634 671//1514 635//1414
f 636//1415 672//1515 635//1413
f 635//1414 672//1516 636//1416
f 673//1517 636//1415 723//1635
f 723//1636 636//1416 673//1518
f 674//1519 595//1309 673//1517
f 673//1518 595//1310 674//1520
f 724//1637 637//1521 674//1519
f 674//1520 637//1522 724//1638
f 623//1385 725//1639 675//1523
f 675//1524 725//1640 623//1386
f 597//1315 675//1523 726//1641
f 726//1642 675//1524 597//1316
f 597//1315 727//1643 676//1525
f 676//1526 727//1644 597//1316
f 634//1407 676//1525 720//1627
f 720//1628 676//1526 634//1408
f 678//1529 556//1213 677//1527
f 677//1528 556//1214 678//1530
f 714//1615 677//1527 598//1317
f 598//1318 677//1528 714//1616
f 728//1645 679//1532 638//1531
f 638//1534 679//1533 728//1646
f 680//1647 728//1645 638//1531
f 638//1534 728//1646 680//1648
f 679//1649 729//1650 601//1433
f 601//1436 729//1651 679//1652
f 730//1653 680//1535 639//1427
f 639//1428 680//1536 730//1654
f 731//1655 639//1427 678//1537
f 678//1538 639//1428 731//1656
f 641//1434 732//1657 640//1430
f 640//1431 732//1658 641//1435
f 601//1433 729//1650 681//1539
f 681//1540 729//1651 601//1436
f 681//1539 733//1659 641//1434
f 641//1435 733//1660 681//1540
f 603//1332 684//1545 682//1541
f 682//1542 684//1546 603//1333
f 683//1543 602//1326 682//1541
f 682//1542 602//1329 683//1544
f 685//1547 604//1335 683//1543
f 683//1544 604//1338 685//1548
f 640//1430 732//1657 684//1545
f 684//1546 732//1658 640//1431
f 605//1549 686//1550 687//1556
f 687//1557 686//1551 605//1552
f 646//1553 642//1439 734//1661
f 734//1662 642//1440 646//1554
f 642//1555 687//1556 735//1663
f 735//1664 687//1557 642//1558
f 643//1442 685//1547 736//1665
f 736//1666 685//1548 643//1443
f 644//1448 643//1442 736//1665
f 736//1666 643//1443 644//1449
f 686//1550 644//1448 737//1667
f 737//1668 644//1449 686//1551
f 706//1669 645//1451 688//1559
f 688//1560 645//1452 706//1670
f 688//1559 608//1350 738//1671
f 738//1672 608//1351 688//1560
f 738//1671 608//1350 689//1561
f 689//1562 608//1351 738//1672
f 646//1553 734//1661 689//1673
f 689//1674 734//1662 646//1554
f 690//1563 628//1395 713//1613
f 713//1614 628//1396 690//1564
f 739//1675 647//1455 690//1563
f 690//1564 647//1456 739//1676
f 647//1455 739//1675 648//1457
f 648//1458 739//1676 647//1456
f 739//1675 691//1565 648//1457
f 648//1458 691//1566 739//1676
f 610//1355 691//1565 740//1677
f 740//1678 691//1566 610//1356
f 610//1355 740//1677 692//1567
f 692//1568 740//1678 610//1356
f 649//1459 692//1567 741//1679
f 741//1680 692//1568 649//1460
f 649//1459 741//1679 650//1461
f 650//1462 741//1680 649//1460
f 650//1461 742//1681 693//1569
f 693//1570 742//1682 650//1462
f 611//1357 693//1569 694//1571
f 694//1572 693//1570 611//1358
f 612//1359 694//1571 708//1603
f 708//1604 694//1572 612//1360
f 612//1359 707//1601 582//1283
f 582//1284 707//1602 612//1360
f 743//1683 615//1365 695//1573
f 695//1574 615//1366 743//1684
f 706//1599 695//1573 581//1281
f 581//1282 695//1574 706//1600
f 696//1575 697//1577 617//1369
f 617//1370 697//1578 696//1576
f 651//1463 697//1577 652//1465
f 652//1466 697//1578 651//1464
f 744//1685 698//1580 652//1579
f 652//1582 698//1581 744//1686
f 698//1580 699//1583 619//1374
f 619//1375 699//1584 698//1581
f 699//1583 723//1635 653//1469
f 653//1470 723//1636 699//1584
f 653//1469 723//1635 700//1585
f 700//1586 723//1636 653//1470
f 700//1585 723//1635 654//1471
f 654//1472 723//1636 700//1586
f 654//1471 745//1687 701//1587
f 701//1588 745//1688 654//1472
f 621//1475 701//1589 746//1689
f 746//1690 701//1590 621//1476
f 702//1691 621//1475 746//1689
f 746//1690 621//1476 702//1692
f 655//1477 702//1591 747//1693
f 747//1694 702//1592 655//1478
f 657//1481 748//1695 656//1479
f 656//1480 748//1696 657//1482
f 696//1575 656//1479 749//1697
f 749//1698 656//1480 696//1576
f 658//1483 750//1699 657//1481
f 657//1482 750//1700 658//1484
f 703//1593 751//1701 658//1483
f 658//1484 751//1702 703//1594
f 743//1683 659//1485 704//1595
f 704//1596 659//1486 743//1684
f 659//1485 752//1703 703//1593
f 703//1594 752//1704 659//1486
f 743//1683 704//1595 615//1365
f 615//1366 704//1596 743//1684
f 655//1477 747//1693 705//1597
f 705//1598 747//1694 655//1478
f 623//1385 705//1597 725//1639
f 725//1640 705//1598 623//1386
f 708//1603 584//1287 707//1601
f 707//1602 584//1288 708//1604
f 708//1603 661//1491 660//1489
f 660//1490 661//1492 708//1604
f 753//1705 709//1605 661//1491
f 661//1492 709//1606 753//1706
f 709//1605 710//1607 624//1387
f 624//1388 710//1608 709//1606
f 710//1607 754//1707 662//1493
f 662//1494 754//1708 710//1608
f 711//1609 662//1493 755//1709
f 755//1710 662//1494 711//1610
f 663//1495 711//1609 755//1709
f 755//1710 711//1610 663//1496
f 712//1611 663//1495 756//1711
f 756//1712 663//1496 712//1612
f 713//1613 664//1497 757//1713
f 757//1714 664//1498 713//1614
f 758//1715 664//1497 712//1611
f 712//1612 664//1498 758//1716
f 665//1499 637//1419 724//1717
f 724//1718 637//1420 665//1500
f 759//1719 666//1501 665//1499
f 665//1500 666//1502 759//1720
f 760//1721 715//1617 668//1505
f 668//1506 715//1618 760//1722
f 715//1617 761//1723 630//1399
f 630//1400 761//1724 715//1618
f 630//1399 762//1725 714//1615
f 714//1616 762//1726 630//1400
f 716//1619 760//1721 668//1505
f 668//1506 760//1722 716//1620
f 717//1621 716//1619 631//1401
f 631//1402 716//1620 717//1622
f 718//1623 717//1621 632//1403
f 632//1404 717//1622 718//1624
f 718//1623 633//1405 719//1625
f 719//1626 633//1406 718//1624
f 719//1625 666//1501 759//1719
f 759//1720 666//1502 719//1626
f 720//1727 763//1728 669//1629
f 669//1632 763//1729 720//1730
f 669//1629 763//1728 721//1630
f 721//1631 763//1729 669//1632
f 670//1511 721//1731 671//1513
f 671//1514 721//1732 670//1512
f 722//1633 671//1513 764//1733
f 764//1734 671//1514 722//1634
f 635//1413 722//1633 723//1635
f 723//1636 722//1634 635//1414
f 636//1415 635//1413 723//1635
f 723//1636 635//1414 636//1416
f 699//1583 673//1517 723//1635
f 723//1636 673//1518 699//1584
f 765//1735 674//1519 673//1517
f 673//1518 674//1520 765//1736
f 724//1637 674//1519 765//1735
f 765//1736 674//1520 724//1638
f 725//1639 766//1737 675//1523
f 675//1524 766//1738 725//1640
f 675//1523 767//1739 726//1641
f 726//1642 767//1740 675//1524
f 597//1315 726//1641 727//1643
f 727//1644 726//1642 597//1316
f 676//1525 727//1643 768//1741
f 768//1742 727//1644 676//1526
f 720//1627 676//1525 769//1743
f 769//1744 676//1526 720//1628
f 678//1529 677//1527 714//1615
f 714//1616 677//1528 678//1530
f 728//1745 770//1746 679//1649
f 679//1652 770//1747 728//1748
f 771//1749 728//1645 680//1647
f 680//1648 728//1646 771//1750
f 679//1649 770//1746 729//1650
f 729//1651 770//1747 679//1652
f 730//1751 771//1749 680//1647
f 680//1648 771//1750 730//1752
f 772//1753 730//1653 639//1427
f 639//1428 730//1654 772//1754
f 773//1755 639//1427 731//1655
f 731//1656 639//1428 773//1756
f 731//1757 678//1529 714//1615
f 714//1616 678//1530 731//1758
f 641//1434 733//1659 732//1657
f 732//1658 733//1660 641//1435
f 729//1650 774//1759 681//1539
f 681//1540 774//1760 729//1651
f 681//1539 775//1761 733//1659
f 733//1660 775//1762 681//1540
f 684//1545 776//1763 682//1541
f 682//1542 776//1764 684//1546
f 777//1765 683//1543 682//1541
f 682//1542 683//1544 777//1766
f 685//1547 683//1543 778//1767
f 778//1768 683//1544 685//1548
f 732//1657 779//1769 684//1545
f 684//1546 779//1770 732//1658
f 687//1556 686//1550 780//1771
f 780//1772 686//1551 687//1557
f 734//1773 642//1555 735//1663
f 735//1664 642//1558 734//1774
f 735//1663 687//1556 781//1775
f 781//1776 687//1557 735//1664
f 736//1665 685//1547 778//1767
f 778//1768 685//1548 736//1666
f 644//1448 736//1665 737//1667
f 737//1668 736//1666 644//1449
f 686//1550 737//1667 780//1771
f 780//1772 737//1668 686//1551
f 782//1777 706//1669 688//1559
f 688//1560 706//1670 782//1778
f 783//1779 688//1559 738//1671
f 738//1672 688//1560 783//1780
f 738//1781 689//1673 784//1782
f 784//1783 689//1674 738//1784
f 689//1673 734//1661 784//1782
f 784//1783 734//1662 689//1674
f 690//1563 713//1613 757//1713
f 757//1714 713//1614 690//1564
f 739//1675 690//1563 785//1785
f 785//1786 690//1564 739//1676
f 739//1675 786//1787 691//1565
f 691//1566 786//1788 739//1676
f 691//1565 787//1789 740//1677
f 740//1678 787//1790 691//1566
f 740//1677 787//1789 692//1567
f 692//1568 787//1790 740//1678
f 741//1679 692//1567 788//1791
f 788//1792 692//1568 741//1680
f 650//1461 741//1679 742//1681
f 742//1682 741//1680 650//1462
f 742//1681 753//1705 693//1569
f 693//1570 753//1706 742//1682
f 693//1569 708//1603 694//1571
f 694//1572 708//1604 693//1570
f 612//1359 708//1603 707//1601
f 707//1602 708//1604 612//1360
f 706//1599 743//1683 695//1573
f 695//1574 743//1684 706//1600
f 697//1577 696//1575 789//1793
f 789//1794 696//1576 697//1578
f 697//1577 744//1795 652//1465
f 652//1466 744//1796 697//1578
f 744//1685 790//1797 698//1580
f 698//1581 790//1798 744//1686
f 790//1797 699//1583 698//1580
f 698//1581 699//1584 790//1798
f 654//1471 723//1635 745//1687
f 745//1688 723//1636 654//1472
f 701//1587 745//1687 746//1799
f 746//1800 745//1688 701//1588
f 702//1691 746//1689 791//1801
f 791//1802 746//1690 702//1692
f 747//1803 702//1691 791//1801
f 791//1802 702//1692 747//1804
f 657//1481 750//1699 748//1695
f 748//1696 750//1700 657//1482
f 656//1479 748//1695 749//1697
f 749//1698 748//1696 656//1480
f 696//1575 749//1697 789//1793
f 789//1794 749//1698 696//1576
f 658//1483 751//1701 750//1699
f 750//1700 751//1702 658//1484
f 703//1593 792//1805 751//1701
f 751//1702 792//1806 703//1594
f 743//1683 793//1807 659//1485
f 659//1486 793//1808 743//1684
f 659//1485 794//1809 752//1703
f 752//1704 794//1810 659//1486
f 752//1703 792//1805 703//1593
f 703//1594 792//1806 752//1704
f 747//1693 795//1811 705//1597
f 705//1598 795//1812 747//1694
f 705//1597 796//1813 725//1639
f 725//1640 796//1814 705//1598
f 797//1815 661//1491 708//1603
f 708//1604 661//1492 797//1816
f 798//1817 709//1605 753//1705
f 753//1706 709//1606 798//1818
f 797//1815 753//1705 661//1491
f 661//1492 753//1706 797//1816
f 799//1819 710//1607 709//1605
f 709//1606 710//1608 799//1820
f 800//1821 754//1707 710//1607
f 710//1608 754//1708 800//1822
f 662//1493 754//1707 801//1823
f 801//1824 754//1708 662//1494
f 662//1493 802//1825 755//1709
f 755//1710 802//1826 662//1494
f 663//1495 755//1709 803//1827
f 803//1828 755//1710 663//1496
f 663//1495 803//1827 756//1711
f 756//1712 803//1828 663//1496
f 758//1715 712//1611 756//1711
f 756//1712 712//1612 758//1716
f 757//1713 664//1497 758//1715
f 758//1716 664//1498 757//1714
f 804//1829 665//1499 724//1717
f 724//1718 665//1500 804//1830
f 759//1719 665//1499 805//1831
f 805//1832 665//1500 759//1720
f 760//1721 761//1723 715//1617
f 715//1618 761//1724 760//1722
f 761//1723 762//1725 630//1399
f 630//1400 762//1726 761//1724
f 806//1833 714//1615 762//1725
f 762//1726 714//1616 806//1834
f 807//1835 760//1721 716//1619
f 716//1620 760//1722 807//1836
f 808//1837 716//1619 717//1621
f 717//1622 716//1620 808//1838
f 809//1839 717//1621 718//1623
f 718//1624 717//1622 809//1840
f 810//1841 718//1623 719//1625
f 719//1626 718//1624 810//1842
f 811//1843 719//1625 759//1719
f 759//1720 719//1626 811//1844
f 769//1845 763//1728 720//1727
f 720//1730 763//1729 769//1846
f 671//1513 721//1731 763//1847
f 763//1848 721//1732 671//1514
f 671//1513 763//1847 764//1733
f 764//1734 763//1848 671//1514
f 722//1633 764//1733 812//1849
f 812//1850 764//1734 722//1634
f 723//1635 722//1633 813//1851
f 813//1852 722//1634 723//1636
f 765//1735 673//1517 699//1583
f 699//1584 673//1518 765//1736
f 804//1853 724//1637 765//1735
f 765//1736 724//1638 804//1854
f 725//1639 814//1855 766//1737
f 766//1738 814//1856 725//1640
f 675//1523 766//1737 815//1857
f 815//1858 766//1738 675//1524
f 675//1523 815//1857 767//1739
f 767//1740 815//1858 675//1524
f 726//1641 767//1739 816//1859
f 816//1860 767//1740 726//1642
f 727//1643 726//1641 817//1861
f 817//1862 726//1642 727//1644
f 727//1643 818//1863 768//1741
f 768//1742 818//1864 727//1644
f 676//1525 768//1741 769//1743
f 769//1744 768//1742 676//1526
f 728//1745 819//1865 770//1746
f 770//1747 819//1866 728//1748
f 771//1867 819//1865 728//1745
f 728//1748 819//1866 771//1868
f 770//1746 820//1869 729//1650
f 729//1651 820//1870 770//1747
f 821//1871 771//1749 730//1751
f 730//1752 771//1750 821//1872
f 772//1873 821//1871 730//1751
f 730//1752 821//1872 772//1874
f 773//1755 772//1753 639//1427
f 639//1428 772//1754 773//1756
f 806//1875 773//1755 731//1655
f 731//1656 773//1756 806//1876
f 806//1833 731//1757 714//1615
f 714//1616 731//1758 806//1834
f 733//1659 822//1877 732//1657
f 732//1658 822//1878 733//1660
f 729//1650 820//1869 774//1759
f 774//1760 820//1870 729//1651
f 681//1539 774//1759 775//1761
f 775//1762 774//1760 681//1540
f 775//1761 823//1879 733//1659
f 733//1660 823//1880 775//1762
f 684//1545 779//1769 776//1763
f 776//1764 779//1770 684//1546
f 777//1765 682//1541 776//1763
f 776//1764 682//1542 777//1766
f 778//1767 683//1543 777//1765
f 777//1766 683//1544 778//1768
f 732//1657 822//1877 779//1769
f 779//1770 822//1878 732//1658
f 687//1556 780//1771 781//1775
f 781//1776 780//1772 687//1557
f 734//1773 735//1663 824//1881
f 824//1882 735//1664 734//1774
f 735//1663 781//1775 825//1883
f 825//1884 781//1776 735//1664
f 736//1665 778//1767 826//1885
f 826//1886 778//1768 736//1666
f 737//1667 736//1665 826//1885
f 826//1886 736//1666 737//1668
f 780//1771 737//1667 827//1887
f 827//1888 737//1668 780//1772
f 782//1889 743//1683 706//1599
f 706//1600 743//1684 782//1890
f 828//1891 782//1777 688//1559
f 688//1560 782//1778 828//1892
f 829//1893 688//1559 783//1779
f 783//1780 688//1560 829//1894
f 783//1895 738//1781 830//1896
f 830//1897 738//1784 783//1898
f 738//1781 784//1782 830//1896
f 830//1897 784//1783 738//1784
f 784//1899 734//1773 831//1900
f 831//1901 734//1774 784//1902
f 690//1563 757//1713 785//1785
f 785//1786 757//1714 690//1564
f 786//1787 739//1675 785//1785
f 785//1786 739//1676 786//1788
f 691//1565 786//1787 832//1903
f 832//1904 786//1788 691//1566
f 691//1565 832//1903 787//1789
f 787//1790 832//1904 691//1566
f 692//1567 787//1789 833//1905
f 833//1906 787//1790 692//1568
f 692//1567 834//1907 788//1791
f 788//1792 834//1908 692//1568
f 741//1679 788//1791 835//1909
f 835//1910 788//1792 741//1680
f 741//1679 836//1911 742//1681
f 742//1682 836//1912 741//1680
f 742//1681 798//1817 753//1705
f 753//1706 798//1818 742//1682
f 693//1569 753//1705 797//1815
f 797//1816 753//1706 693//1570
f 693//1569 797//1815 708//1603
f 708//1604 797//1816 693//1570
f 697//1577 789//1793 837//1913
f 837//1914 789//1794 697//1578
f 697//1577 838//1915 744//1795
f 744//1796 838//1916 697//1578
f 838//1917 790//1797 744//1685
f 744//1686 790//1798 838//1918
f 790//1797 765//1735 699//1583
f 699//1584 765//1736 790//1798
f 723//1635 839//1919 745//1687
f 745//1688 839//1920 723//1636
f 745//1687 791//1921 746//1799
f 746//1800 791//1922 745//1688
f 795//1923 747//1803 791//1801
f 791//1802 747//1804 795//1924
f 750//1699 809//1839 748//1695
f 748//1696 809//1840 750//1700
f 749//1697 748//1695 810//1841
f 810//1842 748//1696 749//1698
f 789//1793 749//1697 811//1843
f 811//1844 749//1698 789//1794
f 751//1701 808//1837 750//1699
f 750//1700 808//1838 751//1702
f 792//1805 807//1835 751//1701
f 751//1702 807//1836 792//1806
f 743//1683 840//1925 793//1807
f 793//1808 840//1926 743//1684
f 793//1807 794//1809 659//1485
f 659//1486 794//1810 793//1808
f 794//1809 792//1805 752//1703
f 752//1704 792//1806 794//1810
f 705//1597 795//1811 796//1813
f 796//1814 795//1812 705//1598
f 725//1639 796//1813 814//1855
f 814//1856 796//1814 725//1640
f 798//1817 799//1819 709//1605
f 709//1606 799//1820 798//1818
f 800//1821 710//1607 799//1819
f 799//1820 710//1608 800//1822
f 800//1821 841//1927 754//1707
f 754//1708 841//1928 800//1822
f 841//1927 801//1823 754//1707
f 754//1708 801//1824 841//1928
f 662//1493 801//1823 802//1825
f 802//1826 801//1824 662//1494
f 755//1709 802//1825 842//1929
f 842//1930 802//1826 755//1710
f 803//1827 755//1709 843//1931
f 843//1932 755//1710 803//1828
f 756//1711 803//1827 843//1931
f 843//1932 803//1828 756//1712
f 758//1715 756//1711 844//1933
f 844//1934 756//1712 758//1716
f 845//1935 757//1713 758//1715
f 758//1716 757//1714 845//1936
f 804//1829 805//1831 665//1499
f 665//1500 805//1832 804//1830
f 846//1937 759//1719 805//1831
f 805//1832 759//1720 846//1938
f 760//1721 847//1939 761//1723
f 761//1724 847//1940 760//1722
f 761//1723 806//1833 762//1725
f 762//1726 806//1834 761//1724
f 848//1941 760//1721 807//1835
f 807//1836 760//1722 848//1942
f 808//1837 807//1835 716//1619
f 716//1620 807//1836 808//1838
f 808//1837 717//1621 809//1839
f 809//1840 717//1622 808//1838
f 810//1841 809//1839 718//1623
f 718//1624 809//1840 810//1842
f 810//1841 719//1625 811//1843
f 811//1844 719//1626 810//1842
f 811//1843 759//1719 846//1937
f 846//1938 759//1720 811//1844
f 769//1845 849//1943 763//1728
f 763//1729 849//1944 769//1846
f 763//1847 849//1945 764//1733
f 764//1734 849//1946 763//1848
f 764//1733 850//1947 812//1849
f 812//1850 850//1948 764//1734
f 722//1633 812//1849 813//1851
f 813//1852 812//1850 722//1634
f 723//1635 813//1851 851//1949
f 851//1950 813//1852 723//1636
f 852//1951 804//1853 765//1735
f 765//1736 804//1854 852//1952
f 814//1953 853//1954 766//1955
f 766//1956 853//1957 814//1958
f 766//1955 853//1954 815//1959
f 815//1960 853//1957 766//1956
f 815//1959 854//1961 767//1962
f 767//1963 854//1964 815//1960
f 767//1962 855//1965 816//1966
f 816//1967 855//1968 767//1963
f 726//1641 816//1859 817//1861
f 817//1862 816//1860 726//1642
f 727//1643 817//1861 818//1863
f 818//1864 817//1862 727//1644
f 818//1969 856//1970 768//1971
f 768//1972 856//1973 818//1974
f 768//1971 849//1943 769//1845
f 769//1846 849//1944 768//1972
f 819//1865 857//1975 770//1746
f 770//1747 857//1976 819//1866
f 771//1867 858//1977 819//1865
f 819//1866 858//1978 771//1868
f 770//1746 857//1975 820//1869
f 820//1870 857//1976 770//1747
f 821//1979 858//1977 771//1867
f 771//1868 858//1978 821//1980
f 859//1981 821//1871 772//1873
f 772//1874 821//1872 859//1982
f 860//1983 772//1753 773//1755
f 773//1756 772//1754 860//1984
f 861//1985 773//1755 806//1875
f 806//1876 773//1756 861//1986
f 733//1659 823//1879 822//1877
f 822//1878 823//1880 733//1660
f 820//1869 862//1987 774//1759
f 774//1760 862//1988 820//1870
f 774//1759 863//1989 775//1761
f 775//1762 863//1990 774//1760
f 775//1761 864//1991 823//1879
f 823//1880 864//1992 775//1762
f 865//1993 776//1994 779//1995
f 779//1996 776//1997 865//1998
f 866//1999 777//2000 776//1994
f 776//1997 777//2001 866//2002
f 867//2003 778//1767 777//1765
f 777//1766 778//1768 867//2004
f 865//1993 779//1995 822//2005
f 822//2006 779//1996 865//1998
f 781//1775 780//1771 868//2007
f 868//2008 780//1772 781//1776
f 824//1881 735//1663 825//1883
f 825//1884 735//1664 824//1882
f 734//1773 824//1881 831//1900
f 831//1901 824//1882 734//1774
f 825//1883 781//1775 869//2009
f 869//2010 781//1776 825//1884
f 826//1885 778//1767 867//2003
f 867//2004 778//1768 826//1886
f 737//1667 826//1885 827//1887
f 827//1888 826//1886 737//1668
f 780//1771 827//1887 868//2007
f 868//2008 827//1888 780//1772
f 743//1683 782//1889 840//1925
f 840//1926 782//1890 743//1684
f 840//2011 782//1777 828//1891
f 828//1892 782//1778 840//2012
f 828//1891 688//1559 829//1893
f 829//1894 688//1560 828//1892
f 829//2013 783//1895 870//2014
f 870//2015 783//1898 829//2016
f 783//1895 830//1896 870//2014
f 870//2015 830//1897 783//1898
f 830//2017 784//1899 871//2018
f 871//2019 784//1902 830//2020
f 784//1899 831//1900 871//2018
f 871//2019 831//1901 784//1902
f 785//1785 757//1713 845//1935
f 845//1936 757//1714 785//1786
f 786//1787 785//1785 872//2021
f 872//2022 785//1786 786//1788
f 786//1787 873//2023 832//1903
f 832//1904 873//2024 786//1788
f 832//1903 873//2023 787//1789
f 787//1790 873//2024 832//1904
f 787//1789 874//2025 833//1905
f 833//1906 874//2026 787//1790
f 692//1567 833//1905 834//1907
f 834//1908 833//1906 692//1568
f 834//1907 875//2027 788//1791
f 788//1792 875//2028 834//1908
f 788//1791 875//2027 835//1909
f 835//1910 875//2028 788//1792
f 741//1679 835//1909 836//1911
f 836//1912 835//1910 741//1680
f 742//1681 836//1911 798//1817
f 798//1818 836//1912 742//1682
f 837//1913 789//1793 846//1937
f 846//1938 789//1794 837//1914
f 697//1577 837//1913 838//1915
f 838//1916 837//1914 697//1578
f 852//1951 790//1797 838//1917
f 838//1918 790//1798 852//1952
f 852//1951 765//1735 790//1797
f 790//1798 765//1736 852//1952
f 723//1635 851//1949 839//1919
f 839//1920 851//1950 723//1636
f 745//1687 839//1919 791//1921
f 791//1922 839//1920 745//1688
f 795//1923 791//1801 876//2029
f 876//2030 791//1802 795//1924
f 750//1699 808//1837 809//1839
f 809//1840 808//1838 750//1700
f 748//1695 809//1839 810//1841
f 810//1842 809//1840 748//1696
f 749//1697 810//1841 811//1843
f 811//1844 810//1842 749//1698
f 789//1793 811//1843 846//1937
f 846//1938 811//1844 789//1794
f 751//1701 807//1835 808//1837
f 808//1838 807//1836 751//1702
f 792//1805 848//1941 807//1835
f 807//1836 848//1942 792//1806
f 793//1807 840//1925 794//1809
f 794//1810 840//1926 793//1808
f 794//1809 877//2031 792//1805
f 792//1806 877//2032 794//1810
f 795//1923 878//2033 796//2034
f 796//2035 878//2036 795//1924
f 796//2034 878//2033 814//1953
f 814//1958 878//2036 796//2035
f 798//1817 800//1821 799//1819
f 799//1820 800//1822 798//1818
f 879//2037 841//1927 800//1821
f 800//1822 841//1928 879//2038
f 841//1927 880//2039 801//1823
f 801//1824 880//2040 841//1928
f 802//1825 801//1823 842//1929
f 842//1930 801//1824 802//1826
f 755//1709 842//1929 881//2041
f 881//2042 842//1930 755//1710
f 843//1931 755//1709 881//2041
f 881//2042 755//1710 843//1932
f 756//1711 843//1931 882//2043
f 882//2044 843//1932 756//1712
f 883//2045 844//1933 756//1711
f 756//1712 844//1934 883//2046
f 845//1935 758//1715 844//1933
f 844//1934 758//1716 845//1936
f 846//1937 805//1831 804//1829
f 804//1830 805//1832 846//1938
f 884//2047 847//1939 760//1721
f 760//1722 847//1940 884//2048
f 885//2049 761//1723 847//1939
f 847//1940 761//1724 885//2050
f 861//2051 806//1833 761//1723
f 761//1724 806//1834 861//2052
f 848//1941 884//2047 760//1721
f 760//1722 884//2048 848//1942
f 764//1733 849//1945 850//1947
f 850//1948 849//1946 764//1734
f 812//1849 850//1947 856//2053
f 856//2054 850//1948 812//1850
f 813//1851 812//1849 886//2055
f 886//2056 812//1850 813//1852
f 851//1949 813//1851 887//2057
f 887//2058 813//1852 851//1950
f 846//1937 804//1829 852//2059
f 852//2060 804//1830 846//1938
f 888//2061 853//1954 814//1953
f 814//1958 853//1957 888//2062
f 853//1954 854//1961 815//1959
f 815//1960 854//1964 853//1957
f 854//1961 889//1962 767//1962
f 767//1963 889//1963 854//1964
f 767//1962 889//1962 855//1965
f 855//1968 889//1963 767//1963
f 816//1966 855//1965 890//2063
f 890//2064 855//1968 816//1967
f 816//1966 890//2063 817//2065
f 817//2066 890//2064 816//1967
f 890//2063 818//1969 817//2065
f 817//2066 818//1974 890//2064
f 890//2063 856//1970 818//1969
f 818//1974 856//1973 890//2064
f 768//1971 856//1970 850//2067
f 850//2068 856//1973 768//1972
f 768//1971 850//2067 849//1943
f 849//1944 850//2068 768//1972
f 819//1865 891//2069 857//1975
f 857//1976 891//2070 819//1866
f 858//1977 891//2069 819//1865
f 819//1866 891//2070 858//1978
f 857//1975 892//2071 820//1869
f 820//1870 892//2072 857//1976
f 893//2073 858//1977 821//1979
f 821//1980 858//1978 893//2074
f 893//2073 821//1979 859//2075
f 859//2076 821//1980 893//2074
f 860//2077 859//1981 772//1873
f 772//1874 859//1982 860//2078
f 894//2079 860//1983 773//1755
f 773//1756 860//1984 894//2080
f 894//2079 773//1755 861//1985
f 861//1986 773//1756 894//2080
f 895//2081 822//2005 823//2082
f 823//2083 822//2006 895//2084
f 820//1869 892//2071 862//1987
f 862//1988 892//2072 820//1870
f 774//1759 862//1987 863//1989
f 863//1990 862//1988 774//1760
f 775//1761 863//1989 864//1991
f 864//1992 863//1990 775//1762
f 864//2085 895//2081 823//2082
f 823//2083 895//2084 864//2086
f 865//1993 866//1999 776//1994
f 776//1997 866//2002 865//1998
f 866//1999 896//2087 777//2000
f 777//2001 896//2088 866//2002
f 896//2087 867//2089 777//2000
f 777//2001 867//2090 896//2088
f 895//2081 865//1993 822//2005
f 822//2006 865//1998 895//2084
f 781//1775 868//2007 869//2009
f 869//2010 868//2008 781//1776
f 824//1881 825//1883 897//2091
f 897//2092 825//1884 824//1882
f 831//1900 824//1881 898//2093
f 898//2094 824//1882 831//1901
f 825//1883 869//2009 899//2095
f 899//2096 869//2010 825//1884
f 900//2097 826//2098 867//2089
f 867//2090 826//2099 900//2100
f 901//2101 827//2102 826//2098
f 826//2099 827//2103 901//2104
f 902//2105 868//2106 827//2102
f 827//2103 868//2107 902//2108
f 903//2109 840//2011 828//1891
f 828//1892 840//2012 903//2110
f 904//2111 828//1891 829//1893
f 829//1894 828//1892 904//2112
f 829//2013 870//2014 905//2113
f 905//2114 870//2015 829//2016
f 870//2115 830//2017 906//2116
f 906//2117 830//2020 870//2118
f 830//2017 871//2018 906//2116
f 906//2117 871//2019 830//2020
f 871//2018 831//1900 907//2119
f 907//2120 831//1901 871//2019
f 872//2021 785//1785 845//1935
f 845//1936 785//1786 872//2022
f 908//2121 786//1787 872//2021
f 872//2022 786//1788 908//2122
f 786//1787 909//2123 873//2023
f 873//2024 909//2124 786//1788
f 873//2023 910//2125 787//1789
f 787//1790 910//2126 873//2024
f 787//1789 910//2125 874//2025
f 874//2026 910//2126 787//1790
f 833//1905 874//2025 834//1907
f 834//1908 874//2026 833//1906
f 834//1907 911//2127 875//2027
f 875//2028 911//2128 834//1908
f 875//2027 879//2037 835//1909
f 835//1910 879//2038 875//2028
f 836//1911 835//1909 798//1817
f 798//1818 835//1910 836//1912
f 837//1913 846//1937 838//1915
f 838//1916 846//1938 837//1914
f 838//1915 846//1937 852//2059
f 852//2060 846//1938 838//1916
f 851//1949 912//2129 839//1919
f 839//1920 912//2130 851//1950
f 791//1921 839//1919 876//2131
f 876//2132 839//1920 791//1922
f 795//1923 876//2029 878//2033
f 878//2036 876//2030 795//1924
f 792//1805 884//2047 848//1941
f 848//1942 884//2048 792//1806
f 840//1925 903//2133 794//1809
f 794//1810 903//2134 840//1926
f 794//1809 913//2135 877//2031
f 877//2032 913//2136 794//1810
f 877//2031 884//2047 792//1805
f 792//1806 884//2048 877//2032
f 814//1953 878//2033 888//2061
f 888//2062 878//2036 814//1958
f 798//1817 879//2037 800//1821
f 800//1822 879//2038 798//1818
f 914//2137 841//1927 879//2037
f 879//2038 841//1928 914//2138
f 915//2139 880//2039 841//1927
f 841//1928 880//2040 915//2140
f 880//2039 916//2141 801//1823
f 801//1824 916//2142 880//2040
f 842//1929 801//1823 916//2141
f 916//2142 801//1824 842//1930
f 881//2041 842//1929 917//2143
f 917//2144 842//1930 881//2042
f 843//1931 881//2041 918//2145
f 918//2146 881//2042 843//1932
f 882//2043 843//1931 918//2145
f 918//2146 843//1932 882//2044
f 883//2045 756//1711 882//2043
f 882//2044 756//1712 883//2046
f 883//2045 845//2147 844//1933
f 844//1934 845//2148 883//2046
f 884//2047 885//2049 847//1939
f 847//1940 885//2050 884//2048
f 885//2049 861//2051 761//1723
f 761//1724 861//2052 885//2050
f 812//1849 856//2053 890//2149
f 890//2150 856//2054 812//1850
f 812//1849 890//2149 886//2055
f 886//2056 890//2150 812//1850
f 813//1851 886//2055 887//2057
f 887//2058 886//2056 813//1852
f 851//1949 887//2057 912//2129
f 912//2130 887//2058 851//1950
f 912//2129 853//2151 888//2152
f 888//2153 853//2154 912//2130
f 887//2057 854//2155 853//2151
f 853//2154 854//2156 887//2058
f 887//2057 889//2157 854//2155
f 854//2156 889//2158 887//2058
f 886//2055 855//2159 889//2157
f 889//2158 855//2160 886//2056
f 886//2055 890//2149 855//2159
f 855//2160 890//2150 886//2056
f 891//2069 919//2161 857//1975
f 857//1976 919//2162 891//2070
f 920//2163 891//2069 858//1977
f 858//1978 891//2070 920//2164
f 857//1975 919//2161 892//2071
f 892//2072 919//2162 857//1976
f 920//2163 858//1977 893//2073
f 893//2074 858//1978 920//2164
f 921//2165 893//2073 859//2075
f 859//2076 893//2074 921//2166
f 921//2167 859//1981 860//2077
f 860//2078 859//1982 921//2168
f 894//2079 922//2169 860//1983
f 860//1984 922//2170 894//2080
f 885//2171 894//2079 861//1985
f 861//1986 894//2080 885//2172
f 892//2071 923//2173 862//2174
f 862//2175 923//2176 892//2072
f 862//2174 924//2177 863//2178
f 863//2179 924//2180 862//2175
f 863//2178 925//2181 864//2085
f 864//2086 925//2182 863//2179
f 925//2181 895//2081 864//2085
f 864//2086 895//2084 925//2182
f 865//1993 926//2183 866//1999
f 866//2002 926//2184 865//1998
f 866//1999 900//2097 896//2087
f 896//2088 900//2100 866//2002
f 896//2087 900//2097 867//2089
f 867//2090 900//2100 896//2088
f 927//2185 865//1993 895//2081
f 895//2084 865//1998 927//2186
f 926//2183 869//2187 868//2106
f 868//2107 869//2188 926//2184
f 897//2091 825//1883 899//2095
f 899//2096 825//1884 897//2092
f 824//1881 897//2091 898//2093
f 898//2094 897//2092 824//1882
f 831//1900 898//2093 907//2119
f 907//2120 898//2094 831//1901
f 899//2189 869//2187 926//2183
f 926//2184 869//2188 899//2190
f 901//2101 826//2098 900//2097
f 900//2100 826//2099 901//2104
f 902//2105 827//2102 901//2101
f 901//2104 827//2103 902//2108
f 926//2183 868//2106 902//2105
f 902//2108 868//2107 926//2184
f 903//2109 828//1891 928//2191
f 928//2192 828//1892 903//2110
f 928//2191 828//1891 904//2111
f 904//2112 828//1892 928//2192
f 904//2193 829//2013 905//2113
f 905//2114 829//2016 904//2194
f 905//2195 870//2115 929//2196
f 929//2197 870//2118 905//2198
f 870//2115 906//2116 929//2196
f 929//2197 906//2117 870//2118
f 906//2116 871//2018 930//2199
f 930//2200 871//2019 906//2117
f 871//2018 907//2119 930//2199
f 930//2200 907//2120 871//2019
f 908//2121 872//2021 845//2147
f 845//2148 872//2022 908//2122
f 908//2121 909//2123 786//1787
f 786//1788 909//2124 908//2122
f 909//2123 931//2201 873//2023
f 873//2024 931//2202 909//2124
f 873//2023 931//2201 910//2125
f 910//2126 931//2202 873//2024
f 910//2125 932//2203 874//2025
f 874//2026 932//2204 910//2126
f 874//2025 933//2205 834//1907
f 834//1908 933//2206 874//2026
f 933//2205 911//2127 834//1907
f 834//1908 911//2128 933//2206
f 911//2127 915//2139 875//2027
f 875//2028 915//2140 911//2128
f 875//2027 914//2137 879//2037
f 879//2038 914//2138 875//2028
f 835//1909 879//2037 798//1817
f 798//1818 879//2038 835//1910
f 839//1919 912//2129 878//2207
f 878//2208 912//2130 839//1920
f 839//1919 878//2207 876//2131
f 876//2132 878//2208 839//1920
f 794//1809 903//2133 913//2135
f 913//2136 903//2134 794//1810
f 877//2031 913//2135 884//2047
f 884//2048 913//2136 877//2032
f 912//2129 888//2152 878//2207
f 878//2208 888//2153 912//2130
f 914//2137 915//2139 841//1927
f 841//1928 915//2140 914//2138
f 934//2209 880//2039 915//2139
f 915//2140 880//2040 934//2210
f 880//2039 935//2211 916//2141
f 916//2142 935//2212 880//2040
f 842//1929 916//2141 936//2213
f 936//2214 916//2142 842//1930
f 842//1929 936//2213 917//2143
f 917//2144 936//2214 842//1930
f 881//2041 917//2143 937//2215
f 937//2216 917//2144 881//2042
f 918//2145 881//2041 938//2217
f 938//2218 881//2042 918//2146
f 882//2043 918//2145 939//2219
f 939//2220 918//2146 882//2044
f 940//2221 883//2045 882//2043
f 882//2044 883//2046 940//2222
f 941//2223 845//2147 883//2045
f 883//2046 845//2148 941//2224
f 942//2225 885//2049 884//2047
f 884//2048 885//2050 942//2226
f 886//2055 889//2157 887//2057
f 887//2058 889//2158 886//2056
f 912//2129 887//2057 853//2151
f 853//2154 887//2058 912//2130
f 891//2069 943//2227 919//2161
f 919//2162 943//2228 891//2070
f 920//2163 943//2227 891//2069
f 891//2070 943//2228 920//2164
f 919//2161 944//2229 892//2071
f 892//2072 944//2230 919//2162
f 945//2231 920//2163 893//2073
f 893//2074 920//2164 945//2232
f 921//2165 945//2231 893//2073
f 893//2074 945//2232 921//2166
f 922//2233 921//2167 860//2077
f 860//2078 921//2168 922//2234
f 894//2079 928//2191 922//2169
f 922//2170 928//2192 894//2080
f 942//2235 894//2079 885//2171
f 885//2172 894//2080 942//2236
f 892//2071 944//2229 923//2173
f 923//2176 944//2230 892//2072
f 862//2174 923//2173 924//2177
f 924//2180 923//2176 862//2175
f 924//2177 925//2181 863//2178
f 863//2179 925//2182 924//2180
f 925//2181 927//2185 895//2081
f 895//2084 927//2186 925//2182
f 927//2185 926//2183 865//1993
f 865//1998 926//2184 927//2186
f 926//2183 902//2105 866//1999
f 866//2002 902//2108 926//2184
f 866//1999 902//2105 900//2097
f 900//2100 902//2108 866//2002
f 897//2091 899//2095 946//2237
f 946//2238 899//2096 897//2092
f 898//2093 897//2091 947//2239
f 947//2240 897//2092 898//2094
f 907//2119 898//2093 948//2241
f 948//2242 898//2094 907//2120
f 927//2185 899//2189 926//2183
f 926//2184 899//2190 927//2186
f 902//2105 901//2101 900//2097
f 900//2100 901//2104 902//2108
f 913//2243 903//2109 928//2191
f 928//2192 903//2110 913//2244
f 928//2191 904//2111 922//2169
f 922//2170 904//2112 928//2192
f 904//2193 905//2113 949//2245
f 949//2246 905//2114 904//2194
f 905//2195 929//2196 950//2247
f 950//2248 929//2197 905//2198
f 929//2196 906//2116 951//2249
f 951//2250 906//2117 929//2197
f 906//2116 930//2199 951//2249
f 951//2250 930//2200 906//2117
f 930//2199 907//2119 952//2251
f 952//2252 907//2120 930//2200
f 941//2223 908//2121 845//2147
f 845//2148 908//2122 941//2224
f 953//2253 909//2123 908//2121
f 908//2122 909//2124 953//2254
f 909//2123 954//2255 931//2201
f 931//2202 954//2256 909//2124
f 931//2201 955//2257 910//2125
f 910//2126 955//2258 931//2202
f 910//2125 956//2259 932//2203
f 932//2204 956//2260 910//2126
f 874//2025 932//2203 957//2261
f 957//2262 932//2204 874//2026
f 874//2025 957//2261 933//2205
f 933//2206 957//2262 874//2026
f 933//2205 958//2263 911//2127
f 911//2128 958//2264 933//2206
f 911//2127 934//2209 915//2139
f 915//2140 934//2210 911//2128
f 875//2027 915//2139 914//2137
f 914//2138 915//2140 875//2028
f 913//2135 942//2225 884//2047
f 884//2048 942//2226 913//2136
f 934//2209 959//2265 880//2039
f 880//2040 959//2266 934//2210
f 880//2039 959//2265 935//2211
f 935//2212 959//2266 880//2040
f 916//2141 935//2267 936//2213
f 936//2214 935//2268 916//2142
f 937//2215 917//2143 936//2213
f 936//2214 917//2144 937//2216
f 881//2041 937//2215 938//2217
f 938//2218 937//2216 881//2042
f 918//2145 938//2217 960//2269
f 960//2270 938//2218 918//2146
f 939//2219 918//2145 961//2271
f 961//2272 918//2146 939//2220
f 940//2221 882//2043 939//2219
f 939//2220 882//2044 940//2222
f 940//2221 962//2273 883//2045
f 883//2046 962//2274 940//2222
f 962//2273 941//2223 883//2045
f 883//2046 941//2224 962//2274
f 943//2227 963//2275 919//2161
f 919//2162 963//2276 943//2228
f 964//2277 943//2227 920//2163
f 920//2164 943//2228 964//2278
f 919//2161 963//2275 944//2229
f 944//2230 963//2276 919//2162
f 945//2231 964//2277 920//2163
f 920//2164 964//2278 945//2232
f 950//2247 945//2231 921//2165
f 921//2166 945//2232 950//2248
f 922//2233 949//2245 921//2167
f 921//2168 949//2246 922//2234
f 942//2235 928//2191 894//2079
f 894//2080 928//2192 942//2236
f 944//2229 965//2279 923//2173
f 923//2176 965//2280 944//2230
f 923//2173 966//2281 924//2177
f 924//2180 966//2282 923//2176
f 924//2177 966//2281 925//2181
f 925//2182 966//2282 924//2180
f 925//2181 967//2283 927//2185
f 927//2186 967//2284 925//2182
f 946//2285 899//2189 927//2185
f 927//2186 899//2190 946//2286
f 897//2091 946//2237 947//2239
f 947//2240 946//2238 897//2092
f 898//2093 947//2239 948//2241
f 948//2242 947//2240 898//2094
f 907//2119 948//2241 952//2251
f 952//2252 948//2242 907//2120
f 942//2235 913//2243 928//2191
f 928//2192 913//2244 942//2236
f 922//2233 904//2193 949//2245
f 949//2246 904//2194 922//2234
f 905//2195 950//2247 949//2287
f 949//2288 950//2248 905//2198
f 929//2196 968//2289 950//2247
f 950//2248 968//2290 929//2197
f 929//2196 951//2249 968//2289
f 968//2290 951//2250 929//2197
f 951//2249 930//2199 969//2291
f 969//2292 930//2200 951//2250
f 930//2199 952//2251 969//2291
f 969//2292 952//2252 930//2200
f 962//2273 908//2121 941//2223
f 941//2224 908//2122 962//2274
f 953//2253 954//2255 909//2123
f 909//2124 954//2256 953//2254
f 953//2253 908//2121 962//2273
f 962//2274 908//2122 953//2254
f 954//2255 970//2293 931//2201
f 931//2202 970//2294 954//2256
f 931//2201 971//2295 955//2257
f 955//2258 971//2296 931//2202
f 910//2125 955//2257 956//2259
f 956//2260 955//2258 910//2126
f 956//2259 957//2261 932//2203
f 932//2204 957//2262 956//2260
f 933//2205 957//2261 958//2297
f 958//2298 957//2262 933//2206
f 911//2127 958//2263 972//2299
f 972//2300 958//2264 911//2128
f 972//2299 934//2209 911//2127
f 911//2128 934//2210 972//2300
f 973//2301 959//2302 934//2303
f 934//2304 959//2305 973//2306
f 935//2307 959//2302 973//2301
f 973//2306 959//2305 935//2308
f 936//2213 935//2267 974//2309
f 974//2310 935//2268 936//2214
f 937//2215 936//2213 975//2311
f 975//2312 936//2214 937//2216
f 938//2217 937//2215 960//2269
f 960//2270 937//2216 938//2218
f 918//2145 960//2269 976//2313
f 976//2314 960//2270 918//2146
f 961//2271 918//2145 976//2313
f 976//2314 918//2146 961//2272
f 961//2271 940//2221 939//2219
f 939//2220 940//2222 961//2272
f 977//2315 962//2273 940//2221
f 940//2222 962//2274 977//2316
f 978//2317 963//2275 943//2227
f 943//2228 963//2276 978//2318
f 964//2277 978//2317 943//2227
f 943//2228 978//2318 964//2278
f 963//2275 965//2279 944//2229
f 944//2230 965//2280 963//2276
f 968//2289 964//2277 945//2231
f 945//2232 964//2278 968//2290
f 950//2247 968//2289 945//2231
f 945//2232 968//2290 950//2248
f 949//2287 950//2247 921//2165
f 921//2166 950//2248 949//2288
f 965//2279 979//2319 923//2173
f 923//2176 979//2320 965//2280
f 923//2173 979//2319 966//2281
f 966//2282 979//2320 923//2176
f 966//2281 967//2283 925//2181
f 925//2182 967//2284 966//2282
f 947//2321 927//2185 967//2283
f 967//2284 927//2186 947//2322
f 947//2321 946//2285 927//2185
f 927//2186 946//2286 947//2322
f 948//2323 947//2321 967//2283
f 967//2284 947//2322 948//2324
f 952//2251 948//2323 966//2281
f 966//2282 948//2324 952//2252
f 968//2289 951//2249 980//2325
f 980//2326 951//2250 968//2290
f 951//2249 969//2291 980//2325
f 980//2326 969//2292 951//2250
f 969//2291 952//2251 979//2319
f 979//2320 952//2252 969//2292
f 970//2293 954//2255 953//2253
f 953//2254 954//2256 970//2294
f 977//2315 953//2253 962//2273
f 962//2274 953//2254 977//2316
f 970//2293 981//2327 931//2201
f 931//2202 981//2328 970//2294
f 931//2201 981//2327 971//2295
f 971//2296 981//2328 931//2202
f 955//2257 971//2295 956//2259
f 956//2260 971//2296 955//2258
f 956//2259 982//2329 957//2261
f 957//2262 982//2330 956//2260
f 957//2261 983//2331 958//2297
f 958//2298 983//2332 957//2262
f 958//2333 984//2334 972//2335
f 972//2336 984//2337 958//2338
f 984//2334 934//2303 972//2335
f 972//2336 934//2304 984//2337
f 973//2301 934//2303 984//2334
f 984//2337 934//2304 973//2306
f 985//2339 935//2307 973//2301
f 973//2306 935//2308 985//2340
f 974//2341 935//2307 985//2339
f 985//2340 935//2308 974//2342
f 936//2213 974//2309 975//2311
f 975//2312 974//2310 936//2214
f 937//2215 975//2311 986//2343
f 986//2344 975//2312 937//2216
f 960//2269 937//2215 986//2343
f 986//2344 937//2216 960//2270
f 976//2313 960//2269 987//2345
f 987//2346 960//2270 976//2314
f 961//2271 976//2313 987//2345
f 987//2346 976//2314 961//2272
f 961//2271 988//2347 940//2221
f 940//2222 988//2348 961//2272
f 977//2315 940//2221 988//2347
f 988//2348 940//2222 977//2316
f 978//2317 989//2349 963//2275
f 963//2276 989//2350 978//2318
f 964//2277 980//2325 978//2317
f 978//2318 980//2326 964//2278
f 963//2275 989//2349 965//2279
f 965//2280 989//2350 963//2276
f 964//2277 968//2289 980//2325
f 980//2326 968//2290 964//2278
f 969//2291 979//2319 965//2279
f 965//2280 979//2320 969//2292
f 952//2251 966//2281 979//2319
f 979//2320 966//2282 952//2252
f 948//2323 967//2283 966//2281
f 966//2282 967//2284 948//2324
f 980//2325 969//2291 965//2279
f 965//2280 969//2292 980//2326
f 970//2293 953//2253 990//2351
f 990//2352 953//2254 970//2294
f 977//2315 990//2351 953//2253
f 953//2254 990//2352 977//2316
f 970//2293 991//2353 981//2327
f 981//2328 991//2354 970//2294
f 981//2327 991//2353 971//2295
f 971//2296 991//2354 981//2328
f 971//2295 992//2355 956//2259
f 956//2260 992//2356 971//2296
f 956//2259 992//2355 982//2329
f 982//2330 992//2356 956//2260
f 957//2261 982//2329 983//2331
f 983//2332 982//2330 957//2262
f 983//2357 993//2358 958//2333
f 958//2338 993//2359 983//2360
f 993//2358 984//2334 958//2333
f 958//2338 984//2337 993//2359
f 994//2361 973//2301 984//2334
f 984//2337 973//2306 994//2362
f 985//2339 973//2301 995//2363
f 995//2364 973//2306 985//2340
f 975//2365 974//2341 985//2339
f 985//2340 974//2342 975//2366
f 986//2367 975//2365 996//2368
f 996//2369 975//2366 986//2370
f 960//2269 986//2343 997//2371
f 997//2372 986//2344 960//2270
f 987//2345 960//2269 997//2371
f 997//2372 960//2270 987//2346
f 961//2271 987//2345 998//2373
f 998//2374 987//2346 961//2272
f 999//2375 988//2347 961//2271
f 961//2272 988//2348 999//2376
f 999//2375 977//2315 988//2347
f 988//2348 977//2316 999//2376
f 978//2317 980//2325 989//2349
f 989//2350 980//2326 978//2318
f 980//2325 965//2279 989//2349
f 989//2350 965//2280 980//2326
f 1000//2377 970//2293 990//2351
f 990//2352 970//2294 1000//2378
f 1000//2377 990//2351 977//2315
f 977//2316 990//2352 1000//2378
f 970//2293 1001//2379 991//2353
f 991//2354 1001//2380 970//2294
f 991//2353 1002//2381 971//2295
f 971//2296 1002//2382 991//2354
f 971//2295 1002//2381 992//2355
f 992//2356 1002//2382 971//2296
f 992//2383 1003//2384 982//2385
f 982//2386 1003//2387 992//2388
f 982//2385 993//2358 983//2357
f 983//2360 993//2359 982//2386
f 993//2358 994//2361 984//2334
f 984//2337 994//2362 993//2359
f 995//2363 973//2301 994//2361
f 994//2362 973//2306 995//2364
f 1004//2389 985//2339 995//2363
f 995//2364 985//2340 1004//2390
f 996//2368 975//2365 985//2339
f 985//2340 975//2366 996//2369
f 1005//2391 986//2367 996//2368
f 996//2369 986//2370 1005//2392
f 997//2371 986//2343 1005//2393
f 1005//2394 986//2344 997//2372
f 987//2345 997//2371 1006//2395
f 1006//2396 997//2372 987//2346
f 1007//2397 998//2373 987//2345
f 987//2346 998//2374 1007//2398
f 999//2375 961//2271 998//2373
f 998//2374 961//2272 999//2376
f 999//2375 1008//2399 977//2315
f 977//2316 1008//2400 999//2376
f 1001//2379 970//2293 1000//2377
f 1000//2378 970//2294 1001//2380
f 1008//2399 1000//2377 977//2315
f 977//2316 1000//2378 1008//2400
f 991//2353 1001//2379 1009//2401
f 1009//2402 1001//2380 991//2354
f 991//2353 1010//2403 1002//2381
f 1002//2382 1010//2404 991//2354
f 1002//2381 1011//2405 992//2355
f 992//2356 1011//2406 1002//2382
f 1011//2407 1003//2384 992//2383
f 992//2388 1003//2387 1011//2408
f 1003//2384 993//2358 982//2385
f 982//2386 993//2359 1003//2387
f 1012//2409 994//2361 993//2358
f 993//2359 994//2362 1012//2410
f 1004//2389 995//2363 994//2361
f 994//2362 995//2364 1004//2390
f 1004//2389 996//2368 985//2339
f 985//2340 996//2369 1004//2390
f 1013//2411 1005//2391 996//2368
f 996//2369 1005//2392 1013//2412
f 997//2371 1005//2393 1006//2395
f 1006//2396 1005//2394 997//2372
f 1007//2397 987//2345 1006//2395
f 1006//2396 987//2346 1007//2398
f 999//2375 998//2373 1007//2397
f 1007//2398 998//2374 999//2376
f 1014//2413 1008//2399 999//2375
f 999//2376 1008//2400 1014//2414
f 1001//2379 1000//2377 1009//2401
f 1009//2402 1000//2378 1001//2380
f 1000//2377 1008//2399 1014//2413
f 1014//2414 1008//2400 1000//2378
f 1010//2403 991//2353 1009//2401
f 1009//2402 991//2354 1010//2404
f 1002//2381 1010//2403 1011//2405
f 1011//2406 1010//2404 1002//2382
f 1015//2415 1003//2384 1011//2407
f 1011//2408 1003//2387 1015//2416
f 1012//2409 993//2358 1003//2384
f 1003//2387 993//2359 1012//2410
f 1004//2389 994//2361 1012//2409
f 1012//2410 994//2362 1004//2390
f 1004//2389 1013//2411 996//2368
f 996//2369 1013//2412 1004//2390
f 1016//2417 1005//2391 1013//2411
f 1013//2412 1005//2392 1016//2418
f 1017//2419 1006//2395 1005//2393
f 1005//2394 1006//2396 1017//2420
f 1007//2397 1006//2395 1017//2419
f 1017//2420 1006//2396 1007//2398
f 1018//2421 999//2375 1007//2397
f 1007//2398 999//2376 1018//2422
f 1014//2413 999//2375 1018//2421
f 1018//2422 999//2376 1014//2414
f 1009//2401 1000//2377 1014//2413
f 1014//2414 1000//2378 1009//2402
f 1010//2403 1009//2401 1019//2423
f 1019//2424 1009//2402 1010//2404
f 1011//2405 1010//2403 1019//2423
f 1019//2424 1010//2404 1011//2406
f 1012//2409 1003//2384 1015//2415
f 1015//2416 1003//2387 1012//2410
f 1020//2425 1015//2415 1011//2407
f 1011//2408 1015//2416 1020//2426
f 1021//2427 1004//2389 1012//2409
f 1012//2410 1004//2390 1021//2428
f 1016//2417 1013//2411 1004//2389
f 1004//2390 1013//2412 1016//2418
f 1017//2419 1005//2393 1016//2429
f 1016//2430 1005//2394 1017//2420
f 1018//2421 1007//2397 1017//2419
f 1017//2420 1007//2398 1018//2422
f 1022//2431 1014//2413 1018//2421
f 1018//2422 1014//2414 1022//2432
f 1009//2401 1014//2413 1022//2431
f 1022//2432 1014//2414 1009//2402
f 1019//2423 1009//2401 1022//2431
f 1022//2432 1009//2402 1019//2424
f 1011//2405 1019//2423 1020//2433
f 1020//2434 1019//2424 1011//2406
f 1021//2427 1012//2409 1015//2415
f 1015//2416 1012//2410 1021//2428
f 1021//2427 1015//2415 1020//2425
f 1020//2426 1015//2416 1021//2428
f 1023//2435 1004//2389 1021//2427
f 1021//2428 1004//2390 1023//2436
f 1023//2435 1016//2417 1004//2389
f 1004//2390 1016//2418 1023//2436
f 1023//2437 1017//2419 1016//2429
f 1016//2430 1017//2420 1023//2438
f 1023//2437 1018//2421 1017//2419
f 1017//2420 1018//2422 1023//2438
f 1024//2439 1022//2431 1018//2421
f 1018//2422 1022//2432 1024//2440
f 1019//2423 1022//2431 1024//2439
f 1024//2440 1022//2432 1019//2424
f 1020//2433 1019//2423 1021//2441
f 1021//2442 1019//2424 1020//2434
f 1021//2441 1024//2439 1023//2437
f 1023//2438 1024//2440 1021//2442
f 1024//2439 1018//2421 1023//2437
f 1023//2438 1018//2422 1024//2440
f 1019//2423 1024//2439 1021//2441
f 1021//2442 1024//2440 1019//2424
