# SSTK version 0.8.0
# 14
mtllib original-14.mtl
o Bowl2/Bowl12/mesh34/mesh34-geometry#mesh34-geometry
v 0.222026 -0.679122 0.197046
v 0.217127 -0.679122 0.088647
v 0.194199 -0.643230 0.156451
v 0.217127 -0.742495 0.088647
v 0.115783 -0.634570 0.102930
v 0.207366 -0.576981 0.245128
v 0.222026 -0.742495 0.197046
v 0.202632 -0.742495 -0.015016
v 0.202632 -0.679122 -0.015016
v 0.106274 -0.576981 0.157208
v 0.184690 -0.576981 0.187637
v 0.217115 -0.679122 0.305441
v -0.002375 -0.742495 0.715485
v 0.054605 -0.742494 0.016243
v 0.036534 -0.643230 0.081955
v 0.036534 -0.578687 0.151233
v 0.173783 -0.308692 0.262737
v 0.168836 -0.299461 0.347037
v 0.217115 -0.742495 0.305441
v 0.018464 -0.742495 0.037109
v 0.075470 -0.742494 -0.019898
v 0.179174 -0.742495 -0.109415
v 0.073618 -0.679122 0.008110
v 0.036534 -0.447831 0.175348
v 0.083496 -0.370236 0.187838
v 0.154999 -0.327176 0.208036
v 0.156889 -0.294443 0.428391
v 0.202609 -0.742495 0.409097
v -0.002375 -0.742495 0.037109
v 0.202609 -0.679122 0.409097
v 0.054604 -0.679122 0.016243
v 0.075470 -0.742494 -0.061630
v 0.054605 -0.742494 -0.097771
v 0.179174 -0.679122 -0.109415
v 0.087017 -0.679122 -0.028653
v 0.036534 -0.669350 0.033053
v 0.036534 -0.617441 0.004020
v 0.036534 -0.567836 -0.040385
v 0.151874 -0.294662 0.158556
v 0.173646 -0.289847 0.342481
v 0.179141 -0.742495 0.503481
v 0.018463 -0.679122 0.037109
v 0.075470 -0.679122 -0.019898
v 0.075470 -0.679122 -0.061630
v 0.018464 -0.742495 -0.118637
v 0.062528 -0.679122 -0.099900
v 0.147778 -0.742495 -0.190422
v 0.075470 -0.679122 -0.071652
v 0.054605 -0.664397 0.004930
v 0.036534 -0.472646 0.120754
v 0.075470 -0.386890 0.129715
v 0.111356 -0.339730 0.140313
v 0.223173 -0.260336 0.202173
v 0.228955 -0.260336 0.284107
v 0.163111 -0.278968 0.430109
v 0.138062 -0.289397 0.501949
v 0.147737 -0.742495 0.584471
v 0.179141 -0.679122 0.503481
v -0.002376 -0.679122 0.037109
v 0.054604 -0.679122 -0.097771
v 0.054605 -0.679122 -0.123716
v 0.147778 -0.679122 -0.190422
v 0.075470 -0.660002 -0.033400
v 0.054605 -0.622469 -0.005481
v 0.054604 -0.464071 0.114253
v 0.036534 -0.502640 0.050034
v 0.075470 -0.434364 0.091736
v 0.104851 -0.303321 0.086242
v 0.201976 -0.260336 0.123032
v 0.211811 -0.260336 0.397856
v 0.109769 -0.742495 0.648525
v 0.147737 -0.679122 0.584471
v 0.018463 -0.679122 -0.118637
v -0.002412 -0.742495 -0.118637
v 0.054605 -0.673862 -0.112498
v 0.075470 -0.660002 -0.076399
v 0.109818 -0.742495 -0.254498
v 0.054605 -0.576725 -0.046431
v 0.036534 -0.547708 -0.094865
v 0.075470 -0.400061 0.065735
v 0.075470 -0.364613 0.094094
v 0.159766 -0.260336 0.049836
v 0.263354 -0.193985 0.109286
v 0.286497 -0.193985 0.191241
v 0.290157 -0.193985 0.283158
v 0.144663 -0.274177 0.502048
v 0.179629 -0.257449 0.502693
v 0.113117 -0.283042 0.564529
v 0.066897 -0.742495 0.692844
v 0.109769 -0.679122 0.648525
v 0.034272 -0.679122 -0.230153
v 0.054605 -0.669717 -0.123716
v 0.109818 -0.679122 -0.254498
v 0.075470 -0.639888 -0.038394
v 0.075470 -0.607516 -0.067373
v 0.054605 -0.492257 0.047795
v 0.075470 -0.456290 0.040037
v 0.036534 -0.536200 -0.198573
v 0.075470 -0.414759 0.031080
v 0.054604 -0.351222 0.058524
v 0.124785 -0.260126 0.016668
v 0.202708 -0.193985 0.010750
v 0.268488 -0.193985 0.415424
v 0.020995 -0.742495 0.715492
v 0.066897 -0.679122 0.692844
v 0.083447 -0.278156 0.613619
v -0.002413 -0.679122 -0.118637
v 0.066951 -0.742495 -0.298843
v 0.075470 -0.643071 -0.091555
v 0.054605 -0.557937 -0.097283
v 0.075470 -0.593370 -0.105662
v 0.054605 -0.493886 -0.020859
v 0.036534 -0.534580 -0.200024
v 0.054604 -0.378792 0.023323
v 0.054604 -0.370354 0.043218
v 0.070187 -0.306208 0.049336
v 0.158495 -0.193776 -0.027818
v 0.283399 -0.146700 0.101567
v 0.308284 -0.146700 0.189690
v 0.312219 -0.146700 0.288526
v 0.288919 -0.146700 0.430747
v 0.119823 -0.267772 0.565064
v 0.146751 -0.254563 0.568951
v 0.227813 -0.193985 0.537327
v 0.020995 -0.679122 0.715492
v 0.050260 -0.274111 0.647299
v 0.021051 -0.742495 -0.321517
v 0.018464 -0.679122 -0.286398
v 0.034272 -0.669717 -0.230153
v 0.075470 -0.634284 -0.115337
v 0.066951 -0.679122 -0.298843
v 0.075470 -0.457591 -0.014817
v 0.036534 -0.504363 -0.022604
v 0.075470 -0.415682 -0.007839
v 0.054605 -0.546428 -0.200999
v 0.054604 -0.379388 -0.001796
v 0.036534 -0.347097 0.048463
v 0.084178 -0.193985 -0.040360
v 0.065985 -0.260336 0.005882
v 0.170647 -0.146490 -0.045857
v 0.218188 -0.146700 -0.004386
v 0.245183 -0.146700 0.561825
v -0.002375 -0.679122 0.715485
v 0.087834 -0.263890 0.613807
v -0.002412 -0.742495 -0.321531
v 0.054605 -0.658208 -0.227432
v 0.075470 -0.581861 -0.209378
v 0.075470 -0.622775 -0.219053
v 0.054605 -0.470101 -0.085282
v 0.036534 -0.473627 -0.200024
v 0.054605 -0.535863 -0.210457
v 0.036534 -0.368911 -0.000052
v 0.036534 -0.361778 0.036718
v 0.036534 -0.308824 0.047131
v 0.090736 -0.146700 -0.059343
v 0.299895 -0.096470 0.100820
v 0.326214 -0.096470 0.194020
v 0.330375 -0.096470 0.298549
v 0.305733 -0.096470 0.448964
v 0.259478 -0.096470 0.587594
v 0.186258 -0.193985 0.614371
v 0.200500 -0.146700 0.644669
v -0.002375 -0.725307 0.715485
v 0.014978 -0.271791 0.664399
v 0.054317 -0.258605 0.647500
v 0.021051 -0.679122 -0.321517
v -0.002406 -0.679122 -0.286398
v 0.018464 -0.658668 -0.286398
v 0.054605 -0.640890 -0.274307
v 0.075470 -0.438587 -0.066290
v 0.036534 -0.479198 -0.090765
v 0.075470 -0.402199 -0.044359
v 0.054605 -0.475053 -0.210457
v 0.075470 -0.560773 -0.241510
v 0.075470 -0.574544 -0.229182
v 0.036534 -0.361588 -0.019885
v 0.036534 -0.368409 0.021084
v 0.036534 -0.343135 -0.040460
v 0.036534 -0.193985 -0.040360
v 0.036534 -0.146700 -0.059343
v 0.036534 -0.260336 0.005882
v 0.096134 -0.096470 -0.069359
v 0.180648 -0.096261 -0.055097
v 0.230927 -0.096470 -0.011237
v 0.212221 -0.096470 0.675209
v 0.105038 -0.254563 0.617781
v -0.002375 -0.271792 0.664399
v -0.002412 -0.679122 -0.321531
v -0.002402 -0.658668 -0.286398
v 0.075470 -0.610099 -0.253364
v 0.054605 -0.427916 -0.132317
v 0.054605 -0.370685 -0.025367
v 0.036534 -0.408078 -0.218293
v 0.036534 -0.435024 -0.140018
v 0.075470 -0.479996 -0.246597
v 0.075470 -0.540283 -0.246597
v 0.036534 -0.149564 -0.187922
v 0.045994 -0.096470 -0.069359
v 0.308299 -0.054497 0.101683
v 0.335348 -0.054497 0.197470
v 0.337912 -0.068749 0.304587
v 0.312713 -0.068749 0.458403
v 0.265411 -0.068749 0.600167
v 0.217086 -0.068749 0.689764
v 0.139887 -0.146700 0.705722
v 0.129888 -0.193985 0.671150
v 0.148116 -0.096470 0.739780
v -0.002375 -0.256383 0.666580
v 0.015247 -0.256383 0.666580
v 0.018464 -0.608362 -0.331430
v -0.002402 -0.608362 -0.331430
v 0.075470 -0.403294 -0.105641
v 0.075470 -0.374864 -0.074837
v 0.054605 -0.412901 -0.227780
v 0.075470 -0.429608 -0.260642
v 0.075470 -0.580887 -0.279515
v 0.075470 -0.545387 -0.288329
v 0.054604 -0.350242 -0.048161
v 0.036534 -0.146700 -0.191285
v 0.053899 -0.054497 -0.073218
v 0.098884 -0.054497 -0.073218
v 0.185743 -0.054288 -0.058560
v 0.237418 -0.054497 -0.013483
v 0.151532 -0.068749 0.755794
v 0.075153 -0.193985 0.707439
v 0.054605 -0.598305 -0.312428
v 0.036534 -0.242837 -0.286426
v 0.054605 -0.235622 -0.278807
v 0.036534 -0.353435 -0.261483
v 0.075470 -0.485703 -0.288329
v 0.075470 -0.448899 -0.298587
v 0.054605 -0.156779 -0.195541
v 0.043643 -0.108957 -0.241922
v 0.047073 -0.090745 -0.313197
v 0.263036 -0.003852 0.007186
v 0.312877 -0.003852 0.097110
v 0.339625 -0.054497 0.304899
v 0.314299 -0.054497 0.459488
v 0.266760 -0.054497 0.601964
v 0.218192 -0.054497 0.692011
v 0.152308 -0.054497 0.758374
v 0.085870 -0.096470 0.781048
v 0.081032 -0.146700 0.744742
v 0.087879 -0.068749 0.797996
v -0.002375 -0.193985 0.723679
v 0.022165 -0.193985 0.723679
v -0.002402 -0.552358 -0.345336
v 0.018464 -0.552358 -0.345336
v 0.075470 -0.210630 -0.252413
v 0.075470 -0.181771 -0.221935
v 0.054605 -0.361218 -0.268630
v 0.075470 -0.388181 -0.293385
v 0.075470 -0.419314 -0.321971
v 0.054605 -0.549806 -0.324470
v 0.054605 -0.490645 -0.324470
v 0.063438 -0.003852 -0.394866
v 0.063438 -0.003852 -0.078991
v 0.124055 -0.003852 -0.078991
v 0.225750 -0.003852 -0.035863
v 0.329576 0.040080 0.197578
v 0.088335 -0.054497 0.800787
v 0.024056 -0.146700 0.762204
v 0.054605 -0.217546 -0.300027
v 0.036534 -0.298962 -0.343982
v 0.054605 -0.465606 -0.331449
v 0.054605 -0.446277 -0.346727
v 0.075470 -0.147279 -0.262428
v 0.054605 -0.114667 -0.244978
v 0.045192 -0.100731 -0.385865
v 0.179970 -0.003852 -0.067219
v 0.219977 -0.003852 -0.070501
v 0.307105 0.040080 0.097219
v 0.329576 0.040080 0.304523
v 0.307065 0.040112 0.455278
v 0.259817 0.040112 0.592738
v 0.206569 0.040112 0.679674
v 0.145095 0.040112 0.740037
v 0.026258 -0.068749 0.816881
v 0.025611 -0.096470 0.799516
v 0.026404 -0.054497 0.819768
v -0.002375 -0.146700 0.762204
v -0.002402 -0.493499 -0.345336
v 0.018464 -0.493499 -0.345336
v 0.075470 -0.184935 -0.282577
v 0.036534 -0.226960 -0.305065
v 0.054605 -0.306904 -0.350888
v 0.075471 -0.334416 -0.374811
v 0.036534 -0.281886 -0.359046
v 0.075471 -0.366184 -0.402435
v 0.054605 -0.393697 -0.426359
v 0.018464 -0.475251 -0.350422
v 0.054605 -0.095186 -0.313476
v 0.063438 -0.003852 -0.445366
v 0.054605 -0.105925 -0.383877
v 0.190484 -0.003852 -0.338035
v 0.190484 -0.003852 -0.200230
v 0.219977 0.040080 -0.070501
v 0.247541 0.040112 0.122374
v 0.266071 0.040112 0.205131
v 0.078203 0.040112 0.776236
v -0.002375 -0.096470 0.799516
v 0.054605 -0.211637 -0.320806
v 0.036534 -0.234214 -0.352618
v 0.036534 -0.265558 -0.363998
v 0.018464 -0.461843 -0.361019
v 0.075470 -0.174723 -0.318482
v 0.075470 -0.132099 -0.315800
v 0.039961 -0.128505 -0.433784
v 0.161806 -0.003852 -0.423739
v 0.128330 0.040112 0.004317
v 0.206843 0.040080 0.050908
v 0.266071 0.040112 0.309523
v 0.195953 0.040112 0.582516
v 0.149823 0.040112 0.667833
v 0.102853 0.040112 0.718365
v 0.054937 0.040112 0.742421
v -0.002375 -0.054497 0.819768
v -0.002375 -0.068749 0.816881
v 0.022084 0.040112 0.794211
v -0.002402 -0.475251 -0.350422
v 0.036534 -0.222293 -0.321476
v 0.036534 -0.248648 -0.361718
v 0.036534 -0.224866 -0.338344
v 0.054605 -0.287086 -0.368371
v 0.075471 -0.305099 -0.400675
v 0.075471 -0.325899 -0.437976
v 0.054605 -0.266413 -0.374640
v 0.054605 -0.343911 -0.470280
v 0.018464 -0.409581 -0.440171
v -0.002402 -0.461843 -0.361019
v 0.028479 -0.128164 -0.445362
v 0.051892 -0.003852 -0.456913
v 0.054605 -0.144943 -0.443451
v 0.190484 0.040112 -0.338035
v 0.190484 0.040112 -0.200230
v 0.043232 0.040112 -0.007687
v 0.199617 0.029825 0.058006
v 0.256279 0.029825 0.206214
v 0.239826 0.040112 0.449513
v 0.014639 0.040112 0.751183
v -0.002375 0.040112 0.794211
v 0.054605 -0.226730 -0.360233
v 0.054605 -0.214894 -0.342161
v 0.075470 -0.180352 -0.355385
v 0.054605 -0.245004 -0.371754
v 0.018464 -0.354311 -0.488930
v 0.075470 -0.140467 -0.370653
v 0.105171 -0.003852 -0.480739
v 0.161806 0.040112 -0.423739
v -0.002375 0.040112 -0.007687
v 0.125020 0.029825 0.013738
v 0.238307 0.029825 0.125945
v 0.230323 0.029825 0.447067
v 0.256279 0.029825 0.308613
v 0.186926 0.029825 0.578623
v 0.141803 0.029825 0.662080
v 0.096883 0.029825 0.710406
v 0.051649 0.029825 0.733116
v -0.002375 0.040112 0.751184
v 0.075471 -0.269376 -0.411508
v 0.075471 -0.272798 -0.454079
v 0.054605 -0.275761 -0.490946
v 0.075470 -0.232382 -0.406520
v -0.002402 -0.354311 -0.488930
v -0.002402 -0.409581 -0.440171
v 0.018464 -0.129975 -0.458681
v 0.040649 -0.003852 -0.456913
v -0.002348 -0.003852 -0.456913
v 0.075470 -0.170868 -0.417072
v 0.104330 0.040112 -0.411391
v 0.124732 0.040112 -0.223322
v 0.042545 0.029825 0.002104
v 0.125020 -0.016360 0.013738
v 0.238307 -0.016360 0.125945
v 0.256279 -0.016360 0.206214
v 0.013587 0.029825 0.741392
v 0.075470 -0.200805 -0.386612
v 0.018464 -0.277472 -0.512232
v 0.018464 -0.197898 -0.501502
v 0.018464 -0.121648 -0.445968
v 0.027877 -0.003852 -0.504361
v 0.105171 0.040112 -0.480739
v 0.054605 -0.205185 -0.481430
v 0.070165 0.040112 -0.445776
v 0.124732 0.040112 -0.350418
v -0.002387 0.040112 -0.223322
v 0.042545 -0.016360 0.002104
v -0.002375 0.029825 0.002104
v 0.199617 -0.016360 0.058006
v 0.230323 -0.016360 0.447067
v 0.186926 -0.016360 0.578623
v 0.256279 -0.016360 0.308613
v 0.141803 -0.016360 0.662080
v 0.096883 -0.016360 0.710406
v -0.002375 0.029825 0.741392
v 0.051649 -0.016360 0.733116
v 0.075470 -0.217808 -0.446664
v -0.002402 -0.277472 -0.512232
v -0.002402 -0.197898 -0.501502
v -0.002402 -0.121648 -0.445968
v -0.002348 -0.003852 -0.504361
v 0.027877 0.040112 -0.504361
v 0.018054 0.040112 -0.461702
v 0.104330 0.057431 -0.411391
v 0.124732 0.057431 -0.350418
v 0.124732 0.057431 -0.246415
v -0.002375 -0.016360 0.002104
v 0.132826 -0.016360 -0.008482
v 0.216659 -0.016360 0.041266
v 0.260086 -0.016360 0.117524
v 0.279372 -0.016360 0.203660
v 0.279372 -0.016360 0.310759
v 0.013587 -0.016360 0.741392
v -0.002402 -0.129975 -0.458681
v -0.002402 0.040112 -0.504361
v -0.002402 0.040112 -0.461702
v 0.018054 0.057431 -0.461702
v 0.070165 0.057431 -0.445776
v -0.002387 0.057431 -0.246415
v 0.252736 -0.016360 0.452837
v 0.208215 -0.016360 0.587804
v 0.160718 -0.016360 0.675649
v 0.110964 -0.016360 0.729176
v -0.002375 -0.016360 0.741392
v 0.059404 -0.016360 0.755062
v -0.002402 0.057431 -0.461702
v -0.002375 -0.016360 -0.020988
v 0.132826 -0.068749 -0.008482
v 0.260086 -0.068749 0.117524
v 0.279372 -0.068749 0.203660
v -0.002375 -0.016360 0.764485
v 0.044166 -0.016360 -0.020988
v 0.044166 -0.068749 -0.020988
v 0.216659 -0.068749 0.041266
v 0.279372 -0.068749 0.310759
v 0.252736 -0.068749 0.452837
v 0.208215 -0.068749 0.587804
v 0.160718 -0.068749 0.675649
v 0.110964 -0.068749 0.729176
v 0.016069 -0.016360 0.764485
v -0.002375 -0.068749 -0.020988
v 0.123559 -0.193776 0.022868
v 0.167915 -0.193776 0.063967
v 0.201976 -0.193776 0.123032
v 0.223173 -0.193776 0.202173
v 0.228955 -0.193776 0.284107
v 0.059404 -0.068749 0.755062
v 0.016069 -0.068749 0.764485
v 0.065985 -0.193776 0.005882
v 0.211811 -0.193776 0.397856
v 0.179629 -0.193776 0.502693
v 0.146751 -0.193776 0.568951
v 0.105038 -0.193776 0.617781
v 0.068025 -0.193776 0.639468
v -0.002375 -0.068749 0.764485
v -0.002375 -0.193776 0.005882
v 0.077663 -0.308824 0.103570
v 0.117737 -0.308824 0.157895
v 0.133617 -0.308824 0.217184
v 0.137961 -0.308824 0.278737
v 0.124662 -0.308824 0.316007
v -0.002375 -0.193776 0.647500
v 0.096445 -0.308824 0.120973
v 0.041855 -0.308824 0.093006
v 0.098628 -0.308824 0.351831
v 0.076471 -0.308824 0.370692
v 0.041940 -0.308824 0.384933
v 0.011939 -0.308824 0.386963
v -0.002375 -0.308824 0.386963
v 0.065811 -0.331917 0.112304
v 0.052851 -0.331917 0.100295
v -0.002375 -0.308824 0.093006
v 0.080502 -0.331917 0.137779
v 0.091459 -0.331917 0.178689
v 0.094457 -0.331917 0.221161
v 0.085280 -0.331917 0.246877
v 0.067317 -0.331917 0.271595
v 0.028144 -0.331917 0.093006
v 0.052028 -0.331917 0.284609
v 0.028202 -0.331917 0.294436
v 0.007502 -0.331917 0.295836
v -0.002375 -0.331917 0.295836
v 0.057507 -0.351482 0.096910
v 0.046898 -0.349236 0.087963
v -0.002375 -0.331917 0.093006
v 0.067207 -0.357690 0.113415
v 0.073580 -0.366555 0.170438
v 0.066382 -0.366555 0.190610
v 0.052291 -0.366555 0.209999
v 0.040299 -0.366555 0.220207
v 0.024854 -0.349236 0.081460
v 0.071229 -0.366555 0.137123
v 0.021610 -0.366555 0.227915
v 0.005372 -0.366555 0.229014
v -0.002375 -0.366555 0.229014
v 0.041758 -0.380322 0.050773
v 0.058151 -0.403661 0.068464
v 0.027673 -0.373637 0.045707
v -0.002375 -0.349236 0.081460
v 0.058151 -0.430763 0.089007
v 0.041758 -0.454103 0.106698
v 0.027673 -0.460787 0.111765
v -0.002375 -0.460787 0.111765
v 0.041828 -0.391089 0.025975
v -0.002375 -0.373637 0.045707
v 0.058151 -0.419225 0.032043
v 0.058151 -0.451824 0.039074
v 0.027758 -0.488044 0.046886
v 0.027758 -0.383005 0.024231
v 0.041828 -0.479960 0.045142
v -0.002375 -0.488044 0.046886
v 0.041828 -0.391797 -0.003862
v 0.027758 -0.383639 -0.002504
v -0.002375 -0.383005 0.024231
v 0.058151 -0.420189 -0.008589
v 0.058151 -0.453084 -0.014066
v 0.041828 -0.481477 -0.018793
v -0.002375 -0.489635 -0.020152
v 0.027758 -0.489635 -0.020152
v 0.027758 -0.374376 -0.027592
v 0.058151 -0.406112 -0.046718
v -0.002375 -0.383639 -0.002504
v 0.058151 -0.434674 -0.063931
v 0.041828 -0.459326 -0.078789
v -0.002375 -0.466410 -0.083058
v 0.041828 -0.381460 -0.031861
v 0.027758 -0.466410 -0.083058
v -0.002375 -0.374376 -0.027592
v 0.027845 -0.353296 -0.051470
v 0.058151 -0.377999 -0.078235
v 0.058151 -0.400159 -0.102244
v 0.041901 -0.419333 -0.123019
v -0.002375 -0.424862 -0.129009
v 0.041901 -0.358825 -0.057460
v 0.027845 -0.424862 -0.129009
v -0.002375 -0.353296 -0.051470
vn 0.9307291851844122 0.345985068839618 -0.11848002357361719
vn 0.5371021118888549 0.8293391727675397 -0.1540060320824629
vn 0.6219680491224164 0.6217530491054359 -0.4760030375942454
vn -0.6219680491224164 -0.6217530491054359 0.4760030375942454
vn -0.5371021118888549 -0.8293391727675397 0.1540060320824629
vn -0.9307291851844122 -0.345985068839618 0.11848002357361719
vn 0.9957665832652997 0 -0.09191796153174368
vn 0.9999999985420001 0 0.000053999999921268
vn -0.9957665832652997 0 0.09191796153174368
vn -0.9999999985420001 0 -0.000053999999921268
vn 0.23692598847047086 0.8413889590554899 -0.48572697636306866
vn -0.23692598847047086 -0.8413889590554899 0.48572697636306866
vn 0.9551997861642237 0.18855095779004455 -0.22812694893036628
vn -0.9551997861642237 -0.18855095779004455 0.22812694893036628
vn 0.9817676499758419 0 -0.19008493223007666
vn -0.9817676499758419 0 0.19008493223007666
vn 0.07903704103497534 0.9700675036460825 -0.22961311921206262
vn -0.07903704103497534 -0.9700675036460825 0.22961311921206262
vn 0.22904906483521006 0.40039311333629163 -0.8872552511487249
vn -0.22904906483521006 -0.40039311333629163 0.8872552511487249
vn 0.597417671955358 0.254661860164065 -0.7604205824497509
vn -0.597417671955358 -0.254661860164065 0.7604205824497509
vn 0.9890596169867376 0.11575595517351504 0.09144196458910607
vn -0.9890596169867376 -0.11575595517351504 -0.09144196458910607
vn -9.999999999995e-7 -1 0
vn 9.999999999995e-7 1 0
vn 0.9957561411499366 0 0.09203101304553507
vn -0.9957561411499366 0 -0.09203101304553507
vn 0.002890999120290784 0.8602597382294535 -0.5098478448571483
vn -0.002890999120290784 -0.8602597382294535 0.5098478448571483
vn 0.07808598602694353 0.5553869006165777 -0.8279178518486673
vn -0.07808598602694353 -0.5553869006165777 0.8279178518486673
vn 0.8933632300097937 -0.44095011352923563 -0.08640102224524207
vn -0.8933632300097937 0.44095011352923563 0.08640102224524207
vn 0.9829265732394222 -0.14489693708960336 0.11340295076345466
vn -0.9829265732394222 0.14489693708960336 -0.11340295076345466
vn 0.9533493770678669 0 -0.30186911939499583
vn -0.9533493770678669 0 0.30186911939499583
vn -0.04341098662902748 0.9692607014590267 -0.2421759254076469
vn 0.04341098662902748 -0.9692607014590267 0.2421759254076469
vn 0.048675988174535174 0.1646529599988031 -0.9851497606652833
vn -0.048675988174535174 -0.1646529599988031 0.9851497606652833
vn 0.19722706410649812 0.14424304688462333 -0.9696883151865715
vn -0.19722706410649812 -0.14424304688462333 0.9696883151865715
vn 0.6407813196903657 0.1378320687654011 -0.7552493767992948
vn -0.6407813196903657 -0.1378320687654011 0.7552493767992948
vn 0.9684416632665973 -0.14359295007180659 0.20371992916526876
vn -0.9684416632665973 0.14359295007180659 -0.20371992916526876
vn 0.9817438209299434 0 0.1902079653060703
vn -0.9817438209299434 0 -0.1902079653060703
vn -0.7071067811692234 -0.000006999997833686505 -0.7071067811692234
vn -0.25881895959241075 -0.0000029999995316311096 -0.9659258491967704
vn 0.7071067811692234 0.000006999997833686505 0.7071067811692234
vn 0.25881895959241075 0.0000029999995316311096 0.9659258491967704
vn -0.9659258491528206 -0.000009999998438315366 -0.25881895958063444
vn 0.9659258491528206 0.000009999998438315366 0.25881895958063444
vn 0 1 0
vn 0 -1 0
vn -0.08415298088604109 0.8789328003649394 -0.46946289336926206
vn 0.08415298088604109 -0.8789328003649394 0.46946289336926206
vn 1 0 0
vn -1 0 0
vn 0.779615229367122 -0.5565421637377896 -0.2871600844840887
vn 0.6576557536997456 -0.6989847382215272 -0.2809078947965017
vn -0.6576557536997456 0.6989847382215272 0.2809078947965017
vn -0.779615229367122 0.5565421637377896 0.2871600844840887
vn 0.7120328428422644 -0.6874908482590992 0.1427079685019288
vn -0.7120328428422644 0.6874908482590992 -0.1427079685019288
vn 0.9761531255889407 0.1065310137059615 0.1891460243349616
vn -0.9761531255889407 -0.1065310137059615 -0.1891460243349616
vn 0 0 -1
vn 0 0 1
vn -0.9659258491528206 -0.000009999998438315366 0.25881895958063444
vn 0.9659258491528206 0.000009999998438315366 -0.25881895958063444
vn 0.8994502675734524 0 -0.4370231300080637
vn -0.8994502675734524 0 0.4370231300080637
vn 0.7586630244904016 0.6335620204520159 0.15175500489880342
vn 0.7389009700309163 0.49536597990845166 0.4567689814739073
vn 0.5418619507192833 0.7716329298223031 0.3331189697038304
vn -0.5418619507192833 -0.7716329298223031 -0.3331189697038304
vn -0.7389009700309163 -0.49536597990845166 -0.4567689814739073
vn -0.7586630244904016 -0.6335620204520159 -0.15175500489880342
vn 0.6430942900722466 0.45554520547690003 0.6155552776505794
vn -0.6430942900722466 -0.45554520547690003 -0.6155552776505794
vn 0.8116892556423831 -0.5081041600279386 0.2880810907314419
vn 0.9106146974164456 -0.41226086301192194 0.028667990474058373
vn 0.7461379950404208 -0.664868995580616 -0.035032999767135656
vn -0.7461379950404208 0.664868995580616 0.035032999767135656
vn -0.9106146974164456 0.41226086301192194 -0.028667990474058373
vn -0.8116892556423831 0.5081041600279386 -0.2880810907314419
vn 0.7593330736181044 -0.584228056641497 -0.2865150277779198
vn -0.7593330736181044 0.584228056641497 0.2865150277779198
vn 0.6397568768359372 -0.7556328545278438 -0.14046397295829993
vn -0.6397568768359372 0.7556328545278438 0.14046397295829993
vn 0.6713318818476132 -0.7399888697641903 0.04159299267975871
vn -0.6713318818476132 0.7399888697641903 -0.04159299267975871
vn 0.6600711206785037 -0.7264091328068514 0.1914050349939158
vn -0.6600711206785037 0.7264091328068514 -0.1914050349939158
vn 0.9373890201716745 -0.1431960030814348 0.3174850068319599
vn -0.9373890201716745 0.1431960030814348 -0.3174850068319599
vn 0.9533034451904295 0 0.3020141410398818
vn -0.9533034451904295 0 -0.3020141410398818
vn 0.0000099999999995 -1 0
vn -0.0000099999999995 1 0
vn -0.7071067811692234 -0.000006999997833686505 0.7071067811692234
vn 0.7071067811692234 0.000006999997833686505 -0.7071067811692234
vn -0.2588189595930578 -0.000001999999687759073 0.9659258491991852
vn 0.2588189595930578 0.000001999999687759073 -0.9659258491991852
vn 0.9661769755658678 0.12512699683560086 -0.22548899429749616
vn 0.9581637910872597 0.24242294714343968 0.15216196682344524
vn -0.9581637910872597 -0.24242294714343968 -0.15216196682344524
vn -0.9661769755658678 -0.12512699683560086 0.22548899429749616
vn 0.7417222326048704 0.33042510362165917 0.583667183038641
vn 0.5078756181279585 0.500850623410057 0.7008644730195
vn -0.5078756181279585 -0.500850623410057 -0.7008644730195
vn -0.7417222326048704 -0.33042510362165917 -0.583667183038641
vn 0.5112577471102523 0.7106356484894932 0.48333476092214467
vn -0.5112577471102523 -0.7106356484894932 -0.48333476092214467
vn 0.5011749618718633 -0.7922889397246404 0.3479969735252612
vn 0.7129168251154646 -0.6224478473082711 0.32296792077323355
vn -0.7129168251154646 0.6224478473082711 -0.32296792077323355
vn -0.5011749618718633 0.7922889397246404 -0.3479969735252612
vn 0.9555185187957397 -0.22717488559350693 0.18808490527943109
vn -0.9555185187957397 0.22717488559350693 -0.18808490527943109
vn 0.6403209768632825 -0.62345197747281 -0.4486609837885329
vn -0.6403209768632825 0.62345197747281 0.4486609837885329
vn 0.5917842910866328 -0.7590973733845283 -0.2712241334096239
vn -0.5917842910866328 0.7590973733845283 0.2712241334096239
vn 0.6090160870783444 -0.7793661114353333 0.1472680210566777
vn -0.6090160870783444 0.7793661114353333 -0.1472680210566777
vn 0.9484110155985161 0.10114700166356476 0.30047600494192894
vn -0.9484110155985161 -0.10114700166356476 -0.30047600494192894
vn 0.8993628790455939 0 0.43720294120101755
vn -0.8993628790455939 0 -0.43720294120101755
vn 0.891233005749344 0.17847200115132286 -0.4169550026897767
vn 0.9680872209596407 0.19523004455999374 -0.15713803586573938
vn 0.9563607481586884 -0.0414609890819548 -0.28923192383569984
vn -0.9563607481586884 0.0414609890819548 0.28923192383569984
vn -0.9680872209596407 -0.19523004455999374 0.15713803586573938
vn -0.891233005749344 -0.17847200115132286 0.4169550026897767
vn 0.9721185750510952 -0.06600697114591696 -0.2250079016407424
vn -0.9721185750510952 0.06600697114591696 0.2250079016407424
vn 0.7950858575186394 0 -0.6064968913142504
vn -0.7950858575186394 0 0.6064968913142504
vn 0.7176019383102757 0.5758769504938763 0.39167996632864566
vn -0.7176019383102757 -0.5758769504938763 -0.39167996632864566
vn 0.5067309122276261 -0.842726854028766 0.18175596851750614
vn -0.5067309122276261 0.842726854028766 -0.18175596851750614
vn 0.9678729306625536 0.20038198564483545 -0.15188498911911164
vn -0.9678729306625536 -0.20038198564483545 0.15188498911911164
vn 0.9025093186824142 -0.23008708124537336 -0.36405612855079006
vn -0.9025093186824142 0.23008708124537336 0.36405612855079006
vn 0.5067282166557491 -0.7610283253838183 -0.40504617318076874
vn -0.5067282166557491 0.7610283253838183 0.40504617318076874
vn 0.7510949625650525 -0.5850399708413161 -0.3059159847529948
vn -0.7510949625650525 0.5850399708413161 0.3059159847529948
vn 0.7997180429368629 -0.5894860316495057 -0.11383000611153318
vn -0.7997180429368629 0.5894860316495057 0.11383000611153318
vn 0.8114786069113374 -0.5809537185799869 0.06320796938140337
vn -0.8114786069113374 0.5809537185799869 -0.06320796938140337
vn 0.6779591140510374 -0.6733731132795482 0.2948560496027528
vn -0.6779591140510374 0.6733731132795482 -0.2948560496027528
vn 0.5660652237211911 -0.7898343121595632 0.23607609330236615
vn -0.5660652237211911 0.7898343121595632 -0.23607609330236615
vn 0.8787922789810017 -0.18905906001860417 0.43815613909685086
vn -0.8787922789810017 0.18905906001860417 -0.43815613909685086
vn 0.7949140585533717 0 0.6067220446911474
vn -0.7949140585533717 0 -0.6067220446911474
vn 0.8948463950993789 0.10011504420355492 0.4350021920654727
vn -0.8948463950993789 -0.10011504420355492 -0.4350021920654727
vn 0.9118762531350593 -0.39525810972287595 -0.1106920307278906
vn -0.9118762531350593 0.39525810972287595 0.1106920307278906
vn 0.9678101762938981 0.11772802144504402 0.22244904052076478
vn -0.9678101762938981 -0.11772802144504402 -0.22244904052076478
vn 0.5027860828589018 0.8412111386311865 0.19892203278225423
vn -0.5027860828589018 -0.8412111386311865 -0.19892203278225423
vn 0.9678100775699806 0.20810801667985818 0.14154401134475295
vn -0.9678100775699806 -0.20810801667985818 -0.14154401134475295
vn 0.7134106446837766 -0.684995658835942 0.1477369264191989
vn -0.7134106446837766 0.684995658835942 -0.1477369264191989
vn 0.9670663909806693 -0.24880310058999433 0.053662021695318286
vn -0.9670663909806693 0.24880310058999433 -0.053662021695318286
vn 0.967066254158584 0.24880406538920027 -0.05366001410260481
vn -0.967066254158584 -0.24880406538920027 0.05366001410260481
vn 0.7122571270798596 -0.05427500968366667 -0.6998171248603329
vn -0.7122571270798596 0.05427500968366667 0.6998171248603329
vn 0.3077422110115206 -0.7147604900942818 -0.6280224306200557
vn -0.3077422110115206 0.7147604900942818 0.6280224306200557
vn 0.6441198442425007 -0.5696978622388129 -0.5104448765670423
vn -0.6441198442425007 0.5696978622388129 0.5104448765670423
vn 0.7859384784250698 -0.5829046131650997 0.20621086315160855
vn -0.7859384784250698 0.5829046131650997 -0.20621086315160855
vn 0.5892868944749321 0 0.8079238553230683
vn -0.5892868944749321 0 -0.8079238553230683
vn 0.790593058697979 0.10442600775316144 0.6033720447976608
vn 0.7859690301100812 -0.12826800491388324 0.6048140231701232
vn -0.7859690301100812 0.12826800491388324 -0.6048140231701232
vn -0.790593058697979 -0.10442600775316144 -0.6033720447976608
vn 0.9733520273706594 0 -0.2293160064483662
vn -0.9733520273706594 0 0.2293160064483662
vn 0.9678102145572576 -0.20810804613620623 -0.1415430313791735
vn -0.9678102145572576 0.20810804613620623 0.1415430313791735
vn 0.5896198991275415 0 -0.8076808618215662
vn -0.5896198991275415 0 0.8076808618215662
vn 0.7097263045915291 0.6855702942245524 0.16211706957539238
vn -0.7097263045915291 -0.6855702942245524 -0.16211706957539238
vn 0.9664028161099905 0.2501339524037657 0.05914898874495405
vn -0.9664028161099905 -0.2501339524037657 -0.05914898874495405
vn 0.7134108795484307 -0.6912308832932789 -0.11508598056899977
vn -0.7134108795484307 0.6912308832932789 0.11508598056899977
vn 0.4909430199035668 0.771352031271769 0.4049580164176057
vn -0.4909430199035668 -0.771352031271769 -0.4049580164176057
vn 0.7134101536382437 0.6849961475190738 -0.14773703181628126
vn -0.7134101536382437 -0.6849961475190738 0.14773703181628126
vn 0.7179579069049171 0.5547369280692088 -0.4204799454778407
vn -0.7179579069049171 -0.5547369280692088 0.4204799454778407
vn 0.3387311533256751 -0.5235092369649392 -0.7817923538760438
vn -0.3387311533256751 0.5235092369649392 0.7817923538760438
vn 0.39529104451550584 -0.55927306298226 -0.728669082058709
vn -0.39529104451550584 0.55927306298226 0.728669082058709
vn 0.8563026387251366 -0.3539518506673917 -0.37611684131596196
vn -0.8563026387251366 0.3539518506673917 0.37611684131596196
vn 0.9174572876141889 -0.3700391160037657 -0.14609304579878915
vn -0.9174572876141889 0.3700391160037657 0.14609304579878915
vn 0.9196555548624484 -0.38871081185371176 0.05601397288775932
vn -0.9196555548624484 0.38871081185371176 -0.05601397288775932
vn 0.8841773537408621 -0.4132121653175429 0.2179130871824674
vn -0.8841773537408621 0.4132121653175429 -0.2179130871824674
vn 0.6863469135566707 -0.5891569257974574 0.42640594629545364
vn -0.6863469135566707 0.5891569257974574 -0.42640594629545364
vn 0.49393398124335136 -0.8031539695010318 0.333125987349874
vn -0.49393398124335136 0.8031539695010318 -0.333125987349874
vn 0.7282081851360315 -0.6014051528982585 0.32867108355970354
vn -0.7282081851360315 0.6014051528982585 -0.32867108355970354
vn 0.22703301454623273 0 0.9738870623979198
vn -0.00028999998780550074 0 0.9999999579500025
vn 0.00028999998780550074 0 -0.9999999579500025
vn -0.22703301454623273 0 -0.9738870623979198
vn 0.5855126404359197 0.11430292980642091 0.8025645071440837
vn 0.6028901241818134 -0.062299012832196236 0.7953881638320824
vn -0.6028901241818134 0.062299012832196236 -0.7953881638320824
vn -0.5855126404359197 -0.11430292980642091 -0.8025645071440837
vn 0.8430988934959605 -0.4789879394920918 -0.24444796912023445
vn -0.8430988934959605 0.4789879394920918 0.24444796912023445
vn 0.9664028161099905 -0.2501339524037657 -0.05914898874495405
vn -0.9664028161099905 0.2501339524037657 0.05914898874495405
vn 0.967066429096657 -0.2510681114013309 -0.041801018547513155
vn -0.967066429096657 0.2510681114013309 0.041801018547513155
vn 0.5067318293266678 -0.8503977135758936 -0.14158595231216026
vn -0.5067318293266678 0.8503977135758936 0.14158595231216026
vn 0.9670661458717847 0.25106903787113094 0.0418020063053942
vn -0.9670661458717847 -0.25106903787113094 -0.0418020063053942
vn 0.7583597387750703 0.5852847983925406 0.28693590116193307
vn 0.49094309697231747 0.3174150626966229 0.8113091602518294
vn -0.49094309697231747 -0.3174150626966229 -0.8113091602518294
vn -0.7583597387750703 -0.5852847983925406 -0.28693590116193307
vn 0.7134098953713124 0.6912318986239372 0.11508598312149095
vn -0.7134098953713124 -0.6912318986239372 -0.11508598312149095
vn 0.358130145006925 0.07018002841589925 -0.9310303769742758
vn -0.358130145006925 -0.07018002841589925 0.9310303769742758
vn 0.0882219898567214 -0.509170941458329 -0.8561319015666683
vn -0.0882219898567214 0.509170941458329 0.8561319015666683
vn 0.07695200837476449 -0.6356250691757157 -0.7681530835988728
vn -0.07695200837476449 0.6356250691757157 0.7681530835988728
vn 0.40221715225249405 -0.33027112501854333 -0.853898323228755
vn -0.40221715225249405 0.33027112501854333 0.853898323228755
vn 0.7160960634976729 -0.3443440305336752 -0.6071520538373892
vn -0.7160960634976729 0.3443440305336752 0.6071520538373892
vn 0.8202866453122326 -0.44930480572289055 0.3539138469694552
vn -0.8202866453122326 0.44930480572289055 -0.3539138469694552
vn 0.22540002722731062 0.12452801504242474 0.9662751167216929
vn -0.22540002722731062 -0.12452801504242474 -0.9662751167216929
vn 0.5932650888349278 -0.5819040871337426 0.556259083293685
vn -0.5932650888349278 0.5819040871337426 -0.556259083293685
vn 0.22769488975995195 0 -0.9737325285606943
vn -0.22769488975995195 0 0.9737325285606943
vn 0.6039119998958252 0 -0.7970509998625086
vn -0.6039119998958252 0 0.7970509998625086
vn 0.7097263045915291 -0.6855702942245524 -0.16211706957539238
vn -0.7097263045915291 0.6855702942245524 0.16211706957539238
vn 0.7134107824108146 -0.600175816947304 -0.361709889679043
vn -0.7134107824108146 0.600175816947304 0.361709889679043
vn 0.7583592081097208 0.22063406054662782 0.6133611683192083
vn -0.7583592081097208 -0.22063406054662782 -0.6133611683192083
vn 0.5067310861035002 0.8503981444992398 0.14158602405822845
vn -0.5067310861035002 -0.8503981444992398 -0.14158602405822845
vn 0.5116440972397607 0.6847261301346099 -0.5190090986395052
vn -0.5116440972397607 -0.6847261301346099 0.5190090986395052
vn 0.059340977931005394 -0.479690821602297 -0.8754286744268233
vn -0.059340977931005394 0.479690821602297 0.8754286744268233
vn 0.0800310109728126 -0.29331504021554805 -0.9526601306163817
vn -0.0800310109728126 0.29331504021554805 0.9526601306163817
vn 0.8902849525148727 -0.23326798755818567 -0.39112497913856753
vn -0.8902849525148727 0.23326798755818567 0.39112497913856753
vn 0.9568942834660985 -0.2589020766959975 -0.13161703898964514
vn -0.9568942834660985 0.2589020766959975 0.13161703898964514
vn 0.9483871454546217 -0.31182704782507387 0.05766900884472539
vn -0.9483871454546217 0.31182704782507387 -0.05766900884472539
vn 0.9111150006150027 -0.34559900023327933 0.2245680001515834
vn -0.9111150006150027 0.34559900023327933 -0.2245680001515834
vn 0.846592050498794 -0.3870190230854919 0.36537402179437833
vn -0.846592050498794 0.3870190230854919 -0.36537402179437833
vn 0.6199371416615425 -0.6274861433865613 0.4711041076517764
vn -0.6199371416615425 0.6274861433865613 -0.4711041076517764
vn 0.6948217861623748 -0.5049468445980879 0.51210484239515
vn -0.6948217861623748 0.5049468445980879 -0.51210484239515
vn 0.26731904197831535 -0.031923005013013525 0.9630791512366648
vn -0.00019000002129140357 0.12444801394564523 0.9922261111888643
vn 0.00019000002129140357 -0.12444801394564523 -0.9922261111888643
vn -0.26731904197831535 0.031923005013013525 -0.9630791512366648
vn 0.5181450842332989 -0.149896024368149 0.8420551368903887
vn -0.5181450842332989 0.149896024368149 -0.8420551368903887
vn 0.0005809999019385543 0 -0.9999998312195427
vn -0.0005809999019385543 0 0.9999998312195427
vn 0.4781239102654738 -0.5010839059563307 -0.721326864621026
vn -0.4781239102654738 0.5010839059563307 0.721326864621026
vn 0.7176022193803607 -0.575877176053166 -0.391679119741417
vn -0.7176022193803607 0.575877176053166 0.391679119741417
vn 0.9670663999879329 -0.2179950901648589 -0.13138005434004982
vn -0.9670663999879329 0.2179950901648589 0.13138005434004982
vn 0.5067318613579284 -0.7383757979800402 -0.4449988782481011
vn -0.5067318613579284 0.7383757979800402 0.4449988782481011
vn 0.96706606211804 0.21799601400264743 0.13138100843906228
vn -0.96706606211804 -0.21799601400264743 -0.13138100843906228
vn 0.5034781861427169 0.11706704328127433 0.8560403164897202
vn 0.7103749803641703 0.09536299736402376 0.6973329807246708
vn -0.7103749803641703 -0.09536299736402376 -0.6973329807246708
vn -0.5034781861427169 -0.11706704328127433 -0.8560403164897202
vn 0.9702329608947614 0.11133499551264311 0.21506399133184603
vn -0.9702329608947614 -0.11133499551264311 -0.21506399133184603
vn 0.970232828562785 0.20147296440033477 0.1343759762561702
vn -0.970232828562785 -0.20147296440033477 -0.1343759762561702
vn 0.5067308926396972 0.738375843561434 0.4449999057185474
vn -0.5067308926396972 -0.738375843561434 -0.4449999057185474
vn 0.5067310043287496 0.8427270071989954 -0.1817550015526421
vn -0.5067310043287496 -0.8427270071989954 0.1817550015526421
vn 0 -0.4752188110090807 -0.8798676500833043
vn 0 0.4752188110090807 0.8798676500833043
vn 0 -0.285277949319093 -0.9584448297279781
vn 0 0.285277949319093 0.9584448297279781
vn 0 -0.6105679206505981 -0.7919638970763785
vn 0 0.6105679206505981 0.7919638970763785
vn 0.0826590318500603 -0.15023105788681704 -0.9851893796117671
vn -0.0826590318500603 0.15023105788681704 0.9851893796117671
vn 0.41938916051934466 -0.18494207078575892 -0.8887683401721479
vn -0.41938916051934466 0.18494207078575892 0.8887683401721479
vn 0.745536830698297 -0.21138595199700377 -0.6320528564690293
vn -0.745536830698297 0.21138595199700377 0.6320528564690293
vn 0.7198580570815067 -0.44713103545548033 0.5309220420997304
vn -0.7198580570815067 0.44713103545548033 -0.5309220420997304
vn 0.44393701559395393 -0.7565470265748496 0.4801630168664466
vn -0.44393701559395393 0.7565470265748496 -0.4801630168664466
vn -0.00009299997240082078 -0.007910997652289174 0.9999687032438318
vn 0.00009299997240082078 0.007910997652289174 -0.9999687032438318
vn 0.3577671016783192 -0.7290412071953633 0.5835251658393346
vn -0.3577671016783192 0.7290412071953633 -0.5835251658393346
vn 0 -0.35701488360852573 -0.9340986954717316
vn 0 0.35701488360852573 0.9340986954717316
vn 0.7086810583861088 -0.4785160394235026 -0.5184530427137927
vn -0.7086810583861088 0.4785160394235026 0.5184530427137927
vn 0.7134102913653835 0.6001762451192307 0.361710147726795
vn -0.7134102913653835 -0.6001762451192307 -0.361710147726795
vn 0.5074559417722251 0.39050295519193623 0.7681119118633878
vn -0.5074559417722251 -0.39050295519193623 -0.7681119118633878
vn 0.9665202767476567 0.034766009954692124 0.25422407279300613
vn -0.9665202767476567 -0.034766009954692124 -0.25422407279300613
vn 0.9664029574922837 0.031200998627608504 0.2551309887779361
vn -0.9664029574922837 -0.031200998627608504 -0.2551309887779361
vn 0 -0.14375798186255972 -0.9896128751440151
vn 0 0.14375798186255972 0.9896128751440151
vn 0.8966685897105506 -0.15866992739725927 -0.4132908108901536
vn -0.8966685897105506 0.15866992739725927 0.4132908108901536
vn 0.9859139893713543 -0.08437799909036299 -0.14440899844319882
vn -0.9859139893713543 0.08437799909036299 0.14440899844319882
vn 0.9790698817768293 -0.20003997584507435 0.03749899547197782
vn -0.9790698817768293 0.20003997584507435 -0.03749899547197782
vn 0.9231246108499791 -0.30991886935140384 0.22757690406326953
vn -0.9231246108499791 0.30991886935140384 -0.22757690406326953
vn 0.8592781071704612 -0.3521870439252991 0.37095204626569855
vn -0.8592781071704612 0.3521870439252991 -0.37095204626569855
vn 0.7329296464421532 -0.41262180095541745 0.5408857390821913
vn -0.7329296464421532 0.41262180095541745 -0.5408857390821913
vn 0.5297541127936684 -0.552393117613898 0.6436011370336379
vn -0.5297541127936684 0.552393117613898 -0.6436011370336379
vn 0.4762190491508087 -0.6429330663574466 0.5998770619136147
vn -0.4762190491508087 0.6429330663574466 -0.5998770619136147
vn 0.5508529397595521 -0.4983979454959513 0.669447926790183
vn -0.5508529397595521 0.4983979454959513 -0.669447926790183
vn 0.000005999999835342007 -0.14013099615438512 0.9901329728277812
vn -0.000005999999835342007 0.14013099615438512 -0.9901329728277812
vn 0.2197320805295151 -0.1404690514804419 0.9653943538069588
vn -0.2197320805295151 0.1404690514804419 -0.9653943538069588
vn 0.26612899149744496 -0.4508959855943243 -0.8519789727801241
vn -0.26612899149744496 0.4508959855943243 0.8519789727801241
vn 0 -0.4677649483508005 -0.8838529024076194
vn 0 0.4677649483508005 0.8838529024076194
vn 0.966213224396284 -0.17481204059887748 -0.1894010439870718
vn -0.966213224396284 0.17481204059887748 0.1894010439870718
vn 0.5016731378382252 -0.5867141612038448 -0.6356811746578764
vn -0.5016731378382252 0.5867141612038448 0.6356811746578764
vn 0.9662130413940169 0.17481200748920878 0.1894020081142663
vn -0.9662130413940169 -0.17481200748920878 -0.1894020081142663
vn 0.7140843934656077 0.3172591748120743 0.6240433438523454
vn -0.7140843934656077 -0.3172591748120743 -0.6240433438523454
vn 0.9671866856595422 0.11513996257894255 0.2264789263932285
vn -0.9671866856595422 -0.11513996257894255 -0.2264789263932285
vn 0.9678101762938981 -0.11772802144504402 -0.22244904052076478
vn -0.9678101762938981 0.11772802144504402 0.22244904052076478
vn 0.9664029574922837 -0.031200998627608504 -0.2551309887779361
vn -0.9664029574922837 0.031200998627608504 0.2551309887779361
vn 0.5016717762712437 0.58671473834494 0.635681716507313
vn -0.5016717762712437 -0.58671473834494 -0.635681716507313
vn 0.7086810583861088 0.4785160394235026 0.5184530427137927
vn 0.5021569592025106 0.5945879516930012 0.6279359489836599
vn -0.5021569592025106 -0.5945879516930012 -0.6279359489836599
vn -0.7086810583861088 -0.4785160394235026 -0.5184530427137927
vn 0.9956712423135528 -0.09294502261975408 0
vn -0.9956712423135528 0.09294502261975408 0
vn 0.9827224979903296 -0.18508509379106214 0
vn -0.9827224979903296 0.18508509379106214 0
vn 0 -0.10241200694824525 -0.9947420674892725
vn 0 0.10241200694824525 0.9947420674892725
vn 0.08274299487928444 -0.12492499226876724 -0.98870993881171
vn -0.08274299487928444 0.12492499226876724 0.98870993881171
vn 0.412022104176094 -0.1431850362030523 -0.8998532275198187
vn -0.412022104176094 0.1431850362030523 0.8998532275198187
vn 0.7512942278341412 -0.1622270491962524 -0.6397181939980902
vn -0.7512942278341412 0.1622270491962524 0.6397181939980902
vn 0.5626221334995584 -0.46443511020164047 0.6839271622829403
vn -0.5626221334995584 0.46443511020164047 -0.6839271622829403
vn 0.1673029297788762 -0.6877217113464092 0.7064337034925293
vn 0.31709193079913295 -0.6579978564011955 0.6830018509444243
vn -0.31709193079913295 0.6579978564011955 -0.6830018509444243
vn -0.1673029297788762 0.6877217113464092 -0.7064337034925293
vn 0.7176020502403978 -0.32577702280813886 -0.6155620430964236
vn -0.7176020502403978 0.32577702280813886 0.6155620430964236
vn 0.5021569592025106 -0.5945879516930012 -0.6279359489836599
vn -0.5021569592025106 0.5945879516930012 0.6279359489836599
vn 0.7091360831969138 -0.48478105687524403 -0.5119700600650989
vn -0.7091360831969138 0.48478105687524403 0.5119700600650989
vn 0.5047790438261803 0.6358750552082643 0.5838330506898473
vn -0.5047790438261803 -0.6358750552082643 -0.5838330506898473
vn 0.9665202767476567 -0.034766009954692124 -0.25422407279300613
vn -0.9665202767476567 0.034766009954692124 0.25422407279300613
vn 0.9671866856595422 -0.11513996257894255 -0.2264789263932285
vn -0.9671866856595422 0.11513996257894255 0.2264789263932285
vn 0.7091357201403525 0.4847808086817765 0.5119707979512764
vn -0.7091357201403525 -0.4847808086817765 -0.5119707979512764
vn 0.8549188396065542 -0.04684999121035685 -0.5166419030715301
vn -0.8549188396065542 0.04684999121035685 0.5166419030715301
vn 0.9428596775340311 0.014280995115779117 -0.3328838861509009
vn -0.9428596775340311 -0.014280995115779117 0.3328838861509009
vn 0.9908588750353637 -0.1204269848120507 0.06079499233268804
vn -0.9908588750353637 0.1204269848120507 -0.06079499233268804
vn 0.9631637573550011 -0.1253249684275113 0.2379269400602632
vn -0.9631637573550011 0.1253249684275113 -0.2379269400602632
vn 0.909325319015475 -0.13566104759349887 0.39334913799732557
vn -0.909325319015475 0.13566104759349887 -0.39334913799732557
vn 0.7936817142710627 -0.15438594442037526 0.5884167881673464
vn -0.7936817142710627 0.15438594442037526 -0.5884167881673464
vn 0.6250598274006911 -0.17186795254167916 0.7614207897470029
vn -0.6250598274006911 0.17186795254167916 -0.7614207897470029
vn 0.36175096228131437 -0.5375019439562878 0.7617269205770233
vn -0.36175096228131437 0.5375019439562878 -0.7617269205770233
vn 0.34676393528536004 -0.5893118900199734 0.7297028638195806
vn -0.34676393528536004 0.5893118900199734 -0.7297028638195806
vn 0.37039904523054135 -0.5038930615318972 0.7803180952869894
vn -0.37039904523054135 0.5038930615318972 -0.7803180952869894
vn 0 -0.6750891472987297 0.7377361609677769
vn 0 -0.6536339033677514 0.7568108881142218
vn 0 0.6536339033677514 -0.7568108881142218
vn 0 0.6750891472987297 -0.7377361609677769
vn 0.11248500710219107 -0.6542240413070529 0.7478890472209679
vn -0.11248500710219107 0.6542240413070529 -0.7478890472209679
vn 0 -0.1213899867609053 -0.992604891744035
vn 0 0.1213899867609053 0.992604891744035
vn 0.2606169311289879 -0.11719496902988577 -0.9583027467575121
vn -0.2606169311289879 0.11719496902988577 0.9583027467575121
vn 0.9662959426691803 -0.17700198949838375 -0.18692898890940995
vn -0.9662959426691803 0.17700198949838375 0.18692898890940995
vn 0.9662957620400349 0.17700195641150357 0.1869299539666352
vn -0.9662957620400349 -0.17700195641150357 -0.1869299539666352
vn 0.7115908773864981 0.5175359108239125 0.47517891812240287
vn -0.7115908773864981 -0.5175359108239125 -0.47517891812240287
vn 0.9667398438981133 0.18839596957923427 0.17297697206897814
vn -0.9667398438981133 -0.18839596957923427 -0.17297697206897814
vn 0.9667398438981133 -0.18839596957923427 -0.17297697206897814
vn -0.9667398438981133 0.18839596957923427 0.17297697206897814
vn 0.7097260396775903 -0.08551700478087106 -0.6992680390929306
vn -0.7097260396775903 0.08551700478087106 0.6992680390929306
vn 0.7103749803641703 -0.09536299736402376 -0.6973329807246708
vn -0.7103749803641703 0.09536299736402376 0.6973329807246708
vn 0.5000000012657501 0.6592640016689268 0.5615790014216373
vn -0.5000000012657501 -0.6592640016689268 -0.5615790014216373
vn 0.5086960253305193 0.7591050377996363 0.40618702022608316
vn -0.5086960253305193 -0.7591050377996363 -0.40618702022608316
vn 0 -0.11325696917117403 -0.9935657295489612
vn 0 0.11325696917117403 0.9935657295489612
vn 0.12311096252041205 -0.1499769543413979 -0.980994701348471
vn -0.12311096252041205 0.1499769543413979 0.980994701348471
vn 0.6577272785166483 -0.12412205255986666 -0.7429593146084174
vn -0.6577272785166483 0.12412205255986666 0.7429593146084174
vn 0.9897216300099579 0.089004966727057 -0.11193395815545641
vn -0.9897216300099579 -0.089004966727057 0.11193395815545641
vn 0.9950390797016385 0.09085900727771591 0.04052000324561187
vn -0.9950390797016385 -0.09085900727771591 -0.04052000324561187
vn 0.41983998343941226 -0.1873969926081258 0.888040964971225
vn -0.41983998343941226 0.1873969926081258 -0.888040964971225
vn 0.11778302265639108 -0.6124491178088863 0.7816861503628174
vn -0.11778302265639108 0.6124491178088863 -0.7816861503628174
vn 0.7152351927119233 -0.6162131660315734 -0.3297270888411841
vn -0.7152351927119233 0.6162131660315734 0.3297270888411841
vn 0.5032881302524949 0.6520731687585142 0.5670111467442048
vn -0.5032881302524949 -0.6520731687585142 -0.5670111467442048
vn 0.7140843934656077 -0.3172591748120743 -0.6240433438523454
vn -0.7140843934656077 0.3172591748120743 0.6240433438523454
vn 0.7115908773864981 -0.5175359108239125 -0.47517891812240287
vn -0.7115908773864981 0.5175359108239125 0.47517891812240287
vn 0.9673912836841496 0.22332506548930342 0.1194990350426789
vn -0.9673912836841496 -0.22332506548930342 -0.1194990350426789
vn 0.7152340277024448 0.6162140238672019 0.3297280127710256
vn 0.5086959838506833 0.8592459727219481 0.05408099828311762
vn -0.5086959838506833 -0.8592459727219481 -0.05408099828311762
vn -0.7152340277024448 -0.6162140238672019 -0.3297280127710256
vn 0.39132011563961144 -0.11203603310794108 -0.9134092699229833
vn -0.39132011563961144 0.11203603310794108 0.9134092699229833
vn 0.9155447671930175 0.10004197456107985 -0.3895759009376786
vn -0.9155447671930175 -0.10004197456107985 0.3895759009376786
vn 0.9737677647611069 0.09132797793735507 0.20841194965268092
vn 0.9898724123606406 0.0977640407265037 0.10293104287897131
vn -0.9898724123606406 -0.0977640407265037 -0.10293104287897131
vn -0.9737677647611069 -0.09132797793735507 -0.20841194965268092
vn 0.9231582253918776 0.09934702425587696 0.3713610906689354
vn 0.9606237666760428 0.08991997815951898 0.26289993614476803
vn -0.9606237666760428 -0.08991997815951898 -0.26289993614476803
vn -0.9231582253918776 -0.09934702425587696 -0.3713610906689354
vn 0.8110230000738032 0.15350000001396852 0.5645170000513712
vn 0.8895174485655273 0.12765406437334398 0.43870622123060965
vn -0.8895174485655273 -0.12765406437334398 -0.43870622123060965
vn -0.8110230000738032 -0.15350000001396852 -0.5645170000513712
vn 0.6454268573290544 0.18883495825822594 0.7401118363990368
vn 0.746915148028887 0.17940103555495654 0.6402601268912463
vn -0.746915148028887 -0.17940103555495654 -0.6402601268912463
vn -0.6454268573290544 -0.18883495825822594 -0.7401118363990368
vn 0.5667111800529546 0.22050207005693662 0.7938622522223825
vn 0.43052692368954004 0.2477129560931301 0.8679198461620887
vn -0.43052692368954004 -0.2477129560931301 -0.8679198461620887
vn -0.5667111800529546 -0.22050207005693662 -0.7938622522223825
vn 0.1263259712149885 -0.5287268795227208 0.8393388087457628
vn -0.1263259712149885 0.5287268795227208 -0.8393388087457628
vn 0.12316002022010589 -0.5620210922712254 0.8179021342811387
vn -0.12316002022010589 0.5620210922712254 -0.8179021342811387
vn 0.14530000311813812 -0.19783800424560363 0.9694060208034534
vn -0.14530000311813812 0.19783800424560363 -0.9694060208034534
vn 0 -0.6141271041013082 0.7892071337793017
vn 0 0.6141271041013082 -0.7892071337793017
vn 0 -0.1354930407608518 -0.990778298059348
vn 0 0.1354930407608518 0.990778298059348
vn 0.26106509029955866 -0.13079404524022933 -0.9564193308149832
vn -0.26106509029955866 0.13079404524022933 0.9564193308149832
vn 0.9673914634398595 -0.22332487613367344 -0.11949793372090768
vn -0.9673914634398595 0.22332487613367344 0.11949793372090768
vn 0.5086967665583443 -0.7591046516458168 -0.4061868136003048
vn -0.5086967665583443 0.7591046516458168 0.4061868136003048
vn 0.710196561981434 0.5312486723487636 0.46194771509060095
vn -0.710196561981434 -0.5312486723487636 -0.46194771509060095
vn 0.9664881343215638 0.19371702692260054 0.1684470234106005
vn -0.9664881343215638 -0.19371702692260054 -0.1684470234106005
vn 0.9664881343215638 -0.19371702692260054 -0.1684470234106005
vn -0.9664881343215638 0.19371702692260054 0.1684470234106005
vn 0.7101968900547829 -0.531248917757627 -0.4619469284862325
vn -0.7101968900547829 0.531248917757627 0.4619469284862325
vn 0.26364687212997984 -0.43715478797779356 -0.8598755829561441
vn -0.26364687212997984 0.43715478797779356 0.8598755829561441
vn 0.7152344282206361 0.6975044176054361 0.043901026284144974
vn -0.7152344282206361 -0.6975044176054361 -0.043901026284144974
vn 0.9043912925335504 -0.20509906634114966 -0.37418012103194737
vn -0.9043912925335504 0.20509906634114966 0.37418012103194737
vn 0.5086958866737604 0.8040438208767456 -0.307801931428509
vn 0.7152344126728518 0.6526933765881958 -0.2498621441643771
vn -0.7152344126728518 -0.6526933765881958 0.2498621441643771
vn -0.5086958866737604 -0.8040438208767456 0.307801931428509
vn 0.9341861249978487 0 -0.35678604773940353
vn 0.9196869519693501 0.01831599904344697 -0.39222497951605095
vn -0.9196869519693501 -0.01831599904344697 0.39222497951605095
vn -0.9341861249978487 0 0.35678604773940353
vn 0.00005299999992545551 0.9999999985935002 -0.000001999999997187
vn -0.00005299999992545551 -0.9999999985935002 0.000001999999997187
vn 0.3463360901000382 0.26763206962502717 0.8991242339089981
vn -0.3463360901000382 -0.26763206962502717 -0.8991242339089981
vn 0.19405697893890023 0.2664339710837895 0.9441158975346353
vn -0.19405697893890023 -0.2664339710837895 -0.9441158975346353
vn 0 -0.564030820221691 0.8257537368005345
vn 0 0.564030820221691 -0.8257537368005345
vn 0.715234916660117 -0.6975039187261506 -0.04390099488461247
vn -0.715234916660117 0.6975039187261506 0.04390099488461247
vn 0.5086961212502785 0.41929309994061875 0.7519451792299146
vn -0.5086961212502785 -0.41929309994061875 -0.7519451792299146
vn 0.26190702406218513 -0.7108940653119735 -0.6527130599667098
vn -0.26190702406218513 0.7108940653119735 0.6527130599667098
vn 0.9673914333216123 -0.25278585192314706 -0.01590999068024839
vn -0.9673914333216123 0.25278585192314706 0.01590999068024839
vn 0.9673913537760502 0.25278609244414374 0.015911005818671806
vn -0.9673913537760502 -0.25278609244414374 -0.015911005818671806
vn 0.5000001147820395 0.7244741663132066 -0.47448610892494164
vn -0.5000001147820395 -0.7244741663132066 0.47448610892494164
vn 0.9937601674267397 0 -0.11153801879170391
vn -0.9937601674267397 0 0.11153801879170391
vn 0 -0.19850593627603155 0.9800996853704097
vn 0 0.19850593627603155 -0.9800996853704097
vn 0 -0.530867066699735 0.8474551064768087
vn 0 0.530867066699735 -0.8474551064768087
vn 0.14886898226628126 0.26420196852747074 0.9529088864866414
vn -0.14886898226628126 -0.26420196852747074 -0.9529088864866414
vn 0 -0.4531887797625426 -0.891414566796694
vn 0 0.4531887797625426 0.891414566796694
vn 0.5086967250784902 -0.8592455356268905 -0.05408097077232582
vn -0.5086967250784902 0.8592455356268905 0.05408097077232582
vn 0.7152347422348097 0.3403658773347127 0.6104017800158161
vn -0.7152347422348097 -0.3403658773347127 -0.6104017800158161
vn 0.9673912891736148 0.12335403687311758 0.22121906612703435
vn -0.9673912891736148 -0.12335403687311758 -0.22121906612703435
vn 0.9673912891736148 -0.12335403687311758 -0.22121906612703435
vn -0.9673912891736148 0.12335403687311758 0.22121906612703435
vn 0.508696273009987 0.06897703701898554 0.8581784605720598
vn 0.7152347052096398 0.05599297692199538 0.6966377128745561
vn -0.7152347052096398 -0.05599297692199538 -0.6966377128745561
vn -0.508696273009987 -0.06897703701898554 -0.8581784605720598
vn 0.7152347422348097 -0.3403658773347127 -0.6104017800158161
vn -0.7152347422348097 0.3403658773347127 0.6104017800158161
vn 0.2609420177213559 -0.7284670494723845 -0.6334390430187472
vn -0.2609420177213559 0.7284670494723845 0.6334390430187472
vn 0 -0.7366070119735472 -0.6763210109935981
vn 0 0.7366070119735472 0.6763210109935981
vn 0.37516916202302786 -0.15556506718335558 -0.91380939464375
vn -0.37516916202302786 0.15556506718335558 0.91380939464375
vn 0.7152346880297171 0.489881786323899 -0.4984527825854112
vn -0.7152346880297171 -0.489881786323899 0.4984527825854112
vn 0.9869953103972429 0 -0.16074905055349462
vn 0.8511921948464275 0 -0.5248541201443704
vn -0.9869953103972429 0 0.16074905055349462
vn -0.8511921948464275 0 0.5248541201443704
vn -0.5079639471349249 0.7021599269244648 0.49894294807376277
vn -0.6591379139778939 0.3825669500723383 0.647440915504434
vn -0.671811871982229 0.6937178678079104 0.2596619505198621
vn 0.671811871982229 -0.6937178678079104 -0.2596619505198621
vn 0.6591379139778939 -0.3825669500723383 -0.647440915504434
vn 0.5079639471349249 -0.7021599269244648 -0.49894294807376277
vn -0.7178637913166672 0.6916427989391217 0.07938397692304157
vn -0.9221273636184054 0.37320614716472955 0.10197204021018366
vn 0.9221273636184054 -0.37320614716472955 -0.10197204021018366
vn 0.7178637913166672 -0.6916427989391217 -0.07938397692304157
vn -0.7197528682006662 0.6910008734656592 -0.06688498775218939
vn 0.7197528682006662 -0.6910008734656592 0.06688498775218939
vn 0 0.26077794856351055 0.965398809582344
vn 0 -0.26077794856351055 -0.965398809582344
vn 0.5086970369156366 -0.8040430583486028 0.3078020223368858
vn -0.5086970369156366 0.8040430583486028 -0.3078020223368858
vn 0.5086960044907683 -0.6034780053275038 0.6140380054207275
vn 0.5086963268329168 -0.29380918876982015 0.8092615199434103
vn 0.7152350384099105 -0.4898810263078365 0.4984530267681743
vn -0.7152350384099105 0.4898810263078365 -0.4984530267681743
vn -0.5086963268329168 0.29380918876982015 -0.8092615199434103
vn -0.5086960044907683 0.6034780053275038 -0.6140380054207275
vn 0.7152347224020804 -0.6526927466759612 0.24986290302285408
vn -0.7152347224020804 0.6526927466759612 -0.24986290302285408
vn 0.9673915268309277 -0.23654512881991024 0.09055404931475258
vn -0.9673915268309277 0.23654512881991024 -0.09055404931475258
vn 0.7152346515799614 -0.2385038838150078 0.6569286799831837
vn -0.7152346515799614 0.2385038838150078 -0.6569286799831837
vn 0.26445495469225877 -0.4696749195329513 -0.8422998556929896
vn -0.26445495469225877 0.4696749195329513 0.8422998556929896
vn 0.9673912979986472 0.23654607286649143 -0.09055402789458399
vn -0.9673912979986472 -0.23654607286649143 0.09055402789458399
vn -0.23763902088157932 0.6967990612284329 0.6767560594672344
vn -0.05065102446895867 0.6903353334934865 0.7217143486523472
vn -0.3068429928435009 0.3777659911893639 0.8735789796255177
vn 0.3068429928435009 -0.3777659911893639 -0.8735789796255177
vn 0.05065102446895867 -0.6903353334934865 -0.7217143486523472
vn 0.23763902088157932 -0.6967990612284329 -0.6767560594672344
vn -0.8646572425800558 0.37499510520507906 0.33428509378386334
vn 0.8646572425800558 -0.37499510520507906 -0.33428509378386334
vn -0.7007209432265404 0.6902509440748354 -0.18039898538380422
vn -0.8989328226252897 0.37196892660421454 -0.23142795433533483
vn 0.8989328226252897 -0.37196892660421454 0.23142795433533483
vn 0.7007209432265404 -0.6902509440748354 0.18039898538380422
vn -0.9239969549740913 0.37263498184168403 -0.08586499581584178
vn 0.9239969549740913 -0.37263498184168403 0.08586499581584178
vn -0.663883028899161 0.6908650300737009 -0.2862950124625654
vn -0.8521640859948647 0.37251403759169716 -0.36749103708480857
vn 0.8521640859948647 -0.37251403759169716 0.36749103708480857
vn 0.663883028899161 -0.6908650300737009 0.2862950124625654
vn -0.5863102529058615 0.6923492986459728 -0.42058618142051934
vn -0.7536417419904171 0.37383587201712426 -0.5406208149182254
vn 0.7536417419904171 -0.37383587201712426 0.5406208149182254
vn 0.5863102529058615 -0.6923492986459728 0.42058618142051934
vn -0.43134095428260605 0.695208926315505 -0.5750039390559107
vn -0.5559480342305554 0.37639702317533 -0.7411120456313817
vn 0.5559480342305554 -0.37639702317533 0.7411120456313817
vn 0.43134095428260605 -0.695208926315505 0.5750039390559107
vn -0.24044005876500016 0.6923021692028246 -0.68037216628706
vn -0.3090470397519507 0.37379404808019706 -0.8745101124860568
vn 0.3090470397519507 -0.37379404808019706 0.8745101124860568
vn 0.24044005876500016 -0.6923021692028246 0.68037216628706
vn -0.07718399737041844 0.6915209764405723 -0.71822097553093
vn 0.07718399737041844 -0.6915209764405723 0.71822097553093
vn 0.9673913562351608 0.020293007472759327 0.25247209297109807
vn -0.9673913562351608 -0.020293007472759327 -0.25247209297109807
vn 0.967391375865965 -0.020292007884166963 -0.2524720980943919
vn -0.967391375865965 0.020292007884166963 0.2524720980943919
vn 0.7152347052096398 -0.05599297692199538 -0.6966377128745561
vn -0.7152347052096398 0.05599297692199538 0.6966377128745561
vn 0.9673913558012854 -0.08643703179107073 0.23808108756493065
vn -0.9673913558012854 0.08643703179107073 -0.23808108756493065
vn 0 -0.48701406929431473 -0.8733941242700184
vn 0 0.48701406929431473 0.8733941242700184
vn 0 -0.7546112056674256 -0.6561721788381112
vn 0 0.7546112056674256 0.6561721788381112
vn 0.26445508474067864 0.6759922166116006 -0.6878212204020281
vn -0.26445508474067864 -0.6759922166116006 0.6878212204020281
vn 0 -0.09251502679485354 -0.9957112883849151
vn 0 0.09251502679485354 0.9957112883849151
vn 0.5163652673097171 0 -0.8563684433210768
vn -0.5163652673097171 0 0.8563684433210768
vn 0.9673912456346956 0.17754104508025143 -0.18064704586891014
vn -0.9673912456346956 -0.17754104508025143 0.18064704586891014
vn 0.000027999988125641556 0.9486835976780762 0.3162268658931161
vn -0.000027999988125641556 -0.9486835976780762 -0.3162268658931161
vn -0.06498403294168183 0.37204418859650185 0.925937469375878
vn 0.06498403294168183 -0.37204418859650185 -0.925937469375878
vn 0 0.6894470666333387 0.7243360700052737
vn 0 -0.6894470666333387 -0.7243360700052737
vn -0.33146097539200664 0 0.9434689299559257
vn 0.33146097539200664 0 -0.9434689299559257
vn -0.9326984519610628 0 0.3606571747649518
vn 0.9326984519610628 0 -0.3606571747649518
vn -0.993941209199798 0 0.10991302313394598
vn 0.993941209199798 0 -0.10991302313394598
vn -0.09913503884959189 0.3730981462117823 -0.9224803615067486
vn 0 0.6894470666333387 -0.7243360700052737
vn 0 -0.6894470666333387 0.7243360700052737
vn 0.09913503884959189 -0.3730981462117823 0.9224803615067486
vn 0.9673914173859541 -0.17754007660057028 0.18064707794110182
vn -0.9673914173859541 0.17754007660057028 -0.18064707794110182
vn 0.26445497724973266 -0.07726499335312471 -0.9612979173024278
vn -0.26445497724973266 0.07726499335312471 0.9612979173024278
vn 0.26445497870740825 0.32911397350138955 -0.9065029270129198
vn -0.26445497870740825 -0.32911397350138955 0.9065029270129198
vn 0.25881907489228656 0.8080462338175041 -0.5292201531359595
vn -0.25881907489228656 -0.8080462338175041 0.5292201531359595
vn 0.7152346515799614 0.2385038838150078 -0.6569286799831837
vn -0.7152346515799614 -0.2385038838150078 0.6569286799831837
vn -0.07000902512634864 0 0.9975463580209485
vn 0.07000902512634864 0 -0.9975463580209485
vn 0 0.37125705179982943 0.9285301295536398
vn 0 -0.37125705179982943 -0.9285301295536398
vn -0.7134059697383894 0 0.7007509702751955
vn 0.7134059697383894 0 -0.7007509702751955
vn -0.9684216924254456 0 -0.24931792081564366
vn 0.9684216924254456 0 0.24931792081564366
vn -0.9182543302975196 0 -0.3959911424386336
vn 0.9182543302975196 0 0.3959911424386336
vn -0.9957099900722736 0 -0.09252899907743961
vn 0.9957099900722736 0 0.09252899907743961
vn -0.812556063044196 0 -0.5828830452244401
vn 0.812556063044196 0 0.5828830452244401
vn -0.6000788770672537 0 -0.7999408361233371
vn 0.6000788770672537 0 0.7999408361233371
vn 0 0.37125705179982943 -0.9285301295536398
vn 0 -0.37125705179982943 0.9285301295536398
vn -0.3332000538557955 0 -0.9428561523957381
vn 0.3332000538557955 0 0.9428561523957381
vn 0.9673912721823447 0.08643802431994664 -0.2380810669857842
vn -0.9673912721823447 -0.08643802431994664 0.2380810669857842
vn 0 -0.080117037257876 -0.9967854635482101
vn 0 0.080117037257876 0.9967854635482101
vn 0 0.34126383641180663 -0.9399675494172636
vn 0 -0.34126383641180663 0.9399675494172636
vn 0 0.8365510284753609 -0.5478890186495945
vn 0 -0.8365510284753609 0.5478890186495945
vn 0.14775499906906964 0 -0.9890239937686544
vn -0.14775499906906964 0 0.9890239937686544
vn 0 0.8 0.6
vn 0 -0.8 -0.6
vn -0.10685001612767553 0 -0.9942751500734169
vn 0.10685001612767553 0 0.9942751500734169
vn 0 0.700947690856552 -0.7132126854472428
vn 0 -0.700947690856552 0.7132126854472428
vn -0.4006308672107208 0.16898394399019656 0.9005217015216813
vn 0.4006308672107208 -0.16898394399019656 -0.9005217015216813
vn -0.9102501852778031 0.2492980507436262 0.3305980672919211
vn 0.9102501852778031 -0.2492980507436262 -0.3305980672919211
vn -0.9651283991670544 0.24232910022479207 0.09901404095117615
vn 0.9651283991670544 -0.24232910022479207 -0.09901404095117615
vn -0.1121469985074356 0.1244719983434022 0.985864986879123
vn 0.1121469985074356 -0.1244719983434022 -0.985864986879123
vn -0.7256398354931142 0.23518394668239426 0.6466338534042424
vn 0.7256398354931142 -0.23518394668239426 -0.6466338534042424
vn -0.9670933955117833 0.23368609557050524 -0.10060404114399282
vn 0.9670933955117833 -0.23368609557050524 0.10060404114399282
vn -0.9380465668199686 0.23970714484440442 -0.2502181511957397
vn 0.9380465668199686 -0.23970714484440442 0.2502181511957397
vn -0.8812129663513241 0.2668739898095503 -0.3901819851010962
vn 0.8812129663513241 -0.2668739898095503 0.3901819851010962
vn -0.7622043370216798 0.3187951409607223 -0.5633952491148423
vn 0.7622043370216798 -0.3187951409607223 0.5633952491148423
vn -0.5417260603358267 0.37963304228239164 -0.7499410835261926
vn 0.5417260603358267 -0.37963304228239164 0.7499410835261926
vn 0 0.10565201735265851 0.9944031633242693
vn 0 -0.10565201735265851 -0.9944031633242693
vn -0.38680086786362433 0.39429886530220765 0.8336147152260082
vn 0.38680086786362433 -0.39429886530220765 -0.8336147152260082
vn -0.6510184498200513 0.4524123125934906 0.6095064211373883
vn 0.6510184498200513 -0.4524123125934906 -0.6095064211373883
vn -0.7937138736820346 0.494653921276824 0.35402794365716533
vn 0.7937138736820346 -0.494653921276824 -0.35402794365716533
vn -0.8538818175604842 0.49740489372497915 0.15321296726467412
vn 0.8538818175604842 -0.49740489372497915 -0.15321296726467412
vn -0.8531392948356066 0.5172991787729367 -0.0674900233238137
vn 0.8531392948356066 -0.5172991787729367 0.0674900233238137
vn -0.26897113972556747 0.42651022156422724 -0.8635644486058717
vn 0.26897113972556747 -0.42651022156422724 0.8635644486058717
vn -0.09914797284337395 0.3703498985611767 -0.9235857470298986
vn 0.09914797284337395 -0.3703498985611767 0.9235857470298986
vn -0.13025798867445917 0.4116109642116631 0.9020029215735555
vn 0.13025798867445917 -0.4116109642116631 -0.9020029215735555
vn -0.7985549386849577 0.5592639570583169 -0.22256198291113521
vn 0.7985549386849577 -0.5592639570583169 0.22256198291113521
vn -0.712610136007002 0.6235971190181985 -0.3214240613461986
vn 0.712610136007002 -0.6235971190181985 0.3214240613461986
vn -0.5822730960695374 0.6956991147837543 -0.4206670694060759
vn 0.5822730960695374 -0.6956991147837543 0.4206670694060759
vn -0.39740507061213143 0.7628001355366286 -0.5101030906366555
vn 0.39740507061213143 -0.7628001355366286 0.5101030906366555
vn -0.18815899982632925 0.8012819992604169 -0.5679289994758016
vn 0.18815899982632925 -0.8012819992604169 0.5679289994758016
vn 0 0.36728809064799744 -0.9301072295537479
vn 0 -0.36728809064799744 0.9301072295537479
vn 0 0.41679887737737153 0.9089987325717033
vn 0 -0.41679887737737153 -0.9089987325717033
vn -0.4199779357020129 0.5033529229374284 0.7551518843873881
vn 0.4199779357020129 -0.5033529229374284 -0.7551518843873881
vn -0.6680440567303036 0.6891200585200778 0.2807680238428216
vn 0.6680440567303036 -0.6891200585200778 -0.2807680238428216
vn -0.6674991112714436 0.7358011226573216 0.11420001903703056
vn 0.6674991112714436 -0.7358011226573216 -0.11420001903703056
vn -0.6165001901863308 0.7835822417300656 -0.0769830237487661
vn 0.6165001901863308 -0.7835822417300656 0.0769830237487661
vn -0.5508070161031187 0.8032940234847026 -0.2265620066236536
vn 0.5508070161031187 -0.8032940234847026 0.2265620066236536
vn -0.07225001847126145 0.7518111922061944 -0.655408167560035
vn 0.07225001847126145 -0.7518111922061944 0.655408167560035
vn -0.6098667641115096 0.620833759869619 0.4925728094792776
vn 0.6098667641115096 -0.620833759869619 -0.4925728094792776
vn -0.13214194926291906 0.36547285967343324 0.921394646222301
vn 0.13214194926291906 -0.36547285967343324 -0.921394646222301
vn -0.41382598410784105 0.8615169669151646 -0.2941709887029518
vn 0.41382598410784105 -0.8615169669151646 0.2941709887029518
vn -0.27894584161724606 0.9041034866587749 -0.3237068162023971
vn 0.27894584161724606 -0.9041034866587749 0.3237068162023971
vn -0.1430800530110979 0.9290003441942267 -0.3413011264519201
vn 0.1430800530110979 -0.9290003441942267 0.3413011264519201
vn -0.05239799022064961 0.9375718250153611 -0.34382193583045517
vn 0.05239799022064961 -0.9375718250153611 0.34382193583045517
vn -0.015401005971132883 0.9344073622796158 -0.355873137975779
vn 0.015401005971132883 -0.9344073622796158 0.355873137975779
vn -0.7535939009864342 0.2552709664603328 0.6057499204114317
vn 0.7535939009864342 -0.2552709664603328 -0.6057499204114317
vn -0.4919369343743875 -0.024219996768992096 0.8702938839006279
vn 0.4919369343743875 0.024219996768992096 -0.8702938839006279
vn 0 0.31842801496723155 0.94794704455683
vn 0 -0.31842801496723155 -0.94794704455683
vn -0.8159637375367385 0.46500785042536635 0.34346888951964305
vn 0.8159637375367385 -0.46500785042536635 -0.34346888951964305
vn -0.7709302336874916 0.6227641887748006 0.13353404047737863
vn 0.7709302336874916 -0.6227641887748006 -0.13353404047737863
vn -0.6241739190608765 0.7784838990508853 -0.06610399142803157
vn 0.6241739190608765 -0.7784838990508853 0.06610399142803157
vn -0.433201975469289 0.8734949505370396 -0.22213198742144338
vn 0.433201975469289 -0.8734949505370396 0.22213198742144338
vn -0.3117470306143392 0.9064250890132141 -0.2849690279846723
vn 0.3117470306143392 -0.9064250890132141 0.2849690279846723
vn -0.13947205402981053 -0.2384060923556772 0.9610983723180483
vn 0.13947205402981053 0.2384060923556772 -0.9610983723180483
vn -0.20015109895762997 0.9251034573846764 -0.3226811595382836
vn 0.20015109895762997 -0.9251034573846764 0.3226811595382836
vn -0.08194703614840262 0.9342324121077583 -0.347123153122652
vn 0.08194703614840262 -0.9342324121077583 0.347123153122652
vn -0.011988002770559628 0.9348452160530377 -0.35485308201046006
vn 0.011988002770559628 -0.9348452160530377 0.35485308201046006
vn 0 0.9347613910589119 -0.3552761486303408
vn 0 -0.9347613910589119 0.3552761486303408
vn -0.7904139497798657 -0.28287398202717784 0.5433489654775095
vn 0.7904139497798657 0.28287398202717784 -0.5433489654775095
vn -0.4511971380072385 -0.5843571787367732 0.6744982063081234
vn 0.4511971380072385 0.5843571787367732 -0.6744982063081234
vn 0 -0.289784019832819 0.9570920655033832
vn 0 0.289784019832819 -0.9570920655033832
vn -0.9383641225034443 0.00045000005874751156 0.34564804512435526
vn 0.9383641225034443 -0.00045000005874751156 -0.34564804512435526
vn -0.8668203282337149 0.48864418503199675 -0.09924403758015136
vn 0.8668203282337149 -0.48864418503199675 0.09924403758015136
vn -0.6970723401891604 0.6452863149162533 -0.312563152538826
vn 0.6970723401891604 -0.6452863149162533 0.312563152538826
vn -0.48298797691076034 0.7558949638644421 -0.44197897887119547
vn 0.48298797691076034 -0.7558949638644421 0.44197897887119547
vn -0.31063899648636234 0.8085649908543214 -0.4997259943475993
vn 0.31063899648636234 -0.8085649908543214 0.4997259943475993
vn -0.10416503522648549 -0.6950042350362244 0.711420240587782
vn 0.10416503522648549 0.6950042350362244 -0.711420240587782
vn -0.9706105403050668 0.19550110882865504 0.14033707812076132
vn 0.9706105403050668 -0.19550110882865504 -0.14033707812076132
vn -0.20678795497265148 0.8102818235639881 -0.5483448805998344
vn 0.20678795497265148 -0.8102818235639881 0.5483448805998344
vn -0.014822997135085504 0.8260138403521904 -0.5634548910982664
vn 0.014822997135085504 -0.8260138403521904 0.5634548910982664
vn 0 0.8377701300935637 -0.5460230847894744
vn 0 -0.8377701300935637 0.5460230847894744
vn -0.6931670918148396 -0.5649140748268286 0.44765105929452037
vn 0.6931670918148396 0.5649140748268286 -0.44765105929452037
vn -0.9604602493811351 -0.144064037405872 0.23824706186026204
vn 0.9604602493811351 0.144064037405872 -0.23824706186026204
vn -0.24299202202030248 -0.8264470748938768 0.5078780460246723
vn 0.24299202202030248 0.8264470748938768 -0.5078780460246723
vn 0 -0.7032518308732294 0.7109408290240833
vn 0 0.7032518308732294 -0.7109408290240833
vn -0.9516860365228558 0.2953110113331509 -0.08417300323030741
vn 0.9516860365228558 -0.2953110113331509 0.08417300323030741
vn -0.6101190577703458 0.6635930628336393 -0.4328960409896293
vn 0.6101190577703458 -0.6635930628336393 0.4328960409896293
vn -0.2197719282557954 0.8194327324974573 -0.529367827188695
vn 0.2197719282557954 -0.8194327324974573 0.529367827188695
vn 0 0.8341689592750381 -0.551508973074781
vn 0 -0.8341689592750381 0.551508973074781
vn -0.7136318968994665 -0.6843389011315131 0.14969897837254106
vn 0.7136318968994665 0.6843389011315131 -0.14969897837254106
vn 0 -0.8751299503608803 0.48388797255290716
vn 0 0.8751299503608803 -0.48388797255290716
vn -0.9670875669450542 -0.24864088866037548 0.05403097580531267
vn 0.9670875669450542 0.24864088866037548 -0.05403097580531267
vn -0.9670541092597135 0.24889602812077263 -0.05345200603911488
vn 0.9670541092597135 -0.24889602812077263 0.05345200603911488
vn -0.26309401451792275 0.9433990520581761 -0.20194001114335303
vn 0.26309401451792275 -0.9433990520581761 0.20194001114335303
vn -0.26340801724203083 -0.9420850616665349 0.20758601358806195
vn 0.26340801724203083 0.9420850616665349 -0.20758601358806195
vn -0.7133200310247854 0.6852620298044447 -0.14693700639080484
vn 0.7133200310247854 -0.6852620298044447 0.14693700639080484
vn 0 0.9778792798979372 -0.20917005987065018
vn 0 -0.9778792798979372 0.20917005987065018
vn -0.2631750661010317 -0.951648239023139 -0.15844403979599833
vn 0.2631750661010317 0.951648239023139 0.15844403979599833
vn 0 -0.9764369268756178 0.21580298383873095
vn 0 0.9764369268756178 -0.21580298383873095
vn 0 0.9864215855190536 0.16423293099155403
vn 0 -0.9864215855190536 -0.16423293099155403
vn -0.2631750661010317 0.951648239023139 0.15844403979599833
vn 0.2631750661010317 -0.951648239023139 -0.15844403979599833
vn -0.26304207361904214 -0.8280572317529641 -0.4951061385680974
vn 0.26304207361904214 0.8280572317529641 0.4951061385680974
vn -0.9670523504168015 -0.2182360790790579 -0.13108304749867183
vn 0.9670523504168015 0.2182360790790579 0.13108304749867183
vn -0.9670758363644963 0.21782896314192665 0.13158597773479916
vn 0.9670758363644963 -0.21782896314192665 -0.13158597773479916
vn -0.7134857202423038 0.5995977648977624 0.3625198578559916
vn 0.7134857202423038 -0.5995977648977624 -0.3625198578559916
vn 0 0.8554395247996265 0.5179027123027927
vn 0 -0.8554395247996265 -0.5179027123027927
vn -0.7132789388955357 -0.6011779484988908 -0.36030296913392684
vn 0.7132789388955357 0.6011779484988908 0.36030296913392684
vn -0.2632450772091343 0.8253542420743712 0.4994921464998192
vn 0.2632450772091343 -0.8253542420743712 -0.4994921464998192
vn 0 -0.8584968172389246 -0.5128188908285621
vn 0 0.8584968172389246 0.5128188908285621
vn -0.2588759289735155 -0.7235648014791706 -0.6398728244413167
vn 0.2588759289735155 0.7235648014791706 0.6398728244413167
vn -0.9659335065196696 -0.19316690131404943 -0.17221791201656061
vn 0.9659335065196696 0.19316690131404943 0.17221791201656061
vn -0.9659202133597247 0.19234004248551584 0.17321503826104098
vn 0.9659202133597247 -0.19234004248551584 -0.17321503826104098
vn -0.7070669365089274 0.5251009528485622 0.47362995747039993
vn 0.7070669365089274 -0.5251009528485622 -0.47362995747039993
vn 0 0.741754973939923 0.670670976437317
vn 0 -0.741754973939923 -0.670670976437317
vn -0.7071697081139954 -0.528665781791922 -0.4694928062157106
vn 0.7071697081139954 0.528665781791922 0.4694928062157106
vn -0.2587850744848248 0.7167142062882962 0.6475731863877793
vn 0.2587850744848248 -0.7167142062882962 -0.6475731863877793
vn 0 -0.7496591412144302 -0.6618241246688148
vn 0 0.7496591412144302 0.6618241246688148
usemtl material_0_0
f 1//1 2//2 3//3
f 3//4 2//5 1//6
f 2//7 1//8 4//7
f 4//9 1//10 2//9
f 2//2 5//11 3//3
f 3//4 5//12 2//5
f 1//1 3//3 6//13
f 6//14 3//4 1//6
f 7//8 4//7 1//8
f 1//10 4//9 7//10
f 4//7 8//15 2//7
f 2//9 8//16 4//9
f 2//2 9//17 5//11
f 5//12 9//18 2//5
f 3//3 5//11 10//19
f 10//20 5//12 3//4
f 11//21 6//13 3//3
f 3//4 6//14 11//22
f 1//1 6//13 12//23
f 12//24 6//14 1//6
f 7//25 13//25 4//25
f 4//26 13//26 7//26
f 1//8 12//27 7//8
f 7//10 12//28 1//10
f 4//25 14//25 8//25
f 8//26 14//26 4//26
f 9//15 2//7 8//15
f 8//16 2//9 9//16
f 9//17 15//29 5//11
f 5//12 15//30 9//18
f 10//19 5//11 16//31
f 16//32 5//12 10//20
f 11//21 3//3 10//19
f 10//20 3//4 11//22
f 6//13 11//21 17//33
f 17//34 11//22 6//14
f 18//35 12//23 6//13
f 6//14 12//24 18//36
f 19//25 13//25 7//25
f 7//26 13//26 19//26
f 4//25 13//25 20//25
f 20//26 13//26 4//26
f 19//27 7//8 12//27
f 12//28 7//10 19//28
f 20//25 14//25 4//25
f 4//26 14//26 20//26
f 14//25 21//25 8//25
f 8//26 21//26 14//26
f 8//15 22//37 9//15
f 9//16 22//38 8//16
f 9//17 23//39 15//29
f 15//30 23//40 9//18
f 5//11 15//29 16//31
f 16//32 15//30 5//12
f 10//19 16//31 24//41
f 24//42 16//32 10//20
f 11//21 10//19 25//43
f 25//44 10//20 11//22
f 26//45 17//33 11//21
f 11//22 17//34 26//46
f 17//33 18//35 6//13
f 6//14 18//36 17//34
f 18//35 27//47 12//23
f 12//24 27//48 18//36
f 28//25 13//25 19//25
f 19//26 13//26 28//26
f 29//25 20//25 13//25
f 13//26 20//26 29//26
f 12//27 30//49 19//27
f 19//28 30//50 12//28
f 14//51 20//52 31//51
f 31//53 20//54 14//53
f 14//51 31//51 21//55
f 21//56 31//53 14//53
f 21//25 32//25 8//25
f 8//26 32//26 21//26
f 8//25 33//25 22//25
f 22//26 33//26 8//26
f 34//37 9//15 22//37
f 22//38 9//16 34//38
f 23//39 9//17 35//57
f 35//58 9//18 23//40
f 36//59 15//29 23//39
f 23//40 15//30 36//60
f 16//61 15//61 37//61
f 37//62 15//62 16//62
f 24//61 16//61 38//61
f 38//62 16//62 24//62
f 25//43 10//19 24//41
f 24//42 10//20 25//44
f 26//45 11//21 25//43
f 25//44 11//22 26//46
f 17//33 26//63 39//64
f 39//65 26//66 17//34
f 18//35 17//33 40//67
f 40//68 17//34 18//36
f 18//35 40//67 27//47
f 27//48 40//68 18//36
f 30//69 12//23 27//47
f 27//48 12//24 30//70
f 41//25 13//25 28//25
f 28//26 13//26 41//26
f 28//49 19//27 30//49
f 30//50 19//28 28//50
f 20//52 29//71 42//52
f 42//54 29//72 20//54
f 42//52 31//51 20//52
f 20//54 31//53 42//54
f 43//55 21//55 31//51
f 31//53 21//56 43//56
f 32//73 21//55 44//73
f 44//74 21//56 32//74
f 32//25 33//25 8//25
f 8//26 33//26 32//26
f 33//25 45//25 22//25
f 22//26 45//26 33//26
f 9//17 34//57 46//57
f 46//58 34//58 9//18
f 22//37 47//75 34//37
f 34//38 47//76 22//38
f 35//57 9//17 48//57
f 48//58 9//18 35//58
f 35//77 49//78 23//79
f 23//80 49//81 35//82
f 36//61 37//61 15//61
f 15//62 37//62 36//62
f 23//79 49//78 36//83
f 36//84 49//81 23//80
f 38//61 16//61 37//61
f 37//62 16//62 38//62
f 50//61 24//61 38//61
f 38//62 24//62 50//62
f 24//85 51//86 25//87
f 25//88 51//89 24//90
f 25//87 52//91 26//63
f 26//66 52//92 25//88
f 26//63 52//91 39//64
f 39//65 52//92 26//66
f 39//64 53//93 17//33
f 17//34 53//94 39//65
f 17//33 54//95 40//67
f 40//68 54//96 17//34
f 55//97 27//47 40//67
f 40//68 27//48 55//98
f 27//47 56//99 30//69
f 30//70 56//100 27//48
f 57//25 13//25 41//25
f 41//26 13//26 57//26
f 41//101 28//49 58//101
f 58//102 28//50 41//102
f 30//49 58//101 28//49
f 28//50 58//102 30//50
f 59//71 42//52 29//71
f 29//72 42//54 59//72
f 42//103 59//103 31//103
f 31//104 59//104 42//104
f 43//55 44//73 21//55
f 21//56 44//74 43//56
f 31//103 59//103 43//103
f 43//104 59//104 31//104
f 44//73 60//105 32//73
f 32//74 60//106 44//74
f 33//105 32//73 60//105
f 60//106 32//74 33//106
f 33//105 60//105 45//107
f 45//108 60//106 33//106
f 22//25 45//25 47//25
f 47//26 45//26 22//26
f 46//57 34//57 61//57
f 61//58 34//58 46//58
f 48//57 9//17 46//57
f 46//58 9//18 48//58
f 62//75 34//37 47//75
f 47//76 34//38 62//76
f 35//77 48//109 63//110
f 63//111 48//112 35//82
f 49//78 35//77 63//110
f 63//111 35//82 49//81
f 36//83 64//113 37//114
f 37//115 64//116 36//84
f 36//83 49//78 64//113
f 64//116 49//81 36//84
f 37//114 64//113 38//117
f 38//118 64//116 37//115
f 50//119 65//120 24//85
f 24//90 65//121 50//122
f 66//61 50//61 38//61
f 38//62 50//62 66//62
f 24//85 67//123 51//86
f 51//89 67//124 24//90
f 25//87 51//86 52//91
f 52//92 51//89 25//88
f 52//91 68//125 39//64
f 39//65 68//126 52//92
f 39//64 69//127 53//93
f 53//94 69//128 39//65
f 17//33 53//93 54//95
f 54//96 53//94 17//34
f 40//67 54//95 70//129
f 70//130 54//96 40//68
f 27//47 55//97 56//99
f 56//100 55//98 27//48
f 40//67 70//129 55//97
f 55//98 70//130 40//68
f 58//131 30//69 56//99
f 56//100 30//70 58//132
f 71//25 13//25 57//25
f 57//26 13//26 71//26
f 57//133 41//101 72//133
f 72//134 41//102 57//134
f 58//101 72//133 41//101
f 41//102 72//134 58//102
f 43//103 59//103 44//103
f 44//104 59//104 43//104
f 44//103 59//103 60//103
f 60//104 59//104 44//104
f 73//107 45//107 60//105
f 60//106 45//108 73//108
f 45//25 74//25 47//25
f 47//26 74//26 45//26
f 34//57 62//57 61//57
f 61//58 62//58 34//58
f 46//135 61//136 75//137
f 75//138 61//139 46//140
f 48//109 46//135 76//141
f 76//142 46//140 48//112
f 47//75 77//143 62//75
f 62//76 77//144 47//76
f 63//110 48//109 76//141
f 76//142 48//112 63//111
f 49//78 63//110 64//113
f 64//116 63//111 49//81
f 78//145 38//117 64//113
f 64//116 38//118 78//146
f 50//119 66//147 65//120
f 65//121 66//148 50//122
f 24//85 65//120 67//123
f 67//124 65//121 24//90
f 79//61 66//61 38//61
f 38//62 66//62 79//62
f 67//123 80//149 51//86
f 51//89 80//150 67//124
f 51//86 81//151 52//91
f 52//92 81//152 51//89
f 52//91 81//151 68//125
f 68//126 81//152 52//92
f 68//125 82//153 39//64
f 39//65 82//154 68//126
f 82//153 69//127 39//64
f 39//65 69//128 82//154
f 53//93 69//127 83//155
f 83//156 69//128 53//94
f 54//95 53//93 84//157
f 84//158 53//94 54//96
f 70//129 54//95 85//159
f 85//160 54//96 70//130
f 86//161 56//99 55//97
f 55//98 56//100 86//162
f 55//97 70//129 87//163
f 87//164 70//130 55//98
f 56//99 88//165 58//131
f 58//132 88//166 56//100
f 89//25 13//25 71//25
f 71//26 13//26 89//26
f 71//167 57//133 90//167
f 90//168 57//134 71//168
f 72//133 90//167 57//133
f 57//134 90//168 72//134
f 72//169 58//131 88//165
f 88//166 58//132 72//170
f 60//103 59//103 73//103
f 73//104 59//104 60//104
f 45//107 73//107 74//72
f 74//71 73//108 45//108
f 47//25 74//25 77//25
f 77//26 74//26 47//26
f 61//57 62//57 91//57
f 91//58 62//58 61//58
f 75//137 61//136 92//171
f 92//172 61//139 75//138
f 46//135 75//137 76//141
f 76//142 75//138 46//140
f 93//143 62//75 77//143
f 77//144 62//76 93//144
f 63//110 76//141 94//173
f 94//174 76//142 63//111
f 94//173 64//113 63//110
f 63//111 64//116 94//174
f 38//117 78//145 79//175
f 79//176 78//146 38//118
f 78//145 64//113 95//177
f 95//178 64//116 78//146
f 96//179 65//120 66//147
f 66//148 65//121 96//180
f 67//123 65//120 97//181
f 97//182 65//121 67//124
f 98//61 66//61 79//61
f 79//62 66//62 98//62
f 80//149 67//123 99//183
f 99//184 67//124 80//150
f 81//151 51//86 80//149
f 80//150 51//89 81//152
f 81//151 100//185 68//125
f 68//126 100//186 81//152
f 101//187 82//153 68//125
f 68//126 82//154 101//188
f 69//127 82//153 102//189
f 102//190 82//154 69//128
f 102//189 83//155 69//127
f 69//128 83//156 102//190
f 83//155 84//157 53//93
f 53//94 84//158 83//156
f 85//159 54//95 84//157
f 84//158 54//96 85//160
f 103//191 70//129 85//159
f 85//160 70//130 103//192
f 88//165 56//99 86//161
f 86//162 56//100 88//166
f 86//161 55//97 87//163
f 87//164 55//98 86//162
f 87//163 70//129 103//191
f 103//192 70//130 87//164
f 104//25 13//25 89//25
f 89//26 13//26 104//26
f 89//193 71//167 105//193
f 105//194 71//168 89//194
f 90//167 105//193 71//167
f 71//168 105//194 90//168
f 90//195 72//169 106//196
f 106//197 72//170 90//198
f 88//165 106//196 72//169
f 72//170 106//197 88//166
f 107//103 73//103 59//103
f 59//104 73//104 107//104
f 107//72 74//72 73//107
f 73//108 74//71 107//71
f 77//25 74//25 108//25
f 108//26 74//26 77//26
f 62//57 93//57 91//57
f 91//58 93//58 62//58
f 61//136 91//199 92//171
f 92//172 91//200 61//139
f 75//137 92//171 109//201
f 109//202 92//172 75//138
f 76//141 75//137 109//201
f 109//202 75//138 76//142
f 77//143 108//203 93//143
f 93//144 108//204 77//144
f 76//141 109//201 94//173
f 94//174 109//202 76//142
f 94//173 95//177 64//113
f 64//116 95//178 94//174
f 110//205 79//175 78//145
f 78//146 79//176 110//206
f 95//177 111//207 78//145
f 78//146 111//208 95//178
f 96//179 97//181 65//120
f 65//121 97//182 96//180
f 96//179 66//147 112//209
f 112//210 66//148 96//180
f 97//181 99//183 67//123
f 67//124 99//184 97//182
f 113//61 66//61 98//61
f 98//62 66//62 113//62
f 79//175 110//205 98//211
f 98//212 110//206 79//176
f 99//183 114//213 80//149
f 80//150 114//214 99//184
f 80//149 115//215 81//151
f 81//152 115//216 80//150
f 100//185 81//151 115//215
f 115//216 81//152 100//186
f 100//185 116//217 68//125
f 68//126 116//218 100//186
f 101//187 117//219 82//153
f 82//154 117//220 101//188
f 116//217 101//187 68//125
f 68//126 101//188 116//218
f 117//219 102//189 82//153
f 82//154 102//190 117//220
f 83//155 102//189 118//221
f 118//222 102//190 83//156
f 84//157 83//155 119//223
f 119//224 83//156 84//158
f 85//159 84//157 120//225
f 120//226 84//158 85//160
f 103//191 85//159 121//227
f 121//228 85//160 103//192
f 88//165 86//161 122//229
f 122//230 86//162 88//166
f 86//161 87//163 123//231
f 123//232 87//164 86//162
f 124//233 87//163 103//191
f 103//192 87//164 124//234
f 104//235 125//235 13//236
f 13//237 125//238 104//238
f 89//193 105//193 104//235
f 104//238 105//194 89//194
f 105//239 90//195 126//240
f 126//241 90//198 105//242
f 106//196 126//240 90//195
f 90//198 126//241 106//197
f 106//196 88//165 122//229
f 122//230 88//166 106//197
f 108//25 74//25 127//25
f 127//26 74//26 108//26
f 91//57 93//57 128//57
f 128//58 93//58 91//58
f 129//243 92//171 91//199
f 91//200 92//172 129//244
f 130//245 109//201 92//171
f 92//172 109//202 130//246
f 131//203 93//143 108//203
f 108//204 93//144 131//204
f 95//177 94//173 109//201
f 109//202 94//174 95//178
f 110//205 78//145 111//207
f 111//208 78//146 110//206
f 111//207 95//177 130//245
f 130//246 95//178 111//208
f 97//181 96//179 132//247
f 132//248 96//180 97//182
f 133//249 112//209 66//147
f 66//148 112//210 133//250
f 112//209 132//247 96//179
f 96//180 132//248 112//210
f 99//183 97//181 134//251
f 134//252 97//182 99//184
f 133//61 66//61 113//61
f 113//62 66//62 133//62
f 98//211 135//253 113//254
f 113//255 135//256 98//212
f 135//253 98//211 110//205
f 110//206 98//212 135//256
f 114//213 99//183 136//257
f 136//258 99//184 114//214
f 115//215 80//149 114//213
f 114//214 80//150 115//216
f 100//185 115//215 137//259
f 137//260 115//216 100//186
f 116//217 100//185 137//259
f 137//260 100//186 116//218
f 117//219 101//187 138//261
f 138//262 101//188 117//220
f 101//187 116//217 139//263
f 139//264 116//218 101//188
f 117//219 140//265 102//189
f 102//190 140//266 117//220
f 141//267 118//221 102//189
f 102//190 118//222 141//268
f 118//221 119//223 83//155
f 83//156 119//224 118//222
f 119//223 120//225 84//157
f 84//158 120//226 119//224
f 120//225 121//227 85//159
f 85//160 121//228 120//226
f 121//227 142//269 103//191
f 103//192 142//270 121//228
f 122//229 86//161 123//231
f 123//232 86//162 122//230
f 87//163 124//233 123//231
f 123//232 124//234 87//164
f 124//233 103//191 142//269
f 142//270 103//192 124//234
f 125//235 104//235 105//193
f 105//194 104//238 125//238
f 143//236 13//236 125//235
f 125//238 13//237 143//237
f 105//239 126//240 125//271
f 125//272 126//241 105//242
f 106//196 144//273 126//240
f 126//241 144//274 106//197
f 106//196 122//229 144//273
f 144//274 122//230 106//197
f 145//25 127//25 74//25
f 74//26 127//26 145//26
f 108//203 127//275 131//203
f 131//204 127//276 108//204
f 93//57 131//57 128//57
f 128//58 131//58 93//58
f 91//199 128//277 129//243
f 129//244 128//278 91//200
f 129//243 146//279 92//171
f 92//172 146//280 129//244
f 109//201 130//245 95//177
f 95//178 130//246 109//202
f 92//171 146//279 130//245
f 130//246 146//280 92//172
f 111//207 147//207 110//205
f 110//206 147//208 111//208
f 130//245 148//245 111//207
f 111//208 148//246 130//246
f 132//247 134//251 97//181
f 97//182 134//252 132//248
f 112//209 133//249 149//281
f 149//282 133//250 112//210
f 112//209 149//281 132//247
f 132//248 149//282 112//210
f 134//251 136//257 99//183
f 99//184 136//258 134//252
f 113//61 150//61 133//61
f 133//62 150//62 113//62
f 151//283 113//254 135//253
f 135//256 113//255 151//284
f 135//253 110//205 147//207
f 147//208 110//206 135//256
f 136//257 152//285 114//213
f 114//214 152//286 136//258
f 115//215 114//213 153//287
f 153//288 114//214 115//216
f 153//287 137//259 115//215
f 115//216 137//260 153//288
f 154//289 116//217 137//259
f 137//260 116//218 154//290
f 138//261 101//187 139//263
f 139//264 101//188 138//262
f 138//261 155//291 117//219
f 117//220 155//292 138//262
f 139//263 116//217 154//289
f 154//290 116//218 139//264
f 140//265 117//219 155//291
f 155//292 117//220 140//266
f 141//267 102//189 140//265
f 140//266 102//190 141//268
f 118//221 141//267 156//293
f 156//294 141//268 118//222
f 119//223 118//221 157//295
f 157//296 118//222 119//224
f 120//225 119//223 158//297
f 158//298 119//224 120//226
f 121//227 120//225 159//299
f 159//300 120//226 121//228
f 142//269 121//227 160//301
f 160//302 121//228 142//270
f 122//229 123//231 144//273
f 144//274 123//232 122//230
f 123//231 124//233 161//303
f 161//304 124//234 123//232
f 142//269 162//305 124//233
f 124//234 162//306 142//270
f 163//236 13//236 143//236
f 143//237 13//237 163//237
f 125//271 164//307 143//308
f 143//309 164//310 125//272
f 164//307 125//271 126//240
f 126//241 125//272 164//310
f 144//273 165//311 126//240
f 126//241 165//312 144//274
f 127//275 145//313 166//275
f 166//276 145//314 127//276
f 166//275 131//203 127//275
f 127//276 131//204 166//276
f 128//57 131//57 167//57
f 167//58 131//58 128//58
f 168//315 129//243 128//277
f 128//278 129//244 168//316
f 146//279 129//243 169//317
f 169//318 129//244 146//280
f 148//245 130//245 146//279
f 146//280 130//246 148//246
f 147//207 111//207 148//245
f 148//246 111//208 147//208
f 132//247 170//319 134//251
f 134//252 170//320 132//248
f 171//321 149//281 133//249
f 133//250 149//282 171//322
f 170//319 132//247 149//281
f 149//282 132//248 170//320
f 134//251 172//323 136//257
f 136//258 172//324 134//252
f 150//325 113//254 173//326
f 173//327 113//255 150//328
f 171//61 133//61 150//61
f 150//62 133//62 171//62
f 151//283 173//326 113//254
f 113//255 173//327 151//284
f 151//283 135//253 174//329
f 174//330 135//256 151//284
f 147//207 175//331 135//253
f 135//256 175//332 147//208
f 152//285 136//257 176//333
f 176//334 136//258 152//286
f 177//335 114//213 152//285
f 152//286 114//214 177//336
f 177//335 153//287 114//213
f 114//214 153//288 177//336
f 137//61 153//61 176//61
f 176//62 153//62 137//62
f 154//61 137//61 178//61
f 178//62 137//62 154//62
f 138//261 139//263 179//337
f 179//338 139//264 138//262
f 155//291 138//261 180//339
f 180//340 138//262 155//292
f 181//341 139//263 154//289
f 154//290 139//264 181//342
f 155//291 182//343 140//265
f 140//266 182//344 155//292
f 140//265 183//345 141//267
f 141//268 183//346 140//266
f 184//347 156//293 141//267
f 141//268 156//294 184//348
f 156//293 157//295 118//221
f 118//222 157//296 156//294
f 157//295 158//297 119//223
f 119//224 158//298 157//296
f 158//297 159//299 120//225
f 120//226 159//300 158//298
f 159//299 160//301 121//227
f 121//228 160//302 159//300
f 160//301 185//349 142//269
f 142//270 185//350 160//302
f 144//273 123//231 186//351
f 186//352 123//232 144//274
f 161//303 124//233 162//305
f 162//306 124//234 161//304
f 123//231 161//303 186//351
f 186//352 161//304 123//232
f 162//305 142//269 185//349
f 185//350 142//270 162//306
f 187//353 143//308 164//307
f 164//310 143//309 187//354
f 126//240 165//311 164//307
f 164//310 165//312 126//241
f 144//273 186//351 165//355
f 165//356 186//352 144//274
f 188//313 166//275 145//313
f 145//314 166//276 188//314
f 131//57 166//57 167//57
f 167//58 166//58 131//58
f 167//71 189//357 128//277
f 128//278 189//358 167//72
f 168//315 169//317 129//243
f 129//244 169//318 168//316
f 168//315 128//277 189//357
f 189//358 128//278 168//316
f 146//279 169//317 148//245
f 148//246 169//318 146//280
f 148//245 190//201 147//207
f 147//208 190//202 148//246
f 172//323 134//251 170//319
f 170//320 134//252 172//324
f 149//281 171//321 191//359
f 191//360 171//322 149//282
f 149//281 191//359 170//319
f 170//320 191//360 149//282
f 192//361 136//257 172//323
f 172//324 136//258 192//362
f 150//325 173//326 193//363
f 193//364 173//327 150//328
f 194//61 171//61 150//61
f 150//62 171//62 194//62
f 173//326 151//283 195//365
f 195//366 151//284 173//327
f 175//331 174//329 135//253
f 135//256 174//330 175//332
f 174//329 196//367 151//283
f 151//284 196//368 174//330
f 175//331 147//207 190//201
f 190//202 147//208 175//332
f 192//361 176//333 136//257
f 136//258 176//334 192//362
f 152//61 176//61 177//61
f 177//62 176//62 152//62
f 153//61 177//61 176//61
f 176//62 177//62 153//62
f 178//61 137//61 176//61
f 176//62 137//62 178//62
f 197//61 154//61 178//61
f 178//62 154//62 197//62
f 181//341 179//337 139//263
f 139//264 179//338 181//342
f 179//337 180//339 138//261
f 138//262 180//340 179//338
f 180//339 198//369 155//291
f 155//292 198//370 180//340
f 181//61 154//61 197//61
f 197//62 154//62 181//62
f 182//343 155//291 198//369
f 198//370 155//292 182//344
f 183//345 140//265 182//343
f 182//344 140//266 183//346
f 184//347 141//267 183//345
f 183//346 141//268 184//348
f 156//293 184//347 199//371
f 199//372 184//348 156//294
f 157//295 156//293 200//373
f 200//374 156//294 157//296
f 158//297 157//295 201//375
f 201//376 157//296 158//298
f 159//299 158//297 202//377
f 202//378 158//298 159//300
f 160//301 159//299 203//379
f 203//380 159//300 160//302
f 185//349 160//301 204//381
f 204//382 160//302 185//350
f 162//305 205//383 161//303
f 161//304 205//384 162//306
f 186//351 161//303 206//385
f 206//386 161//304 186//352
f 185//349 207//387 162//305
f 162//306 207//388 185//350
f 187//353 164//307 208//389
f 208//390 164//310 187//354
f 165//311 209//391 164//307
f 164//310 209//392 165//312
f 165//355 186//351 206//385
f 206//386 186//352 165//356
f 188//57 167//57 166//57
f 166//58 167//58 188//58
f 168//315 210//393 169//317
f 169//318 210//394 168//316
f 189//357 211//395 168//315
f 168//316 211//396 189//358
f 190//201 148//245 169//317
f 169//318 148//246 190//202
f 170//319 212//397 172//323
f 172//324 212//398 170//320
f 194//399 191//359 171//321
f 171//322 191//360 194//400
f 212//397 170//319 191//359
f 191//360 170//320 212//398
f 172//323 213//401 192//361
f 192//362 213//402 172//324
f 214//403 193//363 173//326
f 173//327 193//364 214//404
f 193//61 194//61 150//61
f 150//62 194//62 193//62
f 196//367 195//365 151//283
f 151//284 195//366 196//368
f 195//365 215//405 173//326
f 173//327 215//406 195//366
f 174//329 175//331 216//407
f 216//408 175//332 174//330
f 196//367 174//329 217//409
f 217//410 174//330 196//368
f 190//201 216//407 175//331
f 175//332 216//408 190//202
f 176//333 192//361 178//411
f 178//412 192//362 176//334
f 178//411 218//413 197//414
f 197//415 218//416 178//412
f 179//61 181//61 197//61
f 197//62 181//62 179//62
f 180//417 179//61 197//61
f 197//62 179//62 180//418
f 180//417 219//417 198//419
f 198//420 219//418 180//418
f 198//369 220//421 182//343
f 182//344 220//422 198//370
f 182//343 221//423 183//345
f 183//346 221//424 182//344
f 183//345 222//425 184//347
f 184//348 222//426 183//346
f 223//427 199//371 184//347
f 184//348 199//372 223//428
f 199//371 200//373 156//293
f 156//294 200//374 199//372
f 201//375 157//295 200//373
f 200//374 157//296 201//376
f 201//375 202//377 158//297
f 158//298 202//378 201//376
f 202//377 203//379 159//299
f 159//300 203//380 202//378
f 203//379 204//381 160//301
f 160//302 204//382 203//380
f 204//381 224//429 185//349
f 185//350 224//430 204//382
f 205//383 162//305 207//387
f 207//388 162//306 205//384
f 206//385 161//303 205//383
f 205//384 161//304 206//386
f 207//387 185//349 224//429
f 224//430 185//350 207//388
f 209//391 208//389 164//307
f 164//310 208//390 209//392
f 209//431 165//355 225//432
f 225//433 165//356 209//434
f 165//355 206//385 225//432
f 225//433 206//386 165//356
f 210//393 168//315 211//395
f 211//396 168//316 210//394
f 226//435 169//317 210//393
f 210//394 169//318 226//436
f 169//317 226//435 190//201
f 190//202 226//436 169//318
f 213//401 172//323 212//397
f 212//398 172//324 213//402
f 194//399 227//437 191//359
f 191//360 227//438 194//400
f 191//359 228//439 212//397
f 212//398 228//440 191//360
f 218//413 192//361 213//401
f 213//402 192//362 218//416
f 193//363 214//403 229//441
f 229//442 214//404 193//364
f 214//403 173//326 215//405
f 215//406 173//327 214//404
f 227//61 194//61 193//61
f 193//62 194//62 227//62
f 195//365 196//367 230//443
f 230//444 196//368 195//366
f 215//405 195//365 231//445
f 231//446 195//366 215//406
f 216//407 217//409 174//329
f 174//330 217//410 216//408
f 217//409 230//443 196//367
f 196//368 230//444 217//410
f 216//407 190//201 226//435
f 226//436 190//202 216//408
f 218//413 178//411 192//361
f 192//362 178//412 218//416
f 232//447 197//414 218//413
f 218//416 197//415 232//448
f 219//417 180//417 197//61
f 197//62 180//418 219//418
f 233//419 198//419 219//417
f 219//418 198//420 233//420
f 220//419 198//419 234//419
f 234//420 198//420 220//420
f 221//423 182//343 220//421
f 220//422 182//344 221//424
f 222//425 183//345 221//423
f 221//424 183//346 222//426
f 223//427 184//347 222//425
f 222//426 184//348 223//428
f 199//371 223//427 235//449
f 235//450 223//428 199//372
f 200//373 199//371 236//451
f 236//452 199//372 200//374
f 237//453 201//375 200//373
f 200//374 201//376 237//454
f 202//455 201//375 238//455
f 238//456 201//376 202//456
f 203//457 202//455 239//457
f 239//458 202//456 203//458
f 204//459 203//457 240//459
f 240//460 203//458 204//460
f 224//461 204//459 241//461
f 241//462 204//460 224//462
f 207//387 242//463 205//383
f 205//384 242//464 207//388
f 205//383 243//465 206//385
f 206//386 243//466 205//384
f 224//429 244//467 207//387
f 207//388 244//468 224//430
f 208//469 209//431 245//470
f 245//471 209//434 208//472
f 225//432 246//473 209//431
f 209//434 246//474 225//433
f 225//432 206//385 243//465
f 243//466 206//386 225//433
f 211//395 247//475 210//393
f 210//394 247//476 211//396
f 210//393 248//477 226//435
f 226//436 248//478 210//394
f 212//397 249//479 213//401
f 213//402 249//480 212//398
f 228//439 191//359 227//437
f 227//438 191//360 228//440
f 249//479 212//397 228//439
f 228//440 212//398 249//480
f 213//401 250//481 218//413
f 218//416 250//482 213//402
f 251//483 229//441 214//403
f 214//404 229//442 251//484
f 229//61 227//61 193//61
f 193//62 227//62 229//62
f 215//405 252//485 214//403
f 214//404 252//486 215//406
f 230//443 231//445 195//365
f 195//366 231//446 230//444
f 231//445 253//487 215//405
f 215//406 253//488 231//446
f 217//409 216//407 254//489
f 254//490 216//408 217//410
f 230//443 217//409 255//491
f 255//492 217//410 230//444
f 226//435 254//489 216//407
f 216//408 254//490 226//436
f 197//414 232//447 219//493
f 219//494 232//448 197//415
f 232//447 218//413 250//481
f 250//482 218//416 232//448
f 234//419 198//419 233//419
f 233//420 198//420 234//420
f 219//493 232//447 233//495
f 233//496 232//448 219//494
f 220//419 234//419 256//419
f 256//420 234//420 220//420
f 220//421 257//497 221//423
f 221//424 257//498 220//422
f 258//499 222//425 221//423
f 221//424 222//426 258//500
f 259//501 223//427 222//425
f 222//426 223//428 259//502
f 235//449 223//427 259//501
f 259//502 223//428 235//450
f 236//451 199//371 235//449
f 235//450 199//372 236//452
f 200//373 236//451 260//503
f 260//504 236//452 200//374
f 237//453 238//455 201//375
f 201//376 238//456 237//454
f 237//505 200//373 260//503
f 260//504 200//374 237//506
f 238//455 239//457 202//455
f 202//456 239//458 238//456
f 239//457 240//459 203//457
f 203//458 240//460 239//458
f 240//459 241//461 204//459
f 204//460 241//462 240//460
f 241//461 261//507 224//461
f 224//462 261//508 241//462
f 242//463 207//387 244//467
f 244//468 207//388 242//464
f 243//465 205//383 242//463
f 242//464 205//384 243//466
f 244//507 224//461 261//507
f 261//508 224//462 244//508
f 246//473 245//470 209//431
f 209//434 245//471 246//474
f 246//473 225//432 262//509
f 262//510 225//433 246//474
f 243//465 262//509 225//432
f 225//433 262//510 243//466
f 248//477 210//393 247//475
f 247//476 210//394 248//478
f 254//489 226//435 248//477
f 248//478 226//436 254//490
f 250//481 213//401 249//479
f 249//480 213//402 250//482
f 228//439 227//437 263//511
f 263//512 227//438 228//440
f 228//439 263//511 249//479
f 249//480 263//512 228//440
f 229//441 251//483 264//513
f 264//514 251//484 229//442
f 251//483 214//403 252//485
f 252//486 214//404 251//484
f 264//61 227//61 229//61
f 229//62 227//62 264//62
f 252//485 215//405 253//487
f 253//488 215//406 252//486
f 231//445 230//443 265//515
f 265//516 230//444 231//446
f 253//487 231//445 266//517
f 266//518 231//446 253//488
f 254//489 255//491 217//409
f 217//410 255//492 254//490
f 255//491 265//515 230//443
f 230//444 265//516 255//492
f 250//481 267//519 232//447
f 232//448 267//520 250//482
f 233//495 268//521 234//522
f 234//523 268//524 233//496
f 268//521 233//495 232//447
f 232//448 233//496 268//524
f 269//419 256//419 234//419
f 234//420 256//420 269//420
f 257//419 220//419 256//419
f 256//420 220//420 257//420
f 258//499 221//423 257//497
f 257//498 221//424 258//500
f 270//525 222//425 258//499
f 258//500 222//426 270//526
f 259//501 222//425 270//525
f 270//526 222//426 259//502
f 235//58 259//58 271//58
f 271//57 259//57 235//57
f 236//451 235//449 272//527
f 272//528 235//450 236//452
f 236//451 272//527 260//503
f 260//504 272//528 236//452
f 238//529 237//505 273//530
f 273//531 237//506 238//532
f 273//530 237//505 260//503
f 260//504 237//506 273//531
f 239//533 238//529 274//534
f 274//535 238//532 239//536
f 240//537 239//533 275//538
f 275//539 239//536 240//540
f 241//541 240//537 276//542
f 276//543 240//540 241//544
f 241//541 277//545 261//546
f 261//547 277//548 241//544
f 244//467 278//549 242//463
f 242//464 278//550 244//468
f 242//463 279//551 243//465
f 243//466 279//552 242//464
f 261//507 280//553 244//507
f 244//508 280//554 261//508
f 245//470 246//473 281//555
f 281//556 246//474 245//471
f 262//509 281//555 246//473
f 246//474 281//556 262//510
f 262//509 243//465 279//551
f 279//552 243//466 262//510
f 247//475 282//557 248//477
f 248//478 282//558 247//476
f 248//477 283//559 254//489
f 254//490 283//560 248//478
f 249//479 284//561 250//481
f 250//482 284//562 249//480
f 285//563 263//511 227//437
f 227//438 263//512 285//564
f 284//561 249//479 263//511
f 263//512 249//480 284//562
f 286//565 264//513 251//483
f 251//484 264//514 286//566
f 252//485 287//567 251//483
f 251//484 287//568 252//486
f 288//61 227//61 264//61
f 264//62 227//62 288//62
f 253//487 289//569 252//485
f 252//486 289//570 253//488
f 265//515 266//517 231//445
f 231//446 266//518 265//516
f 266//517 290//571 253//487
f 253//488 290//572 266//518
f 255//491 254//489 283//559
f 283//560 254//490 255//492
f 265//515 255//491 291//573
f 291//574 255//492 265//516
f 267//519 250//481 284//561
f 284//562 250//482 267//520
f 268//521 232//447 267//519
f 267//520 232//448 268//524
f 292//575 234//522 268//521
f 268//524 234//523 292//576
f 256//419 269//419 293//577
f 293//578 269//420 256//420
f 269//579 234//522 294//580
f 294//581 234//523 269//582
f 257//58 256//58 295//58
f 295//57 256//57 257//57
f 258//58 257//58 296//58
f 296//57 257//57 258//57
f 270//58 258//58 271//58
f 271//57 258//57 270//57
f 259//58 270//58 271//58
f 271//57 270//57 259//57
f 235//449 271//583 297//584
f 297//585 271//586 235//450
f 272//527 235//449 297//584
f 297//585 235//450 272//528
f 260//587 272//587 298//587
f 298//588 272//588 260//588
f 238//529 273//530 274//534
f 274//535 273//531 238//532
f 273//587 260//587 299//587
f 299//588 260//588 273//588
f 275//538 239//533 274//534
f 274//535 239//536 275//539
f 276//542 240//537 275//538
f 275//539 240//540 276//543
f 241//541 276//542 277//545
f 277//548 276//543 241//544
f 261//546 277//545 300//589
f 300//590 277//548 261//547
f 278//553 244//507 280//553
f 280//554 244//508 278//554
f 279//551 242//463 278//549
f 278//550 242//464 279//552
f 261//546 300//589 280//591
f 280//592 300//590 261//547
f 281//555 262//509 301//593
f 301//594 262//510 281//556
f 279//551 301//593 262//509
f 262//510 301//594 279//552
f 283//559 248//477 282//557
f 282//558 248//478 283//560
f 263//511 285//563 302//595
f 302//596 285//564 263//512
f 285//61 227//61 303//61
f 303//62 227//62 285//62
f 263//511 302//595 284//561
f 284//562 302//596 263//512
f 264//513 286//565 288//597
f 288//598 286//566 264//514
f 286//565 251//483 287//567
f 287//568 251//484 286//566
f 287//567 252//485 289//569
f 289//570 252//486 287//568
f 304//61 227//61 288//61
f 288//62 227//62 304//62
f 289//569 253//487 290//571
f 290//572 253//488 289//570
f 266//517 265//515 305//599
f 305//600 265//516 266//518
f 266//517 305//599 290//571
f 290//572 305//600 266//518
f 283//559 291//573 255//491
f 255//492 291//574 283//560
f 291//573 305//599 265//515
f 265//516 305//600 291//574
f 284//561 306//601 267//519
f 267//520 306//602 284//562
f 267//519 307//603 268//521
f 268//524 307//604 267//520
f 292//575 294//580 234//522
f 234//523 294//581 292//576
f 292//575 268//521 307//603
f 307//604 268//524 292//576
f 308//577 293//577 269//419
f 269//420 293//578 308//578
f 256//58 293//58 309//58
f 309//57 293//57 256//57
f 269//579 294//580 308//605
f 308//606 294//581 269//582
f 295//58 256//58 309//58
f 309//57 256//57 295//57
f 296//58 257//58 295//58
f 295//57 257//57 296//57
f 296//58 271//58 258//58
f 258//57 271//57 296//57
f 271//583 296//607 297//584
f 297//585 296//608 271//586
f 272//587 297//587 310//587
f 310//588 297//588 272//588
f 298//587 272//587 311//587
f 311//588 272//588 298//588
f 299//587 260//587 298//587
f 298//588 260//588 299//588
f 274//587 273//587 312//587
f 312//588 273//588 274//588
f 312//587 273//587 299//587
f 299//588 273//588 312//588
f 275//587 274//587 313//587
f 313//588 274//588 275//588
f 276//587 275//587 314//587
f 314//588 275//588 276//588
f 277//587 276//587 315//587
f 315//588 276//588 277//588
f 300//587 277//587 316//587
f 316//588 277//588 300//588
f 280//553 317//609 278//553
f 278//554 317//610 280//554
f 278//549 318//611 279//551
f 279//552 318//612 278//550
f 280//591 300//589 319//613
f 319//614 300//590 280//592
f 301//593 279//551 318//611
f 318//612 279//552 301//594
f 282//557 320//615 283//559
f 283//560 320//616 282//558
f 321//617 302//595 285//563
f 285//564 302//596 321//618
f 303//61 227//61 322//61
f 322//62 227//62 303//62
f 323//61 285//61 303//61
f 303//62 285//62 323//62
f 306//601 284//561 302//595
f 302//596 284//562 306//602
f 324//619 288//597 286//565
f 286//566 288//598 324//620
f 287//567 325//621 286//565
f 286//566 325//622 287//568
f 289//569 326//623 287//567
f 287//568 326//624 289//570
f 322//61 227//61 304//61
f 304//62 227//62 322//62
f 304//625 288//597 327//626
f 327//627 288//598 304//628
f 290//571 328//629 289//569
f 289//570 328//630 290//572
f 329//631 290//571 305//599
f 305//600 290//572 329//632
f 291//573 283//559 320//615
f 320//616 283//560 291//574
f 305//599 291//573 330//633
f 330//634 291//574 305//600
f 307//603 267//519 306//601
f 306//602 267//520 307//604
f 292//575 307//603 294//580
f 294//581 307//604 292//576
f 308//577 331//635 293//577
f 293//578 331//636 308//578
f 293//58 332//58 309//58
f 309//57 332//57 293//57
f 294//580 333//637 308//605
f 308//606 333//638 294//581
f 295//639 309//640 334//639
f 334//641 309//642 295//641
f 296//607 295//639 335//607
f 335//608 295//641 296//608
f 335//607 297//584 296//607
f 296//608 297//585 335//608
f 336//587 310//587 297//587
f 297//588 310//588 336//588
f 311//587 272//587 310//587
f 310//588 272//588 311//588
f 311//643 337//644 298//645
f 298//646 337//647 311//648
f 299//649 298//645 338//650
f 338//651 298//646 299//652
f 339//587 274//587 312//587
f 312//588 274//588 339//588
f 299//649 338//650 312//653
f 312//654 338//651 299//652
f 313//587 274//587 339//587
f 339//588 274//588 313//588
f 314//587 275//587 313//587
f 313//588 275//588 314//588
f 315//587 276//587 314//587
f 314//588 276//588 315//588
f 316//587 277//587 315//587
f 315//588 277//588 316//588
f 340//587 300//587 316//587
f 316//588 300//588 340//588
f 280//591 319//613 317//655
f 317//656 319//614 280//592
f 318//609 278//553 317//609
f 317//610 278//554 318//610
f 319//587 300//587 341//587
f 341//588 300//588 319//588
f 321//617 323//657 302//595
f 302//596 323//658 321//618
f 321//61 285//61 323//61
f 323//62 285//62 321//62
f 303//659 322//660 342//661
f 342//662 322//663 303//664
f 323//657 303//659 343//665
f 343//666 303//664 323//658
f 306//601 302//595 344//667
f 344//668 302//596 306//602
f 324//619 327//626 288//597
f 288//598 327//627 324//620
f 324//619 286//565 325//621
f 325//622 286//566 324//620
f 325//621 287//567 326//623
f 326//624 287//568 325//622
f 326//623 289//569 328//629
f 328//630 289//570 326//624
f 322//660 304//625 345//669
f 345//670 304//628 322//663
f 327//626 345//669 304//625
f 304//628 345//670 327//627
f 328//629 290//571 346//671
f 346//672 290//572 328//630
f 329//631 346//671 290//571
f 290//572 346//672 329//632
f 305//599 330//633 329//631
f 329//632 330//634 305//600
f 320//615 330//633 291//573
f 291//574 330//634 320//616
f 307//603 306//601 347//673
f 347//674 306//602 307//604
f 347//673 294//580 307//603
f 307//604 294//581 347//674
f 308//605 333//637 331//605
f 331//606 333//638 308//606
f 332//635 293//577 331//635
f 331//636 293//578 332//636
f 309//58 332//58 348//58
f 348//57 332//57 309//57
f 294//580 347//673 333//637
f 333//638 347//674 294//581
f 349//640 334//639 309//640
f 309//642 334//641 349//642
f 334//639 335//607 295//639
f 295//641 335//608 334//641
f 297//587 335//587 350//587
f 350//588 335//588 297//588
f 310//675 336//676 351//677
f 351//678 336//679 310//680
f 336//587 297//587 350//587
f 350//588 297//588 336//588
f 310//675 351//677 311//643
f 311//648 351//678 310//680
f 337//644 311//643 351//677
f 351//678 311//648 337//647
f 352//681 298//645 337//644
f 337//647 298//646 352//682
f 352//681 338//650 298//645
f 298//646 338//651 352//682
f 339//683 312//653 353//684
f 353//685 312//654 339//686
f 354//687 312//653 338//650
f 338//651 312//654 354//688
f 313//689 339//683 355//690
f 355//691 339//686 313//692
f 314//693 313//689 356//694
f 356//695 313//692 314//696
f 315//697 314//693 357//698
f 357//699 314//696 315//700
f 316//701 315//697 358//702
f 358//703 315//700 316//704
f 359//587 300//587 340//587
f 340//588 300//588 359//588
f 316//701 358//702 340//705
f 340//706 358//703 316//704
f 341//655 317//655 319//613
f 319//614 317//656 341//656
f 341//587 300//587 359//587
f 359//588 300//588 341//588
f 343//665 302//595 323//657
f 323//658 302//596 343//666
f 345//669 342//661 322//660
f 322//663 342//662 345//670
f 342//661 343//665 303//659
f 303//664 343//666 342//662
f 343//665 344//667 302//595
f 302//596 344//668 343//666
f 344//667 347//673 306//601
f 306//602 347//674 344//668
f 327//626 324//619 360//707
f 360//708 324//620 327//627
f 325//621 360//707 324//619
f 324//620 360//708 325//622
f 326//623 361//709 325//621
f 325//622 361//710 326//624
f 328//629 362//711 326//623
f 326//624 362//712 328//630
f 345//669 327//626 363//713
f 363//714 327//627 345//670
f 328//629 346//671 362//711
f 362//712 346//672 328//630
f 346//671 329//631 364//715
f 364//716 329//632 346//672
f 365//717 329//631 330//633
f 330//634 329//632 365//718
f 333//637 366//719 331//605
f 331//606 366//720 333//638
f 332//635 331//635 367//721
f 367//722 331//636 332//636
f 332//58 368//58 348//58
f 348//57 368//57 332//57
f 309//640 348//723 349//640
f 349//642 348//724 309//642
f 369//725 333//637 347//673
f 347//674 333//638 369//726
f 334//587 349//587 370//587
f 370//588 349//588 334//588
f 335//587 334//587 371//727
f 371//728 334//588 335//588
f 335//587 371//727 350//587
f 350//588 371//728 335//588
f 372//729 351//677 336//676
f 336//679 351//678 372//730
f 336//676 350//731 372//729
f 372//730 350//732 336//679
f 351//677 373//733 337//644
f 337//647 373//734 351//678
f 352//681 337//644 374//735
f 374//736 337//647 352//682
f 338//650 352//681 375//737
f 375//738 352//682 338//651
f 354//687 353//684 312//653
f 312//654 353//685 354//688
f 353//684 355//690 339//683
f 339//686 355//691 353//685
f 338//650 375//737 354//687
f 354//688 375//738 338//651
f 355//690 356//694 313//689
f 313//692 356//695 355//691
f 356//694 357//698 314//693
f 314//696 357//699 356//695
f 357//698 358//702 315//697
f 315//700 358//703 357//699
f 340//705 376//739 359//740
f 359//741 376//742 340//706
f 376//739 340//705 358//702
f 358//703 340//706 376//742
f 345//669 363//713 342//661
f 342//662 363//714 345//670
f 342//661 377//743 343//665
f 343//666 377//744 342//662
f 344//667 343//665 377//743
f 377//744 343//666 344//668
f 347//673 344//667 369//725
f 369//726 344//668 347//674
f 360//707 363//713 327//626
f 327//627 363//714 360//708
f 360//707 325//621 361//709
f 361//710 325//622 360//708
f 361//709 326//623 362//711
f 362//712 326//624 361//710
f 378//745 362//711 346//671
f 346//672 362//712 378//746
f 365//717 364//715 329//631
f 329//632 364//716 365//718
f 346//671 364//715 378//745
f 378//746 364//716 346//672
f 366//719 333//637 379//747
f 379//748 333//638 366//720
f 380//749 331//605 366//719
f 366//720 331//606 380//750
f 380//721 367//721 331//635
f 331//636 367//722 380//722
f 367//58 368//58 332//58
f 332//57 368//57 367//57
f 348//58 368//58 381//58
f 381//57 368//57 348//57
f 382//723 349//640 348//723
f 348//724 349//642 382//724
f 333//637 369//725 383//751
f 383//752 369//726 333//638
f 370//587 349//587 384//587
f 384//588 349//588 370//588
f 385//587 334//587 370//587
f 370//588 334//588 385//588
f 371//727 334//587 385//587
f 385//588 334//588 371//728
f 386//727 350//587 371//727
f 371//728 350//588 386//728
f 372//729 387//753 351//677
f 351//678 387//754 372//730
f 388//755 372//729 350//731
f 350//732 372//730 388//756
f 373//733 351//677 387//753
f 387//754 351//678 373//734
f 389//757 337//644 373//733
f 373//734 337//647 389//758
f 389//757 374//735 337//644
f 337//647 374//736 389//758
f 374//735 375//737 352//681
f 352//682 375//738 374//736
f 353//684 354//687 390//759
f 390//760 354//688 353//685
f 355//690 353//684 391//761
f 391//762 353//685 355//691
f 392//763 354//687 375//737
f 375//738 354//688 392//764
f 356//694 355//690 393//765
f 393//766 355//691 356//695
f 357//698 356//694 394//767
f 394//768 356//695 357//699
f 357//698 394//767 358//702
f 358//703 394//768 357//699
f 395//769 359//740 376//739
f 376//742 359//741 395//770
f 358//702 396//771 376//739
f 376//742 396//772 358//703
f 377//743 342//661 363//713
f 363//714 342//662 377//744
f 377//743 369//725 344//667
f 344//668 369//726 377//744
f 363//713 360//707 397//773
f 397//774 360//708 363//714
f 361//709 397//773 360//707
f 360//708 397//774 361//710
f 362//711 383//751 361//709
f 361//710 383//752 362//712
f 362//711 378//745 383//751
f 383//752 378//746 362//712
f 398//775 378//745 364//715
f 364//716 378//746 398//776
f 383//751 379//747 333//637
f 333//638 379//748 383//752
f 379//747 399//777 366//719
f 366//720 399//778 379//748
f 380//749 366//719 400//779
f 400//780 366//720 380//750
f 367//721 380//721 368//721
f 368//722 380//722 367//722
f 401//58 381//58 368//58
f 368//57 381//57 401//57
f 381//781 402//781 348//723
f 348//724 402//782 381//782
f 382//587 403//587 349//587
f 349//588 403//588 382//588
f 382//723 348//723 402//781
f 402//782 348//724 382//724
f 397//773 383//751 369//725
f 369//726 383//752 397//774
f 384//587 349//587 403//587
f 403//588 349//588 384//588
f 370//640 384//723 404//640
f 404//642 384//724 370//642
f 385//639 370//640 405//639
f 405//641 370//642 385//641
f 371//61 385//639 406//61
f 406//62 385//641 371//62
f 371//727 406//783 386//727
f 386//728 406//784 371//728
f 387//753 372//729 407//72
f 407//71 372//730 387//754
f 388//755 407//72 372//729
f 372//730 407//71 388//756
f 373//58 387//58 408//58
f 408//57 387//57 373//57
f 389//58 373//58 409//58
f 409//57 373//57 389//57
f 374//58 389//58 410//58
f 410//57 389//57 374//57
f 375//58 374//58 411//58
f 411//57 374//57 375//57
f 392//763 390//759 354//687
f 354//688 390//760 392//764
f 390//759 391//761 353//684
f 353//685 391//762 390//760
f 391//761 393//765 355//690
f 355//691 393//766 391//762
f 392//58 375//58 412//58
f 412//57 375//57 392//57
f 393//765 394//767 356//694
f 356//695 394//768 393//766
f 396//771 358//702 394//767
f 394//768 358//703 396//772
f 376//739 413//785 395//769
f 395//770 413//786 376//742
f 413//785 376//739 396//771
f 396//772 376//742 413//786
f 363//713 397//773 377//743
f 377//744 397//774 363//714
f 369//725 377//743 397//773
f 397//774 377//744 369//726
f 397//773 361//709 383//751
f 383//752 361//710 397//774
f 379//747 383//751 378//745
f 378//746 383//752 379//748
f 378//745 398//775 379//747
f 379//748 398//776 378//746
f 399//777 379//747 398//775
f 398//776 379//748 399//778
f 414//787 366//719 399//777
f 399//778 366//720 414//788
f 414//787 400//779 366//719
f 366//720 400//780 414//788
f 400//721 368//721 380//721
f 380//722 368//722 400//722
f 401//71 415//71 381//781
f 381//782 415//72 401//72
f 402//781 381//781 415//71
f 415//72 381//782 402//782
f 403//587 382//587 416//587
f 416//588 382//588 403//588
f 402//587 415//587 382//587
f 382//588 415//588 402//588
f 403//781 417//781 384//723
f 384//724 417//782 403//782
f 418//723 404//640 384//723
f 384//724 404//642 418//724
f 404//640 405//639 370//640
f 370//642 405//641 404//642
f 405//639 406//61 385//639
f 385//641 406//62 405//641
f 419//783 386//727 406//783
f 406//784 386//728 419//784
f 387//58 407//58 408//58
f 408//57 407//57 387//57
f 409//58 373//58 408//58
f 408//57 373//57 409//57
f 410//58 389//58 409//58
f 409//57 389//57 410//57
f 411//58 374//58 410//58
f 410//57 374//57 411//57
f 412//58 375//58 411//58
f 411//57 375//57 412//57
f 390//58 392//58 412//58
f 412//57 392//57 390//57
f 391//58 390//58 420//58
f 420//57 390//57 391//57
f 393//58 391//58 421//58
f 421//57 391//57 393//57
f 394//58 393//58 422//58
f 422//57 393//57 394//57
f 396//58 394//58 423//58
f 423//57 394//57 396//57
f 424//71 395//769 413//785
f 413//786 395//770 424//72
f 413//58 396//58 425//58
f 425//57 396//57 413//57
f 416//587 382//587 415//587
f 415//588 382//588 416//588
f 416//71 426//71 403//781
f 403//782 426//72 416//72
f 417//781 403//781 426//71
f 426//72 403//782 417//782
f 418//723 384//723 417//781
f 417//782 384//724 418//724
f 404//57 418//57 419//57
f 419//58 418//58 404//58
f 405//57 404//57 419//57
f 419//58 404//58 405//58
f 406//57 405//57 419//57
f 419//58 405//58 406//58
f 407//58 427//58 408//58
f 408//57 427//57 407//57
f 408//733 428//789 409//757
f 409//758 428//790 408//734
f 410//735 409//757 429//791
f 429//792 409//758 410//736
f 411//737 410//735 430//793
f 430//794 410//736 411//738
f 411//737 430//793 412//763
f 412//764 430//794 411//738
f 420//58 390//58 412//58
f 412//57 390//57 420//57
f 421//58 391//58 420//58
f 420//57 391//57 421//57
f 422//58 393//58 421//58
f 421//57 393//57 422//57
f 423//58 394//58 422//58
f 422//57 394//57 423//57
f 425//58 396//58 423//58
f 423//57 396//57 425//57
f 424//58 413//58 431//58
f 431//57 413//57 424//57
f 425//58 431//58 413//58
f 413//57 431//57 425//57
f 417//57 426//57 418//57
f 418//58 426//58 417//58
f 419//57 418//57 426//57
f 426//58 418//58 419//58
f 432//58 408//58 427//58
f 427//57 408//57 432//57
f 428//789 408//733 433//795
f 433//796 408//734 428//790
f 434//797 409//757 428//789
f 428//790 409//758 434//798
f 434//797 429//791 409//757
f 409//758 429//792 434//798
f 429//791 430//793 410//735
f 410//736 430//794 429//792
f 435//799 412//763 430//793
f 430//794 412//764 435//800
f 420//759 412//763 436//801
f 436//802 412//764 420//760
f 421//761 420//759 437//803
f 437//804 420//760 421//762
f 422//765 421//761 438//805
f 438//806 421//762 422//766
f 423//767 422//765 439//807
f 439//808 422//766 423//768
f 423//767 439//807 425//771
f 425//772 439//808 423//768
f 440//58 431//58 425//58
f 425//57 431//57 440//57
f 432//753 433//795 408//733
f 408//734 433//796 432//754
f 427//72 441//809 432//753
f 432//754 441//810 427//71
f 442//811 428//789 433//795
f 433//796 428//790 442//812
f 443//813 434//797 428//789
f 428//790 434//798 443//814
f 434//797 444//815 429//791
f 429//792 444//816 434//798
f 429//791 445//817 430//793
f 430//794 445//818 429//792
f 435//799 436//801 412//763
f 412//764 436//802 435//800
f 446//819 435//799 430//793
f 430//794 435//800 446//820
f 436//801 437//803 420//759
f 420//760 437//804 436//802
f 437//803 438//805 421//761
f 421//762 438//806 437//804
f 438//805 439//807 422//765
f 422//766 439//808 438//806
f 447//821 425//771 439//807
f 439//808 425//772 447//822
f 440//785 448//823 431//71
f 431//72 448//824 440//786
f 425//771 447//821 440//785
f 440//786 447//822 425//772
f 433//795 432//753 441//809
f 441//810 432//754 433//796
f 443//813 428//789 442//811
f 442//812 428//790 443//814
f 449//825 442//811 433//795
f 433//796 442//812 449//826
f 443//813 444//815 434//797
f 434//798 444//816 443//814
f 444//815 445//817 429//791
f 429//792 445//818 444//816
f 445//817 446//819 430//793
f 430//794 446//820 445//818
f 435//799 450//827 436//801
f 436//802 450//828 435//800
f 446//819 450//827 435//799
f 435//800 450//828 446//820
f 436//801 451//829 437//803
f 437//804 451//830 436//802
f 437//803 452//831 438//805
f 438//806 452//832 437//804
f 438//805 453//833 439//807
f 439//808 453//834 438//806
f 439//807 454//835 447//821
f 447//822 454//836 439//808
f 448//823 440//785 447//821
f 447//822 440//786 448//824
f 455//837 431//71 448//823
f 448//824 431//72 455//838
f 441//809 456//839 433//795
f 433//796 456//840 441//810
f 442//811 457//841 443//813
f 443//814 457//842 442//812
f 442//811 449//825 457//841
f 457//842 449//826 442//812
f 449//825 433//795 456//839
f 456//840 433//796 449//826
f 444//815 443//813 458//843
f 458//844 443//814 444//816
f 445//817 444//815 459//845
f 459//846 444//816 445//818
f 446//819 445//817 460//847
f 460//848 445//818 446//820
f 450//827 451//829 436//801
f 436//802 451//830 450//828
f 446//819 461//849 450//827
f 450//828 461//850 446//820
f 451//829 452//831 437//803
f 437//804 452//832 451//830
f 452//831 453//833 438//805
f 438//806 453//834 452//832
f 439//807 453//833 454//835
f 454//836 453//834 439//808
f 447//821 454//835 462//851
f 462//852 454//836 447//822
f 448//823 447//821 462//851
f 462//852 447//822 448//824
f 455//837 448//823 462//851
f 462//852 448//824 455//838
f 463//853 443//813 457//841
f 457//842 443//814 463//854
f 464//855 457//841 449//825
f 449//826 457//842 464//856
f 449//825 456//839 464//855
f 464//856 456//840 449//826
f 463//853 458//843 443//813
f 443//814 458//844 463//854
f 458//843 459//845 444//815
f 444//816 459//846 458//844
f 459//845 460//847 445//817
f 445//818 460//848 459//846
f 460//847 461//849 446//819
f 446//820 461//850 460//848
f 450//827 465//857 451//829
f 451//830 465//858 450//828
f 461//849 465//857 450//827
f 450//828 465//858 461//850
f 451//829 466//859 452//831
f 452//832 466//860 451//830
f 452//831 467//861 453//833
f 453//834 467//862 452//832
f 453//833 468//863 454//835
f 454//836 468//864 453//834
f 454//835 469//865 462//851
f 462//852 469//866 454//836
f 463//853 457//841 470//867
f 470//868 457//842 463//854
f 457//841 464//855 471//869
f 471//870 464//856 457//842
f 472//871 464//855 456//839
f 456//840 464//856 472//872
f 458//843 463//853 473//873
f 473//874 463//854 458//844
f 459//845 458//843 474//875
f 474//876 458//844 459//846
f 460//847 459//845 475//877
f 475//878 459//846 460//848
f 461//849 460//847 476//879
f 476//880 460//848 461//850
f 465//857 466//859 451//829
f 451//830 466//860 465//858
f 465//857 461//849 477//881
f 477//882 461//850 465//858
f 466//859 467//861 452//831
f 452//832 467//862 466//860
f 467//861 468//863 453//833
f 453//834 468//864 467//862
f 468//863 469//865 454//835
f 454//836 469//866 468//864
f 471//869 470//867 457//841
f 457//842 470//868 471//870
f 470//867 473//873 463//853
f 463//854 473//874 470//868
f 478//883 471//869 464//855
f 464//856 471//870 478//884
f 464//855 472//871 478//883
f 478//884 472//872 464//856
f 473//873 474//875 458//843
f 458//844 474//876 473//874
f 474//875 475//877 459//845
f 459//846 475//878 474//876
f 475//877 476//879 460//847
f 460//848 476//880 475//878
f 476//879 477//881 461//849
f 461//850 477//882 476//880
f 466//859 465//857 479//885
f 479//886 465//858 466//860
f 477//881 479//885 465//857
f 465//858 479//886 477//882
f 467//861 466//859 480//887
f 480//888 466//860 467//862
f 468//863 467//861 481//889
f 481//890 467//862 468//864
f 469//865 468//863 482//891
f 482//892 468//864 469//866
f 470//867 471//869 483//893
f 483//894 471//870 470//868
f 470//867 483//893 473//873
f 473//874 483//894 470//868
f 471//869 478//883 484//895
f 484//896 478//884 471//870
f 485//897 478//883 472//871
f 472//872 478//884 485//898
f 473//873 486//899 474//875
f 474//876 486//900 473//874
f 475//877 474//875 487//901
f 487//902 474//876 475//878
f 476//879 475//877 488//903
f 488//904 475//878 476//880
f 477//881 476//879 489//905
f 489//906 476//880 477//882
f 479//885 480//887 466//859
f 466//860 480//888 479//886
f 479//885 477//881 490//907
f 490//908 477//882 479//886
f 480//887 481//889 467//861
f 467//862 481//890 480//888
f 481//889 482//891 468//863
f 468//864 482//892 481//890
f 484//895 483//893 471//869
f 471//870 483//894 484//896
f 486//899 473//873 483//893
f 483//894 473//874 486//900
f 491//909 484//895 478//883
f 478//884 484//896 491//910
f 478//883 485//897 491//909
f 491//910 485//898 478//884
f 492//911 474//875 486//899
f 486//900 474//876 492//912
f 492//911 487//901 474//875
f 474//876 487//902 492//912
f 487//901 488//903 475//877
f 475//878 488//904 487//902
f 488//903 489//905 476//879
f 476//880 489//906 488//904
f 489//905 490//907 477//881
f 477//882 490//908 489//906
f 480//887 479//885 493//913
f 493//914 479//886 480//888
f 490//907 493//913 479//885
f 479//886 493//914 490//908
f 481//889 480//887 494//915
f 494//916 480//888 481//890
f 482//891 481//889 495//917
f 495//918 481//890 482//892
f 496//919 483//893 484//895
f 484//896 483//894 496//920
f 497//921 486//899 483//893
f 483//894 486//900 497//922
f 491//909 498//923 484//895
f 484//896 498//924 491//910
f 499//925 491//909 485//897
f 485//898 491//910 499//926
f 497//921 492//911 486//899
f 486//900 492//912 497//922
f 492//911 500//927 487//901
f 487//902 500//928 492//912
f 487//901 500//927 488//903
f 488//904 500//928 487//902
f 488//903 501//929 489//905
f 489//906 501//930 488//904
f 489//905 501//929 490//907
f 490//908 501//930 489//906
f 493//913 494//915 480//887
f 480//888 494//916 493//914
f 490//907 501//929 493//913
f 493//914 501//930 490//908
f 494//915 495//917 481//889
f 481//890 495//918 494//916
f 496//919 497//921 483//893
f 483//894 497//922 496//920
f 498//923 496//919 484//895
f 484//896 496//920 498//924
f 491//909 499//925 498//923
f 498//924 499//926 491//910
f 497//921 500//927 492//911
f 492//912 500//928 497//922
f 500//927 501//929 488//903
f 488//904 501//930 500//928
f 493//913 502//931 494//915
f 494//916 502//932 493//914
f 501//929 502//931 493//913
f 493//914 502//932 501//930
f 494//915 503//933 495//917
f 495//918 503//934 494//916
f 496//919 504//935 497//921
f 497//922 504//936 496//920
f 496//919 498//923 504//935
f 504//936 498//924 496//920
f 505//937 498//923 499//925
f 499//926 498//924 505//938
f 497//921 506//939 500//927
f 500//928 506//940 497//922
f 500//927 507//941 501//929
f 501//930 507//942 500//928
f 502//931 503//933 494//915
f 494//916 503//934 502//932
f 502//931 501//929 508//943
f 508//944 501//930 502//932
f 506//939 497//921 504//935
f 504//936 497//922 506//940
f 509//945 504//935 498//923
f 498//924 504//936 509//946
f 498//923 505//937 509//945
f 509//946 505//938 498//924
f 507//941 500//927 506//939
f 506//940 500//928 507//942
f 510//947 501//929 507//941
f 507//942 501//930 510//948
f 503//933 502//931 511//949
f 511//950 502//932 503//934
f 510//947 508//943 501//929
f 501//930 508//944 510//948
f 508//943 511//949 502//931
f 502//932 511//950 508//944
f 504//935 512//258 506//939
f 506//940 512//257 504//936
f 509//945 513//951 504//935
f 504//936 513//952 509//946
f 514//953 509//945 505//937
f 505//938 509//946 514//954
f 506//939 515//252 507//941
f 507//942 515//251 506//940
f 507//941 516//248 510//947
f 510//948 516//247 507//942
f 510//947 517//210 508//943
f 508//944 517//209 510//948
f 511//949 508//943 518//955
f 518//956 508//944 511//950
f 512//258 504//935 513//951
f 513//952 504//936 512//257
f 515//252 506//939 512//258
f 512//257 506//940 515//251
f 509//945 514//953 513//951
f 513//952 514//954 509//946
f 516//248 507//941 515//252
f 515//251 507//942 516//247
f 517//210 510//947 516//248
f 516//247 510//948 517//209
f 519//957 508//943 517//210
f 517//209 508//944 519//958
f 519//957 518//955 508//943
f 508//944 518//956 519//958
f 513//951 520//959 512//258
f 512//257 520//960 513//952
f 515//252 512//258 521//961
f 521//962 512//257 515//251
f 522//956 513//951 514//953
f 514//954 513//952 522//955
f 516//248 515//252 523//963
f 523//964 515//251 516//247
f 517//210 516//248 524//965
f 524//966 516//247 517//209
f 517//210 524//965 519//957
f 519//958 524//966 517//209
f 518//955 519//957 525//967
f 525//968 519//958 518//956
f 513//951 522//956 520//959
f 520//960 522//955 513//952
f 526//969 512//258 520//959
f 520//960 512//257 526//970
f 526//969 521//961 512//258
f 512//257 521//962 526//970
f 521//961 523//963 515//252
f 515//251 523//964 521//962
f 523//963 524//965 516//248
f 516//247 524//966 523//964
f 527//971 519//957 524//965
f 524//966 519//958 527//972
f 527//971 525//967 519//957
f 519//958 525//968 527//972
f 528//973 520//959 522//956
f 522//955 520//960 528//974
f 520//959 529//975 526//969
f 526//970 529//976 520//960
f 521//961 526//969 530//977
f 530//978 526//970 521//962
f 523//963 521//961 531//979
f 531//980 521//962 523//964
f 524//965 523//963 532//981
f 532//982 523//964 524//966
f 524//965 532//981 527//971
f 527//972 532//982 524//966
f 525//967 527//971 533//983
f 533//984 527//972 525//968
f 520//959 528//973 529//975
f 529//976 528//974 520//960
f 534//985 526//969 529//975
f 529//976 526//970 534//986
f 534//985 530//977 526//969
f 526//970 530//978 534//986
f 530//977 531//979 521//961
f 521//962 531//980 530//978
f 531//979 532//981 523//963
f 523//964 532//982 531//980
f 535//987 527//971 532//981
f 532//982 527//972 535//988
f 535//987 533//983 527//971
f 527//972 533//984 535//988
f 536//989 529//975 528//973
f 528//974 529//976 536//990
