# SSTK version 0.8.0
# 6
mtllib original-6.mtl
o mesh4/mesh4-geometry/material_1#mesh4-geometry
v -0.247568 0.072240 0.679861
v -0.275442 0.072240 0.504120
v -0.300484 0.072240 0.602662
v -0.300484 0.072240 0.602662
v -0.275442 0.072240 0.504120
v -0.247568 0.072240 0.679861
v -0.300484 0.011371 0.602662
v -0.247568 0.072240 0.679861
v -0.300484 0.072240 0.602662
v -0.300484 0.072240 0.602662
v -0.247568 0.072240 0.679861
v -0.300484 0.011371 0.602662
v -0.175444 0.072240 0.739658
v -0.202532 0.072240 0.639059
v -0.247568 0.072240 0.679861
v -0.247568 0.072240 0.679861
v -0.202532 0.072240 0.639059
v -0.175444 0.072240 0.739658
v -0.247568 0.072240 0.679861
v -0.247568 0.011371 0.679861
v -0.175444 0.072240 0.739658
v -0.175444 0.072240 0.739658
v -0.247568 0.011371 0.679861
v -0.247568 0.072240 0.679861
v -0.089634 0.072240 0.777472
v -0.143357 0.072240 0.688120
v -0.175444 0.072240 0.739658
v -0.175444 0.072240 0.739658
v -0.143357 0.072240 0.688120
v -0.089634 0.072240 0.777472
v -0.175444 0.072240 0.739658
v -0.175444 0.011371 0.739658
v -0.089634 0.072240 0.777472
v -0.089634 0.072240 0.777472
v -0.175444 0.011371 0.739658
v -0.175444 0.072240 0.739658
v 0.003294 0.072240 0.729756
v -0.089634 0.072240 0.777472
v 0.003294 0.072240 0.790405
v 0.003294 0.072240 0.790405
v -0.089634 0.072240 0.777472
v 0.003294 0.072240 0.729756
v -0.089634 0.072240 0.777472
v -0.089634 0.011371 0.777472
v 0.003294 0.072240 0.790405
v 0.003294 0.072240 0.790405
v -0.089634 0.011371 0.777472
v -0.089634 0.072240 0.777472
v -0.300484 0.072240 0.602662
v -0.302698 0.072240 0.352124
v -0.333250 0.072240 0.523115
v -0.333250 0.072240 0.523115
v -0.302698 0.072240 0.352124
v -0.300484 0.072240 0.602662
v -0.333250 0.011371 0.523115
v -0.300484 0.072240 0.602662
v -0.333250 0.072240 0.523115
v -0.333250 0.072240 0.523115
v -0.300484 0.072240 0.602662
v -0.333250 0.011371 0.523115
v -0.245946 0.072240 0.575719
v -0.275442 0.072240 0.504120
v -0.247568 0.072240 0.679861
v -0.247568 0.072240 0.679861
v -0.275442 0.072240 0.504120
v -0.245946 0.072240 0.575719
v -0.275442 0.072240 0.504120
v -0.294487 0.072240 0.429087
v -0.300484 0.072240 0.602662
v -0.300484 0.072240 0.602662
v -0.294487 0.072240 0.429087
v -0.275442 0.072240 0.504120
v -0.300484 0.011371 0.602662
v -0.247568 0.011371 0.679861
v -0.247568 0.072240 0.679861
v -0.247568 0.072240 0.679861
v -0.247568 0.011371 0.679861
v -0.300484 0.011371 0.602662
v -0.333250 0.011371 0.523115
v -0.300484 0.011371 0.602662
v -0.300484 0.072240 0.602662
v -0.300484 0.072240 0.602662
v -0.300484 0.011371 0.602662
v -0.333250 0.011371 0.523115
v -0.143357 0.072240 0.688120
v -0.202532 0.072240 0.639059
v -0.175444 0.072240 0.739658
v -0.175444 0.072240 0.739658
v -0.202532 0.072240 0.639059
v -0.143357 0.072240 0.688120
v -0.202532 0.072240 0.639059
v -0.245946 0.072240 0.575719
v -0.247568 0.072240 0.679861
v -0.247568 0.072240 0.679861
v -0.245946 0.072240 0.575719
v -0.202532 0.072240 0.639059
v -0.175444 0.072240 0.739658
v -0.247568 0.011371 0.679861
v -0.175444 0.011371 0.739658
v -0.175444 0.011371 0.739658
v -0.247568 0.011371 0.679861
v -0.175444 0.072240 0.739658
v -0.072952 0.072240 0.719145
v -0.143357 0.072240 0.688120
v -0.089634 0.072240 0.777472
v -0.089634 0.072240 0.777472
v -0.143357 0.072240 0.688120
v -0.072952 0.072240 0.719145
v -0.089634 0.072240 0.777472
v -0.175444 0.011371 0.739658
v -0.089634 0.011371 0.777472
v -0.089634 0.011371 0.777472
v -0.175444 0.011371 0.739658
v -0.089634 0.072240 0.777472
v 0.096222 0.072240 0.777472
v 0.079538 0.072240 0.719145
v 0.003294 0.072240 0.790405
v 0.003294 0.072240 0.790405
v 0.079538 0.072240 0.719145
v 0.096222 0.072240 0.777472
v 0.003294 0.072240 0.790405
v 0.003294 0.011371 0.790405
v 0.096222 0.072240 0.777472
v 0.096222 0.072240 0.777472
v 0.003294 0.011371 0.790405
v 0.003294 0.072240 0.790405
v 0.003294 0.072240 0.729756
v -0.072952 0.072240 0.719145
v -0.089634 0.072240 0.777472
v -0.089634 0.072240 0.777472
v -0.072952 0.072240 0.719145
v 0.003294 0.072240 0.729756
v 0.079538 0.072240 0.719145
v 0.003294 0.072240 0.729756
v 0.003294 0.072240 0.790405
v 0.003294 0.072240 0.790405
v 0.003294 0.072240 0.729756
v 0.079538 0.072240 0.719145
v 0.003294 0.072240 0.790405
v -0.089634 0.011371 0.777472
v 0.003294 0.011371 0.790405
v 0.003294 0.011371 0.790405
v -0.089634 0.011371 0.777472
v 0.003294 0.072240 0.790405
v -0.294487 0.072240 0.429087
v -0.302698 0.072240 0.352124
v -0.300484 0.072240 0.602662
v -0.300484 0.072240 0.602662
v -0.302698 0.072240 0.352124
v -0.294487 0.072240 0.429087
v -0.302698 0.072240 0.352124
v -0.360440 0.072240 0.268318
v -0.333250 0.072240 0.523115
v -0.333250 0.072240 0.523115
v -0.360440 0.072240 0.268318
v -0.302698 0.072240 0.352124
v -0.354412 0.011371 0.439753
v -0.333250 0.011371 0.523115
v -0.333250 0.072240 0.523115
v -0.333250 0.072240 0.523115
v -0.333250 0.011371 0.523115
v -0.354412 0.011371 0.439753
v -0.333250 0.072240 0.523115
v -0.360440 0.072240 0.268318
v -0.354412 0.072240 0.439753
v -0.354412 0.072240 0.439753
v -0.360440 0.072240 0.268318
v -0.333250 0.072240 0.523115
v -0.354412 0.011371 0.439753
v -0.333250 0.072240 0.523115
v -0.354412 0.072240 0.439753
v -0.354412 0.072240 0.439753
v -0.333250 0.072240 0.523115
v -0.354412 0.011371 0.439753
v -0.275442 0.072240 0.504120
v -0.245946 0.072240 0.575719
v -0.245946 0.011371 0.575719
v -0.245946 0.011371 0.575719
v -0.245946 0.072240 0.575719
v -0.275442 0.072240 0.504120
v -0.294487 0.072240 0.429087
v -0.275442 0.072240 0.504120
v -0.275442 0.011371 0.504120
v -0.275442 0.011371 0.504120
v -0.275442 0.072240 0.504120
v -0.294487 0.072240 0.429087
v -0.247568 0.011371 0.679861
v -0.300484 0.011371 0.602662
v -0.275442 0.011371 0.504120
v -0.275442 0.011371 0.504120
v -0.300484 0.011371 0.602662
v -0.247568 0.011371 0.679861
v -0.118057 -0.252385 0.512537
v -0.247568 0.011371 0.679861
v -0.300484 0.011371 0.602662
v -0.300484 0.011371 0.602662
v -0.247568 0.011371 0.679861
v -0.118057 -0.252385 0.512537
v -0.300484 0.011371 0.602662
v -0.333250 0.011371 0.523115
v -0.302698 0.011371 0.352124
v -0.302698 0.011371 0.352124
v -0.333250 0.011371 0.523115
v -0.300484 0.011371 0.602662
v -0.139874 -0.252385 0.459574
v -0.300484 0.011371 0.602662
v -0.333250 0.011371 0.523115
v -0.333250 0.011371 0.523115
v -0.300484 0.011371 0.602662
v -0.139874 -0.252385 0.459574
v -0.143357 0.072240 0.688120
v -0.143357 0.011371 0.688120
v -0.202532 0.072240 0.639059
v -0.202532 0.072240 0.639059
v -0.143357 0.011371 0.688120
v -0.143357 0.072240 0.688120
v -0.245946 0.072240 0.575719
v -0.202532 0.072240 0.639059
v -0.202532 0.011371 0.639059
v -0.202532 0.011371 0.639059
v -0.202532 0.072240 0.639059
v -0.245946 0.072240 0.575719
v -0.175444 0.011371 0.739658
v -0.247568 0.011371 0.679861
v -0.202532 0.011371 0.639059
v -0.202532 0.011371 0.639059
v -0.247568 0.011371 0.679861
v -0.175444 0.011371 0.739658
v -0.247568 0.011371 0.679861
v -0.096919 -0.252385 0.543373
v -0.175444 0.011371 0.739658
v -0.175444 0.011371 0.739658
v -0.096919 -0.252385 0.543373
v -0.247568 0.011371 0.679861
v -0.072952 0.072240 0.719145
v -0.072952 0.011371 0.719145
v -0.143357 0.072240 0.688120
v -0.143357 0.072240 0.688120
v -0.072952 0.011371 0.719145
v -0.072952 0.072240 0.719145
v -0.089634 0.011371 0.777472
v -0.175444 0.011371 0.739658
v -0.143357 0.011371 0.688120
v -0.143357 0.011371 0.688120
v -0.175444 0.011371 0.739658
v -0.089634 0.011371 0.777472
v -0.175444 0.011371 0.739658
v -0.068106 -0.252385 0.567261
v -0.089634 0.011371 0.777472
v -0.089634 0.011371 0.777472
v -0.068106 -0.252385 0.567261
v -0.175444 0.011371 0.739658
v 0.182032 0.072240 0.739658
v 0.149945 0.072240 0.688120
v 0.096222 0.072240 0.777472
v 0.096222 0.072240 0.777472
v 0.149945 0.072240 0.688120
v 0.182032 0.072240 0.739658
v 0.096222 0.072240 0.777472
v 0.096222 0.011371 0.777472
v 0.182032 0.072240 0.739658
v 0.182032 0.072240 0.739658
v 0.096222 0.011371 0.777472
v 0.096222 0.072240 0.777472
v 0.149945 0.072240 0.688120
v 0.079538 0.072240 0.719145
v 0.096222 0.072240 0.777472
v 0.096222 0.072240 0.777472
v 0.079538 0.072240 0.719145
v 0.149945 0.072240 0.688120
v 0.096222 0.072240 0.777472
v 0.003294 0.011371 0.790405
v 0.096222 0.011371 0.777472
v 0.096222 0.011371 0.777472
v 0.003294 0.011371 0.790405
v 0.096222 0.072240 0.777472
v 0.003294 0.072240 0.729756
v 0.003294 0.011371 0.729756
v -0.072952 0.072240 0.719145
v -0.072952 0.072240 0.719145
v 0.003294 0.011371 0.729756
v 0.003294 0.072240 0.729756
v 0.079538 0.072240 0.719145
v 0.079538 0.011371 0.719145
v 0.003294 0.072240 0.729756
v 0.003294 0.072240 0.729756
v 0.079538 0.011371 0.719145
v 0.079538 0.072240 0.719145
v 0.003294 0.011371 0.790405
v -0.089634 0.011371 0.777472
v -0.072952 0.011371 0.719145
v -0.072952 0.011371 0.719145
v -0.089634 0.011371 0.777472
v 0.003294 0.011371 0.790405
v -0.089634 0.011371 0.777472
v -0.033828 -0.252385 0.582366
v 0.003294 0.011371 0.790405
v 0.003294 0.011371 0.790405
v -0.033828 -0.252385 0.582366
v -0.089634 0.011371 0.777472
v -0.302698 0.072240 0.352124
v -0.294487 0.072240 0.429087
v -0.294487 0.011371 0.429087
v -0.294487 0.011371 0.429087
v -0.294487 0.072240 0.429087
v -0.302698 0.072240 0.352124
v -0.299915 0.072240 0.274779
v -0.360440 0.072240 0.268318
v -0.302698 0.072240 0.352124
v -0.302698 0.072240 0.352124
v -0.360440 0.072240 0.268318
v -0.299915 0.072240 0.274779
v -0.333250 0.011371 0.523115
v -0.354412 0.011371 0.439753
v -0.360440 0.011371 0.268318
v -0.360440 0.011371 0.268318
v -0.354412 0.011371 0.439753
v -0.333250 0.011371 0.523115
v -0.153962 -0.252385 0.404073
v -0.333250 0.011371 0.523115
v -0.354412 0.011371 0.439753
v -0.354412 0.011371 0.439753
v -0.333250 0.011371 0.523115
v -0.153962 -0.252385 0.404073
v -0.354412 0.072240 0.439753
v -0.360440 0.072240 0.268318
v -0.363536 0.072240 0.354249
v -0.363536 0.072240 0.354249
v -0.360440 0.072240 0.268318
v -0.354412 0.072240 0.439753
v -0.363536 0.011371 0.354249
v -0.354412 0.011371 0.439753
v -0.354412 0.072240 0.439753
v -0.354412 0.072240 0.439753
v -0.354412 0.011371 0.439753
v -0.363536 0.011371 0.354249
v -0.363536 0.011371 0.354249
v -0.354412 0.072240 0.439753
v -0.363536 0.072240 0.354249
v -0.363536 0.072240 0.354249
v -0.354412 0.072240 0.439753
v -0.363536 0.011371 0.354249
v -0.245946 0.072240 0.575719
v -0.202532 0.011371 0.639059
v -0.245946 0.011371 0.575719
v -0.245946 0.011371 0.575719
v -0.202532 0.011371 0.639059
v -0.245946 0.072240 0.575719
v -0.275442 0.072240 0.504120
v -0.245946 0.011371 0.575719
v -0.275442 0.011371 0.504120
v -0.275442 0.011371 0.504120
v -0.245946 0.011371 0.575719
v -0.275442 0.072240 0.504120
v -0.294487 0.072240 0.429087
v -0.275442 0.011371 0.504120
v -0.294487 0.011371 0.429087
v -0.294487 0.011371 0.429087
v -0.275442 0.011371 0.504120
v -0.294487 0.072240 0.429087
v -0.275442 0.011371 0.504120
v -0.300484 0.011371 0.602662
v -0.294487 0.011371 0.429087
v -0.294487 0.011371 0.429087
v -0.300484 0.011371 0.602662
v -0.275442 0.011371 0.504120
v -0.245946 0.011371 0.575719
v -0.247568 0.011371 0.679861
v -0.275442 0.011371 0.504120
v -0.275442 0.011371 0.504120
v -0.247568 0.011371 0.679861
v -0.245946 0.011371 0.575719
v -0.118057 -0.252385 0.512537
v -0.096919 -0.252385 0.543373
v -0.247568 0.011371 0.679861
v -0.247568 0.011371 0.679861
v -0.096919 -0.252385 0.543373
v -0.118057 -0.252385 0.512537
v -0.139874 -0.252385 0.459574
v -0.118057 -0.252385 0.512537
v -0.300484 0.011371 0.602662
v -0.300484 0.011371 0.602662
v -0.118057 -0.252385 0.512537
v -0.139874 -0.252385 0.459574
v -0.302698 0.011371 0.352124
v -0.333250 0.011371 0.523115
v -0.360440 0.011371 0.268318
v -0.360440 0.011371 0.268318
v -0.333250 0.011371 0.523115
v -0.302698 0.011371 0.352124
v -0.294487 0.011371 0.429087
v -0.300484 0.011371 0.602662
v -0.302698 0.011371 0.352124
v -0.302698 0.011371 0.352124
v -0.300484 0.011371 0.602662
v -0.294487 0.011371 0.429087
v -0.153962 -0.252385 0.404073
v -0.139874 -0.252385 0.459574
v -0.333250 0.011371 0.523115
v -0.333250 0.011371 0.523115
v -0.139874 -0.252385 0.459574
v -0.153962 -0.252385 0.404073
v -0.143357 0.072240 0.688120
v -0.072952 0.011371 0.719145
v -0.143357 0.011371 0.688120
v -0.143357 0.011371 0.688120
v -0.072952 0.011371 0.719145
v -0.143357 0.072240 0.688120
v -0.202532 0.072240 0.639059
v -0.143357 0.011371 0.688120
v -0.202532 0.011371 0.639059
v -0.202532 0.011371 0.639059
v -0.143357 0.011371 0.688120
v -0.202532 0.072240 0.639059
v -0.202532 0.011371 0.639059
v -0.247568 0.011371 0.679861
v -0.245946 0.011371 0.575719
v -0.245946 0.011371 0.575719
v -0.247568 0.011371 0.679861
v -0.202532 0.011371 0.639059
v -0.143357 0.011371 0.688120
v -0.175444 0.011371 0.739658
v -0.202532 0.011371 0.639059
v -0.202532 0.011371 0.639059
v -0.175444 0.011371 0.739658
v -0.143357 0.011371 0.688120
v -0.175444 0.011371 0.739658
v -0.096919 -0.252385 0.543373
v -0.068106 -0.252385 0.567261
v -0.068106 -0.252385 0.567261
v -0.096919 -0.252385 0.543373
v -0.175444 0.011371 0.739658
v -0.072952 0.072240 0.719145
v 0.003294 0.011371 0.729756
v -0.072952 0.011371 0.719145
v -0.072952 0.011371 0.719145
v 0.003294 0.011371 0.729756
v -0.072952 0.072240 0.719145
v -0.072952 0.011371 0.719145
v -0.089634 0.011371 0.777472
v -0.143357 0.011371 0.688120
v -0.143357 0.011371 0.688120
v -0.089634 0.011371 0.777472
v -0.072952 0.011371 0.719145
v -0.089634 0.011371 0.777472
v -0.068106 -0.252385 0.567261
v -0.033828 -0.252385 0.582366
v -0.033828 -0.252385 0.582366
v -0.068106 -0.252385 0.567261
v -0.089634 0.011371 0.777472
v 0.254156 0.072240 0.679861
v 0.252535 0.072240 0.575719
v 0.182032 0.072240 0.739658
v 0.182032 0.072240 0.739658
v 0.252535 0.072240 0.575719
v 0.254156 0.072240 0.679861
v 0.182032 0.072240 0.739658
v 0.182032 0.011371 0.739658
v 0.254156 0.072240 0.679861
v 0.254156 0.072240 0.679861
v 0.182032 0.011371 0.739658
v 0.182032 0.072240 0.739658
v 0.209121 0.072240 0.639059
v 0.149945 0.072240 0.688120
v 0.182032 0.072240 0.739658
v 0.182032 0.072240 0.739658
v 0.149945 0.072240 0.688120
v 0.209121 0.072240 0.639059
v 0.182032 0.072240 0.739658
v 0.096222 0.011371 0.777472
v 0.182032 0.011371 0.739658
v 0.182032 0.011371 0.739658
v 0.096222 0.011371 0.777472
v 0.182032 0.072240 0.739658
v 0.149945 0.072240 0.688120
v 0.149945 0.011371 0.688120
v 0.079538 0.072240 0.719145
v 0.079538 0.072240 0.719145
v 0.149945 0.011371 0.688120
v 0.149945 0.072240 0.688120
v 0.096222 0.011371 0.777472
v 0.003294 0.011371 0.790405
v 0.079538 0.011371 0.719145
v 0.079538 0.011371 0.719145
v 0.003294 0.011371 0.790405
v 0.096222 0.011371 0.777472
v 0.003294 0.011371 0.790405
v 0.003294 -0.252385 0.587533
v 0.096222 0.011371 0.777472
v 0.096222 0.011371 0.777472
v 0.003294 -0.252385 0.587533
v 0.003294 0.011371 0.790405
v 0.003294 0.072240 0.729756
v 0.079538 0.011371 0.719145
v 0.003294 0.011371 0.729756
v 0.003294 0.011371 0.729756
v 0.079538 0.011371 0.719145
v 0.003294 0.072240 0.729756
v 0.079538 0.072240 0.719145
v 0.149945 0.011371 0.688120
v 0.079538 0.011371 0.719145
v 0.079538 0.011371 0.719145
v 0.149945 0.011371 0.688120
v 0.079538 0.072240 0.719145
v 0.003294 0.011371 0.790405
v -0.072952 0.011371 0.719145
v 0.003294 0.011371 0.729756
v 0.003294 0.011371 0.729756
v -0.072952 0.011371 0.719145
v 0.003294 0.011371 0.790405
v 0.003294 0.011371 0.790405
v -0.033828 -0.252385 0.582366
v 0.003294 -0.252385 0.587533
v 0.003294 -0.252385 0.587533
v -0.033828 -0.252385 0.582366
v 0.003294 0.011371 0.790405
v -0.302698 0.072240 0.352124
v -0.294487 0.011371 0.429087
v -0.302698 0.011371 0.352124
v -0.302698 0.011371 0.352124
v -0.294487 0.011371 0.429087
v -0.302698 0.072240 0.352124
v -0.292510 0.072240 -0.363307
v -0.360440 0.072240 0.268318
v -0.299915 0.072240 0.274779
v -0.299915 0.072240 0.274779
v -0.360440 0.072240 0.268318
v -0.292510 0.072240 -0.363307
v -0.299915 0.072240 0.274779
v -0.302698 0.072240 0.352124
v -0.302698 0.011371 0.352124
v -0.302698 0.011371 0.352124
v -0.302698 0.072240 0.352124
v -0.299915 0.072240 0.274779
v -0.354412 0.011371 0.439753
v -0.363536 0.011371 0.354249
v -0.360440 0.011371 0.268318
v -0.360440 0.011371 0.268318
v -0.363536 0.011371 0.354249
v -0.354412 0.011371 0.439753
v -0.160034 -0.252385 0.347146
v -0.153962 -0.252385 0.404073
v -0.354412 0.011371 0.439753
v -0.354412 0.011371 0.439753
v -0.153962 -0.252385 0.404073
v -0.160034 -0.252385 0.347146
v -0.360440 0.011371 0.268318
v -0.363536 0.072240 0.354249
v -0.360440 0.072240 0.268318
v -0.360440 0.072240 0.268318
v -0.363536 0.072240 0.354249
v -0.360440 0.011371 0.268318
v -0.160034 -0.252385 0.347146
v -0.354412 0.011371 0.439753
v -0.363536 0.011371 0.354249
v -0.363536 0.011371 0.354249
v -0.354412 0.011371 0.439753
v -0.160034 -0.252385 0.347146
v -0.360440 0.011371 0.268318
v -0.363536 0.011371 0.354249
v -0.363536 0.072240 0.354249
v -0.363536 0.072240 0.354249
v -0.363536 0.011371 0.354249
v -0.360440 0.011371 0.268318
v 0.040414 -0.252385 0.582366
v -0.096919 -0.252385 0.543373
v -0.118057 -0.252385 0.512537
v -0.118057 -0.252385 0.512537
v -0.096919 -0.252385 0.543373
v 0.040414 -0.252385 0.582366
v -0.118057 -0.252385 0.512537
v -0.096919 -0.252385 0.543373
v -0.173048 -0.658166 0.612350
v -0.173048 -0.658166 0.612350
v -0.096919 -0.252385 0.543373
v -0.118057 -0.252385 0.512537
v 0.040414 -0.252385 0.582366
v -0.118057 -0.252385 0.512537
v -0.139874 -0.252385 0.459574
v -0.139874 -0.252385 0.459574
v -0.118057 -0.252385 0.512537
v 0.040414 -0.252385 0.582366
v -0.139874 -0.252385 0.459574
v -0.118057 -0.252385 0.512537
v -0.210244 -0.658166 0.558080
v -0.210244 -0.658166 0.558080
v -0.118057 -0.252385 0.512537
v -0.139874 -0.252385 0.459574
v -0.299915 0.011371 0.274779
v -0.302698 0.011371 0.352124
v -0.360440 0.011371 0.268318
v -0.360440 0.011371 0.268318
v -0.302698 0.011371 0.352124
v -0.299915 0.011371 0.274779
v 0.040414 -0.252385 0.582366
v -0.139874 -0.252385 0.459574
v -0.153962 -0.252385 0.404073
v -0.153962 -0.252385 0.404073
v -0.139874 -0.252385 0.459574
v 0.040414 -0.252385 0.582366
v -0.153962 -0.252385 0.404073
v -0.139874 -0.252385 0.459574
v -0.237596 -0.658166 0.491686
v -0.237596 -0.658166 0.491686
v -0.139874 -0.252385 0.459574
v -0.153962 -0.252385 0.404073
v 0.040414 -0.252385 0.582366
v -0.068106 -0.252385 0.567261
v -0.096919 -0.252385 0.543373
v -0.096919 -0.252385 0.543373
v -0.068106 -0.252385 0.567261
v 0.040414 -0.252385 0.582366
v -0.068106 -0.252385 0.567261
v -0.122349 -0.658166 0.654382
v -0.096919 -0.252385 0.543373
v -0.096919 -0.252385 0.543373
v -0.122349 -0.658166 0.654382
v -0.068106 -0.252385 0.567261
v 0.040414 -0.252385 0.582366
v -0.033828 -0.252385 0.582366
v -0.068106 -0.252385 0.567261
v -0.068106 -0.252385 0.567261
v -0.033828 -0.252385 0.582366
v 0.040414 -0.252385 0.582366
v -0.033828 -0.252385 0.582366
v -0.062027 -0.658166 0.680960
v -0.068106 -0.252385 0.567261
v -0.068106 -0.252385 0.567261
v -0.062027 -0.658166 0.680960
v -0.033828 -0.252385 0.582366
v 0.307073 0.072240 0.602662
v 0.301075 0.072240 0.429087
v 0.254156 0.072240 0.679861
v 0.254156 0.072240 0.679861
v 0.301075 0.072240 0.429087
v 0.307073 0.072240 0.602662
v 0.307073 0.072240 0.602662
v 0.254156 0.072240 0.679861
v 0.254156 0.011371 0.679861
v 0.254156 0.011371 0.679861
v 0.254156 0.072240 0.679861
v 0.307073 0.072240 0.602662
v 0.282030 0.072240 0.504120
v 0.252535 0.072240 0.575719
v 0.254156 0.072240 0.679861
v 0.254156 0.072240 0.679861
v 0.252535 0.072240 0.575719
v 0.282030 0.072240 0.504120
v 0.252535 0.072240 0.575719
v 0.209121 0.072240 0.639059
v 0.182032 0.072240 0.739658
v 0.182032 0.072240 0.739658
v 0.209121 0.072240 0.639059
v 0.252535 0.072240 0.575719
v 0.254156 0.072240 0.679861
v 0.182032 0.011371 0.739658
v 0.254156 0.011371 0.679861
v 0.254156 0.011371 0.679861
v 0.182032 0.011371 0.739658
v 0.254156 0.072240 0.679861
v 0.209121 0.072240 0.639059
v 0.209121 0.011371 0.639059
v 0.149945 0.072240 0.688120
v 0.149945 0.072240 0.688120
v 0.209121 0.011371 0.639059
v 0.209121 0.072240 0.639059
v 0.182032 0.011371 0.739658
v 0.096222 0.011371 0.777472
v 0.149945 0.011371 0.688120
v 0.149945 0.011371 0.688120
v 0.096222 0.011371 0.777472
v 0.182032 0.011371 0.739658
v 0.096222 0.011371 0.777472
v 0.040414 -0.252385 0.582366
v 0.182032 0.011371 0.739658
v 0.182032 0.011371 0.739658
v 0.040414 -0.252385 0.582366
v 0.096222 0.011371 0.777472
v 0.149945 0.072240 0.688120
v 0.209121 0.011371 0.639059
v 0.149945 0.011371 0.688120
v 0.149945 0.011371 0.688120
v 0.209121 0.011371 0.639059
v 0.149945 0.072240 0.688120
v 0.079538 0.011371 0.719145
v 0.003294 0.011371 0.790405
v 0.003294 0.011371 0.729756
v 0.003294 0.011371 0.729756
v 0.003294 0.011371 0.790405
v 0.079538 0.011371 0.719145
v 0.149945 0.011371 0.688120
v 0.096222 0.011371 0.777472
v 0.079538 0.011371 0.719145
v 0.079538 0.011371 0.719145
v 0.096222 0.011371 0.777472
v 0.149945 0.011371 0.688120
v 0.096222 0.011371 0.777472
v 0.003294 -0.252385 0.587533
v 0.040414 -0.252385 0.582366
v 0.040414 -0.252385 0.582366
v 0.003294 -0.252385 0.587533
v 0.096222 0.011371 0.777472
v 0.040414 -0.252385 0.582366
v 0.003294 -0.252385 0.587533
v -0.033828 -0.252385 0.582366
v -0.033828 -0.252385 0.582366
v 0.003294 -0.252385 0.587533
v 0.040414 -0.252385 0.582366
v 0.003294 -0.252385 0.587533
v 0.003294 -0.658166 0.690054
v -0.033828 -0.252385 0.582366
v -0.033828 -0.252385 0.582366
v 0.003294 -0.658166 0.690054
v 0.003294 -0.252385 0.587533
v -0.292510 0.011371 -0.363307
v -0.360440 0.072240 0.268318
v -0.292510 0.072240 -0.363307
v -0.292510 0.072240 -0.363307
v -0.360440 0.072240 0.268318
v -0.292510 0.011371 -0.363307
v -0.268204 0.072240 0.168808
v -0.292510 0.072240 -0.363307
v -0.299915 0.072240 0.274779
v -0.299915 0.072240 0.274779
v -0.292510 0.072240 -0.363307
v -0.268204 0.072240 0.168808
v -0.299915 0.072240 0.274779
v -0.302698 0.011371 0.352124
v -0.299915 0.011371 0.274779
v -0.299915 0.011371 0.274779
v -0.302698 0.011371 0.352124
v -0.299915 0.072240 0.274779
v -0.360440 0.011371 0.268318
v -0.157976 -0.252385 0.289933
v -0.363536 0.011371 0.354249
v -0.363536 0.011371 0.354249
v -0.157976 -0.252385 0.289933
v -0.360440 0.011371 0.268318
v 0.040414 -0.252385 0.582366
v -0.153962 -0.252385 0.404073
v -0.160034 -0.252385 0.347146
v -0.160034 -0.252385 0.347146
v -0.153962 -0.252385 0.404073
v 0.040414 -0.252385 0.582366
v -0.160034 -0.252385 0.347146
v -0.153962 -0.252385 0.404073
v -0.255258 -0.658166 0.422104
v -0.255258 -0.658166 0.422104
v -0.153962 -0.252385 0.404073
v -0.160034 -0.252385 0.347146
v -0.292510 0.011371 -0.363307
v -0.360440 0.011371 0.268318
v -0.360440 0.072240 0.268318
v -0.360440 0.072240 0.268318
v -0.360440 0.011371 0.268318
v -0.292510 0.011371 -0.363307
v -0.157976 -0.252385 0.289933
v -0.160034 -0.252385 0.347146
v -0.363536 0.011371 0.354249
v -0.363536 0.011371 0.354249
v -0.160034 -0.252385 0.347146
v -0.157976 -0.252385 0.289933
v -0.096919 -0.252385 0.543373
v -0.122349 -0.658166 0.654382
v -0.173048 -0.658166 0.612350
v -0.173048 -0.658166 0.612350
v -0.122349 -0.658166 0.654382
v -0.096919 -0.252385 0.543373
v -0.118057 -0.252385 0.512537
v -0.173048 -0.658166 0.612350
v -0.210244 -0.658166 0.558080
v -0.210244 -0.658166 0.558080
v -0.173048 -0.658166 0.612350
v -0.118057 -0.252385 0.512537
v -0.139874 -0.252385 0.459574
v -0.210244 -0.658166 0.558080
v -0.237596 -0.658166 0.491686
v -0.237596 -0.658166 0.491686
v -0.210244 -0.658166 0.558080
v -0.139874 -0.252385 0.459574
v -0.292510 0.011371 -0.363307
v -0.299915 0.011371 0.274779
v -0.360440 0.011371 0.268318
v -0.360440 0.011371 0.268318
v -0.299915 0.011371 0.274779
v -0.292510 0.011371 -0.363307
v -0.153962 -0.252385 0.404073
v -0.237596 -0.658166 0.491686
v -0.255258 -0.658166 0.422104
v -0.255258 -0.658166 0.422104
v -0.237596 -0.658166 0.491686
v -0.153962 -0.252385 0.404073
v -0.068106 -0.252385 0.567261
v -0.062027 -0.658166 0.680960
v -0.122349 -0.658166 0.654382
v -0.122349 -0.658166 0.654382
v -0.062027 -0.658166 0.680960
v -0.068106 -0.252385 0.567261
v -0.033828 -0.252385 0.582366
v 0.003294 -0.658166 0.690054
v -0.062027 -0.658166 0.680960
v -0.062027 -0.658166 0.680960
v 0.003294 -0.658166 0.690054
v -0.033828 -0.252385 0.582366
v 0.339841 0.072240 0.523115
v 0.309289 0.072240 0.352124
v 0.307073 0.072240 0.602662
v 0.307073 0.072240 0.602662
v 0.309289 0.072240 0.352124
v 0.339841 0.072240 0.523115
v 0.339841 0.072240 0.523115
v 0.307073 0.072240 0.602662
v 0.307073 0.011371 0.602662
v 0.307073 0.011371 0.602662
v 0.307073 0.072240 0.602662
v 0.339841 0.072240 0.523115
v 0.309289 0.072240 0.352124
v 0.301075 0.072240 0.429087
v 0.307073 0.072240 0.602662
v 0.307073 0.072240 0.602662
v 0.301075 0.072240 0.429087
v 0.309289 0.072240 0.352124
v 0.301075 0.072240 0.429087
v 0.282030 0.072240 0.504120
v 0.254156 0.072240 0.679861
v 0.254156 0.072240 0.679861
v 0.282030 0.072240 0.504120
v 0.301075 0.072240 0.429087
v 0.307073 0.072240 0.602662
v 0.254156 0.011371 0.679861
v 0.307073 0.011371 0.602662
v 0.307073 0.011371 0.602662
v 0.254156 0.011371 0.679861
v 0.307073 0.072240 0.602662
v 0.252535 0.011371 0.575719
v 0.209121 0.072240 0.639059
v 0.252535 0.072240 0.575719
v 0.254156 0.011371 0.679861
v 0.182032 0.011371 0.739658
v 0.252535 0.011371 0.575719
v 0.252535 0.011371 0.575719
v 0.182032 0.011371 0.739658
v 0.254156 0.011371 0.679861
v 0.182032 0.011371 0.739658
v 0.074694 -0.252385 0.567261
v 0.254156 0.011371 0.679861
v 0.254156 0.011371 0.679861
v 0.074694 -0.252385 0.567261
v 0.182032 0.011371 0.739658
v 0.252535 0.011371 0.575719
v 0.209121 0.011371 0.639059
v 0.209121 0.072240 0.639059
v 0.209121 0.072240 0.639059
v 0.209121 0.011371 0.639059
v 0.252535 0.011371 0.575719
v 0.209121 0.011371 0.639059
v 0.182032 0.011371 0.739658
v 0.149945 0.011371 0.688120
v 0.149945 0.011371 0.688120
v 0.182032 0.011371 0.739658
v 0.209121 0.011371 0.639059
v 0.182032 0.011371 0.739658
v 0.040414 -0.252385 0.582366
v 0.074694 -0.252385 0.567261
v 0.074694 -0.252385 0.567261
v 0.040414 -0.252385 0.582366
v 0.182032 0.011371 0.739658
v 0.040414 -0.252385 0.582366
v 0.068616 -0.658166 0.680960
v 0.003294 -0.252385 0.587533
v 0.003294 -0.252385 0.587533
v 0.068616 -0.658166 0.680960
v 0.040414 -0.252385 0.582366
v 0.003294 -0.252385 0.587533
v 0.068616 -0.658166 0.680960
v 0.003294 -0.658166 0.690054
v 0.003294 -0.658166 0.690054
v 0.068616 -0.658166 0.680960
v 0.003294 -0.252385 0.587533
v -0.292510 0.072240 -0.363307
v 0.299105 0.011371 -0.363307
v -0.292510 0.011371 -0.363307
v -0.292510 0.011371 -0.363307
v 0.299105 0.011371 -0.363307
v -0.292510 0.072240 -0.363307
v -0.200525 0.072240 0.081163
v -0.292510 0.072240 -0.363307
v -0.268204 0.072240 0.168808
v -0.268204 0.072240 0.168808
v -0.292510 0.072240 -0.363307
v -0.200525 0.072240 0.081163
v -0.268204 0.072240 0.168808
v -0.299915 0.072240 0.274779
v -0.299915 0.011371 0.274779
v -0.299915 0.011371 0.274779
v -0.299915 0.072240 0.274779
v -0.268204 0.072240 0.168808
v -0.145630 -0.252385 0.194728
v -0.157976 -0.252385 0.289933
v -0.360440 0.011371 0.268318
v -0.360440 0.011371 0.268318
v -0.157976 -0.252385 0.289933
v -0.145630 -0.252385 0.194728
v 0.040414 -0.252385 0.582366
v -0.160034 -0.252385 0.347146
v -0.157976 -0.252385 0.289933
v -0.157976 -0.252385 0.289933
v -0.160034 -0.252385 0.347146
v 0.040414 -0.252385 0.582366
v -0.160034 -0.252385 0.347146
v -0.255258 -0.658166 0.422104
v -0.262874 -0.658166 0.350734
v -0.262874 -0.658166 0.350734
v -0.255258 -0.658166 0.422104
v -0.160034 -0.252385 0.347146
v -0.157976 -0.252385 0.289933
v -0.160034 -0.252385 0.347146
v -0.262874 -0.658166 0.350734
v -0.262874 -0.658166 0.350734
v -0.160034 -0.252385 0.347146
v -0.157976 -0.252385 0.289933
v -0.173048 -0.658166 0.612350
v -0.173048 -0.719035 0.612350
v -0.122349 -0.658166 0.654382
v -0.122349 -0.658166 0.654382
v -0.173048 -0.719035 0.612350
v -0.173048 -0.658166 0.612350
v -0.210244 -0.719035 0.558080
v -0.173048 -0.658166 0.612350
v -0.210244 -0.658166 0.558080
v -0.210244 -0.658166 0.558080
v -0.173048 -0.658166 0.612350
v -0.210244 -0.719035 0.558080
v -0.237596 -0.719035 0.491686
v -0.210244 -0.658166 0.558080
v -0.237596 -0.658166 0.491686
v -0.237596 -0.658166 0.491686
v -0.210244 -0.658166 0.558080
v -0.237596 -0.719035 0.491686
v -0.268204 0.011371 0.168808
v -0.299915 0.011371 0.274779
v -0.292510 0.011371 -0.363307
v -0.292510 0.011371 -0.363307
v -0.299915 0.011371 0.274779
v -0.268204 0.011371 0.168808
v -0.255258 -0.719035 0.422104
v -0.237596 -0.658166 0.491686
v -0.255258 -0.658166 0.422104
v -0.255258 -0.658166 0.422104
v -0.237596 -0.658166 0.491686
v -0.255258 -0.719035 0.422104
v -0.122349 -0.658166 0.654382
v -0.122349 -0.719035 0.654382
v -0.062027 -0.658166 0.680960
v -0.062027 -0.658166 0.680960
v -0.122349 -0.719035 0.654382
v -0.122349 -0.658166 0.654382
v -0.062027 -0.658166 0.680960
v -0.062027 -0.719035 0.680960
v 0.003294 -0.658166 0.690054
v 0.003294 -0.658166 0.690054
v -0.062027 -0.719035 0.680960
v -0.062027 -0.658166 0.680960
v 0.361000 0.072240 0.439753
v 0.299105 0.072240 -0.363307
v 0.339841 0.072240 0.523115
v 0.339841 0.072240 0.523115
v 0.299105 0.072240 -0.363307
v 0.361000 0.072240 0.439753
v 0.361000 0.072240 0.439753
v 0.339841 0.072240 0.523115
v 0.339841 0.011371 0.523115
v 0.339841 0.011371 0.523115
v 0.339841 0.072240 0.523115
v 0.361000 0.072240 0.439753
v 0.339841 0.072240 0.523115
v 0.299105 0.072240 -0.363307
v 0.309289 0.072240 0.352124
v 0.309289 0.072240 0.352124
v 0.299105 0.072240 -0.363307
v 0.339841 0.072240 0.523115
v 0.339841 0.072240 0.523115
v 0.307073 0.011371 0.602662
v 0.339841 0.011371 0.523115
v 0.339841 0.011371 0.523115
v 0.307073 0.011371 0.602662
v 0.339841 0.072240 0.523115
v 0.309289 0.011371 0.352124
v 0.301075 0.072240 0.429087
v 0.309289 0.072240 0.352124
v 0.309289 0.072240 0.352124
v 0.301075 0.072240 0.429087
v 0.309289 0.011371 0.352124
v 0.301075 0.011371 0.429087
v 0.282030 0.072240 0.504120
v 0.301075 0.072240 0.429087
v 0.301075 0.072240 0.429087
v 0.282030 0.072240 0.504120
v 0.301075 0.011371 0.429087
v 0.307073 0.011371 0.602662
v 0.254156 0.011371 0.679861
v 0.301075 0.011371 0.429087
v 0.301075 0.011371 0.429087
v 0.254156 0.011371 0.679861
v 0.307073 0.011371 0.602662
v 0.103505 -0.252385 0.543373
v 0.307073 0.011371 0.602662
v 0.254156 0.011371 0.679861
v 0.254156 0.011371 0.679861
v 0.307073 0.011371 0.602662
v 0.103505 -0.252385 0.543373
v 0.252535 0.072240 0.575719
v 0.209121 0.072240 0.639059
v 0.252535 0.011371 0.575719
v 0.282030 0.011371 0.504120
v 0.252535 0.011371 0.575719
v 0.252535 0.072240 0.575719
v 0.252535 0.072240 0.575719
v 0.252535 0.011371 0.575719
v 0.282030 0.011371 0.504120
v 0.252535 0.011371 0.575719
v 0.182032 0.011371 0.739658
v 0.209121 0.011371 0.639059
v 0.209121 0.011371 0.639059
v 0.182032 0.011371 0.739658
v 0.252535 0.011371 0.575719
v 0.282030 0.011371 0.504120
v 0.254156 0.011371 0.679861
v 0.252535 0.011371 0.575719
v 0.252535 0.011371 0.575719
v 0.254156 0.011371 0.679861
v 0.282030 0.011371 0.504120
v 0.254156 0.011371 0.679861
v 0.074694 -0.252385 0.567261
v 0.103505 -0.252385 0.543373
v 0.103505 -0.252385 0.543373
v 0.074694 -0.252385 0.567261
v 0.254156 0.011371 0.679861
v 0.103505 -0.252385 0.543373
v 0.074694 -0.252385 0.567261
v 0.040414 -0.252385 0.582366
v 0.040414 -0.252385 0.582366
v 0.074694 -0.252385 0.567261
v 0.103505 -0.252385 0.543373
v 0.074694 -0.252385 0.567261
v 0.128937 -0.658166 0.654382
v 0.040414 -0.252385 0.582366
v 0.040414 -0.252385 0.582366
v 0.128937 -0.658166 0.654382
v 0.074694 -0.252385 0.567261
v 0.040414 -0.252385 0.582366
v 0.128937 -0.658166 0.654382
v 0.068616 -0.658166 0.680960
v 0.068616 -0.658166 0.680960
v 0.128937 -0.658166 0.654382
v 0.040414 -0.252385 0.582366
v 0.003294 -0.658166 0.690054
v 0.003294 -0.719035 0.690054
v 0.068616 -0.658166 0.680960
v 0.068616 -0.658166 0.680960
v 0.003294 -0.719035 0.690054
v 0.003294 -0.658166 0.690054
v 0.299105 0.072240 -0.363307
v 0.299105 0.011371 -0.363307
v -0.292510 0.072240 -0.363307
v -0.292510 0.072240 -0.363307
v 0.299105 0.011371 -0.363307
v 0.299105 0.072240 -0.363307
v 0.299105 0.011371 -0.363307
v 0.207113 0.011371 0.081163
v -0.292510 0.011371 -0.363307
v -0.292510 0.011371 -0.363307
v 0.207113 0.011371 0.081163
v 0.299105 0.011371 -0.363307
v -0.105846 0.072240 0.023456
v -0.292510 0.072240 -0.363307
v -0.200525 0.072240 0.081163
v -0.200525 0.072240 0.081163
v -0.292510 0.072240 -0.363307
v -0.105846 0.072240 0.023456
v -0.200525 0.072240 0.081163
v -0.268204 0.072240 0.168808
v -0.268204 0.011371 0.168808
v -0.268204 0.011371 0.168808
v -0.268204 0.072240 0.168808
v -0.200525 0.072240 0.081163
v -0.268204 0.072240 0.168808
v -0.299915 0.011371 0.274779
v -0.268204 0.011371 0.168808
v -0.268204 0.011371 0.168808
v -0.299915 0.011371 0.274779
v -0.268204 0.072240 0.168808
v 0.040414 -0.252385 0.582366
v -0.157976 -0.252385 0.289933
v -0.145630 -0.252385 0.194728
v -0.145630 -0.252385 0.194728
v -0.157976 -0.252385 0.289933
v 0.040414 -0.252385 0.582366
v -0.145630 -0.252385 0.194728
v -0.157976 -0.252385 0.289933
v -0.260290 -0.658166 0.279009
v -0.260290 -0.658166 0.279009
v -0.157976 -0.252385 0.289933
v -0.145630 -0.252385 0.194728
v -0.342531 0.011371 0.166774
v -0.145630 -0.252385 0.194728
v -0.360440 0.011371 0.268318
v -0.360440 0.011371 0.268318
v -0.145630 -0.252385 0.194728
v -0.342531 0.011371 0.166774
v -0.262874 -0.719035 0.350734
v -0.255258 -0.658166 0.422104
v -0.262874 -0.658166 0.350734
v -0.262874 -0.658166 0.350734
v -0.255258 -0.658166 0.422104
v -0.262874 -0.719035 0.350734
v -0.260290 -0.658166 0.279009
v -0.157976 -0.252385 0.289933
v -0.262874 -0.658166 0.350734
v -0.262874 -0.658166 0.350734
v -0.157976 -0.252385 0.289933
v -0.260290 -0.658166 0.279009
v -0.210244 -0.719035 0.558080
v -0.173048 -0.719035 0.612350
v -0.173048 -0.658166 0.612350
v -0.173048 -0.658166 0.612350
v -0.173048 -0.719035 0.612350
v -0.210244 -0.719035 0.558080
v -0.122349 -0.658166 0.654382
v -0.173048 -0.719035 0.612350
v -0.122349 -0.719035 0.654382
v -0.122349 -0.719035 0.654382
v -0.173048 -0.719035 0.612350
v -0.122349 -0.658166 0.654382
v -0.237596 -0.719035 0.491686
v -0.210244 -0.719035 0.558080
v -0.210244 -0.658166 0.558080
v -0.210244 -0.658166 0.558080
v -0.210244 -0.719035 0.558080
v -0.237596 -0.719035 0.491686
v -0.255258 -0.719035 0.422104
v -0.237596 -0.719035 0.491686
v -0.237596 -0.658166 0.491686
v -0.237596 -0.658166 0.491686
v -0.237596 -0.719035 0.491686
v -0.255258 -0.719035 0.422104
v -0.200525 0.011371 0.081163
v -0.268204 0.011371 0.168808
v -0.292510 0.011371 -0.363307
v -0.292510 0.011371 -0.363307
v -0.268204 0.011371 0.168808
v -0.200525 0.011371 0.081163
v -0.262874 -0.719035 0.350734
v -0.255258 -0.719035 0.422104
v -0.255258 -0.658166 0.422104
v -0.255258 -0.658166 0.422104
v -0.255258 -0.719035 0.422104
v -0.262874 -0.719035 0.350734
v -0.062027 -0.658166 0.680960
v -0.122349 -0.719035 0.654382
v -0.062027 -0.719035 0.680960
v -0.062027 -0.719035 0.680960
v -0.122349 -0.719035 0.654382
v -0.062027 -0.658166 0.680960
v 0.003294 -0.658166 0.690054
v -0.062027 -0.719035 0.680960
v 0.003294 -0.719035 0.690054
v 0.003294 -0.719035 0.690054
v -0.062027 -0.719035 0.680960
v 0.003294 -0.658166 0.690054
v 0.370125 0.072240 0.354249
v 0.367030 0.072240 0.268318
v 0.361000 0.072240 0.439753
v 0.361000 0.072240 0.439753
v 0.367030 0.072240 0.268318
v 0.370125 0.072240 0.354249
v 0.370125 0.072240 0.354249
v 0.361000 0.072240 0.439753
v 0.361000 0.011371 0.439753
v 0.361000 0.011371 0.439753
v 0.361000 0.072240 0.439753
v 0.370125 0.072240 0.354249
v 0.367030 0.072240 0.268318
v 0.299105 0.072240 -0.363307
v 0.361000 0.072240 0.439753
v 0.361000 0.072240 0.439753
v 0.299105 0.072240 -0.363307
v 0.367030 0.072240 0.268318
v 0.361000 0.072240 0.439753
v 0.339841 0.011371 0.523115
v 0.361000 0.011371 0.439753
v 0.361000 0.011371 0.439753
v 0.339841 0.011371 0.523115
v 0.361000 0.072240 0.439753
v 0.309289 0.072240 0.352124
v 0.299105 0.072240 -0.363307
v 0.306503 0.072240 0.274779
v 0.306503 0.072240 0.274779
v 0.299105 0.072240 -0.363307
v 0.309289 0.072240 0.352124
v 0.339841 0.011371 0.523115
v 0.307073 0.011371 0.602662
v 0.309289 0.011371 0.352124
v 0.309289 0.011371 0.352124
v 0.307073 0.011371 0.602662
v 0.339841 0.011371 0.523115
v 0.124644 -0.252385 0.512537
v 0.339841 0.011371 0.523115
v 0.307073 0.011371 0.602662
v 0.307073 0.011371 0.602662
v 0.339841 0.011371 0.523115
v 0.124644 -0.252385 0.512537
v 0.309289 0.011371 0.352124
v 0.301075 0.011371 0.429087
v 0.301075 0.072240 0.429087
v 0.301075 0.072240 0.429087
v 0.301075 0.011371 0.429087
v 0.309289 0.011371 0.352124
v 0.306503 0.011371 0.274779
v 0.309289 0.011371 0.352124
v 0.309289 0.072240 0.352124
v 0.309289 0.072240 0.352124
v 0.309289 0.011371 0.352124
v 0.306503 0.011371 0.274779
v 0.301075 0.011371 0.429087
v 0.282030 0.011371 0.504120
v 0.282030 0.072240 0.504120
v 0.282030 0.072240 0.504120
v 0.282030 0.011371 0.504120
v 0.301075 0.011371 0.429087
v 0.301075 0.011371 0.429087
v 0.254156 0.011371 0.679861
v 0.282030 0.011371 0.504120
v 0.282030 0.011371 0.504120
v 0.254156 0.011371 0.679861
v 0.301075 0.011371 0.429087
v 0.309289 0.011371 0.352124
v 0.307073 0.011371 0.602662
v 0.301075 0.011371 0.429087
v 0.301075 0.011371 0.429087
v 0.307073 0.011371 0.602662
v 0.309289 0.011371 0.352124
v 0.124644 -0.252385 0.512537
v 0.307073 0.011371 0.602662
v 0.103505 -0.252385 0.543373
v 0.103505 -0.252385 0.543373
v 0.307073 0.011371 0.602662
v 0.124644 -0.252385 0.512537
v 0.282030 0.011371 0.504120
v 0.252535 0.072240 0.575719
v 0.282030 0.072240 0.504120
v 0.282030 0.072240 0.504120
v 0.252535 0.072240 0.575719
v 0.282030 0.011371 0.504120
v 0.103505 -0.252385 0.543373
v 0.179637 -0.658166 0.612350
v 0.074694 -0.252385 0.567261
v 0.074694 -0.252385 0.567261
v 0.179637 -0.658166 0.612350
v 0.103505 -0.252385 0.543373
v 0.124644 -0.252385 0.512537
v 0.103505 -0.252385 0.543373
v 0.040414 -0.252385 0.582366
v 0.040414 -0.252385 0.582366
v 0.103505 -0.252385 0.543373
v 0.124644 -0.252385 0.512537
v 0.074694 -0.252385 0.567261
v 0.179637 -0.658166 0.612350
v 0.128937 -0.658166 0.654382
v 0.128937 -0.658166 0.654382
v 0.179637 -0.658166 0.612350
v 0.074694 -0.252385 0.567261
v 0.068616 -0.658166 0.680960
v 0.068616 -0.719035 0.680960
v 0.128937 -0.658166 0.654382
v 0.128937 -0.658166 0.654382
v 0.068616 -0.719035 0.680960
v 0.068616 -0.658166 0.680960
v 0.068616 -0.658166 0.680960
v 0.003294 -0.719035 0.690054
v 0.068616 -0.719035 0.680960
v 0.068616 -0.719035 0.680960
v 0.003294 -0.719035 0.690054
v 0.068616 -0.658166 0.680960
v 0.299105 0.072240 -0.363307
v 0.367030 0.011371 0.268318
v 0.299105 0.011371 -0.363307
v 0.299105 0.011371 -0.363307
v 0.367030 0.011371 0.268318
v 0.299105 0.072240 -0.363307
v 0.299105 0.072240 -0.363307
v -0.292510 0.072240 -0.363307
v 0.207113 0.072240 0.081163
v 0.207113 0.072240 0.081163
v -0.292510 0.072240 -0.363307
v 0.299105 0.072240 -0.363307
v 0.299105 0.011371 -0.363307
v 0.274791 0.011371 0.168808
v 0.207113 0.011371 0.081163
v 0.207113 0.011371 0.081163
v 0.274791 0.011371 0.168808
v 0.299105 0.011371 -0.363307
v 0.207113 0.011371 0.081163
v 0.112432 0.011371 0.023456
v -0.292510 0.011371 -0.363307
v -0.292510 0.011371 -0.363307
v 0.112432 0.011371 0.023456
v 0.207113 0.011371 0.081163
v 0.003294 0.072240 0.003332
v -0.292510 0.072240 -0.363307
v -0.105846 0.072240 0.023456
v -0.105846 0.072240 0.023456
v -0.292510 0.072240 -0.363307
v 0.003294 0.072240 0.003332
v -0.200525 0.072240 0.081163
v -0.200525 0.011371 0.081163
v -0.105846 0.072240 0.023456
v -0.105846 0.072240 0.023456
v -0.200525 0.011371 0.081163
v -0.200525 0.072240 0.081163
v -0.200525 0.072240 0.081163
v -0.268204 0.011371 0.168808
v -0.200525 0.011371 0.081163
v -0.200525 0.011371 0.081163
v -0.268204 0.011371 0.168808
v -0.200525 0.072240 0.081163
v 0.040414 -0.252385 0.582366
v -0.145630 -0.252385 0.194728
v -0.129141 -0.252385 0.100151
v -0.129141 -0.252385 0.100151
v -0.145630 -0.252385 0.194728
v 0.040414 -0.252385 0.582366
v -0.249179 -0.658166 0.191500
v -0.145630 -0.252385 0.194728
v -0.260290 -0.658166 0.279009
v -0.260290 -0.658166 0.279009
v -0.145630 -0.252385 0.194728
v -0.249179 -0.658166 0.191500
v -0.129141 -0.252385 0.100151
v -0.145630 -0.252385 0.194728
v -0.342531 0.011371 0.166774
v -0.342531 0.011371 0.166774
v -0.145630 -0.252385 0.194728
v -0.129141 -0.252385 0.100151
v -0.260290 -0.719035 0.279009
v -0.262874 -0.719035 0.350734
v -0.262874 -0.658166 0.350734
v -0.262874 -0.658166 0.350734
v -0.262874 -0.719035 0.350734
v -0.260290 -0.719035 0.279009
v -0.260290 -0.719035 0.279009
v -0.262874 -0.658166 0.350734
v -0.260290 -0.658166 0.279009
v -0.260290 -0.658166 0.279009
v -0.262874 -0.658166 0.350734
v -0.260290 -0.719035 0.279009
v 0.003294 -0.719035 0.690054
v -0.173048 -0.719035 0.612350
v -0.210244 -0.719035 0.558080
v -0.210244 -0.719035 0.558080
v -0.173048 -0.719035 0.612350
v 0.003294 -0.719035 0.690054
v 0.003294 -0.719035 0.690054
v -0.122349 -0.719035 0.654382
v -0.173048 -0.719035 0.612350
v -0.173048 -0.719035 0.612350
v -0.122349 -0.719035 0.654382
v 0.003294 -0.719035 0.690054
v 0.003294 -0.719035 0.690054
v -0.210244 -0.719035 0.558080
v -0.237596 -0.719035 0.491686
v -0.237596 -0.719035 0.491686
v -0.210244 -0.719035 0.558080
v 0.003294 -0.719035 0.690054
v 0.003294 -0.719035 0.690054
v -0.237596 -0.719035 0.491686
v -0.255258 -0.719035 0.422104
v -0.255258 -0.719035 0.422104
v -0.237596 -0.719035 0.491686
v 0.003294 -0.719035 0.690054
v -0.105846 0.011371 0.023456
v -0.200525 0.011371 0.081163
v -0.292510 0.011371 -0.363307
v -0.292510 0.011371 -0.363307
v -0.200525 0.011371 0.081163
v -0.105846 0.011371 0.023456
v 0.003294 -0.719035 0.690054
v -0.255258 -0.719035 0.422104
v -0.262874 -0.719035 0.350734
v -0.262874 -0.719035 0.350734
v -0.255258 -0.719035 0.422104
v 0.003294 -0.719035 0.690054
v 0.003294 -0.719035 0.690054
v -0.062027 -0.719035 0.680960
v -0.122349 -0.719035 0.654382
v -0.122349 -0.719035 0.654382
v -0.062027 -0.719035 0.680960
v 0.003294 -0.719035 0.690054
v 0.367030 0.072240 0.268318
v 0.370125 0.072240 0.354249
v 0.370125 0.011371 0.354249
v 0.370125 0.011371 0.354249
v 0.370125 0.072240 0.354249
v 0.367030 0.072240 0.268318
v 0.370125 0.072240 0.354249
v 0.361000 0.011371 0.439753
v 0.370125 0.011371 0.354249
v 0.370125 0.011371 0.354249
v 0.361000 0.011371 0.439753
v 0.370125 0.072240 0.354249
v 0.299105 0.072240 -0.363307
v 0.367030 0.072240 0.268318
v 0.367030 0.011371 0.268318
v 0.367030 0.011371 0.268318
v 0.367030 0.072240 0.268318
v 0.299105 0.072240 -0.363307
v 0.361000 0.011371 0.439753
v 0.339841 0.011371 0.523115
v 0.299105 0.011371 -0.363307
v 0.299105 0.011371 -0.363307
v 0.339841 0.011371 0.523115
v 0.361000 0.011371 0.439753
v 0.361000 0.011371 0.439753
v 0.339841 0.011371 0.523115
v 0.146462 -0.252385 0.459574
v 0.146462 -0.252385 0.459574
v 0.339841 0.011371 0.523115
v 0.361000 0.011371 0.439753
v 0.306503 0.072240 0.274779
v 0.299105 0.072240 -0.363307
v 0.274791 0.072240 0.168808
v 0.274791 0.072240 0.168808
v 0.299105 0.072240 -0.363307
v 0.306503 0.072240 0.274779
v 0.306503 0.011371 0.274779
v 0.309289 0.072240 0.352124
v 0.306503 0.072240 0.274779
v 0.306503 0.072240 0.274779
v 0.309289 0.072240 0.352124
v 0.306503 0.011371 0.274779
v 0.339841 0.011371 0.523115
v 0.309289 0.011371 0.352124
v 0.299105 0.011371 -0.363307
v 0.299105 0.011371 -0.363307
v 0.309289 0.011371 0.352124
v 0.339841 0.011371 0.523115
v 0.146462 -0.252385 0.459574
v 0.339841 0.011371 0.523115
v 0.124644 -0.252385 0.512537
v 0.124644 -0.252385 0.512537
v 0.339841 0.011371 0.523115
v 0.146462 -0.252385 0.459574
v 0.309289 0.011371 0.352124
v 0.306503 0.011371 0.274779
v 0.299105 0.011371 -0.363307
v 0.299105 0.011371 -0.363307
v 0.306503 0.011371 0.274779
v 0.309289 0.011371 0.352124
v 0.124644 -0.252385 0.512537
v 0.216832 -0.658166 0.558080
v 0.103505 -0.252385 0.543373
v 0.103505 -0.252385 0.543373
v 0.216832 -0.658166 0.558080
v 0.124644 -0.252385 0.512537
v 0.103505 -0.252385 0.543373
v 0.216832 -0.658166 0.558080
v 0.179637 -0.658166 0.612350
v 0.179637 -0.658166 0.612350
v 0.216832 -0.658166 0.558080
v 0.103505 -0.252385 0.543373
v 0.146462 -0.252385 0.459574
v 0.124644 -0.252385 0.512537
v 0.040414 -0.252385 0.582366
v 0.040414 -0.252385 0.582366
v 0.124644 -0.252385 0.512537
v 0.146462 -0.252385 0.459574
v 0.128937 -0.658166 0.654382
v 0.128937 -0.719035 0.654382
v 0.179637 -0.658166 0.612350
v 0.179637 -0.658166 0.612350
v 0.128937 -0.719035 0.654382
v 0.128937 -0.658166 0.654382
v 0.128937 -0.658166 0.654382
v 0.068616 -0.719035 0.680960
v 0.128937 -0.719035 0.654382
v 0.128937 -0.719035 0.654382
v 0.068616 -0.719035 0.680960
v 0.128937 -0.658166 0.654382
v 0.128937 -0.719035 0.654382
v 0.068616 -0.719035 0.680960
v 0.003294 -0.719035 0.690054
v 0.003294 -0.719035 0.690054
v 0.068616 -0.719035 0.680960
v 0.128937 -0.719035 0.654382
v 0.367030 0.011371 0.268318
v 0.361000 0.011371 0.439753
v 0.299105 0.011371 -0.363307
v 0.299105 0.011371 -0.363307
v 0.361000 0.011371 0.439753
v 0.367030 0.011371 0.268318
v 0.207113 0.072240 0.081163
v -0.292510 0.072240 -0.363307
v 0.112432 0.072240 0.023456
v 0.112432 0.072240 0.023456
v -0.292510 0.072240 -0.363307
v 0.207113 0.072240 0.081163
v 0.299105 0.072240 -0.363307
v 0.207113 0.072240 0.081163
v 0.274791 0.072240 0.168808
v 0.274791 0.072240 0.168808
v 0.207113 0.072240 0.081163
v 0.299105 0.072240 -0.363307
v 0.306503 0.011371 0.274779
v 0.274791 0.011371 0.168808
v 0.299105 0.011371 -0.363307
v 0.299105 0.011371 -0.363307
v 0.274791 0.011371 0.168808
v 0.306503 0.011371 0.274779
v 0.207113 0.011371 0.081163
v 0.274791 0.011371 0.168808
v 0.274791 0.072240 0.168808
v 0.274791 0.072240 0.168808
v 0.274791 0.011371 0.168808
v 0.207113 0.011371 0.081163
v 0.207113 0.072240 0.081163
v 0.112432 0.011371 0.023456
v 0.207113 0.011371 0.081163
v 0.207113 0.011371 0.081163
v 0.112432 0.011371 0.023456
v 0.207113 0.072240 0.081163
v 0.112432 0.011371 0.023456
v 0.003294 0.011371 0.003332
v -0.292510 0.011371 -0.363307
v -0.292510 0.011371 -0.363307
v 0.003294 0.011371 0.003332
v 0.112432 0.011371 0.023456
v 0.112432 0.072240 0.023456
v -0.292510 0.072240 -0.363307
v 0.003294 0.072240 0.003332
v 0.003294 0.072240 0.003332
v -0.292510 0.072240 -0.363307
v 0.112432 0.072240 0.023456
v -0.105846 0.072240 0.023456
v -0.105846 0.011371 0.023456
v 0.003294 0.072240 0.003332
v 0.003294 0.072240 0.003332
v -0.105846 0.011371 0.023456
v -0.105846 0.072240 0.023456
v -0.105846 0.072240 0.023456
v -0.200525 0.011371 0.081163
v -0.105846 0.011371 0.023456
v -0.105846 0.011371 0.023456
v -0.200525 0.011371 0.081163
v -0.105846 0.072240 0.023456
v -0.129141 -0.252385 0.100151
v -0.145630 -0.252385 0.194728
v -0.249179 -0.658166 0.191500
v -0.249179 -0.658166 0.191500
v -0.145630 -0.252385 0.194728
v -0.129141 -0.252385 0.100151
v 0.040414 -0.252385 0.582366
v -0.129141 -0.252385 0.100151
v -0.108538 -0.252385 0.006378
v -0.108538 -0.252385 0.006378
v -0.129141 -0.252385 0.100151
v 0.040414 -0.252385 0.582366
v -0.249179 -0.719035 0.191500
v -0.260290 -0.658166 0.279009
v -0.249179 -0.658166 0.191500
v -0.249179 -0.658166 0.191500
v -0.260290 -0.658166 0.279009
v -0.249179 -0.719035 0.191500
v -0.311116 0.011371 0.068540
v -0.129141 -0.252385 0.100151
v -0.342531 0.011371 0.166774
v -0.342531 0.011371 0.166774
v -0.129141 -0.252385 0.100151
v -0.311116 0.011371 0.068540
v 0.003294 -0.719035 0.690054
v -0.262874 -0.719035 0.350734
v -0.260290 -0.719035 0.279009
v -0.260290 -0.719035 0.279009
v -0.262874 -0.719035 0.350734
v 0.003294 -0.719035 0.690054
v -0.249179 -0.719035 0.191500
v -0.260290 -0.719035 0.279009
v -0.260290 -0.658166 0.279009
v -0.260290 -0.658166 0.279009
v -0.260290 -0.719035 0.279009
v -0.249179 -0.719035 0.191500
v 0.003294 0.011371 0.003332
v -0.105846 0.011371 0.023456
v -0.292510 0.011371 -0.363307
v -0.292510 0.011371 -0.363307
v -0.105846 0.011371 0.023456
v 0.003294 0.011371 0.003332
v 0.367030 0.072240 0.268318
v 0.370125 0.011371 0.354249
v 0.367030 0.011371 0.268318
v 0.367030 0.011371 0.268318
v 0.370125 0.011371 0.354249
v 0.367030 0.072240 0.268318
v 0.370125 0.011371 0.354249
v 0.361000 0.011371 0.439753
v 0.367030 0.011371 0.268318
v 0.367030 0.011371 0.268318
v 0.361000 0.011371 0.439753
v 0.370125 0.011371 0.354249
v 0.370125 0.011371 0.354249
v 0.361000 0.011371 0.439753
v 0.160550 -0.252385 0.404073
v 0.160550 -0.252385 0.404073
v 0.361000 0.011371 0.439753
v 0.370125 0.011371 0.354249
v 0.160550 -0.252385 0.404073
v 0.361000 0.011371 0.439753
v 0.146462 -0.252385 0.459574
v 0.146462 -0.252385 0.459574
v 0.361000 0.011371 0.439753
v 0.160550 -0.252385 0.404073
v 0.274791 0.011371 0.168808
v 0.306503 0.072240 0.274779
v 0.274791 0.072240 0.168808
v 0.274791 0.072240 0.168808
v 0.306503 0.072240 0.274779
v 0.274791 0.011371 0.168808
v 0.274791 0.011371 0.168808
v 0.306503 0.011371 0.274779
v 0.306503 0.072240 0.274779
v 0.306503 0.072240 0.274779
v 0.306503 0.011371 0.274779
v 0.274791 0.011371 0.168808
v 0.146462 -0.252385 0.459574
v 0.244184 -0.658166 0.491686
v 0.124644 -0.252385 0.512537
v 0.124644 -0.252385 0.512537
v 0.244184 -0.658166 0.491686
v 0.146462 -0.252385 0.459574
v 0.244184 -0.658166 0.491686
v 0.216832 -0.658166 0.558080
v 0.124644 -0.252385 0.512537
v 0.124644 -0.252385 0.512537
v 0.216832 -0.658166 0.558080
v 0.244184 -0.658166 0.491686
v 0.216832 -0.658166 0.558080
v 0.179637 -0.658166 0.612350
v 0.179637 -0.719035 0.612350
v 0.179637 -0.719035 0.612350
v 0.179637 -0.658166 0.612350
v 0.216832 -0.658166 0.558080
v 0.160550 -0.252385 0.404073
v 0.146462 -0.252385 0.459574
v 0.040414 -0.252385 0.582366
v 0.040414 -0.252385 0.582366
v 0.146462 -0.252385 0.459574
v 0.160550 -0.252385 0.404073
v 0.179637 -0.658166 0.612350
v 0.128937 -0.719035 0.654382
v 0.179637 -0.719035 0.612350
v 0.179637 -0.719035 0.612350
v 0.128937 -0.719035 0.654382
v 0.179637 -0.658166 0.612350
v 0.179637 -0.719035 0.612350
v 0.128937 -0.719035 0.654382
v 0.003294 -0.719035 0.690054
v 0.003294 -0.719035 0.690054
v 0.128937 -0.719035 0.654382
v 0.179637 -0.719035 0.612350
v 0.112432 0.072240 0.023456
v 0.112432 0.011371 0.023456
v 0.207113 0.072240 0.081163
v 0.207113 0.072240 0.081163
v 0.112432 0.011371 0.023456
v 0.112432 0.072240 0.023456
v 0.207113 0.011371 0.081163
v 0.274791 0.072240 0.168808
v 0.207113 0.072240 0.081163
v 0.207113 0.072240 0.081163
v 0.274791 0.072240 0.168808
v 0.207113 0.011371 0.081163
v 0.112432 0.072240 0.023456
v 0.003294 0.011371 0.003332
v 0.112432 0.011371 0.023456
v 0.112432 0.011371 0.023456
v 0.003294 0.011371 0.003332
v 0.112432 0.072240 0.023456
v 0.003294 0.072240 0.003332
v 0.003294 0.011371 0.003332
v 0.112432 0.072240 0.023456
v 0.112432 0.072240 0.023456
v 0.003294 0.011371 0.003332
v 0.003294 0.072240 0.003332
v 0.003294 0.072240 0.003332
v -0.105846 0.011371 0.023456
v 0.003294 0.011371 0.003332
v 0.003294 0.011371 0.003332
v -0.105846 0.011371 0.023456
v 0.003294 0.072240 0.003332
v -0.129141 -0.252385 0.100151
v -0.249179 -0.658166 0.191500
v -0.234722 -0.658166 0.104480
v -0.234722 -0.658166 0.104480
v -0.249179 -0.658166 0.191500
v -0.129141 -0.252385 0.100151
v -0.108538 -0.252385 0.006378
v -0.129141 -0.252385 0.100151
v -0.311116 0.011371 0.068540
v -0.311116 0.011371 0.068540
v -0.129141 -0.252385 0.100151
v -0.108538 -0.252385 0.006378
v -0.108538 -0.252385 0.006378
v -0.129141 -0.252385 0.100151
v -0.234722 -0.658166 0.104480
v -0.234722 -0.658166 0.104480
v -0.129141 -0.252385 0.100151
v -0.108538 -0.252385 0.006378
v 0.040414 -0.252385 0.582366
v -0.108538 -0.252385 0.006378
v -0.083864 -0.252385 -0.086414
v -0.083864 -0.252385 -0.086414
v -0.108538 -0.252385 0.006378
v 0.040414 -0.252385 0.582366
v -0.234722 -0.719035 0.104480
v -0.249179 -0.719035 0.191500
v -0.249179 -0.658166 0.191500
v -0.249179 -0.658166 0.191500
v -0.249179 -0.719035 0.191500
v -0.234722 -0.719035 0.104480
v 0.003294 -0.719035 0.690054
v -0.260290 -0.719035 0.279009
v -0.249179 -0.719035 0.191500
v -0.249179 -0.719035 0.191500
v -0.260290 -0.719035 0.279009
v 0.003294 -0.719035 0.690054
v 0.367030 0.011371 0.268318
v 0.370125 0.011371 0.354249
v 0.166622 -0.252385 0.347144
v 0.166622 -0.252385 0.347144
v 0.370125 0.011371 0.354249
v 0.367030 0.011371 0.268318
v 0.166622 -0.252385 0.347144
v 0.370125 0.011371 0.354249
v 0.160550 -0.252385 0.404073
v 0.160550 -0.252385 0.404073
v 0.370125 0.011371 0.354249
v 0.166622 -0.252385 0.347144
v 0.160550 -0.252385 0.404073
v 0.261846 -0.658166 0.422104
v 0.146462 -0.252385 0.459574
v 0.146462 -0.252385 0.459574
v 0.261846 -0.658166 0.422104
v 0.160550 -0.252385 0.404073
v 0.261846 -0.658166 0.422104
v 0.244184 -0.658166 0.491686
v 0.146462 -0.252385 0.459574
v 0.146462 -0.252385 0.459574
v 0.244184 -0.658166 0.491686
v 0.261846 -0.658166 0.422104
v 0.244184 -0.658166 0.491686
v 0.216832 -0.658166 0.558080
v 0.216832 -0.719035 0.558080
v 0.216832 -0.719035 0.558080
v 0.216832 -0.658166 0.558080
v 0.244184 -0.658166 0.491686
v 0.216832 -0.658166 0.558080
v 0.179637 -0.719035 0.612350
v 0.216832 -0.719035 0.558080
v 0.216832 -0.719035 0.558080
v 0.179637 -0.719035 0.612350
v 0.216832 -0.658166 0.558080
v 0.166622 -0.252385 0.347144
v 0.160550 -0.252385 0.404073
v 0.040414 -0.252385 0.582366
v 0.040414 -0.252385 0.582366
v 0.160550 -0.252385 0.404073
v 0.166622 -0.252385 0.347144
v 0.216832 -0.719035 0.558080
v 0.179637 -0.719035 0.612350
v 0.003294 -0.719035 0.690054
v 0.003294 -0.719035 0.690054
v 0.179637 -0.719035 0.612350
v 0.216832 -0.719035 0.558080
v -0.234722 -0.719035 0.104480
v -0.249179 -0.658166 0.191500
v -0.234722 -0.658166 0.104480
v -0.234722 -0.658166 0.104480
v -0.249179 -0.658166 0.191500
v -0.234722 -0.719035 0.104480
v -0.266767 0.011371 -0.024613
v -0.108538 -0.252385 0.006378
v -0.311116 0.011371 0.068540
v -0.311116 0.011371 0.068540
v -0.108538 -0.252385 0.006378
v -0.266767 0.011371 -0.024613
v -0.108538 -0.252385 0.006378
v -0.234722 -0.658166 0.104480
v -0.216940 -0.658166 0.018070
v -0.216940 -0.658166 0.018070
v -0.234722 -0.658166 0.104480
v -0.108538 -0.252385 0.006378
v -0.083864 -0.252385 -0.086414
v -0.108538 -0.252385 0.006378
v -0.266767 0.011371 -0.024613
v -0.266767 0.011371 -0.024613
v -0.108538 -0.252385 0.006378
v -0.083864 -0.252385 -0.086414
v -0.083864 -0.252385 -0.086414
v -0.108538 -0.252385 0.006378
v -0.216940 -0.658166 0.018070
v -0.216940 -0.658166 0.018070
v -0.108538 -0.252385 0.006378
v -0.083864 -0.252385 -0.086414
v 0.040414 -0.252385 0.582366
v -0.083864 -0.252385 -0.086414
v -0.071404 -0.252385 -0.112644
v -0.071404 -0.252385 -0.112644
v -0.083864 -0.252385 -0.086414
v 0.040414 -0.252385 0.582366
v 0.003294 -0.719035 0.690054
v -0.249179 -0.719035 0.191500
v -0.234722 -0.719035 0.104480
v -0.234722 -0.719035 0.104480
v -0.249179 -0.719035 0.191500
v 0.003294 -0.719035 0.690054
v 0.367030 0.011371 0.268318
v 0.166622 -0.252385 0.347144
v 0.164564 -0.252385 0.289933
v 0.164564 -0.252385 0.289933
v 0.166622 -0.252385 0.347144
v 0.367030 0.011371 0.268318
v 0.166622 -0.252385 0.347144
v 0.269462 -0.658166 0.350734
v 0.160550 -0.252385 0.404073
v 0.160550 -0.252385 0.404073
v 0.269462 -0.658166 0.350734
v 0.166622 -0.252385 0.347144
v 0.269462 -0.658166 0.350734
v 0.261846 -0.658166 0.422104
v 0.160550 -0.252385 0.404073
v 0.160550 -0.252385 0.404073
v 0.261846 -0.658166 0.422104
v 0.269462 -0.658166 0.350734
v 0.261846 -0.658166 0.422104
v 0.244184 -0.658166 0.491686
v 0.244184 -0.719035 0.491686
v 0.244184 -0.719035 0.491686
v 0.244184 -0.658166 0.491686
v 0.261846 -0.658166 0.422104
v 0.244184 -0.658166 0.491686
v 0.216832 -0.719035 0.558080
v 0.244184 -0.719035 0.491686
v 0.244184 -0.719035 0.491686
v 0.216832 -0.719035 0.558080
v 0.244184 -0.658166 0.491686
v 0.166622 -0.252385 0.347144
v 0.040414 -0.252385 0.582366
v 0.164564 -0.252385 0.289933
v 0.164564 -0.252385 0.289933
v 0.040414 -0.252385 0.582366
v 0.166622 -0.252385 0.347144
v 0.244184 -0.719035 0.491686
v 0.216832 -0.719035 0.558080
v 0.003294 -0.719035 0.690054
v 0.003294 -0.719035 0.690054
v 0.216832 -0.719035 0.558080
v 0.244184 -0.719035 0.491686
v -0.216940 -0.719035 0.018070
v -0.234722 -0.719035 0.104480
v -0.234722 -0.658166 0.104480
v -0.234722 -0.658166 0.104480
v -0.234722 -0.719035 0.104480
v -0.216940 -0.719035 0.018070
v -0.216940 -0.719035 0.018070
v -0.234722 -0.658166 0.104480
v -0.216940 -0.658166 0.018070
v -0.216940 -0.658166 0.018070
v -0.234722 -0.658166 0.104480
v -0.216940 -0.719035 0.018070
v -0.210289 0.011371 -0.111003
v -0.083864 -0.252385 -0.086414
v -0.266767 0.011371 -0.024613
v -0.266767 0.011371 -0.024613
v -0.083864 -0.252385 -0.086414
v -0.210289 0.011371 -0.111003
v -0.083864 -0.252385 -0.086414
v -0.216940 -0.658166 0.018070
v -0.195858 -0.658166 -0.067601
v -0.195858 -0.658166 -0.067601
v -0.216940 -0.658166 0.018070
v -0.083864 -0.252385 -0.086414
v -0.071404 -0.252385 -0.112644
v -0.083864 -0.252385 -0.086414
v -0.210289 0.011371 -0.111003
v -0.210289 0.011371 -0.111003
v -0.083864 -0.252385 -0.086414
v -0.071404 -0.252385 -0.112644
v -0.071404 -0.252385 -0.112644
v -0.083864 -0.252385 -0.086414
v -0.195858 -0.658166 -0.067601
v -0.195858 -0.658166 -0.067601
v -0.083864 -0.252385 -0.086414
v -0.071404 -0.252385 -0.112644
v 0.040414 -0.252385 0.582366
v -0.071404 -0.252385 -0.112644
v -0.051242 -0.252385 -0.133591
v -0.051242 -0.252385 -0.133591
v -0.071404 -0.252385 -0.112644
v 0.040414 -0.252385 0.582366
v 0.003294 -0.719035 0.690054
v -0.234722 -0.719035 0.104480
v -0.216940 -0.719035 0.018070
v -0.216940 -0.719035 0.018070
v -0.234722 -0.719035 0.104480
v 0.003294 -0.719035 0.690054
v 0.266879 -0.658166 0.279009
v 0.166622 -0.252385 0.347144
v 0.164564 -0.252385 0.289933
v 0.164564 -0.252385 0.289933
v 0.166622 -0.252385 0.347144
v 0.266879 -0.658166 0.279009
v 0.349117 0.011371 0.166777
v 0.367030 0.011371 0.268318
v 0.164564 -0.252385 0.289933
v 0.164564 -0.252385 0.289933
v 0.367030 0.011371 0.268318
v 0.349117 0.011371 0.166777
v 0.266879 -0.658166 0.279009
v 0.269462 -0.658166 0.350734
v 0.166622 -0.252385 0.347144
v 0.166622 -0.252385 0.347144
v 0.269462 -0.658166 0.350734
v 0.266879 -0.658166 0.279009
v 0.269462 -0.658166 0.350734
v 0.261846 -0.658166 0.422104
v 0.261846 -0.719035 0.422104
v 0.261846 -0.719035 0.422104
v 0.261846 -0.658166 0.422104
v 0.269462 -0.658166 0.350734
v 0.261846 -0.658166 0.422104
v 0.244184 -0.719035 0.491686
v 0.261846 -0.719035 0.422104
v 0.261846 -0.719035 0.422104
v 0.244184 -0.719035 0.491686
v 0.261846 -0.658166 0.422104
v 0.164564 -0.252385 0.289933
v 0.040414 -0.252385 0.582366
v 0.152218 -0.252385 0.194728
v 0.152218 -0.252385 0.194728
v 0.040414 -0.252385 0.582366
v 0.164564 -0.252385 0.289933
v 0.261846 -0.719035 0.422104
v 0.244184 -0.719035 0.491686
v 0.003294 -0.719035 0.690054
v 0.003294 -0.719035 0.690054
v 0.244184 -0.719035 0.491686
v 0.261846 -0.719035 0.422104
v -0.195858 -0.719035 -0.067601
v -0.216940 -0.719035 0.018070
v -0.216940 -0.658166 0.018070
v -0.216940 -0.658166 0.018070
v -0.216940 -0.719035 0.018070
v -0.195858 -0.719035 -0.067601
v -0.195858 -0.719035 -0.067601
v -0.216940 -0.658166 0.018070
v -0.195858 -0.658166 -0.067601
v -0.195858 -0.658166 -0.067601
v -0.216940 -0.658166 0.018070
v -0.195858 -0.719035 -0.067601
v -0.167744 0.011371 -0.155569
v -0.071404 -0.252385 -0.112644
v -0.210289 0.011371 -0.111003
v -0.210289 0.011371 -0.111003
v -0.071404 -0.252385 -0.112644
v -0.167744 0.011371 -0.155569
v -0.168230 -0.658166 -0.128680
v -0.071404 -0.252385 -0.112644
v -0.195858 -0.658166 -0.067601
v -0.195858 -0.658166 -0.067601
v -0.071404 -0.252385 -0.112644
v -0.168230 -0.658166 -0.128680
v -0.167744 0.011371 -0.155569
v -0.051242 -0.252385 -0.133591
v -0.071404 -0.252385 -0.112644
v -0.071404 -0.252385 -0.112644
v -0.051242 -0.252385 -0.133591
v -0.167744 0.011371 -0.155569
v -0.051242 -0.252385 -0.133591
v -0.071404 -0.252385 -0.112644
v -0.168230 -0.658166 -0.128680
v -0.168230 -0.658166 -0.128680
v -0.071404 -0.252385 -0.112644
v -0.051242 -0.252385 -0.133591
v 0.040414 -0.252385 0.582366
v -0.051242 -0.252385 -0.133591
v -0.025456 -0.252385 -0.147089
v -0.025456 -0.252385 -0.147089
v -0.051242 -0.252385 -0.133591
v 0.040414 -0.252385 0.582366
v 0.003294 -0.719035 0.690054
v -0.216940 -0.719035 0.018070
v -0.195858 -0.719035 -0.067601
v -0.195858 -0.719035 -0.067601
v -0.216940 -0.719035 0.018070
v 0.003294 -0.719035 0.690054
v 0.255767 -0.658166 0.191500
v 0.266879 -0.658166 0.279009
v 0.164564 -0.252385 0.289933
v 0.164564 -0.252385 0.289933
v 0.266879 -0.658166 0.279009
v 0.255767 -0.658166 0.191500
v 0.349117 0.011371 0.166777
v 0.164564 -0.252385 0.289933
v 0.152218 -0.252385 0.194728
v 0.152218 -0.252385 0.194728
v 0.164564 -0.252385 0.289933
v 0.349117 0.011371 0.166777
v 0.266879 -0.658166 0.279009
v 0.269462 -0.658166 0.350734
v 0.269462 -0.719035 0.350734
v 0.269462 -0.719035 0.350734
v 0.269462 -0.658166 0.350734
v 0.266879 -0.658166 0.279009
v 0.269462 -0.658166 0.350734
v 0.261846 -0.719035 0.422104
v 0.269462 -0.719035 0.350734
v 0.269462 -0.719035 0.350734
v 0.261846 -0.719035 0.422104
v 0.269462 -0.658166 0.350734
v 0.152218 -0.252385 0.194728
v 0.040414 -0.252385 0.582366
v 0.135727 -0.252385 0.100151
v 0.135727 -0.252385 0.100151
v 0.040414 -0.252385 0.582366
v 0.152218 -0.252385 0.194728
v 0.255767 -0.658166 0.191500
v 0.164564 -0.252385 0.289933
v 0.152218 -0.252385 0.194728
v 0.152218 -0.252385 0.194728
v 0.164564 -0.252385 0.289933
v 0.255767 -0.658166 0.191500
v 0.269462 -0.719035 0.350734
v 0.261846 -0.719035 0.422104
v 0.003294 -0.719035 0.690054
v 0.003294 -0.719035 0.690054
v 0.261846 -0.719035 0.422104
v 0.269462 -0.719035 0.350734
v -0.168230 -0.719035 -0.128680
v -0.195858 -0.719035 -0.067601
v -0.195858 -0.658166 -0.067601
v -0.195858 -0.658166 -0.067601
v -0.195858 -0.719035 -0.067601
v -0.168230 -0.719035 -0.128680
v -0.168230 -0.719035 -0.128680
v -0.195858 -0.658166 -0.067601
v -0.168230 -0.658166 -0.128680
v -0.168230 -0.658166 -0.128680
v -0.195858 -0.658166 -0.067601
v -0.168230 -0.719035 -0.128680
v -0.116072 0.011371 -0.189217
v -0.051242 -0.252385 -0.133591
v -0.167744 0.011371 -0.155569
v -0.167744 0.011371 -0.155569
v -0.051242 -0.252385 -0.133591
v -0.116072 0.011371 -0.189217
v -0.122327 -0.658166 -0.177643
v -0.051242 -0.252385 -0.133591
v -0.168230 -0.658166 -0.128680
v -0.168230 -0.658166 -0.128680
v -0.051242 -0.252385 -0.133591
v -0.122327 -0.658166 -0.177643
v -0.116072 0.011371 -0.189217
v -0.025456 -0.252385 -0.147089
v -0.051242 -0.252385 -0.133591
v -0.051242 -0.252385 -0.133591
v -0.025456 -0.252385 -0.147089
v -0.116072 0.011371 -0.189217
v -0.051242 -0.252385 -0.133591
v -0.122327 -0.658166 -0.177643
v -0.025456 -0.252385 -0.147089
v -0.025456 -0.252385 -0.147089
v -0.122327 -0.658166 -0.177643
v -0.051242 -0.252385 -0.133591
v 0.040414 -0.252385 0.582366
v -0.025456 -0.252385 -0.147089
v 0.003294 -0.252385 -0.151747
v 0.003294 -0.252385 -0.151747
v -0.025456 -0.252385 -0.147089
v 0.040414 -0.252385 0.582366
v 0.003294 -0.719035 0.690054
v -0.195858 -0.719035 -0.067601
v -0.168230 -0.719035 -0.128680
v -0.168230 -0.719035 -0.128680
v -0.195858 -0.719035 -0.067601
v 0.003294 -0.719035 0.690054
v 0.255767 -0.658166 0.191500
v 0.266879 -0.658166 0.279009
v 0.266879 -0.719035 0.279009
v 0.266879 -0.719035 0.279009
v 0.266879 -0.658166 0.279009
v 0.255767 -0.658166 0.191500
v 0.317704 0.011371 0.068540
v 0.349117 0.011371 0.166777
v 0.152218 -0.252385 0.194728
v 0.152218 -0.252385 0.194728
v 0.349117 0.011371 0.166777
v 0.317704 0.011371 0.068540
v 0.266879 -0.658166 0.279009
v 0.269462 -0.719035 0.350734
v 0.266879 -0.719035 0.279009
v 0.266879 -0.719035 0.279009
v 0.269462 -0.719035 0.350734
v 0.266879 -0.658166 0.279009
v 0.135727 -0.252385 0.100151
v 0.040414 -0.252385 0.582366
v 0.115126 -0.252385 0.006378
v 0.115126 -0.252385 0.006378
v 0.040414 -0.252385 0.582366
v 0.135727 -0.252385 0.100151
v 0.317704 0.011371 0.068540
v 0.152218 -0.252385 0.194728
v 0.135727 -0.252385 0.100151
v 0.135727 -0.252385 0.100151
v 0.152218 -0.252385 0.194728
v 0.317704 0.011371 0.068540
v 0.135727 -0.252385 0.100151
v 0.241310 -0.658166 0.104478
v 0.152218 -0.252385 0.194728
v 0.152218 -0.252385 0.194728
v 0.241310 -0.658166 0.104478
v 0.135727 -0.252385 0.100151
v 0.241310 -0.658166 0.104478
v 0.255767 -0.658166 0.191500
v 0.152218 -0.252385 0.194728
v 0.152218 -0.252385 0.194728
v 0.255767 -0.658166 0.191500
v 0.241310 -0.658166 0.104478
v 0.269462 -0.719035 0.350734
v 0.003294 -0.719035 0.690054
v 0.266879 -0.719035 0.279009
v 0.266879 -0.719035 0.279009
v 0.003294 -0.719035 0.690054
v 0.269462 -0.719035 0.350734
v -0.122327 -0.719035 -0.177643
v -0.168230 -0.719035 -0.128680
v -0.168230 -0.658166 -0.128680
v -0.168230 -0.658166 -0.128680
v -0.168230 -0.719035 -0.128680
v -0.122327 -0.719035 -0.177643
v -0.122327 -0.719035 -0.177643
v -0.168230 -0.658166 -0.128680
v -0.122327 -0.658166 -0.177643
v -0.122327 -0.658166 -0.177643
v -0.168230 -0.658166 -0.128680
v -0.122327 -0.719035 -0.177643
v -0.058025 0.011371 -0.210153
v -0.025456 -0.252385 -0.147089
v -0.116072 0.011371 -0.189217
v -0.116072 0.011371 -0.189217
v -0.025456 -0.252385 -0.147089
v -0.058025 0.011371 -0.210153
v -0.025456 -0.252385 -0.147089
v -0.122327 -0.658166 -0.177643
v -0.063049 -0.658166 -0.209278
v -0.063049 -0.658166 -0.209278
v -0.122327 -0.658166 -0.177643
v -0.025456 -0.252385 -0.147089
v -0.058025 0.011371 -0.210153
v 0.003294 -0.252385 -0.151747
v -0.025456 -0.252385 -0.147089
v -0.025456 -0.252385 -0.147089
v 0.003294 -0.252385 -0.151747
v -0.058025 0.011371 -0.210153
v -0.025456 -0.252385 -0.147089
v -0.063049 -0.658166 -0.209278
v 0.003294 -0.252385 -0.151747
v 0.003294 -0.252385 -0.151747
v -0.063049 -0.658166 -0.209278
v -0.025456 -0.252385 -0.147089
v 0.040414 -0.252385 0.582366
v 0.003294 -0.252385 -0.151747
v 0.032044 -0.252385 -0.147089
v 0.032044 -0.252385 -0.147089
v 0.003294 -0.252385 -0.151747
v 0.040414 -0.252385 0.582366
v 0.003294 -0.719035 0.690054
v -0.168230 -0.719035 -0.128680
v -0.122327 -0.719035 -0.177643
v -0.122327 -0.719035 -0.177643
v -0.168230 -0.719035 -0.128680
v 0.003294 -0.719035 0.690054
v 0.255767 -0.658166 0.191500
v 0.266879 -0.719035 0.279009
v 0.255767 -0.719035 0.191500
v 0.255767 -0.719035 0.191500
v 0.266879 -0.719035 0.279009
v 0.255767 -0.658166 0.191500
v 0.115126 -0.252385 0.006378
v 0.040414 -0.252385 0.582366
v 0.090452 -0.252385 -0.086414
v 0.090452 -0.252385 -0.086414
v 0.040414 -0.252385 0.582366
v 0.115126 -0.252385 0.006378
v 0.273355 0.011371 -0.024613
v 0.135727 -0.252385 0.100151
v 0.115126 -0.252385 0.006378
v 0.115126 -0.252385 0.006378
v 0.135727 -0.252385 0.100151
v 0.273355 0.011371 -0.024613
v 0.115126 -0.252385 0.006378
v 0.223529 -0.658166 0.018070
v 0.135727 -0.252385 0.100151
v 0.135727 -0.252385 0.100151
v 0.223529 -0.658166 0.018070
v 0.115126 -0.252385 0.006378
v 0.273355 0.011371 -0.024613
v 0.317704 0.011371 0.068540
v 0.135727 -0.252385 0.100151
v 0.135727 -0.252385 0.100151
v 0.317704 0.011371 0.068540
v 0.273355 0.011371 -0.024613
v 0.223529 -0.658166 0.018070
v 0.241310 -0.658166 0.104478
v 0.135727 -0.252385 0.100151
v 0.135727 -0.252385 0.100151
v 0.241310 -0.658166 0.104478
v 0.223529 -0.658166 0.018070
v 0.241310 -0.658166 0.104478
v 0.255767 -0.658166 0.191500
v 0.255767 -0.719035 0.191500
v 0.255767 -0.719035 0.191500
v 0.255767 -0.658166 0.191500
v 0.241310 -0.658166 0.104478
v 0.266879 -0.719035 0.279009
v 0.003294 -0.719035 0.690054
v 0.255767 -0.719035 0.191500
v 0.255767 -0.719035 0.191500
v 0.003294 -0.719035 0.690054
v 0.266879 -0.719035 0.279009
v -0.122327 -0.658166 -0.177643
v -0.063049 -0.719035 -0.209278
v -0.122327 -0.719035 -0.177643
v -0.122327 -0.719035 -0.177643
v -0.063049 -0.719035 -0.209278
v -0.122327 -0.658166 -0.177643
v -0.063049 -0.658166 -0.209278
v -0.063049 -0.719035 -0.209278
v -0.122327 -0.658166 -0.177643
v -0.122327 -0.658166 -0.177643
v -0.063049 -0.719035 -0.209278
v -0.063049 -0.658166 -0.209278
v 0.003294 0.011371 -0.217256
v 0.003294 -0.252385 -0.151747
v -0.058025 0.011371 -0.210153
v -0.058025 0.011371 -0.210153
v 0.003294 -0.252385 -0.151747
v 0.003294 0.011371 -0.217256
v 0.003294 -0.252385 -0.151747
v -0.063049 -0.658166 -0.209278
v 0.003294 -0.658166 -0.220210
v 0.003294 -0.658166 -0.220210
v -0.063049 -0.658166 -0.209278
v 0.003294 -0.252385 -0.151747
v 0.003294 0.011371 -0.217256
v 0.032044 -0.252385 -0.147089
v 0.003294 -0.252385 -0.151747
v 0.003294 -0.252385 -0.151747
v 0.032044 -0.252385 -0.147089
v 0.003294 0.011371 -0.217256
v 0.003294 -0.252385 -0.151747
v 0.003294 -0.658166 -0.220210
v 0.032044 -0.252385 -0.147089
v 0.032044 -0.252385 -0.147089
v 0.003294 -0.658166 -0.220210
v 0.003294 -0.252385 -0.151747
v 0.057830 -0.252385 -0.133591
v 0.040414 -0.252385 0.582366
v 0.032044 -0.252385 -0.147089
v 0.032044 -0.252385 -0.147089
v 0.040414 -0.252385 0.582366
v 0.057830 -0.252385 -0.133591
v 0.003294 -0.719035 0.690054
v -0.122327 -0.719035 -0.177643
v -0.063049 -0.719035 -0.209278
v -0.063049 -0.719035 -0.209278
v -0.122327 -0.719035 -0.177643
v 0.003294 -0.719035 0.690054
v 0.090452 -0.252385 -0.086414
v 0.040414 -0.252385 0.582366
v 0.077992 -0.252385 -0.112644
v 0.077992 -0.252385 -0.112644
v 0.040414 -0.252385 0.582366
v 0.090452 -0.252385 -0.086414
v 0.216878 0.011371 -0.111003
v 0.115126 -0.252385 0.006378
v 0.090452 -0.252385 -0.086414
v 0.090452 -0.252385 -0.086414
v 0.115126 -0.252385 0.006378
v 0.216878 0.011371 -0.111003
v 0.090452 -0.252385 -0.086414
v 0.202446 -0.658166 -0.067601
v 0.115126 -0.252385 0.006378
v 0.115126 -0.252385 0.006378
v 0.202446 -0.658166 -0.067601
v 0.090452 -0.252385 -0.086414
v 0.216878 0.011371 -0.111003
v 0.273355 0.011371 -0.024613
v 0.115126 -0.252385 0.006378
v 0.115126 -0.252385 0.006378
v 0.273355 0.011371 -0.024613
v 0.216878 0.011371 -0.111003
v 0.202446 -0.658166 -0.067601
v 0.223529 -0.658166 0.018070
v 0.115126 -0.252385 0.006378
v 0.115126 -0.252385 0.006378
v 0.223529 -0.658166 0.018070
v 0.202446 -0.658166 -0.067601
v 0.223529 -0.658166 0.018070
v 0.241310 -0.658166 0.104478
v 0.241310 -0.719035 0.104478
v 0.241310 -0.719035 0.104478
v 0.241310 -0.658166 0.104478
v 0.223529 -0.658166 0.018070
v 0.241310 -0.658166 0.104478
v 0.255767 -0.719035 0.191500
v 0.241310 -0.719035 0.104478
v 0.241310 -0.719035 0.104478
v 0.255767 -0.719035 0.191500
v 0.241310 -0.658166 0.104478
v 0.255767 -0.719035 0.191500
v 0.003294 -0.719035 0.690054
v 0.241310 -0.719035 0.104478
v 0.241310 -0.719035 0.104478
v 0.003294 -0.719035 0.690054
v 0.255767 -0.719035 0.191500
v -0.063049 -0.658166 -0.209278
v 0.003294 -0.719035 -0.220210
v -0.063049 -0.719035 -0.209278
v -0.063049 -0.719035 -0.209278
v 0.003294 -0.719035 -0.220210
v -0.063049 -0.658166 -0.209278
v 0.003294 -0.658166 -0.220210
v 0.003294 -0.719035 -0.220210
v -0.063049 -0.658166 -0.209278
v -0.063049 -0.658166 -0.209278
v 0.003294 -0.719035 -0.220210
v 0.003294 -0.658166 -0.220210
v 0.064613 0.011371 -0.210153
v 0.032044 -0.252385 -0.147089
v 0.003294 0.011371 -0.217256
v 0.003294 0.011371 -0.217256
v 0.032044 -0.252385 -0.147089
v 0.064613 0.011371 -0.210153
v 0.032044 -0.252385 -0.147089
v 0.003294 -0.658166 -0.220210
v 0.069638 -0.658166 -0.209278
v 0.069638 -0.658166 -0.209278
v 0.003294 -0.658166 -0.220210
v 0.032044 -0.252385 -0.147089
v 0.077992 -0.252385 -0.112644
v 0.040414 -0.252385 0.582366
v 0.057830 -0.252385 -0.133591
v 0.057830 -0.252385 -0.133591
v 0.040414 -0.252385 0.582366
v 0.077992 -0.252385 -0.112644
v 0.064613 0.011371 -0.210153
v 0.057830 -0.252385 -0.133591
v 0.032044 -0.252385 -0.147089
v 0.032044 -0.252385 -0.147089
v 0.057830 -0.252385 -0.133591
v 0.064613 0.011371 -0.210153
v 0.032044 -0.252385 -0.147089
v 0.069638 -0.658166 -0.209278
v 0.057830 -0.252385 -0.133591
v 0.057830 -0.252385 -0.133591
v 0.069638 -0.658166 -0.209278
v 0.032044 -0.252385 -0.147089
v 0.003294 -0.719035 0.690054
v -0.063049 -0.719035 -0.209278
v 0.003294 -0.719035 -0.220210
v 0.003294 -0.719035 -0.220210
v -0.063049 -0.719035 -0.209278
v 0.003294 -0.719035 0.690054
v 0.174330 0.011371 -0.155569
v 0.090452 -0.252385 -0.086414
v 0.077992 -0.252385 -0.112644
v 0.077992 -0.252385 -0.112644
v 0.090452 -0.252385 -0.086414
v 0.174330 0.011371 -0.155569
v 0.174816 -0.658166 -0.128680
v 0.090452 -0.252385 -0.086414
v 0.077992 -0.252385 -0.112644
v 0.077992 -0.252385 -0.112644
v 0.090452 -0.252385 -0.086414
v 0.174816 -0.658166 -0.128680
v 0.174330 0.011371 -0.155569
v 0.216878 0.011371 -0.111003
v 0.090452 -0.252385 -0.086414
v 0.090452 -0.252385 -0.086414
v 0.216878 0.011371 -0.111003
v 0.174330 0.011371 -0.155569
v 0.174816 -0.658166 -0.128680
v 0.202446 -0.658166 -0.067601
v 0.090452 -0.252385 -0.086414
v 0.090452 -0.252385 -0.086414
v 0.202446 -0.658166 -0.067601
v 0.174816 -0.658166 -0.128680
v 0.202446 -0.658166 -0.067601
v 0.223529 -0.658166 0.018070
v 0.223529 -0.719035 0.018070
v 0.223529 -0.719035 0.018070
v 0.223529 -0.658166 0.018070
v 0.202446 -0.658166 -0.067601
v 0.223529 -0.658166 0.018070
v 0.241310 -0.719035 0.104478
v 0.223529 -0.719035 0.018070
v 0.223529 -0.719035 0.018070
v 0.241310 -0.719035 0.104478
v 0.223529 -0.658166 0.018070
v 0.241310 -0.719035 0.104478
v 0.003294 -0.719035 0.690054
v 0.223529 -0.719035 0.018070
v 0.223529 -0.719035 0.018070
v 0.003294 -0.719035 0.690054
v 0.241310 -0.719035 0.104478
v 0.003294 -0.658166 -0.220210
v 0.069638 -0.719035 -0.209278
v 0.003294 -0.719035 -0.220210
v 0.003294 -0.719035 -0.220210
v 0.069638 -0.719035 -0.209278
v 0.003294 -0.658166 -0.220210
v 0.069638 -0.658166 -0.209278
v 0.069638 -0.719035 -0.209278
v 0.003294 -0.658166 -0.220210
v 0.003294 -0.658166 -0.220210
v 0.069638 -0.719035 -0.209278
v 0.069638 -0.658166 -0.209278
v 0.122657 0.011371 -0.189217
v 0.077992 -0.252385 -0.112644
v 0.057830 -0.252385 -0.133591
v 0.057830 -0.252385 -0.133591
v 0.077992 -0.252385 -0.112644
v 0.122657 0.011371 -0.189217
v 0.128917 -0.658166 -0.177643
v 0.077992 -0.252385 -0.112644
v 0.057830 -0.252385 -0.133591
v 0.057830 -0.252385 -0.133591
v 0.077992 -0.252385 -0.112644
v 0.128917 -0.658166 -0.177643
v 0.122657 0.011371 -0.189217
v 0.057830 -0.252385 -0.133591
v 0.064613 0.011371 -0.210153
v 0.064613 0.011371 -0.210153
v 0.057830 -0.252385 -0.133591
v 0.122657 0.011371 -0.189217
v 0.057830 -0.252385 -0.133591
v 0.069638 -0.658166 -0.209278
v 0.128917 -0.658166 -0.177643
v 0.128917 -0.658166 -0.177643
v 0.069638 -0.658166 -0.209278
v 0.057830 -0.252385 -0.133591
v 0.069638 -0.719035 -0.209278
v 0.003294 -0.719035 0.690054
v 0.003294 -0.719035 -0.220210
v 0.003294 -0.719035 -0.220210
v 0.003294 -0.719035 0.690054
v 0.069638 -0.719035 -0.209278
v 0.174330 0.011371 -0.155569
v 0.077992 -0.252385 -0.112644
v 0.122657 0.011371 -0.189217
v 0.122657 0.011371 -0.189217
v 0.077992 -0.252385 -0.112644
v 0.174330 0.011371 -0.155569
v 0.128917 -0.658166 -0.177643
v 0.174816 -0.658166 -0.128680
v 0.077992 -0.252385 -0.112644
v 0.077992 -0.252385 -0.112644
v 0.174816 -0.658166 -0.128680
v 0.128917 -0.658166 -0.177643
v 0.174816 -0.658166 -0.128680
v 0.202446 -0.658166 -0.067601
v 0.202446 -0.719035 -0.067601
v 0.202446 -0.719035 -0.067601
v 0.202446 -0.658166 -0.067601
v 0.174816 -0.658166 -0.128680
v 0.202446 -0.658166 -0.067601
v 0.223529 -0.719035 0.018070
v 0.202446 -0.719035 -0.067601
v 0.202446 -0.719035 -0.067601
v 0.223529 -0.719035 0.018070
v 0.202446 -0.658166 -0.067601
v 0.223529 -0.719035 0.018070
v 0.003294 -0.719035 0.690054
v 0.202446 -0.719035 -0.067601
v 0.202446 -0.719035 -0.067601
v 0.003294 -0.719035 0.690054
v 0.223529 -0.719035 0.018070
v 0.069638 -0.658166 -0.209278
v 0.128917 -0.719035 -0.177643
v 0.069638 -0.719035 -0.209278
v 0.069638 -0.719035 -0.209278
v 0.128917 -0.719035 -0.177643
v 0.069638 -0.658166 -0.209278
v 0.128917 -0.658166 -0.177643
v 0.128917 -0.719035 -0.177643
v 0.069638 -0.658166 -0.209278
v 0.069638 -0.658166 -0.209278
v 0.128917 -0.719035 -0.177643
v 0.128917 -0.658166 -0.177643
v 0.128917 -0.719035 -0.177643
v 0.003294 -0.719035 0.690054
v 0.069638 -0.719035 -0.209278
v 0.069638 -0.719035 -0.209278
v 0.003294 -0.719035 0.690054
v 0.128917 -0.719035 -0.177643
v 0.128917 -0.658166 -0.177643
v 0.174816 -0.658166 -0.128680
v 0.174816 -0.719035 -0.128680
v 0.174816 -0.719035 -0.128680
v 0.174816 -0.658166 -0.128680
v 0.128917 -0.658166 -0.177643
v 0.174816 -0.658166 -0.128680
v 0.202446 -0.719035 -0.067601
v 0.174816 -0.719035 -0.128680
v 0.174816 -0.719035 -0.128680
v 0.202446 -0.719035 -0.067601
v 0.174816 -0.658166 -0.128680
v 0.202446 -0.719035 -0.067601
v 0.003294 -0.719035 0.690054
v 0.174816 -0.719035 -0.128680
v 0.174816 -0.719035 -0.128680
v 0.003294 -0.719035 0.690054
v 0.202446 -0.719035 -0.067601
v 0.128917 -0.658166 -0.177643
v 0.174816 -0.719035 -0.128680
v 0.128917 -0.719035 -0.177643
v 0.128917 -0.719035 -0.177643
v 0.174816 -0.719035 -0.128680
v 0.128917 -0.658166 -0.177643
v 0.174816 -0.719035 -0.128680
v 0.003294 -0.719035 0.690054
v 0.128917 -0.719035 -0.177643
v 0.128917 -0.719035 -0.177643
v 0.003294 -0.719035 0.690054
v 0.174816 -0.719035 -0.128680
vn 0 1 0
vn 0 -1 0
vn -0.862322132896101 0 0.5063600883931504
vn -0.7692109353280956 0 0.6389949428373249
vn -0.8957536322341503 0 0.4445508186240655
vn 0.8957536322341503 0 -0.4445508186240655
vn 0.7692109353280956 0 -0.6389949428373249
vn 0.862322132896101 0 -0.5063600883931504
vn -0.7064809835644354 0 0.7077320254600804
vn -0.5647232464975022 0 0.8252803492543134
vn 0.5647232464975022 0 -0.8252803492543134
vn 0.7064809835644354 0 -0.7077320254600804
vn -0.48571509361188203 0 0.8741171819828282
vn -0.3174748893209854 0 0.9482666790785321
vn 0.3174748893209854 0 -0.9482666790785321
vn 0.48571509361188203 0 -0.8741171819828282
vn -0.22825297457570198 0 0.9736018588711426
vn -0.04634298032509434 0 0.9989255869055452
vn 0.04634298032509434 0 -0.9989255869055452
vn 0.22825297457570198 0 -0.9736018588711426
vn -0.9416194222866482 0 0.3366791700901009
vn -0.9565293468345986 0 0.2916360894062607
vn 0.9565293468345986 0 -0.2916360894062607
vn 0.9416194222866482 0 -0.3366791700901009
vn 0.04634298032509389 0 0.9989255869055452
vn 0.2282529745757015 0 0.9736018588711426
vn -0.2282529745757015 0 -0.9736018588711426
vn -0.04634298032509389 0 -0.9989255869055452
vn -0.9798277378946307 0 0.19984394925113688
vn 0.9798277378946307 0 -0.19984394925113688
vn -0.9882116401217458 0 0.15309393955310321
vn 0.9882116401217458 0 -0.15309393955310321
vn 0.9416166672213855 0 -0.33668687531724556
vn 0.8623276063334278 0 -0.5063507671123457
vn 0.8957496506165216 0 -0.44455884134766616
vn -0.8957496506165216 0 0.44455884134766616
vn -0.8623276063334278 0 0.5063507671123457
vn -0.9416166672213855 0 0.33668687531724556
vn 0.9798313815022139 0 -0.19982608394166865
vn 0.9565330284843995 0 -0.2916240137890963
vn -0.9565330284843995 0 0.2916240137890963
vn -0.9798313815022139 0 0.19982608394166865
vn -0.6833691434087029 -0.6098161597979028 0.4014110923806096
vn -0.6094549591267476 -0.6100999409557889 0.5063029871939897
vn -0.7091810018002974 -0.6108149809279396 0.35208999667631474
vn 0.7091810018002974 0.6108149809279396 -0.35208999667631474
vn 0.6094549591267476 0.6100999409557889 -0.5063029871939897
vn 0.6833691434087029 0.6098161597979028 -0.4014110923806096
vn -0.7455392249413273 -0.6108251786477115 0.26657806587166255
vn -0.7573198323779421 -0.6108638590560174 0.23089395225132253
vn 0.7573198323779421 0.6108638590560174 -0.23089395225132253
vn 0.7455392249413273 0.6108251786477115 -0.26657806587166255
vn 0.4857100026882023 0 -0.874120010804367
vn 0.5647220841212564 0 -0.8252811446445053
vn 0.706489037257768 0 -0.7077239859115926
vn -0.706489037257768 0 0.7077239859115926
vn -0.5647220841212564 0 0.8252811446445053
vn -0.4857100026882023 0 0.874120010804367
vn 0.7692236235739991 0 -0.6389796686403147
vn -0.7692236235739991 0 0.6389796686403147
vn -0.5598237006451815 -0.6099696584341457 0.5608337008291016
vn -0.44759998713422916 -0.6097129908018072 0.6541439599697861
vn 0.44759998713422916 0.6097129908018072 -0.6541439599697861
vn 0.5598237006451815 0.6099696584341457 -0.5608337008291016
vn 0.2282520140877903 0 -0.9736020840491598
vn 0.3174701089113071 0 -0.9482682795221206
vn -0.3174701089113071 0 0.9482682795221206
vn -0.2282520140877903 0 0.9736020840491598
vn -0.3850189791387085 -0.6095969873929947 0.692929937774644
vn -0.25170412275372633 -0.6094043067775795 0.7518453467766592
vn 0.25170412275372633 0.6094043067775795 -0.7518453467766592
vn 0.3850189791387085 0.6095969873929947 -0.692929937774644
vn 0.31747488932098494 0 0.9482666790785322
vn 0.48571509361188164 0 0.8741171819828285
vn -0.48571509361188164 0 -0.8741171819828285
vn -0.31747488932098494 0 -0.9482666790785322
vn -0.04634398027552853 0 -0.9989255405145177
vn 0.04634398027552898 0 -0.9989255405145177
vn -0.04634398027552898 0 0.9989255405145177
vn 0.04634398027552853 0 0.9989255405145177
vn -0.3174701089113067 0 -0.9482682795221208
vn -0.22825201408778986 0 -0.9736020840491598
vn 0.22825201408778986 0 0.9736020840491598
vn 0.3174701089113067 0 0.9482682795221208
vn -0.18097004523105248 -0.6093371304567743 0.7719832279109272
vn -0.03674302182819228 -0.6092643756187756 0.7921154404181228
vn 0.03674302182819228 0.6092643756187756 -0.7921154404181228
vn 0.18097004523105248 0.6093371304567743 -0.7719832279109272
vn 0.9982647737275523 0 -0.05888498564726549
vn 0.988212244289373 0 -0.15309003963863962
vn -0.988212244289373 0 0.15309003963863962
vn -0.9982647737275523 0 0.05888498564726549
vn -0.7757169067924724 -0.6109289231126882 0.1582059778285564
vn -0.7823329548555799 -0.6109549518646785 0.12119898736773956
vn 0.7823329548555799 0.6109549518646785 -0.12119898736773956
vn 0.7757169067924724 0.6109289231126882 -0.1582059778285564
vn -0.9982656587659158 0 0.05886997985945196
vn 0.9982656587659158 0 -0.05886997985945196
vn -0.9999350634698134 0 0.011396001211831337
vn 0.9999350634698134 0 -0.011396001211831337
vn 0.5647232464975017 0 0.8252803492543136
vn 0.7064809835644352 0 0.7077320254600807
vn -0.7064809835644352 0 -0.7077320254600807
vn -0.5647232464975017 0 -0.8252803492543136
vn -0.5647220841212559 0 -0.8252811446445055
vn -0.4857100026882019 0 -0.8741200108043672
vn 0.4857100026882019 0 0.8741200108043672
vn 0.5647220841212559 0 0.8252811446445055
vn 0.03674898567417723 -0.6092637522422497 0.7921156432337474
vn 0.18097001716036876 -0.6093360822666626 0.7719840618412345
vn -0.18097001716036876 0.6093360822666626 -0.7719840618412345
vn -0.03674898567417723 0.6092637522422497 -0.7921156432337474
vn 0.9999348467804192 0 -0.01141499865175647
vn -0.9999348467804192 0 0.01141499865175647
vn 0.9927236461598717 0 0.12041495901693394
vn -0.9927236461598717 0 -0.12041495901693394
vn -0.7902701491778117 -0.6109831519437813 0.04661200874582927
vn 0.7902701491778117 0.6109831519437813 -0.04661200874582927
vn -0.9982178596395866 0 -0.059674992220883974
vn -0.9965217581778353 0 -0.08333297953485258
vn 0.9965217581778353 0 0.08333297953485258
vn 0.9982178596395866 0 0.059674992220883974
vn -0.7915890692778342 -0.6109870443541657 0.009032000399291598
vn 0.7915890692778342 0.6109870443541657 -0.009032000399291598
vn 0.8360225128567729 -0.2450398645983547 -0.49093973434044536
vn 0.6849249921895566 -0.2451319893936514 -0.6861399732197846
vn -0.09349503177895778 -0.9925903854645565 0.07760802610539065
vn 0.09349503177895778 0.9925903854645565 -0.07760802610539065
vn -0.6849249921895566 0.2451319893936514 0.6861399732197846
vn -0.8360225128567729 0.2450398645983547 0.49093973434044536
vn 0.9127610787295981 -0.24564602836910776 -0.32638204898992795
vn -0.10985999522581558 -0.9924559487434416 0.054423995192739806
vn 0.10985999522581558 0.9924559487434416 -0.054423995192739806
vn -0.9127610787295981 0.24564602836910776 0.32638204898992795
vn 0.9497937749142177 -0.24570894523071363 -0.19369795912143825
vn -0.11789097263088257 -0.99237580987051 0.0359439919318122
vn 0.11789097263088257 0.99237580987051 -0.0359439919318122
vn -0.9497937749142177 0.24570894523071363 0.19369795912143825
vn 0.47091510707336115 -0.2449060543789494 -0.8475022043974988
vn -0.0685480153505735 -0.9926032067276219 0.10020001789191094
vn 0.0685480153505735 0.9926032067276219 -0.10020001789191094
vn -0.47091510707336115 0.2449060543789494 0.8475022043974988
vn 0.22130993474556435 -0.24474791908675378 -0.9439917207717543
vn -0.038484999955690366 -0.9926139243701315 0.11504999750081407
vn 0.038484999955690366 0.9926139243701315 -0.11504999750081407
vn -0.22130993474556435 0.24474791908675378 0.9439917207717543
vn 0.8623187401084241 0 0.5063658662052766
vn 0.7692109353280954 0 0.6389949428373253
vn -0.7692109353280954 0 -0.6389949428373253
vn -0.8623187401084241 0 -0.5063658662052766
vn -0.769223623573999 0 -0.6389796686403152
vn -0.7064890372577678 0 -0.7077239859115928
vn 0.7064890372577678 0 0.7077239859115928
vn 0.769223623573999 0 0.6389796686403152
vn 0.25169904965289414 -0.609404146234267 0.7518471752665657
vn 0.38501784573399367 -0.6095967971983952 0.6929307348586966
vn -0.38501784573399367 0.6095967971983952 -0.6929307348586966
vn -0.25169904965289414 0.609404146234267 -0.7518471752665657
vn -0.044941023770986036 -0.24470513242694855 -0.9685554721059219
vn -0.005675998915908316 -0.992619816867124 0.12113497512685645
vn 0.005675998915908316 0.992619816867124 -0.12113497512685645
vn 0.044941023770986036 0.24470513242694855 0.9685554721059219
vn -0.9942664383086965 0 -0.10693105092974126
vn 0.9942664383086965 0 0.10693105092974126
vn 0.9788469253966313 0 0.20459397997390297
vn -0.9788469253966313 0 -0.20459397997390297
vn -0.7886204409897459 -0.6082903605681576 -0.08978105197088972
vn -0.7900265680818812 -0.6107796494770615 -0.052973970112146815
vn 0.7900265680818812 0.6107796494770615 0.052973970112146815
vn 0.7886204409897459 0.6082903605681576 0.08978105197088972
vn 0.9676541266038667 -0.24574003117726773 -0.057073008887770976
vn -0.12182193767879779 -0.9923724856472443 0.018874989549480893
vn 0.12182193767879779 0.9923724856472443 -0.018874989549480893
vn -0.9676541266038667 0.24574003117726773 0.057073008887770976
vn 0.9416173002512898 0 0.33668510490883413
vn 0.8957474713439098 0 0.44456323237644363
vn -0.8957474713439098 0 -0.44456323237644363
vn -0.9416173002512898 0 -0.33668510490883413
vn -0.8623276063334275 0 -0.5063507671123461
vn -0.8957496506165213 0 -0.44455884134766654
vn 0.4476000235517385 -0.6097139940834629 0.6541429999130726
vn 0.5598210181474716 -0.6099699828381618 0.5608360256587843
vn -0.5598210181474716 0.6099699828381618 -0.5608360256587843
vn -0.4476000235517385 0.6097139940834629 -0.6541429999130726
vn 0.8623276063334275 0 0.5063507671123461
vn -0.30780010975522304 -0.24478909563240306 -0.9194223137895571
vn 0.027748008806029262 -0.9926163172145939 0.11808003559720574
vn -0.027748008806029262 0.9926163172145939 -0.11808003559720574
vn 0.30780010975522304 0.24478909563240306 0.9194223137895571
vn 0 0 -1
vn 0 0 1
vn 0.9161550558400859 0 0.4008240432641844
vn -0.9161550558400859 0 -0.4008240432641844
vn -0.7862209722133632 -0.6049799494677248 -0.1259199888576194
vn 0.7862209722133632 0.6049799494677248 0.1259199888576194
vn -0.12327495118792138 -0.9923716085777199 0.0013699994467206971
vn 0.12327495118792138 0.9923716085777199 -0.0013699994467206971
vn 0.9671943474945444 -0.2456170852253654 0.06486402408113433
vn -0.9671943474945444 0.2456170852253654 -0.06486402408113433
vn -0.7064830119106195 0 0.7077300006935552
vn 0.7064830119106195 0 -0.7077300006935552
vn -0.8623273465374968 0 0.5063512095508411
vn 0.8623273465374968 0 -0.5063512095508411
vn -0.9416130398649033 0 0.33669701982104905
vn 0.9416130398649033 0 -0.33669701982104905
vn -0.4856951574925378 0 0.8741282594609896
vn 0.4856951574925378 0 -0.8741282594609896
vn -0.22825793156423013 0 0.973600696732505
vn 0.22825793156423013 0 -0.973600696732505
vn 0.9798307950633617 0 0.19982895947659904
vn 0.9565318283206811 0 0.29162795032283073
vn -0.9565318283206811 0 -0.29162795032283073
vn -0.9798307950633617 0 -0.19982895947659904
vn -0.9982645385319417 0 -0.058888972733520804
vn -0.9882110099348168 0 -0.1530980073142995
vn -0.9999349038422831 0 -0.011409999032594835
vn 0.9999349038422831 0 0.011409999032594835
vn 0.9882110099348168 0 0.1530980073142995
vn 0.9982645385319417 0 0.058888972733520804
vn -0.9798305995820251 0 -0.199829917987095
vn -0.9565330284843995 0 -0.29162401378909675
vn 0.9565330284843995 0 0.29162401378909675
vn 0.9798305995820251 0 0.199829917987095
vn 0.6094559087036573 -0.6100998771864786 0.5063019209950155
vn 0.6833717148079145 -0.609816755059245 0.40140581043316165
vn -0.6833717148079145 0.609816755059245 -0.40140581043316165
vn -0.6094559087036573 0.6100998771864786 -0.5063019209950155
vn 0.8957496506165213 0 0.44455884134766654
vn -0.9416166672213854 0 -0.336686875317246
vn 0.9416166672213854 0 0.336686875317246
vn -0.5475109379263093 -0.24497797622996548 -0.8001359659541142
vn 0.058923023479699854 -0.9926084297679951 0.10609704264269564
vn -0.058923023479699854 0.9926084297679951 -0.10609704264269564
vn 0.5475109379263093 0.24497797622996548 0.8001359659541142
vn 0.046350012021055216 0 0.9989252606604999
vn -0.046350012021055216 0 -0.9989252606604999
vn 0.7116923126926038 0 0.702491318134433
vn 0.8598063700384967 0 0.5106202170314291
vn -0.8598063700384967 0 -0.5106202170314291
vn -0.7116923126926038 0 -0.702491318134433
vn 0.9594888023541324 -0.2457559527503077 0.13778697269633694
vn -0.12359103269442583 -0.9922972694670054 -0.008449002654193686
vn 0.12359103269442583 0.9922972694670054 0.008449002654193686
vn -0.9594888023541324 0.2457559527503077 -0.13778697269633694
vn -0.7864781296708087 -0.5921121151818793 -0.17565703687682915
vn 0.7864781296708087 0.5921121151818793 0.17565703687682915
vn -0.9982655998739653 0 0.05887097848916768
vn 0.9982655998739653 0 -0.05887097848916768
vn 0.9982654203244707 0 0.05887402300172478
vn 0.9882127211523255 0 0.15308696140663342
vn -0.9882127211523255 0 -0.15308696140663342
vn -0.9982654203244707 0 -0.05887402300172478
vn 0.7091799995547777 -0.610814990431005 0.3520919989097404
vn 0.7455357818531058 -0.6108268259832068 0.2665839204377477
vn -0.7455357818531058 0.6108268259832068 -0.2665839204377477
vn -0.7091799995547777 0.610814990431005 -0.3520919989097404
vn -0.9927226757861167 0 0.12042295869165695
vn 0.9927226757861167 0 -0.12042295869165695
vn -0.7457357518788245 -0.24520992428601857 -0.6194758117968524
vn 0.08580802679155201 -0.9925953099979686 0.08597402577625901
vn -0.08580802679155201 0.9925953099979686 -0.08597402577625901
vn 0.7457357518788245 0.24520992428601857 0.6194758117968524
vn 0.3174640854915303 0 0.9482702960775616
vn -0.3174640854915303 0 -0.9482702960775616
vn 0.9942670875415675 0 -0.1069250140594286
vn 0.9965224226511851 0 -0.08332503317378787
vn -0.9942670875415675 0 0.1069250140594286
vn -0.9965224226511851 0 0.08332503317378787
vn 0.6199870468282738 0 0.7846120453862252
vn 0.41351223608054105 0 0.9104985615648555
vn -0.41351223608054105 0 -0.9104985615648555
vn -0.6199870468282738 0 -0.7846120453862252
vn -0.12431603448159682 -0.9922062570518954 -0.008501002166712039
vn 0.12431603448159682 0.9922062570518954 0.008501002166712039
vn -0.7908667561541597 -0.582398852432814 -0.1879929538443892
vn 0.7908667561541597 0.582398852432814 0.1879929538443892
vn -0.9978170420883743 0 -0.06603900754862653
vn 0.9978170420883743 0 0.06603900754862653
vn 0.9982184554197615 0 -0.05966502542851927
vn 0.9999349722750355 0 0.011404000233431976
vn -0.9999349722750355 0 -0.011404000233431976
vn -0.9982184554197615 0 0.05966502542851927
vn 0.7757160611737389 -0.6109310221097978 0.15820201851107354
vn 0.757315672902752 -0.6108667650215757 0.23089990681662687
vn -0.757315672902752 0.6108667650215757 -0.23089990681662687
vn -0.7757160611737389 0.6109310221097978 -0.15820201851107354
vn -0.9788460832084761 0 0.20459800924599728
vn 0.9788460832084761 0 -0.20459800924599728
vn -0.8682890794505169 -0.24563802220529438 -0.4309710391128914
vn 0.10551598725409367 -0.9924938523123554 0.06182499135442379
vn -0.10551598725409367 0.9924938523123554 -0.06182499135442379
vn 0.8682890794505169 0.24563802220529438 0.4309710391128914
vn 0.5647079048696129 0 0.8252908470216864
vn -0.5647079048696129 0 -0.8252908470216864
vn -0.711694796222192 0 0.7024888020675151
vn -0.9161559518736151 0 0.4008219952130252
vn -0.8598089003618659 0 0.5106159563297245
vn 0.8598089003618659 0 -0.5106159563297245
vn 0.9161559518736151 0 -0.4008219952130252
vn 0.711694796222192 0 -0.7024888020675151
vn -0.6199859301281179 0 0.784612927782338
vn -0.41350984019195103 0 0.9104996496783659
vn 0.41350984019195103 0 -0.9104996496783659
vn 0.6199859301281179 0 -0.784612927782338
vn 0.29877910941484204 0 0.9543222955465693
vn 0.061346967806722955 0 0.998116500986193
vn -0.061346967806722955 0 -0.998116500986193
vn -0.29877910941484204 0 -0.9543222955465693
vn 0.9529445450430524 -0.24549214179194198 0.1778491000570286
vn -0.9529445450430524 0.24549214179194198 -0.1778491000570286
vn -0.9903445135698342 0 -0.13862807955868256
vn 0.9903445135698342 0 0.13862807955868256
vn -0.7895179124224604 -0.5529399506031223 -0.26630598376885384
vn 0.7895179124224604 0.5529399506031223 0.26630598376885384
vn 0.7902704070045761 -0.6109833512779068 0.04660502412873036
vn 0.7823341059567264 -0.610955059495433 0.12119101424537153
vn -0.7823341059567264 0.610955059495433 -0.12119101424537153
vn -0.7902704070045761 0.6109833512779068 -0.04660502412873036
vn -0.927215861999298 -0.24566997086276676 -0.2826959686185606
vn 0.11604403124796524 -0.9923772521759795 0.04148701212878326
vn -0.11604403124796524 0.9923772521759795 -0.04148701212878326
vn 0.927215861999298 0.24566997086276676 0.2826959686185606
vn 0.7692227118116689 0 0.6389807662466077
vn -0.7692227118116689 0 -0.6389807662466077
vn -0.29877789767258395 0 0.9543226749178451
vn 0.29877789767258395 0 -0.9543226749178451
vn -0.06134696780672339 0 0.998116500986193
vn 0.06134696780672339 0 -0.998116500986193
vn -0.12548096588562097 -0.9920747991552472 -0.006489998573751576
vn 0.12548096588562097 0.9920747991552472 0.006489998573751576
vn -0.8040030142431975 -0.5366659853815963 -0.25606400219916325
vn 0.8040030142431975 0.5366659853815963 0.25606400219916325
vn 0.9447416423563764 -0.24517790010957619 0.21760291012676147
vn -0.9447416423563764 0.24517790010957619 -0.21760291012676147
vn -0.9843056715036524 0 -0.176471938408756
vn 0.9843056715036524 0 0.176471938408756
vn 0.7889869284277755 -0.6109659861385248 -0.0649629937109116
vn 0.7915890692778342 -0.6109870443541657 0.009032000399291949
vn -0.7915890692778342 0.6109870443541657 -0.009032000399291949
vn -0.7889869284277755 0.6109659861385248 0.0649629937109116
vn -0.9579142874846219 -0.24572406766835292 -0.14839103881753782
vn 0.12078105532891002 -0.9923734690808389 0.024634011814887016
vn -0.12078105532891002 0.9923734690808389 -0.024634011814887016
vn 0.9579142874846219 0.24572406766835292 0.14839103881753782
vn 0.8957464759394436 0 0.44456523800457914
vn -0.8957464759394436 0 -0.44456523800457914
vn -0.7946284639247974 -0.4846877003661259 -0.36557275258737965
vn 0.7946284639247974 0.4846877003661259 0.36557275258737965
vn -0.12701004137314542 -0.9918903149854305 -0.004696001330428573
vn 0.12701004137314542 0.9918903149854305 0.004696001330428573
vn -0.8080079986610812 -0.45717098375696724 -0.37164198593592834
vn 0.8080079986610812 0.45717098375696724 0.37164198593592834
vn 0.9231110933253667 -0.23951702192927643 0.3008280332445378
vn -0.9231110933253667 0.23951702192927643 -0.3008280332445378
vn 0.7887873048513868 -0.6080862193137041 -0.08969803557520721
vn -0.7887873048513868 0.6080862193137041 0.08969803557520721
vn -0.9692719883964119 -0.24574299909442096 -0.011053999554247088
vn 0.12306793938786592 -0.9923715086208409 0.007284996391274201
vn -0.12306793938786592 0.9923715086208409 -0.007284996391274201
vn 0.9692719883964119 0.24574299909442096 0.011053999554247088
vn 0.9565302593027721 0 0.29163309660971515
vn -0.9565302593027721 0 -0.29163309660971515
vn -0.976820279458057 0 -0.21406106988306722
vn 0.976820279458057 0 0.21406106988306722
vn -0.7579571040833909 -0.40046307952346627 -0.514908098895426
vn 0.7579571040833909 0.40046307952346627 0.514908098895426
vn -0.12074100535663673 -0.9925310270097493 -0.01742900021347135
vn 0.12074100535663673 0.9925310270097493 0.01742900021347135
vn -0.7301959749981255 -0.38126997878936325 -0.5669629982375352
vn 0.7301959749981255 0.38126997878936325 0.5669629982375352
vn 0.834585169630816 -0.2181220469200092 0.505856073680773
vn -0.834585169630816 0.2181220469200092 -0.505856073680773
vn 0.12326594588234098 -0.9923396201871623 -0.008220997052090125
vn -0.9647153880461989 -0.24596109347859227 0.09395403430234928
vn 0.9647153880461989 0.24596109347859227 -0.09395403430234928
vn -0.12326594588234098 0.9923396201871623 0.008220997052090125
vn 0.7803127866316074 -0.6040698310246752 -0.161899951405292
vn -0.7803127866316074 0.6040698310246752 0.161899951405292
vn 0.9882119422073911 0 0.153091989596766
vn -0.9882119422073911 0 -0.153091989596766
vn -0.9546282564239864 0 -0.2978000873688579
vn 0.9546282564239864 0 0.2978000873688579
vn -0.62762819632907 -0.33561608234784024 -0.7024561854252593
vn 0.62762819632907 0.33561608234784024 0.7024561854252593
vn -0.09822100024163832 -0.9941440597419622 -0.04505800252232653
vn 0.09822100024163832 0.9941440597419622 0.04505800252232653
vn -0.5512678500593463 -0.31501091954695265 -0.7725748365415026
vn 0.5512678500593463 0.31501091954695265 0.7725748365415026
vn 0.6334638441633421 -0.19163695376035594 0.7496658162749935
vn -0.6334638441633421 0.19163695376035594 -0.7496658162749935
vn 0.12306905659951471 -0.9923034441643201 -0.013707005775640244
vn -0.12306905659951471 0.9923034441643201 0.013707005775640244
vn 0.7893458056514426 -0.5919308549387207 -0.1629449663904664
vn -0.7893458056514426 0.5919308549387207 0.1629449663904664
vn 0.9999350406824237 0 0.01139800050183617
vn -0.9999350406824237 0 -0.01139800050183617
vn -0.9575617526282327 -0.24610993604156758 0.15001796320828556
vn 0.9575617526282327 0.24610993604156758 -0.15001796320828556
vn -0.8608781863192589 0 -0.5088111126141641
vn 0.8608781863192589 0 0.5088111126141641
vn -0.4328598200110755 -0.28212089382397676 -0.8561776553309132
vn 0.4328598200110755 0.28212089382397676 0.8561776553309132
vn -0.06526997570439835 -0.9955796590897223 -0.06753497374205038
vn 0.06526997570439835 0.9955796590897223 0.06753497374205038
vn -0.311530116359654 -0.2667490993505155 -0.9120273595658352
vn 0.311530116359654 0.2667490993505155 0.9120273595658352
vn 0.3634630692630826 -0.17351503310820224 0.9153071236297242
vn -0.3634630692630826 0.17351503310820224 -0.9153071236297242
vn 0.9953751575726218 0 -0.09606401869211066
vn -0.9953751575726218 0 0.09606401869211066
vn 0.7766608973437652 -0.5789419401508754 -0.2482419796720882
vn -0.7766608973437652 0.5789419401508754 0.2482419796720882
vn 0.8004925321244228 -0.5543166721965909 -0.22791387175406208
vn -0.8004925321244228 0.5543166721965909 0.22791387175406208
vn -0.9504186221567155 -0.2462029051728228 0.18996992430959272
vn 0.12355997613359368 -0.9922698293871663 -0.011554998305042741
vn -0.12355997613359368 0.9922698293871663 0.011554998305042741
vn 0.9504186221567155 0.2462029051728228 -0.18996992430959272
vn -0.6510407794921613 0 -0.7590427546839762
vn 0.6510407794921613 0 0.7590427546839762
vn -0.19911799495774896 -0.24954699430838734 -0.9476699434484853
vn 0.19911799495774896 0.24954699430838734 0.9476699434484853
vn -0.0282620000145731 -0.9964539822664571 -0.07925099734700933
vn 0.0282620000145731 0.9964539822664571 0.07925099734700933
vn -0.03747300933076019 -0.2441300574424289 -0.9690182086136737
vn 0.03747300933076019 0.2441300574424289 0.9690182086136737
vn 0.05406499559722934 -0.16597998199092306 0.9846459372938907
vn -0.05406499559722934 0.16597998199092306 -0.9846459372938907
vn 0.9884927927494065 0 -0.15126796978368903
vn -0.9884927927494065 0 0.15126796978368903
vn 0.7768190152211766 -0.5290860104629485 -0.3414970148086248
vn 0.818897688175357 -0.48932079384677213 -0.2999528913183206
vn -0.818897688175357 0.48932079384677213 0.2999528913183206
vn -0.7768190152211766 0.5290860104629485 0.3414970148086248
vn -0.9416229310433961 -0.24624298919227 0.22958799186128906
vn 0.12444996155401644 -0.9921807114082967 -0.00946799759874354
vn -0.12444996155401644 0.9921807114082967 0.00946799759874354
vn 0.9416229310433961 0.24624298919227 -0.22958799186128906
vn -0.3724767984192671 0 -0.9280415048042479
vn 0.3724767984192671 0 0.9280415048042479
vn 0.05211201503994416 -0.2422500737509721 -0.9688133151728071
vn -0.05211201503994416 0.2422500737509721 0.9688133151728071
vn 0.009602002880719768 -0.9967132811054944 -0.08043902540805875
vn -0.009602002880719768 0.9967132811054944 0.08043902540805875
vn 0.24129594928628903 -0.25048895078600714 -0.9375668244942085
vn -0.24129594928628903 0.25048895078600714 0.9375668244942085
vn -0.2611279534528833 -0.16996695997364486 0.9502228288369134
vn 0.2611279534528833 0.16996695997364486 -0.9502228288369134
vn 0.769816295461085 -0.4453741936991044 -0.45719219025421276
vn 0.8070889705656498 -0.40391901106800543 -0.43064698546387636
vn -0.8070889705656498 0.40391901106800543 0.43064698546387636
vn -0.769816295461085 0.4453741936991044 0.45719219025421276
vn -0.9042077920373298 -0.2339979456456114 0.3572859222704004
vn 0.12127005267706013 -0.992559439247579 -0.010924004953976548
vn -0.12127005267706013 0.992559439247579 0.010924004953976548
vn 0.9042077920373298 0.2339979456456114 -0.3572859222704004
vn 0.9819705599995627 0 -0.1890339104344645
vn -0.9819705599995627 0 0.1890339104344645
vn -0.054839012542018124 0 -0.9984952091539631
vn 0.054839012542018124 0 0.9984952091539631
vn 0.29854510305086834 -0.2612030786001059 -0.9179563024317515
vn -0.29854510305086834 0.2612030786001059 0.9179563024317515
vn 0.04596601851927888 -0.9963574389064855 -0.07182603342238986
vn -0.04596601851927888 0.9963574389064855 0.07182603342238986
vn 0.495087995128058 -0.2844369916176208 -0.8209649656834314
vn -0.495087995128058 0.2844369916176208 0.8209649656834314
vn -0.5480617454347942 -0.18500890780627996 0.8157205570679792
vn 0.5480617454347942 0.18500890780627996 -0.8157205570679792
vn 0.6905680638291044 -0.36475904757054245 -0.6245531093788205
vn 0.6963867631632561 -0.3401118884861907 -0.6319567860236646
vn -0.6963867631632561 0.3401118884861907 0.6319567860236646
vn -0.6905680638291044 0.36475904757054245 0.6245531093788205
vn 0.10592800668740487 -0.9939771073693947 -0.028085003557130866
vn -0.7753969460653981 -0.209286987397282 0.5957839649895117
vn 0.7753969460653981 0.209286987397282 -0.5957839649895117
vn -0.10592800668740487 0.9939771073693947 0.028085003557130866
vn 0.9740039568542391 0 -0.226530995742934
vn -0.9740039568542391 0 0.226530995742934
vn 0.2684959605455736 0 -0.9632808101331148
vn -0.2684959605455736 0 0.9632808101331148
vn 0.5181449438102185 -0.3039409639344833 -0.7994658889824398
vn -0.5181449438102185 0.3039409639344833 0.7994658889824398
vn 0.07845400932070794 -0.995430076197663 -0.05444200421201498
vn -0.07845400932070794 0.995430076197663 0.05444200421201498
vn 0.9345838491397015 0 -0.3557429253368498
vn -0.9345838491397015 0 0.3557429253368498
vn 0.563756851131292 0 -0.8259408046600737
vn -0.563756851131292 0 0.8259408046600737
vn 0.7996291444874214 0 -0.6004941559135395
vn -0.7996291444874214 0 0.6004941559135395
usemtl material_0_0
f 1//1 2//1 3//1
f 4//2 5//2 6//2
f 7//3 8//4 9//5
f 10//6 11//7 12//8
f 13//1 14//1 15//1
f 16//2 17//2 18//2
f 19//4 20//9 21//10
f 22//11 23//12 24//7
f 25//1 26//1 27//1
f 28//2 29//2 30//2
f 31//10 32//13 33//14
f 34//15 35//16 36//11
f 37//1 38//1 39//1
f 40//2 41//2 42//2
f 43//14 44//17 45//18
f 46//19 47//20 48//15
f 49//1 50//1 51//1
f 52//2 53//2 54//2
f 55//21 56//5 57//22
f 58//23 59//6 60//24
f 61//1 62//1 63//1
f 64//2 65//2 66//2
f 67//1 68//1 69//1
f 70//2 71//2 72//2
f 73//3 74//9 75//4
f 76//7 77//12 78//8
f 79//21 80//3 81//5
f 82//6 83//8 84//24
f 85//1 86//1 87//1
f 88//2 89//2 90//2
f 91//1 92//1 93//1
f 94//2 95//2 96//2
f 97//10 98//9 99//13
f 100//16 101//12 102//11
f 103//1 104//1 105//1
f 106//2 107//2 108//2
f 109//14 110//13 111//17
f 112//20 113//16 114//15
f 115//1 116//1 117//1
f 118//2 119//2 120//2
f 121//18 122//25 123//26
f 124//27 125//28 126//19
f 127//1 128//1 129//1
f 130//2 131//2 132//2
f 133//1 134//1 135//1
f 136//2 137//2 138//2
f 139//18 140//17 141//25
f 142//28 143//20 144//19
f 145//1 146//1 147//1
f 148//2 149//2 150//2
f 151//1 152//1 153//1
f 154//2 155//2 156//2
f 157//29 158//21 159//22
f 160//23 161//24 162//30
f 163//1 164//1 165//1
f 166//2 167//2 168//2
f 169//29 170//22 171//31
f 172//32 173//23 174//30
f 175//33 176//34 177//35
f 178//36 179//37 180//38
f 181//39 182//33 183//40
f 184//41 185//38 186//42
f 187//2 188//2 189//2
f 190//1 191//1 192//1
f 193//43 194//44 195//45
f 196//46 197//47 198//48
f 199//2 200//2 201//2
f 202//1 203//1 204//1
f 205//49 206//45 207//50
f 208//51 209//46 210//52
f 211//53 212//54 213//55
f 214//56 215//57 216//58
f 217//34 218//55 219//59
f 220//60 221//56 222//37
f 223//2 224//2 225//2
f 226//1 227//1 228//1
f 229//44 230//61 231//62
f 232//63 233//64 234//47
f 235//65 236//66 237//53
f 238//58 239//67 240//68
f 241//2 242//2 243//2
f 244//1 245//1 246//1
f 247//62 248//69 249//70
f 250//71 251//72 252//63
f 253//1 254//1 255//1
f 256//2 257//2 258//2
f 259//26 260//73 261//74
f 262//75 263//76 264//27
f 265//1 266//1 267//1
f 268//2 269//2 270//2
f 271//26 272//25 273//73
f 274//76 275//28 276//27
f 277//77 278//78 279//65
f 280//68 281//79 282//80
f 283//81 284//82 285//77
f 286//80 287//83 288//84
f 289//2 290//2 291//2
f 292//1 293//1 294//1
f 295//70 296//85 297//86
f 298//87 299//88 300//71
f 301//89 302//39 303//90
f 304//91 305//42 306//92
f 307//1 308//1 309//1
f 310//2 311//2 312//2
f 313//2 314//2 315//2
f 316//1 317//1 318//1
f 319//93 320//50 321//94
f 322//95 323//51 324//96
f 325//1 326//1 327//1
f 328//2 329//2 330//2
f 331//97 332//29 333//31
f 334//32 335//30 336//98
f 337//97 338//31 339//99
f 340//100 341//32 342//98
f 343//34 344//59 345//35
f 346//36 347//60 348//37
f 349//33 350//35 351//40
f 352//41 353//36 354//38
f 355//39 356//40 357//90
f 358//91 359//41 360//42
f 361//2 362//2 363//2
f 364//1 365//1 366//1
f 367//2 368//2 369//2
f 370//1 371//1 372//1
f 373//43 374//61 375//44
f 376//47 377//64 378//48
f 379//49 380//43 381//45
f 382//46 383//48 384//52
f 385//2 386//2 387//2
f 388//1 389//1 390//1
f 391//2 392//2 393//2
f 394//1 395//1 396//1
f 397//93 398//49 399//50
f 400//51 401//52 402//96
f 403//53 404//66 405//54
f 406//57 407//67 408//58
f 409//55 410//54 411//59
f 412//60 413//57 414//56
f 415//2 416//2 417//2
f 418//1 419//1 420//1
f 421//2 422//2 423//2
f 424//1 425//1 426//1
f 427//62 428//61 429//69
f 430//72 431//64 432//63
f 433//65 434//78 435//66
f 436//67 437//79 438//68
f 439//2 440//2 441//2
f 442//1 443//1 444//1
f 445//70 446//69 447//85
f 448//88 449//72 450//71
f 451//1 452//1 453//1
f 454//2 455//2 456//2
f 457//74 458//101 459//102
f 460//103 461//104 462//75
f 463//1 464//1 465//1
f 466//2 467//2 468//2
f 469//74 470//73 471//101
f 472//104 473//76 474//75
f 475//105 476//106 477//81
f 478//84 479//107 480//108
f 481//2 482//2 483//2
f 484//1 485//1 486//1
f 487//86 488//109 489//110
f 490//111 491//112 492//87
f 493//77 494//82 495//78
f 496//79 497//83 498//80
f 499//81 500//106 501//82
f 502//83 503//107 504//84
f 505//2 506//2 507//2
f 508//1 509//1 510//1
f 511//86 512//85 513//109
f 514//112 515//88 516//87
f 517//89 518//90 519//113
f 520//114 521//91 522//92
f 523//1 524//1 525//1
f 526//2 527//2 528//2
f 529//115 530//89 531//113
f 532//114 533//92 534//116
f 535//2 536//2 537//2
f 538//1 539//1 540//1
f 541//117 542//93 543//94
f 544//95 545//96 546//118
f 547//119 548//99 549//120
f 550//121 551//100 552//122
f 553//117 554//94 555//123
f 556//124 557//95 558//118
f 559//119 560//97 561//99
f 562//100 563//98 564//122
f 565//2 566//2 567//2
f 568//1 569//1 570//1
f 571//125 572//126 573//127
f 574//128 575//129 576//130
f 577//2 578//2 579//2
f 580//1 581//1 582//1
f 583//131 584//125 585//132
f 586//133 587//130 588//134
f 589//2 590//2 591//2
f 592//1 593//1 594//1
f 595//2 596//2 597//2
f 598//1 599//1 600//1
f 601//135 602//131 603//136
f 604//137 605//134 606//138
f 607//2 608//2 609//2
f 610//1 611//1 612//1
f 613//139 614//140 615//126
f 616//129 617//141 618//142
f 619//2 620//2 621//2
f 622//1 623//1 624//1
f 625//143 626//144 627//139
f 628//142 629//145 630//146
f 631//1 632//1 633//1
f 634//2 635//2 636//2
f 637//147 638//102 639//148
f 640//149 641//103 642//150
f 643//1 644//1 645//1
f 646//2 647//2 648//2
f 649//1 650//1 651//1
f 652//2 653//2 654//2
f 655//102 656//101 657//148
f 658//149 659//104 660//103
f 661//151 662//152 663//105
f 664//108 665//153 666//154
f 667//2 668//2 669//2
f 670//1 671//1 672//1
f 673//110 674//155 675//156
f 676//157 677//158 678//111
f 679//105 680//152 681//106
f 682//107 683//153 684//108
f 685//2 686//2 687//2
f 688//1 689//1 690//1
f 691//2 692//2 693//2
f 694//1 695//1 696//1
f 697//110 698//109 699//155
f 700//158 701//112 702//111
f 703//2 704//2 705//2
f 706//1 707//1 708//1
f 709//159 710//160 711//143
f 712//146 713//161 714//162
f 715//163 716//120 717//163
f 718//164 719//121 720//164
f 721//1 722//1 723//1
f 724//2 725//2 726//2
f 727//115 728//113 729//165
f 730//166 731//114 732//116
f 733//167 734//168 735//123
f 736//124 737//169 738//170
f 739//2 740//2 741//2
f 742//1 743//1 744//1
f 745//171 746//135 747//172
f 748//173 749//138 750//174
f 751//163 752//119 753//120
f 754//121 755//122 756//164
f 757//168 758//117 759//123
f 760//124 761//118 762//169
f 763//126 764//140 765//127
f 766//128 767//141 768//129
f 769//125 770//127 771//132
f 772//133 773//128 774//130
f 775//131 776//132 777//136
f 778//137 779//133 780//134
f 781//2 782//2 783//2
f 784//1 785//1 786//1
f 787//135 788//136 789//172
f 790//173 791//137 792//138
f 793//139 794//144 795//140
f 796//141 797//145 798//142
f 799//143 800//160 801//144
f 802//145 803//161 804//146
f 805//1 806//1 807//1
f 808//2 809//2 810//2
f 811//175 812//147 813//176
f 814//177 815//150 816//178
f 817//1 818//1 819//1
f 820//2 821//2 822//2
f 823//1 824//1 825//1
f 826//2 827//2 828//2
f 829//147 830//148 831//176
f 832//177 833//149 834//150
f 835//179 836//151 837//180
f 838//2 839//2 840//2
f 841//1 842//1 843//1
f 844//156 845//181 846//182
f 847//183 848//184 849//157
f 850//179 851//152 852//151
f 853//154 854//153 855//185
f 856//2 857//2 858//2
f 859//1 860//1 861//1
f 862//156 863//155 864//181
f 865//184 866//158 867//157
f 868//186 869//187 870//159
f 871//162 872//188 873//189
f 874//159 875//187 876//160
f 877//161 878//188 879//162
f 880//190 881//190 882//190
f 883//191 884//191 885//191
f 886//1 887//1 888//1
f 889//2 890//2 891//2
f 892//192 893//115 894//165
f 895//166 896//116 897//193
f 898//194 899//168 900//167
f 901//170 902//169 903//195
f 904//2 905//2 906//2
f 907//1 908//1 909//1
f 910//171 911//172 912//196
f 913//197 914//173 915//174
f 916//198 917//171 918//196
f 919//197 920//174 921//199
f 922//127 923//200 924//140
f 925//141 926//201 927//128
f 928//202 929//127 930//132
f 931//133 932//128 933//203
f 934//204 935//132 936//136
f 937//137 938//133 939//205
f 940//2 941//2 942//2
f 943//1 944//1 945//1
f 946//42 947//136 948//172
f 949//173 950//137 951//39
f 952//140 953//206 954//144
f 955//145 956//207 957//141
f 958//144 959//208 960//160
f 961//161 962//209 963//145
f 964//1 965//1 966//1
f 967//2 968//2 969//2
f 970//210 971//175 972//211
f 973//212 974//178 975//213
f 976//1 977//1 978//1
f 979//2 980//2 981//2
f 982//175 983//176 984//211
f 985//212 986//177 987//178
f 988//214 989//215 990//216
f 991//217 992//218 993//219
f 994//220 995//221 996//215
f 997//218 998//222 999//223
f 1000//2 1001//2 1002//2
f 1003//1 1004//1 1005//1
f 1006//224 1007//225 1008//182
f 1009//183 1010//226 1011//227
f 1012//228 1013//154 1014//185
f 1015//229 1016//179 1017//180
f 1018//228 1019//185 1020//230
f 1021//2 1022//2 1023//2
f 1024//1 1025//1 1026//1
f 1027//2 1028//2 1029//2
f 1030//1 1031//1 1032//1
f 1033//182 1034//181 1035//224
f 1036//227 1037//184 1038//183
f 1039//2 1040//2 1041//2
f 1042//1 1043//1 1044//1
f 1045//231 1046//232 1047//186
f 1048//189 1049//233 1050//234
f 1051//186 1052//232 1053//187
f 1054//188 1055//233 1056//189
f 1057//160 1058//235 1059//187
f 1060//188 1061//236 1062//161
f 1063//190 1064//190 1065//190
f 1066//191 1067//191 1068//191
f 1069//2 1070//2 1071//2
f 1072//1 1073//1 1074//1
f 1075//1 1076//1 1077//1
f 1078//2 1079//2 1080//2
f 1081//237 1082//192 1083//238
f 1084//239 1085//193 1086//240
f 1087//192 1088//165 1089//238
f 1090//239 1091//166 1092//193
f 1093//2 1094//2 1095//2
f 1096//1 1097//1 1098//1
f 1099//241 1100//198 1101//242
f 1102//243 1103//199 1104//244
f 1105//245 1106//194 1107//167
f 1108//170 1109//195 1110//246
f 1111//247 1112//172 1113//196
f 1114//197 1115//173 1116//248
f 1117//242 1118//198 1119//196
f 1120//197 1121//199 1122//243
f 1123//202 1124//200 1125//127
f 1126//128 1127//201 1128//203
f 1129//140 1130//200 1131//206
f 1132//207 1133//201 1134//141
f 1135//204 1136//202 1137//132
f 1138//133 1139//203 1140//205
f 1141//42 1142//204 1143//136
f 1144//137 1145//205 1146//39
f 1147//2 1148//2 1149//2
f 1150//1 1151//1 1152//1
f 1153//247 1154//42 1155//172
f 1156//173 1157//39 1158//248
f 1159//144 1160//206 1161//208
f 1162//209 1163//207 1164//145
f 1165//160 1166//208 1167//235
f 1168//236 1169//209 1170//161
f 1171//1 1172//1 1173//1
f 1174//2 1175//2 1176//2
f 1177//249 1178//210 1179//250
f 1180//251 1181//213 1182//252
f 1183//1 1184//1 1185//1
f 1186//2 1187//2 1188//2
f 1189//210 1190//211 1191//250
f 1192//251 1193//212 1194//213
f 1195//1 1196//1 1197//1
f 1198//2 1199//2 1200//2
f 1201//2 1202//2 1203//2
f 1204//1 1205//1 1206//1
f 1207//253 1208//254 1209//225
f 1210//226 1211//255 1212//256
f 1213//214 1214//220 1215//215
f 1216//218 1217//223 1218//219
f 1219//257 1220//214 1221//216
f 1222//217 1223//219 1224//258
f 1225//220 1226//229 1227//221
f 1228//222 1229//230 1230//223
f 1231//2 1232//2 1233//2
f 1234//1 1235//1 1236//1
f 1237//2 1238//2 1239//2
f 1240//1 1241//1 1242//1
f 1243//253 1244//225 1245//224
f 1246//227 1247//226 1248//256
f 1249//229 1250//180 1251//221
f 1252//222 1253//228 1254//230
f 1255//259 1256//260 1257//231
f 1258//234 1259//261 1260//262
f 1261//2 1262//2 1263//2
f 1264//1 1265//1 1266//1
f 1267//231 1268//260 1269//232
f 1270//233 1271//261 1272//234
f 1273//187 1274//263 1275//232
f 1276//233 1277//264 1278//188
f 1279//187 1280//235 1281//263
f 1282//264 1283//236 1284//188
f 1285//265 1286//266 1287//265
f 1288//267 1289//268 1290//267
f 1291//1 1292//1 1293//1
f 1294//2 1295//2 1296//2
f 1297//2 1298//2 1299//2
f 1300//1 1301//1 1302//1
f 1303//2 1304//2 1305//2
f 1306//1 1307//1 1308//1
f 1309//1 1310//1 1311//1
f 1312//2 1313//2 1314//2
f 1315//237 1316//269 1317//270
f 1318//271 1319//272 1320//240
f 1321//237 1322//238 1323//269
f 1324//272 1325//239 1326//240
f 1327//2 1328//2 1329//2
f 1330//1 1331//1 1332//1
f 1333//273 1334//241 1335//242
f 1336//243 1337//244 1338//274
f 1339//275 1340//194 1341//245
f 1342//246 1343//195 1344//276
f 1345//277 1346//247 1347//196
f 1348//197 1349//248 1350//278
f 1351//277 1352//196 1353//242
f 1354//243 1355//197 1356//278
f 1357//2 1358//2 1359//2
f 1360//1 1361//1 1362//1
f 1363//2 1364//2 1365//2
f 1366//1 1367//1 1368//1
f 1369//2 1370//2 1371//2
f 1372//1 1373//1 1374//1
f 1375//2 1376//2 1377//2
f 1378//1 1379//1 1380//1
f 1381//2 1382//2 1383//2
f 1384//1 1385//1 1386//1
f 1387//2 1388//2 1389//2
f 1390//1 1391//1 1392//1
f 1393//2 1394//2 1395//2
f 1396//1 1397//1 1398//1
f 1399//279 1400//249 1401//280
f 1402//281 1403//252 1404//282
f 1405//249 1406//250 1407//280
f 1408//281 1409//251 1410//252
f 1411//265 1412//279 1413//266
f 1414//268 1415//282 1416//267
f 1417//2 1418//2 1419//2
f 1420//1 1421//1 1422//1
f 1423//283 1424//254 1425//284
f 1426//285 1427//255 1428//286
f 1429//1 1430//1 1431//1
f 1432//2 1433//2 1434//2
f 1435//257 1436//216 1437//287
f 1438//288 1439//217 1440//258
f 1441//2 1442//2 1443//2
f 1444//1 1445//1 1446//1
f 1447//284 1448//254 1449//253
f 1450//256 1451//255 1452//285
f 1453//2 1454//2 1455//2
f 1456//1 1457//1 1458//1
f 1459//289 1460//290 1461//259
f 1462//262 1463//291 1464//292
f 1465//259 1466//290 1467//260
f 1468//261 1469//291 1470//262
f 1471//2 1472//2 1473//2
f 1474//1 1475//1 1476//1
f 1477//232 1478//293 1479//260
f 1480//261 1481//294 1482//233
f 1483//232 1484//263 1485//293
f 1486//294 1487//264 1488//233
f 1489//2 1490//2 1491//2
f 1492//1 1493//1 1494//1
f 1495//2 1496//2 1497//2
f 1498//1 1499//1 1500//1
f 1501//1 1502//1 1503//1
f 1504//2 1505//2 1506//2
f 1507//1 1508//1 1509//1
f 1510//2 1511//2 1512//2
f 1513//2 1514//2 1515//2
f 1516//1 1517//1 1518//1
f 1519//295 1520//296 1521//297
f 1522//298 1523//299 1524//300
f 1525//301 1526//302 1527//295
f 1528//300 1529//303 1530//304
f 1531//2 1532//2 1533//2
f 1534//1 1535//1 1536//1
f 1537//1 1538//1 1539//1
f 1540//2 1541//2 1542//2
f 1543//270 1544//305 1545//306
f 1546//307 1547//308 1548//271
f 1549//270 1550//269 1551//305
f 1552//308 1553//272 1554//271
f 1555//309 1556//241 1557//273
f 1558//274 1559//244 1560//310
f 1561//2 1562//2 1563//2
f 1564//1 1565//1 1566//1
f 1567//311 1568//242 1569//273
f 1570//274 1571//243 1572//312
f 1573//313 1574//275 1575//245
f 1576//246 1577//276 1578//314
f 1579//2 1580//2 1581//2
f 1582//1 1583//1 1584//1
f 1585//311 1586//277 1587//242
f 1588//243 1589//278 1590//312
f 1591//2 1592//2 1593//2
f 1594//1 1595//1 1596//1
f 1597//279 1598//280 1599//266
f 1600//268 1601//281 1602//282
f 1603//2 1604//2 1605//2
f 1606//1 1607//1 1608//1
f 1609//315 1610//283 1611//316
f 1612//317 1613//286 1614//318
f 1615//316 1616//283 1617//284
f 1618//285 1619//286 1620//317
f 1621//296 1622//287 1623//297
f 1624//298 1625//288 1626//299
f 1627//296 1628//257 1629//287
f 1630//288 1631//258 1632//299
f 1633//319 1634//320 1635//289
f 1636//292 1637//321 1638//322
f 1639//320 1640//290 1641//289
f 1642//292 1643//291 1644//321
f 1645//290 1646//260 1647//323
f 1648//324 1649//261 1650//291
f 1651//2 1652//2 1653//2
f 1654//1 1655//1 1656//1
f 1657//260 1658//293 1659//323
f 1660//324 1661//294 1662//261
f 1663//2 1664//2 1665//2
f 1666//1 1667//1 1668//1
f 1669//325 1670//302 1671//301
f 1672//304 1673//303 1674//326
f 1675//295 1676//297 1677//301
f 1678//304 1679//298 1680//300
f 1681//325 1682//327 1683//302
f 1684//303 1685//328 1686//326
f 1687//306 1688//327 1689//325
f 1690//326 1691//328 1692//307
f 1693//306 1694//305 1695//327
f 1696//328 1697//308 1698//307
f 1699//309 1700//273 1701//329
f 1702//330 1703//274 1704//310
f 1705//331 1706//275 1707//313
f 1708//314 1709//276 1710//332
f 1711//333 1712//309 1713//329
f 1714//330 1715//310 1716//334
f 1717//2 1718//2 1719//2
f 1720//1 1721//1 1722//1
f 1723//335 1724//311 1725//273
f 1726//274 1727//312 1728//336
f 1729//2 1730//2 1731//2
f 1732//1 1733//1 1734//1
f 1735//337 1736//315 1737//338
f 1738//339 1739//318 1740//340
f 1741//338 1742//315 1743//316
f 1744//317 1745//318 1746//339
f 1747//341 1748//342 1749//319
f 1750//322 1751//343 1752//344
f 1753//342 1754//320 1755//319
f 1756//322 1757//321 1758//343
f 1759//320 1760//290 1761//345
f 1762//346 1763//291 1764//321
f 1765//290 1766//323 1767//345
f 1768//346 1769//324 1770//291
f 1771//2 1772//2 1773//2
f 1774//1 1775//1 1776//1
f 1777//2 1778//2 1779//2
f 1780//1 1781//1 1782//1
f 1783//335 1784//273 1785//329
f 1786//330 1787//274 1788//336
f 1789//347 1790//331 1791//313
f 1792//314 1793//332 1794//348
f 1795//333 1796//329 1797//349
f 1798//350 1799//330 1800//334
f 1801//351 1802//331 1803//347
f 1804//348 1805//332 1806//352
f 1807//353 1808//333 1809//349
f 1810//350 1811//334 1812//354
f 1813//2 1814//2 1815//2
f 1816//1 1817//1 1818//1
f 1819//2 1820//2 1821//2
f 1822//1 1823//1 1824//1
f 1825//337 1826//338 1827//355
f 1828//356 1829//339 1830//340
f 1831//357 1832//358 1833//341
f 1834//344 1835//359 1836//360
f 1837//358 1838//342 1839//341
f 1840//344 1841//343 1842//359
f 1843//342 1844//320 1845//361
f 1846//362 1847//321 1848//343
f 1849//320 1850//345 1851//361
f 1852//362 1853//346 1854//321
f 1855//2 1856//2 1857//2
f 1858//1 1859//1 1860//1
f 1861//2 1862//2 1863//2
f 1864//1 1865//1 1866//1
f 1867//363 1868//335 1869//329
f 1870//330 1871//336 1872//364
f 1873//363 1874//329 1875//349
f 1876//350 1877//330 1878//364
f 1879//365 1880//351 1881//347
f 1882//348 1883//352 1884//366
f 1885//353 1886//349 1887//367
f 1888//368 1889//350 1890//354
f 1891//369 1892//351 1893//365
f 1894//366 1895//352 1896//370
f 1897//371 1898//353 1899//367
f 1900//368 1901//354 1902//372
f 1903//2 1904//2 1905//2
f 1906//1 1907//1 1908//1
f 1909//2 1910//2 1911//2
f 1912//1 1913//1 1914//1
f 1915//373 1916//357 1917//374
f 1918//375 1919//360 1920//376
f 1921//377 1922//337 1923//355
f 1924//356 1925//340 1926//378
f 1927//373 1928//358 1929//357
f 1930//360 1931//359 1932//376
f 1933//358 1934//342 1935//379
f 1936//380 1937//343 1938//359
f 1939//342 1940//361 1941//379
f 1942//380 1943//362 1944//343
f 1945//2 1946//2 1947//2
f 1948//1 1949//1 1950//1
f 1951//2 1952//2 1953//2
f 1954//1 1955//1 1956//1
f 1957//381 1958//363 1959//349
f 1960//350 1961//364 1962//382
f 1963//381 1964//349 1965//367
f 1966//368 1967//350 1968//382
f 1969//383 1970//369 1971//365
f 1972//366 1973//370 1974//384
f 1975//385 1976//371 1977//367
f 1978//368 1979//372 1980//386
f 1981//383 1982//387 1983//369
f 1984//370 1985//388 1986//384
f 1987//389 1988//371 1989//385
f 1990//386 1991//372 1992//390
f 1993//2 1994//2 1995//2
f 1996//1 1997//1 1998//1
f 1999//2 2000//2 2001//2
f 2002//1 2003//1 2004//1
f 2005//391 2006//373 2007//374
f 2008//375 2009//376 2010//392
f 2011//377 2012//355 2013//393
f 2014//394 2015//356 2016//378
f 2017//373 2018//358 2019//395
f 2020//396 2021//359 2022//376
f 2023//358 2024//379 2025//395
f 2026//396 2027//380 2028//359
f 2029//2 2030//2 2031//2
f 2032//1 2033//1 2034//1
f 2035//391 2036//374 2037//397
f 2038//398 2039//375 2040//392
f 2041//2 2042//2 2043//2
f 2044//1 2045//1 2046//1
f 2047//399 2048//381 2049//367
f 2050//368 2051//382 2052//400
f 2053//399 2054//367 2055//385
f 2056//386 2057//368 2058//400
f 2059//401 2060//387 2061//383
f 2062//384 2063//388 2064//402
f 2065//403 2066//389 2067//385
f 2068//386 2069//390 2070//404
f 2071//401 2072//405 2073//387
f 2074//388 2075//406 2076//402
f 2077//389 2078//403 2079//407
f 2080//408 2081//404 2082//390
f 2083//2 2084//2 2085//2
f 2086//1 2087//1 2088//1
f 2089//2 2090//2 2091//2
f 2092//1 2093//1 2094//1
f 2095//391 2096//373 2097//409
f 2098//410 2099//376 2100//392
f 2101//411 2102//377 2103//393
f 2104//394 2105//378 2106//412
f 2107//373 2108//395 2109//409
f 2110//410 2111//396 2112//376
f 2113//2 2114//2 2115//2
f 2116//1 2117//1 2118//1
f 2119//411 2120//393 2121//413
f 2122//414 2123//394 2124//412
f 2125//415 2126//416 2127//397
f 2128//398 2129//417 2130//418
f 2131//416 2132//391 2133//397
f 2134//398 2135//392 2136//417
f 2137//2 2138//2 2139//2
f 2140//1 2141//1 2142//1
f 2143//419 2144//399 2145//385
f 2146//386 2147//400 2148//420
f 2149//419 2150//385 2151//403
f 2152//404 2153//386 2154//420
f 2155//421 2156//405 2157//401
f 2158//402 2159//406 2160//422
f 2161//407 2162//403 2163//423
f 2164//424 2165//404 2166//408
f 2167//421 2168//425 2169//405
f 2170//406 2171//426 2172//422
f 2173//407 2174//423 2175//427
f 2176//428 2177//424 2178//408
f 2179//2 2180//2 2181//2
f 2182//1 2183//1 2184//1
f 2185//2 2186//2 2187//2
f 2188//1 2189//1 2190//1
f 2191//391 2192//409 2193//429
f 2194//430 2195//410 2196//392
f 2197//2 2198//2 2199//2
f 2200//1 2201//1 2202//1
f 2203//431 2204//413 2205//432
f 2206//433 2207//414 2208//434
f 2209//435 2210//436 2211//415
f 2212//418 2213//437 2214//438
f 2215//431 2216//411 2217//413
f 2218//414 2219//412 2220//434
f 2221//436 2222//416 2223//415
f 2224//418 2225//417 2226//437
f 2227//416 2228//391 2229//429
f 2230//430 2231//392 2232//417
f 2233//2 2234//2 2235//2
f 2236//1 2237//1 2238//1
f 2239//403 2240//439 2241//419
f 2242//420 2243//440 2244//404
f 2245//423 2246//439 2247//403
f 2248//404 2249//440 2250//424
f 2251//441 2252//425 2253//421
f 2254//422 2255//426 2256//442
f 2257//427 2258//423 2259//443
f 2260//444 2261//424 2262//428
f 2263//441 2264//445 2265//425
f 2266//426 2267//446 2268//442
f 2269//427 2270//443 2271//447
f 2272//448 2273//444 2274//428
f 2275//2 2276//2 2277//2
f 2278//1 2279//1 2280//1
f 2281//2 2282//2 2283//2
f 2284//1 2285//1 2286//1
f 2287//2 2288//2 2289//2
f 2290//1 2291//1 2292//1
f 2293//449 2294//432 2295//450
f 2296//451 2297//433 2298//452
f 2299//453 2300//454 2301//435
f 2302//438 2303//455 2304//456
f 2305//449 2306//431 2307//432
f 2308//433 2309//434 2310//452
f 2311//454 2312//436 2313//435
f 2314//438 2315//437 2316//455
f 2317//436 2318//416 2319//457
f 2320//458 2321//417 2322//437
f 2323//416 2324//429 2325//457
f 2326//458 2327//430 2328//417
f 2329//2 2330//2 2331//2
f 2332//1 2333//1 2334//1
f 2335//423 2336//459 2337//439
f 2338//440 2339//460 2340//424
f 2341//443 2342//459 2343//423
f 2344//424 2345//460 2346//444
f 2347//461 2348//445 2349//441
f 2350//442 2351//446 2352//462
f 2353//447 2354//443 2355//463
f 2356//464 2357//444 2358//448
f 2359//2 2360//2 2361//2
f 2362//1 2363//1 2364//1
f 2365//461 2366//465 2367//445
f 2368//446 2369//466 2370//462
f 2371//447 2372//463 2373//467
f 2374//468 2375//464 2376//448
f 2377//2 2378//2 2379//2
f 2380//1 2381//1 2382//1
f 2383//469 2384//450 2385//470
f 2386//471 2387//451 2388//472
f 2389//473 2390//453 2391//474
f 2392//475 2393//456 2394//476
f 2395//469 2396//449 2397//450
f 2398//451 2399//452 2400//472
f 2401//473 2402//454 2403//453
f 2404//456 2405//455 2406//476
f 2407//454 2408//436 2409//477
f 2410//478 2411//437 2412//455
f 2413//436 2414//457 2415//477
f 2416//478 2417//458 2418//437
f 2419//2 2420//2 2421//2
f 2422//1 2423//1 2424//1
f 2425//443 2426//479 2427//459
f 2428//460 2429//480 2430//444
f 2431//463 2432//479 2433//443
f 2434//444 2435//480 2436//464
f 2437//481 2438//470 2439//465
f 2440//466 2441//471 2442//482
f 2443//483 2444//474 2445//467
f 2446//468 2447//475 2448//484
f 2449//481 2450//465 2451//461
f 2452//462 2453//466 2454//482
f 2455//467 2456//463 2457//483
f 2458//484 2459//464 2460//468
f 2461//2 2462//2 2463//2
f 2464//1 2465//1 2466//1
f 2467//469 2468//470 2469//481
f 2470//482 2471//471 2472//472
f 2473//483 2474//473 2475//474
f 2476//475 2477//476 2478//484
f 2479//473 2480//454 2481//485
f 2482//486 2483//455 2484//476
f 2485//454 2486//477 2487//485
f 2488//486 2489//478 2490//455
f 2491//2 2492//2 2493//2
f 2494//1 2495//1 2496//1
f 2497//463 2498//487 2499//479
f 2500//480 2501//488 2502//464
f 2503//483 2504//487 2505//463
f 2506//464 2507//488 2508//484
f 2509//2 2510//2 2511//2
f 2512//1 2513//1 2514//1
f 2515//483 2516//473 2517//489
f 2518//490 2519//476 2520//484
f 2521//473 2522//485 2523//489
f 2524//490 2525//486 2526//476
f 2527//2 2528//2 2529//2
f 2530//1 2531//1 2532//1
f 2533//483 2534//489 2535//487
f 2536//488 2537//490 2538//484
f 2539//2 2540//2 2541//2
f 2542//1 2543//1 2544//1
