# SSTK version 0.8.0
# 2
mtllib original-2.mtl
o mesh10/mesh10-geometry#mesh10-geometry
v -0.268787 0.372746 0.560215
v -0.390972 0.372746 0.539323
v -0.268787 0.372746 0.400933
v -0.402516 0.372746 0.400933
v -0.425755 0.372746 0.498414
v -0.422101 0.361105 0.524395
v -0.437075 0.361105 0.505655
v -0.429309 0.299727 0.529218
v -0.406319 0.361105 0.542463
v -0.456214 0.299727 0.494170
v -0.406678 0.299727 0.359821
v -0.244534 0.299727 0.544791
v -0.244534 0.299727 0.359821
v -0.082390 0.299727 0.544791
v -0.217088 0.299727 0.686280
v -0.175741 0.299727 0.701760
v -0.189396 0.361105 0.687887
v -0.133294 0.299727 0.713913
v -0.143712 0.361105 0.702340
v -0.089945 0.299727 0.722674
v -0.120449 0.361105 0.708050
v -0.045892 0.299727 0.727975
v -0.001329 0.299727 0.729758
v -0.025556 0.361105 0.720599
v -0.001604 0.361105 0.721133
v 0.079754 0.299727 0.544791
v 0.043264 0.299727 0.727973
v 0.087349 0.299727 0.722663
v 0.130726 0.299727 0.713890
v 0.173202 0.299727 0.701721
v 0.140765 0.361105 0.702418
v 0.163808 0.361105 0.695690
v 0.214574 0.299727 0.686221
v 0.186533 0.361105 0.687963
v 0.241898 0.299727 0.544791
v 0.254655 0.299727 0.667452
v 0.293240 0.299727 0.645481
v 0.273395 0.361105 0.647348
v 0.330138 0.299727 0.620373
v 0.364888 0.299727 0.592418
v 0.397132 0.299727 0.561937
v 0.369899 0.361105 0.576349
v 0.426751 0.299727 0.529097
v 0.403788 0.361105 0.542322
v 0.387215 0.361105 0.559708
v 0.387839 0.372746 0.539826
v 0.343244 0.372746 0.581973
v 0.266127 0.372746 0.560215
v 0.298804 0.372746 0.615603
v 0.247157 0.372746 0.646533
v 0.132398 0.372746 0.560215
v 0.195512 0.372746 0.670223
v 0.141638 0.372746 0.688300
v 0.084374 0.372746 0.700842
v 0.117456 0.361105 0.708124
v 0.093920 0.361105 0.712808
v 0.070196 0.361105 0.716456
v 0.029832 0.372746 0.706836
v 0.046337 0.361105 0.719060
v 0.022388 0.361105 0.720620
v -0.031903 0.372746 0.706869
v -0.049460 0.361105 0.719019
v -0.073278 0.361105 0.716400
v -0.090196 0.372746 0.700320
v -0.096956 0.361105 0.712740
v -0.145103 0.372746 0.688076
v -0.166713 0.361105 0.695612
v -0.199148 0.372746 0.669837
v -0.211711 0.361105 0.679181
v -0.233624 0.361105 0.669506
v -0.257144 0.299727 0.667538
v -0.295711 0.299727 0.645598
v -0.276096 0.361105 0.647323
v -0.255103 0.361105 0.658878
v -0.296555 0.361105 0.634867
v -0.316452 0.361105 0.621530
v -0.332593 0.299727 0.620523
v -0.367380 0.299727 0.592564
v -0.335771 0.361105 0.607321
v -0.302512 0.372746 0.614893
v -0.345830 0.372746 0.582036
v -0.354451 0.361105 0.592281
v -0.372462 0.361105 0.576437
v -0.399659 0.299727 0.562072
v -0.389760 0.361105 0.559821
v -0.252837 0.372746 0.644934
v -0.135058 0.372746 0.560215
v -0.135058 0.372746 0.400933
v -0.001331 0.372746 0.560215
v 0.208890 0.361105 0.679247
v 0.230845 0.361105 0.669562
v 0.252362 0.361105 0.658921
v -0.001331 0.372746 0.400933
v -0.135058 0.372746 0.241650
v -0.268787 0.372746 0.241650
v -0.402516 0.372746 0.241650
v -0.509032 0.372746 0.341229
v -0.523886 0.372746 0.287094
v -0.532977 0.372746 0.231813
v -0.541638 0.361105 0.266090
v -0.537036 0.361105 0.289643
v -0.545288 0.299727 0.292287
v -0.553075 0.299727 0.248605
v -0.545204 0.361105 0.242348
v -0.547728 0.361105 0.218473
v -0.557352 0.299727 0.204589
v -0.549203 0.361105 0.194520
v -0.549628 0.361105 0.170523
v -0.558120 0.299727 0.160443
v -0.549002 0.361105 0.146526
v -0.555386 0.299727 0.116376
v -0.406678 0.299727 0.174853
v -0.549154 0.299727 0.072594
v -0.406678 0.299727 -0.010117
v -0.244534 0.299727 0.174853
v -0.244534 0.299727 -0.010117
v -0.082390 0.299727 0.174853
v -0.082390 0.299727 0.359821
v 0.079754 0.299727 0.359821
v 0.079754 0.299727 0.174853
v 0.241898 0.299727 0.359821
v 0.241898 0.299727 0.174853
v 0.404043 0.299727 0.359821
v 0.453628 0.299727 0.494068
v 0.477643 0.299727 0.457017
v 0.498675 0.299727 0.418116
v 0.485878 0.361105 0.424362
v 0.474395 0.361105 0.445462
v 0.457405 0.372746 0.447971
v 0.484267 0.372746 0.397165
v 0.399856 0.372746 0.400933
v 0.424603 0.372746 0.496440
v 0.448718 0.361105 0.486044
v 0.434569 0.361105 0.505456
v 0.419582 0.361105 0.524227
v 0.266127 0.372746 0.400933
v 0.132398 0.372746 0.400933
v -0.001331 0.372746 0.241650
v -0.135058 0.372746 0.082369
v -0.268787 0.372746 0.082369
v -0.402516 0.372746 0.082369
v -0.536239 0.372746 0.170581
v -0.532909 0.372746 0.113245
v -0.547323 0.361105 0.122579
v -0.544598 0.361105 0.098731
v -0.540830 0.361105 0.075026
v -0.536028 0.361105 0.051508
v -0.539429 0.299727 0.029300
v -0.530202 0.361105 0.028224
v -0.523364 0.361105 0.005215
v -0.526213 0.299727 -0.013294
v -0.509714 0.299727 -0.054531
v -0.490091 0.299727 -0.094127
v -0.467471 0.299727 -0.131917
v -0.441977 0.299727 -0.167742
v -0.413732 0.299727 -0.201442
v -0.244534 0.299727 -0.195084
v -0.082390 0.299727 -0.010117
v 0.079754 0.299727 -0.010117
v 0.241898 0.299727 -0.010117
v 0.404043 0.299727 0.174853
v 0.404043 0.299727 -0.010117
v 0.546461 0.299727 0.072407
v 0.536712 0.299727 0.029087
v 0.523469 0.299727 -0.013533
v 0.520683 0.361105 0.005152
v 0.527517 0.361105 0.028134
v 0.533341 0.361105 0.051387
v 0.521252 0.372746 0.058697
v 0.538143 0.361105 0.074872
v 0.505423 0.372746 0.001627
v 0.399856 0.372746 0.082369
v 0.485235 0.372746 -0.049357
v 0.399856 0.372746 -0.076913
v 0.266127 0.372746 -0.076913
v 0.266127 0.372746 0.082369
v 0.399856 0.372746 0.241650
v 0.266127 0.372746 0.241650
v 0.505238 0.372746 0.344612
v 0.132398 0.372746 0.241650
v -0.001331 0.372746 0.082369
v -0.135058 0.372746 -0.076913
v -0.268787 0.372746 -0.076913
v -0.402516 0.372746 -0.076913
v -0.507822 0.372746 0.000861
v -0.523218 0.372746 0.055565
v -0.515525 0.361105 -0.017473
v -0.506709 0.361105 -0.039785
v -0.496925 0.361105 -0.061692
v -0.486190 0.361105 -0.083158
v -0.474527 0.361105 -0.104131
v -0.461959 0.361105 -0.124568
v -0.459227 0.372746 -0.103663
v -0.486015 0.372746 -0.053424
v -0.428505 0.372746 -0.149106
v -0.448509 0.361105 -0.144435
v -0.434195 0.361105 -0.163701
v -0.419052 0.361105 -0.182322
v -0.403114 0.361105 -0.200255
v -0.386406 0.361105 -0.217473
v -0.382866 0.299727 -0.232854
v -0.349501 0.299727 -0.261818
v -0.313761 0.299727 -0.288172
v -0.312725 0.299727 -0.289364
v -0.312331 0.299727 -0.290871
v -0.244534 0.299727 -0.380054
v -0.082390 0.299727 -0.195084
v -0.082390 0.299727 -0.380054
v 0.079754 0.299727 -0.195084
v 0.079754 0.299727 -0.380054
v 0.241898 0.299727 -0.195084
v 0.411008 0.299727 -0.201512
v 0.439238 0.299727 -0.167842
v 0.416382 0.361105 -0.182334
v 0.431525 0.361105 -0.163716
v 0.445836 0.361105 -0.144454
v 0.464724 0.299727 -0.132049
v 0.459287 0.361105 -0.124588
v 0.471854 0.361105 -0.104156
v 0.487340 0.299727 -0.094294
v 0.483518 0.361105 -0.083183
v 0.494252 0.361105 -0.061723
v 0.506964 0.299727 -0.054735
v 0.504034 0.361105 -0.039820
v 0.512853 0.361105 -0.017510
v 0.457013 0.372746 -0.102927
v 0.425188 0.372746 -0.149975
v 0.385126 0.372746 -0.196993
v 0.345212 0.372746 -0.234621
v 0.298751 0.372746 -0.269948
v 0.132398 0.372746 -0.236196
v 0.132398 0.372746 -0.076913
v 0.132398 0.372746 0.082369
v -0.001331 0.372746 -0.076913
v -0.135058 0.372746 -0.236196
v -0.301411 0.372746 -0.269948
v -0.347202 0.372746 -0.235190
v -0.303983 0.371944 -0.273742
v -0.331979 0.361105 -0.264523
v -0.306386 0.369428 -0.277291
v -0.308120 0.365533 -0.279847
v -0.308923 0.361105 -0.281032
v -0.305125 0.361109 -0.285241
v -0.311341 0.330416 -0.284602
v -0.303704 0.361105 -0.290871
v -0.302272 0.365533 -0.290871
v -0.303704 0.361105 -0.416055
v -0.299185 0.369428 -0.290871
v -0.294900 0.371944 -0.290871
v -0.290315 0.372746 -0.290871
v -0.294900 0.371944 -0.541239
v -0.299185 0.369428 -0.541239
v -0.302272 0.365533 -0.541239
v -0.303704 0.361105 -0.541239
v -0.301984 0.361105 -0.548250
v -0.296841 0.361105 -0.553923
v -0.305363 0.299727 -0.558056
v -0.297827 0.299727 -0.563136
v -0.288546 0.361105 -0.556397
v -0.310390 0.299727 -0.550645
v -0.288546 0.299727 -0.565022
v -0.312331 0.299727 -0.541239
v 0.285888 0.299727 -0.565022
v 0.241898 0.299727 -0.380054
v 0.309671 0.299727 -0.541239
v 0.309671 0.299727 -0.290871
v 0.301046 0.361105 -0.416055
v 0.305357 0.330416 -0.290871
v 0.308683 0.330416 -0.284602
v 0.311103 0.299727 -0.288172
v 0.346816 0.299727 -0.261838
v 0.329317 0.361105 -0.264525
v 0.306263 0.361105 -0.281032
v 0.305460 0.365533 -0.279847
v 0.303728 0.369428 -0.277291
v 0.301323 0.371944 -0.273742
v 0.302467 0.361109 -0.285239
v 0.292239 0.371944 -0.290871
v 0.296526 0.369428 -0.290871
v 0.287655 0.372746 -0.290871
v 0.132398 0.372746 -0.395479
v -0.001331 0.372746 -0.395479
v -0.001331 0.372746 -0.236196
v -0.135058 0.372746 -0.395479
v -0.288546 0.372746 -0.543006
v -0.290315 0.372746 -0.541239
v -0.289797 0.372746 -0.542488
v -0.288546 0.371944 -0.547590
v -0.288546 0.369428 -0.551877
v -0.001329 0.361105 -0.556397
v -0.288546 0.365533 -0.554965
v -0.288546 0.330416 -0.560708
v 0.285888 0.330416 -0.560708
v 0.285888 0.361105 -0.556397
v 0.285888 0.365533 -0.554965
v 0.292899 0.361105 -0.554675
v 0.285888 0.369428 -0.551877
v 0.298572 0.361105 -0.549534
v 0.287137 0.372746 -0.542488
v 0.285888 0.371944 -0.547590
v 0.285888 0.372746 -0.543006
v 0.287655 0.372746 -0.541239
v 0.292239 0.371944 -0.541239
v 0.296526 0.369428 -0.541239
v 0.299614 0.365533 -0.541239
v 0.301046 0.361105 -0.541239
v 0.307785 0.299727 -0.550518
v 0.302705 0.299727 -0.558056
v 0.305357 0.330416 -0.541239
v 0.295294 0.299727 -0.563083
v 0.299614 0.365533 -0.290871
v 0.301046 0.361105 -0.290871
v 0.348133 0.361105 -0.249645
v 0.366287 0.361105 -0.233953
v 0.383737 0.361105 -0.217481
v 0.400444 0.361105 -0.200265
v 0.380161 0.299727 -0.232897
v -0.308017 0.330416 -0.541239
v -0.308017 0.330416 -0.290871
v -0.350797 0.361105 -0.249643
v -0.368954 0.361105 -0.233947
v -0.388536 0.372746 -0.196208
v 0.462002 0.361105 0.466035
v 0.506010 0.361105 0.380761
v 0.496424 0.361105 0.402779
v 0.516608 0.299727 0.377530
v 0.531322 0.299727 0.335428
v 0.514626 0.361105 0.358346
v 0.522248 0.361105 0.335588
v 0.528869 0.361105 0.312518
v 0.521620 0.372746 0.285280
v 0.530262 0.372746 0.232322
v 0.533577 0.372746 0.170307
v 0.530555 0.372746 0.116037
v 0.546329 0.361105 0.146276
v 0.541913 0.361105 0.098546
v 0.544643 0.361105 0.122361
v 0.552711 0.299727 0.116220
v 0.555458 0.299727 0.160316
v 0.546968 0.361105 0.170244
v 0.546557 0.361105 0.194207
v 0.554698 0.299727 0.204492
v 0.545097 0.361105 0.218132
v 0.550425 0.299727 0.248542
v 0.542593 0.361105 0.241979
v 0.539045 0.361105 0.265690
v 0.542634 0.299727 0.292256
v 0.534469 0.361105 0.289216
v -0.533982 0.299727 0.335428
v -0.519256 0.299727 0.377560
v -0.501306 0.299727 0.418173
v -0.480253 0.299727 0.457099
v -0.464494 0.361105 0.466298
v -0.476885 0.361105 0.445760
v -0.488365 0.361105 0.424693
v -0.498913 0.361105 0.403145
v -0.508506 0.361105 0.381161
v -0.517127 0.361105 0.358781
v -0.524769 0.361105 0.336032
v -0.531408 0.361105 0.312972
v -0.486761 0.372746 0.397523
v -0.460758 0.372746 0.446812
v -0.451218 0.361105 0.486276
v 0.293897 0.361105 0.634865
v 0.313837 0.361105 0.621497
v 0.333172 0.361105 0.607272
v 0.351869 0.361105 0.592217
vt 3.249504 15.797599
vt 3.64992 18.139421
vt 6.302327 15.797599
vt 6.302327 18.36066
vt 4.433963 18.806067
vt -14.530758 2.11053
vt -15.135169 1.760911
vt -15.559903 2.11053
vt -14.771134 1.919807
vt -15.230926 1.919807
vt -15.203868 2.259474
vt -14.771134 15.042697
vt -14.785188 13.854724
vt -15.230926 15.042697
vt -14.830483 15.143388
vt -15.311557 13.955522
vt -15.290264 15.143388
vt -14.541966 13.921398
vt -15.388784 13.921398
vt -14.990845 15.108188
vt -4.515299 19.389849
vt -3.843586 18.874192
vt -7.090269 18.440416
vt -3.545134 15.332742
vt -7.090269 15.332742
vt -3.545134 12.225066
vt -0.833291 14.806741
vt -0.536608 14.014236
vt -13.651172 16.193457
vt -13.312825 15.006625
vt -14.159043 15.006625
vt -0.303699 13.200703
vt -13.027487 16.330626
vt -12.77444 15.143656
vt -13.620657 15.143656
vt -0.135803 12.369894
vt -12.780237 16.465088
vt -12.151687 15.278038
vt -12.99929 15.278038
vt -0.034157 11.525566
vt 0 10.671472
vt -11.133901 16.722127
vt -10.662948 15.535341
vt -11.517725 15.535341
vt -10.677762 16.731766
vt -10.668819 15.543855
vt -11.136926 16.731766
vt -3.545134 9.117391
vt -0.034206 9.816762
vt -0.135998 8.971837
vt -0.304133 8.140462
vt -0.537369 7.326397
vt -7.496319 17.114249
vt -6.89502 15.927262
vt -7.741837 15.927262
vt -7.022786 17.120276
vt -6.882354 15.932888
vt -7.48286 17.120276
vt -0.834466 6.533407
vt -6.340348 17.185162
vt -5.825352 15.998324
vt -6.67217 15.998324
vt -3.545134 6.009716
vt -1.19418 5.765254
vt -1.615272 5.025699
vt -3.916392 17.293121
vt -3.568131 16.106304
vt -4.419165 16.106304
vt -2.096498 4.318507
vt -2.632294 3.652499
vt -3.21651 3.034508
vt -0.564563 17.364978
vt 0.004513 16.178065
vt -0.845912 16.178065
vt -3.845918 2.466811
vt 1.203686 16.174682
vt 0.356082 16.174682
vt 0.720677 17.361489
vt 0.594608 17.382493
vt 0.23448 16.194322
vt 0.134251 17.382494
vt -0.066662 17.374373
vt 0.040789 16.186833
vt -0.526973 17.374375
vt -0.066645 14.367966
vt -0.526956 14.367969
vt 0.206021 14.715488
vt -0.565057 14.252435
vt -1.010355 14.604641
vt 0.165679 14.604641
vt 2.832469 4.067307
vt 3.249504 5.545355
vt 3.640277 3.212612
vt 2.187914 4.919047
vt 1.595121 5.908931
vt -3.826529 13.920998
vt -4.249905 14.272605
vt -3.096096 14.272605
vt 3.249504 8.108416
vt 1.141049 6.898771
vt 0.794613 7.931333
vt 0.55421 9.028867
vt -8.111669 12.423027
vt -8.701185 12.774829
vt -7.57763 12.774829
vt -8.152546 12.547376
vt -8.612477 12.547378
vt -8.74719 12.890439
vt -8.693769 12.397453
vt -9.153797 12.397453
vt -8.839769 12.735864
vt -9.217073 11.797073
vt -9.965956 12.145595
vt -8.914304 12.145595
vt -9.217907 11.803449
vt -9.677928 11.803452
vt -9.966966 12.151592
vt -9.723928 11.778052
vt -10.183896 11.778052
vt -10.024381 12.11639
vt -10.210811 11.281301
vt -10.670772 11.281301
vt -10.062559 11.624723
vt -10.676637 10.814594
vt -11.257198 11.167679
vt -10.073983 11.167679
vt -10.677762 10.945441
vt -11.136926 10.945441
vt -11.264423 11.288294
vt -11.12316 10.723451
vt -11.582331 10.723451
vt -11.261888 11.061915
vt -11.546898 9.991479
vt -12.00612 9.991477
vt -11.237876 10.340403
vt -11.236023 10.276503
vt -12.003649 9.926221
vt -12.360294 10.276503
vt -11.948198 9.935895
vt -12.407428 9.935895
vt -12.315715 10.274752
vt -12.326172 9.425958
vt -12.785307 9.425955
vt -12.245699 9.767659
vt -12.32618 16.463698
vt -12.157143 15.276446
vt -12.785314 16.463697
vt -11.948198 16.513196
vt -12.245564 15.324945
vt -12.407428 16.513196
vt -11.994639 16.599009
vt -11.447026 15.412134
vt -12.297451 15.412134
vt -11.546901 16.599728
vt -11.460148 15.412097
vt -12.006124 16.599726
vt -11.12316 16.660349
vt -11.502785 15.472214
vt -11.582331 16.660349
vt -12.200811 9.236923
vt -12.734492 8.886036
vt -13.279038 9.236923
vt -12.68008 8.995193
vt -13.139216 8.995193
vt -13.230282 9.337143
vt -12.68008 16.357531
vt -12.892378 15.169254
vt -13.139216 16.357531
vt -13.009207 8.683031
vt -13.468482 8.683031
vt -13.11152 9.021785
vt -13.468482 16.305308
vt -13.009207 16.305308
vt -13.601468 15.117885
vt -12.977578 8.203602
vt -13.3238 7.853879
vt -14.070802 8.203602
vt -13.313161 7.884231
vt -13.772437 7.884231
vt -14.060909 8.232355
vt -13.313161 16.196532
vt -13.438951 15.008324
vt -13.772437 16.196532
vt -13.591168 7.80826
vt -14.050276 7.80826
vt -13.891054 8.146602
vt -14.050276 16.129504
vt -13.591168 16.129504
vt -14.096819 14.941724
vt -13.694737 7.485627
vt -13.842688 7.142206
vt -14.301794 7.142206
vt -13.842688 16.033651
vt -13.882007 14.845611
vt -14.301794 16.033651
vt -14.18773 16.048674
vt -13.764406 14.86189
vt -14.612009 14.86189
vt -1.19251 15.57446
vt -1.613027 16.313641
vt -14.634119 15.89542
vt -14.12683 14.708595
vt -14.977255 14.708595
vt -14.264742 15.872118
vt -14.218987 14.684333
vt -14.72402 15.87212
vt -14.434635 15.760862
vt -14.772957 14.572657
vt -14.893723 15.760862
vt -14.576918 15.714909
vt -14.448971 14.527455
vt -15.035997 15.714909
vt -14.98608 15.733243
vt -14.398008 14.546307
vt -15.252784 14.546307
vt -2.093604 17.020528
vt -2.629503 17.687245
vt -14.783893 15.564411
vt -14.577891 14.377328
vt -15.433285 14.377328
vt -14.691012 15.574553
vt -14.951675 14.386276
vt -15.150666 15.574553
vt -14.55118 5.07905
vt -14.691012 4.735863
vt -15.150666 4.735863
vt -14.576918 5.445042
vt -15.035997 5.445042
vt -14.884924 5.783431
vt -14.432088 4.615891
vt -15.027663 4.265961
vt -15.474113 4.615891
vt -14.77707 4.389009
vt -15.236727 4.389009
vt -15.231125 4.729011
vt -14.839743 4.233163
vt -14.834131 3.893161
vt -15.293857 3.893161
vt -14.834131 15.390072
vt -15.016593 14.201802
vt -15.293857 15.390072
vt -14.946275 15.416277
vt -14.663243 14.229368
vt -15.514277 14.229368
vt -3.213909 18.305896
vt -14.6508 14.078054
vt -15.499006 14.078054
vt -15.015323 15.264859
vt -14.960471 14.02315
vt -15.320526 15.211319
vt -14.860748 15.211321
vt -14.86071 2.982167
vt -15.320489 2.982164
vt -15.161035 3.320503
vt -14.682315 2.566556
vt -14.830483 2.223126
vt -15.290264 2.223126
vt -14.862148 3.003041
vt -15.321883 3.003039
vt -15.610786 3.351179
vt -15.32192 15.35119
vt -14.862185 15.351191
vt -15.428858 14.163647
vt -14.493599 3.243068
vt -14.938119 2.890615
vt -15.684734 3.243068
vt 2.831266 17.2742
vt 2.201554 16.443972
vt 1.625745 15.491909
vt -14.097384 5.806938
vt -14.455121 5.456801
vt -15.21003 5.806938
vt -14.264764 6.387001
vt -14.724042 6.387003
vt -14.355609 6.725867
vt -14.434635 5.49517
vt -14.893723 5.49517
vt -15.190339 5.843587
vt -14.067261 6.742444
vt -14.526544 6.742447
vt -14.606154 7.084127
vt -14.526524 15.946936
vt -14.067241 15.946934
vt -14.487993 14.758895
vt -13.603599 6.954655
vt -14.205713 6.60264
vt -14.737914 6.954655
vt 1.148479 14.462887
vt 3.249504 13.234538
vt 6.302327 13.234538
vt 3.249504 10.671477
vt 0.564226 12.374681
vt 0.798909 13.427058
vt 0.438686 11.257441
vt 0.439337 10.074226
vt -7.59528 12.855295
vt -8.055213 12.855295
vt -7.514661 13.197003
vt -7.59528 17.075542
vt -7.834458 15.887262
vt -8.055213 17.075542
vt -8.146032 17.031129
vt -7.918643 15.844101
vt -8.76685 15.844101
vt -8.612484 17.027269
vt -8.152554 17.027268
vt -8.772865 15.839975
vt -8.693769 16.97202
vt -8.846958 15.783776
vt -9.153797 16.97202
vt -9.20331 16.937837
vt -8.891162 15.750977
vt -9.742195 15.750977
vt -9.677932 16.919113
vt -9.217912 16.919112
vt -9.755015 15.731444
vt -9.723928 16.856625
vt -9.793788 15.66851
vt -10.183896 16.856625
vt -10.201698 16.834962
vt -9.807542 15.648183
vt -10.662936 15.648183
vt -10.210811 16.796156
vt -10.669043 15.608213
vt -10.670772 16.796156
vt -7.022786 13.185539
vt -7.48286 13.185539
vt -7.390979 13.524393
vt -6.908863 13.097305
vt -7.26664 13.447139
vt -6.177512 13.447139
vt -6.436361 13.180249
vt -6.896433 13.180249
vt -6.16398 13.527769
vt -6.436361 17.165071
vt -6.763208 15.976853
vt -6.896433 17.165071
vt -5.837249 13.641467
vt -6.29715 13.641467
vt -6.013352 13.979727
vt -5.837249 17.201853
vt -5.784275 16.014097
vt -6.29715 17.201853
vt -5.226648 17.238847
vt -5.640809 16.05079
vt -5.686549 17.238847
vt -5.145107 17.24464
vt -4.714697 16.057856
vt -5.562903 16.057856
vt -4.60539 17.270131
vt -4.638507 16.082103
vt -5.065478 17.270129
vt -3.974848 17.295657
vt -4.475282 16.107852
vt -4.434928 17.295656
vt -4.605403 13.944831
vt -5.065491 13.944828
vt -4.58958 14.285205
vt -5.17391 13.560521
vt -5.794718 13.911412
vt -4.705697 13.911412
vt -5.686549 13.681483
vt -5.851351 14.025391
vt -5.226648 13.681483
vt -3.974862 14.11277
vt -4.434942 14.112768
vt -4.407877 14.452434
vt 6.302327 10.671477
vt 9.355149 13.234538
vt 9.355149 15.797599
vt 9.355149 18.36066
vt 7.446602 20.402165
vt 8.484173 20.686864
vt 9.543716 20.86112
vt -11.728843 -3.781387
vt -12.181277 -4.131926
vt -12.802619 -3.781387
vt -12.293662 -2.860664
vt -12.294035 -3.200767
vt -12.753991 -3.200769
vt -12.274693 12.925786
vt -12.754057 14.113662
vt -12.294101 14.113664
vt -11.957558 13.038815
vt -12.807983 13.038815
vt -12.43958 14.225615
vt -11.912208 14.001399
vt -12.276186 12.813236
vt -12.372343 14.001399
vt -11.404171 12.821036
vt -11.967693 14.008592
vt -11.507551 14.008594
vt -11.233087 12.896389
vt -12.080691 12.896389
vt -11.797965 14.0833
vt -11.080706 13.84294
vt -11.35768 12.654673
vt -11.540692 13.84294
vt -10.631812 13.931978
vt -10.441631 12.744838
vt -11.091796 13.931978
vt -10.435392 12.748118
vt -11.281609 12.748118
vt -11.085604 13.935232
vt -10.161137 13.708277
vt -10.350017 12.520008
vt -10.621239 13.708277
vt -9.56907 12.665635
vt -10.415287 12.665635
vt -9.846125 13.852557
vt -10.91158 21.342997
vt -10.635404 18.440416
vt -11.756173 21.290599
vt -12.595318 21.171153
vt -14.180539 18.440416
vt -10.635404 15.332742
vt -14.180539 15.332742
vt -10.635404 12.225066
vt -7.090269 12.225066
vt -7.090269 9.117391
vt -10.635404 9.117391
vt -7.090269 6.009716
vt -10.635404 6.009716
vt -7.090269 2.902041
vt -4.517286 1.951692
vt -5.227386 1.49143
vt -5.972988 1.088304
vt 4.736585 16.096489
vt 3.888981 16.096489
vt 4.514606 17.283533
vt 3.878727 16.100224
vt 4.043512 17.287493
vt 4.503922 17.287495
vt 4.043498 13.961854
vt 3.845634 14.306779
vt 4.503908 13.961856
vt 4.551158 13.768698
vt 3.896085 14.119661
vt 4.997536 14.119661
vt 5.400793 1.879302
vt 6.302327 2.982294
vt 6.374516 1.364466
vt 4.471805 2.507985
vt 2.72189 14.071994
vt 2.297828 14.423103
vt 3.41955 14.423103
vt 2.109105 14.425464
vt 2.136197 14.765131
vt 2.569477 14.425464
vt 1.913972 14.474172
vt 1.4536 14.474172
vt 1.929809 14.814549
vt 1.321752 14.247466
vt 0.700323 14.598382
vt 1.790249 14.598382
vt 0.794846 14.431427
vt 0.629877 14.775343
vt 1.255206 14.431427
vt 6.302327 5.545355
vt 6.302327 8.108416
vt 9.355149 10.671477
vt 12.407972 13.234538
vt 12.407972 15.797599
vt 12.407972 18.36066
vt 10.717299 20.923609
vt -10.639427 -4.876714
vt -11.369704 -5.228916
vt -11.814673 -4.876714
vt -10.808173 -4.518151
vt -11.080706 -4.865666
vt -11.540692 -4.865666
vt -11.683687 -3.542468
vt -11.507482 -3.880726
vt -11.967624 -3.880729
vt -11.912208 -3.853297
vt -12.372343 -3.853297
vt -12.537242 -3.509385
vt -11.08617 -4.404405
vt -10.631812 -4.744409
vt -11.091796 -4.744409
vt -10.166764 -4.756096
vt -10.161137 -5.0961
vt -10.621239 -5.0961
vt -9.486609 -5.715581
vt -9.932682 -6.066535
vt -10.587335 -5.715581
vt -9.671038 -5.765733
vt -10.131141 -5.765733
vt -10.328889 -5.420813
vt -9.371148 -5.283076
vt -9.162066 -5.621246
vt -9.622113 -5.621246
vt -9.162066 13.600105
vt -9.26262 12.411936
vt -9.622113 13.600105
vt -9.671038 13.751023
vt -10.238916 12.563487
vt -10.131141 13.751023
vt -8.638534 12.582669
vt -9.486138 12.582669
vt -9.0025 13.769476
vt -8.63535 13.588736
vt -9.116378 12.400868
vt -9.095393 13.588737
vt -8.091455 13.520465
vt -8.105198 12.33249
vt -8.551484 13.520465
vt -7.648514 12.496257
vt -8.498939 12.496257
vt -8.097956 13.683042
vt -13.425062 20.984748
vt -7.532796 13.452347
vt -7.929866 12.264247
vt -7.992816 13.452348
vt -6.959672 13.469367
vt -6.8895 12.28167
vt -7.419727 13.469367
vt -6.604246 12.407324
vt -7.459022 12.407324
vt -7.136381 13.594167
vt -14.241453 20.731471
vt -15.031821 20.415236
vt -15.790697 20.039144
vt -16.514996 19.605586
vt -17.20163 19.116957
vt -17.847514 18.575649
vt -17.725674 15.332742
vt -14.180539 12.225066
vt -14.180539 9.117391
vt -14.180539 6.009716
vt -10.635404 2.902041
vt -14.180539 2.902041
vt -12.598895 0.172446
vt -13.429164 0.359291
vt -14.246037 0.613099
vt 13.786399 15.108525
vt 12.931005 15.108525
vt 13.460242 16.295361
vt 13.501674 16.287186
vt 12.974391 15.099479
vt 13.042125 16.287186
vt 13.11417 15.166191
vt 12.715268 16.354285
vt 13.17469 16.354286
vt 12.715277 8.957728
vt 12.635634 9.299408
vt 13.174699 8.95773
vt 12.363733 9.482465
vt 12.73229 9.821331
vt 12.823165 9.482465
vt 13.101336 8.33357
vt 12.568959 8.685578
vt 13.704068 8.685578
vt 12.86164 0.655588
vt 12.407972 2.982294
vt 13.955454 0.958975
vt 14.93263 1.345919
vt 15.460794 2.982294
vt 15.460794 5.545355
vt 12.407972 5.545355
vt 9.355149 2.982294
vt 9.355149 5.545355
vt 7.381766 0.96252
vt 9.355149 8.108416
vt 12.407972 10.671477
vt 15.460794 13.234538
vt 15.460794 15.797599
vt 15.460794 18.36066
vt 13.970172 20.378982
vt 12.921684 20.674041
vt -6.838119 -7.171225
vt -7.306283 -7.522102
vt -7.927332 -7.171225
vt -6.959672 -7.127482
vt -7.419727 -7.127482
vt -7.584612 -6.783583
vt -6.550225 -6.610742
vt -6.374064 -6.949005
vt -6.834112 -6.949005
vt -6.374064 13.343547
vt -6.691541 12.155312
vt -6.834112 13.343547
vt -5.776427 13.445561
vt -5.62668 12.25821
vt -6.236265 13.445561
vt -5.521037 12.312914
vt -6.372322 12.312914
vt -6.131311 13.499911
vt -5.16657 13.261677
vt -5.401154 12.073392
vt -5.626418 13.261677
vt -4.403123 12.25131
vt -5.250082 12.25131
vt -4.634938 13.438334
vt -5.159179 12.19858
vt -5.004588 13.385903
vt -4.544617 13.385905
vt -3.913264 13.209943
vt -4.060664 12.021706
vt -4.373244 13.209943
vt -3.256614 12.233177
vt -4.100759 12.233177
vt -3.574369 13.420041
vt -3.797903 12.084057
vt -3.733264 13.271769
vt -3.273434 13.271771
vt -3.419284 -7.456075
vt -3.273347 -7.794488
vt -3.733178 -7.79449
vt -4.507897 -7.669925
vt -3.913264 -8.012983
vt -4.373244 -8.012983
vt -3.853457 -8.168401
vt -4.354727 -8.519475
vt -4.944662 -8.168401
vt -4.496325 -7.373612
vt -4.54453 -7.714611
vt -5.004501 -7.714614
vt -5.566975 -7.075696
vt -5.16657 -7.414917
vt -5.626418 -7.414917
vt -5.367027 -7.711258
vt -6.097856 -8.061943
vt -6.48826 -7.711258
vt -5.503911 -7.470131
vt -5.776427 -7.817621
vt -6.236265 -7.817621
vt 15.010599 19.961039
vt 15.973474 19.447618
vt 16.84443 18.858793
vt -2.340819 -8.28673
vt -2.643447 -8.635256
vt -3.392143 -8.28673
vt -2.627009 -8.610474
vt -3.086841 -8.610474
vt -3.375878 -8.262321
vt -2.274757 -7.638246
vt -1.974288 -7.976581
vt -2.434289 -7.976581
vt -1.974288 13.18836
vt -2.40753 12.000352
vt -2.434289 13.18836
vt -2.088292 12.211859
vt -2.93104 12.211859
vt -2.494494 13.398656
vt -1.31768 13.207538
vt -1.28368 12.019715
vt -1.77768 13.207538
vt -0.904316 12.185844
vt -1.747038 12.185844
vt -1.400692 13.372676
vt -0.658045 13.138223
vt -0.999677 11.950025
vt -1.117879 13.138223
vt 0.002797 13.257973
vt 0.128208 12.070514
vt -0.457035 13.257974
vt 0.289293 12.155205
vt -0.554772 12.155205
vt -0.29695 13.342171
vt -18.449561 17.984055
vt -19.004687 17.344568
vt -19.509803 16.65958
vt -19.532619 16.639719
vt -19.561523 16.632152
vt -21.270809 15.332742
vt -17.725674 12.225066
vt -21.270809 12.225066
vt -17.725674 9.117391
vt -21.270809 9.117391
vt -17.725674 6.009716
vt -17.848869 2.768525
vt -17.203553 2.227474
vt 15.456284 14.352757
vt 14.614163 14.352757
vt 15.10846 15.539589
vt 15.243997 15.500973
vt 14.752103 14.313143
vt 14.784039 15.500973
vt 15.162373 15.580956
vt 15.137677 14.392954
vt 14.702415 15.580956
vt 15.306106 14.511469
vt 14.463958 14.511469
vt 14.867575 15.698269
vt 15.052162 15.666822
vt 14.652357 14.478733
vt 14.592383 15.666822
vt 14.913438 15.778918
vt 14.980642 14.591215
vt 14.45366 15.778919
vt 15.063462 14.662083
vt 14.219921 14.662083
vt 14.534602 15.848952
vt -15.793888 1.305544
vt -16.517533 1.739018
vt 14.746644 15.839274
vt 14.437182 14.651033
vt 14.286722 15.839274
vt 14.551731 15.973385
vt 14.709378 14.786077
vt 14.091816 15.973387
vt 14.728918 14.806284
vt 13.882569 14.806284
vt 14.110825 15.993317
vt -15.035696 0.929441
vt 14.329288 16.01414
vt 14.107634 14.825856
vt 13.869514 16.01414
vt 14.30301 14.957926
vt 13.452343 14.957926
vt 14.058523 16.144916
vt 14.07967 16.137784
vt 13.474235 14.950414
vt 13.619905 16.137784
vt 13.803494 16.186967
vt 13.664999 14.998739
vt 13.343951 16.186967
vt 13.343951 8.210698
vt 13.50332 8.549041
vt 13.803494 8.210698
vt 13.619905 7.376523
vt 13.331117 7.724634
vt 14.07967 7.376523
vt 14.076652 7.354664
vt 13.328277 7.703159
vt 14.379276 7.703159
vt 13.869514 7.298614
vt 14.183371 7.637029
vt 14.329288 7.298614
vt 14.091796 6.63585
vt 13.957151 6.978905
vt 14.551711 6.635848
vt 14.427675 6.016865
vt 13.838734 6.369483
vt 14.999231 6.369483
vt 15.959361 1.886822
vt 16.861117 2.496754
vt 17.762237 3.264594
vt 18.483429 4.029596
vt 19.160496 4.920083
vt 18.513617 8.108416
vt 15.460794 8.108416
vt 12.407972 8.108416
vt 15.460794 10.671477
vt 18.513617 13.234538
vt 19.160495 16.42286
vt 18.494328 17.300508
vt 1.497045 -21.862039
vt 2.598881 -21.862035
vt 1.49233 -21.951125
vt 0.966233 -6.488212
vt 0.37757 -6.811424
vt -0.143676 -6.510457
vt -5.989057 -11.790848
vt -5.532212 -12.182729
vt -6.017331 -11.881801
vt 0.340085 -2.337678
vt 0.873571 -2.54088
vt 0.334244 -2.432745
vt 2.191516 8.279119
vt 2.192223 8.368332
vt 2.735002 8.279119
vt -3.293379 8.56156
vt -3.402012 8.561641
vt -3.286819 8.650534
vt -3.29018 13.333021
vt -3.309937 12.739384
vt -3.398813 13.3331
vt -14.781364 12.107033
vt -14.933703 12.705881
vt -14.822396 12.70596
vt -14.820631 9.925529
vt -14.931938 9.925448
vt -14.938657 10.01441
vt -19.561514 11.022261
vt -21.960802 11.022261
vt -19.561512 11.111477
vt -19.285648 2.900832
vt -21.68415 2.792499
vt -19.286631 2.996073
vt -18.249484 -6.618048
vt -18.243163 -6.713084
vt -20.628675 -7.027523
vt -24.495823 17.149031
vt -24.596675 16.86091
vt -24.563623 17.082135
vt -21.23123 4.537212
vt -21.332099 4.645172
vt -21.325252 4.740172
vt -13.098243 0.825018
vt -13.263583 1.081625
vt -12.843735 1.100597
vt -9.233455 -19.716166
vt -9.646213 -19.795303
vt -9.687384 -19.716165
vt -11.65861 -18.98085
vt -11.624223 -19.063162
vt -13.766163 -20.176858
vt -22.207804 0.697031
vt -24.60426 0.98895
vt -19.804902 1.010524
vt -25.54193 -3.705726
vt -23.162739 -4.115201
vt -25.54825 -3.800763
vt -22.23141 3.245917
vt -24.629912 3.354251
vt -24.628929 3.449492
vt -21.960818 11.022444
vt -24.360107 11.022444
vt -24.360107 11.111659
vt -19.735508 9.60221
vt -19.873885 9.6022
vt -19.742045 9.691186
vt -13.582377 -0.964843
vt -13.703164 -1.068337
vt -13.610577 -0.873867
vt -7.047049 -4.773267
vt -7.110589 -4.979066
vt -7.257361 -4.979075
vt -7.207151 11.3408
vt -7.258184 12.529986
vt -7.111412 12.529993
vt -0.289261 11.664849
vt -0.206237 12.851631
vt -0.115046 11.664849
vt 8.462683 12.57614
vt 8.628569 12.576124
vt 8.596247 11.386881
vt -24.68243 16.498639
vt -24.54039 16.594976
vt -24.779805 16.354178
vt -24.815944 16.17631
vt -24.360101 16.632152
vt -24.815944 5.166634
vt -21.270809 6.009716
vt -24.360101 4.710792
vt -19.561523 4.710792
vt 24.360101 16.232264
vt 19.561523 16.232264
vt 21.960813 17.420197
vt 19.561523 16.826231
vt 19.527575 15.586124
vt 19.488846 14.993422
vt 19.391574 15.586124
vt 19.488863 14.993434
vt 19.43032 14.993434
vt 19.391591 15.586136
vt -19.509803 4.683364
vt -19.005072 3.998858
vt 15.347939 13.779737
vt 14.497468 13.779737
vt 15.344652 14.373694
vt 14.426859 13.884421
vt 14.728238 15.071087
vt 15.27448 14.477754
vt 15.163777 14.343129
vt 14.61822 14.937091
vt 15.161643 14.937091
vt 15.161643 12.09919
vt 14.61822 12.09919
vt 15.160936 12.188403
vt 15.52628 5.92008
vt 16.059703 6.123281
vt 16.065545 6.028214
vt 17.999503 2.506814
vt 18.456278 2.898692
vt 18.484555 2.807739
vt 15.752162 3.302726
vt 15.14663 3.625876
vt 16.273377 3.603635
vt 14.394764 -9.138611
vt 15.513418 -9.138616
vt 15.518205 -9.227697
vt -11.733807 6.0656
vt -11.551321 6.308206
vt -11.463934 6.326145
vt -2.869617 -1.06995
vt -2.801158 -1.003729
vt -2.905138 -1.288943
vt 20.143548 12.950466
vt 19.978203 12.693857
vt 19.723701 12.969437
vt 6.947716 25.434494
vt 6.980762 25.213264
vt 6.879918 25.501391
vt 19.645394 -1.297984
vt 19.232636 -1.218847
vt 19.686566 -1.218845
vt 19.561524 5.132752
vt 21.566439 8.108416
vt 21.566439 10.671477
vt 18.513617 10.671477
vt 21.566439 13.234538
vt 19.561524 16.210193
vt 24.393977 16.176311
vt 24.360101 16.210186
vt 24.384054 16.200264
vt 5.609046 -25.044394
vt 5.634973 -25.044394
vt 5.575412 -25.127025
vt -18.167213 4.021139
vt -18.089309 4.075938
vt -17.988956 4.09339
vt 16.990184 -11.962819
vt 16.992946 -12.058025
vt 11.494131 -12.373029
vt 16.354235 -1.911156
vt 10.84974 -2.019494
vt 16.353806 -1.815911
vt 16.176303 8.506044
vt 10.671465 8.506044
vt 16.176303 8.595258
vt 16.176303 12.71683
vt 10.671465 13.310796
vt 16.176303 13.310796
vt 16.17631 12.122934
vt 10.671472 13.310867
vt 16.17631 12.716901
vt 5.166634 12.122934
vt 8.462248 7.792913
vt 8.470084 7.881783
vt 8.628135 7.792897
vt 2.332774 -2.810648
vt 2.361248 -2.719758
vt 2.481732 -2.914052
vt -14.10263 -6.113503
vt -13.932481 -6.02381
vt -14.062692 -6.338606
vt 1.116144 -10.888597
vt 1.282199 -10.98566
vt 1.117132 -11.229259
vt 7.63279 1.638326
vt 7.733143 1.620874
vt 7.811046 1.566075
vt -16.302342 -20.69247
vt -16.26871 -20.775102
vt -16.328268 -20.69247
vt -24.360088 -13.020261
vt -19.56151 -13.020264
vt -24.360088 -13.109475
vt 10.927508 12.41877
vt 10.943969 13.012509
vt 11.092551 11.825032
vt 10.911284 11.825114
vt 10.927743 12.418852
vt 11.092786 11.825114
vt 5.166634 12.716901
vt 5.166634 13.310867
vt 5.166634 8.505561
vt 5.166634 8.594776
vt 10.671472 8.505561
vt 10.890707 9.328602
vt 10.75233 9.328592
vt 10.88417 9.417578
vt 16.276008 2.967124
vt 16.155222 2.863631
vt 16.247809 3.0581
vt 20.115319 3.718262
vt 20.325631 3.924069
vt 20.262092 3.71827
vt 23.491348 4.589845
vt 23.49036 4.930507
vt 23.656416 4.833444
vt 24.856807 13.696723
vt 24.934711 13.641923
vt 24.756454 13.714174
vt 4.337934 -12.676713
vt 4.340695 -12.581506
vt 9.836749 -12.991717
vt 10.508419 -5.338391
vt 5.004815 -5.046455
vt 16.014833 -5.024878
vt 5.166634 -21.081899
vt 16.176311 -21.081899
vt 5.166634 -21.171113
vt 24.393977 5.166634
vt 24.360103 5.132758
vt 19.561526 7.915098
vt 19.561527 8.004307
vt 24.360106 8.004309
vt 22.03218 15.222354
vt 19.635723 15.514275
vt 24.435084 15.535851
vt 19.885386 11.624752
vt 19.891706 11.719789
vt 22.270898 11.310314
vt 20.443295 17.118579
vt 18.301379 16.004841
vt 20.408906 17.200899
vt 23.906027 14.537074
vt 21.520516 14.222635
vt 23.899707 14.63211
vt 24.275257 16.611755
vt 21.876755 16.503421
vt 24.274274 16.706995
vt 24.360104 17.586355
vt 21.960815 17.586355
vt 24.360104 17.67557
vt 12.430582 4.782465
vt 12.508485 4.837264
vt 12.608838 4.854716
vt 24.436307 -1.400546
vt 24.469941 -1.317915
vt 24.495866 -1.317914
vt 24.384054 5.14268
vt 14.083004 -17.018651
vt 14.108931 -17.018651
vt 14.142564 -17.101283
vt 15.812052 -1.438647
vt 15.9822 -1.348954
vt 15.851989 -1.66375
vt 23.863173 9.611808
vt 23.714216 9.715211
vt 23.74269 9.806102
vt 24.903983 15.47339
vt 24.738097 15.473407
vt 24.745933 15.562277
vt 24.904018 16.387566
vt 24.871699 15.198322
vt 24.738132 16.387582
vt 23.174607 14.298155
vt 23.000393 14.298155
vt 23.083415 15.484938
vt 24.99181 15.550697
vt 24.826766 16.144435
vt 24.843227 16.738174
vt 24.991811 15.550723
vt 24.810308 15.550723
vt 24.826767 16.144461
vt 24.360101 16.826231
vt 24.360104 17.4202
vt 24.360104 16.826234
vt 21.960815 17.4202
vt -24.53797 4.746931
vt -24.778767 4.986345
vt -24.68243 4.844305
vt 18.035362 11.240724
vt 17.863734 11.240724
vt 18.159037 11.845076
vt 13.0043 13.362278
vt 13.158686 14.545287
vt 13.324552 13.953787
vt 20.165927 13.357567
vt 20.114892 14.546754
vt 20.261665 14.54676
vt 10.910124 13.085825
vt 10.752054 13.679456
vt 10.890431 13.679465
vt 10.071946 12.410931
vt 9.887864 12.410931
vt 10.055251 13.004663
vt 22.038805 16.050014
vt 19.640303 16.158348
vt 19.641286 16.253588
vt 21.960815 17.586341
vt 19.561527 17.586341
vt 19.561525 17.675556
vt 21.960815 17.420191
vt 19.561525 16.826224
vt 19.561527 17.420191
vt 20.160009 16.742942
vt 20.139767 16.149321
vt 20.048696 16.74302
vt 19.527575 15.26691
vt 19.391574 15.26691
vt 19.458191 15.863532
vt 17.604373 14.882305
vt 17.584618 15.475942
vt 17.693245 15.47602
vt 17.694438 13.307692
vt 17.585811 13.307611
vt 17.579252 13.396585
vt 12.958501 3.995449
vt 12.966212 4.090382
vt 13.056126 3.887564
vt 20.160001 16.113241
vt 20.048688 16.113322
vt 20.166721 16.202203
vt 18.863134 17.761606
vt 18.762257 17.653646
vt 18.85629 17.856605
vt 20.350853 -17.716423
vt 20.366868 -17.804187
vt 14.98496 -18.991599
vt 4.988149 -2.007201
vt 4.988577 -1.911956
vt 10.492644 -2.115539
vt 14.759838 1.680901
vt 14.625144 2.023955
vt 15.219626 1.680901
vt 14.822064 2.420745
vt 15.136023 2.75916
vt 15.281988 2.420748
vt 15.308355 2.407025
vt 14.559701 2.755546
vt 15.611055 2.755546
vt 14.855622 2.432854
vt 14.566723 2.780998
vt 15.315553 2.432854
vt 14.860762 3.41777
vt 15.020216 3.756108
vt 15.320542 3.417772
vt 14.836782 3.667462
vt 15.444732 4.010893
vt 15.296565 3.667462
vt 15.034733 3.463877
vt 14.4532 3.817026
vt 15.63709 3.817026
vt 14.784039 4.194593
vt 14.656347 4.537466
vt 15.243997 4.194593
vt 14.702415 4.897406
vt 15.0234 5.235864
vt 15.162373 4.897406
vt 15.052162 4.922434
vt 14.592383 4.922434
vt 15.361689 5.271401
vt 14.596003 4.915824
vt 14.276522 5.265071
vt 15.365182 5.265071
vt 14.453636 5.870314
vt 14.582598 6.208842
vt 14.913413 5.870312
vt 14.286722 6.175291
vt 14.864334 6.517901
vt 14.746644 6.175291
vt 15.296565 15.383711
vt 15.179921 14.195515
vt 14.836782 15.383711
vt 14.736874 14.158299
vt 14.860726 15.345765
vt 15.320507 15.345766
vt 15.513477 14.184551
vt 14.670015 14.184551
vt 15.254669 15.371517
vt -18.450402 3.359783
vt 15.108329 14.003038
vt 14.855622 15.191318
vt 15.315553 15.191318
vt 14.631122 14.016473
vt 14.845174 15.203542
vt 15.477335 14.016473
vt 14.822024 15.185059
vt 15.281948 15.185061
vt 15.453866 13.997821
vt 14.92458 13.81915
vt 14.759838 15.007407
vt 15.219626 15.007407
vt -19.561523 13.261899
vt -24.360101 13.261899
vt -21.960813 14.449832
vt -24.360101 13.855865
vt -20.499247 12.690751
vt -20.683329 12.690751
vt -20.515941 13.284483
vt -10.994702 8.989029
vt -11.16633 8.989029
vt -10.871028 9.593381
vt -17.219436 13.697313
vt -17.539688 13.105804
vt -17.385301 14.288812
vt -19.71608 13.209458
vt -19.874151 13.803088
vt -19.735773 13.803097
vt -21.960818 14.449857
vt -24.360107 13.855891
vt -24.360107 14.449857
vt -19.561523 13.855865
vt -14.681678 12.751287
vt -14.711556 12.751287
vt -14.732492 13.344884
vt -14.680318 12.751285
vt -14.731137 13.344882
vt -14.752079 13.938479
vt -19.561514 14.449879
vt -19.561512 13.855913
vt -21.960802 14.449879
vt -8.717573 13.445909
vt -8.783871 12.853797
vt -8.894294 14.03802
vt -3.77732 12.170551
vt -3.80757 12.170551
vt -3.756154 12.76414
vt 1.829299 12.01827
vt 1.832588 12.612227
vt 2.680387 12.01827
vt 1.971703 12.82576
vt 2.518009 13.419091
vt 2.81994 12.232428
vt 2.189382 12.614454
vt 2.191516 13.208417
vt 2.735002 13.208417
vt 1.817417 11.95161
vt 1.521817 13.139866
vt 1.981656 13.139866
vt 2.099408 -8.000066
vt 1.981656 -8.342673
vt 1.521817 -8.342673
vt 0.993247 -7.744778
vt 1.324209 -8.083308
vt 0.864232 -8.083305
vt 0.692906 12.11319
vt 0.86432 13.300432
vt 1.324297 13.300431
vt 0.63963 12.143144
vt 1.271352 13.330208
vt 1.486453 12.143144
vt 0.412677 11.933989
vt 0.204393 13.122268
vt 0.664376 13.122268
vt 0.973819 -8.522885
vt 0.664376 -8.871845
vt 0.204393 -8.871845
vt -0.136225 -7.767884
vt 0.002709 -8.106344
vt -0.457123 -8.106341
vt -1.245537 -8.076473
vt -0.658045 -8.419344
vt -1.117879 -8.419344
vt -0.641318 -8.774275
vt -1.243965 -9.127425
vt -1.825336 -8.774275
vt -1.169444 -8.076742
vt -1.31768 -8.420176
vt -1.77768 -8.420176
vt 17.747209 18.092706
vt 0.986061 -8.542506
vt 0.216764 -8.891753
vt -0.102868 -8.542506
vt 25.322307 14.738759
vt 25.504793 14.496149
vt 25.234918 14.756698
vt 22.543572 4.553362
vt 22.61203 4.48714
vt 22.647546 4.268142
vt 6.020718 -2.026602
vt 6.110641 -1.823783
vt 6.118351 -1.918717
vt 13.501674 8.458513
vt 13.042125 8.458513
vt 13.649793 8.80193
vt -2.627009 13.191444
vt -2.684416 12.00336
vt -3.086841 13.191444
vt -7.517042 -6.288848
vt -7.532877 -6.629222
vt -7.992897 -6.62922
vt -8.524418 -5.973153
vt -8.091455 -6.312819
vt -8.551484 -6.312819
vt -8.195902 -6.511758
vt -8.893159 -6.862846
vt -9.316912 -6.511758
vt -8.395836 -6.141185
vt -8.635431 -6.487503
vt -9.095475 -6.487501
vt 11.816175 20.859814
vt 2.569477 17.356727
vt 2.500645 16.168618
vt 2.109105 17.356727
vt 3.22048 17.335303
vt 2.684092 16.147636
vt 2.760164 17.335303
vt 2.395849 16.159997
vt 1.549632 16.159997
vt 2.000337 17.346789
vt 1.913972 17.367375
vt 1.46638 16.179405
vt 1.4536 17.367375
vt 1.255206 17.374364
vt 1.275236 16.186495
vt 0.794846 17.374364
vt 3.575346 16.134066
vt 2.729129 16.134066
vt 3.267275 17.320937
vt 3.865631 17.321363
vt 3.708041 16.133117
vt 3.405316 17.321363
vt 3.405316 14.266445
vt 3.656426 14.604613
vt 3.865631 14.266445
vt 3.22048 14.170132
vt 2.760164 14.170132
vt 3.46021 14.51646
vt 5.861286 13.347619
vt 5.414805 13.698277
vt 6.499292 13.698277
vt 5.294119 13.763832
vt 5.299742 14.103836
vt 5.754391 13.763834
vt 5.133948 13.936324
vt 4.673543 13.936324
vt 5.128323 14.276327
vt 5.133948 17.268796
vt 4.8888 16.080514
vt 4.673543 17.268796
vt 5.873999 16.043901
vt 5.023574 16.043901
vt 5.274992 17.230872
vt -6.750861 0.744597
vt -7.557778 0.462587
vt 6.981986 15.979242
vt 6.127209 15.979242
vt 6.461776 17.166069
vt 6.364006 17.200153
vt 6.03442 16.011933
vt 5.903745 17.200153
vt 5.892277 16.042981
vt 5.294131 17.230386
vt 5.754403 17.230388
vt 6.364006 13.453555
vt 5.903745 13.453555
vt 6.545157 13.797944
vt 6.501457 13.408712
vt 6.693901 13.74692
vt 6.961458 13.408712
vt 7.085953 12.937187
vt 6.829752 13.284076
vt 7.545953 12.937187
vt 7.572826 12.729018
vt 6.859348 13.081473
vt 8.039086 13.081473
vt 8.518953 0.648534
vt 9.533952 0.482912
vt 10.722539 0.41936
vt 11.76269 0.477267
vt 11.175528 10.43318
vt 10.729271 10.783137
vt 11.771033 10.783137
vt 12.442751 9.474131
vt 11.687271 9.824292
vt 12.800595 9.824292
vt 11.988217 9.559776
vt 11.691389 9.908223
vt 12.447663 9.559779
vt 11.589287 10.303828
vt 11.740487 10.642212
vt 12.048736 10.303828
vt 11.627208 10.524601
vt 11.167705 10.524601
vt 11.767129 10.867803
vt 11.627208 16.663281
vt 11.733774 15.475739
vt 11.167705 16.663281
vt 12.048736 16.580745
vt 11.688639 15.392577
vt 11.589287 16.580745
vt 11.739712 15.49967
vt 10.892894 15.49967
vt 11.172334 16.686587
vt -10.914011 0
vt -11.75919 0.052652
vt 11.183787 16.719491
vt 10.910144 15.531225
vt 10.724283 16.719491
vt 10.719381 16.799493
vt 10.912404 15.612369
vt 10.259991 16.799493
vt 10.912393 15.612515
vt 10.065576 15.612515
vt 10.259971 16.799634
vt 10.235006 16.849054
vt 10.04776 15.660787
vt 9.775618 16.849054
vt 10.018874 15.721167
vt 9.170667 15.721167
vt 9.740905 16.908085
vt 9.731464 16.91436
vt 9.162505 15.72683
vt 9.271932 16.914362
vt 9.209611 16.966836
vt 9.107393 15.778661
vt 8.750083 16.966836
vt 9.063098 15.818098
vt 8.212065 15.818098
vt 8.701264 17.004902
vt 8.670599 17.021135
vt 8.183945 15.833285
vt 8.211252 17.021137
vt 8.115789 17.070576
vt 8.0957 15.882581
vt 7.656453 17.070576
vt 8.049143 15.904039
vt 7.193749 15.904039
vt 7.606604 17.090813
vt 7.545953 17.117046
vt 7.136855 15.928972
vt 7.085953 17.117046
vt 6.961458 17.158772
vt 7.019575 15.971029
vt 6.501457 17.158772
vt -8.385241 0.245783
vt -9.223075 0.096476
vt -10.067319 0.014579
vt 8.115789 12.866304
vt 7.656453 12.866304
vt 8.131605 13.206676
vt 8.211259 12.617661
vt 8.238282 12.957327
vt 8.670606 12.617659
vt 8.727646 12.130356
vt 8.303312 12.479954
vt 9.331735 12.479954
vt 9.209611 12.218991
vt 8.750083 12.218991
vt 9.357702 12.562416
vt 9.271936 12.066329
vt 9.431305 12.404667
vt 9.731469 12.066326
vt 9.775618 11.444372
vt 9.486871 11.792507
vt 10.235006 11.444372
vt 10.24068 11.257372
vt 9.494569 11.609824
vt 10.684854 11.609824
vt 10.259991 11.35462
vt 10.713765 11.694625
vt 10.719381 11.35462
vt 10.724283 11.000343
vt 10.729902 11.340348
vt 11.183787 11.000343
vt 12.496966 15.378535
vt 11.648759 15.378535
vt 12.013319 16.56534
vt 12.469248 15.326137
vt 11.988211 16.514002
vt 12.447657 16.514004
vt 12.823165 16.435685
vt 12.378092 15.247709
vt 12.363733 16.435685
vt 13.180389 15.248353
vt 12.329355 15.248353
vt 12.777602 16.435136
vt 0.594624 14.595025
vt 0.134267 14.595027
vt 0.418345 14.933284
vt -8.384637 21.097028
vt -7.557778 20.880356
vt -6.750286 20.59812
vt -5.971885 20.254099
vt -5.225811 19.85058
vt -14.337998 13.757862
vt -15.184815 13.757862
vt -14.872567 14.944726
vt -14.421149 14.744696
vt -14.728116 13.556455
vt -14.880883 14.744696
vt -14.247876 14.751617
vt -14.087919 13.564323
vt -14.707704 14.751619
vt -14.040134 13.586283
vt -14.888341 13.586283
vt -14.66043 14.773312
vt -14.047313 14.561801
vt -14.268597 13.373519
vt -14.507136 14.561801
vt -13.649692 13.439218
vt -14.500726 13.439218
vt -13.894604 14.626203
vt -13.819583 14.574464
vt -14.424955 13.387096
vt -14.279271 14.574465
vt -13.565564 14.394381
vt -13.704063 13.206152
vt -14.025243 14.394381
vt -13.168594 13.309847
vt -14.023989 13.309847
vt -13.494886 14.496683
vt -13.285141 14.37062
vt -13.812279 13.182911
vt -13.745086 14.37062
vt -12.980063 14.243904
vt -13.040046 13.05581
vt -13.440006 14.243904
vt -12.603761 13.176013
vt -13.458537 13.176013
vt -13.007612 14.362791
vt -9.221859 21.2463
vt -10.065491 21.328261
vt -12.649997 14.178959
vt -13.097764 12.990986
vt -13.109943 14.178959
vt -12.649997 -2.768909
vt -13.109943 -2.768909
vt -13.098349 -2.429004
vt -12.579772 -2.749648
vt -13.215537 -3.1001
vt -13.655694 -2.749648
vt -12.800901 -2.266104
vt -12.980063 -2.610425
vt -13.440006 -2.610425
vt -13.554645 -1.455722
vt -13.285141 -1.793936
vt -13.745086 -1.793936
vt -13.565564 -1.86403
vt -14.025243 -1.86403
vt -14.283379 -1.517062
vt -13.269707 -1.695504
vt -13.714603 -2.047434
vt -14.429998 -1.695504
vt -13.825249 -0.654713
vt -13.819639 -0.994717
vt -14.279327 -0.994714
vt -14.047313 -0.52692
vt -14.507136 -0.52692
vt -14.501516 -0.186917
vt -13.884757 -0.426378
vt -14.506602 -0.776773
vt -14.952838 -0.426378
vt -14.082313 0.070148
vt -14.247929 -0.273786
vt -14.707757 -0.273783
vt -14.703965 0.866984
vt -14.421149 0.528726
vt -14.880883 0.528726
vt -14.56622 0.515521
vt -15.025956 0.515521
vt -15.29737 0.862995
vt -14.56622 14.888378
vt -14.493201 13.700699
vt -15.025956 14.888378
vt -14.683091 14.939815
vt -15.077096 13.751713
vt -15.142883 14.939815
vt -14.667273 1.727793
vt -14.683091 1.387417
vt -15.142883 1.387417
vt -14.226105 0.704484
vt -14.692595 0.351712
vt -15.421203 0.704484
vt 5.423007 19.476925
vt 6.367679 19.975314
vt -15.236727 15.558276
vt -14.77707 15.558276
vt -15.426341 14.371127
vt -3.336148 14.043576
vt -3.796241 14.043576
vt -3.063842 14.391069
vt -3.336148 17.32338
vt -3.452728 16.13518
vt -3.796241 17.32338
vt -3.151102 17.334941
vt -2.691018 17.334941
vt -3.27488 16.147469
vt -2.661286 17.33072
vt -2.390856 16.143791
vt -3.246251 16.143791
vt -2.040565 17.360212
vt -2.236206 16.171934
vt -2.500646 17.360212
vt -1.847966 17.356789
vt -1.195893 16.169696
vt -2.05067 16.169696
vt -1.385676 17.357494
vt -1.193768 16.170358
vt -1.845762 17.357494
vt -0.727148 17.380077
vt -1.002703 16.191805
vt -1.18745 17.380077
vt -1.18745 14.531671
vt -1.181834 14.871673
vt -0.727148 14.531671
vt -1.385676 14.489174
vt -1.845762 14.489174
vt -1.39129 14.829176
vt -1.980613 14.190537
vt -2.602219 14.540904
vt -1.534084 14.540904
vt -2.500646 14.327559
vt -2.66577 14.671462
vt -2.040565 14.327559
vt -2.691018 14.383921
vt -3.151102 14.383921
vt -2.867411 14.722183
vn 0 -1 0
vn 0 1 0
vn 0.4665109082247176 -0.7651418494759542 -0.44376291269986207
vn 0.496220100652303 -0.7615181544648351 -0.4169600845753582
vn 0.513248144292294 -0.7638172147361647 -0.39135611002411114
vn -0.4665109082247176 0.7651418494759542 0.44376291269986207
vn -0.496220100652303 0.7615181544648351 0.4169600845753582
vn -0.513248144292294 0.7638172147361647 0.39135611002411114
vn 0.5213342684335198 -0.7547333886100576 -0.39823120504810555
vn -0.5213342684335198 0.7547333886100576 0.39823120504810555
vn 0.7598879428860644 -0.1391469895415735 -0.6349869522737475
vn 0.7607661847136716 -0.1357660329639289 -0.6346671540968862
vn 0.7866791014399166 -0.1373080177054581 -0.6018990776130853
vn -0.7598879428860644 0.1391469895415735 0.6349869522737475
vn -0.7607661847136716 0.1357660329639289 0.6346671540968862
vn -0.7866791014399166 0.1373080177054581 0.6018990776130853
vn 0.7328217120974897 -0.13725794607568717 -0.6664327381796212
vn -0.7328217120974897 0.13725794607568717 0.6664327381796212
vn 0.8110661954195291 -0.13576903271239832 -0.5689801370909442
vn -0.8110661954195291 0.13576903271239832 0.5689801370909442
vn 0.34228805257801603 -0.137220021078026 -0.9295211427814299
vn 0.3045460821450735 -0.1357720366217285 -0.9427712542932534
vn 0.38206894948322884 -0.1357709820484977 -0.9141058791378426
vn -0.34228805257801603 0.137220021078026 0.9295211427814299
vn -0.3045460821450735 0.1357720366217285 0.9427712542932534
vn -0.38206894948322884 0.1357709820484977 0.9141058791378426
vn 0.26235007912414 -0.13692904129746278 -0.9552082880884752
vn 0.23516491126465286 -0.13621194860281458 -0.9623636368689914
vn -0.26235007912414 0.13692904129746278 0.9552082880884752
vn -0.23516491126465286 0.13621194860281458 0.9623636368689914
vn 0.2088139940241612 -0.13674399608666038 -0.9683479722878181
vn 0.1650659290262051 -0.135757941627831 -0.9768945799622856
vn -0.2088139940241612 0.13674399608666038 0.9683479722878181
vn -0.1650659290262051 0.135757941627831 0.9768945799622856
vn 0.04230898367613952 -0.13721994705712415 -0.9896366181735254
vn 0.00023100004738157954 -0.13572002783821635 -0.9907472032171333
vn 0.08295198900135502 -0.1357389820023017 -0.9872658690979333
vn -0.04230898367613952 0.13721994705712415 0.9896366181735254
vn -0.00023100004738157954 0.13572002783821635 0.9907472032171333
vn -0.08295198900135502 0.1357389820023017 0.9872658690979333
vn 0.00047600011765748567 -0.13917103440023093 -0.99026824477404
vn -0.00047600011765748567 0.13917103440023093 0.99026824477404
vn -0.2620660002813279 -0.13689600014695788 -0.955291001025505
vn -0.30443108356664833 -0.1357660372679181 -0.9428092588021199
vn -0.23508809304106806 -0.13620505390602103 -0.9623833808835084
vn 0.2620660002813279 0.13689600014695788 0.955291001025505
vn 0.30443108356664833 0.1357660372679181 0.9428092588021199
vn 0.23508809304106806 0.13620505390602103 0.9623833808835084
vn -0.2982549181154656 -0.13842896199495663 -0.9443947407207093
vn 0.2982549181154656 0.13842896199495663 0.9443947407207093
vn -0.3421268418597728 -0.13720593657972618 -0.9295825703219366
vn -0.3820559072551757 -0.13576796704205846 -0.9141117780975646
vn 0.3421268418597728 0.13720593657972618 0.9295825703219366
vn 0.3820559072551757 0.13576796704205846 0.9141117780975646
vn -0.4943370170395501 -0.1372040047293535 -0.858374029587724
vn -0.5289116785973957 -0.13572591752372823 -0.8377534909241663
vn -0.4570382176361666 -0.13575206464351955 -0.8790264185819319
vn 0.4943370170395501 0.1372040047293535 0.858374029587724
vn 0.5289116785973957 0.13572591752372823 0.8377534909241663
vn 0.4570382176361666 0.13575206464351955 0.8790264185819319
vn -0.6738979788422993 -0.13701799569818307 -0.7260079772062539
vn -0.7053554743876892 -0.13575709130359823 -0.6957324679157244
vn -0.6447600080927053 -0.13572400170353985 -0.7522390094417281
vn 0.6738979788422993 0.13701799569818307 0.7260079772062539
vn 0.7053554743876892 0.13575709130359823 0.6957324679157244
vn 0.6447600080927053 0.13572400170353985 0.7522390094417281
vn -0.7609819415938772 -0.13577298957928768 -0.634406951308634
vn -0.7330426205233591 -0.1372729289374608 -0.6661866551329118
vn 0.7609819415938772 0.13577298957928768 0.634406951308634
vn 0.7330426205233591 0.1372729289374608 0.6661866551329118
vn -0.7016836173488722 -0.13874692433674415 -0.6988486188948901
vn 0.7016836173488722 0.13874692433674415 0.6988486188948901
vn -0.4611860905460576 -0.7593331490821699 -0.45904309012531586
vn -0.43786894549276345 -0.7651779047483648 -0.47198894124540425
vn -0.46643407066453385 -0.7654071159588042 -0.44338606717277257
vn 0.4611860905460576 0.7593331490821699 0.45904309012531586
vn 0.43786894549276345 0.7651779047483648 0.47198894124540425
vn 0.46643407066453385 0.7654071159588042 0.44338606717277257
vn -0.41628002257070346 -0.7638860414179023 -0.4931420267381615
vn 0.41628002257070346 0.7638860414179023 0.4931420267381615
vn -0.32554594964097544 -0.7646788817110683 -0.5561349139709407
vn -0.29970400904791433 -0.7638710230608845 -0.5715580172550511
vn -0.35931994742862094 -0.7650458880676745 -0.534409921811559
vn 0.32554594964097544 0.7646788817110683 0.5561349139709407
vn 0.29970400904791433 0.7638710230608845 0.5715580172550511
vn 0.35931994742862094 0.7650458880676745 0.534409921811559
vn -0.13930999870887495 -0.7635439929234743 -0.6305499941560627
vn -0.10821596044745245 -0.7636007209066601 -0.6365557673411375
vn -0.1696529806559986 -0.7637429129172743 -0.6228279289845408
vn 0.13930999870887495 0.7635439929234743 0.6305499941560627
vn 0.10821596044745245 0.7636007209066601 0.6365557673411375
vn 0.1696529806559986 0.7637429129172743 0.6228279289845408
vn -0.11354997184154082 -0.7558948125509599 -0.6447708401078126
vn 0.11354997184154082 0.7558948125509599 0.6447708401078126
vn -0.07990696953155824 -0.762756709161685 -0.6417297553091327
vn 0.07990696953155824 0.762756709161685 0.6417297553091327
vn -0.039329980882861174 -0.7649996281563387 -0.6428286875400144
vn 0.039329980882861174 0.7649996281563387 0.6428286875400144
vn -0.0562229972805218 -0.7598889632445517 -0.6476169686750918
vn 0.0562229972805218 0.7598889632445517 0.6476169686750918
vn -0.028357992187927214 -0.7561307917007402 -0.6538058198892707
vn 0.028357992187927214 0.7561307917007402 0.6538058198892707
vn 0.00010000000535790042 -0.7650010409879918 -0.6440290345064325
vn -0.00010000000535790042 0.7650010409879918 0.6440290345064325
vn 0.03974600755571675 -0.7656501455501065 -0.6420281220495576
vn -0.03974600755571675 0.7656501455501065 0.6420281220495576
vn 0.028965014893553805 -0.7557733886119744 -0.6541923363798982
vn -0.028965014893553805 0.7557733886119744 0.6541923363798982
vn 0.05668698276846366 -0.7606037687939832 -0.6467368034069165
vn -0.05668698276846366 0.7606037687939832 0.6467368034069165
vn 0.08054300020534438 -0.7643060019485981 -0.6398040016311803
vn -0.08054300020534438 0.7643060019485981 0.6398040016311803
vn 0.1095100339347008 -0.7635692366129628 -0.6363721971974561
vn -0.1095100339347008 0.7635692366129628 0.6363721971974561
vn 0.11418499810812587 -0.7551559874881981 -0.6455239893046358
vn -0.11418499810812587 0.7551559874881981 0.6455239893046358
vn 0.1406040623749989 -0.7624793382523027 -0.6315502801693447
vn -0.1406040623749989 0.7624793382523027 0.6315502801693447
vn 0.17261093631986726 -0.13810194905102405 -0.9752606402039852
vn -0.17261093631986726 0.13810194905102405 0.9752606402039852
vn 0.12601600501335783 -0.13708400545368166 -0.9825110390877289
vn -0.12601600501335783 0.13708400545368166 0.9825110390877289
vn 0.08680098756892766 -0.1389009801075059 -0.9864948587206287
vn -0.08680098756892766 0.1389009801075059 0.9864948587206287
vn 0.17076902123043297 -0.7634050949084358 -0.6229370774450996
vn -0.17076902123043297 0.7634050949084358 0.6229370774450996
vn 0.17022697765660416 -0.7552699008659227 -0.6329219169248897
vn -0.17022697765660416 0.7552699008659227 0.6329219169248897
vn 0.19851193143676987 -0.7635477362813471 -0.6144817877666299
vn -0.19851193143676987 0.7635477362813471 0.6144817877666299
vn 0.29869985078258526 -0.1385079308074801 -0.9442425282976251
vn -0.29869985078258526 0.1385079308074801 0.9442425282976251
vn 0.23596994135227406 -0.76503680985854 -0.5991968510762323
vn -0.23596994135227406 0.76503680985854 0.5991968510762323
vn 0.22318097227088182 -0.7598729055895967 -0.6105599241409869
vn -0.22318097227088182 0.7598729055895967 0.6105599241409869
vn 0.2510510869624798 -0.7561262619172676 -0.6043562093450988
vn -0.2510510869624798 0.7561262619172676 0.6043562093450988
vn 0.3800379633018259 -0.13908698656913532 -0.9144539116962196
vn -0.3800379633018259 0.13908698656913532 0.9144539116962196
vn 0.2728948972968434 -0.7638297125350333 -0.5848867798796565
vn -0.2728948972968434 0.7638297125350333 0.5848867798796565
vn 0.4197718741784368 -0.13730595884419267 -0.8971837310799831
vn -0.4197718741784368 0.13730595884419267 0.8971837310799831
vn 0.45696721169079524 -0.1357580628901408 -0.879062407227073
vn -0.45696721169079524 0.1357580628901408 0.879062407227073
vn 0.4942790161238761 -0.13719400447540572 -0.8584090280021615
vn 0.5287350827253687 -0.13573102123634148 -0.8378641310913943
vn -0.4942790161238761 0.13719400447540572 0.8584090280021615
vn -0.5287350827253687 0.13573102123634148 0.8378641310913943
vn 0.4584672764858807 -0.13909608388407466 -0.877758529346046
vn -0.4584672764858807 0.13909608388407466 0.877758529346046
vn 0.5333620329751088 -0.13857500856740018 -0.8344590515904324
vn -0.5333620329751088 0.13857500856740018 0.8344590515904324
vn 0.5652367162871321 -0.13690193128394101 -0.813489591679984
vn -0.5652367162871321 0.13690193128394101 0.813489591679984
vn 0.5885212374371757 -0.13619105494588366 -0.7969283215184054
vn -0.5885212374371757 0.13619105494588366 0.7969283215184054
vn 0.6097292598928843 -0.13658705821928985 -0.7807523327902874
vn 0.6445421723889502 -0.13572103629988538 -0.7524262012435625
vn -0.6097292598928843 0.13658705821928985 0.7807523327902874
vn -0.6445421723889502 0.13572103629988538 0.7524262012435625
vn 0.36021094401061626 -0.7645568811611104 -0.5345099169184575
vn 0.376169917109087 -0.7559828334154209 -0.5357108819534416
vn 0.3940139177976729 -0.7617378410801743 -0.5143038927018186
vn -0.36021094401061626 0.7645568811611104 0.5345099169184575
vn -0.376169917109087 0.7559828334154209 0.5357108819534416
vn -0.3940139177976729 0.7617378410801743 0.5143038927018186
vn 0.35009917064205337 -0.7601473705039002 -0.5473632667906686
vn -0.35009917064205337 0.7601473705039002 0.5473632667906686
vn 0.4164797861451814 -0.7638096077976156 -0.49309174680632867
vn -0.4164797861451814 0.7638096077976156 0.49309174680632867
vn 0.4224751043659391 -0.7547091864392296 -0.5019251239928374
vn -0.4224751043659391 0.7547091864392296 0.5019251239928374
vn 0.43751116425703473 -0.7656202874407065 -0.471603177056372
vn -0.43751116425703473 0.7656202874407065 0.471603177056372
vn 0.6378046973174155 -0.13783293458870868 -0.7577646403880989
vn 0.6736891077730867 -0.13701102191827147 -0.7262031161739897
vn -0.6378046973174155 0.13783293458870868 0.7577646403880989
vn -0.6736891077730867 0.13701102191827147 0.7262031161739897
vn 0.7051332579480174 -0.13574904965897983 -0.6959592545920333
vn -0.7051332579480174 0.13574904965897983 0.6959592545920333
vn 0.7014743971945575 -0.13874807856306928 -0.6990583958265494
vn -0.7014743971945575 0.13874807856306928 0.6990583958265494
vn 0.4606009779791284 -0.7598839636707085 -0.45871897806910494
vn 0.4832488672848986 -0.7561307923430729 -0.44128987880813597
vn -0.4606009779791284 0.7598839636707085 0.45871897806910494
vn -0.4832488672848986 0.7561307923430729 0.44128987880813597
vn 0.3009940128379969 -0.7639440325837416 -0.5707820243449955
vn 0.32678496603348217 -0.7639769205910969 -0.5563729421697647
vn -0.3009940128379969 0.7639440325837416 0.5707820243449955
vn -0.32678496603348217 0.7639769205910969 0.5563729421697647
vn 0.3035510517909743 -0.7551461288407781 -0.581043099135839
vn -0.3035510517909743 0.7551461288407781 0.581043099135839
vn -0.1699079665694215 -0.7551548514180115 -0.633144875424326
vn 0.1699079665694215 0.7551548514180115 0.633144875424326
vn -0.20845899150477512 -0.13678999442546586 -0.9684179605345479
vn 0.20845899150477512 0.13678999442546586 0.9684179605345479
vn -0.16478200978071886 -0.13575400805774726 -0.9769430579869453
vn 0.16478200978071886 0.13575400805774726 0.9769430579869453
vn -0.1719289877347584 -0.1382089901403092 -0.9753659304183724
vn 0.1719289877347584 0.1382089901403092 0.9753659304183724
vn -0.12553798824380732 -0.13711498715966194 -0.9825679079859586
vn 0.12553798824380732 0.13711498715966194 0.9825679079859586
vn -0.08256102671353267 -0.13573404391825009 -0.9872993194516068
vn 0.08256102671353267 0.13573404391825009 0.9872993194516068
vn -0.08596200083194025 -0.1389600013448549 -0.9865600095479279
vn 0.08596200083194025 0.1389600013448549 0.9865600095479279
vn -0.04171000967695277 -0.13723303183882185 -0.989660229606643
vn 0.04171000967695277 0.13723303183882185 0.989660229606643
vn -0.19803889530528035 -0.7633445964522606 -0.6148866749356334
vn 0.19803889530528035 0.7633445964522606 0.6148866749356334
vn -0.2353069974546842 -0.7646639917286296 -0.5999329935105249
vn 0.2353069974546842 0.7646639917286296 0.5999329935105249
vn -0.22315000668490484 -0.7593310227472797 -0.6112450183110674
vn 0.22315000668490484 0.7593310227472797 0.6112450183110674
vn -0.2507070545997404 -0.7564521647424397 -0.6040911315607933
vn 0.2507070545997404 0.7564521647424397 0.6040911315607933
vn -0.37975396931018424 -0.13906698876130177 -0.9145749260886304
vn 0.37975396931018424 0.13906698876130177 0.9145749260886304
vn -0.41971615281490166 -0.13730904999299842 -0.8972093266659006
vn 0.41971615281490166 0.13730904999299842 0.8972093266659006
vn -0.45830899048963025 -0.1391099971133285 -0.8778389817839635
vn 0.45830899048963025 0.1391099971133285 0.8778389817839635
vn -0.3036259827623944 -0.7547349571518108 -0.5815379669846367
vn -0.27252307169142753 -0.7628122006695993 -0.5863861542579871
vn 0.3036259827623944 0.7547349571518108 0.5815379669846367
vn 0.27252307169142753 0.7628122006695993 0.5863861542579871
vn 0.6311900547929798 -0.7632690662586272 -0.13791101197191757
vn 0.6378380276333764 -0.7624900330337376 -0.10849700470047008
vn 0.640040833132736 -0.7652848004799472 -0.06846098215130006
vn -0.6311900547929798 0.7632690662586272 0.13791101197191757
vn -0.6378380276333764 0.7624900330337376 0.10849700470047008
vn -0.640040833132736 0.7652848004799472 0.06846098215130006
vn 0.6409757770417426 -0.7547117374796055 -0.13985795135153897
vn -0.6409757770417426 0.7547117374796055 0.13985795135153897
vn 0.9678091218713714 -0.13573801709281086 -0.21194502668917914
vn 0.9757772892565351 -0.13724604068481058 -0.17035905050073333
vn 0.9675075151298603 -0.1391619302584595 -0.21109989420647013
vn -0.9678091218713714 0.13573801709281086 0.21194502668917914
vn -0.9757772892565351 0.13724604068481058 0.17035905050073333
vn -0.9675075151298603 0.1391619302584595 0.21109989420647013
vn 0.982132162273291 -0.135758022430689 -0.13033102153401
vn -0.982132162273291 0.135758022430689 0.13033102153401
vn 0.9823212769448942 -0.1387740391244316 -0.1256450354229842
vn -0.9823212769448942 0.1387740391244316 0.1256450354229842
vn 0.9867396685137447 -0.13705095395897324 -0.0869589707869213
vn -0.9867396685137447 0.13705095395897324 0.0869589707869213
vn 0.989581486176061 -0.13577106670359473 -0.04790302353449778
vn -0.989581486176061 0.13577106670359473 0.04790302353449778
vn 0.9896817898445582 -0.13781197073611348 -0.03921499167283466
vn -0.9896817898445582 0.13781197073611348 0.03921499167283466
vn 0.9906171193054752 -0.1366340164555871 -0.002978000358656984
vn -0.9906171193054752 0.1366340164555871 0.002978000358656984
vn 0.9904026532506829 -0.13622695230565818 0.023340991828098453
vn -0.9904026532506829 0.13622695230565818 -0.023340991828098453
vn 0.9891904190824802 -0.1370400580586774 0.052176022105002565
vn -0.9891904190824802 0.1370400580586774 -0.052176022105002565
vn 0.9861041229553587 -0.13577201692914231 0.09573201193663386
vn -0.9861041229553587 0.13577201692914231 -0.09573201193663386
vn -0.8897131351425419 -0.13620102068818749 -0.43572906618485363
vn -0.8559083385451953 -0.13576705370117528 -0.4989871973689361
vn -0.8773533082116393 -0.13677404804832122 -0.45993916157527603
vn 0.8897131351425419 0.13620102068818749 0.43572906618485363
vn 0.8559083385451953 0.13576705370117528 0.4989871973689361
vn 0.8773533082116393 0.13677404804832122 0.45993916157527603
vn -0.8593670198402066 -0.13815100318949225 -0.4923440113667463
vn 0.8593670198402066 0.13815100318949225 0.4923440113667463
vn -0.5666899288744681 -0.7571949049640947 -0.3248359592296789
vn -0.5518758934733381 -0.7650008523345773 -0.3319739359202392
vn -0.5732782482851432 -0.7631893305350811 -0.29815112912838754
vn 0.5666899288744681 0.7571949049640947 0.3248359592296789
vn 0.5518758934733381 0.7650008523345773 0.3319739359202392
vn 0.5732782482851432 0.7631893305350811 0.29815112912838754
vn -0.5862460609865947 -0.7635150794277145 -0.2708510281763631
vn 0.5862460609865947 0.7635150794277145 0.2708510281763631
vn -0.5312968994015981 -0.7638148553754899 -0.3664839306081067
vn -0.5137809309719953 -0.7636838973967843 -0.3909169474791389
vn 0.5312968994015981 0.7638148553754899 0.3664839306081067
vn 0.5137809309719953 0.7636838973967843 0.3909169474791389
vn -0.5215348185046108 -0.7547337373508183 -0.3979678615062133
vn 0.5215348185046108 0.7547337373508183 0.3979678615062133
vn -0.4953768543597217 -0.7628297757288418 -0.4155628778249475
vn 0.4953768543597217 0.7628297757288418 0.4155628778249475
vn -0.4831131435662711 -0.7564582247959676 -0.4408771310150356
vn 0.4831131435662711 0.7564582247959676 0.4408771310150356
vn 0.6432117290686638 -0.765166677699238 -0.02825998809642923
vn 0.6450842809355557 -0.7641083327707796 0.0021740009467819663
vn -0.6432117290686638 0.765166677699238 0.02825998809642923
vn -0.6450842809355557 0.7641083327707796 -0.0021740009467819663
vn 0.6484302984472463 -0.7593273494888457 -0.054407025041437525
vn -0.6484302984472463 0.7593273494888457 0.054407025041437525
vn 0.6487712840223988 -0.756458331166183 -0.08286503627707785
vn -0.6487712840223988 0.756458331166183 0.08286503627707785
vn 0.6560587724358854 -0.7547047382190091 0.002764999040917392
vn -0.6560587724358854 0.7547047382190091 -0.002764999040917392
vn 0.6453400460559847 -0.7631790544658016 0.033075002360463776
vn -0.6453400460559847 0.7631790544658016 -0.033075002360463776
vn 0.6399280961642421 -0.7649871149572998 0.07271001092638864
vn -0.6399280961642421 0.7649871149572998 -0.07271001092638864
vn 0.650422972842565 -0.7571929683845441 0.06007299749174216
vn -0.650422972842565 0.7571929683845441 -0.06007299749174216
vn 0.6459268680261736 -0.7583078450648318 0.08802098201581886
vn -0.6459268680261736 0.7583078450648318 -0.08802098201581886
vn 0.9861522271365241 -0.13873803195497963 0.09086002092742758
vn 0.9811715897246573 -0.13726694260204586 0.13586794318703524
vn -0.9861522271365241 0.13873803195497963 -0.09086002092742758
vn -0.9811715897246573 0.13726694260204586 -0.13586794318703524
vn 0.9746729293859234 -0.1357599901643248 0.17771298712487224
vn -0.9746729293859234 0.1357599901643248 -0.17771298712487224
vn 0.9743590197400266 -0.1391500028191095 0.1768100035820823
vn -0.9743590197400266 0.1391500028191095 -0.1768100035820823
vn 0.9661080072873526 -0.13728500103554075 0.2186050016489375
vn -0.9661080072873526 0.13728500103554075 -0.2186050016489375
vn 0.9564246614395979 -0.13573495195180366 0.25851090849090297
vn -0.9564246614395979 0.13573495195180366 -0.25851090849090297
vn 0.9551878582018953 -0.13899897936553354 0.26133396120484564
vn -0.9551878582018953 0.13899897936553354 -0.26133396120484564
vn 0.9441063804862773 -0.1371080552562027 0.2997741208125923
vn -0.9441063804862773 0.1371080552562027 -0.2997741208125923
vn 0.9314950211495947 -0.13574100308199952 0.33747800766243824
vn -0.9314950211495947 0.13574100308199952 -0.33747800766243824
vn -0.9314085357072246 -0.1357420780731646 0.3377161942402267
vn -0.9563519280660798 -0.13572898979087297 0.2587829805351213
vn -0.9440402696783583 -0.13710403916569386 0.2999840856946661
vn 0.9314085357072246 0.1357420780731646 -0.3377161942402267
vn 0.9563519280660798 0.13572898979087297 -0.2587829805351213
vn 0.9440402696783583 0.13710403916569386 -0.2999840856946661
vn -0.9551411948459582 -0.13901102835783563 0.26149805334482384
vn 0.9551411948459582 0.13901102835783563 -0.26149805334482384
vn -0.9660494532845176 -0.13727306441052742 0.21887110269751914
vn 0.9660494532845176 0.13727306441052742 -0.21887110269751914
vn -0.6392619831394655 -0.7551449800830514 0.14525899616879404
vn -0.6297838783947278 -0.7639498524885553 0.14054497286210355
vn -0.6223319791941977 -0.7638279744637035 0.17108399428032
vn 0.6392619831394655 0.7551449800830514 -0.14525899616879404
vn 0.6297838783947278 0.7639498524885553 -0.14054497286210355
vn 0.6223319791941977 0.7638279744637035 -0.17108399428032
vn -0.6354993016048626 -0.764000362590838 0.1115530529425337
vn 0.6354993016048626 0.764000362590838 -0.1115530529425337
vn -0.6098403367527073 -0.7646524222396548 0.20833011503950463
vn 0.6098403367527073 0.7646524222396548 -0.20833011503950463
vn 0.6297897510095222 -0.7636626980821937 0.1420709438315531
vn 0.6233120588101189 -0.7628050719714248 0.17207701623563934
vn 0.6092113405160325 -0.7649184275478326 0.2091921169270251
vn -0.6297897510095222 0.7636626980821937 -0.1420709438315531
vn -0.6233120588101189 0.7628050719714248 -0.17207701623563934
vn -0.6092113405160325 0.7649184275478326 -0.2091921169270251
vn 0.6226777554296606 -0.756455702885439 0.20011792139929918
vn -0.6226777554296606 0.756455702885439 -0.20011792139929918
vn 0.610334273530521 -0.7593173402995321 0.22567510113970435
vn -0.610334273530521 0.7593173402995321 -0.22567510113970435
vn 0.9288131827964895 -0.13834702722759687 0.3437530676528447
vn -0.9288131827964895 0.13834702722759687 -0.3437530676528447
vn 0.9153460605789773 -0.13683600905601265 0.3787050250632674
vn -0.9153460605789773 0.13683600905601265 -0.3787050250632674
vn 0.9044838714344103 -0.13620998063877418 0.40417294254985153
vn -0.9044838714344103 0.13620998063877418 -0.40417294254985153
vn 0.8928534298184053 -0.1368370658731741 0.42905520654658263
vn -0.8928534298184053 0.1368370658731741 -0.42905520654658263
vn 0.8729016342975006 -0.13578394311326106 0.4686208036711212
vn -0.8729016342975006 0.13578394311326106 -0.4686208036711212
vn 0.8758819197455712 -0.13828098732972854 0.4622869576420349
vn -0.8758819197455712 0.13828098732972854 -0.4622869576420349
vn 0.8532628530472445 -0.1372039763701158 0.5031079133524986
vn -0.8532628530472445 0.1372039763701158 -0.5031079133524986
vn 0.8308332838567325 -0.13580104639684284 0.5396981843895353
vn -0.8308332838567325 0.13580104639684284 -0.5396981843895353
vn 0.831994969504889 -0.1390149949046835 0.5370839803142612
vn -0.831994969504889 0.1390149949046835 -0.5370839803142612
vn 0.5554559658558451 -0.7633219530782194 0.3298609797232813
vn 0.56501096256068 -0.7558939499122009 0.3307369780843764
vn 0.5409086347951108 -0.7627624850062082 0.35441676070869366
vn -0.5554559658558451 0.7633219530782194 -0.3298609797232813
vn -0.56501096256068 0.7558939499122009 -0.3307369780843764
vn -0.5409086347951108 0.7627624850062082 -0.35441676070869366
vn 0.5714670214500149 -0.7627950286315118 0.3026040113582417
vn -0.5714670214500149 0.7627950286315118 -0.3026040113582417
vn 0.5844250808113837 -0.7636611055952468 0.2743520379360307
vn -0.5844250808113837 0.7636611055952468 -0.2743520379360307
vn 0.5928788552602063 -0.7548858157093707 0.2804319315380207
vn -0.5928788552602063 0.7548858157093707 -0.2804319315380207
vn 0.5960591936411856 -0.7639702481902909 0.2471090802780928
vn -0.5960591936411856 0.7639702481902909 -0.2471090802780928
vn 0.5154247514648219 -0.7650226311100012 0.38610581382175196
vn -0.5154247514648219 0.7650226311100012 -0.38610581382175196
vn 0.530059903659236 -0.7598898618866107 0.3763029316052551
vn -0.530059903659236 0.7598898618866107 -0.3763029316052551
vn 0.5167048418746498 -0.7561317686036767 0.40159787710042605
vn -0.5167048418746498 0.7561317686036767 -0.40159787710042605
vn 0.8075855768781655 -0.13735692803398544 0.5735316995070345
vn 0.7830137001700174 -0.13580594799746798 0.6069977675696734
vn 0.7817837593978764 -0.13912095718407122 0.6078318129334062
vn -0.8075855768781655 0.13735692803398544 -0.5735316995070345
vn -0.7830137001700174 0.13580594799746798 -0.6069977675696734
vn -0.7817837593978764 0.13912095718407122 -0.6078318129334062
vn 0.7561320933452689 -0.13728501694797368 0.6398570789910012
vn -0.7561320933452689 0.13728501694797368 -0.6398570789910012
vn 0.7297600568625409 -0.13580001058146934 0.6700810522123826
vn -0.7297600568625409 0.13580001058146934 -0.6700810522123826
vn 0.725642928398639 -0.138583986325503 0.6739709334972693
vn -0.725642928398639 0.138583986325503 -0.6739709334972693
vn 0.6992721053963975 -0.1369890206473977 0.7016071057483357
vn -0.6992721053963975 0.1369890206473977 -0.7016071057483357
vn 0.6790588335104126 -0.13622796660003988 0.7213328231458039
vn -0.6790588335104126 0.13622796660003988 -0.7213328231458039
vn -0.7296930307627644 -0.13580500572533546 0.670153028252647
vn -0.7829341004109135 -0.13581201741782445 0.6070990778601583
vn -0.7560761054567464 -0.13729501914977332 0.6399210892555598
vn 0.7296930307627644 0.13580500572533546 -0.670153028252647
vn 0.7829341004109135 0.13581201741782445 -0.6070990778601583
vn 0.7560761054567464 0.13729501914977332 -0.6399210892555598
vn -0.7817626950309142 -0.1391259457263531 0.6078577628719977
vn 0.7817626950309142 0.1391259457263531 -0.6078577628719977
vn -0.8075211872940633 -0.1373620318593413 0.5736211330439802
vn 0.8075211872940633 0.1373620318593413 -0.5736211330439802
vn -0.8307440488722586 -0.13580700798945863 0.5398340317581671
vn 0.8307440488722586 0.13580700798945863 -0.5398340317581671
vn -0.8319730518406585 -0.13900300866134724 0.5371210334682812
vn 0.8319730518406585 0.13900300866134724 -0.5371210334682812
vn -0.853194518479641 -0.13720208337663378 0.5032243058054778
vn 0.853194518479641 0.13720208337663378 -0.5032243058054778
vn -0.8728088193962358 -0.13578997190200245 0.46879190299641754
vn 0.8728088193962358 0.13578997190200245 -0.46879190299641754
vn -0.8758615481835214 -0.1382450865247236 0.462336289366665
vn 0.8758615481835214 0.1382450865247236 -0.462336289366665
vn -0.8927846574809999 -0.13682594750639324 0.4292018353356744
vn 0.8927846574809999 0.13682594750639324 -0.4292018353356744
vn -0.9043675587392797 -0.13621393353824135 0.40443180266887413
vn 0.9043675587392797 0.13621393353824135 -0.40443180266887413
vn -0.9152713796313076 -0.13685905676565863 0.37887715714861603
vn 0.9152713796313076 0.13685905676565863 -0.37887715714861603
vn -0.9287787194243502 -0.13838995819364544 0.3438288961324006
vn 0.9287787194243502 0.13838995819364544 -0.3438288961324006
vn -0.6230153879078802 -0.7561304707892835 0.2002961247103148
vn -0.6097139326997797 -0.7598699161255632 0.22549197511019714
vn 0.6230153879078802 0.7561304707892835 -0.2002961247103148
vn 0.6097139326997797 0.7598699161255632 -0.22549197511019714
vn -0.5977999571780962 -0.762731945363606 0.24672898232618684
vn 0.5977999571780962 0.762731945363606 -0.24672898232618684
vn -0.5848763505088984 -0.7639054577987472 0.2727051634287082
vn 0.5848763505088984 0.7639054577987472 -0.2727051634287082
vn -0.5918337853948941 -0.7558967259039601 0.2799158984995745
vn 0.5918337853948941 0.7558967259039601 -0.2799158984995745
vn -0.5702137204912815 -0.7644396252851653 0.30081285254684004
vn 0.5702137204912815 0.7644396252851653 -0.30081285254684004
vn -0.5550730461693127 -0.7640660635527257 0.32878102734702064
vn 0.5550730461693127 0.7640660635527257 -0.32878102734702064
vn -0.034889008148573035 -0.9983372331686765 0.04588601071700026
vn 0.034889008148573035 0.9983372331686765 -0.04588601071700026
vn -0.055376998923775726 -0.9974139806157581 0.04581199910966671
vn 0.055376998923775726 0.9974139806157581 -0.04581199910966671
vn 0.055353973620378236 -0.9974145246697539 0.04582797816010936
vn -0.055353973620378236 0.9974145246697539 -0.04582797816010936
vn 0.034849013557331804 -0.9983373883837688 0.04591301786156777
vn -0.034849013557331804 0.9983373883837688 -0.04591301786156777
vn 0.10420003335985441 -0.9850363153613969 0.13728004395048768
vn -0.10420003335985441 0.9850363153613969 -0.13728004395048768
vn 0.4314991047086642 -0.7514071823383675 0.4991951211359507
vn 0.4281150804269909 -0.7416051393201794 0.5164680970252552
vn 0.4519540963539119 -0.723586154264243 0.5216901112212134
vn -0.4314991047086642 0.7514071823383675 -0.4991951211359507
vn -0.4281150804269909 0.7416051393201794 -0.5164680970252552
vn -0.4519540963539119 0.723586154264243 -0.5216901112212134
vn 0.43026495124711145 -0.8479329039215762 0.30964796491410074
vn -0.43026495124711145 0.8479329039215762 -0.30964796491410074
vn 0.4291920236527731 -0.6212540342373107 0.6556200361312212
vn 0.5024150720448193 -0.6194340888249965 0.603225086500674
vn -0.4291920236527731 0.6212540342373107 -0.6556200361312212
vn -0.5024150720448193 0.6194340888249965 -0.603225086500674
vn 0.6496487957420053 -0.22233993009344655 0.7269947714234288
vn 0.6346321580802265 -0.30505407598577666 0.7100591768683073
vn 0.583915856052497 -0.18031895554759622 0.7915348048700723
vn -0.6496487957420053 0.22233993009344655 -0.7269947714234288
vn -0.6346321580802265 0.30505407598577666 -0.7100591768683073
vn -0.583915856052497 0.18031895554759622 -0.7915348048700723
vn 0.7247438219884442 -0.21809794643078895 0.6535898394652833
vn -0.7247438219884442 0.21809794643078895 -0.6535898394652833
vn 0.6912159147952018 -0.13407398347296923 0.7101019124671628
vn -0.6912159147952018 0.13407398347296923 -0.7101019124671628
vn 0.9522925391919416 -0.1878629090943814 0.2405128836174071
vn 0.9644067956976751 -0.23574995005814647 0.11975597463059763
vn 0.9402770482691234 -0.24385101251809202 0.2375200121930901
vn -0.9522925391919416 0.1878629090943814 -0.2405128836174071
vn -0.9644067956976751 0.23574995005814647 -0.11975597463059763
vn -0.9402770482691234 0.24385101251809202 -0.2375200121930901
vn 0.9449175422604581 -0.3054171752699574 0.11769106753945116
vn -0.9449175422604581 0.3054171752699574 -0.11769106753945116
vn 0.9821971490886988 -0.18785302851440122 0
vn -0.9821971490886988 0.18785302851440122 0
vn 0.7829742343418745 -0.6208311858129393 -0.03898701166869738
vn 0.7835036593883116 -0.62125072992435 0.013020994339397381
vn -0.7829742343418745 0.6208311858129393 0.03898701166869738
vn -0.7835036593883116 0.62125072992435 -0.013020994339397381
vn 0.5058228297549859 -0.8617537099591718 0.0390359868616406
vn -0.5058228297549859 0.8617537099591718 -0.0390359868616406
vn 0.40688999175315377 -0.6932059859501013 -0.5948999879425673
vn -0.40688999175315377 0.6932059859501013 0.5948999879425673
vn 0.7803268731680213 -0.6187318994331814 -0.09088898522717821
vn -0.7803268731680213 0.6187318994331814 0.09088898522717821
vn 0.7660532495503133 -0.5874621913723022 0.2608650849796848
vn -0.7660532495503133 0.5874621913723022 -0.2608650849796848
vn 0.17153694502404754 -0.981763685354116 0.08194597373709812
vn 0.07391700900741639 -0.9969871214913626 0.023515002865503155
vn -0.17153694502404754 0.981763685354116 -0.08194597373709812
vn -0.07391700900741639 0.9969871214913626 -0.023515002865503155
vn 0.17165605492677075 -0.9824493143656556 0.0729900233554609
vn -0.17165605492677075 0.9824493143656556 -0.0729900233554609
vn 0.7115443983265791 -0.7025583932961627 -0.010783006036387774
vn -0.7115443983265791 0.7025583932961627 0.010783006036387774
vn 0.5058228297549859 -0.8617537099591718 -0.0390359868616406
vn -0.5058228297549859 0.8617537099591718 0.0390359868616406
vn 0.7835036593883116 -0.62125072992435 -0.013020994339397381
vn -0.7835036593883116 0.62125072992435 0.013020994339397381
vn 0.9678328824184742 -0.22269897294441476 0.1170669857775913
vn 0.945286056595696 -0.3055250182922417 0.11440600684965946
vn -0.9678328824184742 0.22269897294441476 -0.1170669857775913
vn -0.945286056595696 0.3055250182922417 -0.11440600684965946
vn 0.9458627049944539 -0.1811159435116666 0.26933391599732337
vn -0.9458627049944539 0.1811159435116666 -0.26933391599732337
vn 0.72121515185403 -0.5718621204072977 0.3909250823104576
vn 0.6512007712586061 -0.6049797874942321 0.4581888390561584
vn -0.72121515185403 0.5718621204072977 -0.3909250823104576
vn -0.6512007712586061 0.6049797874942321 -0.4581888390561584
vn 0.5743331976817875 -0.6317322174381604 0.5206301791975545
vn -0.5743331976817875 0.6317322174381604 -0.5206301791975545
vn 0.6481109025234795 -0.1403839788861108 0.7484948874256289
vn 0.7329221432873924 -0.14649702864039163 0.6643521298818507
vn -0.6481109025234795 0.1403839788861108 -0.7484948874256289
vn -0.7329221432873924 0.14649702864039163 -0.6643521298818507
vn 0.554025890636408 -0.13226197389175343 0.8219258377534995
vn -0.554025890636408 0.13226197389175343 -0.8219258377534995
vn 0.1522620107155155 -0.2075490146063662 0.9663020680039935
vn 0.278469088569057 -0.22199107060582515 0.9344382972046887
vn 0.22586496108313178 -0.1400229758738333 0.9640428338939879
vn -0.1522620107155155 0.2075490146063662 -0.9663020680039935
vn -0.278469088569057 0.22199107060582515 -0.9344382972046887
vn -0.22586496108313178 0.1400229758738333 -0.9640428338939879
vn -0.9881064526314135 -0.1388690636130858 0.06603803025067481
vn -0.990268081324284 -0.13917301142937524 0
vn -0.9821975533924185 -0.18785091458373893 0
vn 0.9881064526314135 0.1388690636130858 -0.06603803025067481
vn 0.990268081324284 0.13917301142937524 0
vn 0.9821975533924185 0.18785091458373893 0
vn -0.9902682191424201 -0.13917203079821713 0
vn 0.9902682191424201 0.13917203079821713 0
vn -0.9086902587854813 -0.14260004061100007 0.3923611117403408
vn -0.8767271056329099 -0.12321601484574403 0.46493805601829746
vn -0.8750339455357014 -0.1377769914244159 0.464039971116993
vn 0.9086902587854813 0.14260004061100007 -0.3923611117403408
vn 0.8767271056329099 0.12321601484574403 -0.46493805601829746
vn 0.8750339455357014 0.1377769914244159 -0.464039971116993
vn -0.8767282602546309 -0.12321503657608102 0.46493613801515077
vn 0.8767282602546309 0.12321503657608102 -0.46493613801515077
vn -0.5877046966048749 -0.13906492820948763 0.7970345885409628
vn -0.6170570620963065 -0.13619401370561288 0.7750430779949141
vn -0.6234712242267901 -0.13675504918293663 0.7697932768504283
vn 0.5877046966048749 0.13906492820948763 -0.7970345885409628
vn 0.6170570620963065 0.13619401370561288 -0.7750430779949141
vn 0.6234712242267901 0.13675504918293663 -0.7697932768504283
vn -0.5839087622245176 -0.18032492656927046 0.7915386776748302
vn 0.5839087622245176 0.18032492656927046 -0.7915386776748302
vn -0.6496409049799552 -0.2223429674788971 0.7270008936648586
vn 0.6496409049799552 0.2223429674788971 -0.7270008936648586
vn -0.6346229175136224 -0.30505996034922406 0.7100649077078994
vn 0.6346229175136224 0.30505996034922406 -0.7100649077078994
vn -0.5024182402755519 -0.6194322962361334 0.6032242884848463
vn -0.4291832450375227 -0.6212523546972994 0.6556273743233443
vn 0.5024182402755519 0.6194322962361334 -0.6032242884848463
vn 0.4291832450375227 0.6212523546972994 -0.6556273743233443
vn -0.43027810456770366 -0.8479302060669914 0.3096370752490949
vn 0.43027810456770366 0.8479302060669914 -0.3096370752490949
vn -0.42786322898347623 -0.7419173970587168 0.5162282762746065
vn -0.4316067842281691 -0.7512266244416211 0.4993737503496415
vn -0.45196410991045344 -0.7234601759339607 0.5218561269070757
vn 0.42786322898347623 0.7419173970587168 -0.5162282762746065
vn 0.4316067842281691 0.7512266244416211 -0.4993737503496415
vn 0.45196410991045344 0.7234601759339607 -0.5218561269070757
vn -0.10431700898618049 -0.985035084853881 0.13720001181882113
vn 0.10431700898618049 0.985035084853881 -0.13720001181882113
vn 0.6539448973355637 -0.5170479188273609 0.5522839132955746
vn -0.6539448973355637 0.5170479188273609 -0.5522839132955746
vn 0.27660210308547406 -0.6854852554701202 0.6734992510031151
vn -0.27660210308547406 0.6854852554701202 -0.6734992510031151
vn -0.7660519363315111 -0.5874639511744044 0.2608649783188604
vn 0.7660519363315111 0.5874639511744044 -0.2608649783188604
vn -0.406900116544348 -0.6932221985527305 -0.5948741703838842
vn 0.406900116544348 0.6932221985527305 0.5948741703838842
vn -0.1719350327966966 -0.9840571877094185 0.04549500867819649
vn -0.057476002781809865 -0.9982310483138848 0.015208000736059648
vn 0.1719350327966966 0.9840571877094185 -0.04549500867819649
vn 0.057476002781809865 0.9982310483138848 -0.015208000736059648
vn 0.004374998734988986 -0.9983347113360523 0.057520983368068906
vn -0.004374998734988986 0.9983347113360523 -0.057520983368068906
vn 0.0863079594199921 -0.996108531652789 0.01785299160593594
vn -0.0863079594199921 0.996108531652789 -0.01785299160593594
vn 0.08133596027186658 -0.9933625147971649 0.08133496027235504
vn -0.08133596027186658 0.9933625147971649 -0.08133496027235504
vn 0.019642000134223608 -0.9848880067302321 0.17207500117587451
vn -0.019642000134223608 0.9848880067302321 -0.17207500117587451
vn 0.8344273189803472 -0.47529118169173357 0.27897910664661885
vn -0.8344273189803472 0.47529118169173357 -0.27897910664661885
vn -0.017023999889820673 -0.8622879944192721 0.5061319967243137
vn 0.017023999889820673 0.8622879944192721 -0.5061319967243137
vn -0.005676001617269047 -0.6212911770251416 0.7835592232603449
vn 0.005676001617269047 0.6212911770251416 -0.7835592232603449
vn 0 -0.1878499498718718 0.9821977378986041
vn 0 -0.3075289147588397 0.9515387362515781
vn 0 0.1878499498718718 -0.9821977378986041
vn 0 0.3075289147588397 -0.9515387362515781
vn 0.09911498116765978 -0.13848897368640506 0.9853918127706464
vn -0.09911498116765978 0.13848897368640506 -0.9853918127706464
vn 0.06603902589001083 -0.13886905444237363 0.9881063873782923
vn -0.06603902589001083 0.13886905444237363 -0.9881063873782923
vn -0.06699202427677513 -0.13886105032089313 0.9880433580501812
vn 0.06699202427677513 0.13886105032089313 -0.9880433580501812
vn 0.27281701138915554 -0.29586301235124546 0.9154430382165435
vn -0.27281701138915554 0.29586301235124546 -0.9154430382165435
vn 0.3950971628175989 -0.5707512352037788 0.7198202966344064
vn -0.3950971628175989 0.5707512352037788 -0.7198202966344064
vn 0.6258840875208205 -0.7054720986500506 0.3325330464999281
vn -0.6258840875208205 0.7054720986500506 -0.3325330464999281
vn 0.3413609752025156 -0.7556939451041267 0.5589269593978703
vn -0.3413609752025156 0.7556939451041267 -0.5589269593978703
vn 0.2789729694549723 -0.475277947961345 0.8344369086366734
vn -0.2789729694549723 0.475277947961345 -0.8344369086366734
vn 0.171997941352324 -0.9844546643216903 0.035576987868996324
vn -0.171997941352324 0.9844546643216903 -0.035576987868996324
vn -0.15681298676231864 -0.13241098882226202 0.9787119173800795
vn 0.15681298676231864 0.13241098882226202 -0.9787119173800795
vn -0.11706597341168648 -0.2226999494198365 0.9678327801834244
vn 0.11706597341168648 0.2226999494198365 -0.9678327801834244
vn -0.11440501993816539 -0.3055250532459943 0.9452861647416512
vn 0.11440501993816539 0.3055250532459943 -0.9452861647416512
vn -0.2693339159973234 -0.18111594351166665 0.9458627049944541
vn 0.2693339159973234 0.18111594351166665 -0.9458627049944541
vn -0.39092298923925856 -0.5718599842586964 0.7212179801473937
vn -0.4581888178777703 -0.6049787595312756 0.6512017411584297
vn 0.39092298923925856 0.5718599842586964 -0.7212179801473937
vn 0.4581888178777703 0.6049787595312756 -0.6512017411584297
vn -0.5206319360997226 -0.6317319224637555 0.5743319295088006
vn 0.5206319360997226 0.6317319224637555 -0.5743319295088006
vn -0.5589271501935267 -0.7556942030682843 0.3413600917294428
vn 0.5589271501935267 0.7556942030682843 -0.3413600917294428
vn -0.8344317517378159 -0.4752858585917841 0.27897491699869753
vn 0.8344317517378159 0.4752858585917841 -0.27897491699869753
vn 0.017023999889820673 -0.8622879944192721 0.5061319967243137
vn -0.017023999889820673 0.8622879944192721 -0.5061319967243137
vn 0.004700001495669965 -0.7025962235854754 0.711573226442205
vn -0.004700001495669965 0.7025962235854754 -0.711573226442205
vn -0.011896001998790215 -0.9982741677320363 0.0575080096626116
vn -0.03557901424302941 -0.9844543940978464 0.17199906885485303
vn 0.011896001998790215 0.9982741677320363 -0.0575080096626116
vn 0.03557901424302941 0.9844543940978464 -0.17199906885485303
vn -0.10356594973873183 -0.9946225173028471 -0.0003769998170393942
vn 0.10356594973873183 0.9946225173028471 0.0003769998170393942
vn -0.7115409175985857 -0.7025619186384167 0.010782998751253336
vn 0.7115409175985857 0.7025619186384167 -0.010782998751253336
vn -0.5058228297549859 -0.8617537099591718 0.0390359868616406
vn 0.5058228297549859 0.8617537099591718 -0.0390359868616406
vn -0.17210696791091698 -0.9850778163337358 -0.0009419998243655621
vn -0.1716479408341665 -0.9824506613561924 -0.07299097484052625
vn 0.17210696791091698 0.9850778163337358 0.0009419998243655621
vn 0.1716479408341665 0.9824506613561924 0.07299097484052625
vn -0.5058228297549859 -0.8617537099591718 -0.0390359868616406
vn 0.5058228297549859 0.8617537099591718 0.0390359868616406
vn -0.7835058918836377 -0.6212479142736956 -0.01302099820322607
vn 0.7835058918836377 0.6212479142736956 0.01302099820322607
vn -0.9663023622644078 -0.20754907780964502 0.15226005708192547
vn -0.9515387362515781 -0.3075289147588397 0
vn 0.9663023622644078 0.20754907780964502 -0.15226005708192547
vn 0.9515387362515781 0.3075289147588397 0
vn -0.2789720796738794 -0.47527613573793315 0.8344382383139259
vn 0.2789720796738794 0.47527613573793315 -0.8344382383139259
vn -0.08133496688776905 -0.9933625955927328 0.08133496688776905
vn 0.08133496688776905 0.9933625955927328 -0.08133496688776905
vn -0.332531059528053 -0.705472126290104 0.6258851120428334
vn 0.332531059528053 0.705472126290104 -0.6258851120428334
vn -0.7198206520528174 -0.5707517241098129 0.39509580901843644
vn 0.7198206520528174 0.5707517241098129 -0.39509580901843644
vn -0.9344392046618315 -0.2219910486207068 0.2784660609899218
vn -0.9154439494212653 -0.2958629836534226 0.2728139849268913
vn 0.9344392046618315 0.2219910486207068 -0.2784660609899218
vn 0.9154439494212653 0.2958629836534226 -0.2728139849268913
vn -0.9640434871206927 -0.1400230707521353 0.22586211412567064
vn 0.9640434871206927 0.1400230707521353 -0.22586211412567064
vn -0.7484958122877529 -0.14038396479367143 0.6481098374631467
vn -0.8219266175584558 -0.13226193845866663 0.5540247422129015
vn 0.7484958122877529 0.14038396479367143 -0.6481098374631467
vn 0.8219266175584558 0.13226193845866663 -0.5540247422129015
vn -0.9853919104372407 -0.13848898741266727 0.0991139909914802
vn 0.9853919104372407 0.13848898741266727 -0.0991139909914802
vn -0.5462989581835479 -0.22973998241455373 0.8054669383455357
vn 0.5462989581835479 0.22973998241455373 -0.8054669383455357
vn -0.34054403527338273 -0.10585201096409894 0.9342510967692665
vn 0.34054403527338273 0.10585201096409894 -0.9342510967692665
vn -0.6643537340705474 -0.14649694135977653 0.7329207066243595
vn 0.6643537340705474 0.14649694135977653 -0.7329207066243595
vn -0.20007105177459356 -0.13635903528713209 0.9702462510813278
vn 0.20007105177459356 0.13635903528713209 -0.9702462510813278
vn -0.7835058918836377 -0.6212479142736956 0.01302099820322607
vn -0.7829768251793029 -0.6208288613832097 -0.03897199129845167
vn 0.7835058918836377 0.6212479142736956 -0.01302099820322607
vn 0.7829768251793029 0.6208288613832097 0.03897199129845167
vn -0.9674426497306801 -0.22261591940036268 0.1204029564072747
vn -0.9449166525641324 -0.3054168877014379 0.1176989567233374
vn 0.9674426497306801 0.22261591940036268 -0.1204029564072747
vn 0.9449166525641324 0.3054168877014379 -0.1176989567233374
vn -0.9271442304760315 -0.20206705023124805 0.3155510784419057
vn 0.9271442304760315 0.20206705023124805 -0.3155510784419057
vn -0.7247319665068753 -0.21810098992057203 0.6536019697941124
vn 0.7247319665068753 0.21810098992057203 -0.6536019697941124
vn -0.3524669075304951 -0.6180328378594152 0.7027108156441929
vn 0.3524669075304951 0.6180328378594152 -0.7027108156441929
vn -0.780331047677058 -0.6187310378035394 -0.09085900555134911
vn 0.780331047677058 0.6187310378035394 0.09085900555134911
vn -0.031882012573423366 -0.9845773882913071 0.1720200678401696
vn 0.031882012573423366 0.9845773882913071 -0.1720200678401696
vn 0.005676001617269047 -0.6212911770251416 0.7835592232603449
vn -0.005676001617269047 0.6212911770251416 -0.7835592232603449
vn -0.4172850930566726 -0.7558941685681978 0.504477112500931
vn 0.4172850930566726 0.7558941685681978 -0.504477112500931
vn -0.4367651045818882 -0.7627591826400385 0.4769011141923164
vn 0.4367651045818882 0.7627591826400385 -0.4769011141923164
vn -0.463932953357575 -0.7650189230872964 0.44666795509334606
vn 0.463932953357575 0.7650189230872964 -0.44666795509334606
vn -0.45661596986654324 -0.759886949852782 0.4626809694662957
vn 0.45661596986654324 0.759886949852782 -0.4626809694662957
vn -0.4794212537246566 -0.7561314001682828 0.44544423574296066
vn 0.4794212537246566 0.7561314001682828 -0.44544423574296066
vn -0.49045290703098193 -0.765040854980782 0.4173349208910433
vn 0.49045290703098193 0.765040854980782 -0.4173349208910433
vn -0.5149021412508067 -0.7653612099581254 0.38613210592589753
vn 0.5149021412508067 0.7653612099581254 -0.38613210592589753
vn -0.5170059987982195 -0.7557769982431964 0.40187799906583466
vn 0.5170059987982195 0.7557769982431964 -0.40187799906583466
vn -0.5293360866745567 -0.7606241245461257 0.375838061540481
vn 0.5293360866745567 0.7606241245461257 -0.375838061540481
vn -0.5400360386036676 -0.7636160545859503 0.35390902529865675
vn 0.5400360386036676 0.7636160545859503 -0.35390902529865675
vn -0.5652689228670823 -0.7556248968923451 0.3309109548460451
vn 0.5652689228670823 0.7556248968923451 -0.3309109548460451
vn -0.7256231476458221 -0.13859902820137082 0.6739891371396166
vn 0.7256231476458221 0.13859902820137082 -0.6739891371396166
vn -0.6992278639351655 -0.1370009733405722 0.701648863464056
vn 0.6992278639351655 0.1370009733405722 -0.701648863464056
vn -0.67899860563399 -0.13623292087519326 0.7213885810136662
vn 0.67899860563399 0.13623292087519326 -0.7213885810136662
vn -0.6591711775286647 -0.13675103682993098 0.7394541991505713
vn 0.6591711775286647 0.13675103682993098 -0.7394541991505713
vn -0.6311616828473301 -0.13807093062068646 0.7632636164673802
vn 0.6311616828473301 0.13807093062068646 -0.7632636164673802
vn 0.990268081324284 -0.13917301142937524 0
vn 0.988043448010909 -0.138860922422729 0.06699096257423637
vn -0.990268081324284 0.13917301142937524 0
vn -0.988043448010909 0.138860922422729 -0.06699096257423637
vn 0.9787122004461514 -0.13241002711837077 0.15681203211604833
vn -0.9787122004461514 0.13241002711837077 -0.15681203211604833
vn 0.9702470861681328 -0.13635901211011262 0.20006701776805272
vn -0.9702470861681328 0.13635901211011262 -0.20006701776805272
vn 0.8054657769987759 -0.2297419363936563 0.5462998487514448
vn -0.8054657769987759 0.2297419363936563 -0.5462998487514448
vn 0.9342521784006088 -0.10585202021302738 0.34054106502819553
vn -0.9342521784006088 0.10585202021302738 -0.34054106502819553
vn 0.9902682191424201 -0.13917203079821713 0
vn -0.9902682191424201 0.13917203079821713 0
vn 0.9585718027096476 -0.13471697227295978 0.2509809483438595
vn 0.9585795220044406 -0.13471993282192227 0.25094987486387615
vn -0.9585718027096476 0.13471697227295978 -0.2509809483438595
vn -0.9585795220044406 0.13471993282192227 -0.25094987486387615
vn 0.9585640824192604 -0.13471401158298063 0.25101202158251656
vn -0.9585640824192604 0.13471401158298063 -0.25101202158251656
vn 0.809801108875337 -0.12541601686180834 0.5731430770573724
vn 0.8641249620497927 -0.11496299495111276 0.4899709784816999
vn -0.809801108875337 0.12541601686180834 -0.5731430770573724
vn -0.8641249620497927 0.11496299495111276 -0.4899709784816999
vn 0.6715160766119307 -0.13765201570444408 0.7280920830665744
vn -0.6715160766119307 0.13765201570444408 -0.7280920830665744
vn 0.6170809522049223 -0.13618898945168653 0.7750249399716082
vn -0.6170809522049223 0.13618898945168653 -0.7750249399716082
vn 0.6311687435754423 -0.13807694390356046 0.7632566899121492
vn -0.6311687435754423 0.13807694390356046 -0.7632566899121492
vn 0.4174780414720619 -0.7556260750635201 0.5047190501385405
vn -0.4174780414720619 0.7556260750635201 -0.5047190501385405
vn 0.43610793190589475 -0.7636158807686438 0.476130925656685
vn -0.43610793190589475 0.7636158807686438 -0.476130925656685
vn 0.6591999423061643 -0.13674898803159236 0.739428935284443
vn -0.6591999423061643 0.13674898803159236 -0.739428935284443
vn 0.46386603685926053 -0.7653610608163575 0.4461510354516088
vn 0.4560311417696153 -0.7606222364599957 0.4620491436404739
vn -0.46386603685926053 0.7653610608163575 -0.4461510354516088
vn -0.4560311417696153 0.7606222364599957 -0.4620491436404739
vn 0.4797420598974791 -0.7557770943614215 0.44570005564721543
vn -0.4797420598974791 0.7557770943614215 -0.44570005564721543
vn 0.49072692971343224 -0.7650428904232972 0.4170089402720223
vn -0.49072692971343224 0.7650428904232972 -0.4170089402720223
vn -0.6539293842156687 -0.5170703038042292 0.5522813244924353
vn 0.6539293842156687 0.5170703038042292 -0.5522813244924353
vn -0.2765739500045613 -0.6855028760837127 0.6734928782547239
vn 0.2765739500045613 0.6855028760837127 -0.6734928782547239
vn 0.35248808273372134 -0.618035145061209 0.702698164932765
vn -0.35248808273372134 0.618035145061209 -0.702698164932765
vn 0.6397461906712626 -0.7547342249425314 0.14526204329419634
vn -0.6397461906712626 0.7547342249425314 -0.14526204329419634
vn 0.6355509744626091 -0.7638009693093321 0.11261899547479995
vn -0.6355509744626091 0.7638009693093321 -0.11261899547479995
vn -0.8128452918529674 -0.13895204989088142 -0.5656632031019753
vn -0.8112770450104628 -0.1357750075329334 -0.5686780315508266
vn -0.7869128785750242 -0.13731897881092797 -0.6015909071712214
vn 0.8128452918529674 0.13895204989088142 0.5656632031019753
vn 0.8112770450104628 0.1357750075329334 0.5686780315508266
vn 0.7869128785750242 0.13731897881092797 0.6015909071712214
vn -0.8351286005722829 -0.1371509344030553 -0.5326817452274377
vn 0.8351286005722829 0.1371509344030553 0.5326817452274377
vn -0.7601408914363055 -0.1391479801268173 -0.6346839093541332
vn 0.7601408914363055 0.1391479801268173 0.6346839093541332
vn -0.5509769161074347 -0.7583128845381515 -0.3484049469513442
vn 0.5509769161074347 0.7583128845381515 0.3484049469513442
vn -0.5991319378838014 -0.7627529209200696 -0.24341097476388168
vn -0.6101647800646192 -0.765343724129991 -0.20481192617504249
vn 0.5991319378838014 0.7627529209200696 0.24341097476388168
vn 0.6101647800646192 0.765343724129991 0.20481192617504249
vn -0.5956252360662813 -0.7547082991162409 -0.275038109006838
vn 0.5956252360662813 0.7547082991162409 0.275038109006838
vn -0.901614054311429 -0.13689200824610107 -0.41030802471613553
vn 0.901614054311429 0.13689200824610107 0.41030802471613553
vn -0.9191595570892865 -0.13574093459121028 -0.36975682182717196
vn 0.9191595570892865 0.13574093459121028 0.36975682182717196
vn -0.9468499010967988 -0.13571898582347408 -0.2916429695364352
vn -0.9331508117433748 -0.13714097233277162 -0.3322979329612249
vn 0.9468499010967988 0.13571898582347408 0.2916429695364352
vn 0.9331508117433748 0.13714097233277162 0.3322979329612249
vn -0.916450191629297 -0.13847402895485328 -0.37542507850120443
vn 0.916450191629297 0.13847402895485328 0.37542507850120443
vn -0.6151579907686318 -0.756804988643006 -0.2209679966840438
vn 0.6151579907686318 0.756804988643006 0.2209679966840438
vn -0.621920376603687 -0.7587994594907723 -0.19349011716787914
vn 0.621920376603687 0.7587994594907723 0.19349011716787914
vn -0.6219540829521985 -0.7651761020542216 -0.16636902218922026
vn 0.6219540829521985 0.7651761020542216 0.16636902218922026
vn -0.6307658926143236 -0.7636908699843133 -0.13751597658838827
vn 0.6307658926143236 0.7636908699843133 0.13751597658838827
vn -0.6470318503192277 -0.7617538237800804 0.032876992394418283
vn -0.6454321051350896 -0.7638151244186195 0.001963000319755111
vn -0.6405149343385755 -0.7645789216203427 0.07183099263635392
vn 0.6470318503192277 0.7617538237800804 -0.032876992394418283
vn 0.6454321051350896 0.7638151244186195 -0.001963000319755111
vn 0.6405149343385755 0.7645789216203427 -0.07183099263635392
vn -0.6437627266033625 -0.7601586771717006 0.08791096266549679
vn 0.6437627266033625 0.7601586771717006 -0.08791096266549679
vn -0.6517969735829952 -0.7559829693603889 0.06041899755124829
vn 0.6517969735829952 0.7559829693603889 -0.06041899755124829
vn -0.9861150477107125 -0.13874700671292722 0.09124900441485506
vn -0.9860724965379167 -0.13576506836465316 0.09606704837467046
vn -0.9891707646263499 -0.1370359673922269 0.05255798749380208
vn 0.9861150477107125 0.13874700671292722 -0.09124900441485506
vn 0.9860724965379167 0.13576506836465316 -0.09606704837467046
vn 0.9891707646263499 0.1370359673922269 -0.05255798749380208
vn -0.9811281871325592 -0.13725402617873741 0.13619402597656144
vn 0.9811281871325592 0.13725402617873741 -0.13619402597656144
vn -0.9906494076062499 -0.13576405586060744 0.013486005548865325
vn 0.9906494076062499 0.13576405586060744 -0.013486005548865325
vn -0.9904540441801939 -0.13776400614510137 0.0046760002085776695
vn 0.9904540441801939 0.13776400614510137 -0.0046760002085776695
vn -0.9901256944190393 -0.13660895783858878 -0.031449990293638166
vn 0.9901256944190393 0.13660895783858878 0.031449990293638166
vn -0.9889957635721844 -0.13622596743402846 -0.0577049862051342
vn 0.9889957635721844 0.13622596743402846 0.0577049862051342
vn -0.9867841075624341 -0.13701701493526652 -0.08650700942952408
vn 0.9867841075624341 0.13701701493526652 0.08650700942952408
vn -0.9821833257873165 -0.13575404502921692 -0.12994904310371488
vn 0.9821833257873165 0.13575404502921692 0.12994904310371488
vn -0.9824106876573077 -0.13872995589289847 -0.12499296026036949
vn 0.9824106876573077 0.13872995589289847 0.12499296026036949
vn -0.9758691837849728 -0.13722602584371127 -0.16984803198739795
vn 0.9758691837849728 0.13722602584371127 0.16984803198739795
vn -0.9679026137396648 -0.13573294583313197 -0.2115209155884708
vn 0.9679026137396648 0.13573294583313197 0.2115209155884708
vn -0.9676817638014903 -0.1391509660350623 -0.2103069486668141
vn 0.9676817638014903 0.1391509660350623 0.2103069486668141
vn -0.9579556899514645 -0.13724095558107985 -0.25196391845025323
vn 0.9579556899514645 0.13724095558107985 0.25196391845025323
vn -0.9456588493400084 -0.13905497784611037 -0.2939269531722964
vn 0.9456588493400084 0.13905497784611037 0.2939269531722964
vn -0.64106698491922 -0.7547359822452135 -0.13930799672284908
vn 0.64106698491922 0.7547359822452135 0.13930799672284908
vn -0.6390756810715977 -0.7615086199718833 -0.10810594605011946
vn 0.6390756810715977 0.7615086199718833 0.10810594605011946
vn -0.6402589263308518 -0.7651309119628946 -0.06814099215959567
vn 0.6402589263308518 0.7651309119628946 0.06814099215959567
vn -0.649201651463203 -0.7561295940568139 -0.0824939557114819
vn 0.649201651463203 0.7561295940568139 0.0824939557114819
vn -0.6478203367575048 -0.7598793950093483 -0.053964028052208936
vn 0.6478203367575048 0.7598793950093483 0.053964028052208936
vn -0.6426919363465085 -0.7656119241722675 -0.02802599722424932
vn 0.6426919363465085 0.7656119241722675 0.02802599722424932
vn -0.6560569806167968 -0.7547049777022418 0.0031039999082923242
vn 0.6560569806167968 0.7547049777022418 -0.0031039999082923242
vn -0.9746182284227628 -0.13575303181664544 0.17801804172236035
vn 0.9746182284227628 0.13575303181664544 -0.17801804172236035
vn -0.9743088649359557 -0.1391489807104043 0.17708697545123117
vn 0.9743088649359557 0.1391489807104043 -0.17708697545123117
vn 0.8557120841965112 -0.13576201335810034 -0.49932504913034176
vn 0.8348911372156219 -0.13715002254081377 -0.533054087608246
vn -0.8557120841965112 0.13576201335810034 0.49932504913034176
vn -0.8348911372156219 0.13715002254081377 0.533054087608246
vn 0.8590552921793585 -0.13821004700759457 -0.49287116763389144
vn -0.8590552921793585 0.13821004700759457 0.49287116763389144
vn 0.8771217945965192 -0.1367929679659633 -0.4603748921898807
vn -0.8771217945965192 0.1367929679659633 0.4603748921898807
vn 0.8895770965289056 -0.1362000147792006 -0.4360070473115633
vn -0.8895770965289056 0.1362000147792006 0.4360070473115633
vn 0.9014043518141309 -0.13684805341118986 -0.4107831603268503
vn -0.9014043518141309 0.13684805341118986 0.4107831603268503
vn 0.9190014967379166 -0.1357319256707068 -0.3701527972975359
vn -0.9190014967379166 0.1357319256707068 0.3701527972975359
vn 0.9161596838553355 -0.1383859522463374 -0.3761658701942086
vn -0.9161596838553355 0.1383859522463374 0.3761658701942086
vn 0.9329693253959668 -0.1371070478194504 -0.33282111607953857
vn -0.9329693253959668 0.1371070478194504 0.33282111607953857
vn 0.9467242588931446 -0.13572003711427785 -0.2920500798646098
vn -0.9467242588931446 0.13572003711427785 0.2920500798646098
vn 0.9454191214509116 -0.13901701785847478 -0.29471503785983294
vn -0.9454191214509116 0.13901701785847478 0.29471503785983294
vn 0.9578104361764359 -0.13724906250172755 -0.2525111149908103
vn -0.9578104361764359 0.13724906250172755 0.2525111149908103
vn 0.6249310460039882 -0.7625590561354056 -0.16722701231033332
vn -0.6249310460039882 0.7625590561354056 0.16722701231033332
vn 0.610540812189738 -0.7651237646380196 -0.20451293708917156
vn -0.610540812189738 0.7651237646380196 0.20451293708917156
vn 0.6240418063333358 -0.7567547651468708 -0.19466393958751574
vn -0.6240418063333358 0.7567547651468708 0.19466393958751574
vn 0.6127417238018283 -0.7588656579353109 -0.22061390055654184
vn -0.6127417238018283 0.7588656579353109 0.22061390055654184
vn 0.5970319456271093 -0.7647519303525154 -0.24229597793362176
vn -0.5970319456271093 0.7647519303525154 0.24229597793362176
vn 0.5860882019742345 -0.7637882632121739 -0.27042209319125526
vn -0.5860882019742345 0.7637882632121739 0.27042209319125526
vn 0.5954220609432372 -0.7547070772465374 -0.2754810281963111
vn -0.5954220609432372 0.7547070772465374 0.2754810281963111
vn 0.5740798269769589 -0.7623717702272822 -0.29869990997425033
vn -0.5740798269769589 0.7623717702272822 0.29869990997425033
vn 0.5513728862368983 -0.7654068420759188 -0.3318739315254544
vn -0.5513728862368983 0.7654068420759188 0.3318739315254544
vn 0.5672270611397066 -0.7564710815377528 -0.32558403509372824
vn -0.5672270611397066 0.7564710815377528 0.32558403509372824
vn 0.549824954693051 -0.7592939374322839 -0.3480879713166821
vn -0.549824954693051 0.7592939374322839 0.3480879713166821
vn 0.5292621118614116 -0.7656321618190542 -0.3656350772782615
vn -0.5292621118614116 0.7656321618190542 0.3656350772782615
vn 0.8125508613438953 -0.13896897628591903 -0.5660819034020941
vn -0.8125508613438953 0.13896897628591903 0.5660819034020941
vn -0.35061993575170763 -0.7593198608607228 -0.5481778995507945
vn 0.35061993575170763 0.7593198608607228 0.5481778995507945
vn -0.5333790278559872 -0.1386120072390816 -0.8344420435791542
vn 0.5333790278559872 0.1386120072390816 0.8344420435791542
vn -0.5654010957150635 -0.13692102317895122 -0.8133721376933407
vn 0.5654010957150635 0.13692102317895122 0.8133721376933407
vn -0.5887767820743236 -0.1361959495893939 -0.7967387051007673
vn 0.5887767820743236 0.1361959495893939 0.7967387051007673
vn -0.6099079750364671 -0.13657999440978094 -0.7806139680494709
vn 0.6099079750364671 0.13657999440978094 0.7806139680494709
vn -0.6379457992544372 -0.13779495663937882 -0.7576527615856548
vn 0.6379457992544372 0.13779495663937882 0.7576527615856548
vn -0.4225670086047321 -0.7547090153681398 -0.5018480102191311
vn 0.4225670086047321 0.7547090153681398 0.5018480102191311
vn -0.3934460705840347 -0.762346136764528 -0.5138370921821257
vn 0.3934460705840347 0.762346136764528 0.5138370921821257
vn -0.37588902025026977 -0.7564580407526652 -0.5352370288348253
vn 0.37588902025026977 0.7564580407526652 0.5352370288348253
usemtl material_0_2
f 1/1/1 2/2/1 3/3/1
f 3/3/2 2/2/2 1/1/2
f 3/3/2 2/2/2 1/1/2
f 1/1/1 2/2/1 3/3/1
f 3/3/1 2/2/1 4/4/1
f 4/4/2 2/2/2 3/3/2
f 4/4/2 2/2/2 3/3/2
f 3/3/1 2/2/1 4/4/1
f 2/2/1 5/5/1 4/4/1
f 4/4/2 5/5/2 2/2/2
f 2/6/3 6/7/4 5/8/5
f 5/8/8 6/7/7 2/6/6
f 5/8/8 6/7/7 2/6/6
f 2/6/3 6/7/4 5/8/5
f 6/9/4 7/10/9 5/11/5
f 5/11/8 7/10/10 6/9/7
f 6/12/11 8/13/12 7/14/13
f 7/14/16 8/13/15 6/12/14
f 9/15/17 8/16/12 6/17/11
f 6/17/14 8/16/15 9/15/18
f 6/17/14 8/16/15 9/15/18
f 9/15/17 8/16/12 6/17/11
f 7/14/16 8/13/15 6/12/14
f 6/12/11 8/13/12 7/14/13
f 8/18/12 10/19/19 7/20/13
f 7/20/16 10/19/20 8/18/15
f 10/21/2 8/22/2 11/23/2
f 11/23/1 8/22/1 10/21/1
f 11/23/1 8/22/1 10/21/1
f 10/21/2 8/22/2 11/23/2
f 8/22/2 12/24/2 11/23/2
f 11/23/1 12/24/1 8/22/1
f 11/23/1 12/24/1 8/22/1
f 8/22/2 12/24/2 11/23/2
f 11/23/2 12/24/2 13/25/2
f 13/25/1 12/24/1 11/23/1
f 13/25/1 12/24/1 11/23/1
f 11/23/2 12/24/2 13/25/2
f 12/24/2 14/26/2 13/25/2
f 13/25/1 14/26/1 12/24/1
f 12/24/2 15/27/2 14/26/2
f 14/26/1 15/27/1 12/24/1
f 14/26/1 15/27/1 12/24/1
f 12/24/2 15/27/2 14/26/2
f 15/27/2 16/28/2 14/26/2
f 14/26/1 16/28/1 15/27/1
f 17/29/21 16/30/22 15/31/23
f 15/31/26 16/30/25 17/29/24
f 15/31/26 16/30/25 17/29/24
f 17/29/21 16/30/22 15/31/23
f 14/26/1 16/28/1 15/27/1
f 15/27/2 16/28/2 14/26/2
f 16/28/2 18/32/2 14/26/2
f 14/26/1 18/32/1 16/28/1
f 19/33/27 18/34/28 16/35/22
f 16/35/25 18/34/30 19/33/29
f 16/35/25 18/34/30 19/33/29
f 19/33/27 18/34/28 16/35/22
f 14/26/1 18/32/1 16/28/1
f 16/28/2 18/32/2 14/26/2
f 18/32/2 20/36/2 14/26/2
f 14/26/1 20/36/1 18/32/1
f 21/37/31 20/38/32 18/39/28
f 18/39/30 20/38/34 21/37/33
f 18/39/30 20/38/34 21/37/33
f 21/37/31 20/38/32 18/39/28
f 14/26/1 20/36/1 18/32/1
f 18/32/2 20/36/2 14/26/2
f 20/36/2 22/40/2 14/26/2
f 14/26/1 22/40/1 20/36/1
f 14/26/1 22/40/1 20/36/1
f 20/36/2 22/40/2 14/26/2
f 22/40/2 23/41/2 14/26/2
f 14/26/1 23/41/1 22/40/1
f 24/42/35 23/43/36 22/44/37
f 22/44/40 23/43/39 24/42/38
f 25/45/41 23/46/36 24/47/35
f 24/47/38 23/46/39 25/45/42
f 24/47/38 23/46/39 25/45/42
f 25/45/41 23/46/36 24/47/35
f 22/44/40 23/43/39 24/42/38
f 24/42/35 23/43/36 22/44/37
f 14/26/1 23/41/1 22/40/1
f 22/40/2 23/41/2 14/26/2
f 14/26/2 23/41/2 26/48/2
f 26/48/1 23/41/1 14/26/1
f 26/48/1 23/41/1 14/26/1
f 14/26/2 23/41/2 26/48/2
f 23/41/2 27/49/2 26/48/2
f 26/48/1 27/49/1 23/41/1
f 26/48/1 27/49/1 23/41/1
f 23/41/2 27/49/2 26/48/2
f 27/49/2 28/50/2 26/48/2
f 26/48/1 28/50/1 27/49/1
f 26/48/1 28/50/1 27/49/1
f 27/49/2 28/50/2 26/48/2
f 28/50/2 29/51/2 26/48/2
f 26/48/1 29/51/1 28/50/1
f 26/48/1 29/51/1 28/50/1
f 28/50/2 29/51/2 26/48/2
f 29/51/2 30/52/2 26/48/2
f 26/48/1 30/52/1 29/51/1
f 31/53/43 30/54/44 29/55/45
f 29/55/48 30/54/47 31/53/46
f 32/56/49 30/57/44 31/58/43
f 31/58/46 30/57/47 32/56/50
f 31/58/46 30/57/47 32/56/50
f 32/56/49 30/57/44 31/58/43
f 29/55/48 30/54/47 31/53/46
f 31/53/43 30/54/44 29/55/45
f 26/48/1 30/52/1 29/51/1
f 29/51/2 30/52/2 26/48/2
f 30/52/2 33/59/2 26/48/2
f 26/48/1 33/59/1 30/52/1
f 34/60/51 33/61/52 30/62/44
f 30/62/47 33/61/54 34/60/53
f 30/62/47 33/61/54 34/60/53
f 34/60/51 33/61/52 30/62/44
f 26/48/1 33/59/1 30/52/1
f 30/52/2 33/59/2 26/48/2
f 26/48/2 33/59/2 35/63/2
f 35/63/1 33/59/1 26/48/1
f 35/63/1 33/59/1 26/48/1
f 26/48/2 33/59/2 35/63/2
f 33/59/2 36/64/2 35/63/2
f 35/63/1 36/64/1 33/59/1
f 35/63/1 36/64/1 33/59/1
f 33/59/2 36/64/2 35/63/2
f 36/64/2 37/65/2 35/63/2
f 35/63/1 37/65/1 36/64/1
f 38/66/55 37/67/56 36/68/57
f 36/68/60 37/67/59 38/66/58
f 36/68/60 37/67/59 38/66/58
f 38/66/55 37/67/56 36/68/57
f 35/63/1 37/65/1 36/64/1
f 36/64/2 37/65/2 35/63/2
f 37/65/2 39/69/2 35/63/2
f 35/63/1 39/69/1 37/65/1
f 35/63/1 39/69/1 37/65/1
f 37/65/2 39/69/2 35/63/2
f 39/69/2 40/70/2 35/63/2
f 35/63/1 40/70/1 39/69/1
f 35/63/1 40/70/1 39/69/1
f 39/69/2 40/70/2 35/63/2
f 40/70/2 41/71/2 35/63/2
f 35/63/1 41/71/1 40/70/1
f 42/72/61 41/73/62 40/74/63
f 40/74/66 41/73/65 42/72/64
f 40/74/66 41/73/65 42/72/64
f 42/72/61 41/73/62 40/74/63
f 35/63/1 41/71/1 40/70/1
f 40/70/2 41/71/2 35/63/2
f 35/63/2 41/71/2 43/75/2
f 43/75/1 41/71/1 35/63/1
f 43/75/1 41/71/1 35/63/1
f 35/63/2 41/71/2 43/75/2
f 43/76/67 41/77/62 44/78/68
f 44/78/70 41/77/65 43/76/69
f 44/78/70 41/77/65 43/76/69
f 43/76/67 41/77/62 44/78/68
f 44/79/68 41/80/62 45/81/71
f 45/81/72 41/80/65 44/79/70
f 45/81/72 41/80/65 44/79/70
f 44/79/68 41/80/62 45/81/71
f 45/82/71 41/83/62 42/84/61
f 42/84/64 41/83/65 45/82/72
f 42/84/64 41/83/65 45/82/72
f 45/82/71 41/83/62 42/84/61
f 45/85/73 42/86/74 46/87/75
f 46/87/78 42/86/77 45/85/76
f 46/87/78 42/86/77 45/85/76
f 45/85/73 42/86/74 46/87/75
f 42/88/74 47/89/79 46/90/75
f 46/90/78 47/89/80 42/88/77
f 46/90/78 47/89/80 42/88/77
f 42/88/74 47/89/79 46/90/75
f 47/91/1 48/92/1 46/93/1
f 46/93/2 48/92/2 47/91/2
f 47/91/1 49/94/1 48/92/1
f 48/92/2 49/94/2 47/91/2
f 48/92/2 49/94/2 47/91/2
f 47/91/1 49/94/1 48/92/1
f 49/94/1 50/95/1 48/92/1
f 48/92/2 50/95/2 49/94/2
f 38/96/81 50/97/82 49/98/83
f 49/98/86 50/97/85 38/96/84
f 49/98/86 50/97/85 38/96/84
f 38/96/81 50/97/82 49/98/83
f 48/92/2 50/95/2 49/94/2
f 49/94/1 50/95/1 48/92/1
f 48/92/1 50/95/1 51/99/1
f 51/99/2 50/95/2 48/92/2
f 51/99/2 50/95/2 48/92/2
f 48/92/1 50/95/1 51/99/1
f 50/95/1 52/100/1 51/99/1
f 51/99/2 52/100/2 50/95/2
f 51/99/2 52/100/2 50/95/2
f 50/95/1 52/100/1 51/99/1
f 52/100/1 53/101/1 51/99/1
f 51/99/2 53/101/2 52/100/2
f 51/99/2 53/101/2 52/100/2
f 52/100/1 53/101/1 51/99/1
f 53/101/1 54/102/1 51/99/1
f 51/99/2 54/102/2 53/101/2
f 55/103/87 54/104/88 53/105/89
f 53/105/92 54/104/91 55/103/90
f 55/106/87 56/107/93 54/108/88
f 54/108/91 56/107/94 55/106/90
f 54/108/91 56/107/94 55/106/90
f 55/106/87 56/107/93 54/108/88
f 56/109/93 57/110/95 54/111/88
f 54/111/91 57/110/96 56/109/94
f 54/111/91 57/110/96 56/109/94
f 56/109/93 57/110/95 54/111/88
f 57/112/95 58/113/97 54/114/88
f 54/114/91 58/113/98 57/112/96
f 57/115/95 59/116/99 58/117/97
f 58/117/98 59/116/100 57/115/96
f 58/117/98 59/116/100 57/115/96
f 57/115/95 59/116/99 58/117/97
f 59/118/99 60/119/101 58/120/97
f 58/120/98 60/119/102 59/118/100
f 58/120/98 60/119/102 59/118/100
f 59/118/99 60/119/101 58/120/97
f 60/121/101 25/122/103 58/123/97
f 58/123/98 25/122/104 60/121/102
f 58/123/98 25/122/104 60/121/102
f 60/121/101 25/122/103 58/123/97
f 25/124/103 61/125/105 58/126/97
f 58/126/98 61/125/106 25/124/104
f 25/127/103 24/128/107 61/129/105
f 61/129/106 24/128/108 25/127/104
f 61/129/106 24/128/108 25/127/104
f 25/127/103 24/128/107 61/129/105
f 24/130/107 62/131/109 61/132/105
f 61/132/106 62/131/110 24/130/108
f 61/132/106 62/131/110 24/130/108
f 24/130/107 62/131/109 61/132/105
f 62/133/109 63/134/111 61/135/105
f 61/135/106 63/134/112 62/133/110
f 61/135/106 63/134/112 62/133/110
f 62/133/109 63/134/111 61/135/105
f 61/136/105 63/137/111 64/138/113
f 64/138/114 63/137/112 61/136/106
f 64/138/114 63/137/112 61/136/106
f 61/136/105 63/137/111 64/138/113
f 63/139/111 65/140/115 64/141/113
f 64/141/114 65/140/116 63/139/112
f 64/141/114 65/140/116 63/139/112
f 63/139/111 65/140/115 64/141/113
f 65/142/115 21/143/117 64/144/113
f 64/144/114 21/143/118 65/142/116
f 65/145/119 20/146/32 21/147/31
f 21/147/33 20/146/34 65/145/120
f 21/147/33 20/146/34 65/145/120
f 65/145/119 20/146/32 21/147/31
f 63/148/121 20/149/32 65/150/119
f 65/150/120 20/149/34 63/148/122
f 63/151/121 22/152/37 20/153/32
f 20/153/34 22/152/40 63/151/122
f 20/153/34 22/152/40 63/151/122
f 63/151/121 22/152/37 20/153/32
f 62/154/123 22/155/37 63/156/121
f 63/156/122 22/155/40 62/154/124
f 24/157/35 22/158/37 62/159/123
f 62/159/124 22/158/40 24/157/38
f 62/159/124 22/158/40 24/157/38
f 24/157/35 22/158/37 62/159/123
f 63/156/122 22/155/40 62/154/124
f 62/154/123 22/155/37 63/156/121
f 65/150/120 20/149/34 63/148/122
f 63/148/121 20/149/32 65/150/119
f 64/144/114 21/143/118 65/142/116
f 65/142/115 21/143/117 64/144/113
f 64/160/113 21/161/117 66/162/125
f 66/162/126 21/161/118 64/160/114
f 66/162/126 21/161/118 64/160/114
f 64/160/113 21/161/117 66/162/125
f 21/163/117 19/164/127 66/165/125
f 66/165/126 19/164/128 21/163/118
f 21/166/31 18/167/28 19/168/27
f 19/168/29 18/167/30 21/166/33
f 19/168/29 18/167/30 21/166/33
f 21/166/31 18/167/28 19/168/27
f 66/165/126 19/164/128 21/163/118
f 21/163/117 19/164/127 66/165/125
f 19/169/127 67/170/129 66/171/125
f 66/171/126 67/170/130 19/169/128
f 67/172/131 19/173/27 16/174/22
f 16/174/25 19/173/29 67/172/132
f 16/174/25 19/173/29 67/172/132
f 67/172/131 19/173/27 16/174/22
f 66/171/126 67/170/130 19/169/128
f 19/169/127 67/170/129 66/171/125
f 66/175/125 67/176/129 68/177/133
f 68/177/134 67/176/130 66/175/126
f 68/177/134 67/176/130 66/175/126
f 66/175/125 67/176/129 68/177/133
f 67/178/129 17/179/135 68/180/133
f 68/180/134 17/179/136 67/178/130
f 67/181/131 16/182/22 17/183/21
f 17/183/24 16/182/25 67/181/132
f 17/183/24 16/182/25 67/181/132
f 67/181/131 16/182/22 17/183/21
f 68/180/134 17/179/136 67/178/130
f 67/178/129 17/179/135 68/180/133
f 17/184/135 69/185/137 68/186/133
f 68/186/134 69/185/138 17/184/136
f 69/187/139 17/188/21 15/189/23
f 15/189/26 17/188/24 69/187/140
f 15/189/26 17/188/24 69/187/140
f 69/187/139 17/188/21 15/189/23
f 68/186/134 69/185/138 17/184/136
f 17/184/135 69/185/137 68/186/133
f 68/190/133 69/191/137 70/192/141
f 70/192/142 69/191/138 68/190/134
f 70/192/142 69/191/138 68/190/134
f 68/190/133 69/191/137 70/192/141
f 69/193/139 15/194/23 70/195/143
f 70/195/144 15/194/26 69/193/140
f 70/195/144 15/194/26 69/193/140
f 69/193/139 15/194/23 70/195/143
f 70/196/143 15/197/23 71/198/145
f 71/198/146 15/197/26 70/196/144
f 71/198/146 15/197/26 70/196/144
f 70/196/143 15/197/23 71/198/145
f 71/199/2 15/27/2 12/24/2
f 12/24/1 15/27/1 71/199/1
f 12/24/1 15/27/1 71/199/1
f 71/199/2 15/27/2 12/24/2
f 72/200/2 71/199/2 12/24/2
f 12/24/1 71/199/1 72/200/1
f 12/24/1 71/199/1 72/200/1
f 72/200/2 71/199/2 12/24/2
f 73/201/147 71/202/145 72/203/148
f 72/203/150 71/202/146 73/201/149
f 74/204/151 71/205/145 73/206/147
f 73/206/149 71/205/146 74/204/152
f 73/206/149 71/205/146 74/204/152
f 74/204/151 71/205/145 73/206/147
f 72/203/150 71/202/146 73/201/149
f 73/201/147 71/202/145 72/203/148
f 73/207/147 72/208/148 75/209/153
f 75/209/154 72/208/150 73/207/149
f 75/209/154 72/208/150 73/207/149
f 73/207/147 72/208/148 75/209/153
f 75/210/153 72/211/148 76/212/155
f 76/212/156 72/211/150 75/210/154
f 76/212/156 72/211/150 75/210/154
f 75/210/153 72/211/148 76/212/155
f 76/213/155 72/214/148 77/215/157
f 77/215/158 72/214/150 76/213/156
f 77/215/158 72/214/150 76/213/156
f 76/213/155 72/214/148 77/215/157
f 77/216/2 72/200/2 12/24/2
f 12/24/1 72/200/1 77/216/1
f 12/24/1 72/200/1 77/216/1
f 77/216/2 72/200/2 12/24/2
f 78/217/2 77/216/2 12/24/2
f 12/24/1 77/216/1 78/217/1
f 12/24/1 77/216/1 78/217/1
f 78/217/2 77/216/2 12/24/2
f 79/218/159 77/219/157 78/220/160
f 78/220/162 77/219/158 79/218/161
f 78/220/162 77/219/158 79/218/161
f 79/218/159 77/219/157 78/220/160
f 76/221/155 77/222/157 79/223/159
f 79/223/161 77/222/158 76/221/156
f 79/223/161 77/222/158 76/221/156
f 76/221/155 77/222/157 79/223/159
f 80/224/163 76/225/164 79/226/165
f 79/226/168 76/225/167 80/224/166
f 75/227/169 76/228/164 80/229/163
f 80/229/166 76/228/167 75/227/170
f 80/229/166 76/228/167 75/227/170
f 75/227/169 76/228/164 80/229/163
f 79/226/168 76/225/167 80/224/166
f 80/224/163 76/225/164 79/226/165
f 80/230/163 79/231/165 81/232/171
f 81/232/172 79/231/168 80/230/166
f 81/232/172 79/231/168 80/230/166
f 80/230/163 79/231/165 81/232/171
f 79/233/165 82/234/173 81/235/171
f 81/235/172 82/234/174 79/233/168
f 81/235/172 82/234/174 79/233/168
f 79/233/165 82/234/173 81/235/171
f 81/236/171 82/237/173 83/238/175
f 83/238/176 82/237/174 81/236/172
f 83/238/176 82/237/174 81/236/172
f 81/236/171 82/237/173 83/238/175
f 82/239/177 78/240/160 83/241/178
f 83/241/180 78/240/162 82/239/179
f 83/241/180 78/240/162 82/239/179
f 82/239/177 78/240/160 83/241/178
f 83/242/178 78/243/160 84/244/181
f 84/244/182 78/243/162 83/242/180
f 84/244/182 78/243/162 83/242/180
f 83/242/178 78/243/160 84/244/181
f 84/245/2 78/217/2 12/24/2
f 12/24/1 78/217/1 84/245/1
f 12/24/1 78/217/1 84/245/1
f 84/245/2 78/217/2 12/24/2
f 84/245/2 12/24/2 8/22/2
f 8/22/1 12/24/1 84/245/1
f 8/22/1 12/24/1 84/245/1
f 84/245/2 12/24/2 8/22/2
f 84/246/181 8/247/12 9/248/17
f 9/248/18 8/247/15 84/246/182
f 9/248/18 8/247/15 84/246/182
f 84/246/181 8/247/12 9/248/17
f 84/249/181 9/250/17 85/251/183
f 85/251/184 9/250/18 84/249/182
f 85/251/184 9/250/18 84/249/182
f 84/249/181 9/250/17 85/251/183
f 85/252/185 9/253/186 2/254/3
f 2/254/6 9/253/188 85/252/187
f 2/254/6 9/253/188 85/252/187
f 85/252/185 9/253/186 2/254/3
f 2/255/3 9/256/186 6/257/4
f 6/257/7 9/256/188 2/255/6
f 6/257/7 9/256/188 2/255/6
f 2/255/3 9/256/186 6/257/4
f 83/258/175 85/259/185 2/260/3
f 2/260/6 85/259/187 83/258/176
f 2/260/6 85/259/187 83/258/176
f 83/258/175 85/259/185 2/260/3
f 85/261/183 83/262/178 84/263/181
f 84/263/182 83/262/180 85/261/184
f 84/263/182 83/262/180 85/261/184
f 85/261/183 83/262/178 84/263/181
f 81/264/171 83/265/175 2/266/3
f 2/266/6 83/265/176 81/264/172
f 2/266/6 83/265/176 81/264/172
f 81/264/171 83/265/175 2/266/3
f 1/1/1 81/267/1 2/2/1
f 2/2/2 81/267/2 1/1/2
f 80/268/1 81/267/1 1/1/1
f 1/1/2 81/267/2 80/268/2
f 1/1/2 81/267/2 80/268/2
f 80/268/1 81/267/1 1/1/1
f 2/2/2 81/267/2 1/1/2
f 1/1/1 81/267/1 2/2/1
f 86/269/1 80/268/1 1/1/1
f 1/1/2 80/268/2 86/269/2
f 1/1/2 80/268/2 86/269/2
f 86/269/1 80/268/1 1/1/1
f 86/270/189 73/271/190 80/272/163
f 80/272/166 73/271/192 86/270/191
f 74/273/193 73/274/190 86/275/189
f 86/275/191 73/274/192 74/273/194
f 86/275/191 73/274/192 74/273/194
f 74/273/193 73/274/190 86/275/189
f 80/272/166 73/271/192 86/270/191
f 86/270/189 73/271/190 80/272/163
f 73/276/190 75/277/169 80/278/163
f 80/278/166 75/277/170 73/276/192
f 80/278/166 75/277/170 73/276/192
f 73/276/190 75/277/169 80/278/163
f 70/279/141 74/280/193 86/281/189
f 86/281/191 74/280/194 70/279/142
f 86/281/191 74/280/194 70/279/142
f 70/279/141 74/280/193 86/281/189
f 74/282/151 70/283/143 71/284/145
f 71/284/146 70/283/144 74/282/152
f 71/284/146 70/283/144 74/282/152
f 74/282/151 70/283/143 71/284/145
f 68/285/133 70/286/141 86/287/189
f 86/287/191 70/286/142 68/285/134
f 86/287/191 70/286/142 68/285/134
f 68/285/133 70/286/141 86/287/189
f 68/288/1 86/269/1 87/289/1
f 87/289/2 86/269/2 68/288/2
f 87/289/2 86/269/2 68/288/2
f 68/288/1 86/269/1 87/289/1
f 87/289/1 86/269/1 1/1/1
f 1/1/2 86/269/2 87/289/2
f 1/1/2 86/269/2 87/289/2
f 87/289/1 86/269/1 1/1/1
f 87/289/1 1/1/1 3/3/1
f 3/3/2 1/1/2 87/289/2
f 3/3/2 1/1/2 87/289/2
f 87/289/1 1/1/1 3/3/1
f 88/290/1 87/289/1 3/3/1
f 3/3/2 87/289/2 88/290/2
f 3/3/2 87/289/2 88/290/2
f 88/290/1 87/289/1 3/3/1
f 89/291/1 87/289/1 88/290/1
f 88/290/2 87/289/2 89/291/2
f 89/291/1 64/292/1 87/289/1
f 87/289/2 64/292/2 89/291/2
f 87/289/2 64/292/2 89/291/2
f 89/291/1 64/292/1 87/289/1
f 64/292/1 66/293/1 87/289/1
f 87/289/2 66/293/2 64/292/2
f 87/289/2 66/293/2 64/292/2
f 64/292/1 66/293/1 87/289/1
f 66/293/1 68/288/1 87/289/1
f 87/289/2 68/288/2 66/293/2
f 87/289/2 68/288/2 66/293/2
f 66/293/1 68/288/1 87/289/1
f 61/294/1 64/292/1 89/291/1
f 89/291/2 64/292/2 61/294/2
f 89/291/2 64/292/2 61/294/2
f 61/294/1 64/292/1 89/291/1
f 58/295/1 61/294/1 89/291/1
f 89/291/2 61/294/2 58/295/2
f 89/291/2 61/294/2 58/295/2
f 58/295/1 61/294/1 89/291/1
f 58/126/98 61/125/106 25/124/104
f 25/124/103 61/125/105 58/126/97
f 54/102/1 58/295/1 89/291/1
f 89/291/2 58/295/2 54/102/2
f 89/291/2 58/295/2 54/102/2
f 54/102/1 58/295/1 89/291/1
f 54/114/91 58/113/98 57/112/96
f 57/112/95 58/113/97 54/114/88
f 51/99/1 54/102/1 89/291/1
f 89/291/2 54/102/2 51/99/2
f 89/291/2 54/102/2 51/99/2
f 51/99/1 54/102/1 89/291/1
f 51/99/2 54/102/2 53/101/2
f 53/101/1 54/102/1 51/99/1
f 53/105/92 54/104/91 55/103/90
f 55/103/87 54/104/88 53/105/89
f 31/296/195 55/297/87 53/298/89
f 53/298/92 55/297/90 31/296/196
f 53/298/92 55/297/90 31/296/196
f 31/296/195 55/297/87 53/298/89
f 31/299/43 29/300/45 55/301/197
f 55/301/198 29/300/48 31/299/46
f 55/301/198 29/300/48 31/299/46
f 31/299/43 29/300/45 55/301/197
f 55/302/197 29/303/45 28/304/199
f 28/304/200 29/303/48 55/302/198
f 28/304/200 29/303/48 55/302/198
f 55/302/197 29/303/45 28/304/199
f 56/305/201 55/306/197 28/307/199
f 28/307/200 55/306/198 56/305/202
f 28/307/200 55/306/198 56/305/202
f 56/305/201 55/306/197 28/307/199
f 56/308/201 28/309/199 57/310/203
f 57/310/204 28/309/200 56/308/202
f 57/310/204 28/309/200 56/308/202
f 56/308/201 28/309/199 57/310/203
f 57/311/203 28/312/199 27/313/205
f 27/313/206 28/312/200 57/311/204
f 27/313/206 28/312/200 57/311/204
f 57/311/203 28/312/199 27/313/205
f 59/314/207 57/315/203 27/316/205
f 27/316/206 57/315/204 59/314/208
f 27/316/206 57/315/204 59/314/208
f 59/314/207 57/315/203 27/316/205
f 59/317/207 27/318/205 60/319/209
f 60/319/210 27/318/206 59/317/208
f 60/319/210 27/318/206 59/317/208
f 59/317/207 27/318/205 60/319/209
f 60/320/209 27/321/205 23/322/36
f 23/322/39 27/321/206 60/320/210
f 23/322/39 27/321/206 60/320/210
f 60/320/209 27/321/205 23/322/36
f 60/323/209 23/324/36 25/325/41
f 25/325/42 23/324/39 60/323/210
f 25/325/42 23/324/39 60/323/210
f 60/323/209 23/324/36 25/325/41
f 32/326/211 31/327/195 53/328/89
f 53/328/92 31/327/196 32/326/212
f 53/328/92 31/327/196 32/326/212
f 32/326/211 31/327/195 53/328/89
f 32/329/211 53/330/89 52/331/213
f 52/331/214 53/330/92 32/329/212
f 52/331/214 53/330/92 32/329/212
f 32/329/211 53/330/89 52/331/213
f 34/332/215 32/333/211 52/334/213
f 52/334/214 32/333/212 34/332/216
f 52/334/214 32/333/212 34/332/216
f 34/332/215 32/333/211 52/334/213
f 34/335/51 30/336/44 32/337/49
f 32/337/50 30/336/47 34/335/53
f 32/337/50 30/336/47 34/335/53
f 34/335/51 30/336/44 32/337/49
f 90/338/217 34/339/215 52/340/213
f 52/340/214 34/339/216 90/338/218
f 52/340/214 34/339/216 90/338/218
f 90/338/217 34/339/215 52/340/213
f 90/341/219 33/342/52 34/343/51
f 34/343/53 33/342/54 90/341/220
f 91/344/221 33/345/52 90/346/219
f 90/346/220 33/345/54 91/344/222
f 90/346/220 33/345/54 91/344/222
f 91/344/221 33/345/52 90/346/219
f 34/343/53 33/342/54 90/341/220
f 90/341/219 33/342/52 34/343/51
f 91/347/221 36/348/57 33/349/52
f 33/349/54 36/348/60 91/347/222
f 92/350/223 36/351/57 91/352/221
f 91/352/222 36/351/60 92/350/224
f 38/353/55 36/354/57 92/355/223
f 92/355/224 36/354/60 38/353/58
f 92/355/224 36/354/60 38/353/58
f 38/353/55 36/354/57 92/355/223
f 91/352/222 36/351/60 92/350/224
f 92/350/223 36/351/57 91/352/221
f 33/349/54 36/348/60 91/347/222
f 91/347/221 36/348/57 33/349/52
f 92/356/225 91/357/226 50/358/82
f 50/358/85 91/357/228 92/356/227
f 50/358/85 91/357/228 92/356/227
f 92/356/225 91/357/226 50/358/82
f 91/359/226 52/360/213 50/361/82
f 50/361/85 52/360/214 91/359/228
f 90/362/217 52/363/213 91/364/226
f 91/364/228 52/363/214 90/362/218
f 91/364/228 52/363/214 90/362/218
f 90/362/217 52/363/213 91/364/226
f 50/361/85 52/360/214 91/359/228
f 91/359/226 52/360/213 50/361/82
f 38/365/81 92/366/225 50/367/82
f 50/367/85 92/366/227 38/365/84
f 50/367/85 92/366/227 38/365/84
f 38/365/81 92/366/225 50/367/82
f 51/99/1 89/291/1 93/368/1
f 93/368/2 89/291/2 51/99/2
f 93/368/2 89/291/2 51/99/2
f 51/99/1 89/291/1 93/368/1
f 93/368/1 89/291/1 88/290/1
f 88/290/2 89/291/2 93/368/2
f 88/290/2 89/291/2 93/368/2
f 93/368/1 89/291/1 88/290/1
f 88/290/2 87/289/2 89/291/2
f 89/291/1 87/289/1 88/290/1
f 93/368/1 88/290/1 94/369/1
f 94/369/2 88/290/2 93/368/2
f 94/369/2 88/290/2 93/368/2
f 93/368/1 88/290/1 94/369/1
f 94/369/1 88/290/1 95/370/1
f 95/370/2 88/290/2 94/369/2
f 95/370/2 88/290/2 94/369/2
f 94/369/1 88/290/1 95/370/1
f 88/290/1 3/3/1 95/370/1
f 95/370/2 3/3/2 88/290/2
f 95/370/2 3/3/2 88/290/2
f 88/290/1 3/3/1 95/370/1
f 95/370/1 3/3/1 96/371/1
f 96/371/2 3/3/2 95/370/2
f 96/371/2 3/3/2 95/370/2
f 95/370/1 3/3/1 96/371/1
f 3/3/1 4/4/1 96/371/1
f 96/371/2 4/4/2 3/3/2
f 96/371/2 4/4/2 3/3/2
f 3/3/1 4/4/1 96/371/1
f 4/4/1 97/372/1 96/371/1
f 96/371/2 97/372/2 4/4/2
f 96/371/2 97/372/2 4/4/2
f 4/4/1 97/372/1 96/371/1
f 97/372/1 98/373/1 96/371/1
f 96/371/2 98/373/2 97/372/2
f 96/371/2 98/373/2 97/372/2
f 97/372/1 98/373/1 96/371/1
f 96/371/1 98/373/1 99/374/1
f 99/374/2 98/373/2 96/371/2
f 99/374/2 98/373/2 96/371/2
f 96/371/1 98/373/1 99/374/1
f 98/375/229 100/376/230 99/377/231
f 99/377/234 100/376/233 98/375/232
f 98/378/229 101/379/235 100/380/230
f 100/380/233 101/379/236 98/378/232
f 100/380/233 101/379/236 98/378/232
f 98/378/229 101/379/235 100/380/230
f 102/381/237 100/382/238 101/383/239
f 101/383/242 100/382/241 102/381/240
f 102/384/237 103/385/243 100/386/238
f 100/386/241 103/385/244 102/384/240
f 100/386/241 103/385/244 102/384/240
f 102/384/237 103/385/243 100/386/238
f 100/387/238 103/388/243 104/389/245
f 104/389/246 103/388/244 100/387/241
f 104/389/246 103/388/244 100/387/241
f 100/387/238 103/388/243 104/389/245
f 103/390/243 105/391/247 104/392/245
f 104/392/246 105/391/248 103/390/244
f 103/393/243 106/394/249 105/395/247
f 105/395/248 106/394/250 103/393/244
f 105/395/248 106/394/250 103/393/244
f 103/393/243 106/394/249 105/395/247
f 105/396/247 106/397/249 107/398/251
f 107/398/252 106/397/250 105/396/248
f 107/398/252 106/397/250 105/396/248
f 105/396/247 106/397/249 107/398/251
f 107/399/251 106/400/249 108/401/253
f 108/401/254 106/400/250 107/399/252
f 108/401/254 106/400/250 107/399/252
f 107/399/251 106/400/249 108/401/253
f 106/402/249 109/403/255 108/404/253
f 108/404/254 109/403/256 106/402/250
f 108/404/254 109/403/256 106/402/250
f 106/402/249 109/403/255 108/404/253
f 108/405/253 109/406/255 110/407/257
f 110/407/258 109/406/256 108/405/254
f 110/407/258 109/406/256 108/405/254
f 108/405/253 109/406/255 110/407/257
f 109/408/255 111/409/259 110/410/257
f 110/410/258 111/409/260 109/408/256
f 109/411/2 112/412/2 111/413/2
f 111/413/1 112/412/1 109/411/1
f 111/413/1 112/412/1 109/411/1
f 109/411/2 112/412/2 111/413/2
f 111/413/2 112/412/2 113/414/2
f 113/414/1 112/412/1 111/413/1
f 113/414/1 112/412/1 111/413/1
f 111/413/2 112/412/2 113/414/2
f 113/414/2 112/412/2 114/415/2
f 114/415/1 112/412/1 113/414/1
f 114/415/1 112/412/1 113/414/1
f 113/414/2 112/412/2 114/415/2
f 112/412/2 115/416/2 114/415/2
f 114/415/1 115/416/1 112/412/1
f 114/415/1 115/416/1 112/412/1
f 112/412/2 115/416/2 114/415/2
f 114/415/2 115/416/2 116/417/2
f 116/417/1 115/416/1 114/415/1
f 116/417/1 115/416/1 114/415/1
f 114/415/2 115/416/2 116/417/2
f 115/416/2 117/418/2 116/417/2
f 116/417/1 117/418/1 115/416/1
f 115/416/2 118/419/2 117/418/2
f 117/418/1 118/419/1 115/416/1
f 117/418/1 118/419/1 115/416/1
f 115/416/2 118/419/2 117/418/2
f 118/419/2 119/420/2 117/418/2
f 117/418/1 119/420/1 118/419/1
f 117/418/1 119/420/1 118/419/1
f 118/419/2 119/420/2 117/418/2
f 117/418/2 119/420/2 120/421/2
f 120/421/1 119/420/1 117/418/1
f 120/421/1 119/420/1 117/418/1
f 117/418/2 119/420/2 120/421/2
f 119/420/2 121/422/2 120/421/2
f 120/421/1 121/422/1 119/420/1
f 120/421/1 121/422/1 119/420/1
f 119/420/2 121/422/2 120/421/2
f 120/421/2 121/422/2 122/423/2
f 122/423/1 121/422/1 120/421/1
f 122/423/1 121/422/1 120/421/1
f 120/421/2 121/422/2 122/423/2
f 121/422/2 123/424/2 122/423/2
f 122/423/1 123/424/1 121/422/1
f 121/422/2 35/63/2 123/424/2
f 123/424/1 35/63/1 121/422/1
f 123/424/1 35/63/1 121/422/1
f 121/422/2 35/63/2 123/424/2
f 35/63/2 43/75/2 123/424/2
f 123/424/1 43/75/1 35/63/1
f 123/424/1 43/75/1 35/63/1
f 35/63/2 43/75/2 123/424/2
f 43/75/2 124/425/2 123/424/2
f 123/424/1 124/425/1 43/75/1
f 123/424/1 124/425/1 43/75/1
f 43/75/2 124/425/2 123/424/2
f 124/425/2 125/426/2 123/424/2
f 123/424/1 125/426/1 124/425/1
f 123/424/1 125/426/1 124/425/1
f 124/425/2 125/426/2 123/424/2
f 125/426/2 126/427/2 123/424/2
f 123/424/1 126/427/1 125/426/1
f 126/428/261 125/429/262 127/430/263
f 127/430/266 125/429/265 126/428/264
f 127/430/266 125/429/265 126/428/264
f 126/428/261 125/429/262 127/430/263
f 125/431/262 128/432/267 127/433/263
f 127/433/266 128/432/268 125/431/265
f 127/433/266 128/432/268 125/431/265
f 125/431/262 128/432/267 127/433/263
f 128/434/269 129/435/270 127/436/271
f 127/436/274 129/435/273 128/434/272
f 127/436/274 129/435/273 128/434/272
f 128/434/269 129/435/270 127/436/271
f 127/437/271 129/438/270 130/439/275
f 130/439/276 129/438/273 127/437/274
f 130/439/276 129/438/273 127/437/274
f 127/437/271 129/438/270 130/439/275
f 129/440/1 131/441/1 130/442/1
f 130/442/2 131/441/2 129/440/2
f 129/440/1 132/443/1 131/441/1
f 131/441/2 132/443/2 129/440/2
f 133/444/277 132/445/278 129/446/270
f 129/446/273 132/445/280 133/444/279
f 134/447/281 132/448/278 133/449/277
f 133/449/279 132/448/280 134/447/282
f 134/450/281 135/451/283 132/452/278
f 132/452/280 135/451/284 134/450/282
f 132/452/280 135/451/284 134/450/282
f 134/450/281 135/451/283 132/452/278
f 135/453/283 46/454/75 132/455/278
f 132/455/280 46/454/78 135/453/284
f 44/456/285 46/457/75 135/458/283
f 135/458/284 46/457/78 44/456/286
f 135/458/284 46/457/78 44/456/286
f 44/456/285 46/457/75 135/458/283
f 132/455/280 46/454/78 135/453/284
f 135/453/283 46/454/75 132/455/278
f 132/443/1 46/93/1 131/441/1
f 131/441/2 46/93/2 132/443/2
f 131/441/2 46/93/2 132/443/2
f 132/443/1 46/93/1 131/441/1
f 131/441/1 46/93/1 136/459/1
f 136/459/2 46/93/2 131/441/2
f 136/459/2 46/93/2 131/441/2
f 131/441/1 46/93/1 136/459/1
f 46/93/1 48/92/1 136/459/1
f 136/459/2 48/92/2 46/93/2
f 46/93/2 48/92/2 47/91/2
f 47/91/1 48/92/1 46/93/1
f 136/459/2 48/92/2 46/93/2
f 46/93/1 48/92/1 136/459/1
f 136/459/1 48/92/1 137/460/1
f 137/460/2 48/92/2 136/459/2
f 137/460/2 48/92/2 136/459/2
f 136/459/1 48/92/1 137/460/1
f 48/92/1 51/99/1 137/460/1
f 137/460/2 51/99/2 48/92/2
f 137/460/2 51/99/2 48/92/2
f 48/92/1 51/99/1 137/460/1
f 137/460/1 51/99/1 93/368/1
f 93/368/2 51/99/2 137/460/2
f 93/368/2 51/99/2 137/460/2
f 137/460/1 51/99/1 93/368/1
f 137/460/1 93/368/1 138/461/1
f 138/461/2 93/368/2 137/460/2
f 138/461/2 93/368/2 137/460/2
f 137/460/1 93/368/1 138/461/1
f 138/461/1 93/368/1 94/369/1
f 94/369/2 93/368/2 138/461/2
f 94/369/2 93/368/2 138/461/2
f 138/461/1 93/368/1 94/369/1
f 138/461/1 94/369/1 139/462/1
f 139/462/2 94/369/2 138/461/2
f 139/462/2 94/369/2 138/461/2
f 138/461/1 94/369/1 139/462/1
f 139/462/1 94/369/1 140/463/1
f 140/463/2 94/369/2 139/462/2
f 140/463/2 94/369/2 139/462/2
f 139/462/1 94/369/1 140/463/1
f 94/369/1 95/370/1 140/463/1
f 140/463/2 95/370/2 94/369/2
f 140/463/2 95/370/2 94/369/2
f 94/369/1 95/370/1 140/463/1
f 140/463/1 95/370/1 141/464/1
f 141/464/2 95/370/2 140/463/2
f 141/464/2 95/370/2 140/463/2
f 140/463/1 95/370/1 141/464/1
f 95/370/1 96/371/1 141/464/1
f 141/464/2 96/371/2 95/370/2
f 141/464/2 96/371/2 95/370/2
f 95/370/1 96/371/1 141/464/1
f 96/371/1 142/465/1 141/464/1
f 141/464/2 142/465/2 96/371/2
f 96/371/1 99/374/1 142/465/1
f 142/465/2 99/374/2 96/371/2
f 142/465/2 99/374/2 96/371/2
f 96/371/1 99/374/1 142/465/1
f 99/466/231 107/467/287 142/468/288
f 142/468/290 107/467/289 99/466/234
f 99/469/231 105/470/291 107/471/287
f 107/471/289 105/470/292 99/469/234
f 107/471/289 105/470/292 99/469/234
f 99/469/231 105/470/291 107/471/287
f 99/472/231 104/473/293 105/474/291
f 105/474/292 104/473/294 99/472/234
f 100/475/230 104/476/293 99/477/231
f 99/477/234 104/476/294 100/475/233
f 99/477/234 104/476/294 100/475/233
f 100/475/230 104/476/293 99/477/231
f 105/474/292 104/473/294 99/472/234
f 99/472/231 104/473/293 105/474/291
f 104/392/246 105/391/248 103/390/244
f 103/390/243 105/391/247 104/392/245
f 99/377/234 100/376/233 98/375/232
f 98/375/229 100/376/230 99/377/231
f 142/468/290 107/467/289 99/466/234
f 99/466/231 107/467/287 142/468/288
f 142/478/288 107/479/287 108/480/295
f 108/480/296 107/479/289 142/478/290
f 108/480/296 107/479/289 142/478/290
f 142/478/288 107/479/287 108/480/295
f 142/481/288 108/482/295 110/483/297
f 110/483/298 108/482/296 142/481/290
f 110/483/298 108/482/296 142/481/290
f 142/481/288 108/482/295 110/483/297
f 142/484/288 110/485/297 143/486/299
f 143/486/300 110/485/298 142/484/290
f 143/486/300 110/485/298 142/484/290
f 142/484/288 110/485/297 143/486/299
f 110/487/297 144/488/301 143/489/299
f 143/489/300 144/488/302 110/487/298
f 143/489/300 144/488/302 110/487/298
f 110/487/297 144/488/301 143/489/299
f 143/490/299 144/491/301 145/492/303
f 145/492/304 144/491/302 143/490/300
f 145/492/304 144/491/302 143/490/300
f 143/490/299 144/491/301 145/492/303
f 144/493/305 111/494/259 145/495/306
f 145/495/308 111/494/260 144/493/307
f 110/496/257 111/497/259 144/498/305
f 144/498/307 111/497/260 110/496/258
f 144/498/307 111/497/260 110/496/258
f 110/496/257 111/497/259 144/498/305
f 145/495/308 111/494/260 144/493/307
f 144/493/305 111/494/259 145/495/306
f 111/499/259 113/500/309 145/501/306
f 145/501/308 113/500/310 111/499/260
f 145/501/308 113/500/310 111/499/260
f 111/499/259 113/500/309 145/501/306
f 145/502/306 113/503/309 146/504/311
f 146/504/312 113/503/310 145/502/308
f 146/504/312 113/503/310 145/502/308
f 145/502/306 113/503/309 146/504/311
f 146/505/311 113/506/309 147/507/313
f 147/507/314 113/506/310 146/505/312
f 147/507/314 113/506/310 146/505/312
f 146/505/311 113/506/309 147/507/313
f 113/508/309 148/509/315 147/510/313
f 147/510/314 148/509/316 113/508/310
f 148/511/2 113/414/2 114/415/2
f 114/415/1 113/414/1 148/511/1
f 114/415/1 113/414/1 148/511/1
f 148/511/2 113/414/2 114/415/2
f 147/510/314 148/509/316 113/508/310
f 113/508/309 148/509/315 147/510/313
f 147/512/313 148/513/315 149/514/317
f 149/514/318 148/513/316 147/512/314
f 149/514/318 148/513/316 147/512/314
f 147/512/313 148/513/315 149/514/317
f 149/515/317 148/516/315 150/517/319
f 150/517/320 148/516/316 149/515/318
f 150/517/320 148/516/316 149/515/318
f 149/515/317 148/516/315 150/517/319
f 148/518/315 151/519/321 150/520/319
f 150/520/320 151/519/322 148/518/316
f 148/511/2 114/415/2 151/521/2
f 151/521/1 114/415/1 148/511/1
f 151/521/1 114/415/1 148/511/1
f 148/511/2 114/415/2 151/521/2
f 151/521/2 114/415/2 152/522/2
f 152/522/1 114/415/1 151/521/1
f 152/522/1 114/415/1 151/521/1
f 151/521/2 114/415/2 152/522/2
f 152/522/2 114/415/2 153/523/2
f 153/523/1 114/415/1 152/522/1
f 153/523/1 114/415/1 152/522/1
f 152/522/2 114/415/2 153/523/2
f 153/523/2 114/415/2 154/524/2
f 154/524/1 114/415/1 153/523/1
f 154/524/1 114/415/1 153/523/1
f 153/523/2 114/415/2 154/524/2
f 154/524/2 114/415/2 155/525/2
f 155/525/1 114/415/1 154/524/1
f 155/525/1 114/415/1 154/524/1
f 154/524/2 114/415/2 155/525/2
f 155/525/2 114/415/2 156/526/2
f 156/526/1 114/415/1 155/525/1
f 156/526/1 114/415/1 155/525/1
f 155/525/2 114/415/2 156/526/2
f 114/415/2 157/527/2 156/526/2
f 156/526/1 157/527/1 114/415/1
f 114/415/2 116/417/2 157/527/2
f 157/527/1 116/417/1 114/415/1
f 157/527/1 116/417/1 114/415/1
f 114/415/2 116/417/2 157/527/2
f 116/417/2 158/528/2 157/527/2
f 157/527/1 158/528/1 116/417/1
f 116/417/2 117/418/2 158/528/2
f 158/528/1 117/418/1 116/417/1
f 158/528/1 117/418/1 116/417/1
f 116/417/2 117/418/2 158/528/2
f 117/418/2 120/421/2 158/528/2
f 158/528/1 120/421/1 117/418/1
f 158/528/1 120/421/1 117/418/1
f 117/418/2 120/421/2 158/528/2
f 158/528/2 120/421/2 159/529/2
f 159/529/1 120/421/1 158/528/1
f 159/529/1 120/421/1 158/528/1
f 158/528/2 120/421/2 159/529/2
f 120/421/2 122/423/2 159/529/2
f 159/529/1 122/423/1 120/421/1
f 159/529/1 122/423/1 120/421/1
f 120/421/2 122/423/2 159/529/2
f 159/529/2 122/423/2 160/530/2
f 160/530/1 122/423/1 159/529/1
f 160/530/1 122/423/1 159/529/1
f 159/529/2 122/423/2 160/530/2
f 122/423/2 161/531/2 160/530/2
f 160/530/1 161/531/1 122/423/1
f 160/530/1 161/531/1 122/423/1
f 122/423/2 161/531/2 160/530/2
f 160/530/2 161/531/2 162/532/2
f 162/532/1 161/531/1 160/530/1
f 162/532/1 161/531/1 160/530/1
f 160/530/2 161/531/2 162/532/2
f 161/531/2 163/533/2 162/532/2
f 162/532/1 163/533/1 161/531/1
f 162/532/1 163/533/1 161/531/1
f 161/531/2 163/533/2 162/532/2
f 163/533/2 164/534/2 162/532/2
f 162/532/1 164/534/1 163/533/1
f 162/532/1 164/534/1 163/533/1
f 163/533/2 164/534/2 162/532/2
f 162/532/2 164/534/2 165/535/2
f 165/535/1 164/534/1 162/532/1
f 165/535/1 164/534/1 162/532/1
f 162/532/2 164/534/2 165/535/2
f 165/536/323 164/537/324 166/538/325
f 166/538/328 164/537/327 165/536/326
f 166/538/328 164/537/327 165/536/326
f 165/536/323 164/537/324 166/538/325
f 166/539/325 164/540/324 167/541/329
f 167/541/330 164/540/327 166/539/328
f 167/541/330 164/540/327 166/539/328
f 166/539/325 164/540/324 167/541/329
f 164/542/324 168/543/331 167/544/329
f 167/544/330 168/543/332 164/542/327
f 167/544/330 168/543/332 164/542/327
f 164/542/324 168/543/331 167/544/329
f 168/545/333 169/546/334 167/547/335
f 167/547/338 169/546/337 168/545/336
f 170/548/339 169/549/334 168/550/333
f 168/550/336 169/549/337 170/548/340
f 168/550/336 169/549/337 170/548/340
f 170/548/339 169/549/334 168/550/333
f 167/547/338 169/546/337 168/545/336
f 168/545/333 169/546/334 167/547/335
f 167/551/335 169/552/334 171/553/341
f 171/553/342 169/552/337 167/551/338
f 171/553/342 169/552/337 167/551/338
f 167/551/335 169/552/334 171/553/341
f 169/554/1 172/555/1 171/556/1
f 171/556/2 172/555/2 169/554/2
f 171/556/2 172/555/2 169/554/2
f 169/554/1 172/555/1 171/556/1
f 171/556/1 172/555/1 173/557/1
f 173/557/2 172/555/2 171/556/2
f 173/557/2 172/555/2 171/556/2
f 171/556/1 172/555/1 173/557/1
f 173/557/1 172/555/1 174/558/1
f 174/558/2 172/555/2 173/557/2
f 174/558/2 172/555/2 173/557/2
f 173/557/1 172/555/1 174/558/1
f 174/558/1 172/555/1 175/559/1
f 175/559/2 172/555/2 174/558/2
f 175/559/2 172/555/2 174/558/2
f 174/558/1 172/555/1 175/559/1
f 172/555/1 176/560/1 175/559/1
f 175/559/2 176/560/2 172/555/2
f 172/555/1 177/561/1 176/560/1
f 176/560/2 177/561/2 172/555/2
f 176/560/2 177/561/2 172/555/2
f 172/555/1 177/561/1 176/560/1
f 177/561/1 178/562/1 176/560/1
f 176/560/2 178/562/2 177/561/2
f 177/561/1 131/441/1 178/562/1
f 178/562/2 131/441/2 177/561/2
f 179/563/1 131/441/1 177/561/1
f 177/561/2 131/441/2 179/563/2
f 177/561/2 131/441/2 179/563/2
f 179/563/1 131/441/1 177/561/1
f 178/562/2 131/441/2 177/561/2
f 177/561/1 131/441/1 178/562/1
f 131/441/1 136/459/1 178/562/1
f 178/562/2 136/459/2 131/441/2
f 178/562/2 136/459/2 131/441/2
f 131/441/1 136/459/1 178/562/1
f 178/562/1 136/459/1 180/564/1
f 180/564/2 136/459/2 178/562/2
f 180/564/2 136/459/2 178/562/2
f 178/562/1 136/459/1 180/564/1
f 136/459/1 137/460/1 180/564/1
f 180/564/2 137/460/2 136/459/2
f 180/564/2 137/460/2 136/459/2
f 136/459/1 137/460/1 180/564/1
f 180/564/1 137/460/1 138/461/1
f 138/461/2 137/460/2 180/564/2
f 138/461/2 137/460/2 180/564/2
f 180/564/1 137/460/1 138/461/1
f 180/564/1 138/461/1 181/565/1
f 181/565/2 138/461/2 180/564/2
f 181/565/2 138/461/2 180/564/2
f 180/564/1 138/461/1 181/565/1
f 181/565/1 138/461/1 139/462/1
f 139/462/2 138/461/2 181/565/2
f 139/462/2 138/461/2 181/565/2
f 181/565/1 138/461/1 139/462/1
f 181/565/1 139/462/1 182/566/1
f 182/566/2 139/462/2 181/565/2
f 182/566/2 139/462/2 181/565/2
f 181/565/1 139/462/1 182/566/1
f 182/566/1 139/462/1 183/567/1
f 183/567/2 139/462/2 182/566/2
f 183/567/2 139/462/2 182/566/2
f 182/566/1 139/462/1 183/567/1
f 139/462/1 140/463/1 183/567/1
f 183/567/2 140/463/2 139/462/2
f 183/567/2 140/463/2 139/462/2
f 139/462/1 140/463/1 183/567/1
f 183/567/1 140/463/1 184/568/1
f 184/568/2 140/463/2 183/567/2
f 184/568/2 140/463/2 183/567/2
f 183/567/1 140/463/1 184/568/1
f 140/463/1 141/464/1 184/568/1
f 184/568/2 141/464/2 140/463/2
f 184/568/2 141/464/2 140/463/2
f 140/463/1 141/464/1 184/568/1
f 141/464/1 185/569/1 184/568/1
f 184/568/2 185/569/2 141/464/2
f 141/464/1 186/570/1 185/569/1
f 185/569/2 186/570/2 141/464/2
f 185/569/2 186/570/2 141/464/2
f 141/464/1 186/570/1 185/569/1
f 186/571/343 149/572/344 185/573/345
f 185/573/348 149/572/347 186/571/346
f 185/573/348 149/572/347 186/571/346
f 186/571/343 149/572/344 185/573/345
f 149/574/344 150/575/349 185/576/345
f 185/576/348 150/575/350 149/574/347
f 185/576/348 150/575/350 149/574/347
f 149/574/344 150/575/349 185/576/345
f 185/577/345 150/578/349 187/579/351
f 187/579/352 150/578/350 185/577/348
f 187/579/352 150/578/350 185/577/348
f 185/577/345 150/578/349 187/579/351
f 150/580/319 151/581/321 187/582/353
f 187/582/354 151/581/322 150/580/320
f 187/582/354 151/581/322 150/580/320
f 150/580/319 151/581/321 187/582/353
f 187/583/353 151/584/321 188/585/355
f 188/585/356 151/584/322 187/583/354
f 188/585/356 151/584/322 187/583/354
f 187/583/353 151/584/321 188/585/355
f 151/586/321 152/587/357 188/588/355
f 188/588/356 152/587/358 151/586/322
f 188/588/356 152/587/358 151/586/322
f 151/586/321 152/587/357 188/588/355
f 188/589/355 152/590/357 189/591/359
f 189/591/360 152/590/358 188/589/356
f 189/591/360 152/590/358 188/589/356
f 188/589/355 152/590/357 189/591/359
f 152/592/357 153/593/361 189/594/359
f 189/594/360 153/593/362 152/592/358
f 189/594/360 153/593/362 152/592/358
f 152/592/357 153/593/361 189/594/359
f 153/595/361 190/596/363 189/597/359
f 189/597/360 190/596/364 153/595/362
f 190/598/363 153/599/361 191/600/365
f 191/600/366 153/599/362 190/598/364
f 191/600/366 153/599/362 190/598/364
f 190/598/363 153/599/361 191/600/365
f 153/601/361 154/602/367 191/603/365
f 191/603/366 154/602/368 153/601/362
f 191/603/366 154/602/368 153/601/362
f 153/601/361 154/602/367 191/603/365
f 154/604/367 192/605/369 191/606/365
f 191/606/366 192/605/370 154/604/368
f 191/606/366 192/605/370 154/604/368
f 154/604/367 192/605/369 191/606/365
f 193/607/371 191/608/372 192/609/373
f 192/609/376 191/608/375 193/607/374
f 193/610/371 190/611/377 191/612/372
f 191/612/375 190/611/378 193/610/374
f 191/612/375 190/611/378 193/610/374
f 193/610/371 190/611/377 191/612/372
f 194/613/379 190/614/377 193/615/371
f 193/615/374 190/614/378 194/613/380
f 194/616/379 189/617/381 190/618/377
f 190/618/378 189/617/382 194/616/380
f 194/619/379 188/620/383 189/621/381
f 189/621/382 188/620/384 194/619/380
f 189/621/382 188/620/384 194/619/380
f 194/619/379 188/620/383 189/621/381
f 185/622/345 188/623/383 194/624/379
f 194/624/380 188/623/384 185/622/348
f 194/624/380 188/623/384 185/622/348
f 185/622/345 188/623/383 194/624/379
f 185/625/345 187/626/351 188/627/383
f 188/627/384 187/626/352 185/625/348
f 188/627/384 187/626/352 185/625/348
f 185/625/345 187/626/351 188/627/383
f 185/569/1 194/628/1 184/568/1
f 184/568/2 194/628/2 185/569/2
f 184/568/2 194/628/2 185/569/2
f 185/569/1 194/628/1 184/568/1
f 184/568/1 194/628/1 193/629/1
f 193/629/2 194/628/2 184/568/2
f 193/629/2 194/628/2 184/568/2
f 184/568/1 194/628/1 193/629/1
f 193/615/374 190/614/378 194/613/380
f 194/613/379 190/614/377 193/615/371
f 190/618/378 189/617/382 194/616/380
f 194/616/379 189/617/381 190/618/377
f 189/597/360 190/596/364 153/595/362
f 153/595/361 190/596/363 189/597/359
f 184/568/1 193/629/1 195/630/1
f 195/630/2 193/629/2 184/568/2
f 195/630/2 193/629/2 184/568/2
f 184/568/1 193/629/1 195/630/1
f 193/631/371 192/632/373 195/633/385
f 195/633/386 192/632/376 193/631/374
f 195/633/386 192/632/376 193/631/374
f 193/631/371 192/632/373 195/633/385
f 192/634/373 196/635/387 195/636/385
f 195/636/386 196/635/388 192/634/376
f 195/636/386 196/635/388 192/634/376
f 192/634/373 196/635/387 195/636/385
f 195/637/385 196/638/387 197/639/389
f 197/639/390 196/638/388 195/637/386
f 197/639/390 196/638/388 195/637/386
f 195/637/385 196/638/387 197/639/389
f 196/640/391 155/641/392 197/642/393
f 197/642/396 155/641/395 196/640/394
f 154/643/367 155/644/392 196/645/391
f 196/645/394 155/644/395 154/643/368
f 196/645/394 155/644/395 154/643/368
f 154/643/367 155/644/392 196/645/391
f 197/642/396 155/641/395 196/640/394
f 196/640/391 155/641/392 197/642/393
f 197/646/393 155/647/392 198/648/397
f 198/648/398 155/647/395 197/646/396
f 198/648/398 155/647/395 197/646/396
f 197/646/393 155/647/392 198/648/397
f 155/649/392 156/650/399 198/651/397
f 198/651/398 156/650/400 155/649/395
f 198/651/398 156/650/400 155/649/395
f 155/649/392 156/650/399 198/651/397
f 198/652/397 156/653/399 199/654/401
f 199/654/402 156/653/400 198/652/398
f 199/654/402 156/653/400 198/652/398
f 198/652/397 156/653/399 199/654/401
f 199/655/401 156/656/399 200/657/403
f 200/657/404 156/656/400 199/655/402
f 200/657/404 156/656/400 199/655/402
f 199/655/401 156/656/399 200/657/403
f 156/658/399 201/659/405 200/660/403
f 200/660/404 201/659/406 156/658/400
f 156/526/2 157/527/2 201/661/2
f 201/661/1 157/527/1 156/526/1
f 156/526/1 157/527/1 114/415/1
f 114/415/2 157/527/2 156/526/2
f 201/661/1 157/527/1 156/526/1
f 156/526/2 157/527/2 201/661/2
f 201/661/2 157/527/2 202/662/2
f 202/662/1 157/527/1 201/661/1
f 202/662/1 157/527/1 201/661/1
f 201/661/2 157/527/2 202/662/2
f 202/662/2 157/527/2 203/663/2
f 203/663/1 157/527/1 202/662/1
f 203/663/1 157/527/1 202/662/1
f 202/662/2 157/527/2 203/663/2
f 203/663/2 157/527/2 204/664/2
f 204/664/1 157/527/1 203/663/1
f 204/664/1 157/527/1 203/663/1
f 203/663/2 157/527/2 204/664/2
f 204/664/2 157/527/2 205/665/2
f 205/665/1 157/527/1 204/664/1
f 205/665/1 157/527/1 204/664/1
f 204/664/2 157/527/2 205/665/2
f 205/665/2 157/527/2 206/666/2
f 206/666/1 157/527/1 205/665/1
f 206/666/1 157/527/1 205/665/1
f 205/665/2 157/527/2 206/666/2
f 157/527/2 207/667/2 206/666/2
f 206/666/1 207/667/1 157/527/1
f 206/666/1 207/667/1 157/527/1
f 157/527/2 207/667/2 206/666/2
f 206/666/2 207/667/2 208/668/2
f 208/668/1 207/667/1 206/666/1
f 208/668/1 207/667/1 206/666/1
f 206/666/2 207/667/2 208/668/2
f 207/667/2 209/669/2 208/668/2
f 208/668/1 209/669/1 207/667/1
f 208/668/1 209/669/1 207/667/1
f 207/667/2 209/669/2 208/668/2
f 208/668/2 209/669/2 210/670/2
f 210/670/1 209/669/1 208/668/1
f 210/670/1 209/669/1 208/668/1
f 208/668/2 209/669/2 210/670/2
f 209/669/2 211/671/2 210/670/2
f 210/670/1 211/671/1 209/669/1
f 209/669/2 160/530/2 211/671/2
f 211/671/1 160/530/1 209/669/1
f 159/529/2 160/530/2 209/669/2
f 209/669/1 160/530/1 159/529/1
f 209/669/1 160/530/1 159/529/1
f 159/529/2 160/530/2 209/669/2
f 211/671/1 160/530/1 209/669/1
f 209/669/2 160/530/2 211/671/2
f 160/530/2 162/532/2 211/671/2
f 211/671/1 162/532/1 160/530/1
f 211/671/1 162/532/1 160/530/1
f 160/530/2 162/532/2 211/671/2
f 211/671/2 162/532/2 212/672/2
f 212/672/1 162/532/1 211/671/1
f 212/672/1 162/532/1 211/671/1
f 211/671/2 162/532/2 212/672/2
f 162/532/2 213/673/2 212/672/2
f 212/672/1 213/673/1 162/532/1
f 212/672/1 213/673/1 162/532/1
f 162/532/2 213/673/2 212/672/2
f 212/674/407 213/675/408 214/676/409
f 214/676/412 213/675/411 212/674/410
f 214/676/412 213/675/411 212/674/410
f 212/674/407 213/675/408 214/676/409
f 214/677/409 213/678/408 215/679/413
f 215/679/414 213/678/411 214/677/412
f 215/679/414 213/678/411 214/677/412
f 214/677/409 213/678/408 215/679/413
f 215/680/413 213/681/408 216/682/415
f 216/682/416 213/681/411 215/680/414
f 216/682/416 213/681/411 215/680/414
f 215/680/413 213/681/408 216/682/415
f 213/683/408 217/684/417 216/685/415
f 216/685/416 217/684/418 213/683/411
f 216/685/416 217/684/418 213/683/411
f 213/683/408 217/684/417 216/685/415
f 216/686/415 217/687/417 218/688/419
f 218/688/420 217/687/418 216/686/416
f 218/688/420 217/687/418 216/686/416
f 216/686/415 217/687/417 218/688/419
f 218/689/419 217/690/417 219/691/421
f 219/691/422 217/690/418 218/689/420
f 219/691/422 217/690/418 218/689/420
f 218/689/419 217/690/417 219/691/421
f 217/692/417 220/693/423 219/694/421
f 219/694/422 220/693/424 217/692/418
f 162/532/2 220/695/2 217/696/2
f 217/696/1 220/695/1 162/532/1
f 217/696/1 220/695/1 162/532/1
f 162/532/2 220/695/2 217/696/2
f 219/694/422 220/693/424 217/692/418
f 217/692/417 220/693/423 219/694/421
f 219/697/421 220/698/423 221/699/425
f 221/699/426 220/698/424 219/697/422
f 221/699/426 220/698/424 219/697/422
f 219/697/421 220/698/423 221/699/425
f 221/700/425 220/701/423 222/702/427
f 222/702/428 220/701/424 221/700/426
f 222/702/428 220/701/424 221/700/426
f 221/700/425 220/701/423 222/702/427
f 220/703/423 223/704/429 222/705/427
f 222/705/428 223/704/430 220/703/424
f 162/532/2 223/706/2 220/695/2
f 220/695/1 223/706/1 162/532/1
f 220/695/1 223/706/1 162/532/1
f 162/532/2 223/706/2 220/695/2
f 222/705/428 223/704/430 220/703/424
f 220/703/423 223/704/429 222/705/427
f 222/707/427 223/708/429 224/709/431
f 224/709/432 223/708/430 222/707/428
f 224/709/432 223/708/430 222/707/428
f 222/707/427 223/708/429 224/709/431
f 223/710/429 165/711/323 224/712/431
f 224/712/432 165/711/326 223/710/430
f 224/712/432 165/711/326 223/710/430
f 223/710/429 165/711/323 224/712/431
f 224/713/431 165/714/323 225/715/433
f 225/715/434 165/714/326 224/713/432
f 225/715/434 165/714/326 224/713/432
f 224/713/431 165/714/323 225/715/433
f 225/716/433 165/717/323 166/718/325
f 166/718/328 165/717/326 225/716/434
f 166/718/328 165/717/326 225/716/434
f 225/716/433 165/717/323 166/718/325
f 166/719/435 171/720/341 225/721/436
f 225/721/438 171/720/342 166/719/437
f 225/721/438 171/720/342 166/719/437
f 166/719/435 171/720/341 225/721/436
f 225/722/436 171/723/341 224/724/439
f 224/724/440 171/723/342 225/722/438
f 224/724/440 171/723/342 225/722/438
f 225/722/436 171/723/341 224/724/439
f 224/725/439 171/726/341 173/727/441
f 173/727/442 171/726/342 224/725/440
f 173/727/442 171/726/342 224/725/440
f 224/725/439 171/726/341 173/727/441
f 224/728/439 173/729/441 222/730/443
f 222/730/444 173/729/442 224/728/440
f 222/730/444 173/729/442 224/728/440
f 224/728/439 173/729/441 222/730/443
f 222/731/443 173/732/441 221/733/445
f 221/733/446 173/732/442 222/731/444
f 221/733/446 173/732/442 222/731/444
f 222/731/443 173/732/441 221/733/445
f 221/734/445 173/735/441 226/736/447
f 226/736/448 173/735/442 221/734/446
f 226/736/448 173/735/442 221/734/446
f 221/734/445 173/735/441 226/736/447
f 173/557/1 174/558/1 226/737/1
f 226/737/2 174/558/2 173/557/2
f 226/737/2 174/558/2 173/557/2
f 173/557/1 174/558/1 226/737/1
f 226/737/1 174/558/1 227/738/1
f 227/738/2 174/558/2 226/737/2
f 227/738/2 174/558/2 226/737/2
f 226/737/1 174/558/1 227/738/1
f 227/738/1 174/558/1 228/739/1
f 228/739/2 174/558/2 227/738/2
f 228/739/2 174/558/2 227/738/2
f 227/738/1 174/558/1 228/739/1
f 174/558/1 175/559/1 228/739/1
f 228/739/2 175/559/2 174/558/2
f 228/739/2 175/559/2 174/558/2
f 174/558/1 175/559/1 228/739/1
f 228/739/1 175/559/1 229/740/449
f 229/740/450 175/559/2 228/739/2
f 229/740/450 175/559/2 228/739/2
f 228/739/1 175/559/1 229/740/449
f 229/740/449 175/559/1 230/741/451
f 230/741/452 175/559/2 229/740/450
f 230/741/452 175/559/2 229/740/450
f 229/740/449 175/559/1 230/741/451
f 175/559/1 231/742/1 230/741/451
f 230/741/452 231/742/2 175/559/2
f 175/559/1 232/743/1 231/742/1
f 231/742/2 232/743/2 175/559/2
f 175/559/1 176/560/1 232/743/1
f 232/743/2 176/560/2 175/559/2
f 232/743/2 176/560/2 175/559/2
f 175/559/1 176/560/1 232/743/1
f 176/560/1 233/744/1 232/743/1
f 232/743/2 233/744/2 176/560/2
f 176/560/1 178/562/1 233/744/1
f 233/744/2 178/562/2 176/560/2
f 233/744/2 178/562/2 176/560/2
f 176/560/1 178/562/1 233/744/1
f 178/562/1 180/564/1 233/744/1
f 233/744/2 180/564/2 178/562/2
f 233/744/2 180/564/2 178/562/2
f 178/562/1 180/564/1 233/744/1
f 233/744/1 180/564/1 181/565/1
f 181/565/2 180/564/2 233/744/2
f 181/565/2 180/564/2 233/744/2
f 233/744/1 180/564/1 181/565/1
f 233/744/1 181/565/1 234/745/1
f 234/745/2 181/565/2 233/744/2
f 234/745/2 181/565/2 233/744/2
f 233/744/1 181/565/1 234/745/1
f 234/745/1 181/565/1 182/566/1
f 182/566/2 181/565/2 234/745/2
f 182/566/2 181/565/2 234/745/2
f 234/745/1 181/565/1 182/566/1
f 234/745/1 182/566/1 235/746/1
f 235/746/2 182/566/2 234/745/2
f 235/746/2 182/566/2 234/745/2
f 234/745/1 182/566/1 235/746/1
f 182/566/1 183/567/1 235/746/1
f 235/746/2 183/567/2 182/566/2
f 235/746/2 183/567/2 182/566/2
f 182/566/1 183/567/1 235/746/1
f 235/746/1 183/567/1 236/747/453
f 236/747/454 183/567/2 235/746/2
f 236/747/454 183/567/2 235/746/2
f 235/746/1 183/567/1 236/747/453
f 183/567/1 237/748/455 236/747/453
f 236/747/454 237/748/456 183/567/2
f 236/747/454 237/748/456 183/567/2
f 183/567/1 237/748/455 236/747/453
f 236/749/453 237/750/455 238/751/457
f 238/751/458 237/750/456 236/749/454
f 238/751/458 237/750/456 236/749/454
f 236/749/453 237/750/455 238/751/457
f 237/752/459 239/753/460 238/754/461
f 238/754/464 239/753/463 237/752/462
f 238/754/464 239/753/463 237/752/462
f 237/752/459 239/753/460 238/754/461
f 238/755/465 239/756/465 240/757/465
f 240/757/466 239/756/466 238/755/466
f 240/757/466 239/756/466 238/755/466
f 238/755/465 239/756/465 240/757/465
f 240/758/467 239/759/468 241/760/467
f 241/760/469 239/759/470 240/758/469
f 241/760/469 239/759/470 240/758/469
f 240/758/467 239/759/468 241/760/467
f 242/761/471 241/762/472 239/763/473
f 239/763/476 241/762/475 242/761/474
f 239/763/476 241/762/475 242/761/474
f 242/761/471 241/762/472 239/763/473
f 242/764/471 243/765/477 241/766/472
f 241/766/475 243/765/478 242/764/474
f 242/767/471 244/768/479 243/769/477
f 243/769/478 244/768/480 242/767/474
f 243/769/478 244/768/480 242/767/474
f 242/767/471 244/768/479 243/769/477
f 244/770/481 245/771/482 243/772/483
f 243/772/486 245/771/485 244/770/484
f 243/772/486 245/771/485 244/770/484
f 244/770/481 245/771/482 243/772/483
f 243/773/483 245/774/482 246/775/487
f 246/775/488 245/774/485 243/773/486
f 246/775/488 245/774/485 243/773/486
f 243/773/483 245/774/482 246/775/487
f 245/776/482 247/777/489 246/778/487
f 246/778/488 247/777/490 245/776/485
f 246/778/488 247/777/490 245/776/485
f 245/776/482 247/777/489 246/778/487
f 246/779/491 247/780/492 248/781/491
f 248/781/493 247/780/494 246/779/493
f 248/781/493 247/780/494 246/779/493
f 246/779/491 247/780/492 248/781/491
f 249/782/495 248/783/495 247/784/495
f 247/784/496 248/783/496 249/782/496
f 249/785/497 243/786/497 248/787/497
f 248/787/498 243/786/498 249/785/498
f 248/787/498 243/786/498 249/785/498
f 249/785/497 243/786/497 248/787/497
f 243/788/499 246/789/491 248/790/491
f 248/790/493 246/789/493 243/788/500
f 248/790/493 246/789/493 243/788/500
f 243/788/499 246/789/491 248/790/491
f 243/791/501 249/792/501 236/793/501
f 236/793/502 249/792/502 243/791/502
f 236/793/502 249/792/502 243/791/502
f 243/791/501 249/792/501 236/793/501
f 236/794/453 249/795/503 250/796/504
f 250/796/506 249/795/505 236/794/454
f 250/796/506 249/795/505 236/794/454
f 236/794/453 249/795/503 250/796/504
f 250/797/504 249/798/503 247/799/507
f 247/799/508 249/798/505 250/797/506
f 247/799/508 249/798/505 250/797/506
f 250/797/504 249/798/503 247/799/507
f 247/784/496 248/783/496 249/782/496
f 249/782/495 248/783/495 247/784/495
f 247/800/509 251/801/509 250/802/509
f 250/802/510 251/801/510 247/800/510
f 251/803/511 247/804/511 252/805/511
f 252/805/512 247/804/512 251/803/512
f 252/805/512 247/804/512 251/803/512
f 251/803/511 247/804/511 252/805/511
f 247/806/513 253/807/513 252/808/513
f 252/808/514 253/807/514 247/806/514
f 247/809/489 254/810/515 253/811/516
f 253/811/518 254/810/517 247/809/490
f 253/811/518 254/810/517 247/809/490
f 247/809/489 254/810/515 253/811/516
f 254/812/515 255/813/519 253/814/516
f 253/814/518 255/813/520 254/812/517
f 253/814/518 255/813/520 254/812/517
f 254/812/515 255/813/519 253/814/516
f 253/815/521 255/816/522 252/817/522
f 252/817/524 255/816/524 253/815/523
f 252/817/524 255/816/524 253/815/523
f 253/815/521 255/816/522 252/817/522
f 252/818/522 255/819/522 256/820/525
f 256/820/526 255/819/524 252/818/524
f 256/820/526 255/819/524 252/818/524
f 252/818/522 255/819/522 256/820/525
f 257/821/527 256/822/527 255/823/528
f 255/823/530 256/822/529 257/821/529
f 255/823/530 256/822/529 257/821/529
f 257/821/527 256/822/527 255/823/528
f 258/824/531 256/825/527 257/826/527
f 257/826/529 256/825/529 258/824/532
f 259/827/533 256/828/534 258/829/535
f 258/829/538 256/828/537 259/827/536
f 258/829/538 256/828/537 259/827/536
f 259/827/533 256/828/534 258/829/535
f 257/826/529 256/825/529 258/824/532
f 258/824/531 256/825/527 257/826/527
f 257/830/2 260/831/2 258/832/2
f 258/832/1 260/831/1 257/830/1
f 258/832/1 260/831/1 257/830/1
f 257/830/2 260/831/2 258/832/2
f 258/832/2 260/831/2 261/833/2
f 261/833/1 260/831/1 258/832/1
f 261/833/1 260/831/1 258/832/1
f 258/832/2 260/831/2 261/833/2
f 260/831/2 262/834/2 261/833/2
f 261/833/1 262/834/1 260/831/1
f 261/833/1 262/834/1 260/831/1
f 260/831/2 262/834/2 261/833/2
f 262/834/2 206/666/2 261/833/2
f 261/833/1 206/666/1 262/834/1
f 261/833/1 206/666/1 262/834/1
f 262/834/2 206/666/2 261/833/2
f 206/666/2 208/668/2 261/833/2
f 261/833/1 208/668/1 206/666/1
f 261/833/1 208/668/1 206/666/1
f 206/666/2 208/668/2 261/833/2
f 261/833/2 208/668/2 263/835/2
f 263/835/1 208/668/1 261/833/1
f 263/835/1 208/668/1 261/833/1
f 261/833/2 208/668/2 263/835/2
f 208/668/2 210/670/2 263/835/2
f 263/835/1 210/670/1 208/668/1
f 263/835/1 210/670/1 208/668/1
f 208/668/2 210/670/2 263/835/2
f 210/670/2 264/836/2 263/835/2
f 263/835/1 264/836/1 210/670/1
f 263/835/1 264/836/1 210/670/1
f 210/670/2 264/836/2 263/835/2
f 264/836/2 265/837/2 263/835/2
f 263/835/1 265/837/1 264/836/1
f 264/836/2 266/838/2 265/837/2
f 265/837/1 266/838/1 264/836/1
f 265/837/1 266/838/1 264/836/1
f 264/836/2 266/838/2 265/837/2
f 265/839/539 266/840/540 267/841/541
f 267/841/544 266/840/543 265/839/542
f 267/841/544 266/840/543 265/839/542
f 265/839/539 266/840/540 267/841/541
f 266/840/540 268/842/545 267/841/541
f 267/841/544 268/842/546 266/840/543
f 268/843/547 266/844/548 269/845/549
f 269/845/552 266/844/551 268/843/550
f 269/845/552 266/844/551 268/843/550
f 268/843/547 266/844/548 269/845/549
f 266/846/548 270/847/553 269/848/549
f 269/848/552 270/847/554 266/846/551
f 211/671/2 270/849/2 266/838/2
f 266/838/1 270/849/1 211/671/1
f 211/671/2 271/850/2 270/849/2
f 270/849/1 271/850/1 211/671/1
f 270/849/1 271/850/1 211/671/1
f 211/671/2 271/850/2 270/849/2
f 270/851/555 271/852/556 269/853/557
f 269/853/560 271/852/559 270/851/558
f 269/853/560 271/852/559 270/851/558
f 270/851/555 271/852/556 269/853/557
f 271/854/556 272/855/561 269/856/557
f 269/856/560 272/855/562 271/854/559
f 269/856/560 272/855/562 271/854/559
f 271/854/556 272/855/561 269/856/557
f 269/857/557 272/858/561 273/859/563
f 273/859/564 272/858/562 269/857/560
f 273/859/564 272/858/562 269/857/560
f 269/857/557 272/858/561 273/859/563
f 273/860/563 272/861/561 274/862/565
f 274/862/566 272/861/562 273/860/564
f 274/862/566 272/861/562 273/860/564
f 273/860/563 272/861/561 274/862/565
f 272/863/567 275/864/568 274/865/568
f 274/865/570 275/864/570 272/863/569
f 272/866/571 276/867/571 275/868/571
f 275/868/572 276/867/572 272/866/572
f 272/869/573 229/870/574 276/871/575
f 276/871/578 229/870/577 272/869/576
f 276/871/578 229/870/577 272/869/576
f 272/869/573 229/870/574 276/871/575
f 229/872/449 230/873/451 276/874/579
f 276/874/580 230/873/452 229/872/450
f 276/874/580 230/873/452 229/872/450
f 229/872/449 230/873/451 276/874/579
f 277/875/581 276/876/581 230/877/581
f 230/877/582 276/876/582 277/875/582
f 275/878/583 276/879/583 277/880/583
f 277/880/584 276/879/584 275/878/584
f 277/880/584 276/879/584 275/878/584
f 275/878/583 276/879/583 277/880/583
f 230/877/582 276/876/582 277/875/582
f 277/875/581 276/876/581 230/877/581
f 278/881/585 277/882/585 230/883/585
f 230/883/586 277/882/586 278/881/586
f 279/884/587 277/885/587 278/886/587
f 278/886/588 277/885/588 279/884/588
f 278/886/588 277/885/588 279/884/588
f 279/884/587 277/885/587 278/886/587
f 230/883/586 277/882/586 278/881/586
f 278/881/585 277/882/585 230/883/585
f 278/887/589 230/888/451 280/889/590
f 280/889/592 230/888/452 278/887/591
f 280/889/592 230/888/452 278/887/591
f 278/887/589 230/888/451 280/889/590
f 230/741/451 231/742/1 280/890/590
f 280/890/592 231/742/2 230/741/452
f 280/890/592 231/742/2 230/741/452
f 230/741/451 231/742/1 280/890/590
f 280/890/590 231/742/1 281/891/1
f 281/891/2 231/742/2 280/890/592
f 281/891/2 231/742/2 280/890/592
f 280/890/590 231/742/1 281/891/1
f 281/891/1 231/742/1 282/892/1
f 282/892/2 231/742/2 281/891/2
f 282/892/2 231/742/2 281/891/2
f 281/891/1 231/742/1 282/892/1
f 231/742/1 283/893/1 282/892/1
f 282/892/2 283/893/2 231/742/2
f 282/892/2 283/893/2 231/742/2
f 231/742/1 283/893/1 282/892/1
f 282/892/1 283/893/1 284/894/1
f 284/894/2 283/893/2 282/892/2
f 284/894/2 283/893/2 282/892/2
f 282/892/1 283/893/1 284/894/1
f 283/893/1 235/746/1 284/894/1
f 284/894/2 235/746/2 283/893/2
f 283/893/1 234/745/1 235/746/1
f 235/746/2 234/745/2 283/893/2
f 235/746/2 234/745/2 283/893/2
f 283/893/1 234/745/1 235/746/1
f 232/743/1 234/745/1 283/893/1
f 283/893/2 234/745/2 232/743/2
f 283/893/2 234/745/2 232/743/2
f 232/743/1 234/745/1 283/893/1
f 232/743/1 233/744/1 234/745/1
f 234/745/2 233/744/2 232/743/2
f 232/743/2 233/744/2 176/560/2
f 176/560/1 233/744/1 232/743/1
f 234/745/2 233/744/2 232/743/2
f 232/743/1 233/744/1 234/745/1
f 231/742/1 232/743/1 283/893/1
f 283/893/2 232/743/2 231/742/2
f 231/742/2 232/743/2 175/559/2
f 175/559/1 232/743/1 231/742/1
f 283/893/2 232/743/2 231/742/2
f 231/742/1 232/743/1 283/893/1
f 230/741/452 231/742/2 175/559/2
f 175/559/1 231/742/1 230/741/451
f 284/894/2 235/746/2 283/893/2
f 283/893/1 235/746/1 284/894/1
f 235/746/1 250/895/504 284/894/1
f 284/894/2 250/895/506 235/746/2
f 235/746/1 236/747/453 250/895/504
f 250/895/506 236/747/454 235/746/2
f 250/895/506 236/747/454 235/746/2
f 235/746/1 236/747/453 250/895/504
f 284/894/2 250/895/506 235/746/2
f 235/746/1 250/895/504 284/894/1
f 284/894/1 250/895/504 285/896/593
f 285/896/594 250/895/506 284/894/2
f 285/896/594 250/895/506 284/894/2
f 284/894/1 250/895/504 285/896/593
f 250/895/504 286/897/595 285/896/593
f 285/896/594 286/897/596 250/895/506
f 285/896/594 286/897/596 250/895/506
f 250/895/504 286/897/595 285/896/593
f 286/897/595 287/898/597 285/896/593
f 285/896/594 287/898/598 286/897/596
f 285/896/594 287/898/598 286/897/596
f 286/897/595 287/898/597 285/896/593
f 285/899/593 287/900/597 288/901/599
f 288/901/600 287/900/598 285/899/594
f 288/901/600 287/900/598 285/899/594
f 285/899/593 287/900/597 288/901/599
f 289/902/601 288/903/601 287/904/601
f 287/904/602 288/903/602 289/902/602
f 288/905/603 289/906/603 290/907/603
f 290/907/604 289/906/604 288/905/604
f 290/907/604 289/906/604 288/905/604
f 288/905/603 289/906/603 290/907/603
f 291/908/605 290/909/605 289/910/605
f 289/910/606 290/909/606 291/908/606
f 289/910/606 290/909/606 291/908/606
f 291/908/605 290/909/605 289/910/605
f 259/911/533 290/912/607 291/913/608
f 291/913/610 290/912/609 259/911/536
f 292/914/611 290/915/607 259/916/533
f 259/916/536 290/915/609 292/914/612
f 261/917/613 290/918/607 292/919/611
f 292/919/612 290/918/609 261/917/614
f 263/920/615 290/918/607 261/917/613
f 261/917/614 290/918/609 263/920/616
f 261/917/614 290/918/609 263/920/616
f 263/920/615 290/918/607 261/917/613
f 292/919/612 290/918/609 261/917/614
f 261/917/613 290/918/607 292/919/611
f 259/916/536 290/915/609 292/914/612
f 292/914/611 290/915/607 259/916/533
f 291/913/610 290/912/609 259/911/536
f 259/911/533 290/912/607 291/913/608
f 259/921/533 291/922/617 256/923/534
f 256/923/537 291/922/618 259/921/536
f 256/923/537 291/922/618 259/921/536
f 259/921/533 291/922/617 256/923/534
f 291/924/619 289/925/619 256/926/619
f 256/926/620 289/925/620 291/924/620
f 256/926/620 289/925/620 291/924/620
f 291/924/619 289/925/619 256/926/619
f 289/927/621 287/928/621 256/929/621
f 256/929/622 287/928/622 289/927/622
f 256/929/622 287/928/622 289/927/622
f 289/927/621 287/928/621 256/929/621
f 287/930/623 252/931/623 256/932/623
f 256/932/624 252/931/624 287/930/624
f 256/932/624 252/931/624 287/930/624
f 287/930/623 252/931/623 256/932/623
f 287/933/625 251/934/625 252/935/625
f 252/935/626 251/934/626 287/933/626
f 252/935/626 251/934/626 287/933/626
f 287/933/625 251/934/625 252/935/625
f 286/936/595 251/937/627 287/938/597
f 287/938/598 251/937/628 286/936/596
f 286/939/595 250/940/504 251/941/627
f 251/941/628 250/940/506 286/939/596
f 251/941/628 250/940/506 286/939/596
f 286/939/595 250/940/504 251/941/627
f 250/802/510 251/801/510 247/800/510
f 247/800/509 251/801/509 250/802/509
f 287/938/598 251/937/628 286/936/596
f 286/936/595 251/937/627 287/938/597
f 287/904/602 288/903/602 289/902/602
f 289/902/601 288/903/601 287/904/601
f 292/942/611 259/943/533 258/944/535
f 258/944/538 259/943/536 292/942/612
f 258/944/538 259/943/536 292/942/612
f 292/942/611 259/943/533 258/944/535
f 261/945/613 292/946/611 258/947/535
f 258/947/538 292/946/612 261/945/614
f 258/947/538 292/946/612 261/945/614
f 261/945/613 292/946/611 258/947/535
f 263/920/615 293/948/629 290/918/607
f 290/918/609 293/948/630 263/920/616
f 290/918/609 293/948/630 263/920/616
f 263/920/615 293/948/629 290/918/607
f 293/948/629 294/949/631 290/918/607
f 290/918/609 294/949/632 293/948/630
f 290/918/609 294/949/632 293/948/630
f 293/948/629 294/949/631 290/918/607
f 294/950/631 295/951/633 290/952/607
f 290/952/609 295/951/634 294/950/632
f 294/953/631 296/954/635 295/955/633
f 295/955/634 296/954/636 294/953/632
f 295/955/634 296/954/636 294/953/632
f 294/953/631 296/954/635 295/955/633
f 295/956/637 296/957/638 297/958/638
f 297/958/640 296/957/640 295/956/639
f 297/958/640 296/957/640 295/956/639
f 295/956/637 296/957/638 297/958/638
f 298/959/641 297/960/638 296/961/638
f 296/961/640 297/960/640 298/959/642
f 298/962/643 299/963/643 297/964/643
f 297/964/644 299/963/644 298/962/644
f 297/964/644 299/963/644 298/962/644
f 298/962/643 299/963/643 297/964/643
f 300/965/645 297/966/645 299/967/645
f 299/967/646 297/966/646 300/965/646
f 297/968/647 300/969/647 290/970/647
f 290/970/648 300/969/648 297/968/648
f 290/970/648 300/969/648 297/968/648
f 297/968/647 300/969/647 290/970/647
f 290/971/649 300/972/649 285/973/649
f 285/973/650 300/972/650 290/971/650
f 285/973/650 300/972/650 290/971/650
f 290/971/649 300/972/649 285/973/649
f 301/974/651 285/975/593 300/976/652
f 300/976/654 285/975/594 301/974/653
f 301/977/651 281/891/1 285/896/593
f 285/896/594 281/891/2 301/977/653
f 285/896/594 281/891/2 301/977/653
f 301/977/651 281/891/1 285/896/593
f 281/891/1 282/892/1 285/896/593
f 285/896/594 282/892/2 281/891/2
f 285/896/594 282/892/2 281/891/2
f 281/891/1 282/892/1 285/896/593
f 282/892/1 284/894/1 285/896/593
f 285/896/594 284/894/2 282/892/2
f 285/896/594 284/894/2 282/892/2
f 282/892/1 284/894/1 285/896/593
f 280/890/590 281/891/1 301/977/651
f 301/977/653 281/891/2 280/890/592
f 301/977/653 281/891/2 280/890/592
f 280/890/590 281/891/1 301/977/651
f 302/978/655 280/890/590 301/977/651
f 301/977/653 280/890/592 302/978/656
f 301/977/653 280/890/592 302/978/656
f 302/978/655 280/890/590 301/977/651
f 278/979/589 280/980/590 302/981/655
f 302/981/656 280/980/592 278/979/591
f 302/981/656 280/980/592 278/979/591
f 278/979/589 280/980/590 302/981/655
f 267/982/657 278/983/657 302/984/657
f 302/984/658 278/983/658 267/982/658
f 279/985/659 278/986/659 267/987/659
f 267/987/660 278/986/660 279/985/660
f 267/987/660 278/986/660 279/985/660
f 279/985/659 278/986/659 267/987/659
f 302/984/658 278/983/658 267/982/658
f 267/982/657 278/983/657 302/984/657
f 303/988/661 267/989/662 302/990/655
f 302/990/656 267/989/664 303/988/663
f 302/990/656 267/989/664 303/988/663
f 303/988/661 267/989/662 302/990/655
f 304/991/665 267/992/665 303/993/665
f 303/993/666 267/992/666 304/991/666
f 305/994/667 267/995/667 304/996/667
f 304/996/668 267/995/668 305/994/668
f 306/997/669 267/998/541 305/999/670
f 305/999/672 267/998/544 306/997/671
f 305/999/672 267/998/544 306/997/671
f 306/997/669 267/998/541 305/999/670
f 304/996/668 267/995/668 305/994/668
f 305/994/667 267/995/667 304/996/667
f 303/993/666 267/992/666 304/991/666
f 304/991/665 267/992/665 303/993/665
f 304/1000/673 303/1001/673 299/1002/673
f 299/1002/674 303/1001/674 304/1000/674
f 299/1002/674 303/1001/674 304/1000/674
f 304/1000/673 303/1001/673 299/1002/673
f 303/1003/661 302/1004/655 299/1005/675
f 299/1005/676 302/1004/656 303/1003/663
f 299/1005/676 302/1004/656 303/1003/663
f 303/1003/661 302/1004/655 299/1005/675
f 299/1006/675 302/978/655 301/977/651
f 301/977/653 302/978/656 299/1006/676
f 301/977/653 302/978/656 299/1006/676
f 299/1006/675 302/978/655 301/977/651
f 299/1007/675 301/1008/651 300/1009/652
f 300/1009/654 301/1008/653 299/1007/676
f 300/1009/654 301/1008/653 299/1007/676
f 299/1007/675 301/1008/651 300/1009/652
f 300/976/654 285/975/594 301/974/653
f 301/974/651 285/975/593 300/976/652
f 299/967/646 297/966/646 300/965/646
f 300/965/645 297/966/645 299/967/645
f 304/1010/677 299/1011/677 298/1012/677
f 298/1012/678 299/1011/678 304/1010/678
f 298/1012/678 299/1011/678 304/1010/678
f 304/1010/677 299/1011/677 298/1012/677
f 298/1013/679 305/1014/679 304/1015/679
f 304/1015/680 305/1014/680 298/1013/680
f 298/1016/681 306/1017/669 305/1018/682
f 305/1018/684 306/1017/671 298/1016/683
f 298/1019/681 307/1020/685 306/1021/669
f 306/1021/671 307/1020/686 298/1019/683
f 308/1022/687 307/1023/688 298/1024/687
f 298/1024/689 307/1023/690 308/1022/689
f 298/1024/689 307/1023/690 308/1022/689
f 308/1022/687 307/1023/688 298/1024/687
f 306/1021/671 307/1020/686 298/1019/683
f 298/1019/681 307/1020/685 306/1021/669
f 307/1025/685 309/1026/691 306/1027/669
f 306/1027/671 309/1026/692 307/1025/686
f 307/1028/685 265/1029/539 309/1030/691
f 309/1030/692 265/1029/542 307/1028/686
f 309/1030/692 265/1029/542 307/1028/686
f 307/1028/685 265/1029/539 309/1030/691
f 309/1031/691 265/839/539 267/841/541
f 267/841/544 265/839/542 309/1031/692
f 267/841/544 265/839/542 309/1031/692
f 309/1031/691 265/839/539 267/841/541
f 306/1032/669 309/1033/691 267/1034/541
f 267/1034/544 309/1033/692 306/1032/671
f 306/1027/671 309/1026/692 307/1025/686
f 307/1025/685 309/1026/691 306/1027/669
f 267/1034/544 309/1033/692 306/1032/671
f 306/1032/669 309/1033/691 267/1034/541
f 265/837/2 307/1035/2 310/1036/2
f 310/1036/1 307/1035/1 265/837/1
f 310/1036/1 307/1035/1 265/837/1
f 265/837/2 307/1035/2 310/1036/2
f 307/1035/2 308/1037/2 310/1036/2
f 310/1036/1 308/1037/1 307/1035/1
f 310/1036/1 308/1037/1 307/1035/1
f 307/1035/2 308/1037/2 310/1036/2
f 310/1038/693 308/1039/693 293/1040/693
f 293/1040/694 308/1039/694 310/1038/694
f 293/1040/694 308/1039/694 310/1038/694
f 310/1038/693 308/1039/693 293/1040/693
f 308/1041/695 296/1042/635 293/1043/629
f 293/1043/630 296/1042/636 308/1041/696
f 308/1044/687 298/1045/687 296/1046/697
f 296/1046/698 298/1045/689 308/1044/689
f 296/1046/698 298/1045/689 308/1044/689
f 308/1044/687 298/1045/687 296/1046/697
f 296/961/640 297/960/640 298/959/642
f 298/959/641 297/960/638 296/961/638
f 293/1043/630 296/1042/636 308/1041/696
f 308/1041/695 296/1042/635 293/1043/629
f 293/1047/629 296/1048/635 294/1049/631
f 294/1049/632 296/1048/636 293/1047/630
f 294/1049/632 296/1048/636 293/1047/630
f 293/1047/629 296/1048/635 294/1049/631
f 263/1050/615 310/1051/699 293/1052/629
f 293/1052/630 310/1051/700 263/1050/616
f 265/837/2 310/1036/2 263/835/2
f 263/835/1 310/1036/1 265/837/1
f 263/835/1 310/1036/1 265/837/1
f 265/837/2 310/1036/2 263/835/2
f 293/1052/630 310/1051/700 263/1050/616
f 263/1050/615 310/1051/699 293/1052/629
f 263/835/1 265/837/1 264/836/1
f 264/836/2 265/837/2 263/835/2
f 305/1018/684 306/1017/671 298/1016/683
f 298/1016/681 306/1017/669 305/1018/682
f 304/1015/680 305/1014/680 298/1013/680
f 298/1013/679 305/1014/679 304/1015/679
f 267/1053/701 311/1054/702 279/1055/702
f 279/1055/704 311/1054/704 267/1053/703
f 267/1056/541 312/1057/705 311/1058/706
f 311/1058/708 312/1057/707 267/1056/544
f 267/1059/541 268/1060/545 312/1061/705
f 312/1061/707 268/1060/546 267/1059/544
f 312/1061/707 268/1060/546 267/1059/544
f 267/1059/541 268/1060/545 312/1061/705
f 312/1062/705 268/1063/547 277/1064/709
f 277/1064/710 268/1063/550 312/1062/707
f 277/1064/710 268/1063/550 312/1062/707
f 312/1062/705 268/1063/547 277/1064/709
f 268/1065/547 269/1066/549 277/1067/709
f 277/1067/710 269/1066/552 268/1065/550
f 277/1067/710 269/1066/552 268/1065/550
f 268/1065/547 269/1066/549 277/1067/709
f 269/1068/557 273/1069/563 277/1070/711
f 277/1070/712 273/1069/564 269/1068/560
f 277/1070/712 273/1069/564 269/1068/560
f 269/1068/557 273/1069/563 277/1070/711
f 277/1071/711 273/1072/563 274/1073/565
f 274/1073/566 273/1072/564 277/1071/712
f 274/1073/566 273/1072/564 277/1071/712
f 277/1071/711 273/1072/563 274/1073/565
f 274/1074/568 275/1075/568 277/1076/713
f 277/1076/714 275/1075/570 274/1074/570
f 277/1076/714 275/1075/570 274/1074/570
f 274/1074/568 275/1075/568 277/1076/713
f 274/865/570 275/864/570 272/863/569
f 272/863/567 275/864/568 274/865/568
f 275/868/572 276/867/572 272/866/572
f 272/866/571 276/867/571 275/868/571
f 312/1077/705 277/1078/709 311/1079/706
f 311/1079/708 277/1078/710 312/1077/707
f 311/1079/708 277/1078/710 312/1077/707
f 312/1077/705 277/1078/709 311/1079/706
f 311/1080/702 277/1081/715 279/1082/702
f 279/1082/704 277/1081/716 311/1080/704
f 279/1082/704 277/1081/716 311/1080/704
f 311/1080/702 277/1081/715 279/1082/702
f 279/1055/704 311/1054/704 267/1053/703
f 267/1053/701 311/1054/702 279/1055/702
f 311/1058/708 312/1057/707 267/1056/544
f 267/1056/541 312/1057/705 311/1058/706
f 267/841/544 268/842/546 266/840/543
f 266/840/540 268/842/545 267/841/541
f 285/1083/593 288/1084/599 290/1085/717
f 290/1085/718 288/1084/600 285/1083/594
f 290/1085/718 288/1084/600 285/1083/594
f 285/1083/593 288/1084/599 290/1085/717
f 295/1086/719 297/1087/719 290/1088/719
f 290/1088/720 297/1087/720 295/1086/720
f 290/1088/720 297/1087/720 295/1086/720
f 295/1086/719 297/1087/719 290/1088/719
f 290/952/609 295/951/634 294/950/632
f 294/950/631 295/951/633 290/952/607
f 313/1089/721 229/1090/574 272/1091/573
f 272/1091/576 229/1090/577 313/1089/722
f 272/1091/576 229/1090/577 313/1089/722
f 313/1089/721 229/1090/574 272/1091/573
f 314/1092/723 229/1093/574 313/1094/721
f 313/1094/722 229/1093/577 314/1092/724
f 314/1095/723 228/1096/725 229/1097/574
f 229/1097/577 228/1096/726 314/1095/724
f 229/1097/577 228/1096/726 314/1095/724
f 314/1095/723 228/1096/725 229/1097/574
f 315/1098/727 228/1099/725 314/1100/723
f 314/1100/724 228/1099/726 315/1098/728
f 314/1100/724 228/1099/726 315/1098/728
f 315/1098/727 228/1099/725 314/1100/723
f 316/1101/729 228/1102/725 315/1103/727
f 315/1103/728 228/1102/726 316/1101/730
f 315/1103/728 228/1102/726 316/1101/730
f 316/1101/729 228/1102/725 315/1103/727
f 214/1104/731 228/1105/725 316/1106/729
f 316/1106/730 228/1105/726 214/1104/732
f 316/1106/730 228/1105/726 214/1104/732
f 214/1104/731 228/1105/725 316/1106/729
f 214/1107/731 227/1108/733 228/1109/725
f 228/1109/726 227/1108/734 214/1107/732
f 215/1110/735 227/1111/733 214/1112/731
f 214/1112/732 227/1111/734 215/1110/736
f 214/1112/732 227/1111/734 215/1110/736
f 215/1110/735 227/1111/733 214/1112/731
f 228/1109/726 227/1108/734 214/1107/732
f 214/1107/731 227/1108/733 228/1109/725
f 216/1113/737 227/1114/733 215/1115/735
f 215/1115/736 227/1114/734 216/1113/738
f 215/1115/736 227/1114/734 216/1113/738
f 216/1113/737 227/1114/733 215/1115/735
f 216/1116/737 218/1117/739 227/1118/733
f 227/1118/734 218/1117/740 216/1116/738
f 227/1118/734 218/1117/740 216/1116/738
f 216/1116/737 218/1117/739 227/1118/733
f 218/1119/739 226/1120/447 227/1121/733
f 227/1121/734 226/1120/448 218/1119/740
f 219/1122/741 226/1123/447 218/1124/739
f 218/1124/740 226/1123/448 219/1122/742
f 221/1125/445 226/1126/447 219/1127/741
f 219/1127/742 226/1126/448 221/1125/446
f 219/1127/742 226/1126/448 221/1125/446
f 221/1125/445 226/1126/447 219/1127/741
f 218/1124/740 226/1123/448 219/1122/742
f 219/1122/741 226/1123/447 218/1124/739
f 227/1121/734 226/1120/448 218/1119/740
f 218/1119/739 226/1120/447 227/1121/733
f 316/1128/743 212/1129/407 214/1130/409
f 214/1130/412 212/1129/410 316/1128/744
f 212/1131/407 316/1132/743 315/1133/745
f 315/1133/746 316/1132/744 212/1131/410
f 315/1133/746 316/1132/744 212/1131/410
f 212/1131/407 316/1132/743 315/1133/745
f 214/1130/412 212/1129/410 316/1128/744
f 316/1128/743 212/1129/407 214/1130/409
f 317/1134/747 212/1135/407 315/1136/745
f 315/1136/746 212/1135/410 317/1134/748
f 211/671/2 212/672/2 317/1137/2
f 317/1137/1 212/672/1 211/671/1
f 317/1137/1 212/672/1 211/671/1
f 211/671/2 212/672/2 317/1137/2
f 315/1136/746 212/1135/410 317/1134/748
f 317/1134/747 212/1135/407 315/1136/745
f 317/1138/747 315/1139/745 314/1140/749
f 314/1140/750 315/1139/746 317/1138/748
f 314/1140/750 315/1139/746 317/1138/748
f 317/1138/747 315/1139/745 314/1140/749
f 317/1141/747 314/1142/749 271/1143/556
f 271/1143/559 314/1142/750 317/1141/748
f 271/1143/559 314/1142/750 317/1141/748
f 317/1141/747 314/1142/749 271/1143/556
f 314/1144/749 313/1145/751 271/1146/556
f 271/1146/559 313/1145/752 314/1144/750
f 313/1094/722 229/1093/577 314/1092/724
f 314/1092/723 229/1093/574 313/1094/721
f 271/1146/559 313/1145/752 314/1144/750
f 314/1144/749 313/1145/751 271/1146/556
f 271/1147/556 313/1148/751 272/1149/561
f 272/1149/562 313/1148/752 271/1147/559
f 272/1149/562 313/1148/752 271/1147/559
f 271/1147/556 313/1148/751 272/1149/561
f 211/671/2 317/1137/2 271/850/2
f 271/850/1 317/1137/1 211/671/1
f 271/850/1 317/1137/1 211/671/1
f 211/671/2 317/1137/2 271/850/2
f 269/848/552 270/847/554 266/846/551
f 266/846/548 270/847/553 269/848/549
f 266/838/1 270/849/1 211/671/1
f 211/671/2 270/849/2 266/838/2
f 211/671/2 266/838/2 264/836/2
f 264/836/1 266/838/1 211/671/1
f 264/836/1 266/838/1 211/671/1
f 211/671/2 266/838/2 264/836/2
f 210/670/2 211/671/2 264/836/2
f 264/836/1 211/671/1 210/670/1
f 210/670/1 211/671/1 209/669/1
f 209/669/2 211/671/2 210/670/2
f 264/836/1 211/671/1 210/670/1
f 210/670/2 211/671/2 264/836/2
f 205/665/2 206/666/2 262/834/2
f 262/834/1 206/666/1 205/665/1
f 262/834/1 206/666/1 205/665/1
f 205/665/2 206/666/2 262/834/2
f 205/1150/753 262/1151/754 247/1152/489
f 247/1152/490 262/1151/756 205/1150/755
f 247/1152/490 262/1151/756 205/1150/755
f 205/1150/753 262/1151/754 247/1152/489
f 262/1151/754 318/1153/757 247/1152/489
f 247/1152/490 318/1153/758 262/1151/756
f 262/1154/754 260/1155/759 318/1156/757
f 318/1156/758 260/1155/760 262/1154/756
f 318/1156/758 260/1155/760 262/1154/756
f 262/1154/754 260/1155/759 318/1156/757
f 260/1157/761 257/1158/761 318/1159/761
f 318/1159/762 257/1158/762 260/1157/762
f 318/1159/762 257/1158/762 260/1157/762
f 260/1157/761 257/1158/761 318/1159/761
f 318/1160/757 257/1161/763 255/1162/519
f 255/1162/520 257/1161/764 318/1160/758
f 255/1162/520 257/1161/764 318/1160/758
f 318/1160/757 257/1161/763 255/1162/519
f 318/1163/757 255/1164/519 254/1165/515
f 254/1165/517 255/1164/520 318/1163/758
f 254/1165/517 255/1164/520 318/1163/758
f 318/1163/757 255/1164/519 254/1165/515
f 247/1166/489 318/1167/757 254/1168/515
f 254/1168/517 318/1167/758 247/1166/490
f 247/1152/490 318/1153/758 262/1151/756
f 262/1151/754 318/1153/757 247/1152/489
f 254/1168/517 318/1167/758 247/1166/490
f 247/1166/489 318/1167/757 254/1168/515
f 319/1169/765 205/1150/753 247/1152/489
f 247/1152/490 205/1150/755 319/1169/766
f 247/1152/490 205/1150/755 319/1169/766
f 319/1169/765 205/1150/753 247/1152/489
f 204/1170/767 205/1171/768 319/1172/767
f 319/1172/769 205/1171/770 204/1170/769
f 319/1172/769 205/1171/770 204/1170/769
f 204/1170/767 205/1171/768 319/1172/767
f 204/1173/767 319/1174/767 245/1175/771
f 245/1175/772 319/1174/769 204/1173/769
f 245/1175/772 319/1174/769 204/1173/769
f 204/1173/767 319/1174/767 245/1175/771
f 245/1176/482 319/1177/765 247/1178/489
f 247/1178/490 319/1177/766 245/1176/485
f 247/1178/490 319/1177/766 245/1176/485
f 245/1176/482 319/1177/765 247/1178/489
f 244/1179/479 204/1180/773 245/1181/774
f 245/1181/776 204/1180/775 244/1179/480
f 203/1182/777 204/1183/773 244/1184/479
f 244/1184/480 204/1183/775 203/1182/778
f 244/1184/480 204/1183/775 203/1182/778
f 203/1182/777 204/1183/773 244/1184/479
f 245/1181/776 204/1180/775 244/1179/480
f 244/1179/479 204/1180/773 245/1181/774
f 203/1185/777 244/1186/479 202/1187/779
f 202/1187/780 244/1186/480 203/1185/778
f 202/1187/780 244/1186/480 203/1185/778
f 203/1185/777 244/1186/479 202/1187/779
f 244/1188/479 239/1189/473 202/1190/779
f 202/1190/780 239/1189/476 244/1188/480
f 244/1191/479 242/1192/471 239/1193/473
f 239/1193/476 242/1192/474 244/1191/480
f 239/1193/476 242/1192/474 244/1191/480
f 244/1191/479 242/1192/471 239/1193/473
f 202/1190/780 239/1189/476 244/1188/480
f 244/1188/479 239/1189/473 202/1190/779
f 202/1194/779 239/1195/473 320/1196/781
f 320/1196/782 239/1195/476 202/1194/780
f 320/1196/782 239/1195/476 202/1194/780
f 202/1194/779 239/1195/473 320/1196/781
f 237/1197/459 320/1198/783 239/1199/460
f 239/1199/463 320/1198/784 237/1197/462
f 237/1200/459 321/1201/785 320/1202/783
f 320/1202/784 321/1201/786 237/1200/462
f 320/1202/784 321/1201/786 237/1200/462
f 237/1200/459 321/1201/785 320/1202/783
f 202/1203/779 320/1204/781 321/1205/787
f 321/1205/788 320/1204/782 202/1203/780
f 321/1205/788 320/1204/782 202/1203/780
f 202/1203/779 320/1204/781 321/1205/787
f 202/1206/779 321/1207/787 201/1208/405
f 201/1208/406 321/1207/788 202/1206/780
f 201/1208/406 321/1207/788 202/1206/780
f 202/1206/779 321/1207/787 201/1208/405
f 201/1209/405 321/1210/787 200/1211/403
f 200/1211/404 321/1210/788 201/1209/406
f 200/1211/404 321/1210/788 201/1209/406
f 201/1209/405 321/1210/787 200/1211/403
f 322/1212/789 200/1213/790 321/1214/785
f 321/1214/786 200/1213/792 322/1212/791
f 321/1214/786 200/1213/792 322/1212/791
f 322/1212/789 200/1213/790 321/1214/785
f 322/1215/789 199/1216/793 200/1217/790
f 200/1217/792 199/1216/794 322/1215/791
f 200/1217/792 199/1216/794 322/1215/791
f 322/1215/789 199/1216/793 200/1217/790
f 322/1218/789 198/1219/795 199/1220/793
f 199/1220/794 198/1219/796 322/1218/791
f 199/1220/794 198/1219/796 322/1218/791
f 322/1218/789 198/1219/795 199/1220/793
f 195/1221/385 198/1222/795 322/1223/789
f 322/1223/791 198/1222/796 195/1221/386
f 195/1224/385 197/1225/389 198/1226/795
f 198/1226/796 197/1225/390 195/1224/386
f 198/1226/796 197/1225/390 195/1224/386
f 195/1224/385 197/1225/389 198/1226/795
f 322/1223/791 198/1222/796 195/1221/386
f 195/1221/385 198/1222/795 322/1223/789
f 184/568/1 195/630/1 322/1227/1
f 322/1227/2 195/630/2 184/568/2
f 322/1227/2 195/630/2 184/568/2
f 184/568/1 195/630/1 322/1227/1
f 183/567/1 184/568/1 322/1227/1
f 322/1227/2 184/568/2 183/567/2
f 322/1227/2 184/568/2 183/567/2
f 183/567/1 184/568/1 322/1227/1
f 183/567/1 322/1227/1 237/748/455
f 237/748/456 322/1227/2 183/567/2
f 237/748/456 322/1227/2 183/567/2
f 183/567/1 322/1227/1 237/748/455
f 322/1228/789 321/1229/785 237/1230/459
f 237/1230/462 321/1229/786 322/1228/791
f 237/1230/462 321/1229/786 322/1228/791
f 322/1228/789 321/1229/785 237/1230/459
f 200/660/404 201/659/406 156/658/400
f 156/658/399 201/659/405 200/660/403
f 239/1199/463 320/1198/784 237/1197/462
f 237/1197/459 320/1198/783 239/1199/460
f 252/808/514 253/807/514 247/806/514
f 247/806/513 253/807/513 252/808/513
f 238/1231/797 243/1232/797 236/1233/797
f 236/1233/798 243/1232/798 238/1231/798
f 238/1234/799 240/1235/799 243/1236/799
f 243/1236/800 240/1235/800 238/1234/800
f 243/1236/800 240/1235/800 238/1234/800
f 238/1234/799 240/1235/799 243/1236/799
f 243/1237/801 240/1238/467 241/1239/467
f 241/1239/469 240/1238/469 243/1237/802
f 241/1239/469 240/1238/469 243/1237/802
f 243/1237/801 240/1238/467 241/1239/467
f 241/766/475 243/765/478 242/764/474
f 242/764/471 243/765/477 241/766/472
f 236/1233/798 243/1232/798 238/1231/798
f 238/1231/797 243/1232/797 236/1233/797
f 176/560/2 178/562/2 177/561/2
f 177/561/1 178/562/1 176/560/1
f 175/559/2 176/560/2 172/555/2
f 172/555/1 176/560/1 175/559/1
f 166/1240/435 167/1241/335 171/1242/341
f 171/1242/342 167/1241/338 166/1240/437
f 171/1242/342 167/1241/338 166/1240/437
f 166/1240/435 167/1241/335 171/1242/341
f 162/532/2 165/535/2 223/706/2
f 223/706/1 165/535/1 162/532/1
f 223/706/1 165/535/1 162/532/1
f 162/532/2 165/535/2 223/706/2
f 162/532/2 217/696/2 213/673/2
f 213/673/1 217/696/1 162/532/1
f 213/673/1 217/696/1 162/532/1
f 162/532/2 217/696/2 213/673/2
f 207/667/2 159/529/2 209/669/2
f 209/669/1 159/529/1 207/667/1
f 158/528/2 159/529/2 207/667/2
f 207/667/1 159/529/1 158/528/1
f 207/667/1 159/529/1 158/528/1
f 158/528/2 159/529/2 207/667/2
f 209/669/1 159/529/1 207/667/1
f 207/667/2 159/529/2 209/669/2
f 157/527/2 158/528/2 207/667/2
f 207/667/1 158/528/1 157/527/1
f 157/527/1 158/528/1 116/417/1
f 116/417/2 158/528/2 157/527/2
f 207/667/1 158/528/1 157/527/1
f 157/527/2 158/528/2 207/667/2
f 192/1243/369 154/1244/367 196/1245/391
f 196/1245/394 154/1244/368 192/1243/370
f 196/1245/394 154/1244/368 192/1243/370
f 192/1243/369 154/1244/367 196/1245/391
f 192/609/376 191/608/375 193/607/374
f 193/607/371 191/608/372 192/609/373
f 184/568/2 185/569/2 141/464/2
f 141/464/1 185/569/1 184/568/1
f 150/520/320 151/519/322 148/518/316
f 148/518/315 151/519/321 150/520/319
f 186/1246/343 147/1247/803 149/1248/344
f 149/1248/347 147/1247/804 186/1246/346
f 186/1249/343 146/1250/805 147/1251/803
f 147/1251/804 146/1250/806 186/1249/346
f 143/1252/299 146/1253/805 186/1254/343
f 186/1254/346 146/1253/806 143/1252/300
f 186/1254/346 146/1253/806 143/1252/300
f 143/1252/299 146/1253/805 186/1254/343
f 147/1251/804 146/1250/806 186/1249/346
f 186/1249/343 146/1250/805 147/1251/803
f 149/1248/347 147/1247/804 186/1246/346
f 186/1246/343 147/1247/803 149/1248/344
f 143/1255/299 145/1256/303 146/1257/805
f 146/1257/806 145/1256/304 143/1255/300
f 146/1257/806 145/1256/304 143/1255/300
f 143/1255/299 145/1256/303 146/1257/805
f 141/464/1 143/1258/1 186/570/1
f 186/570/2 143/1258/2 141/464/2
f 142/465/1 143/1258/1 141/464/1
f 141/464/2 143/1258/2 142/465/2
f 141/464/2 143/1258/2 142/465/2
f 142/465/1 143/1258/1 141/464/1
f 186/570/2 143/1258/2 141/464/2
f 141/464/1 143/1258/1 186/570/1
f 141/464/2 142/465/2 96/371/2
f 96/371/1 142/465/1 141/464/1
f 130/442/1 131/441/1 179/563/1
f 179/563/2 131/441/2 130/442/2
f 179/563/2 131/441/2 130/442/2
f 130/442/1 131/441/1 179/563/1
f 130/442/2 131/441/2 129/440/2
f 129/440/1 131/441/1 130/442/1
f 131/441/2 132/443/2 129/440/2
f 129/440/1 132/443/1 131/441/1
f 129/446/273 132/445/280 133/444/279
f 133/444/277 132/445/278 129/446/270
f 133/449/279 132/448/280 134/447/282
f 134/447/281 132/448/278 133/449/277
f 133/1259/807 124/1260/808 134/1261/809
f 134/1261/812 124/1260/811 133/1259/810
f 323/1262/813 124/1263/808 133/1264/807
f 133/1264/810 124/1263/811 323/1262/814
f 133/1264/810 124/1263/811 323/1262/814
f 323/1262/813 124/1263/808 133/1264/807
f 134/1261/812 124/1260/811 133/1259/810
f 133/1259/807 124/1260/808 134/1261/809
f 124/1265/808 43/1266/67 134/1267/809
f 134/1267/812 43/1266/69 124/1265/811
f 134/1267/812 43/1266/69 124/1265/811
f 124/1265/808 43/1266/67 134/1267/809
f 134/1268/809 43/1269/67 135/1270/815
f 135/1270/816 43/1269/69 134/1268/812
f 135/1270/816 43/1269/69 134/1268/812
f 134/1268/809 43/1269/67 135/1270/815
f 135/1271/815 43/1272/67 44/1273/68
f 44/1273/70 43/1272/69 135/1271/816
f 44/1273/70 43/1272/69 135/1271/816
f 135/1271/815 43/1272/67 44/1273/68
f 125/1274/262 124/1275/808 323/1276/813
f 323/1276/814 124/1275/811 125/1274/265
f 323/1276/814 124/1275/811 125/1274/265
f 125/1274/262 124/1275/808 323/1276/813
f 128/1277/267 125/1278/262 323/1279/813
f 323/1279/814 125/1278/265 128/1277/268
f 323/1279/814 125/1278/265 128/1277/268
f 128/1277/267 125/1278/262 323/1279/813
f 323/1280/817 129/1281/270 128/1282/269
f 128/1282/272 129/1281/273 323/1280/818
f 128/1282/272 129/1281/273 323/1280/818
f 323/1280/817 129/1281/270 128/1282/269
f 323/1283/817 133/1284/277 129/1285/270
f 129/1285/273 133/1284/279 323/1283/818
f 129/1285/273 133/1284/279 323/1283/818
f 323/1283/817 133/1284/277 129/1285/270
f 324/1286/819 130/1287/275 179/1288/820
f 179/1288/822 130/1287/276 324/1286/821
f 179/1288/822 130/1287/276 324/1286/821
f 324/1286/819 130/1287/275 179/1288/820
f 325/1289/823 130/1290/275 324/1291/819
f 324/1291/821 130/1290/276 325/1289/824
f 324/1291/821 130/1290/276 325/1289/824
f 325/1289/823 130/1290/275 324/1291/819
f 325/1292/823 127/1293/271 130/1294/275
f 130/1294/276 127/1293/274 325/1292/824
f 325/1295/825 126/1296/261 127/1297/263
f 127/1297/266 126/1296/264 325/1295/826
f 127/1297/266 126/1296/264 325/1295/826
f 325/1295/825 126/1296/261 127/1297/263
f 326/1298/827 126/1299/261 325/1300/825
f 325/1300/826 126/1299/264 326/1298/828
f 126/427/2 326/1301/2 123/424/2
f 123/424/1 326/1301/1 126/427/1
f 123/424/1 326/1301/1 126/427/1
f 126/427/2 326/1301/2 123/424/2
f 123/424/2 326/1301/2 327/1302/2
f 327/1302/1 326/1301/1 123/424/1
f 327/1302/1 326/1301/1 123/424/1
f 123/424/2 326/1301/2 327/1302/2
f 327/1303/829 326/1304/827 328/1305/830
f 328/1305/832 326/1304/828 327/1303/831
f 328/1305/832 326/1304/828 327/1303/831
f 327/1303/829 326/1304/827 328/1305/830
f 328/1306/830 326/1307/827 324/1308/833
f 324/1308/834 326/1307/828 328/1306/832
f 324/1308/834 326/1307/828 328/1306/832
f 328/1306/830 326/1307/827 324/1308/833
f 326/1309/827 325/1310/825 324/1311/833
f 324/1311/834 325/1310/826 326/1309/828
f 324/1311/834 325/1310/826 326/1309/828
f 326/1309/827 325/1310/825 324/1311/833
f 325/1300/826 126/1299/264 326/1298/828
f 326/1298/827 126/1299/261 325/1300/825
f 328/1312/835 324/1313/819 179/1314/820
f 179/1314/822 324/1313/821 328/1312/836
f 179/1314/822 324/1313/821 328/1312/836
f 328/1312/835 324/1313/819 179/1314/820
f 328/1315/835 179/1316/820 329/1317/837
f 329/1317/838 179/1316/822 328/1315/836
f 329/1317/838 179/1316/822 328/1315/836
f 328/1315/835 179/1316/820 329/1317/837
f 329/1318/837 179/1319/820 330/1320/839
f 330/1320/840 179/1319/822 329/1318/838
f 330/1320/840 179/1319/822 329/1318/838
f 329/1318/837 179/1319/820 330/1320/839
f 330/1321/839 179/1322/820 331/1323/841
f 331/1323/842 179/1322/822 330/1321/840
f 331/1323/842 179/1322/822 330/1321/840
f 330/1321/839 179/1322/820 331/1323/841
f 331/1324/1 179/563/1 177/561/1
f 177/561/2 179/563/2 331/1324/2
f 177/561/2 179/563/2 331/1324/2
f 331/1324/1 179/563/1 177/561/1
f 331/1324/1 177/561/1 332/1325/1
f 332/1325/2 177/561/2 331/1324/2
f 332/1325/2 177/561/2 331/1324/2
f 331/1324/1 177/561/1 332/1325/1
f 332/1325/1 177/561/1 333/1326/1
f 333/1326/2 177/561/2 332/1325/2
f 333/1326/2 177/561/2 332/1325/2
f 332/1325/1 177/561/1 333/1326/1
f 333/1326/1 177/561/1 172/555/1
f 172/555/2 177/561/2 333/1326/2
f 172/555/2 177/561/2 333/1326/2
f 333/1326/1 177/561/1 172/555/1
f 334/1327/1 333/1326/1 172/555/1
f 172/555/2 333/1326/2 334/1327/2
f 335/1328/843 333/1329/844 334/1330/845
f 334/1330/848 333/1329/847 335/1328/846
f 334/1330/848 333/1329/847 335/1328/846
f 335/1328/843 333/1329/844 334/1330/845
f 172/555/2 333/1326/2 334/1327/2
f 334/1327/1 333/1326/1 172/555/1
f 334/1327/1 172/555/1 169/554/1
f 169/554/2 172/555/2 334/1327/2
f 169/554/2 172/555/2 334/1327/2
f 334/1327/1 172/555/1 169/554/1
f 170/1331/339 334/1332/845 169/1333/334
f 169/1333/337 334/1332/848 170/1331/340
f 336/1334/849 334/1335/845 170/1336/339
f 170/1336/340 334/1335/848 336/1334/850
f 170/1336/340 334/1335/848 336/1334/850
f 336/1334/849 334/1335/845 170/1336/339
f 169/1333/337 334/1332/848 170/1331/340
f 170/1331/339 334/1332/845 169/1333/334
f 337/1337/851 334/1338/845 336/1339/849
f 336/1339/850 334/1338/848 337/1337/852
f 336/1339/850 334/1338/848 337/1337/852
f 337/1337/851 334/1338/845 336/1339/849
f 337/1340/851 335/1341/843 334/1342/845
f 334/1342/848 335/1341/846 337/1340/852
f 337/1343/853 338/1344/854 335/1345/855
f 335/1345/858 338/1344/857 337/1343/856
f 336/1346/859 338/1347/854 337/1348/853
f 337/1348/856 338/1347/857 336/1346/860
f 337/1348/856 338/1347/857 336/1346/860
f 336/1346/859 338/1347/854 337/1348/853
f 335/1345/858 338/1344/857 337/1343/856
f 337/1343/853 338/1344/854 335/1345/855
f 338/1349/854 339/1350/861 335/1351/855
f 335/1351/858 339/1350/862 338/1349/857
f 161/531/2 339/1352/2 338/1353/2
f 338/1353/1 339/1352/1 161/531/1
f 338/1353/1 339/1352/1 161/531/1
f 161/531/2 339/1352/2 338/1353/2
f 335/1351/858 339/1350/862 338/1349/857
f 338/1349/854 339/1350/861 335/1351/855
f 335/1354/855 339/1355/861 340/1356/863
f 340/1356/864 339/1355/862 335/1354/858
f 340/1356/864 339/1355/862 335/1354/858
f 335/1354/855 339/1355/861 340/1356/863
f 340/1357/863 339/1358/861 341/1359/865
f 341/1359/866 339/1358/862 340/1357/864
f 341/1359/866 339/1358/862 340/1357/864
f 340/1357/863 339/1358/861 341/1359/865
f 339/1360/861 342/1361/867 341/1362/865
f 341/1362/866 342/1361/868 339/1360/862
f 341/1362/866 342/1361/868 339/1360/862
f 339/1360/861 342/1361/867 341/1362/865
f 341/1363/865 342/1364/867 343/1365/869
f 343/1365/870 342/1364/868 341/1363/866
f 343/1365/870 342/1364/868 341/1363/866
f 341/1363/865 342/1364/867 343/1365/869
f 342/1366/867 344/1367/871 343/1368/869
f 343/1368/870 344/1367/872 342/1366/868
f 343/1368/870 344/1367/872 342/1366/868
f 342/1366/867 344/1367/871 343/1368/869
f 343/1369/869 344/1370/871 345/1371/873
f 345/1371/874 344/1370/872 343/1369/870
f 345/1371/874 344/1370/872 343/1369/870
f 343/1369/869 344/1370/871 345/1371/873
f 345/1372/873 344/1373/871 346/1374/875
f 346/1374/876 344/1373/872 345/1372/874
f 346/1374/876 344/1373/872 345/1372/874
f 345/1372/873 344/1373/871 346/1374/875
f 344/1375/871 347/1376/877 346/1377/875
f 346/1377/876 347/1376/878 344/1375/872
f 346/1377/876 347/1376/878 344/1375/872
f 344/1375/871 347/1376/877 346/1377/875
f 346/1378/875 347/1379/877 348/1380/879
f 348/1380/880 347/1379/878 346/1378/876
f 348/1380/880 347/1379/878 346/1378/876
f 346/1378/875 347/1379/877 348/1380/879
f 348/1381/879 347/1382/877 330/1383/881
f 330/1383/882 347/1382/878 348/1381/880
f 330/1383/882 347/1382/878 348/1381/880
f 348/1381/879 347/1382/877 330/1383/881
f 347/1384/877 327/1385/829 330/1386/881
f 330/1386/882 327/1385/831 347/1384/878
f 330/1386/882 327/1385/831 347/1384/878
f 347/1384/877 327/1385/829 330/1386/881
f 330/1387/881 327/1388/829 329/1389/883
f 329/1389/884 327/1388/831 330/1387/882
f 329/1389/884 327/1388/831 330/1387/882
f 330/1387/881 327/1388/829 329/1389/883
f 329/1390/883 327/1391/829 328/1392/830
f 328/1392/832 327/1391/831 329/1390/884
f 328/1392/832 327/1391/831 329/1390/884
f 329/1390/883 327/1391/829 328/1392/830
f 123/424/2 327/1302/2 347/1393/2
f 347/1393/1 327/1302/1 123/424/1
f 347/1393/1 327/1302/1 123/424/1
f 123/424/2 327/1302/2 347/1393/2
f 123/424/2 347/1393/2 161/531/2
f 161/531/1 347/1393/1 123/424/1
f 161/531/1 347/1393/1 123/424/1
f 123/424/2 347/1393/2 161/531/2
f 347/1393/2 344/1394/2 161/531/2
f 161/531/1 344/1394/1 347/1393/1
f 161/531/1 344/1394/1 347/1393/1
f 347/1393/2 344/1394/2 161/531/2
f 344/1394/2 342/1395/2 161/531/2
f 161/531/1 342/1395/1 344/1394/1
f 161/531/1 342/1395/1 344/1394/1
f 344/1394/2 342/1395/2 161/531/2
f 161/531/2 342/1395/2 339/1352/2
f 339/1352/1 342/1395/1 161/531/1
f 339/1352/1 342/1395/1 161/531/1
f 161/531/2 342/1395/2 339/1352/2
f 122/423/2 123/424/2 161/531/2
f 161/531/1 123/424/1 122/423/1
f 122/423/1 123/424/1 121/422/1
f 121/422/2 123/424/2 122/423/2
f 161/531/1 123/424/1 122/423/1
f 122/423/2 123/424/2 161/531/2
f 348/1396/885 330/1397/839 331/1398/841
f 331/1398/842 330/1397/840 348/1396/886
f 331/1398/842 330/1397/840 348/1396/886
f 348/1396/885 330/1397/839 331/1398/841
f 348/1399/885 331/1400/841 346/1401/887
f 346/1401/888 331/1400/842 348/1399/886
f 346/1401/888 331/1400/842 348/1399/886
f 348/1399/885 331/1400/841 346/1401/887
f 346/1402/887 331/1403/841 332/1404/889
f 332/1404/890 331/1403/842 346/1402/888
f 332/1404/890 331/1403/842 346/1402/888
f 346/1402/887 331/1403/841 332/1404/889
f 345/1405/891 346/1406/887 332/1407/889
f 332/1407/890 346/1406/888 345/1405/892
f 332/1407/890 346/1406/888 345/1405/892
f 345/1405/891 346/1406/887 332/1407/889
f 345/1408/891 332/1409/889 343/1410/893
f 343/1410/894 332/1409/890 345/1408/892
f 343/1410/894 332/1409/890 345/1408/892
f 345/1408/891 332/1409/889 343/1410/893
f 343/1411/893 332/1412/889 341/1413/895
f 341/1413/896 332/1412/890 343/1411/894
f 341/1413/896 332/1412/890 343/1411/894
f 343/1411/893 332/1412/889 341/1413/895
f 341/1414/895 332/1415/889 333/1416/844
f 333/1416/847 332/1415/890 341/1414/896
f 333/1416/847 332/1415/890 341/1414/896
f 341/1414/895 332/1415/889 333/1416/844
f 341/1417/895 333/1418/844 340/1419/897
f 340/1419/898 333/1418/847 341/1417/896
f 340/1419/898 333/1418/847 341/1417/896
f 341/1417/895 333/1418/844 340/1419/897
f 340/1420/897 333/1421/844 335/1422/843
f 335/1422/846 333/1421/847 340/1420/898
f 335/1422/846 333/1421/847 340/1420/898
f 340/1420/897 333/1421/844 335/1422/843
f 161/531/2 338/1353/2 163/533/2
f 163/533/1 338/1353/1 161/531/1
f 163/533/1 338/1353/1 161/531/1
f 161/531/2 338/1353/2 163/533/2
f 163/1423/899 338/1424/854 336/1425/859
f 336/1425/860 338/1424/857 163/1423/900
f 336/1425/860 338/1424/857 163/1423/900
f 163/1423/899 338/1424/854 336/1425/859
f 163/1426/899 336/1427/859 170/1428/901
f 170/1428/902 336/1427/860 163/1426/900
f 170/1428/902 336/1427/860 163/1426/900
f 163/1426/899 336/1427/859 170/1428/901
f 168/1429/331 163/1430/899 170/1431/901
f 170/1431/902 163/1430/900 168/1429/332
f 170/1431/902 163/1430/900 168/1429/332
f 168/1429/331 163/1430/899 170/1431/901
f 164/1432/324 163/1433/899 168/1434/331
f 168/1434/332 163/1433/900 164/1432/327
f 168/1434/332 163/1433/900 164/1432/327
f 164/1432/324 163/1433/899 168/1434/331
f 334/1342/848 335/1341/846 337/1340/852
f 337/1340/851 335/1341/843 334/1342/845
f 123/424/1 126/427/1 125/426/1
f 125/426/2 126/427/2 123/424/2
f 130/1294/276 127/1293/274 325/1292/824
f 325/1292/823 127/1293/271 130/1294/275
f 116/417/1 117/418/1 115/416/1
f 115/416/2 117/418/2 116/417/2
f 110/410/258 111/409/260 109/408/256
f 109/408/255 111/409/259 110/410/257
f 44/1435/285 45/1436/73 46/1437/75
f 46/1437/78 45/1436/76 44/1435/286
f 46/1437/78 45/1436/76 44/1435/286
f 44/1435/285 45/1436/73 46/1437/75
f 119/420/2 35/63/2 121/422/2
f 121/422/1 35/63/1 119/420/1
f 26/48/2 35/63/2 119/420/2
f 119/420/1 35/63/1 26/48/1
f 119/420/1 35/63/1 26/48/1
f 26/48/2 35/63/2 119/420/2
f 121/422/1 35/63/1 119/420/1
f 119/420/2 35/63/2 121/422/2
f 118/419/2 26/48/2 119/420/2
f 119/420/1 26/48/1 118/419/1
f 14/26/2 26/48/2 118/419/2
f 118/419/1 26/48/1 14/26/1
f 118/419/1 26/48/1 14/26/1
f 14/26/2 26/48/2 118/419/2
f 119/420/1 26/48/1 118/419/1
f 118/419/2 26/48/2 119/420/2
f 13/25/2 14/26/2 118/419/2
f 118/419/1 14/26/1 13/25/1
f 118/419/1 14/26/1 13/25/1
f 13/25/2 14/26/2 118/419/2
f 13/25/1 14/26/1 12/24/1
f 12/24/2 14/26/2 13/25/2
f 13/25/2 118/419/2 115/416/2
f 115/416/1 118/419/1 13/25/1
f 115/416/1 118/419/1 13/25/1
f 13/25/2 118/419/2 115/416/2
f 112/412/2 13/25/2 115/416/2
f 115/416/1 13/25/1 112/412/1
f 11/23/2 13/25/2 112/412/2
f 112/412/1 13/25/1 11/23/1
f 112/412/1 13/25/1 11/23/1
f 11/23/2 13/25/2 112/412/2
f 115/416/1 13/25/1 112/412/1
f 112/412/2 13/25/2 115/416/2
f 102/1438/2 11/23/2 112/412/2
f 112/412/1 11/23/1 102/1438/1
f 349/1439/2 11/23/2 102/1438/2
f 102/1438/1 11/23/1 349/1439/1
f 350/1440/2 11/23/2 349/1439/2
f 349/1439/1 11/23/1 350/1440/1
f 350/1440/2 351/1441/2 11/23/2
f 11/23/1 351/1441/1 350/1440/1
f 11/23/1 351/1441/1 350/1440/1
f 350/1440/2 351/1441/2 11/23/2
f 351/1441/2 352/1442/2 11/23/2
f 11/23/1 352/1442/1 351/1441/1
f 11/23/1 352/1442/1 351/1441/1
f 351/1441/2 352/1442/2 11/23/2
f 352/1442/2 10/21/2 11/23/2
f 11/23/1 10/21/1 352/1442/1
f 11/23/1 10/21/1 352/1442/1
f 352/1442/2 10/21/2 11/23/2
f 10/1443/19 352/1444/903 353/1445/904
f 353/1445/906 352/1444/905 10/1443/20
f 353/1445/906 352/1444/905 10/1443/20
f 10/1443/19 352/1444/903 353/1445/904
f 353/1446/904 352/1447/903 354/1448/907
f 354/1448/908 352/1447/905 353/1446/906
f 354/1448/908 352/1447/905 353/1446/906
f 353/1446/904 352/1447/903 354/1448/907
f 354/1449/907 352/1450/903 355/1451/909
f 355/1451/910 352/1450/905 354/1449/908
f 355/1451/910 352/1450/905 354/1449/908
f 354/1449/907 352/1450/903 355/1451/909
f 352/1452/903 351/1453/911 355/1454/909
f 355/1454/910 351/1453/912 352/1452/905
f 355/1454/910 351/1453/912 352/1452/905
f 352/1452/903 351/1453/911 355/1454/909
f 355/1455/909 351/1456/911 356/1457/913
f 356/1457/914 351/1456/912 355/1455/910
f 356/1457/914 351/1456/912 355/1455/910
f 355/1455/909 351/1456/911 356/1457/913
f 351/1458/911 350/1459/915 356/1460/913
f 356/1460/914 350/1459/916 351/1458/912
f 356/1460/914 350/1459/916 351/1458/912
f 351/1458/911 350/1459/915 356/1460/913
f 356/1461/913 350/1462/915 357/1463/917
f 357/1463/918 350/1462/916 356/1461/914
f 357/1463/918 350/1462/916 356/1461/914
f 356/1461/913 350/1462/915 357/1463/917
f 357/1464/917 350/1465/915 358/1466/919
f 358/1466/920 350/1465/916 357/1464/918
f 358/1466/920 350/1465/916 357/1464/918
f 357/1464/917 350/1465/915 358/1466/919
f 350/1467/915 349/1468/921 358/1469/919
f 358/1469/920 349/1468/922 350/1467/916
f 358/1469/920 349/1468/922 350/1467/916
f 350/1467/915 349/1468/921 358/1469/919
f 358/1470/919 349/1471/921 359/1472/923
f 359/1472/924 349/1471/922 358/1470/920
f 359/1472/924 349/1471/922 358/1470/920
f 358/1470/919 349/1471/921 359/1472/923
f 359/1473/923 349/1474/921 360/1475/925
f 360/1475/926 349/1474/922 359/1473/924
f 360/1475/926 349/1474/922 359/1473/924
f 359/1473/923 349/1474/921 360/1475/925
f 349/1476/921 102/1477/237 360/1478/925
f 360/1478/926 102/1477/240 349/1476/922
f 102/1438/1 11/23/1 349/1439/1
f 349/1439/2 11/23/2 102/1438/2
f 112/412/1 11/23/1 102/1438/1
f 102/1438/2 11/23/2 112/412/2
f 103/1479/2 102/1438/2 112/412/2
f 112/412/1 102/1438/1 103/1479/1
f 112/412/1 102/1438/1 103/1479/1
f 103/1479/2 102/1438/2 112/412/2
f 106/1480/2 103/1479/2 112/412/2
f 112/412/1 103/1479/1 106/1480/1
f 112/412/1 103/1479/1 106/1480/1
f 106/1480/2 103/1479/2 112/412/2
f 106/1480/2 112/412/2 109/411/2
f 109/411/1 112/412/1 106/1480/1
f 109/411/1 112/412/1 106/1480/1
f 106/1480/2 112/412/2 109/411/2
f 349/1439/1 11/23/1 350/1440/1
f 350/1440/2 11/23/2 349/1439/2
f 360/1478/926 102/1477/240 349/1476/922
f 349/1476/921 102/1477/237 360/1478/925
f 360/1481/925 102/1482/237 101/1483/239
f 101/1483/242 102/1482/240 360/1481/926
f 101/1483/242 102/1482/240 360/1481/926
f 360/1481/925 102/1482/237 101/1483/239
f 101/383/242 100/382/241 102/381/240
f 102/381/237 100/382/238 101/383/239
f 360/1484/927 101/1485/235 98/1486/229
f 98/1486/232 101/1485/236 360/1484/928
f 98/1486/232 101/1485/236 360/1484/928
f 360/1484/927 101/1485/235 98/1486/229
f 97/1487/929 360/1488/927 98/1489/229
f 98/1489/232 360/1488/928 97/1487/930
f 97/1490/929 359/1491/931 360/1492/927
f 360/1492/928 359/1491/932 97/1490/930
f 97/1493/929 358/1494/933 359/1495/931
f 359/1495/932 358/1494/934 97/1493/930
f 359/1495/932 358/1494/934 97/1493/930
f 97/1493/929 358/1494/933 359/1495/931
f 357/1496/935 358/1497/933 97/1498/929
f 97/1498/930 358/1497/934 357/1496/936
f 97/1498/930 358/1497/934 357/1496/936
f 357/1496/935 358/1497/933 97/1498/929
f 361/1499/937 357/1500/935 97/1501/929
f 97/1501/930 357/1500/936 361/1499/938
f 97/1501/930 357/1500/936 361/1499/938
f 361/1499/937 357/1500/935 97/1501/929
f 361/1502/937 356/1503/939 357/1504/935
f 357/1504/936 356/1503/940 361/1502/938
f 355/1505/941 356/1506/939 361/1507/937
f 361/1507/938 356/1506/940 355/1505/942
f 361/1507/938 356/1506/940 355/1505/942
f 355/1505/941 356/1506/939 361/1507/937
f 357/1504/936 356/1503/940 361/1502/938
f 361/1502/937 356/1503/939 357/1504/935
f 362/1508/943 355/1509/941 361/1510/937
f 361/1510/938 355/1509/942 362/1508/944
f 362/1511/943 354/1512/945 355/1513/941
f 355/1513/942 354/1512/946 362/1511/944
f 362/1514/943 353/1515/947 354/1516/945
f 354/1516/946 353/1515/948 362/1514/944
f 354/1516/946 353/1515/948 362/1514/944
f 362/1514/943 353/1515/947 354/1516/945
f 363/1517/949 353/1518/947 362/1519/943
f 362/1519/944 353/1518/948 363/1517/950
f 362/1519/944 353/1518/948 363/1517/950
f 363/1517/949 353/1518/947 362/1519/943
f 363/1520/951 10/1521/19 353/1522/904
f 353/1522/906 10/1521/20 363/1520/952
f 7/1523/13 10/1524/19 363/1525/951
f 363/1525/952 10/1524/20 7/1523/16
f 363/1525/952 10/1524/20 7/1523/16
f 7/1523/13 10/1524/19 363/1525/951
f 353/1522/906 10/1521/20 363/1520/952
f 363/1520/951 10/1521/19 353/1522/904
f 7/20/16 10/19/20 8/18/15
f 8/18/12 10/19/19 7/20/13
f 5/1526/5 7/1527/9 363/1528/949
f 363/1528/950 7/1527/10 5/1526/8
f 5/11/8 7/10/10 6/9/7
f 6/9/4 7/10/9 5/11/5
f 363/1528/950 7/1527/10 5/1526/8
f 5/1526/5 7/1527/9 363/1528/949
f 5/1529/5 363/1530/949 362/1531/943
f 362/1531/944 363/1530/950 5/1529/8
f 362/1531/944 363/1530/950 5/1529/8
f 5/1529/5 363/1530/949 362/1531/943
f 5/5/1 362/1532/1 4/4/1
f 4/4/2 362/1532/2 5/5/2
f 4/4/2 362/1532/2 5/5/2
f 5/5/1 362/1532/1 4/4/1
f 4/4/1 362/1532/1 361/1533/1
f 361/1533/2 362/1532/2 4/4/2
f 361/1533/2 362/1532/2 4/4/2
f 4/4/1 362/1532/1 361/1533/1
f 361/1510/938 355/1509/942 362/1508/944
f 362/1508/943 355/1509/941 361/1510/937
f 355/1513/942 354/1512/946 362/1511/944
f 362/1511/943 354/1512/945 355/1513/941
f 4/4/1 361/1533/1 97/372/1
f 97/372/2 361/1533/2 4/4/2
f 97/372/2 361/1533/2 4/4/2
f 4/4/1 361/1533/1 97/372/1
f 4/4/2 5/5/2 2/2/2
f 2/2/1 5/5/1 4/4/1
f 360/1492/928 359/1491/932 97/1490/930
f 97/1490/929 359/1491/931 360/1492/927
f 98/1489/232 360/1488/928 97/1487/930
f 97/1487/929 360/1488/927 98/1489/229
f 82/1534/177 79/1535/159 78/1536/160
f 78/1536/162 79/1535/161 82/1534/179
f 78/1536/162 79/1535/161 82/1534/179
f 82/1534/177 79/1535/159 78/1536/160
f 364/1537/953 38/1538/81 49/1539/83
f 49/1539/86 38/1538/84 364/1537/954
f 364/1540/955 37/1541/56 38/1542/55
f 38/1542/58 37/1541/59 364/1540/956
f 364/1543/955 365/1544/957 37/1545/56
f 37/1545/59 365/1544/958 364/1543/956
f 37/1545/59 365/1544/958 364/1543/956
f 364/1543/955 365/1544/957 37/1545/56
f 365/1546/957 39/1547/959 37/1548/56
f 37/1548/59 39/1547/960 365/1546/958
f 366/1549/961 39/1550/959 365/1551/957
f 365/1551/958 39/1550/960 366/1549/962
f 365/1551/958 39/1550/960 366/1549/962
f 366/1549/961 39/1550/959 365/1551/957
f 37/1548/59 39/1547/960 365/1546/958
f 365/1546/957 39/1547/959 37/1548/56
f 366/1552/961 40/1553/63 39/1554/959
f 39/1554/960 40/1553/66 366/1552/962
f 367/1555/963 40/1556/63 366/1557/961
f 366/1557/962 40/1556/66 367/1555/964
f 366/1557/962 40/1556/66 367/1555/964
f 367/1555/963 40/1556/63 366/1557/961
f 39/1554/960 40/1553/66 366/1552/962
f 366/1552/961 40/1553/63 39/1554/959
f 42/1558/61 40/1559/63 367/1560/963
f 367/1560/964 40/1559/66 42/1558/64
f 367/1560/964 40/1559/66 42/1558/64
f 42/1558/61 40/1559/63 367/1560/963
f 367/1561/965 47/1562/79 42/1563/74
f 42/1563/77 47/1562/80 367/1561/966
f 42/1563/77 47/1562/80 367/1561/966
f 367/1561/965 47/1562/79 42/1563/74
f 367/1564/965 366/1565/967 47/1566/79
f 47/1566/80 366/1565/968 367/1564/966
f 47/1566/80 366/1565/968 367/1564/966
f 367/1564/965 366/1565/967 47/1566/79
f 366/1567/967 49/1568/83 47/1569/79
f 47/1569/80 49/1568/86 366/1567/968
f 365/1570/969 49/1571/83 366/1572/967
f 366/1572/968 49/1571/86 365/1570/970
f 366/1572/968 49/1571/86 365/1570/970
f 365/1570/969 49/1571/83 366/1572/967
f 47/1569/80 49/1568/86 366/1567/968
f 366/1567/967 49/1568/83 47/1569/79
f 365/1573/969 364/1574/953 49/1575/83
f 49/1575/86 364/1574/954 365/1573/970
f 49/1575/86 364/1574/954 365/1573/970
f 365/1573/969 364/1574/953 49/1575/83
f 49/1539/86 38/1538/84 364/1537/954
f 364/1537/953 38/1538/81 49/1539/83
f 38/1542/58 37/1541/59 364/1540/956
f 364/1540/955 37/1541/56 38/1542/55
