# SSTK version 0.8.0
# 24
mtllib original-24.mtl
o Component_17_1/Component_17/mesh111/mesh111-geometry#mesh111-geometry
v -0.343901 0.113869 -0.106159
v -0.344775 0.140040 -0.171052
v -0.343901 0.140005 -0.171066
v -0.344775 0.113905 -0.106146
v -0.344746 0.141326 -0.173332
v 0.354599 0.140005 -0.171066
v -0.343897 0.113545 -0.104896
v -0.345643 0.140146 -0.171009
v -0.343894 0.141291 -0.173346
v -0.345583 0.141428 -0.173291
v 0.354599 0.113869 -0.106159
v 0.354592 0.141291 -0.173346
v -0.344760 0.113580 -0.104883
v 0.354595 0.113545 -0.104896
v -0.345643 0.114012 -0.106107
v -0.344658 0.143156 -0.175202
v -0.345409 0.143247 -0.175165
v 0.355473 0.140040 -0.171052
v 0.355443 0.141326 -0.173332
v -0.343887 0.113564 -0.103602
v 0.354585 0.113564 -0.103602
v -0.346497 0.140322 -0.170938
v -0.346409 0.141598 -0.173222
v -0.343872 0.143124 -0.175215
v 0.354570 0.143124 -0.175215
v -0.346149 0.143399 -0.175104
v 0.355473 0.113905 -0.106146
v 0.355356 0.143156 -0.175202
v -0.344717 0.113598 -0.103590
v -0.345613 0.113686 -0.104845
v 0.355458 0.113580 -0.104883
v -0.346497 0.114190 -0.106042
v -0.344519 0.145405 -0.176534
v -0.345132 0.145480 -0.176504
v -0.345736 0.145604 -0.176454
v 0.356341 0.140146 -0.171009
v 0.356281 0.141428 -0.173291
v 0.356107 0.143247 -0.175165
v -0.343869 0.113925 -0.102366
v 0.354567 0.113925 -0.102366
v 0.355415 0.113598 -0.103590
v -0.347332 0.140566 -0.170840
v -0.347214 0.141833 -0.173127
v -0.346871 0.143611 -0.175018
v -0.343837 0.145377 -0.176545
v 0.355217 0.145405 -0.176534
v -0.346326 0.145777 -0.176384
v 0.356340 0.114012 -0.106107
v 0.355830 0.145480 -0.176504
v -0.344647 0.113957 -0.102355
v -0.345526 0.113698 -0.103553
v -0.346453 0.113861 -0.104781
v 0.356311 0.113686 -0.104845
v -0.347331 0.114438 -0.105952
v -0.344338 0.147921 -0.177238
v -0.344771 0.147974 -0.177217
v 0.354535 0.145377 -0.176545
v -0.345198 0.148062 -0.177181
v -0.345615 0.148184 -0.177132
v 0.357195 0.140322 -0.170938
v 0.357106 0.141598 -0.173222
v 0.356847 0.143399 -0.175104
v 0.356434 0.145604 -0.176454
v -0.343847 0.114604 -0.101272
v 0.354545 0.114604 -0.101272
v 0.355345 0.113957 -0.102355
v 0.356224 0.113698 -0.103554
v -0.348140 0.140877 -0.170715
v -0.347995 0.142133 -0.173006
v -0.347571 0.143880 -0.174910
v -0.346897 0.145996 -0.176296
v -0.343792 0.147899 -0.177247
v 0.355036 0.147921 -0.177238
v 0.355469 0.147974 -0.177217
v -0.346018 0.148339 -0.177070
v 0.357194 0.114190 -0.106042
v 0.355896 0.148062 -0.177181
v -0.344557 0.114633 -0.101261
v -0.345388 0.114049 -0.102321
v -0.346323 0.113864 -0.103493
v -0.347273 0.114104 -0.104693
v 0.357150 0.113861 -0.104781
v -0.348140 0.114752 -0.105838
v -0.344127 0.150532 -0.177266
v -0.344351 0.150559 -0.177255
v -0.344571 0.150604 -0.177236
v 0.354490 0.147899 -0.177247
v -0.344787 0.150667 -0.177211
v -0.344995 0.150748 -0.177179
v 0.358029 0.140566 -0.170840
v 0.357912 0.141833 -0.173127
v 0.357569 0.143611 -0.175018
v 0.357023 0.145777 -0.176384
v 0.356312 0.148183 -0.177132
v -0.344451 0.115580 -0.100385
v -0.343820 0.115554 -0.100394
v 0.355255 0.114633 -0.101261
v 0.356085 0.114049 -0.102321
v 0.357021 0.113864 -0.103493
v -0.348916 0.141251 -0.170564
v -0.348745 0.142495 -0.172860
v -0.348243 0.144204 -0.174779
v -0.347446 0.146261 -0.176189
v -0.346406 0.148526 -0.176994
v -0.343739 0.150516 -0.177272
v 0.354825 0.150532 -0.177266
v 0.355049 0.150559 -0.177255
v 0.355269 0.150604 -0.177236
v -0.345196 0.150844 -0.177140
v 0.358029 0.114437 -0.105952
v 0.355484 0.150667 -0.177211
v -0.344997 0.115648 -0.100360
v -0.345207 0.114714 -0.101232
v 0.354518 0.115554 -0.100394
v -0.346117 0.114201 -0.102266
v 0.355149 0.115580 -0.100385
v -0.347101 0.114095 -0.103409
v -0.348067 0.114413 -0.104580
v 0.357970 0.114104 -0.104693
v -0.348916 0.115132 -0.105700
v -0.343900 0.153060 -0.176615
v 0.354437 0.150516 -0.177272
v 0.358837 0.140876 -0.170715
v 0.358693 0.142133 -0.173006
v 0.358269 0.143879 -0.174910
v 0.357595 0.145996 -0.176296
v 0.356716 0.148339 -0.177070
v 0.355693 0.150748 -0.177179
v -0.344338 0.116733 -0.099784
v -0.344772 0.116787 -0.099765
v -0.343792 0.116711 -0.099792
v 0.355905 0.114714 -0.101232
v 0.355695 0.115648 -0.100360
v 0.356814 0.114201 -0.102266
v 0.357799 0.114095 -0.103409
v -0.349654 0.141687 -0.170388
v -0.349458 0.142917 -0.172691
v -0.348882 0.144582 -0.174627
v -0.347967 0.146569 -0.176065
v -0.346775 0.148744 -0.176906
v -0.345386 0.150957 -0.177094
v -0.343682 0.153051 -0.176618
v 0.354590 0.153052 -0.176618
v 0.358837 0.114752 -0.105838
v -0.345535 0.115760 -0.100320
v -0.345199 0.116876 -0.099732
v -0.345848 0.114847 -0.101184
v 0.355036 0.116733 -0.099784
v 0.354490 0.116711 -0.099792
v -0.346829 0.114412 -0.102190
v 0.355470 0.116787 -0.099765
v -0.347856 0.114389 -0.103303
v -0.348830 0.114786 -0.104445
v 0.358765 0.114413 -0.104580
v -0.349653 0.115574 -0.105539
v -0.343789 0.679608 0.035678
v 0.354380 0.153051 -0.176618
v 0.359613 0.141251 -0.170564
v 0.359442 0.142495 -0.172860
v 0.358941 0.144204 -0.174779
v 0.358143 0.146261 -0.176189
v 0.357104 0.148526 -0.176994
v 0.355893 0.150844 -0.177140
v -0.338846 0.743661 0.127881
v -0.330900 0.121891 -0.097911
v 0.356545 0.114847 -0.101184
v 0.356232 0.115760 -0.100320
v 0.355896 0.116876 -0.099732
v 0.357526 0.114412 -0.102190
v 0.358553 0.114388 -0.103303
v -0.350348 0.142181 -0.170189
v -0.350128 0.143394 -0.172498
v -0.349483 0.145009 -0.174454
v -0.348458 0.146918 -0.175924
v -0.347121 0.148990 -0.176807
v -0.345565 0.151084 -0.177043
v -0.343901 0.153254 -0.176537
v -0.333931 0.765918 0.070476
v 0.354599 0.679609 0.035678
v 0.359613 0.115132 -0.105700
v -0.343399 0.133641 -0.093644
v -0.346060 0.115915 -0.100263
v -0.345616 0.116999 -0.099688
v -0.346473 0.115033 -0.101116
v 0.359613 0.655316 0.095799
v -0.325884 0.128926 -0.095357
v -0.347519 0.114680 -0.102092
v -0.348580 0.114743 -0.103174
v -0.349555 0.115221 -0.104287
v 0.359528 0.114786 -0.104445
v -0.350347 0.116075 -0.105358
v -0.346480 0.152714 -0.176386
v -0.346385 0.679606 0.036045
v -0.336475 0.766362 0.071024
v -0.300216 0.846072 0.102792
v 0.344741 0.765918 0.070476
v 0.354599 0.153254 -0.176537
v 0.360351 0.141687 -0.170388
v 0.360155 0.142916 -0.172691
v 0.359580 0.144581 -0.174627
v 0.358665 0.146569 -0.176065
v 0.357472 0.148743 -0.176906
v 0.356084 0.150957 -0.177094
v -0.335910 0.138520 -0.091872
v -0.346019 0.117157 -0.099630
v 0.354097 0.133641 -0.093644
v -0.342766 0.133615 -0.093654
v 0.341598 0.121893 -0.097910
v -0.328479 0.129252 -0.095238
v 0.357171 0.115032 -0.101116
v 0.356757 0.115915 -0.100263
v 0.356313 0.116999 -0.099688
v 0.358216 0.114680 -0.102092
v 0.359277 0.114743 -0.103174
v -0.350993 0.142730 -0.169968
v -0.350751 0.143923 -0.172285
v -0.348914 0.147306 -0.175768
v -0.347444 0.149264 -0.176696
v -0.345732 0.151226 -0.176986
v -0.346497 0.153074 -0.176241
v -0.302508 0.847116 0.103582
v -0.244939 0.915166 0.130649
v 0.311026 0.846072 0.102792
v 0.347285 0.766362 0.071024
v 0.357195 0.679607 0.036046
v 0.357178 0.152714 -0.176386
v 0.360351 0.115574 -0.105540
v -0.335569 0.136037 -0.092774
v -0.335802 0.654669 0.095564
v -0.346568 0.116113 -0.100191
v -0.346407 0.117346 -0.099562
v -0.347080 0.115269 -0.101031
v 0.349656 0.743661 0.127881
v 0.353464 0.133615 -0.093654
v -0.341640 0.133476 -0.093704
v -0.334502 0.133641 -0.093644
v 0.341626 0.122488 -0.097695
v 0.336584 0.128926 -0.095357
v -0.328143 0.130494 -0.094969
v -0.330898 0.130211 -0.094890
v -0.348181 0.115004 -0.101974
v 0.356717 0.117157 -0.099630
v -0.349268 0.115155 -0.103024
v -0.350238 0.115713 -0.104108
v 0.360253 0.115220 -0.104287
v -0.350993 0.116630 -0.105156
v -0.350042 0.145484 -0.174263
v -0.348891 0.152145 -0.175535
v -0.348803 0.679345 0.037020
v -0.338846 0.766516 0.072166
v -0.304645 0.847829 0.104949
v -0.246816 0.916728 0.131648
v -0.171998 0.968325 0.152082
v 0.255749 0.915166 0.130649
v 0.313318 0.847116 0.103582
v 0.357195 0.153074 -0.176241
v 0.361045 0.142181 -0.170189
v 0.360825 0.143393 -0.172498
v 0.360181 0.145009 -0.174455
v 0.359155 0.146918 -0.175924
v 0.357819 0.148990 -0.176807
v 0.356263 0.151084 -0.177043
v -0.334568 0.133723 -0.093614
v -0.334613 0.138542 -0.092046
v -0.326101 0.740749 0.126823
v -0.346776 0.117567 -0.099481
v 0.346612 0.654671 0.095565
v 0.350928 0.744017 0.127828
v 0.352338 0.133476 -0.093704
v 0.345203 0.133641 -0.093644
v -0.340530 0.133244 -0.093788
v 0.341774 0.123546 -0.097310
v 0.341598 0.130211 -0.094890
v 0.339179 0.129252 -0.095238
v -0.325884 0.130210 -0.095072
v -0.330249 0.131326 -0.094667
v -0.330927 0.122485 -0.097695
v 0.357777 0.115268 -0.101031
v 0.357266 0.116113 -0.100191
v 0.357105 0.117346 -0.099562
v 0.358878 0.115004 -0.101974
v 0.359965 0.115155 -0.103025
v -0.351584 0.117237 -0.104936
v -0.351584 0.143328 -0.169726
v -0.351322 0.144501 -0.172052
v -0.349331 0.147729 -0.175597
v -0.347739 0.149563 -0.176576
v -0.345884 0.151380 -0.176923
v -0.348915 0.152651 -0.175331
v -0.348834 0.151743 -0.175697
v -0.248567 0.917922 0.133209
v -0.173329 0.970286 0.153241
v -0.086540 1.001799 0.165578
v 0.182808 0.968325 0.152082
v 0.257626 0.916728 0.131648
v 0.349656 0.766516 0.072166
v 0.315455 0.847829 0.104949
v 0.359613 0.679346 0.037020
v 0.359589 0.152144 -0.175535
v 0.361045 0.116074 -0.105358
v -0.334316 0.136385 -0.092829
v -0.304644 0.826068 0.157807
v -0.334504 0.654670 0.095383
v -0.347056 0.116352 -0.100104
v -0.347122 0.117817 -0.099391
v -0.347661 0.115553 -0.100927
v 0.346612 0.138519 -0.091873
v 0.336910 0.740749 0.126823
v 0.360911 0.655445 0.095664
v 0.316599 0.826730 0.157865
v 0.351229 0.133245 -0.093788
v 0.345268 0.133722 -0.093615
v -0.339447 0.132923 -0.093905
v -0.333444 0.134376 -0.093559
v 0.342020 0.124589 -0.096931
v 0.336584 0.130210 -0.095072
v -0.327830 0.131778 -0.095035
v -0.329644 0.132493 -0.094776
v -0.332057 0.132650 -0.094186
v -0.331075 0.123544 -0.097311
v -0.348811 0.115382 -0.101837
v 0.357473 0.117567 -0.099481
v -0.349915 0.115622 -0.102855
v -0.350872 0.116259 -0.103910
v 0.360935 0.115712 -0.104109
v -0.351453 0.116855 -0.103694
v -0.350554 0.146002 -0.174054
v -0.350962 0.151382 -0.174124
v -0.346450 0.152507 -0.176469
v -0.350882 0.150813 -0.174354
v -0.350880 0.678843 0.038536
v -0.340883 0.766370 0.073825
v -0.306480 0.848160 0.106801
v -0.174571 0.971851 0.154952
v -0.087230 1.004011 0.166838
v 0.005405 1.013226 0.170185
v 0.097350 1.001799 0.165578
v 0.184139 0.970286 0.153241
v 0.259377 0.917922 0.133209
v 0.359613 0.152650 -0.175331
v 0.359532 0.151742 -0.175697
v 0.361690 0.142729 -0.169968
v 0.361448 0.143923 -0.172285
v 0.359611 0.147305 -0.175768
v 0.358141 0.149264 -0.176697
v 0.356429 0.151226 -0.176986
v -0.333403 0.138690 -0.092526
v -0.293163 0.820110 0.155643
v -0.305790 0.826730 0.157865
v -0.324828 0.740523 0.126560
v -0.347445 0.118095 -0.099290
v -0.347521 0.116630 -0.100003
v 0.346270 0.136036 -0.092774
v 0.345314 0.654672 0.095383
v 0.315454 0.826068 0.157807
v 0.360911 0.121561 -0.098213
v 0.352114 0.744480 0.127464
v 0.317666 0.827478 0.157604
v 0.350145 0.132923 -0.093905
v 0.344144 0.134375 -0.093559
v -0.338397 0.132515 -0.094053
v -0.332974 0.131736 -0.094336
v 0.342361 0.125607 -0.096562
v 0.343675 0.131736 -0.094336
v 0.340949 0.131326 -0.094667
v 0.338844 0.130494 -0.094969
v -0.325884 0.131534 -0.095124
v -0.331201 0.133630 -0.094363
v -0.331321 0.124587 -0.096932
v 0.358359 0.115553 -0.100927
v 0.357754 0.116352 -0.100104
v 0.357820 0.117817 -0.099391
v 0.359508 0.115381 -0.101838
v 0.360613 0.115622 -0.102855
v -0.352116 0.117889 -0.104699
v -0.351976 0.117496 -0.103461
v -0.352116 0.143972 -0.169467
v -0.351836 0.145123 -0.171801
v -0.349708 0.148184 -0.175414
v -0.348005 0.149885 -0.176446
v -0.346022 0.151547 -0.176856
v -0.350992 0.152014 -0.173869
v -0.348740 0.151347 -0.175857
v -0.350748 0.150253 -0.174579
v -0.250073 0.918665 0.135227
v -0.087874 1.005810 0.168643
v 0.005405 1.015523 0.171480
v 0.098040 1.004011 0.166838
v 0.185380 0.971851 0.154952
v 0.351693 0.766370 0.073825
v 0.317290 0.848160 0.106801
v 0.361690 0.678843 0.038536
v 0.361660 0.151381 -0.174125
v 0.357148 0.152506 -0.176469
v 0.361579 0.150812 -0.174354
v 0.361690 0.116630 -0.105156
v 0.360739 0.145484 -0.174263
v -0.333147 0.136838 -0.093198
v -0.248567 0.897106 0.183603
v -0.340118 0.744017 0.127828
v -0.249504 0.898031 0.183757
v -0.333295 0.654801 0.094897
v -0.347740 0.118397 -0.099180
v -0.347957 0.116945 -0.099889
v -0.348215 0.115885 -0.100807
v 0.345314 0.138541 -0.092047
v 0.303973 0.820110 0.155643
v 0.335638 0.740523 0.126560
v 0.359613 0.121524 -0.098045
v 0.362120 0.121723 -0.098687
v 0.362120 0.655695 0.095222
v 0.260314 0.898031 0.183757
v 0.261187 0.899024 0.183585
v 0.349095 0.132515 -0.094053
v 0.345017 0.136385 -0.092830
v -0.337389 0.132021 -0.094232
v -0.333924 0.129288 -0.095225
v 0.342796 0.126594 -0.096203
v 0.342757 0.132650 -0.094186
v 0.336584 0.131534 -0.095124
v -0.327561 0.133018 -0.095433
v -0.329125 0.133632 -0.095210
v -0.330903 0.134016 -0.094562
v -0.332622 0.127540 -0.095860
v -0.332396 0.135112 -0.093825
v -0.331663 0.125606 -0.096562
v -0.349403 0.115809 -0.101682
v 0.358218 0.116630 -0.100003
v 0.358142 0.118094 -0.099290
v -0.350517 0.116141 -0.102666
v 0.361569 0.116258 -0.103910
v -0.351565 0.117315 -0.102240
v -0.351015 0.146560 -0.173829
v -0.352585 0.151206 -0.171956
v -0.352551 0.150477 -0.172250
v -0.346401 0.152302 -0.176552
v -0.352453 0.149781 -0.172531
v -0.352474 0.678134 0.040490
v -0.342445 0.765932 0.075888
v -0.307889 0.848087 0.109011
v -0.175638 0.972913 0.157098
v 0.005405 1.017402 0.173317
v 0.098684 1.005810 0.168643
v 0.260882 0.918665 0.135227
v 0.361690 0.152013 -0.173870
v 0.359438 0.151347 -0.175857
v 0.361446 0.150252 -0.174580
v 0.362281 0.117236 -0.104936
v 0.362281 0.143327 -0.169727
v 0.362019 0.144500 -0.172052
v 0.360029 0.147728 -0.175598
v 0.358436 0.149563 -0.176576
v 0.356582 0.151380 -0.176924
v -0.332365 0.138953 -0.093277
v -0.292017 0.819579 0.155268
v -0.239159 0.888521 0.180486
v -0.306856 0.827478 0.157604
v -0.348803 0.655315 0.095799
v -0.250377 0.899024 0.183585
v -0.323643 0.740444 0.125998
v -0.348006 0.118723 -0.099062
v -0.348363 0.117295 -0.099762
v 0.344105 0.654803 0.094898
v 0.259376 0.897106 0.183603
v 0.359589 0.121011 -0.098231
v 0.360883 0.120968 -0.098428
v 0.362089 0.121056 -0.098929
v 0.353131 0.745016 0.126811
v 0.318582 0.828260 0.157040
v 0.261936 0.900017 0.183098
v 0.348088 0.132022 -0.094232
v 0.343931 0.128442 -0.095532
v 0.343849 0.136837 -0.093198
v -0.336431 0.131447 -0.094441
v -0.334692 0.130076 -0.094939
v -0.333232 0.128441 -0.095533
v 0.343321 0.127541 -0.095859
v 0.340344 0.132493 -0.094776
v 0.341902 0.133630 -0.094363
v 0.338531 0.131778 -0.095035
v -0.325884 0.132809 -0.095509
v -0.330467 0.134609 -0.094855
v -0.332097 0.126592 -0.096204
v -0.331497 0.135881 -0.094393
v 0.358912 0.115884 -0.100807
v 0.358655 0.116945 -0.099889
v 0.358437 0.118397 -0.099180
v 0.360100 0.115808 -0.101682
v -0.351069 0.116706 -0.102461
v 0.361215 0.116140 -0.102667
v -0.352586 0.118583 -0.104447
v -0.352438 0.118178 -0.103213
v -0.352004 0.117962 -0.102005
v -0.352586 0.144656 -0.169191
v -0.352290 0.145784 -0.171534
v -0.350040 0.148668 -0.175219
v -0.348240 0.150227 -0.176308
v -0.346143 0.151723 -0.176785
v -0.348608 0.150961 -0.176013
v -0.350562 0.149706 -0.174800
v -0.352289 0.149095 -0.172807
v -0.251229 0.918909 0.137564
v -0.088428 1.007073 0.170871
v 0.186448 0.972913 0.157098
v 0.353255 0.765932 0.075888
v 0.318699 0.848087 0.109011
v 0.363283 0.678134 0.040490
v 0.363283 0.151205 -0.171957
v 0.363249 0.150476 -0.172250
v 0.357099 0.152302 -0.176552
v 0.363150 0.149779 -0.172531
v 0.362150 0.116854 -0.103694
v 0.361251 0.146002 -0.174054
v -0.332144 0.137363 -0.093855
v -0.174570 0.951761 0.203451
v -0.175234 0.952888 0.203679
v -0.341304 0.744480 0.127464
v -0.350101 0.655445 0.095664
v -0.348740 0.120204 -0.098524
v -0.175852 0.954069 0.203575
v -0.332257 0.655054 0.094141
v -0.348240 0.119069 -0.098936
v -0.348735 0.117676 -0.099624
v -0.348735 0.116260 -0.100671
v 0.344105 0.138689 -0.092526
v 0.249968 0.888521 0.180486
v 0.302827 0.819579 0.155268
v 0.334453 0.740444 0.125998
v 0.359532 0.120604 -0.098379
v 0.363158 0.122000 -0.099434
v 0.363124 0.121269 -0.099700
v 0.363158 0.656049 0.094503
v 0.186043 0.952888 0.203679
v 0.186661 0.954069 0.203575
v 0.187191 0.955225 0.203147
v 0.347129 0.131448 -0.094441
v 0.343097 0.135112 -0.093825
v 0.344623 0.129289 -0.095225
v -0.335529 0.130797 -0.094677
v 0.336584 0.132809 -0.095509
v -0.327355 0.134129 -0.096134
v -0.328726 0.134666 -0.095939
v -0.329904 0.135519 -0.095629
v -0.349953 0.116283 -0.101510
v 0.359060 0.117294 -0.099762
v 0.358703 0.118723 -0.099062
v -0.350458 0.116801 -0.101322
v -0.350912 0.117357 -0.101120
v -0.351422 0.147152 -0.173590
v -0.353587 0.150283 -0.169721
v -0.353475 0.677267 0.042748
v -0.353550 0.149493 -0.170039
v -0.346334 0.152102 -0.176632
v -0.353440 0.148716 -0.170352
v -0.343428 0.765233 0.078214
v -0.308776 0.847616 0.111428
v -0.251958 0.918634 0.140061
v -0.176460 0.973400 0.159534
v 0.005405 1.018735 0.175573
v 0.099238 1.007073 0.170871
v 0.262039 0.918909 0.137564
v 0.359306 0.150960 -0.176013
v 0.361260 0.149705 -0.174800
v 0.362986 0.149094 -0.172808
v 0.362813 0.117888 -0.104699
v 0.362673 0.117496 -0.103461
v 0.362814 0.143971 -0.169467
v 0.362533 0.145122 -0.171801
v 0.360405 0.148183 -0.175414
v 0.358702 0.149884 -0.176446
v 0.356719 0.151546 -0.176857
v -0.331375 0.137926 -0.094755
v -0.290950 0.819216 0.154604
v -0.238474 0.887406 0.179899
v -0.167901 0.941153 0.199599
v -0.307772 0.828260 0.157040
v -0.251126 0.900017 0.183098
v -0.348915 0.121525 -0.098044
v -0.348834 0.120605 -0.098378
v -0.348609 0.119813 -0.098666
v -0.176381 0.955225 0.203147
v -0.322625 0.740517 0.125177
v -0.331568 0.139316 -0.094251
v -0.348442 0.119434 -0.098804
v -0.349069 0.118086 -0.099475
v -0.349219 0.116677 -0.100519
v 0.343066 0.655056 0.094142
v 0.185379 0.951761 0.203451
v 0.359438 0.120203 -0.098524
v 0.360811 0.120456 -0.098614
v 0.362003 0.120445 -0.099151
v 0.363027 0.120573 -0.099952
v 0.363955 0.656482 0.093555
v 0.353912 0.745591 0.125915
v 0.262510 0.900944 0.182330
v 0.187597 0.956276 0.202423
v 0.346228 0.130798 -0.094677
v 0.345390 0.130076 -0.094939
v 0.342846 0.137363 -0.093855
v 0.343066 0.138953 -0.093277
v 0.339825 0.133632 -0.095210
v 0.341603 0.134016 -0.094562
v 0.342198 0.135881 -0.094393
v 0.338262 0.133018 -0.095433
v -0.325884 0.133946 -0.096200
v -0.330807 0.136631 -0.095226
v 0.359432 0.116260 -0.100671
v 0.359432 0.117675 -0.099624
v 0.358938 0.119069 -0.098936
v 0.360651 0.116282 -0.101510
v 0.361766 0.116706 -0.102461
v -0.352990 0.119312 -0.104182
v -0.352835 0.118895 -0.102953
v -0.352381 0.118643 -0.101758
v -0.351313 0.117949 -0.100905
v -0.352990 0.145376 -0.168901
v -0.352680 0.146479 -0.171254
v -0.351771 0.147776 -0.173339
v -0.348441 0.150586 -0.176164
v -0.346247 0.151909 -0.176710
v -0.350325 0.149176 -0.175014
v -0.352061 0.148425 -0.173077
v -0.353257 0.147951 -0.170661
v -0.088855 1.007715 0.173369
v 0.187270 0.973400 0.159534
v 0.354238 0.765233 0.078214
v 0.319586 0.847616 0.111428
v 0.262768 0.918634 0.140061
v 0.364285 0.677267 0.042748
v 0.364285 0.150281 -0.169721
v 0.364248 0.149491 -0.170040
v 0.357031 0.152102 -0.176632
v 0.364138 0.148714 -0.170353
v 0.362263 0.117314 -0.102240
v 0.361712 0.146559 -0.173830
v -0.237840 0.888009 0.180118
v -0.087873 0.986177 0.215949
v -0.088217 0.987431 0.216223
v -0.088537 0.988731 0.216162
v -0.342322 0.745016 0.126811
v -0.351310 0.655695 0.095222
v -0.350213 0.121562 -0.098212
v -0.348891 0.121012 -0.098230
v -0.349995 0.119952 -0.098797
v -0.349829 0.119459 -0.098976
v -0.088812 0.989988 0.215771
v -0.331460 0.655411 0.093166
v -0.349365 0.118522 -0.099316
v -0.349662 0.117131 -0.100354
v 0.178711 0.941153 0.199599
v 0.249284 0.887406 0.179899
v 0.301759 0.819216 0.154604
v 0.333435 0.740517 0.125177
v 0.359307 0.119812 -0.098666
v 0.360692 0.119951 -0.098797
v 0.363955 0.122372 -0.100404
v 0.363919 0.121591 -0.100687
v 0.363812 0.120831 -0.100963
v 0.319284 0.829024 0.156213
v 0.099027 0.987431 0.216223
v 0.099347 0.988731 0.216162
v 0.099621 0.989988 0.215771
v 0.099831 0.991116 0.215076
v 0.341168 0.134608 -0.094855
v 0.336584 0.133946 -0.096200
v -0.327225 0.135036 -0.097091
v -0.328476 0.135524 -0.096914
v -0.329549 0.136299 -0.096633
v 0.359916 0.116676 -0.100520
v 0.359767 0.118086 -0.099475
v 0.359139 0.119433 -0.098804
v -0.351658 0.118572 -0.100679
v -0.350413 0.118140 -0.099988
v -0.353929 0.149306 -0.167316
v -0.353817 0.676300 0.045156
v -0.343763 0.764321 0.080644
v -0.353891 0.148496 -0.167643
v -0.353777 0.147691 -0.167967
v -0.309080 0.846778 0.113889
v -0.252210 0.917861 0.142548
v -0.176979 0.973279 0.162093
v 0.005405 1.019430 0.178092
v 0.099665 1.007715 0.173369
v 0.359139 0.150586 -0.176164
v 0.361023 0.149176 -0.175014
v 0.362759 0.148424 -0.173078
v 0.363955 0.147949 -0.170661
v 0.363283 0.118582 -0.104447
v 0.363135 0.118177 -0.103213
v 0.362701 0.117961 -0.102005
v 0.363284 0.144655 -0.169191
v 0.362987 0.145783 -0.171535
v 0.360738 0.148667 -0.175219
v 0.358937 0.150226 -0.176309
v 0.356841 0.151723 -0.176785
v -0.330891 0.138488 -0.095838
v -0.330373 0.137310 -0.096265
v -0.290032 0.819047 0.153694
v -0.238342 0.885858 0.178804
v -0.167237 0.940157 0.199055
v -0.084416 0.974294 0.211634
v -0.343102 0.745591 0.125915
v -0.251700 0.900944 0.182330
v -0.176787 0.956276 0.202423
v -0.350185 0.120969 -0.098428
v -0.350114 0.120457 -0.098614
v -0.349619 0.118981 -0.099150
v -0.089021 0.991116 0.215076
v -0.321843 0.740738 0.124152
v -0.331067 0.139751 -0.095379
v -0.350061 0.117620 -0.100177
v 0.342270 0.139316 -0.094251
v 0.098683 0.986177 0.215949
v 0.248650 0.888009 0.180118
v 0.342270 0.655413 0.093167
v 0.360527 0.119458 -0.098976
v 0.361861 0.119843 -0.099369
v 0.362865 0.119888 -0.100201
v 0.363636 0.120082 -0.101235
v 0.364456 0.656966 0.092444
v 0.364456 0.122813 -0.101530
v 0.354403 0.746164 0.124836
v 0.319725 0.829717 0.155178
v 0.187851 0.957150 0.201454
v 0.099962 0.992040 0.214124
v 0.341508 0.136631 -0.095226
v 0.342076 0.137926 -0.094755
v 0.339427 0.134666 -0.095939
v 0.340604 0.135519 -0.095629
v 0.338056 0.134129 -0.096134
v 0.336584 0.134869 -0.097152
v -0.325884 0.134869 -0.097152
v 0.360359 0.117131 -0.100355
v 0.360063 0.118522 -0.099316
v 0.361155 0.116800 -0.101322
v -0.353325 0.120072 -0.103906
v -0.353164 0.119642 -0.102681
v -0.352693 0.119352 -0.101500
v -0.351943 0.119220 -0.100443
v -0.350716 0.118687 -0.099789
v -0.353325 0.146125 -0.168598
v -0.353003 0.147203 -0.170962
v -0.353588 0.146899 -0.168286
v -0.089125 1.007692 0.175967
v 0.187789 0.973279 0.162093
v 0.354573 0.764321 0.080644
v 0.319890 0.846778 0.113889
v 0.263020 0.917861 0.142548
v 0.364627 0.676300 0.045156
v 0.364627 0.149305 -0.167317
v 0.364589 0.148494 -0.167643
v 0.356945 0.151909 -0.176710
v 0.364475 0.147690 -0.167968
v 0.361610 0.117357 -0.101120
v 0.362119 0.147151 -0.173591
v -0.235850 0.888227 0.179664
v -0.166772 0.940342 0.199122
v 0.005405 0.997925 0.220215
v 0.005405 0.999223 0.220505
v 0.005405 1.000563 0.220459
v 0.005405 1.001855 0.220080
v -0.308475 0.829024 0.156213
v -0.353145 0.656482 0.093555
v -0.352349 0.656049 0.094503
v -0.351422 0.121725 -0.098686
v -0.351391 0.121057 -0.098929
v -0.351164 0.119844 -0.099369
v -0.350967 0.119257 -0.099582
v 0.005405 1.003009 0.219395
v -0.330959 0.655848 0.092038
v 0.095226 0.974294 0.211634
v 0.178046 0.940157 0.199055
v 0.249152 0.885858 0.178804
v 0.300842 0.819047 0.153694
v 0.332653 0.740738 0.124152
v 0.360317 0.118980 -0.099150
v 0.361664 0.119256 -0.099583
v 0.364418 0.122002 -0.101824
v 0.364306 0.121201 -0.102115
v 0.364120 0.120412 -0.102402
v 0.262870 0.901740 0.181333
v 0.005405 1.003949 0.218449
v 0.337926 0.135036 -0.097091
v -0.327181 0.135676 -0.098239
v -0.328390 0.136147 -0.098068
v -0.329429 0.136896 -0.097796
v 0.360758 0.117620 -0.100177
v -0.353929 0.123297 -0.102735
v -0.353817 0.657467 0.091246
v -0.343760 0.746697 0.123649
v -0.309065 0.830293 0.154006
v -0.353891 0.122475 -0.103033
v -0.353777 0.121660 -0.103329
v -0.252181 0.902352 0.180174
v -0.252188 0.917881 0.142556
v -0.177160 0.972558 0.164601
v 0.005405 1.019440 0.180704
v 0.099934 1.007692 0.175967
v 0.362469 0.147775 -0.173340
v 0.363701 0.147202 -0.170963
v 0.364285 0.146898 -0.168287
v 0.363687 0.119311 -0.104182
v 0.363532 0.118894 -0.102953
v 0.363078 0.118642 -0.101758
v 0.362011 0.117948 -0.100905
v 0.363688 0.145375 -0.168901
v 0.363378 0.146478 -0.171255
v -0.330726 0.139010 -0.097029
v -0.330225 0.137873 -0.097442
v -0.289328 0.819082 0.152602
v -0.238772 0.883981 0.177275
v -0.166618 0.939362 0.198234
v -0.084072 0.973171 0.211044
v 0.005405 0.985607 0.215742
v -0.343593 0.746164 0.124836
v -0.353646 0.656966 0.092444
v -0.308916 0.829717 0.155178
v -0.177041 0.957150 0.201454
v -0.089152 0.992040 0.214124
v -0.351306 0.120446 -0.099150
v -0.321352 0.741091 0.122994
v -0.330896 0.140231 -0.096585
v 0.341769 0.139751 -0.095379
v 0.341592 0.138488 -0.095838
v 0.177582 0.940342 0.199122
v 0.246659 0.888227 0.179664
v 0.249582 0.883981 0.177275
v 0.341769 0.655850 0.092039
v 0.361413 0.118686 -0.099790
v 0.362641 0.119219 -0.100444
v 0.363390 0.119350 -0.101501
v 0.363861 0.119641 -0.102682
v 0.364627 0.657467 0.091246
v 0.364627 0.123295 -0.102736
v 0.364589 0.122473 -0.103034
v 0.354570 0.746697 0.123649
v 0.319875 0.830293 0.154006
v 0.187935 0.957789 0.200306
v 0.100005 0.992694 0.212982
v 0.005405 1.004609 0.217308
v 0.341074 0.137310 -0.096265
v 0.339176 0.135524 -0.096914
v 0.340250 0.136299 -0.096633
v 0.336584 0.135515 -0.098298
v 0.337882 0.135676 -0.098239
v -0.325884 0.135515 -0.098298
v 0.361111 0.118139 -0.099988
v -0.353588 0.120857 -0.103621
v -0.353423 0.120413 -0.102401
v -0.352938 0.120083 -0.101235
v -0.352168 0.119889 -0.100200
v -0.177134 0.972570 0.164605
v -0.089219 1.007005 0.178489
v 0.187970 0.972558 0.164601
v 0.262997 0.917881 0.142556
v 0.262991 0.902352 0.180174
v 0.364475 0.121658 -0.103330
v 0.362355 0.118571 -0.100679
v -0.239735 0.881905 0.175416
v -0.233323 0.889161 0.179156
v -0.166086 0.938823 0.197190
v -0.164793 0.940088 0.198497
v -0.353257 0.122373 -0.100403
v -0.353758 0.122815 -0.101529
v -0.352460 0.122001 -0.099433
v -0.252060 0.901740 0.181333
v -0.352427 0.121270 -0.099699
v -0.352329 0.120574 -0.099952
v -0.330788 0.656335 0.090835
v 0.094882 0.973171 0.211044
v 0.177427 0.939362 0.198234
v 0.250545 0.881905 0.175416
v 0.300138 0.819082 0.152602
v 0.332162 0.741091 0.122994
v 0.364285 0.120855 -0.103622
v 0.364022 0.120071 -0.103906
v 0.339091 0.136147 -0.098068
v -0.327181 0.156720 -0.150492
v -0.328390 0.157184 -0.150305
v -0.329429 0.157923 -0.150007
v -0.353721 0.122004 -0.101824
v -0.353608 0.121202 -0.102115
v 0.005405 1.018764 0.183230
v 0.100029 1.007005 0.178489
v 0.187944 0.972570 0.164605
v 0.364022 0.146124 -0.168599
v -0.330726 0.160008 -0.149167
v -0.330225 0.158886 -0.149619
v -0.288884 0.819319 0.151402
v -0.230432 0.890747 0.178627
v -0.162097 0.940408 0.197766
v -0.083751 0.972259 0.210180
v 0.005405 0.984441 0.215137
v -0.177125 0.957789 0.200306
v -0.089196 0.992694 0.212982
v -0.321184 0.741552 0.121781
v -0.330896 0.161212 -0.148681
v 0.341598 0.140231 -0.096585
v 0.341427 0.139010 -0.097029
v 0.340926 0.137873 -0.097442
v 0.175603 0.940088 0.198497
v 0.176896 0.938823 0.197190
v 0.244133 0.889161 0.179156
v 0.241242 0.890747 0.178627
v 0.341598 0.656337 0.090836
v 0.340129 0.136896 -0.097796
v 0.336584 0.156561 -0.150556
v 0.337882 0.156720 -0.150492
v 0.339091 0.157184 -0.150305
v -0.325884 0.156561 -0.150556
v -0.353115 0.120832 -0.100963
v -0.241164 0.879769 0.173354
v -0.227374 0.892877 0.178114
v -0.165678 0.938575 0.195995
v -0.158868 0.941281 0.196978
v -0.083475 0.971619 0.209100
v -0.353221 0.121593 -0.100687
v -0.330788 0.670423 0.056621
v 0.005405 0.983488 0.214258
v 0.094561 0.972259 0.210180
v 0.172906 0.940408 0.197766
v 0.299694 0.819319 0.151402
v 0.238184 0.892877 0.178114
v 0.331994 0.741552 0.121781
v 0.340129 0.157923 -0.150007
v -0.321186 0.754494 0.090517
v -0.288732 0.819741 0.150175
v -0.165422 0.938635 0.194731
v -0.083263 0.971295 0.207878
v 0.005405 0.982814 0.213165
v 0.341598 0.161212 -0.148681
v 0.341427 0.160008 -0.149167
v 0.340926 0.158886 -0.149619
v 0.094285 0.971619 0.209100
v 0.176488 0.938575 0.195995
v 0.169678 0.941281 0.196978
v 0.251974 0.879769 0.173354
v 0.176232 0.938635 0.194731
v 0.341598 0.670425 0.056622
v -0.242963 0.877721 0.171230
v -0.224357 0.895405 0.177652
v -0.165334 0.939000 0.193483
v -0.155326 0.942647 0.196188
v -0.083129 0.971308 0.206596
v 0.005405 0.982462 0.211933
v 0.094073 0.971295 0.207878
v 0.299542 0.819741 0.150175
v 0.235167 0.895405 0.177652
v 0.176144 0.939000 0.193483
v 0.331995 0.754494 0.090517
v -0.288737 0.831637 0.121619
v -0.151713 0.944414 0.195449
v 0.005405 0.982459 0.210645
v 0.166136 0.942647 0.196188
v 0.093939 0.971308 0.206596
v 0.253773 0.877721 0.171230
v 0.162523 0.944414 0.195449
v -0.235536 0.898136 0.148430
v 0.299547 0.831637 0.121619
v -0.165334 0.949298 0.169057
v -0.083087 0.981515 0.182047
v -0.083082 0.971658 0.205342
v 0.005405 0.982803 0.209390
v 0.176144 0.949298 0.169057
v 0.093896 0.981515 0.182047
v 0.246346 0.898136 0.148430
v 0.093892 0.971658 0.205342
v 0.005405 0.992513 0.186480
vn -0.021810990173213186 -0.9274015821658029 -0.37343083175339087
vn -0.08714103954761901 -0.9240934193855701 -0.3720991688714788
vn 0.021810990173213186 0.9274015821658029 0.37343083175339087
vn 0.08714103954761901 0.9240934193855701 0.3720991688714788
vn -0.04325399765187019 -0.8700529527674365 -0.4910569733419911
vn 0.04325399765187019 0.8700529527674365 0.4910569733419911
vn 0.02180799160142792 -0.9274016428442486 -0.37343085618639044
vn -0.02180799160142792 0.9274016428442486 0.37343085618639044
vn -0.04342001878217981 -0.9676854185912881 -0.24839410744773827
vn 0.04342001878217981 0.9676854185912881 0.24839410744773827
vn -0.17361996313527703 -0.9135338060293875 -0.36784792189485926
vn 0.17361996313527703 0.9135338060293875 0.36784792189485926
vn -0.12943302842226645 -0.8630571895191804 -0.4882411072131208
vn 0.12943302842226645 0.8630571895191804 0.4882411072131208
vn 0 -0.8709282746542422 -0.4914101549701483
vn 0 0.8709282746542422 0.4914101549701483
vn 0 -0.9685679827473828 -0.24874899556915875
vn 0 0.9685679827473828 0.24874899556915875
vn -0.04030998299158905 -0.7132096990680062 -0.6997907047300226
vn 0.04030998299158905 0.7132096990680062 0.6997907047300226
vn -0.12062400345581727 -0.7066900202463158 -0.6971650199734296
vn 0.12062400345581727 0.7066900202463158 0.6971650199734296
vn 0.08713001011858301 -0.9240941073169031 -0.37210004321272494
vn -0.08713001011858301 0.9240941073169031 0.37210004321272494
vn 0.04324900700506397 -0.8700531409229535 -0.49105707953676736
vn -0.04324900700506397 0.8700531409229535 0.49105707953676736
vn -0.0407799857434826 -0.999053650734901 0.015125994712013447
vn 0.0407799857434826 0.999053650734901 -0.015125994712013447
vn -0.1299259946534804 -0.9606349604693918 -0.2455599898950841
vn 0.1299259946534804 0.9606349604693918 0.2455599898950841
vn 0 -0.9998905628894369 0.014793993532681168
vn 0 0.9998905628894369 -0.014793993532681168
vn -0.25877903807015146 -0.8960231318180046 -0.3607990530787764
vn 0.25877903807015146 0.8960231318180046 0.3607990530787764
vn -0.2146259129503228 -0.8491196556073268 -0.48262980425118296
vn 0.2146259129503228 0.8491196556073268 0.48262980425118296
vn 0 -0.7140260918105518 -0.7001190900223688
vn 0 0.7140260918105518 0.7001190900223688
vn -0.2000190049287682 -0.693700017093809 -0.6919340170502926
vn 0.2000190049287682 0.693700017093809 0.6919340170502926
vn 0.04341398807791277 -0.9676857342599862 -0.24839393178755834
vn -0.04341398807791277 0.9676857342599862 0.24839393178755834
vn 0.040304991116660166 -0.7132098428064281 -0.6997908457640153
vn -0.040304991116660166 0.7132098428064281 0.6997908457640153
vn 0.04077399572142175 -0.9990538951652841 0.01512599841276835
vn -0.04077399572142175 0.9990538951652841 -0.01512599841276835
vn -0.03461698933191076 -0.5077058435377755 -0.8608347347122965
vn 0.03461698933191076 0.5077058435377755 0.8608347347122965
vn -0.10358800971479458 -0.5021070470891071 -0.8585790805201257
vn 0.10358800971479458 0.5021070470891071 0.8585790805201257
vn -0.17176993879005067 -0.49095082505044085 -0.8540856956478978
vn 0.17176993879005067 0.49095082505044085 0.8540856956478978
vn 0.1735980227002866 -0.9135371194573189 -0.36785004810136307
vn -0.1735980227002866 0.9135371194573189 0.36785004810136307
vn 0.129417009839964 -0.8630590656209722 -0.4882420371225084
vn -0.129417009839964 0.8630590656209722 0.4882420371225084
vn 0.12060896711590943 -0.7066918073201515 -0.6971658099174194
vn -0.12060896711590943 0.7066918073201515 0.6971658099174194
vn -0.03517901299827839 -0.9591043543790538 0.2808581037741393
vn 0.03517901299827839 0.9591043543790538 -0.2808581037741393
vn -0.12201795840597636 -0.9923686617169626 0.01777799393975821
vn 0.12201795840597636 0.9923686617169626 -0.01777799393975821
vn 0 -0.9598318272302866 0.2805759494963334
vn 0 0.9598318272302866 -0.2805759494963334
vn -0.21543306177996338 -0.9465882714541041 -0.2399150688006943
vn 0.21543306177996338 0.9465882714541041 0.2399150688006943
vn -0.3419718581116307 -0.8716946383230734 -0.3510038543641437
vn 0.3419718581116307 0.8716946383230734 0.3510038543641437
vn -0.2981859664439422 -0.8283459067829269 -0.4742659466289592
vn 0.2981859664439422 0.8283459067829269 0.4742659466289592
vn -0.27789100706273884 -0.674338017138638 -0.6841380173877103
vn 0.27789100706273884 0.674338017138638 0.6841380173877103
vn 0 -0.5084069579705067 -0.8611169288123276
vn 0 0.5084069579705067 0.8611169288123276
vn 0.03461299412565639 -0.5077059138346979 -0.8608348539034253
vn -0.03461299412565639 0.5077059138346979 0.8608348539034253
vn -0.2386430939869758 -0.4743231868070062 -0.8473883337346398
vn 0.2386430939869758 0.4743231868070062 0.8473883337346398
vn 0.1299099832032899 -0.9606368757944632 -0.24556096825019685
vn -0.1299099832032899 0.9606368757944632 0.24556096825019685
vn 0.10357500825031958 -0.5021080399956683 -0.8585800683906274
vn -0.10357500825031958 0.5021080399956683 0.8585800683906274
vn 0.03517498420970685 -0.9591045694513418 0.2808578739209625
vn -0.03517498420970685 0.9591045694513418 -0.2808578739209625
vn 0.12200294172048969 -0.9923705259551329 0.01777699150811965
vn -0.12200294172048969 0.9923705259551329 -0.01777699150811965
vn -0.026562985424388987 -0.2675618531837676 -0.9631744714880122
vn 0.026562985424388987 0.2675618531837676 0.9631744714880122
vn -0.07948603470877673 -0.2632651149586864 -0.9614434198287826
vn 0.07948603470877673 0.2632651149586864 0.9614434198287826
vn -0.13180400363199096 -0.2547060070186786 -0.9579940263984839
vn 0.13180400363199096 0.2547060070186786 0.9579940263984839
vn -0.18311704486349817 -0.24194805927703966 -0.952853233448118
vn 0.18311704486349817 0.24194805927703966 0.952853233448118
vn 0.2587479788254894 -0.89603092667376 -0.36080197047395246
vn -0.2587479788254894 0.89603092667376 0.36080197047395246
vn 0.2145999921618429 -0.8491249689861357 -0.48263198237210864
vn -0.2145999921618429 0.8491249689861357 0.48263198237210864
vn 0.19999499448553826 -0.6937049808724728 -0.6919359809212495
vn -0.19999499448553826 0.6937049808724728 0.6919359809212495
vn 0.17174892762759358 -0.4909547931190579 -0.8540876401003556
vn -0.17174892762759358 0.4909547931190579 0.8540876401003556
vn -0.026994013761065954 -0.8492004329072057 0.5273802688490365
vn 0.026994013761065954 0.8492004329072057 -0.5273802688490365
vn -0.10525701270531171 -0.9532941150697565 0.2831100341735063
vn 0.10525701270531171 0.9532941150697565 -0.2831100341735063
vn 0 -0.8497603347372322 0.5271692076622714
vn 0 0.8497603347372322 -0.5271692076622714
vn -0.20229597388905343 -0.9790528736307165 0.02306099702344786
vn 0.20229597388905343 0.9790528736307165 -0.02306099702344786
vn -0.2992838795858488 -0.9256546275712664 -0.23150090685771263
vn 0.2992838795858488 0.9256546275712664 0.23150090685771263
vn -0.422564972624129 -0.8407319455331826 -0.33853897806775324
vn 0.422564972624129 0.8407319455331826 0.33853897806775324
vn -0.3794742038331053 -0.800894430197355 -0.463214248813748
vn 0.3794742038331053 0.800894430197355 0.463214248813748
vn -0.3536460785890084 -0.6487531441691833 -0.6738351497430329
vn 0.3536460785890084 0.6487531441691833 0.6738351497430329
vn -0.3036980182448107 -0.45235102717521475 -0.8385380503755943
vn 0.3036980182448107 0.45235102717521475 0.8385380503755943
vn 0 -0.26809909481567434 -0.9633913407120785
vn 0 0.26809909481567434 0.9633913407120785
vn 0.026558988248314493 -0.2675618816105825 -0.9631745738194248
vn -0.026558988248314493 0.2675618816105825 0.9631745738194248
vn 0.07947597961437432 -0.26326693247190863 -0.9614437533892282
vn -0.07947597961437432 0.26326693247190863 0.9614437533892282
vn -0.23303595819137188 -0.22508895961713088 -0.9460598302688403
vn 0.23303595819137188 0.22508895961713088 0.9460598302688403
vn 0.21540598787684365 -0.9465939467252209 -0.23991698649735257
vn -0.21540598787684365 0.9465939467252209 0.23991698649735257
vn 0.1317869456994408 -0.25470889505155125 -0.9579956052742781
vn -0.1317869456994408 0.25470889505155125 0.9579956052742781
vn 0.026990993024421556 -0.8492007805317295 0.5273798637034379
vn -0.026990993024421556 0.8492007805317295 -0.5273798637034379
vn 0.10524395604739673 -0.9532956018790542 0.283109881765977
vn -0.10524395604739673 0.9532956018790542 -0.283109881765977
vn 0.20227102061455327 -0.9790580997812008 0.023058002349967785
vn -0.20227102061455327 0.9790580997812008 -0.023058002349967785
vn -0.01669700709270623 -0.009183003900839651 -0.999818424711959
vn 0.01669700709270623 0.009183003900839651 0.999818424711959
vn -0.04996399891365755 -0.006482999859043156 -0.9987299782851138
vn 0.04996399891365755 0.006482999859043156 0.9987299782851138
vn -0.08285102769167622 -0.001103000368660617 -0.9965613330852346
vn 0.08285102769167622 0.001103000368660617 0.9965613330852346
vn -0.11510601585395532 0.006916000952565305 -0.9933291368147081
vn 0.11510601585395532 -0.006916000952565305 0.9933291368147081
vn -0.14648498148920655 0.017511997787070493 -0.9890578750162261
vn 0.14648498148920655 -0.017511997787070493 0.9890578750162261
vn 0.3419310570811206 -0.8717081455207906 -0.3510100585967466
vn -0.3419310570811206 0.8717081455207906 0.3510100585967466
vn 0.29814907895316634 -0.8283562193578676 -0.4742711255922277
vn -0.29814907895316634 0.8283562193578676 0.4742711255922277
vn 0.27785699809431796 -0.674347995374984 -0.6841419953078123
vn -0.27785699809431796 0.674347995374984 0.6841419953078123
vn 0.2386139178113592 -0.47433183662022144 -0.8473917081227557
vn -0.2386139178113592 0.47433183662022144 0.8473917081227557
vn 0.1830949932367459 -0.24195399106258245 -0.9528559648029306
vn -0.1830949932367459 0.24195399106258245 0.9528559648029306
vn -0.01689100457964196 -0.6783061839085024 0.7345851991673773
vn 0.01689100457964196 0.6783061839085024 -0.7345851991673773
vn -0.08076700155710716 -0.8447270162854925 0.5290680101999021
vn 0.08076700155710716 0.8447270162854925 -0.5290680101999021
vn 0 -0.6786561417468514 0.7344561534014659
vn 0 0.6786561417468514 -0.7344561534014659
vn -0.1744959442907828 -0.9417216993478618 0.28759590818271996
vn 0.1744959442907828 0.9417216993478618 -0.28759590818271996
vn -0.28098396729164177 -0.9592138883412751 0.0309309963994309
vn 0.28098396729164177 0.9592138883412751 -0.0309309963994309
vn -0.3808351095460924 -0.8979952583056793 -0.22038406339282413
vn 0.3808351095460924 0.8979952583056793 0.22038406339282413
vn -0.49994608278482866 -0.8033701330280629 -0.32349705356707303
vn 0.49994608278482866 0.8033701330280629 0.32349705356707303
vn -0.45787397437828886 -0.7669739570816725 -0.44955797484363585
vn 0.45787397437828886 0.7669739570816725 0.44955797484363585
vn -0.4267071642406857 -0.6171392375384809 -0.6611052544611145
vn 0.4267071642406857 0.6171392375384809 0.6611052544611145
vn -0.366439984461479 -0.42520198196973535 -0.8276019649063672
vn 0.366439984461479 0.42520198196973535 0.8276019649063672
vn -0.28117985230750936 -0.20425789271152725 -0.937665507481945
vn 0.28117985230750936 0.20425789271152725 0.937665507481945
vn 0 -0.009520996898697398 -0.9999546742818172
vn 0 0.009520996898697398 0.9999546742818172
vn 0.016695007649337276 -0.009183004207478793 -0.9998184580979258
vn -0.016695007649337276 0.009183004207478793 0.9998184580979258
vn 0.04995801388950403 -0.00648300180242688 -0.9987302776705259
vn -0.04995801388950403 0.00648300180242688 0.9987302776705259
vn 0.0828400204420618 -0.0011050002726757573 -0.9965622459172111
vn -0.0828400204420618 0.0011050002726757573 0.9965622459172111
vn -0.17674803447214443 0.030605005969063445 -0.9837801918720804
vn 0.17674803447214443 -0.030605005969063445 0.9837801918720804
vn 0.2992480564450715 -0.9256651746017587 -0.2315050436671801
vn -0.2992480564450715 0.9256651746017587 0.2315050436671801
vn 0.11509197584398095 0.006911998549279013 -0.9933307915152852
vn -0.11509197584398095 -0.006911998549279013 0.9933307915152852
vn -0.05054103002590435 -0.675512401314944 0.7356144370209428
vn 0.05054103002590435 0.675512401314944 -0.7356144370209428
vn 0.08075697306840181 -0.8447287182918892 0.5290668235617988
vn -0.08075697306840181 0.8447287182918892 -0.5290668235617988
vn 0.016889005149610295 -0.6783062068216988 0.73458522398168
vn -0.016889005149610295 0.6783062068216988 -0.73458522398168
vn 0.17447405717620468 -0.9417263086094123 0.28759409424632554
vn -0.17447405717620468 0.9417263086094123 -0.28759409424632554
vn 0.28094999100889806 -0.9592239693024354 0.03092699901025858
vn -0.28094999100889806 0.9592239693024354 -0.03092699901025858
vn -0.00569499783936927 0.24978090523539076 -0.9682856326412151
vn 0.00569499783936927 -0.24978090523539076 0.9682856326412151
vn 0.42251611651432797 -0.8407532318486655 -0.3385470933587751
vn -0.42251611651432797 0.8407532318486655 0.3385470933587751
vn 0.379428982427506 -0.800911962907365 -0.4632209785468474
vn -0.379428982427506 0.800911962907365 0.4632209785468474
vn 0.3536039920189813 -0.6487689853569596 -0.6738419847910497
vn -0.3536039920189813 0.6487689853569596 0.6738419847910497
vn 0.3036621417619711 -0.4523652111826767 -0.8385433914665269
vn -0.3036621417619711 0.4523652111826767 0.8385433914665269
vn 0.23300801978704203 -0.22510001911549415 -0.946064080339765
vn -0.23300801978704203 0.22510001911549415 0.946064080339765
vn 0.1464669510188968 0.017504994146024817 -0.9890606692408589
vn -0.1464669510188968 -0.017504994146024817 0.9890606692408589
vn -0.005716000228022883 -0.461438018407686 0.8871540353903493
vn 0.005716000228022883 0.461438018407686 -0.8871540353903493
vn -0.017104990933998202 -0.4604987559260538 0.8874955296088565
vn 0.017104990933998202 0.4604987559260538 -0.8874955296088565
vn -0.13389498391988297 -0.8358178996224553 0.5324289360579505
vn 0.13389498391988297 0.8358178996224553 -0.5324289360579505
vn 0 -0.4615560305880117 0.8871110587901824
vn 0 0.4615560305880117 -0.8871110587901824
vn -0.24234390041170284 -0.9244836200946284 0.2942778790700616
vn 0.24234390041170284 0.9244836200946284 -0.2942778790700616
vn 0.05053501120891923 -0.675513149832211 0.7356141631629174
vn -0.05053501120891923 0.675513149832211 -0.7356141631629174
vn -0.35746285519843973 -0.9330126220539241 0.0413249832600169
vn 0.35746285519843973 0.9330126220539241 -0.0413249832600169
vn -0.4594589021798317 -0.8638248160891249 -0.20664995600360941
vn 0.4594589021798317 0.8638248160891249 0.20664995600360941
vn -0.5735249962368155 -0.7598929950139621 -0.30599299799222723
vn 0.5735249962368155 0.7598929950139621 0.30599299799222723
vn -0.5327872235525043 -0.7268433049766096 -0.43340118185105697
vn 0.5327872235525043 0.7268433049766096 0.43340118185105697
vn -0.49651897121654764 -0.579737966392301 -0.6460439625485098
vn 0.49651897121654764 0.579737966392301 0.6460439625485098
vn -0.4263907947640887 -0.39308281079631674 -0.8146636078756163
vn 0.4263907947640887 0.39308281079631674 0.8146636078756163
vn -0.3271809236433427 -0.17961295808238156 -0.927734783487601
vn 0.3271809236433427 0.17961295808238156 0.927734783487601
vn -0.2056650542394347 0.046095012156501095 -0.9775362578027388
vn 0.2056650542394347 -0.046095012156501095 0.9775362578027388
vn 0 0.24966600327312147 -0.9683320126948326
vn 0 -0.24966600327312147 0.9683320126948326
vn 0.004538000052811191 0.24952000290378926 -0.968359011269278
vn -0.004538000052811191 -0.24952000290378926 0.968359011269278
vn 0.3807890373990068 -0.8980130881979107 -0.2203910216455952
vn -0.3807890373990068 0.8980130881979107 0.2203910216455952
vn -0.08379399708941572 -0.6699469767293923 0.7376649743772075
vn 0.08379399708941572 0.6699469767293923 -0.7376649743772075
vn -0.028362003755852978 -0.4586270607339221 0.8881761176171742
vn 0.028362003755852978 0.4586270607339221 -0.8881761176171742
vn 0.005716000228022489 -0.461438018407686 0.8871540353903493
vn -0.005716000228022489 0.461438018407686 -0.8871540353903493
vn 0.13387896568321064 -0.8358217857563367 0.5324268635246368
vn -0.13387896568321064 0.8358217857563367 -0.5324268635246368
vn 0.017102991520116375 -0.46049877167877934 0.8874955599682729
vn -0.017102991520116375 0.46049877167877934 -0.8874955599682729
vn 0.2423141551130943 -0.9244925917974812 0.29427418837438485
vn -0.2423141551130943 0.9244925917974812 -0.29427418837438485
vn 0.35742098870442457 -0.9330289705134859 0.04131799869422717
vn -0.35742098870442457 0.9330289705134859 -0.04131799869422717
vn 0 0.3739299753675508 -0.9274569389042399
vn 0 -0.3739299753675508 0.9274569389042399
vn 0.49988893696325915 -0.8034008986899478 -0.3235089592050375
vn -0.49988893696325915 0.8034008986899478 0.3235089592050375
vn 0.45782089592244307 -0.766999825636032 -0.4495678977986176
vn -0.45782089592244307 0.766999825636032 0.4495678977986176
vn 0.42665794437276766 -0.6171629195349208 -0.6611149138045044
vn -0.42665794437276766 0.6171629195349208 0.6611149138045044
vn 0.36639792557854345 -0.4252229136302187 -0.8276098318988047
vn -0.36639792557854345 0.4252229136302187 0.8276098318988047
vn 0.2811470177513423 -0.20427301289759398 -0.937672059203678
vn -0.2811470177513423 0.20427301289759398 0.937672059203678
vn 0.1767280177907688 0.030595003079922842 -0.9837840990350907
vn -0.1767280177907688 -0.030595003079922842 0.9837840990350907
vn 0 -0.341334023395035 0.9399420644236314
vn 0 0.341334023395035 -0.9399420644236314
vn -0.18595700443665533 -0.8225470196247383 0.5374350128223931
vn 0.18595700443665533 0.8225470196247383 -0.5374350128223931
vn -0.3082628979497388 -0.9017227014852002 0.30310089965861514
vn 0.3082628979497388 0.9017227014852002 -0.30310089965861514
vn 0.08378401683417941 -0.6699491346085387 0.7376641482140771
vn -0.08378401683417941 0.6699491346085387 -0.7376641482140771
vn 0.02835900616828283 -0.4586270997546157 0.8881761931845601
vn -0.02835900616828283 0.4586270997546157 -0.8881761931845601
vn -0.43113602514018906 -0.9006600525188401 0.0541590031580925
vn 0.43113602514018906 0.9006600525188401 -0.0541590031580925
vn -0.5345518291591336 -0.8234077368418112 -0.19040493914725787
vn 0.5345518291591336 0.8234077368418112 0.19040493914725787
vn -0.6427428283137723 -0.7106298101801436 -0.28615892356266964
vn 0.6427428283137723 0.7106298101801436 0.28615892356266964
vn -0.6036441782090677 -0.6808082009895882 -0.4148661224776248
vn 0.6036441782090677 0.6808082009895882 0.4148661224776248
vn -0.5625499683064981 -0.5368329697553681 -0.6287669645758991
vn 0.5625499683064981 0.5368329697553681 0.6287669645758991
vn -0.4830938654187634 -0.35623790075854683 -0.799821777184081
vn 0.4830938654187634 0.35623790075854683 0.799821777184081
vn -0.37069081191542186 -0.15134292321020917 -0.9163425350575375
vn 0.37069081191542186 0.15134292321020917 0.9163425350575375
vn -0.23301591068175614 0.06386397552004901 -0.9703736280422743
vn 0.23301591068175614 -0.06386397552004901 0.9703736280422743
vn 0.4594058211448497 -0.8638506636870208 -0.20665991954348586
vn -0.4594058211448497 0.8638506636870208 0.20665991954348586
vn -0.11638703542856829 -0.661655201409859 0.7407202254774928
vn 0.11638703542856829 0.661655201409859 -0.7407202254774928
vn -0.039400991255916486 -0.45583689883817974 0.8891908026659083
vn 0.039400991255916486 0.45583689883817974 -0.8891908026659083
vn 0.18593392890250474 -0.8225536854715707 0.5374327944962184
vn -0.18593392890250474 0.8225536854715707 -0.5374327944962184
vn 0.3082260827171037 -0.9017372419947475 0.3030950813401223
vn -0.3082260827171037 0.9017372419947475 -0.3030950813401223
vn 0.43108584420086216 -0.90068467448271 0.05414898042996628
vn -0.43108584420086216 0.90068467448271 -0.05414898042996628
vn -0.1306730004895662 0.36653300137321615 -0.9211830034512121
vn 0.1306730004895662 -0.36653300137321615 0.9211830034512121
vn -0.13052596972646252 0.3707549140089692 -0.9195127867328265
vn 0.13052596972646252 -0.3707549140089692 0.9195127867328265
vn -0.12980904475959404 0.38348413222957 -0.9143793152881002
vn 0.12980904475959404 -0.38348413222957 0.9143793152881002
vn 0.5734620407499275 -0.7599340540005357 -0.30600902174484884
vn -0.5734620407499275 0.7599340540005357 0.30600902174484884
vn 0.5327277962716115 -0.7268787220234577 -0.4334148342513638
vn -0.5327277962716115 0.7268787220234577 0.4334148342513638
vn 0.49646414808410727 -0.5797701729324235 -0.6460571927043531
vn -0.49646414808410727 0.5797701729324235 0.6460571927043531
vn 0.4263430069078228 -0.3931110063693809 -0.814675013199772
vn -0.4263430069078228 0.3931110063693809 0.814675013199772
vn 0.3271450558929013 -0.1796350306907372 -0.9277431585053959
vn -0.3271450558929013 0.1796350306907372 0.9277431585053959
vn 0.20564194399835978 0.0460819874506786 -0.9775417337900061
vn -0.20564194399835978 -0.0460819874506786 0.9775417337900061
vn -0.23653800991851215 -0.8050240337562687 0.5440460228129381
vn 0.23653800991851215 0.8050240337562687 -0.5440460228129381
vn -0.371730852272516 -0.8736276528165086 0.31399187521824035
vn 0.371730852272516 0.8736276528165086 -0.31399187521824035
vn 0.1163730032368568 -0.6616590184037152 0.7407190206027294
vn -0.1163730032368568 0.6616590184037152 -0.7407190206027294
vn 0.039397014538426686 -0.4558381682150276 0.8891903281321876
vn -0.039397014538426686 0.4558381682150276 -0.8891903281321876
vn -0.5014261280893209 -0.8624182203047626 0.06933001771035499
vn 0.5014261280893209 0.8624182203047626 -0.06933001771035499
vn -0.6055390560932048 -0.7770560719814269 -0.17177401591202934
vn 0.6055390560932048 0.7770560719814269 0.17177401591202934
vn -0.7070718740584903 -0.6559548831632944 -0.2641449529512979
vn 0.7070718740584903 0.6559548831632944 0.2641449529512979
vn -0.6699052211283809 -0.6292192076983731 -0.39409413008615907
vn 0.6699052211283809 0.6292192076983731 0.39409413008615907
vn -0.6242958682245784 -0.4887538968345714 -0.6094048713677477
vn 0.6242958682245784 0.4887538968345714 0.6094048713677477
vn -0.5361171822769242 -0.3149491070809822 -0.7831892662800884
vn 0.5361171822769242 0.3149491070809822 0.7831892662800884
vn -0.41137707854238165 -0.11966202284653349 -0.903576172515749
vn 0.41137707854238165 0.11966202284653349 0.903576172515749
vn -0.25859197975199 0.08377699344017811 -0.9623469246472764
vn 0.25859197975199 -0.08377699344017811 0.9623469246472764
vn -0.1216379642237862 0.4147388780168119 -0.9017737347698971
vn 0.1216379642237862 -0.4147388780168119 0.9017737347698971
vn 0.12980904475959446 0.38348413222957 -0.9143793152881002
vn -0.12980904475959446 -0.38348413222957 0.9143793152881002
vn 0.130526050936431 0.37073114467396495 -0.9195223588340155
vn -0.130526050936431 -0.37073114467396495 0.9195223588340155
vn 0.13040206846729824 0.3654501918787602 -0.9216514839109345
vn -0.13040206846729824 -0.3654501918787602 0.9216514839109345
vn 0.5344921422086018 -0.8234432190878022 -0.19041905066347062
vn -0.5344921422086018 0.8234432190878022 0.19041905066347062
vn -0.14806594554816646 -0.6507037607011333 0.7447557261131529
vn 0.14806594554816646 0.6507037607011333 -0.7447557261131529
vn -0.05013800481811229 -0.4521510434503611 0.8905310855773697
vn 0.05013800481811229 0.4521510434503611 -0.8905310855773697
vn 0.01738699446609415 -0.216301931155757 0.9761716893055885
vn -0.01738699446609415 0.216301931155757 -0.9761716893055885
vn 0.23650999656008023 -0.8050349882911686 0.5440419920871812
vn -0.23650999656008023 0.8050349882911686 -0.5440419920871812
vn 0.37168790767254933 -0.8736487829852325 0.3139839220062463
vn -0.37168790767254933 0.8736487829852325 -0.3139839220062463
vn 0.5013707045839446 -0.8624514918290689 0.06931695915728123
vn -0.5013707045839446 0.8624514918290689 -0.06931695915728123
vn -0.3823249989461209 0.33005199909021177 -0.863071997620942
vn 0.3823249989461209 -0.33005199909021177 0.863071997620942
vn -0.3826831808781181 0.34553616332029785 -0.8568304049874129
vn 0.3826831808781181 -0.34553616332029785 0.8568304049874129
vn -0.380631077579663 0.3828510780321406 -0.8417511715644788
vn 0.380631077579663 -0.3828510780321406 0.8417511715644788
vn -0.35681883719448454 0.474516783492514 -0.8046826328479412
vn 0.35681883719448454 -0.474516783492514 0.8046826328479412
vn -0.10488499382201165 0.4429059739117318 -0.8904119475525116
vn 0.10488499382201165 -0.4429059739117318 0.8904119475525116
vn 0.12163796422378662 0.4147388780168119 -0.9017737347698971
vn -0.12163796422378662 -0.4147388780168119 0.9017737347698971
vn 0.6426758912271147 -0.7106818797171018 -0.2861799515640473
vn -0.6426758912271147 0.7106818797171018 0.2861799515640473
vn 0.6035800847511001 -0.6808540956014536 -0.41488405825553426
vn -0.6035800847511001 0.6808540956014536 0.41488405825553426
vn 0.5624899555261711 -0.5368759575513671 -0.6287839502845701
vn -0.5624899555261711 0.5368759575513671 0.6287839502845701
vn 0.48304183674203083 -0.35627487958659265 -0.7998367296720275
vn -0.48304183674203083 0.35627487958659265 0.7998367296720275
vn 0.37065100060082545 -0.15137100024537217 -0.9163540014854098
vn -0.37065100060082545 0.15137100024537217 0.9163540014854098
vn 0.2329909530572207 0.06384598713637588 -0.9703808044886656
vn -0.2329909530572207 -0.06384598713637588 0.9703808044886656
vn 0.1309710335283922 -0.32242908254137226 0.93748923999587
vn -0.1309710335283922 0.32242908254137226 -0.93748923999587
vn 0.13052599894378342 -0.3384379972613599 0.93189199245913
vn -0.13052599894378342 0.3384379972613599 -0.93189199245913
vn -0.0604890109939092 -0.447597081351001 0.8921871621554776
vn 0.0604890109939092 0.447597081351001 -0.8921871621554776
vn -0.28523893160227975 -0.7833948121489973 0.5522058675860184
vn 0.28523893160227975 0.7833948121489973 -0.5522058675860184
vn 0.12972694955373937 -0.3254998734245165 0.9366006357888645
vn -0.12972694955373937 0.3254998734245165 -0.9366006357888645
vn 0 -0.21637390516366292 0.9763105720846346
vn 0 0.21637390516366292 -0.9763105720846346
vn 0.05099400771014135 -0.22457703395537656 0.9731211471330091
vn -0.05099400771014135 0.22457703395537656 -0.9731211471330091
vn -0.43224784599314575 -0.8404307005604778 0.32686088354177567
vn 0.43224784599314575 0.8404307005604778 -0.32686088354177567
vn 0.14804799653315992 -0.6507109847623012 0.7447529825601193
vn -0.14804799653315992 0.6507109847623012 -0.7447529825601193
vn 0.05013201920725947 -0.4521531732350612 0.8905303411920718
vn -0.05013201920725947 0.4521531732350612 -0.8905303411920718
vn -0.5677889574121392 -0.8185939386001361 0.08671599349573679
vn 0.5677889574121392 0.8185939386001361 -0.08671599349573679
vn -0.6718757179395781 -0.7251286955834236 -0.15090193664979612
vn 0.6718757179395781 0.7251286955834236 0.15090193664979612
vn -0.7660210324570779 -0.5962840252651509 -0.2401190101740831
vn 0.7660210324570779 0.5962840252651509 0.2401190101740831
vn -0.7310662869742787 -0.572468224717866 -0.37124414572894837
vn 0.7310662869742787 0.572468224717866 0.37124414572894837
vn -0.6812881932555986 -0.4358641236381064 -0.5881061668233953
vn 0.6812881932555986 0.4358641236381064 0.5881061668233953
vn -0.5850571709543151 -0.2695300787569698 -0.7648932235025976
vn 0.5850571709543151 0.2695300787569698 0.7648932235025976
vn -0.44892992189562775 -0.08481298524432272 -0.8895328452399788
vn 0.44892992189562775 0.08481298524432272 0.8895328452399788
vn -0.2821990820280888 0.10568103071878543 -0.953517277163198
vn 0.2821990820280888 -0.10568103071878543 0.953517277163198
vn -0.37942489032592314 0.29920091351494144 -0.8755087469311691
vn 0.37942489032592314 -0.29920091351494144 0.8755087469311691
vn -0.3078300195445902 0.5572090353780389 -0.7712060489650303
vn 0.3078300195445902 -0.5572090353780389 0.7712060489650303
vn -0.08071897648696898 0.46599486425804604 -0.8810977433406703
vn 0.08071897648696898 -0.46599486425804604 0.8810977433406703
vn 0.10488499382201202 0.4429059739117318 -0.8904119475525116
vn -0.10488499382201202 -0.4429059739117318 0.8904119475525116
vn 0.38063107757966336 0.3828510780321406 -0.8417511715644784
vn -0.38063107757966336 -0.3828510780321406 0.8417511715644784
vn 0.3568188371944848 0.47451678349251397 -0.804682632847941
vn -0.3568188371944848 -0.47451678349251397 0.804682632847941
vn 0.3826829269982639 0.3454659340978885 -0.8568588365430533
vn -0.3826829269982639 -0.3454659340978885 0.8568588365430533
vn 0.38232092405252965 0.32998393444919316 -0.8630998285465306
vn -0.38232092405252965 -0.32998393444919316 0.8630998285465306
vn 0.605474900436321 -0.7771018722141557 -0.17179297175053787
vn -0.605474900436321 0.7771018722141557 0.17179297175053787
vn 0.12267894334129496 -0.2913728654307846 0.9487105618423974
vn -0.12267894334129496 0.2913728654307846 -0.9487105618423974
vn 0.12987500082477096 -0.35134300223120396 0.927195005888152
vn -0.12987500082477096 0.35134300223120396 -0.927195005888152
vn -0.1785820446015857 -0.637182159138813 0.7497381872501344
vn 0.1785820446015857 0.637182159138813 -0.7497381872501344
vn -0.0703750213221922 -0.4422101339806258 0.894146270908031
vn 0.0703750213221922 0.4422101339806258 -0.894146270908031
vn 0.12134997474767942 -0.29392893883486404 0.9480928027066488
vn -0.12134997474767942 0.29392893883486404 -0.9480928027066488
vn 0.10565604953299378 -0.26341412349212634 0.9588794495357362
vn -0.10565604953299378 0.26341412349212634 -0.9588794495357362
vn -0.017386994466094582 -0.216301931155757 0.9761716893055885
vn 0.017386994466094582 0.216301931155757 -0.9761716893055885
vn 0.05039399189810797 0.039224993693758835 0.9979588395571724
vn -0.05039399189810797 -0.039224993693758835 -0.9979588395571724
vn 0.14788394686996553 0.015474994440322735 0.9888836447253201
vn -0.14788394686996553 -0.015474994440322735 -0.9888836447253201
vn 0.08112903044943434 -0.240626090312042 0.9672213630185573
vn -0.08112903044943434 0.240626090312042 -0.9672213630185573
vn 0.28520598611660064 -0.7834109618647306 0.5521999731197342
vn -0.28520598611660064 0.7834109618647306 -0.5521999731197342
vn 0.06048200934689024 -0.4476000691721202 0.8921861378784562
vn -0.06048200934689024 0.4476000691721202 -0.8921861378784562
vn 0.43219983271708706 -0.8404596747001458 0.32684987349278083
vn -0.43219983271708706 0.8404596747001458 -0.32684987349278083
vn 0.5677286851701191 -0.8186375460304052 0.0866989519217164
vn -0.5677286851701191 0.8186375460304052 -0.0866989519217164
vn -0.733054204469005 -0.668027186331179 -0.12795003568878888
vn 0.733054204469005 0.668027186331179 0.12795003568878888
vn -0.608192245672617 0.27213710992681445 -0.745683301210628
vn 0.608192245672617 -0.27213710992681445 0.745683301210628
vn -0.6035820885886548 0.22305803273856464 -0.7654631123481777
vn 0.6035820885886548 -0.22305803273856464 0.7654631123481777
vn -0.6087618486983489 0.2967699262408119 -0.735755817135272
vn 0.6087618486983489 -0.2967699262408119 0.735755817135272
vn -0.6055408647430769 0.35610492045845543 -0.7116948410319437
vn 0.6055408647430769 -0.35610492045845543 0.7116948410319437
vn -0.5677958120885748 0.50188883390042 -0.6524687840661442
vn 0.5677958120885748 -0.50188883390042 0.6524687840661442
vn -0.48998585426352886 0.6334578115906713 -0.5988698218781753
vn 0.48998585426352886 -0.6334578115906713 0.5988698218781753
vn -0.2370329301167765 0.6250808157105758 -0.7436997807387443
vn 0.2370329301167765 -0.6250808157105758 0.7436997807387443
vn -0.050840023720892774 0.4823692250634034 -0.8744914080194218
vn 0.050840023720892774 -0.4823692250634034 0.8744914080194218
vn 0.08071897648696937 0.46599486425804604 -0.8810977433406703
vn -0.08071897648696937 -0.46599486425804604 0.8810977433406703
vn 0.3078300195445905 0.5572090353780388 -0.7712060489650301
vn -0.3078300195445905 -0.5572090353780388 0.7712060489650301
vn 0.37941603239150706 0.2991380255380129 -0.8755340747460981
vn -0.37941603239150706 -0.2991380255380129 0.8755340747460981
vn 0.7070018636741463 -0.65601987350462 -0.26417094906190197
vn -0.7070018636741463 0.65601987350462 0.26417094906190197
vn 0.6698369506926342 -0.6292769536782957 -0.39411797098858314
vn -0.6698369506926342 0.6292769536782957 0.39411797098858314
vn 0.6242328783161122 -0.48880690471516836 -0.6094268812022966
vn -0.6242328783161122 0.48880690471516836 0.6094268812022966
vn 0.5360627879204697 -0.31499587537993884 -0.7832076901439105
vn -0.5360627879204697 0.31499587537993884 0.7832076901439105
vn 0.411334887023804 -0.11969696712433459 -0.9035907518220571
vn -0.411334887023804 0.11969696712433459 0.9035907518220571
vn 0.25856597677974225 0.08375399247855699 -0.9623559135765933
vn -0.25856597677974225 -0.08375399247855699 0.9623559135765933
vn 0.3829630827839895 -0.2681890579736306 0.883976191086502
vn -0.3829630827839895 0.2681890579736306 -0.883976191086502
vn -0.12134997474767982 -0.29392893883486404 0.9480928027066486
vn 0.12134997474767982 0.29392893883486404 -0.9480928027066486
vn 0.3826841284615344 -0.31542210588264524 0.8683672914983575
vn -0.3826841284615344 0.31542210588264524 -0.8683672914983575
vn -0.07972097507209228 -0.43603286365712346 0.8963927197074524
vn 0.07972097507209228 0.43603286365712346 -0.8963927197074524
vn -0.3316759690967565 -0.7578369293900633 0.5618489476508503
vn 0.3316759690967565 0.7578369293900633 -0.5618489476508503
vn -0.1305259643747052 -0.3384139076345053 0.9319007456503069
vn 0.1305259643747052 0.3384139076345053 -0.9319007456503069
vn -0.1298750008247714 -0.35134300223120396 0.927195005888152
vn 0.1298750008247714 0.35134300223120396 -0.927195005888152
vn 0.1305259643747048 -0.3384139076345053 0.9319007456503069
vn -0.1305259643747048 0.3384139076345053 -0.9319007456503069
vn 0.37998023363889794 -0.2775971706865026 0.8823575425362314
vn -0.37998023363889794 0.2775971706865026 -0.8823575425362314
vn 0.35458594905646285 -0.18562397333131309 0.9164128683385145
vn -0.35458594905646285 0.18562397333131309 -0.9164128683385145
vn -0.10564799407520803 -0.26340098522834166 0.9588839462253103
vn 0.10564799407520803 0.26340098522834166 -0.9588839462253103
vn -0.05099000284371275 -0.2245740125244932 0.9731220542710184
vn 0.05099000284371275 0.2245740125244932 -0.9731220542710184
vn 0 0.03915101195887396 0.9992333052208558
vn 0 -0.03915101195887396 -0.9992333052208558
vn 0.2355600620170833 -0.030685008078596785 0.9713752557388541
vn -0.2355600620170833 0.030685008078596785 -0.9713752557388541
vn -0.4893407533931196 -0.802404595622288 0.341602827846736
vn 0.4893407533931196 0.802404595622288 -0.341602827846736
vn 0.17856208004368426 -0.6371922856329757 0.7497343360819866
vn -0.17856208004368426 0.6371922856329757 -0.7497343360819866
vn 0.07036703118491576 -0.4422151959787631 0.8941443962625306
vn -0.07036703118491576 0.4422151959787631 -0.8941443962625306
vn -0.6297110051239586 -0.769539006261739 0.1061780008639701
vn 0.6297110051239586 0.769539006261739 -0.1061780008639701
vn -0.8191411947602621 -0.5320701265058063 -0.21426405094374848
vn 0.8191411947602621 0.5320701265058063 0.21426405094374848
vn -0.7886071842490212 -0.6061931416300729 -0.1030950240869699
vn 0.7886071842490212 0.6061931416300729 0.1030950240869699
vn -0.7866607611926424 -0.5109888448786288 -0.3464898948157324
vn 0.7866607611926424 0.5109888448786288 0.3464898948157324
vn -0.7330929126530841 -0.3785679548941986 -0.565031932677297
vn 0.7330929126530841 0.3785679548941986 0.565031932677297
vn -0.6295420495663655 -0.2203280173473066 -0.7450720586625059
vn 0.6295420495663655 0.2203280173473066 0.7450720586625059
vn -0.48306419673831985 -0.0470600191662083 -0.8743193560854282
vn 0.48306419673831985 0.0470600191662083 0.8743193560854282
vn -0.3036569758784015 0.1294109897199798 -0.9439519250152939
vn 0.3036569758784015 -0.1294109897199798 0.9439519250152939
vn -0.37363708605199336 0.2687020618845105 -0.8878032044690917
vn 0.37363708605199336 -0.2687020618845105 0.8878032044690917
vn -0.5943778779691817 0.17453796416587622 -0.785016838829387
vn 0.5943778779691817 -0.17453796416587622 0.785016838829387
vn -0.37741106428329974 0.7415081262988655 -0.5547310944856911
vn 0.37741106428329974 -0.7415081262988655 0.5547310944856911
vn -0.14936002890639583 0.6732731303019281 -0.7241511401486043
vn 0.14936002890639583 -0.6732731303019281 0.7241511401486043
vn -0.017356993218580488 0.49085980821988345 -0.8710656596725355
vn 0.017356993218580488 -0.49085980821988345 0.8710656596725355
vn 0.05084002372089317 0.4823692250634033 -0.8744914080194217
vn -0.05084002372089317 -0.4823692250634033 0.8744914080194217
vn 0.23703293011677684 0.6250808157105758 -0.7436997807387442
vn -0.23703293011677684 -0.6250808157105758 0.7436997807387442
vn 0.6055408647430772 0.3561049204584555 -0.7116948410319435
vn -0.6055408647430772 -0.3561049204584555 0.7116948410319435
vn 0.5677958120885751 0.50188883390042 -0.6524687840661438
vn -0.5677958120885751 -0.50188883390042 0.6524687840661438
vn 0.4899858542635292 0.6334578115906713 -0.5988698218781751
vn -0.4899858542635292 -0.6334578115906713 0.5988698218781751
vn 0.60876129351859 0.29665814303583493 -0.7358013547718592
vn -0.60876129351859 -0.29665814303583493 0.7358013547718592
vn 0.6081870114524658 0.2720290051224424 -0.7457270140424125
vn -0.6081870114524658 -0.2720290051224424 0.7457270140424125
vn 0.6035678405105391 0.22295694108486258 -0.7655037977198583
vn -0.6035678405105391 -0.22295694108486258 0.7655037977198583
vn 0.6718078221530106 -0.725186808022047 -0.1509249600457916
vn -0.6718078221530106 0.725186808022047 0.1509249600457916
vn 0.35769511659521325 -0.1775450578730406 0.9168052988441959
vn -0.35769511659521325 0.1775450578730406 -0.9168052988441959
vn 0.12184497409813703 -0.38307991856468826 0.9156438053520027
vn -0.12184497409813703 0.38307991856468826 -0.9156438053520027
vn -0.10444403631932347 -0.26559209235687764 0.9584113332775357
vn 0.10444403631932347 0.26559209235687764 -0.9584113332775357
vn 0.3811658118646059 -0.3532188256586484 0.8543705783007284
vn -0.3811658118646059 0.3532188256586484 -0.8543705783007284
vn -0.20769796560636225 -0.621198897132888 0.7556278748721901
vn 0.20769796560636225 0.621198897132888 -0.7556278748721901
vn -0.08845402356565893 -0.42911311432304394 0.8989092394847346
vn 0.08845402356565893 0.42911311432304394 -0.8989092394847346
vn -0.13096799338264606 -0.3224049837100052 0.9374979526315108
vn 0.13096799338264606 0.3224049837100052 -0.9374979526315108
vn 0.3826830832638114 -0.3153520686139954 0.8683931889441422
vn -0.3826830832638114 0.3153520686139954 -0.8683931889441422
vn 0.10444403631932307 -0.2655920923568777 0.9584113332775358
vn -0.10444403631932307 0.2655920923568777 -0.9584113332775358
vn 0.30449103646798 -0.10348401239397069 0.9468771134046382
vn -0.30449103646798 0.10348401239397069 -0.9468771134046382
vn -0.12267096391180268 -0.29135291428777305 0.9487177208996209
vn 0.12267096391180268 0.29135291428777305 -0.9487177208996209
vn -0.08112195824410538 -0.2406198761457632 0.9672235021411747
vn 0.08112195824410538 0.2406198761457632 -0.9672235021411747
vn -0.05039199697723637 0.039224997647088373 0.9979589401374348
vn 0.05039199697723637 -0.039224997647088373 -0.9979589401374348
vn 0.07939598130109715 0.2883829320816458 0.9542177752679043
vn -0.07939598130109715 -0.2883829320816458 -0.9542177752679043
vn 0.23305206658158645 0.2511320717469362 0.9394782684033428
vn -0.23305206658158645 -0.2511320717469362 -0.9394782684033428
vn 0.37133103151208086 0.1787450151687493 0.9111330773210342
vn -0.37133103151208086 -0.1787450151687493 -0.9111330773210342
vn 0.307271013059479 -0.09646600409995015 0.9467200402370226
vn -0.307271013059479 0.09646600409995015 -0.9467200402370226
vn 0.33163893507820247 -0.7578598516409911 0.5618398900139528
vn -0.33163893507820247 0.7578598516409911 -0.5618398900139528
vn 0.07971203807984445 -0.4360392083036104 0.8963904282214965
vn -0.07971203807984445 0.4360392083036104 -0.8963904282214965
vn 0.48928879070333936 -0.8024426567496099 0.34158785388343554
vn -0.48928879070333936 0.8024426567496099 -0.34158785388343554
vn -0.6867147082802203 -0.7156476959893451 0.12755894581233324
vn 0.6867147082802203 0.7156476959893451 -0.12755894581233324
vn 0.6296471996671403 -0.7695942440456847 0.10615603366309208
vn -0.6296471996671403 0.7695942440456847 -0.10615603366309208
vn -0.7383667381711401 -0.6573487669005532 0.15068894656487994
vn 0.7383667381711401 0.6573487669005532 -0.15068894656487994
vn -0.7926110694038023 0.19567601713407784 -0.5774760505658266
vn 0.7926110694038023 -0.19567601713407784 0.5774760505658266
vn -0.7866035633588427 0.13171292688656985 -0.6032466651396791
vn 0.7866035633588427 -0.13171292688656985 0.6032466651396791
vn -0.7746082850861109 0.06847702520222065 -0.6287232313947122
vn 0.7746082850861109 -0.06847702520222065 0.6287232313947122
vn -0.7933534775469724 0.22777913710816244 -0.5645413398170115
vn 0.7933534775469724 -0.22777913710816244 0.5645413398170115
vn -0.7891567829353542 0.3050619160899861 -0.5330748533729842
vn 0.7891567829353542 -0.3050619160899861 0.5330748533729842
vn -0.7399658302888562 0.4949098864924307 -0.45553789552239576
vn 0.7399658302888562 -0.4949098864924307 0.45553789552239576
vn -0.6385621481307906 0.6661981545416679 -0.38525108936882446
vn 0.6385621481307906 -0.6661981545416679 0.38525108936882446
vn -0.23787803940235944 0.8182751355399229 -0.5232970866794598
vn 0.23787803940235944 -0.8182751355399229 0.5232970866794598
vn -0.051006012996104085 0.6982871779204535 -0.7139981819235468
vn 0.051006012996104085 -0.6982871779204535 0.7139981819235468
vn 0.017356993218580877 0.49085980821988345 -0.8710656596725355
vn -0.017356993218580877 -0.49085980821988345 0.8710656596725355
vn 0.14936002890639616 0.6732731303019281 -0.7241511401486043
vn -0.14936002890639616 -0.6732731303019281 0.7241511401486043
vn 0.3774110642832999 0.7415081262988655 -0.5547310944856909
vn -0.3774110642832999 -0.7415081262988655 0.5547310944856909
vn 0.3736230019602132 0.2686430014094357 -0.8878270046579843
vn -0.3736230019602132 -0.2686430014094357 0.8878270046579843
vn 0.5943549176595614 0.174444975832831 -0.7850548912404653
vn -0.5943549176595614 -0.174444975832831 0.7850548912404653
vn 0.7659505893563824 -0.5963616802768725 -0.24015087124962897
vn -0.7659505893563824 0.5963616802768725 0.24015087124962897
vn 0.7309965756350467 -0.57253866762451 -0.37127278446525863
vn -0.7309965756350467 0.57253866762451 0.37127278446525863
vn 0.681223879934302 -0.4359299231673577 -0.5881318963417623
vn -0.681223879934302 0.4359299231673577 0.5881318963417623
vn 0.5850010562694996 -0.2695870259307684 -0.7649160735749858
vn -0.5850010562694996 0.2695870259307684 0.7649160735749858
vn 0.44888716114939775 -0.08485603046310809 -0.889550319346398
vn -0.44888716114939775 0.08485603046310809 0.889550319346398
vn 0.28217207730330873 0.10565402894477062 -0.9535282612267311
vn -0.28217207730330873 -0.10565402894477062 0.9535282612267311
vn 0.6071131103139797 -0.19565503555101246 0.7701511399384003
vn -0.6071131103139797 0.19565503555101246 -0.7701511399384003
vn -0.35458594905646323 -0.18562397333131306 0.9164128683385143
vn 0.35458594905646323 0.18562397333131306 -0.9164128683385143
vn -0.12972694955373978 -0.3254998734245165 0.9366006357888645
vn 0.12972694955373978 0.3254998734245165 -0.9366006357888645
vn -0.3044910364679803 -0.10348401239397066 0.9468771134046379
vn 0.3044910364679803 0.10348401239397066 -0.9468771134046379
vn 0.6087636412821729 -0.2709108403640736 0.7456635606130296
vn -0.6087636412821729 0.2709108403640736 -0.7456635606130296
vn -0.09650800070441211 -0.42150300307655064 0.9016770065813404
vn 0.09650800070441211 0.42150300307655064 -0.9016770065813404
vn -0.23518607344815198 -0.6028821882789311 0.762378238089236
vn 0.23518607344815198 0.6028821882789311 -0.762378238089236
vn -0.37548409328434107 -0.7285621810021894 0.5728951423286543
vn 0.37548409328434107 0.7285621810021894 -0.5728951423286543
vn -0.3826830832638118 -0.31535206861399545 0.868393188944142
vn 0.3826830832638118 0.31535206861399545 -0.868393188944142
vn -0.12184497409813744 -0.3830799185646882 0.9156438053520026
vn 0.12184497409813744 0.3830799185646882 -0.9156438053520026
vn -0.3811658118646063 -0.3532188256586485 0.8543705783007283
vn 0.3811658118646063 0.3532188256586485 -0.8543705783007283
vn 0.13042695388097184 -0.34376587844423523 0.9299536711679749
vn -0.13042695388097184 0.34376587844423523 -0.9299536711679749
vn 0.38252301229065566 -0.33102101063587097 0.8626130277161884
vn -0.38252301229065566 0.33102101063587097 -0.8626130277161884
vn 0.6041299105751867 -0.21097096877155225 0.7684518862518392
vn -0.6041299105751867 0.21097096877155225 -0.7684518862518392
vn 0.5629780582364236 -0.06552700677834346 0.8238700852240096
vn -0.5629780582364236 0.06552700677834346 -0.8238700852240096
vn 0.4828140251157446 0.06397400332789555 0.8733830454329506
vn -0.4828140251157446 -0.06397400332789555 -0.8733830454329506
vn -0.3576721197570512 -0.17748805942718343 0.9168253069747095
vn 0.3576721197570512 0.17748805942718343 -0.9168253069747095
vn -0.1478740032957421 0.015482000345054864 0.988885022039775
vn 0.1478740032957421 -0.015482000345054864 -0.988885022039775
vn -0.2355399433542994 -0.030664992625285027 0.9713807663897533
vn 0.2355399433542994 0.030664992625285027 -0.9713807663897533
vn 0 0.28910905124501735 0.9572961696821971
vn 0 -0.28910905124501735 -0.9572961696821971
vn 0.4850269602059645 0.07543099381126417 0.8712399285191231
vn -0.4850269602059645 -0.07543099381126417 -0.8712399285191231
vn -0.5425650587367401 -0.7598620822607739 0.3580960387665838
vn 0.5425650587367401 0.7598620822607739 -0.3580960387665838
vn 0.20767397925607012 -0.6212129379489065 0.7556229245230967
vn -0.20767397925607012 0.6212129379489065 -0.7556229245230967
vn 0.08844502885510674 -0.42912114000036583 0.8989062932673271
vn -0.08844502885510674 0.42912114000036583 -0.8989062932673271
vn -0.866027017078919 -0.46380200914663955 -0.1867750036833902
vn 0.866027017078919 0.46380200914663955 0.1867750036833902
vn -0.8381121412244219 -0.5401030910089988 -0.07652901289536965
vn 0.8381121412244219 0.5401030910089988 0.07652901289536965
vn -0.7842761792588897 -0.5951061360210447 0.1753840400868328
vn 0.7842761792588897 0.5951061360210447 -0.1753840400868328
vn -0.8362668172113279 -0.4452479026790597 -0.3200189300512302
vn 0.8362668172113279 0.4452479026790597 0.3200189300512302
vn -0.7793150657749736 -0.31730302678069383 -0.5403580456067617
vn 0.7793150657749736 0.31730302678069383 0.5403580456067617
vn -0.669232059964199 -0.16771701502769665 -0.7238780648605635
vn 0.669232059964199 0.16771701502769665 0.7238780648605635
vn -0.5135197925462618 -0.006691997296540519 -0.858051653360931
vn 0.5135197925462618 0.006691997296540519 0.858051653360931
vn -0.3228028900517402 0.15478494727948225 -0.9337236819690995
vn 0.3228028900517402 -0.15478494727948225 0.9337236819690995
vn -0.365004849875361 0.23878590178857292 -0.8998626298910758
vn 0.365004849875361 -0.23878590178857292 0.8998626298910758
vn -0.5806479414622708 0.1269459872020046 -0.804196918925294
vn 0.5806479414622708 -0.1269459872020046 0.804196918925294
vn -0.49185207470717124 0.8068291225488813 -0.3272740497094955
vn 0.49185207470717124 -0.8068291225488813 0.3272740497094955
vn -0.08124697581204755 0.8581397445241129 -0.5069468490773829
vn 0.08124697581204755 -0.8581397445241129 0.5069468490773829
vn 0.0510060129961044 0.6982871779204535 -0.7139981819235468
vn -0.0510060129961044 -0.6982871779204535 0.7139981819235468
vn 0.23787803940235974 0.8182751355399231 -0.5232970866794597
vn -0.23787803940235974 -0.8182751355399231 0.5232970866794597
vn 0.7891567829353544 0.30506191608998606 -0.5330748533729838
vn -0.7891567829353544 -0.30506191608998606 0.5330748533729838
vn 0.7399658302888564 0.4949098864924307 -0.45553789552239543
vn -0.7399658302888564 -0.4949098864924307 0.45553789552239543
vn 0.6385621481307907 0.6661981545416679 -0.38525108936882413
vn -0.6385621481307907 -0.6661981545416679 0.38525108936882413
vn 0.7933532457154221 0.2276340705022663 -0.5646001748665815
vn -0.7933532457154221 -0.2276340705022663 0.5646001748665815
vn 0.7926040815585682 0.19553602012055987 -0.5775330594278659
vn -0.7926040815585682 -0.19553602012055987 0.5775330594278659
vn 0.7865848380477048 0.13158097290840168 -0.6032998757847913
vn -0.7865848380477048 -0.13158097290840168 0.6032998757847913
vn 0.7745787990762222 0.06835498226889092 -0.628772836897919
vn -0.7745787990762222 -0.06835498226889092 0.628772836897919
vn 0.7329848840736853 -0.6680978943359837 -0.12797797975945222
vn -0.7329848840736853 0.6680978943359837 0.12797797975945222
vn 0.5656468383667216 -0.052310985052164485 0.8229867648319771
vn -0.5656468383667216 0.052310985052164485 -0.8229867648319771
vn 0.35856579227196034 -0.4465187413181495 0.8197875250722206
vn -0.35856579227196034 0.4465187413181495 -0.8197875250722206
vn 0.1051599472902194 -0.4117377936228647 0.9052145462753531
vn -0.1051599472902194 0.4117377936228647 -0.9052145462753531
vn -0.08024198457039083 -0.24246195337735935 0.9668368140884169
vn 0.08024198457039083 0.24246195337735935 -0.9668368140884169
vn -0.23347592980360465 -0.03675398894962107 0.9716677078603742
vn 0.23347592980360465 0.03675398894962107 -0.9716677078603742
vn 0.606706094549995 -0.3308590515615751 0.7228001126422626
vn -0.606706094549995 0.3308590515615751 -0.7228001126422626
vn -0.10382198125343778 -0.41326292537939346 0.9046738366480357
vn 0.10382198125343778 0.41326292537939346 -0.9046738366480357
vn -0.2608348349111645 -0.5823796313974886 0.7699345126893526
vn 0.2608348349111645 0.5823796313974886 -0.7699345126893526
vn -0.3829519799509328 -0.2681199859628469 0.8840019537189628
vn 0.3829519799509328 0.2681199859628469 -0.8840019537189628
vn 0.6087611546381367 -0.27079906878865917 0.7457061894250561
vn -0.6087611546381367 0.27079906878865917 -0.7457061894250561
vn 0.608624224937817 -0.2956601092712661 0.7363162721307634
vn -0.608624224937817 0.2956601092712661 -0.7363162721307634
vn 0.0802419845703904 -0.24246195337735935 0.9668368140884169
vn -0.0802419845703904 0.24246195337735935 -0.9668368140884169
vn 0.23347592980360427 -0.03675398894962108 0.9716677078603743
vn -0.23347592980360427 0.03675398894962108 -0.9716677078603743
vn 0.3697979139241834 0.16888696068911543 0.9136337873385132
vn -0.3697979139241834 -0.16888696068911543 -0.9136337873385132
vn -0.30724510307568 -0.0964280323500194 0.9467323176131246
vn 0.30724510307568 0.0964280323500194 -0.9467323176131246
vn -0.07939399390853596 0.28838297787396083 0.9542179267881095
vn 0.07939399390853596 -0.28838297787396083 -0.9542179267881095
vn 0.10285703687682556 0.5169701853467688 0.8498013046750675
vn -0.10285703687682556 -0.5169701853467688 -0.8498013046750675
vn 0.30190088311517077 0.4686498185561652 0.8301946785794
vn -0.30190088311517077 -0.4686498185561652 -0.8301946785794
vn 0.4811870007051793 0.37478400054924577 0.7924620011613532
vn -0.4811870007051793 -0.37478400054924577 -0.7924620011613532
vn 0.37544475071509287 -0.7285915162354303 0.572883619621157
vn -0.37544475071509287 0.7285915162354303 -0.572883619621157
vn 0.23516097974029437 -0.6028999480586645 0.7623719343197546
vn -0.23516097974029437 0.6028999480586645 -0.7623719343197546
vn 0.09649902580871596 -0.42151311273390807 0.9016732411529913
vn -0.09649902580871596 0.42151311273390807 -0.9016732411529913
vn 0.5425110739209363 -0.7599091035429418 0.35807804879064403
vn -0.5425110739209363 0.7599091035429418 -0.35807804879064403
vn -0.5915110318025916 -0.7131500383425129 0.37620702022677077
vn 0.5915110318025916 0.7131500383425129 -0.37620702022677077
vn 0.6866502872533413 -0.7157142994119826 0.12753205335177034
vn -0.6866502872533413 0.7157142994119826 -0.12753205335177034
vn -0.6358060691490003 -0.6626480720682831 0.39578804304511805
vn 0.6358060691490003 0.6626480720682831 -0.39578804304511805
vn -0.6751157596679466 -0.6087657832876382 0.4166808516672681
vn 0.6751157596679466 0.6087657832876382 -0.4166808516672681
vn -0.9230130277065439 0.10588000317825312 -0.36991401110389416
vn 0.9230130277065439 -0.10588000317825312 0.36991401110389416
vn -0.9238797801438928 0.14326496590716856 -0.3548539155552464
vn 0.9238797801438928 -0.14326496590716856 0.3548539155552464
vn -0.9160135413921013 0.03139101855305497 -0.3999172363633543
vn 0.9160135413921013 -0.03139101855305497 0.3999172363633543
vn -0.7567150404861475 0.006451000345144801 -0.6537130349752828
vn 0.7567150404861475 -0.006451000345144801 0.6537130349752828
vn -0.9020402970685287 -0.04225001391417816 -0.4295791414731073
vn 0.9020402970685287 0.04225001391417816 0.4295791414731073
vn -0.9189241029374242 0.2332130261244081 -0.31810403563385714
vn 0.9189241029374242 -0.2332130261244081 0.31810403563385714
vn -0.8614382456697318 0.45406112949166877 -0.22749206487744766
vn 0.8614382456697318 -0.45406112949166877 0.22749206487744766
vn -0.7431681040717822 0.6531400914644385 -0.14529002034612531
vn 0.7431681040717822 -0.6531400914644385 0.14529002034612531
vn -0.31000893552481323 0.9067198114217935 -0.28592594053355785
vn 0.31000893552481323 -0.9067198114217935 0.28592594053355785
vn 0.08124697581204779 0.8581397445241129 -0.5069468490773829
vn -0.08124697581204779 -0.8581397445241129 0.5069468490773829
vn 0.49185207470717146 0.8068291225488814 -0.3272740497094953
vn -0.49185207470717146 -0.8068291225488814 0.3272740497094953
vn 0.3649870563085651 0.23873203683050734 -0.899884138830086
vn -0.3649870563085651 -0.23873203683050734 0.899884138830086
vn 0.580619178795317 0.12686003906515975 -0.8042312476542041
vn -0.580619178795317 -0.12686003906515975 0.8042312476542041
vn 0.8190718959659995 -0.5321619324077225 -0.21430097278067078
vn -0.8190718959659995 0.5321619324077225 0.21430097278067078
vn 0.788538170003328 -0.6062771307091196 -0.10312902223389765
vn -0.788538170003328 0.6062771307091196 0.10312902223389765
vn 0.7865920970745166 -0.5110720630721738 -0.3465230427649312
vn -0.7865920970745166 0.5110720630721738 0.3465230427649312
vn 0.7330280757357319 -0.3786470391214353 -0.5650630583817531
vn -0.7330280757357319 0.3786470391214353 0.5650630583817531
vn 0.6294862832619671 -0.22039509917539246 -0.7450993352865801
vn -0.6294862832619671 0.22039509917539246 0.7450993352865801
vn 0.4830219675397175 -0.04711099683402315 -0.874339941242172
vn -0.4830219675397175 0.04711099683402315 0.874339941242172
vn 0.30363003567516517 0.12937801520133568 -0.9439651109116592
vn -0.30363003567516517 -0.12937801520133568 0.9439651109116592
vn 0.7886061636547222 -0.11014002285670058 0.604954125542513
vn -0.7886061636547222 0.11014002285670058 -0.604954125542513
vn -0.562978058236424 -0.06552700677834347 0.8238700852240094
vn 0.562978058236424 0.06552700677834347 -0.8238700852240094
vn -0.3799802336388983 -0.27759717068650264 0.8823575425362312
vn 0.3799802336388983 0.27759717068650264 -0.8823575425362312
vn -0.48281402511574495 0.06397400332789555 0.8733830454329503
vn 0.48281402511574495 -0.06397400332789555 -0.8733830454329503
vn -0.13052605135829154 -0.3383901331468997 0.9319093666798485
vn 0.13052605135829154 0.3383901331468997 -0.9319093666798485
vn -0.3697979139241837 0.1688869606891154 0.9136337873385131
vn 0.3697979139241837 -0.1688869606891154 -0.9136337873385131
vn 0.7933558828050808 -0.20793696928344935 0.5721439154826211
vn -0.7933558828050808 0.20793696928344935 -0.5721439154826211
vn -0.11034003256388643 -0.40445511936402595 0.9078772679355024
vn 0.11034003256388643 0.40445511936402595 -0.9078772679355024
vn -0.28444698460558754 -0.5598559697003159 0.7782359578814818
vn 0.28444698460558754 0.5598559697003159 -0.7782359578814818
vn -0.41632517990788803 -0.6958103006826578 0.5852532529072983
vn 0.41632517990788803 0.6958103006826578 -0.5852532529072983
vn -0.6087611546381371 -0.27079906878865917 0.7457061894250557
vn 0.6087611546381371 0.27079906878865917 -0.7457061894250557
vn -0.10515994729021981 -0.4117377936228647 0.9052145462753531
vn 0.10515994729021981 0.4117377936228647 -0.9052145462753531
vn -0.35856579227196067 -0.4465187413181495 0.8197875250722206
vn 0.35856579227196067 0.4465187413181495 -0.8197875250722206
vn -0.6067060945499954 -0.3308590515615751 0.7228001126422623
vn 0.6067060945499954 0.3308590515615751 -0.7228001126422623
vn 0.12948395028199217 -0.3544338639078784 0.926072644415492
vn -0.12948395028199217 0.3544338639078784 -0.926072644415492
vn 0.38001179950107716 -0.3622908088508912 0.8510795509599088
vn -0.38001179950107716 0.3622908088508912 -0.8510795509599088
vn 0.6048650851084548 -0.34530104858610555 0.7175691009666438
vn -0.6048650851084548 0.34530104858610555 -0.7175691009666438
vn 0.7873176582231166 -0.13011894351498865 0.6026607383832224
vn -0.7873176582231166 0.13011894351498865 -0.6026607383832224
vn 0.7336871640161505 0.05867701311727694 0.6769491513323384
vn -0.7336871640161505 -0.05867701311727694 -0.6769491513323384
vn 0.6292150480484356 0.2267390173143587 0.7434230567696455
vn -0.6292150480484356 -0.2267390173143587 -0.7434230567696455
vn 0.4819306866735887 0.36285976408734527 0.7975434814784707
vn -0.4819306866735887 -0.36285976408734527 -0.7975434814784707
vn -0.5656087601584641 -0.052220977856143096 0.8230186510060106
vn 0.5656087601584641 0.052220977856143096 -0.8230186510060106
vn -0.6070958004203241 -0.19554493571559084 0.770192746803027
vn 0.6070958004203241 0.19554493571559084 -0.770192746803027
vn -0.23303707702179635 0.25114208300573676 0.9394793105101766
vn 0.23303707702179635 -0.25114208300573676 -0.9394793105101766
vn -0.37129788354058074 0.1787749439263535 0.911140714216204
vn 0.37129788354058074 -0.1787749439263535 -0.911140714216204
vn -0.48498388713529067 0.07548998243208638 0.8712587972419831
vn 0.48498388713529067 -0.07548998243208638 -0.8712587972419831
vn 0 0.5195339013779278 0.8544498378015117
vn 0 -0.5195339013779278 -0.8544498378015117
vn 0.6285546645822637 0.24098887140029926 0.7394886053842128
vn -0.6285546645822637 -0.24098887140029926 -0.7394886053842128
vn 0.7336016130953099 0.0756979600765656 0.6753506438171254
vn -0.7336016130953099 -0.0756979600765656 -0.6753506438171254
vn 0.2608079852970805 -0.5824029671673251 0.7699259565958102
vn -0.2608079852970805 0.5824029671673251 -0.7699259565958102
vn 0.10381298199130386 -0.41327392830834486 0.9046698430646742
vn -0.10381298199130386 0.41327392830834486 -0.9046698430646742
vn -0.9063196967595281 -0.39199986884294186 -0.1578629471815139
vn 0.9063196967595281 0.39199986884294186 0.1578629471815139
vn -0.8811918439964533 -0.47026891674500926 -0.04845699142132068
vn 0.8811918439964533 0.47026891674500926 0.04845699142132068
vn -0.8240992518159264 -0.5294131617701576 0.20145006155609715
vn 0.8240992518159264 0.5294131617701576 -0.20145006155609715
vn -0.8795063073571651 -0.375747131310682 -0.2920321020551627
vn 0.8795063073571651 0.375747131310682 0.2920321020551627
vn -0.8196036490044025 -0.25253389185225755 -0.5142727797624723
vn 0.8196036490044025 0.25253389185225755 0.5142727797624723
vn -0.7038260906285241 -0.11209701443422888 -0.7014720903254104
vn 0.7038260906285241 0.11209701443422888 0.7014720903254104
vn -0.5400648644985524 0.03598399097167196 -0.8408537890310721
vn 0.5400648644985524 -0.03598399097167196 0.8408537890310721
vn -0.33949082259877733 0.1816099050995875 -0.9229105177323121
vn 0.33949082259877733 -0.1816099050995875 0.9229105177323121
vn -0.35359395003328864 0.2096809703697747 -0.9115948711816263
vn 0.35359395003328864 -0.2096809703697747 0.9115948711816263
vn -0.5624981542718898 0.080644022117594 -0.8228562256782254
vn 0.5624981542718898 -0.080644022117594 0.8228562256782254
vn -0.5722479207983181 0.8164158870043753 -0.07744298928154247
vn 0.5722479207983181 -0.8164158870043753 0.07744298928154247
vn -0.10588295779776137 0.9585836179330899 -0.2643978946177622
vn 0.10588295779776137 -0.9585836179330899 0.2643978946177622
vn 0.3100089355248134 0.9067198114217935 -0.2859259405335577
vn -0.3100089355248134 -0.9067198114217935 0.2859259405335577
vn 0.9189241029374243 0.23321302612440814 -0.3181040356338568
vn -0.9189241029374243 -0.23321302612440814 0.3181040356338568
vn 0.8614382456697319 0.4540611294916688 -0.22749206487744728
vn -0.8614382456697319 -0.4540611294916688 0.22749206487744728
vn 0.7431681040717822 0.6531400914644385 -0.14529002034612495
vn -0.7431681040717822 -0.6531400914644385 0.14529002034612495
vn 0.923879708103486 0.1430969547890252 -0.3549218878636892
vn -0.923879708103486 -0.1430969547890252 0.3549218878636892
vn 0.9230054696910518 0.1057159392613475 -0.3699797874296538
vn -0.9230054696910518 -0.1057159392613475 0.3699797874296538
vn 0.9159918364272306 0.031237994421691347 -0.399978928573969
vn -0.9159918364272306 -0.031237994421691347 0.399978928573969
vn 0.7566779976039792 0.0063399999799245346 -0.6537569979298783
vn -0.7566779976039792 -0.0063399999799245346 0.6537569979298783
vn 0.902006638201151 -0.04239198299638817 -0.4296358276711705
vn -0.902006638201151 0.04239198299638817 0.4296358276711705
vn 0.738302842504516 -0.6574278597568465 0.1506569678617084
vn -0.738302842504516 0.6574278597568465 -0.1506569678617084
vn 0.5716321514342371 -0.4791331269298088 0.6660841764560461
vn -0.5716321514342371 0.4791331269298088 -0.6660841764560461
vn 0.31026500124881645 -0.5312210021381647 0.7883780031732214
vn -0.31026500124881645 0.5312210021381647 -0.7883780031732214
vn 0.08100201641987974 -0.4352790882352156 0.8966441817583122
vn -0.08100201641987974 0.4352790882352156 -0.8966441817583122
vn -0.05047202609989922 -0.22612211693139503 0.9727905030456638
vn 0.05047202609989922 0.22612211693139503 -0.9727905030456638
vn -0.14664200579727205 0.010200000403241505 0.9891370391040499
vn 0.14664200579727205 -0.010200000403241505 -0.9891370391040499
vn -0.12755694315081711 -0.36496783734226557 0.9222405889786724
vn 0.12755694315081711 0.36496783734226557 -0.9222405889786724
vn -0.12465199729056442 -0.37532799184187104 0.9184719800360932
vn 0.12465199729056442 0.37532799184187104 -0.9184719800360932
vn -0.2320750675865358 0.24253607063306235 0.9419752743286732
vn 0.2320750675865358 -0.24253607063306235 -0.9419752743286732
vn 0.7906750820665428 -0.28574202965802414 0.5414650562002855
vn -0.7906750820665428 0.28574202965802414 -0.5414650562002855
vn -0.11601106225915163 -0.3951482120624698 0.9112624890432703
vn 0.11601106225915163 0.3951482120624698 -0.9112624890432703
vn -0.3058418396490007 -0.5354897192460268 0.7872175872666503
vn 0.3058418396490007 0.5354897192460268 -0.7872175872666503
vn 0.12755203449409247 -0.36498809870429255 0.9222332494009546
vn -0.12755203449409247 0.36498809870429255 -0.9222332494009546
vn 0.7933534275025762 -0.20779111196931 0.5722003083330804
vn -0.7933534275025762 0.20779111196931 -0.5722003083330804
vn 0.7931749462885739 -0.24008498374216586 0.5596719621006951
vn -0.7931749462885739 0.24008498374216586 -0.5596719621006951
vn 0.78827561962518 -0.30456785303371153 0.5346587420055657
vn -0.78827561962518 0.30456785303371153 -0.5346587420055657
vn 0.05047202609989877 -0.22612211693139503 0.9727905030456638
vn -0.05047202609989877 0.22612211693139503 -0.9727905030456638
vn 0.1466420057972716 0.010200000403241505 0.9891370391040499
vn -0.1466420057972716 -0.010200000403241505 -0.9891370391040499
vn 0.2320750675865354 0.24253607063306237 0.9419752743286733
vn -0.2320750675865354 -0.24253607063306237 -0.9419752743286733
vn 0.30244586439328536 0.45839679447005033 0.8357026252986052
vn -0.30244586439328536 -0.45839679447005033 -0.8357026252986052
vn -0.10285505803464592 0.5169702916938486 0.8498014794895727
vn 0.10285505803464592 -0.5169702916938486 -0.8498014794895727
vn 0.11965001742194105 0.7126371037653144 0.691254100651789
vn -0.11965001742194105 -0.7126371037653144 -0.691254100651789
vn 0.35108286337367245 0.6560637446882507 0.6680727400148675
vn -0.35108286337367245 -0.6560637446882507 -0.6680727400148675
vn 0.5592989426805303 0.5463719440053472 0.6234279361083032
vn -0.5592989426805303 -0.5463719440053472 -0.6234279361083032
vn 0.7302489639297184 0.39041198071579575 0.5606379723075685
vn -0.7302489639297184 -0.39041198071579575 -0.5606379723075685
vn 0.41628290818923086 -0.695846846531691 0.5852398709259459
vn -0.41628290818923086 0.695846846531691 -0.5852398709259459
vn 0.28442008288500137 -0.5598831631597756 0.7782262267887743
vn -0.28442008288500137 0.5598831631597756 -0.7782262267887743
vn 0.11033096266875257 -0.40446786314549055 0.9078726928149712
vn -0.11033096266875257 0.40446786314549055 -0.9078726928149712
vn 0.5914559251642694 -0.7132079097592353 0.3761839524021998
vn -0.5914559251642694 0.7132079097592353 -0.3761839524021998
vn -0.4538831489261209 -0.6598482165064631 0.5988241964835326
vn 0.4538831489261209 0.6598482165064631 -0.5988241964835326
vn -0.7091498838107652 -0.551934909569336 0.4387189281189803
vn 0.7091498838107652 0.551934909569336 -0.4387189281189803
vn -0.4878711998781884 -0.6209692544077405 0.6134972513465008
vn 0.4878711998781884 0.6209692544077405 -0.6134972513465008
vn -0.518034948168016 -0.579486942019437 0.6291539370500057
vn 0.518034948168016 0.579486942019437 -0.6291539370500057
vn -0.990511562315819 0.008868996080995515 -0.13714293939970296
vn 0.990511562315819 -0.008868996080995515 0.13714293939970296
vn -0.9914448818187857 0.04898899416046328 -0.12098398557858898
vn 0.9914448818187857 -0.04898899416046328 0.12098398557858898
vn -0.9860009329687008 0.14547399011024206 -0.08148299446054195
vn 0.9860009329687008 -0.14547399011024206 0.08148299446054195
vn -0.9829925486875815 -0.0710679673712112 -0.16933692225388094
vn 0.9829925486875815 0.0710679673712112 0.16933692225388094
vn -0.7330616321292396 -0.05389397295450198 -0.6780236597488285
vn 0.7330616321292396 0.05389397295450198 0.6780236597488285
vn -0.8812002894985755 -0.11448103761017514 -0.45867215068643985
vn 0.8812002894985755 0.11448103761017514 0.45867215068643985
vn -0.9679905473866016 -0.15009392981902162 -0.20116190594063768
vn 0.9679905473866016 0.15009392981902162 0.20116190594063768
vn -0.9239360907360722 0.38221603753591 0.01590600156206474
vn 0.9239360907360722 -0.38221603753591 -0.01590600156206474
vn -0.7966781021863216 0.5953490763627519 0.10422801336885906
vn 0.7966781021863216 -0.5953490763627519 -0.10422801336885906
vn -0.3605871766167241 0.9322734566304477 -0.029036014221930223
vn 0.3605871766167241 -0.9322734566304477 0.029036014221930223
vn 0.1058829577977615 0.9585836179330899 -0.2643978946177621
vn -0.1058829577977615 -0.9585836179330899 0.2643978946177621
vn 0.5722479207983181 0.8164158870043753 -0.07744298928154222
vn -0.5722479207983181 -0.8164158870043753 0.07744298928154222
vn 0.3535721345573819 0.20963307977913317 -0.9116143469290356
vn -0.3535721345573819 -0.20963307977913317 0.9116143469290356
vn 0.5624640541219814 0.08056700775239972 -0.8228870791806671
vn -0.5624640541219814 -0.08056700775239972 0.8228870791806671
vn 0.8659609778708005 -0.4639079881450635 -0.18681799522595954
vn -0.8659609778708005 0.4639079881450635 0.18681799522595954
vn 0.8380448178970712 -0.5402018826168447 -0.0765689833619445
vn -0.8380448178970712 0.5402018826168447 0.0765689833619445
vn 0.7842143222713734 -0.5951982445955785 0.17534807205895436
vn -0.7842143222713734 0.5951982445955785 -0.17534807205895436
vn 0.8361997394903737 -0.4453458612569719 -0.32005790028917713
vn -0.8361997394903737 0.4453458612569719 0.32005790028917713
vn 0.7792526316980196 -0.31739384998859305 -0.5403947445905901
vn -0.7792526316980196 0.31739384998859305 0.5403947445905901
vn 0.6691779846728132 -0.16779499615673937 -0.7239099834192039
vn -0.6691779846728132 0.16779499615673937 0.7239099834192039
vn 0.513478821637771 -0.006751997654622937 -0.8580757019384468
vn -0.513478821637771 0.006751997654622937 0.8580757019384468
vn 0.32277697646003756 0.1547469887143801 -0.9337389319028889
vn -0.32277697646003756 -0.1547469887143801 0.9337389319028889
vn 0.916268794886381 -0.017604996058990123 0.40017691041740744
vn -0.916268794886381 0.017604996058990123 -0.40017691041740744
vn 0.8521242481786669 0.19819305772314177 0.4843591410681675
vn -0.8521242481786669 -0.19819305772314177 -0.4843591410681675
vn -0.7336871640161509 0.05867701311727694 0.676949151332338
vn 0.7336871640161509 -0.05867701311727694 -0.676949151332338
vn -0.6041299105751871 -0.21097096877155228 0.768451886251839
vn 0.6041299105751871 0.21097096877155228 -0.768451886251839
vn -0.629215048048436 0.2267390173143587 0.7434230567696452
vn 0.629215048048436 -0.2267390173143587 -0.7434230567696452
vn -0.38268215658476895 -0.31528112900581307 0.8684193553372992
vn 0.38268215658476895 0.31528112900581307 -0.8684193553372992
vn -0.48193068667358907 0.36285976408734527 0.7975434814784704
vn 0.48193068667358907 -0.36285976408734527 -0.7975434814784704
vn -0.13042804257224194 -0.3437421121988189 0.9299623035434652
vn 0.13042804257224194 0.3437421121988189 -0.9299623035434652
vn -0.12948695031107588 -0.3544118639990808 0.9260806446286598
vn 0.12948695031107588 0.3544118639990808 -0.9260806446286598
vn -0.12079401989230064 -0.38541406346980067 0.9148031506493377
vn 0.12079401989230064 0.38541406346980067 -0.9148031506493377
vn -0.30244586439328563 0.4583967944700503 0.8357026252986051
vn 0.30244586439328563 -0.4583967944700503 -0.8357026252986051
vn 0.9238818189759999 -0.1307919743728193 0.3596329295340702
vn -0.9238818189759999 0.1307919743728193 -0.3596329295340702
vn -0.3248580146203979 -0.5094760229292239 0.7968070358606998
vn 0.3248580146203979 0.5094760229292239 -0.7968070358606998
vn -0.7933534275025764 -0.20779111196930997 0.57220030833308
vn 0.7933534275025764 0.20779111196930997 -0.57220030833308
vn -0.08100201641988013 -0.43527908823521555 0.8966441817583121
vn 0.08100201641988013 0.43527908823521555 -0.8966441817583121
vn -0.31026500124881673 -0.5312210021381646 0.7883780031732213
vn 0.31026500124881673 0.5312210021381646 -0.7883780031732213
vn -0.5716321514342374 -0.4791331269298088 0.6660841764560458
vn 0.5716321514342374 0.4791331269298088 -0.6660841764560458
vn -0.7906750820665431 -0.28574202965802414 0.5414650562002852
vn 0.7906750820665431 0.28574202965802414 -0.5414650562002852
vn 0.12464600299462004 -0.3753470090177122 0.9184650220661223
vn -0.12464600299462004 0.3753470090177122 -0.9184650220661223
vn 0.374593118378374 -0.3932671242797065 0.8396552653466393
vn -0.374593118378374 0.3932671242797065 -0.8396552653466393
vn 0.5964708334886287 -0.3945158898665652 0.6989848048707301
vn -0.5964708334886287 0.3945158898665652 -0.6989848048707301
vn 0.7773360707546869 -0.36849603354124766 0.5098620464086654
vn -0.7773360707546869 0.36849603354124766 -0.5098620464086654
vn 0.9173534329423028 -0.04042101907658329 0.39601618689869567
vn -0.9173534329423028 0.04042101907658329 -0.39601618689869567
vn 0.9238796708545296 -0.13062295346368713 0.35969987185172797
vn -0.9238796708545296 0.13062295346368713 -0.35969987185172797
vn 0.8560470503787985 0.1792270105475994 0.4848310285325495
vn -0.8560470503787985 -0.1792270105475994 -0.4848310285325495
vn 0.7351067266381175 0.37526186045252347 0.5646207900361999
vn -0.7351067266381175 -0.37526186045252347 -0.5646207900361999
vn 0.5636600666344878 0.5344180631775709 0.6298290744568231
vn -0.5636600666344878 -0.5344180631775709 -0.6298290744568231
vn 0.3540249641498406 0.6463399345487129 0.6759519315500693
vn -0.3540249641498406 -0.6463399345487129 -0.6759519315500693
vn -0.7335508031714745 0.07581397965736814 0.675392818776597
vn 0.7335508031714745 -0.07581397965736814 -0.675392818776597
vn -0.7885829889637813 -0.10999899846056416 0.605009991532885
vn 0.7885829889637813 0.10999899846056416 -0.605009991532885
vn -0.30188104042534575 0.4686600627589759 0.830196111172814
vn 0.30188104042534575 -0.4686600627589759 -0.830196111172814
vn -0.48114326350058634 0.37482020527221555 0.7924714340010619
vn 0.48114326350058634 -0.37482020527221555 -0.7924714340010619
vn 0 0.7176632821604986 0.6963902737966842
vn 0 -0.7176632821604986 -0.6963902737966842
vn 0.3058148495100785 -0.535522736472004 0.7872056126201491
vn -0.3058148495100785 0.535522736472004 -0.7872056126201491
vn 0.1160030108679164 -0.39516303702144384 0.911257085372491
vn -0.1160030108679164 0.39516303702144384 -0.911257085372491
vn 0.6357510237735919 -0.6627170247819723 0.39576101479928555
vn -0.6357510237735919 0.6627170247819723 -0.39576101479928555
vn -0.9397123603135095 -0.31720912162735815 -0.12774604898161332
vn 0.9397123603135095 0.31720912162735815 0.12774604898161332
vn -0.9175208526929565 -0.3972289362252966 -0.019095996934157325
vn 0.9175208526929565 0.3972289362252966 0.019095996934157325
vn -0.8575429484646718 -0.4607879723082565 0.22867998625713332
vn 0.8575429484646718 0.4607879723082565 -0.22867998625713332
vn -0.7376620686140094 -0.4926100458203719 0.46172504294758737
vn 0.7376620686140094 0.4926100458203719 -0.46172504294758737
vn -0.5441501495270403 -0.5357361472149562 0.6456681774231827
vn 0.5441501495270403 0.5357361472149562 -0.6456681774231827
vn -0.9160499531619091 -0.3030149845066927 -0.2627439865657692
vn 0.9160499531619091 0.3030149845066927 0.2627439865657692
vn -0.8536518172139582 -0.18475396044002423 -0.4869748957277292
vn 0.8536518172139582 0.18475396044002423 0.4869748957277292
vn -0.6131019810539229 0.7699499762070061 0.17686999453436353
vn 0.6131019810539229 -0.7699499762070061 -0.17686999453436353
vn -0.12313900704841539 0.9923820568034545 -0.003826000218998153
vn 0.12313900704841539 -0.9923820568034545 0.003826000218998153
vn 0.3605871766167241 0.9322734566304477 -0.029036014221930067
vn -0.3605871766167241 -0.9322734566304477 0.029036014221930067
vn 0.9860009329687008 0.14547399011024206 -0.08148299446054152
vn -0.9860009329687008 -0.14547399011024206 0.08148299446054152
vn 0.9239360907360722 0.38221603753591 0.015906001562065154
vn -0.9239360907360722 -0.38221603753591 -0.015906001562065154
vn 0.7966781021863216 0.5953490763627519 0.1042280133688594
vn -0.7966781021863216 -0.5953490763627519 -0.1042280133688594
vn 0.9914448978127711 0.04880799496940905 -0.12105698752277774
vn -0.9914448978127711 -0.04880799496940905 0.12105698752277774
vn 0.9905032758284573 0.008693002420766831 -0.13721403821040998
vn -0.9905032758284573 -0.008693002420766831 0.13721403821040998
vn 0.9829692105230299 -0.0712330152560121 -0.16940303628113668
vn -0.9829692105230299 0.0712330152560121 0.16940303628113668
vn 0.7330169771221742 -0.05399399831482019 -0.6780639788372843
vn -0.7330169771221742 0.05399399831482019 0.6780639788372843
vn 0.8811563146464372 -0.11461104092571883 -0.45872416380285896
vn -0.8811563146464372 0.11461104092571883 0.45872416380285896
vn 0.9679540460707421 -0.1502460071511091 -0.20122400957745806
vn -0.9679540460707421 0.1502460071511091 0.20122400957745806
vn 0.675063165223755 -0.6088451490166951 0.41665010197637486
vn -0.675063165223755 0.6088451490166951 -0.41665010197637486
vn 0.744965967387998 -0.47812597906931864 0.46521097963469205
vn -0.744965967387998 0.47812597906931864 -0.46521097963469205
vn 0.4953799712456703 -0.6141529643514924 0.6143409643405797
vn -0.4953799712456703 0.6141529643514924 -0.6143409643405797
vn 0.2426119623382561 -0.546361915185788 0.8016408755576891
vn -0.2426119623382561 0.546361915185788 -0.8016408755576891
vn 0.23966004595481805 -0.6012801152954733 0.7622501461614793
vn -0.23966004595481805 0.6012801152954733 -0.7622501461614793
vn 0.051042002284614356 -0.4519810202304452 0.8905660398612915
vn -0.051042002284614356 0.4519810202304452 -0.8905660398612915
vn -0.01721899753949174 -0.21767296889562351 0.9758698605530861
vn 0.01721899753949174 0.21767296889562351 -0.9758698605530861
vn -0.04998897933808465 0.034416985774447205 0.9981565874325221
vn 0.04998897933808465 -0.034416985774447205 -0.9981565874325221
vn -0.0790779694844503 0.2804638917712486 0.9566016308551547
vn 0.0790779694844503 -0.2804638917712486 -0.9566016308551547
vn -0.7873176582231168 -0.13011894351498865 0.602660738383222
vn 0.7873176582231168 0.13011894351498865 -0.602660738383222
vn -0.3825248763966695 -0.33095189306118705 0.8626387212599081
vn 0.3825248763966695 0.33095189306118705 -0.8626387212599081
vn -0.37460621269884586 -0.39320722326037244 0.8396774767631286
vn 0.37460621269884586 0.39320722326037244 -0.8396774767631286
vn -0.3663159247026706 -0.4236569129160597 0.8284488297098751
vn 0.3663159247026706 0.4236569129160597 -0.8284488297098751
vn -0.35520610039972905 -0.4533381281369469 0.8175042310692383
vn 0.35520610039972905 0.4533381281369469 -0.8175042310692383
vn -0.10305602330071206 0.5075901147648688 0.8554131934068065
vn 0.10305602330071206 -0.5075901147648688 -0.8554131934068065
vn 0.9202152401255971 -0.2210210576743475 0.32303808429518405
vn -0.9202152401255971 0.2210210576743475 -0.32303808429518405
vn -0.34135307474779786 -0.48202010555036434 0.8069291766973355
vn 0.34135307474779786 0.48202010555036434 -0.8069291766973355
vn 0.12078699357781592 -0.3854309795068283 0.9147969513607046
vn -0.12078699357781592 0.3854309795068283 -0.9147969513607046
vn 0.3662990425769546 -0.42371204925038486 0.8284280962927595
vn -0.3662990425769546 0.42371204925038486 -0.8284280962927595
vn 0.9234912544509656 -0.16811604632127286 0.3448200950088113
vn -0.9234912544509656 0.16811604632127286 -0.3448200950088113
vn 0.9174292171917598 -0.24293605751256767 0.31512807460327186
vn -0.9174292171917598 0.24293605751256767 -0.31512807460327186
vn 0.9043468052674756 -0.31705493172872745 0.2857149384771519
vn -0.9043468052674756 0.31705493172872745 -0.2857149384771519
vn 0.017218997539491306 -0.21767296889562351 0.9758698605530861
vn -0.017218997539491306 0.21767296889562351 -0.9758698605530861
vn 0.049988979338084216 0.034416985774447205 0.9981565874325221
vn -0.049988979338084216 -0.034416985774447205 -0.9981565874325221
vn 0.07907796948444988 0.2804638917712486 0.9566016308551547
vn -0.07907796948444988 -0.2804638917712486 -0.9566016308551547
vn 0.10305602330071169 0.5075901147648688 0.8554131934068065
vn -0.10305602330071169 -0.5075901147648688 -0.8554131934068065
vn 0.12068397515593894 0.7040438550651947 0.6998268559333085
vn -0.12068397515593894 -0.7040438550651947 -0.6998268559333085
vn -0.6284969087413129 0.24106496499700786 0.7395128926216264
vn 0.6284969087413129 -0.24106496499700786 -0.7395128926216264
vn -0.11964697766173203 0.7126368669496402 0.6912548709416909
vn 0.11964697766173203 -0.7126368669496402 -0.6912548709416909
vn 0.12894300228628833 0.8639920153194424 0.4867150086299441
vn -0.12894300228628833 -0.8639920153194424 -0.4867150086299441
vn 0.37815811086614215 0.8024082352452663 0.461668135349114
vn -0.37815811086614215 -0.8024082352452663 -0.461668135349114
vn 0.6018822061789981 0.6832912340662353 0.41334114159292606
vn -0.6018822061789981 -0.6832912340662353 -0.41334114159292606
vn 0.7849408882409092 0.5145309267416063 0.34514595085846844
vn -0.7849408882409092 -0.5145309267416063 -0.34514595085846844
vn 0.45384014969965175 -0.6598932176664738 0.5988071975171854
vn -0.45384014969965175 0.6598932176664738 -0.5988071975171854
vn 0.32483209269588564 -0.5095141453977798 0.79679322737733
vn -0.32483209269588564 0.5095141453977798 -0.79679322737733
vn -0.5660280726525381 -0.49006506290230534 0.6629090850877009
vn 0.5660280726525381 0.49006506290230534 -0.6629090850877009
vn -0.9962086874445544 -0.08069697468173165 -0.03249998980329254
vn -0.99976611561396 -0.020061002319874496 -0.008079000934264027
vn 0.99976611561396 0.020061002319874496 0.008079000934264027
vn 0.9962086874445544 0.08069697468173165 0.03249998980329254
vn -0.9986015839482151 0.04892397961658646 0.020032991653566066
vn 0.9986015839482151 -0.04892397961658646 -0.020032991653566066
vn -0.9716122899165197 0.2188490653017258 0.08985902681276928
vn 0.9716122899165197 -0.2188490653017258 -0.08985902681276928
vn -0.8750106778171901 0.4476278351814471 0.1843519321208014
vn 0.8750106778171901 -0.4476278351814471 -0.1843519321208014
vn -0.9848292327964236 -0.16096303804884982 -0.06482501532350124
vn 0.9848292327964236 0.16096303804884982 0.06482501532350124
vn -0.9456195415914543 -0.22760613035848956 -0.2323771330910204
vn 0.9456195415914543 0.22760613035848956 0.2323771330910204
vn -0.9659490259270382 -0.2400010064418671 -0.0966540025942904
vn 0.9659490259270382 0.2400010064418671 0.0966540025942904
vn -0.7166601783319495 0.6445751603944914 0.2663100662679393
vn -0.802945738263419 0.5510318203799112 0.22724892592356602
vn 0.802945738263419 -0.5510318203799112 -0.22724892592356602
vn 0.7166601783319495 -0.6445751603944914 -0.2663100662679393
vn -0.386157874963645 0.8935917106586253 0.22885792589673112
vn 0.386157874963645 -0.8935917106586253 -0.22885792589673112
vn 0.12313900704841539 0.9923820568034545 -0.0038260002189980983
vn -0.12313900704841539 -0.9923820568034545 0.0038260002189980983
vn 0.6131019810539229 0.7699499762070061 0.1768699945343638
vn -0.6131019810539229 -0.7699499762070061 -0.1768699945343638
vn 0.33946697460294917 0.1815659864162322 -0.9229279309516107
vn -0.33946697460294917 -0.1815659864162322 0.9229279309516107
vn 0.540027006494905 0.03591600043196192 -0.8408810101132758
vn -0.540027006494905 -0.03591600043196192 0.8408810101132758
vn 0.906259827048485 -0.39211892516763935 -0.15791096986411535
vn -0.906259827048485 0.39211892516763935 0.15791096986411535
vn 0.8811294212654336 -0.4703812248879061 -0.048502023188677225
vn -0.8811294212654336 0.4703812248879061 0.048502023188677225
vn 0.8240421184346378 -0.5295180761044614 0.20140802894716964
vn -0.8240421184346378 0.5295180761044614 -0.20140802894716964
vn 0.8794436873815697 -0.3758588663923449 -0.29207689617456783
vn -0.8794436873815697 0.3758588663923449 0.29207689617456783
vn 0.8195450470033686 -0.2526380144895483 -0.5143150294975106
vn -0.8195450470033686 0.2526380144895483 0.5143150294975106
vn 0.7037759805726164 -0.11218699690313394 -0.7015079806352231
vn -0.7037759805726164 0.11218699690313394 0.7015079806352231
vn 0.9826407723314946 0.07576998244481688 0.1693399607655446
vn -0.9826407723314946 -0.07576998244481688 -0.1693399607655446
vn 0.9148417884131285 0.3073849289072534 0.26187593943268533
vn -0.9148417884131285 -0.3073849289072534 -0.26187593943268533
vn -0.8560470503787987 0.17922701054759937 0.4848310285325491
vn 0.8560470503787987 -0.17922701054759937 -0.4848310285325491
vn -0.917353432942303 -0.040421019076583284 0.3960161868986953
vn 0.917353432942303 0.040421019076583284 -0.3960161868986953
vn -0.6087588347064757 -0.2706869265016071 0.7457487975102121
vn 0.6087588347064757 0.2706869265016071 -0.7457487975102121
vn -0.7351067266381177 0.3752618604525235 0.5646207900361997
vn 0.7351067266381177 -0.3752618604525235 -0.5646207900361997
vn -0.5636600666344881 0.5344180631775709 0.6298290744568229
vn 0.5636600666344881 -0.5344180631775709 -0.6298290744568229
vn -0.3540249641498409 0.6463399345487129 0.675951931550069
vn 0.3540249641498409 -0.6463399345487129 -0.675951931550069
vn -0.38002015351202234 -0.36222614632399824 0.8511033438096484
vn 0.38002015351202234 0.36222614632399824 -0.8511033438096484
vn -0.12068397515593923 0.7040438550651947 0.6998268559333085
vn 0.12068397515593923 -0.7040438550651947 -0.6998268559333085
vn 0.9914457547817861 -0.044733988935764975 0.12261396967340041
vn -0.9914457547817861 0.044733988935764975 -0.12261396967340041
vn -0.9238796708545298 -0.13062295346368719 0.35969987185172764
vn 0.9238796708545298 0.13062295346368719 -0.35969987185172764
vn -0.9162434364925216 -0.017440008308308663 0.40024219067282324
vn 0.9162434364925216 0.017440008308308663 -0.40024219067282324
vn -0.05104200228461476 -0.4519810202304452 0.8905660398612915
vn 0.05104200228461476 0.4519810202304452 -0.8905660398612915
vn -0.23966004595481835 -0.6012801152954733 0.7622501461614792
vn 0.23966004595481835 0.6012801152954733 -0.7622501461614792
vn -0.24261196233825635 -0.5463619151857879 0.8016408755576889
vn 0.24261196233825635 0.5463619151857879 -0.8016408755576889
vn -0.4953799712456706 -0.6141529643514924 0.6143409643405796
vn 0.4953799712456706 0.6141529643514924 -0.6143409643405796
vn -0.7449659673879981 -0.47812597906931864 0.4652109796346917
vn 0.7449659673879981 0.47812597906931864 -0.4652109796346917
vn -0.9202152401255973 -0.22102105767434754 0.32303808429518366
vn 0.9202152401255973 0.22102105767434754 -0.32303808429518366
vn 0.3551849248846119 -0.4533879041164029 0.8174858271160718
vn -0.3551849248846119 0.4533879041164029 -0.8174858271160718
vn 0.5834870341494548 -0.44292302592273547 0.6807070398394018
vn -0.5834870341494548 0.44292302592273547 -0.6807070398394018
vn 0.7604151882875684 -0.43137410681320293 0.48547412020899006
vn -0.7604151882875684 0.43137410681320293 -0.48547412020899006
vn 0.8843232090571265 -0.38990009217375743 0.2568080607103317
vn -0.8843232090571265 0.38990009217375743 -0.2568080607103317
vn 0.9853775245805863 0.05215097483849054 0.16220792173883317
vn -0.9853775245805863 -0.05215097483849054 -0.16220792173883317
vn 0.9914448722012771 -0.044552994257052614 0.12268698418546496
vn -0.9914448722012771 0.044552994257052614 -0.12268698418546496
vn 0.9906931754621794 -0.08470901500285737 0.10654301886988923
vn -0.9906931754621794 0.08470901500285737 -0.10654301886988923
vn 0.9217444871069447 0.2884188395129866 0.25923285575315824
vn -0.9217444871069447 -0.2884188395129866 -0.25923285575315824
vn 0.7933312195381821 0.5002941384461659 0.34688809599418285
vn -0.7933312195381821 -0.5002941384461659 -0.34688809599418285
vn 0.609499812187233 0.6730777925961582 0.4188988709194749
vn -0.609499812187233 -0.6730777925961582 -0.4188988709194749
vn 0.3833699729821938 0.7950319439705232 0.4700549668731127
vn -0.3833699729821938 -0.7950319439705232 -0.4700549668731127
vn 0.13078804084955822 0.8580622680020621 0.49661215510888523
vn -0.13078804084955822 -0.8580622680020621 -0.49661215510888523
vn -0.8520642937611449 0.19832606837570024 0.4844101670072154
vn 0.8520642937611449 -0.19832606837570024 -0.4844101670072154
vn -0.35105904904611224 0.6560740916594614 0.6680750933361097
vn 0.35105904904611224 -0.6560740916594614 -0.6680750933361097
vn -0.5592471489068437 0.5464121454893563 0.6234391659988048
vn 0.5592471489068437 -0.5464121454893563 -0.6234391659988048
vn -0.7301803631578496 0.3904981942156918 0.5606672788499026
vn 0.7301803631578496 -0.3904981942156918 -0.5606672788499026
vn 0 0.8712289130644272 0.49087695101784606
vn 0 -0.8712289130644272 -0.49087695101784606
vn -0.12894005216341795 0.8639923495329276 0.4867151969033499
vn 0.12894005216341795 -0.8639923495329276 -0.4867151969033499
vn 0.4878291250662322 -0.6210221592133346 0.6134771572789994
vn -0.4878291250662322 0.6210221592133346 -0.6134771572789994
vn 0.3413290382448968 -0.48206405401383434 0.806913090412196
vn -0.3413290382448968 0.48206405401383434 -0.806913090412196
vn -0.9468261761210471 -0.32154605981143125 0.011328002107144242
vn 0.9468261761210471 0.32154605981143125 -0.011328002107144242
vn -0.8843659314983442 -0.3897689698090815 0.25685998010401173
vn 0.8843659314983442 0.3897689698090815 -0.25685998010401173
vn -0.7604511894109246 -0.4312611074172362 0.4855181209314118
vn 0.7604511894109246 0.4312611074172362 -0.4855181209314118
vn -0.5835148757927452 -0.44283590573773796 0.6807398550973893
vn 0.5835148757927452 0.44283590573773796 -0.6807398550973893
vn -0.6176751069337769 0.7266951258076512 0.30065205204978973
vn 0.6176751069337769 -0.7266951258076512 -0.30065205204978973
vn -0.1318419883102966 0.9576259150925808 0.2560669772959506
vn 0.1318419883102966 -0.9576259150925808 -0.2560669772959506
vn 0.38615787496364484 0.8935917106586253 0.2288579258967313
vn -0.38615787496364484 -0.8935917106586253 -0.2288579258967313
vn 0.9716122899165196 0.21884906530172576 0.08985902681276971
vn 0.9986068278956204 0.04883199158407555 0.0199959965538005
vn -0.9716122899165196 -0.21884906530172576 -0.08985902681276971
vn -0.9986068278956204 -0.04883199158407555 -0.0199959965538005
vn 0.8750106778171901 0.4476278351814471 0.18435193212080175
vn -0.8750106778171901 -0.4476278351814471 -0.18435193212080175
vn 0.7166601783319493 0.6445751603944914 0.2663100662679396
vn 0.802945738263419 0.5510318203799112 0.22724892592356635
vn -0.802945738263419 -0.5510318203799112 -0.22724892592356635
vn -0.7166601783319493 -0.6445751603944914 -0.2663100662679396
vn 0.9997618951104862 -0.020240997876425935 -0.008151999144736912
vn -0.9997618951104862 0.020240997876425935 0.008151999144736912
vn 0.9961924802714838 -0.08086903898753917 -0.03256901570175404
vn -0.9961924802714838 0.08086903898753917 0.03256901570175404
vn 0.9847988651559323 -0.1611229779381572 -0.06488899111504287
vn -0.9847988651559323 0.1611229779381572 0.06488899111504287
vn 0.8535994404890084 -0.18487109540035 -0.4870222513215663
vn -0.8535994404890084 0.18487109540035 0.4870222513215663
vn 0.9455723348754473 -0.22774508065616234 -0.23243308231642296
vn -0.9455723348754473 0.22774508065616234 0.23243308231642296
vn 0.9659066141580552 -0.24014790407029724 -0.09671296136695133
vn -0.9659066141580552 0.24014790407029724 0.09671296136695133
vn 0.7091011037535536 -0.5520260807708061 0.4386830641867947
vn -0.7091011037535536 0.5520260807708061 -0.4386830641867947
vn 0.5179938335691259 -0.5795488137915759 0.6291307978609363
vn -0.5179938335691259 0.5795488137915759 -0.6291307978609363
vn 0.8656538140999976 -0.4435749047418559 0.2321309501496518
vn -0.8656538140999976 0.4435749047418559 -0.2321309501496518
vn 0.6455920998934417 -0.6532721010817799 0.39553306120142867
vn -0.6455920998934417 0.6532721010817799 -0.39553306120142867
vn 0.37127202870508347 -0.6362110491889774 0.6763080522890972
vn -0.37127202870508347 0.6362110491889774 -0.6763080522890972
vn 0.3832820169303334 -0.7261860320770902 0.5707440252109055
vn -0.3832820169303334 0.7261860320770902 -0.5707440252109055
vn 0.15137598108277173 -0.6509999186455219 0.7438309070445729
vn -0.15137598108277173 0.6509999186455219 -0.7438309070445729
vn 0.15130095886989886 -0.6511968229767263 0.7436737978375111
vn -0.15130095886989886 0.6511968229767263 -0.7436737978375111
vn 0.017429006247018635 -0.46064116510603037 0.8874153180732234
vn -0.017429006247018635 0.46064116510603037 -0.8874153180732234
vn -0.7933507046490748 -0.20764592269696747 0.572256786958566
vn 0.7933507046490748 0.20764592269696747 -0.572256786958566
vn -0.923877013364343 -0.13045400188708248 0.35976800520422386
vn 0.923877013364343 0.13045400188708248 -0.35976800520422386
vn -0.6086269017390208 -0.2955509522841894 0.7363578811172384
vn 0.6086269017390208 0.2955509522841894 -0.7363578811172384
vn -0.6048777017503033 -0.34519882979130173 0.7176076461660557
vn 0.6048777017503033 0.34519882979130173 -0.7176076461660557
vn -0.5964921217723881 -0.39442108052008595 0.6990201427032289
vn 0.5964921217723881 0.39442108052008595 -0.6990201427032289
vn 0.9865006231277322 -0.1412629460333977 0.08283296835536876
vn -0.9865006231277322 0.1412629460333977 -0.08283296835536876
vn -0.3712720287050838 -0.6362110491889774 0.6763080522890971
vn 0.3712720287050838 0.6362110491889774 -0.6763080522890971
vn -0.6455920998934419 -0.6532721010817799 0.39553306120142834
vn 0.6455920998934419 0.6532721010817799 -0.39553306120142834
vn 0.5659948882516781 -0.4901429032276653 0.6628798691230002
vn -0.5659948882516781 0.4901429032276653 -0.6628798691230002
vn 0.983526764833861 -0.16475996060507433 0.07435898222039787
vn -0.983526764833861 0.16475996060507433 -0.07435898222039787
vn 0.9688539269571362 -0.24395498160799067 0.04252099679429982
vn -0.9688539269571362 0.24395498160799067 -0.04252099679429982
vn 0.9467792767336818 -0.3216860940254813 0.011272003294688826
vn -0.9467792767336818 0.3216860940254813 -0.011272003294688826
vn -0.13078804084955845 0.8580622680020621 0.49661215510888523
vn 0.13078804084955845 -0.8580622680020621 -0.49661215510888523
vn -0.37813196724885756 0.802418930500092 0.46167096001329505
vn 0.37813196724885756 -0.802418930500092 -0.46167096001329505
vn 0.13053001196438135 0.9196640842964139 0.3703780339488524
vn -0.13053001196438135 -0.9196640842964139 -0.3703780339488524
vn 0.38270996820637054 0.8569809288063123 0.34513297132807985
vn -0.38270996820637054 -0.8569809288063123 -0.34513297132807985
vn 0.6088190683344649 0.7358740825952474 0.29635903326363644
vn -0.6088190683344649 -0.7358740825952474 -0.29635903326363644
vn 0.7934288649512778 0.5645959039007039 0.22738096129771757
vn -0.7934288649512778 -0.5645959039007039 -0.22738096129771757
vn -0.9907006873056867 -0.08453297331890411 0.10661296634980777
vn 0.9907006873056867 0.08453297331890411 -0.10661296634980777
vn -0.991443951855483 -0.04437199784529587 0.12275999403877459
vn 0.991443951855483 0.04437199784529587 -0.12275999403877459
vn -0.9853775245805863 0.05215097483849054 0.16220792173883275
vn 0.9853775245805863 -0.05215097483849054 -0.16220792173883275
vn -0.9217444871069447 0.2884188395129866 0.25923285575315785
vn 0.9217444871069447 -0.2884188395129866 -0.25923285575315785
vn -0.7933312195381823 0.500294138446166 0.34688809599418263
vn 0.7933312195381823 -0.500294138446166 -0.34688809599418263
vn -0.983549378641503 -0.1645950633649144 0.07442502865174346
vn 0.983549378641503 0.1645950633649144 -0.07442502865174346
vn -0.9688897703595871 -0.24380194221553328 0.042581989907473174
vn 0.9688897703595871 0.24380194221553328 -0.042581989907473174
vn -0.5077749733735506 0.795908958264525 0.3296869827120394
vn 0.5077749733735506 -0.795908958264525 -0.3296869827120394
vn 0.13184198831029648 0.9576259150925808 0.25606697729595074
vn -0.13184198831029648 -0.9576259150925808 -0.25606697729595074
vn 0.6176751069337768 0.7266951258076512 0.30065205204979
vn -0.6176751069337768 -0.7266951258076512 -0.30065205204979
vn 0.9396599625780427 -0.3173429873618157 -0.12779899491040494
vn -0.9396599625780427 0.3173429873618157 0.12779899491040494
vn 0.9174651697957534 -0.39735507353870897 -0.019147003543545732
vn -0.9174651697957534 0.39735507353870897 0.019147003543545732
vn 0.8574920344758967 -0.4609060185309573 0.22863300919230475
vn -0.8574920344758967 0.4609060185309573 -0.22863300919230475
vn 0.7376190209004352 -0.4927120139609952 0.4616850130818451
vn -0.7376190209004352 0.4927120139609952 -0.4616850130818451
vn 0.5441121277727776 -0.5358061258222958 0.645642151614873
vn -0.5441121277727776 0.5358061258222958 -0.645642151614873
vn 0.9159936858407836 -0.30314089603148153 -0.2627949098689823
vn -0.9159936858407836 0.30314089603148153 0.2627949098689823
vn 0.9914701457337288 0.12089801777049869 0.04868900715667623
vn -0.9914701457337288 -0.12089801777049869 -0.04868900715667623
vn 0.9239440209601323 0.35483300804956425 0.14290200324180372
vn -0.9239440209601323 -0.35483300804956425 -0.14290200324180372
vn 0.7490469167786451 -0.6454939282836921 0.1492189834213242
vn -0.7490469167786451 0.6454939282836921 -0.1492189834213242
vn 0.4801248734568646 -0.6980508160196572 0.5312298599874828
vn -0.4801248734568646 0.6980508160196572 -0.5312298599874828
vn 0.24232891540747334 -0.8058987186757157 0.5401888114301122
vn -0.24232891540747334 0.8058987186757157 -0.5401888114301122
vn -0.017429006247019027 -0.46064116510603037 0.8874153180732234
vn 0.017429006247019027 0.46064116510603037 -0.8874153180732234
vn -0.6094998121872333 0.6730777925961582 0.4188988709194746
vn 0.6094998121872333 -0.6730777925961582 -0.4188988709194746
vn -0.3833699729821939 0.7950319439705231 0.4700549668731125
vn 0.3833699729821939 -0.7950319439705231 -0.4700549668731125
vn 0.9999999805175005 -0.00018299999643470259 -0.00007399999855807303
vn 0.9986013926246804 -0.04886701921326962 -0.020181007934659052
vn -0.9999999805175005 0.00018299999643470259 0.00007399999855807303
vn -0.9986013926246804 0.04886701921326962 0.020181007934659052
vn -0.9914448722012771 -0.044552994257052614 0.1226869841854645
vn 0.9914448722012771 0.044552994257052614 -0.1226869841854645
vn -0.9826149410126442 0.07594599544088604 0.16941098983008898
vn 0.9826149410126442 -0.07594599544088604 -0.16941098983008898
vn -0.9147773078217011 0.3075281034829167 0.26193308814023697
vn 0.9147773078217011 -0.3075281034829167 -0.26193308814023697
vn -0.1513009588698992 -0.6511968229767263 0.7436737978375111
vn 0.1513009588698992 0.6511968229767263 -0.7436737978375111
vn -0.15137598108277206 -0.6509999186455219 0.7438309070445729
vn 0.15137598108277206 0.6509999186455219 -0.7438309070445729
vn -0.38328201693033376 -0.7261860320770902 0.5707440252109054
vn 0.38328201693033376 0.7261860320770902 -0.5707440252109054
vn -0.4801248734568648 -0.6980508160196572 0.5312298599874826
vn 0.4801248734568648 0.6980508160196572 -0.5312298599874826
vn -0.8656538140999976 -0.4435749047418559 0.23213095014965138
vn 0.8656538140999976 0.4435749047418559 -0.23213095014965138
vn -0.9865006231277322 -0.1412629460333977 0.08283296835536832
vn 0.9865006231277322 0.1412629460333977 -0.08283296835536832
vn 0.5077749733735505 0.795908958264525 0.3296869827120396
vn -0.5077749733735505 -0.795908958264525 -0.3296869827120396
vn 0.26314096315421537 0.8910968752259508 0.36973394822874717
vn -0.26314096315421537 -0.8910968752259508 -0.36973394822874717
vn 0 0.9235678846237508 0.38343495209958356
vn 0 -0.9235678846237508 -0.38343495209958356
vn -0.7848662612200175 0.5146211712767613 0.34518111488354297
vn 0.7848662612200175 -0.5146211712767613 -0.34518111488354297
vn -0.6018248488667539 0.6833328283980649 0.4133558961960136
vn 0.6018248488667539 -0.6833328283980649 -0.4133558961960136
vn 0 0.927600467243492 0.3735737854422542
vn 0 -0.927600467243492 -0.3735737854422542
vn -0.13052596007309394 0.9196647186815031 0.3703778867041998
vn 0.13052596007309394 -0.9196647186815031 -0.3703778867041998
vn -0.3826831145487452 0.8569912565236596 0.3451371033100773
vn 0.3826831145487452 -0.8569912565236596 -0.3451371033100773
vn -0.9043791556319092 -0.31691205453644955 0.28577104917748647
vn 0.9043791556319092 0.31691205453644955 -0.28577104917748647
vn -0.7773632439937604 -0.36837211562226346 0.5099101600473114
vn 0.7773632439937604 0.36837211562226346 -0.5099101600473114
vn -0.26314096315421553 0.8910968752259508 0.3697339482287471
vn 0.26314096315421553 -0.8910968752259508 -0.3697339482287471
vn 0.9255028614323336 -0.3784149433431513 -0.015702997648923692
vn -0.9255028614323336 0.3784149433431513 0.015702997648923692
vn 0.5726940141097489 -0.7346330180995213 0.36378000896263
vn -0.5726940141097489 0.7346330180995213 -0.36378000896263
vn 0.4995032000503224 -0.798387319752988 0.33626513467370905
vn -0.4995032000503224 0.798387319752988 -0.33626513467370905
vn 0.31581902035848425 -0.9017830581311923 0.29503501901869544
vn -0.31581902035848425 0.9017830581311923 -0.29503501901869544
vn 0.24224492354484933 -0.8062287455453796 0.5397338296540931
vn -0.24224492354484933 0.8062287455453796 -0.5397338296540931
vn 0.05171201498836757 -0.6771331962623456 0.734041212756738
vn -0.05171201498836757 0.6771331962623456 -0.734041212756738
vn -0.793179046076169 -0.23994301393841017 0.5597270325148238
vn 0.793179046076169 0.23994301393841017 -0.5597270325148238
vn -0.9234965676610274 -0.1679519213725707 0.3448858385401803
vn 0.9234965676610274 0.1679519213725707 -0.3448858385401803
vn -0.7882921061872896 -0.30443504100907726 0.5347100720283922
vn 0.7882921061872896 0.30443504100907726 -0.5347100720283922
vn 0.9716073551021494 -0.21853707987072798 -0.09066803313726796
vn -0.9716073551021494 0.21853707987072798 0.09066803313726796
vn -0.0517120149883679 -0.6771331962623456 0.734041212756738
vn 0.0517120149883679 0.6771331962623456 -0.734041212756738
vn -0.2423289154074736 -0.8058987186757157 0.5401888114301121
vn 0.2423289154074736 0.8058987186757157 -0.5401888114301121
vn -0.7490469167786451 -0.6454939282836921 0.14921898342132386
vn 0.7490469167786451 0.6454939282836921 -0.14921898342132386
vn -0.5726940141097491 -0.7346330180995213 0.36378000896262974
vn 0.5726940141097491 0.7346330180995213 -0.36378000896262974
vn -0.608761129141991 0.7359151561163219 0.29637606287292834
vn 0.608761129141991 -0.7359151561163219 -0.29637606287292834
vn -0.9174490583286606 -0.24278201543535277 0.31518902003877275
vn 0.9174490583286606 0.24278201543535277 -0.31518902003877275
vn 0.798771037205957 -0.5923760275922837 -0.10514500489754926
vn -0.798771037205957 0.5923760275922837 0.10514500489754926
vn 0.5785892589502845 -0.8118373633415465 0.07845103511112161
vn -0.5785892589502845 0.8118373633415465 -0.07845103511112161
vn 0.31570003254457085 -0.902099092994694 0.29419503032768457
vn -0.31570003254457085 0.902099092994694 -0.29419503032768457
vn 0.08283900017781377 -0.8478810018199766 0.5236750011240682
vn -0.08283900017781377 0.8478810018199766 -0.5236750011240682
vn -0.9986065908904364 -0.0487759800174362 -0.02014399174740131
vn -1 0 0
vn 1 0 0
vn 0.9986065908904364 0.0487759800174362 0.02014399174740131
vn -0.9914448904840121 0.12107598662582618 0.04876099461381189
vn 0.9914448904840121 -0.12107598662582618 -0.04876099461381189
vn -0.9238797752528759 0.35497691364672906 0.14295996522291965
vn 0.9238797752528759 -0.35497691364672906 -0.14295996522291965
vn -0.7933534432994507 0.5646873155284432 0.22741712707310766
vn 0.7933534432994507 -0.5646873155284432 -0.22741712707310766
vn -0.2422449235448496 -0.8062287455453797 0.539733829654093
vn 0.2422449235448496 0.8062287455453797 -0.539733829654093
vn -0.49950320005032256 -0.798387319752988 0.3362651346737088
vn 0.49950320005032256 0.798387319752988 -0.3362651346737088
vn -0.3158190203584844 -0.9017830581311923 0.2950350190186953
vn 0.3158190203584844 0.9017830581311923 -0.2950350190186953
vn -0.5785892589502845 -0.8118373633415465 0.07845103511112135
vn 0.5785892589502845 0.8118373633415465 -0.07845103511112135
vn -0.9255028614323336 -0.3784149433431513 -0.015702997648924105
vn 0.9255028614323336 0.3784149433431513 0.015702997648924105
vn -0.9716073551021494 -0.21853707987072798 -0.0906680331372684
vn 0.9716073551021494 0.21853707987072798 0.0906680331372684
vn 0.8749286269991949 -0.4470608094084058 -0.18610892065778262
vn -0.8749286269991949 0.4470608094084058 0.18610892065778262
vn 0.6482630277654302 -0.7428010318145403 0.16733700716712785
vn -0.6482630277654302 0.7428010318145403 -0.16733700716712785
vn 0.6152739882479593 -0.7671909853462687 -0.1812619965378053
vn -0.6152739882479593 0.7671909853462687 0.1812619965378053
vn 0.3654851118452228 -0.9303472847035242 0.02957300904988913
vn -0.3654851118452228 0.9303472847035242 -0.02957300904988913
vn 0.36527402149345456 -0.9304660547504852 0.028422001672407344
vn -0.36527402149345456 0.9304660547504852 -0.028422001672407344
vn 0.10795798952327135 -0.9560899072167376 0.2724649735587741
vn -0.10795798952327135 0.9560899072167376 -0.2724649735587741
vn -0.08283900017781401 -0.8478810018199766 0.5236750011240682
vn 0.08283900017781401 0.8478810018199766 -0.5236750011240682
vn -0.315700032544571 -0.902099092994694 0.2941950303276844
vn 0.315700032544571 0.902099092994694 -0.2941950303276844
vn -0.7987710372059569 -0.5923760275922836 -0.10514500489754958
vn 0.7987710372059569 0.5923760275922836 0.10514500489754958
vn -0.6482630277654303 -0.7428010318145404 0.16733700716712757
vn 0.6482630277654303 0.7428010318145404 -0.16733700716712757
vn -0.6152739882479592 -0.7671909853462686 -0.18126199653780556
vn 0.6152739882479592 0.7671909853462686 0.18126199653780556
vn 0.802763323342696 -0.550399221693696 -0.2294160924058382
vn -0.802763323342696 0.550399221693696 0.2294160924058382
vn 0.3880440061679596 -0.8915570141712987 -0.23355500371235693
vn -0.3880440061679596 0.8915570141712987 0.23355500371235693
vn 0.12484299033702806 -0.9921729232048264 0.002667999793493963
vn -0.12484299033702806 0.9921729232048264 -0.002667999793493963
vn -0.10795798952327147 -0.9560899072167376 0.27246497355877397
vn 0.10795798952327147 0.9560899072167376 -0.27246497355877397
vn -0.3654851118452228 -0.9303472847035242 0.029573009049888962
vn 0.3654851118452228 0.9303472847035242 -0.029573009049888962
vn -0.36527402149345456 -0.9304660547504852 0.028422001672407174
vn 0.36527402149345456 0.9304660547504852 -0.028422001672407174
vn -0.3880440061679594 -0.8915570141712987 -0.2335550037123571
vn 0.3880440061679594 0.8915570141712987 0.2335550037123571
vn -0.8749286269991948 -0.4470608094084057 -0.18610892065778295
vn 0.8749286269991948 0.4470608094084057 0.18610892065778295
vn 0.5076758382037362 -0.793869746993752 -0.33471789332542445
vn 0.6173748086499554 -0.7248727753318793 -0.3056269052735532
vn -0.5076758382037362 0.793869746993752 0.33471789332542445
vn -0.6173748086499554 0.7248727753318793 0.3056269052735532
vn 0.3058549128305977 -0.8769257500740045 -0.37074789433593847
vn 0.3888198558236802 -0.8487026852968591 -0.3585008670661108
vn -0.3888198558236802 0.8487026852968591 0.3585008670661108
vn -0.3058549128305977 0.8769257500740045 0.37074789433593847
vn 0.3877028627045543 -0.8913786843401335 -0.234798916851731
vn -0.3877028627045543 0.8913786843401335 0.234798916851731
vn 0.13238799226291506 -0.9558699441365724 -0.2622709846722286
vn -0.13238799226291506 0.9558699441365724 0.2622709846722286
vn -0.12484299033702806 -0.9921729232048264 0.0026679997934939076
vn 0.12484299033702806 0.9921729232048264 -0.0026679997934939076
vn -0.8027633233426958 -0.5503992216936959 -0.22941609240583852
vn 0.8027633233426958 0.5503992216936959 0.22941609240583852
vn -0.5076758382037361 -0.793869746993752 -0.3347178933254247
vn -0.6173748086499553 -0.7248727753318794 -0.3056269052735535
vn 0.6173748086499553 0.7248727753318794 0.3056269052735535
vn 0.5076758382037361 0.793869746993752 0.3347178933254247
vn -0.3058549128305975 -0.8769257500740045 -0.37074789433593863
vn -0.38881985582368006 -0.8487026852968591 -0.35850086706611095
vn 0.38881985582368006 0.8487026852968591 0.35850086706611095
vn 0.3058549128305975 0.8769257500740045 0.37074789433593863
vn 0.2629880327406972 -0.8884651106094706 -0.37612104682519276
vn -0.2629880327406972 0.8884651106094706 0.37612104682519276
vn -0.13238799226291495 -0.9558699441365724 -0.26227098467222865
vn 0.13238799226291495 0.9558699441365724 0.26227098467222865
vn -0.38770286270455423 -0.8913786843401337 -0.23479891685173124
vn 0.38770286270455423 0.8913786843401337 0.23479891685173124
vn -0.26298803274069715 -0.888465110609471 -0.376121046825193
vn 0.26298803274069715 0.888465110609471 0.376121046825193
vn 0 -0.9208368972009974 -0.38994795646757757
vn 0 0.9208368972009974 0.38994795646757757
usemtl material_0_0
f 1//1 2//2 3//1
f 2//2 1//1 4//2
f 3//3 2//4 1//3
f 4//4 1//3 2//4
f 5//5 3//5 2//5
f 2//6 3//6 5//6
f 6//7 1//1 3//1
f 3//3 1//3 6//8
f 7//9 4//9 1//9
f 1//10 4//10 7//10
f 4//2 8//11 2//2
f 2//4 8//12 4//4
f 3//5 5//5 9//5
f 9//6 5//6 3//6
f 2//13 10//13 5//13
f 5//14 10//14 2//14
f 1//1 6//7 11//7
f 11//8 6//8 1//3
f 3//15 12//15 6//15
f 6//16 12//16 3//16
f 4//9 7//9 13//9
f 13//10 7//10 4//10
f 1//17 14//17 7//17
f 7//18 14//18 1//18
f 8//11 4//2 15//11
f 15//12 4//4 8//12
f 10//13 2//13 8//13
f 8//14 2//14 10//14
f 16//19 9//19 5//19
f 5//20 9//20 16//20
f 12//15 3//15 9//15
f 9//16 3//16 12//16
f 17//21 5//21 10//21
f 10//22 5//22 17//22
f 18//23 11//7 6//7
f 6//8 11//8 18//24
f 14//17 1//17 11//17
f 11//18 1//18 14//18
f 19//25 6//25 12//25
f 12//26 6//26 19//26
f 20//27 13//27 7//27
f 7//28 13//28 20//28
f 13//29 15//29 4//29
f 4//30 15//30 13//30
f 21//31 7//31 14//31
f 14//32 7//32 21//32
f 15//11 22//33 8//11
f 8//12 22//34 15//12
f 8//35 23//35 10//35
f 10//36 23//36 8//36
f 9//19 16//19 24//19
f 24//20 16//20 9//20
f 5//21 17//21 16//21
f 16//22 17//22 5//22
f 9//37 25//37 12//37
f 12//38 25//38 9//38
f 10//39 26//39 17//39
f 17//40 26//40 10//40
f 11//7 18//23 27//23
f 27//24 18//24 11//8
f 6//25 19//25 18//25
f 18//26 19//26 6//26
f 27//41 14//41 11//41
f 11//42 14//42 27//42
f 12//43 28//43 19//43
f 19//44 28//44 12//44
f 13//27 20//27 29//27
f 29//28 20//28 13//28
f 7//31 21//31 20//31
f 20//32 21//32 7//32
f 15//29 13//29 30//29
f 30//30 13//30 15//30
f 31//45 21//45 14//45
f 14//46 21//46 31//46
f 22//33 15//11 32//33
f 32//34 15//12 22//34
f 23//35 8//35 22//35
f 22//36 8//36 23//36
f 26//39 10//39 23//39
f 23//40 10//40 26//40
f 33//47 24//47 16//47
f 16//48 24//48 33//48
f 25//37 9//37 24//37
f 24//38 9//38 25//38
f 34//49 16//49 17//49
f 17//50 16//50 34//50
f 28//43 12//43 25//43
f 25//44 12//44 28//44
f 35//51 17//51 26//51
f 26//52 17//52 35//52
f 36//53 27//23 18//23
f 18//24 27//24 36//54
f 37//55 18//55 19//55
f 19//56 18//56 37//56
f 14//41 27//41 31//41
f 31//42 27//42 14//42
f 38//57 19//57 28//57
f 28//58 19//58 38//58
f 39//59 29//59 20//59
f 20//60 29//60 39//60
f 29//61 30//61 13//61
f 13//62 30//62 29//62
f 40//63 20//63 21//63
f 21//64 20//64 40//64
f 30//65 32//65 15//65
f 15//66 32//66 30//66
f 21//45 31//45 41//45
f 41//46 31//46 21//46
f 32//33 42//67 22//33
f 22//34 42//68 32//34
f 22//69 43//69 23//69
f 23//70 43//70 22//70
f 23//71 44//71 26//71
f 26//72 44//72 23//72
f 24//47 33//47 45//47
f 45//48 33//48 24//48
f 16//49 34//49 33//49
f 33//50 34//50 16//50
f 45//73 25//73 24//73
f 24//74 25//74 45//74
f 17//51 35//51 34//51
f 34//52 35//52 17//52
f 25//75 46//75 28//75
f 28//76 46//76 25//76
f 26//77 47//77 35//77
f 35//78 47//78 26//78
f 27//23 36//53 48//53
f 48//54 36//54 27//24
f 18//55 37//55 36//55
f 36//56 37//56 18//56
f 19//57 38//57 37//57
f 37//58 38//58 19//58
f 48//79 31//79 27//79
f 27//80 31//80 48//80
f 28//81 49//81 38//81
f 38//82 49//82 28//82
f 29//59 39//59 50//59
f 50//60 39//60 29//60
f 20//63 40//63 39//63
f 39//64 40//64 20//64
f 30//61 29//61 51//61
f 51//62 29//62 30//62
f 41//83 40//83 21//83
f 21//84 40//84 41//84
f 32//65 30//65 52//65
f 52//66 30//66 32//66
f 53//85 41//85 31//85
f 31//86 41//86 53//86
f 42//67 32//33 54//67
f 54//68 32//34 42//68
f 43//69 22//69 42//69
f 42//70 22//70 43//70
f 44//71 23//71 43//71
f 43//72 23//72 44//72
f 47//77 26//77 44//77
f 44//78 26//78 47//78
f 55//87 45//87 33//87
f 33//88 45//88 55//88
f 56//89 33//89 34//89
f 34//90 33//90 56//90
f 25//73 45//73 57//73
f 57//74 45//74 25//74
f 58//91 34//91 35//91
f 35//92 34//92 58//92
f 46//75 25//75 57//75
f 57//76 25//76 46//76
f 49//81 28//81 46//81
f 46//82 28//82 49//82
f 59//93 35//93 47//93
f 47//94 35//94 59//94
f 60//95 48//53 36//53
f 36//54 48//54 60//96
f 61//97 36//97 37//97
f 37//98 36//98 61//98
f 62//99 37//99 38//99
f 38//100 37//100 62//100
f 31//79 48//79 53//79
f 53//80 48//80 31//80
f 63//101 38//101 49//101
f 49//102 38//102 63//102
f 64//103 50//103 39//103
f 39//104 50//104 64//104
f 50//105 51//105 29//105
f 29//106 51//106 50//106
f 65//107 39//107 40//107
f 40//108 39//108 65//108
f 51//109 52//109 30//109
f 30//110 52//110 51//110
f 40//83 41//83 66//83
f 66//84 41//84 40//84
f 52//111 54//111 32//111
f 32//112 54//112 52//112
f 41//85 53//85 67//85
f 67//86 53//86 41//86
f 54//67 68//113 42//67
f 42//68 68//114 54//68
f 42//115 69//115 43//115
f 43//116 69//116 42//116
f 43//117 70//117 44//117
f 44//118 70//118 43//118
f 44//119 71//119 47//119
f 47//120 71//120 44//120
f 45//87 55//87 72//87
f 72//88 55//88 45//88
f 33//89 56//89 55//89
f 55//90 56//90 33//90
f 34//91 58//91 56//91
f 56//92 58//92 34//92
f 72//121 57//121 45//121
f 45//122 57//122 72//122
f 35//93 59//93 58//93
f 58//94 59//94 35//94
f 57//123 73//123 46//123
f 46//124 73//124 57//124
f 46//125 74//125 49//125
f 49//126 74//126 46//126
f 47//127 75//127 59//127
f 59//128 75//128 47//128
f 48//53 60//95 76//95
f 76//96 60//96 48//54
f 36//97 61//97 60//97
f 60//98 61//98 36//98
f 37//99 62//99 61//99
f 61//100 62//100 37//100
f 38//101 63//101 62//101
f 62//102 63//102 38//102
f 76//129 53//129 48//129
f 48//130 53//130 76//130
f 49//131 77//131 63//131
f 63//132 77//132 49//132
f 50//103 64//103 78//103
f 78//104 64//104 50//104
f 39//107 65//107 64//107
f 64//108 65//108 39//108
f 51//105 50//105 79//105
f 79//106 50//106 51//106
f 66//133 65//133 40//133
f 40//134 65//134 66//134
f 52//109 51//109 80//109
f 80//110 51//110 52//110
f 67//135 66//135 41//135
f 41//136 66//136 67//136
f 54//111 52//111 81//111
f 81//112 52//112 54//112
f 82//137 67//137 53//137
f 53//138 67//138 82//138
f 68//113 54//67 83//113
f 83//114 54//68 68//114
f 69//115 42//115 68//115
f 68//116 42//116 69//116
f 70//117 43//117 69//117
f 69//118 43//118 70//118
f 71//119 44//119 70//119
f 70//120 44//120 71//120
f 75//127 47//127 71//127
f 71//128 47//128 75//128
f 84//139 72//139 55//139
f 55//140 72//140 84//140
f 85//141 55//141 56//141
f 56//142 55//142 85//142
f 86//143 56//143 58//143
f 58//144 56//144 86//144
f 57//121 72//121 87//121
f 87//122 72//122 57//122
f 88//145 58//145 59//145
f 59//146 58//146 88//146
f 73//123 57//123 87//123
f 87//124 57//124 73//124
f 74//125 46//125 73//125
f 73//126 46//126 74//126
f 77//131 49//131 74//131
f 74//132 49//132 77//132
f 89//147 59//147 75//147
f 75//148 59//148 89//148
f 90//149 76//95 60//95
f 60//96 76//96 90//150
f 91//151 60//151 61//151
f 61//152 60//152 91//152
f 92//153 61//153 62//153
f 62//154 61//154 92//154
f 93//155 62//155 63//155
f 63//156 62//156 93//156
f 53//129 76//129 82//129
f 82//130 76//130 53//130
f 94//157 63//157 77//157
f 77//158 63//158 94//158
f 64//159 95//159 78//159
f 78//160 95//160 64//160
f 78//161 79//161 50//161
f 50//162 79//162 78//162
f 65//163 96//163 64//163
f 64//164 96//164 65//164
f 79//165 80//165 51//165
f 51//166 80//166 79//166
f 65//133 66//133 97//133
f 97//134 66//134 65//134
f 80//167 81//167 52//167
f 52//168 81//168 80//168
f 66//135 67//135 98//135
f 98//136 67//136 66//136
f 81//169 83//169 54//169
f 54//170 83//170 81//170
f 67//137 82//137 99//137
f 99//138 82//138 67//138
f 83//113 100//171 68//113
f 68//114 100//172 83//114
f 68//173 101//173 69//173
f 69//174 101//174 68//174
f 69//175 102//175 70//175
f 70//176 102//176 69//176
f 70//177 103//177 71//177
f 71//178 103//178 70//178
f 71//179 104//179 75//179
f 75//180 104//180 71//180
f 72//139 84//139 105//139
f 105//140 84//140 72//140
f 55//141 85//141 84//141
f 84//142 85//142 55//142
f 56//143 86//143 85//143
f 85//144 86//144 56//144
f 58//145 88//145 86//145
f 86//146 88//146 58//146
f 105//181 87//181 72//181
f 72//182 87//182 105//182
f 59//147 89//147 88//147
f 88//148 89//148 59//148
f 87//183 106//183 73//183
f 73//184 106//184 87//184
f 73//185 107//185 74//185
f 74//186 107//186 73//186
f 74//187 108//187 77//187
f 77//188 108//188 74//188
f 75//189 109//189 89//189
f 89//190 109//190 75//190
f 76//95 90//149 110//149
f 110//150 90//150 76//96
f 60//151 91//151 90//151
f 90//152 91//152 60//152
f 61//153 92//153 91//153
f 91//154 92//154 61//154
f 62//155 93//155 92//155
f 92//156 93//156 62//156
f 63//157 94//157 93//157
f 93//158 94//158 63//158
f 110//191 82//191 76//191
f 76//192 82//192 110//192
f 77//193 111//193 94//193
f 94//194 111//194 77//194
f 95//159 64//159 96//159
f 96//160 64//160 95//160
f 112//195 78//195 95//195
f 95//196 78//196 112//196
f 79//161 78//161 113//161
f 113//162 78//162 79//162
f 96//163 65//163 114//163
f 114//164 65//164 96//164
f 80//165 79//165 115//165
f 115//166 79//166 80//166
f 98//197 97//197 66//197
f 66//198 97//198 98//198
f 116//199 65//199 97//199
f 97//200 65//200 116//200
f 81//167 80//167 117//167
f 117//168 80//168 81//168
f 99//201 98//201 67//201
f 67//202 98//202 99//202
f 83//169 81//169 118//169
f 118//170 81//170 83//170
f 119//203 99//203 82//203
f 82//204 99//204 119//204
f 100//171 83//113 120//171
f 120//172 83//114 100//172
f 101//173 68//173 100//173
f 100//174 68//174 101//174
f 102//175 69//175 101//175
f 101//176 69//176 102//176
f 103//177 70//177 102//177
f 102//178 70//178 103//178
f 104//179 71//179 103//179
f 103//180 71//180 104//180
f 109//189 75//189 104//189
f 104//190 75//190 109//190
f 121//205 105//205 84//205
f 84//206 105//206 121//206
f 87//181 105//181 122//181
f 122//182 105//182 87//182
f 106//183 87//183 122//183
f 122//184 87//184 106//184
f 107//185 73//185 106//185
f 106//186 73//186 107//186
f 108//187 74//187 107//187
f 107//188 74//188 108//188
f 111//193 77//193 108//193
f 108//194 77//194 111//194
f 123//207 110//149 90//149
f 90//150 110//150 123//208
f 124//209 90//209 91//209
f 91//210 90//210 124//210
f 125//211 91//211 92//211
f 92//212 91//212 125//212
f 126//213 92//213 93//213
f 93//214 92//214 126//214
f 127//215 93//215 94//215
f 94//216 93//216 127//216
f 82//191 110//191 119//191
f 119//192 110//192 82//192
f 128//217 94//217 111//217
f 111//218 94//218 128//218
f 96//219 129//219 95//219
f 95//220 129//220 96//220
f 78//195 112//195 113//195
f 113//196 112//196 78//196
f 95//221 130//221 112//221
f 112//222 130//222 95//222
f 113//223 115//223 79//223
f 79//224 115//224 113//224
f 65//199 116//199 114//199
f 114//200 116//200 65//200
f 114//225 131//225 96//225
f 96//226 131//226 114//226
f 115//227 117//227 80//227
f 80//228 117//228 115//228
f 97//197 98//197 132//197
f 132//198 98//198 97//198
f 97//229 133//229 116//229
f 116//230 133//230 97//230
f 117//231 118//231 81//231
f 81//232 118//232 117//232
f 98//201 99//201 134//201
f 134//202 99//202 98//202
f 118//233 120//233 83//233
f 83//234 120//234 118//234
f 99//203 119//203 135//203
f 135//204 119//204 99//204
f 120//171 136//235 100//171
f 100//172 136//236 120//172
f 100//237 137//237 101//237
f 101//238 137//238 100//238
f 101//239 138//239 102//239
f 102//240 138//240 101//240
f 102//241 139//241 103//241
f 103//242 139//242 102//242
f 103//243 140//243 104//243
f 104//244 140//244 103//244
f 104//245 141//245 109//245
f 109//246 141//246 104//246
f 105//205 121//205 142//205
f 142//206 121//206 105//206
f 142//247 122//247 105//247
f 105//248 122//248 142//248
f 122//249 143//249 106//249
f 106//250 143//250 122//250
f 110//149 123//207 144//207
f 144//208 123//208 110//150
f 90//209 124//209 123//209
f 123//210 124//210 90//210
f 91//211 125//211 124//211
f 124//212 125//212 91//212
f 92//213 126//213 125//213
f 125//214 126//214 92//214
f 93//215 127//215 126//215
f 126//216 127//216 93//216
f 94//217 128//217 127//217
f 127//218 128//218 94//218
f 144//251 119//251 110//251
f 110//252 119//252 144//252
f 129//219 96//219 131//219
f 131//220 96//220 129//220
f 130//221 95//221 129//221
f 129//222 95//222 130//222
f 145//253 113//253 112//253
f 112//254 113//254 145//254
f 146//255 112//255 130//255
f 130//256 112//256 146//256
f 115//223 113//223 147//223
f 147//224 113//224 115//224
f 148//257 114//257 116//257
f 116//258 114//258 148//258
f 131//225 114//225 149//225
f 149//226 114//226 131//226
f 117//227 115//227 150//227
f 150//228 115//228 117//228
f 134//259 132//259 98//259
f 98//260 132//260 134//260
f 133//229 97//229 132//229
f 132//230 97//230 133//230
f 151//261 116//261 133//261
f 133//262 116//262 151//262
f 118//231 117//231 152//231
f 152//232 117//232 118//232
f 135//263 134//263 99//263
f 99//264 134//264 135//264
f 120//233 118//233 153//233
f 153//234 118//234 120//234
f 154//265 135//265 119//265
f 119//266 135//266 154//266
f 136//235 120//171 155//235
f 155//236 120//172 136//236
f 137//237 100//237 136//237
f 136//238 100//238 137//238
f 138//239 101//239 137//239
f 137//240 101//240 138//240
f 139//241 102//241 138//241
f 138//242 102//242 139//242
f 140//243 103//243 139//243
f 139//244 103//244 140//244
f 141//245 104//245 140//245
f 140//246 104//246 141//246
f 121//267 156//267 142//267
f 142//268 156//268 121//268
f 122//247 142//247 157//247
f 157//248 142//248 122//248
f 143//249 122//249 157//249
f 157//250 122//250 143//250
f 158//269 144//207 123//207
f 123//208 144//208 158//270
f 159//271 123//271 124//271
f 124//272 123//272 159//272
f 160//273 124//273 125//273
f 125//274 124//274 160//274
f 161//275 125//275 126//275
f 126//276 125//276 161//276
f 162//277 126//277 127//277
f 127//278 126//278 162//278
f 163//279 127//279 128//279
f 128//280 127//280 163//280
f 119//251 144//251 154//251
f 154//252 144//252 119//252
f 164//281 129//281 131//281
f 131//282 129//282 164//282
f 164//281 130//281 129//281
f 129//282 130//282 164//282
f 113//253 145//253 147//253
f 147//254 145//254 113//254
f 112//255 146//255 145//255
f 145//256 146//256 112//256
f 130//282 146//282 164//282
f 147//283 150//283 115//283
f 115//284 150//284 147//284
f 114//257 148//257 149//257
f 149//258 148//258 114//258
f 116//261 151//261 148//261
f 148//262 151//262 116//262
f 165//281 131//281 149//281
f 149//282 131//282 165//282
f 150//285 152//285 117//285
f 117//286 152//286 150//286
f 132//259 134//259 166//259
f 166//260 134//260 132//260
f 132//287 167//287 133//287
f 133//288 167//288 132//288
f 133//289 168//289 151//289
f 151//290 168//290 133//290
f 152//291 153//291 118//291
f 118//292 153//292 152//292
f 134//263 135//263 169//263
f 169//264 135//264 134//264
f 153//293 155//293 120//293
f 120//294 155//294 153//294
f 135//265 154//265 170//265
f 170//266 154//266 135//266
f 155//235 171//295 136//235
f 136//236 171//296 155//236
f 136//297 172//297 137//297
f 137//298 172//298 136//298
f 137//299 173//299 138//299
f 138//300 173//300 137//300
f 138//301 174//301 139//301
f 139//302 174//302 138//302
f 139//303 175//303 140//303
f 140//304 175//304 139//304
f 140//305 176//305 141//305
f 141//306 176//306 140//306
f 156//267 121//267 177//267
f 177//268 121//268 156//268
f 142//267 156//267 178//267
f 178//268 156//268 142//268
f 142//267 178//267 157//267
f 157//268 178//268 142//268
f 157//267 179//267 143//267
f 143//268 179//268 157//268
f 144//207 158//269 180//269
f 180//270 158//270 144//208
f 123//271 159//271 158//271
f 158//272 159//272 123//272
f 124//273 160//273 159//273
f 159//274 160//274 124//274
f 125//275 161//275 160//275
f 160//276 161//276 125//276
f 126//277 162//277 161//277
f 161//278 162//278 126//278
f 127//279 163//279 162//279
f 162//280 163//280 127//280
f 180//307 154//307 144//307
f 144//308 154//308 180//308
f 164//281 131//281 181//281
f 181//282 131//282 164//282
f 164//281 146//281 130//281
f 182//309 147//309 145//309
f 145//310 147//310 182//310
f 183//311 145//311 146//311
f 146//312 145//312 183//312
f 164//281 183//281 146//281
f 146//282 183//282 164//282
f 150//283 147//283 184//283
f 184//284 147//284 150//284
f 185//281 149//281 148//281
f 148//282 149//282 185//282
f 185//281 148//281 151//281
f 151//282 148//282 185//282
f 131//281 165//281 181//281
f 181//282 165//282 131//282
f 165//281 149//281 186//281
f 186//282 149//282 165//282
f 152//285 150//285 187//285
f 187//286 150//286 152//286
f 169//313 166//313 134//313
f 134//314 166//314 169//314
f 167//287 132//287 166//287
f 166//288 132//288 167//288
f 168//289 133//289 167//289
f 167//290 133//290 168//290
f 185//281 151//281 168//281
f 168//282 151//282 185//282
f 153//291 152//291 188//291
f 188//292 152//292 153//292
f 170//315 169//315 135//315
f 135//316 169//316 170//316
f 155//293 153//293 189//293
f 189//294 153//294 155//294
f 190//317 170//317 154//317
f 154//318 170//318 190//318
f 171//295 155//235 191//295
f 191//296 155//236 171//296
f 172//297 136//297 171//297
f 171//298 136//298 172//298
f 173//299 137//299 172//299
f 172//300 137//300 173//300
f 174//301 138//301 173//301
f 173//302 138//302 174//302
f 175//303 139//303 174//303
f 174//304 139//304 175//304
f 176//305 140//305 175//305
f 175//306 140//306 176//306
f 192//319 177//319 121//319
f 121//320 177//320 192//320
f 177//321 193//321 156//321
f 156//322 193//322 177//322
f 156//323 194//323 178//323
f 178//324 194//324 156//324
f 157//267 178//267 195//267
f 195//268 178//268 157//268
f 157//267 196//267 179//267
f 179//268 196//268 157//268
f 143//267 179//267 197//267
f 197//268 179//268 143//268
f 198//325 180//269 158//269
f 158//270 180//270 198//326
f 199//327 158//327 159//327
f 159//328 158//328 199//328
f 200//329 159//329 160//329
f 160//330 159//330 200//330
f 201//331 160//331 161//331
f 161//332 160//332 201//332
f 202//333 161//333 162//333
f 162//334 161//334 202//334
f 203//335 162//335 163//335
f 163//336 162//336 203//336
f 154//307 180//307 190//307
f 190//308 180//308 154//308
f 164//281 181//281 204//281
f 204//282 181//282 164//282
f 147//309 182//309 184//309
f 184//310 182//310 147//310
f 145//311 183//311 182//311
f 182//312 183//312 145//312
f 164//281 205//281 183//281
f 183//282 205//282 164//282
f 184//337 187//337 150//337
f 150//338 187//338 184//338
f 185//281 206//281 149//281
f 149//282 206//282 185//282
f 181//281 165//281 207//281
f 207//282 165//282 181//282
f 186//281 149//281 208//281
f 208//282 149//282 186//282
f 165//281 186//281 209//281
f 209//282 186//282 165//282
f 187//339 188//339 152//339
f 152//340 188//340 187//340
f 166//313 169//313 210//313
f 210//314 169//314 166//314
f 166//341 211//341 167//341
f 167//342 211//342 166//342
f 167//343 212//343 168//343
f 168//344 212//344 167//344
f 185//281 168//281 212//281
f 212//282 168//282 185//282
f 188//345 189//345 153//345
f 153//346 189//346 188//346
f 169//315 170//315 213//315
f 213//316 170//316 169//316
f 189//347 191//347 155//347
f 155//348 191//348 189//348
f 170//317 190//317 214//317
f 214//318 190//318 170//318
f 191//295 215//349 171//295
f 171//296 215//350 191//296
f 215//351 172//351 171//351
f 171//352 172//352 215//352
f 216//353 173//353 172//353
f 172//354 173//354 216//354
f 173//355 217//355 174//355
f 174//356 217//356 173//356
f 174//357 218//357 175//357
f 175//358 218//358 174//358
f 175//359 219//359 176//359
f 176//360 219//360 175//360
f 177//319 192//319 220//319
f 220//320 192//320 177//320
f 193//321 177//321 220//321
f 220//322 177//322 193//322
f 194//323 156//323 193//323
f 193//324 156//324 194//324
f 221//361 178//361 194//361
f 194//362 178//362 221//362
f 178//361 221//361 195//361
f 195//362 221//362 178//362
f 157//267 195//267 222//267
f 222//268 195//268 157//268
f 157//267 223//267 196//267
f 196//268 223//268 157//268
f 224//363 179//363 196//363
f 196//364 179//364 224//364
f 225//365 197//365 179//365
f 179//366 197//366 225//366
f 197//367 226//367 143//367
f 143//368 226//368 197//368
f 180//269 198//325 227//325
f 227//326 198//326 180//270
f 158//327 199//327 198//327
f 198//328 199//328 158//328
f 159//329 200//329 199//329
f 199//330 200//330 159//330
f 160//331 201//331 200//331
f 200//332 201//332 160//332
f 161//333 202//333 201//333
f 201//334 202//334 161//334
f 162//335 203//335 202//335
f 202//336 203//336 162//336
f 227//369 190//369 180//369
f 180//370 190//370 227//370
f 204//281 181//281 228//281
f 228//282 181//282 204//282
f 229//281 164//281 204//281
f 204//282 164//282 229//282
f 230//371 184//371 182//371
f 182//372 184//372 230//372
f 205//373 182//373 183//373
f 183//374 182//374 205//374
f 164//281 231//281 205//281
f 205//282 231//282 164//282
f 187//337 184//337 232//337
f 232//338 184//338 187//338
f 233//281 206//281 185//281
f 185//282 206//282 233//282
f 234//281 149//281 206//281
f 206//282 149//282 234//282
f 207//281 165//281 235//281
f 235//282 165//282 207//282
f 207//281 236//281 181//281
f 181//282 236//282 207//282
f 208//281 149//281 237//281
f 237//282 149//282 208//282
f 186//281 208//281 238//281
f 238//282 208//282 186//282
f 186//375 239//375 209//375
f 209//376 239//376 186//376
f 165//281 209//281 240//281
f 240//282 209//282 165//282
f 188//339 187//339 241//339
f 241//340 187//340 188//340
f 213//377 210//377 169//377
f 169//378 210//378 213//378
f 211//341 166//341 210//341
f 210//342 166//342 211//342
f 212//343 167//343 211//343
f 211//344 167//344 212//344
f 185//281 212//281 242//281
f 242//282 212//282 185//282
f 189//345 188//345 243//345
f 243//346 188//346 189//346
f 214//379 213//379 170//379
f 170//380 213//380 214//380
f 191//347 189//347 244//347
f 244//348 189//348 191//348
f 245//381 214//381 190//381
f 190//382 214//382 245//382
f 215//349 191//295 246//349
f 246//350 191//296 215//350
f 172//351 215//351 216//351
f 216//352 215//352 172//352
f 173//353 216//353 247//353
f 247//354 216//354 173//354
f 217//355 173//355 247//355
f 247//356 173//356 217//356
f 218//357 174//357 217//357
f 217//358 174//358 218//358
f 219//359 175//359 218//359
f 218//360 175//360 219//360
f 248//383 220//383 192//383
f 192//384 220//384 248//384
f 220//385 249//385 193//385
f 193//386 249//386 220//386
f 193//387 250//387 194//387
f 194//388 250//388 193//388
f 194//389 251//389 221//389
f 221//390 251//390 194//390
f 252//391 195//391 221//391
f 221//392 195//392 252//392
f 195//391 252//391 222//391
f 222//392 252//392 195//392
f 157//267 222//267 253//267
f 253//268 222//268 157//268
f 157//267 254//267 223//267
f 223//268 254//268 157//268
f 255//393 196//393 223//393
f 223//394 196//394 255//394
f 179//363 224//363 225//363
f 225//364 224//364 179//364
f 196//393 255//393 224//393
f 224//394 255//394 196//394
f 197//365 225//365 256//365
f 256//366 225//366 197//366
f 226//367 197//367 256//367
f 256//368 197//368 226//368
f 257//395 227//325 198//325
f 198//326 227//326 257//396
f 258//397 198//397 199//397
f 199//398 198//398 258//398
f 259//399 199//399 200//399
f 200//400 199//400 259//400
f 260//401 200//401 201//401
f 201//402 200//402 260//402
f 261//403 201//403 202//403
f 202//404 201//404 261//404
f 262//405 202//405 203//405
f 203//406 202//406 262//406
f 190//369 227//369 245//369
f 245//370 227//370 190//370
f 228//281 181//281 263//281
f 263//282 181//282 228//282
f 228//407 264//407 204//407
f 204//408 264//408 228//408
f 265//281 164//281 229//281
f 229//282 164//282 265//282
f 264//409 229//409 204//409
f 204//410 229//410 264//410
f 184//371 230//371 232//371
f 232//372 230//372 184//372
f 182//373 205//373 230//373
f 230//374 205//374 182//374
f 164//281 266//281 231//281
f 231//282 266//282 164//282
f 231//411 230//411 205//411
f 205//412 230//412 231//412
f 232//413 241//413 187//413
f 187//414 241//414 232//414
f 267//281 206//281 233//281
f 233//282 206//282 267//282
f 185//415 268//415 233//415
f 233//416 268//416 185//416
f 269//281 149//281 234//281
f 234//282 149//282 269//282
f 270//281 234//281 206//281
f 206//282 234//282 270//282
f 235//281 165//281 271//281
f 271//282 165//282 235//282
f 236//281 207//281 235//281
f 235//282 207//282 236//282
f 263//281 181//281 236//281
f 236//282 181//282 263//282
f 237//281 149//281 272//281
f 272//282 149//282 237//282
f 237//281 273//281 208//281
f 208//282 273//282 237//282
f 238//281 208//281 274//281
f 274//282 208//282 238//282
f 238//417 275//417 186//417
f 186//418 275//418 238//418
f 239//375 186//375 275//375
f 275//376 186//376 239//376
f 276//419 209//419 239//419
f 239//420 209//420 276//420
f 209//419 276//419 240//419
f 240//420 276//420 209//420
f 240//281 277//281 165//281
f 165//282 277//282 240//282
f 241//421 243//421 188//421
f 188//422 243//422 241//422
f 210//377 213//377 278//377
f 278//378 213//378 210//378
f 210//423 279//423 211//423
f 211//424 279//424 210//424
f 211//425 242//425 212//425
f 212//426 242//426 211//426
f 185//281 242//281 280//281
f 280//282 242//282 185//282
f 243//427 244//427 189//427
f 189//428 244//428 243//428
f 213//379 214//379 281//379
f 281//380 214//380 213//380
f 244//429 246//429 191//429
f 191//430 246//430 244//430
f 214//381 245//381 282//381
f 282//382 245//382 214//382
f 283//431 215//349 246//349
f 246//350 215//350 283//432
f 284//433 216//433 215//433
f 215//434 216//434 284//434
f 285//435 247//435 216//435
f 216//436 247//436 285//436
f 247//437 286//437 217//437
f 217//438 286//438 247//438
f 217//439 287//439 218//439
f 218//440 287//440 217//440
f 218//441 288//441 219//441
f 219//442 288//442 218//442
f 220//383 248//383 289//383
f 289//384 248//384 220//384
f 192//443 290//443 248//443
f 248//444 290//444 192//444
f 249//385 220//385 289//385
f 289//386 220//386 249//386
f 250//387 193//387 249//387
f 249//388 193//388 250//388
f 251//389 194//389 250//389
f 250//390 194//390 251//390
f 291//445 221//445 251//445
f 251//446 221//446 291//446
f 221//445 291//445 252//445
f 252//446 291//446 221//446
f 292//447 222//447 252//447
f 252//448 222//448 292//448
f 222//447 292//447 253//447
f 253//448 292//448 222//448
f 157//267 253//267 293//267
f 293//268 253//268 157//268
f 157//267 294//267 254//267
f 254//268 294//268 157//268
f 295//449 223//449 254//449
f 254//450 223//450 295//450
f 223//449 295//449 255//449
f 255//450 295//450 223//450
f 296//451 225//451 224//451
f 224//452 225//452 296//452
f 297//453 224//453 255//453
f 255//454 224//454 297//454
f 298//455 256//455 225//455
f 225//456 256//456 298//456
f 256//457 299//457 226//457
f 226//458 299//458 256//458
f 227//325 257//395 300//395
f 300//396 257//396 227//326
f 198//397 258//397 257//397
f 257//398 258//398 198//398
f 199//399 259//399 258//399
f 258//400 259//400 199//400
f 200//401 260//401 259//401
f 259//402 260//402 200//402
f 201//403 261//403 260//403
f 260//404 261//404 201//404
f 202//405 262//405 261//405
f 261//406 262//406 202//406
f 300//459 245//459 227//459
f 227//460 245//460 300//460
f 263//461 301//461 228//461
f 228//462 301//462 263//462
f 264//407 228//407 301//407
f 301//408 228//408 264//408
f 164//281 265//281 302//281
f 302//282 265//282 164//282
f 303//463 265//463 229//463
f 229//464 265//464 303//464
f 229//409 264//409 303//409
f 303//410 264//410 229//410
f 304//465 232//465 230//465
f 230//466 232//466 304//466
f 164//281 305//281 266//281
f 266//282 305//282 164//282
f 266//467 304//467 231//467
f 231//468 304//468 266//468
f 230//411 231//411 304//411
f 304//412 231//412 230//412
f 241//413 232//413 306//413
f 306//414 232//414 241//414
f 307//281 206//281 267//281
f 267//282 206//282 307//282
f 233//281 308//281 267//281
f 267//282 308//282 233//282
f 268//415 185//415 309//415
f 309//416 185//416 268//416
f 310//469 233//469 268//469
f 268//470 233//470 310//470
f 311//281 149//281 269//281
f 269//282 149//282 311//282
f 270//281 269//281 234//281
f 234//282 269//282 270//282
f 206//281 312//281 270//281
f 270//282 312//282 206//282
f 271//281 165//281 313//281
f 313//282 165//282 271//282
f 236//281 235//281 271//281
f 271//282 235//282 236//282
f 236//471 314//471 263//471
f 263//472 314//472 236//472
f 272//281 149//281 315//281
f 315//282 149//282 272//282
f 273//281 237//281 272//281
f 272//282 237//282 273//282
f 273//281 274//281 208//281
f 208//282 274//282 273//282
f 274//473 316//473 238//473
f 238//474 316//474 274//474
f 275//417 238//417 316//417
f 316//418 238//418 275//418
f 275//475 317//475 239//475
f 239//476 317//476 275//476
f 239//477 318//477 276//477
f 276//478 318//478 239//478
f 319//479 240//479 276//479
f 276//480 240//480 319//480
f 240//281 320//281 277//281
f 277//282 320//282 240//282
f 320//281 165//281 277//281
f 277//282 165//282 320//282
f 243//421 241//421 321//421
f 321//422 241//422 243//422
f 281//481 278//481 213//481
f 213//482 278//482 281//482
f 279//423 210//423 278//423
f 278//424 210//424 279//424
f 242//425 211//425 279//425
f 279//426 211//426 242//426
f 279//483 280//483 242//483
f 242//484 280//484 279//484
f 185//281 280//281 322//281
f 322//282 280//282 185//282
f 244//427 243//427 323//427
f 323//428 243//428 244//428
f 282//485 281//485 214//485
f 214//486 281//486 282//486
f 246//429 244//429 324//429
f 324//430 244//430 246//430
f 325//487 282//487 245//487
f 245//488 282//488 325//488
f 215//349 283//431 284//431
f 284//432 283//432 215//350
f 246//489 326//489 283//489
f 283//490 326//490 246//490
f 216//433 284//433 285//433
f 285//434 284//434 216//434
f 247//435 285//435 327//435
f 327//436 285//436 247//436
f 286//437 247//437 327//437
f 327//438 247//438 286//438
f 287//439 217//439 286//439
f 286//440 217//440 287//440
f 288//441 218//441 287//441
f 287//442 218//442 288//442
f 328//491 289//491 248//491
f 248//492 289//492 328//492
f 290//443 192//443 329//443
f 329//444 192//444 290//444
f 330//493 248//493 290//493
f 290//494 248//494 330//494
f 289//495 331//495 249//495
f 249//496 331//496 289//496
f 249//497 332//497 250//497
f 250//498 332//498 249//498
f 250//499 333//499 251//499
f 251//500 333//500 250//500
f 333//501 291//501 251//501
f 251//502 291//502 333//502
f 334//503 252//503 291//503
f 291//504 252//504 334//504
f 252//503 334//503 292//503
f 292//504 334//504 252//504
f 335//505 253//505 292//505
f 292//506 253//506 335//506
f 253//505 335//505 293//505
f 293//506 335//506 253//506
f 157//267 293//267 336//267
f 336//268 293//268 157//268
f 157//267 337//267 294//267
f 294//268 337//268 157//268
f 338//507 254//507 294//507
f 294//508 254//508 338//508
f 254//507 338//507 295//507
f 295//508 338//508 254//508
f 339//509 255//509 295//509
f 295//510 255//510 339//510
f 225//451 296//451 298//451
f 298//452 296//452 225//452
f 224//453 297//453 296//453
f 296//454 297//454 224//454
f 255//509 339//509 297//509
f 297//510 339//510 255//510
f 256//455 298//455 340//455
f 340//456 298//456 256//456
f 299//457 256//457 340//457
f 340//458 256//458 299//458
f 341//511 226//511 299//511
f 299//512 226//512 341//512
f 342//513 300//395 257//395
f 257//396 300//396 342//514
f 258//515 342//515 257//515
f 257//516 342//516 258//516
f 259//517 343//517 258//517
f 258//518 343//518 259//518
f 344//519 259//519 260//519
f 260//520 259//520 344//520
f 345//521 260//521 261//521
f 261//522 260//522 345//522
f 346//523 261//523 262//523
f 262//524 261//524 346//524
f 245//459 300//459 325//459
f 325//460 300//460 245//460
f 301//461 263//461 314//461
f 314//462 263//462 301//462
f 301//525 347//525 264//525
f 264//526 347//526 301//526
f 302//281 265//281 348//281
f 348//282 265//282 302//282
f 349//527 164//527 302//527
f 302//528 164//528 349//528
f 265//463 303//463 350//463
f 350//464 303//464 265//464
f 347//529 303//529 264//529
f 264//530 303//530 347//530
f 232//465 304//465 306//465
f 306//466 304//466 232//466
f 164//281 351//281 305//281
f 305//282 351//282 164//282
f 305//531 352//531 266//531
f 266//532 352//532 305//532
f 304//467 266//467 352//467
f 352//468 266//468 304//468
f 306//533 321//533 241//533
f 241//534 321//534 306//534
f 353//281 206//281 307//281
f 307//282 206//282 353//282
f 354//535 307//535 267//535
f 267//536 307//536 354//536
f 355//281 308//281 233//281
f 233//282 308//282 355//282
f 308//537 354//537 267//537
f 267//538 354//538 308//538
f 185//539 356//539 309//539
f 309//540 356//540 185//540
f 309//541 357//541 268//541
f 268//542 357//542 309//542
f 233//469 310//469 355//469
f 355//470 310//470 233//470
f 268//543 358//543 310//543
f 310//544 358//544 268//544
f 359//281 149//281 311//281
f 311//282 149//282 359//282
f 270//281 311//281 269//281
f 269//282 311//282 270//282
f 312//281 206//281 353//281
f 353//282 206//282 312//282
f 360//545 270//545 312//545
f 312//546 270//546 360//546
f 313//281 165//281 361//281
f 361//282 165//282 313//282
f 236//281 271//281 313//281
f 313//282 271//282 236//282
f 314//471 236//471 362//471
f 362//472 236//472 314//472
f 315//281 149//281 363//281
f 363//282 149//282 315//282
f 364//281 272//281 315//281
f 315//282 272//282 364//282
f 273//281 272//281 364//281
f 364//282 272//282 273//282
f 365//547 274//547 273//547
f 273//548 274//548 365//548
f 316//473 274//473 366//473
f 366//474 274//474 316//474
f 316//549 367//549 275//549
f 275//550 367//550 316//550
f 317//475 275//475 367//475
f 367//476 275//476 317//476
f 318//477 239//477 317//477
f 317//478 239//478 318//478
f 368//551 276//551 318//551
f 318//552 276//552 368//552
f 240//479 319//479 362//479
f 362//480 319//480 240//480
f 276//551 368//551 319//551
f 319//552 368//552 276//552
f 240//281 369//281 320//281
f 320//282 369//282 240//282
f 369//281 165//281 320//281
f 320//282 165//282 369//282
f 321//553 323//553 243//553
f 243//554 323//554 321//554
f 278//481 281//481 370//481
f 370//482 281//482 278//482
f 278//555 371//555 279//555
f 279//556 371//556 278//556
f 280//483 279//483 371//483
f 371//484 279//484 280//484
f 371//557 322//557 280//557
f 280//558 322//558 371//558
f 185//281 322//281 372//281
f 372//282 322//282 185//282
f 323//559 324//559 244//559
f 244//560 324//560 323//560
f 281//485 282//485 373//485
f 373//486 282//486 281//486
f 326//489 246//489 324//489
f 324//490 246//490 326//490
f 282//487 325//487 374//487
f 374//488 325//488 282//488
f 375//561 284//431 283//431
f 283//432 284//432 375//562
f 376//563 283//563 326//563
f 326//564 283//564 376//564
f 377//565 285//565 284//565
f 284//566 285//566 377//566
f 378//567 327//567 285//567
f 285//568 327//568 378//568
f 327//569 379//569 286//569
f 286//570 379//570 327//570
f 286//571 380//571 287//571
f 287//572 380//572 286//572
f 287//573 381//573 288//573
f 288//574 381//574 287//574
f 289//491 328//491 382//491
f 382//492 328//492 289//492
f 248//493 330//493 328//493
f 328//494 330//494 248//494
f 329//575 383//575 290//575
f 290//576 383//576 329//576
f 290//577 384//577 330//577
f 330//578 384//578 290//578
f 331//495 289//495 382//495
f 382//496 289//496 331//496
f 332//497 249//497 331//497
f 331//498 249//498 332//498
f 333//499 250//499 332//499
f 332//500 250//500 333//500
f 291//501 333//501 385//501
f 385//502 333//502 291//502
f 385//579 334//579 291//579
f 291//580 334//580 385//580
f 386//581 292//581 334//581
f 334//582 292//582 386//582
f 292//581 386//581 335//581
f 335//582 386//582 292//582
f 387//583 293//583 335//583
f 335//584 293//584 387//584
f 293//583 387//583 336//583
f 336//584 387//584 293//584
f 157//267 336//267 337//267
f 337//268 336//268 157//268
f 388//585 294//585 337//585
f 337//586 294//586 388//586
f 294//585 388//585 338//585
f 338//586 388//586 294//586
f 389//587 295//587 338//587
f 338//588 295//588 389//588
f 295//587 389//587 339//587
f 339//588 389//588 295//588
f 390//589 298//589 296//589
f 296//590 298//590 390//590
f 391//591 296//591 297//591
f 297//592 296//592 391//592
f 339//593 391//593 297//593
f 297//594 391//594 339//594
f 392//595 340//595 298//595
f 298//596 340//596 392//596
f 340//597 393//597 299//597
f 299//598 393//598 340//598
f 226//511 341//511 394//511
f 394//512 341//512 226//512
f 299//599 395//599 341//599
f 341//600 395//600 299//600
f 300//395 342//513 396//513
f 396//514 342//514 300//396
f 342//515 258//515 343//515
f 343//516 258//516 342//516
f 343//517 259//517 397//517
f 397//518 259//518 343//518
f 259//519 344//519 397//519
f 397//520 344//520 259//520
f 260//521 345//521 344//521
f 344//522 345//522 260//522
f 261//523 346//523 345//523
f 345//524 346//524 261//524
f 396//601 325//601 300//601
f 300//602 325//602 396//602
f 314//603 398//603 301//603
f 301//604 398//604 314//604
f 347//525 301//525 398//525
f 398//526 301//526 347//526
f 350//605 348//605 265//605
f 265//606 348//606 350//606
f 302//281 348//281 399//281
f 399//282 348//282 302//282
f 164//527 349//527 400//527
f 400//528 349//528 164//528
f 302//607 401//607 349//607
f 349//608 401//608 302//608
f 402//609 350//609 303//609
f 303//610 350//610 402//610
f 303//529 347//529 402//529
f 402//530 347//530 303//530
f 352//611 306//611 304//611
f 304//612 306//612 352//612
f 164//281 403//281 351//281
f 351//282 403//282 164//282
f 351//613 404//613 305//613
f 305//614 404//614 351//614
f 352//531 305//531 404//531
f 404//532 305//532 352//532
f 321//533 306//533 405//533
f 405//534 306//534 321//534
f 406//615 353//615 307//615
f 307//616 353//616 406//616
f 307//535 354//535 406//535
f 406//536 354//536 307//536
f 355//281 407//281 308//281
f 308//282 407//282 355//282
f 354//537 308//537 408//537
f 408//538 308//538 354//538
f 356//539 185//539 409//539
f 409//540 185//540 356//540
f 410//617 309//617 356//617
f 356//618 309//618 410//618
f 357//541 309//541 411//541
f 411//542 309//542 357//542
f 358//543 268//543 357//543
f 357//544 268//544 358//544
f 412//619 355//619 310//619
f 310//620 355//620 412//620
f 413//621 310//621 358//621
f 358//622 310//622 413//622
f 414//281 149//281 359//281
f 359//282 149//282 414//282
f 270//281 359//281 311//281
f 311//282 359//282 270//282
f 415//623 312//623 353//623
f 353//624 312//624 415//624
f 360//545 364//545 270//545
f 270//546 364//546 360//546
f 312//623 415//623 360//623
f 360//624 415//624 312//624
f 361//281 165//281 416//281
f 416//282 165//282 361//282
f 236//281 313//281 361//281
f 361//282 313//282 236//282
f 236//281 417//281 362//281
f 362//282 417//282 236//282
f 314//471 362//471 319//471
f 319//472 362//472 314//472
f 363//281 149//281 418//281
f 418//282 149//282 363//282
f 364//281 315//281 363//281
f 363//282 315//282 364//282
f 419//625 273//625 364//625
f 364//626 273//626 419//626
f 274//547 365//547 366//547
f 366//548 365//548 274//548
f 273//625 419//625 365//625
f 365//626 419//626 273//626
f 366//627 420//627 316//627
f 316//628 420//628 366//628
f 367//549 316//549 420//549
f 420//550 316//550 367//550
f 367//629 421//629 317//629
f 317//630 421//630 367//630
f 317//631 422//631 318//631
f 318//632 422//632 317//632
f 318//633 423//633 368//633
f 368//634 423//634 318//634
f 362//281 424//281 240//281
f 240//282 424//282 362//282
f 425//635 319//635 368//635
f 368//636 319//636 425//636
f 240//281 426//281 369//281
f 369//282 426//282 240//282
f 426//281 165//281 369//281
f 369//282 165//282 426//282
f 323//553 321//553 427//553
f 427//554 321//554 323//554
f 373//637 370//637 281//637
f 281//638 370//638 373//638
f 371//555 278//555 370//555
f 370//556 278//556 371//556
f 322//557 371//557 428//557
f 428//558 371//558 322//558
f 428//639 372//639 322//639
f 322//640 372//640 428//640
f 185//281 372//281 429//281
f 429//282 372//282 185//282
f 324//559 323//559 430//559
f 430//560 323//560 324//560
f 374//641 373//641 282//641
f 282//642 373//642 374//642
f 430//643 326//643 324//643
f 324//644 326//644 430//644
f 431//645 374//645 325//645
f 325//646 374//646 431//646
f 284//431 375//561 377//561
f 377//562 375//562 284//432
f 283//563 376//563 375//563
f 375//564 376//564 283//564
f 326//647 432//647 376//647
f 376//648 432//648 326//648
f 285//565 377//565 378//565
f 378//566 377//566 285//566
f 327//567 378//567 433//567
f 433//568 378//568 327//568
f 379//569 327//569 433//569
f 433//570 327//570 379//570
f 380//571 286//571 379//571
f 379//572 286//572 380//572
f 381//573 287//573 380//573
f 380//574 287//574 381//574
f 328//649 434//649 382//649
f 382//650 434//650 328//650
f 330//651 435//651 328//651
f 328//652 435//652 330//652
f 383//575 329//575 436//575
f 436//576 329//576 383//576
f 384//577 290//577 383//577
f 383//578 290//578 384//578
f 384//653 437//653 330//653
f 330//654 437//654 384//654
f 382//655 438//655 331//655
f 331//656 438//656 382//656
f 331//657 439//657 332//657
f 332//658 439//658 331//658
f 332//659 440//659 333//659
f 333//660 440//660 332//660
f 440//661 385//661 333//661
f 333//662 385//662 440//662
f 334//579 385//579 441//579
f 441//580 385//580 334//580
f 441//663 386//663 334//663
f 334//664 386//664 441//664
f 442//665 335//665 386//665
f 386//666 335//666 442//666
f 335//665 442//665 387//665
f 387//666 442//666 335//666
f 388//667 336//667 387//667
f 387//668 336//668 388//668
f 336//667 388//667 337//667
f 337//668 388//668 336//668
f 443//669 338//669 388//669
f 388//670 338//670 443//670
f 338//669 443//669 389//669
f 389//670 443//670 338//670
f 389//671 444//671 339//671
f 339//672 444//672 389//672
f 298//589 390//589 392//589
f 392//590 390//590 298//590
f 296//591 391//591 390//591
f 390//592 391//592 296//592
f 391//593 339//593 444//593
f 444//594 339//594 391//594
f 340//595 392//595 445//595
f 445//596 392//596 340//596
f 393//597 340//597 445//597
f 445//598 340//598 393//598
f 395//599 299//599 393//599
f 393//600 299//600 395//600
f 446//673 394//673 341//673
f 341//674 394//674 446//674
f 447//675 341//675 395//675
f 395//676 341//676 447//676
f 342//513 448//677 396//513
f 396//514 448//678 342//514
f 343//679 449//679 342//679
f 342//680 449//680 343//680
f 397//681 450//681 343//681
f 343//682 450//682 397//682
f 451//683 397//683 344//683
f 344//684 397//684 451//684
f 452//685 344//685 345//685
f 345//686 344//686 452//686
f 453//687 345//687 346//687
f 346//688 345//688 453//688
f 325//601 396//601 431//601
f 431//602 396//602 325//602
f 398//603 314//603 425//603
f 425//604 314//604 398//604
f 398//689 454//689 347//689
f 347//690 454//690 398//690
f 348//605 350//605 455//605
f 455//606 350//606 348//606
f 399//281 348//281 456//281
f 456//282 348//282 399//282
f 401//607 302//607 399//607
f 399//608 302//608 401//608
f 457//691 400//691 349//691
f 349//692 400//692 457//692
f 400//693 458//693 164//693
f 164//694 458//694 400//694
f 459//695 349//695 401//695
f 401//696 349//696 459//696
f 350//609 402//609 460//609
f 460//610 402//610 350//610
f 454//697 402//697 347//697
f 347//698 402//698 454//698
f 306//611 352//611 405//611
f 405//612 352//612 306//612
f 164//281 461//281 403//281
f 403//282 461//282 164//282
f 403//699 462//699 351//699
f 351//700 462//700 403//700
f 404//613 351//613 462//613
f 462//614 351//614 404//614
f 404//701 405//701 352//701
f 352//702 405//702 404//702
f 405//703 427//703 321//703
f 321//704 427//704 405//704
f 353//615 406//615 415//615
f 415//616 406//616 353//616
f 463//705 406//705 354//705
f 354//706 406//706 463//706
f 464//281 407//281 355//281
f 355//282 407//282 464//282
f 407//707 408//707 308//707
f 308//708 408//708 407//708
f 408//709 463//709 354//709
f 354//710 463//710 408//710
f 185//281 465//281 409//281
f 409//282 465//282 185//282
f 409//711 466//711 356//711
f 356//712 466//712 409//712
f 309//617 410//617 411//617
f 411//618 410//618 309//618
f 356//713 467//713 410//713
f 410//714 467//714 356//714
f 411//715 468//715 357//715
f 357//716 468//716 411//716
f 357//717 469//717 358//717
f 358//718 469//718 357//718
f 355//619 412//619 464//619
f 464//620 412//620 355//620
f 310//621 413//621 412//621
f 412//622 413//622 310//622
f 358//719 470//719 413//719
f 413//720 470//720 358//720
f 471//281 149//281 414//281
f 414//282 149//282 471//282
f 270//281 414//281 359//281
f 359//282 414//282 270//282
f 364//545 360//545 419//545
f 419//546 360//546 364//546
f 364//281 472//281 270//281
f 270//282 472//282 364//282
f 473//721 360//721 415//721
f 415//722 360//722 473//722
f 416//281 165//281 474//281
f 474//282 165//282 416//282
f 236//281 361//281 416//281
f 416//282 361//282 236//282
f 236//281 475//281 417//281
f 417//282 475//282 236//282
f 362//281 417//281 476//281
f 476//282 417//282 362//282
f 319//635 425//635 314//635
f 314//636 425//636 319//636
f 418//281 149//281 477//281
f 477//282 149//282 418//282
f 364//281 363//281 418//281
f 418//282 363//282 364//282
f 478//723 366//723 365//723
f 365//724 366//724 478//724
f 479//725 365//725 419//725
f 419//726 365//726 479//726
f 420//627 366//627 480//627
f 480//628 366//628 420//628
f 420//727 481//727 367//727
f 367//728 481//728 420//728
f 421//629 367//629 481//629
f 481//630 367//630 421//630
f 422//631 317//631 421//631
f 421//632 317//632 422//632
f 482//633 318//633 422//633
f 422//634 318//634 482//634
f 423//633 318//633 482//633
f 482//634 318//634 423//634
f 482//729 368//729 423//729
f 423//730 368//730 482//730
f 362//281 476//281 424//281
f 424//282 476//282 362//282
f 240//281 424//281 483//281
f 483//282 424//282 240//282
f 368//729 484//729 425//729
f 425//730 484//730 368//730
f 240//281 483//281 426//281
f 426//282 483//282 240//282
f 483//281 165//281 426//281
f 426//282 165//282 483//282
f 427//731 430//731 323//731
f 323//732 430//732 427//732
f 370//637 373//637 485//637
f 485//638 373//638 370//638
f 370//733 428//733 371//733
f 371//734 428//734 370//734
f 372//639 428//639 486//639
f 486//640 428//640 372//640
f 486//735 429//735 372//735
f 372//736 429//736 486//736
f 185//281 429//281 487//281
f 487//282 429//282 185//282
f 373//641 374//641 488//641
f 488//642 374//642 373//642
f 326//643 430//643 489//643
f 489//644 430//644 326//644
f 374//645 431//645 490//645
f 490//646 431//646 374//646
f 491//737 377//561 375//561
f 375//562 377//562 491//738
f 492//739 375//739 376//739
f 376//740 375//740 492//740
f 432//647 326//647 489//647
f 489//648 326//648 432//648
f 493//741 376//741 432//741
f 432//742 376//742 493//742
f 494//743 378//743 377//743
f 377//744 378//744 494//744
f 495//745 433//745 378//745
f 378//746 433//746 495//746
f 433//747 496//747 379//747
f 379//748 496//748 433//748
f 379//749 497//749 380//749
f 380//750 497//750 379//750
f 380//751 498//751 381//751
f 381//752 498//752 380//752
f 434//649 328//649 435//649
f 435//650 328//650 434//650
f 438//655 382//655 434//655
f 434//656 382//656 438//656
f 435//651 330//651 437//651
f 437//652 330//652 435//652
f 436//753 499//753 383//753
f 383//754 499//754 436//754
f 383//755 500//755 384//755
f 384//756 500//756 383//756
f 437//653 384//653 501//653
f 501//654 384//654 437//654
f 439//657 331//657 438//657
f 438//658 331//658 439//658
f 440//659 332//659 439//659
f 439//660 332//660 440//660
f 385//661 440//661 502//661
f 502//662 440//662 385//662
f 502//757 441//757 385//757
f 385//758 441//758 502//758
f 386//663 441//663 503//663
f 503//664 441//664 386//664
f 503//759 442//759 386//759
f 386//760 442//760 503//760
f 443//761 387//761 442//761
f 442//762 387//762 443//762
f 387//761 443//761 388//761
f 388//762 443//762 387//762
f 443//763 504//763 389//763
f 389//764 504//764 443//764
f 444//671 389//671 504//671
f 504//672 389//672 444//672
f 505//765 392//765 390//765
f 390//766 392//766 505//766
f 506//767 390//767 391//767
f 391//768 390//768 506//768
f 444//769 506//769 391//769
f 391//770 506//770 444//770
f 507//771 445//771 392//771
f 392//772 445//772 507//772
f 508//773 393//773 445//773
f 445//774 393//774 508//774
f 509//775 395//775 393//775
f 393//776 395//776 509//776
f 394//673 446//673 510//673
f 510//674 446//674 394//674
f 341//675 447//675 446//675
f 446//676 447//676 341//676
f 511//777 447//777 395//777
f 395//778 447//778 511//778
f 448//677 342//513 449//677
f 449//678 342//514 448//678
f 512//779 396//779 448//779
f 448//780 396//780 512//780
f 449//679 343//679 450//679
f 450//680 343//680 449//680
f 450//681 397//681 513//681
f 513//682 397//682 450//682
f 397//683 451//683 513//683
f 513//684 451//684 397//684
f 344//685 452//685 451//685
f 451//686 452//686 344//686
f 345//687 453//687 452//687
f 452//688 453//688 345//688
f 396//779 512//779 431//779
f 431//780 512//780 396//780
f 425//781 514//781 398//781
f 398//782 514//782 425//782
f 454//689 398//689 514//689
f 514//690 398//690 454//690
f 460//783 455//783 350//783
f 350//784 455//784 460//784
f 455//785 456//785 348//785
f 348//786 456//786 455//786
f 399//281 456//281 515//281
f 515//282 456//282 399//282
f 399//787 516//787 401//787
f 401//788 516//788 399//788
f 400//691 457//691 517//691
f 517//692 457//692 400//692
f 349//695 459//695 457//695
f 457//696 459//696 349//696
f 458//693 400//693 518//693
f 518//694 400//694 458//694
f 458//281 519//281 164//281
f 164//282 519//282 458//282
f 401//789 520//789 459//789
f 459//790 520//790 401//790
f 521//791 460//791 402//791
f 402//792 460//792 521//792
f 402//697 454//697 521//697
f 521//698 454//698 402//698
f 164//281 522//281 461//281
f 461//282 522//282 164//282
f 461//793 523//793 403//793
f 403//794 523//794 461//794
f 462//699 403//699 523//699
f 523//700 403//700 462//700
f 462//795 524//795 404//795
f 404//796 524//796 462//796
f 405//701 404//701 524//701
f 524//702 404//702 405//702
f 427//703 405//703 524//703
f 524//704 405//704 427//704
f 525//797 415//797 406//797
f 406//798 415//798 525//798
f 406//705 463//705 525//705
f 525//706 463//706 406//706
f 464//281 526//281 407//281
f 407//282 526//282 464//282
f 408//707 407//707 527//707
f 527//708 407//708 408//708
f 463//709 408//709 528//709
f 528//710 408//710 463//710
f 185//281 529//281 465//281
f 465//282 529//282 185//282
f 466//711 409//711 465//711
f 465//712 409//712 466//712
f 467//713 356//713 466//713
f 466//714 356//714 467//714
f 530//799 411//799 410//799
f 410//800 411//800 530//800
f 531//801 410//801 467//801
f 467//802 410//802 531//802
f 468//715 411//715 532//715
f 532//716 411//716 468//716
f 469//717 357//717 468//717
f 468//718 357//718 469//718
f 470//719 358//719 469//719
f 469//720 358//720 470//720
f 533//803 464//803 412//803
f 412//804 464//804 533//804
f 534//805 412//805 413//805
f 413//806 412//806 534//806
f 535//807 413//807 470//807
f 470//808 413//808 535//808
f 536//281 149//281 471//281
f 471//282 149//282 536//282
f 270//281 471//281 414//281
f 414//282 471//282 270//282
f 537//809 419//809 360//809
f 360//810 419//810 537//810
f 364//281 477//281 472//281
f 472//282 477//282 364//282
f 270//281 472//281 538//281
f 538//282 472//282 270//282
f 360//721 473//721 537//721
f 537//722 473//722 360//722
f 415//797 525//797 473//797
f 473//798 525//798 415//798
f 474//281 165//281 539//281
f 539//282 165//282 474//282
f 236//281 416//281 474//281
f 474//282 416//282 236//282
f 236//281 539//281 475//281
f 475//282 539//282 236//282
f 475//281 165//281 417//281
f 417//282 165//282 475//282
f 417//281 165//281 476//281
f 476//282 165//282 417//282
f 477//281 149//281 472//281
f 472//282 149//282 477//282
f 364//281 418//281 477//281
f 477//282 418//282 364//282
f 366//723 478//723 480//723
f 480//724 478//724 366//724
f 365//725 479//725 478//725
f 478//726 479//726 365//726
f 419//809 537//809 479//809
f 479//810 537//810 419//810
f 480//811 540//811 420//811
f 420//812 540//812 480//812
f 481//727 420//727 540//727
f 540//728 420//728 481//728
f 481//813 541//813 421//813
f 421//814 541//814 481//814
f 421//815 542//815 422//815
f 422//816 542//816 421//816
f 422//817 543//817 482//817
f 482//818 543//818 422//818
f 484//729 368//729 482//729
f 482//730 368//730 484//730
f 476//281 165//281 424//281
f 424//282 165//282 476//282
f 424//281 165//281 483//281
f 483//282 165//282 424//282
f 514//781 425//781 484//781
f 484//782 425//782 514//782
f 430//731 427//731 544//731
f 544//732 427//732 430//732
f 488//819 485//819 373//819
f 373//820 485//820 488//820
f 428//733 370//733 485//733
f 485//734 370//734 428//734
f 485//821 486//821 428//821
f 428//822 486//822 485//822
f 429//735 486//735 545//735
f 545//736 486//736 429//736
f 545//823 487//823 429//823
f 429//824 487//824 545//824
f 185//281 487//281 546//281
f 546//282 487//282 185//282
f 490//825 488//825 374//825
f 374//826 488//826 490//826
f 544//827 489//827 430//827
f 430//828 489//828 544//828
f 512//829 490//829 431//829
f 431//830 490//830 512//830
f 377//561 491//737 494//737
f 494//738 491//738 377//562
f 375//739 492//739 491//739
f 491//740 492//740 375//740
f 376//741 493//741 492//741
f 492//742 493//742 376//742
f 547//831 432//831 489//831
f 489//832 432//832 547//832
f 548//833 493//833 432//833
f 432//834 493//834 548//834
f 378//743 494//743 495//743
f 495//744 494//744 378//744
f 433//745 495//745 549//745
f 549//746 495//746 433//746
f 496//747 433//747 549//747
f 549//748 433//748 496//748
f 497//749 379//749 496//749
f 496//750 379//750 497//750
f 498//751 380//751 497//751
f 497//752 380//752 498//752
f 435//835 550//835 434//835
f 434//836 550//836 435//836
f 434//837 551//837 438//837
f 438//838 551//838 434//838
f 437//839 552//839 435//839
f 435//840 552//840 437//840
f 499//753 436//753 553//753
f 553//754 436//754 499//754
f 500//755 383//755 499//755
f 499//756 383//756 500//756
f 500//841 501//841 384//841
f 384//842 501//842 500//842
f 501//843 554//843 437//843
f 437//844 554//844 501//844
f 438//845 555//845 439//845
f 439//846 555//846 438//846
f 439//847 556//847 440//847
f 440//848 556//848 439//848
f 440//849 557//849 502//849
f 502//850 557//850 440//850
f 441//757 502//757 558//757
f 558//758 502//758 441//758
f 558//851 503//851 441//851
f 441//852 503//852 558//852
f 442//759 503//759 559//759
f 559//760 503//760 442//760
f 442//853 560//853 443//853
f 443//854 560//854 442//854
f 504//763 443//763 560//763
f 560//764 443//764 504//764
f 504//855 561//855 444//855
f 444//856 561//856 504//856
f 392//765 505//765 507//765
f 507//766 505//766 392//766
f 390//767 506//767 505//767
f 505//768 506//768 390//768
f 506//769 444//769 561//769
f 561//770 444//770 506//770
f 445//771 507//771 508//771
f 508//772 507//772 445//772
f 393//773 508//773 509//773
f 509//774 508//774 393//774
f 395//775 509//775 511//775
f 511//776 509//776 395//776
f 562//857 510//857 446//857
f 446//858 510//858 562//858
f 563//859 446//859 447//859
f 447//860 446//860 563//860
f 447//777 511//777 564//777
f 564//778 511//778 447//778
f 449//677 565//861 448//677
f 448//678 565//862 449//678
f 448//863 566//863 512//863
f 512//864 566//864 448//864
f 450//865 567//865 449//865
f 449//866 567//866 450//866
f 513//867 568//867 450//867
f 450//868 568//868 513//868
f 569//869 513//869 451//869
f 451//870 513//870 569//870
f 570//871 451//871 452//871
f 452//872 451//872 570//872
f 571//873 452//873 453//873
f 453//874 452//874 571//874
f 572//875 454//875 514//875
f 514//876 454//876 572//876
f 455//783 460//783 573//783
f 573//784 460//784 455//784
f 456//785 455//785 574//785
f 574//786 455//786 456//786
f 515//281 456//281 575//281
f 575//282 456//282 515//282
f 516//787 399//787 515//787
f 515//788 399//788 516//788
f 520//789 401//789 516//789
f 516//790 401//790 520//790
f 576//877 517//877 457//877
f 457//878 517//878 576//878
f 517//879 518//879 400//879
f 400//880 518//880 517//880
f 577//881 457//881 459//881
f 459//882 457//882 577//882
f 518//883 578//883 458//883
f 458//884 578//884 518//884
f 458//281 579//281 519//281
f 519//282 579//282 458//282
f 164//281 519//281 580//281
f 580//282 519//282 164//282
f 581//885 459//885 520//885
f 520//886 459//886 581//886
f 460//791 521//791 582//791
f 582//792 521//792 460//792
f 583//887 521//887 454//887
f 454//888 521//888 583//888
f 164//281 584//281 522//281
f 522//282 584//282 164//282
f 522//889 585//889 461//889
f 461//890 585//890 522//890
f 523//793 461//793 585//793
f 585//794 461//794 523//794
f 523//891 586//891 462//891
f 462//892 586//892 523//892
f 524//795 462//795 586//795
f 586//796 462//796 524//796
f 524//893 544//893 427//893
f 427//894 544//894 524//894
f 587//895 525//895 463//895
f 463//896 525//896 587//896
f 588//281 526//281 464//281
f 464//282 526//282 588//282
f 526//897 527//897 407//897
f 407//898 527//898 526//898
f 527//899 528//899 408//899
f 408//900 528//900 527//900
f 528//901 587//901 463//901
f 463//902 587//902 528//902
f 185//281 589//281 529//281
f 529//282 589//282 185//282
f 590//903 465//903 529//903
f 529//904 465//904 590//904
f 465//903 590//903 466//903
f 466//904 590//904 465//904
f 466//905 591//905 467//905
f 467//906 591//906 466//906
f 411//799 530//799 532//799
f 532//800 530//800 411//800
f 410//801 531//801 530//801
f 530//802 531//802 410//802
f 467//907 592//907 531//907
f 531//908 592//908 467//908
f 593//909 468//909 532//909
f 532//910 468//910 593//910
f 594//911 469//911 468//911
f 468//912 469//912 594//912
f 469//913 595//913 470//913
f 470//914 595//914 469//914
f 464//803 533//803 588//803
f 588//804 533//804 464//804
f 412//805 534//805 533//805
f 533//806 534//806 412//806
f 413//807 535//807 534//807
f 534//808 535//808 413//808
f 470//915 596//915 535//915
f 535//916 596//916 470//916
f 597//281 149//281 536//281
f 536//282 149//282 597//282
f 270//281 536//281 471//281
f 471//282 536//282 270//282
f 472//281 149//281 538//281
f 538//282 149//282 472//282
f 270//281 538//281 598//281
f 598//282 538//282 270//282
f 599//917 537//917 473//917
f 473//918 537//918 599//918
f 600//919 473//919 525//919
f 525//920 473//920 600//920
f 539//281 165//281 475//281
f 475//282 165//282 539//282
f 236//281 474//281 539//281
f 539//282 474//282 236//282
f 601//921 480//921 478//921
f 478//922 480//922 601//922
f 602//923 478//923 479//923
f 479//924 478//924 602//924
f 603//925 479//925 537//925
f 537//926 479//926 603//926
f 540//811 480//811 604//811
f 604//812 480//812 540//812
f 540//927 605//927 481//927
f 481//928 605//928 540//928
f 541//813 481//813 605//813
f 605//814 481//814 541//814
f 542//815 421//815 541//815
f 541//816 421//816 542//816
f 543//817 422//817 542//817
f 542//818 422//818 543//818
f 606//929 482//929 543//929
f 543//930 482//930 606//930
f 482//929 606//929 484//929
f 484//930 606//930 482//930
f 606//931 514//931 484//931
f 484//932 514//932 606//932
f 485//819 488//819 607//819
f 607//820 488//820 485//820
f 486//821 485//821 607//821
f 607//822 485//822 486//822
f 607//933 545//933 486//933
f 486//934 545//934 607//934
f 487//823 545//823 608//823
f 608//824 545//824 487//824
f 608//935 546//935 487//935
f 487//936 546//936 608//936
f 185//281 546//281 609//281
f 609//282 546//282 185//282
f 488//825 490//825 610//825
f 610//826 490//826 488//826
f 489//827 544//827 547//827
f 547//828 544//828 489//828
f 490//829 512//829 611//829
f 611//830 512//830 490//830
f 612//937 494//737 491//737
f 491//738 494//738 612//938
f 613//939 491//939 492//939
f 492//940 491//940 613//940
f 614//941 492//941 493//941
f 493//942 492//942 614//942
f 432//831 547//831 548//831
f 548//832 547//832 432//832
f 493//833 548//833 615//833
f 615//834 548//834 493//834
f 616//943 495//943 494//943
f 494//944 495//944 616//944
f 617//945 549//945 495//945
f 495//946 549//946 617//946
f 618//947 496//947 549//947
f 549//948 496//948 618//948
f 496//949 619//949 497//949
f 497//950 619//950 496//950
f 497//951 620//951 498//951
f 498//952 620//952 497//952
f 550//835 435//835 552//835
f 552//836 435//836 550//836
f 551//837 434//837 550//837
f 550//838 434//838 551//838
f 555//845 438//845 551//845
f 551//846 438//846 555//846
f 552//839 437//839 554//839
f 554//840 437//840 552//840
f 553//953 619//953 499//953
f 499//954 619//954 553//954
f 499//955 621//955 500//955
f 500//956 621//956 499//956
f 501//841 500//841 622//841
f 622//842 500//842 501//842
f 554//843 501//843 623//843
f 623//844 501//844 554//844
f 556//847 439//847 555//847
f 555//848 439//848 556//848
f 557//849 440//849 556//849
f 556//850 440//850 557//850
f 557//957 558//957 502//957
f 502//958 558//958 557//958
f 503//851 558//851 624//851
f 624//852 558//852 503//852
f 624//959 559//959 503//959
f 503//960 559//960 624//960
f 560//853 442//853 559//853
f 559//854 442//854 560//854
f 560//961 625//961 504//961
f 504//962 625//962 560//962
f 561//855 504//855 625//855
f 625//856 504//856 561//856
f 626//963 507//963 505//963
f 505//964 507//964 626//964
f 627//965 505//965 506//965
f 506//966 505//966 627//966
f 628//967 506//967 561//967
f 561//968 506//968 628//968
f 629//969 508//969 507//969
f 507//970 508//970 629//970
f 630//971 509//971 508//971
f 508//972 509//972 630//972
f 631//973 511//973 509//973
f 509//974 511//974 631//974
f 510//857 562//857 632//857
f 632//858 562//858 510//858
f 446//859 563//859 562//859
f 562//860 563//860 446//860
f 564//975 563//975 447//975
f 447//976 563//976 564//976
f 633//977 564//977 511//977
f 511//978 564//978 633//978
f 565//861 449//677 567//861
f 567//862 449//678 565//862
f 566//863 448//863 565//863
f 565//864 448//864 566//864
f 634//979 512//979 566//979
f 566//980 512//980 634//980
f 567//865 450//865 568//865
f 568//866 450//866 567//866
f 568//867 513//867 635//867
f 635//868 513//868 568//868
f 513//869 569//869 635//869
f 635//870 569//870 513//870
f 451//871 570//871 569//871
f 569//872 570//872 451//872
f 452//873 571//873 570//873
f 570//874 571//874 452//874
f 454//875 572//875 583//875
f 583//876 572//876 454//876
f 514//931 606//931 572//931
f 572//932 606//932 514//932
f 582//981 573//981 460//981
f 460//982 573//982 582//982
f 573//983 574//983 455//983
f 455//984 574//984 573//984
f 636//985 575//985 456//985
f 456//986 575//986 636//986
f 515//281 575//281 637//281
f 637//282 575//282 515//282
f 515//987 638//987 516//987
f 516//988 638//988 515//988
f 516//989 639//989 520//989
f 520//990 639//990 516//990
f 517//877 576//877 640//877
f 640//878 576//878 517//878
f 457//881 577//881 576//881
f 576//882 577//882 457//882
f 518//879 517//879 641//879
f 641//880 517//880 518//880
f 459//885 581//885 577//885
f 577//886 581//886 459//886
f 578//883 518//883 642//883
f 642//884 518//884 578//884
f 643//281 458//281 578//281
f 578//282 458//282 643//282
f 458//281 643//281 579//281
f 579//282 643//282 458//282
f 579//991 644//991 519//991
f 519//992 644//992 579//992
f 519//993 645//993 580//993
f 580//994 645//994 519//994
f 164//281 580//281 584//281
f 584//282 580//282 164//282
f 520//995 646//995 581//995
f 581//996 646//996 520//996
f 647//997 582//997 521//997
f 521//998 582//998 647//998
f 521//887 583//887 647//887
f 647//888 583//888 521//888
f 584//999 648//999 522//999
f 522//1000 648//1000 584//1000
f 585//889 522//889 648//889
f 648//890 522//890 585//890
f 585//1001 649//1001 523//1001
f 523//1002 649//1002 585//1002
f 586//891 523//891 649//891
f 649//892 523//892 586//892
f 544//893 524//893 586//893
f 586//894 524//894 544//894
f 525//895 587//895 600//895
f 600//896 587//896 525//896
f 588//281 650//281 526//281
f 526//282 650//282 588//282
f 527//897 526//897 651//897
f 651//898 526//898 527//898
f 528//899 527//899 652//899
f 652//900 527//900 528//900
f 587//901 528//901 653//901
f 653//902 528//902 587//902
f 185//281 654//281 589//281
f 589//282 654//282 185//282
f 655//1003 529//1003 589//1003
f 589//1004 529//1004 655//1004
f 529//1003 655//1003 590//1003
f 590//1004 655//1004 529//1004
f 591//905 466//905 590//905
f 590//906 466//906 591//906
f 592//907 467//907 591//907
f 591//908 467//908 592//908
f 656//1005 532//1005 530//1005
f 530//1006 532//1006 656//1006
f 657//1007 530//1007 531//1007
f 531//1008 530//1008 657//1008
f 658//1009 531//1009 592//1009
f 592//1010 531//1010 658//1010
f 468//909 593//909 594//909
f 594//910 593//910 468//910
f 532//1005 656//1005 593//1005
f 593//1006 656//1006 532//1006
f 469//911 594//911 659//911
f 659//912 594//912 469//912
f 595//913 469//913 659//913
f 659//914 469//914 595//914
f 596//915 470//915 595//915
f 595//916 470//916 596//916
f 660//1011 588//1011 533//1011
f 533//1012 588//1012 660//1012
f 661//1013 533//1013 534//1013
f 534//1014 533//1014 661//1014
f 662//1015 534//1015 535//1015
f 535//1016 534//1016 662//1016
f 663//1017 535//1017 596//1017
f 596//1018 535//1018 663//1018
f 598//281 149//281 597//281
f 597//282 149//282 598//282
f 270//281 597//281 536//281
f 536//282 597//282 270//282
f 538//281 149//281 598//281
f 598//282 149//282 538//282
f 270//281 598//281 597//281
f 597//282 598//282 270//282
f 537//917 599//917 603//917
f 603//918 599//918 537//918
f 473//919 600//919 599//919
f 599//920 600//920 473//920
f 480//921 601//921 604//921
f 604//922 601//922 480//922
f 478//923 664//923 601//923
f 601//924 664//924 478//924
f 664//923 478//923 602//923
f 602//924 478//924 664//924
f 603//925 602//925 479//925
f 479//926 602//926 603//926
f 604//1019 665//1019 540//1019
f 540//1020 665//1020 604//1020
f 605//927 540//927 665//927
f 665//928 540//928 605//928
f 605//1021 666//1021 541//1021
f 541//1022 666//1022 605//1022
f 541//1023 667//1023 542//1023
f 542//1024 667//1024 541//1024
f 542//1025 668//1025 543//1025
f 543//1026 668//1026 542//1026
f 668//1027 606//1027 543//1027
f 543//1028 606//1028 668//1028
f 610//1029 607//1029 488//1029
f 488//1030 607//1030 610//1030
f 545//933 607//933 669//933
f 669//934 607//934 545//934
f 669//1031 608//1031 545//1031
f 545//1032 608//1032 669//1032
f 546//935 608//935 670//935
f 670//936 608//936 546//936
f 670//1033 609//1033 546//1033
f 546//1034 609//1034 670//1034
f 185//281 609//281 671//281
f 671//282 609//282 185//282
f 611//1035 610//1035 490//1035
f 490//1036 610//1036 611//1036
f 586//1037 547//1037 544//1037
f 544//1038 547//1038 586//1038
f 512//979 634//979 611//979
f 611//980 634//980 512//980
f 494//737 612//937 616//937
f 616//938 612//938 494//738
f 491//939 613//939 612//939
f 612//940 613//940 491//940
f 492//941 614//941 613//941
f 613//942 614//942 492//942
f 493//1039 672//1039 614//1039
f 614//1040 672//1040 493//1040
f 649//1041 548//1041 547//1041
f 547//1042 548//1042 649//1042
f 548//1043 673//1043 615//1043
f 615//1044 673//1044 548//1044
f 672//1039 493//1039 615//1039
f 615//1040 493//1040 672//1040
f 495//943 616//943 617//943
f 617//944 616//944 495//944
f 549//945 617//945 618//945
f 618//946 617//946 549//946
f 496//947 618//947 621//947
f 621//948 618//948 496//948
f 619//949 496//949 621//949
f 621//950 496//950 619//950
f 620//951 497//951 619//951
f 619//952 497//952 620//952
f 552//1045 674//1045 550//1045
f 550//1046 674//1046 552//1046
f 550//1047 675//1047 551//1047
f 551//1048 675//1048 550//1048
f 551//1049 676//1049 555//1049
f 555//1050 676//1050 551//1050
f 554//1051 677//1051 552//1051
f 552//1052 677//1052 554//1052
f 619//953 553//953 620//953
f 620//954 553//954 619//954
f 621//955 499//955 619//955
f 619//956 499//956 621//956
f 621//1053 622//1053 500//1053
f 500//1054 622//1054 621//1054
f 622//1055 623//1055 501//1055
f 501//1056 623//1056 622//1056
f 623//1057 678//1057 554//1057
f 554//1058 678//1058 623//1058
f 555//1059 679//1059 556//1059
f 556//1060 679//1060 555//1060
f 556//1061 680//1061 557//1061
f 557//1062 680//1062 556//1062
f 558//957 557//957 681//957
f 681//958 557//958 558//958
f 681//1063 624//1063 558//1063
f 558//1064 624//1064 681//1064
f 559//959 624//959 682//959
f 682//960 624//960 559//960
f 559//1065 683//1065 560//1065
f 560//1066 683//1066 559//1066
f 625//961 560//961 683//961
f 683//962 560//962 625//962
f 625//1067 628//1067 561//1067
f 561//1068 628//1068 625//1068
f 507//963 626//963 629//963
f 629//964 626//964 507//964
f 505//965 627//965 626//965
f 626//966 627//966 505//966
f 506//967 628//967 627//967
f 627//968 628//968 506//968
f 508//969 629//969 630//969
f 630//970 629//970 508//970
f 509//971 630//971 631//971
f 631//972 630//972 509//972
f 511//973 631//973 633//973
f 633//974 631//974 511//974
f 684//1069 632//1069 562//1069
f 562//1070 632//1070 684//1070
f 685//1071 562//1071 563//1071
f 563//1072 562//1072 685//1072
f 563//975 564//975 686//975
f 686//976 564//976 563//976
f 564//977 633//977 687//977
f 687//978 633//978 564//978
f 567//861 688//1073 565//861
f 565//862 688//1074 567//862
f 565//1075 689//1075 566//1075
f 566//1076 689//1076 565//1076
f 566//1077 690//1077 634//1077
f 634//1078 690//1078 566//1078
f 568//1079 691//1079 567//1079
f 567//1080 691//1080 568//1080
f 635//1081 692//1081 568//1081
f 568//1082 692//1082 635//1082
f 693//1083 635//1083 569//1083
f 569//1084 635//1084 693//1084
f 694//1085 569//1085 570//1085
f 570//1086 569//1086 694//1086
f 695//1087 570//1087 571//1087
f 571//1088 570//1088 695//1088
f 696//1089 583//1089 572//1089
f 572//1090 583//1090 696//1090
f 697//1091 572//1091 606//1091
f 606//1092 572//1092 697//1092
f 573//981 582//981 698//981
f 698//982 582//982 573//982
f 574//983 573//983 699//983
f 699//984 573//984 574//984
f 575//985 636//985 700//985
f 700//986 636//986 575//986
f 637//281 575//281 701//281
f 701//282 575//282 637//282
f 638//987 515//987 637//987
f 637//988 515//988 638//988
f 639//989 516//989 638//989
f 638//990 516//990 639//990
f 646//995 520//995 639//995
f 639//996 520//996 646//996
f 576//1093 702//1093 640//1093
f 640//1094 702//1094 576//1094
f 640//1095 641//1095 517//1095
f 517//1096 641//1096 640//1096
f 703//1097 576//1097 577//1097
f 577//1098 576//1098 703//1098
f 641//1099 642//1099 518//1099
f 518//1100 642//1100 641//1100
f 704//1101 577//1101 581//1101
f 581//1102 577//1102 704//1102
f 705//1103 578//1103 642//1103
f 642//1104 578//1104 705//1104
f 578//1103 705//1103 643//1103
f 643//1104 705//1104 578//1104
f 643//1105 706//1105 579//1105
f 579//1106 706//1106 643//1106
f 644//991 579//991 706//991
f 706//992 579//992 644//992
f 645//993 519//993 644//993
f 644//994 519//994 645//994
f 707//1107 580//1107 645//1107
f 645//1108 580//1108 707//1108
f 580//1107 707//1107 584//1107
f 584//1108 707//1108 580//1108
f 708//1109 581//1109 646//1109
f 646//1110 581//1110 708//1110
f 582//997 647//997 709//997
f 709//998 647//998 582//998
f 710//1111 647//1111 583//1111
f 583//1112 647//1112 710//1112
f 648//999 584//999 707//999
f 707//1000 584//1000 648//1000
f 648//1113 711//1113 585//1113
f 585//1114 711//1114 648//1114
f 649//1001 585//1001 711//1001
f 711//1002 585//1002 649//1002
f 547//1037 586//1037 649//1037
f 649//1038 586//1038 547//1038
f 587//1115 712//1115 600//1115
f 600//1116 712//1116 587//1116
f 713//281 650//281 588//281
f 588//282 650//282 713//282
f 650//1117 714//1117 526//1117
f 526//1118 714//1118 650//1118
f 651//1119 652//1119 527//1119
f 527//1120 652//1120 651//1120
f 652//1121 653//1121 528//1121
f 528//1122 653//1122 652//1122
f 653//1123 715//1123 587//1123
f 587//1124 715//1124 653//1124
f 185//281 671//281 654//281
f 654//282 671//282 185//282
f 716//1125 589//1125 654//1125
f 654//1126 589//1126 716//1126
f 589//1125 716//1125 655//1125
f 655//1126 716//1126 589//1126
f 717//1127 590//1127 655//1127
f 655//1128 590//1128 717//1128
f 590//1127 717//1127 591//1127
f 591//1128 717//1128 590//1128
f 591//1129 718//1129 592//1129
f 592//1130 718//1130 591//1130
f 530//1007 657//1007 656//1007
f 656//1008 657//1008 530//1008
f 531//1009 658//1009 657//1009
f 657//1010 658//1010 531//1010
f 592//1131 719//1131 658//1131
f 658//1132 719//1132 592//1132
f 720//1133 594//1133 593//1133
f 593//1134 594//1134 720//1134
f 721//1135 593//1135 656//1135
f 656//1136 593//1136 721//1136
f 722//1137 659//1137 594//1137
f 594//1138 659//1138 722//1138
f 723//1139 595//1139 659//1139
f 659//1140 595//1140 723//1140
f 595//1141 724//1141 596//1141
f 596//1142 724//1142 595//1142
f 588//1011 660//1011 713//1011
f 713//1012 660//1012 588//1012
f 533//1013 661//1013 660//1013
f 660//1014 661//1014 533//1014
f 534//1015 662//1015 661//1015
f 661//1016 662//1016 534//1016
f 535//1017 663//1017 662//1017
f 662//1018 663//1018 535//1018
f 596//1143 725//1143 663//1143
f 663//1144 725//1144 596//1144
f 599//1145 726//1145 603//1145
f 603//1146 726//1146 599//1146
f 600//1147 727//1147 599//1147
f 599//1148 727//1148 600//1148
f 728//1149 604//1149 601//1149
f 601//1150 604//1150 728//1150
f 729//1151 601//1151 664//1151
f 664//1152 601//1152 729//1152
f 602//925 603//925 664//925
f 664//926 603//926 602//926
f 665//1019 604//1019 730//1019
f 730//1020 604//1020 665//1020
f 731//1153 605//1153 665//1153
f 665//1154 605//1154 731//1154
f 666//1021 605//1021 732//1021
f 732//1022 605//1022 666//1022
f 667//1023 541//1023 666//1023
f 666//1024 541//1024 667//1024
f 668//1025 542//1025 667//1025
f 667//1026 542//1026 668//1026
f 606//1027 668//1027 697//1027
f 697//1028 668//1028 606//1028
f 607//1029 610//1029 669//1029
f 669//1030 610//1030 607//1030
f 608//1031 669//1031 733//1031
f 733//1032 669//1032 608//1032
f 733//1155 670//1155 608//1155
f 608//1156 670//1156 733//1156
f 609//1033 670//1033 734//1033
f 734//1034 670//1034 609//1034
f 734//1157 671//1157 609//1157
f 609//1158 671//1158 734//1158
f 610//1035 611//1035 735//1035
f 735//1036 611//1036 610//1036
f 634//1159 735//1159 611//1159
f 611//1160 735//1160 634//1160
f 736//1161 616//937 612//937
f 612//938 616//938 736//1162
f 737//1163 612//1163 613//1163
f 613//1164 612//1164 737//1164
f 738//1165 613//1165 614//1165
f 614//1166 613//1166 738//1166
f 739//1167 614//1167 672//1167
f 672//1168 614//1168 739//1168
f 548//1041 649//1041 711//1041
f 711//1042 649//1042 548//1042
f 673//1043 548//1043 711//1043
f 711//1044 548//1044 673//1044
f 740//1169 615//1169 673//1169
f 673//1170 615//1170 740//1170
f 615//1169 740//1169 672//1169
f 672//1170 740//1170 615//1170
f 741//1171 617//1171 616//1171
f 616//1172 617//1172 741//1172
f 742//1173 618//1173 617//1173
f 617//1174 618//1174 742//1174
f 622//1053 621//1053 618//1053
f 618//1054 621//1054 622//1054
f 674//1045 552//1045 677//1045
f 677//1046 552//1046 674//1046
f 675//1047 550//1047 674//1047
f 674//1048 550//1048 675//1048
f 676//1049 551//1049 675//1049
f 675//1050 551//1050 676//1050
f 679//1059 555//1059 676//1059
f 676//1060 555//1060 679//1060
f 677//1051 554//1051 678//1051
f 678//1052 554//1052 677//1052
f 623//1055 622//1055 742//1055
f 742//1056 622//1056 623//1056
f 678//1057 623//1057 743//1057
f 743//1058 623//1058 678//1058
f 680//1061 556//1061 679//1061
f 679//1062 556//1062 680//1062
f 680//1175 681//1175 557//1175
f 557//1176 681//1176 680//1176
f 624//1063 681//1063 744//1063
f 744//1064 681//1064 624//1064
f 744//1177 682//1177 624//1177
f 624//1178 682//1178 744//1178
f 683//1065 559//1065 682//1065
f 682//1066 559//1066 683//1066
f 683//1179 745//1179 625//1179
f 625//1180 745//1180 683//1180
f 628//1067 625//1067 745//1067
f 745//1068 625//1068 628//1068
f 746//1181 629//1181 626//1181
f 626//1182 629//1182 746//1182
f 747//1183 626//1183 627//1183
f 627//1184 626//1184 747//1184
f 748//1185 627//1185 628//1185
f 628//1186 627//1186 748//1186
f 749//1187 630//1187 629//1187
f 629//1188 630//1188 749//1188
f 750//1189 631//1189 630//1189
f 630//1190 631//1190 750//1190
f 751//1191 633//1191 631//1191
f 631//1192 633//1192 751//1192
f 632//1069 684//1069 752//1069
f 752//1070 684//1070 632//1070
f 562//1071 685//1071 684//1071
f 684//1072 685//1072 562//1072
f 686//1193 685//1193 563//1193
f 563//1194 685//1194 686//1194
f 687//1195 686//1195 564//1195
f 564//1196 686//1196 687//1196
f 753//1197 687//1197 633//1197
f 633//1198 687//1198 753//1198
f 688//1073 567//861 691//1073
f 691//1074 567//862 688//1074
f 689//1075 565//1075 688//1075
f 688//1076 565//1076 689//1076
f 690//1077 566//1077 689//1077
f 689//1078 566//1078 690//1078
f 690//1199 754//1199 634//1199
f 634//1200 754//1200 690//1200
f 691//1079 568//1079 692//1079
f 692//1080 568//1080 691//1080
f 692//1081 635//1081 755//1081
f 755//1082 635//1082 692//1082
f 635//1083 693//1083 755//1083
f 755//1084 693//1084 635//1084
f 569//1085 694//1085 693//1085
f 693//1086 694//1086 569//1086
f 570//1087 695//1087 694//1087
f 694//1088 695//1088 570//1088
f 583//1089 696//1089 710//1089
f 710//1090 696//1090 583//1090
f 572//1091 697//1091 696//1091
f 696//1092 697//1092 572//1092
f 709//1201 698//1201 582//1201
f 582//1202 698//1202 709//1202
f 698//1203 699//1203 573//1203
f 573//1204 699//1204 698//1204
f 699//1205 636//1205 574//1205
f 574//1206 636//1206 699//1206
f 756//1207 700//1207 636//1207
f 636//1208 700//1208 756//1208
f 757//1209 701//1209 575//1209
f 575//1210 701//1210 757//1210
f 637//281 701//281 758//281
f 758//282 701//282 637//282
f 637//1211 759//1211 638//1211
f 638//1212 759//1212 637//1212
f 638//1213 760//1213 639//1213
f 639//1214 760//1214 638//1214
f 639//1215 761//1215 646//1215
f 646//1216 761//1216 639//1216
f 702//1093 576//1093 762//1093
f 762//1094 576//1094 702//1094
f 763//1217 640//1217 702//1217
f 702//1218 640//1218 763//1218
f 641//1095 640//1095 764//1095
f 764//1096 640//1096 641//1096
f 576//1097 703//1097 762//1097
f 762//1098 703//1098 576//1098
f 577//1101 704//1101 703//1101
f 703//1102 704//1102 577//1102
f 642//1099 641//1099 765//1099
f 765//1100 641//1100 642//1100
f 581//1109 708//1109 704//1109
f 704//1110 708//1110 581//1110
f 642//1219 766//1219 705//1219
f 705//1220 766//1220 642//1220
f 706//1105 643//1105 705//1105
f 705//1106 643//1106 706//1106
f 706//1221 767//1221 644//1221
f 644//1222 767//1222 706//1222
f 644//1223 768//1223 645//1223
f 645//1224 768//1224 644//1224
f 645//1225 740//1225 707//1225
f 707//1226 740//1226 645//1226
f 646//1227 769//1227 708//1227
f 708//1228 769//1228 646//1228
f 770//1229 709//1229 647//1229
f 647//1230 709//1230 770//1230
f 647//1111 710//1111 770//1111
f 770//1112 710//1112 647//1112
f 707//1231 673//1231 648//1231
f 648//1232 673//1232 707//1232
f 711//1113 648//1113 673//1113
f 673//1114 648//1114 711//1114
f 712//1115 587//1115 715//1115
f 715//1116 587//1116 712//1116
f 727//1147 600//1147 712//1147
f 712//1148 600//1148 727//1148
f 713//281 771//281 650//281
f 650//282 771//282 713//282
f 714//1117 650//1117 772//1117
f 772//1118 650//1118 714//1118
f 652//1119 651//1119 773//1119
f 773//1120 651//1120 652//1120
f 653//1121 652//1121 774//1121
f 774//1122 652//1122 653//1122
f 715//1123 653//1123 775//1123
f 775//1124 653//1124 715//1124
f 776//1233 654//1233 671//1233
f 671//1234 654//1234 776//1234
f 654//1233 776//1233 716//1233
f 716//1234 776//1234 654//1234
f 777//1235 655//1235 716//1235
f 716//1236 655//1236 777//1236
f 655//1235 777//1235 717//1235
f 717//1236 777//1236 655//1236
f 718//1129 591//1129 717//1129
f 717//1130 591//1130 718//1130
f 719//1131 592//1131 718//1131
f 718//1132 592//1132 719//1132
f 778//1237 656//1237 657//1237
f 657//1238 656//1238 778//1238
f 779//1239 657//1239 658//1239
f 658//1240 657//1240 779//1240
f 780//1241 658//1241 719//1241
f 719//1242 658//1242 780//1242
f 594//1133 720//1133 722//1133
f 722//1134 720//1134 594//1134
f 593//1135 721//1135 720//1135
f 720//1136 721//1136 593//1136
f 656//1237 778//1237 721//1237
f 721//1238 778//1238 656//1238
f 659//1137 722//1137 723//1137
f 723//1138 722//1138 659//1138
f 595//1139 723//1139 781//1139
f 781//1140 723//1140 595//1140
f 724//1141 595//1141 781//1141
f 781//1142 595//1142 724//1142
f 725//1143 596//1143 724//1143
f 724//1144 596//1144 725//1144
f 660//1243 758//1243 713//1243
f 713//1244 758//1244 660//1244
f 760//1245 660//1245 661//1245
f 661//1246 660//1246 760//1246
f 662//1247 760//1247 661//1247
f 661//1248 760//1248 662//1248
f 769//1249 662//1249 663//1249
f 663//1250 662//1250 769//1250
f 782//1251 663//1251 725//1251
f 725//1252 663//1252 782//1252
f 726//1145 599//1145 727//1145
f 727//1146 599//1146 726//1146
f 726//1253 664//1253 603//1253
f 603//1254 664//1254 726//1254
f 604//1149 728//1149 730//1149
f 730//1150 728//1150 604//1150
f 601//1151 729//1151 728//1151
f 728//1152 729//1152 601//1152
f 664//1253 726//1253 729//1253
f 729//1254 726//1254 664//1254
f 783//1255 665//1255 730//1255
f 730//1256 665//1256 783//1256
f 605//1153 731//1153 732//1153
f 732//1154 731//1154 605//1154
f 665//1255 783//1255 731//1255
f 731//1256 783//1256 665//1256
f 732//1257 784//1257 666//1257
f 666//1258 784//1258 732//1258
f 666//1259 785//1259 667//1259
f 667//1260 785//1260 666//1260
f 667//1261 786//1261 668//1261
f 668//1262 786//1262 667//1262
f 786//1263 697//1263 668//1263
f 668//1264 697//1264 786//1264
f 735//1265 669//1265 610//1265
f 610//1266 669//1266 735//1266
f 669//1265 735//1265 733//1265
f 733//1266 735//1266 669//1266
f 670//1155 733//1155 787//1155
f 787//1156 733//1156 670//1156
f 787//1267 734//1267 670//1267
f 670//1268 734//1268 787//1268
f 671//1157 734//1157 776//1157
f 776//1158 734//1158 671//1158
f 735//1159 634//1159 754//1159
f 754//1160 634//1160 735//1160
f 616//937 736//1161 741//1161
f 741//1162 736//1162 616//938
f 612//1163 737//1163 736//1163
f 736//1164 737//1164 612//1164
f 613//1165 738//1165 737//1165
f 737//1166 738//1166 613//1166
f 614//1167 739//1167 738//1167
f 738//1168 739//1168 614//1168
f 672//1269 768//1269 739//1269
f 739//1270 768//1270 672//1270
f 673//1231 707//1231 740//1231
f 740//1232 707//1232 673//1232
f 768//1269 672//1269 740//1269
f 740//1270 672//1270 768//1270
f 617//1171 741//1171 742//1171
f 742//1172 741//1172 617//1172
f 618//1173 742//1173 622//1173
f 622//1174 742//1174 618//1174
f 677//1271 788//1272 674//1272
f 674//1273 788//1273 677//1274
f 674//1272 789//1275 675//1275
f 675//1276 789//1276 674//1273
f 675//1275 790//1277 676//1277
f 676//1278 790//1278 675//1276
f 676//1277 791//1279 679//1279
f 679//1280 791//1280 676//1278
f 678//1281 792//1271 677//1271
f 677//1274 792//1274 678//1282
f 742//1283 743//1283 623//1283
f 623//1284 743//1284 742//1284
f 743//1285 793//1281 678//1281
f 678//1282 793//1282 743//1286
f 679//1279 794//1287 680//1288
f 680//1289 794//1290 679//1280
f 681//1175 680//1175 795//1175
f 681//1175 795//1175 796//1175
f 795//1176 680//1176 681//1176
f 796//1176 795//1176 681//1176
f 796//1291 744//1291 681//1291
f 681//1292 744//1292 796//1292
f 682//1177 744//1177 797//1177
f 797//1178 744//1178 682//1178
f 682//1293 798//1293 683//1293
f 683//1294 798//1294 682//1294
f 745//1179 683//1179 798//1179
f 798//1180 683//1180 745//1180
f 745//1295 748//1295 628//1295
f 628//1296 748//1296 745//1296
f 629//1181 746//1181 749//1181
f 749//1182 746//1182 629//1182
f 626//1183 747//1183 746//1183
f 746//1184 747//1184 626//1184
f 627//1185 748//1185 747//1185
f 747//1186 748//1186 627//1186
f 630//1187 749//1187 750//1187
f 750//1188 749//1188 630//1188
f 631//1189 750//1189 751//1189
f 751//1190 750//1190 631//1190
f 633//1191 751//1191 753//1191
f 753//1192 751//1192 633//1192
f 694//1297 752//1297 684//1297
f 684//1298 752//1298 694//1298
f 693//1299 684//1299 685//1299
f 685//1300 684//1300 693//1300
f 685//1193 686//1193 799//1193
f 799//1194 686//1194 685//1194
f 686//1195 687//1195 800//1195
f 800//1196 687//1196 686//1196
f 687//1197 753//1197 801//1197
f 801//1198 753//1198 687//1198
f 691//1073 802//1301 688//1073
f 688//1074 802//1302 691//1074
f 688//1303 803//1303 689//1303
f 689//1304 803//1304 688//1304
f 689//1305 804//1305 690//1305
f 690//1306 804//1306 689//1306
f 754//1199 690//1199 805//1199
f 805//1200 690//1200 754//1200
f 692//1307 806//1307 691//1307
f 691//1308 806//1308 692//1308
f 755//1309 807//1309 692//1309
f 692//1310 807//1310 755//1310
f 693//1311 799//1311 755//1311
f 755//1312 799//1312 693//1312
f 684//1299 693//1299 694//1299
f 694//1300 693//1300 684//1300
f 752//1297 694//1297 695//1297
f 695//1298 694//1298 752//1298
f 808//1313 710//1313 696//1313
f 696//1314 710//1314 808//1314
f 809//1315 696//1315 697//1315
f 697//1316 696//1316 809//1316
f 698//1201 709//1201 810//1201
f 810//1202 709//1202 698//1202
f 699//1203 698//1203 811//1203
f 811//1204 698//1204 699//1204
f 636//1205 699//1205 756//1205
f 756//1206 699//1206 636//1206
f 700//1207 756//1207 812//1207
f 812//1208 756//1208 700//1208
f 701//1209 757//1209 813//1209
f 813//1210 757//1210 701//1210
f 758//281 701//281 814//281
f 814//282 701//282 758//282
f 759//1211 637//1211 758//1211
f 758//1212 637//1212 759//1212
f 760//1213 638//1213 759//1213
f 759//1214 638//1214 760//1214
f 761//1215 639//1215 760//1215
f 760//1216 639//1216 761//1216
f 769//1227 646//1227 761//1227
f 761//1228 646//1228 769//1228
f 762//1317 815//1317 702//1317
f 702//1318 815//1318 762//1318
f 640//1217 763//1217 764//1217
f 764//1218 763//1218 640//1218
f 702//1319 816//1319 763//1319
f 763//1320 816//1320 702//1320
f 764//1321 765//1321 641//1321
f 641//1322 765//1322 764//1322
f 703//1323 817//1323 762//1323
f 762//1324 817//1324 703//1324
f 818//1325 703//1325 704//1325
f 704//1326 703//1326 818//1326
f 766//1219 642//1219 765//1219
f 765//1220 642//1220 766//1220
f 819//1327 704//1327 708//1327
f 708//1328 704//1328 819//1328
f 820//1329 705//1329 766//1329
f 766//1330 705//1330 820//1330
f 705//1329 820//1329 706//1329
f 706//1330 820//1330 705//1330
f 767//1221 706//1221 820//1221
f 820//1222 706//1222 767//1222
f 768//1223 644//1223 767//1223
f 767//1224 644//1224 768//1224
f 740//1225 645//1225 768//1225
f 768//1226 645//1226 740//1226
f 782//1331 708//1331 769//1331
f 769//1332 708//1332 782//1332
f 709//1229 770//1229 821//1229
f 821//1230 770//1230 709//1230
f 822//1333 770//1333 710//1333
f 710//1334 770//1334 822//1334
f 715//1335 823//1335 712//1335
f 712//1336 823//1336 715//1336
f 712//1337 824//1337 727//1337
f 727//1338 824//1338 712//1338
f 758//281 771//281 713//281
f 713//282 771//282 758//282
f 771//1339 825//1339 650//1339
f 650//1340 825//1340 771//1340
f 772//1341 826//1341 714//1341
f 714//1342 826//1342 772//1342
f 714//1343 773//1343 651//1343
f 651//1344 773//1344 714//1344
f 827//1345 652//1345 773//1345
f 773//1346 652//1346 827//1346
f 652//1345 827//1345 774//1345
f 774//1346 827//1346 652//1346
f 774//1347 775//1347 653//1347
f 653//1348 775//1348 774//1348
f 775//1349 828//1349 715//1349
f 715//1350 828//1350 775//1350
f 829//1351 716//1351 776//1351
f 776//1352 716//1352 829//1352
f 716//1351 829//1351 777//1351
f 777//1352 829//1352 716//1352
f 830//1353 717//1353 777//1353
f 777//1354 717//1354 830//1354
f 717//1353 830//1353 718//1353
f 718//1354 830//1354 717//1354
f 718//1355 831//1355 719//1355
f 719//1356 831//1356 718//1356
f 657//1239 779//1239 778//1239
f 778//1240 779//1240 657//1240
f 658//1241 780//1241 779//1241
f 779//1242 780//1242 658//1242
f 719//1357 832//1357 780//1357
f 780//1358 832//1358 719//1358
f 833//1359 722//1359 720//1359
f 720//1360 722//1360 833//1360
f 834//1361 720//1361 721//1361
f 721//1362 720//1362 834//1362
f 835//1363 721//1363 778//1363
f 778//1364 721//1364 835//1364
f 836//1365 723//1365 722//1365
f 722//1366 723//1366 836//1366
f 837//1367 781//1367 723//1367
f 723//1368 781//1368 837//1368
f 781//1369 838//1369 724//1369
f 724//1370 838//1370 781//1370
f 724//1371 839//1371 725//1371
f 725//1372 839//1372 724//1372
f 758//1243 660//1243 759//1243
f 759//1244 660//1244 758//1244
f 660//1245 760//1245 759//1245
f 759//1246 760//1246 660//1246
f 760//1247 662//1247 761//1247
f 761//1248 662//1248 760//1248
f 662//1249 769//1249 761//1249
f 761//1250 769//1250 662//1250
f 663//1251 782//1251 769//1251
f 769//1252 782//1252 663//1252
f 725//1373 840//1373 782//1373
f 782//1374 840//1374 725//1374
f 727//1375 841//1375 726//1375
f 726//1376 841//1376 727//1376
f 842//1377 730//1377 728//1377
f 728//1378 730//1378 842//1378
f 843//1379 728//1379 729//1379
f 729//1380 728//1380 843//1380
f 726//1381 843//1381 729//1381
f 729//1382 843//1382 726//1382
f 730//1377 842//1377 783//1377
f 783//1378 842//1378 730//1378
f 844//1383 732//1383 731//1383
f 731//1384 732//1384 844//1384
f 845//1385 731//1385 783//1385
f 783//1386 731//1386 845//1386
f 784//1257 732//1257 846//1257
f 846//1258 732//1258 784//1258
f 785//1259 666//1259 784//1259
f 784//1260 666//1260 785//1260
f 786//1261 667//1261 785//1261
f 785//1262 667//1262 786//1262
f 697//1263 786//1263 809//1263
f 809//1264 786//1264 697//1264
f 754//1387 733//1387 735//1387
f 735//1388 733//1388 754//1388
f 733//1387 754//1387 787//1387
f 787//1388 754//1388 733//1388
f 734//1267 787//1267 847//1267
f 847//1268 787//1268 734//1268
f 847//1389 776//1389 734//1389
f 734//1390 776//1390 847//1390
f 848//1285 741//1161 736//1161
f 736//1162 741//1162 848//1286
f 849//1391 736//1391 737//1391
f 737//1392 736//1392 849//1392
f 850//1393 737//1393 738//1393
f 738//1394 737//1394 850//1394
f 851//1395 738//1395 739//1395
f 739//1396 738//1396 851//1396
f 767//1397 739//1397 768//1397
f 768//1398 739//1398 767//1398
f 743//1283 742//1283 741//1283
f 741//1284 742//1284 743//1284
f 788//1272 677//1271 792//1271
f 792//1274 677//1274 788//1273
f 789//1275 674//1272 788//1272
f 788//1273 674//1273 789//1276
f 790//1277 675//1275 789//1275
f 789//1276 675//1276 790//1278
f 791//1279 676//1277 790//1277
f 790//1278 676//1278 791//1280
f 794//1287 679//1279 791//1279
f 791//1280 679//1280 794//1290
f 792//1271 678//1281 793//1281
f 793//1282 678//1282 792//1274
f 793//1281 743//1285 848//1285
f 848//1286 743//1286 793//1282
f 680//1288 794//1287 795//1287
f 795//1290 794//1290 680//1289
f 794//1287 796//1399 795//1287
f 795//1290 796//1400 794//1290
f 744//1291 796//1291 852//1291
f 852//1292 796//1292 744//1292
f 853//1401 797//1401 744//1401
f 744//1402 797//1402 853//1402
f 798//1293 682//1293 797//1293
f 797//1294 682//1294 798//1294
f 798//1403 854//1403 745//1403
f 745//1404 854//1404 798//1404
f 748//1295 745//1295 855//1295
f 855//1295 745//1295 854//1295
f 855//1296 745//1296 748//1296
f 854//1296 745//1296 855//1296
f 836//1405 749//1406 746//1405
f 746//1407 749//1408 836//1407
f 837//1409 746//1405 747//1409
f 747//1410 746//1407 837//1410
f 856//1411 747//1409 748//1412
f 748//1413 747//1410 856//1414
f 833//1406 750//1415 749//1406
f 749//1408 750//1416 833//1408
f 834//1415 751//1417 750//1415
f 750//1416 751//1418 834//1416
f 835//1417 753//1419 751//1417
f 751//1418 753//1420 835//1418
f 799//1311 693//1311 685//1311
f 685//1312 693//1312 799//1312
f 800//1421 799//1421 686//1421
f 686//1422 799//1422 800//1422
f 801//1423 800//1423 687//1423
f 687//1424 800//1424 801//1424
f 857//1419 801//1425 753//1419
f 753//1420 801//1426 857//1420
f 802//1301 691//1073 806//1301
f 806//1302 691//1074 802//1302
f 803//1303 688//1303 802//1303
f 802//1304 688//1304 803//1304
f 804//1305 689//1305 803//1305
f 803//1306 689//1306 804//1306
f 858//1427 690//1427 804//1427
f 804//1428 690//1428 858//1428
f 690//1427 858//1427 805//1427
f 805//1428 858//1428 690//1428
f 847//1429 754//1429 805//1429
f 805//1430 754//1430 847//1430
f 806//1307 692//1307 807//1307
f 807//1308 692//1308 806//1308
f 807//1309 755//1309 799//1309
f 799//1310 755//1310 807//1310
f 710//1313 808//1313 822//1313
f 822//1314 808//1314 710//1314
f 696//1315 809//1315 808//1315
f 808//1316 809//1316 696//1316
f 821//1431 810//1431 709//1431
f 709//1432 810//1432 821//1432
f 859//1433 698//1433 810//1433
f 810//1434 698//1434 859//1434
f 698//1433 859//1433 811//1433
f 811//1434 859//1434 698//1434
f 860//1435 699//1435 811//1435
f 811//1436 699//1436 860//1436
f 699//1435 860//1435 756//1435
f 756//1436 860//1436 699//1436
f 756//1437 861//1437 812//1437
f 812//1438 861//1438 756//1438
f 812//1439 757//1439 700//1439
f 700//1440 757//1440 812//1440
f 862//1441 813//1441 757//1441
f 757//1442 813//1442 862//1442
f 813//1443 814//1443 701//1443
f 701//1444 814//1444 813//1444
f 758//281 814//281 771//281
f 771//282 814//282 758//282
f 815//1317 762//1317 817//1317
f 817//1318 762//1318 815//1318
f 816//1319 702//1319 815//1319
f 815//1320 702//1320 816//1320
f 863//1445 764//1445 763//1445
f 763//1446 764//1446 863//1446
f 864//1447 763//1447 816//1447
f 816//1448 763//1448 864//1448
f 765//1321 764//1321 865//1321
f 865//1322 764//1322 765//1322
f 817//1323 703//1323 866//1323
f 866//1324 703//1324 817//1324
f 703//1325 818//1325 866//1325
f 866//1326 818//1326 703//1326
f 704//1327 819//1327 818//1327
f 818//1328 819//1328 704//1328
f 765//1449 867//1449 766//1449
f 766//1450 867//1450 765//1450
f 708//1331 782//1331 819//1331
f 819//1332 782//1332 708//1332
f 766//1451 868//1451 820//1451
f 820//1452 868//1452 766//1452
f 820//1453 851//1453 767//1453
f 767//1454 851//1454 820//1454
f 869//1455 821//1455 770//1455
f 770//1456 821//1456 869//1456
f 770//1333 822//1333 869//1333
f 869//1334 822//1334 770//1334
f 823//1335 715//1335 828//1335
f 828//1336 715//1336 823//1336
f 824//1337 712//1337 823//1337
f 823//1338 712//1338 824//1338
f 841//1375 727//1375 824//1375
f 824//1376 727//1376 841//1376
f 825//1339 771//1339 870//1339
f 870//1340 771//1340 825//1340
f 826//1341 772//1341 871//1341
f 871//1342 772//1342 826//1342
f 773//1343 714//1343 826//1343
f 826//1344 714//1344 773//1344
f 826//1457 827//1457 773//1457
f 773//1458 827//1458 826//1458
f 872//1459 774//1459 827//1459
f 827//1460 774//1460 872//1460
f 775//1347 774//1347 873//1347
f 873//1348 774//1348 775//1348
f 828//1349 775//1349 874//1349
f 874//1350 775//1350 828//1350
f 776//1389 847//1389 829//1389
f 829//1390 847//1390 776//1390
f 858//1461 777//1461 829//1461
f 829//1462 777//1462 858//1462
f 777//1461 858//1461 830//1461
f 830//1462 858//1462 777//1462
f 831//1355 718//1355 830//1355
f 830//1356 718//1356 831//1356
f 832//1357 719//1357 831//1357
f 831//1358 719//1358 832//1358
f 857//1463 778//1463 779//1463
f 779//1464 778//1464 857//1464
f 875//1465 779//1465 780//1465
f 780//1466 779//1466 875//1466
f 876//1467 780//1467 832//1467
f 832//1468 780//1468 876//1468
f 722//1359 833//1359 836//1359
f 836//1360 833//1360 722//1360
f 720//1361 834//1361 833//1361
f 833//1362 834//1362 720//1362
f 721//1363 835//1363 834//1363
f 834//1364 835//1364 721//1364
f 778//1463 857//1463 835//1463
f 835//1464 857//1464 778//1464
f 723//1365 836//1365 837//1365
f 837//1366 836//1366 723//1366
f 781//1367 837//1367 856//1367
f 856//1368 837//1368 781//1368
f 838//1369 781//1369 856//1369
f 856//1370 781//1370 838//1370
f 839//1371 724//1371 838//1371
f 838//1372 724//1372 839//1372
f 840//1373 725//1373 839//1373
f 839//1374 725//1374 840//1374
f 840//1469 819//1469 782//1469
f 782//1470 819//1470 840//1470
f 843//1381 726//1381 841//1381
f 841//1382 726//1382 843//1382
f 728//1379 843//1379 842//1379
f 842//1380 843//1380 728//1380
f 877//1471 783//1471 842//1471
f 842//1472 783//1472 877//1472
f 732//1383 844//1383 846//1383
f 846//1384 844//1384 732//1384
f 731//1385 845//1385 844//1385
f 844//1386 845//1386 731//1386
f 783//1471 877//1471 845//1471
f 845//1472 877//1472 783//1472
f 846//1473 878//1473 784//1473
f 784//1474 878//1474 846//1474
f 784//1475 879//1475 785//1475
f 785//1476 879//1476 784//1476
f 785//1477 880//1477 786//1477
f 786//1478 880//1478 785//1478
f 880//1479 809//1479 786//1479
f 786//1480 809//1480 880//1480
f 754//1429 847//1429 787//1429
f 787//1430 847//1430 754//1430
f 741//1161 848//1285 743//1285
f 743//1286 848//1286 741//1162
f 736//1391 849//1391 848//1391
f 848//1392 849//1392 736//1392
f 737//1393 850//1393 849//1393
f 849//1394 850//1394 737//1394
f 738//1395 851//1395 850//1395
f 850//1396 851//1396 738//1396
f 739//1397 767//1397 851//1397
f 851//1398 767//1398 739//1398
f 792//1481 864//1481 788//1481
f 788//1482 864//1482 792//1482
f 788//1483 816//1483 789//1483
f 789//1484 816//1484 788//1484
f 789//1485 815//1485 790//1485
f 790//1486 815//1486 789//1486
f 790//1487 817//1487 791//1487
f 791//1488 817//1488 790//1488
f 791//1489 866//1489 794//1489
f 794//1490 866//1490 791//1490
f 793//1491 881//1491 792//1491
f 792//1492 881//1492 793//1492
f 848//1493 882//1493 793//1493
f 793//1494 882//1494 848//1494
f 796//1399 794//1287 852//1495
f 852//1496 794//1290 796//1400
f 744//1291 852//1291 853//1291
f 853//1292 852//1292 744//1292
f 797//1401 853//1401 883//1401
f 883//1402 853//1402 797//1402
f 797//1497 884//1497 798//1497
f 798//1498 884//1498 797//1498
f 854//1403 798//1403 885//1403
f 885//1404 798//1404 854//1404
f 856//1411 748//1412 855//1411
f 855//1414 748//1413 856//1414
f 854//1499 856//1411 855//1411
f 855//1414 856//1414 854//1500
f 749//1406 836//1405 833//1406
f 833//1408 836//1407 749//1408
f 746//1405 837//1409 836//1405
f 836//1407 837//1410 746//1407
f 747//1409 856//1411 837//1409
f 837//1410 856//1414 747//1410
f 750//1415 833//1406 834//1415
f 834//1416 833//1408 750//1416
f 751//1417 834//1415 835//1417
f 835//1418 834//1416 751//1418
f 753//1419 835//1417 857//1419
f 857//1420 835//1418 753//1420
f 799//1421 800//1421 807//1421
f 807//1422 800//1422 799//1422
f 800//1423 801//1423 886//1423
f 886//1424 801//1424 800//1424
f 801//1425 857//1419 875//1425
f 875//1426 857//1420 801//1426
f 806//1301 876//1501 802//1301
f 802//1302 876//1502 806//1302
f 802//1503 832//1503 803//1503
f 803//1504 832//1504 802//1504
f 803//1505 831//1505 804//1505
f 804//1506 831//1506 803//1506
f 804//1507 830//1507 858//1507
f 858//1508 830//1508 804//1508
f 829//1509 805//1509 858//1509
f 858//1510 805//1510 829//1510
f 805//1509 829//1509 847//1509
f 847//1510 829//1510 805//1510
f 807//1511 886//1511 806//1511
f 806//1512 886//1512 807//1512
f 887//1513 822//1513 808//1513
f 808//1514 822//1514 887//1514
f 888//1515 808//1515 809//1515
f 809//1516 808//1516 888//1516
f 810//1431 821//1431 889//1431
f 889//1432 821//1432 810//1432
f 889//1517 859//1517 810//1517
f 810//1518 859//1518 889//1518
f 890//1519 811//1519 859//1519
f 859//1520 811//1520 890//1520
f 811//1519 890//1519 860//1519
f 860//1520 890//1520 811//1520
f 861//1437 756//1437 860//1437
f 860//1438 756//1438 861//1438
f 891//1521 812//1521 861//1521
f 861//1522 812//1522 891//1522
f 757//1439 812//1439 862//1439
f 862//1440 812//1440 757//1440
f 813//1441 862//1441 892//1441
f 892//1442 862//1442 813//1442
f 814//1443 813//1443 893//1443
f 893//1444 813//1444 814//1444
f 893//1523 771//1523 814//1523
f 814//1524 771//1524 893//1524
f 817//1487 790//1487 815//1487
f 815//1488 790//1488 817//1488
f 815//1485 789//1485 816//1485
f 816//1486 789//1486 815//1486
f 764//1445 863//1445 865//1445
f 865//1446 863//1446 764//1446
f 763//1447 864//1447 863//1447
f 863//1448 864//1448 763//1448
f 816//1483 788//1483 864//1483
f 864//1484 788//1484 816//1484
f 867//1449 765//1449 865//1449
f 865//1450 765//1450 867//1450
f 866//1489 791//1489 817//1489
f 817//1490 791//1490 866//1490
f 894//1525 866//1525 818//1525
f 818//1526 866//1526 894//1526
f 895//1527 818//1527 819//1527
f 819//1528 818//1528 895//1528
f 868//1451 766//1451 867//1451
f 867//1452 766//1452 868//1452
f 851//1453 820//1453 868//1453
f 868//1454 820//1454 851//1454
f 821//1455 869//1455 896//1455
f 896//1456 869//1456 821//1456
f 897//1529 869//1530 822//1529
f 822//1531 869//1532 897//1531
f 828//1533 898//1533 823//1533
f 823//1534 898//1534 828//1534
f 823//1535 899//1535 824//1535
f 824//1536 899//1536 823//1536
f 824//1537 900//1537 841//1537
f 841//1538 900//1538 824//1538
f 771//1523 893//1523 870//1523
f 870//1524 893//1524 771//1524
f 870//1539 901//1539 825//1539
f 825//1540 901//1540 870//1540
f 825//1541 871//1541 772//1541
f 772//1542 871//1542 825//1542
f 902//1543 826//1543 871//1543
f 871//1544 826//1544 902//1544
f 827//1457 826//1457 903//1457
f 903//1458 826//1458 827//1458
f 774//1459 872//1459 873//1459
f 873//1460 872//1460 774//1460
f 827//1545 904//1545 872//1545
f 872//1546 904//1546 827//1546
f 873//1547 874//1547 775//1547
f 775//1548 874//1548 873//1548
f 874//1549 905//1549 828//1549
f 828//1550 905//1550 874//1550
f 830//1507 804//1507 831//1507
f 831//1508 804//1508 830//1508
f 831//1505 803//1505 832//1505
f 832//1506 803//1506 831//1506
f 779//1465 875//1465 857//1465
f 857//1466 875//1466 779//1466
f 780//1467 876//1467 875//1467
f 875//1468 876//1468 780//1468
f 832//1503 802//1503 876//1503
f 876//1504 802//1504 832//1504
f 856//1411 885//1551 838//1551
f 838//1552 885//1552 856//1414
f 838//1551 884//1553 839//1553
f 839//1554 884//1554 838//1552
f 839//1553 883//1555 840//1555
f 840//1556 883//1556 839//1554
f 819//1469 840//1469 895//1469
f 895//1470 840//1470 819//1470
f 841//1557 906//1557 843//1557
f 843//1558 906//1558 841//1558
f 906//1559 842//1559 843//1559
f 843//1560 842//1560 906//1560
f 842//1559 906//1559 877//1559
f 877//1560 906//1560 842//1560
f 907//1561 846//1561 844//1561
f 844//1562 846//1562 907//1562
f 908//1563 844//1563 845//1563
f 845//1564 844//1564 908//1564
f 909//1565 845//1565 877//1565
f 877//1566 845//1566 909//1566
f 878//1473 846//1473 910//1473
f 910//1474 846//1474 878//1474
f 879//1475 784//1475 878//1475
f 878//1476 784//1476 879//1476
f 880//1477 785//1477 879//1477
f 879//1478 785//1478 880//1478
f 809//1479 880//1479 888//1479
f 888//1480 880//1480 809//1480
f 882//1493 848//1493 849//1493
f 849//1494 848//1494 882//1494
f 911//1567 849//1567 850//1567
f 850//1568 849//1568 911//1568
f 868//1569 850//1569 851//1569
f 851//1570 850//1570 868//1570
f 864//1481 792//1481 881//1481
f 881//1482 792//1482 864//1482
f 866//1525 894//1525 794//1525
f 794//1526 894//1526 866//1526
f 881//1491 793//1491 882//1491
f 882//1492 793//1492 881//1492
f 852//1495 794//1287 894//1495
f 894//1496 794//1290 852//1496
f 894//1495 853//1571 852//1495
f 852//1496 853//1572 894//1496
f 895//1571 883//1555 853//1571
f 853//1572 883//1556 895//1572
f 884//1497 797//1497 883//1497
f 883//1498 797//1498 884//1498
f 885//1403 798//1403 884//1403
f 884//1404 798//1404 885//1404
f 856//1411 854//1499 885//1551
f 885//1552 854//1500 856//1414
f 886//1511 807//1511 800//1511
f 800//1512 807//1512 886//1512
f 875//1425 886//1501 801//1425
f 801//1426 886//1502 875//1426
f 876//1501 806//1301 886//1501
f 886//1502 806//1302 876//1502
f 822//1513 887//1513 897//1513
f 897//1514 887//1514 822//1514
f 808//1515 888//1515 887//1515
f 887//1516 888//1516 808//1516
f 896//1573 889//1573 821//1573
f 821//1574 889//1574 896//1574
f 859//1517 889//1517 912//1517
f 912//1518 889//1518 859//1518
f 859//1575 913//1575 890//1575
f 890//1576 913//1576 859//1576
f 914//1577 860//1577 890//1577
f 890//1578 860//1578 914//1578
f 860//1577 914//1577 861//1577
f 861//1578 914//1578 860//1578
f 812//1521 891//1521 862//1521
f 862//1522 891//1522 812//1522
f 861//1579 915//1579 891//1579
f 891//1580 915//1580 861//1580
f 862//1581 916//1581 892//1581
f 892//1582 916//1582 862//1582
f 892//1583 893//1583 813//1583
f 813//1584 893//1584 892//1584
f 917//1585 865//1585 863//1585
f 863//1586 865//1586 917//1586
f 881//1587 863//1587 864//1587
f 864//1588 863//1588 881//1588
f 865//1585 917//1585 867//1585
f 867//1586 917//1586 865//1586
f 818//1527 895//1527 894//1527
f 894//1528 895//1528 818//1528
f 867//1589 911//1589 868//1589
f 868//1590 911//1590 867//1590
f 918//1530 896//1591 869//1530
f 869//1532 896//1592 918//1532
f 869//1530 897//1529 918//1530
f 918//1532 897//1531 869//1532
f 898//1533 828//1533 905//1533
f 905//1534 828//1534 898//1534
f 899//1535 823//1535 898//1535
f 898//1536 823//1536 899//1536
f 900//1537 824//1537 899//1537
f 899//1538 824//1538 900//1538
f 906//1557 841//1557 900//1557
f 900//1558 841//1558 906//1558
f 919//1593 870//1593 893//1593
f 893//1594 870//1594 919//1594
f 901//1539 870//1539 920//1539
f 920//1540 870//1540 901//1540
f 871//1541 825//1541 901//1541
f 901//1542 825//1542 871//1542
f 826//1543 902//1543 903//1543
f 903//1544 902//1544 826//1544
f 871//1595 921//1595 902//1595
f 902//1596 921//1596 871//1596
f 904//1545 827//1545 903//1545
f 903//1546 827//1546 904//1546
f 872//1597 922//1597 873//1597
f 873//1598 922//1598 872//1598
f 923//1599 872//1599 904//1599
f 904//1600 872//1600 923//1600
f 874//1547 873//1547 922//1547
f 922//1548 873//1548 874//1548
f 905//1549 874//1549 924//1549
f 924//1550 874//1550 905//1550
f 886//1501 875//1425 876//1501
f 876//1502 875//1426 886//1502
f 884//1553 838//1551 885//1551
f 885//1552 838//1552 884//1554
f 883//1555 839//1553 884//1553
f 884//1554 839//1554 883//1556
f 883//1555 895//1571 840//1555
f 840//1556 895//1572 883//1556
f 925//1601 877//1601 906//1601
f 906//1602 877//1602 925//1602
f 846//1561 907//1561 910//1561
f 910//1562 907//1562 846//1562
f 844//1563 908//1563 907//1563
f 907//1564 908//1564 844//1564
f 845//1565 909//1565 908//1565
f 908//1566 909//1566 845//1566
f 877//1601 925//1601 909//1601
f 909//1602 925//1602 877//1602
f 926//268 878//268 910//268
f 910//267 878//267 926//267
f 926//268 879//268 878//268
f 878//267 879//267 926//267
f 926//268 880//268 879//268
f 879//267 880//267 926//267
f 926//268 888//268 880//268
f 880//267 888//267 926//267
f 849//1567 911//1567 882//1567
f 882//1568 911//1568 849//1568
f 850//1569 868//1569 911//1569
f 911//1570 868//1570 850//1570
f 882//1603 917//1603 881//1603
f 881//1604 917//1604 882//1604
f 853//1571 894//1495 895//1571
f 895//1572 894//1496 853//1572
f 887//268 918//268 897//268
f 897//267 918//267 887//267
f 926//268 887//268 888//268
f 888//267 887//267 926//267
f 889//1573 896//1573 927//1573
f 927//1574 896//1574 889//1574
f 927//1605 912//1605 889//1605
f 889//1606 912//1606 927//1606
f 913//1575 859//1575 912//1575
f 912//1576 859//1576 913//1576
f 928//1607 890//1607 913//1607
f 913//1608 890//1608 928//1608
f 890//1607 928//1607 914//1607
f 914//1608 928//1608 890//1608
f 915//1579 861//1579 914//1579
f 914//1580 861//1580 915//1580
f 916//1581 862//1581 891//1581
f 891//1582 862//1582 916//1582
f 929//1609 891//1609 915//1609
f 915//1610 891//1610 929//1610
f 930//1611 892//1611 916//1611
f 916//1612 892//1612 930//1612
f 893//1583 892//1583 919//1583
f 919//1584 892//1584 893//1584
f 863//1587 881//1587 917//1587
f 917//1588 881//1588 863//1588
f 911//1589 867//1589 917//1589
f 917//1590 867//1590 911//1590
f 896//1591 918//1530 926//1591
f 926//1592 918//1532 896//1592
f 905//1613 931//1614 898//1614
f 898//1615 931//1615 905//1616
f 898//1617 932//1617 899//1617
f 899//1618 932//1618 898//1618
f 899//1619 933//1619 900//1619
f 900//1620 933//1620 899//1620
f 900//1621 925//1621 906//1621
f 906//1622 925//1622 900//1622
f 870//1593 919//1593 920//1593
f 920//1594 919//1594 870//1594
f 934//1623 901//1623 920//1623
f 920//1624 901//1624 934//1624
f 921//1595 871//1595 901//1595
f 901//1596 871//1596 921//1596
f 935//1625 903//1625 902//1625
f 902//1626 903//1626 935//1626
f 936//1627 902//1627 921//1627
f 921//1628 902//1628 936//1628
f 903//1625 935//1625 904//1625
f 904//1626 935//1626 903//1626
f 922//1597 872//1597 937//1597
f 937//1598 872//1598 922//1598
f 872//1599 923//1599 937//1599
f 937//1600 923//1600 872//1600
f 904//1629 938//1629 923//1629
f 923//1630 938//1630 904//1630
f 922//1631 924//1631 874//1631
f 874//1632 924//1632 922//1632
f 924//1633 939//1613 905//1613
f 905//1616 939//1616 924//1634
f 926//268 910//268 907//268
f 907//267 910//267 926//267
f 939//268 907//268 908//268
f 908//267 907//267 939//267
f 939//268 908//268 909//268
f 909//267 908//267 939//267
f 939//268 909//268 925//268
f 925//267 909//267 939//267
f 917//1603 882//1603 911//1603
f 911//1604 882//1604 917//1604
f 918//268 887//268 926//268
f 926//267 887//267 918//267
f 926//1591 927//1635 896//1591
f 896//1592 927//1636 926//1592
f 912//1605 927//1605 940//1605
f 940//1606 927//1606 912//1606
f 912//1637 941//1637 913//1637
f 913//1638 941//1638 912//1638
f 913//1639 942//1639 928//1639
f 928//1640 942//1640 913//1640
f 943//1641 914//1641 928//1641
f 928//1642 914//1642 943//1642
f 914//1641 943//1641 915//1641
f 915//1642 943//1642 914//1642
f 891//1609 929//1609 916//1609
f 916//1610 929//1610 891//1610
f 915//1643 944//1643 929//1643
f 929//1644 944//1644 915//1644
f 892//1611 930//1611 919//1611
f 919//1612 930//1612 892//1612
f 916//1645 945//1645 930//1645
f 930//1646 945//1646 916//1646
f 931//1614 905//1613 939//1613
f 939//1616 905//1616 931//1615
f 932//1617 898//1617 931//1617
f 931//1618 898//1618 932//1618
f 933//1619 899//1619 932//1619
f 932//1620 899//1620 933//1620
f 925//1621 900//1621 933//1621
f 933//1622 900//1622 925//1622
f 930//1647 920//1647 919//1647
f 919//1648 920//1648 930//1648
f 901//1623 934//1623 921//1623
f 921//1624 934//1624 901//1624
f 920//1647 930//1647 934//1647
f 934//1648 930//1648 920//1648
f 902//1627 936//1627 935//1627
f 935//1628 936//1628 902//1628
f 921//1649 946//1649 936//1649
f 936//1650 946//1650 921//1650
f 938//1629 904//1629 935//1629
f 935//1630 904//1630 938//1630
f 937//1651 947//1651 922//1651
f 922//1652 947//1652 937//1652
f 948//1653 937//1653 923//1653
f 923//1654 937//1654 948//1654
f 949//1655 923//1655 938//1655
f 938//1656 923//1656 949//1656
f 924//1631 922//1631 947//1631
f 947//1632 922//1632 924//1632
f 939//1613 924//1633 950//1633
f 950//1634 924//1634 939//1616
f 926//268 907//268 951//268
f 951//267 907//267 926//267
f 950//268 907//268 939//268
f 939//267 907//267 950//267
f 939//268 925//268 933//268
f 933//267 925//267 939//267
f 927//1635 926//1591 951//1635
f 951//1636 926//1592 927//1636
f 940//1657 927//1635 951//1635
f 951//1636 927//1636 940//1658
f 941//1637 912//1637 940//1637
f 940//1638 912//1638 941//1638
f 942//1639 913//1639 941//1639
f 941//1640 913//1640 942//1640
f 952//1659 928//1659 942//1659
f 942//1660 928//1660 952//1660
f 928//1659 952//1659 943//1659
f 943//1660 952//1660 928//1660
f 944//1643 915//1643 943//1643
f 943//1644 915//1644 944//1644
f 945//1645 916//1645 929//1645
f 929//1646 916//1646 945//1646
f 953//1661 929//1661 944//1661
f 944//1662 929//1662 953//1662
f 945//1663 934//1663 930//1663
f 930//1664 934//1664 945//1664
f 939//268 932//268 931//268
f 931//267 932//267 939//267
f 939//268 933//268 932//268
f 932//267 933//267 939//267
f 946//1649 921//1649 934//1649
f 934//1650 921//1650 946//1650
f 954//1665 935//1665 936//1665
f 936//1666 935//1666 954//1666
f 955//1667 936//1667 946//1667
f 946//1668 936//1668 955//1668
f 935//1665 954//1665 938//1665
f 938//1666 954//1666 935//1666
f 947//1651 937//1651 956//1651
f 956//1652 937//1652 947//1652
f 937//1653 948//1653 956//1653
f 956//1654 948//1654 937//1654
f 923//1655 949//1655 948//1655
f 948//1656 949//1656 923//1656
f 938//1669 957//1669 949//1669
f 949//1670 957//1670 938//1670
f 947//1671 950//1633 924//1633
f 924//1634 950//1634 947//1672
f 951//268 907//268 958//268
f 958//267 907//267 951//267
f 959//268 907//268 950//268
f 950//267 907//267 959//267
f 942//1673 941//1674 960//1673
f 960//1675 941//1676 942//1675
f 942//1673 961//1677 952//1678
f 952//1679 961//1680 942//1675
f 962//1681 943//1681 952//1681
f 952//1682 943//1682 962//1682
f 943//1681 962//1681 944//1681
f 944//1682 962//1682 943//1682
f 929//1661 953//1661 945//1661
f 945//1662 953//1662 929//1662
f 944//1683 963//1683 953//1683
f 953//1684 963//1684 944//1684
f 934//1663 945//1663 946//1663
f 946//1664 945//1664 934//1664
f 936//1667 955//1667 954//1667
f 954//1668 955//1668 936//1668
f 946//1685 953//1685 955//1685
f 955//1686 953//1686 946//1686
f 957//1669 938//1669 954//1669
f 954//1670 938//1670 957//1670
f 956//1687 959//1671 947//1671
f 947//1672 959//1672 956//1688
f 949//1689 964//1689 948//1690
f 948//1691 964//1692 949//1692
f 965//1693 949//1689 957//1694
f 957//1695 949//1692 965//1696
f 950//1633 947//1671 959//1671
f 959//1672 947//1672 950//1634
f 958//268 907//268 960//268
f 960//267 907//267 958//267
f 966//268 907//268 959//268
f 959//267 907//267 966//267
f 961//1677 942//1673 960//1673
f 960//1675 942//1675 961//1680
f 962//1697 952//1678 961//1677
f 961//1680 952//1679 962//1698
f 963//1683 944//1683 962//1683
f 962//1684 944//1684 963//1684
f 953//1685 946//1685 945//1685
f 945//1686 946//1686 953//1686
f 963//1699 955//1699 953//1699
f 953//1700 955//1700 963//1700
f 967//1701 954//1701 955//1701
f 955//1702 954//1702 967//1702
f 954//1701 967//1701 957//1701
f 957//1702 967//1702 954//1702
f 949//1689 965//1693 964//1689
f 964//1692 965//1696 949//1692
f 967//1703 965//1693 957//1694
f 957//1695 965//1696 967//1704
f 960//268 907//268 961//268
f 961//267 907//267 960//267
f 964//268 907//268 966//268
f 966//267 907//267 964//267
f 968//1705 962//1697 961//1677
f 961//1680 962//1698 968//1706
f 962//1697 968//1705 963//1705
f 963//1706 968//1706 962//1698
f 955//1699 963//1699 967//1699
f 967//1700 963//1700 955//1700
f 965//268 907//268 964//268
f 964//267 907//267 965//267
f 967//1703 968//1705 965//1693
f 965//1696 968//1706 967//1704
f 961//268 907//268 968//268
f 968//267 907//267 961//267
f 968//1705 967//1703 963//1705
f 963//1706 967//1704 968//1706
f 968//268 907//268 965//268
f 965//267 907//267 968//267
