# SSTK version 0.8.0
# 23
mtllib original-23.mtl
o toilet_seat1/toilet_seat/mesh107/mesh107-geometry#mesh107-geometry
v -0.245340 0.109494 0.671542
v -0.300059 0.110173 0.600232
v -0.300059 0.109476 0.600232
v -0.245340 0.110173 0.671542
v -0.334457 0.110173 0.517189
v -0.104677 0.109326 0.611588
v -0.174030 0.110173 0.726261
v -0.244609 0.117959 0.670811
v -0.334457 0.109456 0.517189
v -0.299164 0.117959 0.599715
v -0.147651 0.109326 0.579817
v -0.055086 0.109326 0.631508
v -0.174030 0.109507 0.726261
v -0.346189 0.110173 0.428180
v -0.181236 0.109326 0.538246
v -0.333458 0.117959 0.516921
v -0.104677 0.110173 0.611588
v -0.055086 0.110173 0.631508
v -0.002076 0.109326 0.638294
v 0.241599 0.109487 0.671542
v -0.090987 0.110173 0.760658
v -0.173513 0.117959 0.725365
v -0.242466 0.125214 0.668668
v -0.346189 0.109433 0.428180
v -0.203265 0.109326 0.489556
v -0.296538 0.125214 0.598199
v -0.181236 0.110173 0.538246
v -0.147651 0.110173 0.579817
v 0.170288 0.109502 0.726261
v -0.090987 0.109514 0.760658
v -0.212320 0.109326 0.436886
v -0.345164 0.117959 0.428113
v -0.203265 0.110173 0.489556
v -0.330530 0.125214 0.516136
v -0.105181 0.117959 0.612490
v -0.055346 0.117959 0.632508
v -0.002076 0.110173 0.638294
v 0.050934 0.109326 0.631508
v 0.170288 0.110173 0.726261
v -0.001871 0.110173 0.772391
v -0.090719 0.117959 0.759660
v -0.171997 0.125214 0.722740
v -0.239056 0.131445 0.665258
v -0.346189 0.109433 0.428073
v -0.345164 0.117959 0.428073
v -0.212320 0.110173 0.436886
v -0.292362 0.131445 0.595788
v -0.182115 0.117959 0.538788
v -0.204254 0.117959 0.489859
v -0.148366 0.117959 0.580563
v -0.002076 0.117959 0.639328
v 0.050934 0.110173 0.631508
v 0.100524 0.109326 0.611588
v 0.241594 0.110173 0.671546
v 0.087245 0.110173 0.760658
v 0.087245 0.109512 0.760658
v -0.001871 0.109516 0.772391
v -0.212193 0.109326 0.291169
v -0.344549 0.119443 0.428073
v -0.346189 0.110173 0.428073
v -0.212193 0.110173 0.291169
v -0.213345 0.117959 0.436973
v -0.325872 0.131445 0.514888
v -0.106658 0.125214 0.615135
v -0.056110 0.125214 0.635440
v -0.002076 0.125214 0.642357
v 0.296329 0.109119 0.600212
v 0.296322 0.110173 0.600223
v 0.240864 0.117959 0.670814
v 0.169771 0.117959 0.725365
v -0.001871 0.117959 0.771357
v -0.089935 0.125214 0.756732
v -0.169586 0.131445 0.718564
v -0.234613 0.136225 0.660814
v -0.205024 0.109326 0.236710
v -0.342158 0.125214 0.428073
v -0.346190 0.110173 0.042850
v -0.213218 0.117959 0.291101
v -0.286920 0.136225 0.592646
v -0.184695 0.125214 0.540378
v -0.216350 0.125214 0.437228
v -0.150462 0.125214 0.582751
v 0.051957 0.125214 0.635440
v 0.051194 0.117959 0.632508
v 0.100524 0.110173 0.611588
v 0.143498 0.109326 0.579817
v 0.295426 0.117959 0.599708
v 0.086978 0.117959 0.759660
v -0.166444 0.136225 0.713122
v -0.184003 0.109326 0.185963
v -0.205024 0.110173 0.236710
v -0.342158 0.125214 0.427916
v -0.345165 0.117959 0.043737
v -0.206022 0.117959 0.236443
v -0.319803 0.136225 0.513261
v -0.207150 0.125214 0.490747
v -0.109008 0.131445 0.619343
v -0.057324 0.131445 0.640105
v -0.002076 0.131445 0.647177
v 0.053171 0.131445 0.640105
v 0.143498 0.110173 0.579817
v 0.177083 0.109326 0.538246
v 0.330727 0.110173 0.517161
v 0.329725 0.117959 0.516901
v 0.238722 0.125214 0.668670
v 0.292799 0.125214 0.598195
v 0.168256 0.125214 0.722740
v 0.086193 0.125214 0.756732
v -0.001871 0.125214 0.768326
v -0.088687 0.131445 0.752074
v -0.087060 0.136225 0.746004
v -0.229438 0.139231 0.655640
v -0.162785 0.139231 0.706784
v -0.346190 0.109326 0.007028
v -0.184003 0.110173 0.185963
v -0.342159 0.125214 0.044563
v -0.337378 0.131445 0.428073
v -0.346190 0.122706 -0.011471
v -0.208950 0.125214 0.235658
v -0.216223 0.125214 0.290903
v -0.280583 0.139231 0.588987
v -0.337378 0.131445 0.427602
v -0.188798 0.131445 0.542906
v -0.221132 0.131445 0.437634
v -0.153796 0.131445 0.586232
v 0.101028 0.117959 0.612490
v 0.102506 0.125214 0.615135
v 0.330732 0.108657 0.517147
v 0.326794 0.125214 0.516123
v -0.085166 0.139231 0.738935
v -0.150565 0.109326 0.142385
v -0.150565 0.110173 0.142385
v -0.184899 0.117959 0.185446
v -0.345165 0.130646 -0.011251
v -0.346190 0.111012 -0.011862
v -0.187524 0.125214 0.183930
v -0.312734 0.139231 0.511366
v -0.331147 0.136225 0.427193
v -0.211758 0.131445 0.492160
v -0.158141 0.136225 0.590768
v -0.112070 0.136225 0.624827
v -0.058906 0.136225 0.646183
v 0.054753 0.136225 0.646183
v 0.104855 0.131445 0.619343
v 0.144213 0.117959 0.580563
v 0.177083 0.110173 0.538246
v 0.199113 0.109326 0.489556
v 0.342451 0.110173 0.428112
v 0.341425 0.117959 0.428035
v 0.338419 0.125214 0.427828
v 0.235313 0.131445 0.665259
v 0.288622 0.131445 0.595785
v 0.322134 0.131445 0.514881
v 0.165845 0.131445 0.718564
v 0.084945 0.131445 0.752074
v -0.001871 0.131445 0.763503
v -0.001871 0.136225 0.757219
v -0.001871 0.139231 0.749901
v -0.223885 0.140256 0.650087
v -0.158858 0.140256 0.699983
v -0.083134 0.140256 0.731349
v -0.106987 0.109326 0.108947
v -0.151296 0.117959 0.141654
v -0.337378 0.131445 0.045272
v -0.331147 0.136225 0.428073
v -0.346190 0.122727 -0.011563
v -0.345884 0.111633 -0.018826
v 0.342438 0.105837 0.046120
v -0.213608 0.131445 0.234410
v -0.191700 0.131445 0.181519
v -0.221004 0.131445 0.290587
v -0.273781 0.140256 0.585060
v -0.323715 0.139242 0.428072
v -0.331148 0.136225 0.045817
v -0.194146 0.136225 0.546201
v -0.217763 0.136225 0.494002
v -0.227362 0.136225 0.438163
v -0.002076 0.136225 0.653459
v 0.107918 0.136225 0.624827
v 0.146309 0.125214 0.582751
v 0.208167 0.109326 0.436886
v 0.342457 0.110173 0.428013
v 0.333637 0.131445 0.427507
v -0.001871 0.140256 0.742048
v -0.056240 0.109326 0.087927
v -0.107504 0.117959 0.108051
v -0.153440 0.125214 0.139511
v -0.342159 0.138015 -0.010916
v -0.345885 0.124298 -0.018368
v 0.342436 0.111012 -0.011864
v -0.001782 0.109326 0.080757
v -0.156849 0.131445 0.136101
v -0.305149 0.140256 0.509333
v -0.323892 0.139231 0.426717
v -0.323892 0.139231 0.428073
v -0.323892 0.139231 0.046159
v -0.163201 0.139231 0.596050
v -0.200373 0.139231 0.550038
v -0.115637 0.139231 0.631214
v -0.060749 0.139231 0.653262
v 0.056596 0.139231 0.653262
v 0.111484 0.139231 0.631214
v 0.153988 0.136225 0.590768
v 0.149643 0.131445 0.586232
v 0.177963 0.117959 0.538788
v 0.199113 0.110173 0.489556
v 0.342463 0.108134 0.428009
v 0.338409 0.125214 0.044563
v 0.333627 0.131445 0.045272
v 0.162703 0.136225 0.713122
v 0.230870 0.136225 0.660815
v 0.283179 0.136225 0.592645
v 0.316062 0.136225 0.513258
v 0.083319 0.136225 0.746004
v 0.081425 0.139231 0.738935
v -0.168631 0.140256 0.601718
v -0.062726 0.140256 0.660859
v 0.155117 0.140256 0.699983
v 0.079392 0.140256 0.731349
v -0.056240 0.110173 0.087927
v -0.106987 0.110173 0.108947
v -0.109020 0.125214 0.105426
v -0.344863 0.132201 -0.017991
v -0.331148 0.149165 -0.010265
v -0.337379 0.144331 -0.010579
v 0.342131 0.111633 -0.018828
v 0.342441 0.110173 0.042850
v 0.052677 0.109326 0.087927
v -0.227234 0.136225 0.290176
v -0.219678 0.136225 0.232783
v -0.197142 0.136225 0.178377
v -0.207056 0.140256 0.554156
v -0.316106 0.140256 0.428073
v -0.323893 0.152187 -0.009993
v -0.224757 0.139231 0.496146
v -0.234618 0.139231 0.438779
v -0.002076 0.139231 0.660773
v 0.159049 0.139231 0.596050
v 0.180542 0.125214 0.540378
v 0.208167 0.110173 0.436886
v 0.208630 0.109326 0.291169
v 0.341415 0.117959 0.043737
v 0.327396 0.136225 0.045817
v 0.327406 0.136225 0.427092
v -0.119464 0.140256 0.638067
v -0.002076 0.140256 0.668623
v -0.056508 0.117959 0.086928
v -0.057292 0.125214 0.084000
v -0.111431 0.131445 0.101250
v -0.341866 0.139525 -0.017459
v -0.345252 0.125395 -0.023125
v -0.344971 0.112250 -0.025737
v 0.342439 0.122711 -0.011490
v -0.001782 0.110173 0.080757
v 0.103424 0.109326 0.108947
v -0.161293 0.136225 0.131657
v -0.232261 0.140256 0.498448
v -0.316106 0.140256 0.426206
v -0.316106 0.140256 0.046276
v -0.316107 0.153190 -0.009783
v 0.058573 0.140256 0.660859
v 0.115311 0.140256 0.638067
v 0.164479 0.140256 0.601718
v 0.189993 0.136225 0.546201
v 0.196221 0.139231 0.550038
v 0.184646 0.131445 0.542906
v 0.200101 0.117959 0.489859
v 0.201460 0.109326 0.236710
v 0.341414 0.130634 -0.011198
v 0.338407 0.138007 -0.010881
v 0.327395 0.149163 -0.010256
v 0.159044 0.139231 0.706784
v 0.225696 0.139231 0.655640
v 0.276841 0.139231 0.588987
v 0.308992 0.139231 0.511367
v -0.058540 0.131445 0.079342
v -0.344394 0.133015 -0.021517
v -0.330887 0.150508 -0.016084
v -0.323653 0.153419 -0.015334
v -0.337099 0.145769 -0.016808
v 0.341217 0.112250 -0.025739
v 0.342131 0.124297 -0.018366
v 0.180440 0.109326 0.185963
v 0.052677 0.110173 0.087927
v 0.103424 0.110173 0.108947
v 0.147002 0.109326 0.142385
v -0.234489 0.139231 0.289698
v -0.226747 0.139231 0.230889
v -0.203480 0.139231 0.174718
v -0.242405 0.140256 0.439440
v -0.315890 0.154304 -0.014611
v 0.202904 0.140256 0.554156
v 0.202998 0.125214 0.490747
v 0.209192 0.117959 0.436975
v 0.208630 0.110173 0.291169
v 0.333626 0.144327 -0.010559
v 0.320141 0.139231 0.046159
v 0.320139 0.152187 -0.009992
v 0.320150 0.139231 0.426613
v 0.220143 0.140256 0.650087
v -0.001782 0.117959 0.079723
v -0.001782 0.125214 0.076692
v -0.001782 0.131445 0.071870
v -0.114573 0.136225 0.095808
v -0.341550 0.140073 -0.019838
v -0.344971 0.125876 -0.025208
v -0.343456 0.112857 -0.032543
v 0.341863 0.124754 -0.020348
v 0.052945 0.117959 0.086928
v -0.166467 0.139231 0.126483
v -0.242275 0.140256 0.289184
v -0.210281 0.140256 0.170791
v 0.312354 0.140256 0.046276
v 0.312137 0.154304 -0.014609
v 0.270040 0.140256 0.585060
v 0.213611 0.136225 0.494002
v 0.220604 0.139231 0.496146
v 0.228109 0.140256 0.498448
v 0.207606 0.131445 0.492160
v 0.201460 0.110173 0.236710
v 0.341109 0.132201 -0.017990
v 0.338113 0.139524 -0.017458
v 0.327134 0.150508 -0.016083
v 0.319900 0.153419 -0.015333
v 0.301406 0.140256 0.509335
v -0.060167 0.136225 0.073272
v -0.343961 0.133754 -0.024721
v -0.330803 0.150655 -0.016721
v -0.323632 0.153457 -0.015496
v -0.336914 0.146090 -0.018202
v 0.339702 0.112858 -0.032544
v 0.341217 0.125876 -0.025210
v 0.180440 0.110173 0.185963
v 0.147002 0.110173 0.142385
v -0.234332 0.140256 0.228857
v -0.172021 0.140256 0.120930
v 0.312353 0.153191 -0.009785
v -0.001782 0.140256 0.050414
v 0.311577 0.155259 -0.018748
v 0.212197 0.125214 0.437236
v 0.209655 0.117959 0.291103
v 0.333346 0.145769 -0.016808
v 0.312364 0.140256 0.426101
v 0.053729 0.125214 0.084000
v -0.001782 0.136225 0.065586
v -0.118232 0.139231 0.089470
v -0.341000 0.141013 -0.023909
v -0.343945 0.126934 -0.029792
v -0.341352 0.113451 -0.039191
v 0.340750 0.126350 -0.027261
v 0.340686 0.132923 -0.021119
v 0.103941 0.117959 0.108051
v -0.122159 0.140256 0.082669
v -0.064093 0.140256 0.058618
v 0.060530 0.140256 0.058618
v -0.315331 0.155260 -0.018752
v 0.223205 0.136225 0.438193
v 0.230458 0.139231 0.438824
v 0.238242 0.140256 0.439500
v 0.216976 0.131445 0.437652
v 0.202459 0.117959 0.236443
v 0.337569 0.140452 -0.021479
v 0.326484 0.151617 -0.020893
v 0.319271 0.154493 -0.019988
v 0.054977 0.131445 0.079342
v 0.056604 0.136225 0.073272
v -0.062061 0.139231 0.066203
v -0.343201 0.134538 -0.028119
v -0.330151 0.151768 -0.021545
v -0.323002 0.154532 -0.020156
v -0.336290 0.147157 -0.022825
v -0.343456 0.127429 -0.031941
v 0.337598 0.113451 -0.039192
v 0.339702 0.127430 -0.031943
v 0.340207 0.133755 -0.024723
v 0.181336 0.117959 0.185446
v 0.147733 0.117959 0.141654
v -0.001782 0.139231 0.058268
v 0.118596 0.140256 0.082669
v 0.310647 0.156202 -0.022835
v 0.212661 0.125214 0.290911
v 0.332725 0.146828 -0.021401
v 0.230769 0.140256 0.228857
v 0.238720 0.140256 0.289244
v 0.105457 0.125214 0.105426
v 0.058498 0.139231 0.066203
v -0.340487 0.141542 -0.026201
v -0.338674 0.114025 -0.045631
v 0.339023 0.127914 -0.034042
v -0.342060 0.128441 -0.036327
v 0.339489 0.134483 -0.027879
v 0.168458 0.140256 0.120930
v -0.314401 0.156203 -0.022840
v 0.319249 0.154531 -0.020154
v 0.217443 0.131445 0.290605
v 0.223675 0.136225 0.290207
v 0.230932 0.139231 0.289742
v 0.205387 0.125214 0.235658
v 0.183961 0.125214 0.183930
v 0.337246 0.141013 -0.023910
v 0.206718 0.140256 0.170791
v 0.326397 0.151768 -0.021545
v 0.107868 0.131445 0.101250
v 0.111010 0.136225 0.095808
v 0.114669 0.139231 0.089470
v -0.342466 0.135283 -0.031347
v -0.330013 0.151910 -0.022159
v -0.322967 0.154568 -0.020312
v -0.335989 0.147467 -0.024168
v 0.334919 0.114026 -0.045632
v -0.341352 0.128946 -0.038515
v 0.337598 0.128946 -0.038517
v 0.338712 0.135283 -0.031349
v 0.149876 0.125214 0.139511
v 0.309352 0.157125 -0.026837
v 0.318203 0.155591 -0.024749
v 0.332536 0.147157 -0.022826
v 0.199917 0.139231 0.174718
v 0.223184 0.139231 0.230889
v -0.339564 0.142478 -0.030259
v -0.335442 0.114577 -0.051814
v 0.336697 0.129435 -0.040636
v -0.339609 0.129907 -0.042681
v 0.337692 0.136011 -0.034502
v -0.341431 0.136033 -0.034598
v 0.336334 0.141938 -0.027920
v 0.162904 0.139231 0.126483
v -0.313105 0.157127 -0.026843
v 0.318167 0.155628 -0.024908
v -0.321921 0.155629 -0.024911
v 0.210045 0.131445 0.234410
v 0.216115 0.136225 0.232783
v 0.325315 0.152865 -0.026299
v 0.153286 0.131445 0.136101
v 0.157730 0.136225 0.131657
v -0.328928 0.153010 -0.026928
v -0.334946 0.148524 -0.028752
v 0.331688 0.114577 -0.051815
v -0.338674 0.130415 -0.044881
v 0.334919 0.130415 -0.044882
v -0.340389 0.136776 -0.037818
v 0.336635 0.136776 -0.037819
v 0.335810 0.142478 -0.030260
v 0.188137 0.131445 0.181519
v 0.307700 0.158022 -0.030724
v -0.321873 0.155663 -0.025061
v 0.316711 0.156666 -0.029408
v 0.331499 0.148208 -0.027381
v 0.193579 0.136225 0.178377
v -0.338865 0.142984 -0.032452
v -0.331682 0.115102 -0.057693
v 0.333791 0.130902 -0.046994
v -0.336608 0.131321 -0.048807
v 0.335309 0.137496 -0.040938
v -0.339097 0.137488 -0.040905
v 0.334526 0.143393 -0.034226
v -0.311453 0.158023 -0.030730
v 0.316663 0.156702 -0.029560
v -0.320416 0.156702 -0.029564
v 0.325175 0.153010 -0.026926
v -0.328741 0.153146 -0.027516
v -0.334537 0.148821 -0.030037
v 0.327927 0.115102 -0.057694
v -0.335442 0.131824 -0.050990
v 0.331688 0.131825 -0.050991
v -0.337746 0.138222 -0.044084
v 0.333992 0.138222 -0.044085
v -0.337567 0.143909 -0.036463
v 0.333813 0.143910 -0.036464
v 0.331192 0.148524 -0.028752
v 0.305701 0.158885 -0.034466
v -0.320357 0.156735 -0.029706
v 0.314805 0.157710 -0.033929
v 0.323666 0.154085 -0.031589
v -0.327421 0.115595 -0.063223
v 0.330331 0.132304 -0.053067
v -0.333080 0.132671 -0.054659
v 0.332361 0.138926 -0.047138
v -0.336215 0.138893 -0.046994
v 0.332161 0.144806 -0.040350
v -0.336696 0.144390 -0.038546
v 0.329742 0.149558 -0.033233
v -0.309454 0.158887 -0.034471
v 0.314745 0.157743 -0.034074
v -0.318498 0.157744 -0.034078
v 0.323475 0.154224 -0.032189
v -0.327229 0.154224 -0.032191
v -0.333079 0.149861 -0.034544
v 0.323667 0.115596 -0.063224
v -0.331682 0.133164 -0.056797
v 0.327927 0.133165 -0.056798
v -0.334557 0.139610 -0.050099
v 0.330802 0.139610 -0.050100
v -0.335027 0.145296 -0.042473
v 0.331273 0.145296 -0.042473
v 0.329325 0.149861 -0.034543
v 0.303369 0.159708 -0.038032
v -0.318428 0.157775 -0.034212
v 0.312498 0.158713 -0.038279
v -0.326995 0.154353 -0.032749
v 0.321548 0.155270 -0.036722
v -0.322693 0.116054 -0.068363
v 0.326344 0.133629 -0.058809
v -0.329047 0.133948 -0.060193
v 0.328872 0.140291 -0.053053
v -0.332806 0.140237 -0.052818
v 0.329258 0.146166 -0.046245
v -0.333994 0.145749 -0.044436
v 0.327467 0.150869 -0.038912
v -0.332568 0.150142 -0.035764
v -0.307123 0.159709 -0.038037
v 0.312427 0.158745 -0.038415
v -0.316180 0.158745 -0.038419
v 0.321310 0.155401 -0.037291
v -0.325063 0.155402 -0.037293
v 0.318939 0.116054 -0.068364
v -0.327421 0.134424 -0.062258
v 0.323667 0.134424 -0.062259
v -0.330845 0.140929 -0.055817
v 0.327091 0.140929 -0.055818
v -0.331960 0.146627 -0.048243
v 0.328206 0.146627 -0.048243
v -0.330701 0.151156 -0.040157
v 0.326947 0.151156 -0.040156
v 0.300722 0.160484 -0.041394
v -0.316100 0.158774 -0.038544
v 0.309807 0.159669 -0.042421
v -0.324787 0.155523 -0.037819
v 0.318976 0.156409 -0.041659
v -0.317534 0.116474 -0.073072
v -0.324540 0.135142 -0.065368
v 0.321863 0.134867 -0.064177
v 0.324869 0.141580 -0.058639
v -0.328892 0.141510 -0.058334
v 0.325839 0.147463 -0.051864
v -0.330779 0.147051 -0.050077
v 0.324692 0.152129 -0.044376
v -0.330096 0.151421 -0.041307
v -0.304476 0.160485 -0.041398
v 0.309725 0.159698 -0.042548
v -0.313479 0.159699 -0.042552
v 0.318694 0.156532 -0.042194
v -0.322448 0.156533 -0.042197
v 0.313779 0.116475 -0.073073
v -0.320679 0.136010 -0.069130
v -0.326640 0.142170 -0.061195
v -0.322693 0.135595 -0.067331
v 0.322885 0.142170 -0.061196
v -0.328392 0.147893 -0.053729
v 0.324637 0.147893 -0.053729
v -0.327830 0.152400 -0.045547
v 0.324076 0.152399 -0.045547
v -0.301563 0.161200 -0.044496
v -0.313389 0.159726 -0.042668
v 0.306752 0.160570 -0.046325
v -0.322132 0.156646 -0.042688
v 0.315970 0.157494 -0.046361
v -0.311981 0.116853 -0.077316
v -0.317534 0.136667 -0.071979
v -0.324504 0.142702 -0.063500
v 0.320384 0.142784 -0.063855
v 0.321931 0.148686 -0.057166
v -0.327074 0.148285 -0.055427
v 0.321438 0.153330 -0.049581
v -0.327138 0.152648 -0.046622
v 0.297747 0.161214 -0.044557
v -0.310316 0.160622 -0.046551
v -0.310415 0.160597 -0.046445
v 0.315648 0.157609 -0.046860
v -0.319402 0.157609 -0.046862
v 0.308227 0.116853 -0.077316
v -0.315322 0.137049 -0.073632
v -0.319210 0.143892 -0.068658
v -0.321973 0.143322 -0.066191
v -0.324347 0.149084 -0.058890
v 0.315835 0.136244 -0.070144
v 0.320593 0.149084 -0.058890
v -0.324489 0.153583 -0.050675
v 0.320735 0.153582 -0.050674
v -0.298312 0.161869 -0.047398
v 0.306660 0.160597 -0.046442
v -0.307032 0.161428 -0.050044
v -0.319049 0.157714 -0.047317
v 0.312553 0.158516 -0.050791
v -0.306079 0.117187 -0.081061
v 0.310478 0.137245 -0.074483
v -0.311981 0.137633 -0.076166
v -0.316879 0.144379 -0.070770
v -0.322906 0.149443 -0.060445
v 0.315916 0.143804 -0.068278
v 0.317562 0.149828 -0.062114
v 0.317730 0.154463 -0.054489
v -0.323717 0.153812 -0.051670
v 0.294560 0.161870 -0.047402
v 0.303331 0.161413 -0.049982
v -0.315563 0.158719 -0.051672
v -0.315949 0.158623 -0.051255
v 0.302325 0.117188 -0.081062
v -0.309589 0.137976 -0.077651
v 0.313779 0.136667 -0.071979
v 0.308227 0.137633 -0.076166
v -0.313873 0.144897 -0.073017
v -0.316531 0.150876 -0.066657
v -0.319862 0.150190 -0.063682
v -0.319857 0.154906 -0.056411
v 0.313588 0.155520 -0.059070
v 0.316947 0.154696 -0.055499
v -0.320701 0.154696 -0.055500
v -0.294842 0.162468 -0.049993
v 0.303126 0.161460 -0.050185
v -0.303394 0.162177 -0.053292
v 0.312194 0.158622 -0.051253
v -0.312128 0.159562 -0.055324
v -0.299871 0.117475 -0.084280
v 0.304753 0.138138 -0.078354
v -0.306079 0.138486 -0.079861
v 0.310677 0.144807 -0.072627
v -0.311397 0.145331 -0.074895
v -0.314958 0.151205 -0.068081
v -0.316504 0.155729 -0.059975
v 0.313124 0.144379 -0.070771
v 0.314548 0.150516 -0.065097
v 0.311823 0.155923 -0.060818
v 0.291091 0.162469 -0.049996
v -0.303287 0.162200 -0.053389
v 0.299534 0.162200 -0.053392
v 0.308735 0.159471 -0.054932
v 0.296117 0.117475 -0.084280
v -0.303525 0.138785 -0.081156
v 0.302325 0.138486 -0.079861
v -0.308172 0.145793 -0.076897
v 0.305068 0.145705 -0.076517
v 0.307643 0.145331 -0.074895
v -0.311355 0.151826 -0.070775
v -0.311904 0.156679 -0.064095
v -0.312825 0.156487 -0.063261
v 0.307927 0.159656 -0.055731
v -0.291148 0.162997 -0.052286
v 0.299422 0.162220 -0.053477
v -0.299392 0.162872 -0.056301
v -0.308344 0.160341 -0.058702
v -0.293405 0.117713 -0.086948
v 0.298702 0.138916 -0.081724
v -0.299871 0.139218 -0.083035
v -0.305570 0.146171 -0.078535
v 0.311204 0.151205 -0.068082
v 0.309554 0.151494 -0.069334
v -0.309685 0.152119 -0.072042
v -0.307940 0.157363 -0.067059
v 0.308150 0.156679 -0.064097
v 0.304170 0.160430 -0.059086
v 0.287399 0.162998 -0.052288
v -0.299278 0.162891 -0.056388
v 0.295526 0.162892 -0.056390
v -0.307923 0.160429 -0.059084
v 0.289651 0.117713 -0.086948
v -0.297179 0.139469 -0.084122
v 0.296117 0.139218 -0.083036
v -0.302150 0.146571 -0.080270
v 0.299131 0.146489 -0.079916
v 0.301816 0.146171 -0.078535
v -0.305833 0.152670 -0.074433
v 0.305931 0.152119 -0.072042
v -0.306961 0.157534 -0.067801
v -0.303859 0.161130 -0.062122
v -0.287258 0.163452 -0.054259
v 0.295408 0.162909 -0.056464
v -0.295132 0.163485 -0.058961
v 0.303727 0.160507 -0.059422
v -0.286731 0.117900 -0.089044
v 0.292371 0.139572 -0.084569
v -0.293405 0.139825 -0.085666
v -0.299441 0.146892 -0.081663
v 0.304194 0.152371 -0.073136
v -0.304078 0.152925 -0.075537
v 0.307183 0.156849 -0.064830
v 0.303208 0.157534 -0.067802
v -0.302734 0.158140 -0.070425
v -0.303412 0.161209 -0.062462
v 0.283510 0.163453 -0.054260
v -0.295012 0.163503 -0.059037
v 0.291262 0.163503 -0.059038
v 0.299659 0.161209 -0.062463
v 0.282977 0.117900 -0.089044
v -0.290598 0.140024 -0.086529
v 0.289651 0.139825 -0.085666
v -0.295854 0.147226 -0.083111
v 0.292911 0.147155 -0.082800
v 0.295687 0.146892 -0.081663
v -0.300008 0.153401 -0.077602
v 0.300325 0.152925 -0.075538
v -0.301706 0.158289 -0.071073
v 0.302191 0.157682 -0.068443
v -0.299084 0.161829 -0.065148
v -0.283202 0.163830 -0.055896
v 0.291138 0.163518 -0.059102
v -0.290647 0.164014 -0.061251
v 0.299194 0.161277 -0.062756
v -0.279898 0.118035 -0.090552
v 0.285805 0.140102 -0.086864
v -0.286731 0.140302 -0.087733
v -0.293058 0.147490 -0.084255
v 0.298514 0.153140 -0.076470
v -0.298181 0.153618 -0.078542
v 0.297953 0.158289 -0.071073
v -0.297247 0.158811 -0.073334
v -0.298613 0.161897 -0.065444
v 0.279455 0.163830 -0.055897
v -0.290522 0.164028 -0.061315
v 0.286773 0.164029 -0.061316
v 0.294862 0.161897 -0.065446
v 0.276144 0.118035 -0.090552
v -0.283835 0.140447 -0.088359
v 0.282977 0.140302 -0.087733
v -0.289334 0.147754 -0.085399
v 0.286453 0.147695 -0.085143
v 0.289304 0.147490 -0.084255
v -0.293925 0.154015 -0.080260
v 0.294428 0.153618 -0.078542
v -0.296177 0.158938 -0.073885
v 0.296892 0.158415 -0.071619
v -0.294054 0.162430 -0.067757
v -0.279011 0.164127 -0.057184
v 0.286645 0.164041 -0.061368
v -0.285971 0.164452 -0.063152
v 0.294376 0.161955 -0.065695
v -0.272960 0.118116 -0.091462
v 0.279055 0.140500 -0.088592
v -0.279898 0.140646 -0.089221
v -0.286468 0.147960 -0.086292
v 0.292555 0.153795 -0.079309
v -0.292038 0.154193 -0.081032
v 0.292424 0.158938 -0.073885
v -0.291522 0.159371 -0.075763
v -0.293564 0.162489 -0.068009
v 0.275265 0.164127 -0.057184
v -0.285843 0.164464 -0.063205
v 0.282094 0.164464 -0.063205
v 0.289813 0.162489 -0.068010
v 0.269206 0.118116 -0.091462
v -0.276942 0.140733 -0.089600
v 0.276144 0.140646 -0.089221
v -0.282640 0.148151 -0.087119
v 0.279808 0.148107 -0.086929
v 0.282714 0.147960 -0.086292
v -0.287630 0.154505 -0.082386
v 0.288285 0.154193 -0.081032
v -0.290417 0.159476 -0.076216
v 0.291327 0.159042 -0.074334
v -0.288809 0.162931 -0.069928
v -0.274719 0.164341 -0.058111
v 0.281963 0.164474 -0.063246
v -0.281141 0.164798 -0.064649
v 0.289311 0.162536 -0.068215
v -0.265968 0.118143 -0.091766
v 0.272172 0.140765 -0.089738
v -0.272960 0.140853 -0.090119
v -0.279722 0.148299 -0.087758
v 0.286362 0.154331 -0.081631
v -0.285697 0.154644 -0.082988
v 0.286665 0.159476 -0.076216
v -0.285603 0.159817 -0.077695
v -0.288303 0.162979 -0.070135
v 0.270974 0.164341 -0.058111
v -0.281009 0.164807 -0.064690
v 0.277261 0.164807 -0.064690
v 0.284553 0.162979 -0.070136
v -0.222221 0.118143 -0.091766
v -0.265968 0.140921 -0.090417
v 0.269192 0.140853 -0.090120
v -0.275823 0.148414 -0.088258
v 0.273024 0.148387 -0.088141
v 0.275968 0.148299 -0.087758
v -0.281173 0.154870 -0.083965
v 0.279983 0.154743 -0.083418
v 0.281944 0.154644 -0.082988
v -0.284470 0.159898 -0.078048
v 0.285538 0.159557 -0.076567
v -0.283389 0.163328 -0.071645
v 0.266616 0.164470 -0.058670
v 0.277128 0.164814 -0.064720
v -0.276193 0.165047 -0.065730
v 0.284038 0.163016 -0.070296
v 0.218465 0.118143 -0.091766
v 0.262214 0.118143 -0.091766
v -0.272871 0.148503 -0.088642
v -0.279204 0.154969 -0.084397
v 0.280718 0.159898 -0.078048
v -0.279534 0.160144 -0.079114
v -0.282871 0.163365 -0.071806
v -0.270356 0.164470 -0.058671
v 0.272177 0.165058 -0.065778
v 0.272312 0.165054 -0.065760
v 0.279121 0.163365 -0.071807
v -0.221347 0.118146 -0.091804
v -0.265942 0.140922 -0.090418
v 0.262214 0.140921 -0.090417
v 0.269107 0.148503 -0.088643
v -0.274602 0.155105 -0.084987
v -0.265926 0.148571 -0.088938
v 0.273465 0.155029 -0.084655
v 0.275452 0.154969 -0.084397
v -0.278381 0.160203 -0.079366
v 0.279570 0.159956 -0.078299
v -0.277836 0.163616 -0.072894
v -0.221574 0.164520 -0.058885
v -0.276059 0.165054 -0.065760
v 0.267286 0.165203 -0.066405
v 0.278596 0.163391 -0.071922
v 0.218470 0.140922 -0.090418
v 0.217591 0.118146 -0.091804
v -0.221348 0.140930 -0.090455
v -0.222226 0.140922 -0.090418
v 0.262188 0.140922 -0.090418
v -0.272611 0.155165 -0.085246
v 0.274630 0.160203 -0.079366
v -0.277309 0.163642 -0.073010
v 0.261563 0.164520 -0.058885
v -0.265316 0.164520 -0.058885
v -0.271165 0.165199 -0.066388
v 0.273027 0.163658 -0.073079
v 0.273559 0.163642 -0.073010
v -0.220480 0.118156 -0.091918
v -0.220976 0.140941 -0.090503
v 0.268852 0.155165 -0.085247
v -0.273363 0.160351 -0.080010
v -0.265868 0.155231 -0.085533
v 0.273466 0.160238 -0.079518
v -0.272191 0.163794 -0.073666
v 0.217819 0.164520 -0.058885
v -0.221742 0.165257 -0.066641
v -0.271030 0.165203 -0.066405
v 0.267909 0.163810 -0.073735
v 0.261731 0.165257 -0.066641
v 0.262173 0.148571 -0.088938
v 0.217591 0.140930 -0.090455
v 0.216724 0.118156 -0.091918
v -0.222203 0.148571 -0.088938
v -0.221259 0.148580 -0.088978
v -0.272197 0.160386 -0.080162
v 0.215005 0.164547 -0.059005
v -0.265484 0.165257 -0.066641
v -0.218759 0.164547 -0.059005
v 0.218447 0.148571 -0.088938
v 0.217095 0.140945 -0.090520
v -0.219626 0.118173 -0.092107
v -0.220480 0.140956 -0.090568
v -0.220672 0.148598 -0.089054
v 0.262114 0.155231 -0.085533
v 0.268443 0.160386 -0.080162
v -0.271658 0.163810 -0.073735
v -0.265769 0.160449 -0.080435
v -0.222137 0.155231 -0.085533
v 0.217986 0.165257 -0.066641
v -0.221898 0.163869 -0.073992
v -0.219429 0.165280 -0.066740
v 0.261885 0.163869 -0.073992
v 0.217135 0.148591 -0.089026
v 0.217503 0.148580 -0.088978
v 0.215870 0.118173 -0.092107
v -0.220114 0.140974 -0.090647
v 0.216724 0.140956 -0.090568
v -0.221001 0.155243 -0.085582
v -0.265639 0.163869 -0.073992
v -0.215323 0.164649 -0.059446
v 0.215657 0.165280 -0.066742
v 0.218381 0.155231 -0.085533
v -0.218791 0.118197 -0.092369
v 0.216236 0.140981 -0.090674
v -0.219626 0.140999 -0.090753
v -0.220304 0.148609 -0.089102
v -0.220037 0.155271 -0.085705
v 0.262016 0.160449 -0.080435
v -0.222033 0.160449 -0.080435
v 0.211569 0.164649 -0.059446
v 0.218143 0.163869 -0.073992
v -0.220053 0.163887 -0.074070
v -0.216658 0.165362 -0.067095
v 0.217245 0.155243 -0.085582
v 0.216548 0.148609 -0.089102
v 0.215035 0.118197 -0.092369
v -0.219268 0.141024 -0.090863
v 0.215870 0.140999 -0.090754
v -0.219726 0.148638 -0.089227
v -0.220589 0.160464 -0.080497
v -0.211936 0.164818 -0.060177
v 0.216298 0.163887 -0.074070
v 0.212903 0.165362 -0.067095
v 0.218277 0.160449 -0.080435
v 0.216997 0.155250 -0.085614
v -0.217983 0.118226 -0.092702
v 0.215393 0.141033 -0.090902
v -0.218791 0.141059 -0.091012
v 0.216186 0.148627 -0.089181
v -0.219364 0.148656 -0.089306
v -0.219789 0.155279 -0.085738
v -0.219115 0.160507 -0.080686
v 0.208182 0.164818 -0.060177
v 0.216232 0.163889 -0.074079
v -0.217968 0.163949 -0.074338
v -0.213943 0.165497 -0.067682
v 0.216834 0.160464 -0.080497
v 0.216033 0.155279 -0.085738
v 0.214227 0.118226 -0.092702
v -0.218445 0.141091 -0.091152
v 0.215035 0.141059 -0.091012
v -0.218798 0.148696 -0.089480
v 0.215608 0.148656 -0.089306
v -0.218840 0.155326 -0.085943
v -0.208623 0.165053 -0.061195
v 0.214146 0.163951 -0.074346
v 0.210155 0.165499 -0.067690
v -0.217901 0.163951 -0.074346
v 0.216688 0.160468 -0.080516
v -0.217207 0.118262 -0.093104
v 0.214574 0.141102 -0.091201
v -0.217983 0.141135 -0.091341
v 0.215255 0.148681 -0.089416
v -0.218445 0.148721 -0.089590
v 0.215789 0.155291 -0.085791
v -0.218595 0.155338 -0.085996
v -0.218969 0.160512 -0.080705
v -0.217516 0.160584 -0.081019
v 0.204868 0.165053 -0.061195
v 0.214081 0.163954 -0.074361
v -0.211271 0.165686 -0.068501
v -0.215846 0.164053 -0.074790
v 0.215214 0.160512 -0.080705
v 0.213451 0.118262 -0.093104
v -0.217650 0.141174 -0.091510
v 0.214227 0.141135 -0.091341
v -0.217897 0.148772 -0.089811
v 0.214689 0.148721 -0.089590
v -0.217667 0.155404 -0.086281
v 0.214840 0.155338 -0.085996
v -0.217373 0.160591 -0.081050
v 0.215071 0.160519 -0.080736
v -0.205407 0.165352 -0.062493
v 0.212026 0.164057 -0.074805
v 0.207484 0.165689 -0.068513
v -0.215781 0.164057 -0.074805
v -0.216469 0.118304 -0.093573
v 0.213785 0.141187 -0.091568
v -0.217207 0.141226 -0.091737
v 0.214347 0.148754 -0.089729
v -0.217554 0.148805 -0.089951
v 0.214601 0.155355 -0.086070
v -0.217429 0.155421 -0.086356
v 0.213618 0.160591 -0.081050
v -0.215953 0.160692 -0.081487
v 0.201652 0.165352 -0.062493
v 0.211962 0.164061 -0.074824
v -0.208662 0.165929 -0.069553
v -0.213771 0.164199 -0.075422
v 0.212713 0.118304 -0.093573
v -0.216890 0.141272 -0.091934
v 0.213451 0.141226 -0.091737
v -0.217028 0.148866 -0.090218
v 0.213799 0.148805 -0.089951
v -0.216529 0.155505 -0.086719
v 0.213673 0.155421 -0.086356
v -0.215813 0.160702 -0.081530
v 0.213478 0.160601 -0.081094
v -0.202313 0.165714 -0.064063
v 0.209952 0.164204 -0.075442
v 0.204907 0.165929 -0.069553
v -0.213707 0.164204 -0.075442
v -0.215775 0.118351 -0.094103
v 0.213031 0.141287 -0.092002
v -0.216469 0.141333 -0.092199
v 0.213471 0.148844 -0.090119
v -0.216700 0.148905 -0.090387
v 0.213443 0.155443 -0.086450
v -0.216298 0.155527 -0.086813
v 0.212057 0.160702 -0.081530
v -0.214435 0.160830 -0.082086
v 0.198558 0.165714 -0.064063
v 0.209890 0.164209 -0.075467
v -0.206183 0.166219 -0.070810
v -0.211757 0.164385 -0.076229
v 0.212019 0.118351 -0.094103
v -0.216170 0.141384 -0.092422
v 0.212713 0.141333 -0.092199
v -0.216198 0.148977 -0.090698
v 0.212944 0.148905 -0.090387
v -0.215433 0.155628 -0.087252
v 0.212543 0.155527 -0.086813
v -0.214300 0.160843 -0.082142
v 0.211922 0.160715 -0.081585
v -0.199364 0.166137 -0.065893
v 0.207940 0.164391 -0.076254
v 0.202398 0.166223 -0.070827
v -0.211695 0.164391 -0.076254
v -0.215130 0.118404 -0.094692
v 0.212319 0.141402 -0.092498
v -0.215775 0.141453 -0.092722
v 0.212632 0.148950 -0.090583
v -0.215886 0.149022 -0.090894
v 0.212321 0.155553 -0.086927
v -0.215212 0.155654 -0.087366
v 0.210544 0.160843 -0.082142
v -0.212974 0.160998 -0.082814
v 0.195608 0.166137 -0.065894
v 0.207880 0.164398 -0.076285
v -0.203805 0.166559 -0.072284
v -0.209819 0.164611 -0.077206
v 0.211374 0.118404 -0.094692
v -0.215497 0.141511 -0.092970
v 0.212019 0.141453 -0.092722
v -0.215414 0.149104 -0.091247
v 0.212131 0.149022 -0.090894
v -0.214388 0.155772 -0.087877
v 0.211456 0.155654 -0.087366
v -0.212845 0.161014 -0.082881
v 0.210415 0.160858 -0.082208
v -0.196582 0.166617 -0.067973
v 0.206005 0.164618 -0.077236
v 0.200022 0.166564 -0.072304
v -0.209760 0.164618 -0.077236
v -0.214539 0.118461 -0.095334
v 0.211653 0.141530 -0.093053
v -0.215138 0.141590 -0.093310
v 0.211838 0.149073 -0.091116
v -0.215121 0.149155 -0.091469
v 0.211246 0.155685 -0.087498
v -0.214178 0.155803 -0.088010
v 0.209089 0.161014 -0.082881
v -0.211582 0.161194 -0.083664
v 0.192827 0.166617 -0.067974
v 0.205948 0.164626 -0.077272
v -0.201550 0.166948 -0.073969
v -0.207973 0.164874 -0.078346
v 0.210783 0.118461 -0.095334
v 0.211374 0.141587 -0.093302
v -0.214682 0.149245 -0.091862
v 0.211365 0.149155 -0.091469
v -0.213401 0.155937 -0.088590
v 0.210422 0.155803 -0.088010
v -0.211459 0.161212 -0.083742
v 0.208966 0.161031 -0.082958
v -0.193993 0.167150 -0.070285
v 0.204161 0.164882 -0.078381
v 0.197782 0.166951 -0.073981
v -0.207917 0.164882 -0.078381
v -0.214007 0.118523 -0.096025
v 0.211119 0.141650 -0.093574
v -0.214795 0.141671 -0.093663
v 0.211094 0.149212 -0.091715
v 0.210225 0.155837 -0.088159
v -0.213204 0.155971 -0.088740
v 0.207704 0.161212 -0.083742
v -0.210269 0.161417 -0.084631
v 0.190231 0.167151 -0.070291
v 0.204108 0.164891 -0.078421
v -0.199476 0.167375 -0.075821
v -0.206232 0.165172 -0.079641
v 0.210251 0.118523 -0.096025
v -0.214539 0.141733 -0.093936
v 0.210783 0.141733 -0.093936
v 0.210654 0.149302 -0.092108
v -0.214162 0.149364 -0.092375
v 0.209448 0.155971 -0.088740
v -0.210154 0.161438 -0.084719
v -0.212482 0.156120 -0.089384
v 0.207588 0.161232 -0.083829
v 0.187852 0.167735 -0.072821
v 0.202423 0.165182 -0.079681
v 0.195703 0.167379 -0.075837
v -0.191608 0.167735 -0.072821
v -0.199453 0.167381 -0.075844
v -0.206179 0.165182 -0.079681
v -0.213537 0.118589 -0.096760
v 0.210553 0.141801 -0.094228
v -0.214238 0.141823 -0.094323
v 0.210251 0.149401 -0.092537
v 0.209265 0.156010 -0.088905
v 0.206398 0.161438 -0.084719
v -0.209047 0.161666 -0.085707
v 0.202374 0.165192 -0.079726
v -0.197543 0.167849 -0.077875
v -0.204611 0.165505 -0.081081
v 0.209781 0.118589 -0.096760
v -0.214007 0.141891 -0.094617
v 0.210251 0.141891 -0.094617
v -0.213758 0.149463 -0.092805
v 0.210002 0.149463 -0.092805
v 0.208542 0.156159 -0.089551
v -0.212131 0.156200 -0.089731
v 0.206291 0.161460 -0.084816
v -0.208841 0.161713 -0.085910
v 0.185700 0.168366 -0.075554
v 0.193787 0.167849 -0.077874
v 0.200803 0.165516 -0.081129
v -0.189456 0.168366 -0.075555
v -0.204517 0.165526 -0.081174
v -0.213133 0.118658 -0.097533
v 0.210047 0.141963 -0.094929
v -0.213741 0.141986 -0.095028
v 0.209638 0.149570 -0.093267
v -0.213535 0.149529 -0.093092
v 0.207879 0.156321 -0.090256
v 0.205182 0.161689 -0.085806
v -0.195801 0.168360 -0.080090
v -0.203074 0.165880 -0.082709
v 0.209377 0.118658 -0.097533
v -0.213537 0.142058 -0.095341
v 0.209781 0.142058 -0.095341
v -0.213170 0.149636 -0.093555
v 0.209414 0.149636 -0.093555
v -0.211467 0.156363 -0.090437
v 0.207711 0.156363 -0.090437
v 0.204165 0.161938 -0.086887
v -0.207823 0.161962 -0.086993
v 0.183795 0.169038 -0.078467
v 0.192054 0.168357 -0.080075
v 0.199363 0.165869 -0.082660
v -0.187551 0.169038 -0.078468
v -0.203033 0.165892 -0.082761
v -0.212798 0.118729 -0.098338
v 0.209605 0.142134 -0.095671
v -0.213309 0.142157 -0.095773
v 0.209093 0.149750 -0.094047
v -0.212973 0.149707 -0.093860
v 0.207113 0.156538 -0.091197
v -0.211316 0.156408 -0.090631
v 0.204067 0.161962 -0.086993
v 0.199318 0.165880 -0.082708
v -0.194277 0.168898 -0.082421
v -0.201731 0.166274 -0.084414
v 0.209042 0.118729 -0.098338
v -0.213133 0.142234 -0.096103
v 0.209377 0.142234 -0.096103
v -0.212651 0.149820 -0.094353
v 0.208895 0.149820 -0.094353
v -0.210717 0.156583 -0.091391
v 0.206962 0.156583 -0.091391
v 0.182155 0.169746 -0.081538
v 0.190530 0.168895 -0.082407
v 0.198016 0.166262 -0.084362
v -0.185910 0.169747 -0.081538
v -0.201696 0.166286 -0.084469
v -0.207735 0.161989 -0.087107
v -0.212535 0.118804 -0.099169
v 0.209231 0.142313 -0.096447
v -0.212944 0.142337 -0.096552
v 0.208618 0.149940 -0.094871
v -0.212482 0.149894 -0.094673
v 0.206432 0.156770 -0.092201
v -0.210585 0.156631 -0.091597
v 0.203149 0.162232 -0.088159
v 0.197975 0.166274 -0.084414
v -0.192956 0.169469 -0.084893
v -0.200544 0.166693 -0.086231
v -0.206816 0.162258 -0.088273
v 0.208779 0.118804 -0.099169
v -0.212798 0.142417 -0.096897
v 0.209042 0.142417 -0.096897
v -0.212205 0.150014 -0.095192
v 0.208449 0.150014 -0.095192
v -0.210055 0.156817 -0.092407
v 0.206300 0.156817 -0.092407
v 0.203060 0.162258 -0.088273
v 0.180792 0.170486 -0.084743
v 0.189200 0.169468 -0.084893
v 0.196824 0.166680 -0.086175
v -0.184548 0.170486 -0.084743
v -0.200513 0.166706 -0.086289
v -0.206738 0.162286 -0.088394
v -0.212345 0.118879 -0.100020
v 0.208927 0.142499 -0.097253
v -0.212650 0.142523 -0.097359
v 0.208219 0.150139 -0.095733
v -0.212066 0.150091 -0.095525
v 0.205844 0.157014 -0.093260
v -0.209941 0.156867 -0.092623
v 0.202248 0.162544 -0.089516
v 0.196788 0.166693 -0.086230
v -0.191855 0.170067 -0.087488
v -0.199522 0.167135 -0.088145
v -0.205926 0.162572 -0.089637
v 0.208590 0.118880 -0.100020
v -0.212535 0.142606 -0.097716
v 0.208779 0.142606 -0.097716
v -0.211835 0.150216 -0.096066
v 0.208080 0.150216 -0.096066
v -0.209486 0.157064 -0.093476
v 0.205730 0.157064 -0.093476
v 0.202170 0.162572 -0.089636
v 0.179720 0.171251 -0.088057
v 0.188104 0.170064 -0.087472
v 0.195796 0.167121 -0.088087
v -0.183476 0.171251 -0.088057
v -0.199496 0.167148 -0.088205
v -0.205859 0.162602 -0.089763
v -0.212231 0.118957 -0.100884
v 0.208696 0.142690 -0.098081
v -0.212429 0.142715 -0.098188
v 0.207899 0.150345 -0.096626
v -0.211726 0.150295 -0.096409
v 0.205352 0.157269 -0.094365
v -0.209391 0.157116 -0.093701
v 0.201471 0.162874 -0.090945
v 0.195766 0.167134 -0.088145
v -0.190997 0.170679 -0.090139
v -0.198673 0.167595 -0.090142
v -0.205159 0.162904 -0.091072
v 0.208476 0.118957 -0.100884
v -0.212345 0.142799 -0.098554
v 0.208590 0.142799 -0.098554
v -0.211545 0.150424 -0.096969
v 0.207789 0.150424 -0.096969
v -0.209013 0.157321 -0.094590
v 0.205257 0.157321 -0.094590
v 0.201404 0.162904 -0.091072
v 0.178947 0.172034 -0.091454
v 0.187246 0.170675 -0.090123
v 0.194943 0.167581 -0.090081
v -0.182703 0.172034 -0.091454
v -0.198653 0.167610 -0.090204
v -0.205104 0.162934 -0.091204
v -0.212193 0.119034 -0.101754
v 0.208540 0.142885 -0.098926
v -0.212282 0.142909 -0.099033
v 0.207658 0.150556 -0.097542
v -0.211466 0.150505 -0.097319
v 0.204960 0.157533 -0.095510
v -0.208939 0.157375 -0.094822
v 0.200823 0.163219 -0.092438
v 0.194917 0.167595 -0.090142
v -0.190375 0.171310 -0.092873
v -0.198005 0.168072 -0.092206
v -0.204524 0.163249 -0.092570
v 0.208437 0.119034 -0.101754
v -0.212234 0.142991 -0.099388
v 0.208476 0.142996 -0.099406
v -0.211335 0.150637 -0.097893
v 0.207580 0.150637 -0.097893
v -0.208642 0.157587 -0.095742
v 0.204886 0.157587 -0.095742
v 0.200768 0.163249 -0.092570
v 0.178481 0.172831 -0.094906
v 0.186619 0.171310 -0.092872
v 0.194269 0.168057 -0.092144
v -0.182236 0.172831 -0.094906
v -0.197991 0.168086 -0.092270
v -0.204480 0.163280 -0.092705
v -0.212193 0.121503 -0.129418
v -0.212194 0.143194 -0.100264
v 0.207501 0.150772 -0.098476
v -0.211288 0.150719 -0.098248
v 0.204672 0.157804 -0.096684
v -0.208589 0.157641 -0.095978
v 0.200311 0.163575 -0.093981
v 0.194250 0.168072 -0.092206
v -0.190000 0.171950 -0.095650
v -0.197524 0.168560 -0.094322
v -0.204024 0.163606 -0.094117
v 0.208437 0.121503 -0.129418
v 0.208438 0.143194 -0.100264
v -0.211211 0.150851 -0.098819
v 0.207454 0.150854 -0.098832
v -0.208374 0.157859 -0.096921
v 0.204618 0.157859 -0.096920
v 0.200268 0.163606 -0.094117
v 0.178354 0.173482 -0.097729
v 0.186244 0.171950 -0.095650
v 0.193783 0.168545 -0.094258
v -0.182110 0.173482 -0.097729
v -0.197516 0.168575 -0.094386
v -0.203993 0.163638 -0.094255
v -0.212193 0.149481 -0.127516
v -0.212193 0.143200 -0.100294
v 0.204489 0.158080 -0.097878
v -0.208342 0.157914 -0.097160
v 0.199939 0.163940 -0.095563
v 0.193768 0.168560 -0.094321
v -0.189896 0.172484 -0.097964
v -0.197234 0.169055 -0.096469
v -0.203663 0.163972 -0.095702
v -0.211168 0.157349 -0.126981
v 0.208437 0.143200 -0.100294
v -0.211168 0.151072 -0.099777
v 0.204457 0.158135 -0.098118
v -0.208214 0.158133 -0.098109
v 0.199908 0.163972 -0.095702
v 0.178354 0.179878 -0.125449
v 0.186140 0.172484 -0.097964
v 0.193487 0.169041 -0.096407
v -0.182110 0.179878 -0.125449
v -0.203645 0.164004 -0.095842
v -0.208163 0.164680 -0.126482
v 0.208437 0.149481 -0.127516
v 0.207412 0.151072 -0.099777
v 0.199709 0.164311 -0.097172
v 0.193478 0.169056 -0.096471
v -0.189896 0.178842 -0.125519
v -0.197152 0.169481 -0.098313
v -0.203447 0.164342 -0.097308
v -0.208163 0.158397 -0.099252
v -0.203382 0.170975 -0.126054
v 0.207412 0.157349 -0.126981
v 0.204407 0.158397 -0.099252
v 0.199691 0.164343 -0.097313
v 0.186140 0.178842 -0.125519
v 0.193396 0.169481 -0.098313
v -0.203382 0.164676 -0.098752
v -0.197152 0.175806 -0.125726
v 0.204407 0.164680 -0.126482
v 0.199626 0.170975 -0.126054
v 0.199626 0.164676 -0.098752
v 0.193396 0.175806 -0.125726
vn -0.7071067811861941 -9.999996907076525e-7 0.7071067811861937
vn -0.8660253028382761 0 0.5000001748438414
vn 0.8660253028382761 0 -0.5000001748438414
vn 0.7071067811861941 9.999996907076525e-7 -0.7071067811861937
vn -0.9659055064895428 0 0.2588948677227494
vn 0.9659055064895428 0 -0.2588948677227494
vn -0.0009030003840037043 -0.9999994252528461 0.0005780002457961685
vn -0.0007420001585335449 -0.9999992136568548 0.001011000216007074
vn -0.0003689999983046299 -0.9999979954055092 0.0019679999909578017
vn 0.0003689999983046299 0.9999979954055092 -0.0019679999909578017
vn 0.0007420001585335449 0.9999992136568548 -0.001011000216007074
vn 0.0009030003840037043 0.9999994252528461 -0.0005780002457961685
vn -0.5000001748435919 -0.0000010000003498794797 0.866025302837843
vn 0.5000001748435919 0.0000010000003498794797 -0.866025302837843
vn -0.7865662623824244 0.13052604354081948 0.6035532013330085
vn 0.7865662623824244 -0.13052604354081948 -0.6035532013330085
vn -0.9159755340653479 0.13052593360460701 0.379409807003386
vn 0.9159755340653479 -0.13052593360460701 -0.379409807003386
vn -0.0004569999265059636 -0.9999978391818604 0.0020279996738599383
vn 0.0004569999265059636 0.9999978391818604 -0.0020279996738599383
vn -0.6035532013330088 0.13052604354081943 0.7865662623824241
vn 0.6035532013330088 -0.13052604354081943 -0.7865662623824241
vn -0.9914244602505712 0 0.1306810606662787
vn 0.9914244602505712 0 -0.1306810606662787
vn 0.6917709729759677 0 -0.7221169717905009
vn 0.4875597801837228 0 -0.8730896063676395
vn -0.4875597801837228 0 0.8730896063676395
vn -0.6917709729759677 0 0.7221169717905009
vn 0.25190311903520984 0 -0.9677524573052413
vn -0.25190311903520984 0 0.9677524573052413
vn -0.000010000003752742858 -0.9999943752719597 0.0033540012586694822
vn 0.000010000003752742858 0.9999943752719597 -0.0033540012586694822
vn 0.000010000002789500563 -0.9999962789490011 0.002728000760975697
vn -0.00001499999951062508 -0.9999999673750016 0.0002549999916804034
vn 0.00001499999951062508 0.9999999673750016 -0.0002549999916804034
vn -0.000010000002789500563 0.9999962789490011 -0.002728000760975697
vn -0.2588189595934462 -9.99999844095515e-7 0.965925849200634
vn 0.2588189595934462 9.99999844095515e-7 -0.965925849200634
vn -0.7329631671368771 0.3826830872628515 0.56242212824857
vn 0.7329631671368771 -0.3826830872628515 -0.56242212824857
vn -0.9829427302343536 0.1305259641775456 0.1295629644418378
vn 0.9829427302343536 -0.1305259641775456 -0.1295629644418378
vn -0.8535535436681153 0.3826832437488303 0.353553225194561
vn 0.8535535436681153 -0.3826832437488303 -0.353553225194561
vn 0.8513667859962148 0 -0.5245708681412601
vn -0.8513667859962148 0 0.5245708681412601
vn 0 0 -1
vn 0 0 1
vn -0.37940985652600046 0.1305249506419338 0.915975653623414
vn 0.37940985652600046 -0.1305249506419338 -0.915975653623414
vn -0.5624221282485702 0.38268308726285144 0.7329631671368771
vn 0.5624221282485702 -0.38268308726285144 -0.7329631671368771
vn -0.0008549996599064254 -0.9999996022297373 0.000253999898966131
vn 0.0008549996599064254 0.9999996022297373 -0.000253999898966131
vn 0.9560532514143127 0 -0.2931930771012866
vn -0.9560532514143127 0 0.2931930771012866
vn 0.5893912228353076 0.1305260493489067 -0.7972333014156318
vn -0.5893912228353076 -0.1305260493489067 0.7972333014156318
vn 0.3695598909221971 0.1305259614744852 -0.919993728458371
vn -0.3695598909221971 -0.1305259614744852 0.919993728458371
vn 0.00043700000992579944 -0.9999980227134554 0.0019400000440639694
vn -0.00043700000992579944 0.9999980227134554 -0.0019400000440639694
vn 0.707112765715548 -0.00020899993075316196 0.7071007657195243
vn 0.5000001748435915 -0.0000010000003498794794 0.8660253028378432
vn -0.5000001748435915 0.0000010000003498794794 -0.8660253028378432
vn -0.707112765715548 0.00020899993075316196 -0.7071007657195243
vn 0 -0.0000010000000002215444 1
vn 0 0.0000010000000002215444 -1
vn -0.6294099488321204 0.6087609505107804 0.48296296073752765
vn 0.6294099488321204 -0.6087609505107804 -0.48296296073752765
vn -0.0006419998469857747 -0.9999997616600852 0.00025399993946143945
vn 0.0006419998469857747 0.9999997616600852 -0.00025399993946143945
vn -0.9162598415008051 0.38192893393202915 0.12082297909943865
vn 0.9162598415008051 -0.38192893393202915 -0.12082297909943865
vn -0.9914448886027457 0.1305259853342969 -0.000003999999550757237
vn 0.9914448886027457 -0.1305259853342969 0.000003999999550757237
vn 0.9855437776726826 0 -0.16942096178058347
vn -0.9855437776726826 0 0.16942096178058347
vn -0.7329631846704642 0.6087611533776961 0.3036030764929565
vn 0.7329631846704642 -0.6087611533776961 -0.3036030764929565
vn 0.7712106235637033 0.1305259362888704 -0.6230546958802233
vn -0.7712106235637033 -0.1305259362888704 0.6230546958802233
vn 0.903290077220014 0.13052601115834295 -0.4086930349381471
vn -0.903290077220014 -0.13052601115834295 0.4086930349381471
vn 0.12589306208506032 0.1305260643698584 -0.9834194849803225
vn -0.12589306208506032 -0.1305260643698584 0.9834194849803225
vn -0.25190311903520946 0 -0.9677524573052414
vn 0.25190311903520946 0 0.9677524573052414
vn -0.00046199992029462587 -0.999998827477717 0.0014599997481169926
vn 0.00046199992029462587 0.999998827477717 -0.0014599997481169926
vn 0.25881895959344586 -9.999998440955153e-7 0.9659258492006342
vn -0.25881895959344586 9.999998440955153e-7 -0.9659258492006342
vn -0.12941000109390294 0.13052500110332763 0.9829630083089863
vn 0.12941000109390294 -0.13052500110332763 -0.9829630083089863
vn -0.3535529234179704 0.3826829171082101 0.853553815114289
vn 0.3535529234179704 -0.3826829171082101 -0.853553815114289
vn -0.4829629607375278 0.6087609505107804 0.6294099488321204
vn 0.4829629607375278 -0.6087609505107804 -0.6294099488321204
vn -0.0008069997353000952 -0.9999996719951614 -0.00006899997736788836
vn 0.0008069997353000952 0.9999996719951614 0.00006899997736788836
vn 0.9999996224197139 0 0.0008689996718829532
vn -0.9999996224197139 0 -0.0008689996718829532
vn 0.9771122491617011 0.13052603328388174 -0.16797204283254025
vn -0.9771122491617011 -0.13052603328388174 0.16797204283254025
vn 0.5492252069143198 0.382683144171501 -0.7429032798803198
vn -0.5492252069143198 -0.382683144171501 0.7429032798803198
vn 0.3443749518016297 0.3826829464400814 -0.8572978800134543
vn -0.3443749518016297 -0.3826829464400814 0.8572978800134543
vn 0.11731402077127064 0.38268306775672206 -0.9164011622552548
vn -0.11731402077127064 -0.38268306775672206 0.9164011622552548
vn -0.1258930620850599 0.1305260643698584 -0.9834194849803225
vn 0.1258930620850599 -0.1305260643698584 0.9834194849803225
vn -0.4875597801837225 0 -0.8730896063676399
vn 0.4875597801837225 0 0.8730896063676399
vn -0.0017420006283597733 -0.999997360710613 0.0014980005403458967
vn 0.0017420006283597733 0.999997360710613 -0.0014980005403458967
vn 0.8660340091877547 -0.00029900000317220214 0.49998500530434115
vn -0.8660340091877547 0.00029900000317220214 -0.49998500530434115
vn 0.6035532013330085 0.13052604354081943 0.7865662623824244
vn -0.6035532013330085 -0.13052604354081943 -0.7865662623824244
vn 0.379409807003386 0.13052593360460688 0.9159755340653479
vn -0.379409807003386 -0.13052593360460688 -0.9159755340653479
vn -0.4829630165996807 0.7933530272679405 0.37059101273739864
vn 0.4829630165996807 -0.7933530272679405 -0.37059101273739864
vn -0.9914448886086944 0.13052598533508006 0.000001999999775103875
vn 0.9914448886086944 -0.13052598533508006 -0.000001999999775103875
vn 0.9914445040837274 0.13052606636384165 0.0008610004377618264
vn -0.9914445040837274 -0.13052606636384165 -0.0008610004377618264
vn -0.5624222114533562 0.7933532982763021 0.23296308758691558
vn 0.5624222114533562 -0.7933532982763021 -0.23296308758691558
vn -0.7861853870599953 0.6092312999407874 0.10368105104494149
vn 0.7861853870599953 -0.6092312999407874 -0.10368105104494149
vn 0.718653854749291 0.382682922654049 -0.5805948826530768
vn -0.718653854749291 -0.382682922654049 0.5805948826530768
vn 0.8417327520849099 0.38268288728861716 -0.3808408878311399
vn -0.8417327520849099 -0.38268288728861716 0.3808408878311399
vn 0.9105238594652058 0.38268294093480604 -0.15652497584115418
vn -0.9105238594652058 -0.38268294093480604 0.15652497584115418
vn -0.11731402077127023 0.3826830677567221 -0.9164011622552549
vn 0.11731402077127023 -0.3826830677567221 0.9164011622552549
vn -0.0011860005799301122 -0.9999984889788808 -0.0012710006214936226
vn 0.0011860005799301122 0.9999984889788808 0.0012710006214936226
vn 0.7865715050124975 0.13047508377057576 0.6035573875096186
vn -0.7865715050124975 -0.13047508377057576 -0.6035573875096186
vn 0.12941000109390252 0.13052500110332763 0.9829630083089863
vn -0.12941000109390252 -0.13052500110332763 -0.9829630083089863
vn -0.12059096983139929 0.38268290426308155 0.9159757708476223
vn 0.12059096983139929 -0.38268290426308155 -0.9159757708476223
vn -0.3036030764929567 0.608761153377696 0.7329631846704642
vn 0.3036030764929567 -0.608761153377696 -0.7329631846704642
vn -0.3705910127373988 0.7933530272679405 0.4829630165996808
vn 0.3705910127373988 -0.7933530272679405 -0.4829630165996808
vn -0.000511999930724366 -0.9999998646960275 0.00009199998755181235
vn 0.000511999930724366 0.9999998646960275 -0.00009199998755181235
vn 0.9659258492011169 0 0.2588189595935756
vn 0.9914448886106773 0 0.13052598533534135
vn -0.9659258492011169 0 -0.2588189595935756
vn -0.9914448886106773 0 -0.13052598533534135
vn -0.9238797538368918 0.3826828980360688 9.999997334349367e-7
vn 0.9238797538368918 -0.3826828980360688 -9.999997334349367e-7
vn -1 0 0.000001999999999773955
vn 1 0 -0.000001999999999773955
vn 0.9829628800072712 0.13052598406636776 0.1294099842026009
vn -0.9829628800072712 -0.13052598406636776 -0.1294099842026009
vn 0.923879309527799 0.3826831282105413 0.0008030002690299168
vn -0.923879309527799 -0.3826831282105413 -0.0008030002690299168
vn 0.47163109944177734 0.608761128355167 -0.6379451345085128
vn -0.47163109944177734 -0.608761128355167 0.6379451345085128
vn 0.2957211607768374 0.6087613309696243 -0.7361784002433727
vn -0.2957211607768374 -0.6087613309696243 0.7361784002433727
vn 0.1007400553323974 0.6087613343677337 -0.7869314322292901
vn -0.1007400553323974 -0.6087613343677337 0.7869314322292901
vn -0.10074005533239706 0.6087613343677337 -0.7869314322292901
vn 0.10074005533239706 -0.6087613343677337 0.7869314322292901
vn -0.36955989092219677 0.13052596147448522 -0.9199937284583711
vn 0.36955989092219677 -0.13052596147448522 0.9199937284583711
vn -0.6917709729759673 0 -0.7221169717905013
vn 0.6917709729759673 0 0.7221169717905013
vn -0.0032219992436067686 -0.9999947652422566 0.0002969999302763788
vn 0.0032219992436067686 0.9999947652422566 -0.0002969999302763788
vn 0.9659337347903725 0.0005569998470684145 0.2587889289461453
vn -0.9659337347903725 -0.0005569998470684145 -0.2587889289461453
vn 0.9159716392313593 0.13055894857747508 0.37940785056474635
vn -0.9159716392313593 -0.13055894857747508 -0.37940785056474635
vn 0.56242212824857 0.3826830872628515 0.7329631671368774
vn -0.56242212824857 -0.3826830872628515 -0.7329631671368774
vn 0.7329766107228222 0.38264179678243937 0.5624327012971337
vn -0.7329766107228222 -0.38264179678243937 -0.5624327012971337
vn 0.35355292341797 0.3826829171082102 0.8535538151142891
vn -0.35355292341797 -0.3826829171082102 -0.8535538151142891
vn 0.12059096983139887 0.38268290426308155 0.9159757708476223
vn -0.12059096983139887 -0.38268290426308155 -0.9159757708476223
vn -0.2329630875869157 0.7933532982763021 0.5624222114533562
vn 0.2329630875869157 -0.7933532982763021 -0.5624222114533562
vn -0.3036028792604986 0.9238796325833059 0.23296290735323288
vn 0.3036028792604986 -0.9238796325833059 -0.23296290735323288
vn -0.23296312258301427 0.9238794861367364 0.3036031597531406
vn 0.23296312258301427 -0.9238794861367364 -0.3036031597531406
vn -0.001777999313808853 -0.9998986141047028 -0.014127994547520763
vn 0.001777999313808853 0.9998986141047028 0.014127994547520763
vn 0.866025302838276 0 0.5000001748438418
vn -0.866025302838276 0 -0.5000001748438418
vn -0.923879753835506 0.38268289803549477 0.0000019999994669870427
vn 0.923879753835506 -0.38268289803549477 -0.0000019999994669870427
vn -0.7933534213778813 0.6087613233345314 0
vn 0.7933534213778813 -0.6087613233345314 0
vn -0.9914447726324921 0.12718497083273755 0.029346993269869285
vn 0.9914447726324921 -0.12718497083273755 -0.029346993269869285
vn 0.9159758813055631 0.38268295041098976 0.12058998437364966
vn -0.9159758813055631 -0.38268295041098976 -0.12058998437364966
vn -0.35355287589978046 0.923879675709976 0.14644694859581217
vn 0.35355287589978046 -0.923879675709976 -0.14644694859581217
vn -0.6035411327168991 0.7933531744560021 0.07955401749369176
vn 0.6035411327168991 -0.7933531744560021 -0.07955401749369176
vn 0.6171221331043103 0.6087611313009633 -0.49856810753392294
vn -0.6171221331043103 -0.6087611313009633 0.49856810753392294
vn 0.722812349230485 0.6087612941261342 -0.3270351580087097
vn -0.722812349230485 -0.6087612941261342 0.3270351580087097
vn 0.781884445088629 0.6087613465381039 -0.13441107651366122
vn -0.781884445088629 -0.6087613465381039 0.13441107651366122
vn -0.34437495180162936 0.38268294644008144 -0.8572978800134544
vn 0.34437495180162936 -0.38268294644008144 0.8572978800134544
vn -0.2957211607768371 0.6087613309696243 -0.7361784002433729
vn 0.2957211607768371 -0.6087613309696243 0.7361784002433729
vn -0.5893912228353073 0.13052604934890666 -0.797233301415632
vn 0.5893912228353073 -0.13052604934890666 0.797233301415632
vn -0.8513667859962145 0 -0.5245708681412604
vn 0.8513667859962145 0 0.5245708681412604
vn -0.00547699976500933 -0.9999839570956892 0.0014449999380020558
vn 0.00547699976500933 0.9999839570956892 -0.0014449999380020558
vn 0.8535432166506345 0.38271009714140264 0.35354908973960936
vn -0.8535432166506345 -0.38271009714140264 -0.35354908973960936
vn -0.10355303876581236 0.6087612278940694 0.7865662944566536
vn 0.10355303876581236 -0.6087612278940694 -0.7865662944566536
vn -0.14644708389523828 0.9238795292634795 0.3535532025402581
vn 0.14644708389523828 -0.9238795292634795 -0.3535532025402581
vn -0.00010799999851284003 -0.9999999862300002 0.00012599999826475795
vn 0.00010799999851284003 0.9999999862300002 -0.00012599999826475795
vn 0.7071067811865472 0 0.7071067811865476
vn -0.7071067811865472 0 -0.7071067811865476
vn 0.9159755340653477 0.13052593360460701 0.3794098070033864
vn -0.9159755340653477 -0.13052593360460701 -0.3794098070033864
vn -0.7933534213774845 0.608761323334227 0.0000010000005310939354
vn 0.7933534213774845 -0.608761323334227 -0.0000010000005310939354
vn -0.9997582661566807 0.0007130001898156536 -0.021975005850209034
vn 0.9997582661566807 -0.0007130001898156536 0.021975005850209034
vn 0.8535535436681153 0.3826832437488303 0.3535532251945614
vn -0.8535535436681153 -0.3826832437488303 -0.3535532251945614
vn 0.7933532330669835 0.6087611788385372 0.0006890002024110311
vn -0.7933532330669835 -0.6087611788385372 -0.0006890002024110311
vn 0.3618950089020746 0.7933530195152946 -0.4895130120412857
vn -0.3618950089020746 -0.7933530195152946 0.4895130120412857
vn 0.2269151154822374 0.7933534037555006 -0.5648892874849414
vn -0.2269151154822374 -0.7933534037555006 0.5648892874849414
vn 0.0773000088058244 0.793353090376806 -0.6038340687872713
vn -0.0773000088058244 -0.793353090376806 0.6038340687872713
vn -0.07730000880582412 0.793353090376806 -0.6038340687872713
vn 0.07730000880582412 -0.793353090376806 0.6038340687872713
vn -0.004770997790012312 -0.9999875367928804 -0.0014709993186143736
vn 0.004770997790012312 0.9999875367928804 0.0014709993186143736
vn 0.9914497189171043 0.0012849996356936305 0.13048296300717202
vn -0.9914497189171043 -0.0012849996356936305 -0.13048296300717202
vn 0.982925916460147 0.1308089888824137 0.1294049890017413
vn -0.982925916460147 -0.1308089888824137 -0.1294049890017413
vn 0.9158817748066804 0.3829119058511638 0.1205779703527749
vn -0.9158817748066804 -0.3829119058511638 -0.1205779703527749
vn 0.4829629607375275 0.6087609505107804 0.6294099488321205
vn -0.4829629607375275 -0.6087609505107804 -0.6294099488321205
vn 0.6294253205427939 0.6087353100061447 0.48297524596124414
vn -0.6294253205427939 -0.6087353100061447 -0.48297524596124414
vn 0.7329511585780315 0.6087781317125113 0.3035980656851187
vn -0.7329511585780315 -0.6087781317125113 -0.3035980656851187
vn 0.30360307649295637 0.608761153377696 0.7329631846704644
vn -0.30360307649295637 -0.608761153377696 -0.7329631846704644
vn 0.10355303876581202 0.6087612278940694 0.7865662944566536
vn -0.10355303876581202 -0.6087612278940694 -0.7865662944566536
vn -0.0794589941913095 0.7933529420035218 0.603553955878397
vn 0.0794589941913095 -0.7933529420035218 -0.603553955878397
vn -0.049950016052913854 0.9238792969159141 0.3794101219346551
vn 0.049950016052913854 -0.9238792969159141 -0.3794101219346551
vn -0.10355299251751993 0.9914449283606706 0.07945899425849212
vn 0.10355299251751993 -0.9914449283606706 -0.07945899425849212
vn -0.07945899425849194 0.9914449283606706 0.10355299251752012
vn 0.07945899425849194 -0.9914449283606706 -0.10355299251752012
vn -0.04994999653784101 0.9914449312804755 0.12058999164160669
vn 0.04994999653784101 -0.9914449312804755 -0.12058999164160669
vn 0 -1 0
vn 0 1 0
vn 0.7865662623824241 0.13052604354081948 0.6035532013330088
vn -0.7865662623824241 -0.13052604354081948 -0.6035532013330088
vn -0.9238795020912287 0.37288620264860434 0.08603804675820646
vn 0.9238795020912287 -0.37288620264860434 -0.08603804675820646
vn -0.6087613233345314 0.7933534213778813 0
vn 0.6087613233345314 -0.7933534213778813 0
vn -0.9961712633224676 0.0030770008133575986 -0.0873690230946503
vn 0.9961712633224676 -0.0030770008133575986 0.0873690230946503
vn 0 -0.9960410911790996 -0.08889400813749142
vn -0.008824998779017379 -0.9999458616524999 0.005512999237248819
vn 0.008824998779017379 0.9999458616524999 -0.005512999237248819
vn 0 0.9960410911790996 0.08889400813749142
vn 0.7865662944566534 0.6087612278940696 0.10355303876581248
vn -0.7865662944566534 -0.6087612278940696 -0.10355303876581248
vn 0.732963184670464 0.6087611533776961 0.3036030764929568
vn -0.732963184670464 -0.6087611533776961 -0.3036030764929568
vn -0.12058999164160651 0.9914449312804755 0.04994999653784117
vn 0.12058999164160651 -0.9914449312804755 -0.04994999653784117
vn -0.3797751812494575 0.9237214408503197 0.05009502390808142
vn 0.3797751812494575 -0.9237214408503197 -0.05009502390808142
vn -0.608761323334227 0.7933534213774845 0.0000010000005311759108
vn 0.608761323334227 -0.7933534213774845 -0.0000010000005311759108
vn 0.47353413945819234 0.7933532336465285 -0.3825651126673548
vn -0.47353413945819234 -0.7933532336465285 0.3825651126673548
vn 0.554633239449919 0.7933533425117357 -0.250943108338813
vn -0.554633239449919 -0.7933533425117357 0.250943108338813
vn 0.59996117251916 0.7933532281291503 -0.10313702965710844
vn -0.59996117251916 -0.7933532281291503 0.10313702965710844
vn -0.22691511548223714 0.7933534037555006 -0.5648892874849416
vn 0.22691511548223714 -0.7933534037555006 0.5648892874849416
vn -0.5492252069143194 0.382683144171501 -0.74290327988032
vn 0.5492252069143194 -0.382683144171501 0.74290327988032
vn -0.471631099441777 0.608761128355167 -0.637945134508513
vn 0.471631099441777 -0.608761128355167 0.637945134508513
vn -0.771210623563703 0.1305259362888704 -0.6230546958802237
vn 0.771210623563703 -0.1305259362888704 0.6230546958802237
vn -0.9560532514143125 0 -0.29319307710128695
vn 0.9560532514143125 0 0.29319307710128695
vn -0.007446003321450612 -0.9999714460588625 0.0012900005754323963
vn 0.007446003321450612 0.9999714460588625 -0.0012900005754323963
vn 0.997861932961143 0.0005359999639901692 0.06535499560928837
vn -0.997861932961143 -0.0005359999639901692 -0.06535499560928837
vn 0.7864560466789203 0.6089060361407055 0.10353900614540287
vn -0.7864560466789203 -0.6089060361407055 -0.10353900614540287
vn -0.017036996630985388 0.9914448039447837 0.12940997440956856
vn 0.017036996630985388 -0.9914448039447837 -0.12940997440956856
vn 0.5000001748438414 0 0.8660253028382761
vn -0.5000001748438414 0 -0.8660253028382761
vn 0.732963167136877 0.3826830872628515 0.5624221282485703
vn -0.732963167136877 -0.3826830872628515 -0.5624221282485703
vn -0.7933529056330576 0.5931769294433881 0.13686598372020278
vn 0.7933529056330576 -0.5931769294433881 -0.13686598372020278
vn -0.9915450956057742 0.12892701243127205 -0.014702001417581935
vn 0.9915450956057742 -0.12892701243127205 0.014702001417581935
vn -0.9990330659716501 0.0014260000941666421 -0.04394200290173245
vn 0.9990330659716501 -0.0014260000941666421 0.04394200290173245
vn -0.004210999662425232 -0.9996719198613037 0.025264997974631297
vn 0.004210999662425232 0.9996719198613037 -0.025264997974631297
vn 0.6294099488321202 0.6087609505107804 0.482962960737528
vn -0.6294099488321202 -0.6087609505107804 -0.482962960737528
vn 0.60876123815627 0.7933533103713793 0.0005290002069529033
vn -0.60876123815627 -0.7933533103713793 -0.0005290002069529033
vn -0.1289809553105574 0.9915006564639206 0.01703999409596702
vn 0.1289809553105574 -0.9915006564639206 -0.01703999409596702
vn -0.3826828980362601 0.9238797538373538 0
vn 0.3826828980362601 -0.9238797538373538 0
vn -0.3826828980360688 0.9238797538368918 9.999997336752762e-7
vn 0.3826828980360688 -0.9238797538368918 -9.999997336752762e-7
vn 0.2274969160753795 0.9238796591766992 -0.3077198864807698
vn -0.2274969160753795 -0.9238796591766992 0.3077198864807698
vn 0.29767589648679715 0.9238796787319842 -0.24048991637253173
vn -0.29767589648679715 -0.9238796787319842 0.24048991637253173
vn 0.14264494998576516 0.923879676068903 -0.35510387549332323
vn -0.14264494998576516 -0.923879676068903 0.35510387549332323
vn 0.04859297411343632 0.9238795078287301 -0.3795857977861584
vn -0.04859297411343632 -0.9238795078287301 0.3795857977861584
vn -0.04859297411343615 0.9238795078287301 -0.3795857977861584
vn 0.04859297411343615 -0.9238795078287301 0.3795857977861584
vn -0.142644949985765 0.923879676068903 -0.3551038754933233
vn 0.142644949985765 -0.923879676068903 0.3551038754933233
vn -0.3618950089020744 0.7933530195152946 -0.4895130120412859
vn 0.3618950089020744 -0.7933530195152946 0.4895130120412859
vn -0.9855437776726825 0 -0.16942096178058386
vn 0.9855437776726825 0 0.16942096178058386
vn -0.012670995677860755 -0.9999116589251917 0.0040149986304639
vn 0.012670995677860755 0.9999116589251917 -0.0040149986304639
vn 0.9914030991611343 0.13084301308704965 -0.000030000003000381265
vn -0.9914030991611343 -0.13084301308704965 0.000030000003000381265
vn 0.9238411570377667 0.3827760650656208 -0.000024000004079314917
vn -0.9238411570377667 -0.3827760650656208 0.000024000004079314917
vn 0.7933082476454878 0.6088201900542108 -0.000020000006243051593
vn -0.7933082476454878 -0.6088201900542108 0.000020000006243051593
vn 0.37059101273739853 0.7933530272679405 0.48296301659968094
vn -0.37059101273739853 -0.7933530272679405 -0.48296301659968094
vn 0.48297482139860026 0.7933417066266545 0.3705998629542346
vn -0.48297482139860026 -0.7933417066266545 -0.3705998629542346
vn 0.5624130127749305 0.7933610180207991 0.23295900529154764
vn -0.5624130127749305 -0.7933610180207991 -0.23295900529154764
vn 0.6034688406160551 0.7934187904478106 0.079447979016759
vn -0.6034688406160551 -0.7934187904478106 -0.079447979016759
vn 0.23296308758691545 0.7933532982763021 0.5624222114533565
vn -0.23296308758691545 -0.7933532982763021 -0.5624222114533565
vn 0.07945899419130922 0.7933529420035218 0.603553955878397
vn -0.07945899419130922 -0.7933529420035218 -0.603553955878397
vn 0.04995001605291369 0.9238792969159141 0.3794101219346551
vn -0.04995001605291369 -0.9238792969159141 -0.3794101219346551
vn 0.017036996630985332 0.9914448039447837 0.12940997440956856
vn -0.017036996630985332 -0.9914448039447837 -0.12940997440956856
vn 0.25881895959357526 0 0.965925849201117
vn -0.25881895959357526 0 -0.965925849201117
vn -0.925723397707983 0.3754971613205619 0.04514501939513956
vn 0.925723397707983 -0.3754971613205619 -0.04514501939513956
vn -0.6087610411138957 0.7730430522090104 0.17836601204630578
vn 0.6087610411138957 -0.7730430522090104 -0.17836601204630578
vn 0.9999999756440008 -0.00021399999478781615 -0.00005399999868455405
vn 0.9997561967815317 0.0005740001129801713 -0.022073004344618615
vn -0.9997561967815317 -0.0005740001129801713 0.022073004344618615
vn -0.9999999756440008 0.00021399999478781615 0.00005399999868455405
vn -0.007334002825260124 -0.9994423850127655 0.03257501254879284
vn 0.007334002825260124 0.9994423850127655 -0.03257501254879284
vn 0.6035533201552455 0.7933534208348304 0.07945904214910014
vn -0.6035533201552455 -0.7933534208348304 -0.07945904214910014
vn 0.5624222114533561 0.7933532982763022 0.23296308758691586
vn -0.5624222114533561 -0.7933532982763022 -0.23296308758691586
vn 0.4829631955812982 0.7933533212772194 0.37059015007458845
vn -0.4829631955812982 -0.7933533212772194 -0.37059015007458845
vn -0.1311599548089765 0.9913566584291135 0.003006998963941883
vn 0.1311599548089765 -0.9913566584291135 -0.003006998963941883
vn -0.38268288710971304 0.9002277344355583 0.20771093872590538
vn 0.38268288710971304 -0.9002277344355583 -0.20771093872590538
vn 0.3486568770897561 0.9238796743093753 -0.1577489443895629
vn -0.3486568770897561 -0.9238796743093753 0.1577489443895629
vn 0.37715086640828377 0.9238796727498675 -0.06483497703461207
vn -0.37715086640828377 -0.9238796727498675 0.06483497703461207
vn -0.22749691607537934 0.9238796591766992 -0.3077198864807699
vn 0.22749691607537934 -0.9238796591766992 0.3077198864807699
vn -0.7186538547492908 0.3826829226540491 -0.5805948826530772
vn 0.7186538547492908 -0.3826829226540491 0.5805948826530772
vn -0.6171221331043101 0.6087611313009633 -0.49856810753392317
vn 0.6171221331043101 -0.6087611313009633 0.49856810753392317
vn -0.9032900772200138 0.13052601115834295 -0.4086930349381475
vn 0.9032900772200138 -0.13052601115834295 0.4086930349381475
vn -0.00958199877154472 -0.9999538718014221 0.0006629999150002088
vn 0.00958199877154472 0.9999538718014221 -0.0006629999150002088
vn 0.6087268827732144 0.7933798472133038 -0.000014999997111034504
vn -0.6087268827732144 -0.7933798472133038 0.000014999997111034504
vn 0.3535532251945609 0.38268324374883017 0.8535535436681155
vn -0.3535532251945609 -0.38268324374883017 -0.8535535436681155
vn -0.7958082058959026 0.5968871544299473 0.10205402640398237
vn 0.7958082058959026 -0.5968871544299473 -0.10205402640398237
vn -0.9860987571746901 0.132313967417888 -0.10050997524957259
vn 0.9860987571746901 -0.132313967417888 0.10050997524957259
vn -0.9870826230781304 0.006097997671452628 -0.16009593886665718
vn 0.9870826230781304 -0.006097997671452628 0.16009593886665718
vn 0.9947160386089091 0.0037500001455525317 -0.10259600398216116
vn -0.9947160386089091 -0.0037500001455525317 0.10259600398216116
vn -0.2588189595935756 0 0.9659258492011169
vn 0.2588189595935756 0 -0.9659258492011169
vn -0.009899004882774459 -0.9997914931562738 0.017860008809612037
vn 0.009899004882774459 0.9997914931562738 -0.017860008809612037
vn 0.3826828769458532 0.923879702920524 0.00033199989324358357
vn -0.3826828769458532 -0.923879702920524 -0.00033199989324358357
vn -0.1305259853353411 0.9914448886106773 0
vn 0.1305259853353411 -0.9914448886106773 0
vn -0.1305260252929441 0.9660631872008444 0.22290104319309983
vn 0.1305260252929441 -0.9660631872008444 -0.22290104319309983
vn 0.077594986272905 0.991444824606486 -0.10495798143219975
vn -0.077594986272905 -0.991444824606486 0.10495798143219975
vn 0.1015319815324511 0.9914448196671096 -0.08202698508019483
vn -0.1015319815324511 -0.9914448196671096 0.08202698508019483
vn 0.1189199921245238 0.9914449343415613 -0.05380499643676397
vn -0.1189199921245238 -0.9914449343415613 0.05380499643676397
vn 0.04865299721230501 0.9914449431926851 -0.12111899306018446
vn -0.04865299721230501 -0.9914449431926851 0.12111899306018446
vn 0.016573996963635776 0.9914448183668303 -0.12946997628103757
vn -0.016573996963635776 -0.9914448183668303 0.12946997628103757
vn -0.016573996963635717 0.9914448183668303 -0.12946997628103757
vn 0.016573996963635717 -0.9914448183668303 0.12946997628103757
vn -0.04865299721230495 0.9914449431926851 -0.1211189930601845
vn 0.04865299721230495 -0.9914449431926851 0.1211189930601845
vn -0.07759498627290495 0.991444824606486 -0.1049579814321998
vn 0.07759498627290495 -0.991444824606486 0.1049579814321998
vn -0.47353413945819217 0.7933532336465285 -0.382565112667355
vn 0.47353413945819217 -0.7933532336465285 0.382565112667355
vn -0.29767589648679704 0.9238796787319842 -0.2404899163725319
vn 0.29767589648679704 -0.9238796787319842 0.2404899163725319
vn -0.9771122491617011 0.13052603328388174 -0.16797204283254066
vn 0.9771122491617011 -0.13052603328388174 0.16797204283254066
vn -0.9999949564997205 0 -0.0031759998618426434
vn 0.9999949564997205 0 0.0031759998618426434
vn -0.014788995884925495 -0.9998797217810063 0.004671998700004637
vn 0.014788995884925495 0.9998797217810063 -0.004671998700004637
vn 0.9238441884711625 0.3729750760897206 0.08603201755117891
vn -0.9238441884711625 -0.3729750760897206 -0.08603201755117891
vn 0.7933119711091651 0.5932339783956054 0.13685599501597875
vn -0.7933119711091651 -0.5932339783956054 -0.13685599501597875
vn 0.6087300170977046 0.7730700217136046 0.1783550050095466
vn -0.6087300170977046 -0.7730700217136046 -0.1783550050095466
vn 0.23296290735323266 0.9238796325833059 0.3036028792604988
vn -0.23296290735323266 -0.9238796325833059 -0.3036028792604988
vn 0.1464470838952381 0.9238795292634795 0.35355320254025824
vn -0.1464470838952381 -0.9238795292634795 -0.35355320254025824
vn 0.30360888476542147 0.9238766493431462 0.23296691157754232
vn -0.30360888476542147 -0.9238766493431462 -0.23296691157754232
vn 0.35354915280627486 0.9238813993076322 0.1464450632945222
vn -0.35354915280627486 -0.9238813993076322 -0.1464450632945222
vn 0.37937087149155335 0.923895687038704 0.04994498308158964
vn -0.37937087149155335 -0.923895687038704 -0.04994498308158964
vn 0.04994999653784095 0.9914449312804755 0.12058999164160673
vn -0.04994999653784095 -0.9914449312804755 -0.12058999164160673
vn 0.3705901500745881 0.7933533212772194 0.48296319558129863
vn -0.3705901500745881 -0.7933533212772194 -0.48296319558129863
vn -0.9240638844171725 0.38063495238980244 -0.03497099562579328
vn 0.9240638844171725 -0.38063495238980244 0.03497099562579328
vn -0.6106446984652489 0.7771886162262991 0.15195692496406893
vn 0.6106446984652489 -0.7771886162262991 -0.15195692496406893
vn -0.38344705228339254 0.9035351231979258 0.1912920260828609
vn 0.38344705228339254 -0.9035351231979258 -0.1912920260828609
vn -0.9912803743580952 0.004937001864464073 -0.13167704972797908
vn 0.9912803743580952 -0.004937001864464073 0.13167704972797908
vn 0.9960676602752453 0.0030879989467887505 -0.08854196980134946
vn -0.9960676602752453 -0.0030879989467887505 0.08854196980134946
vn -0.01619400012526869 -0.9998370077342391 0.007982000061744534
vn 0.01619400012526869 0.9998370077342391 -0.007982000061744534
vn 0.9914310261445322 0.12729300335678018 0.029343000773789856
vn -0.9914310261445322 -0.12729300335678018 -0.029343000773789856
vn -0.5000001748438418 0 0.866025302838276
vn 0.5000001748438418 0 -0.866025302838276
vn -0.01191200481668564 -0.999856404297518 0.012053004873699572
vn 0.01191200481668564 0.999856404297518 -0.012053004873699572
vn 0.3794097714056816 0.923879443362803 0.049949969905152485
vn -0.3794097714056816 -0.923879443362803 -0.049949969905152485
vn 0.35355287589978035 0.923879675709976 0.14644694859581234
vn -0.35355287589978035 -0.923879675709976 -0.14644694859581234
vn 0.3036028792604985 0.9238796325833059 0.23296290735323305
vn -0.3036028792604985 -0.9238796325833059 -0.23296290735323305
vn -0.13053900423605605 0.9673270313902463 0.2173430070528895
vn 0.13053900423605605 -0.9673270313902463 -0.2173430070528895
vn 0.12863898653522934 0.9914448962244766 -0.02211399768530562
vn -0.12863898653522934 -0.9914448962244766 0.02211399768530562
vn -0.10153198153245106 0.9914448196671096 -0.08202698508019488
vn 0.10153198153245106 -0.9914448196671096 0.08202698508019488
vn -0.8417327520849097 0.3826828872886172 -0.3808408878311403
vn 0.8417327520849097 -0.3826828872886172 0.3808408878311403
vn -0.7228123492304849 0.6087612941261342 -0.32703515800871
vn 0.7228123492304849 -0.6087612941261342 0.32703515800871
vn -0.9914448886106773 0 0.13052598533534088
vn -0.965925849201117 0 0.25881895959357526
vn 0.9914448886106773 0 -0.13052598533534088
vn 0.965925849201117 0 -0.25881895959357526
vn 0.3826679733433499 0.9238859356421079 -0.00000999999930310996
vn -0.3826679733433499 -0.9238859356421079 0.00000999999930310996
vn 0.3826688966677403 0.9002357569089212 0.20770194391414806
vn -0.3826688966677403 -0.9002357569089212 -0.20770194391414806
vn 0.0794589942584919 0.9914449283606706 0.10355299251752016
vn -0.0794589942584919 -0.9914449283606706 -0.10355299251752016
vn 0.12940998420260047 0.1305259840663676 0.9829628800072713
vn -0.12940998420260047 -0.1305259840663676 -0.9829628800072713
vn 0.12058998437364916 0.3826829504109896 0.9159758813055632
vn -0.12058998437364916 -0.3826829504109896 -0.9159758813055632
vn -0.7960970792952535 0.6042340601847366 0.03362500334921858
vn 0.7960970792952535 -0.6042340601847366 -0.03362500334921858
vn -0.9858318592656113 0.1327189810534378 -0.10257298535698955
vn 0.9858318592656113 -0.1327189810534378 0.10257298535698955
vn -0.9845827218268673 0.006784998083041586 -0.17478795061734226
vn 0.9845827218268673 -0.006784998083041586 0.17478795061734226
vn 0.981908797807816 0.007522998450883168 -0.18920496103939127
vn 0.9912746640838378 0.004938998326307133 -0.1317199553636709
vn -0.9912746640838378 -0.004938998326307133 0.1317199553636709
vn -0.981908797807816 -0.007522998450883168 0.18920496103939127
vn 0.9915446537720025 0.1289299549801817 -0.014705994864954006
vn -0.9915446537720025 -0.1289299549801817 0.014705994864954006
vn -0.12940998420260086 0.13052598406636756 0.9829628800072712
vn 0.12940998420260086 -0.13052598406636756 -0.9829628800072712
vn -0.7071067811865476 0 0.7071067811865472
vn 0.7071067811865476 0 -0.7071067811865472
vn 0.13052598450199815 0.991444882280799 0.00011299998658319653
vn -0.13052598450199815 -0.991444882280799 -0.00011299998658319653
vn 0 0.9935792800478115 0.11313803188880756
vn 0 -0.9935792800478115 -0.11313803188880756
vn 0 0.9743993692111965 0.2248240851884477
vn 0 -0.9743993692111965 -0.2248240851884477
vn -0.5546332394499189 0.7933533425117357 -0.2509431083388133
vn 0.5546332394499189 -0.7933533425117357 0.2509431083388133
vn -0.348656877089756 0.9238796743093753 -0.15774894438956308
vn 0.348656877089756 -0.9238796743093753 0.15774894438956308
vn -0.11891999212452375 0.9914449343415613 -0.053804996436764035
vn 0.11891999212452375 -0.9914449343415613 0.053804996436764035
vn -0.9105238594652056 0.382682940934806 -0.15652497584115457
vn 0.9105238594652056 -0.382682940934806 0.15652497584115457
vn -0.9914398877308407 0.13052598521943407 -0.003148999643412215
vn 0.9914398877308407 -0.13052598521943407 0.003148999643412215
vn 0.9257227309734418 0.3754998908750538 0.045135986882920205
vn -0.9257227309734418 -0.3754998908750538 -0.045135986882920205
vn 0.7958077553973826 0.5968898165375865 0.10204196863597743
vn -0.7958077553973826 -0.5968898165375865 -0.10204196863597743
vn 0.6106448627481175 0.7771908253143351 0.15194496584801792
vn -0.6106448627481175 -0.7771908253143351 -0.15194496584801792
vn 0.38344701950460824 0.9035370459597684 0.19128300972989778
vn -0.38344701950460824 -0.9035370459597684 -0.19128300972989778
vn 0.10355397356572874 0.9914447469134361 0.07945997971621407
vn -0.10355397356572874 -0.9914447469134361 -0.07945997971621407
vn 0.12058999164160647 0.9914449312804755 0.04994999653784123
vn -0.12058999164160647 -0.9914449312804755 -0.04994999653784123
vn 0.12940493204709402 0.9914454793737738 0.017035991054088526
vn -0.12940493204709402 -0.9914454793737738 -0.017035991054088526
vn 0.0794590421490997 0.7933534208348303 0.6035533201552457
vn -0.0794590421490997 -0.7933534208348303 -0.6035533201552457
vn -0.9238362997793848 0.3810041236335721 -0.036910011977079486
vn 0.9238362997793848 -0.3810041236335721 0.036910011977079486
vn -0.6108530587100066 0.7853980754857908 0.10004200961518814
vn 0.6108530587100066 -0.7853980754857908 -0.10004200961518814
vn -0.38273605586243653 0.9100521328271238 0.15911702322400653
vn 0.38273605586243653 -0.9100521328271238 -0.15911702322400653
vn -0.9692400555369722 0.009976000571619917 -0.245915014090808
vn 0.9692400555369722 -0.009976000571619917 0.245915014090808
vn 0.9844590697248083 0.006812000482463399 -0.17548201242860154
vn -0.9844590697248083 -0.006812000482463399 0.17548201242860154
vn 0.9858657947398053 0.13238297243747085 -0.10268097862151418
vn -0.9858657947398053 -0.13238297243747085 0.10268097862151418
vn -0.3794098070033864 0.1305259336046069 0.9159755340653477
vn 0.3794098070033864 -0.1305259336046069 -0.9159755340653477
vn 0.1294099744095683 0.9914448039447837 0.01703699663098561
vn -0.1294099744095683 -0.9914448039447837 -0.01703699663098561
vn 0.10355299251751988 0.9914449283606706 0.07945899425849216
vn -0.10355299251751988 -0.9914449283606706 -0.07945899425849216
vn -0.781884445088629 0.6087613465381039 -0.13441107651366155
vn 0.781884445088629 -0.6087613465381039 0.13441107651366155
vn -0.9829628800072712 0.13052598406636776 0.12940998420260047
vn 0.9829628800072712 -0.13052598406636776 -0.12940998420260047
vn 0.13052401940827052 0.9914451474229472 -0.0000030000004458359727
vn -0.13052401940827052 -0.9914451474229472 0.0000030000004458359727
vn 0.13052404964607167 0.9660643674518297 0.2228970847810401
vn -0.13052404964607167 -0.9660643674518297 -0.2228970847810401
vn 0.13053896307673313 0.967327726388973 0.217339938524864
vn -0.13053896307673313 -0.967327726388973 -0.217339938524864
vn -0.12058998437364955 0.38268295041098954 0.9159758813055631
vn 0.12058998437364955 -0.38268295041098954 -0.9159758813055631
vn 0.14644694859581192 0.9238796757099756 0.3535528758997805
vn -0.14644694859581192 -0.9238796757099756 -0.3535528758997805
vn -0.795922170200811 0.6045551292786873 0.03195300683286363
vn 0.795922170200811 -0.6045551292786873 -0.03195300683286363
vn -0.9729972987817317 0.13625004183878364 -0.18631205721150443
vn 0.9729972987817317 -0.13625004183878364 0.18631205721150443
vn -0.9758669332829076 0.008741999402335795 -0.2181909850829376
vn 0.9758669332829076 -0.008741999402335795 0.2181909850829376
vn 0.961546361823714 0.01156400435146055 -0.27439910325461814
vn 0.9758535530996731 0.008739995997445509 -0.21825090005016792
vn -0.9758535530996731 -0.008739995997445509 0.21825090005016792
vn -0.961546361823714 -0.01156400435146055 0.27439910325461814
vn 0.9860616282129286 0.13261994999665194 -0.10047096211818418
vn -0.9860616282129286 -0.13261994999665194 0.10047096211818418
vn 0.1297920057305767 0.969856042821085 0.20623600910573273
vn -0.1297920057305767 -0.969856042821085 -0.20623600910573273
vn -0.5999611725191599 0.7933532281291502 -0.10313702965710868
vn 0.5999611725191599 -0.7933532281291502 0.10313702965710868
vn -0.37715086640828377 0.9238796727498675 -0.06483497703461223
vn 0.37715086640828377 -0.9238796727498675 0.06483497703461223
vn -0.12863898653522934 0.9914448962244766 -0.02211399768530568
vn 0.12863898653522934 -0.9914448962244766 0.02211399768530568
vn -0.9238750450527676 0.3826830186615378 -0.002934000143076641
vn 0.9238750450527676 -0.3826830186615378 0.002934000143076641
vn 0.9239440246942523 0.38073301017585126 -0.03701100098919275
vn -0.9239440246942523 -0.38073301017585126 0.03701100098919275
vn 0.796053831420892 0.604385872010124 0.03187499324988152
vn -0.796053831420892 -0.604385872010124 -0.03187499324988152
vn 0.6108340787789709 0.7855811013160084 0.09871201273084004
vn -0.6108340787789709 -0.7855811013160084 -0.09871201273084004
vn 0.38271015048912366 0.9102063579109594 0.15829506224471776
vn -0.38271015048912366 -0.9102063579109594 -0.15829506224471776
vn -0.07945904214909996 0.7933534208348303 0.6035533201552457
vn 0.07945904214909996 -0.7933534208348303 -0.6035533201552457
vn 0.04994996990515212 0.923879443362803 0.37940977140568183
vn -0.04994996990515212 -0.923879443362803 -0.37940977140568183
vn -0.9151071341277199 0.3862630566147735 -0.11567101695396013
vn 0.9151071341277199 -0.3862630566147735 0.11567101695396013
vn -0.6107328946223234 0.785653864440937 0.09875898295983034
vn 0.6107328946223234 -0.785653864440937 -0.09875898295983034
vn -0.3826650164345061 0.9102220390917618 0.15831400679919108
vn 0.3826650164345061 -0.9102220390917618 -0.15831400679919108
vn -0.9654050035343475 0.010758000039385094 -0.2605330009538115
vn 0.9654050035343475 -0.010758000039385094 0.2605330009538115
vn -0.9439601437948755 0.014149002155338958 -0.32975605023223775
vn 0.9439601437948755 -0.014149002155338958 0.32975605023223775
vn 0.9652390699349515 0.010784000781338687 -0.2611460189209436
vn -0.9652390699349515 -0.010784000781338687 0.2611460189209436
vn 0.9723097479938753 0.13637896465289542 -0.18977495081356505
vn -0.9723097479938753 -0.13637896465289542 0.18977495081356505
vn -0.3535532251945613 0.3826832437488301 0.8535535436681154
vn 0.3535532251945613 -0.3826832437488301 -0.8535535436681154
vn -0.129786982887263 0.969855872122087 0.20623997280674594
vn 0.129786982887263 -0.969855872122087 -0.20623997280674594
vn -0.7933494199508997 0.6087613222411948 -0.0025200013339353802
vn 0.7933494199508997 -0.6087613222411948 0.0025200013339353802
vn -0.9159758813055631 0.38268295041098976 0.12058998437364925
vn 0.9159758813055631 -0.38268295041098976 -0.12058998437364925
vn -0.04994996990515228 0.923879443362803 0.37940977140568183
vn 0.04994996990515228 -0.923879443362803 -0.37940977140568183
vn -0.7900711160132611 0.6119800898625509 -0.035609005228791145
vn 0.7900711160132611 -0.6119800898625509 0.035609005228791145
vn -0.9722661007496216 0.13690601418668116 -0.18961901964898772
vn 0.9722661007496216 -0.13690601418668116 0.18961901964898772
vn 0.933820895478367 0.015863998224358723 -0.35738895999781317
vn 0.9529113763538519 0.012860005079079369 -0.3029761196608964
vn -0.9529113763538519 -0.012860005079079369 0.3029761196608964
vn -0.933820895478367 -0.015863998224358723 0.35738895999781317
vn -0.9529327161147156 0.012861996168321945 -0.30290890976132906
vn 0.9529327161147156 -0.012861996168321945 0.30290890976132906
vn 0.9729338063409505 0.13674097278219075 -0.18628396292083266
vn -0.9729338063409505 -0.13674097278219075 0.18628396292083266
vn 0.9239782718649389 0.3808451120572164 -0.034945010281976434
vn -0.9239782718649389 -0.3808451120572164 0.034945010281976434
vn 0.12800704534925597 0.972368344482453 0.19522806916375343
vn -0.12800704534925597 -0.972368344482453 -0.19522806916375343
vn -0.6087582977857606 0.7933533880839784 -0.0019330009455643302
vn 0.6087582977857606 -0.7933533880839784 0.0019330009455643302
vn -0.38268176202004456 0.9238794254631228 -0.0012149992444230669
vn 0.38268176202004456 -0.9238794254631228 0.0012149992444230669
vn -0.13052597409542616 0.9914448032349095 -0.0004149999176376883
vn 0.13052597409542616 -0.9914448032349095 0.0004149999176376883
vn 0.7960188269335856 0.604336868608114 0.03362999268833625
vn -0.7960188269335856 -0.604336868608114 -0.03362999268833625
vn 0.6108207784046457 0.7854247150613172 0.10002996371083654
vn -0.6108207784046457 -0.7854247150613172 -0.10002996371083654
vn 0.38274888335710416 0.9100497226619343 0.15909995151421788
vn -0.38274888335710416 -0.9100497226619343 -0.15909995151421788
vn -0.1464469485958121 0.9238796757099756 0.35355287589978046
vn 0.1464469485958121 -0.9238796757099756 -0.35355287589978046
vn -0.9144527282781849 0.38686488504640487 -0.11879296470168564
vn 0.9144527282781849 -0.38686488504640487 0.11879296470168564
vn -0.6062217433633539 0.7938756639223353 0.047503979889764444
vn 0.6062217433633539 -0.7938756639223353 -0.047503979889764444
vn -0.37901414078388124 0.9166783404979412 0.12668504705685288
vn 0.37901414078388124 -0.9166783404979412 -0.12668504705685288
vn -0.9387942885211013 0.015010004613048017 -0.344151105768492
vn -0.9114584685426378 0.01853800952961464 -0.41097421126463557
vn 0.9114584685426378 -0.01853800952961464 0.41097421126463557
vn 0.9387942885211013 -0.015010004613048017 0.344151105768492
vn 0.9386042392835716 0.015033003832446913 -0.3446680878681423
vn -0.9386042392835716 -0.015033003832446913 0.3446680878681423
vn -0.9523257834611402 0.1405309680462127 -0.2707889384282891
vn 0.9523257834611402 -0.1405309680462127 0.2707889384282891
vn 0.9510090932098324 0.1407100137912003 -0.27528602698119753
vn -0.9510090932098324 -0.1407100137912003 0.27528602698119753
vn 0.9146128307449664 0.38643792848715613 -0.11894997798753516
vn -0.9146128307449664 -0.38643792848715613 0.11894997798753516
vn -0.12800101870645428 0.9723681421048077 0.19523302853194272
vn 0.12800101870645428 -0.9723681421048077 -0.19523302853194272
vn -0.7865662944566534 0.6087612278940696 0.10355303876581215
vn 0.7865662944566534 -0.6087612278940696 -0.10355303876581215
vn -0.1294099744095683 0.9914448039447837 0.01703699663098555
vn 0.1294099744095683 -0.9914448039447837 -0.01703699663098555
vn -0.7895392012334348 0.6125031561114556 -0.03831100976450074
vn 0.7895392012334348 -0.6125031561114556 0.03831100976450074
vn 0.8989673511101965 0.020339007943818148 -0.4375431708914882
vn 0.9226561815114006 0.01721700338704984 -0.38523907578693484
vn -0.9226561815114006 -0.01721700338704984 0.38523907578693484
vn -0.8989673511101965 -0.020339007943818148 0.4375431708914882
vn -0.9226849851973649 0.01721899972375568 -0.38516999382071804
vn 0.9226849851973649 -0.01721899972375568 0.38516999382071804
vn 0.9522456269035708 0.14117294468746294 -0.2707368939234103
vn -0.9522456269035708 -0.14117294468746294 0.2707368939234103
vn -0.9509641907510732 0.1413970283624086 -0.27508905517929394
vn 0.9509641907510732 -0.1413970283624086 0.27508905517929394
vn 0.9149648970820093 0.38660495651351706 -0.11565398699089302
vn -0.9149648970820093 -0.38660495651351706 0.11565398699089302
vn 0.12520301475686635 0.9748421148983104 0.18441002173521207
vn -0.12520301475686635 -0.9748421148983104 -0.18441002173521207
vn 0.3788450872772047 0.9169302112396556 0.12536102888030137
vn -0.3788450872772047 -0.9169302112396556 -0.12536102888030137
vn -0.6035533201552455 0.7933534208348304 0.07945904214909988
vn 0.6035533201552455 -0.7933534208348304 -0.07945904214909988
vn -0.3794097714056816 0.923879443362803 0.04994996990515232
vn 0.3794097714056816 -0.923879443362803 -0.04994996990515232
vn 0.7897379586437935 0.6122389679388828 -0.038436997987169465
vn -0.7897379586437935 -0.6122389679388828 0.038436997987169465
vn 0.6059872721231905 0.7941803566327253 0.045354020366567875
vn -0.6059872721231905 -0.7941803566327253 -0.045354020366567875
vn -0.3705901500745883 0.7933533212772192 0.48296319558129835
vn 0.3705901500745883 -0.7933533212772192 -0.48296319558129835
vn -0.23296290735323283 0.9238796325833059 0.3036028792604987
vn 0.23296290735323283 -0.9238796325833059 -0.3036028792604987
vn -0.8988297364811364 0.39218588501895907 -0.19569194262704476
vn 0.8988297364811364 -0.39218588501895907 0.19569194262704476
vn -0.6058346056096761 0.7942924829260878 0.04542997042568951
vn 0.6058346056096761 -0.7942924829260878 -0.04542997042568951
vn -0.3787787970053002 0.9169535085873243 0.12539093280063482
vn 0.3787787970053002 -0.9169535085873243 -0.12539093280063482
vn -0.904985142008017 0.019456003052987694 -0.4249980666896395
vn -0.8720055494915293 0.02305498808898942 -0.48895274738996286
vn 0.8720055494915293 -0.02305498808898942 0.48895274738996286
vn 0.904985142008017 -0.019456003052987694 0.4249980666896395
vn 0.9047917031514631 0.019474993610547862 -0.4254088604297567
vn -0.9047917031514631 -0.019474993610547862 0.4254088604297567
vn -0.9242188504535462 0.1450699765264467 -0.35323394284375037
vn 0.9242188504535462 -0.1450699765264467 0.35323394284375037
vn 0.9221533788856978 0.14529305969664444 -0.35850114729757565
vn -0.9221533788856978 -0.14529305969664444 0.35850114729757565
vn 0.8977796951800541 0.3924268667607021 -0.19998193210084575
vn -0.8977796951800541 -0.3924268667607021 0.19998193210084575
vn -0.12519699336468473 0.9748419483343529 0.18441499022619035
vn 0.12519699336468473 -0.9748419483343529 -0.18441499022619035
vn -0.7776516807021177 0.6199397454574422 -0.10455895706888524
vn 0.7776516807021177 -0.6199397454574422 0.10455895706888524
vn 0.8572743718282658 0.02490301080126004 -0.5142572230503764
vn 0.8853511885112086 0.021723004625317045 -0.4644150988844342
vn -0.8853511885112086 -0.021723004625317045 0.4644150988844342
vn -0.8572743718282658 -0.02490301080126004 0.5142572230503764
vn -0.885387280419461 0.02172600688105123 -0.46434614706750305
vn 0.885387280419461 -0.02172600688105123 0.46434614706750305
vn 0.9241273440993427 0.14583305430102086 -0.35315913149900335
vn -0.9241273440993427 -0.14583305430102086 0.35315913149900335
vn -0.9221129117035434 0.1461079860095036 -0.3582739656936573
vn 0.9221129117035434 -0.1461079860095036 0.3582739656936573
vn 0.8986438873635328 0.3926359507868168 -0.19564297547801288
vn -0.8986438873635328 -0.3926359507868168 0.19564297547801288
vn -0.8975838583608295 0.3929839379869431 -0.1997669684766751
vn 0.8975838583608295 -0.3929839379869431 0.1997669684766751
vn 0.789938100209184 0.6121510776556541 -0.035621004518773744
vn -0.789938100209184 -0.6121510776556541 0.035621004518773744
vn 0.12140401862726279 0.9772561499423771 0.17387202667753507
vn -0.12140401862726279 -0.9772561499423771 -0.17387202667753507
vn 0.37187224109954103 0.9236365988302848 0.09277106014716256
vn -0.37187224109954103 -0.9236365988302848 -0.09277106014716256
vn 0.37902809794011505 0.9166782368678535 0.12664403272456928
vn -0.37902809794011505 -0.9166782368678535 -0.12664403272456928
vn 0.6061628988756704 0.7939228675522407 0.047465992081391906
vn -0.6061628988756704 -0.7939228675522407 -0.047465992081391906
vn -0.48296319558129835 0.7933533212772194 0.37059015007458823
vn 0.48296319558129835 -0.7933533212772194 -0.37059015007458823
vn -0.5966872560114072 0.8024593442988667 -0.0048290020719054675
vn 0.5966872560114072 -0.8024593442988667 0.0048290020719054675
vn -0.37226387388279103 0.9233026871994139 0.09450796798217087
vn 0.37226387388279103 -0.9233026871994139 -0.09450796798217087
vn -0.8642670298301769 0.024009000828670787 -0.502460017342408
vn -0.8259239287351567 0.02761299761741273 -0.5631049514124915
vn 0.8259239287351567 -0.02761299761741273 0.5631049514124915
vn 0.8642670298301769 -0.024009000828670787 0.502460017342408
vn 0.8640921060068263 0.024024002947264974 -0.502760061678608
vn -0.8640921060068263 -0.024024002947264974 0.502760061678608
vn -0.8888673414362329 0.1497810575346599 -0.43299016632237974
vn 0.8888673414362329 -0.1497810575346599 0.43299016632237974
vn 0.885998923800109 0.1500379870960586 -0.43874196226621837
vn -0.885998923800109 -0.1500379870960586 0.43874196226621837
vn -0.8752684022506931 0.3983121830539654 -0.2743221260713459
vn 0.8752684022506931 -0.3983121830539654 0.2743221260713459
vn 0.8735302386096218 0.3986101088825586 -0.27938307631503406
vn -0.8735302386096218 -0.3986101088825586 0.27938307631503406
vn 0.776862629367085 0.6202907040658887 -0.10827694834221686
vn -0.776862629367085 -0.6202907040658887 0.10827694834221686
vn -0.12139800151328685 0.9772560121819849 0.173877002167464
vn 0.12139800151328685 -0.9772560121819849 -0.173877002167464
vn -0.37179103106778927 0.9236650771837661 0.09281300775568742
vn 0.37179103106778927 -0.9236650771837661 -0.09281300775568742
vn -0.7766131975203311 0.620634157849319 -0.1080980274931694
vn 0.7766131975203311 -0.620634157849319 0.1080980274931694
vn 0.8090801544655526 0.02946700562569405 -0.5869591120593094
vn 0.8413139423304553 0.026292998197694033 -0.5399069629909985
vn -0.8413139423304553 -0.026292998197694033 0.5399069629909985
vn -0.8090801544655526 -0.02946700562569405 0.5869591120593094
vn -0.841354946279909 0.026294998321077682 -0.5398429655312978
vn 0.841354946279909 -0.026294998321077682 0.5398429655312978
vn 0.8887697633064233 0.15063595988323916 -0.4328938847134474
vn -0.8887697633064233 -0.15063595988323916 0.4328938847134474
vn -0.8859676869092633 0.15094794665674108 -0.43849284504169883
vn 0.8859676869092633 -0.15094794665674108 0.43849284504169883
vn 0.8750495172593785 0.39885077996505397 -0.27423784871056184
vn -0.8750495172593785 -0.39885077996505397 0.27423784871056184
vn -0.8733135748160364 0.3992708056098651 -0.2791168641083594
vn 0.8733135748160364 -0.3992708056098651 0.2791168641083594
vn 0.7774740349583433 0.6201640278850561 -0.10455000470098623
vn -0.7774740349583433 -0.6201640278850561 0.10455000470098623
vn 0.1166439380011389 0.9795894793262893 0.16370291298824177
vn -0.1166439380011389 -0.9795894793262893 -0.16370291298824177
vn 0.3618279530662138 0.9302588793333377 0.06081899211098688
vn -0.3618279530662138 -0.9302588793333377 -0.06081899211098688
vn 0.5961078799626625 0.8028678383277239 -0.007656998458121552
vn -0.5961078799626625 -0.8028678383277239 0.007656998458121552
vn 0.3722769012584046 0.9233027551059796 0.09445597494678419
vn -0.3722769012584046 -0.9233027551059796 -0.09445597494678419
vn -0.5959161437704482 0.8030111937341025 -0.0075480018210273185
vn 0.5959161437704482 -0.8030111937341025 0.0075480018210273185
vn -0.8169817451384994 0.028580991084018445 -0.5759548203280422
vn -0.7735830649171593 0.03212600269593408 -0.6328800531097142
vn 0.7735830649171593 -0.03212600269593408 0.6328800531097142
vn 0.8169817451384994 -0.028580991084018445 0.5759548203280422
vn 0.8168459422387835 0.028589997978329965 -0.5761469592592093
vn -0.8168459422387835 -0.028589997978329965 0.5761469592592093
vn -0.8465231733844707 0.15457603166018885 -0.5094161043383626
vn 0.8465231733844707 -0.15457603166018885 0.5094161043383626
vn 0.8428653537569847 0.1548540649934262 -0.5153622163014325
vn -0.8428653537569847 -0.1548540649934262 0.5153622163014325
vn -0.8445238442845966 0.4045499254080803 -0.3508829353033332
vn 0.8445238442845966 -0.4045499254080803 0.3508829353033332
vn 0.842027065409507 0.4048900314522639 -0.3564470276891624
vn -0.842027065409507 -0.4048900314522639 0.3564470276891624
vn -0.7588200791460767 0.6280140655028124 -0.17259901800233743
vn 0.7588200791460767 -0.6280140655028124 0.17259901800233743
vn 0.7574497652326477 0.628441805217949 -0.17700494513829898
vn -0.7574497652326477 -0.628441805217949 0.17700494513829898
vn -0.11664001120998044 0.9795890941458634 0.16370801573356905
vn 0.11664001120998044 -0.9795890941458634 -0.16370801573356905
vn -0.36173808887544207 0.9302902285630344 0.060874014956138714
vn 0.36173808887544207 -0.9302902285630344 -0.060874014956138714
vn -0.36249988804102057 0.9298607128102384 0.06287198058183474
vn 0.36249988804102057 -0.9298607128102384 -0.06287198058183474
vn 0.763438871801447 0.033089994443446014 -0.6450318916846411
vn 0.7909091490128342 0.030837005809908436 -0.6111561151461009
vn -0.7909091490128342 -0.030837005809908436 0.6111561151461009
vn -0.763438871801447 -0.033089994443446014 0.6450318916846411
vn -0.7909531265797983 0.030839004935305267 -0.6110990977969466
vn 0.7909531265797983 -0.030839004935305267 0.6110990977969466
vn 0.8464239204238823 0.15549298538140552 -0.5093019521182338
vn -0.8464239204238823 -0.15549298538140552 0.5093019521182338
vn -0.8428444841211608 0.15582608950489546 -0.5151032958700098
vn 0.8428444841211608 -0.15582608950489546 0.5151032958700098
vn 0.844283942540992 0.40515597242650364 -0.35076097612843626
vn -0.844283942540992 -0.40515597242650364 0.35076097612843626
vn -0.8418033301178706 0.40562815906934474 -0.3561361396607734
vn 0.8418033301178706 -0.40562815906934474 0.3561361396607734
vn 0.7586059107997085 0.6282829261236706 -0.17256197970938675
vn -0.7586059107997085 -0.6282829261236706 0.17256197970938675
vn -0.7571677640809475 0.6288468040633146 -0.17677294492091766
vn 0.7571677640809475 -0.6288468040633146 0.17677294492091766
vn 0.5966040158836872 0.8025210213659186 -0.004864000129496398
vn -0.5966040158836872 -0.8025210213659186 0.004864000129496398
vn 0.11096496078443492 0.9818226530190266 0.15398394558131356
vn -0.11096496078443492 -0.9818226530190266 -0.15398394558131356
vn 0.3487791185036549 0.9367313182704438 0.02979201012234391
vn -0.3487791185036549 -0.9367313182704438 -0.02979201012234391
vn 0.5812117039689028 0.8115495866499024 -0.05983496952399317
vn -0.5812117039689028 -0.8115495866499024 0.05983496952399317
vn 0.36250989523157406 0.9298607312623837 0.06281398184622825
vn -0.36250989523157406 -0.9298607312623837 -0.06281398184622825
vn -0.5822340353983749 0.8110570493102426 -0.056480003433843066
vn 0.5822340353983749 -0.8110570493102426 0.056480003433843066
vn -0.7635173282228083 0.03308501422267183 -0.6449392772481687
vn -0.7043059765673882 0.03743199875461886 -0.7089089764142444
vn 0.7043059765673882 -0.03743199875461886 0.7089089764142444
vn 0.7635173282228083 -0.03308501422267183 0.6449392772481687
vn -0.7974963257785116 0.15936606510129003 -0.5818952377051261
vn 0.7974963257785116 -0.15936606510129003 0.5818952377051261
vn 0.7931268500082267 0.15964996980787874 -0.5877598888460928
vn -0.7931268500082267 -0.15964996980787874 0.5877598888460928
vn -0.8067671456589974 0.41080307416906403 -0.4246970766775777
vn 0.8067671456589974 -0.41080307416906403 0.4246970766775777
vn 0.803504939845605 0.4111689692178363 -0.43048796777151926
vn -0.803504939845605 -0.4111689692178363 0.43048796777151926
vn -0.7336171395967174 0.6361041210414023 -0.23911804550070123
vn 0.7336171395967174 -0.6361041210414023 0.23911804550070123
vn 0.7315920671480837 0.6365880584282828 -0.24398502239380004
vn -0.7315920671480837 -0.6365880584282828 0.24398502239380004
vn -0.11096300892286884 0.981822078951262 0.15398901238271914
vn 0.11096300892286884 -0.981822078951262 -0.15398901238271914
vn -0.34868597232462106 0.9367639256485817 0.029856997630235388
vn 0.34868597232462106 -0.9367639256485817 -0.029856997630235388
vn -0.3497641150678658 0.9362893080270612 0.03205301054502564
vn 0.3497641150678658 -0.9362893080270612 -0.03205301054502564
vn -0.580995195403242 0.8117152730001851 -0.05969002007524933
vn 0.580995195403242 -0.8117152730001851 0.05969002007524933
vn -0.734590828838153 0.035273991781055204 -0.6775928421188536
vn 0.734590828838153 -0.035273991781055204 0.6775928421188536
vn 0.7320332516825919 0.034903012000111484 -0.6803742339215466
vn -0.7320332516825919 -0.034903012000111484 0.6803742339215466
vn 0.7974002639471065 0.16031505306581448 -0.5817661925701683
vn -0.7974002639471065 -0.16031505306581448 0.5817661925701683
vn -0.7931167884737977 0.1606539571531938 -0.5874998433123442
vn 0.7931167884737977 -0.1606539571531938 0.5874998433123442
vn 0.8065173735200584 0.4114561905565154 -0.42453919661560974
vn -0.8065173735200584 -0.4114561905565154 0.42453919661560974
vn -0.8032860274225788 0.4119580140634231 -0.4301420146841885
vn 0.8032860274225788 -0.4119580140634231 0.4301420146841885
vn 0.7333771319778271 0.6364071145271981 -0.23904804301885035
vn -0.7333771319778271 -0.6364071145271981 0.23904804301885035
vn -0.7312940118849903 0.6370380103531419 -0.24370400396067754
vn 0.7312940118849903 -0.6370380103531419 0.24370400396067754
vn 0.58212992582239 0.811129896642185 -0.05650699279962486
vn -0.58212992582239 -0.811129896642185 0.05650699279962486
vn 0.104416972753282 0.9839367432501037 0.1447949622169905
vn -0.104416972753282 -0.9839367432501037 -0.1447949622169905
vn 0.3328230990916025 0.942989280756712 -0.000033000009824827606
vn -0.3328230990916025 -0.942989280756712 0.000033000009824827606
vn 0.5613702375907408 0.8201283471058642 -0.11069304684901524
vn -0.5613702375907408 -0.8201283471058642 0.11069304684901524
vn 0.34976888150514357 0.936289682803367 0.031989989162417604
vn -0.34976888150514357 -0.936289682803367 -0.031989989162417604
vn -0.672681835588507 0.03951799034133028 -0.7388758194099054
vn -0.6295543209645019 0.042332021582055575 -0.7758023955258847
vn 0.6295543209645019 -0.042332021582055575 0.7758023955258847
vn 0.672681835588507 -0.03951799034133028 0.7388758194099054
vn -0.7421541389754258 0.16406203072217687 -0.6498391216885606
vn 0.7421541389754258 -0.16406203072217687 0.6498391216885606
vn -0.7017287575601242 0.0375729870189299 -0.7114527542005862
vn 0.7017287575601242 -0.0375729870189299 0.7114527542005862
vn 0.7372077627809558 0.1643389471189401 -0.6553757891128846
vn -0.7372077627809558 -0.1643389471189401 0.6553757891128846
vn -0.7622367973742379 0.41697388915563743 -0.4951038683863087
vn 0.7622367973742379 -0.41697388915563743 0.4951038683863087
vn 0.7582681513757402 0.41734708331646736 -0.5008500999864681
vn -0.7582681513757402 -0.41734708331646736 0.5008500999864681
vn -0.7021478618271444 0.6441078732486006 -0.3035019402750731
vn 0.7021478618271444 -0.6441078732486006 0.3035019402750731
vn 0.6994521047314196 0.6446230965216797 -0.30859004620627084
vn -0.6994521047314196 -0.6446230965216797 0.30859004620627084
vn -0.5628939855707757 0.8195759789909896 -0.1069839972575722
vn 0.5628939855707757 -0.8195759789909896 0.1069839972575722
vn -0.10441602591851465 0.9839362442361286 0.14479903594252813
vn 0.10441602591851465 -0.9839362442361286 -0.14479903594252813
vn -0.3327321344189849 0.9430213809670411 0.000042000016967536796
vn 0.3327321344189849 -0.9430213809670411 -0.000042000016967536796
vn -0.3341249703836651 0.9425259164559203 0.0023239997940042887
vn 0.3341249703836651 -0.9425259164559203 -0.0023239997940042887
vn -0.5611417853997823 0.8203086862853075 -0.11051495773522015
vn 0.5611417853997823 -0.8203086862853075 0.11051495773522015
vn -0.6399019621469203 0.04155899754159852 -0.7673319546088633
vn 0.6399019621469203 -0.04155899754159852 0.7673319546088633
vn -0.7372079675473686 0.16534299272143643 -0.6551229711608325
vn 0.7372079675473686 -0.16534299272143643 0.6551229711608325
vn 0.7619890047315709 0.4176540025934226 -0.49491200307315586
vn -0.7619890047315709 -0.4176540025934226 0.49491200307315586
vn -0.7580629235971159 0.418161957854713 -0.5004809495580292
vn 0.7580629235971159 -0.418161957854713 0.5004809495580292
vn 0.7018939623781337 0.6444339654580181 -0.3033969837377701
vn -0.7018939623781337 -0.6444339654580181 0.3033969837377701
vn -0.6991541598710554 0.6451011475111033 -0.3082660704892067
vn 0.6991541598710554 -0.6451011475111033 0.3082660704892067
vn 0.562773790443058 0.8196566947890015 -0.10699796015776517
vn -0.562773790443058 -0.8196566947890015 0.10699796015776517
vn -0.09705503627330754 0.985914368475212 0.13621005090708604
vn 0.09705503627330754 -0.985914368475212 -0.13621005090708604
vn 0.31408509682522634 0.9489702925457599 -0.028389008751679528
vn -0.31408509682522634 -0.9489702925457599 0.028389008751679528
vn 0.5367088919224047 0.8285058331629687 -0.15975496782998533
vn -0.5367088919224047 -0.8285058331629687 0.15975496782998533
vn 0.33412590700057737 0.9425257376607216 0.0022609993706817198
vn -0.33412590700057737 -0.9425257376607216 -0.0022609993706817198
vn -0.6057847374075178 0.043497981144716896 -0.7944386556307785
vn -0.559610299560033 0.04608702467043718 -0.8274734429474803
vn 0.559610299560033 -0.04608702467043718 0.8274734429474803
vn 0.6057847374075178 -0.043497981144716896 0.7944386556307785
vn -0.6808452090538937 0.1695050520466191 -0.7125432187867853
vn 0.6808452090538937 -0.1695050520466191 0.7125432187867853
vn -0.6755870414881392 0.1688330103681201 -0.7176890440736445
vn 0.6755870414881392 -0.1688330103681201 0.7176890440736445
vn -0.7112410252725276 0.42296701502928724 -0.5614580199502882
vn 0.7112410252725276 -0.42296701502928724 0.5614580199502882
vn 0.7126440267776001 0.16086500604450285 -0.6828330256574512
vn -0.7126440267776001 -0.16086500604450285 0.6828330256574512
vn 0.7066841737803733 0.4233271041001694 -0.5669141394095893
vn -0.7066841737803733 -0.4233271041001694 0.5669141394095893
vn -0.6645849573917981 0.6519199582037831 -0.36513997658996405
vn 0.6645849573917981 -0.6519199582037831 0.36513997658996405
vn 0.6612599237560739 0.6524409247729134 -0.3702109573143086
vn -0.6612599237560739 -0.6524409247729134 0.3702109573143086
vn -0.5387480223254492 0.8279210343086345 -0.15587600645942384
vn 0.5387480223254492 -0.8279210343086345 0.15587600645942384
vn 0.09705498024450929 0.985914799317556 0.13620697227514195
vn -0.09705498024450929 -0.985914799317556 -0.13620697227514195
vn -0.313999971072754 0.949000912573295 -0.028306997392217845
vn 0.313999971072754 -0.949000912573295 0.028306997392217845
vn -0.315683067007842 0.9485072013330056 -0.026044005528179197
vn 0.315683067007842 -0.9485072013330056 0.026044005528179197
vn -0.5364798874902544 0.828693826207592 -0.1595489665396335
vn 0.5364798874902544 -0.828693826207592 0.1595489665396335
vn 0.605807300028866 0.04349902154309168 -0.7944213934408673
vn 0.6398058523724944 0.04156399040960926 -0.7674118229289512
vn 0.5833517607532 0.044572981719532084 -0.8109956673908755
vn -0.5833517607532 -0.044572981719532084 0.8109956673908755
vn -0.6398058523724944 -0.04156399040960926 0.7674118229289512
vn -0.605807300028866 -0.04349902154309168 0.7944213934408673
vn -0.5707276812914833 0.04537897465925333 -0.8198845421561024
vn 0.5707276812914833 -0.04537897465925333 0.8198845421561024
vn -0.6087528168963113 0.17305494794767545 -0.7742557671155142
vn 0.6087528168963113 -0.17305494794767545 0.7742557671155142
vn -0.7064999919370687 0.4241439951594568 -0.5665329935344422
vn 0.7064999919370687 -0.4241439951594568 0.5665329935344422
vn 0.6643288162058187 0.6522588195451218 -0.3650008990183175
vn -0.6643288162058187 -0.6522588195451218 0.3650008990183175
vn -0.6609739054688407 0.6529319066189914 -0.36985594710394604
vn 0.6609739054688407 -0.6529319066189914 0.36985594710394604
vn 0.5386157749531801 0.8280076540381882 -0.15587293487248222
vn -0.5386157749531801 -0.8280076540381882 0.15587293487248222
vn -0.08894295769544851 0.9877405301941691 0.12828793898152427
vn 0.08894295769544851 -0.9877405301941691 -0.12828793898152427
vn -0.2926419178102121 0.9546427318843306 -0.05493598457098354
vn 0.2926419178102121 -0.9546427318843306 0.05493598457098354
vn 0.5074021153119642 0.8365861901221808 -0.20655904694251073
vn -0.5074021153119642 -0.8365861901221808 0.20655904694251073
vn 0.3156780549328794 0.948507165054963 -0.02610600454284956
vn -0.3156780549328794 -0.948507165054963 0.02610600454284956
vn -0.5343810544464851 0.04714100480305599 -0.8439280859853054
vn -0.4854797931795835 0.0494609789290094 -0.872847628156079
vn 0.4854797931795835 -0.0494609789290094 0.872847628156079
vn 0.5343810544464851 -0.04714100480305599 0.8439280859853054
vn 0.570542176032543 0.045386014003198874 -0.8200132530032379
vn -0.570542176032543 -0.045386014003198874 0.8200132530032379
vn -0.6141957385614973 0.1737099260586488 -0.7697976723279927
vn 0.6141957385614973 -0.1737099260586488 0.7697976723279927
vn -0.6539520019540084 0.4293540012829099 -0.6228980018612191
vn 0.6539520019540084 -0.4293540012829099 0.6228980018612191
vn -0.64918919791899 0.42901613079459694 -0.6280911914868188
vn 0.64918919791899 -0.42901613079459694 0.6280911914868188
vn -0.6211680903992199 0.659435095968256 -0.4234330616226413
vn 0.6211680903992199 -0.659435095968256 0.4234330616226413
vn 0.6755757253511628 0.16981193096458688 -0.7174687083199717
vn -0.6755757253511628 -0.16981193096458688 0.7174687083199717
vn 0.6847762892297072 0.4213891779826062 -0.5945692511288618
vn -0.6847762892297072 -0.4213891779826062 0.5945692511288618
vn 0.6173077498262082 0.6599377325497292 -0.4282678264376459
vn -0.6173077498262082 -0.6599377325497292 0.4282678264376459
vn -0.5099258935325837 0.8359978254520323 -0.2026899576803681
vn 0.5099258935325837 -0.8359978254520323 0.2026899576803681
vn 0.08894098492757277 0.9877408326120201 0.12828697825978516
vn -0.08894098492757277 -0.9877408326120201 -0.12828697825978516
vn 0.29271812630731336 0.9546144119142984 -0.05502202374189806
vn -0.29271812630731336 -0.9546144119142984 0.05502202374189806
vn -0.2945641250507455 0.954172405072989 -0.0527920224116963
vn 0.2945641250507455 -0.954172405072989 0.0527920224116963
vn -0.5071829173530288 0.8367758636448737 -0.20632896637807865
vn 0.5071829173530288 -0.8367758636448737 0.20632896637807865
vn 0.5343993007543999 0.04714202653104519 -0.8439164749474645
vn 0.5105161609203351 0.048109015164493354 -0.8585212706153909
vn -0.5105161609203351 -0.048109015164493354 0.8585212706153909
vn -0.5343993007543999 -0.04714202653104519 0.8439164749474645
vn -0.49731491144065476 0.048829991304600244 -0.8661948457523667
vn 0.49731491144065476 -0.048829991304600244 0.8661948457523667
vn 0.6142480072112717 0.1728300020290244 -0.7699540090392598
vn -0.6142480072112717 -0.1728300020290244 0.7699540090392598
vn 0.6700650388952666 0.04014500233029718 -0.7412160430253687
vn -0.6700650388952666 -0.04014500233029718 0.7412160430253687
vn 0.6087467890260533 0.17398193970291578 -0.774052731735817
vn -0.6087467890260533 -0.17398193970291578 0.774052731735817
vn -0.5372550724397179 0.1769300238560077 -0.8246531111904605
vn 0.5372550724397179 -0.1769300238560077 0.8246531111904605
vn -0.5862452686580945 0.4343261990382787 -0.6838693133961782
vn 0.5862452686580945 -0.4343261990382787 0.6838693133961782
vn -0.6170459085766337 0.6604269021491762 -0.42789093660239985
vn 0.6170459085766337 -0.6604269021491762 0.42789093660239985
vn 0.5990641309650184 0.6603441443618113 -0.45284409899897604
vn -0.5990641309650184 -0.6603441443618113 0.45284409899897604
vn 0.5097891663243503 0.8360862727823879 -0.20266906612302266
vn -0.5097891663243503 -0.8360862727823879 0.20266906612302266
vn -0.08014401354626292 0.9894001672323879 0.1210960204681357
vn 0.08014401354626292 -0.9894001672323879 -0.1210960204681357
vn -0.26890313244423697 0.9598644727669645 -0.07969503925260568
vn 0.26890313244423697 -0.9598644727669645 0.07969503925260568
vn -0.47347590832749736 0.8444598364990803 -0.2504159515154698
vn 0.47347590832749736 -0.8444598364990803 0.2504159515154698
vn -0.47661295166429984 0.8437099144351633 -0.24696897495364262
vn 0.47661295166429984 -0.8437099144351633 0.24696897495364262
vn -0.45901403966042115 0.050386004353527525 -0.8869990766398282
vn -0.40772304714379526 0.052396006058393535 -0.9116011054057072
vn 0.40772304714379526 -0.052396006058393535 0.9116011054057072
vn 0.45901403966042115 -0.050386004353527525 0.8869990766398282
vn 0.4970400503439468 0.04883900494678115 -0.8663520877506413
vn -0.4970400503439468 -0.04883900494678115 0.8663520877506413
vn -0.5426431140779744 0.1775530373263577 -0.8209831725924372
vn 0.5426431140779744 -0.1775530373263577 0.8209831725924372
vn 0.5426838685204678 0.17674395717909805 -0.8211308010593275
vn -0.5426838685204678 -0.17674395717909805 0.8211308010593275
vn -0.5912481483867488 0.43467410909104437 -0.6793261704918692
vn 0.5912481483867488 -0.43467410909104437 0.6793261704918692
vn -0.5719837796395734 0.6668837430787528 -0.4775988160019871
vn 0.5719837796395734 -0.6668837430787528 0.4775988160019871
vn -0.567959037313206 0.667011043820626 -0.4822020316792279
vn 0.567959037313206 -0.667011043820626 0.4822020316792279
vn 0.6490130237039031 0.4298120156980247 -0.6277290229265472
vn -0.6490130237039031 -0.4298120156980247 0.6277290229265472
vn 0.4736771363418256 0.8442742430134003 -0.25066107214954114
vn -0.4736771363418256 -0.8442742430134003 0.25066107214954114
vn 0.459655804472345 0.8463496399811362 -0.26908888553539756
vn -0.459655804472345 -0.8463496399811362 0.26908888553539756
vn 0.08014303937889312 0.9894004861494687 0.12109405950048921
vn -0.08014303937889312 -0.9894004861494687 -0.12109405950048921
vn 0.2688298966632862 0.9598916310230075 -0.07961496939644927
vn -0.2688298966632862 -0.9598916310230075 0.07961496939644927
vn 0.2836069636396043 0.9566818773466944 -0.0657789915666731
vn -0.2836069636396043 -0.9566818773466944 0.0657789915666731
vn 0.4590291132216106 0.05038701242818509 -0.8869912187804024
vn 0.4338658803144257 0.05123098586749923 -0.8995197518598645
vn -0.4338658803144257 -0.05123098586749923 0.8995197518598645
vn -0.4590291132216106 -0.05038701242818509 0.8869912187804024
vn -0.42022017703102355 0.0518540218451449 -0.9059393816555821
vn 0.42022017703102355 -0.0518540218451449 0.9059393816555821
vn 0.5372520337799914 0.17778101117807052 -0.8244720518390939
vn -0.5372520337799914 -0.17778101117807052 0.8244720518390939
vn -0.4616611145450615 0.18039304475822604 -0.86852021549292
vn 0.4616611145450615 -0.18039304475822604 0.86852021549292
vn 0.5914169453740723 0.43403795991030286 -0.6795859372303874
vn -0.5914169453740723 -0.43403795991030286 0.6795859372303874
vn 0.5860979732932744 0.4350789801747567 -0.6835169688541827
vn -0.5860979732932744 -0.4350789801747567 0.6835169688541827
vn -0.5183902634550706 0.43917322319557445 -0.7337563729079243
vn 0.5183902634550706 -0.43917322319557445 0.7337563729079243
vn -0.5136077887053943 0.6735687228985995 -0.5315187813369389
vn 0.5136077887053943 -0.6735687228985995 0.5315187813369389
vn -0.4358101046543615 0.8514802044723523 -0.2916350700325249
vn 0.4358101046543615 -0.8514802044723523 0.2916350700325249
vn 0.5677130041366409 0.6674870048636442 -0.4818330035108758
vn -0.5677130041366409 -0.6674870048636442 0.4818330035108758
vn 0.4356210535929369 0.8516591047766454 -0.2913950358493133
vn -0.4356210535929369 -0.8516591047766454 0.2913950358493133
vn -0.07073097596041975 0.9908806632259782 0.11468496102162773
vn 0.07073097596041975 -0.9908806632259782 -0.11468496102162773
vn -0.24283105649890133 0.9646702244474354 -0.10219802377816131
vn 0.24283105649890133 -0.9646702244474354 0.10219802377816131
vn -0.27091711734587837 0.9594604155836528 -0.07771503366172998
vn 0.27091711734587837 -0.9594604155836528 0.07771503366172998
vn -0.38025609733302473 0.053177013611562594 -0.9233512363474763
vn -0.3269261037518134 0.05484201740441883 -0.9434572994114105
vn 0.3269261037518134 -0.05484201740441883 0.9434572994114105
vn 0.38025609733302473 -0.053177013611562594 0.9233512363474763
vn 0.4198578929133689 0.051863986771858675 -0.9061067688934205
vn -0.4198578929133689 -0.051863986771858675 0.9061067688934205
vn -0.46674883328808153 0.18096793536242742 -0.8656766908002519
vn 0.46674883328808153 -0.18096793536242742 0.8656766908002519
vn 0.46677884501404565 0.1802479401517458 -0.8658107125223192
vn -0.46677884501404565 -0.1802479401517458 0.8658107125223192
vn -0.5234037450302084 0.4395237858913143 -0.7299776444002368
vn 0.5234037450302084 -0.4395237858913143 0.7299776444002368
vn 0.523541819494068 0.438936848664038 -0.7302317482318365
vn -0.523541819494068 -0.438936848664038 0.7302317482318365
vn -0.5178730380199094 0.6734840494441702 -0.5274720387246249
vn 0.5178730380199094 -0.6734840494441702 0.5274720387246249
vn -0.4389240654729909 0.8510471269481563 -0.2882090429912814
vn 0.4389240654729909 -0.8510471269481563 0.2882090429912814
vn -0.39410510943098376 0.8581202382738506 -0.32910609138273644
vn 0.39410510943098376 -0.8581202382738506 0.32910609138273644
vn 0.07073099218383674 0.9908808905022178 0.11468298732690009
vn -0.07073099218383674 -0.9908808905022178 -0.11468298732690009
vn 0.24276999069013525 0.9646939630054343 -0.10211899608388948
vn -0.24276999069013525 -0.9646939630054343 0.10211899608388948
vn 0.24494304222095836 0.9643211662205359 -0.10043701731238013
vn -0.24494304222095836 -0.9643211662205359 0.10043701731238013
vn 0.3802652004068486 0.05317702802528514 -0.9233474866213355
vn 0.3539818810355595 0.05388498189060796 -0.9336986862072667
vn -0.3539818810355595 -0.05388498189060796 0.9336986862072667
vn -0.3802652004068486 -0.05317702802528514 0.9233474866213355
vn -0.3400198271448442 0.054399972344802094 -0.9388435227221175
vn 0.3400198271448442 -0.054399972344802094 0.9388435227221175
vn 0.46166105156892756 0.18114802023477863 -0.8683630969987683
vn -0.46166105156892756 -0.18114802023477863 0.8683630969987683
vn -0.3825651475177229 0.18338407071318655 -0.9055463491800978
vn 0.3825651475177229 -0.18338407071318655 0.9055463491800978
vn 0.5182721775512679 0.43986515069034887 -0.7334252512590657
vn -0.5182721775512679 -0.43986515069034887 0.7334252512590657
vn -0.4461940569191945 0.44348405657349094 -0.7773240991601323
vn 0.4461940569191945 -0.44348405657349094 0.7773240991601323
vn 0.518058144851927 0.6731691882218338 -0.5276921475456472
vn -0.518058144851927 -0.6731691882218338 0.5276921475456472
vn 0.5133990265442706 0.6740170348487037 -0.5311520274621536
vn -0.5133990265442706 -0.6740170348487037 0.5311520274621536
vn -0.4547250102072123 0.6795200152531863 -0.5757410129236585
vn 0.4547250102072123 -0.6795200152531863 0.5757410129236585
vn -0.3973988962387643 0.8577487760409661 -0.3260999148549971
vn 0.3973988962387643 -0.8577487760409661 0.3260999148549971
vn 0.39750113330540626 0.8576712876274049 -0.32617910938695494
vn -0.39750113330540626 -0.8576712876274049 0.32617910938695494
vn -0.06077898096141266 0.9921706892095254 0.10910196582457848
vn 0.06077898096141266 -0.9921706892095254 -0.10910196582457848
vn -0.21472409884128307 0.9689834460401401 -0.12233005631067848
vn 0.21472409884128307 -0.9689834460401401 0.12233005631067848
vn -0.24493691496942988 0.9643186652339405 -0.1004759651194732
vn 0.24493691496942988 -0.9643186652339405 0.1004759651194732
vn -0.2986930192506162 0.055466003574756534 -0.9527360614033649
vn -0.24369491309767824 0.05675897975958138 -0.9681896547407262
vn 0.24369491309767824 -0.05675897975958138 0.9681896547407262
vn 0.2986930192506162 -0.055466003574756534 0.9527360614033649
vn 0.3395800372682322 0.054410005971389876 -0.9390021030536085
vn -0.3395800372682322 -0.054410005971389876 0.9390021030536085
vn -0.38711211422828506 0.18389405426309793 -0.9035082666054517
vn 0.38711211422828506 -0.18389405426309793 0.9035082666054517
vn 0.3871328868432032 0.18328194642770318 -0.9036237358757904
vn -0.3871328868432032 -0.18328194642770318 0.9036237358757904
vn -0.45097604187898993 0.44382704121511257 -0.7743630719096813
vn 0.45097604187898993 -0.44382704121511257 0.7743630719096813
vn 0.45108197376033704 0.4433039742127871 -0.7746009549410762
vn -0.45108197376033704 -0.4433039742127871 0.7746009549410762
vn -0.4590298822427841 0.6794828256888958 -0.5723588531699404
vn 0.4590298822427841 -0.6794828256888958 0.5723588531699404
vn 0.45918299652444405 0.6791929948591884 -0.5725799956661417
vn -0.45918299652444405 -0.6791929948591884 0.5725799956661417
vn -0.34892290626989897 0.8641147678754735 -0.36270990256633995
vn 0.34892290626989897 -0.8641147678754735 0.36270990256633995
vn 0.060778994223503864 0.9921709057030895 0.10909998963102863
vn -0.060778994223503864 -0.9921709057030895 -0.10909998963102863
vn 0.21467498409719984 0.9690039282176451 -0.12225399094360781
vn -0.21467498409719984 -0.9690039282176451 0.12225399094360781
vn 0.39394492775503737 0.8582858426002612 -0.3288659396897739
vn -0.39394492775503737 -0.8582858426002612 0.3288659396897739
vn 0.2168340074430443 0.9686960332514606 -0.12087600414918953
vn -0.2168340074430443 -0.9686960332514606 0.12087600414918953
vn 0.2986990365240245 0.05546700678233982 -0.9527341164974766
vn 0.27146506179129176 0.056026012752726714 -0.9608162187024537
vn -0.27146506179129176 -0.056026012752726714 0.9608162187024537
vn -0.2986990365240245 -0.05546700678233982 0.9527341164974766
vn -0.2573109554084011 0.05642599022146159 -0.9646798328224465
vn 0.2573109554084011 -0.05642599022146159 0.9646798328224465
vn 0.38256513142912596 0.18402506322126946 -0.9054163110531107
vn -0.38256513142912596 -0.18402506322126946 0.9054163110531107
vn -0.30057793265912847 0.18585395836165575 -0.9354737904183464
vn 0.30057793265912847 -0.18585395836165575 0.9354737904183464
vn 0.446104876149259 0.4440978767064561 -0.7770247842769699
vn -0.446104876149259 -0.4440978767064561 0.7770247842769699
vn -0.3702649771379895 0.44719197238813263 -0.8142009497271637
vn 0.3702649771379895 -0.44719197238813263 0.8142009497271637
vn 0.45455608769842376 0.679930131180293 -0.5753901110111753
vn -0.45455608769842376 -0.679930131180293 0.5753901110111753
vn -0.39181784630536565 0.6847857313856595 -0.6144487589760698
vn 0.39181784630536565 -0.6847857313856595 0.6144487589760698
vn 0.3523289436800468 0.8637458619298032 -0.36028794240779655
vn -0.3523289436800468 -0.8637458619298032 0.36028794240779655
vn -0.35224297630796203 0.86381594189931 -0.36020397577250124
vn 0.35224297630796203 -0.86381594189931 0.36020397577250124
vn -0.05036597475101437 0.9932605020682059 0.10438794766923908
vn 0.05036597475101437 -0.9932605020682059 -0.10438794766923908
vn -0.18481989761599657 0.9727614611228874 -0.13991692249073348
vn 0.18481989761599657 -0.9727614611228874 0.13991692249073348
vn -0.2168280546283174 0.9686932440555127 -0.12090903046218754
vn 0.2168280546283174 -0.9686932440555127 0.12090903046218754
vn -0.21493401484699723 0.05721700395237934 -0.9749510673466973
vn -0.15866093559120942 0.05810997641011482 -0.9856215998845288
vn 0.15866093559120942 -0.05810997641011482 0.9856215998845288
vn 0.21493401484699723 -0.05721700395237934 0.9749510673466973
vn 0.25680597783918613 0.05643399513008524 -0.9648139167423514
vn -0.25680597783918613 -0.05643399513008524 0.9648139167423514
vn -0.30436688361286507 0.18628192876748081 -0.9341626427846812
vn 0.30436688361286507 -0.18628192876748081 0.9341626427846812
vn 0.3043788457756916 0.185790905862466 -0.9342565266258845
vn -0.3043788457756916 -0.185790905862466 0.9342565266258845
vn -0.37457608645722745 0.4475141032923086 -0.8120491874319368
vn 0.37457608645722745 -0.4475141032923086 0.8120491874319368
vn 0.37464993420304776 0.447067921484821 -0.8122608573487299
vn -0.37464993420304776 -0.447067921484821 0.8122608573487299
vn -0.39595024913712235 0.6847934308810647 -0.6117853849434385
vn 0.39595024913712235 -0.6847934308810647 0.6117853849434385
vn 0.3960680546714559 0.6845360944902888 -0.6119970844773291
vn -0.3960680546714559 -0.6845360944902888 0.6119970844773291
vn -0.3006528566606278 0.8693935855075784 -0.39212581304994576
vn 0.3006528566606278 -0.8693935855075784 0.39212581304994576
vn 0.3487930272082989 0.8642640674186499 -0.36247902827590245
vn -0.3487930272082989 -0.8642640674186499 0.36247902827590245
vn 0.050365985266113085 0.9932607094350309 0.10438596946329858
vn -0.050365985266113085 -0.9932607094350309 -0.10438596946329858
vn 0.18478291469138391 0.9727785508979166 -0.13984693543694993
vn -0.18478291469138391 -0.9727785508979166 0.13984693543694993
vn 0.1868260152034347 0.9725400791428835 -0.13878701129414023
vn -0.1868260152034347 -0.9725400791428835 0.13878701129414023
vn 0.21493495635208834 0.057217988380458405 -0.974950802011886
vn 0.18693194469880958 0.057617982954529134 -0.9806817098790885
vn -0.18693194469880958 -0.057617982954529134 0.9806817098790885
vn -0.21493495635208834 -0.057217988380458405 0.974950802011886
vn -0.17270393873665613 0.057897979461824664 -0.9832706512039722
vn 0.17270393873665613 -0.057897979461824664 0.9832706512039722
vn 0.3005769484905838 0.1863679680624038 -0.9353718397067445
vn -0.3005769484905838 -0.1863679680624038 0.9353718397067445
vn -0.216326059258638 0.18776205143404157 -0.9580962624532613
vn 0.216326059258638 -0.18776205143404157 0.9580962624532613
vn 0.3702018974820391 0.44771387601707613 -0.8139427745993353
vn -0.3702018974820391 -0.44771387601707613 0.8139427745993353
vn -0.2912390409442802 0.45024106329781993 -0.8440751186655749
vn 0.2912390409442802 -0.45024106329781993 0.8440751186655749
vn 0.3916889947603765 0.6851479908347755 -0.614126991784823
vn -0.3916889947603765 -0.6851479908347755 0.614126991784823
vn -0.325437161670225 0.6892933424261979 -0.6472753215525431
vn 0.325437161670225 -0.6892933424261979 0.6472753215525431
vn 0.30390306001402256 0.8691101716297212 -0.3902440770644321
vn -0.30390306001402256 -0.8691101716297212 0.3902440770644321
vn -0.3038359505110524 0.8691718584288648 -0.3901589364507224
vn 0.3038359505110524 -0.8691718584288648 0.3901589364507224
vn -0.039572004132821206 0.9941421038262184 0.10057601050395815
vn 0.039572004132821206 -0.9941421038262184 -0.10057601050395815
vn -0.15336896282175752 0.9759677634151952 -0.15480596247341363
vn 0.15336896282175752 -0.9759677634151952 0.15480596247341363
vn -0.18682103465474467 0.9725371804027463 -0.13881402574958757
vn 0.18682103465474467 -0.9725371804027463 0.13881402574958757
vn -0.12961394106734087 0.05839497344906732 -0.9898435499395217
vn -0.08703096606963528 0.05880297707475263 -0.9944686122910729
vn 0.08703096606963528 -0.05880297707475263 0.9944686122910729
vn 0.12961394106734087 -0.05839497344906732 0.9898435499395217
vn 0.17215104332129924 0.0579040145713736 -0.9833672474614489
vn -0.17215104332129924 -0.0579040145713736 0.9833672474614489
vn -0.21917387632010665 0.188089893860809 -0.9573844597476231
vn 0.21917387632010665 -0.188089893860809 0.9573844597476231
vn 0.21917894251835746 0.1877309507658752 -0.9574537488991701
vn -0.21917894251835746 -0.1877309507658752 0.9574537488991701
vn -0.29485811513253346 0.45052617591586414 -0.8426653290334885
vn 0.29485811513253346 -0.45052617591586414 0.8426653290334885
vn 0.2949039190900246 0.45016787649173345 -0.8428407687578168
vn -0.2949039190900246 -0.45016787649173345 0.8428407687578168
vn -0.3291820093874479 0.6893400196582544 -0.6453290184031705
vn 0.3291820093874479 -0.6893400196582544 0.6453290184031705
vn 0.3292660272307956 0.6891200569912649 -0.6455210533855613
vn -0.3292660272307956 -0.6891200569912649 0.6455210533855613
vn -0.24971699690338425 0.8738939891632777 -0.4170739948280738
vn 0.24971699690338425 -0.8738939891632777 0.4170739948280738
vn 0.3005539259042995 0.8695237856358929 -0.3919129033815276
vn -0.3005539259042995 -0.8695237856358929 0.3919129033815276
vn 0.039572012092733866 0.9941423037980047 0.10057403073422183
vn -0.039572012092733866 -0.9941423037980047 -0.10057403073422183
vn 0.15334305270969 0.9759813354809539 -0.15474605319195298
vn -0.15334305270969 -0.9759813354809539 0.15474605319195298
vn 0.15517198251824793 0.9758108900646635 -0.15399598265073636
vn -0.15517198251824793 -0.9758108900646635 0.15399598265073636
vn 0.12959397503028908 0.05840098874750319 -0.9898458092799922
vn 0.10092798431498526 0.0586439908862556 -0.9931638456544051
vn -0.10092798431498526 -0.0586439908862556 0.9931638456544051
vn -0.12959397503028908 -0.05840098874750319 0.9898458092799922
vn 0.21632494795244028 0.18813795473420186 -0.9580227695007073
vn -0.21632494795244028 -0.18813795473420186 0.9580227695007073
vn -0.1304479589072034 0.18907894043768536 -0.9732586934109074
vn 0.1304479589072034 -0.18907894043768536 0.9732586934109074
vn 0.29119896828290137 0.45065895091468045 -0.8438659080869739
vn -0.29119896828290137 -0.45065895091468045 0.8438659080869739
vn -0.20978093234639425 0.4525858540426698 -0.8666937204943536
vn 0.20978093234639425 -0.4525858540426698 0.8666937204943536
vn 0.3253460950414167 0.6896002014487989 -0.6469941890025579
vn -0.3253460950414167 -0.6896002014487989 0.6469941890025579
vn -0.25616696512120474 0.6929819056460157 -0.6739099082427917
vn 0.25616696512120474 -0.6929819056460157 0.6739099082427917
vn 0.2526470121510584 0.8736950420203642 -0.41572401999424696
vn -0.2526470121510584 -0.8736950420203642 0.41572401999424696
vn -0.2525989987943449 0.8737469958296057 -0.41564399801613106
vn 0.2525989987943449 -0.8737469958296057 0.41564399801613106
vn -0.02847999751487826 0.9948089131944702 0.09769399147536943
vn 0.02847999751487826 -0.9948089131944702 -0.09769399147536943
vn -0.12063500386592967 0.978571031359777 -0.16687100534763155
vn 0.12063500386592967 -0.978571031359777 0.16687100534763155
vn -0.15516803123711223 0.9758081964414315 -0.15401703100540245
vn 0.15516803123711223 -0.9758081964414315 0.15401703100540245
vn -0.021701010162086094 0.05906102765692755 -0.9980184673492033
vn 0.021701010162086094 -0.05906102765692755 0.9980184673492033
vn 0.08611302427001227 0.058807016574113295 -0.9945482803025322
vn -0.08611302427001227 -0.058807016574113295 0.9945482803025322
vn -0.13237504048181567 0.1893060578919786 -0.9729542975406587
vn 0.13237504048181567 -0.1893060578919786 0.9729542975406587
vn 0.13221600198978492 0.18906900284539416 -0.9730220146434949
vn -0.13221600198978492 -0.18906900284539416 0.9730220146434949
vn -0.21251693004485717 0.4528138509452518 -0.8659077149653078
vn 0.21251693004485717 -0.4528138509452518 0.8659077149653078
vn 0.21253998790381848 0.4525519742441367 -0.8660389507115595
vn -0.21253998790381848 -0.4525519742441367 0.8660389507115595
vn -0.2593240175016487 0.6930540467738728 -0.6726270453952644
vn 0.2593240175016487 -0.6930540467738728 0.6726270453952644
vn 0.25937606157536575 0.6928781644879102 -0.6727881597185823
vn -0.25937606157536575 -0.6928781644879102 0.6727881597185823
vn -0.19656404883988202 0.8775622180461564 -0.43731810865956916
vn 0.19656404883988202 -0.8775622180461564 0.43731810865956916
vn 0.2496469409382841 0.8740027932275696 -0.41688790137225473
vn -0.2496469409382841 -0.8740027932275696 0.41688790137225473
vn 0.028480003079471673 0.9948091075662274 0.09769201056319365
vn -0.028480003079471673 -0.9948091075662274 -0.09769201056319365
vn 0.12061904243342478 0.9785813442620418 -0.16682205868750988
vn -0.12061904243342478 -0.9785813442620418 0.16682205868750988
vn 0.12214505018275457 0.9784724020010659 -0.1663500683441908
vn -0.12214505018275457 -0.9784724020010659 0.1663500683441908
vn -0.02165800346515066 0.059082009452767995 -0.9980181596769302
vn 0.02165800346515066 -0.059082009452767995 0.9980181596769302
vn 0.021679006542432717 0.059055017822010045 -0.9980193011887973
vn -0.021679006542432717 -0.059055017822010045 0.9980193011887973
vn 0.130447061971892 0.1893070899347087 -0.9732144623480241
vn -0.130447061971892 -0.1893070899347087 0.9732144623480241
vn -0.04369299521978975 0.18983197923152856 -0.9808438926912703
vn 0.04369299521978975 -0.18983197923152856 0.9808438926912703
vn 0.20975892998646653 0.4528908488336651 -0.866539710765557
vn -0.20975892998646653 -0.4528908488336651 0.866539710765557
vn -0.12657100357151715 0.454190012816107 -0.8818680248841113
vn 0.12657100357151715 -0.454190012816107 0.8818680248841113
vn 0.2561089698034738 0.6932269182650852 -0.6736799205697733
vn -0.2561089698034738 -0.6932269182650852 0.6736799205697733
vn -0.18461905429914868 0.6958032046458419 -0.6940992041446703
vn 0.18461905429914868 -0.6958032046458419 0.6940992041446703
vn 0.19902102115175627 0.8774400932534607 -0.43645104638558285
vn -0.19902102115175627 -0.8774400932534607 0.43645104638558285
vn -0.19899095561198785 0.8774808042643276 -0.4363829026580404
vn 0.19899095561198785 -0.8774808042643276 0.4363829026580404
vn 0.01717400489964123 0.9952562839406867 0.09576002731976535
vn -0.01717400489964123 -0.9952562839406867 -0.09576002731976535
vn -0.08689399159591764 0.9805459051650366 -0.17600898297702786
vn 0.08689399159591764 -0.9805459051650366 0.17600898297702786
vn -0.12214301425567842 0.978470114200189 -0.16636501941696147
vn 0.12214301425567842 -0.978470114200189 0.16636501941696147
vn -0.000004000000505136439 0.05909900746653973 -0.9982521261186823
vn 0.000004000000505136439 -0.05909900746653973 0.9982521261186823
vn -0.12843799939396514 0.4543569978561167 -0.8815119958405855
vn 0.12843799939396514 -0.4543569978561167 0.8815119958405855
vn 0.12828499255369802 0.45418297363695026 -0.8816239488261393
vn -0.12828499255369802 -0.45418297363695026 0.8816239488261393
vn -0.18701505385632228 0.6958832003994293 -0.6933771996777545
vn 0.18701505385632228 -0.6958832003994293 0.6933771996777545
vn 0.1870420746970445 0.6957542778561362 -0.6934992769555797
vn -0.1870420746970445 -0.6957542778561362 0.6934992769555797
vn -0.14166295080542382 0.880355694283333 -0.45266484280537045
vn 0.14166295080542382 -0.880355694283333 0.45266484280537045
vn 0.19651892907760876 0.8776486832623522 -0.43716484223007823
vn -0.19651892907760876 -0.8776486832623522 0.43716484223007823
vn -0.017174003255049274 0.9952561886344067 0.09576101814992288
vn 0.017174003255049274 -0.9952561886344067 -0.09576101814992288
vn 0.08688502894062605 0.9805533266135426 -0.1759720586147185
vn -0.08688502894062605 -0.9805533266135426 0.1759720586147185
vn 0.08803298975987121 0.9804948859473708 -0.1757269795591751
vn -0.08803298975987121 -0.9804948859473708 0.1757269795591751
vn 0.02166999783356396 0.05908199409333724 -0.9980179002241634
vn -0.02166999783356396 -0.05908199409333724 0.9980179002241634
vn -0.08609397667559496 0.05887798404889669 -0.9945457305596962
vn -0.10091703238614763 0.058807018872263535 -0.9931553187219663
vn 0.10091703238614763 -0.058807018872263535 0.9931553187219663
vn 0.08609397667559496 -0.05887798404889669 0.9945457305596962
vn 0.000004000000505579751 0.05909900746653973 -0.9982521261186823
vn -0.000004000000505579751 -0.05909900746653973 0.9982521261186823
vn 0.04361398556392604 0.18984093716332487 -0.9808456753435681
vn -0.04361398556392604 -0.18984093716332487 0.9808456753435681
vn 0.12656292852860573 0.4543757434093194 -0.8817735020533851
vn -0.12656292852860573 -0.4543757434093194 0.8817735020533851
vn -0.04235899144913932 0.45505390813986973 -0.8894558204486845
vn 0.04235899144913932 -0.45505390813986973 0.8894558204486845
vn 0.18458789560551467 0.6959816063845822 -0.6939286075456642
vn -0.18458789560551467 -0.6959816063845822 0.6939286075456642
vn -0.11143107531300189 0.697717471566816 -0.7076534782822717
vn 0.11143107531300189 -0.697717471566816 0.7076534782822717
vn 0.1435189984507125 0.8802949904972157 -0.45219799511852243
vn -0.1435189984507125 -0.8802949904972157 0.45219799511852243
vn -0.14350395661402474 0.8803247338488226 -0.4521448633017075
vn 0.14350395661402474 -0.8803247338488226 0.4521448633017075
vn 0.05242399966393599 0.9818779937056712 -0.18211899883252594
vn -0.05242399966393599 -0.9818779937056712 0.18211899883252594
vn 0.005738998016708779 0.9954806559803611 0.09479096724200124
vn -0.005738998016708779 -0.9954806559803611 -0.09479096724200124
vn -0.08803201543896816 0.9804931719579271 -0.17573703082058725
vn 0.08803201543896816 -0.9804931719579271 0.17573703082058725
vn 0.0869909970756239 0.05887299802086667 -0.9944679665689709
vn -0.0869909970756239 -0.05887299802086667 0.9944679665689709
vn -0.12959806593193096 0.05861702982092347 -0.9898325035690007
vn 0.12959806593193096 -0.05861702982092347 0.9898325035690007
vn 0 0.1899170278333872 -0.9818001438882216
vn 0 -0.1899170278333872 0.9818001438882216
vn -0.11307805085211536 0.6977903138019572 -0.707320318087677
vn 0.11307805085211536 -0.6977903138019572 0.707320318087677
vn 0.11293798762211033 0.6977049235322423 -0.7074269224667207
vn -0.11293798762211033 -0.6977049235322423 0.7074269224667207
vn 0.1416390093024256 0.8804180578232188 -0.4525510297221947
vn -0.1416390093024256 -0.8804180578232188 0.4525510297221947
vn -0.0855040182758017 0.8822401885718026 -0.46297009895616525
vn 0.0855040182758017 -0.8822401885718026 0.46297009895616525
vn 0 0.995508806551752 0.09466898160383085
vn 0 -0.995508806551752 -0.09466898160383085
vn -0.005738998016708821 0.9954806559803611 0.09479096724200124
vn 0.005738998016708821 -0.9954806559803611 -0.09479096724200124
vn -0.05242798450907945 0.9818737098853269 -0.18214094618273133
vn 0.05242798450907945 -0.9818737098853269 0.18214094618273133
vn 0.05313600201404054 0.981856037215781 -0.18203100689961219
vn -0.05313600201404054 -0.981856037215781 0.18203100689961219
vn -0.18694105644704725 0.05810401754456907 -0.9806512961086842
vn 0.18694105644704725 -0.05810401754456907 0.9806512961086842
vn -0.04359200806617851 0.1898640351320648 -0.9808421814930923
vn 0.04359200806617851 -0.1898640351320648 0.9808421814930923
vn -0.13044994264325985 0.189391916727423 -0.9731975721006928
vn 0.13044994264325985 -0.189391916727423 0.9731975721006928
vn 0.042305988371756684 0.455062874921208 -0.8894537555243295
vn -0.042305988371756684 -0.455062874921208 0.8894537555243295
vn 0.11141902829258192 0.6978261771986749 -0.7075481796673782
vn -0.11141902829258192 -0.6978261771986749 0.7075481796673782
vn -0.03728100143908382 0.6987140269710609 -0.7144290275776753
vn 0.03728100143908382 -0.6987140269710609 0.7144290275776753
vn 0 0.45517380138836916 -0.8904026114795831
vn 0 -0.45517380138836916 0.8904026114795831
vn 0.0866589989746075 0.8822219895611085 -0.4627899945240372
vn -0.0866589989746075 -0.8822219895611085 0.4627899945240372
vn -0.005738998560711014 0.9954807503424183 0.09478997622753028
vn 0.005738998560711014 -0.9954807503424183 -0.09478997622753028
vn 0.08549498827397854 0.8822778789916271 -0.4628999365111948
vn -0.08549498827397854 -0.8822778789916271 0.4628999365111948
vn 0.017524005631480353 0.9825423157478844 -0.1852120595193864
vn -0.017524005631480353 -0.9825423157478844 0.1852120595193864
vn 0.12960801865390045 0.058618008436627 -0.9898311424619524
vn -0.12960801865390045 -0.058618008436627 0.9898311424619524
vn 0.04363101116984592 0.18986504860678788 -0.9808402511020022
vn -0.04363101116984592 -0.18986504860678788 0.9808402511020022
vn 0.15865793575965298 0.05837197636527933 -0.9856066009294464
vn -0.15865793575965298 -0.05837197636527933 0.9856066009294464
vn -0.1721610420111728 0.05824701421358398 -0.9833452399583931
vn 0.1721610420111728 -0.05824701421358398 0.9833452399583931
vn -0.08677797424256539 0.8822397381336399 -0.4627338626513551
vn 0.08677797424256539 -0.8822397381336399 0.4627338626513551
vn -0.05322402009992189 0.9818523707941631 -0.1820250687413249
vn 0.05322402009992189 -0.9818523707941631 0.1820250687413249
vn 0.0057730007072070415 0.9954791219486885 0.09480501161385187
vn -0.0057730007072070415 -0.9954791219486885 -0.09480501161385187
vn 0 0.9826261321180229 -0.18559602495412944
vn 0 -0.9826261321180229 0.18559602495412944
vn -0.017527001464714004 0.9825420821100627 -0.1852130154780669
vn 0.017527001464714004 -0.9825420821100627 0.1852130154780669
vn 0.13229803940907833 0.18936505640826096 -0.972953289824342
vn -0.13229803940907833 -0.18936505640826096 0.972953289824342
vn -0.21494709951859542 0.05777202674793485 -0.9749154513771843
vn -0.27148702467627106 0.05697700517881139 -0.9607540873258253
vn 0.27148702467627106 -0.05697700517881139 0.9607540873258253
vn 0.21494709951859542 -0.05777202674793485 0.9749154513771843
vn 0.17270890572298384 0.05824196820732012 -0.983249463271304
vn -0.17270890572298384 -0.05824196820732012 0.983249463271304
vn -0.13221394885238247 0.18941692672312918 -0.9729546236077118
vn 0.13221394885238247 -0.18941692672312918 0.9729546236077118
vn -0.042307009312746634 0.45509710017735017 -0.8894361957853851
vn 0.042307009312746634 -0.45509710017735017 0.8894361957853851
vn -0.12656199376599916 0.4544449776156318 -0.8817379565686754
vn 0.12656199376599916 -0.4544449776156318 0.8817379565686754
vn 0.03725199139589007 0.6987188386165791 -0.7144258349887265
vn -0.03725199139589007 -0.6987188386165791 0.7144258349887265
vn -0.028595999276635507 0.8831999776585737 -0.4681239881583355
vn 0.028595999276635507 -0.8831999776585737 0.4681239881583355
vn 0 0.6988450703897758 -0.7152730720444531
vn 0 -0.6988450703897758 0.7152730720444531
vn -0.01752400139588311 0.9825430782649632 -0.1852080147528374
vn 0.01752400139588311 -0.9825430782649632 0.1852080147528374
vn -0.017175004604954285 0.9952562668476483 0.09576002567513386
vn 0.017175004604954285 -0.9952562668476483 -0.09576002567513386
vn 0.028583985354370105 0.8832015474723727 -0.46812176014757867
vn -0.028583985354370105 -0.8832015474723727 0.46812176014757867
vn 0.13044998782869083 0.18942098232654986 -0.9731919091987662
vn -0.13044998782869083 -0.18942098232654986 0.9731919091987662
vn 0.042328988294555045 0.455097874149527 -0.8894347540401942
vn -0.042328988294555045 -0.455097874149527 0.8894347540401942
vn 0.21494805331647426 0.05777201432997463 -0.9749152418214186
vn 0.2437060747474674 0.057379017598807466 -0.9681502969428752
vn -0.2437060747474674 -0.057379017598807466 0.9681502969428752
vn -0.21494805331647426 -0.05777201432997463 0.9749152418214186
vn -0.25683089110642177 0.05719297575078416 -0.9647625909508782
vn 0.25683089110642177 -0.05719297575078416 0.9647625909508782
vn -0.21633107222625056 0.18847406292565758 -0.9579553198316381
vn 0.21633107222625056 -0.18847406292565758 0.9579553198316381
vn 0 0.8833223010186251 -0.46876615974615893
vn 0 -0.8833223010186251 0.46876615974615893
vn 0.017687005498484107 0.9825343054473649 -0.18523905758657125
vn -0.017687005498484107 -0.9825343054473649 0.18523905758657125
vn 0.017174006544216528 0.9952563792459991 0.09575903648932321
vn -0.017174006544216528 -0.9952563792459991 -0.09575903648932321
vn 0.1283589938159849 0.45439297810848295 -0.8815049575312958
vn -0.1283589938159849 -0.45439297810848295 0.8815049575312958
vn -0.2987270490675647 0.05650800928175231 -0.9526641564803403
vn -0.35402488468614807 0.055433981943907966 -0.9335916959082285
vn 0.35402488468614807 -0.055433981943907966 0.9335916959082285
vn 0.2987270490675647 -0.05650800928175231 0.9526641564803403
vn 0.25732694986165017 0.05718598885771166 -0.9646308120484569
vn -0.25732694986165017 -0.05718598885771166 0.9646308120484569
vn -0.21916504702570108 0.18849804044555787 -0.9573062054068213
vn 0.21916504702570108 -0.18849804044555787 0.9573062054068213
vn 0.219165987602986 0.18841698934228768 -0.9573219458495642
vn -0.219165987602986 -0.18841698934228768 0.9573219458495642
vn -0.12827001262811907 0.45447604474294184 -0.8814750867807858
vn 0.12827001262811907 -0.45447604474294184 0.8814750867807858
vn -0.037252003083329634 0.6987390578342849 -0.7144060591310345
vn 0.037252003083329634 -0.6987390578342849 0.7144060591310345
vn -0.11141701744088685 0.6978661092418759 -0.7075091107513622
vn 0.11141701744088685 -0.6978661092418759 0.7075091107513622
vn -0.028583995963925652 0.8832088752904741 -0.4681079339029301
vn 0.028583995963925652 -0.8832088752904741 0.4681079339029301
vn -0.05242702587090867 0.9818794845232794 -0.18211008986497748
vn 0.05242702587090867 -0.9818794845232794 0.18211008986497748
vn -0.028480005861726946 0.9948092047506566 0.09769102010667034
vn 0.028480005861726946 -0.9948092047506566 -0.09769102010667034
vn 0.12656102601962094 0.4544680934338779 -0.8817261812736632
vn -0.12656102601962094 -0.4544680934338779 0.8817261812736632
vn 0.03726099117387844 0.6987398344874189 -0.7144048307768044
vn -0.03726099117387844 -0.6987398344874189 0.7144048307768044
vn 0.2987279598294567 0.05650799240125797 -0.9526638718933923
vn 0.3269541559079632 0.055968026688332104 -0.94338144985108
vn -0.3269541559079632 -0.055968026688332104 0.94338144985108
vn -0.2987279598294567 -0.05650799240125797 0.9526638718933923
vn -0.3396300094624316 0.055723001552498784 -0.9389070261588891
vn 0.3396300094624316 -0.055723001552498784 0.9389070261588891
vn 0.21633102077664876 0.18852101810574814 -0.957946092002105
vn -0.21633102077664876 -0.18852101810574814 0.957946092002105
vn -0.3005881506235574 0.187108093759141 -0.9352204686353534
vn 0.3005881506235574 -0.187108093759141 0.9352204686353534
vn -0.20974590962669432 0.45316480474469634 -0.8663996266940399
vn 0.20974590962669432 -0.45316480474469634 0.8663996266940399
vn 0.028586993511982548 0.8832087995496033 -0.46810789375964856
vn -0.028586993511982548 -0.8832087995496033 0.46810789375964856
vn 0.05242301402897712 0.9818802627619941 -0.18210704873385572
vn -0.05242301402897712 -0.9818802627619941 0.18210704873385572
vn 0.02850699052172653 0.9948066692372829 0.09770896751279988
vn -0.02850699052172653 -0.9948066692372829 -0.09770896751279988
vn 0.11300404985626791 0.6978023078634683 -0.7073203120627171
vn -0.11300404985626791 -0.6978023078634683 0.7073203120627171
vn -0.38032003981798873 0.05483200574069217 -0.9232280966582939
vn -0.43393794869790586 0.053482993677000386 -0.8993538936743422
vn 0.43393794869790586 -0.053482993677000386 0.8993538936743422
vn 0.38032003981798873 -0.05483200574069217 0.9232280966582939
vn 0.3400578829913737 0.05571398082968627 -0.9387526769898099
vn -0.3400578829913737 -0.05571398082968627 0.9387526769898099
vn -0.30434093358398945 0.18711895916522134 -0.9340037961733079
vn 0.30434093358398945 -0.18711895916522134 0.9340037961733079
vn 0.3043430413366357 0.18700902540003528 -0.9340251268616363
vn -0.3043430413366357 -0.18700902540003528 0.9340251268616363
vn -0.21248198394730525 0.45319296576195267 -0.865717934596311
vn 0.21248198394730525 -0.45319296576195267 0.865717934596311
vn 0.21249190791782058 0.45306280366776863 -0.8657836248175091
vn -0.21249190791782058 -0.45306280366776863 0.8657836248175091
vn -0.11291697018297925 0.6978848157155132 -0.7072528132417857
vn 0.11291697018297925 -0.6978848157155132 0.7072528132417857
vn -0.08549301536985007 0.8822921586176162 -0.46287308321486725
vn 0.08549301536985007 -0.8822921586176162 0.46287308321486725
vn -0.039544012594572325 0.9941433166297261 0.10057503203265016
vn 0.039544012594572325 -0.9941433166297261 -0.10057503203265016
vn -0.08687997481693067 0.9805597157745118 -0.1759389490022555
vn 0.08687997481693067 -0.9805597157745118 0.1759389490022555
vn 0.1114149784612029 0.6978798650855287 -0.7074958632265589
vn -0.1114149784612029 -0.6978798650855287 0.7074958632265589
vn 0.38032210165307556 0.05483201465558529 -0.9232272467615963
vn 0.40777519902309395 0.054147026427572895 -0.9114754448643845
vn -0.40777519902309395 -0.054147026427572895 0.9114754448643845
vn -0.38032210165307556 -0.05483201465558529 0.9232272467615963
vn -0.4199441130569492 0.0538450144961031 -0.9059512438993208
vn 0.4199441130569492 -0.0538450144961031 0.9059512438993208
vn 0.3005888897701668 0.18717093136199903 -0.9352076570472572
vn -0.3005888897701668 -0.18717093136199903 0.9352076570472572
vn -0.382582823114594 0.1853009143269761 -0.9051485815087233
vn 0.382582823114594 -0.1853009143269761 0.9051485815087233
vn 0.2097429773462917 0.4532019510510197 -0.8663809064248024
vn -0.2097429773462917 -0.4532019510510197 0.8663809064248024
vn -0.2911529951770505 0.451260992524862 -0.8435599860264288
vn 0.2911529951770505 -0.451260992524862 0.8435599860264288
vn -0.18456593949966393 0.6961417718061571 -0.6937737725823819
vn 0.18456593949966393 -0.6961417718061571 0.6937737725823819
vn -0.0866419801953783 0.8822897983262211 -0.46266389424429893
vn 0.0866419801953783 -0.8822897983262211 0.46266389424429893
vn 0.08671802058855163 0.8822392094608169 -0.46274610986496284
vn -0.08671802058855163 -0.8822392094608169 0.46274610986496284
vn 0.08549200167696848 0.8822970173066974 -0.46286400907930886
vn -0.08549200167696848 -0.8822970173066974 0.46286400907930886
vn 0.0870290112947129 0.9805461272562653 -0.17594102283380317
vn -0.0870290112947129 -0.9805461272562653 0.17594102283380317
vn 0.03959701931950921 0.9941394850437554 0.10059204907917471
vn -0.03959701931950921 -0.9941394850437554 -0.10059204907917471
vn -0.4591210578995305 0.0527520066525298 -0.8868061118346825
vn -0.5106222250154346 0.05113302253274305 -0.8582833782189614
vn 0.5106222250154346 -0.05113302253274305 0.8582833782189614
vn 0.4591210578995305 -0.0527520066525298 0.8868061118346825
vn 0.420290985796897 0.05383499818072721 -0.9057909693901531
vn -0.420290985796897 -0.05383499818072721 0.9057909693901531
vn -0.3870570179590588 0.1852880085971787 -0.9032470419097606
vn 0.3870570179590588 -0.1852880085971787 0.9032470419097606
vn 0.38705888537775357 0.18515394516916706 -0.9032737325077178
vn -0.38705888537775357 -0.18515394516916706 0.9032737325077178
vn -0.29476288008016793 0.4512698164076818 -0.8423006573226817
vn 0.29476288008016793 -0.4512698164076818 0.8423006573226817
vn 0.2947799598278321 0.45109393852559904 -0.8423888852005139
vn -0.2947799598278321 -0.45109393852559904 0.8423888852005139
vn -0.18696292306673593 0.696142713544642 -0.6931307147840473
vn 0.18696292306673593 -0.696142713544642 0.6931307147840473
vn 0.1869850012212927 0.6960140045460157 -0.6932540045279884
vn -0.1869850012212927 -0.6960140045460157 0.6932540045279884
vn -0.05034000643171653 0.9932621269046403 0.10438501333680449
vn 0.05034000643171653 -0.9932621269046403 -0.10438501333680449
vn -0.1204850218132127 0.9785971771701422 -0.1668260302030212
vn 0.1204850218132127 -0.9785971771701422 0.1668260302030212
vn -0.14162196825798845 0.880473802657668 -0.4524478985919588
vn 0.14162196825798845 -0.880473802657668 0.4524478985919588
vn 0.4591230434656399 0.052752004994085507 -0.886805083954728
vn 0.4855638570779416 0.05192498471627263 -0.8726577431397758
vn -0.4855638570779416 -0.05192498471627263 0.8726577431397758
vn -0.4591230434656399 -0.052752004994085507 0.886805083954728
vn -0.4971690195593752 0.051566002028684096 -0.866120034074462
vn 0.4971690195593752 -0.051566002028684096 0.866120034074462
vn 0.3825829038833268 0.18537795342731747 -0.9051327726026168
vn -0.3825829038833268 -0.18537795342731747 0.9051327726026168
vn -0.46168376588022136 0.18306190716933055 -0.8679495598628897
vn 0.46168376588022136 -0.18306190716933055 0.8679495598628897
vn 0.29114810358993154 0.4513121605759928 -0.8435343001278701
vn -0.29114810358993154 -0.4513121605759928 0.8435343001278701
vn -0.37009386083030077 0.4487508312522182 -0.8134206941221531
vn 0.37009386083030077 -0.4487508312522182 0.8134206941221531
vn 0.1845619380103619 0.6961637661763824 -0.6937527669861752
vn -0.1845619380103619 -0.6961637661763824 0.6937527669861752
vn -0.25603491977787124 0.6935797826841489 -0.6733447890242771
vn 0.25603491977787124 -0.6935797826841489 0.6733447890242771
vn -0.14345603524528716 0.8804392163124964 -0.4519371110350864
vn 0.14345603524528716 -0.8804392163124964 0.4519371110350864
vn 0.14348501707859224 0.8803611047867476 -0.45208005380973554
vn -0.14348501707859224 -0.8803611047867476 0.45208005380973554
vn 0.14162003256432656 0.8804812024591917 -0.45243410403338835
vn -0.14162003256432656 -0.8804812024591917 0.45243410403338835
vn 0.12074598146325952 0.9785798497699009 -0.1667389744024845
vn -0.12074598146325952 -0.9785798497699009 0.1667389744024845
vn 0.05036800122220473 0.9932610241019756 0.10438200253288178
vn -0.05036800122220473 -0.9932610241019756 -0.10438200253288178
vn -0.534535192628611 0.050279018118877236 -0.8436493040230019
vn -0.5834958352925692 0.048396986338645996 -0.8106727711657545
vn 0.5834958352925692 -0.048396986338645996 0.8106727711657545
vn 0.534535192628611 -0.050279018118877236 0.8436493040230019
vn 0.4974291225837124 0.05155701270542841 -0.8659712134052092
vn -0.4974291225837124 -0.05155701270542841 0.8659712134052092
vn -0.46664877425287665 0.18301791146281918 -0.8652995814006125
vn 0.46664877425287665 -0.18301791146281918 0.8652995814006125
vn 0.46665302144784016 0.18286300840456712 -0.8653300397714347
vn -0.46665302144784016 -0.18286300840456712 0.8653300397714347
vn -0.3743761461497371 0.4487261751746561 -0.8114723167842477
vn 0.3743761461497371 -0.4487261751746561 0.8114723167842477
vn 0.3744039909100329 0.4485099891108505 -0.8115789802960798
vn -0.3744039909100329 -0.4485099891108505 0.8115789802960798
vn -0.25918713196399534 0.6935423531140583 -0.672176342235647
vn 0.25918713196399534 -0.6935423531140583 0.672176342235647
vn 0.2592280758231865 0.6933682028074556 -0.6723401966568467
vn -0.2592280758231865 -0.6933682028074556 0.6723401966568467
vn -0.19646302890786677 0.8777721291567174 -0.43694206429231536
vn 0.19646302890786677 -0.8777721291567174 0.43694206429231536
vn -0.06078200966491775 0.9921711577646521 0.10909601734730474
vn 0.06078200966491775 -0.9921711577646521 -0.10909601734730474
vn -0.15319999877830656 0.9760099922168084 -0.15470699876628888
vn 0.15319999877830656 -0.9760099922168084 0.15470699876628888
vn 0.5345382373633607 0.05027902232655583 -0.8436473746242306
vn 0.5597320295412582 0.049314002602670035 -0.8272050436578152
vn -0.5597320295412582 -0.049314002602670035 0.8272050436578152
vn -0.5345382373633607 -0.05027902232655583 0.8436473746242306
vn -0.570720900120712 0.048898991442408474 -0.8196868565503045
vn 0.570720900120712 -0.048898991442408474 0.8196868565503045
vn 0.4616842563370967 0.18315110168945786 -0.8679304818937978
vn -0.4616842563370967 -0.18315110168945786 0.8679304818937978
vn -0.5372758572581808 0.18040295207109144 -0.8238867811122609
vn 0.5372758572581808 -0.18040295207109144 0.8238867811122609
vn 0.37008715509264173 0.4488131880844067 -0.8133893408675491
vn -0.37008715509264173 -0.4488131880844067 0.8133893408675491
vn -0.44590296782408867 0.4456529678421288 -0.7762499439865822
vn 0.44590296782408867 -0.4456529678421288 0.7762499439865822
vn 0.25602898504829197 0.6936099594942201 -0.6733159606793588
vn -0.25602898504829197 -0.6936099594942201 0.6733159606793588
vn -0.32518007028686674 0.6902081491867823 -0.6464291397240575
vn 0.32518007028686674 -0.6902081491867823 0.6464291397240575
vn 0.19892399323936932 0.8775799701745678 -0.43621398517483145
vn -0.19892399323936932 -0.8775799701745678 0.43621398517483145
vn -0.19887098112097973 0.8776859166804023 -0.4360249586077165
vn 0.19887098112097973 -0.8776859166804023 0.4360249586077165
vn 0.19645795591660783 0.8777828030334612 -0.43692290195844385
vn -0.19645795591660783 -0.8777828030334612 0.43692290195844385
vn 0.15329494823613712 0.9760096704259903 -0.15461494779040608
vn -0.15329494823613712 -0.9760096704259903 0.15461494779040608
vn 0.060804003801892034 0.9921670620372318 0.10912100682300964
vn -0.060804003801892034 -0.9921670620372318 -0.10912100682300964
vn -0.6059908039298889 0.04742398465583015 -0.7940567430806003
vn -0.6533178184482298 0.045157987450958455 -0.7557357899870991
vn 0.6533178184482298 -0.045157987450958455 0.7557357899870991
vn 0.6059908039298889 -0.04742398465583015 0.7940567430806003
vn 0.5708897703128233 0.04889198032919591 -0.8195696702609617
vn -0.5708897703128233 -0.04889198032919591 0.8195696702609617
vn -0.5424841004984435 0.18032403340611242 -0.8204841519996262
vn 0.5424841004984435 -0.18032403340611242 0.8204841519996262
vn 0.5424892151366184 0.1801530714438584 -0.8205183253954782
vn -0.5424892151366184 -0.1801530714438584 0.8205183253954782
vn -0.450625750461328 0.4455857532522789 -0.7735565716350448
vn 0.450625750461328 -0.4455857532522789 0.7735565716350448
vn 0.4506651812913725 0.4453361791476477 -0.7736773112311028
vn -0.4506651812913725 -0.4453361791476477 0.7736773112311028
vn -0.3289048845027676 0.6901167576607125 -0.6446397736302707
vn 0.3289048845027676 -0.6901167576607125 0.6446397736302707
vn 0.3289689639341477 0.6899029243638771 -0.6448359293047061
vn -0.3289689639341477 -0.6899029243638771 0.6448359293047061
vn -0.24951983325780328 0.8742184158015535 -0.4165117216650936
vn 0.24951983325780328 -0.8742184158015535 0.4165117216650936
vn -0.0707060257209478 0.9908833604566782 0.1146770417164193
vn 0.0707060257209478 -0.9908833604566782 -0.1146770417164193
vn -0.18469893250483496 0.972820644498812 -0.13966494896175805
vn 0.18469893250483496 -0.972820644498812 0.13966494896175805
vn 0.605994145824025 0.04742401141192596 -0.7940541910780471
vn 0.6297141589483751 0.046329011694069645 -0.775444195732608
vn -0.6297141589483751 -0.046329011694069645 0.775444195732608
vn -0.605994145824025 -0.04742401141192596 0.7940541910780471
vn -0.6400317748275806 0.04585798386649934 -0.766978730165809
vn 0.6400317748275806 -0.04585798386649934 0.766978730165809
vn 0.5372760941839705 0.18050103164165332 -0.8238651444227485
vn -0.5372760941839705 -0.18050103164165332 0.8238651444227485
vn -0.6087611558784882 0.17733904540917594 -0.773279198004737
vn 0.6087611558784882 -0.17733904540917594 0.773279198004737
vn 0.4458929089662903 0.4457259090003851 -0.77621384152781
vn -0.4458929089662903 -0.4457259090003851 0.77621384152781
vn -0.5179387793203174 0.44199481167798493 -0.7323796879528557
vn 0.5179387793203174 -0.44199481167798493 0.7323796879528557
vn 0.32517018011815363 0.690245382340483 -0.6463943580505385
vn -0.32517018011815363 -0.690245382340483 0.6463943580505385
vn -0.3913838217339071 0.6860636875141841 -0.6132987206569088
vn 0.3913838217339071 -0.6860636875141841 0.6132987206569088
vn 0.2524439900894279 0.8739339656906642 -0.4153449836941791
vn -0.2524439900894279 -0.8739339656906642 0.4153449836941791
vn -0.25236200158609506 0.8740650054934987 -0.4151190026090229
vn 0.25236200158609506 -0.8740650054934987 0.4151190026090229
vn 0.24951188583723513 0.8742316000002313 -0.41648880943787925
vn -0.24951188583723513 -0.8742316000002313 0.41648880943787925
vn 0.1848460035344405 0.9727990186008902 -0.13962100266969296
vn -0.1848460035344405 -0.9727990186008902 0.13962100266969296
vn 0.07075097774956385 0.9908766883797346 0.11470696392587018
vn -0.07075097774956385 -0.9908766883797346 -0.11470696392587018
vn -0.6748640411191297 0.044002002681020266 -0.736629044882441
vn -0.7069518987401053 0.042126993965961666 -0.7060058988756055
vn 0.7069518987401053 -0.042126993965961666 0.7060058988756055
vn 0.6748640411191297 -0.044002002681020266 0.736629044882441
vn 0.6401136785884409 0.04585397697596752 -0.7669106149216228
vn -0.6401136785884409 -0.04585397697596752 0.7669106149216228
vn -0.613964029260912 0.17722500844636702 -0.7691810366584
vn 0.613964029260912 -0.17722500844636702 0.7691810366584
vn 0.6139707101401986 0.17704291641681977 -0.7692176368470546
vn -0.6139707101401986 -0.17704291641681977 0.7692176368470546
vn -0.5228570920842919 0.4418800778228216 -0.728946128380181
vn 0.5228570920842919 -0.4418800778228216 0.728946128380181
vn 0.5229081134017877 0.4416050957698036 -0.7290761581129405
vn -0.5229081134017877 -0.4416050957698036 0.7290761581129405
vn -0.39547209861631877 0.6859081710404836 -0.610845152322504
vn 0.39547209861631877 -0.6859081710404836 0.610845152322504
vn 0.39556185423746154 0.6856607473374895 -0.611064774825727
vn -0.39556185423746154 -0.6856607473374895 0.611064774825727
vn -0.30031903241028146 0.8698520938740082 -0.39136404223581395
vn 0.30031903241028146 -0.8698520938740082 0.39136404223581395
vn -0.08011899444494973 0.98940293139975 0.1210899916042259
vn 0.08011899444494973 -0.98940293139975 -0.1210899916042259
vn -0.21445093301786988 0.9690716973177707 -0.12210996185987504
vn 0.21445093301786988 -0.9690716973177707 0.12210996185987504
vn 0.6729395739671377 0.044202972015438956 -0.738375532540136
vn 0.7045630547621657 0.042459003300126315 -0.7083700550580645
vn -0.7045630547621657 -0.042459003300126315 0.7083700550580645
vn -0.6729395739671377 -0.044202972015438956 0.738375532540136
vn 0.6087611146656458 0.17744403342318402 -0.7732551456495795
vn -0.6087611146656458 -0.17744403342318402 0.7732551456495795
vn -0.6755669803974108 0.1738879949543792 -0.7164999792096787
vn 0.6755669803974108 -0.1738879949543792 0.7164999792096787
vn 0.5179261236028254 0.44207510550101564 -0.7323401747726372
vn -0.5179261236028254 -0.44207510550101564 0.7323401747726372
vn -0.5855986440597833 0.4378057338916864 -0.6822025853417041
vn 0.5855986440597833 -0.4378057338916864 0.6822025853417041
vn 0.3913692025342019 0.6861063550611598 -0.613260317363216
vn -0.3913692025342019 -0.6861063550611598 0.613260317363216
vn -0.45406205501756725 0.6811890825379834 -0.5742900695852962
vn 0.45406205501756725 -0.6811890825379834 0.5742900695852962
vn 0.3035499691037752 0.8694709115026469 -0.389714960333644
vn -0.3035499691037752 -0.8694709115026469 0.389714960333644
vn -0.3034348622562307 0.8696236052357587 -0.3894638232035217
vn 0.3034348622562307 -0.8696236052357587 0.3894638232035217
vn 0.30030816174646996 0.8698674685120495 -0.3913382107754038
vn -0.30030816174646996 -0.8698674685120495 0.3913382107754038
vn 0.21467290421576232 0.9690415676263466 -0.12195894558351586
vn -0.21467290421576232 -0.9690415676263466 0.12195894558351586
vn 0.08015997557926711 0.9893956985806464 0.12112196310019979
vn -0.08015997557926711 -0.9893956985806464 -0.12112196310019979
vn -0.753853320780487 0.0393180167306455 -0.655865279084509
vn 0.753853320780487 -0.0393180167306455 0.655865279084509
vn 0.7021617910324693 0.04260198732139501 -0.7107417884790107
vn -0.7021617910324693 -0.04260198732139501 0.7107417884790107
vn -0.7118261506210056 0.1721480364261842 -0.6809321440838952
vn 0.7118261506210056 -0.1721480364261842 0.6809321440838952
vn 0.6805393467222957 0.17355408842262002 -0.7118603626797776
vn -0.6805393467222957 -0.17355408842262002 0.7118603626797776
vn -0.5904692300982274 0.43764317054388746 -0.6780962642453504
vn 0.5904692300982274 -0.43764317054388746 0.6780962642453504
vn 0.590530869649183 0.43735290346091765 -0.6782298502909502
vn -0.590530869649183 -0.43735290346091765 0.6782298502909502
vn -0.45829601460566494 0.6809660217020471 -0.5711830182033174
vn 0.45829601460566494 -0.6809660217020471 0.5711830182033174
vn 0.45841024446910267 0.6806933630121658 -0.5714163047349677
vn -0.45841024446910267 -0.6806933630121658 0.5714163047349677
vn -0.3484141336619655 0.8647213317326758 -0.3617521387788187
vn 0.3484141336619655 -0.8647213317326758 0.3617521387788187
vn -0.08894003504767267 0.9877403892285606 0.12829105055431736
vn 0.08894003504767267 -0.9877403892285606 -0.12829105055431736
vn -0.2424960543723501 0.9647842163234589 -0.10191702285178632
vn 0.2424960543723501 -0.9647842163234589 0.10191702285178632
vn 0.7738058215093271 0.038035991226391196 -0.6322798541545518
vn 0.7348463096767927 0.04063501712429077 -0.6770152853058105
vn -0.7348463096767927 -0.04063501712429077 0.6770152853058105
vn -0.7738058215093271 -0.038035991226391196 0.6322798541545518
vn -0.7330724535648959 0.040655025153983455 -0.6789344200687373
vn 0.7330724535648959 -0.040655025153983455 0.6789344200687373
vn 0.6755658466475837 0.1739959605031826 -0.7164748373613048
vn -0.6755658466475837 -0.1739959605031826 0.7164748373613048
vn 0.5855827154027705 0.43789078718206403 -0.6821616684647342
vn -0.5855827154027705 -0.43789078718206403 0.6821616684647342
vn -0.6483186558903774 0.43312177011093655 -0.6261696676464484
vn 0.6483186558903774 -0.43312177011093655 0.6261696676464484
vn 0.45404417999767827 0.6812362700639106 -0.5742482276504183
vn -0.45404417999767827 -0.6812362700639106 0.5742482276504183
vn -0.5126739186878722 0.6756358928414534 -0.5297939159725723
vn 0.5126739186878722 -0.6756358928414534 0.5297939159725723
vn 0.3517821270471936 0.8642473121255659 -0.35961912987755085
vn -0.3517821270471936 -0.8642473121255659 0.35961912987755085
vn -0.3516350107004293 0.8644170263046428 -0.3593550109353527
vn 0.3516350107004293 -0.8644170263046428 0.3593550109353527
vn 0.3483998129535975 0.8647385357453528 -0.3617248057997702
vn -0.3483998129535975 -0.8647385357453528 0.3617248057997702
vn 0.242692109894774 0.964752436854956 -0.10175104607446095
vn -0.242692109894774 -0.964752436854956 0.10175104607446095
vn 0.08894003504767262 0.9877403892285606 0.1282910505543174
vn -0.08894003504767262 -0.9877403892285606 -0.1282910505543174
vn -0.763737400888158 0.038727020327934625 -0.6443643382288633
vn -0.8093237685362676 0.03530398990318403 -0.586300832320038
vn 0.8093237685362676 -0.03530398990318403 0.586300832320038
vn 0.763737400888158 -0.038727020327934625 0.6443643382288633
vn 0.7638010940044437 0.03872300476581489 -0.644289079295561
vn -0.7638010940044437 -0.03872300476581489 0.644289079295561
vn 0.7371488680986478 0.17007196956826004 -0.6539778829808047
vn -0.7371488680986478 -0.17007196956826004 0.6539778829808047
vn 0.6529899569451088 0.43261897147526923 -0.6216469590117089
vn -0.6529899569451088 -0.43261897147526923 0.6216469590117089
vn -0.5168390684227783 0.6753480894073135 -0.526101069648947
vn 0.5168390684227783 -0.6753480894073135 0.526101069648947
vn 0.5169761355444399 0.6750591769917638 -0.5263371379987731
vn -0.5169761355444399 -0.6750591769917638 0.5263371379987731
vn -0.3933891014995153 0.8588822216028074 -0.32797308462133035
vn 0.3933891014995153 -0.8588822216028074 0.32797308462133035
vn -0.09704701908458933 0.9859141938830029 0.13621702678748981
vn 0.09704701908458933 -0.9859141938830029 -0.13621702678748981
vn -0.2685421512745359 0.9600015407858202 -0.07926004464858263
vn 0.2685421512745359 -0.9600015407858202 0.07926004464858263
vn 0.8261518115473581 0.033932992259580075 -0.5624248717058393
vn 0.7912308601380895 0.03673999350565576 -0.6104128921003744
vn -0.7912308601380895 -0.03673999350565576 0.6104128921003744
vn -0.8261518115473581 -0.033932992259580075 0.5624248717058393
vn -0.7912347708232336 0.036739989358465834 -0.610407823198757
vn 0.7912347708232336 -0.036739989358465834 0.610407823198757
vn 0.7416721408031319 0.16989803225438008 -0.6488891231886916
vn -0.7416721408031319 -0.16989803225438008 0.6488891231886916
vn -0.7371470700459292 0.17017901617092157 -0.65395206214049
vn 0.7371470700459292 -0.17017901617092157 0.65395206214049
vn 0.6482998533798736 0.43320890202505274 -0.626128858394087
vn -0.6482998533798736 -0.43320890202505274 0.626128858394087
vn -0.6818363695659808 0.431152233691257 -0.5909373202972741
vn 0.6818363695659808 -0.431152233691257 0.5909373202972741
vn 0.5126513228684175 0.6756864255481206 -0.5297513336380245
vn -0.5126513228684175 -0.6756864255481206 0.5297513336380245
vn -0.5667239074412421 0.6694618906618194 -0.48025492156357197
vn 0.5667239074412421 -0.6694618906618194 0.48025492156357197
vn 0.39672816165168323 0.8583263497354425 -0.32539613258658573
vn -0.39672816165168323 -0.8583263497354425 0.32539613258658573
vn -0.3965519420653516 0.8585078745754428 -0.3251319524995256
vn 0.3965519420653516 -0.8585078745754428 0.3251319524995256
vn 0.09704798322714996 0.9859138296040346 0.13621897645720848
vn -0.09704798322714996 -0.9859138296040346 -0.13621897645720848
vn 0.3933710797624852 0.8589011741564025 -0.32794506649627975
vn -0.3933710797624852 -0.8589011741564025 0.32794506649627975
vn 0.26853507421746553 0.9600042653250556 -0.07925102190332095
vn -0.26853507421746553 -0.9600042653250556 0.07925102190332095
vn -0.8171598558983665 0.034679993884374496 -0.5753668985372211
vn -0.8575146818633982 0.031013988493859043 -0.5135238094834725
vn 0.8575146818633982 -0.031013988493859043 0.5135238094834725
vn 0.8171598558983665 -0.034679993884374496 0.5753668985372211
vn 0.8172736682878914 0.034670985927864564 -0.5752057665375438
vn -0.8172736682878914 -0.034670985927864564 0.5752057665375438
vn -0.7969359594742135 0.16554199158185898 -0.5809379704581432
vn 0.7969359594742135 -0.16554199158185898 0.5809379704581432
vn 0.7929990875268826 0.1659150183127883 -0.5861950647009905
vn -0.7929990875268826 -0.1659150183127883 0.5861950647009905
vn 0.7055832864636974 0.427982173758872 -0.5647862293007139
vn -0.7055832864636974 -0.427982173758872 0.5647862293007139
vn 0.5707839215097961 0.6688229080281618 -0.4763209344996835
vn -0.5707839215097961 -0.6688229080281618 0.4763209344996835
vn -0.43486287916488586 0.8523987631444147 -0.29036291931701186
vn 0.43486287916488586 -0.8523987631444147 0.29036291931701186
vn -0.59525196996061 0.666398966370177 -0.44898497734197373
vn 0.59525196996061 -0.666398966370177 0.44898497734197373
vn -0.10440896570134722 0.983930676775874 0.14484195241899211
vn 0.10440896570134722 -0.983930676775874 -0.14484195241899211
vn -0.29225408918237183 0.9547842913558128 -0.05453901664277421
vn 0.29225408918237183 -0.9547842913558128 0.05453901664277421
vn -0.28220607221583766 0.9571552449336657 -0.06491201661082475
vn 0.28220607221583766 -0.9571552449336657 0.06491201661082475
vn 0.8722215385875145 0.029546984369398364 -0.48821774172873283
vn 0.8416354897649514 0.032541980271674625 -0.5390646731961838
vn -0.8416354897649514 -0.032541980271674625 0.5390646731961838
vn -0.8722215385875145 -0.029546984369398364 0.48821774172873283
vn -0.8416386331781938 0.03254198581682276 -0.5390597650548957
vn 0.8416386331781938 -0.03254198581682276 0.5390597650548957
vn 0.7969240245177666 0.16572200509852053 -0.5809030178717718
vn -0.7969240245177666 -0.16572200509852053 0.5809030178717718
vn -0.7929968751450306 0.16601797386097025 -0.5861689077094715
vn 0.7929968751450306 -0.16601797386097025 0.5861689077094715
vn 0.7097240478183692 0.4277440288196828 -0.5597560377141239
vn -0.7097240478183692 -0.4277440288196828 0.5597560377141239
vn -0.7055624060085949 0.42806924632802407 -0.5647463249774365
vn 0.7055624060085949 -0.42806924632802407 0.5647463249774365
vn 0.5666979589798532 0.6695139515375692 -0.48021296524002555
vn -0.5666979589798532 -0.6695139515375692 0.48021296524002555
vn 0.43801991429593706 0.8517788333388403 -0.2874219437623092
vn -0.43801991429593706 -0.8517788333388403 0.2874219437623092
vn -0.4566181275944194 0.8488032371840927 -0.26652007447464754
vn 0.4566181275944194 -0.8488032371840927 0.26652007447464754
vn 0.1044009777695889 0.9839357904876226 0.14481296916454353
vn -0.1044009777695889 -0.9839357904876226 -0.14481296916454353
vn 0.29227098450291594 0.9547789493747569 -0.05454199710801949
vn -0.29227098450291594 -0.9547789493747569 0.05454199710801949
vn 0.4348430273366253 0.8524180535876889 -0.29033601825211924
vn -0.4348430273366253 -0.8524180535876889 0.29033601825211924
vn -0.8643990165804698 0.030344000582043562 -0.5018900096270035
vn -0.8991859164328118 0.026460997540807715 -0.43676595940850244
vn 0.8991859164328118 -0.026460997540807715 0.43676595940850244
vn 0.8643990165804698 -0.030344000582043562 0.5018900096270035
vn 0.8645458627961504 0.030328995186773785 -0.5016379203898174
vn -0.8645458627961504 -0.030328995186773785 0.5016379203898174
vn -0.8458883518452184 0.1610750669987855 -0.5084562114911343
vn 0.8458883518452184 -0.1610750669987855 0.5084562114911343
vn 0.8426535025362812 0.16144390469097333 -0.5136836967448642
vn -0.8426535025362812 -0.16144390469097333 0.5136836967448642
vn -0.7605543484704909 0.42188619329964944 -0.4935272261241096
vn 0.7605543484704909 -0.42188619329964944 0.4935272261241096
vn 0.7569308365945456 0.4224309088060477 -0.4986058923614699
vn -0.7569308365945456 -0.4224309088060477 0.4986058923614699
vn 0.6157710369739731 0.6627300397936267 -0.42616302558895935
vn -0.6157710369739731 -0.6627300397936267 0.42616302558895935
vn -0.6157426659753956 0.6627816404579584 -0.4261237688387842
vn 0.6157426659753956 -0.6627816404579584 0.4261237688387842
vn -0.4724758951533582 0.8453588124072922 -0.24926894468498387
vn 0.4724758951533582 -0.8453588124072922 0.24926894468498387
vn -0.11093705559733968 0.9818224920512651 0.15400507718135803
vn 0.11093705559733968 -0.9818224920512651 -0.15400507718135803
vn -0.31363701068231997 0.9491360323270994 -0.02779600094671778
vn 0.31363701068231997 -0.9491360323270994 0.02779600094671778
vn 0.9116456228358744 0.024905989695945978 -0.4102218302838797
vn 0.8856486887503365 0.028067990135871586 -0.4635068371065762
vn -0.8856486887503365 -0.028067990135871586 0.4635068371065762
vn -0.9116456228358744 -0.024905989695945978 0.4102218302838797
vn -0.8856511725120232 0.028068005467241117 -0.4635020902834954
vn 0.8856511725120232 -0.028068005467241117 0.4635020902834954
vn 0.8458757985965735 0.16124296160797488 -0.5084238789440344
vn -0.8458757985965735 -0.16124296160797488 0.5084238789440344
vn -0.842649963992725 0.16154099309719205 -0.5136589780508388
vn 0.842649963992725 -0.16154099309719205 0.5136589780508388
vn 0.7604718361388699 0.4221709090335776 -0.4934108936832857
vn -0.7604718361388699 -0.4221709090335776 0.4934108936832857
vn -0.756908543104785 0.42251474495602276 -0.49856869904732215
vn 0.756908543104785 -0.42251474495602276 0.49856869904732215
vn 0.6192518858384485 0.6623478778935307 -0.42168992225978286
vn -0.6192518858384485 -0.6623478778935307 0.42168992225978286
vn 0.47249802755584963 0.8453390492997522 -0.24929401453870245
vn -0.47249802755584963 -0.8453390492997522 0.24929401453870245
vn 0.1109370555973396 0.9818224920512651 0.15400507718135806
vn -0.1109370555973396 -0.9818224920512651 -0.15400507718135806
vn 0.3135388715233977 0.9491656110671314 -0.027892988570487394
vn -0.3135388715233977 -0.9491656110671314 0.027892988570487394
vn -0.9050683143592424 0.025746008942414432 -0.4244861474376484
vn -0.934001097056729 0.021675002252358053 -0.35661203705734196
vn 0.934001097056729 -0.021675002252358053 0.35661203705734196
vn 0.9050683143592424 -0.025746008942414432 0.4244861474376484
vn 0.9052283001171774 0.025725008528806523 -0.42414614062037426
vn -0.9052283001171774 -0.025725008528806523 0.42414614062037426
vn -0.8881833319732373 0.1563430584358088 -0.43207316149450375
vn 0.8881833319732373 -0.1563430584358088 0.43207316149450375
vn 0.8856962433570333 0.15669104305298542 -0.43702412007829317
vn -0.8856962433570333 -0.15669104305298542 0.43702412007829317
vn -0.8048966155549065 0.4159838013124567 -0.4232007978653818
vn 0.8048966155549065 -0.4159838013124567 0.4232007978653818
vn 0.8019591469465969 0.4165150763199387 -0.42822507846561503
vn -0.8019591469465969 -0.4165150763199387 0.42822507846561503
vn -0.6625505599413521 0.6548205650755281 -0.363643758471896
vn 0.6625505599413521 -0.6548205650755281 0.363643758471896
vn 0.6594322242145779 0.655507222880032 -0.3680481251406161
vn -0.6594322242145779 -0.655507222880032 0.3680481251406161
vn 0.4751297538797631 0.8448675623532245 -0.24586687263939458
vn -0.4751297538797631 -0.8448675623532245 0.24586687263939458
vn -0.5084398502988057 0.8371037535294853 -0.20185694056676506
vn 0.5084398502988057 -0.8371037535294853 0.20185694056676506
vn -0.1166049911316661 0.9795899254977809 0.16372798754775048
vn 0.1166049911316661 -0.9795899254977809 -0.16372798754775048
vn -0.3321731159687968 0.9432183292978555 0.00045200015780313637
vn 0.3321731159687968 -0.9432183292978555 -0.00045200015780313637
vn -0.5059768485930283 0.8377967493002516 -0.20514393861335237
vn 0.5059768485930283 -0.8377967493002516 0.20514393861335237
vn 0.9441046874211514 0.020042993364066713 -0.32903589106116987
vn 0.9229064242869991 0.02334798543542625 -0.3843157602621739
vn -0.9229064242869991 -0.02334798543542625 0.3843157602621739
vn -0.9441046874211514 -0.020042993364066713 0.32903589106116987
vn -0.9229083459573343 0.02334800875213123 -0.38431114406117334
vn 0.9229083459573343 -0.02334800875213123 0.38431114406117334
vn 0.8881709488355818 0.15649399098492925 -0.4320439751114592
vn -0.8881709488355818 -0.15649399098492925 0.4320439751114592
vn -0.8856918192515747 0.1567779680053828 -0.43700191081840734
vn 0.8856918192515747 -0.1567779680053828 0.43700191081840734
vn 0.8048133515932521 0.4162481818434692 -0.42309918483641923
vn -0.8048133515932521 -0.4162481818434692 0.42309918483641923
vn -0.8019362146747446 0.41659311152011635 -0.4281921146251177
vn 0.8019362146747446 -0.41659311152011635 0.4281921146251177
vn 0.6623740132110499 0.6551050130660697 -0.36345300724907004
vn -0.6623740132110499 -0.6551050130660697 0.36345300724907004
vn -0.6594011522115638 0.6555581513244723 -0.3680130849495743
vn 0.6594011522115638 -0.6555581513244723 0.3680130849495743
vn 0.5060000506966538 0.8377770839377281 -0.2051670205558897
vn -0.5060000506966538 -0.8377770839377281 0.2051670205558897
vn 0.11658302454900661 0.979595206274364 0.1637120344730107
vn -0.11658302454900661 -0.979595206274364 -0.1637120344730107
vn 0.3321820638829354 0.9432151813925588 0.000445000085579593
vn -0.3321820638829354 -0.9432151813925588 -0.000445000085579593
vn -0.9388292563126267 0.020918005710888345 -0.34374709384743835
vn -0.9616759867884954 0.016689999770712845 -0.2736799962401844
vn 0.9616759867884954 -0.016689999770712845 0.2736799962401844
vn 0.9388292563126267 -0.020918005710888345 0.34374709384743835
vn 0.9389839200943499 0.02089199822213289 -0.3433259707836476
vn -0.9389839200943499 -0.02089199822213289 0.3433259707836476
vn -0.9235228513100623 0.15137897562753286 -0.3524059432615907
vn 0.9235228513100623 -0.15137897562753286 0.3524059432615907
vn 0.9217674406100118 0.1516900725087064 -0.3568401705716047
vn -0.9217674406100118 -0.1516900725087064 0.3568401705716047
vn -0.842550511265658 0.4097907622945855 -0.34954279724234133
vn 0.842550511265658 -0.4097907622945855 0.34954279724234133
vn 0.8403297500557178 0.41028587796622784 -0.35427589462561043
vn -0.8403297500557178 -0.41028587796622784 0.35427589462561043
vn -0.6998960462655798 0.6471990427821235 -0.3021240199714559
vn 0.6998960462655798 -0.6471990427821235 0.3021240199714559
vn 0.6973830749121966 0.6478670695932365 -0.3064720329209208
vn -0.6973830749121966 -0.6478670695932365 0.3064720329209208
vn -0.1213519374458835 0.9772524962489447 0.17392891034367036
vn 0.1213519374458835 -0.9772524962489447 -0.17392891034367036
vn -0.3480680682223923 0.936981183651141 0.030247005928504617
vn 0.3480680682223923 -0.936981183651141 -0.030247005928504617
vn -0.535098105781147 0.8298091640412558 -0.1583880313110202
vn 0.535098105781147 -0.8298091640412558 0.1583880313110202
vn -0.5370947886701607 0.8291336737620812 -0.15513393895969368
vn 0.5370947886701607 -0.8291336737620812 0.15513393895969368
vn 0.9693338314716348 0.014991997393491616 -0.24528995735389153
vn 0.9530977658220016 0.018413995475645106 -0.3021019257729615
vn -0.9530977658220016 -0.018413995475645106 0.3021019257729615
vn -0.9693338314716348 -0.014991997393491616 0.24528995735389153
vn -0.9530989915984324 0.018414999837671846 -0.3020979973370063
vn 0.9530989915984324 -0.018414999837671846 0.3020979973370063
vn 0.9235107145770521 0.15150895317419574 -0.35238189109181217
vn -0.9235107145770521 -0.15150895317419574 0.35238189109181217
vn -0.9217625992937543 0.1517649340251417 -0.35682084488376825
vn 0.9217625992937543 -0.1517649340251417 0.35682084488376825
vn 0.8424704775046055 0.41002774570312617 -0.34945778326827176
vn -0.8424704775046055 -0.41002774570312617 0.34945778326827176
vn -0.8403074882213134 0.4103562384182749 -0.3542472058187492
vn 0.8403074882213134 -0.4103562384182749 0.3542472058187492
vn 0.699721155807627 0.6474641441715046 -0.30196106723797994
vn -0.699721155807627 -0.6474641441715046 0.30196106723797994
vn -0.6973530542240834 0.6479140503798548 -0.30644102382793564
vn 0.6973530542240834 -0.6479140503798548 0.30644102382793564
vn 0.5082171923254308 0.8372883168563336 -0.20165207631151186
vn -0.5082171923254308 -0.8372883168563336 0.20165207631151186
vn 0.12135298400707327 0.9772578712086594 0.17389797708224813
vn -0.12135298400707327 -0.9772578712086594 -0.17389797708224813
vn 0.348058957124186 0.9369888845765628 0.03011299629051601
vn -0.348058957124186 -0.9369888845765628 -0.03011299629051601
vn 0.53512081731353 0.8297907167153062 -0.15840794592064505
vn -0.53512081731353 -0.8297907167153062 0.15840794592064505
vn -0.9653978001327486 0.015892996709657395 -0.2602969461104687
vn -0.9819840587923693 0.011541000690971314 -0.1886110112923304
vn 0.9819840587923693 -0.011541000690971314 0.1886110112923304
vn 0.9653978001327486 -0.015892996709657395 0.2602969461104687
vn 0.9655302448015347 0.015863004021922467 -0.2598070658717514
vn -0.9655302448015347 -0.015863004021922467 0.2598070658717514
vn -0.9516663650630941 0.14622005609060917 -0.2700941036091985
vn 0.9516663650630941 -0.14622005609060917 0.2700941036091985
vn 0.9505695560736648 0.14647893159274372 -0.2737908721366807
vn -0.9505695560736648 -0.14647893159274372 0.2737908721366807
vn -0.8733042919797325 0.4033591348587125 -0.2732050913431324
vn 0.8733042919797325 -0.4033591348587125 0.2732050913431324
vn 0.8717727059049121 0.40379586377827703 -0.2774189064119152
vn -0.8717727059049121 -0.40379586377827703 0.2774189064119152
vn -0.731252910177651 0.6392629214771027 -0.23793297077386222
vn 0.731252910177651 -0.6392629214771027 0.23793297077386222
vn 0.729367878287475 0.6398818932203579 -0.24201995961316436
vn -0.729367878287475 -0.6398818932203579 0.24201995961316436
vn -0.12514406523855684 0.9748455081944072 0.1844320961458602
vn 0.12514406523855684 -0.9748455081944072 -0.1844320961458602
vn -0.36117086044541236 0.9304816404666161 0.06131497630820444
vn 0.36117086044541236 -0.9304816404666161 -0.06131497630820444
vn -0.5596412586992684 0.8214763797349376 -0.10944505059197128
vn 0.5596412586992684 -0.8214763797349376 0.10944505059197128
vn -0.5611521408915721 0.8208482060948997 -0.10637902670917061
vn 0.5611521408915721 -0.8208482060948997 0.10637902670917061
vn 0.9871487122684032 0.009776997150225763 -0.1595049535079015
vn 0.9759683089579445 0.013303004211272895 -0.21750606885492813
vn -0.9759683089579445 -0.013303004211272895 0.21750606885492813
vn -0.9871487122684032 -0.009776997150225763 0.1595049535079015
vn -0.9759689932760616 0.013302999908349029 -0.21750299850151328
vn 0.9759689932760616 -0.013302999908349029 0.21750299850151328
vn 0.9516556890056332 0.14632495218203778 -0.27007491174142356
vn -0.9516556890056332 -0.14632495218203778 0.27007491174142356
vn -0.950564742658395 0.14653996032797467 -0.2737749258822934
vn 0.950564742658395 -0.14653996032797467 0.2737749258822934
vn 0.8732318976410728 0.40356195269507605 -0.2731369679832959
vn -0.8732318976410728 -0.40356195269507605 0.2731369679832959
vn -0.8717517529591003 0.4038568855532348 -0.2773959213903068
vn 0.8717517529591003 -0.4038568855532348 0.2773959213903068
vn 0.7310881078545123 0.639500094342898 -0.23780203508198539
vn -0.7310881078545123 -0.639500094342898 0.23780203508198539
vn -0.7293388254758039 0.6399248468717619 -0.24199394209303457
vn 0.7293388254758039 -0.6399248468717619 0.24199394209303457
vn 0.5368757799658017 0.8293076601149597 -0.1549619364901027
vn -0.5368757799658017 -0.8293076601149597 0.1549619364901027
vn 0.12514504957784806 0.9748453861977492 0.18443207306517806
vn -0.12514504957784806 -0.9748453861977492 -0.18443207306517806
vn 0.36110400923613795 0.9305150238002483 0.061202001565394515
vn -0.36110400923613795 -0.9305150238002483 -0.061202001565394515
vn 0.5596638902784647 0.821458838953832 -0.1094609785402864
vn -0.5596638902784647 -0.821458838953832 0.1094609785402864
vn -0.9845480283776282 0.01070900030866556 -0.17478700503788613
vn -0.9947346835525658 0.0062659980066453866 -0.10229196745862897
vn 0.9947346835525658 -0.0062659980066453866 0.10229196745862897
vn 0.9845480283776282 -0.01070900030866556 0.17478700503788613
vn 0.9846444412502893 0.010676004784255148 -0.1742450780847255
vn -0.9846444412502893 -0.010676004784255148 0.1742450780847255
vn -0.9724343043267666 0.14090404409642068 -0.18578905814334526
vn 0.9724343043267666 -0.14090404409642068 0.18578905814334526
vn 0.9718718969407659 0.14109798503768833 -0.1885639800042993
vn -0.9718718969407659 -0.14109798503768833 0.1885639800042993
vn -0.8970126702662762 0.3967428541609244 -0.19484192837787398
vn 0.8970126702662762 -0.3967428541609244 0.19484192837787398
vn 0.8960877874600993 0.3971019058128001 -0.198334952957632
vn -0.8960877874600993 -0.3971019058128001 0.198334952957632
vn -0.7564807530805618 0.6310847940104859 -0.1716649439676273
vn 0.7564807530805618 -0.6310847940104859 0.1716649439676273
vn 0.7551940398531011 0.6316280333322755 -0.1752940092506154
vn -0.7551940398531011 -0.6316280333322755 0.1752940092506154
vn -0.12794904775692703 0.9723723629375659 0.19524607287551282
vn 0.12794904775692703 -0.9723723629375659 -0.19524607287551282
vn -0.37116419534358186 0.9238914862437553 0.09306804898168067
vn 0.37116419534358186 -0.9238914862437553 -0.09306804898168067
vn -0.5794599788088592 0.8128789702726102 -0.05876999785075178
vn 0.5794599788088592 -0.8128789702726102 0.05876999785075178
vn -0.5805049805818185 0.8123259728272905 -0.056039998125434025
vn 0.5805049805818185 -0.8123259728272905 0.056039998125434025
vn 0.9961992287736926 0.005325001222868054 -0.08694101996570304
vn 0.9913496958589166 0.00803299753551693 -0.13100095980956647
vn -0.9913496958589166 -0.00803299753551693 0.13100095980956647
vn -0.9961992287736926 -0.005325001222868054 0.08694101996570304
vn -0.9913244033893127 0.008052003276517842 -0.13119105338420894
vn 0.9913244033893127 -0.008052003276517842 0.13119105338420894
vn 0.9724258015998736 0.14097997123642336 -0.1857759620968772
vn -0.9724258015998736 -0.14097997123642336 0.1857759620968772
vn -0.9718676562519286 0.14114195007831287 -0.1885529333091223
vn 0.9718676562519286 -0.14114195007831287 0.1885529333091223
vn 0.8969514537342194 0.39690520077950797 -0.19479309853854843
vn -0.8969514537342194 -0.39690520077950797 0.19479309853854843
vn -0.8960698248967724 0.397150922391753 -0.1983179612461953
vn 0.8960698248967724 -0.397150922391753 0.1983179612461953
vn 0.7563339214452721 0.6312879344328604 -0.17156498218083263
vn -0.7563339214452721 -0.6312879344328604 0.17156498218083263
vn -0.7551674360375793 0.6316653647268452 -0.17527410120417164
vn 0.7551674360375793 -0.6316653647268452 0.17527410120417164
vn 0.560947069723201 0.8210061020473703 -0.10624201320540468
vn -0.560947069723201 -0.8210061020473703 0.10624201320540468
vn 0.12793296336288298 0.9723787215326525 0.19522494409197683
vn -0.12793296336288298 -0.9723787215326525 -0.19522494409197683
vn 0.3711718826855774 0.9238887079911616 0.093064970585425
vn -0.3711718826855774 -0.9238887079911616 -0.093064970585425
vn 0.579481055150953 0.8128630773626214 -0.05878200559445978
vn -0.579481055150953 -0.8128630773626214 0.05878200559445978
vn -0.9960855675764388 0.005402997654434976 -0.08822896169778698
vn -0.9997542751619071 0.0013360003677067686 -0.022127006090005882
vn 0.9997542751619071 -0.0013360003677067686 0.022127006090005882
vn 0.9960855675764388 -0.005402997654434976 0.08822896169778698
vn -0.9857066238450599 0.13546894830377226 -0.10015296178068582
vn 0.9857066238450599 -0.13546894830377226 0.10015296178068582
vn 0.9855141389491264 0.13558901911690052 -0.1018700143628069
vn -0.9855141389491264 -0.13558901911690052 0.1018700143628069
vn -0.913594545155649 0.3899938058367572 -0.11510794269208628
vn 0.913594545155649 -0.3899938058367572 0.11510794269208628
vn 0.9131487490681279 0.3902598927571816 -0.1177139676523824
vn -0.9131487490681279 -0.3902598927571816 0.1177139676523824
vn -0.7755017036075709 0.6227367619934802 -0.10390396028848546
vn 0.7755017036075709 -0.6227367619934802 0.10390396028848546
vn 0.7747359457545405 0.6231819563660473 -0.10690399251479621
vn -0.7747359457545405 -0.6231819563660473 0.10690399251479621
vn -0.12974499937501838 0.9698599953281843 0.2062469990065084
vn 0.12974499937501838 -0.9698599953281843 -0.2062469990065084
vn -0.37823213066522915 0.917155316843282 0.1255650433780842
vn 0.37823213066522915 -0.917155316843282 -0.1255650433780842
vn -0.5944589714603227 0.8040969613957077 -0.00682699967223912
vn 0.5944589714603227 -0.8040969613957077 0.00682699967223912
vn -0.5950929414993912 0.8036439209977883 -0.0045649995512376945
vn 0.5950929414993912 -0.8036439209977883 0.0045649995512376945
vn 0.9997593690127509 0.0013300004909052717 -0.021896008081850698
vn -0.9997593690127509 -0.0013300004909052717 0.021896008081850698
vn 0.9858742217068704 0.13544603045958084 -0.09852102215575453
vn -0.9858742217068704 -0.13544603045958084 0.09852102215575453
vn -0.9855111471634339 0.13561602025113495 -0.10186301521089977
vn 0.9855111471634339 -0.13561602025113495 0.10186301521089977
vn 0.9135480883291418 0.3901120377191545 -0.1150760111264696
vn -0.9135480883291418 -0.3901120377191545 0.1150760111264696
vn -0.9131348828242566 0.3902959499162512 -0.11770198489618816
vn 0.9131348828242566 -0.3902959499162512 0.11770198489618816
vn 0.7753799790817991 0.6228999831954045 -0.10383399719876614
vn -0.7753799790817991 -0.6228999831954045 0.10383399719876614
vn -0.7747138253640291 0.6232118595155984 -0.10688997590486435
vn 0.7747138253640291 -0.6232118595155984 0.10688997590486435
vn 0.5803229760851808 0.8124629665188081 -0.05593899769478161
vn -0.5803229760851808 -0.8124629665188081 0.05593899769478161
vn 0.12974497261544507 0.9698597952970487 0.206247956468383
vn -0.12974497261544507 -0.9698597952970487 -0.206247956468383
vn 0.378251971261551 0.9171649303165628 0.1254349904698264
vn -0.378251971261551 -0.9171649303165628 -0.1254349904698264
vn 0.5944761453919404 0.8040841966561022 -0.0068350016716465034
vn -0.5944761453919404 -0.8040841966561022 0.0068350016716465034
vn -1 -0.0000059999999997 -0.000007999999999822046
vn 1 0.0000059999999997 0.000007999999999822046
vn -0.991401548207512 0.13003694074074923 -0.014606993343434163
vn 0.991401548207512 -0.13003694074074923 0.014606993343434163
vn -0.923029933799834 0.38316497251921755 -0.034645997515171945
vn 0.923029933799834 -0.38316497251921755 0.034645997515171945
vn 0.9229007224902548 0.38332788473600565 -0.03624898910018407
vn -0.9229007224902548 -0.38332788473600565 0.03624898910018407
vn -0.7882933943525404 0.6142903073055603 -0.03522701762270751
vn 0.7882933943525404 -0.6142903073055603 0.03522701762270751
vn 0.7879349894298523 0.6146179917548996 -0.03745899949748722
vn -0.7879349894298523 -0.6146179917548996 0.03745899949748722
vn -0.13052103001866572 0.9673292224770407 0.2173440499871813
vn 0.13052103001866572 -0.9673292224770407 -0.2173440499871813
vn -0.38227388609520513 0.9103707287400608 0.15840395280093575
vn 0.38227388609520513 -0.9103707287400608 -0.15840395280093575
vn -0.6045910527269925 0.7952110693511556 0.045924004005078525
vn 0.6045910527269925 -0.7952110693511556 -0.045924004005078525
vn -0.6048999494215953 0.7948769335367654 0.047609996019114205
vn 0.6048999494215953 -0.7948769335367654 -0.047609996019114205
vn 0 0.06784200524486583 -0.9976960771318866
vn 0 -0.06784200524486583 0.9976960771318866
vn 1 -0.0000059999999997 -0.000007999999999377957
vn -1 0.0000059999999997 0.000007999999999377957
vn 0.9914204105586785 0.12997605382458977 -0.01384900573503348
vn -0.9914204105586785 -0.12997605382458977 0.01384900573503348
vn 0.9230928682977344 0.38314994533408536 -0.03310099527731554
vn -0.9230928682977344 -0.38314994533408536 0.03310099527731554
vn -0.9228918056330074 0.38334991926402373 -0.03624299236699115
vn 0.9228918056330074 -0.38334991926402373 0.03624299236699115
vn 0.7882025021084058 0.6144093913970321 -0.03518402241326704
vn -0.7882025021084058 -0.6144093913970321 0.03518402241326704
vn -0.7879176706091169 0.6146407430479545 -0.037449984343943726
vn 0.7879176706091169 -0.6146407430479545 0.037449984343943726
vn 0.5949431498415082 0.8037552024326051 -0.004497001132607792
vn -0.5949431498415082 -0.8037552024326051 0.004497001132607792
vn 0.13052100165063382 0.9673290122333263 0.21734500274865381
vn -0.13052100165063382 -0.9673290122333263 -0.21734500274865381
vn 0.3822799927655424 0.9103679827717414 0.15840499700226496
vn -0.3822799927655424 -0.9103679827717414 -0.15840499700226496
vn 0.6046037665682745 0.7952016929802399 0.04591898227112091
vn -0.6046037665682745 -0.7952016929802399 -0.04591898227112091
vn -0.7948890993031167 0.60581207568229 0.03380900422365769
vn 0.7948890993031167 -0.60581207568229 -0.03380900422365769
vn 0.7947938409697163 0.6060118787430954 0.03243999350908266
vn -0.7947938409697163 -0.6060118787430954 -0.03243999350908266
vn -0.38329010991267104 0.9035972591164906 0.1913130548611309
vn 0.38329010991267104 -0.9035972591164906 -0.1913130548611309
vn -0.6098589792931536 0.7862989733023983 0.0990249966377549
vn 0.6098589792931536 -0.7862989733023983 -0.0990249966377549
vn -0.6099529954759787 0.7860949941695334 0.10005999925785503
vn 0.6099529954759787 -0.7860949941695334 -0.10005999925785503
vn -0.9914448308223471 0.1271849782974751 0.02934499499264365
vn 0.9914448308223471 -0.1271849782974751 -0.02934499499264365
vn -0.9253429121391573 0.37640496426053854 0.04538499569071744
vn 0.9253429121391573 -0.37640496426053854 -0.04538499569071744
vn 0.9253420715585559 0.37635602910436555 0.04580600354227029
vn -0.9253420715585559 -0.37635602910436555 -0.04580600354227029
vn 0.7948687456158114 0.6057628061359429 0.03514398875276596
vn -0.7948687456158114 -0.6057628061359429 -0.03514398875276596
vn -0.794783424871463 0.6060253239660742 0.03244401734376517
vn 0.794783424871463 -0.6060253239660742 -0.03244401734376517
vn 0.6047889792248942 0.7949589726923647 0.04764999836317524
vn -0.6047889792248942 -0.7949589726923647 -0.04764999836317524
vn 0.13052602529294402 0.9660631872008443 0.2229010431930999
vn -0.13052602529294402 -0.9660631872008443 -0.2229010431930999
vn 0.383291195384078 0.9035944606105563 0.19132409752815346
vn -0.383291195384078 -0.9035944606105563 -0.19132409752815346
vn 0.6098670621997351 0.7862930801932491 0.0990220100991566
vn -0.6098670621997351 -0.7862930801932491 -0.0990220100991566
vn -0.9238794630113859 0.37288678326614566 0.08603594999312408
vn 0.9238794630113859 -0.37288678326614566 -0.08603594999312408
vn 0.9914448308223471 0.1271849782974751 0.02934499499264409
vn -0.9914448308223471 -0.1271849782974751 -0.02934499499264409
vn -0.38268296659694473 0.9002279214222589 0.2077099818697236
vn 0.38268296659694473 -0.9002279214222589 -0.2077099818697236
vn -0.6102996474968232 0.7774445509555428 0.15203391218668205
vn 0.6102996474968232 -0.7774445509555428 -0.15203391218668205
vn -0.7933531227975859 0.5931770918137369 0.13686402118422542
vn 0.7933531227975859 -0.5931770918137369 -0.13686402118422542
vn -0.7953578005401959 0.5974598501690377 0.10221397436678267
vn 0.7953578005401959 -0.5974598501690377 -0.10221397436678267
vn 0.9238798075133577 0.3728859223107177 0.08603598207474944
vn -0.9238798075133577 -0.3728859223107177 -0.08603598207474944
vn 0.795356960878778 0.5974299706142128 0.1023949949634978
vn -0.795356960878778 -0.5974299706142128 -0.1023949949634978
vn 0.6099007985650471 0.7860047404023272 0.1010819666151593
vn -0.6099007985650471 -0.7860047404023272 -0.1010819666151593
vn 0.38268296659694456 0.9002279214222589 0.20770998186972375
vn -0.38268296659694456 -0.9002279214222589 -0.20770998186972375
vn 0.6103017808684386 0.7774317208596923 0.15209094539107174
vn -0.6103017808684386 -0.7774317208596923 -0.15209094539107174
vn -0.608761149695907 0.7730431900932765 0.17836504386041563
vn 0.608761149695907 -0.7730431900932765 -0.17836504386041563
vn 0.7933531227975859 0.5931770918137369 0.13686402118422575
vn -0.7933531227975859 -0.5931770918137369 -0.13686402118422575
vn 0.608761149695907 0.7730431900932765 0.17836504386041588
vn -0.608761149695907 -0.7730431900932765 -0.17836504386041588
usemtl material_0_0
f 1//1 2//2 3//2
f 2//2 1//1 4//1
f 3//3 2//3 1//4
f 4//4 1//4 2//3
f 5//5 3//2 2//2
f 2//3 3//3 5//6
f 3//7 6//8 1//9
f 1//10 6//11 3//12
f 1//1 7//13 4//1
f 4//4 7//14 1//4
f 8//15 2//15 4//15
f 4//16 2//16 8//16
f 3//2 5//5 9//5
f 9//6 5//6 3//3
f 10//17 5//17 2//17
f 2//18 5//18 10//18
f 3//7 11//7 6//8
f 6//11 11//12 3//12
f 1//9 6//8 12//19
f 12//20 6//11 1//10
f 7//13 1//1 13//13
f 13//14 1//4 7//14
f 7//21 8//21 4//21
f 4//22 8//22 7//22
f 2//15 8//15 10//15
f 10//16 8//16 2//16
f 14//23 9//5 5//5
f 5//6 9//6 14//24
f 9//7 15//7 3//7
f 3//12 15//12 9//12
f 5//17 10//17 16//17
f 16//18 10//18 5//18
f 3//7 15//7 11//7
f 11//12 15//12 3//12
f 11//25 17//26 6//26
f 6//27 17//27 11//28
f 6//26 18//29 12//29
f 12//30 18//30 6//27
f 1//9 12//19 19//31
f 19//32 12//20 1//10
f 20//33 13//34 1//9
f 1//10 13//35 20//36
f 13//13 21//37 7//13
f 7//14 21//38 13//14
f 8//21 7//21 22//21
f 22//22 7//22 8//22
f 23//39 10//39 8//39
f 8//40 10//40 23//40
f 9//5 14//23 24//23
f 24//24 14//24 9//6
f 16//41 14//41 5//41
f 5//42 14//42 16//42
f 9//7 25//7 15//7
f 15//12 25//12 9//12
f 26//43 16//43 10//43
f 10//44 16//44 26//44
f 27//45 11//25 15//45
f 15//46 11//28 27//46
f 17//26 11//25 28//25
f 28//28 11//28 17//27
f 18//29 6//26 17//26
f 17//27 6//27 18//30
f 18//29 19//47 12//29
f 12//30 19//48 18//30
f 20//33 1//9 19//31
f 19//32 1//10 20//36
f 13//34 20//33 29//34
f 29//35 20//36 13//35
f 21//37 13//13 30//37
f 30//38 13//14 21//38
f 21//49 22//49 7//49
f 7//50 22//50 21//50
f 22//51 23//51 8//51
f 8//52 23//52 22//52
f 10//39 23//39 26//39
f 26//40 23//40 10//40
f 24//7 31//53 9//7
f 9//12 31//54 24//12
f 14//41 16//41 32//41
f 32//42 16//42 14//42
f 9//7 31//53 25//7
f 25//12 31//54 9//12
f 33//55 15//45 25//55
f 25//56 15//46 33//56
f 16//43 26//43 34//43
f 34//44 26//44 16//44
f 11//25 27//45 28//25
f 28//28 27//46 11//28
f 15//45 33//55 27//45
f 27//46 33//56 15//46
f 28//57 35//57 17//57
f 17//58 35//58 28//58
f 17//59 36//59 18//59
f 18//60 36//60 17//60
f 19//47 18//29 37//47
f 37//48 18//30 19//48
f 20//33 19//31 38//61
f 38//62 19//32 20//36
f 20//63 39//64 29//64
f 29//65 39//65 20//66
f 13//34 29//34 30//34
f 30//35 29//35 13//35
f 30//37 40//67 21//37
f 21//38 40//68 30//38
f 22//49 21//49 41//49
f 41//50 21//50 22//50
f 23//51 22//51 42//51
f 42//52 22//52 23//52
f 43//69 26//69 23//69
f 23//70 26//70 43//70
f 31//53 24//7 44//71
f 44//72 24//12 31//54
f 34//73 32//73 16//73
f 16//74 32//74 34//74
f 45//75 14//75 32//75
f 32//76 14//76 45//76
f 46//77 25//55 31//77
f 31//78 25//56 46//78
f 25//55 46//77 33//55
f 33//56 46//78 25//56
f 47//79 34//79 26//79
f 26//80 34//80 47//80
f 48//81 28//81 27//81
f 27//82 28//82 48//82
f 49//83 27//83 33//83
f 33//84 27//84 49//84
f 35//57 28//57 50//57
f 50//58 28//58 35//58
f 36//59 17//59 35//59
f 35//60 17//60 36//60
f 51//85 18//85 36//85
f 36//86 18//86 51//86
f 18//85 51//85 37//85
f 37//86 51//86 18//86
f 52//87 19//47 37//47
f 37//48 19//48 52//88
f 19//47 52//87 38//87
f 38//88 52//88 19//48
f 20//33 38//61 53//89
f 53//90 38//62 20//36
f 39//64 20//63 54//63
f 54//66 20//66 39//65
f 55//91 29//64 39//64
f 39//65 29//65 55//92
f 30//34 29//34 56//34
f 56//35 29//35 30//35
f 40//67 30//37 57//67
f 57//68 30//38 40//68
f 40//93 41//93 21//93
f 21//94 41//94 40//94
f 41//95 42//95 22//95
f 22//96 42//96 41//96
f 42//97 43//97 23//97
f 23//98 43//98 42//98
f 26//69 43//69 47//69
f 47//70 43//70 26//70
f 44//71 58//99 31//53
f 31//54 58//100 44//72
f 32//73 34//73 59//73
f 59//74 34//74 32//74
f 14//75 45//75 60//75
f 60//76 45//76 14//76
f 31//101 61//101 46//101
f 46//102 61//102 31//102
f 62//103 33//103 46//103
f 46//104 33//104 62//104
f 34//79 47//79 63//79
f 63//80 47//80 34//80
f 28//81 48//81 50//81
f 50//82 48//82 28//82
f 27//83 49//83 48//83
f 48//84 49//84 27//84
f 33//103 62//103 49//103
f 49//104 62//104 33//104
f 50//105 64//105 35//105
f 35//106 64//106 50//106
f 35//107 65//107 36//107
f 36//108 65//108 35//108
f 36//109 66//109 51//109
f 51//110 66//110 36//110
f 51//111 52//111 37//111
f 37//112 52//112 51//112
f 52//87 53//113 38//87
f 38//88 53//114 52//88
f 20//33 53//89 67//115
f 67//116 53//90 20//36
f 20//63 68//117 54//63
f 54//66 68//118 20//66
f 69//119 39//119 54//119
f 54//120 39//120 69//120
f 29//64 55//91 56//91
f 56//92 55//92 29//65
f 70//121 55//121 39//121
f 39//122 55//122 70//122
f 30//34 56//34 57//34
f 57//35 56//35 30//35
f 56//91 40//67 57//67
f 57//68 40//68 56//92
f 41//93 40//93 71//93
f 71//94 40//94 41//94
f 42//95 41//95 72//95
f 72//96 41//96 42//96
f 43//97 42//97 73//97
f 73//98 42//98 43//98
f 74//123 47//123 43//123
f 43//124 47//124 74//124
f 44//71 75//99 58//99
f 58//100 75//100 44//72
f 61//101 31//101 58//101
f 58//102 31//102 61//102
f 59//73 34//73 76//73
f 76//74 34//74 59//74
f 45//125 77//125 60//125
f 60//126 77//126 45//126
f 78//127 46//127 61//127
f 61//128 46//128 78//128
f 46//127 78//127 62//127
f 62//128 78//128 46//128
f 79//129 63//129 47//129
f 47//130 63//130 79//130
f 63//131 76//131 34//131
f 34//132 76//132 63//132
f 80//133 50//133 48//133
f 48//134 50//134 80//134
f 49//135 80//135 48//135
f 48//136 80//136 49//136
f 81//137 49//137 62//137
f 62//138 49//138 81//138
f 64//105 50//105 82//105
f 82//106 50//106 64//106
f 65//107 35//107 64//107
f 64//108 35//108 65//108
f 66//109 36//109 65//109
f 65//110 36//110 66//110
f 83//139 51//139 66//139
f 66//140 51//140 83//140
f 52//111 51//111 84//111
f 84//112 51//112 52//112
f 53//113 52//87 85//113
f 85//114 52//88 53//114
f 53//89 86//141 67//115
f 67//116 86//142 53//90
f 68//117 20//63 67//117
f 67//118 20//66 68//118
f 87//143 54//143 68//143
f 68//144 54//144 87//144
f 39//119 69//119 70//119
f 70//120 69//120 39//120
f 54//143 87//143 69//143
f 69//144 87//144 54//144
f 40//67 56//91 55//91
f 55//92 56//92 40//68
f 55//121 70//121 88//121
f 88//122 70//122 55//122
f 40//145 88//145 71//145
f 71//146 88//146 40//146
f 71//147 72//147 41//147
f 41//148 72//148 71//148
f 72//149 73//149 42//149
f 42//150 73//150 72//150
f 89//151 43//151 73//151
f 73//152 43//152 89//152
f 47//123 74//123 79//123
f 79//124 74//124 47//124
f 43//151 89//151 74//151
f 74//152 89//152 43//152
f 75//99 44//71 90//153
f 90//154 44//72 75//100
f 91//155 58//156 75//155
f 75//157 58//158 91//157
f 58//156 91//155 61//156
f 61//158 91//157 58//158
f 92//159 59//159 76//159
f 76//160 59//160 92//160
f 77//125 45//125 93//125
f 93//126 45//126 77//126
f 77//161 44//161 60//161
f 60//162 44//162 77//162
f 61//163 94//163 78//163
f 78//164 94//164 61//164
f 78//165 81//165 62//165
f 62//166 81//166 78//166
f 63//129 79//129 95//129
f 95//130 79//130 63//130
f 76//131 63//131 92//131
f 92//132 63//132 76//132
f 50//133 80//133 82//133
f 82//134 80//134 50//134
f 80//135 49//135 96//135
f 96//136 49//136 80//136
f 49//137 81//137 96//137
f 96//138 81//138 49//138
f 82//167 97//167 64//167
f 64//168 97//168 82//168
f 64//169 98//169 65//169
f 65//170 98//170 64//170
f 65//171 99//171 66//171
f 66//172 99//172 65//172
f 51//139 83//139 84//139
f 84//140 83//140 51//140
f 66//173 100//173 83//173
f 83//174 100//174 66//174
f 84//175 85//175 52//175
f 52//176 85//176 84//176
f 101//177 53//113 85//113
f 85//114 53//114 101//178
f 53//113 101//177 86//177
f 86//178 101//178 53//114
f 67//115 86//141 102//179
f 102//180 86//142 67//116
f 67//117 103//181 68//117
f 68//118 103//182 67//118
f 68//183 104//183 87//183
f 87//184 104//184 68//184
f 105//185 70//185 69//185
f 69//186 70//186 105//186
f 106//187 69//187 87//187
f 87//188 69//188 106//188
f 88//145 40//145 55//145
f 55//146 40//146 88//146
f 107//189 88//189 70//189
f 70//190 88//190 107//190
f 108//191 71//191 88//191
f 88//192 71//192 108//192
f 72//147 71//147 109//147
f 109//148 71//148 72//148
f 73//149 72//149 110//149
f 110//150 72//150 73//150
f 73//193 111//193 89//193
f 89//194 111//194 73//194
f 112//195 79//195 74//195
f 74//196 79//196 112//196
f 113//197 74//197 89//197
f 89//198 74//198 113//198
f 114//199 90//153 44//71
f 44//72 90//154 114//200
f 115//201 75//155 90//201
f 90//202 75//157 115//202
f 75//155 115//201 91//155
f 91//157 115//202 75//157
f 94//163 61//163 91//163
f 91//164 61//164 94//164
f 116//203 59//203 92//203
f 92//204 59//204 116//204
f 117//205 92//205 76//205
f 76//206 92//206 117//206
f 59//203 93//203 45//203
f 45//204 93//204 59//204
f 93//207 118//207 77//207
f 77//208 118//208 93//208
f 77//161 114//161 44//161
f 44//162 114//162 77//162
f 119//209 78//209 94//209
f 94//210 78//210 119//210
f 81//165 78//165 120//165
f 120//166 78//166 81//166
f 121//211 95//211 79//211
f 79//212 95//212 121//212
f 95//213 122//213 63//213
f 63//214 122//214 95//214
f 92//131 63//131 122//131
f 122//132 63//132 92//132
f 123//215 82//215 80//215
f 80//216 82//216 123//216
f 96//217 123//217 80//217
f 80//218 123//218 96//218
f 124//219 96//219 81//219
f 81//220 96//220 124//220
f 97//167 82//167 125//167
f 125//168 82//168 97//168
f 98//169 64//169 97//169
f 97//170 64//170 98//170
f 99//171 65//171 98//171
f 98//172 65//172 99//172
f 100//173 66//173 99//173
f 99//174 66//174 100//174
f 83//221 126//221 84//221
f 84//222 126//222 83//222
f 100//223 127//223 83//223
f 83//224 127//224 100//224
f 85//175 84//175 126//175
f 126//176 84//176 85//176
f 126//225 101//225 85//225
f 85//226 101//226 126//226
f 101//177 102//227 86//177
f 86//178 102//228 101//178
f 67//115 102//179 128//229
f 128//230 102//180 67//116
f 103//181 67//117 128//181
f 128//182 67//118 103//182
f 104//183 68//183 103//183
f 103//184 68//184 104//184
f 129//231 87//231 104//231
f 104//232 87//232 129//232
f 70//185 105//185 107//185
f 107//186 105//186 70//186
f 69//187 106//187 105//187
f 105//188 106//188 69//188
f 87//231 129//231 106//231
f 106//232 129//232 87//232
f 88//189 107//189 108//189
f 108//190 107//190 88//190
f 71//191 108//191 109//191
f 109//192 108//192 71//192
f 109//233 110//233 72//233
f 72//234 110//234 109//234
f 111//193 73//193 110//193
f 110//194 73//194 111//194
f 130//235 89//235 111//235
f 111//236 89//236 130//236
f 79//195 112//195 121//195
f 121//196 112//196 79//196
f 74//197 113//197 112//197
f 112//198 113//198 74//198
f 89//235 130//235 113//235
f 113//236 130//236 89//236
f 90//153 114//199 131//237
f 131//238 114//200 90//154
f 90//201 132//239 115//201
f 115//202 132//240 90//202
f 133//241 91//241 115//241
f 115//242 91//242 133//242
f 91//241 133//241 94//241
f 94//242 133//242 91//242
f 93//203 59//203 116//203
f 116//204 59//204 93//204
f 122//243 116//243 92//243
f 92//244 116//244 122//244
f 92//205 117//205 122//205
f 122//206 117//206 92//206
f 118//207 93//207 134//207
f 134//208 93//208 118//208
f 135//245 77//161 118//245
f 118//246 77//162 135//246
f 114//161 77//161 135//245
f 135//246 77//162 114//162
f 78//209 119//209 120//209
f 120//210 119//210 78//210
f 94//247 136//247 119//247
f 119//248 136//248 94//248
f 120//249 124//249 81//249
f 81//250 124//250 120//250
f 95//211 121//211 137//211
f 137//212 121//212 95//212
f 122//213 95//213 138//213
f 138//214 95//214 122//214
f 82//215 123//215 125//215
f 125//216 123//216 82//216
f 123//217 96//217 139//217
f 139//218 96//218 123//218
f 96//219 124//219 139//219
f 139//220 124//220 96//220
f 140//251 97//251 125//251
f 125//252 97//252 140//252
f 141//253 98//253 97//253
f 97//254 98//254 141//254
f 142//255 99//255 98//255
f 98//256 99//256 142//256
f 99//257 143//257 100//257
f 100//258 143//258 99//258
f 126//221 83//221 127//221
f 127//222 83//222 126//222
f 127//223 100//223 144//223
f 144//224 100//224 127//224
f 101//225 126//225 145//225
f 145//226 126//226 101//226
f 102//227 101//177 146//227
f 146//228 101//178 102//228
f 102//179 147//259 128//229
f 128//230 147//260 102//180
f 103//181 128//181 148//261
f 148//262 128//182 103//182
f 103//263 149//263 104//263
f 104//264 149//264 103//264
f 104//265 150//265 129//265
f 129//266 150//266 104//266
f 151//267 107//267 105//267
f 105//268 107//268 151//268
f 152//269 105//269 106//269
f 106//270 105//270 152//270
f 153//271 106//271 129//271
f 129//272 106//272 153//272
f 154//273 108//273 107//273
f 107//274 108//274 154//274
f 155//275 109//275 108//275
f 108//276 109//276 155//276
f 110//233 109//233 156//233
f 156//234 109//234 110//234
f 110//277 157//277 111//277
f 111//278 157//278 110//278
f 111//279 158//279 130//279
f 130//280 158//280 111//280
f 159//281 121//281 112//281
f 112//282 121//282 159//282
f 160//283 112//283 113//283
f 113//284 112//284 160//284
f 161//285 113//285 130//285
f 130//286 113//286 161//286
f 114//199 162//287 131//237
f 131//238 162//288 114//200
f 132//239 90//201 131//239
f 131//240 90//202 132//240
f 163//289 115//289 132//289
f 132//290 115//290 163//290
f 115//289 163//289 133//289
f 133//290 163//290 115//290
f 136//247 94//247 133//247
f 133//248 94//248 136//248
f 116//291 134//291 93//291
f 93//292 134//292 116//292
f 116//243 122//243 164//243
f 164//244 122//244 116//244
f 165//293 122//293 117//293
f 117//294 122//294 165//294
f 118//207 134//207 166//207
f 166//208 134//208 118//208
f 118//245 167//295 135//245
f 135//246 167//296 118//246
f 135//297 168//298 114//199
f 114//200 168//299 135//300
f 169//301 120//301 119//301
f 119//302 120//302 169//302
f 170//303 119//303 136//303
f 136//304 119//304 170//304
f 124//249 120//249 171//249
f 171//250 120//250 124//250
f 172//305 137//305 121//305
f 121//306 137//306 172//306
f 173//307 95//307 137//307
f 137//308 95//308 173//308
f 173//307 138//307 95//307
f 95//308 138//308 173//308
f 122//293 165//293 138//293
f 138//294 165//294 122//294
f 174//309 122//309 138//309
f 138//310 122//310 174//310
f 175//311 125//311 123//311
f 123//312 125//312 175//312
f 176//313 123//313 139//313
f 139//314 123//314 176//314
f 177//315 139//315 124//315
f 124//316 139//316 177//316
f 97//251 140//251 141//251
f 141//252 140//252 97//252
f 125//311 175//311 140//311
f 140//312 175//312 125//312
f 98//253 141//253 142//253
f 142//254 141//254 98//254
f 99//255 142//255 178//255
f 178//256 142//256 99//256
f 143//257 99//257 178//257
f 178//258 99//258 143//258
f 179//317 100//317 143//317
f 143//318 100//318 179//318
f 127//319 145//319 126//319
f 126//320 145//320 127//320
f 100//317 179//317 144//317
f 144//318 179//318 100//318
f 144//321 180//321 127//321
f 127//322 180//322 144//322
f 145//323 146//323 101//323
f 101//324 146//324 145//324
f 146//227 147//325 102//227
f 102//228 147//326 146//228
f 128//229 147//259 181//327
f 181//328 147//260 128//230
f 128//181 182//329 148//261
f 148//262 182//330 128//182
f 149//263 103//263 148//263
f 148//264 103//264 149//264
f 150//265 104//265 149//265
f 149//266 104//266 150//266
f 183//331 129//331 150//331
f 150//332 129//332 183//332
f 107//267 151//267 154//267
f 154//268 151//268 107//268
f 105//269 152//269 151//269
f 151//270 152//270 105//270
f 106//271 153//271 152//271
f 152//272 153//272 106//272
f 129//331 183//331 153//331
f 153//332 183//332 129//332
f 108//273 154//273 155//273
f 155//274 154//274 108//274
f 109//275 155//275 156//275
f 156//276 155//276 109//276
f 157//277 110//277 156//277
f 156//278 110//278 157//278
f 158//279 111//279 157//279
f 157//280 111//280 158//280
f 184//333 130//333 158//333
f 158//334 130//334 184//334
f 121//281 159//281 172//281
f 172//282 159//282 121//282
f 112//283 160//283 159//283
f 159//284 160//284 112//284
f 113//285 161//285 160//285
f 160//286 161//286 113//286
f 130//333 184//333 161//333
f 161//334 184//334 130//334
f 162//287 114//199 185//287
f 185//288 114//200 162//288
f 162//335 132//239 131//239
f 131//240 132//240 162//336
f 132//119 186//119 163//119
f 163//120 186//120 132//120
f 187//337 133//337 163//337
f 163//338 133//338 187//338
f 133//337 187//337 136//337
f 136//338 187//338 133//338
f 134//291 116//291 188//291
f 188//292 116//292 134//292
f 122//309 174//309 164//309
f 164//310 174//310 122//310
f 164//339 188//339 116//339
f 116//340 188//340 164//340
f 134//341 189//341 166//341
f 166//342 189//342 134//342
f 167//295 118//245 166//343
f 166//344 118//246 167//296
f 167//297 190//297 135//297
f 135//300 190//300 167//300
f 135//297 190//297 168//298
f 168//299 190//300 135//300
f 191//345 114//199 168//298
f 168//299 114//200 191//346
f 120//301 169//301 171//301
f 171//302 169//302 120//302
f 119//303 170//303 169//303
f 169//304 170//304 119//304
f 136//347 192//347 170//347
f 170//348 192//348 136//348
f 171//349 177//349 124//349
f 124//350 177//350 171//350
f 137//305 172//305 193//305
f 193//306 172//306 137//306
f 193//351 173//351 137//351
f 137//352 173//352 193//352
f 138//307 173//307 194//307
f 194//308 173//308 138//308
f 195//353 138//353 165//353
f 165//354 138//354 195//354
f 138//355 196//355 174//355
f 174//356 196//356 138//356
f 123//313 176//313 175//313
f 175//314 176//314 123//314
f 139//315 177//315 176//315
f 176//316 177//316 139//316
f 197//357 141//357 140//357
f 140//358 141//358 197//358
f 198//359 140//359 175//359
f 175//360 140//360 198//360
f 199//361 142//361 141//361
f 141//362 142//362 199//362
f 200//363 178//363 142//363
f 142//364 178//364 200//364
f 178//365 201//365 143//365
f 143//366 201//366 178//366
f 143//367 202//367 179//367
f 179//368 202//368 143//368
f 145//319 127//319 180//319
f 180//320 127//320 145//320
f 203//369 144//369 179//369
f 179//370 144//370 203//370
f 180//321 144//321 204//321
f 204//322 144//322 180//322
f 146//323 145//323 205//323
f 205//324 145//324 146//324
f 147//325 146//227 206//325
f 206//326 146//228 147//326
f 206//325 181//371 147//325
f 147//326 181//372 206//326
f 128//229 181//327 207//373
f 207//374 181//328 128//230
f 182//329 128//181 207//329
f 207//330 128//182 182//330
f 182//375 149//375 148//375
f 148//376 149//376 182//376
f 149//377 208//377 150//377
f 150//378 208//378 149//378
f 150//379 209//379 183//379
f 183//380 209//380 150//380
f 151//381 210//381 154//381
f 154//382 210//382 151//382
f 152//383 211//383 151//383
f 151//384 211//384 152//384
f 153//385 212//385 152//385
f 152//386 212//386 153//386
f 183//387 213//387 153//387
f 153//388 213//388 183//388
f 154//389 214//389 155//389
f 155//390 214//390 154//390
f 155//391 157//391 156//391
f 156//392 157//392 155//392
f 214//393 158//393 157//393
f 157//394 158//394 214//394
f 215//395 184//395 158//395
f 158//396 184//396 215//396
f 216//288 172//288 159//288
f 159//287 172//287 216//287
f 217//288 159//288 160//288
f 160//287 159//287 217//287
f 218//288 160//288 161//288
f 161//287 160//287 218//287
f 219//288 161//288 184//288
f 184//287 161//287 219//287
f 185//287 114//199 191//345
f 191//346 114//200 185//288
f 220//397 162//335 185//397
f 185//398 162//336 220//398
f 132//239 162//335 221//335
f 221//336 162//336 132//240
f 186//119 132//119 221//119
f 221//120 132//120 186//120
f 222//185 163//185 186//185
f 186//186 163//186 222//186
f 163//185 222//185 187//185
f 187//186 222//186 163//186
f 192//347 136//347 187//347
f 187//348 136//348 192//348
f 188//399 223//399 134//399
f 134//400 223//400 188//400
f 224//401 164//401 174//401
f 174//402 164//402 224//402
f 188//339 164//339 225//339
f 225//340 164//340 188//340
f 189//341 134//341 223//341
f 223//342 134//342 189//342
f 167//295 166//343 189//295
f 189//296 166//344 167//296
f 167//297 226//297 190//297
f 190//300 226//300 167//300
f 227//403 168//403 190//404
f 190//405 168//406 227//406
f 228//407 191//345 168//298
f 168//299 191//346 228//408
f 169//409 229//409 171//409
f 171//410 229//410 169//410
f 170//411 230//411 169//411
f 169//412 230//412 170//412
f 192//413 231//413 170//413
f 170//414 231//414 192//414
f 177//349 171//349 229//349
f 229//350 171//350 177//350
f 232//288 193//288 172//288
f 172//287 193//287 232//287
f 193//351 194//351 173//351
f 173//352 194//352 193//352
f 233//415 194//415 173//415
f 173//416 194//416 233//416
f 196//355 138//355 194//355
f 194//356 138//356 196//356
f 138//353 195//353 194//353
f 194//354 195//354 138//354
f 234//417 174//417 196//417
f 196//418 174//418 234//418
f 235//419 175//419 176//419
f 176//420 175//420 235//420
f 236//421 176//421 177//421
f 177//422 176//422 236//422
f 141//357 197//357 199//357
f 199//358 197//358 141//358
f 140//359 198//359 197//359
f 197//360 198//360 140//360
f 175//419 235//419 198//419
f 198//420 235//420 175//420
f 142//361 199//361 200//361
f 200//362 199//362 142//362
f 178//363 200//363 237//363
f 237//364 200//364 178//364
f 201//365 178//365 237//365
f 237//366 178//366 201//366
f 202//367 143//367 201//367
f 201//368 143//368 202//368
f 238//423 179//423 202//423
f 202//424 179//424 238//424
f 180//425 205//425 145//425
f 145//426 205//426 180//426
f 144//369 203//369 204//369
f 204//370 203//370 144//370
f 179//423 238//423 203//423
f 203//424 238//424 179//424
f 204//427 239//427 180//427
f 180//428 239//428 204//428
f 205//429 206//429 146//429
f 146//430 206//430 205//430
f 181//371 206//325 240//371
f 240//372 206//326 181//372
f 181//327 241//431 207//373
f 207//374 241//432 181//328
f 182//329 207//329 227//403
f 227//406 207//330 182//330
f 149//375 182//375 242//375
f 242//376 182//376 149//376
f 208//377 149//377 242//377
f 242//378 149//378 208//378
f 209//379 150//379 208//379
f 208//380 150//380 209//380
f 243//433 183//433 209//433
f 209//434 183//434 243//434
f 210//381 151//381 211//381
f 211//382 151//382 210//382
f 214//389 154//389 210//389
f 210//390 154//390 214//390
f 211//383 152//383 212//383
f 212//384 152//384 211//384
f 212//385 153//385 213//385
f 213//386 153//386 212//386
f 213//387 183//387 244//387
f 244//388 183//388 213//388
f 157//391 155//391 214//391
f 214//392 155//392 157//392
f 158//393 214//393 215//393
f 215//394 214//394 158//394
f 184//395 215//395 219//395
f 219//396 215//396 184//396
f 232//288 172//288 216//288
f 216//287 172//287 232//287
f 216//288 159//288 245//288
f 245//287 159//287 216//287
f 245//288 159//288 217//288
f 217//287 159//287 245//287
f 217//288 160//288 246//288
f 246//287 160//287 217//287
f 218//288 246//288 160//288
f 160//287 246//287 218//287
f 218//288 161//288 219//288
f 219//287 161//287 218//287
f 191//48 220//397 185//397
f 185//398 220//398 191//47
f 162//335 220//397 221//335
f 221//336 220//398 162//336
f 221//121 247//121 186//121
f 186//122 247//122 221//122
f 186//435 248//435 222//435
f 222//436 248//436 186//436
f 249//267 187//267 222//267
f 222//268 187//268 249//268
f 187//267 249//267 192//267
f 192//268 249//268 187//268
f 223//399 188//399 250//399
f 250//400 188//400 223//400
f 164//401 224//401 225//401
f 225//402 224//402 164//402
f 174//417 234//417 224//417
f 224//418 234//418 174//418
f 225//437 250//437 188//437
f 188//438 250//438 225//438
f 223//439 251//439 189//439
f 189//440 251//440 223//440
f 189//295 252//441 167//295
f 167//296 252//442 189//296
f 252//297 226//297 167//297
f 167//300 226//300 252//300
f 226//443 253//404 190//404
f 190//405 253//405 226//444
f 168//403 227//403 207//329
f 207//330 227//406 168//406
f 227//403 190//404 253//404
f 253//405 190//405 227//406
f 228//445 254//48 191//48
f 191//47 254//47 228//446
f 255//447 228//407 168//298
f 168//299 228//408 255//448
f 229//409 169//409 230//409
f 230//410 169//410 229//410
f 230//411 170//411 231//411
f 231//412 170//412 230//412
f 231//413 192//413 256//413
f 256//414 192//414 231//414
f 229//449 236//449 177//449
f 177//450 236//450 229//450
f 257//288 193//288 232//288
f 232//287 193//287 257//287
f 194//351 193//351 258//351
f 258//352 193//352 194//352
f 194//415 233//415 258//415
f 258//416 233//416 194//416
f 194//451 259//451 196//451
f 196//452 259//452 194//452
f 196//453 260//453 234//453
f 234//454 260//454 196//454
f 176//421 236//421 235//421
f 235//422 236//422 176//422
f 216//455 199//455 197//455
f 197//456 199//456 216//456
f 232//457 197//457 198//457
f 198//458 197//458 232//458
f 257//459 198//459 235//459
f 235//460 198//460 257//460
f 245//461 200//461 199//461
f 199//462 200//462 245//462
f 217//463 237//463 200//463
f 200//464 237//464 217//464
f 237//465 261//465 201//465
f 201//466 261//466 237//466
f 201//467 262//467 202//467
f 202//468 262//468 201//468
f 202//469 263//469 238//469
f 238//470 263//470 202//470
f 205//425 180//425 239//425
f 239//426 180//426 205//426
f 264//471 204//471 203//471
f 203//472 204//472 264//472
f 265//473 203//473 238//473
f 238//474 203//474 265//474
f 239//427 204//427 266//427
f 266//428 204//428 239//428
f 206//429 205//429 267//429
f 267//430 205//430 206//430
f 267//475 240//475 206//475
f 206//476 240//476 267//476
f 240//477 241//477 181//477
f 181//478 241//478 240//478
f 207//373 241//431 268//479
f 268//480 241//432 207//374
f 242//375 182//375 227//375
f 227//376 182//376 242//376
f 269//481 208//481 242//481
f 242//482 208//482 269//482
f 270//483 209//483 208//483
f 208//484 209//484 270//484
f 183//433 243//433 244//433
f 244//434 243//434 183//434
f 209//485 271//485 243//485
f 243//486 271//486 209//486
f 211//487 272//487 210//487
f 210//488 272//488 211//488
f 210//489 215//489 214//489
f 214//490 215//490 210//490
f 212//491 273//491 211//491
f 211//492 273//492 212//492
f 213//493 274//493 212//493
f 212//494 274//494 213//494
f 244//495 275//495 213//495
f 213//496 275//496 244//496
f 272//497 219//497 215//497
f 215//498 219//498 272//498
f 197//457 232//457 216//457
f 216//458 232//458 197//458
f 199//455 216//455 245//455
f 245//456 216//456 199//456
f 200//461 245//461 217//461
f 217//462 245//462 200//462
f 237//463 217//463 246//463
f 246//464 217//464 237//464
f 218//288 261//288 246//288
f 246//287 261//287 218//287
f 219//497 272//497 218//497
f 218//498 272//498 219//498
f 220//397 191//48 254//48
f 254//47 191//47 220//398
f 247//121 221//121 220//121
f 220//122 221//122 247//122
f 248//435 186//435 247//435
f 247//436 186//436 248//436
f 276//273 222//273 248//273
f 248//274 222//274 276//274
f 222//273 276//273 249//273
f 249//274 276//274 222//274
f 249//499 256//499 192//499
f 192//500 256//500 249//500
f 250//501 277//501 223//501
f 223//502 277//502 250//502
f 278//503 225//503 224//503
f 224//504 225//504 278//504
f 279//505 224//505 234//505
f 234//506 224//506 279//506
f 250//437 225//437 280//437
f 280//438 225//438 250//438
f 251//439 223//439 277//439
f 277//440 223//440 251//440
f 252//441 189//295 251//507
f 251//508 189//296 252//442
f 252//297 281//297 226//297
f 226//300 281//300 252//300
f 253//404 226//443 282//509
f 282//510 226//444 253//405
f 207//373 283//511 168//298
f 168//299 283//512 207//374
f 253//513 242//513 227//513
f 227//514 242//514 253//514
f 254//48 228//445 284//445
f 284//446 228//446 254//47
f 285//515 228//445 255//515
f 255//516 228//446 285//516
f 286//517 255//447 168//298
f 168//299 255//448 286//518
f 230//519 287//519 229//519
f 229//520 287//520 230//520
f 231//521 288//521 230//521
f 230//522 288//522 231//522
f 256//523 289//523 231//523
f 231//524 289//524 256//524
f 236//449 229//449 287//449
f 287//450 229//450 236//450
f 290//288 193//288 257//288
f 257//287 193//287 290//287
f 198//459 257//459 232//459
f 232//460 257//460 198//460
f 290//288 258//288 193//288
f 193//287 258//287 290//287
f 259//451 194//451 258//451
f 258//452 194//452 259//452
f 260//453 196//453 259//453
f 259//454 196//454 260//454
f 291//525 234//525 260//525
f 260//526 234//526 291//526
f 290//527 235//527 236//527
f 236//528 235//528 290//528
f 235//527 290//527 257//527
f 257//528 290//528 235//528
f 261//465 237//465 246//465
f 246//466 237//466 261//466
f 262//467 201//467 261//467
f 261//468 201//468 262//468
f 263//469 202//469 262//469
f 262//470 202//470 263//470
f 292//529 238//529 263//529
f 263//530 238//530 292//530
f 293//531 205//531 239//531
f 239//532 205//532 293//532
f 204//471 264//471 266//471
f 266//472 264//472 204//472
f 203//473 265//473 264//473
f 264//474 265//474 203//474
f 238//529 292//529 265//529
f 265//530 292//530 238//530
f 266//533 293//533 239//533
f 239//534 293//534 266//534
f 205//531 293//531 267//531
f 267//532 293//532 205//532
f 240//475 267//475 294//475
f 294//476 267//476 240//476
f 241//477 240//477 295//477
f 295//478 240//478 241//478
f 295//535 268//536 241//535
f 241//537 268//538 295//537
f 207//373 268//479 283//511
f 283//512 268//480 207//374
f 208//481 269//481 270//481
f 270//482 269//482 208//482
f 242//513 253//513 269//513
f 269//514 253//514 242//514
f 209//483 270//483 296//483
f 296//484 270//484 209//484
f 297//539 244//539 243//539
f 243//540 244//540 297//540
f 271//485 209//485 296//485
f 296//486 209//486 271//486
f 298//541 243//541 271//541
f 271//542 243//542 298//542
f 272//487 211//487 273//487
f 273//488 211//488 272//488
f 215//489 210//489 272//489
f 272//490 210//490 215//490
f 273//491 212//491 274//491
f 274//492 212//492 273//492
f 274//493 213//493 275//493
f 275//494 213//494 274//494
f 275//495 244//495 299//495
f 299//496 244//496 275//496
f 300//288 261//288 218//288
f 218//287 261//287 300//287
f 273//543 218//543 272//543
f 272//544 218//544 273//544
f 301//545 220//545 254//545
f 254//546 220//546 301//546
f 220//545 301//545 247//545
f 247//546 301//546 220//546
f 247//547 302//547 248//547
f 248//548 302//548 247//548
f 248//275 303//275 276//275
f 276//276 303//276 248//276
f 276//389 304//389 249//389
f 249//390 304//390 276//390
f 256//499 249//499 304//499
f 304//500 249//500 256//500
f 277//501 250//501 305//501
f 305//502 250//502 277//502
f 225//503 278//503 280//503
f 280//504 278//504 225//504
f 224//505 279//505 278//505
f 278//506 279//506 224//506
f 234//525 291//525 279//525
f 279//526 291//526 234//526
f 280//549 305//549 250//549
f 250//550 305//550 280//550
f 277//551 306//551 251//551
f 251//552 306//552 277//552
f 306//553 252//441 251//507
f 251//508 252//442 306//554
f 307//297 281//297 252//297
f 252//300 281//300 307//300
f 281//555 308//556 226//443
f 226//444 308//557 281//558
f 308//556 282//509 226//443
f 226//444 282//510 308//557
f 282//559 269//559 253//559
f 253//560 269//560 282//560
f 283//511 286//517 168//298
f 168//299 286//518 283//512
f 228//445 285//515 284//445
f 284//446 285//516 228//446
f 309//561 254//561 284//561
f 284//562 254//562 309//562
f 286//563 285//515 255//515
f 255//516 285//516 286//564
f 287//519 230//519 288//519
f 288//520 230//520 287//520
f 288//521 231//521 289//521
f 289//522 231//522 288//522
f 289//523 256//523 310//523
f 310//524 256//524 289//524
f 287//565 290//565 236//565
f 236//566 290//566 287//566
f 311//288 258//288 290//288
f 290//287 258//287 311//287
f 312//288 259//567 258//288
f 258//287 259//568 312//287
f 313//567 260//569 259//567
f 259//568 260//570 313//568
f 314//569 291//569 260//569
f 260//570 291//570 314//570
f 300//288 262//288 261//288
f 261//287 262//287 300//287
f 300//288 263//288 262//288
f 262//287 263//287 300//287
f 315//288 292//288 263//288
f 263//287 292//287 315//287
f 316//571 266//571 264//571
f 264//572 266//572 316//572
f 317//573 264//573 265//573
f 265//574 264//574 317//574
f 318//575 265//575 292//575
f 292//576 265//576 318//576
f 293//533 266//533 319//533
f 319//534 266//534 293//534
f 293//577 294//577 267//577
f 267//578 294//578 293//578
f 294//579 295//579 240//579
f 240//580 295//580 294//580
f 268//536 295//535 320//536
f 320//538 295//537 268//538
f 320//536 283//2 268//536
f 268//538 283//3 320//538
f 321//581 270//581 269//581
f 269//582 270//582 321//582
f 322//583 296//583 270//583
f 270//584 296//584 322//584
f 244//539 297//539 299//539
f 299//540 297//540 244//540
f 243//541 298//541 297//541
f 297//542 298//542 243//542
f 296//585 323//585 271//585
f 271//586 323//586 296//586
f 271//587 324//587 298//587
f 298//588 324//588 271//588
f 274//589 300//589 273//589
f 273//590 300//590 274//590
f 275//591 315//591 274//591
f 274//592 315//592 275//592
f 299//593 325//593 275//593
f 275//594 325//594 299//594
f 218//543 273//543 300//543
f 300//544 273//544 218//544
f 254//561 309//561 301//561
f 301//562 309//562 254//562
f 302//547 247//547 301//547
f 301//548 247//548 302//548
f 303//275 248//275 302//275
f 302//276 248//276 303//276
f 303//595 326//595 276//595
f 276//596 326//596 303//596
f 304//389 276//389 326//389
f 326//390 276//390 304//390
f 304//487 310//487 256//487
f 256//488 310//488 304//488
f 305//597 327//597 277//597
f 277//598 327//598 305//598
f 328//599 280//599 278//599
f 278//600 280//600 328//600
f 329//601 278//601 279//601
f 279//602 278//602 329//602
f 305//549 280//549 330//549
f 330//550 280//550 305//550
f 306//551 277//551 327//551
f 327//552 277//552 306//552
f 306//553 307//603 252//441
f 252//442 307//604 306//554
f 307//297 331//297 281//297
f 281//300 331//300 307//300
f 308//556 281//555 332//605
f 332//606 281//558 308//557
f 308//607 321//607 282//607
f 282//608 321//608 308//608
f 269//559 282//559 321//559
f 321//560 282//560 269//560
f 333//2 286//563 283//2
f 283//3 286//564 333//3
f 285//609 309//609 284//609
f 284//610 309//610 285//610
f 285//515 286//563 334//563
f 334//564 286//564 285//516
f 288//611 311//611 287//611
f 287//612 311//612 288//612
f 289//591 335//591 288//591
f 288//592 335//592 289//592
f 310//613 312//613 289//613
f 289//614 312//614 310//614
f 290//565 287//565 311//565
f 311//566 287//566 290//566
f 335//288 258//288 311//288
f 311//287 258//287 335//287
f 336//288 259//567 312//288
f 312//287 259//568 336//287
f 312//288 258//288 335//288
f 335//287 258//287 312//287
f 337//569 260//569 313//567
f 313//568 260//570 337//570
f 259//567 338//288 313//567
f 313//568 338//287 259//568
f 339//569 291//569 314//569
f 314//570 291//570 339//570
f 314//569 260//569 337//569
f 337//570 260//570 314//570
f 315//288 263//288 300//288
f 300//287 263//287 315//287
f 325//288 292//288 315//288
f 315//287 292//287 325//287
f 266//571 316//571 319//571
f 319//572 316//572 266//572
f 264//573 317//573 316//573
f 316//574 317//574 264//574
f 265//575 318//575 317//575
f 317//576 318//576 265//576
f 325//288 318//288 292//288
f 292//287 318//287 325//287
f 319//615 340//615 293//615
f 293//616 340//616 319//616
f 294//577 293//577 340//577
f 340//578 293//578 294//578
f 295//579 294//579 341//579
f 341//580 294//580 295//580
f 341//617 320//617 295//617
f 295//618 320//618 341//618
f 283//2 320//536 333//2
f 333//3 320//538 283//3
f 270//581 321//581 322//581
f 322//582 321//582 270//582
f 296//583 322//583 342//583
f 342//584 322//584 296//584
f 313//619 299//619 297//619
f 297//620 299//620 313//620
f 337//621 297//621 298//621
f 298//622 297//622 337//622
f 323//585 296//585 342//585
f 342//586 296//586 323//586
f 324//587 271//587 323//587
f 323//588 271//588 324//588
f 314//623 298//623 324//623
f 324//624 298//624 314//624
f 300//589 274//589 315//589
f 315//590 274//590 300//590
f 315//591 275//591 325//591
f 325//592 275//592 315//592
f 325//593 299//593 343//593
f 343//594 299//594 325//594
f 309//625 302//625 301//625
f 301//626 302//626 309//626
f 344//233 303//233 302//233
f 302//234 303//234 344//234
f 326//595 303//595 345//595
f 345//596 303//596 326//596
f 326//627 346//627 304//627
f 304//628 346//628 326//628
f 310//487 304//487 346//487
f 346//488 304//488 310//488
f 327//597 305//597 347//597
f 347//598 305//598 327//598
f 280//599 328//599 330//599
f 330//600 328//600 280//600
f 278//601 329//601 328//601
f 328//602 329//602 278//602
f 330//629 347//629 305//629
f 305//630 347//630 330//630
f 327//631 348//631 306//631
f 306//632 348//632 327//632
f 307//603 306//553 348//633
f 348//634 306//554 307//604
f 349//297 331//297 307//297
f 307//300 331//300 349//300
f 331//635 350//636 281//555
f 281//558 350//637 331//638
f 350//636 332//605 281//555
f 281//558 332//606 350//637
f 332//639 351//639 308//639
f 308//640 351//640 332//640
f 321//607 308//607 351//607
f 351//608 308//608 321//608
f 286//563 333//2 334//563
f 334//564 333//3 286//564
f 309//609 285//609 352//609
f 352//610 285//610 309//610
f 334//21 352//21 285//21
f 285//22 352//22 334//22
f 311//611 288//611 335//611
f 335//612 288//612 311//612
f 335//591 289//591 312//591
f 312//592 289//592 335//592
f 312//613 310//613 336//613
f 336//614 310//614 312//614
f 353//288 259//567 336//288
f 336//287 259//568 353//287
f 297//621 337//621 313//621
f 313//622 337//622 297//622
f 338//288 259//567 354//288
f 354//287 259//568 338//287
f 355//288 313//567 338//288
f 338//287 313//568 355//287
f 339//569 356//569 291//569
f 291//570 356//570 339//570
f 324//641 339//641 314//641
f 314//642 339//642 324//642
f 298//623 314//623 337//623
f 337//624 314//624 298//624
f 357//643 319//643 316//643
f 316//644 319//644 357//644
f 358//645 316//645 317//645
f 317//646 316//646 358//646
f 359//647 317//647 318//647
f 318//648 317//648 359//648
f 325//288 359//288 318//288
f 318//287 359//287 325//287
f 340//615 319//615 360//615
f 360//616 319//616 340//616
f 340//649 341//649 294//649
f 294//650 341//650 340//650
f 320//617 341//617 361//617
f 361//618 341//618 320//618
f 361//17 333//17 320//17
f 320//18 333//18 361//18
f 351//651 322//651 321//651
f 321//652 322//652 351//652
f 362//653 342//653 322//653
f 322//654 342//654 362//654
f 299//619 313//619 343//619
f 343//620 313//620 299//620
f 342//655 363//655 323//655
f 323//656 363//656 342//656
f 323//657 364//657 324//657
f 324//658 364//658 323//658
f 343//288 359//288 325//288
f 325//287 359//287 343//287
f 302//625 309//625 344//625
f 344//626 309//626 302//626
f 303//233 344//233 365//233
f 365//234 344//234 303//234
f 303//659 366//659 345//659
f 345//660 366//660 303//660
f 345//661 367//661 326//661
f 326//662 367//662 345//662
f 346//627 326//627 367//627
f 367//628 326//628 346//628
f 346//543 336//543 310//543
f 310//544 336//544 346//544
f 347//663 368//663 327//663
f 327//664 368//664 347//664
f 369//665 330//665 328//665
f 328//666 330//666 369//666
f 370//667 328//667 329//667
f 329//668 328//668 370//668
f 347//629 330//629 371//629
f 371//630 330//630 347//630
f 348//631 327//631 368//631
f 368//632 327//632 348//632
f 372//669 307//603 348//633
f 348//634 307//604 372//670
f 349//297 373//297 331//297
f 331//300 373//300 349//300
f 372//669 349//671 307//603
f 307//604 349//672 372//670
f 350//636 331//635 374//673
f 374//674 331//638 350//637
f 350//675 375//675 332//675
f 332//676 375//676 350//676
f 351//639 332//639 375//639
f 375//640 332//640 351//640
f 376//15 334//15 333//15
f 333//16 334//16 376//16
f 352//677 344//677 309//677
f 309//678 344//678 352//678
f 352//21 334//21 377//21
f 377//22 334//22 352//22
f 354//288 259//567 353//288
f 353//287 259//568 354//287
f 336//543 346//543 353//543
f 353//544 346//544 336//544
f 354//395 378//395 338//395
f 338//396 378//396 354//396
f 379//288 313//567 355//288
f 355//287 313//568 379//287
f 378//333 355//333 338//333
f 338//334 355//334 378//334
f 380//569 356//569 339//569
f 339//570 356//570 380//570
f 356//679 329//679 291//679
f 291//680 329//680 356//680
f 339//641 324//641 364//641
f 364//642 324//642 339//642
f 319//643 357//643 360//643
f 360//644 357//644 319//644
f 316//645 358//645 357//645
f 357//646 358//646 316//646
f 317//647 359//647 358//647
f 358//648 359//648 317//648
f 360//681 381//681 340//681
f 340//682 381//682 360//682
f 341//649 340//649 381//649
f 381//650 340//650 341//650
f 381//683 361//683 341//683
f 341//684 361//684 381//684
f 333//17 361//17 376//17
f 376//18 361//18 333//18
f 322//651 351//651 362//651
f 362//652 351//652 322//652
f 342//653 362//653 382//653
f 382//654 362//654 342//654
f 313//567 383//288 343//288
f 343//287 383//287 313//568
f 363//655 342//655 382//655
f 382//656 342//656 363//656
f 364//657 323//657 363//657
f 363//658 323//658 364//658
f 343//288 384//288 359//288
f 359//287 384//287 343//287
f 385//149 365//149 344//149
f 344//150 365//150 385//150
f 366//659 303//659 365//659
f 365//660 303//660 366//660
f 386//685 345//685 366//685
f 366//686 345//686 386//686
f 367//661 345//661 378//661
f 378//662 345//662 367//662
f 367//497 353//497 346//497
f 346//498 353//498 367//498
f 368//663 347//663 387//663
f 387//664 347//664 368//664
f 330//665 369//665 371//665
f 371//666 369//666 330//666
f 328//667 370//667 369//667
f 369//668 370//668 328//668
f 329//679 356//679 370//679
f 370//680 356//680 329//680
f 371//687 387//687 347//687
f 347//688 387//688 371//688
f 368//689 372//689 348//689
f 348//690 372//690 368//690
f 388//297 373//297 349//297
f 349//300 373//300 388//300
f 373//691 389//692 331//635
f 331//638 389//693 373//694
f 349//671 372//669 390//695
f 390//696 372//670 349//672
f 389//692 374//673 331//635
f 331//638 374//674 389//693
f 374//697 391//697 350//697
f 350//698 391//698 374//698
f 375//675 350//675 391//675
f 391//676 350//676 375//676
f 375//699 362//699 351//699
f 351//700 362//700 375//700
f 334//15 376//15 377//15
f 377//16 376//16 334//16
f 344//677 352//677 385//677
f 385//678 352//678 344//678
f 377//51 385//51 352//51
f 352//52 385//52 377//52
f 353//497 367//497 354//497
f 354//498 367//498 353//498
f 378//395 354//395 367//395
f 367//396 354//396 378//396
f 392//288 313//567 379//288
f 379//287 313//568 392//287
f 386//285 379//285 355//285
f 355//286 379//286 386//286
f 355//333 378//333 386//333
f 386//334 378//334 355//334
f 380//569 393//569 356//569
f 356//570 393//570 380//570
f 394//701 380//701 339//701
f 339//702 380//702 394//702
f 357//703 395//703 360//703
f 360//704 395//704 357//704
f 358//705 396//705 357//705
f 357//706 396//706 358//706
f 359//707 397//707 358//707
f 358//708 397//708 359//708
f 381//681 360//681 395//681
f 395//682 360//682 381//682
f 361//683 381//683 398//683
f 398//684 381//684 361//684
f 361//43 399//43 376//43
f 376//44 399//44 361//44
f 400//709 382//709 362//709
f 362//710 382//710 400//710
f 383//288 313//567 401//288
f 401//287 313//568 383//287
f 343//288 383//288 384//288
f 384//287 383//287 343//287
f 382//711 402//711 363//711
f 363//712 402//712 382//712
f 363//713 394//713 364//713
f 364//714 394//714 363//714
f 397//707 359//707 384//707
f 384//708 359//708 397//708
f 365//149 385//149 403//149
f 403//150 385//150 365//150
f 365//193 404//193 366//193
f 366//194 404//194 365//194
f 345//685 386//685 378//685
f 378//686 386//686 345//686
f 366//715 405//715 386//715
f 386//716 405//716 366//716
f 387//717 406//717 368//717
f 368//718 406//718 387//718
f 407//719 371//719 369//719
f 369//720 371//720 407//720
f 408//721 369//721 370//721
f 370//722 369//722 408//722
f 387//687 371//687 409//687
f 409//688 371//688 387//688
f 372//689 368//689 406//689
f 406//690 368//690 372//690
f 388//297 410//297 373//297
f 373//300 410//300 388//300
f 411//723 388//724 349//671
f 349//672 388//725 411//726
f 389//692 373//691 412//727
f 412//728 373//694 389//693
f 406//729 390//729 372//729
f 372//730 390//730 406//730
f 411//723 349//671 390//695
f 390//696 349//672 411//726
f 389//731 413//731 374//731
f 374//732 413//732 389//732
f 391//697 374//697 413//697
f 413//698 374//698 391//698
f 391//733 400//733 375//733
f 375//734 400//734 391//734
f 362//699 375//699 400//699
f 400//700 375//700 362//700
f 399//39 377//39 376//39
f 376//40 377//40 399//40
f 385//51 377//51 414//51
f 414//52 377//52 385//52
f 401//288 313//567 392//288
f 392//287 313//568 401//287
f 405//283 392//283 379//283
f 379//284 392//284 405//284
f 379//285 386//285 405//285
f 405//286 386//286 379//286
f 415//569 393//569 380//569
f 380//570 393//570 415//570
f 393//735 408//735 356//735
f 356//736 408//736 393//736
f 380//701 394//701 416//701
f 416//702 394//702 380//702
f 395//703 357//703 396//703
f 396//704 357//704 395//704
f 396//705 358//705 397//705
f 397//706 358//706 396//706
f 395//737 398//737 381//737
f 381//738 398//738 395//738
f 399//43 361//43 398//43
f 398//44 361//44 399//44
f 382//709 400//709 417//709
f 417//710 400//710 382//710
f 418//305 383//305 401//305
f 401//306 383//306 418//306
f 419//739 384//739 383//739
f 383//740 384//740 419//740
f 402//711 382//711 417//711
f 417//712 382//712 402//712
f 394//713 363//713 402//713
f 402//714 363//714 394//714
f 384//739 419//739 397//739
f 397//740 419//740 384//740
f 414//97 403//97 385//97
f 385//98 403//98 414//98
f 404//193 365//193 403//193
f 403//194 365//194 404//194
f 405//715 366//715 404//715
f 404//716 366//716 405//716
f 406//717 387//717 420//717
f 420//718 387//718 406//718
f 371//719 407//719 409//719
f 409//720 407//720 371//720
f 369//721 408//721 407//721
f 407//722 408//722 369//722
f 409//741 420//741 387//741
f 387//742 420//742 409//742
f 421//297 410//297 388//297
f 388//300 410//300 421//300
f 410//743 422//744 373//691
f 373//694 422//745 410//746
f 388//724 411//723 423//747
f 423//748 411//726 388//725
f 422//744 412//727 373//691
f 373//694 412//728 422//745
f 412//749 424//749 389//749
f 389//750 424//750 412//750
f 390//729 406//729 425//729
f 425//730 406//730 390//730
f 425//751 411//751 390//751
f 390//752 411//752 425//752
f 413//731 389//731 424//731
f 424//732 389//732 413//732
f 413//753 426//753 391//753
f 391//754 426//754 413//754
f 400//733 391//733 426//733
f 426//734 391//734 400//734
f 377//39 399//39 414//39
f 414//40 399//40 377//40
f 427//281 401//281 392//281
f 392//282 401//282 427//282
f 392//283 405//283 427//283
f 427//284 405//284 392//284
f 415//569 428//569 393//569
f 393//570 428//570 415//570
f 429//755 415//755 380//755
f 380//756 415//756 429//756
f 408//735 393//735 430//735
f 430//736 393//736 408//736
f 402//757 416//757 394//757
f 394//758 416//758 402//758
f 396//759 431//759 395//759
f 395//760 431//760 396//760
f 397//761 432//761 396//761
f 396//762 432//762 397//762
f 398//737 395//737 431//737
f 431//738 395//738 398//738
f 431//79 399//79 398//79
f 398//80 399//80 431//80
f 426//763 417//763 400//763
f 400//764 417//764 426//764
f 383//305 418//305 419//305
f 419//306 418//306 383//306
f 401//281 427//281 418//281
f 418//282 427//282 401//282
f 417//765 433//765 402//765
f 402//766 433//766 417//766
f 432//761 397//761 419//761
f 419//762 397//762 432//762
f 403//97 414//97 434//97
f 434//98 414//98 403//98
f 403//767 435//767 404//767
f 404//768 435//768 403//768
f 404//769 427//769 405//769
f 405//770 427//770 404//770
f 420//771 425//771 406//771
f 406//772 425//772 420//772
f 436//773 409//773 407//773
f 407//774 409//774 436//774
f 430//775 407//775 408//775
f 408//776 407//776 430//776
f 420//741 409//741 437//741
f 437//742 409//742 420//742
f 421//297 438//297 410//297
f 410//300 438//300 421//300
f 439//777 421//778 388//724
f 388//725 421//779 439//780
f 422//744 410//743 440//781
f 440//782 410//746 422//745
f 441//783 423//783 411//783
f 411//784 423//784 441//784
f 439//777 388//724 423//747
f 423//748 388//725 439//780
f 422//785 442//785 412//785
f 412//786 442//786 422//786
f 424//749 412//749 442//749
f 442//750 412//750 424//750
f 411//751 425//751 441//751
f 441//752 425//752 411//752
f 424//787 443//787 413//787
f 413//788 443//788 424//788
f 426//753 413//753 443//753
f 443//754 413//754 426//754
f 444//69 414//69 399//69
f 399//70 414//70 444//70
f 445//569 428//569 415//569
f 415//570 428//570 445//570
f 428//789 446//789 393//789
f 393//790 446//790 428//790
f 415//755 429//755 447//755
f 447//756 429//756 415//756
f 416//757 402//757 433//757
f 433//758 402//758 416//758
f 431//759 396//759 432//759
f 432//760 396//760 431//760
f 399//79 431//79 444//79
f 444//80 431//80 399//80
f 417//763 426//763 448//763
f 448//764 426//764 417//764
f 449//211 419//211 418//211
f 418//212 419//212 449//212
f 435//195 418//195 427//195
f 427//196 418//196 435//196
f 433//765 417//765 448//765
f 448//766 417//766 433//766
f 419//211 449//211 432//211
f 432//212 449//212 419//212
f 414//69 444//69 434//69
f 434//70 444//70 414//70
f 435//767 403//767 434//767
f 434//768 403//768 435//768
f 427//769 404//769 435//769
f 435//770 404//770 427//770
f 425//771 420//771 450//771
f 450//772 420//772 425//772
f 409//773 436//773 437//773
f 437//774 436//774 409//774
f 407//775 430//775 436//775
f 436//776 430//776 407//776
f 437//791 450//791 420//791
f 420//792 450//792 437//792
f 451//297 438//297 421//297
f 421//300 438//300 451//300
f 438//793 452//794 410//743
f 410//746 452//795 438//796
f 421//778 439//777 453//797
f 453//798 439//780 421//779
f 452//794 440//781 410//743
f 410//746 440//782 452//795
f 440//799 454//799 422//799
f 422//800 454//800 440//800
f 423//783 441//783 455//783
f 455//784 441//784 423//784
f 455//801 439//801 423//801
f 423//802 439//802 455//802
f 442//785 422//785 454//785
f 454//786 422//786 442//786
f 442//803 456//803 424//803
f 424//804 456//804 442//804
f 450//805 441//805 425//805
f 425//806 441//806 450//806
f 443//787 424//787 456//787
f 456//788 424//788 443//788
f 443//807 448//807 426//807
f 426//808 448//808 443//808
f 445//569 457//569 428//569
f 428//570 457//570 445//570
f 458//809 445//809 415//809
f 415//810 445//810 458//810
f 446//789 428//789 459//789
f 459//790 428//790 446//790
f 460//811 447//811 429//811
f 429//812 447//812 460//812
f 433//813 429//813 416//813
f 416//814 429//814 433//814
f 432//129 444//129 431//129
f 431//130 444//130 432//130
f 418//195 435//195 449//195
f 449//196 435//196 418//196
f 448//815 460//815 433//815
f 433//816 460//816 448//816
f 444//129 432//129 449//129
f 449//130 432//130 444//130
f 449//817 434//817 444//817
f 444//818 434//818 449//818
f 434//817 449//817 435//817
f 435//818 449//818 434//818
f 461//819 437//819 436//819
f 436//820 437//820 461//820
f 446//821 436//821 430//821
f 430//822 436//822 446//822
f 450//791 437//791 462//791
f 462//792 437//792 450//792
f 451//297 463//297 438//297
f 438//300 463//300 451//300
f 464//823 451//824 421//778
f 421//779 451//825 464//826
f 452//794 438//793 465//827
f 465//828 438//796 452//795
f 466//829 453//829 439//829
f 439//830 453//830 466//830
f 464//823 421//778 453//797
f 453//798 421//779 464//826
f 452//831 467//831 440//831
f 440//832 467//832 452//832
f 454//799 440//799 467//799
f 467//800 440//800 454//800
f 468//833 455//833 441//833
f 441//834 455//834 468//834
f 439//801 455//801 466//801
f 466//802 455//802 439//802
f 454//835 469//835 442//835
f 442//836 469//836 454//836
f 456//803 442//803 469//803
f 469//804 442//804 456//804
f 441//805 450//805 468//805
f 468//806 450//806 441//806
f 456//837 470//837 443//837
f 443//838 470//838 456//838
f 448//807 443//807 470//807
f 470//808 443//808 448//808
f 471//569 457//569 445//569
f 445//570 457//570 471//570
f 457//839 472//839 428//839
f 428//840 472//840 457//840
f 445//809 458//809 473//809
f 473//810 458//810 445//810
f 459//841 461//841 446//841
f 446//842 461//842 459//842
f 447//811 460//811 474//811
f 474//812 460//812 447//812
f 429//813 433//813 460//813
f 460//814 433//814 429//814
f 460//815 448//815 470//815
f 470//816 448//816 460//816
f 437//819 461//819 462//819
f 462//820 461//820 437//820
f 436//821 446//821 461//821
f 461//822 446//822 436//822
f 462//843 468//843 450//843
f 450//844 468//844 462//844
f 475//297 463//297 451//297
f 451//300 463//300 475//300
f 463//845 476//846 438//793
f 438//796 476//847 463//848
f 451//824 464//823 477//849
f 477//850 464//826 451//825
f 476//846 465//827 438//793
f 438//796 465//828 476//847
f 465//851 478//851 452//851
f 452//852 478//852 465//852
f 453//829 466//829 479//829
f 479//830 466//830 453//830
f 479//853 464//853 453//853
f 453//854 464//854 479//854
f 467//831 452//831 478//831
f 478//832 452//832 467//832
f 467//855 480//855 454//855
f 454//856 480//856 467//856
f 455//833 468//833 481//833
f 481//834 468//834 455//834
f 481//857 466//857 455//857
f 455//858 466//858 481//858
f 469//835 454//835 480//835
f 480//836 454//836 469//836
f 469//859 482//859 456//859
f 456//860 482//860 469//860
f 470//837 456//837 482//837
f 482//838 456//838 470//838
f 471//569 483//569 457//569
f 457//570 483//570 471//570
f 484//861 471//861 445//861
f 445//862 471//862 484//862
f 472//839 457//839 485//839
f 485//840 457//840 472//840
f 486//863 473//863 458//863
f 458//864 473//864 486//864
f 461//841 459//841 487//841
f 487//842 459//842 461//842
f 470//865 474//865 460//865
f 460//866 474//866 470//866
f 474//867 458//867 447//867
f 447//868 458//868 474//868
f 487//869 462//869 461//869
f 461//870 462//870 487//870
f 468//843 462//843 488//843
f 488//844 462//844 468//844
f 475//297 489//297 463//297
f 463//300 489//300 475//300
f 490//871 475//872 451//824
f 451//825 475//873 490//874
f 476//846 463//845 491//875
f 491//876 463//848 476//847
f 492//877 477//877 464//877
f 464//878 477//878 492//878
f 490//871 451//824 477//849
f 477//850 451//825 490//874
f 476//879 493//879 465//879
f 465//880 493//880 476//880
f 478//851 465//851 493//851
f 493//852 465//852 478//852
f 494//881 479//881 466//881
f 466//882 479//882 494//882
f 464//853 479//853 492//853
f 492//854 479//854 464//854
f 478//883 495//883 467//883
f 467//884 495//884 478//884
f 480//855 467//855 495//855
f 495//856 467//856 480//856
f 488//885 481//885 468//885
f 468//886 481//886 488//886
f 466//857 481//857 494//857
f 494//858 481//858 466//858
f 480//887 496//887 469//887
f 469//888 496//888 480//888
f 482//859 469//859 496//859
f 496//860 469//860 482//860
f 474//865 470//865 482//865
f 482//866 470//866 474//866
f 497//569 483//569 471//569
f 471//570 483//570 497//570
f 483//889 498//889 457//889
f 457//890 498//890 483//890
f 471//861 484//861 499//861
f 499//862 484//862 471//862
f 485//891 500//891 472//891
f 472//892 500//892 485//892
f 473//863 486//863 501//863
f 501//864 486//864 473//864
f 458//867 474//867 486//867
f 486//868 474//868 458//868
f 472//893 487//893 459//893
f 459//894 487//894 472//894
f 462//869 487//869 488//869
f 488//870 487//870 462//870
f 502//297 489//297 475//297
f 475//300 489//300 502//300
f 489//895 503//896 463//845
f 463//848 503//897 489//898
f 475//872 490//871 504//899
f 504//900 490//874 475//873
f 503//896 491//875 463//845
f 463//848 491//876 503//897
f 491//901 505//901 476//901
f 476//902 505//902 491//902
f 477//877 492//877 506//877
f 506//878 492//878 477//878
f 506//903 490//903 477//903
f 477//904 490//904 506//904
f 493//879 476//879 505//879
f 505//880 476//880 493//880
f 493//905 507//905 478//905
f 478//906 507//906 493//906
f 479//881 494//881 508//881
f 508//882 494//882 479//882
f 508//907 492//907 479//907
f 479//908 492//908 508//908
f 495//883 478//883 507//883
f 507//884 478//884 495//884
f 495//909 509//909 480//909
f 480//910 509//910 495//910
f 481//885 488//885 510//885
f 510//886 488//886 481//886
f 510//911 494//911 481//911
f 481//912 494//912 510//912
f 496//887 480//887 509//887
f 509//888 480//888 496//888
f 486//913 482//913 496//913
f 496//914 482//914 486//914
f 482//913 486//913 474//913
f 474//914 486//914 482//914
f 497//569 511//569 483//569
f 483//570 511//570 497//570
f 512//915 497//915 471//915
f 471//916 497//916 512//916
f 498//889 483//889 513//889
f 513//890 483//890 498//890
f 514//917 499//917 484//917
f 484//918 499//918 514//918
f 500//891 485//891 515//891
f 515//892 485//892 500//892
f 487//893 472//893 500//893
f 500//894 472//894 487//894
f 496//919 501//919 486//919
f 486//920 501//920 496//920
f 501//921 484//921 473//921
f 473//922 484//922 501//922
f 500//923 488//923 487//923
f 487//924 488//924 500//924
f 502//297 516//297 489//297
f 489//300 516//300 502//300
f 517//925 502//926 475//872
f 475//873 502//927 517//928
f 503//896 489//895 518//895
f 518//898 489//898 503//897
f 519//929 504//929 490//929
f 490//930 504//930 519//930
f 517//925 475//872 504//899
f 504//900 475//873 517//928
f 503//931 520//931 491//931
f 491//932 520//932 503//932
f 505//901 491//901 520//901
f 520//902 491//902 505//902
f 521//933 506//933 492//933
f 492//934 506//934 521//934
f 490//903 506//903 519//903
f 519//904 506//904 490//904
f 505//935 522//935 493//935
f 493//936 522//936 505//936
f 507//905 493//905 522//905
f 522//906 493//906 507//906
f 523//937 508//937 494//937
f 494//938 508//938 523//938
f 492//907 508//907 521//907
f 521//908 508//908 492//908
f 507//939 524//939 495//939
f 495//940 524//940 507//940
f 509//909 495//909 524//909
f 524//910 495//910 509//910
f 488//923 500//923 510//923
f 510//924 500//924 488//924
f 494//911 510//911 523//911
f 523//912 510//912 494//912
f 501//919 496//919 509//919
f 509//920 496//920 501//920
f 525//569 511//569 497//569
f 497//570 511//570 525//570
f 511//941 526//941 483//941
f 483//942 526//942 511//942
f 497//915 512//915 527//915
f 527//916 512//916 497//916
f 513//943 528//943 498//943
f 498//944 528//944 513//944
f 499//917 514//917 529//917
f 529//918 514//918 499//918
f 484//921 501//921 514//921
f 514//922 501//922 484//922
f 498//945 515//945 485//945
f 485//946 515//946 498//946
f 515//947 510//947 500//947
f 500//948 510//948 515//948
f 530//297 516//297 502//297
f 502//300 516//300 530//300
f 502//926 517//925 531//949
f 531//950 517//928 502//927
f 532//951 518//895 489//895
f 489//898 518//898 532//952
f 518//953 533//953 503//953
f 503//954 533//954 518//954
f 504//929 519//929 534//929
f 534//930 519//930 504//930
f 534//955 517//955 504//955
f 504//956 517//956 534//956
f 520//931 503//931 533//931
f 533//932 503//932 520//932
f 520//957 535//957 505//957
f 505//958 535//958 520//958
f 506//933 521//933 536//933
f 536//934 521//934 506//934
f 536//959 519//959 506//959
f 506//960 519//960 536//960
f 522//935 505//935 535//935
f 535//936 505//936 522//936
f 522//961 537//961 507//961
f 507//962 537//962 522//962
f 508//937 523//937 538//937
f 538//938 523//938 508//938
f 538//963 521//963 508//963
f 508//964 521//964 538//964
f 524//939 507//939 537//939
f 537//940 507//940 524//940
f 514//965 509//965 524//965
f 524//966 509//966 514//966
f 510//947 515//947 523//947
f 523//948 515//948 510//948
f 509//965 514//965 501//965
f 501//966 514//966 509//966
f 525//569 539//569 511//569
f 511//570 539//570 525//570
f 540//967 525//967 497//967
f 497//968 525//968 540//968
f 526//941 511//941 541//941
f 541//942 511//942 526//942
f 542//969 527//969 512//969
f 512//970 527//970 542//970
f 528//943 513//943 543//943
f 543//944 513//944 528//944
f 515//945 498//945 528//945
f 528//946 498//946 515//946
f 524//971 529//971 514//971
f 514//972 529//972 524//972
f 529//973 512//973 499//973
f 499//974 512//974 529//974
f 530//297 544//297 516//297
f 516//300 544//300 530//300
f 545//975 530//976 502//926
f 502//927 530//977 545//978
f 546//979 531//979 517//979
f 517//980 531//980 546//980
f 547//981 502//926 531//949
f 531//950 502//927 547//982
f 532//983 548//983 518//983
f 518//984 548//984 532//984
f 533//953 518//953 548//953
f 548//954 518//954 533//954
f 549//985 534//985 519//985
f 519//986 534//986 549//986
f 517//955 534//955 546//955
f 546//956 534//956 517//956
f 533//987 550//987 520//987
f 520//988 550//988 533//988
f 535//957 520//957 550//957
f 550//958 520//958 535//958
f 551//989 536//989 521//989
f 521//990 536//990 551//990
f 519//959 536//959 549//959
f 549//960 536//960 519//960
f 535//991 552//991 522//991
f 522//992 552//992 535//992
f 537//961 522//961 552//961
f 552//962 522//962 537//962
f 523//993 528//993 538//993
f 538//994 528//994 523//994
f 521//963 538//963 551//963
f 551//964 538//964 521//964
f 529//971 524//971 537//971
f 537//972 524//972 529//972
f 528//993 523//993 515//993
f 515//994 523//994 528//994
f 525//569 553//569 539//569
f 539//570 553//570 525//570
f 539//995 554//995 511//995
f 511//996 554//996 539//996
f 525//967 540//967 555//967
f 555//968 540//968 525//968
f 541//997 556//997 526//997
f 526//998 556//998 541//998
f 527//969 542//969 557//969
f 557//970 542//970 527//970
f 512//973 529//973 542//973
f 542//974 529//974 512//974
f 526//999 543//999 513//999
f 513//1000 543//1000 526//1000
f 543//1001 538//1001 528//1001
f 528//1002 538//1002 543//1002
f 558//297 544//297 530//297
f 530//300 544//300 558//300
f 530//976 545//975 559//1003
f 559//1004 545//978 530//977
f 545//975 502//926 547//981
f 547//982 502//927 545//978
f 531//979 546//979 560//979
f 560//980 546//980 531//980
f 560//1005 547//1005 531//1005
f 531//1006 547//1006 560//1006
f 548//983 532//983 561//983
f 561//984 532//984 548//984
f 548//1007 562//1007 533//1007
f 533//1008 562//1008 548//1008
f 534//985 549//985 563//985
f 563//986 549//986 534//986
f 563//1009 546//1009 534//1009
f 534//1010 546//1010 563//1010
f 550//987 533//987 562//987
f 562//988 533//988 550//988
f 550//1011 564//1011 535//1011
f 535//1012 564//1012 550//1012
f 536//989 551//989 565//989
f 565//990 551//990 536//990
f 565//1013 549//1013 536//1013
f 536//1014 549//1014 565//1014
f 552//991 535//991 564//991
f 564//992 535//992 552//992
f 542//1015 537//1015 552//1015
f 552//1016 537//1016 542//1016
f 538//1001 543//1001 551//1001
f 551//1002 543//1002 538//1002
f 537//1015 542//1015 529//1015
f 529//1016 542//1016 537//1016
f 566//569 553//569 525//569
f 525//570 553//570 566//570
f 553//1017 567//1017 539//1017
f 539//1018 567//1018 553//1018
f 554//995 539//995 568//995
f 568//996 539//996 554//996
f 569//1019 555//1019 540//1019
f 540//1020 555//1020 569//1020
f 556//997 541//997 570//997
f 570//998 541//998 556//998
f 543//999 526//999 556//999
f 556//1000 526//1000 543//1000
f 552//1021 557//1021 542//1021
f 542//1022 557//1022 552//1022
f 557//1023 540//1023 527//1023
f 527//1024 540//1024 557//1024
f 558//297 571//297 544//297
f 544//300 571//300 558//300
f 572//1025 558//1026 530//976
f 530//977 558//1027 572//1028
f 573//1029 559//1029 545//1029
f 545//1030 559//1030 573//1030
f 572//1025 530//976 559//1003
f 559//1004 530//977 572//1028
f 574//1031 545//1031 547//1031
f 547//1032 545//1032 574//1032
f 575//1033 560//1033 546//1033
f 546//1034 560//1034 575//1034
f 547//1005 560//1005 574//1005
f 574//1006 560//1006 547//1006
f 576//1035 561//1035 532//1035
f 532//1036 561//1036 576//1036
f 561//1037 577//1037 548//1037
f 548//1038 577//1038 561//1038
f 562//1007 548//1007 577//1007
f 577//1008 548//1008 562//1008
f 578//1039 563//1039 549//1039
f 549//1040 563//1040 578//1040
f 546//1009 563//1009 575//1009
f 575//1010 563//1010 546//1010
f 562//1041 579//1041 550//1041
f 550//1042 579//1042 562//1042
f 564//1011 550//1011 579//1011
f 579//1012 550//1012 564//1012
f 551//1043 556//1043 565//1043
f 565//1044 556//1044 551//1044
f 549//1013 565//1013 578//1013
f 578//1014 565//1014 549//1014
f 557//1021 552//1021 564//1021
f 564//1022 552//1022 557//1022
f 556//1043 551//1043 543//1043
f 543//1044 551//1044 556//1044
f 566//569 580//569 553//569
f 553//570 580//570 566//570
f 581//1045 566//1045 525//1045
f 525//1046 566//1046 581//1046
f 567//1017 553//1017 582//1017
f 582//1018 553//1018 567//1018
f 568//1047 583//1047 554//1047
f 554//1048 583//1048 568//1048
f 555//1019 569//1019 584//1019
f 584//1020 569//1020 555//1020
f 540//1023 557//1023 569//1023
f 569//1024 557//1024 540//1024
f 554//1049 570//1049 541//1049
f 541//1050 570//1050 554//1050
f 570//1051 565//1051 556//1051
f 556//1052 565//1052 570//1052
f 585//297 571//297 558//297
f 558//300 571//300 585//300
f 586//1053 544//1054 571//1055
f 571//1056 544//1057 586//1058
f 558//1026 572//1025 587//1059
f 587//1060 572//1028 558//1027
f 559//1029 573//1029 588//1029
f 588//1030 573//1030 559//1030
f 545//1031 574//1031 573//1031
f 573//1032 574//1032 545//1032
f 588//1061 572//1061 559//1061
f 559//1062 572//1062 588//1062
f 560//1033 575//1033 589//1033
f 589//1034 575//1034 560//1034
f 589//1063 574//1063 560//1063
f 560//1064 574//1064 589//1064
f 561//1035 576//1035 590//1035
f 590//1036 576//1036 561//1036
f 577//1037 561//1037 591//1037
f 591//1038 561//1038 577//1038
f 577//1065 592//1065 562//1065
f 562//1066 592//1066 577//1066
f 563//1039 578//1039 593//1039
f 593//1040 578//1040 563//1040
f 593//1067 575//1067 563//1067
f 563//1068 575//1068 593//1068
f 579//1041 562//1041 592//1041
f 592//1042 562//1042 579//1042
f 569//1069 564//1069 579//1069
f 579//1070 564//1070 569//1070
f 565//1051 570//1051 578//1051
f 578//1052 570//1052 565//1052
f 564//1069 569//1069 557//1069
f 557//1070 569//1070 564//1070
f 594//569 580//569 566//569
f 566//570 580//570 594//570
f 580//1071 582//1071 553//1071
f 553//1072 582//1072 580//1072
f 566//1045 581//1045 595//1045
f 595//1046 581//1046 566//1046
f 582//1073 596//1073 567//1073
f 567//1074 596//1074 582//1074
f 583//1047 568//1047 597//1047
f 597//1048 568//1048 583//1048
f 570//1049 554//1049 583//1049
f 583//1050 554//1050 570//1050
f 579//1075 584//1075 569//1075
f 569//1076 584//1076 579//1076
f 584//1077 581//1077 555//1077
f 555//1078 581//1078 584//1078
f 585//297 598//297 571//297
f 571//300 598//300 585//300
f 599//1079 585//1080 558//1026
f 558//1027 585//1081 599//1082
f 544//1054 586//1053 600//1054
f 600//1057 586//1058 544//1057
f 586//1053 571//1055 601//1083
f 601//1084 571//1056 586//1058
f 602//1085 587//1085 572//1085
f 572//1086 587//1086 602//1086
f 599//1079 558//1026 587//1059
f 587//1060 558//1027 599//1082
f 603//1087 588//1087 573//1087
f 573//1088 588//1088 603//1088
f 604//1089 573//1089 574//1089
f 574//1090 573//1090 604//1090
f 572//1061 588//1061 602//1061
f 602//1062 588//1062 572//1062
f 575//1091 605//1091 589//1091
f 589//1092 605//1092 575//1092
f 574//1063 589//1063 604//1063
f 604//1064 589//1064 574//1064
f 600//1093 590//1093 576//1093
f 576//1094 590//1094 600//1094
f 590//1095 591//1095 561//1095
f 561//1096 591//1096 590//1096
f 606//1097 577//1097 591//1097
f 591//1098 577//1098 606//1098
f 592//1065 577//1065 607//1065
f 607//1066 577//1066 592//1066
f 578//1099 583//1099 593//1099
f 593//1100 583//1100 578//1100
f 575//1067 593//1067 608//1067
f 608//1068 593//1068 575//1068
f 584//1075 579//1075 592//1075
f 592//1076 579//1076 584//1076
f 583//1099 578//1099 570//1099
f 570//1100 578//1100 583//1100
f 594//569 609//569 580//569
f 580//570 609//570 594//570
f 610//1101 594//1101 566//1101
f 566//1102 594//1102 610//1102
f 582//1071 580//1071 611//1071
f 611//1072 580//1072 582//1072
f 612//1103 595//1103 581//1103
f 581//1104 595//1104 612//1104
f 596//1073 582//1073 613//1073
f 613//1074 582//1074 596//1074
f 597//1105 567//1105 596//1105
f 596//1106 567//1106 597//1106
f 567//1105 597//1105 568//1105
f 568//1106 597//1106 567//1106
f 597//1107 593//1107 583//1107
f 583//1108 593//1108 597//1108
f 581//1077 584//1077 612//1077
f 612//1078 584//1078 581//1078
f 614//297 598//297 585//297
f 585//300 598//300 614//300
f 615//1109 571//1055 598//1110
f 598//1111 571//1056 615//1112
f 585//1080 599//1079 616//1113
f 616//1114 599//1082 585//1081
f 617//1115 600//1115 586//1115
f 586//1116 600//1116 617//1116
f 576//1117 544//1054 600//1054
f 600//1057 544//1057 576//1118
f 571//1055 615//1109 601//1083
f 601//1084 615//1112 571//1056
f 601//1119 617//1119 586//1119
f 586//1120 617//1120 601//1120
f 587//1085 602//1085 618//1085
f 618//1086 602//1086 587//1086
f 618//1121 599//1121 587//1121
f 587//1122 599//1122 618//1122
f 588//1087 603//1087 619//1087
f 619//1088 603//1088 588//1088
f 573//1089 604//1089 603//1089
f 603//1090 604//1090 573//1090
f 619//1123 602//1123 588//1123
f 588//1124 602//1124 619//1124
f 605//1091 575//1091 608//1091
f 608//1092 575//1092 605//1092
f 620//1125 589//1125 605//1125
f 605//1126 589//1126 620//1126
f 589//1125 620//1125 604//1125
f 604//1126 620//1126 589//1126
f 590//1093 600//1093 621//1093
f 621//1094 600//1094 590//1094
f 591//1095 590//1095 622//1095
f 622//1096 590//1096 591//1096
f 577//1097 606//1097 607//1097
f 607//1098 606//1098 577//1098
f 591//1127 623//1127 606//1127
f 606//1128 623//1128 591//1128
f 612//1129 592//1129 607//1129
f 607//1130 592//1130 612//1130
f 593//1107 597//1107 608//1107
f 608//1108 597//1108 593//1108
f 592//1129 612//1129 584//1129
f 584//1130 612//1130 592//1130
f 624//569 609//569 594//569
f 594//570 609//570 624//570
f 609//1131 625//1131 580//1131
f 580//1132 625//1132 609//1132
f 594//1101 610//1101 626//1101
f 626//1102 610//1102 594//1102
f 611//1133 613//1133 582//1133
f 582//1134 613//1134 611//1134
f 595//1103 612//1103 627//1103
f 627//1104 612//1104 595//1104
f 613//1135 605//1135 596//1135
f 596//1136 605//1136 613//1136
f 596//1137 608//1137 597//1137
f 597//1138 608//1138 596//1138
f 614//297 628//297 598//297
f 598//300 628//300 614//300
f 629//1139 614//1140 585//1080
f 585//1081 614//1141 629//1142
f 615//1109 598//1110 630//1143
f 630//1144 598//1111 615//1112
f 631//1145 616//1145 599//1145
f 599//1146 616//1146 631//1146
f 629//1139 585//1080 616//1113
f 616//1114 585//1081 629//1142
f 600//1115 617//1115 621//1115
f 621//1116 617//1116 600//1116
f 632//1147 601//1147 615//1147
f 615//1148 601//1148 632//1148
f 617//1119 601//1119 633//1119
f 633//1120 601//1120 617//1120
f 634//1149 618//1149 602//1149
f 602//1150 618//1150 634//1150
f 599//1121 618//1121 631//1121
f 631//1122 618//1122 599//1122
f 603//1151 635//1151 619//1151
f 619//1152 635//1152 603//1152
f 604//1153 636//1153 603//1153
f 603//1154 636//1154 604//1154
f 602//1123 619//1123 634//1123
f 634//1124 619//1124 602//1124
f 608//1137 596//1137 605//1137
f 605//1138 596//1138 608//1138
f 605//1135 613//1135 620//1135
f 620//1136 613//1136 605//1136
f 636//1153 604//1153 620//1153
f 620//1154 604//1154 636//1154
f 621//1155 622//1155 590//1155
f 590//1156 622//1156 621//1156
f 623//1127 591//1127 622//1127
f 622//1128 591//1128 623//1128
f 627//1157 607//1157 606//1157
f 606//1158 607//1158 627//1158
f 637//1159 606//1159 623//1159
f 623//1160 606//1160 637//1160
f 607//1157 627//1157 612//1157
f 612//1158 627//1158 607//1158
f 624//569 638//569 609//569
f 609//570 638//570 624//570
f 639//1161 624//1161 594//1161
f 594//1162 624//1162 639//1162
f 625//1131 609//1131 640//1131
f 640//1132 609//1132 625//1132
f 637//1163 626//1163 610//1163
f 610//1164 626//1164 637//1164
f 613//1133 611//1133 641//1133
f 641//1134 611//1134 613//1134
f 627//1165 610//1165 595//1165
f 595//1166 610//1166 627//1166
f 642//297 628//297 614//297
f 614//300 628//300 642//300
f 643//1167 598//1110 628//1168
f 628//1169 598//1111 643//1170
f 614//1140 629//1139 644//1171
f 644//1172 629//1142 614//1141
f 598//1110 643//1167 630//1143
f 630//1144 643//1170 598//1111
f 630//1173 632//1173 615//1173
f 615//1174 632//1174 630//1174
f 616//1145 631//1145 645//1145
f 645//1146 631//1146 616//1146
f 645//1175 629//1175 616//1175
f 616//1176 629//1176 645//1176
f 617//1177 646//1177 621//1177
f 621//1178 646//1178 617//1178
f 601//1147 632//1147 633//1147
f 633//1148 632//1148 601//1148
f 633//1179 647//1179 617//1179
f 617//1180 647//1180 633//1180
f 618//1149 634//1149 648//1149
f 648//1150 634//1150 618//1150
f 648//1181 631//1181 618//1181
f 618//1182 631//1182 648//1182
f 635//1151 603//1151 636//1151
f 636//1152 603//1152 635//1152
f 649//1183 619//1183 635//1183
f 635//1184 619//1184 649//1184
f 619//1183 649//1183 634//1183
f 634//1184 649//1184 619//1184
f 641//1185 620//1185 613//1185
f 613//1186 620//1186 641//1186
f 620//1185 641//1185 636//1185
f 636//1186 641//1186 620//1186
f 622//1155 621//1155 646//1155
f 646//1156 621//1156 622//1156
f 622//1187 650//1187 623//1187
f 623//1188 650//1188 622//1188
f 606//1159 637//1159 627//1159
f 627//1160 637//1160 606//1160
f 623//1189 651//1189 637//1189
f 637//1190 651//1190 623//1190
f 652//569 638//569 624//569
f 624//570 638//570 652//570
f 638//1191 653//1191 609//1191
f 609//1192 653//1192 638//1192
f 624//1161 639//1161 654//1161
f 654//1162 639//1162 624//1162
f 640//1193 655//1193 625//1193
f 625//1194 655//1194 640//1194
f 626//1163 637//1163 651//1163
f 651//1164 637//1164 626//1164
f 610//1165 627//1165 637//1165
f 637//1166 627//1166 610//1166
f 625//1195 641//1195 611//1195
f 611//1196 641//1196 625//1196
f 642//297 656//297 628//297
f 628//300 656//300 642//300
f 657//1197 642//1198 614//1140
f 614//1141 642//1199 657//1200
f 643//1167 628//1168 658//1201
f 658//1202 628//1169 643//1170
f 659//1203 644//1203 629//1203
f 629//1204 644//1204 659//1204
f 657//1197 614//1140 644//1171
f 644//1172 614//1141 657//1200
f 660//1205 630//1205 643//1205
f 643//1206 630//1206 660//1206
f 632//1173 630//1173 661//1173
f 661//1174 630//1174 632//1174
f 662//1207 645//1207 631//1207
f 631//1208 645//1208 662//1208
f 629//1175 645//1175 659//1175
f 659//1176 645//1176 629//1176
f 646//1177 617//1177 647//1177
f 647//1178 617//1178 646//1178
f 632//1209 663//1209 633//1209
f 633//1210 663//1210 632//1210
f 647//1179 633//1179 663//1179
f 663//1180 633//1180 647//1180
f 634//1211 664//1211 648//1211
f 648//1212 664//1212 634//1212
f 631//1181 648//1181 662//1181
f 662//1182 648//1182 631//1182
f 636//1213 655//1213 635//1213
f 635//1214 655//1214 636//1214
f 635//1215 665//1215 649//1215
f 649//1216 665//1216 635//1216
f 664//1211 634//1211 649//1211
f 649//1212 634//1212 664//1212
f 655//1213 636//1213 641//1213
f 641//1214 636//1214 655//1214
f 650//1187 622//1187 646//1187
f 646//1188 622//1188 650//1188
f 651//1189 623//1189 650//1189
f 650//1190 623//1190 651//1190
f 652//569 666//569 638//569
f 638//570 666//570 652//570
f 667//1217 652//1217 624//1217
f 624//1218 652//1218 667//1218
f 653//1191 638//1191 668//1191
f 668//1192 638//1192 653//1192
f 669//1219 654//1219 639//1219
f 639//1220 654//1220 669//1220
f 655//1193 640//1193 665//1193
f 665//1194 640//1194 655//1194
f 641//1195 625//1195 655//1195
f 655//1196 625//1196 641//1196
f 651//1221 639//1221 626//1221
f 626//1222 639//1222 651//1222
f 670//297 656//297 642//297
f 642//300 656//300 670//300
f 671//1223 628//1168 656//1224
f 656//1225 628//1169 671//1226
f 642//1198 657//1197 672//1227
f 672//1228 657//1200 642//1199
f 628//1168 671//1223 658//1201
f 658//1202 671//1226 628//1169
f 658//1229 660//1229 643//1229
f 643//1230 660//1230 658//1230
f 644//1203 659//1203 673//1203
f 673//1204 659//1204 644//1204
f 673//1231 657//1231 644//1231
f 644//1232 657//1232 673//1232
f 630//1205 660//1205 661//1205
f 661//1206 660//1206 630//1206
f 661//1233 674//1233 632//1233
f 632//1234 674//1234 661//1234
f 645//1207 662//1207 675//1207
f 675//1208 662//1208 645//1208
f 675//1235 659//1235 645//1235
f 645//1236 659//1236 675//1236
f 676//1237 646//1237 647//1237
f 647//1238 646//1238 676//1238
f 663//1209 632//1209 674//1209
f 674//1210 632//1210 663//1210
f 677//1239 647//1239 663//1239
f 663//1240 647//1240 677//1240
f 678//1241 648//1241 664//1241
f 664//1242 648//1242 678//1242
f 648//1241 678//1241 662//1241
f 662//1242 678//1242 648//1242
f 665//1215 635//1215 655//1215
f 655//1216 635//1216 665//1216
f 679//1243 649//1243 665//1243
f 665//1244 649//1244 679//1244
f 649//1243 679//1243 664//1243
f 664//1244 679//1244 649//1244
f 646//1237 676//1237 650//1237
f 650//1238 676//1238 646//1238
f 650//1245 669//1245 651//1245
f 651//1246 669//1246 650//1246
f 680//569 666//569 652//569
f 652//570 666//570 680//570
f 666//1247 681//1247 638//1247
f 638//1248 681//1248 666//1248
f 652//1217 667//1217 682//1217
f 682//1218 667//1218 652//1218
f 668//1249 679//1249 653//1249
f 653//1250 679//1250 668//1250
f 654//1219 669//1219 683//1219
f 683//1220 669//1220 654//1220
f 639//1221 651//1221 669//1221
f 669//1222 651//1222 639//1222
f 653//1251 665//1251 640//1251
f 640//1252 665//1252 653//1252
f 670//297 684//297 656//297
f 656//300 684//300 670//300
f 685//1253 670//1254 642//1198
f 642//1199 670//1255 685//1256
f 671//1223 656//1224 686//1257
f 686//1258 656//1225 671//1226
f 687//1259 672//1259 657//1259
f 657//1260 672//1260 687//1260
f 685//1253 642//1198 672//1227
f 672//1228 642//1199 685//1256
f 688//1261 658//1261 671//1261
f 671//1262 658//1262 688//1262
f 660//1229 658//1229 689//1229
f 689//1230 658//1230 660//1230
f 690//1263 673//1263 659//1263
f 659//1264 673//1264 690//1264
f 657//1231 673//1231 687//1231
f 687//1232 673//1232 657//1232
f 660//1265 691//1265 661//1265
f 661//1266 691//1266 660//1266
f 674//1233 661//1233 691//1233
f 691//1234 661//1234 674//1234
f 662//1267 692//1267 675//1267
f 675//1268 692//1268 662//1268
f 659//1235 675//1235 690//1235
f 690//1236 675//1236 659//1236
f 647//1239 677//1239 676//1239
f 676//1240 677//1240 647//1240
f 693//1269 663//1269 674//1269
f 674//1270 663//1270 693//1270
f 663//1269 693//1269 677//1269
f 677//1270 693//1270 663//1270
f 664//1271 694//1271 678//1271
f 678//1272 694//1272 664//1272
f 692//1267 662//1267 678//1267
f 678//1268 662//1268 692//1268
f 665//1251 653//1251 679//1251
f 679//1252 653//1252 665//1252
f 694//1271 664//1271 679//1271
f 679//1272 664//1272 694//1272
f 669//1245 650//1245 676//1245
f 676//1246 650//1246 669//1246
f 680//569 695//569 666//569
f 666//570 695//570 680//570
f 696//1273 680//1273 652//1273
f 652//1274 680//1274 696//1274
f 681//1247 666//1247 697//1247
f 697//1248 666//1248 681//1248
f 698//1275 682//1275 667//1275
f 667//1276 682//1276 698//1276
f 679//1249 668//1249 694//1249
f 694//1250 668//1250 679//1250
f 676//1277 683//1277 669//1277
f 669//1278 683//1278 676//1278
f 683//1279 667//1279 654//1279
f 654//1280 667//1280 683//1280
f 699//297 684//297 670//297
f 670//300 684//300 699//300
f 700//1281 656//1224 684//1282
f 684//1283 656//1225 700//1284
f 670//1254 685//1253 701//1285
f 701//1286 685//1256 670//1255
f 656//1224 700//1281 686//1257
f 686//1258 700//1284 656//1225
f 686//1287 688//1287 671//1287
f 671//1288 688//1288 686//1288
f 672//1259 687//1259 702//1259
f 702//1260 687//1260 672//1260
f 702//1289 685//1289 672//1289
f 672//1290 685//1290 702//1290
f 658//1261 688//1261 689//1261
f 689//1262 688//1262 658//1262
f 689//1291 703//1291 660//1291
f 660//1292 703//1292 689//1292
f 673//1263 690//1263 704//1263
f 704//1264 690//1264 673//1264
f 704//1293 687//1293 673//1293
f 673//1294 687//1294 704//1294
f 691//1265 660//1265 703//1265
f 703//1266 660//1266 691//1266
f 705//1295 674//1295 691//1295
f 691//1296 674//1296 705//1296
f 706//1297 675//1297 692//1297
f 692//1298 675//1298 706//1298
f 675//1297 706//1297 690//1297
f 690//1298 706//1298 675//1298
f 683//1277 676//1277 677//1277
f 677//1278 676//1278 683//1278
f 674//1295 705//1295 693//1295
f 693//1296 705//1296 674//1296
f 698//1299 677//1299 693//1299
f 693//1300 677//1300 698//1300
f 707//1301 678//1301 694//1301
f 694//1302 678//1302 707//1302
f 678//1301 707//1301 692//1301
f 692//1302 707//1302 678//1302
f 708//569 695//569 680//569
f 680//570 695//570 708//570
f 695//1303 709//1303 666//1303
f 666//1304 709//1304 695//1304
f 680//1273 696//1273 710//1273
f 710//1274 696//1274 680//1274
f 697//1305 707//1305 681//1305
f 681//1306 707//1306 697//1306
f 682//1275 698//1275 711//1275
f 711//1276 698//1276 682//1276
f 667//1279 683//1279 698//1279
f 698//1280 683//1280 667//1280
f 681//1307 694//1307 668//1307
f 668//1308 694//1308 681//1308
f 699//297 712//297 684//297
f 684//300 712//300 699//300
f 713//1309 699//1310 670//1254
f 670//1255 699//1311 713//1312
f 700//1281 684//1282 714//1313
f 714//1314 684//1283 700//1284
f 715//1315 701//1315 685//1315
f 685//1316 701//1316 715//1316
f 713//1309 670//1254 701//1285
f 701//1286 670//1255 713//1312
f 716//1317 686//1317 700//1317
f 700//1318 686//1318 716//1318
f 688//1287 686//1287 717//1287
f 717//1288 686//1288 688//1288
f 718//1319 702//1319 687//1319
f 687//1320 702//1320 718//1320
f 685//1289 702//1289 715//1289
f 715//1290 702//1290 685//1290
f 688//1321 719//1321 689//1321
f 689//1322 719//1322 688//1322
f 703//1291 689//1291 719//1291
f 719//1292 689//1292 703//1292
f 690//1323 720//1323 704//1323
f 704//1324 720//1324 690//1324
f 687//1293 704//1293 718//1293
f 718//1294 704//1294 687//1294
f 721//1325 691//1325 703//1325
f 703//1326 691//1326 721//1326
f 691//1325 721//1325 705//1325
f 705//1326 721//1326 691//1326
f 692//1327 722//1327 706//1327
f 706//1328 722//1328 692//1328
f 720//1323 690//1323 706//1323
f 706//1324 690//1324 720//1324
f 677//1299 698//1299 683//1299
f 683//1300 698//1300 677//1300
f 711//1329 693//1329 705//1329
f 705//1330 693//1330 711//1330
f 693//1329 711//1329 698//1329
f 698//1330 711//1330 693//1330
f 694//1307 681//1307 707//1307
f 707//1308 681//1308 694//1308
f 722//1327 692//1327 707//1327
f 707//1328 692//1328 722//1328
f 708//569 723//569 695//569
f 695//570 723//570 708//570
f 724//1331 708//1331 680//1331
f 680//1332 708//1332 724//1332
f 709//1303 695//1303 725//1303
f 725//1304 695//1304 709//1304
f 726//1333 710//1333 696//1333
f 696//1334 710//1334 726//1334
f 707//1305 697//1305 722//1305
f 722//1306 697//1306 707//1306
f 711//1335 696//1335 682//1335
f 682//1336 696//1336 711//1336
f 727//297 712//297 699//297
f 699//300 712//300 727//300
f 728//1337 684//1282 712//1338
f 712//1339 684//1283 728//1340
f 699//1310 713//1309 729//1341
f 729//1342 713//1312 699//1311
f 684//1282 728//1337 714//1313
f 714//1314 728//1340 684//1283
f 714//1343 716//1343 700//1343
f 700//1344 716//1344 714//1344
f 701//1315 715//1315 730//1315
f 730//1316 715//1316 701//1316
f 730//1345 713//1345 701//1345
f 701//1346 713//1346 730//1346
f 686//1317 716//1317 717//1317
f 717//1318 716//1318 686//1318
f 717//1347 731//1347 688//1347
f 688//1348 731//1348 717//1348
f 702//1319 718//1319 732//1319
f 732//1320 718//1320 702//1320
f 732//1349 715//1349 702//1349
f 702//1350 715//1350 732//1350
f 719//1321 688//1321 731//1321
f 731//1322 688//1322 719//1322
f 733//1351 703//1351 719//1351
f 719//1352 703//1352 733//1352
f 734//1353 704//1353 720//1353
f 720//1354 704//1354 734//1354
f 704//1353 734//1353 718//1353
f 718//1354 734//1354 704//1354
f 703//1351 733//1351 721//1351
f 721//1352 733//1352 703//1352
f 726//1355 705//1355 721//1355
f 721//1356 705//1356 726//1356
f 735//1357 706//1357 722//1357
f 722//1358 706//1358 735//1358
f 706//1357 735//1357 720//1357
f 720//1358 735//1358 706//1358
f 705//1355 726//1355 711//1355
f 711//1356 726//1356 705//1356
f 736//569 723//569 708//569
f 708//570 723//570 736//570
f 723//1359 737//1359 695//1359
f 695//1360 737//1360 723//1360
f 708//1331 724//1331 738//1331
f 738//1332 724//1332 708//1332
f 725//1361 735//1361 709//1361
f 709//1362 735//1362 725//1362
f 710//1333 726//1333 739//1333
f 739//1334 726//1334 710//1334
f 696//1335 711//1335 726//1335
f 726//1336 711//1336 696//1336
f 709//1363 722//1363 697//1363
f 697//1364 722//1364 709//1364
f 727//297 740//297 712//297
f 712//300 740//300 727//300
f 741//1365 727//1366 699//1310
f 699//1311 727//1367 741//1368
f 728//1337 712//1338 742//1369
f 742//1370 712//1339 728//1340
f 743//1371 729//1371 713//1371
f 713//1372 729//1372 743//1372
f 741//1365 699//1310 729//1341
f 729//1342 699//1311 741//1368
f 744//1373 714//1373 728//1373
f 728//1374 714//1374 744//1374
f 716//1343 714//1343 745//1343
f 745//1344 714//1344 716//1344
f 746//1375 730//1375 715//1375
f 715//1376 730//1376 746//1376
f 713//1345 730//1345 743//1345
f 743//1346 730//1346 713//1346
f 716//1377 747//1377 717//1377
f 717//1378 747//1378 716//1378
f 731//1347 717//1347 747//1347
f 747//1348 717//1348 731//1348
f 718//1379 748//1379 732//1379
f 732//1380 748//1380 718//1380
f 715//1349 732//1349 746//1349
f 746//1350 732//1350 715//1350
f 749//1381 719//1381 731//1381
f 731//1382 719//1382 749//1382
f 719//1381 749//1381 733//1381
f 733//1382 749//1382 719//1382
f 720//1383 750//1383 734//1383
f 734//1384 750//1384 720//1384
f 748//1379 718//1379 734//1379
f 734//1380 718//1380 748//1380
f 739//1385 721//1385 733//1385
f 733//1386 721//1386 739//1386
f 721//1385 739//1385 726//1385
f 726//1386 739//1386 721//1386
f 722//1363 709//1363 735//1363
f 735//1364 709//1364 722//1364
f 750//1383 720//1383 735//1383
f 735//1384 720//1384 750//1384
f 736//569 751//569 723//569
f 723//570 751//570 736//570
f 752//1387 736//1387 708//1387
f 708//1388 736//1388 752//1388
f 737//1359 723//1359 753//1359
f 753//1360 723//1360 737//1360
f 754//1389 738//1389 724//1389
f 724//1390 738//1390 754//1390
f 735//1361 725//1361 750//1361
f 750//1362 725//1362 735//1362
f 739//1391 724//1391 710//1391
f 710//1392 724//1392 739//1392
f 755//297 740//297 727//297
f 727//300 740//300 755//300
f 756//1393 712//1338 740//1394
f 740//1395 712//1339 756//1396
f 727//1366 741//1365 757//1366
f 757//1367 741//1368 727//1367
f 712//1338 756//1393 742//1369
f 742//1370 756//1396 712//1339
f 742//1397 744//1397 728//1397
f 728//1398 744//1398 742//1398
f 729//1371 743//1371 758//1371
f 758//1372 743//1372 729//1372
f 758//1399 741//1399 729//1399
f 729//1400 741//1400 758//1400
f 714//1373 744//1373 745//1373
f 745//1374 744//1374 714//1374
f 745//1401 759//1401 716//1401
f 716//1402 759//1402 745//1402
f 730//1375 746//1375 760//1375
f 760//1376 746//1376 730//1376
f 760//1403 743//1403 730//1403
f 730//1404 743//1404 760//1404
f 747//1377 716//1377 759//1377
f 759//1378 716//1378 747//1378
f 761//1405 731//1405 747//1405
f 747//1406 731//1406 761//1406
f 762//1407 732//1407 748//1407
f 748//1408 732//1408 762//1408
f 732//1407 762//1407 746//1407
f 746//1408 762//1408 732//1408
f 731//1405 761//1405 749//1405
f 749//1406 761//1406 731//1406
f 754//1409 733//1409 749//1409
f 749//1410 733//1410 754//1410
f 763//1411 734//1411 750//1411
f 750//1412 734//1412 763//1412
f 734//1411 763//1411 748//1411
f 748//1412 763//1412 734//1412
f 733//1409 754//1409 739//1409
f 739//1410 754//1410 733//1410
f 764//569 751//569 736//569
f 736//570 751//570 764//570
f 751//1413 765//1413 723//1413
f 723//1414 765//1414 751//1414
f 736//1387 752//1387 766//1387
f 766//1388 752//1388 736//1388
f 753//1415 763//1415 737//1415
f 737//1416 763//1416 753//1416
f 738//1389 754//1389 767//1389
f 767//1390 754//1390 738//1390
f 724//1391 739//1391 754//1391
f 754//1392 739//1392 724//1392
f 737//1417 750//1417 725//1417
f 725//1418 750//1418 737//1418
f 768//297 740//297 755//297
f 755//300 740//300 768//300
f 727//1366 769//1419 755//1419
f 755//1420 769//1420 727//1367
f 756//1393 740//1394 770//1421
f 770//1422 740//1395 756//1396
f 771//1423 757//1423 741//1423
f 741//1424 757//1424 771//1424
f 769//1419 727//1366 757//1366
f 757//1367 727//1367 769//1420
f 772//1425 742//1425 756//1425
f 756//1426 742//1426 772//1426
f 744//1397 742//1397 773//1397
f 773//1398 742//1398 744//1398
f 774//1427 758//1427 743//1427
f 743//1428 758//1428 774//1428
f 741//1399 758//1399 771//1399
f 771//1400 758//1400 741//1400
f 775//1429 745//1429 744//1429
f 744//1430 745//1430 775//1430
f 759//1401 745//1401 776//1401
f 776//1402 745//1402 759//1402
f 746//1431 777//1431 760//1431
f 760//1432 777//1432 746//1432
f 743//1403 760//1403 774//1403
f 774//1404 760//1404 743//1404
f 778//1433 747//1433 759//1433
f 759//1434 747//1434 778//1434
f 747//1433 778//1433 761//1433
f 761//1434 778//1434 747//1434
f 748//1435 779//1435 762//1435
f 762//1436 779//1436 748//1436
f 777//1431 746//1431 762//1431
f 762//1432 746//1432 777//1432
f 767//1437 749//1437 761//1437
f 761//1438 749//1438 767//1438
f 749//1437 767//1437 754//1437
f 754//1438 767//1438 749//1438
f 750//1417 737//1417 763//1417
f 763//1418 737//1418 750//1418
f 779//1435 748//1435 763//1435
f 763//1436 748//1436 779//1436
f 780//569 751//569 764//569
f 764//570 751//570 780//570
f 781//1439 764//1439 736//1439
f 736//1440 764//1440 781//1440
f 765//1413 751//1413 782//1413
f 782//1414 751//1414 765//1414
f 783//1441 766//1441 752//1441
f 752//1442 766//1442 783//1442
f 763//1415 753//1415 779//1415
f 779//1416 753//1416 763//1416
f 767//1443 752//1443 738//1443
f 738//1444 752//1444 767//1444
f 784//297 740//297 768//297
f 768//300 740//300 784//300
f 769//1419 768//1445 755//1419
f 755//1420 768//1446 769//1420
f 785//1447 770//1421 740//1394
f 740//1395 770//1422 785//1448
f 770//1449 772//1449 756//1449
f 756//1450 772//1450 770//1450
f 757//1423 771//1423 786//1423
f 786//1424 771//1424 757//1424
f 786//1451 769//1451 757//1451
f 757//1452 769//1452 786//1452
f 742//1425 772//1425 773//1425
f 773//1426 772//1426 742//1426
f 773//1453 775//1453 744//1453
f 744//1454 775//1454 773//1454
f 758//1427 774//1427 787//1427
f 787//1428 774//1428 758//1428
f 787//1455 771//1455 758//1455
f 758//1456 771//1456 787//1456
f 745//1429 775//1429 776//1429
f 776//1430 775//1430 745//1430
f 788//1457 759//1457 776//1457
f 776//1458 759//1458 788//1458
f 789//1459 760//1459 777//1459
f 777//1460 760//1460 789//1460
f 760//1459 789//1459 774//1459
f 774//1460 789//1460 760//1460
f 759//1457 788//1457 778//1457
f 778//1458 788//1458 759//1458
f 783//1461 761//1461 778//1461
f 778//1462 761//1462 783//1462
f 790//1463 762//1463 779//1463
f 779//1464 762//1464 790//1464
f 762//1463 790//1463 777//1463
f 777//1464 790//1464 762//1464
f 761//1461 783//1461 767//1461
f 767//1462 783//1462 761//1462
f 780//569 791//569 751//569
f 751//570 791//570 780//570
f 792//1465 780//1465 764//1465
f 764//1466 780//1466 792//1466
f 764//1439 781//1439 793//1439
f 793//1440 781//1440 764//1440
f 782//1467 790//1467 765//1467
f 765//1468 790//1468 782//1468
f 766//1441 783//1441 794//1441
f 794//1442 783//1442 766//1442
f 752//1443 767//1443 783//1443
f 783//1444 767//1444 752//1444
f 765//1469 779//1469 753//1469
f 753//1470 779//1470 765//1470
f 740//297 784//297 785//297
f 785//300 784//300 740//300
f 795//297 784//297 768//297
f 768//300 784//300 795//300
f 768//1445 769//1419 796//1471
f 796//1472 769//1420 768//1446
f 770//1421 785//1447 797//1447
f 797//1448 785//1448 770//1422
f 772//1449 770//1449 798//1449
f 798//1450 770//1450 772//1450
f 799//1473 786//1473 771//1473
f 771//1474 786//1474 799//1474
f 769//1451 786//1451 800//1451
f 800//1452 786//1452 769//1452
f 801//1475 773//1475 772//1475
f 772//1476 773//1476 801//1476
f 775//1453 773//1453 802//1453
f 802//1454 773//1454 775//1454
f 774//1477 803//1477 787//1477
f 787//1478 803//1478 774//1478
f 771//1455 787//1455 799//1455
f 799//1456 787//1456 771//1456
f 804//1479 776//1479 775//1479
f 775//1480 776//1480 804//1480
f 776//1479 804//1479 788//1479
f 788//1480 804//1480 776//1480
f 777//1481 805//1481 789//1481
f 789//1482 805//1482 777//1482
f 803//1477 774//1477 789//1477
f 789//1478 774//1478 803//1478
f 794//1483 778//1483 788//1483
f 788//1484 778//1484 794//1484
f 778//1483 794//1483 783//1483
f 783//1484 794//1484 778//1484
f 779//1469 765//1469 790//1469
f 790//1470 765//1470 779//1470
f 805//1481 777//1481 790//1481
f 790//1482 777//1482 805//1482
f 780//569 806//569 791//569
f 791//570 806//570 780//570
f 791//1485 807//1485 751//1485
f 751//1486 807//1486 791//1486
f 780//1465 792//1465 808//1465
f 808//1466 792//1466 780//1466
f 809//1487 793//1487 781//1487
f 781//1488 793//1488 809//1488
f 790//1467 782//1467 805//1467
f 805//1468 782//1468 790//1468
f 794//1489 781//1489 766//1489
f 766//1490 781//1490 794//1490
f 810//1491 785//1447 784//1491
f 784//1492 785//1448 810//1492
f 795//297 811//297 784//297
f 784//300 811//300 795//300
f 768//1445 812//1493 795//1494
f 795//1495 812//1496 768//1446
f 769//1451 800//1451 796//1451
f 796//1452 800//1452 769//1452
f 768//1445 796//1471 813//1445
f 813//1446 796//1472 768//1446
f 785//1447 814//1497 797//1447
f 797//1448 814//1498 785//1448
f 797//1499 798//1499 770//1499
f 770//1500 798//1500 797//1500
f 798//1501 801//1501 772//1501
f 772//1502 801//1502 798//1502
f 786//1473 799//1473 815//1473
f 815//1474 799//1474 786//1474
f 815//1503 800//1503 786//1503
f 786//1504 800//1504 815//1504
f 773//1475 801//1475 802//1475
f 802//1476 801//1476 773//1476
f 816//1505 775//1505 802//1505
f 802//1506 775//1506 816//1506
f 803//1507 799//1507 787//1507
f 787//1508 799//1508 803//1508
f 775//1505 816//1505 804//1505
f 804//1506 816//1506 775//1506
f 809//1509 788//1509 804//1509
f 804//1510 788//1510 809//1510
f 817//1511 789//1511 805//1511
f 805//1512 789//1512 817//1512
f 789//1511 817//1511 803//1511
f 803//1512 817//1512 789//1512
f 788//1509 809//1509 794//1509
f 794//1510 809//1510 788//1510
f 818//569 806//569 780//569
f 780//570 806//570 818//570
f 791//569 806//569 819//569
f 819//570 806//570 791//570
f 807//1485 791//1485 820//1485
f 820//1486 791//1486 807//1486
f 821//1513 808//1513 792//1513
f 792//1514 808//1514 821//1514
f 808//1515 818//1515 780//1515
f 780//1516 818//1516 808//1516
f 793//1487 809//1487 822//1487
f 822//1488 809//1488 793//1488
f 781//1489 794//1489 809//1489
f 809//1490 794//1490 781//1490
f 807//1517 805//1517 782//1517
f 782//1518 805//1518 807//1518
f 785//1447 810//1491 814//1497
f 814//1498 810//1492 785//1448
f 811//1519 810//1491 784//1491
f 784//1492 810//1492 811//1520
f 823//297 811//297 795//297
f 795//300 811//300 823//300
f 812//1493 768//1445 813//1445
f 813//1446 768//1446 812//1496
f 824//1521 795//1494 812//1493
f 812//1496 795//1495 824//1522
f 800//1523 813//1523 796//1523
f 796//1524 813//1524 800//1524
f 814//1499 798//1499 797//1499
f 797//1500 798//1500 814//1500
f 801//1501 798//1501 825//1501
f 825//1502 798//1502 801//1502
f 826//1525 815//1525 799//1525
f 799//1526 815//1526 826//1526
f 800//1503 815//1503 827//1503
f 827//1504 815//1504 800//1504
f 828//1527 802//1527 801//1527
f 801//1528 802//1528 828//1528
f 802//1527 828//1527 816//1527
f 816//1528 828//1528 802//1528
f 799//1507 803//1507 826//1507
f 826//1508 803//1508 799//1508
f 822//1529 804//1529 816//1529
f 816//1530 804//1530 822//1530
f 804//1529 822//1529 809//1529
f 809//1530 822//1530 804//1530
f 805//1517 807//1517 817//1517
f 817//1518 807//1518 805//1518
f 829//1531 803//1531 817//1531
f 817//1532 803//1532 829//1532
f 830//569 806//569 818//569
f 818//570 806//570 830//570
f 831//1533 819//1533 806//1533
f 806//1534 819//1534 831//1534
f 819//1535 832//1535 791//1535
f 791//1536 832//1536 819//1536
f 820//1537 817//1537 807//1537
f 807//1538 817//1538 820//1538
f 808//1513 821//1513 833//1513
f 833//1514 821//1514 808//1514
f 792//1539 822//1539 821//1539
f 821//1540 822//1540 792//1540
f 818//1515 808//1515 834//1515
f 834//1516 808//1516 818//1516
f 822//1539 792//1539 793//1539
f 793//1540 792//1540 822//1540
f 810//1523 835//1523 814//1523
f 814//1524 835//1524 810//1524
f 810//1491 811//1519 836//1519
f 836//1520 811//1520 810//1492
f 823//297 837//297 811//297
f 811//300 837//300 823//300
f 824//1521 823//1541 795//1494
f 795//1495 823//1542 824//1522
f 838//1543 812//1543 813//1543
f 813//1544 812//1544 838//1544
f 839//1545 824//1545 812//1545
f 812//1546 824//1546 839//1546
f 813//1523 800//1523 838//1523
f 838//1524 800//1524 813//1524
f 798//1499 814//1499 835//1499
f 835//1500 814//1500 798//1500
f 835//1547 825//1547 798//1547
f 798//1548 825//1548 835//1548
f 825//1549 828//1549 801//1549
f 801//1550 828//1550 825//1550
f 815//1525 826//1525 840//1525
f 840//1526 826//1526 815//1526
f 840//1551 827//1551 815//1551
f 815//1552 827//1552 840//1552
f 827//1553 838//1553 800//1553
f 800//1554 838//1554 827//1554
f 821//1555 816//1555 828//1555
f 828//1556 816//1556 821//1556
f 803//1531 829//1531 826//1531
f 826//1532 829//1532 803//1532
f 816//1555 821//1555 822//1555
f 822//1556 821//1556 816//1556
f 817//1537 820//1537 829//1537
f 829//1538 820//1538 817//1538
f 841//569 806//569 830//569
f 830//570 806//570 841//570
f 834//1533 830//1533 818//1533
f 818//1534 830//1534 834//1534
f 819//1533 831//1533 842//1533
f 842//1534 831//1534 819//1534
f 843//1557 831//1557 806//1557
f 806//1558 831//1558 843//1558
f 832//1535 819//1535 842//1535
f 842//1536 819//1536 832//1536
f 828//1559 833//1559 821//1559
f 821//1560 833//1560 828//1560
f 833//1561 834//1561 808//1561
f 808//1562 834//1562 833//1562
f 835//1523 810//1523 844//1523
f 844//1524 810//1524 835//1524
f 811//1519 845//1563 836//1519
f 836//1520 845//1564 811//1520
f 836//1565 844//1565 810//1565
f 810//1566 844//1566 836//1566
f 846//297 837//297 823//297
f 823//300 837//300 846//300
f 845//1563 811//1519 837//1567
f 837//1568 811//1520 845//1564
f 823//1541 824//1521 847//1569
f 847//1570 824//1522 823//1542
f 812//1543 838//1543 839//1543
f 839//1544 838//1544 812//1544
f 824//1545 839//1545 848//1545
f 848//1546 839//1546 824//1546
f 825//1547 835//1547 849//1547
f 849//1548 835//1548 825//1548
f 828//1549 825//1549 850//1549
f 850//1550 825//1550 828//1550
f 826//1571 851//1571 840//1571
f 840//1572 851//1572 826//1572
f 827//1551 840//1551 852//1551
f 852//1552 840//1552 827//1552
f 838//1553 827//1553 853//1553
f 853//1554 827//1554 838//1554
f 851//1571 826//1571 829//1571
f 829//1572 826//1572 851//1572
f 832//1573 829//1573 820//1573
f 820//1574 829//1574 832//1574
f 841//569 843//569 806//569
f 806//570 843//570 841//570
f 854//1575 841//1575 830//1575
f 830//1576 841//1576 854//1576
f 830//1533 834//1533 854//1533
f 854//1534 834//1534 830//1534
f 855//1577 842//1577 831//1577
f 831//1578 842//1578 855//1578
f 831//1557 843//1557 856//1557
f 856//1558 843//1558 831//1558
f 842//1579 851//1579 832//1579
f 832//1580 851//1580 842//1580
f 833//1559 828//1559 850//1559
f 850//1560 828//1560 833//1560
f 834//1561 833//1561 857//1561
f 857//1562 833//1562 834//1562
f 844//1553 849//1553 835//1553
f 835//1554 849//1554 844//1554
f 858//1581 836//1581 845//1581
f 845//1582 836//1582 858//1582
f 844//1565 836//1565 859//1565
f 859//1566 836//1566 844//1566
f 846//297 860//297 837//297
f 837//300 860//300 846//300
f 861//1583 846//1584 823//1541
f 823//1542 846//1585 861//1586
f 845//1563 837//1567 862//1587
f 862//1588 837//1568 845//1564
f 848//1589 847//1589 824//1589
f 824//1590 847//1590 848//1590
f 861//1583 823//1541 847//1569
f 847//1570 823//1542 861//1586
f 853//1591 839//1591 838//1591
f 838//1592 839//1592 853//1592
f 863//1593 848//1593 839//1593
f 839//1594 848//1594 863//1594
f 849//1595 850//1595 825//1595
f 825//1596 850//1596 849//1596
f 864//1597 840//1597 851//1597
f 851//1598 840//1598 864//1598
f 840//1597 864//1597 852//1597
f 852//1598 864//1598 840//1598
f 852//1599 853//1599 827//1599
f 827//1600 853//1600 852//1600
f 829//1573 832//1573 851//1573
f 851//1574 832//1574 829//1574
f 841//569 865//569 843//569
f 843//570 865//570 841//570
f 841//1575 854//1575 866//1575
f 866//1576 854//1576 841//1576
f 857//1577 854//1577 834//1577
f 834//1578 854//1578 857//1578
f 842//1577 855//1577 864//1577
f 864//1578 855//1578 842//1578
f 856//1601 855//1601 831//1601
f 831//1602 855//1602 856//1602
f 865//1603 856//1603 843//1603
f 843//1604 856//1604 865//1604
f 851//1579 842//1579 864//1579
f 864//1580 842//1580 851//1580
f 850//1605 857//1605 833//1605
f 833//1606 857//1606 850//1606
f 849//1553 844//1553 867//1553
f 867//1554 844//1554 849//1554
f 836//1581 858//1581 859//1581
f 859//1582 858//1582 836//1582
f 862//1607 858//1607 845//1607
f 845//1608 858//1608 862//1608
f 859//1609 867//1609 844//1609
f 844//1610 867//1610 859//1610
f 868//297 860//297 846//297
f 846//300 860//300 868//300
f 869//1611 837//1567 860//1612
f 860//1613 837//1568 869//1614
f 846//1584 861//1583 870//1615
f 870//1616 861//1586 846//1585
f 837//1567 869//1611 862//1587
f 862//1588 869//1614 837//1568
f 847//1589 848//1589 871//1589
f 871//1590 848//1590 847//1590
f 871//1617 861//1617 847//1617
f 847//1618 861//1618 871//1618
f 839//1591 853//1591 863//1591
f 863//1592 853//1592 839//1592
f 848//1593 863//1593 872//1593
f 872//1594 863//1594 848//1594
f 850//1595 849//1595 873//1595
f 873//1596 849//1596 850//1596
f 864//1619 874//1619 852//1619
f 852//1620 874//1620 864//1620
f 853//1599 852//1599 874//1599
f 874//1600 852//1600 853//1600
f 875//569 865//569 841//569
f 841//570 865//570 875//570
f 876//1621 866//1621 854//1621
f 854//1622 866//1622 876//1622
f 866//1623 875//1623 841//1623
f 841//1624 875//1624 866//1624
f 854//1577 857//1577 876//1577
f 876//1578 857//1578 854//1578
f 874//1619 864//1619 855//1619
f 855//1620 864//1620 874//1620
f 855//1601 856//1601 877//1601
f 877//1602 856//1602 855//1602
f 856//1603 865//1603 878//1603
f 878//1604 865//1604 856//1604
f 857//1605 850//1605 873//1605
f 873//1606 850//1606 857//1606
f 867//1599 873//1599 849//1599
f 849//1600 873//1600 867//1600
f 858//1625 879//1625 859//1625
f 859//1626 879//1626 858//1626
f 858//1607 862//1607 880//1607
f 880//1608 862//1608 858//1608
f 867//1609 859//1609 879//1609
f 879//1610 859//1610 867//1610
f 868//297 881//297 860//297
f 860//300 881//300 868//300
f 882//1627 868//1628 846//1584
f 846//1585 868//1629 882//1630
f 869//1611 860//1612 883//1631
f 883//1632 860//1613 869//1614
f 884//1633 870//1633 861//1633
f 861//1634 870//1634 884//1634
f 882//1627 846//1584 870//1615
f 870//1616 846//1585 882//1630
f 869//1635 880//1635 862//1635
f 862//1636 880//1636 869//1636
f 872//1637 871//1637 848//1637
f 848//1638 871//1638 872//1638
f 861//1617 871//1617 884//1617
f 884//1618 871//1618 861//1618
f 874//1639 863//1639 853//1639
f 853//1640 863//1640 874//1640
f 885//1641 872//1641 863//1641
f 863//1642 872//1642 885//1642
f 875//569 886//569 865//569
f 865//570 886//570 875//570
f 866//1621 876//1621 887//1621
f 887//1622 876//1622 866//1622
f 875//1623 866//1623 888//1623
f 888//1624 866//1624 875//1624
f 873//1619 876//1619 857//1619
f 857//1620 876//1620 873//1620
f 877//1643 874//1643 855//1643
f 855//1644 874//1644 877//1644
f 878//1645 877//1645 856//1645
f 856//1646 877//1646 878//1646
f 886//1647 878//1647 865//1647
f 865//1648 878//1648 886//1648
f 873//1599 867//1599 889//1599
f 889//1600 867//1600 873//1600
f 879//1625 858//1625 890//1625
f 890//1626 858//1626 879//1626
f 880//1649 890//1649 858//1649
f 858//1650 890//1650 880//1650
f 879//1651 889//1651 867//1651
f 867//1652 889//1652 879//1652
f 891//297 881//297 868//297
f 868//300 881//300 891//300
f 892//1653 860//1612 881//1654
f 881//1655 860//1613 892//1656
f 868//1628 882//1627 893//1657
f 893//1658 882//1630 868//1629
f 860//1612 892//1653 883//1631
f 883//1632 892//1656 860//1613
f 883//1659 894//1659 869//1659
f 869//1660 894//1660 883//1660
f 870//1633 884//1633 895//1633
f 895//1634 884//1634 870//1634
f 895//1661 882//1661 870//1661
f 870//1662 882//1662 895//1662
f 880//1635 869//1635 894//1635
f 894//1636 869//1636 880//1636
f 871//1637 872//1637 896//1637
f 896//1638 872//1638 871//1638
f 896//1663 884//1663 871//1663
f 871//1664 884//1664 896//1664
f 863//1639 874//1639 885//1639
f 885//1640 874//1640 863//1640
f 872//1641 885//1641 897//1641
f 897//1642 885//1642 872//1642
f 898//569 886//569 875//569
f 875//570 886//570 898//570
f 889//1665 887//1665 876//1665
f 876//1666 887//1666 889//1666
f 899//1667 888//1667 866//1667
f 866//1668 888//1668 899//1668
f 888//1669 898//1669 875//1669
f 875//1670 898//1670 888//1670
f 876//1619 873//1619 889//1619
f 889//1620 873//1620 876//1620
f 874//1643 877//1643 885//1643
f 885//1644 877//1644 874//1644
f 877//1645 878//1645 900//1645
f 900//1646 878//1646 877//1646
f 878//1647 886//1647 901//1647
f 901//1648 886//1648 878//1648
f 890//1671 902//1671 879//1671
f 879//1672 902//1672 890//1672
f 890//1649 880//1649 903//1649
f 903//1650 880//1650 890//1650
f 889//1651 879//1651 902//1651
f 902//1652 879//1652 889//1652
f 891//297 904//297 881//297
f 881//300 904//300 891//300
f 905//1673 891//1674 868//1628
f 868//1629 891//1675 905//1676
f 892//1653 881//1654 906//1677
f 906//1678 881//1655 892//1656
f 907//1679 893//1679 882//1679
f 882//1680 893//1680 907//1680
f 905//1673 868//1628 893//1657
f 893//1658 868//1629 905//1676
f 892//1681 908//1681 883//1681
f 883//1682 908//1682 892//1682
f 894//1659 883//1659 908//1659
f 908//1660 883//1660 894//1660
f 909//1683 895//1683 884//1683
f 884//1684 895//1684 909//1684
f 882//1661 895//1661 907//1661
f 907//1662 895//1662 882//1662
f 894//1685 903//1685 880//1685
f 880//1686 903//1686 894//1686
f 897//1687 896//1687 872//1687
f 872//1688 896//1688 897//1688
f 884//1663 896//1663 909//1663
f 909//1664 896//1664 884//1664
f 885//1689 900//1689 897//1689
f 897//1690 900//1690 885//1690
f 898//569 910//569 886//569
f 886//570 910//570 898//570
f 887//1665 889//1665 902//1665
f 902//1666 889//1666 887//1666
f 888//1667 899//1667 911//1667
f 911//1668 899//1668 888//1668
f 898//1669 888//1669 912//1669
f 912//1670 888//1670 898//1670
f 900//1689 885//1689 877//1689
f 877//1690 885//1690 900//1690
f 910//1691 901//1691 886//1691
f 886//1692 901//1692 910//1692
f 901//1693 913//1693 878//1693
f 878//1694 913//1694 901//1694
f 902//1671 890//1671 914//1671
f 914//1672 890//1672 902//1672
f 903//1695 914//1695 890//1695
f 890//1696 914//1696 903//1696
f 915//297 904//297 891//297
f 891//300 904//300 915//300
f 916//1697 881//1654 904//1698
f 904//1699 881//1655 916//1700
f 891//1674 905//1673 917//1701
f 917//1702 905//1676 891//1675
f 881//1654 916//1697 906//1677
f 906//1678 916//1700 881//1655
f 906//1703 918//1703 892//1703
f 892//1704 918//1704 906//1704
f 893//1679 907//1679 919//1679
f 919//1680 907//1680 893//1680
f 919//1705 905//1705 893//1705
f 893//1706 905//1706 919//1706
f 908//1681 892//1681 918//1681
f 918//1682 892//1682 908//1682
f 908//1707 920//1707 894//1707
f 894//1708 920//1708 908//1708
f 895//1683 909//1683 921//1683
f 921//1684 909//1684 895//1684
f 921//1709 907//1709 895//1709
f 895//1710 907//1710 921//1710
f 903//1685 894//1685 920//1685
f 920//1686 894//1686 903//1686
f 896//1687 897//1687 922//1687
f 922//1688 897//1688 896//1688
f 896//1711 923//1711 909//1711
f 909//1712 923//1712 896//1712
f 913//1713 897//1713 900//1713
f 900//1714 897//1714 913//1714
f 924//569 910//569 898//569
f 898//570 910//570 924//570
f 902//1715 899//1715 887//1715
f 887//1716 899//1716 902//1716
f 914//1717 911//1717 899//1717
f 899//1718 911//1718 914//1718
f 925//1719 912//1719 888//1719
f 888//1720 912//1720 925//1720
f 912//1721 924//1721 898//1721
f 898//1722 924//1722 912//1722
f 901//1691 910//1691 926//1691
f 926//1692 910//1692 901//1692
f 913//1693 901//1693 927//1693
f 927//1694 901//1694 913//1694
f 899//1715 902//1715 914//1715
f 914//1716 902//1716 899//1716
f 914//1695 903//1695 928//1695
f 928//1696 903//1696 914//1696
f 915//297 929//297 904//297
f 904//300 929//300 915//300
f 930//1723 915//1724 891//1674
f 891//1675 915//1725 930//1726
f 916//1697 904//1698 931//1727
f 931//1728 904//1699 916//1700
f 932//1729 917//1729 905//1729
f 905//1730 917//1730 932//1730
f 930//1723 891//1674 917//1701
f 917//1702 891//1675 930//1726
f 916//1731 933//1731 906//1731
f 906//1732 933//1732 916//1732
f 918//1703 906//1703 933//1703
f 933//1704 906//1704 918//1704
f 934//1733 919//1733 907//1733
f 907//1734 919//1734 934//1734
f 905//1705 919//1705 932//1705
f 932//1706 919//1706 905//1706
f 918//1735 935//1735 908//1735
f 908//1736 935//1736 918//1736
f 920//1707 908//1707 935//1707
f 935//1708 908//1708 920//1708
f 909//1737 936//1737 921//1737
f 921//1738 936//1738 909//1738
f 907//1709 921//1709 934//1709
f 934//1710 921//1710 907//1710
f 937//1739 903//1739 920//1739
f 920//1740 903//1740 937//1740
f 897//1713 913//1713 922//1713
f 922//1714 913//1714 897//1714
f 923//1711 896//1711 922//1711
f 922//1712 896//1712 923//1712
f 936//1737 909//1737 923//1737
f 923//1738 909//1738 936//1738
f 924//569 938//569 910//569
f 910//570 938//570 924//570
f 911//1717 914//1717 928//1717
f 928//1718 914//1718 911//1718
f 912//1719 925//1719 939//1719
f 939//1720 925//1720 912//1720
f 924//1721 912//1721 940//1721
f 940//1722 912//1722 924//1722
f 938//1741 926//1741 910//1741
f 910//1742 926//1742 938//1742
f 926//1743 941//1743 901//1743
f 901//1744 941//1744 926//1744
f 927//1745 922//1745 913//1745
f 913//1746 922//1746 927//1746
f 903//1739 937//1739 928//1739
f 928//1740 937//1740 903//1740
f 942//297 929//297 915//297
f 915//300 929//300 942//300
f 943//1747 904//1698 929//1748
f 929//1749 904//1699 943//1750
f 915//1724 930//1723 944//1751
f 944//1752 930//1726 915//1725
f 904//1698 943//1747 931//1727
f 931//1728 943//1750 904//1699
f 931//1753 945//1753 916//1753
f 916//1754 945//1754 931//1754
f 917//1729 932//1729 946//1729
f 946//1730 932//1730 917//1730
f 946//1755 930//1755 917//1755
f 917//1756 930//1756 946//1756
f 933//1731 916//1731 945//1731
f 945//1732 916//1732 933//1732
f 933//1757 947//1757 918//1757
f 918//1758 947//1758 933//1758
f 919//1733 934//1733 948//1733
f 948//1734 934//1734 919//1734
f 948//1759 932//1759 919//1759
f 919//1760 932//1760 948//1760
f 935//1735 918//1735 947//1735
f 947//1736 918//1736 935//1736
f 949//1761 920//1761 935//1761
f 935//1762 920//1762 949//1762
f 950//1763 921//1763 936//1763
f 936//1764 921//1764 950//1764
f 921//1763 950//1763 934//1763
f 934//1764 950//1764 921//1764
f 920//1761 949//1761 937//1761
f 937//1762 949//1762 920//1762
f 922//1745 927//1745 923//1745
f 923//1746 927//1746 922//1746
f 923//1765 941//1765 936//1765
f 936//1766 941//1766 923//1766
f 951//569 938//569 924//569
f 924//570 938//570 951//570
f 928//1767 925//1767 911//1767
f 911//1768 925//1768 928//1768
f 937//1769 939//1769 925//1769
f 925//1770 939//1770 937//1770
f 952//1771 940//1771 912//1771
f 912//1772 940//1772 952//1772
f 940//1773 951//1773 924//1773
f 924//1774 951//1774 940//1774
f 926//1741 938//1741 953//1741
f 953//1742 938//1742 926//1742
f 941//1743 926//1743 954//1743
f 954//1744 926//1744 941//1744
f 925//1767 928//1767 937//1767
f 937//1768 928//1768 925//1768
f 942//297 955//297 929//297
f 929//300 955//300 942//300
f 956//1775 942//1776 915//1724
f 915//1725 942//1777 956//1778
f 943//1747 929//1748 957//1779
f 957//1780 929//1749 943//1750
f 958//1781 944//1781 930//1781
f 930//1782 944//1782 958//1782
f 956//1775 915//1724 944//1751
f 944//1752 915//1725 956//1778
f 943//1783 959//1783 931//1783
f 931//1784 959//1784 943//1784
f 945//1753 931//1753 959//1753
f 959//1754 931//1754 945//1754
f 960//1785 946//1785 932//1785
f 932//1786 946//1786 960//1786
f 930//1755 946//1755 958//1755
f 958//1756 946//1756 930//1756
f 945//1787 961//1787 933//1787
f 933//1788 961//1788 945//1788
f 947//1757 933//1757 961//1757
f 961//1758 933//1758 947//1758
f 934//1789 962//1789 948//1789
f 948//1790 962//1790 934//1790
f 932//1759 948//1759 960//1759
f 960//1760 948//1760 932//1760
f 963//1791 935//1791 947//1791
f 947//1792 935//1792 963//1792
f 935//1791 963//1791 949//1791
f 949//1792 963//1792 935//1792
f 936//1793 954//1793 950//1793
f 950//1794 954//1794 936//1794
f 962//1789 934//1789 950//1789
f 950//1790 934//1790 962//1790
f 939//1769 937//1769 949//1769
f 949//1770 937//1770 939//1770
f 941//1765 923//1765 927//1765
f 927//1766 923//1766 941//1766
f 954//1793 936//1793 941//1793
f 941//1794 936//1794 954//1794
f 951//569 964//569 938//569
f 938//570 964//570 951//570
f 940//1771 952//1771 965//1771
f 965//1772 952//1772 940//1772
f 951//1773 940//1773 966//1773
f 966//1774 940//1774 951//1774
f 964//1795 953//1795 938//1795
f 938//1796 953//1796 964//1796
f 953//1797 967//1797 926//1797
f 926//1798 967//1798 953//1798
f 968//297 955//297 942//297
f 942//300 955//300 968//300
f 969//1799 929//1748 955//1800
f 955//1801 929//1749 969//1802
f 942//1776 956//1775 970//1803
f 970//1804 956//1778 942//1777
f 929//1748 969//1799 957//1779
f 957//1780 969//1802 929//1749
f 957//1805 971//1805 943//1805
f 943//1806 971//1806 957//1806
f 944//1781 958//1781 972//1781
f 972//1782 958//1782 944//1782
f 972//1807 956//1807 944//1807
f 944//1808 956//1808 972//1808
f 959//1783 943//1783 971//1783
f 971//1784 943//1784 959//1784
f 959//1809 973//1809 945//1809
f 945//1810 973//1810 959//1810
f 946//1785 960//1785 974//1785
f 974//1786 960//1786 946//1786
f 974//1811 958//1811 946//1811
f 946//1812 958//1812 974//1812
f 961//1787 945//1787 973//1787
f 973//1788 945//1788 961//1788
f 975//1813 947//1813 961//1813
f 961//1814 947//1814 975//1814
f 976//1815 948//1815 962//1815
f 962//1816 948//1816 976//1816
f 948//1815 976//1815 960//1815
f 960//1816 976//1816 948//1816
f 947//1813 975//1813 963//1813
f 963//1814 975//1814 947//1814
f 952//1817 949//1817 963//1817
f 963//1818 949//1818 952//1818
f 967//1819 950//1819 954//1819
f 954//1820 950//1820 967//1820
f 950//1819 967//1819 962//1819
f 962//1820 967//1820 950//1820
f 949//1817 952//1817 939//1817
f 939//1818 952//1818 949//1818
f 977//569 964//569 951//569
f 951//570 964//570 977//570
f 963//1821 965//1821 952//1821
f 952//1822 965//1822 963//1822
f 978//1823 966//1823 940//1823
f 940//1824 966//1824 978//1824
f 966//1825 977//1825 951//1825
f 951//1826 977//1826 966//1826
f 953//1795 964//1795 979//1795
f 979//1796 964//1796 953//1796
f 967//1797 953//1797 980//1797
f 980//1798 953//1798 967//1798
f 968//297 981//297 955//297
f 955//300 981//300 968//300
f 982//1827 968//1828 942//1776
f 942//1777 968//1829 982//1830
f 969//1799 955//1800 983//1831
f 983//1832 955//1801 969//1802
f 984//1833 970//1833 956//1833
f 956//1834 970//1834 984//1834
f 982//1827 942//1776 970//1803
f 970//1804 942//1777 982//1830
f 969//1835 985//1835 957//1835
f 957//1836 985//1836 969//1836
f 971//1805 957//1805 985//1805
f 985//1806 957//1806 971//1806
f 986//1837 972//1837 958//1837
f 958//1838 972//1838 986//1838
f 956//1807 972//1807 984//1807
f 984//1808 972//1808 956//1808
f 971//1839 987//1839 959//1839
f 959//1840 987//1840 971//1840
f 973//1809 959//1809 987//1809
f 987//1810 959//1810 973//1810
f 960//1841 988//1841 974//1841
f 974//1842 988//1842 960//1842
f 958//1811 974//1811 986//1811
f 986//1812 974//1812 958//1812
f 989//1843 961//1843 973//1843
f 973//1844 961//1844 989//1844
f 961//1843 989//1843 975//1843
f 975//1844 989//1844 961//1844
f 962//1845 980//1845 976//1845
f 976//1846 980//1846 962//1846
f 988//1841 960//1841 976//1841
f 976//1842 960//1842 988//1842
f 965//1821 963//1821 975//1821
f 975//1822 963//1822 965//1822
f 980//1845 962//1845 967//1845
f 967//1846 962//1846 980//1846
f 977//569 990//569 964//569
f 964//570 990//570 977//570
f 966//1823 978//1823 991//1823
f 991//1824 978//1824 966//1824
f 977//1825 966//1825 992//1825
f 992//1826 966//1826 977//1826
f 990//1847 979//1847 964//1847
f 964//1848 979//1848 990//1848
f 979//1849 993//1849 953//1849
f 953//1850 993//1850 979//1850
f 994//297 981//297 968//297
f 968//300 981//300 994//300
f 995//1851 955//1800 981//1852
f 981//1853 955//1801 995//1854
f 968//1828 982//1827 996//1855
f 996//1856 982//1830 968//1829
f 955//1800 995//1851 983//1831
f 983//1832 995//1854 955//1801
f 983//1857 997//1857 969//1857
f 969//1858 997//1858 983//1858
f 970//1833 984//1833 998//1833
f 998//1834 984//1834 970//1834
f 998//1859 982//1859 970//1859
f 970//1860 982//1860 998//1860
f 985//1835 969//1835 997//1835
f 997//1836 969//1836 985//1836
f 985//1861 999//1861 971//1861
f 971//1862 999//1862 985//1862
f 972//1837 986//1837 1000//1837
f 1000//1838 986//1838 972//1838
f 1000//1863 984//1863 972//1863
f 972//1864 984//1864 1000//1864
f 987//1839 971//1839 999//1839
f 999//1840 971//1840 987//1840
f 1001//1865 973//1865 987//1865
f 987//1866 973//1866 1001//1866
f 1002//1867 974//1867 988//1867
f 988//1868 974//1868 1002//1868
f 974//1867 1002//1867 986//1867
f 986//1868 1002//1868 974//1868
f 973//1865 1001//1865 989//1865
f 989//1866 1001//1866 973//1866
f 978//1869 975//1869 989//1869
f 989//1870 975//1870 978//1870
f 993//1871 976//1871 980//1871
f 980//1872 976//1872 993//1872
f 976//1871 993//1871 988//1871
f 988//1872 993//1872 976//1872
f 975//1869 978//1869 965//1869
f 965//1870 978//1870 975//1870
f 1003//569 990//569 977//569
f 977//570 990//570 1003//570
f 989//1873 991//1873 978//1873
f 978//1874 991//1874 989//1874
f 1004//1875 992//1875 966//1875
f 966//1876 992//1876 1004//1876
f 992//1877 1003//1877 977//1877
f 977//1878 1003//1878 992//1878
f 979//1847 990//1847 1005//1847
f 1005//1848 990//1848 979//1848
f 993//1849 979//1849 1006//1849
f 1006//1850 979//1850 993//1850
f 994//297 1007//297 981//297
f 981//300 1007//300 994//300
f 1008//1879 994//1880 968//1828
f 968//1829 994//1881 1008//1882
f 995//1851 981//1852 1009//1883
f 1009//1884 981//1853 995//1854
f 1010//1885 996//1885 982//1885
f 982//1886 996//1886 1010//1886
f 1008//1879 968//1828 996//1855
f 996//1856 968//1829 1008//1882
f 995//1887 1011//1887 983//1887
f 983//1888 1011//1888 995//1888
f 997//1857 983//1857 1011//1857
f 1011//1858 983//1858 997//1858
f 1012//1889 998//1889 984//1889
f 984//1890 998//1890 1012//1890
f 982//1859 998//1859 1010//1859
f 1010//1860 998//1860 982//1860
f 997//1891 1013//1891 985//1891
f 985//1892 1013//1892 997//1892
f 999//1861 985//1861 1013//1861
f 1013//1862 985//1862 999//1862
f 986//1893 1014//1893 1000//1893
f 1000//1894 1014//1894 986//1894
f 984//1863 1000//1863 1012//1863
f 1012//1864 1000//1864 984//1864
f 1015//1895 987//1895 999//1895
f 999//1896 987//1896 1015//1896
f 987//1895 1015//1895 1001//1895
f 1001//1896 1015//1896 987//1896
f 988//1897 1006//1897 1002//1897
f 1002//1898 1006//1898 988//1898
f 1014//1893 986//1893 1002//1893
f 1002//1894 986//1894 1014//1894
f 991//1873 989//1873 1001//1873
f 1001//1874 989//1874 991//1874
f 1006//1897 988//1897 993//1897
f 993//1898 988//1898 1006//1898
f 1003//569 1016//569 990//569
f 990//570 1016//570 1003//570
f 992//1875 1004//1875 1017//1875
f 1017//1876 1004//1876 992//1876
f 1003//1877 992//1877 1018//1877
f 1018//1878 992//1878 1003//1878
f 1016//1899 1005//1899 990//1899
f 990//1900 1005//1900 1016//1900
f 1005//1901 1019//1901 979//1901
f 979//1902 1019//1902 1005//1902
f 1020//297 1007//297 994//297
f 994//300 1007//300 1020//300
f 1021//1903 981//1852 1007//1904
f 1007//1905 981//1853 1021//1906
f 994//1880 1008//1879 1022//1880
f 1022//1881 1008//1882 994//1881
f 981//1852 1021//1903 1009//1883
f 1009//1884 1021//1906 981//1853
f 1009//1907 1023//1907 995//1907
f 995//1908 1023//1908 1009//1908
f 996//1885 1010//1885 1024//1885
f 1024//1886 1010//1886 996//1886
f 1024//1909 1008//1909 996//1909
f 996//1910 1008//1910 1024//1910
f 1011//1887 995//1887 1023//1887
f 1023//1888 995//1888 1011//1888
f 1011//1911 1025//1911 997//1911
f 997//1912 1025//1912 1011//1912
f 998//1889 1012//1889 1026//1889
f 1026//1890 1012//1890 998//1890
f 1026//1913 1010//1913 998//1913
f 998//1914 1010//1914 1026//1914
f 1013//1891 997//1891 1025//1891
f 1025//1892 997//1892 1013//1892
f 1027//1915 999//1915 1013//1915
f 1013//1916 999//1916 1027//1916
f 1028//1917 1000//1917 1014//1917
f 1014//1918 1000//1918 1028//1918
f 1000//1917 1028//1917 1012//1917
f 1012//1918 1028//1918 1000//1918
f 999//1915 1027//1915 1015//1915
f 1015//1916 1027//1916 999//1916
f 1004//1919 1001//1919 1015//1919
f 1015//1920 1001//1920 1004//1920
f 1019//1921 1002//1921 1006//1921
f 1006//1922 1002//1922 1019//1922
f 1002//1921 1019//1921 1014//1921
f 1014//1922 1019//1922 1002//1922
f 1001//1919 1004//1919 991//1919
f 991//1920 1004//1920 1001//1920
f 1029//569 1016//569 1003//569
f 1003//570 1016//570 1029//570
f 1015//1923 1017//1923 1004//1923
f 1004//1924 1017//1924 1015//1924
f 1030//1925 1018//1925 992//1925
f 992//1926 1018//1926 1030//1926
f 1018//1927 1029//1927 1003//1927
f 1003//1928 1029//1928 1018//1928
f 1005//1899 1016//1899 1031//1899
f 1031//1900 1016//1900 1005//1900
f 1019//1901 1005//1901 1032//1901
f 1032//1902 1005//1902 1019//1902
f 1020//297 1033//297 1007//297
f 1007//300 1033//300 1020//300
f 1022//1880 1020//1929 994//1880
f 994//1881 1020//1930 1022//1881
f 1021//1903 1007//1904 1034//1931
f 1034//1932 1007//1905 1021//1906
f 1035//1933 1022//1933 1008//1933
f 1008//1934 1022//1934 1035//1934
f 1021//1935 1036//1935 1009//1935
f 1009//1936 1036//1936 1021//1936
f 1023//1907 1009//1907 1036//1907
f 1036//1908 1009//1908 1023//1908
f 1037//1937 1024//1937 1010//1937
f 1010//1938 1024//1938 1037//1938
f 1008//1909 1024//1909 1035//1909
f 1035//1910 1024//1910 1008//1910
f 1023//1939 1038//1939 1011//1939
f 1011//1940 1038//1940 1023//1940
f 1025//1911 1011//1911 1038//1911
f 1038//1912 1011//1912 1025//1912
f 1012//1941 1039//1941 1026//1941
f 1026//1942 1039//1942 1012//1942
f 1010//1913 1026//1913 1037//1913
f 1037//1914 1026//1914 1010//1914
f 1040//1943 1013//1943 1025//1943
f 1025//1944 1013//1944 1040//1944
f 1013//1943 1040//1943 1027//1943
f 1027//1944 1040//1944 1013//1944
f 1014//1945 1032//1945 1028//1945
f 1028//1946 1032//1946 1014//1946
f 1039//1941 1012//1941 1028//1941
f 1028//1942 1012//1942 1039//1942
f 1017//1923 1015//1923 1027//1923
f 1027//1924 1015//1924 1017//1924
f 1032//1945 1014//1945 1019//1945
f 1019//1946 1014//1946 1032//1946
f 1029//569 1041//569 1016//569
f 1016//570 1041//570 1029//570
f 1018//1925 1030//1925 1042//1925
f 1042//1926 1030//1926 1018//1926
f 1029//1927 1018//1927 1043//1927
f 1043//1928 1018//1928 1029//1928
f 1041//1947 1031//1947 1016//1947
f 1016//1948 1031//1948 1041//1948
f 1031//1949 1044//1949 1005//1949
f 1005//1950 1044//1950 1031//1950
f 1045//297 1033//297 1020//297
f 1020//300 1033//300 1045//300
f 1033//1951 1046//1952 1007//1904
f 1007//1905 1046//1953 1033//1954
f 1020//1929 1022//1880 1047//1955
f 1047//1956 1022//1881 1020//1930
f 1046//1952 1034//1931 1007//1904
f 1007//1905 1034//1932 1046//1953
f 1034//1957 1048//1957 1021//1957
f 1021//1958 1048//1958 1034//1958
f 1022//1933 1035//1933 1047//1933
f 1047//1934 1035//1934 1022//1934
f 1036//1935 1021//1935 1048//1935
f 1048//1936 1021//1936 1036//1936
f 1036//1959 1049//1959 1023//1959
f 1023//1960 1049//1960 1036//1960
f 1024//1937 1037//1937 1050//1937
f 1050//1938 1037//1938 1024//1938
f 1050//1961 1035//1961 1024//1961
f 1024//1962 1035//1962 1050//1962
f 1038//1939 1023//1939 1049//1939
f 1049//1940 1023//1940 1038//1940
f 1051//1963 1025//1963 1038//1963
f 1038//1964 1025//1964 1051//1964
f 1052//1965 1026//1965 1039//1965
f 1039//1966 1026//1966 1052//1966
f 1026//1965 1052//1965 1037//1965
f 1037//1966 1052//1966 1026//1966
f 1025//1963 1051//1963 1040//1963
f 1040//1964 1051//1964 1025//1964
f 1030//1967 1027//1967 1040//1967
f 1040//1968 1027//1968 1030//1968
f 1044//1969 1028//1969 1032//1969
f 1032//1970 1028//1970 1044//1970
f 1028//1969 1044//1969 1039//1969
f 1039//1970 1044//1970 1028//1970
f 1027//1967 1030//1967 1017//1967
f 1017//1968 1030//1968 1027//1968
f 1053//569 1041//569 1029//569
f 1029//570 1041//570 1053//570
f 1040//1971 1042//1971 1030//1971
f 1030//1972 1042//1972 1040//1972
f 1054//1973 1043//1973 1018//1973
f 1018//1974 1043//1974 1054//1974
f 1043//1975 1053//1975 1029//1975
f 1029//1976 1053//1976 1043//1976
f 1031//1947 1041//1947 1055//1947
f 1055//1948 1041//1948 1031//1948
f 1044//1949 1031//1949 1056//1949
f 1056//1950 1031//1950 1044//1950
f 1045//297 1057//297 1033//297
f 1033//300 1057//300 1045//300
f 1058//1977 1045//1978 1020//1929
f 1020//1930 1045//1979 1058//1980
f 1046//1952 1033//1951 1059//1981
f 1059//1982 1033//1954 1046//1953
f 1058//1977 1020//1929 1047//1955
f 1047//1956 1020//1930 1058//1980
f 1046//1983 1060//1983 1034//1983
f 1034//1984 1060//1984 1046//1984
f 1048//1957 1034//1957 1060//1957
f 1060//1958 1034//1958 1048//1958
f 1047//1933 1035//1933 1061//1933
f 1061//1934 1035//1934 1047//1934
f 1048//1985 1062//1985 1036//1985
f 1036//1986 1062//1986 1048//1986
f 1049//1959 1036//1959 1062//1959
f 1062//1960 1036//1960 1049//1960
f 1037//1987 1063//1987 1050//1987
f 1050//1988 1063//1988 1037//1988
f 1035//1961 1050//1961 1064//1961
f 1064//1962 1050//1962 1035//1962
f 1065//1989 1038//1989 1049//1989
f 1049//1990 1038//1990 1065//1990
f 1038//1989 1065//1989 1051//1989
f 1051//1990 1065//1990 1038//1990
f 1039//1991 1056//1991 1052//1991
f 1052//1992 1056//1992 1039//1992
f 1063//1987 1037//1987 1052//1987
f 1052//1988 1037//1988 1063//1988
f 1042//1971 1040//1971 1051//1971
f 1051//1972 1040//1972 1042//1972
f 1056//1991 1039//1991 1044//1991
f 1044//1992 1039//1992 1056//1992
f 1066//569 1041//569 1053//569
f 1053//570 1041//570 1066//570
f 1043//1973 1054//1973 1067//1973
f 1067//1974 1054//1974 1043//1974
f 1053//1975 1043//1975 1068//1975
f 1068//1976 1043//1976 1053//1976
f 1069//1993 1070//1993 1041//1993
f 1041//1994 1070//1994 1069//1994
f 1055//1995 1071//1995 1031//1995
f 1031//1996 1071//1996 1055//1996
f 1072//297 1057//297 1045//297
f 1045//300 1057//300 1072//300
f 1057//1997 1073//1998 1033//1951
f 1033//1954 1073//1999 1057//2000
f 1045//1978 1058//1977 1074//2001
f 1074//2002 1058//1980 1045//1979
f 1073//1998 1059//1981 1033//1951
f 1033//1954 1059//1982 1073//1999
f 1059//2003 1075//2003 1046//2003
f 1046//2004 1075//2004 1059//2004
f 1061//2005 1058//2005 1047//2005
f 1047//2006 1058//2006 1061//2006
f 1060//1983 1046//1983 1075//1983
f 1075//1984 1046//1984 1060//1984
f 1060//2007 1076//2007 1048//2007
f 1048//2008 1076//2008 1060//2008
f 1064//2009 1061//2009 1035//2009
f 1035//2010 1061//2010 1064//2010
f 1062//1985 1048//1985 1076//1985
f 1076//1986 1048//1986 1062//1986
f 1077//2011 1049//2011 1062//2011
f 1062//2012 1049//2012 1077//2012
f 1078//2013 1050//2013 1063//2013
f 1063//2014 1050//2014 1078//2014
f 1050//2013 1078//2013 1064//2013
f 1064//2014 1078//2014 1050//2014
f 1049//2011 1077//2011 1065//2011
f 1065//2012 1077//2012 1049//2012
f 1054//2015 1051//2015 1065//2015
f 1065//2016 1051//2016 1054//2016
f 1071//2017 1052//2017 1056//2017
f 1056//2018 1052//2018 1071//2018
f 1052//2017 1071//2017 1063//2017
f 1063//2018 1071//2018 1052//2018
f 1051//2015 1054//2015 1042//2015
f 1042//2016 1054//2016 1051//2016
f 1066//569 1069//569 1041//569
f 1041//570 1069//570 1066//570
f 1068//2019 1066//2019 1053//2019
f 1053//2020 1066//2020 1068//2020
f 1065//2021 1067//2021 1054//2021
f 1054//2022 1067//2022 1065//2022
f 1079//2023 1068//2023 1043//2023
f 1043//2024 1068//2024 1079//2024
f 1070//1993 1069//1993 1080//1993
f 1080//1994 1069//1994 1070//1994
f 1071//1995 1055//1995 1081//1995
f 1081//1996 1055//1996 1071//1996
f 1072//297 1082//297 1057//297
f 1057//300 1082//300 1072//300
f 1083//2025 1072//2026 1045//1978
f 1045//1979 1072//2027 1083//2028
f 1073//1998 1057//1997 1084//2029
f 1084//2030 1057//2000 1073//1999
f 1085//2031 1074//2031 1058//2031
f 1058//2032 1074//2032 1085//2032
f 1083//2025 1045//1978 1074//2001
f 1074//2002 1045//1979 1083//2028
f 1073//2033 1086//2033 1059//2033
f 1059//2034 1086//2034 1073//2034
f 1075//2003 1059//2003 1086//2003
f 1086//2004 1059//2004 1075//2004
f 1058//2005 1061//2005 1085//2005
f 1085//2006 1061//2006 1058//2006
f 1075//2035 1087//2035 1060//2035
f 1060//2036 1087//2036 1075//2036
f 1076//2007 1060//2007 1087//2007
f 1087//2008 1060//2008 1076//2008
f 1061//2009 1064//2009 1088//2009
f 1088//2010 1064//2010 1061//2010
f 1089//2037 1062//2037 1076//2037
f 1076//2038 1062//2038 1089//2038
f 1062//2037 1089//2037 1077//2037
f 1077//2038 1089//2038 1062//2038
f 1063//2039 1081//2039 1078//2039
f 1078//2040 1081//2040 1063//2040
f 1090//2041 1064//2041 1078//2041
f 1078//2042 1064//2042 1090//2042
f 1067//2021 1065//2021 1077//2021
f 1077//2022 1065//2022 1067//2022
f 1081//2039 1063//2039 1071//2039
f 1071//2040 1063//2040 1081//2040
f 1091//569 1069//569 1066//569
f 1066//570 1069//570 1091//570
f 1066//2019 1068//2019 1092//2019
f 1092//2020 1068//2020 1066//2020
f 1068//2023 1079//2023 1093//2023
f 1093//2024 1079//2024 1068//2024
f 1094//2043 1080//2043 1069//2043
f 1069//2044 1080//2044 1094//2044
f 1080//2045 1095//2045 1070//2045
f 1070//2046 1095//2046 1080//2046
f 1081//2047 1070//2047 1095//2047
f 1070//2047 1081//2047 1055//2047
f 1095//2048 1070//2048 1081//2048
f 1055//2048 1081//2048 1070//2048
f 1096//297 1082//297 1072//297
f 1072//300 1082//300 1096//300
f 1082//2049 1097//2050 1057//1997
f 1057//2000 1097//2051 1082//2052
f 1072//2026 1083//2025 1098//2053
f 1098//2054 1083//2028 1072//2027
f 1097//2050 1084//2029 1057//1997
f 1057//2000 1084//2030 1097//2051
f 1084//2055 1099//2055 1073//2055
f 1073//2056 1099//2056 1084//2056
f 1074//2031 1085//2031 1100//2031
f 1100//2032 1085//2032 1074//2032
f 1100//2057 1083//2057 1074//2057
f 1074//2058 1083//2058 1100//2058
f 1086//2033 1073//2033 1099//2033
f 1099//2034 1073//2034 1086//2034
f 1086//2059 1101//2059 1075//2059
f 1075//2060 1101//2060 1086//2060
f 1088//2061 1085//2061 1061//2061
f 1061//2062 1085//2062 1088//2062
f 1087//2035 1075//2035 1101//2035
f 1101//2036 1075//2036 1087//2036
f 1102//2063 1076//2063 1087//2063
f 1087//2064 1076//2064 1102//2064
f 1064//2041 1090//2041 1088//2041
f 1088//2042 1090//2042 1064//2042
f 1076//2063 1102//2063 1089//2063
f 1089//2064 1102//2064 1076//2064
f 1079//2065 1077//2065 1089//2065
f 1089//2066 1077//2066 1079//2066
f 1095//2067 1078//2067 1081//2067
f 1081//2068 1078//2068 1095//2068
f 1078//2067 1095//2067 1090//2067
f 1090//2068 1095//2068 1078//2068
f 1077//2065 1079//2065 1067//2065
f 1067//2066 1079//2066 1077//2066
f 1091//569 1094//569 1069//569
f 1069//570 1094//570 1091//570
f 1092//2069 1091//2069 1066//2069
f 1066//2070 1091//2070 1092//2070
f 1093//2071 1092//2071 1068//2071
f 1068//2072 1092//2072 1093//2072
f 1089//2073 1093//2073 1079//2073
f 1079//2074 1093//2074 1089//2074
f 1080//2043 1094//2043 1103//2043
f 1103//2044 1094//2044 1080//2044
f 1095//2045 1080//2045 1104//2045
f 1104//2046 1080//2046 1095//2046
f 1096//297 1105//297 1082//297
f 1082//300 1105//300 1096//300
f 1106//2075 1096//2076 1072//2026
f 1072//2027 1096//2077 1106//2078
f 1097//2050 1082//2049 1107//2079
f 1107//2080 1082//2052 1097//2051
f 1108//2081 1098//2081 1083//2081
f 1083//2082 1098//2082 1108//2082
f 1106//2075 1072//2026 1098//2053
f 1098//2054 1072//2027 1106//2078
f 1097//2083 1109//2083 1084//2083
f 1084//2084 1109//2084 1097//2084
f 1099//2055 1084//2055 1109//2055
f 1109//2056 1084//2056 1099//2056
f 1110//2085 1100//2085 1085//2085
f 1085//2086 1100//2086 1110//2086
f 1083//2057 1100//2057 1108//2057
f 1108//2058 1100//2058 1083//2058
f 1099//2087 1111//2087 1086//2087
f 1086//2088 1111//2088 1099//2088
f 1101//2059 1086//2059 1111//2059
f 1111//2060 1086//2060 1101//2060
f 1085//2061 1088//2061 1110//2061
f 1110//2062 1088//2062 1085//2062
f 1112//2089 1087//2089 1101//2089
f 1101//2090 1087//2090 1112//2090
f 1087//2089 1112//2089 1102//2089
f 1102//2090 1112//2090 1087//2090
f 1113//2091 1088//2091 1090//2091
f 1090//2092 1088//2092 1113//2092
f 1093//2073 1089//2073 1102//2073
f 1102//2074 1089//2074 1093//2074
f 1104//2093 1090//2093 1095//2093
f 1095//2094 1090//2094 1104//2094
f 1114//569 1094//569 1091//569
f 1091//570 1094//570 1114//570
f 1091//2069 1092//2069 1115//2069
f 1115//2070 1092//2070 1091//2070
f 1092//2071 1093//2071 1116//2071
f 1116//2072 1093//2072 1092//2072
f 1117//2095 1103//2095 1094//2095
f 1094//2096 1103//2096 1117//2096
f 1103//2097 1118//2097 1080//2097
f 1080//2098 1118//2098 1103//2098
f 1119//297 1105//297 1096//297
f 1096//300 1105//300 1119//300
f 1105//2099 1120//2100 1082//2049
f 1082//2052 1120//2101 1105//2102
f 1096//2076 1106//2075 1121//2103
f 1121//2104 1106//2078 1096//2077
f 1120//2100 1107//2079 1082//2049
f 1082//2052 1107//2080 1120//2101
f 1107//2105 1122//2105 1097//2105
f 1097//2106 1122//2106 1107//2106
f 1098//2081 1108//2081 1123//2081
f 1123//2082 1108//2082 1098//2082
f 1123//2107 1106//2107 1098//2107
f 1098//2108 1106//2108 1123//2108
f 1109//2083 1097//2083 1122//2083
f 1122//2084 1097//2084 1109//2084
f 1109//2109 1124//2109 1099//2109
f 1099//2110 1124//2110 1109//2110
f 1100//2085 1110//2085 1125//2085
f 1125//2086 1110//2086 1100//2086
f 1125//2111 1108//2111 1100//2111
f 1100//2112 1108//2112 1125//2112
f 1111//2087 1099//2087 1124//2087
f 1124//2088 1099//2088 1111//2088
f 1126//2113 1101//2113 1111//2113
f 1111//2114 1101//2114 1126//2114
f 1088//2091 1113//2091 1110//2091
f 1110//2092 1113//2092 1088//2092
f 1101//2113 1126//2113 1112//2113
f 1112//2114 1126//2114 1101//2114
f 1116//2115 1102//2115 1112//2115
f 1112//2116 1102//2116 1116//2116
f 1090//2093 1104//2093 1113//2093
f 1113//2094 1104//2094 1090//2094
f 1102//2115 1116//2115 1093//2115
f 1093//2116 1116//2116 1102//2116
f 1114//569 1117//569 1094//569
f 1094//570 1117//570 1114//570
f 1115//2117 1114//2117 1091//2117
f 1091//2118 1114//2118 1115//2118
f 1127//2119 1115//2119 1092//2119
f 1092//2120 1115//2120 1127//2120
f 1103//2095 1117//2095 1128//2095
f 1128//2096 1117//2096 1103//2096
f 1118//2097 1103//2097 1129//2097
f 1129//2098 1103//2098 1118//2098
f 1119//297 1130//297 1105//297
f 1105//300 1130//300 1119//300
f 1131//2121 1119//2122 1096//2076
f 1096//2077 1119//2123 1131//2124
f 1120//2100 1105//2099 1132//2125
f 1132//2126 1105//2102 1120//2101
f 1133//2127 1121//2127 1106//2127
f 1106//2128 1121//2128 1133//2128
f 1131//2121 1096//2076 1121//2103
f 1121//2104 1096//2077 1131//2124
f 1120//2129 1134//2129 1107//2129
f 1107//2130 1134//2130 1120//2130
f 1122//2105 1107//2105 1134//2105
f 1134//2106 1107//2106 1122//2106
f 1135//2131 1123//2131 1108//2131
f 1108//2132 1123//2132 1135//2132
f 1106//2107 1123//2107 1133//2107
f 1133//2108 1123//2108 1106//2108
f 1122//2133 1136//2133 1109//2133
f 1109//2134 1136//2134 1122//2134
f 1124//2109 1109//2109 1136//2109
f 1136//2110 1109//2110 1124//2110
f 1113//2135 1125//2135 1110//2135
f 1110//2136 1125//2136 1113//2136
f 1108//2111 1125//2111 1135//2111
f 1135//2112 1125//2112 1108//2112
f 1124//2137 1126//2137 1111//2137
f 1111//2138 1126//2138 1124//2138
f 1127//2139 1112//2139 1126//2139
f 1126//2140 1112//2140 1127//2140
f 1112//2139 1127//2139 1116//2139
f 1116//2140 1127//2140 1112//2140
f 1118//2141 1113//2141 1104//2141
f 1104//2142 1113//2142 1118//2142
f 1137//569 1117//569 1114//569
f 1114//570 1117//570 1137//570
f 1114//2117 1115//2117 1138//2117
f 1138//2118 1115//2118 1114//2118
f 1115//2119 1127//2119 1139//2119
f 1139//2120 1127//2120 1115//2120
f 1140//2143 1128//2143 1117//2143
f 1117//2144 1128//2144 1140//2144
f 1128//2145 1141//2145 1103//2145
f 1103//2146 1141//2146 1128//2146
f 1129//2147 1142//2147 1118//2147
f 1118//2148 1142//2148 1129//2148
f 1143//297 1130//297 1119//297
f 1119//300 1130//300 1143//300
f 1130//2149 1144//2150 1105//2099
f 1105//2102 1144//2151 1130//2152
f 1119//2122 1131//2121 1145//2153
f 1145//2154 1131//2124 1119//2123
f 1144//2150 1132//2125 1105//2099
f 1105//2102 1132//2126 1144//2151
f 1132//2155 1146//2155 1120//2155
f 1120//2156 1146//2156 1132//2156
f 1121//2127 1133//2127 1147//2127
f 1147//2128 1133//2128 1121//2128
f 1147//2157 1131//2157 1121//2157
f 1121//2158 1131//2158 1147//2158
f 1134//2129 1120//2129 1146//2129
f 1146//2130 1120//2130 1134//2130
f 1134//2159 1148//2159 1122//2159
f 1122//2160 1148//2160 1134//2160
f 1123//2131 1135//2131 1149//2131
f 1149//2132 1135//2132 1123//2132
f 1149//2161 1133//2161 1123//2161
f 1123//2162 1133//2162 1149//2162
f 1136//2133 1122//2133 1148//2133
f 1148//2134 1122//2134 1136//2134
f 1136//2163 1150//2163 1124//2163
f 1124//2164 1150//2164 1136//2164
f 1125//2135 1113//2135 1142//2135
f 1142//2136 1113//2136 1125//2136
f 1142//2165 1135//2165 1125//2165
f 1125//2166 1135//2166 1142//2166
f 1126//2137 1124//2137 1150//2137
f 1150//2138 1124//2138 1126//2138
f 1126//2167 1139//2167 1127//2167
f 1127//2168 1139//2168 1126//2168
f 1113//2141 1118//2141 1142//2141
f 1142//2142 1118//2142 1113//2142
f 1137//569 1140//569 1117//569
f 1117//570 1140//570 1137//570
f 1138//2169 1137//2169 1114//2169
f 1114//2170 1137//2170 1138//2170
f 1151//2171 1138//2171 1115//2171
f 1115//2172 1138//2172 1151//2172
f 1128//2143 1140//2143 1152//2143
f 1152//2144 1140//2144 1128//2144
f 1141//2145 1128//2145 1153//2145
f 1153//2146 1128//2146 1141//2146
f 1142//2147 1129//2147 1154//2147
f 1154//2148 1129//2148 1142//2148
f 1143//297 1155//297 1130//297
f 1130//300 1155//300 1143//300
f 1156//2173 1143//2174 1119//2122
f 1119//2123 1143//2175 1156//2176
f 1144//2150 1130//2149 1157//2177
f 1157//2178 1130//2152 1144//2151
f 1158//2179 1145//2179 1131//2179
f 1131//2180 1145//2180 1158//2180
f 1156//2173 1119//2122 1145//2153
f 1145//2154 1119//2123 1156//2176
f 1144//2181 1159//2181 1132//2181
f 1132//2182 1159//2182 1144//2182
f 1146//2155 1132//2155 1159//2155
f 1159//2156 1132//2156 1146//2156
f 1160//2183 1147//2183 1133//2183
f 1133//2184 1147//2184 1160//2184
f 1131//2157 1147//2157 1158//2157
f 1158//2158 1147//2158 1131//2158
f 1146//2185 1161//2185 1134//2185
f 1134//2186 1161//2186 1146//2186
f 1148//2159 1134//2159 1161//2159
f 1161//2160 1134//2160 1148//2160
f 1154//2187 1149//2187 1135//2187
f 1135//2188 1149//2188 1154//2188
f 1133//2161 1149//2161 1160//2161
f 1160//2162 1149//2162 1133//2162
f 1148//2189 1162//2189 1136//2189
f 1136//2190 1162//2190 1148//2190
f 1150//2163 1136//2163 1162//2163
f 1162//2164 1136//2164 1150//2164
f 1135//2165 1142//2165 1154//2165
f 1154//2166 1142//2166 1135//2166
f 1139//2167 1126//2167 1150//2167
f 1150//2168 1126//2168 1139//2168
f 1163//569 1140//569 1137//569
f 1137//570 1140//570 1163//570
f 1137//2169 1138//2169 1164//2169
f 1164//2170 1138//2170 1137//2170
f 1138//2171 1151//2171 1165//2171
f 1165//2172 1151//2172 1138//2172
f 1166//2191 1152//2191 1140//2191
f 1140//2192 1152//2192 1166//2192
f 1152//2193 1167//2193 1128//2193
f 1128//2194 1167//2194 1152//2194
f 1153//2195 1168//2195 1141//2195
f 1141//2196 1168//2196 1153//2196
f 1141//2197 1154//2197 1129//2197
f 1129//2198 1154//2198 1141//2198
f 1169//297 1155//297 1143//297
f 1143//300 1155//300 1169//300
f 1155//2199 1170//2200 1130//2149
f 1130//2152 1170//2201 1155//2202
f 1143//2174 1156//2173 1171//2203
f 1171//2204 1156//2176 1143//2175
f 1170//2200 1157//2177 1130//2149
f 1130//2152 1157//2178 1170//2201
f 1157//2205 1172//2205 1144//2205
f 1144//2206 1172//2206 1157//2206
f 1145//2179 1158//2179 1173//2179
f 1173//2180 1158//2180 1145//2180
f 1173//2207 1156//2207 1145//2207
f 1145//2208 1156//2208 1173//2208
f 1159//2181 1144//2181 1172//2181
f 1172//2182 1144//2182 1159//2182
f 1159//2209 1174//2209 1146//2209
f 1146//2210 1174//2210 1159//2210
f 1147//2183 1160//2183 1175//2183
f 1175//2184 1160//2184 1147//2184
f 1175//2211 1158//2211 1147//2211
f 1147//2212 1158//2212 1175//2212
f 1161//2185 1146//2185 1174//2185
f 1174//2186 1146//2186 1161//2186
f 1161//2213 1176//2213 1148//2213
f 1148//2214 1176//2214 1161//2214
f 1149//2187 1154//2187 1168//2187
f 1168//2188 1154//2188 1149//2188
f 1168//2215 1160//2215 1149//2215
f 1149//2216 1160//2216 1168//2216
f 1162//2189 1148//2189 1176//2189
f 1176//2190 1148//2190 1162//2190
f 1151//2217 1150//2217 1162//2217
f 1162//2218 1150//2218 1151//2218
f 1150//2217 1151//2217 1139//2217
f 1139//2218 1151//2218 1150//2218
f 1163//569 1166//569 1140//569
f 1140//570 1166//570 1163//570
f 1164//2219 1163//2219 1137//2219
f 1137//2220 1163//2220 1164//2220
f 1177//2221 1164//2221 1138//2221
f 1138//2222 1164//2222 1177//2222
f 1162//2223 1165//2223 1151//2223
f 1151//2224 1165//2224 1162//2224
f 1152//2191 1166//2191 1178//2191
f 1178//2192 1166//2192 1152//2192
f 1167//2193 1152//2193 1179//2193
f 1179//2194 1152//2194 1167//2194
f 1168//2195 1153//2195 1180//2195
f 1180//2196 1153//2196 1168//2196
f 1154//2197 1141//2197 1168//2197
f 1168//2198 1141//2198 1154//2198
f 1169//297 1181//297 1155//297
f 1155//300 1181//300 1169//300
f 1182//2225 1169//2226 1143//2174
f 1143//2175 1169//2227 1182//2228
f 1170//2200 1155//2199 1183//2229
f 1183//2230 1155//2202 1170//2201
f 1184//2231 1171//2231 1156//2231
f 1156//2232 1171//2232 1184//2232
f 1182//2225 1143//2174 1171//2203
f 1171//2204 1143//2175 1182//2228
f 1170//2233 1185//2233 1157//2233
f 1157//2234 1185//2234 1170//2234
f 1172//2205 1157//2205 1185//2205
f 1185//2206 1157//2206 1172//2206
f 1186//2235 1173//2235 1158//2235
f 1158//2236 1173//2236 1186//2236
f 1156//2207 1173//2207 1184//2207
f 1184//2208 1173//2208 1156//2208
f 1172//2237 1187//2237 1159//2237
f 1159//2238 1187//2238 1172//2238
f 1174//2209 1159//2209 1187//2209
f 1187//2210 1159//2210 1174//2210
f 1180//2239 1175//2239 1160//2239
f 1160//2240 1175//2240 1180//2240
f 1158//2211 1175//2211 1186//2211
f 1186//2212 1175//2212 1158//2212
f 1174//2241 1188//2241 1161//2241
f 1161//2242 1188//2242 1174//2242
f 1176//2213 1161//2213 1188//2213
f 1188//2214 1161//2214 1176//2214
f 1160//2215 1168//2215 1180//2215
f 1180//2216 1168//2216 1160//2216
f 1165//2223 1162//2223 1176//2223
f 1176//2224 1162//2224 1165//2224
f 1189//569 1166//569 1163//569
f 1163//570 1166//570 1189//570
f 1163//2219 1164//2219 1190//2219
f 1190//2220 1164//2220 1163//2220
f 1164//2221 1177//2221 1191//2221
f 1191//2222 1177//2222 1164//2222
f 1192//2243 1178//2243 1166//2243
f 1166//2244 1178//2244 1192//2244
f 1178//2245 1193//2245 1152//2245
f 1152//2246 1193//2246 1178//2246
f 1179//2247 1194//2247 1167//2247
f 1167//2248 1194//2248 1179//2248
f 1167//2249 1180//2249 1153//2249
f 1153//2250 1180//2250 1167//2250
f 1195//297 1181//297 1169//297
f 1169//300 1181//300 1195//300
f 1181//2251 1196//2252 1155//2199
f 1155//2202 1196//2253 1181//2254
f 1169//2226 1182//2225 1197//2255
f 1197//2256 1182//2228 1169//2227
f 1196//2252 1183//2229 1155//2199
f 1155//2202 1183//2230 1196//2253
f 1183//2257 1198//2257 1170//2257
f 1170//2258 1198//2258 1183//2258
f 1171//2231 1184//2231 1199//2231
f 1199//2232 1184//2232 1171//2232
f 1199//2259 1182//2259 1171//2259
f 1171//2260 1182//2260 1199//2260
f 1185//2233 1170//2233 1198//2233
f 1198//2234 1170//2234 1185//2234
f 1185//2261 1200//2261 1172//2261
f 1172//2262 1200//2262 1185//2262
f 1173//2235 1186//2235 1201//2235
f 1201//2236 1186//2236 1173//2236
f 1201//2263 1184//2263 1173//2263
f 1173//2264 1184//2264 1201//2264
f 1187//2237 1172//2237 1200//2237
f 1200//2238 1172//2238 1187//2238
f 1187//2265 1202//2265 1174//2265
f 1174//2266 1202//2266 1187//2266
f 1175//2239 1180//2239 1194//2239
f 1194//2240 1180//2240 1175//2240
f 1194//2267 1186//2267 1175//2267
f 1175//2268 1186//2268 1194//2268
f 1188//2241 1174//2241 1202//2241
f 1202//2242 1174//2242 1188//2242
f 1177//2269 1176//2269 1188//2269
f 1188//2270 1176//2270 1177//2270
f 1176//2269 1177//2269 1165//2269
f 1165//2270 1177//2270 1176//2270
f 1189//569 1192//569 1166//569
f 1166//570 1192//570 1189//570
f 1190//2271 1189//2271 1163//2271
f 1163//2272 1189//2272 1190//2272
f 1203//2273 1190//2273 1164//2273
f 1164//2274 1190//2274 1203//2274
f 1188//2275 1191//2275 1177//2275
f 1177//2276 1191//2276 1188//2276
f 1178//2243 1192//2243 1204//2243
f 1204//2244 1192//2244 1178//2244
f 1193//2245 1178//2245 1205//2245
f 1205//2246 1178//2246 1193//2246
f 1194//2247 1179//2247 1206//2247
f 1206//2248 1179//2248 1194//2248
f 1180//2249 1167//2249 1194//2249
f 1194//2250 1167//2250 1180//2250
f 1195//297 1207//297 1181//297
f 1181//300 1207//300 1195//300
f 1208//2277 1195//2278 1169//2226
f 1169//2227 1195//2279 1208//2280
f 1196//2252 1181//2251 1209//2281
f 1209//2282 1181//2254 1196//2253
f 1210//2283 1197//2283 1182//2283
f 1182//2284 1197//2284 1210//2284
f 1208//2277 1169//2226 1197//2255
f 1197//2256 1169//2227 1208//2280
f 1196//2285 1211//2285 1183//2285
f 1183//2286 1211//2286 1196//2286
f 1198//2257 1183//2257 1211//2257
f 1211//2258 1183//2258 1198//2258
f 1212//2287 1199//2287 1184//2287
f 1184//2288 1199//2288 1212//2288
f 1182//2259 1199//2259 1210//2259
f 1210//2260 1199//2260 1182//2260
f 1198//2289 1213//2289 1185//2289
f 1185//2290 1213//2290 1198//2290
f 1200//2261 1185//2261 1213//2261
f 1213//2262 1185//2262 1200//2262
f 1206//2291 1201//2291 1186//2291
f 1186//2292 1201//2292 1206//2292
f 1184//2263 1201//2263 1212//2263
f 1212//2264 1201//2264 1184//2264
f 1200//2293 1214//2293 1187//2293
f 1187//2294 1214//2294 1200//2294
f 1202//2265 1187//2265 1214//2265
f 1214//2266 1187//2266 1202//2266
f 1186//2267 1194//2267 1206//2267
f 1206//2268 1194//2268 1186//2268
f 1191//2275 1188//2275 1202//2275
f 1202//2276 1188//2276 1191//2276
f 1215//569 1192//569 1189//569
f 1189//570 1192//570 1215//570
f 1189//2271 1190//2271 1216//2271
f 1216//2272 1190//2272 1189//2272
f 1190//2273 1203//2273 1217//2273
f 1217//2274 1203//2274 1190//2274
f 1218//2295 1204//2295 1192//2295
f 1192//2296 1204//2296 1218//2296
f 1204//2297 1219//2297 1178//2297
f 1178//2298 1219//2298 1204//2298
f 1205//2299 1220//2299 1193//2299
f 1193//2300 1220//2300 1205//2300
f 1193//2301 1206//2301 1179//2301
f 1179//2302 1206//2302 1193//2302
f 1221//297 1207//297 1195//297
f 1195//300 1207//300 1221//300
f 1207//2303 1222//2304 1181//2251
f 1181//2254 1222//2305 1207//2306
f 1195//2278 1208//2277 1223//2307
f 1223//2308 1208//2280 1195//2279
f 1222//2304 1209//2281 1181//2251
f 1181//2254 1209//2282 1222//2305
f 1209//2309 1224//2309 1196//2309
f 1196//2310 1224//2310 1209//2310
f 1197//2283 1210//2283 1225//2283
f 1225//2284 1210//2284 1197//2284
f 1225//2311 1208//2311 1197//2311
f 1197//2312 1208//2312 1225//2312
f 1211//2285 1196//2285 1224//2285
f 1224//2286 1196//2286 1211//2286
f 1211//2313 1226//2313 1198//2313
f 1198//2314 1226//2314 1211//2314
f 1199//2287 1212//2287 1227//2287
f 1227//2288 1212//2288 1199//2288
f 1227//2315 1210//2315 1199//2315
f 1199//2316 1210//2316 1227//2316
f 1213//2289 1198//2289 1226//2289
f 1226//2290 1198//2290 1213//2290
f 1213//2317 1228//2317 1200//2317
f 1200//2318 1228//2318 1213//2318
f 1201//2291 1206//2291 1220//2291
f 1220//2292 1206//2292 1201//2292
f 1220//2319 1212//2319 1201//2319
f 1201//2320 1212//2320 1220//2320
f 1214//2293 1200//2293 1228//2293
f 1228//2294 1200//2294 1214//2294
f 1203//2321 1202//2321 1214//2321
f 1214//2322 1202//2322 1203//2322
f 1202//2321 1203//2321 1191//2321
f 1191//2322 1203//2322 1202//2322
f 1215//569 1218//569 1192//569
f 1192//570 1218//570 1215//570
f 1216//2323 1215//2323 1189//2323
f 1189//2324 1215//2324 1216//2324
f 1229//2325 1216//2325 1190//2325
f 1190//2326 1216//2326 1229//2326
f 1214//2327 1217//2327 1203//2327
f 1203//2328 1217//2328 1214//2328
f 1204//2295 1218//2295 1230//2295
f 1230//2296 1218//2296 1204//2296
f 1219//2297 1204//2297 1231//2297
f 1231//2298 1204//2298 1219//2298
f 1220//2299 1205//2299 1232//2299
f 1232//2300 1205//2300 1220//2300
f 1206//2301 1193//2301 1220//2301
f 1220//2302 1193//2302 1206//2302
f 1221//297 1233//297 1207//297
f 1207//300 1233//300 1221//300
f 1234//2329 1221//2330 1195//2278
f 1195//2279 1221//2331 1234//2332
f 1222//2304 1207//2303 1235//2303
f 1235//2306 1207//2306 1222//2305
f 1236//2333 1223//2333 1208//2333
f 1208//2334 1223//2334 1236//2334
f 1234//2329 1195//2278 1223//2307
f 1223//2308 1195//2279 1234//2332
f 1222//2335 1237//2335 1209//2335
f 1209//2336 1237//2336 1222//2336
f 1224//2309 1209//2309 1237//2309
f 1237//2310 1209//2310 1224//2310
f 1238//2337 1225//2337 1210//2337
f 1210//2338 1225//2338 1238//2338
f 1208//2311 1225//2311 1236//2311
f 1236//2312 1225//2312 1208//2312
f 1224//2339 1239//2339 1211//2339
f 1211//2340 1239//2340 1224//2340
f 1226//2313 1211//2313 1239//2313
f 1239//2314 1211//2314 1226//2314
f 1232//2341 1227//2341 1212//2341
f 1212//2342 1227//2342 1232//2342
f 1210//2315 1227//2315 1238//2315
f 1238//2316 1227//2316 1210//2316
f 1226//2343 1240//2343 1213//2343
f 1213//2344 1240//2344 1226//2344
f 1228//2317 1213//2317 1240//2317
f 1240//2318 1213//2318 1228//2318
f 1212//2319 1220//2319 1232//2319
f 1232//2320 1220//2320 1212//2320
f 1217//2327 1214//2327 1228//2327
f 1228//2328 1214//2328 1217//2328
f 1241//569 1218//569 1215//569
f 1215//570 1218//570 1241//570
f 1215//2323 1216//2323 1242//2323
f 1242//2324 1216//2324 1215//2324
f 1216//2325 1229//2325 1243//2325
f 1243//2326 1229//2326 1216//2326
f 1244//2345 1230//2345 1218//2345
f 1218//2346 1230//2346 1244//2346
f 1230//2347 1245//2347 1204//2347
f 1204//2348 1245//2348 1230//2348
f 1231//2349 1246//2349 1219//2349
f 1219//2350 1246//2350 1231//2350
f 1219//2351 1232//2351 1205//2351
f 1205//2352 1232//2352 1219//2352
f 1247//297 1233//297 1221//297
f 1221//300 1233//300 1247//300
f 1233//2353 1235//2303 1207//2303
f 1207//2306 1235//2306 1233//2354
f 1221//2330 1234//2329 1248//2330
f 1248//2331 1234//2332 1221//2331
f 1235//2355 1249//2355 1222//2355
f 1222//2356 1249//2356 1235//2356
f 1223//2333 1236//2333 1250//2333
f 1250//2334 1236//2334 1223//2334
f 1250//2357 1234//2357 1223//2357
f 1223//2358 1234//2358 1250//2358
f 1237//2335 1222//2335 1249//2335
f 1249//2336 1222//2336 1237//2336
f 1237//2359 1251//2359 1224//2359
f 1224//2360 1251//2360 1237//2360
f 1225//2337 1238//2337 1252//2337
f 1252//2338 1238//2338 1225//2338
f 1252//2361 1236//2361 1225//2361
f 1225//2362 1236//2362 1252//2362
f 1239//2339 1224//2339 1251//2339
f 1251//2340 1224//2340 1239//2340
f 1239//2363 1253//2363 1226//2363
f 1226//2364 1253//2364 1239//2364
f 1227//2341 1232//2341 1246//2341
f 1246//2342 1232//2342 1227//2342
f 1246//2365 1238//2365 1227//2365
f 1227//2366 1238//2366 1246//2366
f 1240//2343 1226//2343 1253//2343
f 1253//2344 1226//2344 1240//2344
f 1229//2367 1228//2367 1240//2367
f 1240//2368 1228//2368 1229//2368
f 1228//2367 1229//2367 1217//2367
f 1217//2368 1229//2368 1228//2368
f 1241//569 1244//569 1218//569
f 1218//570 1244//570 1241//570
f 1242//2369 1241//2369 1215//2369
f 1215//2370 1241//2370 1242//2370
f 1254//2371 1242//2371 1216//2371
f 1216//2372 1242//2372 1254//2372
f 1240//2373 1243//2373 1229//2373
f 1229//2374 1243//2374 1240//2374
f 1230//2345 1244//2345 1255//2345
f 1255//2346 1244//2346 1230//2346
f 1245//2347 1230//2347 1256//2347
f 1256//2348 1230//2348 1245//2348
f 1246//2349 1231//2349 1257//2349
f 1257//2350 1231//2350 1246//2350
f 1232//2351 1219//2351 1246//2351
f 1246//2352 1219//2352 1232//2352
f 1233//297 1247//297 1258//297
f 1258//300 1247//300 1233//300
f 1248//2330 1247//2375 1221//2330
f 1221//2331 1247//2376 1248//2331
f 1235//2303 1233//2353 1259//2353
f 1259//2354 1233//2354 1235//2306
f 1260//2377 1248//2377 1234//2377
f 1234//2378 1248//2378 1260//2378
f 1249//2355 1235//2355 1261//2355
f 1261//2356 1235//2356 1249//2356
f 1262//2379 1250//2379 1236//2379
f 1236//2380 1250//2380 1262//2380
f 1234//2357 1250//2357 1260//2357
f 1260//2358 1250//2358 1234//2358
f 1249//2381 1263//2381 1237//2381
f 1237//2382 1263//2382 1249//2382
f 1251//2359 1237//2359 1263//2359
f 1263//2360 1237//2360 1251//2360
f 1257//2383 1252//2383 1238//2383
f 1238//2384 1252//2384 1257//2384
f 1236//2361 1252//2361 1262//2361
f 1262//2362 1252//2362 1236//2362
f 1251//2385 1264//2385 1239//2385
f 1239//2386 1264//2386 1251//2386
f 1253//2363 1239//2363 1264//2363
f 1264//2364 1239//2364 1253//2364
f 1238//2365 1246//2365 1257//2365
f 1257//2366 1246//2366 1238//2366
f 1243//2373 1240//2373 1253//2373
f 1253//2374 1240//2374 1243//2374
f 1265//569 1244//569 1241//569
f 1241//570 1244//570 1265//570
f 1241//2369 1242//2369 1266//2369
f 1266//2370 1242//2370 1241//2370
f 1242//2371 1254//2371 1267//2371
f 1267//2372 1254//2372 1242//2372
f 1268//2387 1255//2387 1244//2387
f 1244//2388 1255//2388 1268//2388
f 1255//2389 1269//2389 1230//2389
f 1230//2390 1269//2390 1255//2390
f 1256//2391 1270//2391 1245//2391
f 1245//2392 1270//2392 1256//2392
f 1245//2393 1257//2393 1231//2393
f 1231//2394 1257//2394 1245//2394
f 1271//2395 1258//2395 1247//2395
f 1247//2396 1258//2396 1271//2396
f 1258//2397 1259//2353 1233//2353
f 1233//2354 1259//2354 1258//2398
f 1247//2375 1248//2330 1272//2375
f 1272//2376 1248//2331 1247//2376
f 1259//2399 1261//2399 1235//2399
f 1235//2400 1261//2400 1259//2400
f 1248//2377 1260//2377 1272//2377
f 1272//2378 1260//2378 1248//2378
f 1261//2401 1273//2401 1249//2401
f 1249//2402 1273//2402 1261//2402
f 1250//2379 1262//2379 1274//2379
f 1274//2380 1262//2380 1250//2380
f 1274//2403 1260//2403 1250//2403
f 1250//2404 1260//2404 1274//2404
f 1263//2381 1249//2381 1273//2381
f 1273//2382 1249//2382 1263//2382
f 1263//2405 1275//2405 1251//2405
f 1251//2406 1275//2406 1263//2406
f 1252//2383 1257//2383 1270//2383
f 1270//2384 1257//2384 1252//2384
f 1270//2407 1262//2407 1252//2407
f 1252//2408 1262//2408 1270//2408
f 1264//2385 1251//2385 1275//2385
f 1275//2386 1251//2386 1264//2386
f 1254//2409 1253//2409 1264//2409
f 1264//2410 1253//2410 1254//2410
f 1253//2409 1254//2409 1243//2409
f 1243//2410 1254//2410 1253//2410
f 1265//569 1268//569 1244//569
f 1244//570 1268//570 1265//570
f 1266//2411 1265//2411 1241//2411
f 1241//2412 1265//2412 1266//2412
f 1276//2413 1266//2413 1242//2413
f 1242//2414 1266//2414 1276//2414
f 1264//2415 1267//2415 1254//2415
f 1254//2416 1267//2416 1264//2416
f 1255//2387 1268//2387 1277//2387
f 1277//2388 1268//2388 1255//2388
f 1269//2389 1255//2389 1278//2389
f 1278//2390 1255//2390 1269//2390
f 1270//2391 1256//2391 1279//2391
f 1279//2392 1256//2392 1270//2392
f 1257//2393 1245//2393 1270//2393
f 1270//2394 1245//2394 1257//2394
f 1258//2395 1271//2395 1280//2395
f 1280//2396 1271//2396 1258//2396
f 1247//2375 1272//2375 1271//2375
f 1271//2376 1272//2376 1247//2376
f 1259//2353 1258//2397 1281//2397
f 1281//2398 1258//2398 1259//2354
f 1261//2399 1259//2399 1281//2399
f 1281//2400 1259//2400 1261//2400
f 1272//2377 1260//2377 1282//2377
f 1282//2378 1260//2378 1272//2378
f 1273//2401 1261//2401 1283//2401
f 1283//2402 1261//2402 1273//2402
f 1279//2417 1274//2417 1262//2417
f 1262//2418 1274//2418 1279//2418
f 1260//2403 1274//2403 1284//2403
f 1284//2404 1274//2404 1260//2404
f 1273//2419 1285//2419 1263//2419
f 1263//2420 1285//2420 1273//2420
f 1275//2405 1263//2405 1285//2405
f 1285//2406 1263//2406 1275//2406
f 1262//2407 1270//2407 1279//2407
f 1279//2408 1270//2408 1262//2408
f 1267//2415 1264//2415 1275//2415
f 1275//2416 1264//2416 1267//2416
f 1286//569 1268//569 1265//569
f 1265//570 1268//570 1286//570
f 1265//2411 1266//2411 1287//2411
f 1287//2412 1266//2412 1265//2412
f 1266//2413 1276//2413 1288//2413
f 1288//2414 1276//2414 1266//2414
f 1289//453 1277//453 1268//453
f 1268//454 1277//454 1289//454
f 1277//2421 1278//2421 1255//2421
f 1255//2422 1278//2422 1277//2422
f 1278//2423 1290//2423 1269//2423
f 1269//2424 1290//2424 1278//2424
f 1269//2425 1279//2425 1256//2425
f 1256//2426 1279//2426 1269//2426
f 1271//2427 1282//2427 1280//2427
f 1280//2428 1282//2428 1271//2428
f 1258//2395 1280//2395 1291//2395
f 1291//2396 1280//2396 1258//2396
f 1282//2427 1271//2427 1272//2427
f 1272//2428 1271//2428 1282//2428
f 1281//2397 1258//2397 1292//2397
f 1292//2398 1258//2398 1281//2398
f 1261//2399 1281//2399 1293//2399
f 1293//2400 1281//2400 1261//2400
f 1284//2429 1282//2429 1260//2429
f 1260//2430 1282//2430 1284//2430
f 1293//2431 1283//2431 1261//2431
f 1261//2432 1283//2432 1293//2432
f 1283//2433 1294//2433 1273//2433
f 1273//2434 1294//2434 1283//2434
f 1274//2417 1279//2417 1290//2417
f 1290//2418 1279//2418 1274//2418
f 1290//2435 1284//2435 1274//2435
f 1274//2436 1284//2436 1290//2436
f 1285//2419 1273//2419 1294//2419
f 1294//2420 1273//2420 1285//2420
f 1276//2437 1275//2437 1285//2437
f 1285//2438 1275//2438 1276//2438
f 1275//2437 1276//2437 1267//2437
f 1267//2438 1276//2438 1275//2438
f 1268//569 1286//569 1289//569
f 1289//570 1286//570 1268//570
f 1287//2439 1286//2439 1265//2439
f 1265//2440 1286//2440 1287//2440
f 1295//2441 1287//2441 1266//2441
f 1266//2442 1287//2442 1295//2442
f 1285//2443 1288//2443 1276//2443
f 1276//2444 1288//2444 1285//2444
f 1277//453 1289//453 1296//453
f 1296//454 1289//454 1277//454
f 1278//2421 1277//2421 1297//2421
f 1297//2422 1277//2422 1278//2422
f 1290//2423 1278//2423 1298//2423
f 1298//2424 1278//2424 1290//2424
f 1279//2425 1269//2425 1290//2425
f 1290//2426 1269//2426 1279//2426
f 1299//2445 1280//2445 1282//2445
f 1282//2446 1280//2446 1299//2446
f 1280//2445 1299//2445 1291//2445
f 1291//2446 1299//2446 1280//2446
f 1258//2395 1291//2395 1300//2395
f 1300//2396 1291//2396 1258//2396
f 1258//2395 1301//2395 1292//2395
f 1292//2396 1301//2396 1258//2396
f 1292//2447 1293//2447 1281//2447
f 1281//2448 1293//2448 1292//2448
f 1282//2429 1284//2429 1299//2429
f 1299//2430 1284//2430 1282//2430
f 1283//2431 1293//2431 1302//2431
f 1302//2432 1293//2432 1283//2432
f 1294//2433 1283//2433 1303//2433
f 1303//2434 1283//2434 1294//2434
f 1284//2435 1290//2435 1298//2435
f 1298//2436 1290//2436 1284//2436
f 1288//2443 1285//2443 1294//2443
f 1294//2444 1285//2444 1288//2444
f 1258//2395 1289//2395 1286//2395
f 1286//2396 1289//2396 1258//2396
f 1286//2439 1287//2439 1304//2439
f 1304//2440 1287//2440 1286//2440
f 1287//2441 1295//2441 1305//2441
f 1305//2442 1295//2442 1287//2442
f 1258//2395 1296//2395 1289//2395
f 1289//2396 1296//2396 1258//2396
f 1296//2449 1297//2449 1277//2449
f 1277//2450 1297//2450 1296//2450
f 1297//2451 1298//2451 1278//2451
f 1278//2452 1298//2452 1297//2452
f 1306//2453 1291//2453 1299//2453
f 1299//2454 1291//2454 1306//2454
f 1291//2453 1306//2453 1300//2453
f 1300//2454 1306//2454 1291//2454
f 1258//2395 1300//2395 1307//2395
f 1307//2396 1300//2396 1258//2396
f 1258//2395 1308//2395 1301//2395
f 1301//2396 1308//2396 1258//2396
f 1293//2447 1292//2447 1301//2447
f 1301//2448 1292//2448 1293//2448
f 1298//2455 1299//2455 1284//2455
f 1284//2456 1299//2456 1298//2456
f 1301//2457 1302//2457 1293//2457
f 1293//2458 1302//2458 1301//2458
f 1302//2459 1303//2459 1283//2459
f 1283//2460 1303//2460 1302//2460
f 1295//2461 1294//2461 1303//2461
f 1303//2462 1294//2462 1295//2462
f 1294//2461 1295//2461 1288//2461
f 1288//2462 1295//2462 1294//2462
f 1258//2395 1286//2395 1304//2395
f 1304//2396 1286//2396 1258//2396
f 1305//2463 1304//2463 1287//2463
f 1287//2464 1304//2464 1305//2464
f 1303//2465 1305//2465 1295//2465
f 1295//2466 1305//2466 1303//2466
f 1258//2395 1307//2395 1296//2395
f 1296//2396 1307//2396 1258//2396
f 1297//2449 1296//2449 1307//2449
f 1307//2450 1296//2450 1297//2450
f 1298//2451 1297//2451 1306//2451
f 1306//2452 1297//2452 1298//2452
f 1299//2455 1298//2455 1306//2455
f 1306//2456 1298//2456 1299//2456
f 1306//2467 1307//2467 1300//2467
f 1300//2468 1307//2468 1306//2468
f 1258//2395 1309//2395 1308//2395
f 1308//2396 1309//2396 1258//2396
f 1302//2457 1301//2457 1308//2457
f 1308//2458 1301//2458 1302//2458
f 1303//2459 1302//2459 1310//2459
f 1310//2460 1302//2460 1303//2460
f 1258//2395 1304//2395 1311//2395
f 1311//2396 1304//2396 1258//2396
f 1304//2463 1305//2463 1311//2463
f 1311//2464 1305//2464 1304//2464
f 1305//2465 1303//2465 1310//2465
f 1310//2466 1303//2466 1305//2466
f 1307//2467 1306//2467 1297//2467
f 1297//2468 1306//2468 1307//2468
f 1258//2395 1311//2395 1309//2395
f 1309//2396 1311//2396 1258//2396
f 1310//2469 1308//2469 1309//2469
f 1309//2470 1308//2470 1310//2470
f 1308//2469 1310//2469 1302//2469
f 1302//2470 1310//2470 1308//2470
f 1310//2471 1311//2471 1305//2471
f 1305//2472 1311//2472 1310//2472
f 1311//2471 1310//2471 1309//2471
f 1309//2472 1310//2472 1311//2472
