# SSTK version 0.8.0
# 12
mtllib original-12.mtl
o Bowl2/Bowl12/mesh22/mesh22-geometry#mesh22-geometry
v 0.212807 -0.670120 0.220778
v 0.208069 -0.670120 0.115960
v 0.185898 -0.635414 0.181524
v 0.208069 -0.731400 0.115960
v 0.110073 -0.627040 0.129771
v 0.198631 -0.571353 0.267271
v 0.212807 -0.731400 0.220778
v 0.194053 -0.731400 0.015721
v 0.194053 -0.670120 0.015721
v 0.100878 -0.571353 0.182256
v 0.176704 -0.571353 0.211680
v 0.208058 -0.670120 0.325592
v -0.004182 -0.731400 0.722091
v 0.050915 -0.731399 0.045947
v 0.033442 -0.635414 0.109489
v 0.033442 -0.573003 0.176478
v 0.166157 -0.311927 0.284298
v 0.161373 -0.303001 0.365814
v 0.208058 -0.731400 0.325592
v 0.015968 -0.731399 0.066124
v 0.071092 -0.731399 0.011000
v 0.171370 -0.731400 -0.075560
v 0.069301 -0.670120 0.038083
v 0.033442 -0.446470 0.199796
v 0.078852 -0.371438 0.211874
v 0.147994 -0.329800 0.231404
v 0.149821 -0.298148 0.444481
v 0.194031 -0.731400 0.425824
v -0.004182 -0.731400 0.066124
v 0.194031 -0.670120 0.425824
v 0.050915 -0.670120 0.045947
v 0.071092 -0.731399 -0.029353
v 0.050915 -0.731399 -0.064300
v 0.171370 -0.670120 -0.075560
v 0.082257 -0.670120 0.002535
v 0.033442 -0.660671 0.062202
v 0.033442 -0.610476 0.034128
v 0.033442 -0.562510 -0.008810
v 0.144971 -0.298360 0.183560
v 0.166024 -0.293704 0.361409
v 0.171338 -0.731400 0.517090
v 0.015968 -0.670120 0.066124
v 0.071091 -0.670120 0.011000
v 0.071091 -0.670120 -0.029353
v 0.015968 -0.731399 -0.084477
v 0.058578 -0.670120 -0.066359
v 0.141011 -0.731400 -0.153891
v 0.071092 -0.670120 -0.039044
v 0.050915 -0.655882 0.035008
v 0.033442 -0.470465 0.147005
v 0.071092 -0.387541 0.155671
v 0.105793 -0.341939 0.165919
v 0.213916 -0.265168 0.225735
v 0.219507 -0.265168 0.304963
v 0.155837 -0.283185 0.446141
v 0.131616 -0.293269 0.515609
v 0.140971 -0.731400 0.595404
v 0.171338 -0.670120 0.517090
v -0.004183 -0.670120 0.066124
v 0.050915 -0.670120 -0.064300
v 0.050915 -0.670120 -0.089388
v 0.141011 -0.670120 -0.153891
v 0.071092 -0.651631 -0.002056
v 0.050915 -0.615339 0.024941
v 0.050915 -0.462173 0.140720
v 0.033442 -0.499468 0.078622
v 0.071092 -0.433447 0.118947
v 0.099502 -0.306733 0.113634
v 0.193419 -0.265168 0.149208
v 0.202929 -0.265168 0.414955
v 0.104258 -0.731400 0.657342
v 0.140971 -0.670120 0.595404
v 0.015968 -0.670120 -0.084477
v -0.004218 -0.731400 -0.084477
v 0.050915 -0.665034 -0.078541
v 0.071092 -0.651631 -0.043635
v 0.104305 -0.731400 -0.215850
v 0.050915 -0.571105 -0.014656
v 0.033442 -0.543048 -0.061490
v 0.071092 -0.400277 0.093805
v 0.071092 -0.366000 0.121226
v 0.152603 -0.265168 0.078431
v 0.252769 -0.201009 0.135917
v 0.275148 -0.201009 0.215165
v 0.278686 -0.201009 0.304045
v 0.137999 -0.278552 0.515704
v 0.171810 -0.262377 0.516328
v 0.107495 -0.287124 0.576122
v 0.062802 -0.731400 0.700198
v 0.104258 -0.670120 0.657342
v 0.031255 -0.670120 -0.192310
v 0.050915 -0.661026 -0.089388
v 0.104305 -0.670120 -0.215850
v 0.071092 -0.632182 -0.006885
v 0.071092 -0.600879 -0.034907
v 0.050915 -0.489428 0.076457
v 0.071092 -0.454649 0.068956
v 0.033442 -0.531919 -0.161773
v 0.071092 -0.414490 0.060294
v 0.050915 -0.353052 0.086831
v 0.118777 -0.264965 0.046359
v 0.194127 -0.201009 0.040635
v 0.257733 -0.201009 0.431942
v 0.018416 -0.731400 0.722098
v 0.062802 -0.670120 0.700198
v 0.078805 -0.282399 0.623590
v -0.004218 -0.670120 -0.084477
v 0.062854 -0.731400 -0.258730
v 0.071092 -0.635260 -0.058290
v 0.050915 -0.552938 -0.063829
v 0.071092 -0.587201 -0.071931
v 0.050915 -0.491003 0.010070
v 0.033442 -0.530353 -0.163175
v 0.050915 -0.379711 0.052793
v 0.050915 -0.371552 0.072031
v 0.065983 -0.309524 0.077947
v 0.151374 -0.200806 0.003342
v 0.272152 -0.155285 0.128452
v 0.296215 -0.155285 0.213665
v 0.300020 -0.155285 0.309235
v 0.277489 -0.155285 0.446759
v 0.113979 -0.272358 0.576639
v 0.140018 -0.259585 0.580397
v 0.218403 -0.201009 0.549818
v 0.018416 -0.670120 0.722098
v 0.046715 -0.278488 0.656158
v 0.018470 -0.731400 -0.280655
v 0.015968 -0.670120 -0.246696
v 0.031255 -0.661026 -0.192310
v 0.071092 -0.626764 -0.081286
v 0.062854 -0.670120 -0.258730
v 0.071092 -0.455907 0.015914
v 0.033442 -0.501134 0.008384
v 0.071092 -0.415383 0.022661
v 0.050915 -0.541809 -0.164119
v 0.050915 -0.380287 0.028504
v 0.033442 -0.349063 0.077102
v 0.079512 -0.201009 -0.008786
v 0.061920 -0.265168 0.035929
v 0.163125 -0.155083 -0.014101
v 0.209095 -0.155285 0.025999
v 0.235198 -0.155285 0.573507
v -0.004182 -0.670120 0.722091
v 0.083047 -0.268605 0.623772
v -0.004218 -0.731400 -0.280669
v 0.050915 -0.649897 -0.189678
v 0.071092 -0.576072 -0.172221
v 0.071092 -0.615635 -0.181576
v 0.050915 -0.468003 -0.052224
v 0.033442 -0.471413 -0.163175
v 0.050915 -0.531594 -0.173264
v 0.033442 -0.370156 0.030191
v 0.033442 -0.363259 0.065746
v 0.033442 -0.312055 0.075815
v 0.085854 -0.155285 -0.027141
v 0.288103 -0.106715 0.127730
v 0.313552 -0.106715 0.217852
v 0.317576 -0.106715 0.318928
v 0.293748 -0.106715 0.464374
v 0.249021 -0.106715 0.598424
v 0.178220 -0.201009 0.624317
v 0.191991 -0.155285 0.653614
v -0.004182 -0.714779 0.722091
v 0.012598 -0.276244 0.672693
v 0.050637 -0.263494 0.656352
v 0.018470 -0.670120 -0.280655
v -0.004212 -0.670120 -0.246696
v 0.015968 -0.650342 -0.246696
v 0.050915 -0.633151 -0.235005
v 0.071092 -0.437531 -0.033859
v 0.033442 -0.476800 -0.057526
v 0.071092 -0.402344 -0.012653
v 0.050915 -0.472792 -0.173264
v 0.071092 -0.555681 -0.203291
v 0.071092 -0.568997 -0.191370
v 0.033442 -0.363075 0.011013
v 0.033442 -0.369671 0.050628
v 0.033442 -0.345231 -0.008883
v 0.033442 -0.201009 -0.008786
v 0.033442 -0.155285 -0.027141
v 0.033442 -0.265168 0.035929
v 0.091073 -0.106715 -0.036827
v 0.172795 -0.106513 -0.023036
v 0.221414 -0.106715 0.019375
v 0.203325 -0.106715 0.683146
v 0.099682 -0.259585 0.627615
v -0.004182 -0.276246 0.672693
v -0.004218 -0.670120 -0.280669
v -0.004208 -0.650342 -0.246696
v 0.071092 -0.603377 -0.214754
v 0.050915 -0.427212 -0.097706
v 0.050915 -0.371872 0.005712
v 0.033442 -0.408030 -0.180841
v 0.033442 -0.434085 -0.105152
v 0.071092 -0.477572 -0.208211
v 0.071092 -0.535867 -0.208211
v 0.033442 -0.158056 -0.151473
v 0.042590 -0.106715 -0.036827
v 0.296230 -0.066129 0.128565
v 0.322385 -0.066129 0.221188
v 0.324864 -0.079910 0.324766
v 0.300497 -0.079910 0.473501
v 0.254759 -0.079910 0.610582
v 0.208029 -0.079910 0.697219
v 0.133381 -0.155285 0.712650
v 0.123712 -0.201009 0.679221
v 0.141338 -0.106715 0.745583
v -0.004182 -0.261345 0.674802
v 0.012858 -0.261345 0.674802
v 0.015968 -0.601698 -0.290241
v -0.004208 -0.601698 -0.290241
v 0.071092 -0.403404 -0.071910
v 0.071092 -0.375912 -0.042125
v 0.050915 -0.412693 -0.190015
v 0.071092 -0.428848 -0.221791
v 0.071092 -0.575130 -0.240040
v 0.071092 -0.540802 -0.248564
v 0.050915 -0.352104 -0.016329
v 0.033442 -0.155285 -0.154725
v 0.050234 -0.066129 -0.040559
v 0.093732 -0.066129 -0.040559
v 0.177722 -0.065926 -0.026385
v 0.227690 -0.066129 0.017203
v 0.144641 -0.079910 0.761069
v 0.070785 -0.201009 0.714311
v 0.050915 -0.591973 -0.271866
v 0.033442 -0.248247 -0.246724
v 0.050915 -0.241271 -0.239356
v 0.033442 -0.355191 -0.222605
v 0.071092 -0.483090 -0.248564
v 0.071092 -0.447502 -0.258483
v 0.050915 -0.165032 -0.158841
v 0.040316 -0.118789 -0.203690
v 0.043632 -0.101179 -0.272610
v 0.252461 -0.017156 0.037189
v 0.300656 -0.017156 0.124143
v 0.326521 -0.066129 0.325068
v 0.302031 -0.066129 0.474551
v 0.256063 -0.066129 0.612320
v 0.209099 -0.066129 0.699393
v 0.145392 -0.066129 0.763563
v 0.081148 -0.106715 0.785488
v 0.076470 -0.155285 0.750382
v 0.083090 -0.079910 0.801876
v -0.004182 -0.201009 0.730014
v 0.019547 -0.201009 0.730014
v -0.004208 -0.547544 -0.303688
v 0.015968 -0.547544 -0.303688
v 0.071092 -0.217104 -0.213834
v 0.071092 -0.189199 -0.184363
v 0.050915 -0.362718 -0.229515
v 0.071092 -0.388789 -0.253453
v 0.071092 -0.418895 -0.281094
v 0.050915 -0.545076 -0.283511
v 0.050915 -0.487869 -0.283511
v 0.059457 -0.017156 -0.351582
v 0.059457 -0.017156 -0.046141
v 0.118072 -0.017156 -0.046141
v 0.216407 -0.017156 -0.004437
v 0.316804 0.025325 0.221292
v 0.083532 -0.066129 0.804575
v 0.021376 -0.155285 0.767267
v 0.050915 -0.223792 -0.259875
v 0.033442 -0.302518 -0.302378
v 0.050915 -0.463657 -0.290259
v 0.050915 -0.444966 -0.305032
v 0.071092 -0.155845 -0.223518
v 0.050915 -0.124311 -0.206645
v 0.041814 -0.110835 -0.342878
v 0.172139 -0.017156 -0.034758
v 0.210825 -0.017156 -0.037931
v 0.295075 0.025325 0.124248
v 0.316804 0.025325 0.324704
v 0.295036 0.025355 0.470479
v 0.249349 0.025355 0.603398
v 0.197860 0.025355 0.687463
v 0.138417 0.025355 0.745832
v 0.023505 -0.079910 0.820138
v 0.022880 -0.106715 0.803346
v 0.023647 -0.066129 0.822929
v -0.004182 -0.155285 0.767267
v -0.004208 -0.490628 -0.303688
v 0.015968 -0.490628 -0.303688
v 0.071092 -0.192258 -0.243002
v 0.033442 -0.232895 -0.264746
v 0.050915 -0.310198 -0.309056
v 0.071092 -0.336801 -0.332189
v 0.033442 -0.286006 -0.316945
v 0.071092 -0.367520 -0.358901
v 0.050915 -0.394123 -0.382034
v 0.015968 -0.472984 -0.308606
v 0.050915 -0.105474 -0.272880
v 0.059457 -0.017156 -0.400414
v 0.050915 -0.115858 -0.340955
v 0.182306 -0.017156 -0.296627
v 0.182306 -0.017156 -0.163375
v 0.210825 0.025325 -0.037931
v 0.237479 0.025355 0.148573
v 0.255396 0.025355 0.228596
v 0.073735 0.025355 0.780835
v -0.004182 -0.106715 0.803346
v 0.050915 -0.218077 -0.279968
v 0.033442 -0.239909 -0.310729
v 0.033442 -0.270217 -0.321733
v 0.015968 -0.460019 -0.318853
v 0.071092 -0.182383 -0.277721
v 0.071092 -0.141168 -0.275127
v 0.036755 -0.137692 -0.389214
v 0.154576 -0.017156 -0.379501
v 0.122206 0.025355 0.034415
v 0.198125 0.025325 0.079467
v 0.255396 0.025355 0.329539
v 0.187594 0.025355 0.593514
v 0.142988 0.025355 0.676013
v 0.097570 0.025355 0.724876
v 0.051237 0.025355 0.748137
v -0.004182 -0.066129 0.822929
v -0.004182 -0.079910 0.820138
v 0.019469 0.025355 0.798217
v -0.004208 -0.472984 -0.308606
v 0.033442 -0.228381 -0.280616
v 0.033442 -0.253866 -0.319528
v 0.033442 -0.230869 -0.296927
v 0.050915 -0.291035 -0.325962
v 0.071092 -0.308452 -0.357198
v 0.071092 -0.328565 -0.393267
v 0.050915 -0.271044 -0.332024
v 0.050915 -0.345983 -0.424504
v 0.015968 -0.409483 -0.395390
v -0.004208 -0.460019 -0.318853
v 0.025653 -0.137362 -0.400410
v 0.048292 -0.017156 -0.411579
v 0.050915 -0.153587 -0.398562
v 0.182306 0.025355 -0.296627
v 0.182306 0.025355 -0.163375
v 0.039919 0.025355 0.022808
v 0.191138 0.015408 0.086330
v 0.245928 0.015408 0.229643
v 0.230019 0.025355 0.464905
v 0.012270 0.025355 0.756610
v -0.004182 0.025355 0.798217
v 0.050915 -0.232672 -0.318093
v 0.050915 -0.221227 -0.300618
v 0.071092 -0.187827 -0.313404
v 0.050915 -0.250343 -0.329233
v 0.015968 -0.356039 -0.442538
v 0.071092 -0.149259 -0.328169
v 0.099812 -0.017156 -0.434618
v 0.154576 0.025355 -0.379501
v -0.004182 0.025355 0.022808
v 0.119005 0.015408 0.043525
v 0.228550 0.015408 0.152026
v 0.220829 0.015408 0.462539
v 0.245928 0.015408 0.328659
v 0.178866 0.015408 0.589750
v 0.135233 0.015408 0.670450
v 0.091797 0.015408 0.717180
v 0.048057 0.015408 0.739139
v -0.004182 0.025355 0.756611
v 0.071092 -0.273910 -0.367673
v 0.071092 -0.277218 -0.408838
v 0.050915 -0.280084 -0.444488
v 0.071092 -0.238138 -0.362850
v -0.004208 -0.356039 -0.442538
v -0.004208 -0.409483 -0.395390
v 0.015968 -0.139113 -0.413289
v 0.037421 -0.017156 -0.411579
v -0.004156 -0.017156 -0.411579
v 0.071092 -0.178656 -0.373054
v 0.098998 0.025355 -0.367561
v 0.118727 0.025355 -0.185705
v 0.039254 0.015408 0.032276
v 0.119005 -0.029251 0.043525
v 0.228550 -0.029251 0.152026
v 0.245928 -0.029251 0.229643
v 0.011253 0.015408 0.747142
v 0.071092 -0.207603 -0.343600
v 0.015968 -0.281738 -0.465070
v 0.015968 -0.204793 -0.454695
v 0.015968 -0.131062 -0.400995
v 0.025070 -0.017156 -0.457460
v 0.099812 0.025355 -0.434618
v 0.050915 -0.211839 -0.435286
v 0.065962 0.025355 -0.400810
v 0.118727 0.025355 -0.308602
v -0.004194 0.025355 -0.185705
v 0.039254 -0.029251 0.032276
v -0.004182 0.015408 0.032276
v 0.191138 -0.029251 0.086330
v 0.220829 -0.029251 0.462539
v 0.178866 -0.029251 0.589750
v 0.245928 -0.029251 0.328659
v 0.135233 -0.029251 0.670450
v 0.091797 -0.029251 0.717180
v -0.004182 0.015408 0.747142
v 0.048057 -0.029251 0.739139
v 0.071092 -0.224044 -0.401668
v -0.004208 -0.281738 -0.465070
v -0.004208 -0.204793 -0.454695
v -0.004208 -0.131062 -0.400995
v -0.004156 -0.017156 -0.457460
v 0.025070 0.025355 -0.457460
v 0.015572 0.025355 -0.416210
v 0.098998 0.042102 -0.367561
v 0.118727 0.042102 -0.308602
v 0.118727 0.042102 -0.208034
v -0.004182 -0.029251 0.032276
v 0.126553 -0.029251 0.022039
v 0.207616 -0.029251 0.070144
v 0.249609 -0.029251 0.143882
v 0.268258 -0.029251 0.227173
v 0.268258 -0.029251 0.330734
v 0.011253 -0.029251 0.747142
v -0.004208 -0.139113 -0.413289
v -0.004208 0.025355 -0.457460
v -0.004208 0.025355 -0.416210
v 0.015572 0.042102 -0.416210
v 0.065962 0.042102 -0.400810
v -0.004194 0.042102 -0.208034
v 0.242502 -0.029251 0.468119
v 0.199451 -0.029251 0.598627
v 0.153524 -0.029251 0.683571
v 0.105413 -0.029251 0.735330
v -0.004182 -0.029251 0.747142
v 0.055556 -0.029251 0.760360
v -0.004208 0.042102 -0.416210
v -0.004182 -0.029251 0.009946
v 0.126553 -0.079910 0.022039
v 0.249609 -0.079910 0.143882
v 0.268258 -0.079910 0.227173
v -0.004182 -0.029251 0.769472
v 0.040821 -0.029251 0.009946
v 0.040821 -0.079910 0.009946
v 0.207616 -0.079910 0.070144
v 0.268258 -0.079910 0.330734
v 0.242502 -0.079910 0.468119
v 0.199451 -0.079910 0.598627
v 0.153524 -0.079910 0.683571
v 0.105413 -0.079910 0.735330
v 0.013653 -0.029251 0.769472
v -0.004182 -0.079910 0.009946
v 0.117592 -0.200806 0.052353
v 0.160483 -0.200806 0.092095
v 0.193419 -0.200806 0.149208
v 0.213916 -0.200806 0.225735
v 0.219507 -0.200806 0.304963
v 0.055556 -0.079910 0.760360
v 0.013653 -0.079910 0.769472
v 0.061920 -0.200806 0.035929
v 0.202929 -0.200806 0.414955
v 0.171810 -0.200806 0.516328
v 0.140018 -0.200806 0.580397
v 0.099682 -0.200806 0.627615
v 0.063892 -0.200806 0.648585
v -0.004182 -0.079910 0.769472
v -0.004182 -0.200806 0.035929
v 0.073212 -0.312055 0.130390
v 0.111962 -0.312055 0.182920
v 0.127318 -0.312055 0.240250
v 0.131518 -0.312055 0.299771
v 0.118658 -0.312055 0.335809
v -0.004182 -0.200806 0.656352
v 0.091374 -0.312055 0.147218
v 0.038587 -0.312055 0.120175
v 0.093485 -0.312055 0.370449
v 0.072059 -0.312055 0.388688
v 0.038669 -0.312055 0.402459
v 0.009659 -0.312055 0.404421
v -0.004182 -0.312055 0.404421
v 0.061751 -0.334384 0.138835
v 0.049220 -0.334384 0.127223
v -0.004182 -0.312055 0.120175
v 0.075957 -0.334384 0.163469
v 0.086553 -0.334384 0.203027
v 0.089451 -0.334384 0.244096
v 0.080578 -0.334384 0.268963
v 0.063208 -0.334384 0.292864
v 0.025329 -0.334384 0.120175
v 0.048424 -0.334384 0.305449
v 0.025385 -0.334384 0.314951
v 0.005368 -0.334384 0.316305
v -0.004182 -0.334384 0.316305
v 0.053722 -0.353303 0.123949
v 0.043463 -0.351131 0.115299
v -0.004182 -0.334384 0.120175
v 0.063102 -0.359306 0.139909
v 0.069264 -0.367879 0.195049
v 0.062304 -0.367879 0.214554
v 0.048679 -0.367879 0.233303
v 0.037082 -0.367879 0.243174
v 0.022147 -0.351131 0.109010
v 0.066990 -0.367879 0.162834
v 0.019011 -0.367879 0.250627
v 0.003309 -0.367879 0.251690
v -0.004182 -0.367879 0.251690
v 0.038493 -0.381190 0.079337
v 0.054345 -0.403759 0.096443
v 0.024873 -0.374727 0.074438
v -0.004182 -0.351131 0.109010
v 0.054345 -0.429966 0.116308
v 0.038493 -0.452534 0.133414
v 0.024873 -0.458998 0.138313
v -0.004182 -0.458998 0.138313
v 0.038561 -0.391602 0.055358
v -0.004182 -0.374727 0.074438
v 0.054345 -0.418809 0.061226
v 0.054345 -0.450330 0.068024
v 0.024956 -0.485354 0.075578
v 0.024956 -0.383784 0.053672
v 0.038561 -0.477537 0.073892
v -0.004182 -0.485354 0.075578
v 0.038561 -0.392286 0.026506
v 0.024956 -0.384398 0.027820
v -0.004182 -0.383784 0.053672
v 0.054345 -0.419741 0.021935
v 0.054345 -0.451549 0.016639
v 0.038561 -0.479004 0.012068
v -0.004182 -0.486892 0.010755
v 0.024956 -0.486892 0.010755
v 0.024956 -0.375441 0.003561
v 0.054345 -0.406129 -0.014934
v -0.004182 -0.384398 0.027820
v 0.054345 -0.433747 -0.031579
v 0.038561 -0.457585 -0.045945
v -0.004182 -0.464434 -0.050073
v 0.038561 -0.382291 -0.000567
v 0.024956 -0.464434 -0.050073
v -0.004182 -0.375441 0.003561
v 0.025040 -0.355057 -0.019529
v 0.054345 -0.378944 -0.045409
v 0.054345 -0.400372 -0.068626
v 0.038632 -0.418913 -0.088714
v -0.004182 -0.424259 -0.094506
v 0.038632 -0.360403 -0.025321
v 0.025040 -0.424259 -0.094506
v -0.004182 -0.355057 -0.019529
vn 0.9307291851844122 0.345985068839618 -0.11848002357361719
vn 0.537102111888855 0.8293391727675399 -0.15400603208246294
vn 0.6219680491224164 0.6217530491054359 -0.4760030375942454
vn -0.6219680491224164 -0.6217530491054359 0.4760030375942454
vn -0.537102111888855 -0.8293391727675399 0.15400603208246294
vn -0.9307291851844122 -0.345985068839618 0.11848002357361719
vn 0.9957665832652997 0 -0.09191796153174368
vn 0.9999999985420002 0 0.000053999999921268
vn -0.9957665832652997 0 0.09191796153174368
vn -0.9999999985420002 0 -0.000053999999921268
vn 0.23692598847047086 0.84138895905549 -0.48572697636306866
vn -0.23692598847047086 -0.84138895905549 0.48572697636306866
vn 0.9551997861642239 0.18855095779004455 -0.2281269489303663
vn -0.9551997861642239 -0.18855095779004455 0.2281269489303663
vn 0.9817676499758418 0 -0.19008493223007666
vn -0.9817676499758418 0 0.19008493223007666
vn 0.07903704103497536 0.9700675036460826 -0.22961311921206268
vn -0.07903704103497536 -0.9700675036460826 0.22961311921206268
vn 0.22904906483521012 0.4003931133362917 -0.887255251148725
vn -0.22904906483521012 -0.4003931133362917 0.887255251148725
vn 0.597417671955358 0.254661860164065 -0.7604205824497509
vn -0.597417671955358 -0.254661860164065 0.7604205824497509
vn 0.9890596169867376 0.11575595517351504 0.09144196458910607
vn -0.9890596169867376 -0.11575595517351504 -0.09144196458910607
vn -9.999999999994998e-7 -1 0
vn 9.999999999994998e-7 1 0
vn 0.9957561411499366 0 0.09203101304553507
vn -0.9957561411499366 0 -0.09203101304553507
vn 0.002890999120290784 0.8602597382294533 -0.5098478448571483
vn -0.002890999120290784 -0.8602597382294533 0.5098478448571483
vn 0.07808598602694353 0.5553869006165776 -0.8279178518486673
vn -0.07808598602694353 -0.5553869006165776 0.8279178518486673
vn 0.8933632300097936 -0.4409501135292356 -0.08640102224524206
vn -0.8933632300097936 0.4409501135292356 0.08640102224524206
vn 0.9829265732394221 -0.14489693708960336 0.11340295076345465
vn -0.9829265732394221 0.14489693708960336 -0.11340295076345465
vn 0.9533493770678669 0 -0.3018691193949959
vn -0.9533493770678669 0 0.3018691193949959
vn -0.043410986629027475 0.9692607014590267 -0.2421759254076469
vn 0.043410986629027475 -0.9692607014590267 0.2421759254076469
vn 0.04867598817453518 0.16465295999880314 -0.9851497606652834
vn -0.04867598817453518 -0.16465295999880314 0.9851497606652834
vn 0.1972270641064981 0.14424304688462333 -0.9696883151865715
vn -0.1972270641064981 -0.14424304688462333 0.9696883151865715
vn 0.6407813196903657 0.13783206876540108 -0.7552493767992947
vn -0.6407813196903657 -0.13783206876540108 0.7552493767992947
vn 0.9684416632665973 -0.14359295007180659 0.2037199291652688
vn -0.9684416632665973 0.14359295007180659 -0.2037199291652688
vn 0.9817438209299433 0 0.1902079653060703
vn -0.9817438209299433 0 -0.1902079653060703
vn -0.7071067811692234 -0.000006999997833686505 -0.7071067811692234
vn -0.25881895959241075 -0.0000029999995316311096 -0.9659258491967704
vn 0.7071067811692234 0.000006999997833686505 0.7071067811692234
vn 0.25881895959241075 0.0000029999995316311096 0.9659258491967704
vn -0.9659258491528208 -0.000009999998438315366 -0.25881895958063444
vn 0.9659258491528208 0.000009999998438315366 0.25881895958063444
vn 0 1 0
vn 0 -1 0
vn -0.0841529808860411 0.8789328003649395 -0.469462893369262
vn 0.0841529808860411 -0.8789328003649395 0.469462893369262
vn 1 0 0
vn -1 0 0
vn 0.7796152293671221 -0.5565421637377896 -0.2871600844840887
vn 0.6576557536997457 -0.6989847382215273 -0.28090789479650174
vn -0.6576557536997457 0.6989847382215273 0.28090789479650174
vn -0.7796152293671221 0.5565421637377896 0.2871600844840887
vn 0.7120328428422643 -0.6874908482590991 0.1427079685019288
vn -0.7120328428422643 0.6874908482590991 -0.1427079685019288
vn 0.9761531255889407 0.10653101370596149 0.1891460243349616
vn -0.9761531255889407 -0.10653101370596149 -0.1891460243349616
vn 0 0 -1
vn 0 0 1
vn -0.9659258491528208 -0.000009999998438315366 0.25881895958063444
vn 0.9659258491528208 0.000009999998438315366 -0.25881895958063444
vn 0.8994502675734525 0 -0.4370231300080637
vn -0.8994502675734525 0 0.4370231300080637
vn 0.7586630244904015 0.6335620204520159 0.1517550048988034
vn 0.7389009700309163 0.49536597990845166 0.45676898147390727
vn 0.5418619507192833 0.7716329298223031 0.3331189697038304
vn -0.5418619507192833 -0.7716329298223031 -0.3331189697038304
vn -0.7389009700309163 -0.49536597990845166 -0.45676898147390727
vn -0.7586630244904015 -0.6335620204520159 -0.1517550048988034
vn 0.6430942900722466 0.45554520547690003 0.6155552776505794
vn -0.6430942900722466 -0.45554520547690003 -0.6155552776505794
vn 0.811689255642383 -0.5081041600279386 0.2880810907314419
vn 0.9106146974164454 -0.41226086301192183 0.028667990474058363
vn 0.7461379950404208 -0.6648689955806159 -0.03503299976713565
vn -0.7461379950404208 0.6648689955806159 0.03503299976713565
vn -0.9106146974164454 0.41226086301192183 -0.028667990474058363
vn -0.811689255642383 0.5081041600279386 -0.2880810907314419
vn 0.7593330736181045 -0.584228056641497 -0.2865150277779199
vn -0.7593330736181045 0.584228056641497 0.2865150277779199
vn 0.6397568768359373 -0.7556328545278439 -0.14046397295829993
vn -0.6397568768359373 0.7556328545278439 0.14046397295829993
vn 0.6713318818476132 -0.7399888697641903 0.0415929926797587
vn -0.6713318818476132 0.7399888697641903 -0.0415929926797587
vn 0.6600711206785038 -0.7264091328068516 0.19140503499391584
vn -0.6600711206785038 0.7264091328068516 -0.19140503499391584
vn 0.9373890201716746 -0.1431960030814348 0.3174850068319599
vn -0.9373890201716746 0.1431960030814348 -0.3174850068319599
vn 0.9533034451904295 0 0.3020141410398818
vn -0.9533034451904295 0 -0.3020141410398818
vn 0.0000099999999995 -1 0
vn -0.0000099999999995 1 0
vn -0.7071067811692234 -0.000006999997833686505 0.7071067811692234
vn 0.7071067811692234 0.000006999997833686505 -0.7071067811692234
vn -0.2588189595930578 -0.000001999999687759073 0.9659258491991852
vn 0.2588189595930578 0.000001999999687759073 -0.9659258491991852
vn 0.9661769755658677 0.12512699683560086 -0.22548899429749616
vn 0.9581637910872597 0.2424229471434397 0.15216196682344524
vn -0.9581637910872597 -0.2424229471434397 -0.15216196682344524
vn -0.9661769755658677 -0.12512699683560086 0.22548899429749616
vn 0.7417222326048704 0.33042510362165917 0.5836671830386411
vn 0.5078756181279583 0.5008506234100569 0.7008644730194998
vn -0.5078756181279583 -0.5008506234100569 -0.7008644730194998
vn -0.7417222326048704 -0.33042510362165917 -0.5836671830386411
vn 0.5112577471102523 0.7106356484894932 0.4833347609221446
vn -0.5112577471102523 -0.7106356484894932 -0.4833347609221446
vn 0.5011749618718632 -0.7922889397246404 0.3479969735252612
vn 0.7129168251154645 -0.6224478473082711 0.32296792077323355
vn -0.7129168251154645 0.6224478473082711 -0.32296792077323355
vn -0.5011749618718632 0.7922889397246404 -0.3479969735252612
vn 0.9555185187957398 -0.22717488559350693 0.18808490527943106
vn -0.9555185187957398 0.22717488559350693 -0.18808490527943106
vn 0.6403209768632825 -0.62345197747281 -0.4486609837885329
vn -0.6403209768632825 0.62345197747281 0.4486609837885329
vn 0.5917842910866327 -0.7590973733845282 -0.2712241334096239
vn -0.5917842910866327 0.7590973733845282 0.2712241334096239
vn 0.6090160870783443 -0.7793661114353333 0.1472680210566777
vn -0.6090160870783443 0.7793661114353333 -0.1472680210566777
vn 0.948411015598516 0.10114700166356475 0.3004760049419289
vn -0.948411015598516 -0.10114700166356475 -0.3004760049419289
vn 0.899362879045594 0 0.4372029412010176
vn -0.899362879045594 0 -0.4372029412010176
vn 0.8912330057493443 0.1784720011513229 -0.41695500268977675
vn 0.968087220959641 0.19523004455999377 -0.1571380358657394
vn 0.9563607481586883 -0.0414609890819548 -0.28923192383569984
vn -0.9563607481586883 0.0414609890819548 0.28923192383569984
vn -0.968087220959641 -0.19523004455999377 0.1571380358657394
vn -0.8912330057493443 -0.1784720011513229 0.41695500268977675
vn 0.9721185750510953 -0.06600697114591696 -0.22500790164074244
vn -0.9721185750510953 0.06600697114591696 0.22500790164074244
vn 0.7950858575186395 0 -0.6064968913142506
vn -0.7950858575186395 0 0.6064968913142506
vn 0.7176019383102756 0.5758769504938762 0.3916799663286456
vn -0.7176019383102756 -0.5758769504938762 -0.3916799663286456
vn 0.5067309122276261 -0.8427268540287659 0.18175596851750614
vn -0.5067309122276261 0.8427268540287659 -0.18175596851750614
vn 0.9678729306625535 0.20038198564483545 -0.15188498911911164
vn -0.9678729306625535 -0.20038198564483545 0.15188498911911164
vn 0.9025093186824142 -0.23008708124537336 -0.36405612855079006
vn -0.9025093186824142 0.23008708124537336 0.36405612855079006
vn 0.5067282166557492 -0.7610283253838184 -0.40504617318076874
vn -0.5067282166557492 0.7610283253838184 0.40504617318076874
vn 0.7510949625650525 -0.5850399708413162 -0.3059159847529948
vn -0.7510949625650525 0.5850399708413162 0.3059159847529948
vn 0.7997180429368629 -0.5894860316495059 -0.1138300061115332
vn -0.7997180429368629 0.5894860316495059 0.1138300061115332
vn 0.8114786069113374 -0.5809537185799869 0.06320796938140337
vn -0.8114786069113374 0.5809537185799869 -0.06320796938140337
vn 0.6779591140510375 -0.6733731132795482 0.2948560496027528
vn -0.6779591140510375 0.6733731132795482 -0.2948560496027528
vn 0.5660652237211911 -0.7898343121595632 0.23607609330236615
vn -0.5660652237211911 0.7898343121595632 -0.23607609330236615
vn 0.8787922789810019 -0.18905906001860423 0.43815613909685097
vn -0.8787922789810019 0.18905906001860423 -0.43815613909685097
vn 0.7949140585533717 0 0.6067220446911474
vn -0.7949140585533717 0 -0.6067220446911474
vn 0.8948463950993789 0.10011504420355492 0.4350021920654727
vn -0.8948463950993789 -0.10011504420355492 -0.4350021920654727
vn 0.9118762531350593 -0.395258109722876 -0.1106920307278906
vn -0.9118762531350593 0.395258109722876 0.1106920307278906
vn 0.9678101762938983 0.117728021445044 0.22244904052076478
vn -0.9678101762938983 -0.117728021445044 -0.22244904052076478
vn 0.5027860828589019 0.8412111386311866 0.19892203278225423
vn -0.5027860828589019 -0.8412111386311866 -0.19892203278225423
vn 0.9678100775699807 0.20810801667985815 0.14154401134475295
vn -0.9678100775699807 -0.20810801667985815 -0.14154401134475295
vn 0.7134106446837766 -0.6849956588359422 0.14773692641919892
vn -0.7134106446837766 0.6849956588359422 -0.14773692641919892
vn 0.9670663909806693 -0.24880310058999433 0.053662021695318286
vn -0.9670663909806693 0.24880310058999433 -0.053662021695318286
vn 0.9670662541585839 0.24880406538920025 -0.0536600141026048
vn -0.9670662541585839 -0.24880406538920025 0.0536600141026048
vn 0.7122571270798596 -0.05427500968366667 -0.6998171248603329
vn -0.7122571270798596 0.05427500968366667 0.6998171248603329
vn 0.3077422110115207 -0.7147604900942819 -0.6280224306200559
vn -0.3077422110115207 0.7147604900942819 0.6280224306200559
vn 0.6441198442425008 -0.5696978622388129 -0.5104448765670423
vn -0.6441198442425008 0.5696978622388129 0.5104448765670423
vn 0.7859384784250698 -0.5829046131650997 0.20621086315160855
vn -0.7859384784250698 0.5829046131650997 -0.20621086315160855
vn 0.5892868944749321 0 0.8079238553230683
vn -0.5892868944749321 0 -0.8079238553230683
vn 0.7905930586979791 0.10442600775316146 0.6033720447976608
vn 0.7859690301100812 -0.1282680049138832 0.6048140231701232
vn -0.7859690301100812 0.1282680049138832 -0.6048140231701232
vn -0.7905930586979791 -0.10442600775316146 -0.6033720447976608
vn 0.9733520273706594 0 -0.22931600644836617
vn -0.9733520273706594 0 0.22931600644836617
vn 0.9678102145572576 -0.2081080461362062 -0.14154303137917348
vn -0.9678102145572576 0.2081080461362062 0.14154303137917348
vn 0.5896198991275415 0 -0.8076808618215661
vn -0.5896198991275415 0 0.8076808618215661
vn 0.7097263045915291 0.6855702942245523 0.16211706957539238
vn -0.7097263045915291 -0.6855702942245523 -0.16211706957539238
vn 0.9664028161099903 0.2501339524037657 0.05914898874495405
vn -0.9664028161099903 -0.2501339524037657 -0.05914898874495405
vn 0.7134108795484306 -0.6912308832932786 -0.11508598056899975
vn -0.7134108795484306 0.6912308832932786 0.11508598056899975
vn 0.4909430199035668 0.771352031271769 0.4049580164176057
vn -0.4909430199035668 -0.771352031271769 -0.4049580164176057
vn 0.7134101536382436 0.6849961475190738 -0.14773703181628126
vn -0.7134101536382436 -0.6849961475190738 0.14773703181628126
vn 0.717957906904917 0.5547369280692088 -0.4204799454778407
vn -0.717957906904917 -0.5547369280692088 0.4204799454778407
vn 0.33873115332567505 -0.5235092369649392 -0.7817923538760437
vn -0.33873115332567505 0.5235092369649392 0.7817923538760437
vn 0.3952910445155059 -0.55927306298226 -0.728669082058709
vn -0.3952910445155059 0.55927306298226 0.728669082058709
vn 0.8563026387251366 -0.3539518506673917 -0.3761168413159619
vn -0.8563026387251366 0.3539518506673917 0.3761168413159619
vn 0.917457287614189 -0.37003911600376577 -0.14609304579878918
vn -0.917457287614189 0.37003911600376577 0.14609304579878918
vn 0.9196555548624483 -0.38871081185371176 0.05601397288775931
vn -0.9196555548624483 0.38871081185371176 -0.05601397288775931
vn 0.8841773537408623 -0.41321216531754296 0.21791308718246746
vn -0.8841773537408623 0.41321216531754296 -0.21791308718246746
vn 0.6863469135566708 -0.5891569257974574 0.4264059462954537
vn -0.6863469135566708 0.5891569257974574 -0.4264059462954537
vn 0.49393398124335136 -0.8031539695010317 0.3331259873498739
vn -0.49393398124335136 0.8031539695010317 -0.3331259873498739
vn 0.7282081851360314 -0.6014051528982585 0.3286710835597035
vn -0.7282081851360314 0.6014051528982585 -0.3286710835597035
vn 0.22703301454623273 0 0.9738870623979199
vn -0.00028999998780550074 0 0.9999999579500025
vn 0.00028999998780550074 0 -0.9999999579500025
vn -0.22703301454623273 0 -0.9738870623979199
vn 0.5855126404359196 0.1143029298064209 0.8025645071440836
vn 0.6028901241818133 -0.06229901283219623 0.7953881638320823
vn -0.6028901241818133 0.06229901283219623 -0.7953881638320823
vn -0.5855126404359196 -0.1143029298064209 -0.8025645071440836
vn 0.8430988934959606 -0.4789879394920919 -0.24444796912023445
vn -0.8430988934959606 0.4789879394920919 0.24444796912023445
vn 0.9664028161099903 -0.2501339524037657 -0.05914898874495405
vn -0.9664028161099903 0.2501339524037657 0.05914898874495405
vn 0.9670664290966571 -0.25106811140133095 -0.04180101854751316
vn -0.9670664290966571 0.25106811140133095 0.04180101854751316
vn 0.5067318293266678 -0.8503977135758936 -0.14158595231216026
vn -0.5067318293266678 0.8503977135758936 0.14158595231216026
vn 0.9670661458717849 0.251069037871131 0.041802006305394206
vn -0.9670661458717849 -0.251069037871131 -0.041802006305394206
vn 0.7583597387750701 0.5852847983925403 0.286935901161933
vn 0.49094309697231747 0.3174150626966229 0.8113091602518293
vn -0.49094309697231747 -0.3174150626966229 -0.8113091602518293
vn -0.7583597387750701 -0.5852847983925403 -0.286935901161933
vn 0.7134098953713123 0.6912318986239371 0.11508598312149095
vn -0.7134098953713123 -0.6912318986239371 -0.11508598312149095
vn 0.3581301450069251 0.07018002841589926 -0.9310303769742759
vn -0.3581301450069251 -0.07018002841589926 0.9310303769742759
vn 0.08822198985672142 -0.5091709414583291 -0.8561319015666683
vn -0.08822198985672142 0.5091709414583291 0.8561319015666683
vn 0.07695200837476449 -0.6356250691757156 -0.7681530835988727
vn -0.07695200837476449 0.6356250691757156 0.7681530835988727
vn 0.40221715225249405 -0.3302711250185434 -0.8538983232287553
vn -0.40221715225249405 0.3302711250185434 0.8538983232287553
vn 0.716096063497673 -0.3443440305336752 -0.6071520538373893
vn -0.716096063497673 0.3443440305336752 0.6071520538373893
vn 0.8202866453122326 -0.4493048057228906 0.35391384696945527
vn -0.8202866453122326 0.4493048057228906 -0.35391384696945527
vn 0.22540002722731065 0.12452801504242476 0.9662751167216929
vn -0.22540002722731065 -0.12452801504242476 -0.9662751167216929
vn 0.5932650888349279 -0.5819040871337426 0.5562590832936851
vn -0.5932650888349279 0.5819040871337426 -0.5562590832936851
vn 0.22769488975995192 0 -0.9737325285606943
vn -0.22769488975995192 0 0.9737325285606943
vn 0.6039119998958252 0 -0.7970509998625087
vn -0.6039119998958252 0 0.7970509998625087
vn 0.7097263045915291 -0.6855702942245523 -0.16211706957539238
vn -0.7097263045915291 0.6855702942245523 0.16211706957539238
vn 0.7134107824108146 -0.6001758169473039 -0.36170988967904294
vn -0.7134107824108146 0.6001758169473039 0.36170988967904294
vn 0.7583592081097207 0.22063406054662785 0.6133611683192082
vn -0.7583592081097207 -0.22063406054662785 -0.6133611683192082
vn 0.5067310861035 0.8503981444992397 0.14158602405822843
vn -0.5067310861035 -0.8503981444992397 -0.14158602405822843
vn 0.5116440972397606 0.6847261301346098 -0.5190090986395052
vn -0.5116440972397606 -0.6847261301346098 0.5190090986395052
vn 0.05934097793100541 -0.4796908216022971 -0.8754286744268235
vn -0.05934097793100541 0.4796908216022971 0.8754286744268235
vn 0.0800310109728126 -0.29331504021554805 -0.9526601306163814
vn -0.0800310109728126 0.29331504021554805 0.9526601306163814
vn 0.8902849525148728 -0.2332679875581857 -0.39112497913856753
vn -0.8902849525148728 0.2332679875581857 0.39112497913856753
vn 0.9568942834660985 -0.2589020766959975 -0.13161703898964516
vn -0.9568942834660985 0.2589020766959975 0.13161703898964516
vn 0.9483871454546218 -0.31182704782507387 0.05766900884472539
vn -0.9483871454546218 0.31182704782507387 -0.05766900884472539
vn 0.9111150006150027 -0.34559900023327933 0.2245680001515834
vn -0.9111150006150027 0.34559900023327933 -0.2245680001515834
vn 0.846592050498794 -0.3870190230854919 0.36537402179437833
vn -0.846592050498794 0.3870190230854919 -0.36537402179437833
vn 0.6199371416615426 -0.6274861433865613 0.47110410765177646
vn -0.6199371416615426 0.6274861433865613 -0.47110410765177646
vn 0.6948217861623749 -0.5049468445980879 0.5121048423951501
vn -0.6948217861623749 0.5049468445980879 -0.5121048423951501
vn 0.26731904197831535 -0.031923005013013525 0.9630791512366649
vn -0.0001900000212914036 0.12444801394564523 0.9922261111888643
vn 0.0001900000212914036 -0.12444801394564523 -0.9922261111888643
vn -0.26731904197831535 0.031923005013013525 -0.9630791512366649
vn 0.5181450842332987 -0.14989602436814897 0.8420551368903885
vn -0.5181450842332987 0.14989602436814897 -0.8420551368903885
vn 0.0005809999019385543 0 -0.9999998312195427
vn -0.0005809999019385543 0 0.9999998312195427
vn 0.4781239102654738 -0.5010839059563308 -0.721326864621026
vn -0.4781239102654738 0.5010839059563308 0.721326864621026
vn 0.7176022193803608 -0.5758771760531661 -0.39167911974141706
vn -0.7176022193803608 0.5758771760531661 0.39167911974141706
vn 0.9670663999879329 -0.2179950901648589 -0.13138005434004985
vn -0.9670663999879329 0.2179950901648589 0.13138005434004985
vn 0.5067318613579282 -0.73837579798004 -0.44499887824810097
vn -0.5067318613579282 0.73837579798004 0.44499887824810097
vn 0.9670660621180399 0.21799601400264743 0.13138100843906228
vn -0.9670660621180399 -0.21799601400264743 -0.13138100843906228
vn 0.5034781861427168 0.11706704328127432 0.85604031648972
vn 0.7103749803641703 0.09536299736402376 0.6973329807246708
vn -0.7103749803641703 -0.09536299736402376 -0.6973329807246708
vn -0.5034781861427168 -0.11706704328127432 -0.85604031648972
vn 0.9702329608947613 0.11133499551264313 0.215063991331846
vn -0.9702329608947613 -0.11133499551264313 -0.215063991331846
vn 0.9702328285627849 0.20147296440033477 0.1343759762561702
vn -0.9702328285627849 -0.20147296440033477 -0.1343759762561702
vn 0.5067308926396973 0.7383758435614343 0.4449999057185474
vn -0.5067308926396973 -0.7383758435614343 -0.4449999057185474
vn 0.5067310043287496 0.8427270071989954 -0.18175500155264213
vn -0.5067310043287496 -0.8427270071989954 0.18175500155264213
vn 0 -0.47521881100908064 -0.8798676500833041
vn 0 0.47521881100908064 0.8798676500833041
vn 0 -0.2852779493190931 -0.9584448297279783
vn 0 0.2852779493190931 0.9584448297279783
vn 0 -0.6105679206505982 -0.7919638970763786
vn 0 0.6105679206505982 0.7919638970763786
vn 0.08265903185006031 -0.15023105788681704 -0.9851893796117672
vn -0.08265903185006031 0.15023105788681704 0.9851893796117672
vn 0.4193891605193447 -0.18494207078575892 -0.8887683401721479
vn -0.4193891605193447 0.18494207078575892 0.8887683401721479
vn 0.7455368306982971 -0.2113859519970038 -0.6320528564690293
vn -0.7455368306982971 0.2113859519970038 0.6320528564690293
vn 0.7198580570815067 -0.44713103545548044 0.5309220420997305
vn -0.7198580570815067 0.44713103545548044 -0.5309220420997305
vn 0.44393701559395393 -0.7565470265748497 0.4801630168664465
vn -0.44393701559395393 0.7565470265748497 -0.4801630168664465
vn -0.00009299997240082078 -0.007910997652289174 0.9999687032438318
vn 0.00009299997240082078 0.007910997652289174 -0.9999687032438318
vn 0.3577671016783192 -0.7290412071953633 0.5835251658393346
vn -0.3577671016783192 0.7290412071953633 -0.5835251658393346
vn 0 -0.35701488360852573 -0.9340986954717317
vn 0 0.35701488360852573 0.9340986954717317
vn 0.7086810583861087 -0.4785160394235026 -0.5184530427137927
vn -0.7086810583861087 0.4785160394235026 0.5184530427137927
vn 0.7134102913653834 0.6001762451192306 0.361710147726795
vn -0.7134102913653834 -0.6001762451192306 -0.361710147726795
vn 0.5074559417722251 0.39050295519193623 0.7681119118633879
vn -0.5074559417722251 -0.39050295519193623 -0.7681119118633879
vn 0.9665202767476566 0.03476600995469212 0.2542240727930061
vn -0.9665202767476566 -0.03476600995469212 -0.2542240727930061
vn 0.9664029574922837 0.03120099862760851 0.25513098877793616
vn -0.9664029574922837 -0.03120099862760851 -0.25513098877793616
vn 0 -0.1437579818625597 -0.989612875144015
vn 0 0.1437579818625597 0.989612875144015
vn 0.8966685897105506 -0.15866992739725924 -0.41329081089015357
vn -0.8966685897105506 0.15866992739725924 0.41329081089015357
vn 0.9859139893713543 -0.08437799909036299 -0.14440899844319882
vn -0.9859139893713543 0.08437799909036299 0.14440899844319882
vn 0.9790698817768294 -0.20003997584507435 0.03749899547197782
vn -0.9790698817768294 0.20003997584507435 -0.03749899547197782
vn 0.923124610849979 -0.3099188693514038 0.22757690406326953
vn -0.923124610849979 0.3099188693514038 -0.22757690406326953
vn 0.859278107170461 -0.3521870439252991 0.37095204626569855
vn -0.859278107170461 0.3521870439252991 -0.37095204626569855
vn 0.7329296464421532 -0.41262180095541745 0.5408857390821913
vn -0.7329296464421532 0.41262180095541745 -0.5408857390821913
vn 0.5297541127936684 -0.552393117613898 0.6436011370336379
vn -0.5297541127936684 0.552393117613898 -0.6436011370336379
vn 0.47621904915080865 -0.6429330663574466 0.5998770619136147
vn -0.47621904915080865 0.6429330663574466 -0.5998770619136147
vn 0.5508529397595521 -0.49839794549595123 0.669447926790183
vn -0.5508529397595521 0.49839794549595123 -0.669447926790183
vn 0.000005999999835342006 -0.14013099615438512 0.9901329728277812
vn -0.000005999999835342006 0.14013099615438512 -0.9901329728277812
vn 0.2197320805295151 -0.1404690514804419 0.9653943538069589
vn -0.2197320805295151 0.1404690514804419 -0.9653943538069589
vn 0.26612899149744496 -0.45089598559432437 -0.8519789727801242
vn -0.26612899149744496 0.45089598559432437 0.8519789727801242
vn 0 -0.4677649483508005 -0.8838529024076194
vn 0 0.4677649483508005 0.8838529024076194
vn 0.9662132243962839 -0.17481204059887748 -0.1894010439870718
vn -0.9662132243962839 0.17481204059887748 0.1894010439870718
vn 0.5016731378382253 -0.5867141612038448 -0.6356811746578764
vn -0.5016731378382253 0.5867141612038448 0.6356811746578764
vn 0.966213041394017 0.1748120074892088 0.18940200811426633
vn -0.966213041394017 -0.1748120074892088 -0.18940200811426633
vn 0.7140843934656078 0.31725917481207433 0.6240433438523455
vn -0.7140843934656078 -0.31725917481207433 -0.6240433438523455
vn 0.9671866856595421 0.11513996257894253 0.22647892639322847
vn -0.9671866856595421 -0.11513996257894253 -0.22647892639322847
vn 0.9678101762938983 -0.117728021445044 -0.22244904052076478
vn -0.9678101762938983 0.117728021445044 0.22244904052076478
vn 0.9664029574922837 -0.03120099862760851 -0.25513098877793616
vn -0.9664029574922837 0.03120099862760851 0.25513098877793616
vn 0.5016717762712437 0.58671473834494 0.635681716507313
vn -0.5016717762712437 -0.58671473834494 -0.635681716507313
vn 0.7086810583861087 0.4785160394235026 0.5184530427137927
vn 0.5021569592025106 0.5945879516930012 0.6279359489836599
vn -0.5021569592025106 -0.5945879516930012 -0.6279359489836599
vn -0.7086810583861087 -0.4785160394235026 -0.5184530427137927
vn 0.9956712423135528 -0.09294502261975408 0
vn -0.9956712423135528 0.09294502261975408 0
vn 0.9827224979903297 -0.18508509379106217 0
vn -0.9827224979903297 0.18508509379106217 0
vn 0 -0.10241200694824525 -0.9947420674892726
vn 0 0.10241200694824525 0.9947420674892726
vn 0.08274299487928442 -0.12492499226876723 -0.9887099388117098
vn -0.08274299487928442 0.12492499226876723 0.9887099388117098
vn 0.41202210417609403 -0.1431850362030523 -0.8998532275198188
vn -0.41202210417609403 0.1431850362030523 0.8998532275198188
vn 0.7512942278341412 -0.1622270491962524 -0.6397181939980902
vn -0.7512942278341412 0.1622270491962524 0.6397181939980902
vn 0.5626221334995584 -0.46443511020164047 0.6839271622829403
vn -0.5626221334995584 0.46443511020164047 -0.6839271622829403
vn 0.1673029297788762 -0.6877217113464092 0.7064337034925293
vn 0.31709193079913295 -0.6579978564011956 0.6830018509444243
vn -0.31709193079913295 0.6579978564011956 -0.6830018509444243
vn -0.1673029297788762 0.6877217113464092 -0.7064337034925293
vn 0.7176020502403977 -0.3257770228081388 -0.6155620430964236
vn -0.7176020502403977 0.3257770228081388 0.6155620430964236
vn 0.5021569592025106 -0.5945879516930012 -0.6279359489836599
vn -0.5021569592025106 0.5945879516930012 0.6279359489836599
vn 0.7091360831969138 -0.48478105687524414 -0.5119700600650989
vn -0.7091360831969138 0.48478105687524414 0.5119700600650989
vn 0.5047790438261804 0.6358750552082643 0.5838330506898473
vn -0.5047790438261804 -0.6358750552082643 -0.5838330506898473
vn 0.9665202767476566 -0.03476600995469212 -0.2542240727930061
vn -0.9665202767476566 0.03476600995469212 0.2542240727930061
vn 0.9671866856595421 -0.11513996257894253 -0.22647892639322847
vn -0.9671866856595421 0.11513996257894253 0.22647892639322847
vn 0.7091357201403523 0.48478080868177637 0.5119707979512763
vn -0.7091357201403523 -0.48478080868177637 -0.5119707979512763
vn 0.8549188396065542 -0.046849991210356844 -0.51664190307153
vn -0.8549188396065542 0.046849991210356844 0.51664190307153
vn 0.9428596775340311 0.014280995115779115 -0.33288388615090087
vn -0.9428596775340311 -0.014280995115779115 0.33288388615090087
vn 0.9908588750353639 -0.12042698481205072 0.06079499233268805
vn -0.9908588750353639 0.12042698481205072 -0.06079499233268805
vn 0.9631637573550008 -0.12532496842751129 0.23792694006026313
vn -0.9631637573550008 0.12532496842751129 -0.23792694006026313
vn 0.9093253190154751 -0.13566104759349887 0.3933491379973256
vn -0.9093253190154751 0.13566104759349887 -0.3933491379973256
vn 0.7936817142710627 -0.15438594442037526 0.5884167881673465
vn -0.7936817142710627 0.15438594442037526 -0.5884167881673465
vn 0.625059827400691 -0.17186795254167916 0.7614207897470029
vn -0.625059827400691 0.17186795254167916 -0.7614207897470029
vn 0.36175096228131437 -0.5375019439562878 0.7617269205770234
vn -0.36175096228131437 0.5375019439562878 -0.7617269205770234
vn 0.34676393528536 -0.5893118900199734 0.7297028638195806
vn -0.34676393528536 0.5893118900199734 -0.7297028638195806
vn 0.37039904523054135 -0.5038930615318973 0.7803180952869895
vn -0.37039904523054135 0.5038930615318973 -0.7803180952869895
vn 0 -0.6750891472987297 0.7377361609677769
vn 0 -0.6536339033677513 0.7568108881142217
vn 0 0.6536339033677513 -0.7568108881142217
vn 0 0.6750891472987297 -0.7377361609677769
vn 0.11248500710219107 -0.6542240413070529 0.747889047220968
vn -0.11248500710219107 0.6542240413070529 -0.747889047220968
vn 0 -0.12138998676090527 -0.9926048917440349
vn 0 0.12138998676090527 0.9926048917440349
vn 0.260616931128988 -0.11719496902988577 -0.9583027467575121
vn -0.260616931128988 0.11719496902988577 0.9583027467575121
vn 0.9662959426691803 -0.17700198949838375 -0.18692898890940995
vn -0.9662959426691803 0.17700198949838375 0.18692898890940995
vn 0.966295762040035 0.17700195641150357 0.1869299539666352
vn -0.966295762040035 -0.17700195641150357 -0.1869299539666352
vn 0.7115908773864981 0.5175359108239124 0.4751789181224029
vn -0.7115908773864981 -0.5175359108239124 -0.4751789181224029
vn 0.9667398438981131 0.18839596957923424 0.17297697206897808
vn -0.9667398438981131 -0.18839596957923424 -0.17297697206897808
vn 0.9667398438981131 -0.18839596957923424 -0.17297697206897808
vn -0.9667398438981131 0.18839596957923424 0.17297697206897808
vn 0.7097260396775903 -0.08551700478087106 -0.6992680390929306
vn -0.7097260396775903 0.08551700478087106 0.6992680390929306
vn 0.7103749803641703 -0.09536299736402376 -0.6973329807246708
vn -0.7103749803641703 0.09536299736402376 0.6973329807246708
vn 0.50000000126575 0.6592640016689267 0.5615790014216372
vn -0.50000000126575 -0.6592640016689267 -0.5615790014216372
vn 0.5086960253305192 0.7591050377996363 0.40618702022608316
vn -0.5086960253305192 -0.7591050377996363 -0.40618702022608316
vn 0 -0.11325696917117406 -0.9935657295489613
vn 0 0.11325696917117406 0.9935657295489613
vn 0.12311096252041205 -0.1499769543413979 -0.980994701348471
vn -0.12311096252041205 0.1499769543413979 0.980994701348471
vn 0.6577272785166483 -0.12412205255986664 -0.7429593146084172
vn -0.6577272785166483 0.12412205255986664 0.7429593146084172
vn 0.9897216300099579 0.089004966727057 -0.11193395815545643
vn -0.9897216300099579 -0.089004966727057 0.11193395815545643
vn 0.9950390797016385 0.09085900727771593 0.04052000324561188
vn -0.9950390797016385 -0.09085900727771593 -0.04052000324561188
vn 0.4198399834394122 -0.1873969926081258 0.8880409649712249
vn -0.4198399834394122 0.1873969926081258 -0.8880409649712249
vn 0.11778302265639107 -0.6124491178088862 0.7816861503628173
vn -0.11778302265639107 0.6124491178088862 -0.7816861503628173
vn 0.7152351927119234 -0.6162131660315735 -0.3297270888411842
vn -0.7152351927119234 0.6162131660315735 0.3297270888411842
vn 0.5032881302524947 0.6520731687585141 0.5670111467442048
vn -0.5032881302524947 -0.6520731687585141 -0.5670111467442048
vn 0.7140843934656078 -0.31725917481207433 -0.6240433438523455
vn -0.7140843934656078 0.31725917481207433 0.6240433438523455
vn 0.7115908773864981 -0.5175359108239124 -0.4751789181224029
vn -0.7115908773864981 0.5175359108239124 0.4751789181224029
vn 0.9673912836841497 0.2233250654893034 0.1194990350426789
vn -0.9673912836841497 -0.2233250654893034 -0.1194990350426789
vn 0.7152340277024449 0.616214023867202 0.32972801277102565
vn 0.5086959838506832 0.859245972721948 0.05408099828311761
vn -0.5086959838506832 -0.859245972721948 -0.05408099828311761
vn -0.7152340277024449 -0.616214023867202 -0.32972801277102565
vn 0.3913201156396114 -0.11203603310794107 -0.9134092699229833
vn -0.3913201156396114 0.11203603310794107 0.9134092699229833
vn 0.9155447671930174 0.10004197456107984 -0.3895759009376785
vn -0.9155447671930174 -0.10004197456107984 0.3895759009376785
vn 0.9737677647611068 0.09132797793735507 0.20841194965268095
vn 0.9898724123606406 0.0977640407265037 0.10293104287897133
vn -0.9898724123606406 -0.0977640407265037 -0.10293104287897133
vn -0.9737677647611068 -0.09132797793735507 -0.20841194965268095
vn 0.9231582253918778 0.09934702425587698 0.3713610906689354
vn 0.960623766676043 0.08991997815951902 0.26289993614476814
vn -0.960623766676043 -0.08991997815951902 -0.26289993614476814
vn -0.9231582253918778 -0.09934702425587698 -0.3713610906689354
vn 0.8110230000738031 0.1535000000139685 0.5645170000513711
vn 0.8895174485655274 0.12765406437334398 0.43870622123060965
vn -0.8895174485655274 -0.12765406437334398 -0.43870622123060965
vn -0.8110230000738031 -0.1535000000139685 -0.5645170000513711
vn 0.6454268573290542 0.1888349582582259 0.7401118363990367
vn 0.746915148028887 0.17940103555495654 0.6402601268912463
vn -0.746915148028887 -0.17940103555495654 -0.6402601268912463
vn -0.6454268573290542 -0.1888349582582259 -0.7401118363990367
vn 0.5667111800529545 0.22050207005693656 0.7938622522223825
vn 0.43052692368954 0.2477129560931301 0.8679198461620888
vn -0.43052692368954 -0.2477129560931301 -0.8679198461620888
vn -0.5667111800529545 -0.22050207005693656 -0.7938622522223825
vn 0.1263259712149885 -0.5287268795227208 0.8393388087457628
vn -0.1263259712149885 0.5287268795227208 -0.8393388087457628
vn 0.12316002022010589 -0.5620210922712254 0.8179021342811387
vn -0.12316002022010589 0.5620210922712254 -0.8179021342811387
vn 0.1453000031181381 -0.19783800424560363 0.9694060208034534
vn -0.1453000031181381 0.19783800424560363 -0.9694060208034534
vn 0 -0.6141271041013083 0.7892071337793019
vn 0 0.6141271041013083 -0.7892071337793019
vn 0 -0.13549304076085178 -0.9907782980593478
vn 0 0.13549304076085178 0.9907782980593478
vn 0.26106509029955866 -0.13079404524022933 -0.9564193308149832
vn -0.26106509029955866 0.13079404524022933 0.9564193308149832
vn 0.9673914634398594 -0.2233248761336734 -0.11949793372090767
vn -0.9673914634398594 0.2233248761336734 0.11949793372090767
vn 0.5086967665583443 -0.7591046516458166 -0.4061868136003047
vn -0.5086967665583443 0.7591046516458166 0.4061868136003047
vn 0.710196561981434 0.5312486723487635 0.4619477150906009
vn -0.710196561981434 -0.5312486723487635 -0.4619477150906009
vn 0.9664881343215639 0.19371702692260057 0.16844702341060053
vn -0.9664881343215639 -0.19371702692260057 -0.16844702341060053
vn 0.9664881343215639 -0.19371702692260057 -0.16844702341060053
vn -0.9664881343215639 0.19371702692260057 0.16844702341060053
vn 0.710196890054783 -0.5312489177576271 -0.46194692848623253
vn -0.710196890054783 0.5312489177576271 0.46194692848623253
vn 0.2636468721299798 -0.43715478797779345 -0.8598755829561441
vn -0.2636468721299798 0.43715478797779345 0.8598755829561441
vn 0.715234428220636 0.697504417605436 0.04390102628414496
vn -0.715234428220636 -0.697504417605436 -0.04390102628414496
vn 0.9043912925335502 -0.20509906634114963 -0.3741801210319473
vn -0.9043912925335502 0.20509906634114963 0.3741801210319473
vn 0.5086958866737604 0.8040438208767456 -0.307801931428509
vn 0.715234412672852 0.652693376588196 -0.2498621441643772
vn -0.715234412672852 -0.652693376588196 0.2498621441643772
vn -0.5086958866737604 -0.8040438208767456 0.307801931428509
vn 0.9341861249978488 0 -0.35678604773940364
vn 0.9196869519693501 0.01831599904344697 -0.39222497951605095
vn -0.9196869519693501 -0.01831599904344697 0.39222497951605095
vn -0.9341861249978488 0 0.35678604773940364
vn 0.000052999999925455504 0.9999999985935 -0.0000019999999971869997
vn -0.000052999999925455504 -0.9999999985935 0.0000019999999971869997
vn 0.3463360901000382 0.26763206962502717 0.899124233908998
vn -0.3463360901000382 -0.26763206962502717 -0.899124233908998
vn 0.19405697893890023 0.2664339710837895 0.9441158975346352
vn -0.19405697893890023 -0.2664339710837895 -0.9441158975346352
vn 0 -0.564030820221691 0.8257537368005344
vn 0 0.564030820221691 -0.8257537368005344
vn 0.7152349166601171 -0.6975039187261507 -0.04390099488461247
vn -0.7152349166601171 0.6975039187261507 0.04390099488461247
vn 0.5086961212502784 0.4192930999406188 0.7519451792299144
vn -0.5086961212502784 -0.4192930999406188 -0.7519451792299144
vn 0.2619070240621852 -0.7108940653119735 -0.6527130599667098
vn -0.2619070240621852 0.7108940653119735 0.6527130599667098
vn 0.967391433321612 -0.252785851923147 -0.015909990680248388
vn -0.967391433321612 0.252785851923147 0.015909990680248388
vn 0.96739135377605 0.2527860924441437 0.015911005818671803
vn -0.96739135377605 -0.2527860924441437 -0.015911005818671803
vn 0.5000001147820395 0.7244741663132066 -0.47448610892494164
vn -0.5000001147820395 -0.7244741663132066 0.47448610892494164
vn 0.9937601674267396 0 -0.11153801879170391
vn -0.9937601674267396 0 0.11153801879170391
vn 0 -0.19850593627603158 0.9800996853704097
vn 0 0.19850593627603158 -0.9800996853704097
vn 0 -0.530867066699735 0.8474551064768086
vn 0 0.530867066699735 -0.8474551064768086
vn 0.14886898226628126 0.26420196852747074 0.9529088864866414
vn -0.14886898226628126 -0.26420196852747074 -0.9529088864866414
vn 0 -0.4531887797625427 -0.8914145667966941
vn 0 0.4531887797625427 0.8914145667966941
vn 0.5086967250784901 -0.8592455356268904 -0.05408097077232581
vn -0.5086967250784901 0.8592455356268904 0.05408097077232581
vn 0.7152347422348095 0.3403658773347127 0.6104017800158161
vn -0.7152347422348095 -0.3403658773347127 -0.6104017800158161
vn 0.9673912891736148 0.12335403687311756 0.22121906612703435
vn -0.9673912891736148 -0.12335403687311756 -0.22121906612703435
vn 0.9673912891736148 -0.12335403687311756 -0.22121906612703435
vn -0.9673912891736148 0.12335403687311756 0.22121906612703435
vn 0.5086962730099869 0.06897703701898553 0.8581784605720598
vn 0.7152347052096398 0.05599297692199538 0.6966377128745561
vn -0.7152347052096398 -0.05599297692199538 -0.6966377128745561
vn -0.5086962730099869 -0.06897703701898553 -0.8581784605720598
vn 0.7152347422348095 -0.3403658773347127 -0.6104017800158161
vn -0.7152347422348095 0.3403658773347127 0.6104017800158161
vn 0.2609420177213559 -0.7284670494723844 -0.6334390430187472
vn -0.2609420177213559 0.7284670494723844 0.6334390430187472
vn 0 -0.736607011973547 -0.676321010993598
vn 0 0.736607011973547 0.676321010993598
vn 0.37516916202302797 -0.15556506718335564 -0.9138093946437502
vn -0.37516916202302797 0.15556506718335564 0.9138093946437502
vn 0.715234688029717 0.4898817863238989 -0.4984527825854111
vn -0.715234688029717 -0.4898817863238989 0.4984527825854111
vn 0.986995310397243 0 -0.16074905055349464
vn 0.8511921948464275 0 -0.5248541201443705
vn -0.986995310397243 0 0.16074905055349464
vn -0.8511921948464275 0 0.5248541201443705
vn -0.5079639471349248 0.7021599269244647 0.4989429480737627
vn -0.6591379139778939 0.3825669500723383 0.6474409155044342
vn -0.671811871982229 0.6937178678079106 0.2596619505198621
vn 0.671811871982229 -0.6937178678079106 -0.2596619505198621
vn 0.6591379139778939 -0.3825669500723383 -0.6474409155044342
vn 0.5079639471349248 -0.7021599269244647 -0.4989429480737627
vn -0.7178637913166672 0.6916427989391218 0.07938397692304157
vn -0.9221273636184055 0.37320614716472955 0.10197204021018366
vn 0.9221273636184055 -0.37320614716472955 -0.10197204021018366
vn 0.7178637913166672 -0.6916427989391218 -0.07938397692304157
vn -0.7197528682006663 0.6910008734656592 -0.06688498775218939
vn 0.7197528682006663 -0.6910008734656592 0.06688498775218939
vn 0 0.26077794856351055 0.965398809582344
vn 0 -0.26077794856351055 -0.965398809582344
vn 0.5086970369156365 -0.8040430583486027 0.3078020223368858
vn -0.5086970369156365 0.8040430583486027 -0.3078020223368858
vn 0.5086960044907683 -0.6034780053275038 0.6140380054207275
vn 0.5086963268329168 -0.29380918876982015 0.8092615199434103
vn 0.7152350384099107 -0.4898810263078366 0.4984530267681743
vn -0.7152350384099107 0.4898810263078366 -0.4984530267681743
vn -0.5086963268329168 0.29380918876982015 -0.8092615199434103
vn -0.5086960044907683 0.6034780053275038 -0.6140380054207275
vn 0.7152347224020806 -0.6526927466759613 0.24986290302285416
vn -0.7152347224020806 0.6526927466759613 -0.24986290302285416
vn 0.9673915268309276 -0.23654512881991024 0.09055404931475258
vn -0.9673915268309276 0.23654512881991024 -0.09055404931475258
vn 0.7152346515799615 -0.23850388381500784 0.6569286799831838
vn -0.7152346515799615 0.23850388381500784 -0.6569286799831838
vn 0.26445495469225877 -0.46967491953295126 -0.8422998556929896
vn -0.26445495469225877 0.46967491953295126 0.8422998556929896
vn 0.9673912979986472 0.23654607286649137 -0.09055402789458399
vn -0.9673912979986472 -0.23654607286649137 0.09055402789458399
vn -0.23763902088157932 0.6967990612284329 0.6767560594672344
vn -0.050651024468958666 0.6903353334934865 0.7217143486523472
vn -0.3068429928435009 0.3777659911893638 0.8735789796255177
vn 0.3068429928435009 -0.3777659911893638 -0.8735789796255177
vn 0.050651024468958666 -0.6903353334934865 -0.7217143486523472
vn 0.23763902088157932 -0.6967990612284329 -0.6767560594672344
vn -0.8646572425800558 0.37499510520507906 0.33428509378386334
vn 0.8646572425800558 -0.37499510520507906 -0.33428509378386334
vn -0.7007209432265405 0.6902509440748354 -0.18039898538380425
vn -0.8989328226252897 0.3719689266042146 -0.23142795433533486
vn 0.8989328226252897 -0.3719689266042146 0.23142795433533486
vn 0.7007209432265405 -0.6902509440748354 0.18039898538380425
vn -0.9239969549740914 0.37263498184168414 -0.08586499581584178
vn 0.9239969549740914 -0.37263498184168414 0.08586499581584178
vn -0.6638830288991608 0.6908650300737008 -0.2862950124625654
vn -0.8521640859948648 0.3725140375916972 -0.3674910370848087
vn 0.8521640859948648 -0.3725140375916972 0.3674910370848087
vn 0.6638830288991608 -0.6908650300737008 0.2862950124625654
vn -0.5863102529058616 0.6923492986459729 -0.42058618142051934
vn -0.7536417419904169 0.37383587201712415 -0.5406208149182253
vn 0.7536417419904169 -0.37383587201712415 0.5406208149182253
vn 0.5863102529058616 -0.6923492986459729 0.42058618142051934
vn -0.431340954282606 0.695208926315505 -0.5750039390559107
vn -0.5559480342305555 0.37639702317533 -0.7411120456313818
vn 0.5559480342305555 -0.37639702317533 0.7411120456313818
vn 0.431340954282606 -0.695208926315505 0.5750039390559107
vn -0.2404400587650002 0.6923021692028246 -0.6803721662870601
vn -0.3090470397519507 0.373794048080197 -0.8745101124860567
vn 0.3090470397519507 -0.373794048080197 0.8745101124860567
vn 0.2404400587650002 -0.6923021692028246 0.6803721662870601
vn -0.07718399737041845 0.6915209764405723 -0.71822097553093
vn 0.07718399737041845 -0.6915209764405723 0.71822097553093
vn 0.9673913562351607 0.020293007472759323 0.252472092971098
vn -0.9673913562351607 -0.020293007472759323 -0.252472092971098
vn 0.9673913758659648 -0.02029200788416696 -0.25247209809439186
vn -0.9673913758659648 0.02029200788416696 0.25247209809439186
vn 0.7152347052096398 -0.05599297692199538 -0.6966377128745561
vn -0.7152347052096398 0.05599297692199538 0.6966377128745561
vn 0.9673913558012854 -0.08643703179107073 0.23808108756493063
vn -0.9673913558012854 0.08643703179107073 -0.23808108756493063
vn 0 -0.4870140692943148 -0.8733941242700184
vn 0 0.4870140692943148 0.8733941242700184
vn 0 -0.7546112056674257 -0.6561721788381113
vn 0 0.7546112056674257 0.6561721788381113
vn 0.26445508474067864 0.6759922166116006 -0.687821220402028
vn -0.26445508474067864 -0.6759922166116006 0.687821220402028
vn 0 -0.09251502679485356 -0.9957112883849152
vn 0 0.09251502679485356 0.9957112883849152
vn 0.5163652673097171 0 -0.8563684433210768
vn -0.5163652673097171 0 0.8563684433210768
vn 0.9673912456346957 0.17754104508025143 -0.18064704586891014
vn -0.9673912456346957 -0.17754104508025143 0.18064704586891014
vn 0.000027999988125641556 0.9486835976780761 0.3162268658931161
vn -0.000027999988125641556 -0.9486835976780761 -0.3162268658931161
vn -0.06498403294168184 0.37204418859650185 0.9259374693758781
vn 0.06498403294168184 -0.37204418859650185 -0.9259374693758781
vn 0 0.6894470666333387 0.7243360700052737
vn 0 -0.6894470666333387 -0.7243360700052737
vn -0.3314609753920067 0 0.9434689299559258
vn 0.3314609753920067 0 -0.9434689299559258
vn -0.9326984519610628 0 0.36065717476495185
vn 0.9326984519610628 0 -0.36065717476495185
vn -0.9939412091997979 0 0.10991302313394598
vn 0.9939412091997979 0 -0.10991302313394598
vn -0.09913503884959189 0.3730981462117822 -0.9224803615067485
vn 0 0.6894470666333387 -0.7243360700052737
vn 0 -0.6894470666333387 0.7243360700052737
vn 0.09913503884959189 -0.3730981462117822 0.9224803615067485
vn 0.9673914173859541 -0.1775400766005703 0.18064707794110182
vn -0.9673914173859541 0.1775400766005703 -0.18064707794110182
vn 0.2644549772497327 -0.0772649933531247 -0.9612979173024278
vn -0.2644549772497327 0.0772649933531247 0.9612979173024278
vn 0.26445497870740825 0.3291139735013895 -0.9065029270129198
vn -0.26445497870740825 -0.3291139735013895 0.9065029270129198
vn 0.2588190748922866 0.8080462338175042 -0.5292201531359595
vn -0.2588190748922866 -0.8080462338175042 0.5292201531359595
vn 0.7152346515799615 0.23850388381500784 -0.6569286799831838
vn -0.7152346515799615 -0.23850388381500784 0.6569286799831838
vn -0.07000902512634864 0 0.9975463580209485
vn 0.07000902512634864 0 -0.9975463580209485
vn 0 0.37125705179982943 0.9285301295536397
vn 0 -0.37125705179982943 -0.9285301295536397
vn -0.7134059697383894 0 0.7007509702751956
vn 0.7134059697383894 0 -0.7007509702751956
vn -0.9684216924254457 0 -0.24931792081564366
vn 0.9684216924254457 0 0.24931792081564366
vn -0.9182543302975193 0 -0.3959911424386335
vn 0.9182543302975193 0 0.3959911424386335
vn -0.9957099900722735 0 -0.09252899907743961
vn 0.9957099900722735 0 0.09252899907743961
vn -0.812556063044196 0 -0.5828830452244401
vn 0.812556063044196 0 0.5828830452244401
vn -0.6000788770672537 0 -0.7999408361233371
vn 0.6000788770672537 0 0.7999408361233371
vn 0 0.37125705179982943 -0.9285301295536397
vn 0 -0.37125705179982943 0.9285301295536397
vn -0.33320005385579543 0 -0.942856152395738
vn 0.33320005385579543 0 0.942856152395738
vn 0.9673912721823446 0.08643802431994664 -0.23808106698578418
vn -0.9673912721823446 -0.08643802431994664 0.23808106698578418
vn 0 -0.080117037257876 -0.9967854635482101
vn 0 0.080117037257876 0.9967854635482101
vn 0 0.34126383641180663 -0.9399675494172637
vn 0 -0.34126383641180663 0.9399675494172637
vn 0 0.836551028475361 -0.5478890186495945
vn 0 -0.836551028475361 0.5478890186495945
vn 0.14775499906906964 0 -0.9890239937686544
vn -0.14775499906906964 0 0.9890239937686544
vn 0 0.8 0.6
vn 0 -0.8 -0.6
vn -0.1068500161276755 0 -0.9942751500734167
vn 0.1068500161276755 0 0.9942751500734167
vn 0 0.7009476908565521 -0.7132126854472428
vn 0 -0.7009476908565521 0.7132126854472428
vn -0.4006308672107208 0.16898394399019656 0.9005217015216813
vn 0.4006308672107208 -0.16898394399019656 -0.9005217015216813
vn -0.9102501852778032 0.2492980507436262 0.3305980672919211
vn 0.9102501852778032 -0.2492980507436262 -0.3305980672919211
vn -0.9651283991670547 0.24232910022479215 0.09901404095117616
vn 0.9651283991670547 -0.24232910022479215 -0.09901404095117616
vn -0.11214699850743562 0.12447199834340218 0.985864986879123
vn 0.11214699850743562 -0.12447199834340218 -0.985864986879123
vn -0.7256398354931141 0.23518394668239423 0.6466338534042423
vn 0.7256398354931141 -0.23518394668239423 -0.6466338534042423
vn -0.9670933955117834 0.2336860955705052 -0.10060404114399282
vn 0.9670933955117834 -0.2336860955705052 0.10060404114399282
vn -0.9380465668199686 0.23970714484440445 -0.25021815119573976
vn 0.9380465668199686 -0.23970714484440445 0.25021815119573976
vn -0.8812129663513242 0.26687398980955035 -0.39018198510109625
vn 0.8812129663513242 -0.26687398980955035 0.39018198510109625
vn -0.7622043370216797 0.31879514096072226 -0.5633952491148422
vn 0.7622043370216797 -0.31879514096072226 0.5633952491148422
vn -0.5417260603358268 0.3796330422823917 -0.7499410835261926
vn 0.5417260603358268 -0.3796330422823917 0.7499410835261926
vn 0 0.10565201735265854 0.9944031633242694
vn 0 -0.10565201735265854 -0.9944031633242694
vn -0.38680086786362433 0.39429886530220765 0.8336147152260082
vn 0.38680086786362433 -0.39429886530220765 -0.8336147152260082
vn -0.6510184498200512 0.4524123125934906 0.6095064211373882
vn 0.6510184498200512 -0.4524123125934906 -0.6095064211373882
vn -0.7937138736820344 0.49465392127682395 0.3540279436571653
vn 0.7937138736820344 -0.49465392127682395 -0.3540279436571653
vn -0.8538818175604843 0.49740489372497915 0.15321296726467412
vn 0.8538818175604843 -0.49740489372497915 -0.15321296726467412
vn -0.8531392948356067 0.5172991787729369 -0.06749002332381371
vn 0.8531392948356067 -0.5172991787729369 0.06749002332381371
vn -0.26897113972556747 0.42651022156422735 -0.8635644486058717
vn 0.26897113972556747 -0.42651022156422735 0.8635644486058717
vn -0.09914797284337395 0.37034989856117667 -0.9235857470298985
vn 0.09914797284337395 -0.37034989856117667 0.9235857470298985
vn -0.13025798867445917 0.4116109642116631 0.9020029215735554
vn 0.13025798867445917 -0.4116109642116631 -0.9020029215735554
vn -0.7985549386849577 0.5592639570583168 -0.22256198291113516
vn 0.7985549386849577 -0.5592639570583168 0.22256198291113516
vn -0.7126101360070021 0.6235971190181986 -0.32142406134619866
vn 0.7126101360070021 -0.6235971190181986 0.32142406134619866
vn -0.5822730960695373 0.6956991147837541 -0.4206670694060758
vn 0.5822730960695373 -0.6956991147837541 0.4206670694060758
vn -0.39740507061213143 0.7628001355366286 -0.5101030906366555
vn 0.39740507061213143 -0.7628001355366286 0.5101030906366555
vn -0.18815899982632922 0.8012819992604167 -0.5679289994758014
vn 0.18815899982632922 -0.8012819992604167 0.5679289994758014
vn 0 0.36728809064799744 -0.9301072295537479
vn 0 -0.36728809064799744 0.9301072295537479
vn 0 0.41679887737737153 0.9089987325717032
vn 0 -0.41679887737737153 -0.9089987325717032
vn -0.41997793570201297 0.5033529229374284 0.7551518843873881
vn 0.41997793570201297 -0.5033529229374284 -0.7551518843873881
vn -0.6680440567303036 0.6891200585200778 0.2807680238428216
vn 0.6680440567303036 -0.6891200585200778 -0.2807680238428216
vn -0.6674991112714436 0.7358011226573216 0.11420001903703056
vn 0.6674991112714436 -0.7358011226573216 -0.11420001903703056
vn -0.6165001901863307 0.7835822417300655 -0.07698302374876609
vn 0.6165001901863307 -0.7835822417300655 0.07698302374876609
vn -0.5508070161031188 0.8032940234847026 -0.22656200662365364
vn 0.5508070161031188 -0.8032940234847026 0.22656200662365364
vn -0.07225001847126146 0.7518111922061945 -0.6554081675600351
vn 0.07225001847126146 -0.7518111922061945 0.6554081675600351
vn -0.6098667641115095 0.620833759869619 0.4925728094792775
vn 0.6098667641115095 -0.620833759869619 -0.4925728094792775
vn -0.13214194926291906 0.36547285967343324 0.921394646222301
vn 0.13214194926291906 -0.36547285967343324 -0.921394646222301
vn -0.41382598410784105 0.8615169669151644 -0.2941709887029517
vn 0.41382598410784105 -0.8615169669151644 0.2941709887029517
vn -0.2789458416172461 0.9041034866587748 -0.32370681620239716
vn 0.2789458416172461 -0.9041034866587748 0.32370681620239716
vn -0.14308005301109794 0.9290003441942268 -0.3413011264519202
vn 0.14308005301109794 -0.9290003441942268 0.3413011264519202
vn -0.052397990220649615 0.9375718250153611 -0.34382193583045517
vn 0.052397990220649615 -0.9375718250153611 0.34382193583045517
vn -0.015401005971132883 0.934407362279616 -0.3558731379757791
vn 0.015401005971132883 -0.934407362279616 0.3558731379757791
vn -0.7535939009864342 0.2552709664603328 0.6057499204114318
vn 0.7535939009864342 -0.2552709664603328 -0.6057499204114318
vn -0.49193693437438757 -0.024219996768992096 0.8702938839006279
vn 0.49193693437438757 0.024219996768992096 -0.8702938839006279
vn 0 0.3184280149672315 0.9479470445568299
vn 0 -0.3184280149672315 -0.9479470445568299
vn -0.8159637375367385 0.4650078504253663 0.34346888951964305
vn 0.8159637375367385 -0.4650078504253663 -0.34346888951964305
vn -0.7709302336874916 0.6227641887748006 0.13353404047737866
vn 0.7709302336874916 -0.6227641887748006 -0.13353404047737866
vn -0.6241739190608766 0.7784838990508854 -0.06610399142803157
vn 0.6241739190608766 -0.7784838990508854 0.06610399142803157
vn -0.433201975469289 0.8734949505370397 -0.22213198742144338
vn 0.433201975469289 -0.8734949505370397 0.22213198742144338
vn -0.3117470306143392 0.9064250890132142 -0.28496902798467233
vn 0.3117470306143392 -0.9064250890132142 0.28496902798467233
vn -0.13947205402981053 -0.23840609235567717 0.9610983723180484
vn 0.13947205402981053 0.23840609235567717 -0.9610983723180484
vn -0.20015109895762997 0.9251034573846764 -0.3226811595382836
vn 0.20015109895762997 -0.9251034573846764 0.3226811595382836
vn -0.0819470361484026 0.9342324121077581 -0.3471231531226519
vn 0.0819470361484026 -0.9342324121077581 0.3471231531226519
vn -0.011988002770559628 0.9348452160530377 -0.35485308201046006
vn 0.011988002770559628 -0.9348452160530377 0.35485308201046006
vn 0 0.9347613910589119 -0.3552761486303408
vn 0 -0.9347613910589119 0.3552761486303408
vn -0.7904139497798657 -0.28287398202717784 0.5433489654775095
vn 0.7904139497798657 0.28287398202717784 -0.5433489654775095
vn -0.4511971380072385 -0.5843571787367732 0.6744982063081233
vn 0.4511971380072385 0.5843571787367732 -0.6744982063081233
vn 0 -0.289784019832819 0.9570920655033832
vn 0 0.289784019832819 -0.9570920655033832
vn -0.9383641225034441 0.00045000005874751145 0.3456480451243552
vn 0.9383641225034441 -0.00045000005874751145 -0.3456480451243552
vn -0.8668203282337149 0.48864418503199675 -0.09924403758015136
vn 0.8668203282337149 -0.48864418503199675 0.09924403758015136
vn -0.6970723401891603 0.6452863149162534 -0.312563152538826
vn 0.6970723401891603 -0.6452863149162534 0.312563152538826
vn -0.48298797691076023 0.755894963864442 -0.4419789788711954
vn 0.48298797691076023 -0.755894963864442 0.4419789788711954
vn -0.31063899648636234 0.8085649908543214 -0.4997259943475993
vn 0.31063899648636234 -0.8085649908543214 0.4997259943475993
vn -0.10416503522648549 -0.6950042350362244 0.711420240587782
vn 0.10416503522648549 0.6950042350362244 -0.711420240587782
vn -0.970610540305067 0.1955011088286551 0.14033707812076135
vn 0.970610540305067 -0.1955011088286551 -0.14033707812076135
vn -0.20678795497265146 0.810281823563988 -0.5483448805998343
vn 0.20678795497265146 -0.810281823563988 0.5483448805998343
vn -0.014822997135085503 0.8260138403521904 -0.5634548910982665
vn 0.014822997135085503 -0.8260138403521904 0.5634548910982665
vn 0 0.8377701300935636 -0.5460230847894744
vn 0 -0.8377701300935636 0.5460230847894744
vn -0.6931670918148395 -0.5649140748268285 0.4476510592945203
vn 0.6931670918148395 0.5649140748268285 -0.4476510592945203
vn -0.9604602493811351 -0.14406403740587204 0.23824706186026207
vn 0.9604602493811351 0.14406403740587204 -0.23824706186026207
vn -0.2429920220203025 -0.826447074893877 0.5078780460246725
vn 0.2429920220203025 0.826447074893877 -0.5078780460246725
vn 0 -0.7032518308732294 0.7109408290240833
vn 0 0.7032518308732294 -0.7109408290240833
vn -0.9516860365228558 0.2953110113331509 -0.08417300323030741
vn 0.9516860365228558 -0.2953110113331509 0.08417300323030741
vn -0.6101190577703459 0.6635930628336393 -0.43289604098962936
vn 0.6101190577703459 -0.6635930628336393 0.43289604098962936
vn -0.21977192825579542 0.8194327324974573 -0.5293678271886951
vn 0.21977192825579542 -0.8194327324974573 0.5293678271886951
vn 0 0.8341689592750383 -0.5515089730747811
vn 0 -0.8341689592750383 0.5515089730747811
vn -0.7136318968994664 -0.6843389011315132 0.14969897837254106
vn 0.7136318968994664 0.6843389011315132 -0.14969897837254106
vn 0 -0.8751299503608804 0.4838879725529071
vn 0 0.8751299503608804 -0.4838879725529071
vn -0.967087566945054 -0.2486408886603755 0.05403097580531268
vn 0.967087566945054 0.2486408886603755 -0.05403097580531268
vn -0.9670541092597135 0.24889602812077266 -0.05345200603911488
vn 0.9670541092597135 -0.24889602812077266 0.05345200603911488
vn -0.26309401451792275 0.9433990520581762 -0.20194001114335305
vn 0.26309401451792275 -0.9433990520581762 0.20194001114335305
vn -0.2634080172420309 -0.9420850616665349 0.20758601358806195
vn 0.2634080172420309 0.9420850616665349 -0.20758601358806195
vn -0.7133200310247855 0.6852620298044448 -0.14693700639080484
vn 0.7133200310247855 -0.6852620298044448 0.14693700639080484
vn 0 0.9778792798979374 -0.2091700598706502
vn 0 -0.9778792798979374 0.2091700598706502
vn -0.2631750661010317 -0.9516482390231391 -0.15844403979599836
vn 0.2631750661010317 0.9516482390231391 0.15844403979599836
vn 0 -0.9764369268756177 0.21580298383873092
vn 0 0.9764369268756177 -0.21580298383873092
vn 0 0.9864215855190535 0.16423293099155403
vn 0 -0.9864215855190535 -0.16423293099155403
vn -0.2631750661010317 0.9516482390231391 0.15844403979599836
vn 0.2631750661010317 -0.9516482390231391 -0.15844403979599836
vn -0.26304207361904214 -0.8280572317529641 -0.4951061385680974
vn 0.26304207361904214 0.8280572317529641 0.4951061385680974
vn -0.9670523504168015 -0.21823607907905793 -0.13108304749867183
vn 0.9670523504168015 0.21823607907905793 0.13108304749867183
vn -0.9670758363644965 0.21782896314192668 0.13158597773479916
vn 0.9670758363644965 -0.21782896314192668 -0.13158597773479916
vn -0.713485720242304 0.5995977648977625 0.3625198578559916
vn 0.713485720242304 -0.5995977648977625 -0.3625198578559916
vn 0 0.8554395247996266 0.5179027123027928
vn 0 -0.8554395247996266 -0.5179027123027928
vn -0.7132789388955358 -0.601177948498891 -0.36030296913392684
vn 0.7132789388955358 0.601177948498891 0.36030296913392684
vn -0.2632450772091343 0.8253542420743712 0.49949214649981927
vn 0.2632450772091343 -0.8253542420743712 -0.49949214649981927
vn 0 -0.8584968172389245 -0.512818890828562
vn 0 0.8584968172389245 0.512818890828562
vn -0.2588759289735155 -0.7235648014791705 -0.6398728244413167
vn 0.2588759289735155 0.7235648014791705 0.6398728244413167
vn -0.9659335065196696 -0.19316690131404943 -0.17221791201656061
vn 0.9659335065196696 0.19316690131404943 0.17221791201656061
vn -0.9659202133597246 0.1923400424855158 0.17321503826104095
vn 0.9659202133597246 -0.1923400424855158 -0.17321503826104095
vn -0.7070669365089273 0.5251009528485621 0.4736299574703999
vn 0.7070669365089273 -0.5251009528485621 -0.4736299574703999
vn 0 0.741754973939923 0.670670976437317
vn 0 -0.741754973939923 -0.670670976437317
vn -0.7071697081139952 -0.5286657817919219 -0.4694928062157105
vn 0.7071697081139952 0.5286657817919219 0.4694928062157105
vn -0.25878507448482485 0.7167142062882962 0.6475731863877793
vn 0.25878507448482485 -0.7167142062882962 -0.6475731863877793
vn 0 -0.7496591412144303 -0.6618241246688149
vn 0 0.7496591412144303 0.6618241246688149
usemtl material_0_0
f 1//1 2//2 3//3
f 3//4 2//5 1//6
f 2//7 1//8 4//7
f 4//9 1//10 2//9
f 2//2 5//11 3//3
f 3//4 5//12 2//5
f 1//1 3//3 6//13
f 6//14 3//4 1//6
f 7//8 4//7 1//8
f 1//10 4//9 7//10
f 4//7 8//15 2//7
f 2//9 8//16 4//9
f 2//2 9//17 5//11
f 5//12 9//18 2//5
f 3//3 5//11 10//19
f 10//20 5//12 3//4
f 11//21 6//13 3//3
f 3//4 6//14 11//22
f 1//1 6//13 12//23
f 12//24 6//14 1//6
f 7//25 13//25 4//25
f 4//26 13//26 7//26
f 1//8 12//27 7//8
f 7//10 12//28 1//10
f 4//25 14//25 8//25
f 8//26 14//26 4//26
f 9//15 2//7 8//15
f 8//16 2//9 9//16
f 9//17 15//29 5//11
f 5//12 15//30 9//18
f 10//19 5//11 16//31
f 16//32 5//12 10//20
f 11//21 3//3 10//19
f 10//20 3//4 11//22
f 6//13 11//21 17//33
f 17//34 11//22 6//14
f 18//35 12//23 6//13
f 6//14 12//24 18//36
f 19//25 13//25 7//25
f 7//26 13//26 19//26
f 4//25 13//25 20//25
f 20//26 13//26 4//26
f 19//27 7//8 12//27
f 12//28 7//10 19//28
f 20//25 14//25 4//25
f 4//26 14//26 20//26
f 14//25 21//25 8//25
f 8//26 21//26 14//26
f 8//15 22//37 9//15
f 9//16 22//38 8//16
f 9//17 23//39 15//29
f 15//30 23//40 9//18
f 5//11 15//29 16//31
f 16//32 15//30 5//12
f 10//19 16//31 24//41
f 24//42 16//32 10//20
f 11//21 10//19 25//43
f 25//44 10//20 11//22
f 26//45 17//33 11//21
f 11//22 17//34 26//46
f 17//33 18//35 6//13
f 6//14 18//36 17//34
f 18//35 27//47 12//23
f 12//24 27//48 18//36
f 28//25 13//25 19//25
f 19//26 13//26 28//26
f 29//25 20//25 13//25
f 13//26 20//26 29//26
f 12//27 30//49 19//27
f 19//28 30//50 12//28
f 14//51 20//52 31//51
f 31//53 20//54 14//53
f 14//51 31//51 21//55
f 21//56 31//53 14//53
f 21//25 32//25 8//25
f 8//26 32//26 21//26
f 8//25 33//25 22//25
f 22//26 33//26 8//26
f 34//37 9//15 22//37
f 22//38 9//16 34//38
f 23//39 9//17 35//57
f 35//58 9//18 23//40
f 36//59 15//29 23//39
f 23//40 15//30 36//60
f 16//61 15//61 37//61
f 37//62 15//62 16//62
f 24//61 16//61 38//61
f 38//62 16//62 24//62
f 25//43 10//19 24//41
f 24//42 10//20 25//44
f 26//45 11//21 25//43
f 25//44 11//22 26//46
f 17//33 26//63 39//64
f 39//65 26//66 17//34
f 18//35 17//33 40//67
f 40//68 17//34 18//36
f 18//35 40//67 27//47
f 27//48 40//68 18//36
f 30//69 12//23 27//47
f 27//48 12//24 30//70
f 41//25 13//25 28//25
f 28//26 13//26 41//26
f 28//49 19//27 30//49
f 30//50 19//28 28//50
f 20//52 29//71 42//52
f 42//54 29//72 20//54
f 42//52 31//51 20//52
f 20//54 31//53 42//54
f 43//55 21//55 31//51
f 31//53 21//56 43//56
f 32//73 21//55 44//73
f 44//74 21//56 32//74
f 32//25 33//25 8//25
f 8//26 33//26 32//26
f 33//25 45//25 22//25
f 22//26 45//26 33//26
f 9//17 34//57 46//57
f 46//58 34//58 9//18
f 22//37 47//75 34//37
f 34//38 47//76 22//38
f 35//57 9//17 48//57
f 48//58 9//18 35//58
f 35//77 49//78 23//79
f 23//80 49//81 35//82
f 36//61 37//61 15//61
f 15//62 37//62 36//62
f 23//79 49//78 36//83
f 36//84 49//81 23//80
f 38//61 16//61 37//61
f 37//62 16//62 38//62
f 50//61 24//61 38//61
f 38//62 24//62 50//62
f 24//85 51//86 25//87
f 25//88 51//89 24//90
f 25//87 52//91 26//63
f 26//66 52//92 25//88
f 26//63 52//91 39//64
f 39//65 52//92 26//66
f 39//64 53//93 17//33
f 17//34 53//94 39//65
f 17//33 54//95 40//67
f 40//68 54//96 17//34
f 55//97 27//47 40//67
f 40//68 27//48 55//98
f 27//47 56//99 30//69
f 30//70 56//100 27//48
f 57//25 13//25 41//25
f 41//26 13//26 57//26
f 41//101 28//49 58//101
f 58//102 28//50 41//102
f 30//49 58//101 28//49
f 28//50 58//102 30//50
f 59//71 42//52 29//71
f 29//72 42//54 59//72
f 42//103 59//103 31//103
f 31//104 59//104 42//104
f 43//55 44//73 21//55
f 21//56 44//74 43//56
f 31//103 59//103 43//103
f 43//104 59//104 31//104
f 44//73 60//105 32//73
f 32//74 60//106 44//74
f 33//105 32//73 60//105
f 60//106 32//74 33//106
f 33//105 60//105 45//107
f 45//108 60//106 33//106
f 22//25 45//25 47//25
f 47//26 45//26 22//26
f 46//57 34//57 61//57
f 61//58 34//58 46//58
f 48//57 9//17 46//57
f 46//58 9//18 48//58
f 62//75 34//37 47//75
f 47//76 34//38 62//76
f 35//77 48//109 63//110
f 63//111 48//112 35//82
f 49//78 35//77 63//110
f 63//111 35//82 49//81
f 36//83 64//113 37//114
f 37//115 64//116 36//84
f 36//83 49//78 64//113
f 64//116 49//81 36//84
f 37//114 64//113 38//117
f 38//118 64//116 37//115
f 50//119 65//120 24//85
f 24//90 65//121 50//122
f 66//61 50//61 38//61
f 38//62 50//62 66//62
f 24//85 67//123 51//86
f 51//89 67//124 24//90
f 25//87 51//86 52//91
f 52//92 51//89 25//88
f 52//91 68//125 39//64
f 39//65 68//126 52//92
f 39//64 69//127 53//93
f 53//94 69//128 39//65
f 17//33 53//93 54//95
f 54//96 53//94 17//34
f 40//67 54//95 70//129
f 70//130 54//96 40//68
f 27//47 55//97 56//99
f 56//100 55//98 27//48
f 40//67 70//129 55//97
f 55//98 70//130 40//68
f 58//131 30//69 56//99
f 56//100 30//70 58//132
f 71//25 13//25 57//25
f 57//26 13//26 71//26
f 57//133 41//101 72//133
f 72//134 41//102 57//134
f 58//101 72//133 41//101
f 41//102 72//134 58//102
f 43//103 59//103 44//103
f 44//104 59//104 43//104
f 44//103 59//103 60//103
f 60//104 59//104 44//104
f 73//107 45//107 60//105
f 60//106 45//108 73//108
f 45//25 74//25 47//25
f 47//26 74//26 45//26
f 34//57 62//57 61//57
f 61//58 62//58 34//58
f 46//135 61//136 75//137
f 75//138 61//139 46//140
f 48//109 46//135 76//141
f 76//142 46//140 48//112
f 47//75 77//143 62//75
f 62//76 77//144 47//76
f 63//110 48//109 76//141
f 76//142 48//112 63//111
f 49//78 63//110 64//113
f 64//116 63//111 49//81
f 78//145 38//117 64//113
f 64//116 38//118 78//146
f 50//119 66//147 65//120
f 65//121 66//148 50//122
f 24//85 65//120 67//123
f 67//124 65//121 24//90
f 79//61 66//61 38//61
f 38//62 66//62 79//62
f 67//123 80//149 51//86
f 51//89 80//150 67//124
f 51//86 81//151 52//91
f 52//92 81//152 51//89
f 52//91 81//151 68//125
f 68//126 81//152 52//92
f 68//125 82//153 39//64
f 39//65 82//154 68//126
f 82//153 69//127 39//64
f 39//65 69//128 82//154
f 53//93 69//127 83//155
f 83//156 69//128 53//94
f 54//95 53//93 84//157
f 84//158 53//94 54//96
f 70//129 54//95 85//159
f 85//160 54//96 70//130
f 86//161 56//99 55//97
f 55//98 56//100 86//162
f 55//97 70//129 87//163
f 87//164 70//130 55//98
f 56//99 88//165 58//131
f 58//132 88//166 56//100
f 89//25 13//25 71//25
f 71//26 13//26 89//26
f 71//167 57//133 90//167
f 90//168 57//134 71//168
f 72//133 90//167 57//133
f 57//134 90//168 72//134
f 72//169 58//131 88//165
f 88//166 58//132 72//170
f 60//103 59//103 73//103
f 73//104 59//104 60//104
f 45//107 73//107 74//72
f 74//71 73//108 45//108
f 47//25 74//25 77//25
f 77//26 74//26 47//26
f 61//57 62//57 91//57
f 91//58 62//58 61//58
f 75//137 61//136 92//171
f 92//172 61//139 75//138
f 46//135 75//137 76//141
f 76//142 75//138 46//140
f 93//143 62//75 77//143
f 77//144 62//76 93//144
f 63//110 76//141 94//173
f 94//174 76//142 63//111
f 94//173 64//113 63//110
f 63//111 64//116 94//174
f 38//117 78//145 79//175
f 79//176 78//146 38//118
f 78//145 64//113 95//177
f 95//178 64//116 78//146
f 96//179 65//120 66//147
f 66//148 65//121 96//180
f 67//123 65//120 97//181
f 97//182 65//121 67//124
f 98//61 66//61 79//61
f 79//62 66//62 98//62
f 80//149 67//123 99//183
f 99//184 67//124 80//150
f 81//151 51//86 80//149
f 80//150 51//89 81//152
f 81//151 100//185 68//125
f 68//126 100//186 81//152
f 101//187 82//153 68//125
f 68//126 82//154 101//188
f 69//127 82//153 102//189
f 102//190 82//154 69//128
f 102//189 83//155 69//127
f 69//128 83//156 102//190
f 83//155 84//157 53//93
f 53//94 84//158 83//156
f 85//159 54//95 84//157
f 84//158 54//96 85//160
f 103//191 70//129 85//159
f 85//160 70//130 103//192
f 88//165 56//99 86//161
f 86//162 56//100 88//166
f 86//161 55//97 87//163
f 87//164 55//98 86//162
f 87//163 70//129 103//191
f 103//192 70//130 87//164
f 104//25 13//25 89//25
f 89//26 13//26 104//26
f 89//193 71//167 105//193
f 105//194 71//168 89//194
f 90//167 105//193 71//167
f 71//168 105//194 90//168
f 90//195 72//169 106//196
f 106//197 72//170 90//198
f 88//165 106//196 72//169
f 72//170 106//197 88//166
f 107//103 73//103 59//103
f 59//104 73//104 107//104
f 107//72 74//72 73//107
f 73//108 74//71 107//71
f 77//25 74//25 108//25
f 108//26 74//26 77//26
f 62//57 93//57 91//57
f 91//58 93//58 62//58
f 61//136 91//199 92//171
f 92//172 91//200 61//139
f 75//137 92//171 109//201
f 109//202 92//172 75//138
f 76//141 75//137 109//201
f 109//202 75//138 76//142
f 77//143 108//203 93//143
f 93//144 108//204 77//144
f 76//141 109//201 94//173
f 94//174 109//202 76//142
f 94//173 95//177 64//113
f 64//116 95//178 94//174
f 110//205 79//175 78//145
f 78//146 79//176 110//206
f 95//177 111//207 78//145
f 78//146 111//208 95//178
f 96//179 97//181 65//120
f 65//121 97//182 96//180
f 96//179 66//147 112//209
f 112//210 66//148 96//180
f 97//181 99//183 67//123
f 67//124 99//184 97//182
f 113//61 66//61 98//61
f 98//62 66//62 113//62
f 79//175 110//205 98//211
f 98//212 110//206 79//176
f 99//183 114//213 80//149
f 80//150 114//214 99//184
f 80//149 115//215 81//151
f 81//152 115//216 80//150
f 100//185 81//151 115//215
f 115//216 81//152 100//186
f 100//185 116//217 68//125
f 68//126 116//218 100//186
f 101//187 117//219 82//153
f 82//154 117//220 101//188
f 116//217 101//187 68//125
f 68//126 101//188 116//218
f 117//219 102//189 82//153
f 82//154 102//190 117//220
f 83//155 102//189 118//221
f 118//222 102//190 83//156
f 84//157 83//155 119//223
f 119//224 83//156 84//158
f 85//159 84//157 120//225
f 120//226 84//158 85//160
f 103//191 85//159 121//227
f 121//228 85//160 103//192
f 88//165 86//161 122//229
f 122//230 86//162 88//166
f 86//161 87//163 123//231
f 123//232 87//164 86//162
f 124//233 87//163 103//191
f 103//192 87//164 124//234
f 104//235 125//235 13//236
f 13//237 125//238 104//238
f 89//193 105//193 104//235
f 104//238 105//194 89//194
f 105//239 90//195 126//240
f 126//241 90//198 105//242
f 106//196 126//240 90//195
f 90//198 126//241 106//197
f 106//196 88//165 122//229
f 122//230 88//166 106//197
f 108//25 74//25 127//25
f 127//26 74//26 108//26
f 91//57 93//57 128//57
f 128//58 93//58 91//58
f 129//243 92//171 91//199
f 91//200 92//172 129//244
f 130//245 109//201 92//171
f 92//172 109//202 130//246
f 131//203 93//143 108//203
f 108//204 93//144 131//204
f 95//177 94//173 109//201
f 109//202 94//174 95//178
f 110//205 78//145 111//207
f 111//208 78//146 110//206
f 111//207 95//177 130//245
f 130//246 95//178 111//208
f 97//181 96//179 132//247
f 132//248 96//180 97//182
f 133//249 112//209 66//147
f 66//148 112//210 133//250
f 112//209 132//247 96//179
f 96//180 132//248 112//210
f 99//183 97//181 134//251
f 134//252 97//182 99//184
f 133//61 66//61 113//61
f 113//62 66//62 133//62
f 98//211 135//253 113//254
f 113//255 135//256 98//212
f 135//253 98//211 110//205
f 110//206 98//212 135//256
f 114//213 99//183 136//257
f 136//258 99//184 114//214
f 115//215 80//149 114//213
f 114//214 80//150 115//216
f 100//185 115//215 137//259
f 137//260 115//216 100//186
f 116//217 100//185 137//259
f 137//260 100//186 116//218
f 117//219 101//187 138//261
f 138//262 101//188 117//220
f 101//187 116//217 139//263
f 139//264 116//218 101//188
f 117//219 140//265 102//189
f 102//190 140//266 117//220
f 141//267 118//221 102//189
f 102//190 118//222 141//268
f 118//221 119//223 83//155
f 83//156 119//224 118//222
f 119//223 120//225 84//157
f 84//158 120//226 119//224
f 120//225 121//227 85//159
f 85//160 121//228 120//226
f 121//227 142//269 103//191
f 103//192 142//270 121//228
f 122//229 86//161 123//231
f 123//232 86//162 122//230
f 87//163 124//233 123//231
f 123//232 124//234 87//164
f 124//233 103//191 142//269
f 142//270 103//192 124//234
f 125//235 104//235 105//193
f 105//194 104//238 125//238
f 143//236 13//236 125//235
f 125//238 13//237 143//237
f 105//239 126//240 125//271
f 125//272 126//241 105//242
f 106//196 144//273 126//240
f 126//241 144//274 106//197
f 106//196 122//229 144//273
f 144//274 122//230 106//197
f 145//25 127//25 74//25
f 74//26 127//26 145//26
f 108//203 127//275 131//203
f 131//204 127//276 108//204
f 93//57 131//57 128//57
f 128//58 131//58 93//58
f 91//199 128//277 129//243
f 129//244 128//278 91//200
f 129//243 146//279 92//171
f 92//172 146//280 129//244
f 109//201 130//245 95//177
f 95//178 130//246 109//202
f 92//171 146//279 130//245
f 130//246 146//280 92//172
f 111//207 147//207 110//205
f 110//206 147//208 111//208
f 130//245 148//245 111//207
f 111//208 148//246 130//246
f 132//247 134//251 97//181
f 97//182 134//252 132//248
f 112//209 133//249 149//281
f 149//282 133//250 112//210
f 112//209 149//281 132//247
f 132//248 149//282 112//210
f 134//251 136//257 99//183
f 99//184 136//258 134//252
f 113//61 150//61 133//61
f 133//62 150//62 113//62
f 151//283 113//254 135//253
f 135//256 113//255 151//284
f 135//253 110//205 147//207
f 147//208 110//206 135//256
f 136//257 152//285 114//213
f 114//214 152//286 136//258
f 115//215 114//213 153//287
f 153//288 114//214 115//216
f 153//287 137//259 115//215
f 115//216 137//260 153//288
f 154//289 116//217 137//259
f 137//260 116//218 154//290
f 138//261 101//187 139//263
f 139//264 101//188 138//262
f 138//261 155//291 117//219
f 117//220 155//292 138//262
f 139//263 116//217 154//289
f 154//290 116//218 139//264
f 140//265 117//219 155//291
f 155//292 117//220 140//266
f 141//267 102//189 140//265
f 140//266 102//190 141//268
f 118//221 141//267 156//293
f 156//294 141//268 118//222
f 119//223 118//221 157//295
f 157//296 118//222 119//224
f 120//225 119//223 158//297
f 158//298 119//224 120//226
f 121//227 120//225 159//299
f 159//300 120//226 121//228
f 142//269 121//227 160//301
f 160//302 121//228 142//270
f 122//229 123//231 144//273
f 144//274 123//232 122//230
f 123//231 124//233 161//303
f 161//304 124//234 123//232
f 142//269 162//305 124//233
f 124//234 162//306 142//270
f 163//236 13//236 143//236
f 143//237 13//237 163//237
f 125//271 164//307 143//308
f 143//309 164//310 125//272
f 164//307 125//271 126//240
f 126//241 125//272 164//310
f 144//273 165//311 126//240
f 126//241 165//312 144//274
f 127//275 145//313 166//275
f 166//276 145//314 127//276
f 166//275 131//203 127//275
f 127//276 131//204 166//276
f 128//57 131//57 167//57
f 167//58 131//58 128//58
f 168//315 129//243 128//277
f 128//278 129//244 168//316
f 146//279 129//243 169//317
f 169//318 129//244 146//280
f 148//245 130//245 146//279
f 146//280 130//246 148//246
f 147//207 111//207 148//245
f 148//246 111//208 147//208
f 132//247 170//319 134//251
f 134//252 170//320 132//248
f 171//321 149//281 133//249
f 133//250 149//282 171//322
f 170//319 132//247 149//281
f 149//282 132//248 170//320
f 134//251 172//323 136//257
f 136//258 172//324 134//252
f 150//325 113//254 173//326
f 173//327 113//255 150//328
f 171//61 133//61 150//61
f 150//62 133//62 171//62
f 151//283 173//326 113//254
f 113//255 173//327 151//284
f 151//283 135//253 174//329
f 174//330 135//256 151//284
f 147//207 175//331 135//253
f 135//256 175//332 147//208
f 152//285 136//257 176//333
f 176//334 136//258 152//286
f 177//335 114//213 152//285
f 152//286 114//214 177//336
f 177//335 153//287 114//213
f 114//214 153//288 177//336
f 137//61 153//61 176//61
f 176//62 153//62 137//62
f 154//61 137//61 178//61
f 178//62 137//62 154//62
f 138//261 139//263 179//337
f 179//338 139//264 138//262
f 155//291 138//261 180//339
f 180//340 138//262 155//292
f 181//341 139//263 154//289
f 154//290 139//264 181//342
f 155//291 182//343 140//265
f 140//266 182//344 155//292
f 140//265 183//345 141//267
f 141//268 183//346 140//266
f 184//347 156//293 141//267
f 141//268 156//294 184//348
f 156//293 157//295 118//221
f 118//222 157//296 156//294
f 157//295 158//297 119//223
f 119//224 158//298 157//296
f 158//297 159//299 120//225
f 120//226 159//300 158//298
f 159//299 160//301 121//227
f 121//228 160//302 159//300
f 160//301 185//349 142//269
f 142//270 185//350 160//302
f 144//273 123//231 186//351
f 186//352 123//232 144//274
f 161//303 124//233 162//305
f 162//306 124//234 161//304
f 123//231 161//303 186//351
f 186//352 161//304 123//232
f 162//305 142//269 185//349
f 185//350 142//270 162//306
f 187//353 143//308 164//307
f 164//310 143//309 187//354
f 126//240 165//311 164//307
f 164//310 165//312 126//241
f 144//273 186//351 165//355
f 165//356 186//352 144//274
f 188//313 166//275 145//313
f 145//314 166//276 188//314
f 131//57 166//57 167//57
f 167//58 166//58 131//58
f 167//71 189//357 128//277
f 128//278 189//358 167//72
f 168//315 169//317 129//243
f 129//244 169//318 168//316
f 168//315 128//277 189//357
f 189//358 128//278 168//316
f 146//279 169//317 148//245
f 148//246 169//318 146//280
f 148//245 190//201 147//207
f 147//208 190//202 148//246
f 172//323 134//251 170//319
f 170//320 134//252 172//324
f 149//281 171//321 191//359
f 191//360 171//322 149//282
f 149//281 191//359 170//319
f 170//320 191//360 149//282
f 192//361 136//257 172//323
f 172//324 136//258 192//362
f 150//325 173//326 193//363
f 193//364 173//327 150//328
f 194//61 171//61 150//61
f 150//62 171//62 194//62
f 173//326 151//283 195//365
f 195//366 151//284 173//327
f 175//331 174//329 135//253
f 135//256 174//330 175//332
f 174//329 196//367 151//283
f 151//284 196//368 174//330
f 175//331 147//207 190//201
f 190//202 147//208 175//332
f 192//361 176//333 136//257
f 136//258 176//334 192//362
f 152//61 176//61 177//61
f 177//62 176//62 152//62
f 153//61 177//61 176//61
f 176//62 177//62 153//62
f 178//61 137//61 176//61
f 176//62 137//62 178//62
f 197//61 154//61 178//61
f 178//62 154//62 197//62
f 181//341 179//337 139//263
f 139//264 179//338 181//342
f 179//337 180//339 138//261
f 138//262 180//340 179//338
f 180//339 198//369 155//291
f 155//292 198//370 180//340
f 181//61 154//61 197//61
f 197//62 154//62 181//62
f 182//343 155//291 198//369
f 198//370 155//292 182//344
f 183//345 140//265 182//343
f 182//344 140//266 183//346
f 184//347 141//267 183//345
f 183//346 141//268 184//348
f 156//293 184//347 199//371
f 199//372 184//348 156//294
f 157//295 156//293 200//373
f 200//374 156//294 157//296
f 158//297 157//295 201//375
f 201//376 157//296 158//298
f 159//299 158//297 202//377
f 202//378 158//298 159//300
f 160//301 159//299 203//379
f 203//380 159//300 160//302
f 185//349 160//301 204//381
f 204//382 160//302 185//350
f 162//305 205//383 161//303
f 161//304 205//384 162//306
f 186//351 161//303 206//385
f 206//386 161//304 186//352
f 185//349 207//387 162//305
f 162//306 207//388 185//350
f 187//353 164//307 208//389
f 208//390 164//310 187//354
f 165//311 209//391 164//307
f 164//310 209//392 165//312
f 165//355 186//351 206//385
f 206//386 186//352 165//356
f 188//57 167//57 166//57
f 166//58 167//58 188//58
f 168//315 210//393 169//317
f 169//318 210//394 168//316
f 189//357 211//395 168//315
f 168//316 211//396 189//358
f 190//201 148//245 169//317
f 169//318 148//246 190//202
f 170//319 212//397 172//323
f 172//324 212//398 170//320
f 194//399 191//359 171//321
f 171//322 191//360 194//400
f 212//397 170//319 191//359
f 191//360 170//320 212//398
f 172//323 213//401 192//361
f 192//362 213//402 172//324
f 214//403 193//363 173//326
f 173//327 193//364 214//404
f 193//61 194//61 150//61
f 150//62 194//62 193//62
f 196//367 195//365 151//283
f 151//284 195//366 196//368
f 195//365 215//405 173//326
f 173//327 215//406 195//366
f 174//329 175//331 216//407
f 216//408 175//332 174//330
f 196//367 174//329 217//409
f 217//410 174//330 196//368
f 190//201 216//407 175//331
f 175//332 216//408 190//202
f 176//333 192//361 178//411
f 178//412 192//362 176//334
f 178//411 218//413 197//414
f 197//415 218//416 178//412
f 179//61 181//61 197//61
f 197//62 181//62 179//62
f 180//417 179//61 197//61
f 197//62 179//62 180//418
f 180//417 219//417 198//419
f 198//420 219//418 180//418
f 198//369 220//421 182//343
f 182//344 220//422 198//370
f 182//343 221//423 183//345
f 183//346 221//424 182//344
f 183//345 222//425 184//347
f 184//348 222//426 183//346
f 223//427 199//371 184//347
f 184//348 199//372 223//428
f 199//371 200//373 156//293
f 156//294 200//374 199//372
f 201//375 157//295 200//373
f 200//374 157//296 201//376
f 201//375 202//377 158//297
f 158//298 202//378 201//376
f 202//377 203//379 159//299
f 159//300 203//380 202//378
f 203//379 204//381 160//301
f 160//302 204//382 203//380
f 204//381 224//429 185//349
f 185//350 224//430 204//382
f 205//383 162//305 207//387
f 207//388 162//306 205//384
f 206//385 161//303 205//383
f 205//384 161//304 206//386
f 207//387 185//349 224//429
f 224//430 185//350 207//388
f 209//391 208//389 164//307
f 164//310 208//390 209//392
f 209//431 165//355 225//432
f 225//433 165//356 209//434
f 165//355 206//385 225//432
f 225//433 206//386 165//356
f 210//393 168//315 211//395
f 211//396 168//316 210//394
f 226//435 169//317 210//393
f 210//394 169//318 226//436
f 169//317 226//435 190//201
f 190//202 226//436 169//318
f 213//401 172//323 212//397
f 212//398 172//324 213//402
f 194//399 227//437 191//359
f 191//360 227//438 194//400
f 191//359 228//439 212//397
f 212//398 228//440 191//360
f 218//413 192//361 213//401
f 213//402 192//362 218//416
f 193//363 214//403 229//441
f 229//442 214//404 193//364
f 214//403 173//326 215//405
f 215//406 173//327 214//404
f 227//61 194//61 193//61
f 193//62 194//62 227//62
f 195//365 196//367 230//443
f 230//444 196//368 195//366
f 215//405 195//365 231//445
f 231//446 195//366 215//406
f 216//407 217//409 174//329
f 174//330 217//410 216//408
f 217//409 230//443 196//367
f 196//368 230//444 217//410
f 216//407 190//201 226//435
f 226//436 190//202 216//408
f 218//413 178//411 192//361
f 192//362 178//412 218//416
f 232//447 197//414 218//413
f 218//416 197//415 232//448
f 219//417 180//417 197//61
f 197//62 180//418 219//418
f 233//419 198//419 219//417
f 219//418 198//420 233//420
f 220//419 198//419 234//419
f 234//420 198//420 220//420
f 221//423 182//343 220//421
f 220//422 182//344 221//424
f 222//425 183//345 221//423
f 221//424 183//346 222//426
f 223//427 184//347 222//425
f 222//426 184//348 223//428
f 199//371 223//427 235//449
f 235//450 223//428 199//372
f 200//373 199//371 236//451
f 236//452 199//372 200//374
f 237//453 201//375 200//373
f 200//374 201//376 237//454
f 202//455 201//375 238//455
f 238//456 201//376 202//456
f 203//457 202//455 239//457
f 239//458 202//456 203//458
f 204//459 203//457 240//459
f 240//460 203//458 204//460
f 224//461 204//459 241//461
f 241//462 204//460 224//462
f 207//387 242//463 205//383
f 205//384 242//464 207//388
f 205//383 243//465 206//385
f 206//386 243//466 205//384
f 224//429 244//467 207//387
f 207//388 244//468 224//430
f 208//469 209//431 245//470
f 245//471 209//434 208//472
f 225//432 246//473 209//431
f 209//434 246//474 225//433
f 225//432 206//385 243//465
f 243//466 206//386 225//433
f 211//395 247//475 210//393
f 210//394 247//476 211//396
f 210//393 248//477 226//435
f 226//436 248//478 210//394
f 212//397 249//479 213//401
f 213//402 249//480 212//398
f 228//439 191//359 227//437
f 227//438 191//360 228//440
f 249//479 212//397 228//439
f 228//440 212//398 249//480
f 213//401 250//481 218//413
f 218//416 250//482 213//402
f 251//483 229//441 214//403
f 214//404 229//442 251//484
f 229//61 227//61 193//61
f 193//62 227//62 229//62
f 215//405 252//485 214//403
f 214//404 252//486 215//406
f 230//443 231//445 195//365
f 195//366 231//446 230//444
f 231//445 253//487 215//405
f 215//406 253//488 231//446
f 217//409 216//407 254//489
f 254//490 216//408 217//410
f 230//443 217//409 255//491
f 255//492 217//410 230//444
f 226//435 254//489 216//407
f 216//408 254//490 226//436
f 197//414 232//447 219//493
f 219//494 232//448 197//415
f 232//447 218//413 250//481
f 250//482 218//416 232//448
f 234//419 198//419 233//419
f 233//420 198//420 234//420
f 219//493 232//447 233//495
f 233//496 232//448 219//494
f 220//419 234//419 256//419
f 256//420 234//420 220//420
f 220//421 257//497 221//423
f 221//424 257//498 220//422
f 258//499 222//425 221//423
f 221//424 222//426 258//500
f 259//501 223//427 222//425
f 222//426 223//428 259//502
f 235//449 223//427 259//501
f 259//502 223//428 235//450
f 236//451 199//371 235//449
f 235//450 199//372 236//452
f 200//373 236//451 260//503
f 260//504 236//452 200//374
f 237//453 238//455 201//375
f 201//376 238//456 237//454
f 237//505 200//373 260//503
f 260//504 200//374 237//506
f 238//455 239//457 202//455
f 202//456 239//458 238//456
f 239//457 240//459 203//457
f 203//458 240//460 239//458
f 240//459 241//461 204//459
f 204//460 241//462 240//460
f 241//461 261//507 224//461
f 224//462 261//508 241//462
f 242//463 207//387 244//467
f 244//468 207//388 242//464
f 243//465 205//383 242//463
f 242//464 205//384 243//466
f 244//507 224//461 261//507
f 261//508 224//462 244//508
f 246//473 245//470 209//431
f 209//434 245//471 246//474
f 246//473 225//432 262//509
f 262//510 225//433 246//474
f 243//465 262//509 225//432
f 225//433 262//510 243//466
f 248//477 210//393 247//475
f 247//476 210//394 248//478
f 254//489 226//435 248//477
f 248//478 226//436 254//490
f 250//481 213//401 249//479
f 249//480 213//402 250//482
f 228//439 227//437 263//511
f 263//512 227//438 228//440
f 228//439 263//511 249//479
f 249//480 263//512 228//440
f 229//441 251//483 264//513
f 264//514 251//484 229//442
f 251//483 214//403 252//485
f 252//486 214//404 251//484
f 264//61 227//61 229//61
f 229//62 227//62 264//62
f 252//485 215//405 253//487
f 253//488 215//406 252//486
f 231//445 230//443 265//515
f 265//516 230//444 231//446
f 253//487 231//445 266//517
f 266//518 231//446 253//488
f 254//489 255//491 217//409
f 217//410 255//492 254//490
f 255//491 265//515 230//443
f 230//444 265//516 255//492
f 250//481 267//519 232//447
f 232//448 267//520 250//482
f 233//495 268//521 234//522
f 234//523 268//524 233//496
f 268//521 233//495 232//447
f 232//448 233//496 268//524
f 269//419 256//419 234//419
f 234//420 256//420 269//420
f 257//419 220//419 256//419
f 256//420 220//420 257//420
f 258//499 221//423 257//497
f 257//498 221//424 258//500
f 270//525 222//425 258//499
f 258//500 222//426 270//526
f 259//501 222//425 270//525
f 270//526 222//426 259//502
f 235//58 259//58 271//58
f 271//57 259//57 235//57
f 236//451 235//449 272//527
f 272//528 235//450 236//452
f 236//451 272//527 260//503
f 260//504 272//528 236//452
f 238//529 237//505 273//530
f 273//531 237//506 238//532
f 273//530 237//505 260//503
f 260//504 237//506 273//531
f 239//533 238//529 274//534
f 274//535 238//532 239//536
f 240//537 239//533 275//538
f 275//539 239//536 240//540
f 241//541 240//537 276//542
f 276//543 240//540 241//544
f 241//541 277//545 261//546
f 261//547 277//548 241//544
f 244//467 278//549 242//463
f 242//464 278//550 244//468
f 242//463 279//551 243//465
f 243//466 279//552 242//464
f 261//507 280//553 244//507
f 244//508 280//554 261//508
f 245//470 246//473 281//555
f 281//556 246//474 245//471
f 262//509 281//555 246//473
f 246//474 281//556 262//510
f 262//509 243//465 279//551
f 279//552 243//466 262//510
f 247//475 282//557 248//477
f 248//478 282//558 247//476
f 248//477 283//559 254//489
f 254//490 283//560 248//478
f 249//479 284//561 250//481
f 250//482 284//562 249//480
f 285//563 263//511 227//437
f 227//438 263//512 285//564
f 284//561 249//479 263//511
f 263//512 249//480 284//562
f 286//565 264//513 251//483
f 251//484 264//514 286//566
f 252//485 287//567 251//483
f 251//484 287//568 252//486
f 288//61 227//61 264//61
f 264//62 227//62 288//62
f 253//487 289//569 252//485
f 252//486 289//570 253//488
f 265//515 266//517 231//445
f 231//446 266//518 265//516
f 266//517 290//571 253//487
f 253//488 290//572 266//518
f 255//491 254//489 283//559
f 283//560 254//490 255//492
f 265//515 255//491 291//573
f 291//574 255//492 265//516
f 267//519 250//481 284//561
f 284//562 250//482 267//520
f 268//521 232//447 267//519
f 267//520 232//448 268//524
f 292//575 234//522 268//521
f 268//524 234//523 292//576
f 256//419 269//419 293//577
f 293//578 269//420 256//420
f 269//579 234//522 294//580
f 294//581 234//523 269//582
f 257//58 256//58 295//58
f 295//57 256//57 257//57
f 258//58 257//58 296//58
f 296//57 257//57 258//57
f 270//58 258//58 271//58
f 271//57 258//57 270//57
f 259//58 270//58 271//58
f 271//57 270//57 259//57
f 235//449 271//583 297//584
f 297//585 271//586 235//450
f 272//527 235//449 297//584
f 297//585 235//450 272//528
f 260//587 272//587 298//587
f 298//588 272//588 260//588
f 238//529 273//530 274//534
f 274//535 273//531 238//532
f 273//587 260//587 299//587
f 299//588 260//588 273//588
f 275//538 239//533 274//534
f 274//535 239//536 275//539
f 276//542 240//537 275//538
f 275//539 240//540 276//543
f 241//541 276//542 277//545
f 277//548 276//543 241//544
f 261//546 277//545 300//589
f 300//590 277//548 261//547
f 278//553 244//507 280//553
f 280//554 244//508 278//554
f 279//551 242//463 278//549
f 278//550 242//464 279//552
f 261//546 300//589 280//591
f 280//592 300//590 261//547
f 281//555 262//509 301//593
f 301//594 262//510 281//556
f 279//551 301//593 262//509
f 262//510 301//594 279//552
f 283//559 248//477 282//557
f 282//558 248//478 283//560
f 263//511 285//563 302//595
f 302//596 285//564 263//512
f 285//61 227//61 303//61
f 303//62 227//62 285//62
f 263//511 302//595 284//561
f 284//562 302//596 263//512
f 264//513 286//565 288//597
f 288//598 286//566 264//514
f 286//565 251//483 287//567
f 287//568 251//484 286//566
f 287//567 252//485 289//569
f 289//570 252//486 287//568
f 304//61 227//61 288//61
f 288//62 227//62 304//62
f 289//569 253//487 290//571
f 290//572 253//488 289//570
f 266//517 265//515 305//599
f 305//600 265//516 266//518
f 266//517 305//599 290//571
f 290//572 305//600 266//518
f 283//559 291//573 255//491
f 255//492 291//574 283//560
f 291//573 305//599 265//515
f 265//516 305//600 291//574
f 284//561 306//601 267//519
f 267//520 306//602 284//562
f 267//519 307//603 268//521
f 268//524 307//604 267//520
f 292//575 294//580 234//522
f 234//523 294//581 292//576
f 292//575 268//521 307//603
f 307//604 268//524 292//576
f 308//577 293//577 269//419
f 269//420 293//578 308//578
f 256//58 293//58 309//58
f 309//57 293//57 256//57
f 269//579 294//580 308//605
f 308//606 294//581 269//582
f 295//58 256//58 309//58
f 309//57 256//57 295//57
f 296//58 257//58 295//58
f 295//57 257//57 296//57
f 296//58 271//58 258//58
f 258//57 271//57 296//57
f 271//583 296//607 297//584
f 297//585 296//608 271//586
f 272//587 297//587 310//587
f 310//588 297//588 272//588
f 298//587 272//587 311//587
f 311//588 272//588 298//588
f 299//587 260//587 298//587
f 298//588 260//588 299//588
f 274//587 273//587 312//587
f 312//588 273//588 274//588
f 312//587 273//587 299//587
f 299//588 273//588 312//588
f 275//587 274//587 313//587
f 313//588 274//588 275//588
f 276//587 275//587 314//587
f 314//588 275//588 276//588
f 277//587 276//587 315//587
f 315//588 276//588 277//588
f 300//587 277//587 316//587
f 316//588 277//588 300//588
f 280//553 317//609 278//553
f 278//554 317//610 280//554
f 278//549 318//611 279//551
f 279//552 318//612 278//550
f 280//591 300//589 319//613
f 319//614 300//590 280//592
f 301//593 279//551 318//611
f 318//612 279//552 301//594
f 282//557 320//615 283//559
f 283//560 320//616 282//558
f 321//617 302//595 285//563
f 285//564 302//596 321//618
f 303//61 227//61 322//61
f 322//62 227//62 303//62
f 323//61 285//61 303//61
f 303//62 285//62 323//62
f 306//601 284//561 302//595
f 302//596 284//562 306//602
f 324//619 288//597 286//565
f 286//566 288//598 324//620
f 287//567 325//621 286//565
f 286//566 325//622 287//568
f 289//569 326//623 287//567
f 287//568 326//624 289//570
f 322//61 227//61 304//61
f 304//62 227//62 322//62
f 304//625 288//597 327//626
f 327//627 288//598 304//628
f 290//571 328//629 289//569
f 289//570 328//630 290//572
f 329//631 290//571 305//599
f 305//600 290//572 329//632
f 291//573 283//559 320//615
f 320//616 283//560 291//574
f 305//599 291//573 330//633
f 330//634 291//574 305//600
f 307//603 267//519 306//601
f 306//602 267//520 307//604
f 292//575 307//603 294//580
f 294//581 307//604 292//576
f 308//577 331//635 293//577
f 293//578 331//636 308//578
f 293//58 332//58 309//58
f 309//57 332//57 293//57
f 294//580 333//637 308//605
f 308//606 333//638 294//581
f 295//639 309//640 334//639
f 334//641 309//642 295//641
f 296//607 295//639 335//607
f 335//608 295//641 296//608
f 335//607 297//584 296//607
f 296//608 297//585 335//608
f 336//587 310//587 297//587
f 297//588 310//588 336//588
f 311//587 272//587 310//587
f 310//588 272//588 311//588
f 311//643 337//644 298//645
f 298//646 337//647 311//648
f 299//649 298//645 338//650
f 338//651 298//646 299//652
f 339//587 274//587 312//587
f 312//588 274//588 339//588
f 299//649 338//650 312//653
f 312//654 338//651 299//652
f 313//587 274//587 339//587
f 339//588 274//588 313//588
f 314//587 275//587 313//587
f 313//588 275//588 314//588
f 315//587 276//587 314//587
f 314//588 276//588 315//588
f 316//587 277//587 315//587
f 315//588 277//588 316//588
f 340//587 300//587 316//587
f 316//588 300//588 340//588
f 280//591 319//613 317//655
f 317//656 319//614 280//592
f 318//609 278//553 317//609
f 317//610 278//554 318//610
f 319//587 300//587 341//587
f 341//588 300//588 319//588
f 321//617 323//657 302//595
f 302//596 323//658 321//618
f 321//61 285//61 323//61
f 323//62 285//62 321//62
f 303//659 322//660 342//661
f 342//662 322//663 303//664
f 323//657 303//659 343//665
f 343//666 303//664 323//658
f 306//601 302//595 344//667
f 344//668 302//596 306//602
f 324//619 327//626 288//597
f 288//598 327//627 324//620
f 324//619 286//565 325//621
f 325//622 286//566 324//620
f 325//621 287//567 326//623
f 326//624 287//568 325//622
f 326//623 289//569 328//629
f 328//630 289//570 326//624
f 322//660 304//625 345//669
f 345//670 304//628 322//663
f 327//626 345//669 304//625
f 304//628 345//670 327//627
f 328//629 290//571 346//671
f 346//672 290//572 328//630
f 329//631 346//671 290//571
f 290//572 346//672 329//632
f 305//599 330//633 329//631
f 329//632 330//634 305//600
f 320//615 330//633 291//573
f 291//574 330//634 320//616
f 307//603 306//601 347//673
f 347//674 306//602 307//604
f 347//673 294//580 307//603
f 307//604 294//581 347//674
f 308//605 333//637 331//605
f 331//606 333//638 308//606
f 332//635 293//577 331//635
f 331//636 293//578 332//636
f 309//58 332//58 348//58
f 348//57 332//57 309//57
f 294//580 347//673 333//637
f 333//638 347//674 294//581
f 349//640 334//639 309//640
f 309//642 334//641 349//642
f 334//639 335//607 295//639
f 295//641 335//608 334//641
f 297//587 335//587 350//587
f 350//588 335//588 297//588
f 310//675 336//676 351//677
f 351//678 336//679 310//680
f 336//587 297//587 350//587
f 350//588 297//588 336//588
f 310//675 351//677 311//643
f 311//648 351//678 310//680
f 337//644 311//643 351//677
f 351//678 311//648 337//647
f 352//681 298//645 337//644
f 337//647 298//646 352//682
f 352//681 338//650 298//645
f 298//646 338//651 352//682
f 339//683 312//653 353//684
f 353//685 312//654 339//686
f 354//687 312//653 338//650
f 338//651 312//654 354//688
f 313//689 339//683 355//690
f 355//691 339//686 313//692
f 314//693 313//689 356//694
f 356//695 313//692 314//696
f 315//697 314//693 357//698
f 357//699 314//696 315//700
f 316//701 315//697 358//702
f 358//703 315//700 316//704
f 359//587 300//587 340//587
f 340//588 300//588 359//588
f 316//701 358//702 340//705
f 340//706 358//703 316//704
f 341//655 317//655 319//613
f 319//614 317//656 341//656
f 341//587 300//587 359//587
f 359//588 300//588 341//588
f 343//665 302//595 323//657
f 323//658 302//596 343//666
f 345//669 342//661 322//660
f 322//663 342//662 345//670
f 342//661 343//665 303//659
f 303//664 343//666 342//662
f 343//665 344//667 302//595
f 302//596 344//668 343//666
f 344//667 347//673 306//601
f 306//602 347//674 344//668
f 327//626 324//619 360//707
f 360//708 324//620 327//627
f 325//621 360//707 324//619
f 324//620 360//708 325//622
f 326//623 361//709 325//621
f 325//622 361//710 326//624
f 328//629 362//711 326//623
f 326//624 362//712 328//630
f 345//669 327//626 363//713
f 363//714 327//627 345//670
f 328//629 346//671 362//711
f 362//712 346//672 328//630
f 346//671 329//631 364//715
f 364//716 329//632 346//672
f 365//717 329//631 330//633
f 330//634 329//632 365//718
f 333//637 366//719 331//605
f 331//606 366//720 333//638
f 332//635 331//635 367//721
f 367//722 331//636 332//636
f 332//58 368//58 348//58
f 348//57 368//57 332//57
f 309//640 348//723 349//640
f 349//642 348//724 309//642
f 369//725 333//637 347//673
f 347//674 333//638 369//726
f 334//587 349//587 370//587
f 370//588 349//588 334//588
f 335//587 334//587 371//727
f 371//728 334//588 335//588
f 335//587 371//727 350//587
f 350//588 371//728 335//588
f 372//729 351//677 336//676
f 336//679 351//678 372//730
f 336//676 350//731 372//729
f 372//730 350//732 336//679
f 351//677 373//733 337//644
f 337//647 373//734 351//678
f 352//681 337//644 374//735
f 374//736 337//647 352//682
f 338//650 352//681 375//737
f 375//738 352//682 338//651
f 354//687 353//684 312//653
f 312//654 353//685 354//688
f 353//684 355//690 339//683
f 339//686 355//691 353//685
f 338//650 375//737 354//687
f 354//688 375//738 338//651
f 355//690 356//694 313//689
f 313//692 356//695 355//691
f 356//694 357//698 314//693
f 314//696 357//699 356//695
f 357//698 358//702 315//697
f 315//700 358//703 357//699
f 340//705 376//739 359//740
f 359//741 376//742 340//706
f 376//739 340//705 358//702
f 358//703 340//706 376//742
f 345//669 363//713 342//661
f 342//662 363//714 345//670
f 342//661 377//743 343//665
f 343//666 377//744 342//662
f 344//667 343//665 377//743
f 377//744 343//666 344//668
f 347//673 344//667 369//725
f 369//726 344//668 347//674
f 360//707 363//713 327//626
f 327//627 363//714 360//708
f 360//707 325//621 361//709
f 361//710 325//622 360//708
f 361//709 326//623 362//711
f 362//712 326//624 361//710
f 378//745 362//711 346//671
f 346//672 362//712 378//746
f 365//717 364//715 329//631
f 329//632 364//716 365//718
f 346//671 364//715 378//745
f 378//746 364//716 346//672
f 366//719 333//637 379//747
f 379//748 333//638 366//720
f 380//749 331//605 366//719
f 366//720 331//606 380//750
f 380//721 367//721 331//635
f 331//636 367//722 380//722
f 367//58 368//58 332//58
f 332//57 368//57 367//57
f 348//58 368//58 381//58
f 381//57 368//57 348//57
f 382//723 349//640 348//723
f 348//724 349//642 382//724
f 333//637 369//725 383//751
f 383//752 369//726 333//638
f 370//587 349//587 384//587
f 384//588 349//588 370//588
f 385//587 334//587 370//587
f 370//588 334//588 385//588
f 371//727 334//587 385//587
f 385//588 334//588 371//728
f 386//727 350//587 371//727
f 371//728 350//588 386//728
f 372//729 387//753 351//677
f 351//678 387//754 372//730
f 388//755 372//729 350//731
f 350//732 372//730 388//756
f 373//733 351//677 387//753
f 387//754 351//678 373//734
f 389//757 337//644 373//733
f 373//734 337//647 389//758
f 389//757 374//735 337//644
f 337//647 374//736 389//758
f 374//735 375//737 352//681
f 352//682 375//738 374//736
f 353//684 354//687 390//759
f 390//760 354//688 353//685
f 355//690 353//684 391//761
f 391//762 353//685 355//691
f 392//763 354//687 375//737
f 375//738 354//688 392//764
f 356//694 355//690 393//765
f 393//766 355//691 356//695
f 357//698 356//694 394//767
f 394//768 356//695 357//699
f 357//698 394//767 358//702
f 358//703 394//768 357//699
f 395//769 359//740 376//739
f 376//742 359//741 395//770
f 358//702 396//771 376//739
f 376//742 396//772 358//703
f 377//743 342//661 363//713
f 363//714 342//662 377//744
f 377//743 369//725 344//667
f 344//668 369//726 377//744
f 363//713 360//707 397//773
f 397//774 360//708 363//714
f 361//709 397//773 360//707
f 360//708 397//774 361//710
f 362//711 383//751 361//709
f 361//710 383//752 362//712
f 362//711 378//745 383//751
f 383//752 378//746 362//712
f 398//775 378//745 364//715
f 364//716 378//746 398//776
f 383//751 379//747 333//637
f 333//638 379//748 383//752
f 379//747 399//777 366//719
f 366//720 399//778 379//748
f 380//749 366//719 400//779
f 400//780 366//720 380//750
f 367//721 380//721 368//721
f 368//722 380//722 367//722
f 401//58 381//58 368//58
f 368//57 381//57 401//57
f 381//781 402//781 348//723
f 348//724 402//782 381//782
f 382//587 403//587 349//587
f 349//588 403//588 382//588
f 382//723 348//723 402//781
f 402//782 348//724 382//724
f 397//773 383//751 369//725
f 369//726 383//752 397//774
f 384//587 349//587 403//587
f 403//588 349//588 384//588
f 370//640 384//723 404//640
f 404//642 384//724 370//642
f 385//639 370//640 405//639
f 405//641 370//642 385//641
f 371//61 385//639 406//61
f 406//62 385//641 371//62
f 371//727 406//783 386//727
f 386//728 406//784 371//728
f 387//753 372//729 407//72
f 407//71 372//730 387//754
f 388//755 407//72 372//729
f 372//730 407//71 388//756
f 373//58 387//58 408//58
f 408//57 387//57 373//57
f 389//58 373//58 409//58
f 409//57 373//57 389//57
f 374//58 389//58 410//58
f 410//57 389//57 374//57
f 375//58 374//58 411//58
f 411//57 374//57 375//57
f 392//763 390//759 354//687
f 354//688 390//760 392//764
f 390//759 391//761 353//684
f 353//685 391//762 390//760
f 391//761 393//765 355//690
f 355//691 393//766 391//762
f 392//58 375//58 412//58
f 412//57 375//57 392//57
f 393//765 394//767 356//694
f 356//695 394//768 393//766
f 396//771 358//702 394//767
f 394//768 358//703 396//772
f 376//739 413//785 395//769
f 395//770 413//786 376//742
f 413//785 376//739 396//771
f 396//772 376//742 413//786
f 363//713 397//773 377//743
f 377//744 397//774 363//714
f 369//725 377//743 397//773
f 397//774 377//744 369//726
f 397//773 361//709 383//751
f 383//752 361//710 397//774
f 379//747 383//751 378//745
f 378//746 383//752 379//748
f 378//745 398//775 379//747
f 379//748 398//776 378//746
f 399//777 379//747 398//775
f 398//776 379//748 399//778
f 414//787 366//719 399//777
f 399//778 366//720 414//788
f 414//787 400//779 366//719
f 366//720 400//780 414//788
f 400//721 368//721 380//721
f 380//722 368//722 400//722
f 401//71 415//71 381//781
f 381//782 415//72 401//72
f 402//781 381//781 415//71
f 415//72 381//782 402//782
f 403//587 382//587 416//587
f 416//588 382//588 403//588
f 402//587 415//587 382//587
f 382//588 415//588 402//588
f 403//781 417//781 384//723
f 384//724 417//782 403//782
f 418//723 404//640 384//723
f 384//724 404//642 418//724
f 404//640 405//639 370//640
f 370//642 405//641 404//642
f 405//639 406//61 385//639
f 385//641 406//62 405//641
f 419//783 386//727 406//783
f 406//784 386//728 419//784
f 387//58 407//58 408//58
f 408//57 407//57 387//57
f 409//58 373//58 408//58
f 408//57 373//57 409//57
f 410//58 389//58 409//58
f 409//57 389//57 410//57
f 411//58 374//58 410//58
f 410//57 374//57 411//57
f 412//58 375//58 411//58
f 411//57 375//57 412//57
f 390//58 392//58 412//58
f 412//57 392//57 390//57
f 391//58 390//58 420//58
f 420//57 390//57 391//57
f 393//58 391//58 421//58
f 421//57 391//57 393//57
f 394//58 393//58 422//58
f 422//57 393//57 394//57
f 396//58 394//58 423//58
f 423//57 394//57 396//57
f 424//71 395//769 413//785
f 413//786 395//770 424//72
f 413//58 396//58 425//58
f 425//57 396//57 413//57
f 416//587 382//587 415//587
f 415//588 382//588 416//588
f 416//71 426//71 403//781
f 403//782 426//72 416//72
f 417//781 403//781 426//71
f 426//72 403//782 417//782
f 418//723 384//723 417//781
f 417//782 384//724 418//724
f 404//57 418//57 419//57
f 419//58 418//58 404//58
f 405//57 404//57 419//57
f 419//58 404//58 405//58
f 406//57 405//57 419//57
f 419//58 405//58 406//58
f 407//58 427//58 408//58
f 408//57 427//57 407//57
f 408//733 428//789 409//757
f 409//758 428//790 408//734
f 410//735 409//757 429//791
f 429//792 409//758 410//736
f 411//737 410//735 430//793
f 430//794 410//736 411//738
f 411//737 430//793 412//763
f 412//764 430//794 411//738
f 420//58 390//58 412//58
f 412//57 390//57 420//57
f 421//58 391//58 420//58
f 420//57 391//57 421//57
f 422//58 393//58 421//58
f 421//57 393//57 422//57
f 423//58 394//58 422//58
f 422//57 394//57 423//57
f 425//58 396//58 423//58
f 423//57 396//57 425//57
f 424//58 413//58 431//58
f 431//57 413//57 424//57
f 425//58 431//58 413//58
f 413//57 431//57 425//57
f 417//57 426//57 418//57
f 418//58 426//58 417//58
f 419//57 418//57 426//57
f 426//58 418//58 419//58
f 432//58 408//58 427//58
f 427//57 408//57 432//57
f 428//789 408//733 433//795
f 433//796 408//734 428//790
f 434//797 409//757 428//789
f 428//790 409//758 434//798
f 434//797 429//791 409//757
f 409//758 429//792 434//798
f 429//791 430//793 410//735
f 410//736 430//794 429//792
f 435//799 412//763 430//793
f 430//794 412//764 435//800
f 420//759 412//763 436//801
f 436//802 412//764 420//760
f 421//761 420//759 437//803
f 437//804 420//760 421//762
f 422//765 421//761 438//805
f 438//806 421//762 422//766
f 423//767 422//765 439//807
f 439//808 422//766 423//768
f 423//767 439//807 425//771
f 425//772 439//808 423//768
f 440//58 431//58 425//58
f 425//57 431//57 440//57
f 432//753 433//795 408//733
f 408//734 433//796 432//754
f 427//72 441//809 432//753
f 432//754 441//810 427//71
f 442//811 428//789 433//795
f 433//796 428//790 442//812
f 443//813 434//797 428//789
f 428//790 434//798 443//814
f 434//797 444//815 429//791
f 429//792 444//816 434//798
f 429//791 445//817 430//793
f 430//794 445//818 429//792
f 435//799 436//801 412//763
f 412//764 436//802 435//800
f 446//819 435//799 430//793
f 430//794 435//800 446//820
f 436//801 437//803 420//759
f 420//760 437//804 436//802
f 437//803 438//805 421//761
f 421//762 438//806 437//804
f 438//805 439//807 422//765
f 422//766 439//808 438//806
f 447//821 425//771 439//807
f 439//808 425//772 447//822
f 440//785 448//823 431//71
f 431//72 448//824 440//786
f 425//771 447//821 440//785
f 440//786 447//822 425//772
f 433//795 432//753 441//809
f 441//810 432//754 433//796
f 443//813 428//789 442//811
f 442//812 428//790 443//814
f 449//825 442//811 433//795
f 433//796 442//812 449//826
f 443//813 444//815 434//797
f 434//798 444//816 443//814
f 444//815 445//817 429//791
f 429//792 445//818 444//816
f 445//817 446//819 430//793
f 430//794 446//820 445//818
f 435//799 450//827 436//801
f 436//802 450//828 435//800
f 446//819 450//827 435//799
f 435//800 450//828 446//820
f 436//801 451//829 437//803
f 437//804 451//830 436//802
f 437//803 452//831 438//805
f 438//806 452//832 437//804
f 438//805 453//833 439//807
f 439//808 453//834 438//806
f 439//807 454//835 447//821
f 447//822 454//836 439//808
f 448//823 440//785 447//821
f 447//822 440//786 448//824
f 455//837 431//71 448//823
f 448//824 431//72 455//838
f 441//809 456//839 433//795
f 433//796 456//840 441//810
f 442//811 457//841 443//813
f 443//814 457//842 442//812
f 442//811 449//825 457//841
f 457//842 449//826 442//812
f 449//825 433//795 456//839
f 456//840 433//796 449//826
f 444//815 443//813 458//843
f 458//844 443//814 444//816
f 445//817 444//815 459//845
f 459//846 444//816 445//818
f 446//819 445//817 460//847
f 460//848 445//818 446//820
f 450//827 451//829 436//801
f 436//802 451//830 450//828
f 446//819 461//849 450//827
f 450//828 461//850 446//820
f 451//829 452//831 437//803
f 437//804 452//832 451//830
f 452//831 453//833 438//805
f 438//806 453//834 452//832
f 439//807 453//833 454//835
f 454//836 453//834 439//808
f 447//821 454//835 462//851
f 462//852 454//836 447//822
f 448//823 447//821 462//851
f 462//852 447//822 448//824
f 455//837 448//823 462//851
f 462//852 448//824 455//838
f 463//853 443//813 457//841
f 457//842 443//814 463//854
f 464//855 457//841 449//825
f 449//826 457//842 464//856
f 449//825 456//839 464//855
f 464//856 456//840 449//826
f 463//853 458//843 443//813
f 443//814 458//844 463//854
f 458//843 459//845 444//815
f 444//816 459//846 458//844
f 459//845 460//847 445//817
f 445//818 460//848 459//846
f 460//847 461//849 446//819
f 446//820 461//850 460//848
f 450//827 465//857 451//829
f 451//830 465//858 450//828
f 461//849 465//857 450//827
f 450//828 465//858 461//850
f 451//829 466//859 452//831
f 452//832 466//860 451//830
f 452//831 467//861 453//833
f 453//834 467//862 452//832
f 453//833 468//863 454//835
f 454//836 468//864 453//834
f 454//835 469//865 462//851
f 462//852 469//866 454//836
f 463//853 457//841 470//867
f 470//868 457//842 463//854
f 457//841 464//855 471//869
f 471//870 464//856 457//842
f 472//871 464//855 456//839
f 456//840 464//856 472//872
f 458//843 463//853 473//873
f 473//874 463//854 458//844
f 459//845 458//843 474//875
f 474//876 458//844 459//846
f 460//847 459//845 475//877
f 475//878 459//846 460//848
f 461//849 460//847 476//879
f 476//880 460//848 461//850
f 465//857 466//859 451//829
f 451//830 466//860 465//858
f 465//857 461//849 477//881
f 477//882 461//850 465//858
f 466//859 467//861 452//831
f 452//832 467//862 466//860
f 467//861 468//863 453//833
f 453//834 468//864 467//862
f 468//863 469//865 454//835
f 454//836 469//866 468//864
f 471//869 470//867 457//841
f 457//842 470//868 471//870
f 470//867 473//873 463//853
f 463//854 473//874 470//868
f 478//883 471//869 464//855
f 464//856 471//870 478//884
f 464//855 472//871 478//883
f 478//884 472//872 464//856
f 473//873 474//875 458//843
f 458//844 474//876 473//874
f 474//875 475//877 459//845
f 459//846 475//878 474//876
f 475//877 476//879 460//847
f 460//848 476//880 475//878
f 476//879 477//881 461//849
f 461//850 477//882 476//880
f 466//859 465//857 479//885
f 479//886 465//858 466//860
f 477//881 479//885 465//857
f 465//858 479//886 477//882
f 467//861 466//859 480//887
f 480//888 466//860 467//862
f 468//863 467//861 481//889
f 481//890 467//862 468//864
f 469//865 468//863 482//891
f 482//892 468//864 469//866
f 470//867 471//869 483//893
f 483//894 471//870 470//868
f 470//867 483//893 473//873
f 473//874 483//894 470//868
f 471//869 478//883 484//895
f 484//896 478//884 471//870
f 485//897 478//883 472//871
f 472//872 478//884 485//898
f 473//873 486//899 474//875
f 474//876 486//900 473//874
f 475//877 474//875 487//901
f 487//902 474//876 475//878
f 476//879 475//877 488//903
f 488//904 475//878 476//880
f 477//881 476//879 489//905
f 489//906 476//880 477//882
f 479//885 480//887 466//859
f 466//860 480//888 479//886
f 479//885 477//881 490//907
f 490//908 477//882 479//886
f 480//887 481//889 467//861
f 467//862 481//890 480//888
f 481//889 482//891 468//863
f 468//864 482//892 481//890
f 484//895 483//893 471//869
f 471//870 483//894 484//896
f 486//899 473//873 483//893
f 483//894 473//874 486//900
f 491//909 484//895 478//883
f 478//884 484//896 491//910
f 478//883 485//897 491//909
f 491//910 485//898 478//884
f 492//911 474//875 486//899
f 486//900 474//876 492//912
f 492//911 487//901 474//875
f 474//876 487//902 492//912
f 487//901 488//903 475//877
f 475//878 488//904 487//902
f 488//903 489//905 476//879
f 476//880 489//906 488//904
f 489//905 490//907 477//881
f 477//882 490//908 489//906
f 480//887 479//885 493//913
f 493//914 479//886 480//888
f 490//907 493//913 479//885
f 479//886 493//914 490//908
f 481//889 480//887 494//915
f 494//916 480//888 481//890
f 482//891 481//889 495//917
f 495//918 481//890 482//892
f 496//919 483//893 484//895
f 484//896 483//894 496//920
f 497//921 486//899 483//893
f 483//894 486//900 497//922
f 491//909 498//923 484//895
f 484//896 498//924 491//910
f 499//925 491//909 485//897
f 485//898 491//910 499//926
f 497//921 492//911 486//899
f 486//900 492//912 497//922
f 492//911 500//927 487//901
f 487//902 500//928 492//912
f 487//901 500//927 488//903
f 488//904 500//928 487//902
f 488//903 501//929 489//905
f 489//906 501//930 488//904
f 489//905 501//929 490//907
f 490//908 501//930 489//906
f 493//913 494//915 480//887
f 480//888 494//916 493//914
f 490//907 501//929 493//913
f 493//914 501//930 490//908
f 494//915 495//917 481//889
f 481//890 495//918 494//916
f 496//919 497//921 483//893
f 483//894 497//922 496//920
f 498//923 496//919 484//895
f 484//896 496//920 498//924
f 491//909 499//925 498//923
f 498//924 499//926 491//910
f 497//921 500//927 492//911
f 492//912 500//928 497//922
f 500//927 501//929 488//903
f 488//904 501//930 500//928
f 493//913 502//931 494//915
f 494//916 502//932 493//914
f 501//929 502//931 493//913
f 493//914 502//932 501//930
f 494//915 503//933 495//917
f 495//918 503//934 494//916
f 496//919 504//935 497//921
f 497//922 504//936 496//920
f 496//919 498//923 504//935
f 504//936 498//924 496//920
f 505//937 498//923 499//925
f 499//926 498//924 505//938
f 497//921 506//939 500//927
f 500//928 506//940 497//922
f 500//927 507//941 501//929
f 501//930 507//942 500//928
f 502//931 503//933 494//915
f 494//916 503//934 502//932
f 502//931 501//929 508//943
f 508//944 501//930 502//932
f 506//939 497//921 504//935
f 504//936 497//922 506//940
f 509//945 504//935 498//923
f 498//924 504//936 509//946
f 498//923 505//937 509//945
f 509//946 505//938 498//924
f 507//941 500//927 506//939
f 506//940 500//928 507//942
f 510//947 501//929 507//941
f 507//942 501//930 510//948
f 503//933 502//931 511//949
f 511//950 502//932 503//934
f 510//947 508//943 501//929
f 501//930 508//944 510//948
f 508//943 511//949 502//931
f 502//932 511//950 508//944
f 504//935 512//258 506//939
f 506//940 512//257 504//936
f 509//945 513//951 504//935
f 504//936 513//952 509//946
f 514//953 509//945 505//937
f 505//938 509//946 514//954
f 506//939 515//252 507//941
f 507//942 515//251 506//940
f 507//941 516//248 510//947
f 510//948 516//247 507//942
f 510//947 517//210 508//943
f 508//944 517//209 510//948
f 511//949 508//943 518//955
f 518//956 508//944 511//950
f 512//258 504//935 513//951
f 513//952 504//936 512//257
f 515//252 506//939 512//258
f 512//257 506//940 515//251
f 509//945 514//953 513//951
f 513//952 514//954 509//946
f 516//248 507//941 515//252
f 515//251 507//942 516//247
f 517//210 510//947 516//248
f 516//247 510//948 517//209
f 519//957 508//943 517//210
f 517//209 508//944 519//958
f 519//957 518//955 508//943
f 508//944 518//956 519//958
f 513//951 520//959 512//258
f 512//257 520//960 513//952
f 515//252 512//258 521//961
f 521//962 512//257 515//251
f 522//956 513//951 514//953
f 514//954 513//952 522//955
f 516//248 515//252 523//963
f 523//964 515//251 516//247
f 517//210 516//248 524//965
f 524//966 516//247 517//209
f 517//210 524//965 519//957
f 519//958 524//966 517//209
f 518//955 519//957 525//967
f 525//968 519//958 518//956
f 513//951 522//956 520//959
f 520//960 522//955 513//952
f 526//969 512//258 520//959
f 520//960 512//257 526//970
f 526//969 521//961 512//258
f 512//257 521//962 526//970
f 521//961 523//963 515//252
f 515//251 523//964 521//962
f 523//963 524//965 516//248
f 516//247 524//966 523//964
f 527//971 519//957 524//965
f 524//966 519//958 527//972
f 527//971 525//967 519//957
f 519//958 525//968 527//972
f 528//973 520//959 522//956
f 522//955 520//960 528//974
f 520//959 529//975 526//969
f 526//970 529//976 520//960
f 521//961 526//969 530//977
f 530//978 526//970 521//962
f 523//963 521//961 531//979
f 531//980 521//962 523//964
f 524//965 523//963 532//981
f 532//982 523//964 524//966
f 524//965 532//981 527//971
f 527//972 532//982 524//966
f 525//967 527//971 533//983
f 533//984 527//972 525//968
f 520//959 528//973 529//975
f 529//976 528//974 520//960
f 534//985 526//969 529//975
f 529//976 526//970 534//986
f 534//985 530//977 526//969
f 526//970 530//978 534//986
f 530//977 531//979 521//961
f 521//962 531//980 530//978
f 531//979 532//981 523//963
f 523//964 532//982 531//980
f 535//987 527//971 532//981
f 532//982 527//972 535//988
f 535//987 533//983 527//971
f 527//972 533//984 535//988
f 536//989 529//975 528//973
f 528//974 529//976 536//990
