# SSTK version 0.8.0
# 3
mtllib original-3.mtl
o Component_4_1/Component_4/mesh16/mesh16-geometry#mesh16-geometry
v -0.005370 0.335376 0.839982
v -0.049638 0.363672 0.836352
v -0.051831 0.335376 0.835369
v -0.005370 0.365626 0.839982
v -0.093213 0.335485 0.827931
v 0.041091 0.335376 0.835369
v -0.108477 0.365626 0.823269
v 0.038898 0.363672 0.836352
v -0.135576 0.366862 0.814992
v 0.097737 0.365626 0.823269
v 0.082473 0.335485 0.827931
v -0.176091 0.369528 0.797134
v 0.124835 0.366862 0.814992
v -0.135576 0.335674 0.814992
v -0.214185 0.372891 0.774612
v 0.124835 0.335674 0.814992
v 0.165351 0.369528 0.797134
v -0.249318 0.376904 0.747745
v -0.214185 0.336263 0.774612
v -0.176091 0.335934 0.797134
v 0.165351 0.335934 0.797134
v 0.203445 0.372891 0.774612
v -0.271098 0.379829 0.728152
v -0.249318 0.336656 0.747745
v 0.203445 0.336263 0.774612
v 0.238578 0.376904 0.747745
v -0.278841 0.380957 0.720599
v -0.271098 0.337031 0.728152
v -0.253819 0.336715 0.743695
v 0.238578 0.336656 0.747745
v 0.260357 0.379829 0.728152
v 0.038065 0.381492 0.735961
v 0.243079 0.336715 0.743695
v 0.268101 0.380957 0.720599
v -0.292064 0.382754 0.707701
v 0.260357 0.337031 0.728152
v 0.281324 0.337447 0.707701
v 0.301442 0.385720 0.686423
v -0.312183 0.385720 0.686423
v -0.292064 0.337447 0.707701
v 0.281324 0.382754 0.707701
v 0.320681 0.388795 0.664354
v -0.331421 0.388795 0.664354
v -0.312183 0.337879 0.686423
v 0.301442 0.337879 0.686423
v 0.320681 0.338328 0.664354
v 0.339007 0.391975 0.641531
v -0.349747 0.391975 0.641531
v -0.331421 0.338328 0.664354
v 0.330576 0.338579 0.652031
v 0.356392 0.395256 0.617989
v 0.339007 0.338852 0.641531
v -0.367132 0.395256 0.617989
v -0.349747 0.338852 0.641531
v -0.341316 0.338579 0.652031
v 0.356392 0.339466 0.617989
v 0.081520 0.396257 0.631786
v -0.367132 0.339466 0.617989
v 0.372807 0.340097 0.593768
v 0.356531 0.395285 0.617784
v -0.367271 0.395285 0.617784
v -0.383547 0.340097 0.593768
v 0.372807 0.398392 0.593768
v -0.383547 0.398392 0.593768
v 0.388225 0.340744 0.568907
v -0.398965 0.340744 0.568907
v 0.388225 0.401609 0.568907
v -0.398965 0.401609 0.568907
v 0.402620 0.404904 0.543447
v -0.413360 0.404904 0.543447
v 0.393047 0.340967 0.560378
v -0.403787 0.340967 0.560378
v 0.402620 0.341505 0.543447
v 0.415970 0.408271 0.517430
v -0.426710 0.408271 0.517430
v -0.413360 0.341505 0.543447
v 0.415970 0.342332 0.517430
v 0.417172 0.408607 0.514834
v -0.427912 0.408607 0.514834
v -0.426710 0.342332 0.517430
v 0.428253 0.411467 0.490896
v 0.124991 0.409919 0.527466
v 0.428253 0.343175 0.490896
v -0.438993 0.411467 0.490896
v -0.438993 0.343175 0.490896
v 0.436810 0.343831 0.470256
v 0.436810 0.413933 0.470256
v -0.447550 0.343831 0.470256
v -0.447550 0.413933 0.470256
v 0.447319 0.417089 0.443845
v -0.458059 0.417089 0.443845
v 0.437413 0.343879 0.468741
v -0.448153 0.343879 0.468741
v 0.447319 0.344813 0.443845
v 0.168473 0.422477 0.423013
v -0.458059 0.344813 0.443845
v 0.460292 0.346173 0.407578
v 0.458797 0.420922 0.411759
v -0.469537 0.420922 0.411759
v -0.471032 0.346173 0.407578
v 0.460292 0.421380 0.407578
v -0.471032 0.421380 0.407578
v 0.469993 0.347316 0.377122
v -0.480733 0.347316 0.377122
v 0.471981 0.425402 0.370883
v -0.482721 0.425402 0.370883
v 0.471981 0.347586 0.370883
v 0.482370 0.429465 0.333802
v -0.493110 0.429465 0.333802
v -0.482721 0.347586 0.370883
v 0.482370 0.349189 0.333802
v 0.211963 0.433930 0.318437
v -0.493110 0.349189 0.333802
v 0.491447 0.350808 0.296382
v 0.488491 0.432230 0.308569
v -0.499231 0.432230 0.308569
v -0.502188 0.350808 0.296382
v 0.491447 0.433445 0.296382
v -0.502188 0.433445 0.296382
v 0.493680 0.351277 0.285524
v -0.504420 0.351277 0.285524
v 0.499202 0.437205 0.258669
v -0.509942 0.437205 0.258669
v 0.499202 0.352592 0.258669
v 0.505624 0.440990 0.220709
v -0.516364 0.440990 0.220709
v -0.509942 0.352592 0.258669
v 0.505624 0.354452 0.220709
v 0.255455 0.444276 0.213746
v -0.516364 0.354452 0.220709
v 0.509188 0.355762 0.193950
v 0.507680 0.442529 0.205273
v -0.518420 0.442529 0.205273
v -0.519928 0.355762 0.193950
v 0.510706 0.356386 0.182548
v 0.510706 0.444571 0.182548
v -0.521446 0.444571 0.182548
v -0.521446 0.356386 0.182548
v 0.514441 0.448013 0.144234
v -0.525181 0.448013 0.144234
v -0.525181 0.358483 0.144234
v 0.514441 0.358483 0.144234
v 0.298947 0.453514 0.108951
v 0.516825 0.360585 0.105813
v 0.516825 0.451465 0.105813
v -0.527565 0.451465 0.105813
v -0.527565 0.360585 0.105813
v 0.516930 0.451818 0.101881
v -0.527670 0.451818 0.101881
v 0.516916 0.360771 0.102404
v -0.527656 0.360771 0.102404
v 0.517855 0.454582 0.067333
v -0.528595 0.454582 0.067333
v 0.517855 0.362892 0.067333
v 0.518516 0.459379 0.007382
v -0.529256 0.459379 0.007382
v -0.528595 0.362892 0.067333
v 0.518477 0.366304 0.010887
v 0.518516 0.366537 0.007382
v 0.342433 0.461645 0.004062
v -0.529256 0.366537 0.007382
v -0.529217 0.366304 0.010887
v 0.518868 0.370849 -0.057753
v 0.518564 0.460097 -0.001597
v -0.529304 0.460097 -0.001597
v -0.529608 0.370849 -0.057753
v 0.518868 0.464038 -0.057753
v -0.529608 0.464038 -0.057753
v 0.518862 0.372361 -0.080596
v -0.529602 0.372361 -0.080596
v 0.385910 0.468666 -0.100911
v 0.518851 0.375404 -0.122888
v 0.518855 0.467364 -0.105150
v -0.529596 0.467364 -0.105150
v -0.529591 0.375404 -0.122888
v 0.518851 0.468435 -0.122888
v -0.529591 0.468435 -0.122888
v -0.529300 0.378941 -0.172043
v 0.518560 0.378941 -0.172043
v 0.518465 0.472366 -0.188023
v -0.529205 0.472366 -0.188023
v 0.518465 0.380183 -0.188023
v 0.429373 0.474577 -0.205958
v -0.529205 0.380183 -0.188023
v 0.517711 0.385244 -0.253154
v 0.518225 0.473619 -0.208770
v -0.528965 0.473619 -0.208770
v -0.528451 0.385244 -0.253154
v 0.517711 0.475863 -0.253154
v -0.528451 0.475863 -0.253154
v 0.517172 0.414759 -0.284457
v -0.528274 0.386044 -0.263451
v 0.472819 0.479378 -0.311068
v -0.527912 0.414759 -0.284457
v 0.516689 0.478861 -0.312446
v 0.517534 0.386044 -0.263451
v -0.527429 0.478861 -0.312446
v 0.517078 0.415854 -0.289242
v 0.517242 0.406966 -0.280360
v -0.528169 0.386345 -0.269519
v -0.527982 0.406966 -0.280360
v 0.516588 0.479099 -0.318280
v -0.527329 0.479099 -0.318280
v -0.527818 0.415854 -0.289242
v 0.517429 0.386345 -0.269519
v -0.527899 0.406966 -0.285161
v 0.515097 0.481754 -0.383399
v -0.525837 0.481754 -0.383399
v 0.516486 0.421975 -0.316009
v 0.517159 0.406966 -0.285161
v -0.528064 0.386122 -0.275591
v 0.514006 0.482878 -0.410815
v -0.527226 0.421975 -0.316009
v 0.517324 0.386122 -0.275591
v 0.514314 0.482872 -0.410824
v -0.525054 0.482872 -0.410824
v -0.527650 0.403714 -0.295424
v 0.516910 0.403714 -0.295424
v -0.527961 0.385377 -0.281621
v 0.516324 0.419549 -0.322315
v 0.514294 0.482869 -0.411515
v -0.527064 0.419549 -0.322315
v 0.516847 0.402279 -0.298176
v 0.517220 0.385377 -0.281621
v -0.527510 0.400444 -0.301696
v -0.527587 0.402279 -0.298176
v -0.525034 0.482869 -0.411515
v 0.516770 0.400444 -0.301696
v -0.527858 0.384115 -0.287565
v -0.527447 0.398403 -0.305610
v 0.516253 0.418319 -0.325512
v 0.514274 0.482803 -0.412202
v -0.526993 0.418319 -0.325512
v 0.516775 0.400535 -0.301520
v 0.517118 0.384115 -0.287565
v 0.516707 0.398403 -0.305610
v -0.527515 0.400535 -0.301520
v -0.526923 0.416960 -0.329046
v -0.525014 0.482803 -0.412202
v -0.527758 0.382345 -0.293377
v -0.527377 0.396186 -0.309863
v 0.516183 0.416960 -0.329046
v -0.526847 0.415493 -0.332860
v 0.514255 0.482675 -0.412880
v 0.517018 0.382345 -0.293377
v 0.516637 0.396186 -0.309863
v 0.516107 0.415493 -0.332860
v -0.524995 0.482675 -0.412880
v -0.527661 0.380082 -0.299016
v -0.527300 0.393827 -0.314388
v -0.526766 0.413944 -0.336887
v -0.524976 0.482486 -0.413544
v 0.514236 0.482486 -0.413544
v 0.516921 0.380082 -0.299016
v 0.516560 0.393827 -0.314388
v 0.516026 0.413944 -0.336887
v -0.527567 0.377342 -0.304439
v -0.527184 0.392576 -0.320378
v -0.526680 0.412340 -0.341057
v -0.524958 0.482237 -0.414188
v 0.514217 0.482237 -0.414188
v 0.516827 0.377342 -0.304439
v 0.516444 0.392576 -0.320378
v 0.515940 0.412340 -0.341057
v -0.527478 0.374144 -0.309605
v -0.527096 0.390351 -0.325423
v -0.526594 0.410710 -0.345294
v -0.524940 0.481931 -0.414807
v 0.514200 0.481931 -0.414807
v 0.516738 0.374144 -0.309605
v 0.516356 0.390351 -0.325423
v 0.515854 0.410710 -0.345294
v -0.527394 0.370513 -0.314477
v -0.527012 0.388121 -0.330477
v -0.526510 0.409083 -0.349525
v -0.524923 0.481571 -0.415395
v 0.514183 0.481571 -0.415395
v 0.516654 0.370513 -0.314477
v 0.516272 0.388121 -0.330477
v 0.515770 0.409083 -0.349525
v -0.527329 0.367132 -0.318280
v -0.526941 0.385389 -0.333918
v -0.526432 0.407727 -0.353051
v -0.524907 0.481158 -0.415949
v 0.514167 0.481158 -0.415949
v 0.516588 0.367132 -0.318280
v 0.516201 0.385389 -0.333918
v 0.515692 0.407727 -0.353051
v -0.527312 0.366476 -0.319018
v -0.526923 0.384804 -0.334654
v -0.526412 0.407391 -0.353923
v -0.524893 0.480697 -0.416462
v 0.514153 0.480697 -0.416462
v 0.516572 0.366476 -0.319018
v 0.516183 0.384804 -0.334654
v 0.515672 0.407391 -0.353923
v -0.527216 0.362063 -0.323194
v -0.526829 0.381596 -0.338695
v -0.526319 0.405847 -0.357938
v -0.524879 0.480191 -0.416932
v 0.516476 0.362063 -0.323194
v 0.516089 0.381596 -0.338695
v 0.515579 0.405847 -0.357938
v 0.514139 0.480191 -0.416932
v -0.527129 0.357307 -0.326975
v -0.526738 0.378481 -0.342618
v -0.526231 0.404381 -0.361751
v -0.524867 0.479644 -0.417354
v 0.516389 0.357307 -0.326975
v 0.515998 0.378481 -0.342618
v 0.515491 0.404381 -0.361751
v 0.514127 0.479644 -0.417354
v -0.526246 0.290001 -0.365544
v -0.525801 0.354945 -0.383469
v -0.525508 0.392139 -0.393575
v -0.524857 0.479062 -0.417724
v 0.515506 0.290001 -0.365544
v 0.515061 0.354945 -0.383469
v 0.514768 0.392139 -0.393575
v 0.514116 0.479062 -0.417724
v -0.526124 0.285146 -0.370865
v -0.525512 0.343318 -0.394774
v -0.525294 0.388725 -0.402451
v -0.522830 0.312689 -0.482005
v 0.515384 0.285146 -0.370865
v 0.514772 0.343318 -0.394774
v 0.514554 0.388725 -0.402451
v -0.524987 0.380089 -0.413507
v 0.512090 0.312689 -0.482005
v -0.522874 0.313121 -0.480503
v -0.525995 0.280671 -0.376510
v 0.514247 0.380089 -0.413507
v -0.524599 0.369237 -0.427399
v 0.512134 0.313121 -0.480503
v -0.522799 0.306686 -0.482938
v -0.523623 0.371539 -0.457062
v 0.515255 0.280671 -0.376510
v -0.525859 0.276597 -0.382451
v -0.525300 0.335650 -0.402229
v 0.513859 0.369237 -0.427399
v -0.524276 0.369237 -0.437199
v -0.525049 0.332982 -0.411500
v 0.512882 0.371539 -0.457062
v 0.512058 0.306686 -0.482938
v -0.522942 0.313786 -0.478191
v -0.523867 0.369237 -0.448980
v 0.515119 0.276597 -0.382451
v -0.525837 0.276039 -0.383399
v 0.514560 0.335650 -0.402229
v 0.514309 0.332982 -0.411500
v 0.513536 0.369237 -0.437199
v -0.524033 0.323238 -0.445356
v -0.524788 0.330223 -0.421088
v 0.513126 0.369237 -0.448980
v 0.512202 0.313786 -0.478191
v -0.522796 0.300612 -0.483011
v -0.523137 0.315655 -0.471700
v 0.515097 0.276039 -0.383399
v -0.525503 0.269729 -0.395107
v -0.525687 0.272944 -0.388660
v 0.514048 0.330223 -0.421088
v 0.513293 0.323238 -0.445356
v -0.524235 0.324922 -0.439506
v -0.524500 0.327344 -0.431090
v -0.525118 0.264673 -0.408589
v 0.512397 0.315655 -0.471700
v 0.512056 0.300612 -0.483011
v -0.523405 0.317997 -0.463563
v 0.514763 0.269729 -0.395107
v 0.514947 0.272944 -0.388660
v -0.525313 0.266967 -0.401760
v 0.514377 0.264673 -0.408589
v 0.513760 0.327344 -0.431090
v 0.513495 0.324922 -0.439506
v -0.523713 0.320581 -0.454587
v -0.523721 0.263312 -0.455982
v -0.524716 0.261526 -0.422640
v -0.524918 0.262856 -0.415560
v 0.512665 0.317997 -0.463563
v 0.512083 0.294589 -0.482224
v -0.522823 0.294589 -0.482224
v -0.522879 0.288737 -0.480592
v 0.514573 0.266967 -0.401760
v 0.514178 0.262856 -0.415560
v 0.513976 0.261526 -0.422640
v 0.512981 0.263312 -0.455982
v 0.512973 0.320581 -0.454587
v -0.523361 0.269309 -0.466514
v -0.523920 0.261491 -0.450187
v -0.523534 0.265936 -0.461461
v -0.523977 0.261216 -0.448508
v -0.524512 0.260689 -0.429795
v 0.512139 0.288737 -0.480592
v -0.522963 0.283176 -0.478148
v -0.523072 0.278016 -0.474942
v 0.513772 0.260689 -0.429795
v 0.513237 0.261216 -0.448508
v 0.513180 0.261491 -0.450187
v 0.512794 0.265936 -0.461461
v 0.512621 0.269309 -0.466514
v -0.523206 0.273363 -0.471038
v -0.524100 0.260508 -0.444193
v -0.524306 0.260349 -0.436991
v 0.512332 0.278016 -0.474942
v 0.512222 0.283176 -0.478148
v 0.513566 0.260349 -0.436991
v 0.513360 0.260508 -0.444193
v 0.512466 0.273363 -0.471038
vn 0 -0.013510996247983352 0.9999087223243864
vn -0.14351501911778047 -0.0014120001880939693 0.9896471318318927
vn -0.13795102008601487 -0.023713003452672837 0.9901551441690749
vn 0.13795102008601487 0.023713003452672837 -0.9901551441690749
vn 0.14351501911778047 0.0014120001880939693 -0.9896471318318927
vn 0 0.013510996247983352 -0.9999087223243864
vn 0 0 1
vn 0 0 -1
vn -0.22854699606224957 0.0071009998776533235 0.9735069832269616
vn 0.22854699606224957 -0.0071009998776533235 -0.9735069832269616
vn 0 1 0
vn 0 0.0073020024829258835 -0.9999733400244926
vn 0 -0.0073020024829258835 0.9999733400244926
vn 0 -1 0
vn 0.00024599990445193365 0.972552622253827 0.23268290962434668
vn -0.06385000316925885 0.9169320455128401 0.3939020195517211
vn -0.07799000150922354 0.8731710168971691 0.4811340093106649
vn 0.07799000150922354 -0.8731710168971691 -0.4811340093106649
vn 0.06385000316925885 -0.9169320455128401 -0.3939020195517211
vn -0.00024599990445193365 -0.972552622253827 -0.23268290962434668
vn 0.14351501911778047 -0.0014120001880939693 0.9896471318318927
vn -0.14351501911778047 0.0014120001880939693 -0.9896471318318927
vn -0.25408596367320535 0.020896997012346104 0.966955861753847
vn 0.25408596367320535 -0.020896997012346104 -0.966955861753847
vn 0 -0.9998933558296121 -0.014604005197091745
vn 0 0.9998933558296121 0.014604005197091745
vn 0.13795102008601487 -0.023713003452672837 0.9901551441690749
vn -0.13795102008601487 0.023713003452672837 -0.9901551441690749
vn -0.04113199352742888 0.9641928482736611 0.26199295877252926
vn 0.04113199352742888 -0.9641928482736611 -0.26199295877252926
vn 0.07799000150922354 0.8731710168971691 0.4811340093106649
vn 0.06385000316925885 0.9169320455128401 0.3939020195517211
vn -0.06385000316925885 -0.9169320455128401 -0.3939020195517211
vn -0.07799000150922354 -0.8731710168971691 -0.4811340093106649
vn -0.34833295288274635 0 0.9373708732065374
vn 0.34833295288274635 0 -0.9373708732065374
vn 0.22854699606224957 0.0071009998776533235 0.9735069832269616
vn -0.22854699606224957 -0.0071009998776533235 -0.9735069832269616
vn -0.029021012729852375 0.9783854291615248 0.20474308980904052
vn 0.029021012729852375 -0.9783854291615248 -0.20474308980904052
vn 0.25408596367320535 0.020896997012346104 0.966955861753847
vn -0.25408596367320535 -0.020896997012346104 -0.966955861753847
vn 0.04113199352742888 0.9641928482736611 0.26199295877252926
vn -0.04113199352742888 -0.9641928482736611 -0.26199295877252926
vn -0.02243199407215568 0.9832377401711041 0.1809429521842932
vn 0.02243199407215568 -0.9832377401711041 -0.1809429521842932
vn -0.4569290689848714 0 0.889503134292746
vn 0.4569290689848714 0 -0.889503134292746
vn 0.34833295288274635 0 0.9373708732065374
vn -0.34833295288274635 0 -0.9373708732065374
vn 0.029021012729852375 0.9783854291615248 0.20474308980904052
vn -0.029021012729852375 -0.9783854291615248 -0.20474308980904052
vn -0.018662993330985818 0.9852966479151442 0.16982993931315019
vn 0.018662993330985818 -0.9852966479151442 -0.16982993931315019
vn -0.5591879443538124 0 0.8290409175000697
vn 0.5591879443538124 0 -0.8290409175000697
vn 0.4569290689848714 0 0.889503134292746
vn -0.4569290689848714 0 -0.889503134292746
vn 0.02243199407215568 0.9832377401711041 0.1809429521842932
vn -0.02243199407215568 -0.9832377401711041 -0.1809429521842932
vn -0.016845996785716733 0.9861038118474661 0.1652739684650687
vn 0.016845996785716733 -0.9861038118474661 -0.1652739684650687
vn -0.6386370703034079 0 0.769508084710148
vn 0.6386370703034079 0 -0.769508084710148
vn 0.5591879443538124 0 0.8290409175000697
vn -0.5591879443538124 0 -0.8290409175000697
vn 0.018662993330985818 0.9852966479151442 0.16982993931315019
vn -0.018662993330985818 -0.9852966479151442 -0.16982993931315019
vn -0.011286001067356673 0.9882360934609506 0.1525190144242577
vn 0.011286001067356673 -0.9882360934609506 -0.1525190144242577
vn -0.6836675841046251 0 0.7297935560448211
vn 0.6836675841046251 0 -0.7297935560448211
vn -0.6687896855338262 0 0.7434516504276293
vn 0.6687896855338262 0 -0.7434516504276293
vn 0.6386370703034079 0 0.769508084710148
vn -0.6386370703034079 0 -0.769508084710148
vn 0.016845996785716733 0.9861038118474661 0.1652739684650687
vn -0.016845996785716733 -0.9861038118474661 -0.1652739684650687
vn 0.0030010012109192383 0.98915539912923 0.14684205925151708
vn -0.0030010012109192383 -0.98915539912923 -0.14684205925151708
vn -0.6982661923723625 0 0.7158381972134504
vn 0.6982661923723625 0 -0.7158381972134504
vn 0 -0.9998474751106357 -0.01746500829907701
vn 0 0.9998474751106357 0.01746500829907701
vn 0.6687896855338262 0 0.7434516504276293
vn -0.6687896855338262 0 -0.7434516504276293
vn 0.6836675841046251 0 0.7297935560448211
vn -0.6836675841046251 0 -0.7297935560448211
vn 0.012438004313848908 0.9880003426662423 0.15395005339419837
vn -0.012438004313848908 -0.9880003426662423 -0.15395005339419837
vn -0.008758001562440755 0.9891921764733838 0.14636302611138574
vn 0.008758001562440755 -0.9891921764733838 -0.14636302611138574
vn -0.7125863860608813 0 0.7015843801002788
vn 0.7125863860608813 0 -0.7015843801002788
vn 0 -0.9997934053538209 -0.020326008240927635
vn 0 0.9997934053538209 0.020326008240927635
vn 0.7125863860608813 0 0.7015843801002788
vn 0.6982661923723625 0 0.7158381972134504
vn -0.6982661923723625 0 -0.7158381972134504
vn -0.7125863860608813 0 -0.7015843801002788
vn 0.010920004149138263 0.988921375748165 0.14803805624818042
vn -0.010920004149138263 -0.988921375748165 -0.14803805624818042
vn -0.008630997859055354 0.9893157545972897 0.1455329639001162
vn 0.008630997859055354 -0.9893157545972897 -0.1455329639001162
vn 0.008444000876685771 0.9892391027062714 0.14606401516487807
vn -0.008444000876685771 -0.9892391027062714 -0.14606401516487807
vn 0.01181900303917429 0.9889872543111823 0.14752803793580713
vn -0.01181900303917429 -0.9889872543111823 -0.14752803793580713
vn -0.008504996479123549 0.9894385903947707 0.144702940096251
vn 0.008504996479123549 -0.9894385903947707 -0.144702940096251
vn -0.74035359841751 0 0.6722176353758091
vn 0.74035359841751 0 -0.6722176353758091
vn 0.74035359841751 0 0.6722176353758091
vn -0.74035359841751 0 -0.6722176353758091
vn 0.766922160407922 0 0.6417401342250971
vn -0.766922160407922 0 -0.6417401342250971
vn 0.01162099881325204 0.9891008989920322 0.1467799850106819
vn -0.01162099881325204 -0.9891008989920322 -0.1467799850106819
vn -0.766922160407922 0 0.6417401342250971
vn 0.766922160407922 0 -0.6417401342250971
vn 0.7797419809879413 0 0.6261009847340928
vn -0.7797419809879413 0 -0.6261009847340928
vn 0.01112800274333678 0.9892812438830835 0.14559803589363304
vn -0.01112800274333678 -0.9892812438830835 -0.14559803589363304
vn 0.7922476302169205 0 0.6101997151881291
vn -0.7922476302169205 0 -0.6101997151881291
vn -0.007179002516764889 0.9898983470316939 0.14159704964011116
vn 0.007179002516764889 -0.9898983470316939 -0.14159704964011116
vn -0.7922476302169205 0 0.6101997151881291
vn 0.7922476302169205 0 -0.6101997151881291
vn -0.7797419809879413 0 0.6261009847340928
vn 0.7797419809879413 0 -0.6261009847340928
vn 0 -0.9997311452959367 -0.023187003369883382
vn 0 0.9997311452959367 0.023187003369883382
vn 0.8162859813478656 0 0.5776479868007438
vn -0.8162859813478656 0 -0.5776479868007438
vn 0.003088000104274045 0.9905850334495807 0.13686400462155537
vn -0.003088000104274045 -0.9905850334495807 -0.13686400462155537
vn -0.8162859813478656 0 0.5776479868007438
vn 0.8162859813478656 0 -0.5776479868007438
vn 0 -0.9996607195302296 -0.02604699269212652
vn 0 0.9996607195302296 0.02604699269212652
vn 0.8389970199240822 0 0.5441360129218702
vn -0.8389970199240822 0 -0.5441360129218702
vn 0.010611996660108041 0.9901036883866955 0.1399359559582434
vn -0.010611996660108041 -0.9901036883866955 -0.1399359559582434
vn -0.006414000690640389 0.9905291066572083 0.13715301476822594
vn 0.006414000690640389 -0.9905291066572083 -0.13715301476822594
vn -0.8389970199240822 0 0.5441360129218702
vn 0.8389970199240822 0 -0.5441360129218702
vn 0.8278090163157019 0 0.5610100110572269
vn -0.8278090163157019 0 -0.5610100110572269
vn 0.010331004521830013 0.9908434336873116 0.13462005892253956
vn -0.010331004521830013 -0.9908434336873116 -0.13462005892253956
vn -0.006240001171731929 0.991242186132997 0.13190902476954922
vn 0.006240001171731929 -0.991242186132997 -0.13190902476954922
vn -0.8278090163157019 0 0.5610100110572269
vn 0.8278090163157019 0 -0.5610100110572269
vn 0.8603402606831384 0 0.5097201544452301
vn -0.8603402606831384 0 -0.5097201544452301
vn -0.8603402606831384 0 0.5097201544452301
vn 0.8603402606831384 0 -0.5097201544452301
vn 0.010163996382410723 0.9909316473056891 0.13398195231288407
vn -0.010163996382410723 -0.9909316473056891 -0.13398195231288407
vn 0.870487175120275 0 0.4921910990165542
vn -0.870487175120275 0 -0.4921910990165542
vn 0 -0.9995821052694955 -0.028907003044297823
vn 0 0.9995821052694955 0.028907003044297823
vn 0.8802798127535002 0 0.47445489907752303
vn -0.8802798127535002 0 -0.47445489907752303
vn 0.009997002562257077 0.9910192540007449 0.13334503417666999
vn -0.009997002562257077 -0.9910192540007449 -0.13334503417666999
vn -0.8802798127535002 0 0.47445489907752303
vn 0.8802798127535002 0 -0.47445489907752303
vn -0.870487175120275 0 0.4921910990165542
vn 0.870487175120275 0 -0.4921910990165542
vn 0.8987809584920494 0 0.4383979797536858
vn -0.8987809584920494 0 -0.4383979797536858
vn 0.009997003950246912 0.9914593917683158 0.13003205138126503
vn -0.009997003950246912 -0.9914593917683158 -0.13003205138126503
vn -0.0055409991762169425 0.9919138525316824 0.12679198114977414
vn 0.0055409991762169425 -0.9919138525316824 -0.12679198114977414
vn -0.8987809584920494 0 0.4383979797536858
vn 0.8987809584920494 0 -0.4383979797536858
vn 0 -0.999495301190958 -0.0317670095727674
vn 0 0.999495301190958 0.0317670095727674
vn 0.9158115616742718 0 0.4016082463094251
vn 0.9074814293182221 0 0.42009219874041503
vn -0.9074814293182221 0 -0.42009219874041503
vn -0.9158115616742718 0 -0.4016082463094251
vn 0.0024880007301487056 0.9922342911890556 0.1243580364951096
vn -0.0024880007301487056 -0.9922342911890556 -0.1243580364951096
vn -0.9158115616742718 0 0.4016082463094251
vn -0.9074814293182221 0 0.42009219874041503
vn 0.9074814293182221 0 -0.42009219874041503
vn 0.9158115616742718 0 -0.4016082463094251
vn 0.009747998149240373 0.9923958115832529 0.12270097670393343
vn -0.009747998149240373 -0.9923958115832529 -0.12270097670393343
vn -0.005111001819235867 0.9926673533350441 0.12077004298750063
vn 0.005111001819235867 -0.9926673533350441 -0.12077004298750063
vn 0.9264788138472629 0 0.3763469243825018
vn -0.9264788138472629 0 -0.3763469243825018
vn -0.9264788138472629 0 0.3763469243825018
vn 0.9264788138472629 0 -0.3763469243825018
vn 0.009917002257888457 0.9923852259448054 0.12277302795278203
vn -0.009917002257888457 -0.9923852259448054 -0.12277302795278203
vn -0.004761999924474681 0.9928239842538117 0.11948999810488863
vn 0.004761999924474681 -0.9928239842538117 -0.11948999810488863
vn 0.9291451801380392 0 0.3697150716785164
vn -0.9291451801380392 0 -0.3697150716785164
vn 0 -0.9994003052523784 -0.0346270105763199
vn 0 0.9994003052523784 0.0346270105763199
vn 0.9355021304815075 0 0.35332104928034014
vn -0.9355021304815075 0 -0.35332104928034014
vn 0.00276700096196327 0.993280345319435 0.1157000402237623
vn -0.00276700096196327 -0.993280345319435 -0.1157000402237623
vn -0.9355021304815075 0 0.35332104928034014
vn 0.9355021304815075 0 -0.35332104928034014
vn -0.9291451801380392 0 0.3697150716785164
vn 0.9291451801380392 0 -0.3697150716785164
vn 0.9473476419249216 0 0.3202068789693475
vn -0.9473476419249216 0 -0.3202068789693475
vn 0.00984999548096101 0.9930835443872774 0.11699594632391008
vn -0.00984999548096101 -0.9930835443872774 -0.11699594632391008
vn -0.004452999685090553 0.9933279297533413 0.11523799185054236
vn 0.004452999685090553 -0.9933279297533413 -0.11523799185054236
vn -0.9473476419249216 0 0.3202068789693475
vn 0.9473476419249216 0 -0.3202068789693475
vn 0 -0.9992971526901184 -0.0374860057277684
vn 0 0.9992971526901184 0.0374860057277684
vn 0.9415697975512164 0 0.33681792758011153
vn -0.9415697975512164 0 -0.33681792758011153
vn 0.00964799560178372 0.993682547011531 0.11181194902846613
vn -0.00964799560178372 -0.993682547011531 -0.11181194902846613
vn -0.0043649993720141335 0.9938958570097042 0.11023598414051546
vn 0.0043649993720141335 -0.9938958570097042 -0.11023598414051546
vn -0.9415697975512164 0 0.33681792758011153
vn 0.9415697975512164 0 -0.33681792758011153
vn 0.9528323576776125 0 0.3034971139278303
vn -0.9528323576776125 0 -0.3034971139278303
vn 0 -0.9991858093448743 -0.04034499230175258
vn 0 0.9991858093448743 0.04034499230175258
vn -0.9528323576776125 0 0.3034971139278303
vn 0.9528323576776125 0 -0.3034971139278303
vn 0.958023728258045 0 0.2866889186811298
vn -0.958023728258045 0 -0.2866889186811298
vn 0.009904996744134009 0.9936546733763229 0.11203696317239191
vn -0.009904996744134009 -0.9936546733763229 -0.11203696317239191
vn -0.004074000903943495 0.9940212205544469 0.10911102420966584
vn 0.004074000903943495 -0.9940212205544469 -0.10911102420966584
vn -0.958023728258045 0 0.2866889186811298
vn 0.958023728258045 0 -0.2866889186811298
vn 0 -0.9990662707609831 -0.04320401170889362
vn 0 0.9990662707609831 0.04320401170889362
vn 0.9675159485494381 0 0.25280998655607084
vn -0.9675159485494381 0 -0.25280998655607084
vn 0.0031249988343162774 0.9944416290544472 0.10524296074238335
vn -0.0031249988343162774 -0.9944416290544472 -0.10524296074238335
vn -0.9675159485494381 0 0.25280998655607084
vn 0.9675159485494381 0 -0.25280998655607084
vn 0.9758120835953853 0 0.21861101872786026
vn -0.9758120835953853 0 -0.21861101872786026
vn 0.009893995041323862 0.9942945016791095 0.10620994676965911
vn -0.009893995041323862 -0.9942945016791095 -0.10620994676965911
vn -0.0038310011071843817 0.9944752874098637 0.10490103031708399
vn 0.0038310011071843817 -0.9944752874098637 -0.10490103031708399
vn -0.9758120835953853 0 0.21861101872786026
vn 0.9758120835953853 0 -0.21861101872786026
vn 0.9718142088914866 0 0.23574805067404894
vn -0.9718142088914866 0 -0.23574805067404894
vn 0.009706003480704503 0.9948313567600188 0.10107603624723763
vn -0.009706003480704503 -0.9948313567600188 -0.10107603624723763
vn -0.003761999084124506 0.9949867577660259 0.09993597567013997
vn 0.003761999084124506 -0.9949867577660259 -0.09993597567013997
vn -0.9718142088914866 0 0.23574805067404894
vn 0.9718142088914866 0 -0.23574805067404894
vn 0.9795078536125622 0 0.20140596989988005
vn -0.9795078536125622 0 -0.20140596989988005
vn 0 -0.9989385376463996 -0.04606297867998557
vn 0 0.9989385376463996 0.04606297867998557
vn -0.9795078536125622 0 0.20140596989988005
vn 0.9795078536125622 0 -0.20140596989988005
vn 0.9829007826329904 0 0.18413595927861331
vn -0.9829007826329904 0 -0.18413595927861331
vn 0.01006099676538503 0.9947956801727429 0.10139196740243703
vn -0.01006099676538503 -0.9947956801727429 -0.10139196740243703
vn -0.0034870008179022902 0.995096233407312 0.09885002318601702
vn 0.0034870008179022902 -0.995096233407312 -0.09885002318601702
vn -0.9829007826329904 0 0.18413595927861331
vn 0.9829007826329904 0 -0.18413595927861331
vn 0 -0.9988026518923665 -0.04892098294981739
vn 0 0.9988026518923665 0.04892098294981739
vn 0.9887724479016609 0 0.14942906768951517
vn -0.9887724479016609 0 -0.14942906768951517
vn 0.003485000989123576 0.9954852825416594 0.09485202692119066
vn -0.003485000989123576 -0.9954852825416594 -0.09485202692119066
vn -0.9887724479016609 0 0.14942906768951517
vn 0.9887724479016609 0 -0.14942906768951517
vn 0.9912494420948715 0 0.13200205887260139
vn -0.9912494420948715 0 -0.13200205887260139
vn 0.010099004434549565 0.9953724370755984 0.09556004196114035
vn -0.010099004434549565 -0.9953724370755984 -0.09556004196114035
vn -0.0032840008272267763 0.9954962507615551 0.09474402386564362
vn 0.0032840008272267763 -0.9954962507615551 -0.09474402386564362
vn -0.9912494420948715 0 0.13200205887260139
vn 0.9912494420948715 0 -0.13200205887260139
vn 0.9934194382719175 0 0.11453305052912972
vn -0.9934194382719175 0 -0.11453305052912972
vn 0 -0.9986586207270043 -0.05177798033563291
vn 0 0.9986586207270043 0.05177798033563291
vn 0.009929997695679756 0.9958417689084713 0.09055697898566684
vn -0.009929997695679756 -0.9958417689084713 -0.09055697898566684
vn -0.0032300016556072175 0.9959515104964904 0.08983404604638352
vn 0.0032300016556072175 -0.9959515104964904 -0.08983404604638352
vn -0.9934194382719175 0 0.11453305052912972
vn 0.9934194382719175 0 -0.11453305052912972
vn 0 -0.9985063917835305 -0.054635021437120256
vn 0 0.9985063917835305 0.054635021437120256
vn 0.010314002507097093 0.9958052420573803 0.09091502209935351
vn -0.010314002507097093 -0.9958052420573803 -0.09091502209935351
vn -0.002994000194376487 0.996054064665824 0.0886980057584521
vn 0.002994000194376487 -0.996054064665824 -0.0886980057584521
vn 0.9968355070849004 0 0.07949196069282499
vn -0.9968355070849004 0 -0.07949196069282499
vn 0.0039819997687234685 0.9964109421279559 0.08455399508906182
vn -0.0039819997687234685 -0.9964109421279559 -0.08455399508906182
vn -0.9968355070849004 0 0.07949196069282499
vn 0.9968355070849004 0 -0.07949196069282499
vn 0.9990160545682565 0 0.0443500024224859
vn -0.9990160545682565 0 -0.0443500024224859
vn 0.010668002435905285 0.9958742273954574 0.09011502057664086
vn -0.010668002435905285 -0.9958742273954574 -0.09011502057664086
vn -0.002810000525238322 0.9959691861640877 0.0896520167575324
vn 0.002810000525238322 -0.9959691861640877 -0.0896520167575324
vn -0.9990160545682565 0 0.0443500024224859
vn 0.9990160545682565 0 -0.0443500024224859
vn 0.010504004058810976 0.9963243849857946 0.08501403284993872
vn -0.010504004058810976 -0.9963243849857946 -0.08501403284993872
vn -0.0027689991597597934 0.996400697646738 0.08472297429119861
vn 0.0027689991597597934 -0.996400697646738 -0.08472297429119861
vn 0.9996420208980166 0 0.026755000559326673
vn -0.9996420208980166 0 -0.026755000559326673
vn 0 -0.9983459671644017 -0.05749199810908822
vn 0 0.9983459671644017 0.05749199810908822
vn 0.9998215681851566 0 0.018889991841565406
vn -0.9998215681851566 0 -0.018889991841565406
vn 0.010340004657118469 0.9967484489336091 0.0799100359913285
vn -0.010340004657118469 -0.9967484489336091 -0.0799100359913285
vn -0.0027269994700663347 0.9968078062918531 0.07979198449414485
vn 0.0027269994700663347 -0.9968078062918531 -0.07979198449414485
vn -0.9998215681851566 0 0.018889991841565406
vn -0.9996420208980166 0 0.026755000559326673
vn 0.9996420208980166 0 -0.026755000559326673
vn 0.9998215681851566 0 -0.018889991841565406
vn 0.01098100441119664 0.9966904003820762 0.08054603235627399
vn -0.01098100441119664 -0.9966904003820762 -0.08054603235627399
vn -0.0024390001037721395 0.9969010424151494 0.07862800334538572
vn 0.0024390001037721395 -0.9969010424151494 -0.07862800334538572
vn 0 -0.9981773970585778 -0.06034802400545299
vn 0 0.9981773970585778 0.06034802400545299
vn 0.9999392448601526 0 0.011023002699258117
vn -0.9999392448601526 0 -0.011023002699258117
vn 0.9999662809405659 0 0.008212002307162371
vn -0.9999662809405659 0 -0.008212002307162371
vn 0.004547999273952906 0.9972168408033191 0.07441698811999854
vn -0.004547999273952906 -0.9972168408033191 -0.07441698811999854
vn -0.9999662809405659 0 0.008212002307162371
vn 0.9999662809405659 0 -0.008212002307162371
vn -0.9999392448601526 0 0.011023002699258117
vn 0.9999392448601526 0 -0.011023002699258117
vn 0 -0.9980006299329519 -0.06320397656343259
vn 0 0.9980006299329519 0.06320397656343259
vn 0.9999966924045647 0 0.002571999208862167
vn -0.9999966924045647 0 -0.002571999208862167
vn 0.011170000093464976 0.997126008343452 0.0749330006270019
vn -0.011170000093464976 -0.997126008343452 -0.0749330006270019
vn -0.002257000724394655 0.9971893200524509 0.07488902403597311
vn 0.002257000724394655 -0.9971893200524509 -0.07488902403597311
vn -0.9999966924045647 0 0.002571999208862167
vn 0.9999966924045647 0 -0.002571999208862167
vn 0 -0.997815654029434 -0.06605997709516022
vn 0 0.997815654029434 0.06605997709516022
vn 0.9999854090796148 0 0.0054020022098812265
vn -0.9999854090796148 0 -0.0054020022098812265
vn 0.011510994398233493 0.9974445145987322 0.0705119656857128
vn -0.011510994398233493 -0.9974445145987322 -0.0705119656857128
vn -0.001967999329154407 0.9976386599279845 0.06865297659778329
vn 0.001967999329154407 -0.9976386599279845 -0.06865297659778329
vn -0.9999854090796148 0 0.0054020022098812265
vn 0.9999854090796148 0 -0.0054020022098812265
vn 0.9999999667180015 0 -0.0002579999914132444
vn -0.9999999667180015 0 0.0002579999914132444
vn 0 -0.9976226061760838 -0.06891397279535319
vn 0 0.9976226061760838 0.06891397279535319
vn 0.005123999227536679 0.9979138495605069 0.06435599029807777
vn -0.005123999227536679 -0.9979138495605069 -0.06435599029807777
vn -0.9999999667180015 0 -0.0002579999914132444
vn 0.9999999667180015 0 0.0002579999914132444
vn 0.9999952321144203 0 -0.003088000716772914
vn -0.9999952321144203 0 0.003088000716772914
vn 0.011844997254738605 0.9978087687423784 0.06509498491323001
vn -0.011844997254738605 -0.9978087687423784 -0.06509498491323001
vn -0.0017209992521459612 0.9978755663767594 0.0651259716997431
vn 0.0017209992521459612 -0.9978755663767594 -0.0651259716997431
vn -0.9999952321144203 0 -0.003088000716772914
vn 0.9999952321144203 0 0.003088000716772914
vn 0 -0.99742135056125 -0.07176802522413282
vn 0 0.99742135056125 0.07176802522413282
vn 0.01169000494192141 0.9981184219521567 0.06019102544561091
vn -0.01169000494192141 -0.9981184219521567 -0.06019102544561091
vn -0.001698000196251478 0.9981821153678992 0.0602460069631134
vn 0.001698000196251478 -0.9981821153678992 -0.0602460069631134
vn 0 -0.9972118923868817 -0.07462199194724278
vn 0 0.9972118923868817 0.07462199194724278
vn 0.9999824884675653 0 -0.005918002890803085
vn -0.9999824884675653 0 0.005918002890803085
vn 0.012261998497819445 0.9980908777268884 0.060532992584285135
vn -0.012261998497819445 -0.9980908777268884 -0.060532992584285135
vn -0.0013779996113704035 0.9982737184623933 0.05871698344037443
vn 0.0013779996113704035 -0.9982737184623933 -0.05871698344037443
vn -0.9999824884675653 0 -0.005918002890803085
vn 0.9999824884675653 0 0.005918002890803085
vn 0.999961735536155 0 -0.008747997686382366
vn -0.999961735536155 0 0.008747997686382366
vn 0.0057020020772140766 0.9985093637525343 0.05428201977469914
vn -0.0057020020772140766 -0.9985093637525343 -0.05428201977469914
vn -0.999961735536155 0 -0.008747997686382366
vn 0.999961735536155 0 0.008747997686382366
vn 0 -0.9969942932853559 -0.07747502279079208
vn 0 0.9969942932853559 0.07747502279079208
vn 0.999882166417902 0 -0.0153510025549827
vn -0.999882166417902 0 0.0153510025549827
vn 0.012518003703245397 0.9983952953588184 0.055228016338299796
vn -0.012518003703245397 -0.9983952953588184 -0.055228016338299796
vn -0.0011609995571681502 0.9984656191623207 0.05536297888329053
vn 0.0011609995571681502 -0.9984656191623207 -0.05536297888329053
vn -0.999882166417902 0 -0.0153510025549827
vn 0.999882166417902 0 0.0153510025549827
vn 0.9998961993393262 0 -0.01440800287237974
vn -0.9998961993393262 0 0.01440800287237974
vn 0.9999329727153294 0 -0.011577999684076917
vn -0.9999329727153294 0 0.011577999684076917
vn 0.01278200221577945 0.998643173116307 0.0504820087511327
vn -0.01278200221577945 -0.998643173116307 -0.0504820087511327
vn -0.0008739998896042069 0.9988108738392076 0.048744993842971464
vn 0.0008739998896042069 -0.9988108738392076 -0.048744993842971464
vn -0.9998961993393262 0 -0.01440800287237974
vn -0.9999329727153294 0 -0.011577999684076917
vn 0.9999329727153294 0 0.011577999684076917
vn 0.9998961993393262 0 0.01440800287237974
vn 0.9998429146364152 -0.00007699999342597184 -0.017723998486778247
vn -0.9998429146364152 0.00007699999342597184 0.017723998486778247
vn 0 -0.9979822193764757 -0.06349401395725568
vn 0 0.9979822193764757 0.06349401395725568
vn 0.006239998687775214 0.9990037899170175 0.04418699070780823
vn -0.006239998687775214 -0.9990037899170175 -0.04418699070780823
vn -0.9998429146364152 -0.00007699999342597184 -0.017723998486778247
vn 0.9998429146364152 0.00007699999342597184 0.017723998486778247
vn 0.9998434362247874 -0.00024600010732814823 -0.0176930077193371
vn -0.9998434362247874 0.00024600010732814823 0.0176930077193371
vn 0.9998514145159859 0 -0.01723800714649139
vn -0.9998514145159859 0 0.01723800714649139
vn -0.9998514145159859 0 -0.01723800714649139
vn 0.9998514145159859 0 0.01723800714649139
vn 0.01320299756689242 0.9988838159212124 0.04535199164233167
vn -0.01320299756689242 -0.9988838159212124 -0.04535199164233167
vn -0.0005800001950781684 0.998959335991538 0.04560601533919818
vn 0.0005800001950781684 -0.998959335991538 -0.04560601533919818
vn -0.9998434362247874 -0.00024600010732814823 -0.0176930077193371
vn 0.9998434362247874 0.00024600010732814823 0.0176930077193371
vn 0.9997877694469675 -0.0013359996919158348 -0.020557995259285727
vn -0.9997877694469675 0.0013359996919158348 0.020557995259285727
vn 0.9998469322398759 0.000045999996882557315 -0.017495998814287452
vn -0.9998469322398759 -0.000045999996882557315 0.017495998814287452
vn 0 -0.9999795326076758 -0.006397997009564101
vn 0 0.9999795326076758 0.006397997009564101
vn -0.9998469322398759 0.000045999996882557315 -0.017495998814287452
vn 0.9998469322398759 -0.000045999996882557315 0.017495998814287452
vn 0.013048997360638291 0.9990967979172071 0.04043899182058793
vn -0.013048997360638291 -0.9990967979172071 -0.04043899182058793
vn -0.0005730001543075299 0.9991702690740919 0.04072401096687583
vn 0.0005730001543075299 -0.9991702690740919 -0.04072401096687583
vn -0.9997877694469675 -0.0013359996919158348 -0.020557995259285727
vn 0.9997877694469675 0.0013359996919158348 0.020557995259285727
vn 0.9997872465785587 -0.0016200003995423674 -0.020563005071475127
vn -0.9997872465785587 0.0016200003995423674 0.020563005071475127
vn -0.9997903593402165 -0.001235000443878382 -0.020438007345737953
vn 0.9997903593402165 0.001235000443878382 0.020438007345737953
vn 0.01628199652639109 0.9990537868613882 0.040328991396193725
vn -0.01628199652639109 -0.9990537868613882 -0.040328991396193725
vn -0.00024600002746393663 0.9992461115578406 0.03882200433416645
vn 0.00024600002746393663 -0.9992461115578406 -0.03882200433416645
vn -0.9997872465785587 -0.0016200003995423674 -0.020563005071475127
vn 0.9997872465785587 0.0016200003995423674 0.020563005071475127
vn 0.9996911489210023 -0.004172000621490463 -0.024499003649543345
vn -0.9996911489210023 0.004172000621490463 0.024499003649543345
vn 0.9997903593402165 -0.001235000443878382 -0.020438007345737953
vn -0.9997903593402165 0.001235000443878382 0.020438007345737953
vn 0 -0.9968138570743474 0.07976298856338411
vn 0 0.9968138570743474 -0.07976298856338411
vn 0.9996546505657798 -0.005545998061368987 -0.025686991020985428
vn -0.9996546505657798 0.005545998061368987 0.025686991020985428
vn 0.009485003039540849 0.9996943203595939 0.022832007316689155
vn -0.009485003039540849 -0.9996943203595939 -0.022832007316689155
vn -0.9996911489210023 -0.004172000621490463 -0.024499003649543345
vn -0.9996546505657798 -0.005545998061368987 -0.025686991020985428
vn 0.9996546505657798 0.005545998061368987 0.025686991020985428
vn 0.9996911489210023 0.004172000621490463 0.024499003649543345
vn 0.9997868219049899 -0.0003689999342689406 -0.02064399632262333
vn -0.9997868219049899 0.0003689999342689406 0.02064399632262333
vn -0.9997868219049899 -0.0003689999342689406 -0.02064399632262333
vn 0.9997868219049899 0.0003689999342689406 0.02064399632262333
vn 0.9996679986759399 -0.004010999994687431 -0.02545199996628883
vn -0.9996679986759399 0.004010999994687431 0.02545199996628883
vn 0.021986997763548663 0.9996068983229903 0.017395998230531336
vn -0.021986997763548663 -0.9996068983229903 -0.017395998230531336
vn -0.000004000000335372042 0.9999730838407468 0.007337000615156168
vn 0.000004000000335372042 -0.9999730838407468 -0.007337000615156168
vn -0.9996679986759399 -0.004010999994687431 -0.02545199996628883
vn 0.9996679986759399 0.004010999994687431 0.02545199996628883
vn -0.9997309071519958 -0.002482999769396373 -0.023063997857977428
vn 0.9997309071519958 0.002482999769396373 0.023063997857977428
vn 0.9997309071519958 -0.002482999769396373 -0.023063997857977428
vn -0.9997309071519958 0.002482999769396373 0.023063997857977428
vn 0 -0.9862381320548292 0.16533102213741205
vn 0 0.9862381320548292 -0.16533102213741205
vn 0.999705405102206 -0.0028460011532610904 -0.024104009767464976
vn -0.999705405102206 0.0028460011532610904 0.024104009767464976
vn 0.005319001017240425 0.9995391911583901 -0.029885005715403288
vn -0.005319001017240425 -0.9995391911583901 0.029885005715403288
vn -0.999705405102206 -0.0028460011532610904 -0.024104009767464976
vn 0.999705405102206 0.0028460011532610904 0.024104009767464976
vn 0.9997609161590532 -0.0005009999579856443 -0.021859998166798768
vn -0.9997609161590532 0.0005009999579856443 0.021859998166798768
vn -0.999799562334838 0.00290499872832837 -0.019808991328556517
vn -0.9998091016076048 0.004061000412707311 -0.019112001942295523
vn 0.9998091016076048 -0.004061000412707311 0.019112001942295523
vn 0.999799562334838 -0.00290499872832837 0.019808991328556517
vn -0.9997609161590532 -0.0005009999579856443 -0.021859998166798768
vn 0.9997609161590532 0.0005009999579856443 0.021859998166798768
vn 0.9997628723647812 0.001400999821140669 -0.021730997225701553
vn -0.9997628723647812 -0.001400999821140669 0.021730997225701553
vn 0 0.9987438556890138 -0.05010699275991587
vn 0 -0.9987438556890138 0.05010699275991587
vn -0.9997628723647812 0.001400999821140669 -0.021730997225701553
vn 0.9997628723647812 -0.001400999821140669 0.021730997225701553
vn 0.999799562334838 0.00290499872832837 -0.019808991328556517
vn -0.999799562334838 -0.00290499872832837 0.019808991328556517
vn 0 -0.9683307415515913 0.2496709333625871
vn 0 0.9683307415515913 -0.2496709333625871
vn 0.9998091016076048 0.004061000412707311 -0.019112001942295523
vn -0.9998091016076048 -0.004061000412707311 0.019112001942295523
vn -0.9998079060610532 0.004340999592132721 -0.019112998204200114
vn 0.9998079060610532 -0.004340999592132721 0.019112998204200114
vn 0.9997757285799221 0.0015749995724175989 -0.021118994266595092
vn -0.9997757285799221 -0.0015749995724175989 0.021118994266595092
vn 0 0.9900752796621484 -0.14053803969715323
vn 0 -0.9900752796621484 0.14053803969715323
vn -0.9997757285799221 0.0015749995724175989 -0.021118994266595092
vn 0.9997757285799221 -0.0015749995724175989 0.021118994266595092
vn 0.9997844781800339 0.0014030006710315304 -0.020713009906682886
vn -0.9997844781800339 -0.0014030006710315304 0.020713009906682886
vn -0.9998118176498383 0.005091999071298381 -0.01871899658594548
vn 0.9998118176498383 -0.005091999071298381 0.01871899658594548
vn 0.9998079060610532 0.004340999592132721 -0.019112998204200114
vn -0.9998079060610532 -0.004340999592132721 0.019112998204200114
vn -0.9997844781800339 0.0014030006710315304 -0.020713009906682886
vn 0.9997844781800339 -0.0014030006710315304 0.020713009906682886
vn -0.9997899656802106 0.0030049998968473706 -0.020272999304088768
vn 0.9997899656802106 -0.0030049998968473706 0.020272999304088768
vn 0.999775731849687 0.002417999351467272 -0.02103899435712156
vn -0.999775731849687 -0.002417999351467272 0.02103899435712156
vn -0.999775731849687 0.002417999351467272 -0.02103899435712156
vn 0.999775731849687 -0.002417999351467272 0.02103899435712156
vn 0 -0.9432251507552162 0.3321540530880205
vn 0 0.9432251507552162 -0.3321540530880205
vn 0.9998118176498383 0.005091999071298381 -0.01871899658594548
vn -0.9998118176498383 -0.005091999071298381 0.01871899658594548
vn -0.9998013085157359 0.004278001320093016 -0.019469006007688392
vn 0.9998013085157359 -0.004278001320093016 0.019469006007688392
vn 0.9997899656802106 0.0030049998968473706 -0.020272999304088768
vn -0.9997899656802106 -0.0030049998968473706 0.020272999304088768
vn -0.999784697035789 0.0030469990766695326 -0.02052499378032234
vn 0.999784697035789 -0.0030469990766695326 0.02052499378032234
vn 0 0.9732357624443717 -0.22980894390628648
vn 0 -0.9732357624443717 0.22980894390628648
vn -0.9998067811858111 0.004807998947738293 -0.01905999582859648
vn 0.9998067811858111 -0.004807998947738293 0.01905999582859648
vn 0.9998013085157359 0.004278001320093016 -0.019469006007688392
vn -0.9998013085157359 -0.004278001320093016 0.019469006007688392
vn 0.999784697035789 0.0030469990766695326 -0.02052499378032234
vn -0.999784697035789 -0.0030469990766695326 0.02052499378032234
vn -0.9997730955638159 0.002346000224243615 -0.021172002023736498
vn 0.9997730955638159 -0.002346000224243615 0.021172002023736498
vn 0.9997730955638159 0.002346000224243615 -0.021172002023736498
vn -0.9997730955638159 -0.002346000224243615 0.021172002023736498
vn 0 -0.9111078870736512 0.4121679489142589
vn 0 0.9111078870736512 -0.4121679489142589
vn 0.9998067811858111 0.004807998947738293 -0.01905999582859648
vn -0.9998067811858111 -0.004807998947738293 0.01905999582859648
vn -0.9997925616900372 0.0040879982078178894 -0.019952991252590594
vn 0.9997925616900372 -0.0040879982078178894 0.019952991252590594
vn -0.9997770297363685 0.0029290000871172507 -0.02091200062198564
vn 0.9997770297363685 -0.0029290000871172507 0.02091200062198564
vn -0.999768244973243 0.002154000527794814 -0.021420005248544528
vn 0.999768244973243 -0.002154000527794814 0.021420005248544528
vn 0 0.9483643167608474 -0.3171831059415539
vn 0 -0.9483643167608474 0.3171831059415539
vn -0.9997998166427293 0.004471999179862258 -0.019501996423451195
vn 0.9997998166427293 -0.004471999179862258 0.019501996423451195
vn 0.9997925616900372 0.0040879982078178894 -0.019952991252590594
vn -0.9997925616900372 -0.0040879982078178894 0.019952991252590594
vn 0.9997770297363685 0.0029290000871172507 -0.02091200062198564
vn -0.9997770297363685 -0.0029290000871172507 0.02091200062198564
vn 0.999768244973243 0.002154000527794814 -0.021420005248544528
vn -0.999768244973243 -0.002154000527794814 0.021420005248544528
vn 0 -0.8722177132811515 0.48911783921525376
vn 0 0.8722177132811515 -0.48911783921525376
vn 0.9997998166427293 0.004471999179862258 -0.019501996423451195
vn -0.9997998166427293 -0.004471999179862258 0.019501996423451195
vn -0.9997878171443237 0.004162999238610405 -0.02017399631028737
vn 0.9997878171443237 -0.004162999238610405 0.02017399631028737
vn -0.9997740192151569 0.0030860000593113785 -0.021033000404243753
vn 0.9997740192151569 -0.0030860000593113785 0.021033000404243753
vn -0.9997672107404527 0.0021760004586780972 -0.02146600452480884
vn 0.9997672107404527 -0.0021760004586780972 0.02146600452480884
vn 0 0.915666005880407 -0.4019400025812587
vn 0 -0.915666005880407 0.4019400025812587
vn -0.9997956173977863 0.004328998343377066 -0.019747992442829824
vn 0.9997956173977863 -0.004328998343377066 0.019747992442829824
vn 0.9997878171443237 0.004162999238610405 -0.02017399631028737
vn -0.9997878171443237 -0.004162999238610405 0.02017399631028737
vn 0.9997740192151569 0.0030860000593113785 -0.021033000404243753
vn -0.9997740192151569 -0.0030860000593113785 0.021033000404243753
vn 0.9997672107404527 0.0021760004586780972 -0.02146600452480884
vn -0.9997672107404527 -0.0021760004586780972 0.02146600452480884
vn 0 -0.8268433715533148 0.5624322527365824
vn 0 0.8268433715533148 -0.5624322527365824
vn 0.9997956173977863 0.004328998343377066 -0.019747992442829824
vn -0.9997956173977863 -0.004328998343377066 0.019747992442829824
vn -0.9997903412125052 0.004586001565129226 -0.019956006810666997
vn 0.9997903412125052 -0.004586001565129226 0.019956006810666997
vn -0.999777777245037 0.0036969991762920394 -0.020753995375916955
vn 0.999777777245037 -0.0036969991762920394 0.020753995375916955
vn -0.9997719738139728 0.0025279999337866265 -0.021203999444624852
vn 0.9997719738139728 -0.0025279999337866265 0.021203999444624852
vn 0 0.8754111415706257 -0.4833790781715874
vn 0 -0.8754111415706257 0.4833790781715874
vn -0.9997984479427984 0.004307001929679428 -0.019609008785485004
vn 0.9997984479427984 -0.004307001929679428 0.019609008785485004
vn 0.9997903412125052 0.004586001565129226 -0.019956006810666997
vn -0.9997903412125052 -0.004586001565129226 0.019956006810666997
vn 0.999777777245037 0.0036969991762920394 -0.020753995375916955
vn -0.999777777245037 -0.0036969991762920394 0.020753995375916955
vn 0.9997719738139728 0.0025279999337866265 -0.021203999444624852
vn -0.9997719738139728 -0.0025279999337866265 0.021203999444624852
vn 0 -0.7753229598561041 0.6315649672994615
vn 0 0.7753229598561041 -0.6315649672994615
vn 0.9997984479427984 0.004307001929679428 -0.019609008785485004
vn -0.9997984479427984 -0.004307001929679428 0.019609008785485004
vn -0.9997723666595844 0.0038090013969248556 -0.020993007699040035
vn 0.9997723666595844 -0.0038090013969248556 0.020993007699040035
vn -0.9997579098348373 0.0030309997266432394 -0.02179299803455497
vn 0.9997579098348373 -0.0030309997266432394 0.02179299803455497
vn -0.9997575773820664 0.0019539991740046667 -0.021930990729322593
vn 0.9997575773820664 -0.0019539991740046667 0.021930990729322593
vn 0 0.8279314520498683 -0.560829306212324
vn 0 -0.8279314520498683 0.560829306212324
vn -0.9997871424546811 0.003510000500122457 -0.020331002896863154
vn 0.9997871424546811 -0.003510000500122457 0.020331002896863154
vn 0.9997723666595844 0.0038090013969248556 -0.020993007699040035
vn -0.9997723666595844 -0.0038090013969248556 0.020993007699040035
vn 0.9997579098348373 0.0030309997266432394 -0.02179299803455497
vn -0.9997579098348373 -0.0030309997266432394 0.02179299803455497
vn 0.9997575773820664 0.0019539991740046667 -0.021930990729322593
vn -0.9997575773820664 -0.0019539991740046667 0.021930990729322593
vn 0 -0.7473752211375237 0.6644021965870053
vn 0 0.7473752211375237 -0.6644021965870053
vn 0.9997871424546811 0.003510000500122457 -0.020331002896863154
vn -0.9997871424546811 -0.003510000500122457 0.020331002896863154
vn -0.9997297254912504 0.002078999429142178 -0.02315499364203325
vn 0.9997297254912504 -0.002078999429142178 0.02315499364203325
vn -0.9997160377907666 0.0013710000518258594 -0.023790000899297736
vn 0.9997160377907666 -0.0013710000518258594 0.023790000899297736
vn -0.9997172105909524 0.0003910000823643715 -0.02377700500863852
vn 0.9997172105909524 -0.0003910000823643715 0.02377700500863852
vn 0 0.7736190205156032 -0.6336510168037917
vn 0 -0.7736190205156032 0.6336510168037917
vn -0.999745031629434 0.0018060000571373277 -0.022508000712096885
vn 0.999745031629434 -0.0018060000571373277 0.022508000712096885
vn 0.9997297254912504 0.002078999429142178 -0.02315499364203325
vn -0.9997297254912504 -0.002078999429142178 0.02315499364203325
vn 0.9997160377907666 0.0013710000518258594 -0.023790000899297736
vn -0.9997160377907666 -0.0013710000518258594 0.023790000899297736
vn 0.9997172105909524 0.0003910000823643715 -0.02377700500863852
vn -0.9997172105909524 -0.0003910000823643715 0.02377700500863852
vn 0 -0.7180379506492535 0.6960039521636501
vn 0 0.7180379506492535 -0.6960039521636501
vn 0.999745031629434 0.0018060000571373277 -0.022508000712096885
vn -0.999745031629434 -0.0018060000571373277 0.022508000712096885
vn -0.9997079291641976 0.0013049999075322772 -0.024131998290091123
vn 0.9997079291641976 -0.0013049999075322772 0.024131998290091123
vn -0.9997052412633937 0.0009650002328878769 -0.024259005854535755
vn 0.9997052412633937 -0.0009650002328878769 0.024259005854535755
vn -0.9997090124138869 0.00014000000173845003 -0.024122000299534943
vn 0.9997090124138869 -0.00014000000173845003 0.024122000299534943
vn 0 0.7129221699845485 -0.7012431671998827
vn 0 -0.7129221699845485 0.7012431671998827
vn -0.9997147594951501 0.0008189998029703745 -0.0238689942577532
vn 0.9997147594951501 -0.0008189998029703745 0.0238689942577532
vn 0.9997079291641976 0.0013049999075322772 -0.024131998290091123
vn -0.9997079291641976 -0.0013049999075322772 0.024131998290091123
vn 0.9997052412633937 0.0009650002328878769 -0.024259005854535755
vn -0.9997052412633937 -0.0009650002328878769 0.024259005854535755
vn 0.9997090124138869 0.00014000000173845003 -0.024122000299534943
vn -0.9997090124138869 -0.00014000000173845003 0.024122000299534943
vn 0 -0.6554160377257481 0.7552680434732297
vn 0 0.6554160377257481 -0.7552680434732297
vn 0.9997147594951501 0.0008189998029703745 -0.0238689942577532
vn -0.9997147594951501 -0.0008189998029703745 0.0238689942577532
vn -0.9997091008841494 0.0012940001305820888 -0.024084002430401104
vn 0.9997091008841494 -0.0012940001305820888 0.024084002430401104
vn -0.9997143772482897 0.0012560004739594042 -0.02386600900598339
vn 0.9997143772482897 -0.0012560004739594042 0.02386600900598339
vn -0.9997245421817492 0.000749999656541861 -0.0234579892575453
vn 0.9997245421817492 -0.000749999656541861 0.0234579892575453
vn 0 0.6463408498285381 -0.7630488227124941
vn 0 -0.6463408498285381 0.7630488227124941
vn -0.9997141571265861 0.0008250001296665181 -0.023894003755456708
vn 0.9997141571265861 -0.0008250001296665181 0.023894003755456708
vn 0.9997091008841494 0.0012940001305820888 -0.024084002430401104
vn -0.9997091008841494 -0.0012940001305820888 0.024084002430401104
vn 0.9997143772482897 0.0012560004739594042 -0.02386600900598339
vn -0.9997143772482897 -0.0012560004739594042 0.02386600900598339
vn 0.9997245421817492 0.000749999656541861 -0.0234579892575453
vn -0.9997245421817492 -0.000749999656541861 0.0234579892575453
vn 0 -0.5613229144717954 0.8275968738999016
vn 0 0.5613229144717954 -0.8275968738999016
vn 0.9997141571265861 0.0008250001296665181 -0.023894003755456708
vn -0.9997141571265861 -0.0008250001296665181 0.023894003755456708
vn -0.9997152032691139 0.0011650002368760273 -0.02383600484650385
vn 0.9997152032691139 -0.0011650002368760273 0.02383600484650385
vn -0.999719840648669 0.0012939997937416253 -0.023633996232835835
vn 0.999719840648669 -0.0012939997937416253 0.023633996232835835
vn -0.9997203240908867 0.0008410002726367739 -0.023634007661709294
vn 0.9997203240908867 -0.0008410002726367739 0.023634007661709294
vn 0 0.5744262428065776 -0.8185563459989292
vn 0 -0.5744262428065776 0.8185563459989292
vn -0.999718886410447 0.0006409999271686309 -0.023700997307057287
vn 0.999718886410447 -0.0006409999271686309 0.023700997307057287
vn 0.9997152032691139 0.0011650002368760273 -0.02383600484650385
vn -0.9997152032691139 -0.0011650002368760273 0.02383600484650385
vn 0.999719840648669 0.0012939997937416253 -0.023633996232835835
vn -0.999719840648669 -0.0012939997937416253 0.023633996232835835
vn 0.9997203240908867 0.0008410002726367739 -0.023634007661709294
vn -0.9997203240908867 -0.0008410002726367739 0.023634007661709294
vn 0 -0.6255150687538052 0.7802120857574062
vn 0 0.6255150687538052 -0.7802120857574062
vn 0.999718886410447 0.0006409999271686309 -0.023700997307057287
vn -0.999718886410447 -0.0006409999271686309 0.023700997307057287
vn -0.9997076852310881 0.0008329997377209109 -0.02416299239201725
vn 0.9997076852310881 -0.0008329997377209109 0.02416299239201725
vn -0.9997072899106575 0.001024000296955521 -0.024172007009774274
vn 0.9997072899106575 -0.001024000296955521 0.024172007009774274
vn 0 0.4507281372681483 -0.8926612718578001
vn 0 -0.4507281372681483 0.8926612718578001
vn -0.9997189214290939 0.0004959999610178766 -0.023702998137110336
vn 0.9997189214290939 -0.0004959999610178766 0.023702998137110336
vn 0.9997076852310881 0.0008329997377209109 -0.02416299239201725
vn -0.9997076852310881 -0.0008329997377209109 0.02416299239201725
vn 0.9997072899106575 0.001024000296955521 -0.024172007009774274
vn -0.9997072899106575 -0.001024000296955521 0.024172007009774274
vn -0.9995618423461199 0.00015099997618383266 -0.029598995331558027
vn 0.9995618423461199 -0.00015099997618383266 0.029598995331558027
vn 0 -0.7616429347051156 0.6479969444478724
vn 0 0.7616429347051156 -0.6479969444478724
vn 0.9997189214290939 0.0004959999610178766 -0.023702998137110336
vn -0.9997189214290939 -0.0004959999610178766 0.023702998137110336
vn -0.9996505862432086 0.00032899986382649104 -0.026430989060176248
vn 0.9996505862432086 -0.00032899986382649104 0.026430989060176248
vn -0.9996520610282604 0.0004110000250913468 -0.026374001610119664
vn 0.9996520610282604 -0.0004110000250913468 0.026374001610119664
vn 0.9995552572950521 0.00023400006023384625 -0.029820007675954253
vn -0.9995552572950521 -0.00023400006023384625 0.029820007675954253
vn 0 0.2584538916184171 -0.9660235949019543
vn 0 -0.2584538916184171 0.9660235949019543
vn -0.9997136191106831 0.0005239998003569 -0.023924990884616092
vn 0.9997136191106831 -0.0005239998003569 0.023924990884616092
vn 0.9996504837239886 0.0003170001533941923 -0.02643501279172074
vn -0.9996504837239886 -0.0003170001533941923 0.02643501279172074
vn 0.9996519867875998 0.0003989999947264171 -0.0263769996513752
vn -0.9996519867875998 -0.0003989999947264171 0.0263769996513752
vn -0.9996113218204187 0.000148000047647957 -0.02787800897520098
vn 0.9996113218204187 -0.000148000047647957 0.02787800897520098
vn -0.9995744111510287 -0.0006760002780565475 -0.02916401199591886
vn -0.9995850883098478 -0.0009190000811904442 -0.028789002543407723
vn 0.9995850883098478 0.0009190000811904442 0.028789002543407723
vn 0.9995744111510287 0.0006760002780565475 0.02916401199591886
vn 0 -0.8046472335014192 0.5937531723018518
vn 0 0.8046472335014192 -0.5937531723018518
vn 0.9997136191106831 0.0005239998003569 -0.023924990884616092
vn -0.9997136191106831 -0.0005239998003569 0.023924990884616092
vn 0.9996112120470491 0.00013600002884962118 -0.0278820059145966
vn -0.9996112120470491 -0.00013600002884962118 0.0278820059145966
vn -0.99951957636921 0.00048699979359272984 -0.0309899868653772
vn 0.99951957636921 -0.00048699979359272984 0.0309899868653772
vn 0.9995593347674706 -0.00048300016176402625 -0.029680009940282196
vn 0.9995627200729992 -0.0006309998232888398 -0.029562991720900107
vn -0.9995627200729992 0.0006309998232888398 0.029562991720900107
vn -0.9995593347674706 0.00048300016176402625 0.029680009940282196
vn 0 0.0830319901925525 -0.9965468822913771
vn 0 -0.0830319901925525 0.9965468822913771
vn -0.9995545000927346 -0.0007030003517220604 -0.02983801492842509
vn 0.9995545000927346 0.0007030003517220604 0.02983801492842509
vn -0.9995725694571986 -0.0005349997695612039 -0.029229987409857924
vn 0.9995725694571986 0.0005349997695612039 0.029229987409857924
vn -0.9996049763998266 0.00001299999969307651 -0.02810499933645503
vn 0.9996049763998266 -0.00001299999969307651 0.02810499933645503
vn 0.99951957636921 0.00048699979359272984 -0.0309899868653772
vn -0.99951957636921 -0.00048699979359272984 0.0309899868653772
vn -0.9994276516890301 0.0007139997511636331 -0.03382098821303254
vn 0.9994276516890301 -0.0007139997511636331 0.03382098821303254
vn -0.9996099652490599 -0.000009999999652355018 -0.027926999029131858
vn 0.9996099652490599 0.000009999999652355018 0.027926999029131858
vn 0.9995390809941543 -0.0005100000413260701 -0.030354002459630453
vn -0.9995390809941543 0.0005100000413260701 0.030354002459630453
vn 0.9995725694571986 -0.0005349997695612039 -0.029229987409857924
vn -0.9995725694571986 0.0005349997695612039 0.029229987409857924
vn -0.9995506723423455 -0.0003649998803512338 -0.02997199017503337
vn 0.9995506723423455 0.0003649998803512338 0.02997199017503337
vn -0.9994689167412444 0.00019299998392252303 -0.032585997285488784
vn 0.9994689167412444 -0.00019299998392252303 0.032585997285488784
vn 0 -0.8437955731066297 0.5366647284903808
vn 0 0.8437955731066297 -0.5366647284903808
vn -0.9996562149356062 0.00026100005611749764 -0.026218005637120893
vn 0.9996562149356062 -0.00026100005611749764 0.026218005637120893
vn 0.9996048359978469 -0.0000029999995077991215 -0.028109995388077767
vn -0.9996048359978469 0.0000029999995077991215 0.028109995388077767
vn 0.9996098813043306 -0.000021999997387676464 -0.02792999668353653
vn -0.9996098813043306 0.000021999997387676464 0.02792999668353653
vn 0.9994276516890301 0.0007139997511636331 -0.03382098821303254
vn -0.9994276516890301 -0.0007139997511636331 0.03382098821303254
vn -0.9994148702994446 0.000907999882162961 -0.03419199556268278
vn 0.9994148702994446 -0.000907999882162961 0.03419199556268278
vn -0.999599132424403 -0.00007000000927342686 -0.02831200375070373
vn 0.999599132424403 0.00007000000927342686 0.02831200375070373
vn 0.9994689167412444 0.00019299998392252303 -0.032585997285488784
vn -0.9994689167412444 -0.00019299998392252303 0.032585997285488784
vn 0.9995390350828213 -0.00022000000772178044 -0.0303590010655706
vn -0.9995390350828213 0.00022000000772178044 0.0303590010655706
vn 0 -0.05887801091866319 -0.9982651851238035
vn 0 0.05887801091866319 0.9982651851238035
vn -0.9994991646844924 0.00027700004564047026 -0.031644005213888236
vn 0.9994991646844924 -0.00027700004564047026 0.031644005213888236
vn -0.999539961776593 0.00012899999506691128 -0.030328998840188776
vn 0.999539961776593 -0.00012899999506691128 0.030328998840188776
vn 0.9996562149356062 0.00026100005611749764 -0.026218005637120893
vn -0.9996562149356062 -0.00026100005611749764 0.026218005637120893
vn 0 -0.8618649012005536 0.5071379418644989
vn 0 0.8618649012005536 -0.5071379418644989
vn -0.9995998703134206 -0.00004099999468072253 -0.0282859963302175
vn 0.9995998703134206 0.00004099999468072253 0.0282859963302175
vn -0.9995935077303064 -0.0000019999990150607274 -0.028509985959690672
vn 0.9995935077303064 0.0000019999990150607274 0.028509985959690672
vn 0.999599132424403 -0.00007000000927342686 -0.02831200375070373
vn -0.999599132424403 0.00007000000927342686 0.02831200375070373
vn 0.9994148702994446 0.000907999882162961 -0.03419199556268278
vn -0.9994148702994446 -0.000907999882162961 0.03419199556268278
vn -0.9994693900699911 0.0006270002447038222 -0.032566012709768215
vn 0.9994693900699911 -0.0006270002447038222 0.032566012709768215
vn -0.9995612898658193 0.00003700001072974567 -0.02961800858901641
vn 0.9995612898658193 -0.00003700001072974567 0.02961800858901641
vn -0.999606250492861 -0.0001900000476124029 -0.02805900703134954
vn 0.999606250492861 0.0001900000476124029 0.02805900703134954
vn 0.9994991646844924 0.00027700004564047026 -0.031644005213888236
vn -0.9994991646844924 -0.00027700004564047026 0.031644005213888236
vn 0.999539961776593 0.00012899999506691128 -0.030328998840188776
vn -0.999539961776593 -0.00012899999506691128 0.030328998840188776
vn -0.9994368786638729 0.0008519998965633848 -0.03354399592760819
vn 0.9994368786638729 -0.0008519998965633848 0.03354399592760819
vn 0.9995998703134206 -0.00004099999468072253 -0.0282859963302175
vn -0.9995998703134206 0.00004099999468072253 0.0282859963302175
vn 0.9995935077303064 -0.0000019999990150607274 -0.028509985959690672
vn -0.9995935077303064 0.0000019999990150607274 0.028509985959690672
vn -0.9996061811886328 -0.00008000001450080394 -0.0280620050865195
vn 0.9996061811886328 0.00008000001450080394 0.0280620050865195
vn 0 -0.8789010950017428 0.4770040515600862
vn 0 0.8789010950017428 -0.4770040515600862
vn 0.999606250492861 -0.0001900000476124029 -0.02805900703134954
vn -0.999606250492861 0.0001900000476124029 0.02805900703134954
vn 0.9995612898658193 0.00003700001072974567 -0.02961800858901641
vn -0.9995612898658193 -0.00003700001072974567 0.02961800858901641
vn 0.9994693900699911 0.0006270002447038222 -0.032566012709768215
vn -0.9994693900699911 -0.0006270002447038222 0.032566012709768215
vn -0.9994131586223718 0.000980000155541227 -0.03424000543442002
vn 0.9994131586223718 -0.000980000155541227 0.03424000543442002
vn -0.9994143401987006 0.0008880003022735784 -0.03420801164434074
vn 0.9994143401987006 -0.0008880003022735784 0.03420801164434074
vn -0.9995992448253758 -0.00034600008474356216 -0.028306006932807142
vn 0.9995992448253758 0.00034600008474356216 0.028306006932807142
vn -0.9996063073924812 -0.00030100009256160616 -0.02805600862760273
vn 0.9996063073924812 0.00030100009256160616 0.02805600862760273
vn 0.9994368786638729 0.0008519998965633848 -0.03354399592760819
vn -0.9994368786638729 -0.0008519998965633848 0.03354399592760819
vn 0 -0.19960201062551391 -0.9798770521622865
vn 0 0.19960201062551391 0.9798770521622865
vn -0.9995271615340975 0.0004450000719166899 -0.030745004968716027
vn 0.9995271615340975 -0.0004450000719166899 0.030745004968716027
vn -0.999496319788399 0.0007530002409220892 -0.03172601015072271
vn 0.999496319788399 -0.0007530002409220892 0.03172601015072271
vn 0.9996061811886328 -0.00008000001450080394 -0.0280620050865195
vn -0.9996061811886328 0.00008000001450080394 0.0280620050865195
vn 0 -0.9363293008566976 0.35112311282114117
vn 0 -0.9097949611567598 0.41505798227930735
vn 0 0.9097949611567598 -0.41505798227930735
vn 0 0.9363293008566976 -0.35112311282114117
vn 0.9996063073924812 -0.00030100009256160616 -0.02805600862760273
vn -0.9996063073924812 0.00030100009256160616 0.02805600862760273
vn 0.9995992448253758 -0.00034600008474356216 -0.028306006932807142
vn -0.9995992448253758 0.00034600008474356216 0.028306006932807142
vn 0.9994143401987006 0.0008880003022735784 -0.03420801164434074
vn -0.9994143401987006 -0.0008880003022735784 0.03420801164434074
vn 0.9994131586223718 0.000980000155541227 -0.03424000543442002
vn -0.9994131586223718 -0.000980000155541227 0.03424000543442002
vn -0.9994219781926126 0.0010339999774381205 -0.03397999925855642
vn 0.9994219781926126 -0.0010339999774381205 0.03397999925855642
vn -0.9994133693347782 0.0008220003037715016 -0.03423801265271127
vn 0.9994133693347782 -0.0008220003037715016 0.03423801265271127
vn -0.9994153058086376 0.0009540002919122089 -0.03417801045804557
vn 0.9994153058086376 -0.0009540002919122089 0.03417801045804557
vn -0.9994916051104401 0.0003659998553969627 -0.03188098740412723
vn 0.9994916051104401 -0.0003659998553969627 0.03188098740412723
vn -0.9995921181018157 -0.00039000004607850814 -0.028556003373891997
vn 0.9995921181018157 0.00039000004607850814 0.028556003373891997
vn 0 -0.9758322343632163 0.21852105248166115
vn 0 -0.9583769280426672 0.2855059785634982
vn 0 0.9583769280426672 -0.2855059785634982
vn 0 0.9758322343632163 -0.21852105248166115
vn 0.999496319788399 0.0007530002409220892 -0.03172601015072271
vn -0.999496319788399 -0.0007530002409220892 0.03172601015072271
vn 0.9995271615340975 0.0004450000719166899 -0.030745004968716027
vn -0.9995271615340975 -0.0004450000719166899 0.030745004968716027
vn -0.9994643866523677 0.0010610004104581678 -0.03270801265340787
vn 0.9994643866523677 -0.0010610004104581678 0.03270801265340787
vn -0.9994466414970548 0.0010869996100916794 -0.03324498807497504
vn 0.9994466414970548 -0.0010869996100916794 0.03324498807497504
vn 0.9995921181018157 -0.00039000004607850814 -0.028556003373891997
vn -0.9995921181018157 0.00039000004607850814 0.028556003373891997
vn 0.9994916051104401 0.0003659998553969627 -0.03188098740412723
vn -0.9994916051104401 -0.0003659998553969627 0.03188098740412723
vn 0.9994133693347782 0.0008220003037715016 -0.03423801265271127
vn -0.9994133693347782 -0.0008220003037715016 0.03423801265271127
vn 0.9994153058086376 0.0009540002919122089 -0.03417801045804557
vn -0.9994153058086376 -0.0009540002919122089 0.03417801045804557
vn 0.9994219781926126 0.0010339999774381205 -0.03397999925855642
vn -0.9994219781926126 -0.0010339999774381205 0.03397999925855642
vn -0.9994286060583021 0.0011129995612923882 -0.033781986684258275
vn 0.9994286060583021 -0.0011129995612923882 0.033781986684258275
vn 0 -0.930299846500538 -0.366799939478015
vn 0 -0.9728560741039093 -0.231411017626925
vn 0 0.9728560741039093 0.231411017626925
vn 0 0.930299846500538 0.366799939478015
vn 0 -0.8690058056729434 -0.49480188935241387
vn 0 0.8690058056729434 0.49480188935241387
vn -0.9995640380728952 -0.00009000000342805521 -0.029525001124592554
vn 0.9995640380728952 0.00009000000342805521 0.029525001124592554
vn -0.9995782212646606 -0.00024000005312593768 -0.02904000642823846
vn 0.9995782212646606 0.00024000005312593768 0.02904000642823846
vn 0 -0.9966540967048533 0.08173500793070733
vn 0 -0.9886118395048125 0.15048797556918206
vn 0 0.9886118395048125 -0.15048797556918206
vn 0 0.9966540967048533 -0.08173500793070733
vn 0.9994466414970548 0.0010869996100916794 -0.03324498807497504
vn -0.9994466414970548 -0.0010869996100916794 0.03324498807497504
vn 0.9994643866523677 0.0010610004104581678 -0.03270801265340787
vn -0.9994643866523677 -0.0010610004104581678 0.03270801265340787
vn 0 -0.33630592624055156 -0.9417527934524456
vn 0 0.33630592624055156 0.9417527934524456
vn 0 -0.4662361577519632 -0.8846602993266324
vn 0 0.4662361577519632 0.8846602993266324
vn 0.9995782212646606 -0.00024000005312593768 -0.02904000642823846
vn -0.9995782212646606 0.00024000005312593768 0.02904000642823846
vn 0.9995640380728952 -0.00009000000342805521 -0.029525001124592554
vn -0.9995640380728952 0.00009000000342805521 0.029525001124592554
vn 0.9994286060583021 0.0011129995612923882 -0.033781986684258275
vn -0.9994286060583021 -0.0011129995612923882 0.033781986684258275
vn 0 -0.7902092164185789 -0.6128371678408023
vn 0 0.7902092164185789 0.6128371678408023
vn 0 -0.6954959836850554 -0.7185299831447238
vn 0 0.6954959836850554 0.7185299831447238
vn 0 -0.9868247259222991 -0.16179295506411628
vn 0 0.9868247259222991 0.16179295506411628
vn 0 -0.9957463369182982 -0.09213703117526079
vn 0 0.9957463369182982 0.09213703117526079
vn 0 -0.9999207554384115 0.01258899692097092
vn 0 0.9999207554384115 -0.01258899692097092
vn 0 -0.5867750108186645 -0.8097500149297661
vn 0 0.5867750108186645 0.8097500149297661
usemtl material_0_0
f 1//1 2//2 3//3
f 3//4 2//5 1//6
f 4//7 2//2 1//1
f 1//6 2//5 4//8
f 2//2 5//9 3//3
f 3//4 5//10 2//5
f 1//11 6//12 3//12
f 3//13 6//13 1//14
f 4//15 7//16 2//17
f 2//18 7//19 4//20
f 8//21 4//7 1//1
f 1//6 4//8 8//22
f 2//2 7//23 5//9
f 5//10 7//24 2//5
f 5//25 6//12 3//12
f 3//13 6//13 5//26
f 6//27 8//21 1//1
f 1//6 8//22 6//28
f 4//15 9//29 7//16
f 7//19 9//30 4//20
f 4//15 8//31 10//32
f 10//33 8//34 4//20
f 9//35 5//9 7//23
f 7//24 5//10 9//36
f 5//25 11//25 6//12
f 6//13 11//26 5//26
f 11//37 8//21 6//27
f 6//28 8//22 11//38
f 4//15 12//39 9//29
f 9//30 12//40 4//20
f 10//41 8//21 11//37
f 11//38 8//22 10//42
f 4//15 10//32 13//43
f 13//44 10//33 4//20
f 5//9 9//35 14//35
f 14//36 9//36 5//10
f 14//25 11//25 5//25
f 5//26 11//26 14//26
f 4//15 15//45 12//39
f 12//40 15//46 4//20
f 12//47 14//35 9//35
f 9//36 14//36 12//48
f 16//49 10//41 11//37
f 11//38 10//42 16//50
f 10//41 16//49 13//49
f 13//50 16//50 10//42
f 4//15 13//43 17//51
f 17//52 13//44 4//20
f 14//25 16//25 11//25
f 11//26 16//26 14//26
f 4//15 18//53 15//45
f 15//46 18//54 4//20
f 19//55 12//47 15//55
f 15//56 12//48 19//56
f 14//35 12//47 20//47
f 20//48 12//48 14//36
f 21//57 13//49 16//49
f 16//50 13//50 21//58
f 13//49 21//57 17//57
f 17//58 21//58 13//50
f 4//15 17//51 22//59
f 22//60 17//52 4//20
f 20//25 16//25 14//25
f 14//26 16//26 20//26
f 4//15 23//61 18//53
f 18//54 23//62 4//20
f 24//63 15//55 18//63
f 18//64 15//56 24//64
f 12//47 19//55 20//47
f 20//48 19//56 12//48
f 15//55 24//63 19//55
f 19//56 24//64 15//56
f 20//25 21//25 16//25
f 16//26 21//26 20//26
f 25//65 17//57 21//57
f 21//58 17//58 25//66
f 17//57 25//65 22//65
f 22//66 25//66 17//58
f 4//15 22//59 26//67
f 26//68 22//60 4//20
f 4//15 27//69 23//61
f 23//62 27//70 4//20
f 28//71 18//63 23//71
f 23//72 18//64 28//72
f 18//63 29//73 24//63
f 24//64 29//74 18//64
f 19//25 21//25 20//25
f 20//26 21//26 19//26
f 24//25 25//25 19//25
f 19//26 25//26 24//26
f 19//25 25//25 21//25
f 21//26 25//26 19//26
f 30//75 22//65 25//65
f 25//66 22//66 30//76
f 22//65 30//75 26//75
f 26//76 30//76 22//66
f 4//15 26//67 31//77
f 31//78 26//68 4//20
f 4//15 32//79 27//69
f 27//70 32//80 4//20
f 27//81 28//71 23//71
f 23//72 28//72 27//82
f 18//63 28//71 29//73
f 29//74 28//72 18//64
f 29//83 30//25 24//25
f 24//26 30//26 29//84
f 24//25 30//25 25//25
f 25//26 30//26 24//26
f 33//85 26//75 30//75
f 30//76 26//76 33//86
f 26//75 33//85 31//87
f 31//88 33//86 26//76
f 4//15 31//77 34//89
f 34//90 31//78 4//20
f 4//15 34//89 32//79
f 32//80 34//90 4//20
f 32//79 35//91 27//69
f 27//70 35//92 32//80
f 35//93 28//71 27//81
f 27//82 28//72 35//94
f 28//95 33//83 29//83
f 29//84 33//84 28//96
f 30//25 29//83 33//83
f 33//84 29//84 30//26
f 31//87 33//85 36//87
f 36//88 33//86 31//88
f 31//87 37//97 34//98
f 34//99 37//100 31//88
f 32//79 34//89 38//101
f 38//102 34//90 32//80
f 35//91 32//79 39//103
f 39//104 32//80 35//92
f 28//71 35//93 40//93
f 40//94 35//94 28//72
f 28//95 36//95 33//83
f 33//84 36//96 28//96
f 37//97 31//87 36//87
f 36//88 31//88 37//100
f 34//98 37//97 41//97
f 41//100 37//100 34//99
f 34//89 41//105 38//101
f 38//102 41//106 34//90
f 32//79 38//101 42//107
f 42//108 38//102 32//80
f 32//79 43//109 39//103
f 39//104 43//110 32//80
f 44//111 35//93 39//111
f 39//112 35//94 44//112
f 35//93 44//111 40//93
f 40//94 44//112 35//94
f 40//95 36//95 28//95
f 28//96 36//96 40//96
f 40//95 37//95 36//95
f 36//96 37//96 40//96
f 45//113 41//97 37//97
f 37//100 41//100 45//114
f 41//97 45//113 38//113
f 38//114 45//114 41//100
f 38//113 46//115 42//115
f 42//116 46//116 38//114
f 47//117 32//79 42//107
f 42//108 32//80 47//118
f 32//79 48//109 43//109
f 43//110 48//110 32//80
f 49//119 39//111 43//119
f 43//120 39//112 49//120
f 39//111 49//119 44//111
f 44//112 49//120 39//112
f 44//95 37//95 40//95
f 40//96 37//96 44//96
f 44//95 45//95 37//95
f 37//96 45//96 44//96
f 46//115 38//113 45//113
f 45//114 38//114 46//116
f 50//121 42//115 46//115
f 46//116 42//116 50//122
f 32//79 47//117 51//123
f 51//124 47//118 32//80
f 42//115 52//125 47//125
f 47//126 52//126 42//116
f 48//109 32//79 53//127
f 53//128 32//80 48//110
f 54//129 43//119 48//129
f 48//130 43//120 54//130
f 43//119 55//131 49//119
f 49//120 55//132 43//120
f 49//95 45//95 44//95
f 44//96 45//96 49//96
f 49//95 46//95 45//95
f 45//96 46//96 49//96
f 42//115 50//121 52//125
f 52//126 50//122 42//116
f 46//95 55//133 50//133
f 50//134 55//134 46//96
f 47//125 56//135 51//135
f 51//136 56//136 47//126
f 32//79 51//123 57//137
f 57//138 51//124 32//80
f 56//135 47//125 52//125
f 52//126 47//126 56//136
f 32//79 57//137 53//127
f 53//128 57//138 32//80
f 58//139 48//129 53//139
f 53//140 48//130 58//140
f 55//131 43//119 54//129
f 54//130 43//120 55//132
f 48//129 58//139 54//129
f 54//130 58//140 48//130
f 55//133 46//95 49//95
f 49//96 46//96 55//134
f 54//141 52//141 50//133
f 50//134 52//142 54//142
f 54//141 50//133 55//133
f 55//134 50//134 54//142
f 59//143 51//135 56//135
f 56//136 51//136 59//144
f 57//137 51//123 60//145
f 60//146 51//124 57//138
f 58//141 56//141 52//141
f 52//142 56//142 58//142
f 57//137 61//147 53//127
f 53//128 61//148 57//138
f 53//139 62//149 58//139
f 58//140 62//150 53//140
f 58//141 52//141 54//141
f 54//142 52//142 58//142
f 51//135 59//143 63//143
f 63//144 59//144 51//136
f 62//141 59//141 56//141
f 56//142 59//142 62//142
f 51//135 63//143 60//151
f 60//152 63//144 51//136
f 63//153 57//137 60//145
f 60//146 57//138 63//154
f 62//141 56//141 58//141
f 58//142 56//142 62//142
f 57//137 64//155 61//147
f 61//148 64//156 57//138
f 64//149 53//139 61//157
f 61//158 53//140 64//150
f 62//149 53//139 64//149
f 64//150 53//140 62//150
f 65//159 63//143 59//143
f 59//144 63//144 65//160
f 66//141 59//141 62//141
f 62//142 59//142 66//142
f 67//153 57//137 63//153
f 63//154 57//138 67//154
f 57//137 68//155 64//155
f 64//156 68//156 57//138
f 64//149 66//161 62//149
f 62//150 66//162 64//150
f 63//143 65//159 67//159
f 67//160 65//160 63//144
f 66//141 65//141 59//141
f 59//142 65//142 66//142
f 57//137 67//153 69//163
f 69//164 67//154 57//138
f 57//137 70//155 68//155
f 68//156 70//156 57//138
f 66//161 64//149 68//161
f 68//162 64//150 66//162
f 71//165 67//159 65//159
f 65//160 67//160 71//166
f 72//167 65//141 66//141
f 66//142 65//142 72//168
f 67//159 73//169 69//169
f 69//170 73//170 67//160
f 74//171 57//137 69//163
f 69//164 57//138 74//172
f 57//137 75//155 70//155
f 70//156 75//156 57//138
f 76//173 68//161 70//173
f 70//174 68//162 76//174
f 68//161 72//175 66//161
f 66//162 72//176 68//162
f 67//159 71//165 73//169
f 73//170 71//166 67//160
f 65//141 72//167 71//167
f 71//168 72//168 65//142
f 77//177 69//169 73//169
f 73//170 69//170 77//178
f 57//137 74//171 78//179
f 78//180 74//172 57//138
f 69//169 77//177 74//177
f 74//178 77//178 69//170
f 75//155 57//137 79//181
f 79//182 57//138 75//156
f 80//183 70//173 75//183
f 75//184 70//174 80//184
f 72//175 68//161 76//173
f 76//174 68//162 72//176
f 70//173 80//183 76//173
f 76//174 80//184 70//174
f 76//185 73//185 71//167
f 71//168 73//186 76//186
f 76//185 71//167 72//167
f 72//168 71//168 76//186
f 80//185 77//185 73//185
f 73//186 77//186 80//186
f 74//177 81//187 78//188
f 78//189 81//190 74//178
f 57//137 78//179 82//191
f 82//192 78//180 57//138
f 83//187 74//177 77//177
f 77//178 74//178 83//190
f 57//137 82//191 79//181
f 79//182 82//192 57//138
f 84//193 75//183 79//194
f 79//195 75//184 84//196
f 75//183 85//193 80//183
f 80//184 85//196 75//184
f 80//185 73//185 76//185
f 76//186 73//186 80//186
f 85//185 77//185 80//185
f 80//186 77//186 85//186
f 74//177 83//187 81//187
f 81//190 83//190 74//178
f 81//197 82//191 78//179
f 78//180 82//192 81//198
f 85//185 83//185 77//185
f 77//186 83//186 85//186
f 82//191 84//199 79//181
f 79//182 84//200 82//192
f 85//193 75//183 84//193
f 84//196 75//184 85//196
f 86//201 81//187 83//187
f 83//190 81//190 86//202
f 87//197 82//191 81//197
f 81//198 82//192 87//198
f 88//185 83//185 85//185
f 85//186 83//186 88//186
f 82//191 89//199 84//199
f 84//200 89//200 82//192
f 84//193 88//203 85//193
f 85//196 88//204 84//196
f 81//187 86//201 87//201
f 87//202 86//202 81//190
f 88//185 86//185 83//185
f 83//186 86//186 88//186
f 82//191 87//197 90//205
f 90//206 87//198 82//192
f 89//199 82//191 91//207
f 91//208 82//192 89//200
f 88//203 84//193 89//203
f 89//204 84//196 88//204
f 92//209 87//201 86//201
f 86//202 87//202 92//210
f 93//211 86//185 88//185
f 88//186 86//186 93//212
f 87//201 94//213 90//213
f 90//214 94//214 87//202
f 82//191 90//205 95//215
f 95//216 90//206 82//192
f 82//191 95//215 91//207
f 91//208 95//216 82//192
f 96//217 89//203 91//217
f 91//218 89//204 96//218
f 89//203 93//219 88//203
f 88//204 93//220 89//204
f 87//201 92//209 94//213
f 94//214 92//210 87//202
f 86//185 93//211 92//211
f 92//212 93//212 86//186
f 97//221 90//213 94//213
f 94//214 90//214 97//222
f 90//205 98//223 95//215
f 95//216 98//224 90//206
f 91//207 95//215 99//225
f 99//226 95//216 91//208
f 93//219 89//203 96//217
f 96//218 89//204 93//220
f 91//217 100//227 96//217
f 96//218 100//228 91//218
f 96//229 94//229 92//211
f 92//212 94//230 96//230
f 96//229 92//211 93//211
f 93//212 92//212 96//230
f 90//213 97//221 101//221
f 101//222 97//222 90//214
f 100//229 97//229 94//229
f 94//230 97//230 100//230
f 90//213 101//221 98//231
f 98//232 101//222 90//214
f 101//233 95//215 98//223
f 98//224 95//216 101//234
f 95//215 102//235 99//225
f 99//226 102//236 95//216
f 102//227 91//217 99//237
f 99//238 91//218 102//228
f 100//227 91//217 102//227
f 102//228 91//218 100//228
f 100//229 94//229 96//229
f 96//230 94//230 100//230
f 103//239 101//221 97//221
f 97//222 101//222 103//240
f 104//241 97//229 100//229
f 100//230 97//230 104//242
f 105//233 95//215 101//233
f 101//234 95//216 105//234
f 95//215 106//235 102//235
f 102//236 106//236 95//216
f 102//227 104//243 100//227
f 100//228 104//244 102//228
f 101//221 103//239 107//245
f 107//246 103//240 101//222
f 97//229 104//241 103//241
f 103//242 104//242 97//230
f 95//215 105//233 108//247
f 108//248 105//234 95//216
f 101//221 107//245 105//245
f 105//246 107//246 101//222
f 106//235 95//215 109//249
f 109//250 95//216 106//236
f 110//251 102//227 106//251
f 106//252 102//228 110//252
f 104//243 102//227 110//251
f 110//252 102//228 104//244
f 110//253 107//253 103//241
f 103//242 107//254 110//254
f 110//253 103//241 104//241
f 104//242 103//242 110//254
f 105//245 111//255 108//255
f 108//256 111//256 105//246
f 95//215 108//247 112//257
f 112//258 108//248 95//216
f 111//255 105//245 107//245
f 107//246 105//246 111//256
f 95//215 112//257 109//249
f 109//250 112//258 95//216
f 113//259 106//251 109//259
f 109//260 106//252 113//260
f 106//251 113//259 110//251
f 110//252 113//260 106//252
f 113//253 107//253 110//253
f 110//254 107//254 113//254
f 114//261 108//255 111//255
f 111//256 108//256 114//262
f 108//247 115//263 112//257
f 112//258 115//264 108//248
f 113//253 111//253 107//253
f 107//254 111//254 113//254
f 109//249 112//257 116//265
f 116//266 112//258 109//250
f 109//259 117//267 113//259
f 113//260 117//268 109//260
f 108//255 114//261 118//261
f 118//262 114//262 108//256
f 117//253 114//253 111//253
f 111//254 114//254 117//254
f 108//255 118//261 115//269
f 115//270 118//262 108//256
f 118//271 112//257 115//263
f 115//264 112//258 118//272
f 117//253 111//253 113//253
f 113//254 111//254 117//254
f 112//257 119//273 116//265
f 116//266 119//274 112//258
f 119//267 109//259 116//275
f 116//276 109//260 119//268
f 117//267 109//259 119//267
f 119//268 109//260 117//268
f 120//277 118//261 114//261
f 114//262 118//262 120//278
f 121//279 114//253 117//253
f 117//254 114//254 121//280
f 122//271 112//257 118//271
f 118//272 112//258 122//272
f 112//257 123//273 119//273
f 119//274 123//274 112//258
f 119//267 121//281 117//267
f 117//268 121//282 119//268
f 118//261 120//277 124//283
f 124//284 120//278 118//262
f 114//253 121//279 120//279
f 120//280 121//280 114//254
f 112//257 122//271 125//285
f 125//286 122//272 112//258
f 118//261 124//283 122//283
f 122//284 124//284 118//262
f 123//273 112//257 126//287
f 126//288 112//258 123//274
f 127//289 119//267 123//289
f 123//290 119//268 127//290
f 121//281 119//267 127//289
f 127//290 119//268 121//282
f 127//291 124//291 120//279
f 120//280 124//292 127//292
f 127//291 120//279 121//279
f 121//280 120//280 127//292
f 122//283 128//293 125//293
f 125//294 128//294 122//284
f 112//257 125//285 129//295
f 129//296 125//286 112//258
f 128//293 122//283 124//283
f 124//284 122//284 128//294
f 112//257 129//295 126//287
f 126//288 129//296 112//258
f 130//297 123//289 126//297
f 126//298 123//290 130//298
f 123//289 130//297 127//289
f 127//290 130//298 123//290
f 130//291 124//291 127//291
f 127//292 124//292 130//292
f 131//299 125//293 128//293
f 128//294 125//294 131//300
f 125//285 132//301 129//295
f 129//296 132//302 125//286
f 130//291 128//291 124//291
f 124//292 128//292 130//292
f 126//287 129//295 133//303
f 133//304 129//296 126//288
f 126//297 134//305 130//297
f 130//298 134//306 126//298
f 125//293 131//299 135//307
f 135//308 131//300 125//294
f 128//291 134//309 131//309
f 131//310 134//310 128//292
f 125//293 136//307 132//299
f 132//300 136//308 125//294
f 136//311 129//295 132//301
f 132//302 129//296 136//312
f 134//309 128//291 130//291
f 130//292 128//292 134//310
f 129//295 137//313 133//303
f 133//304 137//314 129//296
f 137//315 126//297 133//305
f 133//306 126//298 137//316
f 134//305 126//297 138//315
f 138//316 126//298 134//306
f 138//317 135//317 131//309
f 131//310 135//318 138//318
f 125//293 135//307 136//307
f 136//308 135//308 125//294
f 138//317 131//309 134//309
f 134//310 131//310 138//318
f 129//295 136//311 139//319
f 139//320 136//312 129//296
f 137//313 129//295 140//321
f 140//322 129//296 137//314
f 138//315 126//297 137//315
f 137//316 126//298 138//316
f 141//317 135//317 138//317
f 138//318 135//318 141//318
f 142//323 136//307 135//307
f 135//308 136//308 142//324
f 136//307 142//323 139//323
f 139//324 142//324 136//308
f 129//295 139//319 143//325
f 143//326 139//320 129//296
f 129//295 143//325 140//321
f 140//322 143//326 129//296
f 141//327 137//315 140//327
f 140//328 137//316 141//328
f 137//315 141//327 138//315
f 138//316 141//328 137//316
f 141//317 142//317 135//317
f 135//318 142//318 141//318
f 144//329 139//323 142//323
f 142//324 139//324 144//330
f 145//331 143//325 139//319
f 139//320 143//326 145//332
f 143//325 146//333 140//321
f 140//322 146//334 143//326
f 140//327 147//335 141//327
f 141//328 147//336 140//328
f 147//317 142//317 141//317
f 141//318 142//318 147//318
f 139//323 144//329 145//329
f 145//330 144//330 139//324
f 147//317 144//317 142//317
f 142//318 144//318 147//318
f 143//325 145//331 148//337
f 148//338 145//332 143//326
f 146//333 143//325 149//339
f 149//340 143//326 146//334
f 147//335 140//327 146//335
f 146//336 140//328 147//336
f 150//341 145//329 144//329
f 144//330 145//330 150//342
f 151//343 144//317 147//317
f 147//318 144//318 151//344
f 145//329 152//345 148//341
f 148//342 152//346 145//330
f 152//347 143//325 148//337
f 148//338 143//326 152//348
f 143//325 153//349 149//339
f 149//340 153//350 143//326
f 153//351 146//335 149//352
f 149//353 146//336 153//354
f 146//335 151//352 147//335
f 147//336 151//353 146//336
f 145//329 150//341 154//345
f 154//346 150//342 145//330
f 144//317 151//343 150//343
f 150//344 151//344 144//318
f 145//329 154//345 152//345
f 152//346 154//346 145//330
f 143//325 152//347 155//355
f 155//356 152//348 143//326
f 153//349 143//325 156//357
f 156//358 143//326 153//350
f 157//351 146//335 153//351
f 153//354 146//336 157//354
f 151//352 146//335 157//351
f 157//354 146//336 151//353
f 157//359 154//359 150//343
f 150//344 154//360 157//360
f 157//359 150//343 151//343
f 151//344 150//344 157//360
f 158//361 152//345 154//345
f 154//346 152//346 158//362
f 152//345 159//363 155//363
f 155//364 159//364 152//346
f 143//325 155//355 160//365
f 160//366 155//356 143//326
f 143//325 160//365 156//357
f 156//358 160//366 143//326
f 161//367 153//351 156//367
f 156//368 153//354 161//368
f 153//351 162//369 157//351
f 157//354 162//370 153//354
f 162//371 154//359 157//359
f 157//360 154//360 162//372
f 152//345 158//361 159//363
f 159//364 158//362 152//346
f 154//359 162//371 158//371
f 158//372 162//372 154//360
f 163//373 155//363 159//363
f 159//364 155//364 163//374
f 155//355 164//375 160//365
f 160//366 164//376 155//356
f 156//357 160//365 165//377
f 165//378 160//366 156//358
f 162//369 153//351 161//367
f 161//368 153//354 162//370
f 156//367 166//379 161//367
f 161//368 166//380 156//368
f 161//381 159//381 158//371
f 158//372 159//382 161//382
f 161//381 158//371 162//371
f 162//372 158//372 161//382
f 155//363 163//373 167//373
f 167//374 163//374 155//364
f 166//381 163//381 159//381
f 159//382 163//382 166//382
f 155//363 167//373 164//383
f 164//384 167//374 155//364
f 160//365 164//375 167//385
f 167//386 164//376 160//366
f 160//365 168//387 165//377
f 165//378 168//388 160//366
f 168//379 156//367 165//389
f 165//390 156//368 168//380
f 166//379 156//367 168//379
f 168//380 156//368 166//380
f 166//381 159//381 161//381
f 161//382 159//382 166//382
f 169//391 167//373 163//373
f 163//374 167//374 169//392
f 170//393 163//381 166//381
f 166//382 163//382 170//394
f 160//365 167//385 171//395
f 171//396 167//386 160//366
f 160//365 171//395 168//387
f 168//388 171//396 160//366
f 168//379 170//397 166//379
f 166//380 170//398 168//380
f 167//373 169//391 172//399
f 172//400 169//392 167//374
f 163//381 170//393 169//393
f 169//394 170//394 163//382
f 167//385 173//401 171//395
f 171//396 173//402 167//386
f 168//387 171//395 174//403
f 174//404 171//396 168//388
f 170//397 168//379 175//405
f 175//406 168//380 170//398
f 175//407 172//407 169//393
f 169//394 172//408 175//408
f 167//373 172//399 176//399
f 176//400 172//400 167//374
f 175//407 169//393 170//393
f 170//394 169//394 175//408
f 167//373 176//399 173//391
f 173//392 176//400 167//374
f 176//409 171//395 173//401
f 173//402 171//396 176//410
f 171//395 177//411 174//403
f 174//404 177//412 171//396
f 177//405 168//379 174//397
f 174//398 168//380 177//406
f 175//405 168//379 177//405
f 177//406 168//380 175//406
f 178//413 172//407 175//407
f 175//408 172//408 178//414
f 179//415 176//399 172//399
f 172//400 176//400 179//416
f 171//395 176//409 180//417
f 180//418 176//410 171//396
f 177//411 171//395 181//419
f 181//420 171//396 177//412
f 177//405 178//421 175//405
f 175//406 178//422 177//406
f 172//407 178//413 179//413
f 179//414 178//414 172//408
f 176//399 179//415 182//423
f 182//424 179//416 176//400
f 176//399 182//423 180//423
f 180//424 182//424 176//400
f 171//395 180//417 183//425
f 183//426 180//418 171//396
f 171//395 183//425 181//419
f 181//420 183//426 171//396
f 184//427 177//405 181//427
f 181//428 177//406 184//428
f 178//421 177//405 184//427
f 184//428 177//406 178//422
f 184//429 179//413 178//413
f 178//414 179//414 184//430
f 184//429 182//429 179//413
f 179//414 182//430 184//430
f 185//431 180//423 182//423
f 182//424 180//424 185//432
f 180//417 186//433 183//425
f 183//426 186//434 180//418
f 181//419 183//425 187//435
f 187//436 183//426 181//420
f 181//427 188//437 184//427
f 184//428 188//438 181//428
f 188//429 182//429 184//429
f 184//430 182//430 188//430
f 180//423 185//431 189//439
f 189//440 185//432 180//424
f 188//429 185//429 182//429
f 182//430 185//430 188//430
f 180//423 189//439 186//441
f 186//442 189//440 180//424
f 183//425 186//433 189//443
f 189//444 186//434 183//426
f 183//425 190//445 187//435
f 187//436 190//446 183//426
f 190//447 181//427 187//448
f 187//449 181//428 190//450
f 188//437 181//427 190//447
f 190//450 181//428 188//438
f 191//451 189//439 185//431
f 185//432 189//440 191//452
f 192//453 185//429 188//429
f 188//430 185//430 192//454
f 183//425 189//443 193//455
f 193//456 189//444 183//426
f 183//425 193//455 190//445
f 190//446 193//456 183//426
f 190//447 194//457 188//437
f 188//438 194//458 190//450
f 189//439 191//451 195//459
f 195//460 191//452 189//440
f 196//461 191//451 185//431
f 185//432 191//452 196//462
f 185//429 192//453 196//453
f 196//454 192//454 185//430
f 194//457 192//463 188//437
f 188//438 192//464 194//458
f 189//443 195//465 193//455
f 193//456 195//466 189//444
f 190//445 193//455 197//467
f 197//468 193//456 190//446
f 194//457 190//447 197//469
f 197//470 190//450 194//458
f 198//471 195//459 191//451
f 191//452 195//460 198//472
f 191//451 196//461 199//473
f 199//474 196//462 191//452
f 200//475 196//453 192//453
f 192//454 196//454 200//476
f 192//463 194//457 201//477
f 201//478 194//458 192//464
f 202//479 193//455 195//465
f 195//466 193//456 202//480
f 193//455 203//481 197//467
f 197//468 203//482 193//456
f 197//469 204//483 194//457
f 194//458 204//484 197//470
f 195//459 198//471 202//485
f 202//486 198//472 195//460
f 199//473 198//471 191//451
f 191//452 198//472 199//474
f 199//473 196//461 205//461
f 205//462 196//462 199//474
f 196//453 200//475 205//475
f 205//476 200//476 196//454
f 201//477 200//463 192//463
f 192//464 200//464 201//478
f 194//457 206//487 201//477
f 201//478 206//488 194//458
f 193//455 202//479 207//489
f 207//490 202//480 193//456
f 203//481 193//455 208//491
f 208//492 193//456 203//482
f 204//483 197//469 203//493
f 203//494 197//470 204//484
f 206//487 194//457 204//483
f 204//484 194//458 206//488
f 209//495 202//485 198//471
f 198//472 202//486 209//496
f 198//471 199//473 210//497
f 210//498 199//474 198//472
f 205//461 210//497 199//473
f 199//474 210//498 205//462
f 211//499 205//475 200//475
f 200//476 205//476 211//500
f 206//487 200//463 201//477
f 201//478 200//464 206//488
f 202//485 209//495 207//501
f 207//502 209//496 202//486
f 193//455 207//489 212//503
f 212//504 207//490 193//456
f 193//455 212//503 208//491
f 208//492 212//504 193//456
f 213//505 203//493 208//506
f 208//507 203//494 213//508
f 203//493 213//505 204//483
f 204//484 213//508 203//494
f 213//505 206//487 204//483
f 204//484 206//488 213//508
f 210//497 209//495 198//471
f 198//472 209//496 210//498
f 210//497 205//461 214//509
f 214//510 205//462 210//498
f 205//475 211//499 214//499
f 214//500 211//500 205//476
f 200//463 206//487 211//511
f 211//512 206//488 200//464
f 209//495 215//513 207//501
f 207//502 215//514 209//496
f 207//489 215//515 212//503
f 212//504 215//516 207//490
f 208//491 212//503 216//517
f 216//518 212//504 208//492
f 216//519 213//505 208//506
f 208//507 213//508 216//520
f 206//487 213//505 217//521
f 217//522 213//508 206//488
f 209//495 210//497 218//523
f 218//524 210//498 209//496
f 210//497 214//509 218//523
f 218//524 214//510 210//498
f 219//525 214//499 211//499
f 211//500 214//500 219//526
f 206//487 217//521 211//511
f 211//512 217//522 206//488
f 215//513 209//495 220//527
f 220//528 209//496 215//514
f 212//503 215//515 221//529
f 221//530 215//516 212//504
f 212//503 221//529 216//517
f 216//518 221//530 212//504
f 213//505 216//519 222//531
f 222//532 216//520 213//508
f 222//531 217//521 213//505
f 213//508 217//522 222//532
f 218//523 220//527 209//495
f 209//496 220//528 218//524
f 218//523 214//509 223//533
f 223//534 214//510 218//524
f 214//499 219//525 224//525
f 224//526 219//526 214//500
f 211//511 225//535 219//536
f 219//537 225//538 211//512
f 217//521 226//539 211//511
f 211//512 226//540 217//522
f 220//527 221//541 215//513
f 215//514 221//542 220//528
f 216//517 221//529 227//543
f 227//544 221//530 216//518
f 227//545 222//531 216//519
f 216//520 222//532 227//546
f 217//521 222//531 226//539
f 226//540 222//532 217//522
f 220//527 218//523 223//533
f 223//534 218//524 220//528
f 214//509 228//547 223//533
f 223//534 228//548 214//510
f 229//549 224//525 219//525
f 219//526 224//526 229//550
f 228//547 214//509 224//551
f 224//552 214//510 228//548
f 225//535 211//511 226//539
f 226//540 211//512 225//538
f 230//553 219//536 225//535
f 225//538 219//537 230//554
f 221//541 220//527 231//555
f 231//556 220//528 221//542
f 232//557 227//543 221//529
f 221//530 227//544 232//558
f 222//531 227//545 233//559
f 233//560 227//546 222//532
f 233//559 226//539 222//531
f 222//532 226//540 233//560
f 223//533 231//555 220//527
f 220//528 231//556 223//534
f 223//533 228//547 234//561
f 234//562 228//548 223//534
f 224//525 229//549 235//549
f 235//550 229//550 224//526
f 219//536 230//553 229//563
f 229//564 230//554 219//537
f 224//551 236//565 228//547
f 228//548 236//566 224//552
f 225//535 226//539 237//567
f 237//568 226//540 225//538
f 225//535 238//569 230//553
f 230//554 238//570 225//538
f 231//555 232//571 221//541
f 221//542 232//572 231//556
f 227//543 232//557 239//557
f 239//558 232//558 227//544
f 239//573 233//559 227//545
f 227//546 233//560 239//574
f 233//559 237//567 226//539
f 226//540 237//568 233//560
f 234//561 231//555 223//533
f 223//534 231//556 234//562
f 231//555 234//561 228//547
f 228//548 234//562 231//556
f 240//575 235//549 229//549
f 229//550 235//550 240//576
f 236//565 224//551 235//577
f 235//578 224//552 236//566
f 241//579 229//563 230//553
f 230//554 229//564 241//580
f 242//581 228//547 236//565
f 236//566 228//548 242//582
f 237//567 233//559 225//535
f 225//538 233//560 237//568
f 238//569 225//535 233//559
f 233//560 225//538 238//570
f 243//583 230//553 238//569
f 238//570 230//554 243//584
f 232//571 231//555 242//581
f 242//582 231//556 232//572
f 244//585 239//557 232//557
f 232//558 239//558 244//586
f 233//559 239//573 238//569
f 238//570 239//574 233//560
f 228//547 242//581 231//555
f 231//556 242//582 228//548
f 235//549 240//575 245//575
f 245//576 240//576 235//550
f 229//563 241//579 240//587
f 240//588 241//580 229//564
f 235//577 246//589 236//565
f 236//566 246//590 235//578
f 230//553 243//583 241//579
f 241//580 243//584 230//554
f 236//565 247//591 242//581
f 242//582 247//592 236//566
f 238//569 248//593 243//583
f 243//584 248//594 238//570
f 242//581 244//595 232//571
f 232//572 244//596 242//582
f 239//557 244//585 248//585
f 248//586 244//586 239//558
f 248//593 238//569 239//573
f 239//574 238//570 248//594
f 249//597 245//575 240//575
f 240//576 245//576 249//598
f 246//589 235//577 245//599
f 245//600 235//578 246//590
f 250//601 240//587 241//579
f 241//580 240//588 250//602
f 247//591 236//565 246//589
f 246//590 236//566 247//592
f 251//603 241//579 243//583
f 243//584 241//580 251//604
f 244//595 242//581 247//591
f 247//592 242//582 244//596
f 252//605 243//583 248//593
f 248//594 243//584 252//606
f 253//607 248//585 244//585
f 244//586 248//586 253//608
f 245//575 249//597 254//597
f 254//598 249//598 245//576
f 240//587 250//601 249//609
f 249//610 250//602 240//588
f 245//599 255//611 246//589
f 246//590 255//612 245//600
f 241//579 251//603 250//601
f 250//602 251//604 241//580
f 246//589 256//613 247//591
f 247//592 256//614 246//590
f 243//583 252//605 251//603
f 251//604 252//606 243//584
f 247//591 253//615 244//595
f 244//596 253//616 247//592
f 248//585 253//607 252//607
f 252//608 253//608 248//586
f 257//617 254//597 249//597
f 249//598 254//598 257//618
f 255//611 245//599 254//619
f 254//620 245//600 255//612
f 258//621 249//609 250//601
f 250//602 249//610 258//622
f 256//613 246//589 255//611
f 255//612 246//590 256//614
f 259//623 250//601 251//603
f 251//604 250//602 259//624
f 253//615 247//591 256//613
f 256//614 247//592 253//616
f 260//625 251//603 252//605
f 252//606 251//604 260//626
f 261//627 252//607 253//607
f 253//608 252//608 261//628
f 254//597 257//617 262//617
f 262//618 257//618 254//598
f 249//609 258//621 257//629
f 257//630 258//622 249//610
f 254//619 263//631 255//611
f 255//612 263//632 254//620
f 250//601 259//623 258//621
f 258//622 259//624 250//602
f 255//611 264//633 256//613
f 256//614 264//634 255//612
f 251//603 260//625 259//623
f 259//624 260//626 251//604
f 256//613 261//635 253//615
f 253//616 261//636 256//614
f 252//607 261//627 260//627
f 260//628 261//628 252//608
f 265//637 262//617 257//617
f 257//618 262//618 265//638
f 263//631 254//619 262//639
f 262//640 254//620 263//632
f 266//641 257//629 258//621
f 258//622 257//630 266//642
f 264//633 255//611 263//631
f 263//632 255//612 264//634
f 267//643 258//621 259//623
f 259//624 258//622 267//644
f 261//635 256//613 264//633
f 264//634 256//614 261//636
f 268//645 259//623 260//625
f 260//626 259//624 268//646
f 269//647 260//627 261//627
f 261//628 260//628 269//648
f 262//617 265//637 270//637
f 270//638 265//638 262//618
f 257//629 266//641 265//649
f 265//650 266//642 257//630
f 262//639 271//651 263//631
f 263//632 271//652 262//640
f 258//621 267//643 266//641
f 266//642 267//644 258//622
f 263//631 272//653 264//633
f 264//634 272//654 263//632
f 259//623 268//645 267//643
f 267//644 268//646 259//624
f 264//633 269//655 261//635
f 261//636 269//656 264//634
f 260//627 269//647 268//647
f 268//648 269//648 260//628
f 273//657 270//637 265//637
f 265//638 270//638 273//658
f 271//651 262//639 270//659
f 270//660 262//640 271//652
f 274//661 265//649 266//641
f 266//642 265//650 274//662
f 272//653 263//631 271//651
f 271//652 263//632 272//654
f 275//663 266//641 267//643
f 267//644 266//642 275//664
f 269//655 264//633 272//653
f 272//654 264//634 269//656
f 276//665 267//643 268//645
f 268//646 267//644 276//666
f 277//667 268//647 269//647
f 269//648 268//648 277//668
f 270//637 273//657 278//657
f 278//658 273//658 270//638
f 265//649 274//661 273//669
f 273//670 274//662 265//650
f 270//659 279//671 271//651
f 271//652 279//672 270//660
f 266//641 275//663 274//661
f 274//662 275//664 266//642
f 271//651 280//673 272//653
f 272//654 280//674 271//652
f 267//643 276//665 275//663
f 275//664 276//666 267//644
f 272//653 277//675 269//655
f 269//656 277//676 272//654
f 268//647 277//667 276//667
f 276//668 277//668 268//648
f 281//677 278//657 273//657
f 273//658 278//658 281//678
f 279//671 270//659 278//679
f 278//680 270//660 279//672
f 282//681 273//669 274//661
f 274//662 273//670 282//682
f 280//673 271//651 279//671
f 279//672 271//652 280//674
f 283//683 274//661 275//663
f 275//664 274//662 283//684
f 277//675 272//653 280//673
f 280//674 272//654 277//676
f 284//685 275//663 276//665
f 276//666 275//664 284//686
f 285//687 276//667 277//667
f 277//668 276//668 285//688
f 281//677 286//677 278//657
f 278//658 286//678 281//678
f 273//669 282//681 281//689
f 281//690 282//682 273//670
f 278//679 287//691 279//671
f 279//672 287//692 278//680
f 274//661 283//683 282//681
f 282//682 283//684 274//662
f 279//671 288//693 280//673
f 280//674 288//694 279//672
f 275//663 284//685 283//683
f 283//684 284//686 275//664
f 280//673 285//695 277//675
f 277//676 285//696 280//674
f 276//667 285//687 284//687
f 284//688 285//688 276//668
f 289//697 286//677 281//677
f 281//678 286//678 289//698
f 287//691 278//679 286//699
f 286//700 278//680 287//692
f 290//701 281//689 282//681
f 282//682 281//690 290//702
f 288//693 279//671 287//691
f 287//692 279//672 288//694
f 291//703 282//681 283//683
f 283//684 282//682 291//704
f 285//695 280//673 288//693
f 288//694 280//674 285//696
f 292//705 283//683 284//685
f 284//686 283//684 292//706
f 293//707 284//687 285//687
f 285//688 284//688 293//708
f 286//677 289//697 294//697
f 294//698 289//698 286//678
f 281//689 290//701 289//709
f 289//710 290//702 281//690
f 286//699 295//711 287//691
f 287//692 295//712 286//700
f 282//681 291//703 290//701
f 290//702 291//704 282//682
f 287//691 296//713 288//693
f 288//694 296//714 287//692
f 283//683 292//705 291//703
f 291//704 292//706 283//684
f 288//693 293//715 285//695
f 285//696 293//716 288//694
f 284//687 293//707 292//707
f 292//708 293//708 284//688
f 297//717 294//697 289//697
f 289//698 294//698 297//718
f 295//711 286//699 294//719
f 294//720 286//700 295//712
f 298//721 289//709 290//701
f 290//702 289//710 298//722
f 296//713 287//691 295//711
f 295//712 287//692 296//714
f 299//723 290//701 291//703
f 291//704 290//702 299//724
f 293//715 288//693 296//713
f 296//714 288//694 293//716
f 300//725 291//703 292//705
f 292//706 291//704 300//726
f 293//707 300//727 292//707
f 292//708 300//728 293//708
f 294//697 297//717 301//717
f 301//718 297//718 294//698
f 289//709 298//721 297//729
f 297//730 298//722 289//710
f 294//719 302//731 295//711
f 295//712 302//732 294//720
f 290//701 299//723 298//721
f 298//722 299//724 290//702
f 295//711 303//733 296//713
f 296//714 303//734 295//712
f 291//703 300//725 299//723
f 299//724 300//726 291//704
f 296//713 304//735 293//715
f 293//716 304//736 296//714
f 300//727 293//707 304//727
f 304//728 293//708 300//728
f 305//737 301//717 297//717
f 297//718 301//718 305//738
f 302//731 294//719 301//739
f 301//740 294//720 302//732
f 306//741 297//729 298//721
f 298//722 297//730 306//742
f 303//733 295//711 302//731
f 302//732 295//712 303//734
f 307//743 298//721 299//723
f 299//724 298//722 307//744
f 304//735 296//713 303//733
f 303//734 296//714 304//736
f 308//745 299//723 300//725
f 300//726 299//724 308//746
f 304//727 308//747 300//727
f 300//728 308//748 304//728
f 301//717 305//737 309//737
f 309//738 305//738 301//718
f 297//729 306//741 305//749
f 305//750 306//742 297//730
f 301//739 310//751 302//731
f 302//732 310//752 301//740
f 298//721 307//743 306//741
f 306//742 307//744 298//722
f 302//731 311//753 303//733
f 303//734 311//754 302//732
f 299//723 308//745 307//743
f 307//744 308//746 299//724
f 303//733 312//755 304//735
f 304//736 312//756 303//734
f 308//747 304//727 312//747
f 312//748 304//728 308//748
f 313//757 309//737 305//737
f 305//738 309//738 313//758
f 310//751 301//739 309//759
f 309//760 301//740 310//752
f 314//761 305//749 306//741
f 306//742 305//750 314//762
f 311//753 302//731 310//751
f 310//752 302//732 311//754
f 315//763 306//741 307//743
f 307//744 306//742 315//764
f 312//755 303//733 311//753
f 311//754 303//734 312//756
f 308//745 315//763 307//743
f 307//744 315//764 308//746
f 312//747 316//765 308//747
f 308//748 316//766 312//748
f 309//737 313//757 317//757
f 317//758 313//758 309//738
f 305//749 314//761 313//767
f 313//768 314//762 305//750
f 309//759 318//769 310//751
f 310//752 318//770 309//760
f 306//741 315//763 314//761
f 314//762 315//764 306//742
f 310//751 319//771 311//753
f 311//754 319//772 310//752
f 312//755 311//753 319//771
f 319//772 311//754 312//756
f 316//773 315//763 308//745
f 308//746 315//764 316//774
f 316//765 312//747 320//765
f 320//766 312//748 316//766
f 321//775 317//757 313//757
f 313//758 317//758 321//776
f 318//769 309//759 317//777
f 317//778 309//760 318//770
f 322//779 313//767 314//761
f 314//762 313//768 322//780
f 319//771 310//751 318//769
f 318//770 310//752 319//772
f 323//781 314//761 315//763
f 315//764 314//762 323//782
f 319//771 320//783 312//755
f 312//756 320//784 319//772
f 315//763 316//773 323//781
f 323//782 316//774 315//764
f 320//765 324//785 316//765
f 316//766 324//786 320//766
f 317//757 321//775 325//775
f 325//776 321//776 317//758
f 322//779 321//787 313//767
f 313//768 321//788 322//780
f 317//777 326//789 318//769
f 318//770 326//790 317//778
f 314//761 323//781 322//779
f 322//780 323//782 314//762
f 318//769 327//791 319//771
f 319//772 327//792 318//770
f 320//783 319//771 327//791
f 327//792 319//772 320//784
f 316//773 328//793 323//781
f 323//782 328//794 316//774
f 324//785 320//765 329//785
f 329//786 320//766 324//786
f 330//795 316//773 324//796
f 324//797 316//774 330//798
f 331//799 325//775 321//775
f 321//776 325//776 331//800
f 325//801 326//789 317//777
f 317//778 326//790 325//802
f 322//779 331//787 321//787
f 321//788 331//788 322//780
f 327//791 318//769 326//789
f 326//790 318//770 327//792
f 328//793 322//779 323//781
f 323//782 322//780 328//794
f 320//783 327//791 332//803
f 332//804 327//792 320//784
f 316//773 333//805 328//793
f 328//794 333//806 316//774
f 320//783 334//807 329//808
f 329//809 334//810 320//784
f 329//785 335//811 324//785
f 324//786 335//812 329//786
f 316//773 330//795 336//813
f 336//814 330//798 316//774
f 330//795 324//796 335//815
f 335//816 324//797 330//798
f 325//775 331//799 337//799
f 337//800 331//800 325//776
f 337//801 326//789 325//801
f 325//802 326//790 337//802
f 322//779 338//787 331//787
f 331//788 338//788 322//780
f 326//789 332//803 327//791
f 327//792 332//804 326//790
f 328//793 339//817 322//779
f 322//780 339//818 328//794
f 320//783 332//803 340//819
f 340//820 332//804 320//784
f 316//773 341//821 333//805
f 333//806 341//822 316//774
f 333//805 342//823 328//793
f 328//794 342//824 333//806
f 334//807 320//783 343//825
f 343//826 320//784 334//810
f 334//807 344//827 329//808
f 329//809 344//828 334//810
f 335//811 329//785 344//811
f 344//812 329//786 335//812
f 336//813 330//795 345//829
f 345//830 330//798 336//814
f 316//773 336//813 346//831
f 346//832 336//814 316//774
f 335//815 345//829 330//795
f 330//798 345//830 335//816
f 338//833 337//799 331//799
f 331//800 337//800 338//834
f 347//801 326//789 337//801
f 337//802 326//790 347//802
f 338//787 322//779 348//835
f 348//836 322//780 338//788
f 349//837 332//803 326//789
f 326//790 332//804 349//838
f 339//817 328//793 342//823
f 342//824 328//794 339//818
f 339//817 348//835 322//779
f 322//780 348//836 339//818
f 350//839 340//819 332//803
f 332//804 340//820 350//840
f 320//783 340//819 351//841
f 351//842 340//820 320//784
f 316//773 346//831 341//821
f 341//822 346//832 316//774
f 341//821 352//843 333//805
f 333//806 352//844 341//822
f 342//823 333//805 353//845
f 353//846 333//806 342//824
f 320//783 354//847 343//825
f 343//826 354//848 320//784
f 334//807 343//825 355//849
f 355//850 343//826 334//810
f 355//849 344//827 334//807
f 334//810 344//828 355//850
f 344//811 356//851 335//811
f 335//812 356//852 344//812
f 357//853 336//813 345//829
f 345//830 336//814 357//854
f 336//813 357//853 346//831
f 346//832 357//854 336//814
f 345//829 335//815 356//855
f 356//856 335//816 345//830
f 337//799 338//833 347//833
f 347//834 338//834 337//800
f 326//789 347//801 358//857
f 358//858 347//802 326//790
f 348//859 347//833 338//833
f 338//834 347//834 348//860
f 332//803 349//837 350//839
f 350//840 349//838 332//804
f 358//857 349//837 326//789
f 326//790 349//838 358//858
f 342//823 359//861 339//817
f 339//818 359//862 342//824
f 339//817 360//863 348//835
f 348//836 360//864 339//818
f 340//819 350//839 361//865
f 361//866 350//840 340//820
f 340//819 362//867 351//841
f 351//842 362//868 340//820
f 320//783 351//841 354//847
f 354//848 351//842 320//784
f 346//831 352//843 341//821
f 341//822 352//844 346//832
f 333//805 352//843 363//869
f 363//870 352//844 333//806
f 333//805 364//871 353//845
f 353//846 364//872 333//806
f 353//845 365//873 342//823
f 342//824 365//874 353//846
f 366//875 343//825 354//847
f 354//848 343//826 366//876
f 343//825 366//875 355//849
f 355//850 366//876 343//826
f 344//827 355//849 367//877
f 367//878 355//850 344//828
f 356//851 344//811 367//851
f 367//852 344//812 356//852
f 356//855 357//853 345//829
f 345//830 357//854 356//856
f 346//831 357//853 368//879
f 368//880 357//854 346//832
f 348//859 358//859 347//833
f 347//834 358//860 348//860
f 369//881 350//839 349//837
f 349//838 350//840 369//882
f 370//883 349//837 358//857
f 358//858 349//838 370//884
f 342//823 371//885 359//861
f 359//862 371//886 342//824
f 360//863 339//817 359//861
f 359//862 339//818 360//864
f 360//887 358//859 348//859
f 348//860 358//860 360//888
f 372//889 361//865 350//839
f 350//840 361//866 372//890
f 340//819 361//865 373//891
f 373//892 361//866 340//820
f 340//819 374//893 362//867
f 362//868 374//894 340//820
f 362//867 354//847 351//841
f 351//842 354//848 362//868
f 346//831 375//895 352//843
f 352//844 375//896 346//832
f 376//897 363//869 352//843
f 352//844 363//870 376//898
f 333//805 363//869 364//871
f 364//872 363//870 333//806
f 364//871 377//899 353//845
f 353//846 377//900 364//872
f 353//845 378//901 365//873
f 365//874 378//902 353//846
f 371//885 342//823 365//873
f 365//874 342//824 371//886
f 354//847 379//903 366//875
f 366//876 379//904 354//848
f 366//875 367//877 355//849
f 355//850 367//878 366//876
f 380//905 356//851 367//851
f 367//852 356//852 380//906
f 381//907 357//853 356//855
f 356//856 357//854 381//908
f 382//909 368//879 357//853
f 357//854 368//880 382//910
f 375//895 346//831 368//879
f 368//880 346//832 375//896
f 383//911 350//839 369//881
f 369//882 350//840 383//912
f 349//837 370//883 369//881
f 369//882 370//884 349//838
f 358//859 360//887 370//887
f 370//888 360//888 358//860
f 371//913 369//914 359//914
f 359//915 369//915 371//916
f 359//914 370//887 360//887
f 360//888 370//888 359//915
f 384//917 361//865 372//889
f 372//890 361//866 384//918
f 350//839 383//911 372//889
f 372//890 383//912 350//840
f 385//919 373//891 361//865
f 361//866 373//892 385//920
f 340//819 373//891 374//893
f 374//894 373//892 340//820
f 374//893 386//921 362//867
f 362//868 386//922 374//894
f 387//923 354//847 362//867
f 362//868 354//848 387//924
f 388//925 352//843 375//895
f 375//896 352//844 388//926
f 389//927 363//869 376//897
f 376//898 363//870 389//928
f 352//843 390//929 376//897
f 376//898 390//930 352//844
f 391//931 364//871 363//869
f 363//870 364//872 391//932
f 364//871 392//933 377//899
f 377//900 392//934 364//872
f 378//901 353//845 377//899
f 377//900 353//846 378//902
f 378//935 372//936 365//936
f 365//937 372//937 378//938
f 365//936 383//913 371//913
f 371//916 383//916 365//937
f 354//847 387//923 379//903
f 379//904 387//924 354//848
f 379//903 393//939 366//875
f 366//876 393//940 379//904
f 366//875 380//941 367//877
f 367//878 380//942 366//876
f 356//851 380//905 381//905
f 381//906 380//906 356//852
f 357//853 381//907 382//909
f 382//910 381//908 357//854
f 394//943 368//879 382//909
f 382//910 368//880 394//944
f 395//945 375//895 368//879
f 368//880 375//896 395//946
f 369//914 371//913 383//913
f 383//916 371//916 369//915
f 370//887 359//914 369//914
f 369//915 359//915 370//888
f 361//865 384//917 385//919
f 385//920 384//918 361//866
f 372//936 378//935 384//935
f 384//938 378//938 372//937
f 383//913 365//936 372//936
f 372//937 365//937 383//916
f 396//947 373//891 385//919
f 385//920 373//892 396//948
f 373//891 397//949 374//893
f 374//894 397//950 373//892
f 374//893 398//951 386//921
f 386//922 398//952 374//894
f 399//953 362//867 386//921
f 386//922 362//868 399//954
f 362//867 400//955 387//923
f 387//924 400//956 362//868
f 390//929 352//843 388//925
f 388//926 352//844 390//930
f 375//895 401//957 388//925
f 388//926 401//958 375//896
f 363//869 389//927 391//931
f 391//932 389//928 363//870
f 376//959 398//960 389//960
f 389//961 398//961 376//962
f 390//963 386//959 376//959
f 376//962 386//962 390//964
f 402//965 364//871 391//931
f 391//932 364//872 402//966
f 392//933 364//871 403//967
f 403//968 364//872 392//934
f 392//969 385//970 377//970
f 377//971 385//971 392//972
f 377//970 384//935 378//935
f 378//938 384//938 377//971
f 387//923 404//973 379//903
f 379//904 404//974 387//924
f 379//903 405//975 393//939
f 393//940 405//976 379//904
f 380//941 366//875 393//939
f 393//940 366//876 380//942
f 393//977 381//905 380//905
f 380//906 381//906 393//978
f 381//905 393//977 382//977
f 382//978 393//978 381//906
f 368//879 394//943 395//945
f 395//946 394//944 368//880
f 382//977 405//979 394//979
f 394//980 405//980 382//978
f 401//957 375//895 395//945
f 395//946 375//896 401//958
f 384//935 377//970 385//970
f 385//971 377//971 384//938
f 373//891 396//947 406//981
f 406//982 396//948 373//892
f 385//970 392//969 396//969
f 396//972 392//972 385//971
f 373//891 407//983 397//949
f 397//950 407//984 373//892
f 398//951 374//893 397//949
f 397//950 374//894 398//952
f 398//960 376//959 386//959
f 386//962 376//962 398//961
f 362//867 399//953 400//955
f 400//956 399//954 362//868
f 386//959 390//963 399//963
f 399//964 390//964 386//962
f 408//985 387//923 400//955
f 400//956 387//924 408//986
f 388//987 399//963 390//963
f 390//964 399//964 388//988
f 401//989 400//987 388//987
f 388//988 400//988 401//990
f 389//960 397//991 391//991
f 391//992 397//992 389//961
f 397//991 389//960 398//960
f 398//961 389//961 397//992
f 364//871 402//965 403//967
f 403//968 402//966 364//872
f 391//991 407//993 402//993
f 402//994 407//994 391//992
f 403//995 396//969 392//969
f 392//972 396//972 403//996
f 387//923 408//985 404//973
f 404//974 408//986 387//924
f 405//975 379//903 404//973
f 404//974 379//904 405//976
f 405//979 382//977 393//977
f 393//978 382//978 405//980
f 394//979 404//997 395//997
f 395//998 404//998 394//980
f 404//997 394//979 405//979
f 405//980 394//980 404//998
f 395//997 408//989 401//989
f 401//990 408//990 395//998
f 396//969 403//995 406//995
f 406//996 403//996 396//972
f 407//983 373//891 406//981
f 406//982 373//892 407//984
f 391//991 397//991 407//993
f 407//994 397//992 391//992
f 399//963 388//987 400//987
f 400//988 388//988 399//964
f 400//987 401//989 408//989
f 408//990 401//990 400//988
f 402//993 406//995 403//995
f 403//996 406//996 402//994
f 406//995 402//993 407//993
f 407//994 402//994 406//996
f 408//989 395//997 404//997
f 404//998 395//998 408//990
